  0.0000010656
  0.0000039490
 -0.0000000998
 -0.0000002215
  0.0000021622
 -0.0000013922
  0.0000011955
  0.0000007337
 -0.0000005255
 -0.0000000314
 -0.0000015416
 -0.0000006998
  0.0000005865
  0.0000023527
 -0.0000012453
  0.0000005581
  0.0000007399
  0.0000004100
 -0.0000000438
 -0.0000004578
  0.0000012793
  0.0000002193
  0.0000017837
 -0.0000004511
 -0.0000014732
 -0.0000006532
  0.0000014966
  0.0000004458
  0.0000008704
  0.0000006829
  0.0000002873
  0.0000007179
 -0.0000026823
  0.0000007767
  0.0000004075
 -0.0000014737
 -0.0000008505
 -0.0000007914
 -0.0000010919
  0.0000042163
 -0.0000014735
  0.0000030487
  0.0000016606
  0.0000002530
 -0.0000003102
 -0.0000018808
 -0.0000026521
 -0.0000010979
 -0.0000023115
  0.0000020853
 -0.0000013211
 -0.0000012788
 -0.0000012665
  0.0000032744
 -0.0000031204
 -0.0000004559
  0.0000011192
  0.0000006243
  0.0000020602
  0.0000006766
  0.0000003620
  0.0000010138
  0.0000023737
 -0.0000012532
  0.0000010103
 -0.0000011879
  0.0000051676
  0.0000010902
  0.0000017989
  0.0000004013
 -0.0000046625
  0.0000013979
  0.0000004163
  0.0000011425
 -0.0000009374
 -0.0000070448
  0.0000115998
 -0.0000185955
  0.0000022261
 -0.0000017240
  0.0000025632
  0.0000104993
  0.0000094981
 -0.0000047237
  0.0000060651
 -0.0000174344
  0.0000089643
  0.0000088134
  0.0000108707
  0.0000291296
  0.0000007502
 -0.0000024702
  0.0000011792
  0.0000036790
  0.0000045936
  0.0000084731
  0.0000016919
  0.0000059852
  0.0000023884
 -0.0000012415
 -0.0000038582
  0.0000005481
 -0.0000036359
 -0.0000045783
  0.0000003673
  0.0000012594
  0.0000056369
 -0.0000023570
  0.0001506065
 -0.0000030216
 -0.0000159906
  0.0000203703
 -0.0000206921
  0.0000010742
  0.0000025494
  0.0000131560
 -0.0000009973
 -0.0000016618
 -0.0001620771
  0.0000019657
  0.0000043577
  0.0000074374
  0.0000044497
 -0.0000017073
  0.0000019979
  0.0000055156
 -0.0000072651
  0.0000017573
 -0.0000014358
 -0.0000025163
 -0.0001981905
  0.0000122502
  0.0000014151
 -0.0000002751
 -0.0000010282
 -0.0000068767
 -0.0000091406
  0.0000005609
 -0.0000029848
 -0.0000015346
 -0.0000018363
 -0.0000024551
 -0.0000044455
 -0.0000054638
 -0.0000020578
 -0.0000093996
 -0.0000054984
 -0.0000060127
 -0.0000030363
 -0.0000052707
 -0.0000035883
 -0.0000049125
 -0.0000079044
 -0.0000069356
 -0.0000023451
 -0.0000048520
 -0.0000018936
 -0.0000040435
 -0.0000031660
 -0.0000064402
 -0.0000016817
 -0.0000045008
 -0.0000045349
 -0.0000034933
 -0.0000028934
 -0.0000069990
 -0.0000039442
 -0.0000043870
 -0.0000042380
 -0.0000014070
 -0.0000006166
 -0.0000017239
  0.0000024088
 -0.0000009353
 -0.0000020484
  0.0000007682
  0.0000000029
 -0.0000010183
  0.0000015529
 -0.0000051175
  0.0000009560
  0.0000028516
  0.0000007649
 -0.0000014255
  0.0000016373
  0.0000126627
  0.0000017106
  0.0000034729
 -0.0000002969
  0.0000006037
  0.0000012964
  0.0000001764
 -0.0000018253
  0.0000105078
  0.0000012022
  0.0000006877
 -0.0000033828
 -0.0000008468
 -0.0000007215
  0.0000048924
 -0.0000004954
  0.0000006334
  0.0000119558
 -0.0000140116
  0.0000150854
  0.0000116897
 -0.0000329934
 -0.0000375321
 -0.0000241148
 -0.0000188614
 -0.0000129377
  0.0000088000
  0.0000162958
 -0.0000230725
  0.0000108632
  0.0000178737
 -0.0000007610
  0.0000053092
  0.0000033103
  0.0000006872
  0.0000102211
  0.0000025212
  0.0000034867
  0.0000018758
  0.0000081978
  0.0000006023
  0.0000056893
  0.0000031914
  0.0000014651
  0.0000136036
 -0.0000004411
 -0.0000031856
  0.0000014029
  0.0000004271
  0.0000077045
  0.0000031504
 -0.0000097605
  0.0000242716
  0.0000043087
  0.0000127466
  0.0000256454
  0.0000055791
  0.0000038300
 -0.0002285412
  0.0000136040
  0.0000046603
  0.0000304339
  0.0000018743
  0.0000033703
  0.0000501598
 -0.0000038868
  0.0000063883
 -0.0002335246
  0.0000186511
  0.0000016186
 -0.0000001605
  0.0000092703
  0.0000014858
  0.0000000100
 -0.0000015143
 -0.0000000443
 -0.0000015633
  0.0000001034
  0.0000031210
 -0.0000003075
  0.0000016849
 -0.0000006688
 -0.0000010191
 -0.0000000408
  0.0000022553
 -0.0000001567
  0.0000000793
 -0.0000005313
  0.0000008403
  0.0000018771
 -0.0000001422
  0.0000030207
  0.0000007246
  0.0000003173
 -0.0000046805
 -0.0000010142
  0.0000000222
 -0.0000024503
  0.0000005649
  0.0000005389
 -0.0000004752
  0.0000000100
 -0.0000010077
  0.0000006788
  0.0000001828
 -0.0000025751
 -0.0000008023
  0.0000008842
 -0.0000022778
  0.0000001572
 -0.0000027835
 -0.0000018883
  0.0000027825
  0.0000000581
  0.0000030550
 -0.0000029673
 -0.0000013624
 -0.0000000220
 -0.0000024373
 -0.0000003822
  0.0000003719
 -0.0000006362
  0.0000042301
 -0.0000005612
 -0.0000046957
 -0.0000028747
 -0.0000007190
  0.0000008514
 -0.0000020841
 -0.0000209297
  0.0000157460
 -0.0000209148
  0.0000002390
  0.0000001927
 -0.0000229076
  0.0000020290
  0.0000114435
  0.0000181768
  0.0000193255
 -0.0000178769
  0.0000064457
  0.0000099498
 -0.0000007436
  0.0000089239
  0.0000003313
 -0.0000016539
  0.0000012763
  0.0000023883
  0.0000041997
  0.0000080444
  0.0000019024
  0.0000053371
  0.0000027104
 -0.0000014774
 -0.0000032535
 -0.0000005263
 -0.0000054588
 -0.0000033431
 -0.0000042477
  0.0000013864
  0.0000040309
 -0.0000073181
 -0.0000034398
 -0.0000189724
  0.0000116253
 -0.0000209671
  0.0000008182
 -0.0000067363
  0.0000132033
 -0.0000009356
 -0.0000019399
 -0.0000402970
  0.0000038493
  0.0000049306
  0.0000031239
 -0.0000004569
  0.0000007910
  0.0000090844
 -0.0000081033
  0.0000102128
 -0.0000025342
 -0.0000029948
  0.0000040967
 -0.0000022643
 -0.0000009313
 -0.0000020810
 -0.0000073446
 -0.0000062527
 -0.0000012559
  0.0000010008
  0.0000012474
  0.0000003766
  0.0000017031
  0.0000018109
  0.0000002677
  0.0000019024
  0.0000003548
 -0.0000003697
  0.0000009656
  0.0000023151
  0.0000025009
  0.0000028418
  0.0000002663
  0.0000011658
  0.0000021598
  0.0000049988
  0.0000024721
  0.0000025111
  0.0000027386
  0.0000034043
  0.0000033864
  0.0000005127
 -0.0000004332
  0.0000011368
  0.0000022407
  0.0000002835
  0.0000031272
  0.0000001274
  0.0000004199
  0.0000002446
  0.0000034924
  0.0000029943
  0.0000001587
 -0.0000008508
  0.0000027151
  0.0000018942
  0.0000043685
 -0.0000035559
  0.0000037297
  0.0000039106
 -0.0000006087
  0.0000018716
  0.0000035534
  0.0000125031
  0.0000002452
  0.0000011467
  0.0000034642
  0.0000039043
 -0.0000001197
  0.0000008693
 -0.0000008968
  0.0000071169
  0.0000033245
  0.0000011207
  0.0000036902
  0.0000036612
  0.0000050566
  0.0000017976
 -0.0000011723
  0.0000027630
 -0.0000041864
 -0.0000125192
  0.0000041720
 -0.0000171464
 -0.0000128774
 -0.0000062124
 -0.0000061652
 -0.0000058349
 -0.0000107465
 -0.0000083487
 -0.0000073247
 -0.0000157973
 -0.0000136388
  0.0000166609
  0.0000038607
  0.0000073808
  0.0000050271
  0.0000028146
  0.0000007984
  0.0000084289
  0.0000096661
  0.0000069276
  0.0000108264
  0.0000078538
  0.0000094467
  0.0000057483
  0.0000014546
  0.0000048298
 -0.0000065126
  0.0000108298
  0.0000074391
  0.0000057500
  0.0000988043
  0.0000003257
  0.0000141156
  0.0000168130
  0.0000033702
  0.0000086731
  0.0000059348
  0.0000213195
  0.0000069226
  0.0000080139
 -0.0002693886
  0.0000180856
  0.0000037917
  0.0000412224
  0.0000032411
  0.0000031969
  0.0000673967
  0.0000015451
 -0.0000024215
  0.0000074209
  0.0000012029
 -0.0002155468
  0.0000897969
  0.0000116690
  0.0000057723
  0.0000074392
 -0.0000025262
  0.0000179938
  0.0000134350
  0.0000010613
  0.0000015854
  0.0000010161
  0.0000002353
 -0.0000031664
  0.0000031560
  0.0000029934
  0.0000006889
  0.0000018040
  0.0000003081
  0.0000000054
  0.0000008776
  0.0000022526
  0.0000027292
  0.0000027203
  0.0000031963
  0.0000002511
 -0.0000001652
  0.0000022898
  0.0000023837
  0.0000012298
  0.0000013021
 -0.0000000813
  0.0000010287
  0.0000001807
  0.0000006154
 -0.0000002814
  0.0000017561
 -0.0000011645
 -0.0000000703
 -0.0000040810
  0.0000008584
  0.0000002657
 -0.0000040595
 -0.0000033815
  0.0000017704
 -0.0000004408
  0.0000025953
 -0.0000009311
  0.0000013396
 -0.0000017394
 -0.0000007761
 -0.0000005958
  0.0000011658
  0.0000066013
 -0.0000006332
 -0.0000012722
 -0.0000027566
  0.0000015286
 -0.0000024784
  0.0000005041
 -0.0000010012
  0.0000058779
 -0.0000030729
 -0.0000013340
  0.0000013510
 -0.0000009214
  0.0000022164
 -0.0000015099
 -0.0000027007
 -0.0000002952
 -0.0000182910
  0.0000271552
 -0.0000167299
 -0.0000084494
 -0.0000056653
 -0.0000271426
  0.0000273140
  0.0000237498
  0.0000026573
  0.0000040697
 -0.0000083978
  0.0000263678
  0.0000001922
 -0.0000075413
  0.0000156454
  0.0000015567
  0.0000005212
  0.0000029170
  0.0000055661
  0.0000076639
  0.0000092242
  0.0000036368
  0.0000060619
  0.0000040867
  0.0000009458
  0.0000020047
 -0.0000005818
 -0.0000014902
 -0.0000020710
  0.0000044066
  0.0000028746
  0.0000052973
 -0.0000070760
 -0.0001144761
 -0.0000005478
  0.0000014158
  0.0000030420
 -0.0000068686
  0.0000168584
  0.0000014681
 -0.0000002223
  0.0000045997
  0.0000012143
  0.0000236037
  0.0000022811
  0.0000271659
 -0.0000064891
  0.0000107565
  0.0000000025
 -0.0001323730
 -0.0000045667
  0.0000343320
  0.0000010801
 -0.0000004893
  0.0000157710
 -0.0000105780
  0.0000008259
 -0.0000020287
  0.0000008067
 -0.0000014992
 -0.0000021315
  0.0000004466
  0.0000018091
  0.0000007452
 -0.0000006717
 -0.0000009996
 -0.0000017157
 -0.0000009220
  0.0000003139
  0.0000028734
 -0.0000000812
  0.0000017817
  0.0000010854
 -0.0000021966
 -0.0000014392
 -0.0000005661
 -0.0000021506
  0.0000025582
  0.0000014752
  0.0000011511
  0.0000011708
  0.0000011596
 -0.0000028861
 -0.0000021491
  0.0000003929
  0.0000004609
  0.0000000719
 -0.0000004414
  0.0000020656
 -0.0000004977
 -0.0000002733
 -0.0000055243
 -0.0000010157
 -0.0000052306
 -0.0000034607
 -0.0000015803
  0.0000018580
 -0.0000053054
 -0.0000008785
 -0.0000081569
  0.0000003720
 -0.0000060118
 -0.0000006096
  0.0000014608
  0.0000018904
  0.0000084320
  0.0000006526
  0.0000003945
 -0.0000074635
  0.0000017937
 -0.0000010267
 -0.0000002224
 -0.0000041165
  0.0000090082
 -0.0000066829
 -0.0000026977
 -0.0000057962
  0.0000014393
 -0.0000041842
 -0.0000033781
 -0.0000006310
 -0.0000015753
  0.0000036052
 -0.0000047464
  0.0000008733
  0.0000009495
  0.0000001657
  0.0000021736
  0.0000140647
  0.0000005809
  0.0000009464
 -0.0000028685
  0.0000036949
 -0.0000033777
  0.0000043985
  0.0000005237
  0.0000036126
  0.0000174054
  0.0000165028
  0.0000021490
  0.0000066140
  0.0000007802
  0.0000054720
  0.0000098851
  0.0000063134
  0.0000204082
  0.0000063606
  0.0000001090
  0.0000070188
  0.0000114092
  0.0000268891
  0.0000000187
  0.0000001756
  0.0000012883
  0.0000503684
  0.0000003809
 -0.0001370006
  0.0000174583
 -0.0000060900
 -0.0000027192
  0.0000031120
  0.0000252921
  0.0000226697
  0.0000048001
  0.0000026285
 -0.0000540642
  0.0000196320
  0.0000034253
  0.0000457270
 -0.0000020175
  0.0000011985
 -0.0000021215
 -0.0000266341
 -0.0000049402
 -0.0000042351
  0.0000096889
 -0.0000032813
 -0.0000238453
  0.0000892889
  0.0000276560
  0.0000012482
 -0.0000266580
 -0.0000008214
 -0.0000013400
 -0.0000156168
  0.0000284930
 -0.0000037982
 -0.0000000549
  0.0000040227
  0.0000021168
 -0.0000011578
 -0.0000002443
 -0.0000018990
  0.0000021045
  0.0000016267
 -0.0000011259
 -0.0000004050
 -0.0000011040
  0.0000008240
  0.0000013382
  0.0000007640
 -0.0000006993
 -0.0000011280
 -0.0000001706
  0.0000015330
 -0.0000004042
  0.0000028070
 -0.0000002008
  0.0000021906
  0.0000009405
  0.0000020877
  0.0000027932
  0.0000006383
 -0.0000007679
  0.0000004449
 -0.0000016902
 -0.0000018289
  0.0000021338
  0.0000015041
  0.0000004005
 -0.0000002439
 -0.0000007048
  0.0000009554
  0.0000000275
 -0.0000011656
 -0.0000036954
  0.0000007414
  0.0000004235
 -0.0000007463
 -0.0000037754
  0.0000017635
 -0.0000074707
 -0.0000018174
 -0.0000032204
 -0.0000007824
  0.0000040131
 -0.0000009066
  0.0000102476
 -0.0000018299
  0.0000009004
 -0.0000059324
 -0.0000007435
 -0.0000003699
  0.0000014677
 -0.0000027316
  0.0000074848
 -0.0000051055
 -0.0000038840
  0.0000002596
 -0.0000044144
 -0.0000024823
  0.0000017817
 -0.0000006688
  0.0000005668
 -0.0000011964
 -0.0000020733
 -0.0000001539
  0.0000011435
  0.0000006772
 -0.0000002279
 -0.0000008298
  0.0000012981
 -0.0000007537
  0.0000026877
 -0.0000088365
  0.0000006043
  0.0000063973
 -0.0000025747
  0.0000088068
  0.0000077723
  0.0000103103
  0.0000060211
  0.0000050373
 -0.0000043724
  0.0000105564
  0.0000117534
  0.0000695849
 -0.0000022358
 -0.0000037944
  0.0000092684
  0.0000590400
 -0.0000027458
 -0.0001689150
  0.0000166669
 -0.0000086851
 -0.0000058711
  0.0000017381
  0.0000075758
  0.0000164740
  0.0000051072
 -0.0000019241
  0.0000501763
  0.0000007368
  0.0000034690
 -0.0000720757
 -0.0000009046
  0.0000013822
 -0.0000008742
 -0.0001109993
 -0.0000056816
 -0.0000020208
  0.0000112372
 -0.0000017703
  0.0000446864
  0.0000364544
  0.0000147054
 -0.0000018021
 -0.0000345707
 -0.0000022384
 -0.0000013690
 -0.0000180073
  0.0000306138
 -0.0000047317
  0.0000019576
  0.0000025129
 -0.0000003157
  0.0000012379
  0.0000041969
  0.0000041137
  0.0000008227
  0.0000011370
  0.0000040493
  0.0000018080
  0.0000062598
  0.0000027743
  0.0000051351
  0.0000023371
  0.0000048785
  0.0000030847
  0.0000038251
  0.0000034779
  0.0000041352
  0.0000035102
  0.0000046412
  0.0000041404
  0.0000031007
  0.0000024887
  0.0000033378
  0.0000029813
  0.0000019213
  0.0000054731
  0.0000012299
  0.0000054708
  0.0000029131
  0.0000017054
 -0.0000044043
  0.0000003614
  0.0000022756
  0.0000000944
 -0.0000005425
 -0.0000041380
 -0.0000002058
  0.0000015250
 -0.0000048933
 -0.0000042605
 -0.0000001427
 -0.0000052017
 -0.0000001199
  0.0000007350
 -0.0000033726
 -0.0000011689
 -0.0000015880
  0.0000114151
 -0.0000012602
  0.0000045679
 -0.0000034993
 -0.0000027957
  0.0000024818
  0.0000025381
 -0.0000028002
  0.0000064066
 -0.0000030771
  0.0000011284
  0.0000035333
 -0.0000040002
  0.0000045678
  0.0000014322
  0.0000010339
 -0.0000027813
  0.0000115812
 -0.0000229371
  0.0000028049
  0.0000037613
  0.0000081065
  0.0000027967
 -0.0000000560
 -0.0000154797
 -0.0000022744
  0.0000009626
  0.0000033985
 -0.0000289435
  0.0000060012
  0.0000053151
 -0.0000073638
  0.0000026919
 -0.0000005690
 -0.0000033150
  0.0000044211
  0.0000083727
 -0.0000020876
  0.0000036405
  0.0000102296
  0.0000038431
  0.0000026614
  0.0000078763
 -0.0000009147
  0.0000127789
  0.0000102339
  0.0000170132
  0.0000001578
 -0.0000007759
  0.0000153687
  0.0000466233
  0.0000003182
 -0.0000769340
  0.0000083659
  0.0000036530
  0.0000115477
  0.0000219178
  0.0000031200
  0.0000022858
 -0.0001854957
  0.0000248855
  0.0000030551
  0.0000717754
 -0.0000014204
  0.0000021365
  0.0000438705
 -0.0000032481
 -0.0000044646
  0.0000002270
 -0.0000016804
 -0.0000670823
  0.0001252107
  0.0000150469
  0.0000015147
 -0.0000007623
  0.0000001234
 -0.0000032601
  0.0000311925
  0.0000004134
 -0.0000010278
 -0.0000007482
  0.0000042886
 -0.0000014392
 -0.0000010196
 -0.0000024973
 -0.0000047095
 -0.0000011617
  0.0000003292
 -0.0000035210
  0.0000008079
 -0.0000000088
 -0.0000039729
 -0.0000031526
  0.0000036022
 -0.0000019559
  0.0000007006
 -0.0000005174
  0.0000005107
 -0.0000013456
 -0.0000023868
  0.0000003655
  0.0000044902
 -0.0000019938
  0.0000000239
 -0.0000027135
 -0.0000002666
 -0.0000024368
 -0.0000046464
  0.0000034109
 -0.0000022408
  0.0000017010
  0.0000029612
 -0.0000002039
  0.0000038555
  0.0000074447
  0.0000016420
 -0.0000001059
  0.0000052090
  0.0000026097
 -0.0000002494
 -0.0000017836
  0.0000022253
  0.0000012289
 -0.0000062334
 -0.0000008834
  0.0000026539
 -0.0000130176
 -0.0000021274
  0.0000025357
  0.0000218006
 -0.0000008528
  0.0000022864
 -0.0000068041
  0.0000011918
  0.0000016168
  0.0000061364
 -0.0000038912
  0.0000052058
 -0.0000059323
  0.0000021510
 -0.0000001815
  0.0000060211
 -0.0000012745
 -0.0000001040
  0.0000030612
 -0.0000094290
 -0.0000006359
 -0.0000041736
 -0.0000075075
 -0.0000029374
 -0.0000013209
 -0.0000025417
  0.0000030454
  0.0001086596
  0.0001072891
 -0.0000133451
 -0.0000131028
 -0.0000003997
  0.0000121090
 -0.0000147176
  0.0000383215
  0.0001284649
 -0.0000099542
 -0.0000126281
 -0.0000260178
  0.0001056082
 -0.0000906559
 -0.0000138943
 -0.0000005774
 -0.0000034151
  0.0001879259
 -0.0000129220
 -0.0001292370
 -0.0000066224
 -0.0000161692
 -0.0000127848
 -0.0000060176
  0.0000808866
  0.0000262534
  0.0000050294
 -0.0000044439
 -0.0000038290
 -0.0000136251
  0.0000071568
 -0.0001268006
  0.0000030957
 -0.0000005580
  0.0000029805
 -0.0001488244
 -0.0000109511
 -0.0000146612
  0.0000366385
 -0.0000001788
  0.0000027120
  0.0000047201
  0.0000394375
 -0.0000027699
 -0.0000985974
 -0.0000088949
  0.0000004718
 -0.0000269355
  0.0001027029
 -0.0000044154
 -0.0000137441
 -0.0000015947
 -0.0000035220
 -0.0000020182
 -0.0000000899
 -0.0000026139
 -0.0000004508
 -0.0000017305
 -0.0000014302
 -0.0000016564
 -0.0000014342
  0.0000000740
 -0.0000022864
 -0.0000007626
  0.0000001637
  0.0000002309
 -0.0000018101
 -0.0000004625
 -0.0000004747
  0.0000003865
 -0.0000015331
 -0.0000020097
  0.0000011789
 -0.0000002801
 -0.0000050504
 -0.0000032899
  0.0000009602
 -0.0000035317
 -0.0000046279
 -0.0000027418
 -0.0000005682
  0.0000015975
 -0.0000051242
 -0.0000007392
  0.0000009231
 -0.0000021466
  0.0000014292
 -0.0000000070
  0.0000052153
 -0.0000032458
 -0.0000002300
 -0.0000036546
  0.0000010338
 -0.0000010486
 -0.0000005382
 -0.0000027191
  0.0000020994
 -0.0000026279
 -0.0000016448
 -0.0000007634
  0.0000004183
 -0.0000016511
 -0.0000042741
  0.0000035097
  0.0000131549
  0.0000056819
  0.0000146650
 -0.0000098891
  0.0000026078
 -0.0000000562
 -0.0000021710
  0.0000008272
 -0.0000006201
  0.0000164497
 -0.0000011411
 -0.0000036433
 -0.0000111409
  0.0000235976
 -0.0000064908
 -0.0000018674
 -0.0000037197
 -0.0000061685
 -0.0000019407
  0.0000090623
 -0.0000038684
 -0.0000005298
  0.0000021875
 -0.0000026657
 -0.0000047688
  0.0000031180
 -0.0000052595
 -0.0000059354
 -0.0000033006
 -0.0000027183
 -0.0000017552
 -0.0000046147
 -0.0000391687
 -0.0000067743
  0.0000119622
 -0.0000059743
  0.0000340241
  0.0000017539
  0.0000099180
  0.0000120899
  0.0000002231
  0.0000010842
  0.0000020363
  0.0000018273
 -0.0000020998
 -0.0000081790
  0.0000009254
 -0.0000385187
 -0.0002384168
  0.0000035937
  0.0000450444
 -0.0000030673
 -0.0000036683
  0.0000062562
 -0.0000003848
 -0.0000017104
 -0.0000028986
 -0.0000026727
  0.0000010342
 -0.0000000944
 -0.0000027368
  0.0000000337
  0.0000004938
  0.0000024890
  0.0000047861
  0.0000017635
  0.0000023722
 -0.0000009357
  0.0000007029
 -0.0000017018
  0.0000025016
  0.0000007447
 -0.0000007677
  0.0000032295
 -0.0000003117
 -0.0000002124
 -0.0000005916
 -0.0000019299
  0.0000010624
  0.0000002106
  0.0000027800
  0.0000041378
  0.0000022059
 -0.0000030258
  0.0000028568
  0.0000023503
  0.0000000769
  0.0000026951
 -0.0000051640
 -0.0000007082
 -0.0000007496
 -0.0000026329
  0.0000040054
 -0.0000003575
 -0.0000023265
 -0.0000012611
 -0.0000009538
 -0.0000019913
 -0.0000035390
 -0.0000000109
 -0.0000024758
 -0.0000011267
 -0.0000046404
 -0.0000034471
 -0.0000045166
 -0.0000004187
  0.0000020213
 -0.0000029933
  0.0000002103
  0.0000012049
  0.0000081162
 -0.0000036553
 -0.0000011318
  0.0000021680
  0.0000011992
 -0.0000025847
 -0.0000023111
 -0.0000060853
  0.0000072073
  0.0000019998
 -0.0000015427
 -0.0000008205
 -0.0000015680
  0.0000035588
  0.0000006637
 -0.0000020533
  0.0000043155
 -0.0000015574
  0.0000005353
 -0.0000046627
  0.0000003239
 -0.0000007503
 -0.0000107812
 -0.0000032341
 -0.0000035923
  0.0000051641
  0.0000036101
  0.0000009848
  0.0000032342
  0.0000095056
 -0.0000065940
 -0.0000044086
  0.0000016101
 -0.0000024233
  0.0000098062
  0.0000014457
  0.0000048893
  0.0000056029
 -0.0000006753
  0.0000046042
  0.0000026430
  0.0000014576
 -0.0000107084
 -0.0000070248
  0.0000123359
  0.0000060268
  0.0000041813
 -0.0000120938
 -0.0000011954
  0.0000566768
 -0.0000062765
 -0.0000923945
  0.0000066037
 -0.0000119240
 -0.0000111996
  0.0000072836
 -0.0000047989
  0.0000204952
  0.0000041873
  0.0000031817
 -0.0001173841
  0.0000155520
  0.0000015127
  0.0000672406
 -0.0000002966
  0.0000017981
 -0.0000026335
  0.0000415074
 -0.0000042371
  0.0000001983
  0.0000099399
 -0.0000011311
 -0.0000549721
  0.0000843033
  0.0000005452
  0.0000006428
 -0.0000065780
  0.0000039303
 -0.0000012593
 -0.0000225072
  0.0000224112
 -0.0000031814
  0.0000046385
  0.0000001080
  0.0000000212
 -0.0000034505
 -0.0000006967
  0.0000001242
  0.0000013810
 -0.0000004409
  0.0000016304
  0.0000009551
 -0.0000003519
 -0.0000014762
 -0.0000001427
 -0.0000005171
  0.0000009863
  0.0000010156
 -0.0000010631
  0.0000021282
 -0.0000016982
 -0.0000000777
 -0.0000004330
  0.0000013111
  0.0000018402
 -0.0000001871
  0.0000010979
 -0.0000021132
  0.0000012626
  0.0000008322
  0.0000000956
 -0.0000017750
 -0.0000011327
  0.0000000921
  0.0000016735
 -0.0000029210
 -0.0000010384
 -0.0000008794
  0.0000010504
 -0.0000004910
  0.0000029764
 -0.0000030071
  0.0000010110
 -0.0000010529
 -0.0000023321
 -0.0000033170
 -0.0000002206
  0.0000095053
  0.0000020329
 -0.0000020864
 -0.0000008707
 -0.0000001747
  0.0000016678
  0.0000147248
  0.0000034094
  0.0000002384
 -0.0000039028
  0.0000003884
 -0.0000030172
 -0.0000006996
 -0.0000009684
  0.0000174845
 -0.0000029940
 -0.0000042774
 -0.0000029774
  0.0000008852
  0.0000026651
  0.0000022889
 -0.0000016817
  0.0000029032
  0.0000019068
  0.0000043828
  0.0000015599
 -0.0000001696
  0.0000025658
 -0.0000025519
  0.0000009520
 -0.0000006089
 -0.0000023055
  0.0000451962
  0.0000714378
  0.0000207415
 -0.0000004621
  0.0000110075
 -0.0000087326
 -0.0000039801
 -0.0000076984
  0.0000398341
 -0.0000017565
 -0.0000092298
  0.0000169536
  0.0000222451
 -0.0001424446
  0.0000049999
  0.0000208915
  0.0000228661
  0.0001327538
 -0.0000080063
 -0.0002025463
  0.0000061636
 -0.0000097235
 -0.0000035287
  0.0000229057
  0.0000266659
  0.0000271839
  0.0000042240
 -0.0000006133
  0.0000386890
 -0.0000182755
  0.0000025069
 -0.0002310856
  0.0000048059
  0.0000024143
  0.0000020585
 -0.0002210522
  0.0000021912
 -0.0000054184
  0.0000009076
 -0.0000016463
  0.0000845467
  0.0000387306
  0.0000108973
  0.0000110935
 -0.0000253414
  0.0000219325
 -0.0000022833
 -0.0000253834
  0.0000570497
 -0.0000020740
 -0.0000038073
 -0.0000021438
 -0.0000018017
 -0.0000029679
 -0.0000048922
 -0.0000025565
 -0.0000038405
 -0.0000044672
 -0.0000001866
 -0.0000016850
 -0.0000016739
 -0.0000022085
 -0.0000016986
 -0.0000020695
 -0.0000009015
 -0.0000020846
 -0.0000023458
 -0.0000022585
 -0.0000018541
 -0.0000043446
 -0.0000021926
 -0.0000022913
 -0.0000050037
 -0.0000028507
 -0.0000020702
 -0.0000018767
 -0.0000036550
 -0.0000033536
 -0.0000012518
 -0.0000045197
 -0.0000003371
 -0.0000037410
 -0.0000017935
 -0.0000047373
 -0.0000057298
 -0.0000019913
 -0.0000025516
 -0.0000014795
 -0.0000010443
  0.0000004905
 -0.0000002757
 -0.0000073483
 -0.0000046859
 -0.0000032635
  0.0000042784
 -0.0000088757
 -0.0000013502
 -0.0000015717
 -0.0000085171
 -0.0000006375
 -0.0000022452
  0.0000225449
 -0.0000015058
 -0.0000033139
 -0.0000131071
 -0.0000040774
 -0.0000068349
 -0.0000013025
 -0.0000016884
  0.0000057442
 -0.0000118252
 -0.0000057438
 -0.0000035064
  0.0000012291
 -0.0000008801
 -0.0000055789
  0.0000010946
 -0.0000036044
  0.0000090289
  0.0000010971
 -0.0000049641
  0.0000059655
  0.0000018433
 -0.0000037951
 -0.0000039242
 -0.0000057002
 -0.0000007229
 -0.0000076643
 -0.0000056645
  0.0000047286
  0.0000008044
  0.0000232651
  0.0000381125
  0.0000144971
 -0.0000050769
 -0.0000025421
 -0.0000037818
 -0.0000074766
 -0.0000042910
  0.0000215565
 -0.0000055700
 -0.0000114935
  0.0000394704
  0.0000128399
  0.0000112647
  0.0000043972
  0.0000118460
  0.0000411496
  0.0001060477
 -0.0000080367
 -0.0001411813
  0.0000071865
 -0.0000066514
  0.0000169108
  0.0000184665
  0.0000273548
 -0.0000011796
 -0.0000011664
  0.0000595369
 -0.0000129188
  0.0000006558
 -0.0001080728
  0.0000000160
 -0.0000013194
 -0.0000021153
 -0.0001127093
 -0.0000050121
 -0.0000094006
  0.0000011997
 -0.0000019153
  0.0000357625
  0.0000284149
  0.0000123299
 -0.0000007145
 -0.0000612287
  0.0000163619
  0.0000016395
 -0.0000231563
  0.0000466794
 -0.0000059168
 -0.0000077362
  0.0000045631
 -0.0000005308
  0.0000005581
 -0.0000012515
  0.0000012585
  0.0000020921
  0.0000012778
  0.0000005811
  0.0000000048
  0.0000007912
 -0.0000019014
 -0.0000022826
 -0.0000019928
  0.0000020383
  0.0000009118
  0.0000003766
 -0.0000006970
  0.0000006530
 -0.0000008264
 -0.0000007928
 -0.0000010500
 -0.0000000927
 -0.0000026632
  0.0000019617
  0.0000000963
  0.0000018006
  0.0000005656
 -0.0000033361
  0.0000014138
 -0.0000020726
 -0.0000001283
 -0.0000008437
 -0.0000011787
 -0.0000038162
  0.0000021151
 -0.0000014874
  0.0000018891
 -0.0000020103
 -0.0000009112
 -0.0000002983
 -0.0000002310
  0.0000014246
  0.0000014586
 -0.0000035579
  0.0000009164
 -0.0000035558
 -0.0000030831
 -0.0000036280
  0.0000022142
 -0.0000070482
  0.0000023209
  0.0000001962
 -0.0000007906
  0.0000008927
 -0.0000000603
  0.0000103555
 -0.0000009909
 -0.0000019226
 -0.0000036211
  0.0000002630
 -0.0000030204
  0.0000014312
  0.0000008551
  0.0000069112
 -0.0000025696
 -0.0000041950
  0.0000012088
 -0.0000044073
  0.0000003111
  0.0000029056
 -0.0000005931
  0.0000071582
  0.0000035872
  0.0000037959
 -0.0000006255
  0.0000050258
 -0.0000049713
  0.0000031801
  0.0000004510
 -0.0000021292
  0.0000046552
  0.0000034522
 -0.0000066390
  0.0000087856
 -0.0000030220
  0.0000122137
  0.0000067252
  0.0000161301
  0.0000066147
  0.0000076217
 -0.0000053762
  0.0000300580
  0.0000088304
  0.0000105053
  0.0000009764
 -0.0000012790
  0.0000362488
  0.0000927808
 -0.0000031956
 -0.0001304905
  0.0000207443
 -0.0000105814
 -0.0000085969
 -0.0000047145
  0.0000109471
  0.0000177468
  0.0000055587
 -0.0000004359
  0.0000326353
 -0.0000004059
  0.0000008244
 -0.0000763417
 -0.0000007111
 -0.0000010390
 -0.0000008641
 -0.0000969303
 -0.0000055534
 -0.0000037220
  0.0000095340
 -0.0000014271
  0.0000453371
  0.0000296684
  0.0000131282
 -0.0000020706
 -0.0000618920
 -0.0000067576
 -0.0000011839
 -0.0000183699
  0.0000272132
 -0.0000044629
 -0.0000009262
 -0.0000005416
  0.0000018902
 -0.0000017719
  0.0000008174
  0.0000002817
  0.0000001601
  0.0000002180
  0.0000022058
  0.0000017916
  0.0000008333
 -0.0000005491
  0.0000021978
  0.0000019123
  0.0000019123
  0.0000006350
  0.0000006832
  0.0000001408
  0.0000018125
 -0.0000003049
  0.0000011742
  0.0000010161
  0.0000002805
  0.0000016726
  0.0000020770
  0.0000025351
 -0.0000002626
 -0.0000009005
  0.0000006521
  0.0000001858
  0.0000014654
  0.0000013169
 -0.0000026437
 -0.0000016689
  0.0000004613
 -0.0000013654
  0.0000005764
  0.0000009342
  0.0000008076
 -0.0000053178
  0.0000004803
  0.0000001705
 -0.0000047072
 -0.0000029571
  0.0000001107
 -0.0000009440
  0.0000018085
 -0.0000078959
  0.0000012416
 -0.0000014039
 -0.0000034050
  0.0000007801
  0.0000055717
  0.0000083778
 -0.0000014780
  0.0000028508
 -0.0000036600
  0.0000053847
  0.0000005722
  0.0000017353
  0.0000009801
  0.0000042522
 -0.0000037836
  0.0000024713
  0.0000007383
  0.0000000617
 -0.0000015453
 -0.0000039252
 -0.0000040494
 -0.0000163612
  0.0000124997
 -0.0000018924
  0.0000029391
  0.0000023083
  0.0000041691
 -0.0000011550
 -0.0000009094
 -0.0000086296
 -0.0000064099
  0.0000054391
  0.0000099945
 -0.0000026009
 -0.0000028624
 -0.0000033897
 -0.0000000723
 -0.0000054019
 -0.0000068439
  0.0000047666
 -0.0000019973
  0.0000057752
  0.0000016111
  0.0000028811
  0.0000047338
 -0.0000045951
  0.0000035400
  0.0000025886
  0.0000061208
 -0.0000044897
 -0.0000058430
  0.0000045190
  0.0000035894
  0.0000032543
  0.0000553003
 -0.0000040988
  0.0000281330
  0.0000180099
  0.0000114136
 -0.0000004932
  0.0000002341
  0.0000071167
  0.0000169581
  0.0000030545
  0.0000047051
 -0.0002516288
  0.0000172399
  0.0000011113
  0.0000483097
  0.0000013321
 -0.0000022620
  0.0000004765
  0.0000889361
 -0.0000017614
 -0.0000028584
 -0.0000037928
 -0.0000026999
 -0.0001886576
  0.0001508734
  0.0000146680
 -0.0000004113
  0.0000014052
 -0.0000012207
 -0.0000058268
 -0.0000081016
  0.0000159190
 -0.0000092219
 -0.0000054581
 -0.0000007565
  0.0000005202
  0.0000004765
 -0.0000020739
  0.0000022564
  0.0000022404
  0.0000022293
  0.0000012704
  0.0000010057
 -0.0000009605
 -0.0000014062
 -0.0000009013
  0.0000013719
  0.0000026474
  0.0000007144
  0.0000001212
 -0.0000016016
  0.0000000216
  0.0000002601
  0.0000022962
  0.0000036878
  0.0000011255
  0.0000014876
  0.0000001885
  0.0000010869
 -0.0000034349
 -0.0000013654
 -0.0000005926
 -0.0000004957
 -0.0000002052
 -0.0000000268
 -0.0000010118
 -0.0000010379
 -0.0000039531
  0.0000005240
  0.0000032831
 -0.0000038865
 -0.0000029119
 -0.0000007096
  0.0000029045
  0.0000049686
 -0.0000058958
  0.0000022030
  0.0000023813
  0.0000021584
 -0.0000002789
 -0.0000001371
  0.0000151665
 -0.0000003751
 -0.0000003599
  0.0000026802
 -0.0000001698
 -0.0000015465
  0.0000002076
 -0.0000030615
  0.0000100187
  0.0000026895
 -0.0000041284
  0.0000033426
  0.0000006703
  0.0000046924
 -0.0000023017
  0.0000013991
 -0.0000218400
  0.0000146753
 -0.0000123767
  0.0000116691
  0.0000056694
  0.0000076125
  0.0000017886
  0.0000018354
 -0.0000005102
  0.0000055060
 -0.0000062570
  0.0000128075
 -0.0000047394
  0.0000042856
  0.0000032773
  0.0000052030
  0.0000083588
  0.0000044414
  0.0000125962
  0.0000043401
  0.0000053246
  0.0000093531
  0.0000072340
  0.0000087535
  0.0000103593
  0.0000048761
  0.0000024696
 -0.0000038591
  0.0000168238
  0.0000050522
  0.0000082003
  0.0000023928
  0.0000013859
  0.0000377758
  0.0000049473
 -0.0000706156
  0.0000140545
 -0.0000042142
  0.0000115778
 -0.0000001783
  0.0000276512
  0.0000031084
  0.0000047214
 -0.0001961281
  0.0000197475
  0.0000026018
  0.0000604362
  0.0000054075
  0.0000002319
  0.0000066990
  0.0000401741
 -0.0000009789
  0.0000045015
  0.0000157134
  0.0000024244
 -0.0000727957
  0.0000891038
  0.0000058447
  0.0000024424
 -0.0000016559
  0.0000083974
 -0.0000002257
 -0.0000279104
  0.0000277022
  0.0000085248
 -0.0000018669
 -0.0000034964
 -0.0000018612
 -0.0000009439
 -0.0000043047
 -0.0000031216
 -0.0000002211
  0.0000014706
  0.0000031392
 -0.0000000777
 -0.0000019380
  0.0000003434
  0.0000025101
 -0.0000010757
  0.0000020044
 -0.0000016753
 -0.0000026780
 -0.0000010444
  0.0000004610
  0.0000015858
 -0.0000024938
  0.0000026079
 -0.0000012837
 -0.0000013239
 -0.0000009830
 -0.0000013287
 -0.0000020046
 -0.0000001447
 -0.0000059979
 -0.0000037571
 -0.0000033663
 -0.0000019669
 -0.0000008089
 -0.0000023496
 -0.0000007036
 -0.0000019882
 -0.0000040942
 -0.0000006426
 -0.0000061037
 -0.0000026327
 -0.0000013773
 -0.0000025413
 -0.0000066543
 -0.0000047218
 -0.0000016590
  0.0000031694
 -0.0000052285
 -0.0000084006
 -0.0000030534
 -0.0000011072
  0.0000103012
 -0.0000023790
  0.0000005531
 -0.0000075068
 -0.0000011323
 -0.0000028165
  0.0000008444
 -0.0000003793
  0.0000062511
 -0.0000061488
 -0.0000061369
 -0.0000062653
 -0.0000020480
 -0.0000013682
 -0.0000012628
 -0.0000075317
  0.0000063890
  0.0000055407
 -0.0000014963
 -0.0000014620
  0.0000052934
  0.0000027978
  0.0000003258
 -0.0000105574
  0.0000120589
  0.0000143841
 -0.0000011067
  0.0000026760
 -0.0000005191
  0.0000153321
 -0.0000038804
  0.0000142386
  0.0000138636
  0.0000005419
 -0.0000149184
  0.0000489255
  0.0000095400
  0.0000063517
  0.0000155191
  0.0000116824
  0.0000549174
  0.0000958708
 -0.0000073568
 -0.0001312283
  0.0000198683
 -0.0000129153
 -0.0000111254
 -0.0000050275
  0.0000177482
  0.0000190009
  0.0000003089
 -0.0000035745
  0.0000620577
 -0.0000019187
 -0.0000027478
 -0.0000769786
  0.0000014415
 -0.0000025386
 -0.0000018896
 -0.0000975420
 -0.0000026442
 -0.0000087020
  0.0000087682
 -0.0000051713
  0.0000372976
  0.0000201729
  0.0000128268
  0.0000031987
 -0.0000585851
  0.0000047229
 -0.0000073366
 -0.0000159233
  0.0000329376
 -0.0000056694
 -0.0000100059
 -0.0000026000
  0.0000013176
 -0.0000008167
 -0.0000025629
 -0.0000004538
 -0.0000034445
 -0.0000016505
  0.0000019013
 -0.0000021186
  0.0000011826
 -0.0000005422
 -0.0000004393
  0.0000005949
  0.0000017037
 -0.0000004694
  0.0000017927
  0.0000004701
  0.0000007871
 -0.0000036628
  0.0000013372
  0.0000006385
 -0.0000011410
  0.0000001979
 -0.0000021374
 -0.0000006239
 -0.0000002980
 -0.0000011210
 -0.0000022806
  0.0000000964
  0.0000009870
 -0.0000091203
 -0.0000028575
 -0.0000050323
 -0.0000079295
 -0.0000018362
 -0.0000032796
 -0.0000055712
 -0.0000028284
 -0.0000048183
 -0.0000012486
 -0.0000056320
 -0.0000067601
 -0.0000040086
  0.0000006319
  0.0000115719
 -0.0000037251
  0.0000014973
 -0.0000066603
 -0.0000006795
 -0.0000006714
  0.0000024130
 -0.0000042803
  0.0000053413
 -0.0000055181
 -0.0000003049
  0.0000004971
 -0.0000052056
  0.0000028295
 -0.0000003410
 -0.0000064882
 -0.0000058775
  0.0000014731
  0.0000023020
  0.0000136113
  0.0000105932
 -0.0000043836
 -0.0000040244
  0.0000007676
  0.0000014976
 -0.0000080792
 -0.0000027320
  0.0000069464
  0.0000000011
  0.0000018806
  0.0000042476
  0.0000213560
 -0.0000070327
  0.0000107683
  0.0000026274
 -0.0000014408
  0.0000110563
 -0.0000033978
  0.0000112539
  0.0000059545
  0.0000128028
  0.0000132510
  0.0000099563
 -0.0000090335
  0.0000088233
  0.0000171187
  0.0000315978
 -0.0000008516
  0.0000052771
  0.0000135276
  0.0000476671
 -0.0000010637
 -0.0001610051
  0.0000195235
 -0.0000048024
  0.0000008403
  0.0000140872
  0.0000180580
  0.0000015741
  0.0000000569
 -0.0000433488
  0.0000063186
  0.0000041315
 -0.0000057996
 -0.0000006947
  0.0000003051
 -0.0000007109
 -0.0000572358
 -0.0000045200
 -0.0000016945
  0.0000149383
 -0.0000045227
 -0.0000167472
  0.0000939896
  0.0000201522
  0.0000023172
 -0.0000256632
 -0.0000025433
 -0.0000058329
 -0.0000144798
  0.0000329965
  0.0000014321
  0.0000000102
  0.0000028863
  0.0000012834
 -0.0000004993
  0.0000030558
  0.0000031335
  0.0000024544
  0.0000001176
  0.0000015255
  0.0000002372
  0.0000017372
  0.0000020767
  0.0000025740
  0.0000012742
  0.0000033241
  0.0000026094
  0.0000033431
 -0.0000005494
  0.0000019723
  0.0000017767
  0.0000004085
 -0.0000004201
  0.0000001783
 -0.0000032679
 -0.0000001821
 -0.0000028442
 -0.0000028572
 -0.0000008298
 -0.0000003469
 -0.0000029433
 -0.0000007017
 -0.0000000427
  0.0000014335
 -0.0000000239
 -0.0000007253
  0.0000017548
  0.0000015092
  0.0000078322
 -0.0000009618
  0.0000013307
 -0.0000004853
  0.0000007196
 -0.0000002374
  0.0000012147
 -0.0000015890
  0.0000085771
 -0.0000003576
 -0.0000020241
  0.0000024231
 -0.0000028749
  0.0000010404
  0.0000016905
 -0.0000015645
 -0.0000002144
  0.0000015388
 -0.0000029511
  0.0000038558
  0.0000021346
  0.0000079995
  0.0000327768
 -0.0000064273
 -0.0000101494
 -0.0000014618
  0.0000195468
  0.0000039604
 -0.0000073673
  0.0000189909
  0.0000091137
 -0.0000016527
  0.0000074338
 -0.0000013764
  0.0000008067
 -0.0000009649
  0.0000033580
  0.0000072405
  0.0000007854
  0.0000102390
 -0.0000017434
  0.0000023804
  0.0000100222
  0.0000051982
 -0.0000006174
 -0.0000048015
 -0.0000015039
  0.0000005183
  0.0000047352
 -0.0000016966
 -0.0000753531
 -0.0000004217
  0.0000147601
  0.0000032947
 -0.0000006270
  0.0000205990
  0.0000076977
  0.0000036547
  0.0000166261
  0.0000005203
  0.0000314111
 -0.0000079035
  0.0000032629
 -0.0002088306
  0.0000083392
  0.0000350829
 -0.0000003158
 -0.0000002311
  0.0000141444
 -0.0000008401
  0.0000007891
  0.0000029087
  0.0000005753
  0.0000018304
  0.0000003064
 -0.0000002881
  0.0000017210
  0.0000014520
  0.0000005682
 -0.0000028360
  0.0000001677
  0.0000005196
  0.0000001243
  0.0000006425
  0.0000005736
 -0.0000021639
  0.0000024393
 -0.0000003849
  0.0000007887
 -0.0000041526
  0.0000013877
  0.0000054607
 -0.0000002739
 -0.0000042922
  0.0000008636
  0.0000003089
 -0.0000013737
 -0.0000024202
  0.0000009870
  0.0000009912
  0.0000017379
 -0.0000021173
  0.0000016351
  0.0000007822
  0.0000025852
 -0.0000023163
 -0.0000036875
 -0.0000049138
 -0.0000024914
 -0.0000122667
 -0.0000346483
 -0.0000209501
 -0.0000215834
 -0.0000166116
 -0.0000075675
  0.0000258043
 -0.0000176170
 -0.0000148975
  0.0000010821
  0.0000087662
  0.0000050379
  0.0000036316
  0.0000035994
  0.0000092959
  0.0000075129
  0.0000026111
  0.0000041973
  0.0000036641
  0.0000014913
  0.0000048138
  0.0000112361
  0.0000047692
  0.0000017292
  0.0000014307
  0.0000046290
  0.0000047570
  0.0000033066
  0.0000014958
 -0.0000126718
  0.0000063349
  0.0000260359
 -0.0000151026
 -0.0000059179
  0.0000132437
  0.0000073911
  0.0000092774
  0.0000061611
  0.0000096336
  0.0000119001
  0.0000024711
  0.0000100261
 -0.0000052475
  0.0000062644
 -0.0000018738
  0.0000178670
  0.0000266371
 -0.0000060533
 -0.0000022664
  0.0000388945
 -0.0000020748
 -0.0000002103
 -0.0000054299
  0.0000058487
 -0.0000041748
  0.0000023154
  0.0000014502
 -0.0000002320
 -0.0000003581
  0.0000039297
  0.0000011502
  0.0000021052
  0.0000031519
  0.0000006848
  0.0000003173
 -0.0000032498
 -0.0000005239
 -0.0000029677
 -0.0000017200
 -0.0000010562
 -0.0000011530
 -0.0000014482
 -0.0000009583
 -0.0000002101
  0.0000001705
 -0.0000030833
 -0.0000180839
  0.0000015184
 -0.0000116138
 -0.0000171130
 -0.0000059432
 -0.0000087681
  0.0000110966
 -0.0000039775
 -0.0000148154
 -0.0000070043
  0.0000021974
 -0.0000044799
 -0.0000032006
 -0.0000159197
 -0.0000002795
 -0.0000021851
  0.0000017962
  0.0000008141
 -0.0000002111
  0.0000040130
  0.0000010684
 -0.0000010477
 -0.0000002359
  0.0000030602
 -0.0000032665
  0.0000011735
 -0.0000023435
  0.0000005949
  0.0000413646
 -0.0000069950
 -0.0000152105
  0.0000167954
 -0.0000054564
  0.0000004957
 -0.0000062598
  0.0000028168
  0.0000114850
 -0.0000027877
 -0.0000027597
 -0.0000128483
 -0.0000145891
 -0.0000015011
  0.0000044231
  0.0000013676
 -0.0000036414
 -0.0000092188
 -0.0000104055
  0.0000128392
  0.0000036204
  0.0000103583
  0.0000049355
 -0.0000021596
 -0.0000019709
  0.0000133503
  0.0000193071
 -0.0000015748
 -0.0000051448
 -0.0000040378
 -0.0000095784
  0.0000019500
 -0.0000164473
  0.0000010738
  0.0000020698
  0.0000028447
  0.0000020505
  0.0000041533
  0.0000018425
  0.0000013483
  0.0000027881
  0.0000027075
  0.0000029380
 -0.0000018045
  0.0000005615
  0.0000033583
  0.0000027071
  0.0000025204
  0.0000008108
 -0.0000006747
 -0.0000019858
  0.0000027887
 -0.0000000551
  0.0000013230
 -0.0000027488
  0.0000040035
  0.0000080173
  0.0000012112
 -0.0000030862
  0.0000037654
  0.0000026069
  0.0000012257
 -0.0000002765
 -0.0000014128
  0.0000005795
  0.0000036105
  0.0000038413
  0.0000018213
 -0.0000006776
  0.0000040234
  0.0000026180
 -0.0000011299
 -0.0000033017
 -0.0000057262
  0.0000064514
  0.0000040056
 -0.0000215231
  0.0000297941
  0.0000224406
  0.0000173895
  0.0000052025
 -0.0000024430
 -0.0000051069
  0.0000110180
  0.0000037299
 -0.0000187394
 -0.0000109553
  0.0000036385
 -0.0000023506
 -0.0000019930
  0.0000002783
  0.0000015878
  0.0000038426
  0.0000013446
  0.0000038180
 -0.0000017192
  0.0000025284
  0.0000068777
 -0.0000005441
 -0.0000022097
  0.0000008247
 -0.0000042903
  0.0000005195
  0.0000013915
 -0.0000044588
 -0.0000338245
 -0.0000015090
  0.0000195301
  0.0000279778
 -0.0000137208
 -0.0000099142
  0.0000075573
  0.0000102571
  0.0000085026
  0.0000236292
  0.0000102554
  0.0000009957
  0.0000133096
 -0.0000004465
  0.0000135418
  0.0000020216
  0.0000027340
  0.0000014905
 -0.0000019545
  0.0000300064
 -0.0000086508
  0.0000185532
 -0.0000022207
 -0.0000050047
 -0.0000172801
  0.0000104741
 -0.0000049477
  0.0000025830
  0.0000023192
  0.0000008979
  0.0000020093
  0.0000018360
  0.0000012887
  0.0000005886
  0.0000028067
  0.0000016731
  0.0000005997
 -0.0000005280
 -0.0000043005
 -0.0000034340
  0.0000018260
 -0.0000007597
  0.0000016191
 -0.0000008277
 -0.0000051994
 -0.0000029576
 -0.0000024184
 -0.0000003032
 -0.0000018146
  0.0000050210
  0.0000001299
 -0.0000037528
  0.0000017739
  0.0000012269
  0.0000003621
 -0.0000037379
 -0.0000014336
  0.0000010634
  0.0000015662
 -0.0000051850
  0.0000023181
 -0.0000003700
 -0.0000016151
 -0.0000020686
 -0.0000020409
 -0.0000185204
  0.0000090495
 -0.0000001109
 -0.0000342334
 -0.0000315716
 -0.0000363048
 -0.0000189507
 -0.0000053050
 -0.0000131750
  0.0000122298
 -0.0000130785
 -0.0000036603
 -0.0000008512
 -0.0000075360
  0.0000011011
 -0.0000034564
 -0.0000021861
 -0.0000017953
  0.0000015207
 -0.0000004852
  0.0000016493
  0.0000019510
 -0.0000010890
  0.0000013349
  0.0000052395
 -0.0000012361
 -0.0000017496
  0.0000014135
 -0.0000028328
 -0.0000000637
 -0.0000015641
 -0.0000023396
 -0.0000131474
 -0.0000016333
  0.0000055418
  0.0000236937
 -0.0000142211
 -0.0000080866
  0.0000098367
  0.0000086880
  0.0000062856
  0.0000090117
  0.0000086002
 -0.0000006358
  0.0000100530
  0.0000052220
  0.0000026688
  0.0000169769
  0.0000254989
 -0.0000080293
 -0.0000049426
  0.0000380612
 -0.0000022561
 -0.0000049795
 -0.0000051557
  0.0000057551
 -0.0000028477
  0.0000018330
 -0.0000023898
 -0.0000000841
 -0.0000029921
 -0.0000015100
 -0.0000005147
  0.0000004536
 -0.0000001843
  0.0000012521
  0.0000020843
  0.0000006032
 -0.0000026466
 -0.0000019696
  0.0000001138
 -0.0000012065
 -0.0000020650
  0.0000005531
  0.0000004521
  0.0000010522
  0.0000043220
 -0.0000006474
 -0.0000000725
  0.0000009530
  0.0000006184
 -0.0000009859
  0.0000005533
  0.0000033393
  0.0000014917
 -0.0000009941
 -0.0000006607
  0.0000017113
  0.0000019060
 -0.0000011922
  0.0000026639
 -0.0000304908
 -0.0000261540
 -0.0000038240
 -0.0000102486
 -0.0000467654
 -0.0000338526
 -0.0000035161
  0.0000330612
 -0.0000191097
 -0.0000368241
 -0.0000027499
 -0.0000344916
  0.0000149609
 -0.0000247767
  0.0000015591
  0.0000008752
 -0.0000010062
 -0.0000017763
  0.0000039806
  0.0000027770
  0.0000036384
  0.0000102287
  0.0000012576
  0.0000038153
 -0.0000013573
  0.0000010951
  0.0000027524
 -0.0000006065
  0.0000038172
  0.0000002476
  0.0000023162
  0.0000015450
 -0.0000030626
 -0.0000053533
  0.0000010840
  0.0000232557
 -0.0000141145
 -0.0000085313
 -0.0000046869
  0.0000061393
  0.0000095381
  0.0000180664
 -0.0000082937
  0.0000176555
  0.0000052088
 -0.0000047325
  0.0000096180
 -0.0000056927
  0.0000268062
  0.0000158258
  0.0000285531
  0.0000216564
 -0.0000008434
 -0.0000001018
  0.0000436960
 -0.0000097402
  0.0000057528
 -0.0000026267
  0.0000058258
  0.0000030310
  0.0000015483
  0.0000023100
  0.0000025049
  0.0000001295
  0.0000017168
  0.0000013586
  0.0000032389
  0.0000025587
 -0.0000007810
  0.0000003730
  0.0000008467
 -0.0000007873
  0.0000016689
  0.0000021349
 -0.0000006338
 -0.0000014754
 -0.0000006322
  0.0000017300
  0.0000024994
  0.0000014537
  0.0000021770
  0.0000019212
  0.0000022783
  0.0000071261
 -0.0000013920
 -0.0000000190
  0.0000009831
  0.0000008575
 -0.0000001840
  0.0000016903
 -0.0000005609
  0.0000051806
  0.0000015158
 -0.0000015016
  0.0000019868
  0.0000005827
  0.0000036752
  0.0000032785
  0.0000018831
  0.0000025723
 -0.0000012209
 -0.0000092439
  0.0000069571
 -0.0000010118
 -0.0000043468
 -0.0000263721
 -0.0000242687
 -0.0000228999
  0.0000040625
 -0.0000137334
  0.0000180123
 -0.0000190756
 -0.0000043860
  0.0000001182
  0.0000005397
 -0.0000009995
  0.0000025866
  0.0000020624
  0.0000032316
  0.0000026177
  0.0000107475
  0.0000056001
  0.0000058801
  0.0000009677
  0.0000027479
  0.0000066134
  0.0000060761
 -0.0000006144
  0.0000004160
  0.0000038022
  0.0000054726
  0.0000025496
 -0.0000032183
 -0.0000129134
  0.0000002274
  0.0000198093
 -0.0000128387
  0.0000046249
  0.0000016505
  0.0000136013
  0.0000249393
  0.0000115330
  0.0000143176
  0.0000126017
  0.0000037717
  0.0000080617
  0.0000382920
  0.0000381829
  0.0000020234
  0.0000022289
 -0.0000089504
  0.0000121516
  0.0000079185
 -0.0000007578
 -0.0000014338
 -0.0000017723
 -0.0000001443
  0.0000004561
 -0.0000010558
  0.0000018234
 -0.0000011633
 -0.0000003569
  0.0000005089
 -0.0000015386
  0.0000017502
 -0.0000004827
 -0.0000010664
 -0.0000044065
 -0.0000057680
 -0.0000025284
 -0.0000009589
 -0.0000043760
  0.0000010011
  0.0000025712
 -0.0000075894
  0.0000019869
 -0.0000004177
 -0.0000001943
  0.0000032952
 -0.0000039077
 -0.0000027609
  0.0000011279
 -0.0000007858
 -0.0000057678
 -0.0000016602
 -0.0000010910
 -0.0000020766
 -0.0000019563
 -0.0000049454
  0.0000028115
 -0.0000027405
  0.0000012884
  0.0000013423
 -0.0000078591
 -0.0000041097
 -0.0000046134
  0.0000015368
  0.0000015734
  0.0000007739
  0.0000089046
  0.0000119511
  0.0000065230
  0.0000548411
  0.0000062319
  0.0000021838
 -0.0000090175
 -0.0000035905
  0.0000230778
  0.0000079270
 -0.0000042653
 -0.0000098270
  0.0000027992
  0.0000037766
 -0.0000001665
 -0.0000001290
  0.0000017864
  0.0000066385
 -0.0000020540
 -0.0000015531
  0.0000051519
  0.0000064136
 -0.0000018701
  0.0000069396
  0.0000056002
 -0.0000015381
  0.0000044023
 -0.0000007245
  0.0000018710
  0.0000001481
 -0.0000029486
 -0.0000177389
 -0.0000034599
  0.0000130686
 -0.0000047138
  0.0000113210
  0.0000056680
  0.0000010711
  0.0000120857
  0.0000021658
  0.0000298512
  0.0000061988
  0.0000047796
  0.0000074861
  0.0000031400
 -0.0000097044
 -0.0000103098
 -0.0000130595
  0.0000021619
  0.0000092744
 -0.0000995190
  0.0000020415
 -0.0000150370
  0.0000449789
 -0.0000006481
  0.0000017153
 -0.0000051342
  0.0000063598
  0.0000064081
  0.0000009113
  0.0000017049
  0.0000011063
  0.0000020489
 -0.0000000934
 -0.0000039973
 -0.0000008830
 -0.0000002363
  0.0000017466
 -0.0000022720
 -0.0000026993
  0.0000015379
 -0.0000020383
 -0.0000022680
 -0.0000040884
  0.0000041513
 -0.0000042316
 -0.0000000024
 -0.0000020248
  0.0000002175
  0.0000000032
  0.0000030514
 -0.0000027733
  0.0000010253
 -0.0000000754
  0.0000014235
 -0.0000554163
 -0.0000080165
 -0.0000360499
 -0.0000554499
 -0.0000231521
 -0.0000337560
 -0.0000056597
 -0.0000130177
  0.0000021351
  0.0000265703
 -0.0000006409
 -0.0000128499
  0.0000048089
 -0.0000481269
 -0.0000049239
  0.0000046797
 -0.0000016942
  0.0000012172
  0.0000043583
  0.0000057950
  0.0000024631
  0.0000039289
  0.0000034201
  0.0000020066
  0.0000018794
  0.0000039480
  0.0000042991
  0.0000018305
  0.0000011952
  0.0000025165
  0.0000013771
  0.0000041901
 -0.0000011759
  0.0000188178
 -0.0000021380
  0.0000222560
 -0.0000117464
 -0.0000025222
 -0.0000046752
  0.0000071865
  0.0000118738
  0.0000144413
 -0.0000139289
  0.0000128518
  0.0000043477
  0.0000070002
 -0.0000075630
  0.0000259154
  0.0000171910
  0.0000026199
 -0.0000031711
  0.0000087500
  0.0000553744
 -0.0000147979
  0.0000028375
  0.0000001739
  0.0000025746
 -0.0000009667
 -0.0000012931
 -0.0000017408
 -0.0000004756
  0.0000009892
 -0.0000014077
 -0.0000009357
  0.0000003750
  0.0000000165
 -0.0000010644
 -0.0000000236
  0.0000003605
  0.0000012329
 -0.0000011273
 -0.0000012936
  0.0000005158
 -0.0000007349
 -0.0000044524
 -0.0000006481
 -0.0000025223
 -0.0000001489
 -0.0000023148
 -0.0000020582
 -0.0000027043
 -0.0000030206
 -0.0000008964
 -0.0000004809
 -0.0000028059
 -0.0000018610
  0.0000005018
  0.0000007795
  0.0000019088
 -0.0000016280
 -0.0000024091
 -0.0000026603
 -0.0000007086
 -0.0000006324
  0.0000009059
 -0.0000016242
  0.0000005990
 -0.0000036754
 -0.0000040620
 -0.0000039902
 -0.0000023829
 -0.0000028305
 -0.0000000263
  0.0000003943
  0.0000159731
  0.0000032888
  0.0000031065
 -0.0000039760
 -0.0000059679
  0.0000186036
  0.0000149287
  0.0000109143
  0.0000028066
  0.0000046115
  0.0000148101
  0.0000040194
 -0.0000087319
  0.0000087785
 -0.0000046974
 -0.0000022115
 -0.0000014512
 -0.0000038221
 -0.0000045937
  0.0000055846
  0.0000035155
  0.0000030049
 -0.0000037848
 -0.0000009342
  0.0000020653
  0.0000032140
 -0.0000023113
 -0.0000021268
 -0.0000065872
 -0.0000014240
 -0.0000003054
  0.0000021721
 -0.0000163531
 -0.0000052092
 -0.0000030865
  0.0000211830
 -0.0000072080
  0.0000206848
 -0.0000002128
  0.0000011169
  0.0000095820
  0.0000017444
  0.0000043949
  0.0000561054
 -0.0000001174
  0.0000012438
 -0.0000063405
  0.0000020187
  0.0000549775
 -0.0002320198
  0.0000073070
  0.0000559209
 -0.0000022279
 -0.0000012406
 -0.0000014859
 -0.0000007210
 -0.0000028794
 -0.0000025181
 -0.0000027757
 -0.0000014757
 -0.0000016993
 -0.0000005016
 -0.0000012093
 -0.0000012980
 -0.0000007691
 -0.0000001919
 -0.0000008535
 -0.0000014711
 -0.0000025341
 -0.0000018392
 -0.0000009845
 -0.0000026069
 -0.0000046534
 -0.0000012915
 -0.0000009600
 -0.0000043087
 -0.0000048209
 -0.0000024267
 -0.0000014941
  0.0000013104
 -0.0000016430
  0.0000010301
 -0.0000025177
 -0.0000020833
 -0.0000021673
 -0.0000006879
  0.0000053126
 -0.0000018827
 -0.0000036666
 -0.0000032811
 -0.0000009105
 -0.0000043487
 -0.0000008248
 -0.0000014024
  0.0000041357
 -0.0000036191
 -0.0000038621
 -0.0000004868
 -0.0000019330
 -0.0000019771
 -0.0000021424
 -0.0000032625
 -0.0000019193
  0.0000215525
 -0.0000008699
  0.0000261728
  0.0000248890
  0.0000058957
  0.0000410752
  0.0000080379
  0.0000039454
 -0.0000140586
 -0.0000120425
  0.0000238487
  0.0000091093
 -0.0000094585
  0.0000043278
 -0.0000019647
  0.0000005304
 -0.0000004615
 -0.0000013110
 -0.0000053500
 -0.0000001873
  0.0000075282
  0.0000019411
  0.0000057328
 -0.0000015698
 -0.0000014178
 -0.0000070624
  0.0000028685
 -0.0000021292
 -0.0000018101
  0.0000000328
  0.0000019101
  0.0000060615
 -0.0000030461
 -0.0000136781
 -0.0000066371
 -0.0000023845
  0.0000110032
  0.0000032102
  0.0000074492
  0.0000116662
  0.0000532638
  0.0000042640
  0.0000007375
 -0.0000057291
  0.0000024621
  0.0000558480
 -0.0002282976
  0.0000024517
  0.0000507920
 -0.0000022203
 -0.0000014255
 -0.0000033064
 -0.0000015034
  0.0000012897
 -0.0000013931
 -0.0000017363
 -0.0000017140
 -0.0000044099
 -0.0000029612
 -0.0000031996
 -0.0000035954
 -0.0000047397
  0.0000020139
 -0.0000049389
 -0.0000015434
  0.0000001471
 -0.0000017090
  0.0000022154
 -0.0000033999
 -0.0000000865
 -0.0000031841
 -0.0000122921
 -0.0000139617
 -0.0000157939
 -0.0000118758
  0.0000161293
  0.0000062911
 -0.0000121836
 -0.0000068178
 -0.0000553619
 -0.0000180551
 -0.0000126935
 -0.0000178758
 -0.0000387129
 -0.0000115541
 -0.0000206840
  0.0000007293
 -0.0000010778
 -0.0000038380
 -0.0000026750
  0.0000026713
  0.0000021235
  0.0000007305
  0.0000056432
 -0.0000031891
  0.0000013026
 -0.0000027523
 -0.0000004095
 -0.0000015632
 -0.0000032784
 -0.0000002936
 -0.0000011388
  0.0000004765
 -0.0000016822
  0.0000394940
 -0.0000073033
 -0.0000106070
  0.0000154157
 -0.0000023492
 -0.0000006600
 -0.0000040504
  0.0000035109
  0.0000059182
 -0.0000121016
 -0.0000023321
 -0.0000000061
  0.0000047401
  0.0000026666
 -0.0000090845
  0.0000189271
 -0.0000033021
 -0.0000130654
 -0.0000018141
  0.0000125805
  0.0000437684
 -0.0000040040
 -0.0000037846
  0.0000058485
 -0.0000089473
 -0.0000003599
  0.0000014559
  0.0000031267
  0.0000007772
  0.0000035297
  0.0000021963
  0.0000009179
  0.0000029566
  0.0000036636
 -0.0000002491
  0.0000021113
 -0.0000025247
 -0.0000009469
 -0.0000009562
 -0.0000044328
 -0.0000027967
 -0.0000023611
 -0.0000027857
 -0.0000005921
 -0.0000020256
 -0.0000018414
 -0.0000003144
 -0.0000012372
 -0.0000009588
 -0.0000033413
 -0.0000017697
 -0.0000014472
 -0.0000023888
 -0.0000035541
 -0.0000086448
 -0.0000097805
 -0.0000145436
 -0.0000080634
  0.0000058681
 -0.0000074627
 -0.0000058617
  0.0000143449
 -0.0000509823
 -0.0000065009
 -0.0000119496
  0.0000238953
 -0.0000301264
 -0.0000085211
 -0.0000119819
 -0.0000026948
  0.0000007844
  0.0000020602
  0.0000051037
  0.0000003404
 -0.0000016088
  0.0000014013
 -0.0000025916
 -0.0000029005
 -0.0000012429
  0.0000005263
 -0.0000004229
  0.0000405418
 -0.0000070383
 -0.0000099158
  0.0000150404
 -0.0000098443
 -0.0000003623
 -0.0000069176
  0.0000026237
  0.0000118881
  0.0000040422
  0.0000070124
 -0.0000086424
 -0.0000049503
 -0.0000009845
 -0.0000030432
  0.0000003631
  0.0000051406
 -0.0000037955
 -0.0000102345
 -0.0000108661
  0.0000214636
  0.0000013366
  0.0000125398
  0.0000034156
  0.0000036102
 -0.0000016833
  0.0000109496
  0.0000455637
 -0.0000012715
 -0.0000053297
 -0.0000049420
 -0.0000048187
  0.0000023748
 -0.0000098623
 -0.0000009984
 -0.0000005886
  0.0000030291
 -0.0000025726
 -0.0000014320
 -0.0000004260
 -0.0000025034
 -0.0000018970
 -0.0000034182
 -0.0000021503
  0.0000003901
 -0.0000048152
 -0.0000021609
 -0.0000125606
  0.0000115770
 -0.0000065850
 -0.0000134898
 -0.0000062777
 -0.0000075910
  0.0000164774
 -0.0000037668
 -0.0000109912
 -0.0000064385
  0.0000040824
 -0.0000031066
  0.0000111225
 -0.0000104611
  0.0000032427
  0.0000001009
 -0.0000013392
  0.0000031436
  0.0000023836
  0.0000028419
  0.0000041153
  0.0000002926
 -0.0000023148
 -0.0000012290
 -0.0000011756
  0.0000004822
  0.0000442086
 -0.0000064799
 -0.0000142930
  0.0000155749
 -0.0000027503
  0.0000033700
 -0.0000071411
 -0.0000015351
  0.0000086311
 -0.0000018614
 -0.0000023465
 -0.0000119205
 -0.0000140334
 -0.0000032079
  0.0000055207
 -0.0000100670
 -0.0000106473
  0.0000122031
 -0.0000027605
  0.0000098894
  0.0000060754
 -0.0000013417
 -0.0000004438
  0.0000140739
  0.0000203753
 -0.0000032751
 -0.0000063919
 -0.0000073065
 -0.0000082164
  0.0000061950
 -0.0000156178
 -0.0000002134
 -0.0000000700
  0.0000002663
  0.0000004094
  0.0000003906
  0.0000009999
  0.0000001061
  0.0000003969
 -0.0000007573
 -0.0000010058
 -0.0000020481
  0.0000001044
 -0.0000005083
  0.0000000629
 -0.0000000047
 -0.0000031031
  0.0000000312
  0.0000004267
 -0.0000036653
 -0.0000044483
 -0.0000009119
 -0.0000007078
  0.0000015045
 -0.0000046189
  0.0000016372
  0.0000014265
 -0.0000017696
 -0.0000000307
 -0.0000011703
  0.0000060538
 -0.0000009847
 -0.0000020642
 -0.0000011944
 -0.0000005901
 -0.0000026258
  0.0000001370
 -0.0000009179
  0.0000023498
 -0.0000003069
 -0.0000021054
 -0.0000000778
  0.0000010409
  0.0000019345
  0.0000000856
 -0.0000034854
  0.0000002275
  0.0000207206
  0.0000022981
  0.0000007392
 -0.0000084603
 -0.0000047782
  0.0000160867
  0.0000123239
  0.0000089039
 -0.0000080315
  0.0000035144
  0.0000124156
 -0.0000061395
 -0.0000042717
  0.0000115113
 -0.0000057641
  0.0000000796
 -0.0000034996
 -0.0000058547
 -0.0000013753
  0.0000087036
 -0.0000008880
  0.0000003228
  0.0000060865
  0.0000031099
 -0.0000023267
  0.0000032008
  0.0000010981
  0.0000006146
 -0.0000075905
 -0.0000014074
 -0.0000018909
 -0.0000056382
 -0.0000172048
 -0.0000038825
 -0.0000033514
  0.0000128534
  0.0000209171
  0.0000002348
  0.0000025113
  0.0000140894
  0.0000028186
  0.0000034853
  0.0000524427
  0.0000029690
 -0.0000014723
 -0.0000083068
 -0.0000013469
  0.0000558782
 -0.0002521319
  0.0000068133
  0.0000559226
  0.0000017038
 -0.0000032303
 -0.0000016342
 -0.0000052392
  0.0000003968
  0.0000024846
  0.0000023142
  0.0000024169
  0.0000008937
  0.0000030880
  0.0000045352
  0.0000002035
  0.0000033638
 -0.0000006434
  0.0000003415
 -0.0000005091
  0.0000024620
 -0.0000032996
 -0.0000011874
  0.0000000599
 -0.0000028100
 -0.0000027047
  0.0000046615
 -0.0000000488
  0.0000023497
  0.0000033063
  0.0000034993
  0.0000007500
 -0.0000000199
 -0.0000019858
  0.0000028911
  0.0000030797
  0.0000009630
 -0.0000006472
  0.0000016739
  0.0000007365
 -0.0000018741
  0.0000015109
  0.0000001340
  0.0000000197
 -0.0000038732
 -0.0000009648
 -0.0000031017
 -0.0000028619
 -0.0000126200
 -0.0000354504
 -0.0000190143
 -0.0000231563
 -0.0000124655
 -0.0000161783
  0.0000184368
 -0.0000191164
 -0.0000200375
  0.0000018066
  0.0000122568
  0.0000021574
 -0.0000033690
 -0.0000006283
  0.0000025870
  0.0000048858
  0.0000041542
  0.0000023455
  0.0000047267
  0.0000008845
 -0.0000008908
  0.0000015022
  0.0000023746
 -0.0000002155
 -0.0000000334
 -0.0000033981
 -0.0000001068
  0.0000019082
 -0.0000035768
 -0.0000136227
  0.0000033077
  0.0000247690
 -0.0000148863
 -0.0000066844
  0.0000090676
  0.0000069158
  0.0000081079
 -0.0000015240
  0.0000080055
  0.0000001970
  0.0000112229
 -0.0000031948
  0.0000093472
 -0.0000027362
  0.0000039911
 -0.0000007137
  0.0000163831
  0.0000226688
 -0.0000008695
 -0.0000035774
  0.0000379980
 -0.0000025122
 -0.0000031496
 -0.0000094728
  0.0000047958
 -0.0000054340
  0.0000028007
  0.0000015796
  0.0000000891
  0.0000001346
  0.0000015635
  0.0000009573
  0.0000015457
 -0.0000022863
 -0.0000008004
 -0.0000016943
  0.0000006041
  0.0000001185
  0.0000008632
 -0.0000054171
 -0.0000019618
 -0.0000005168
  0.0000008626
  0.0000008385
  0.0000030405
 -0.0000014613
  0.0000002637
 -0.0000004230
 -0.0000009715
  0.0000012516
 -0.0000008626
 -0.0000014112
  0.0000013138
 -0.0000056204
  0.0000029362
 -0.0000020700
 -0.0000023937
 -0.0000010807
 -0.0000467527
 -0.0000120382
 -0.0000476696
 -0.0000516696
 -0.0000156603
 -0.0000400802
 -0.0000112275
 -0.0000133930
  0.0000008934
  0.0000285777
 -0.0000253741
 -0.0000121724
  0.0000007020
 -0.0000389696
 -0.0000125371
  0.0000033701
 -0.0000025781
 -0.0000003953
 -0.0000012697
  0.0000032608
  0.0000002071
  0.0000039909
  0.0000029101
  0.0000012562
  0.0000005003
  0.0000053763
  0.0000000352
 -0.0000001882
  0.0000035822
 -0.0000009731
  0.0000004585
 -0.0000003775
 -0.0000006255
  0.0000146264
 -0.0000036533
  0.0000273645
 -0.0000113486
 -0.0000033827
  0.0000100577
  0.0000147322
 -0.0000053405
  0.0000137506
  0.0000118202
  0.0000117699
 -0.0000022726
  0.0000244077
 -0.0000021192
  0.0000245687
  0.0000175052
 -0.0000011157
  0.0000511347
 -0.0000047968
 -0.0000032187
 -0.0000130948
  0.0000076242
 -0.0000002430
  0.0000061923
  0.0000006635
 -0.0000015092
 -0.0000012022
  0.0000009251
  0.0000027302
  0.0000017149
 -0.0000008427
 -0.0000029866
 -0.0000023553
 -0.0000011114
  0.0000013623
 -0.0000031061
 -0.0000029440
  0.0000008889
 -0.0000012400
  0.0000001622
 -0.0000003408
 -0.0000025836
  0.0000079671
 -0.0000013339
  0.0000050054
  0.0000015930
  0.0000021392
 -0.0000012545
  0.0000035071
 -0.0000009477
  0.0000735489
  0.0000089939
 -0.0000064321
  0.0000019822
  0.0000217797
  0.0000110234
 -0.0000041546
  0.0000007470
  0.0000001693
  0.0000063411
 -0.0000006136
 -0.0000000488
 -0.0000011038
  0.0000028543
 -0.0000009164
 -0.0000008540
 -0.0000024267
  0.0000021011
  0.0000018051
  0.0000028926
  0.0000396735
 -0.0000050563
 -0.0000049960
  0.0000224967
 -0.0000098953
  0.0000045395
 -0.0000047131
  0.0000028610
  0.0000106587
 -0.0000084475
 -0.0000121597
  0.0000012071
 -0.0000298730
 -0.0000037403
  0.0000006420
  0.0000033456
 -0.0000009697
 -0.0000131144
 -0.0000031015
 -0.0000097755
 -0.0000054262
  0.0000082589
  0.0000037129
  0.0000256994
  0.0000081314
  0.0000022946
  0.0000082030
 -0.0000687102
  0.0000026604
 -0.0000026630
 -0.0000078215
 -0.0000085121
  0.0000050967
 -0.0000286864
  0.0000023672
  0.0000013635
  0.0000021475
  0.0000023247
  0.0000041765
  0.0000026937
  0.0000020238
  0.0000037507
  0.0000020331
  0.0000017617
 -0.0000006305
 -0.0000010917
  0.0000003791
 -0.0000002503
  0.0000007094
  0.0000022139
 -0.0000006215
 -0.0000015895
 -0.0000008293
  0.0000014508
  0.0000031801
 -0.0000020199
  0.0000015932
  0.0000028894
  0.0000009839
  0.0000017598
  0.0000005787
  0.0000077969
 -0.0000015241
 -0.0000009393
  0.0000017833
 -0.0000001719
 -0.0000007840
  0.0000006473
 -0.0000016233
  0.0000046758
  0.0000024550
 -0.0000022215
  0.0000038711
  0.0000014059
  0.0000021829
  0.0000040513
  0.0000025815
  0.0000000728
  0.0000057260
 -0.0000060707
  0.0000119249
  0.0000112289
  0.0000098262
  0.0000135294
  0.0000224289
  0.0000344843
  0.0000105386
 -0.0000121465
  0.0000012377
  0.0000363212
  0.0000010375
 -0.0000077342
 -0.0000037329
 -0.0000028620
  0.0000004636
  0.0000008395
 -0.0000048461
 -0.0000023935
  0.0000107496
  0.0000058080
  0.0000037223
 -0.0000000248
  0.0000014692
  0.0000019025
  0.0000039691
  0.0000000854
  0.0000013590
  0.0000015127
  0.0000010721
  0.0000001595
 -0.0000000981
 -0.0000281504
 -0.0000025669
  0.0000212556
  0.0000007997
  0.0000042777
  0.0000123853
  0.0000239895
  0.0000092620
  0.0000011357
 -0.0000052746
 -0.0000041079
 -0.0000041254
  0.0000053569
  0.0000061797
 -0.0000055930
  0.0000063039
  0.0000249456
 -0.0000005141
 -0.0000011590
 -0.0000091654
  0.0000100381
  0.0000006088
  0.0000019259
  0.0000013184
  0.0000016063
  0.0000000498
 -0.0000003353
  0.0000005240
 -0.0000023899
  0.0000002939
 -0.0000005708
  0.0000004926
 -0.0000024282
  0.0000046526
 -0.0000012904
  0.0000096739
  0.0000199364
  0.0000001015
 -0.0000070364
 -0.0000006276
 -0.0000002308
  0.0000294799
  0.0000394099
 -0.0000021988
 -0.0000001724
  0.0000295348
  0.0000122004
 -0.0000019919
  0.0000024088
 -0.0000003687
  0.0000009668
  0.0000053150
  0.0000024914
 -0.0000013265
 -0.0000001456
 -0.0000027400
  0.0000019441
 -0.0000019505
  0.0000015445
  0.0000439144
 -0.0000063688
 -0.0000110264
  0.0000163588
 -0.0000091088
  0.0000067343
 -0.0000006545
  0.0000048971
  0.0000091685
 -0.0000079095
 -0.0000112081
 -0.0000008814
 -0.0000236609
  0.0000006286
  0.0000041607
 -0.0000060144
 -0.0000117673
 -0.0000015332
  0.0000002449
  0.0000047937
  0.0000157682
  0.0000061069
  0.0000000150
  0.0000099167
 -0.0000265548
 -0.0000002846
 -0.0000018064
 -0.0000076745
 -0.0000118826
  0.0000055377
 -0.0000219400
 -0.0000002560
  0.0000006179
  0.0000011130
  0.0000005102
  0.0000010758
  0.0000000200
 -0.0000000252
  0.0000032274
  0.0000012100
  0.0000001675
 -0.0000013229
 -0.0000011719
  0.0000030709
  0.0000013275
 -0.0000006450
  0.0000021577
  0.0000007377
  0.0000005076
 -0.0000032207
  0.0000032846
  0.0000029006
 -0.0000014517
  0.0000010948
  0.0000011775
  0.0000037062
  0.0000015476
 -0.0000007992
  0.0000005238
  0.0000008361
 -0.0000002363
  0.0000010711
 -0.0000017581
  0.0000023066
 -0.0000003081
  0.0000003844
 -0.0000012231
  0.0000023913
 -0.0000004661
 -0.0000004568
 -0.0000028766
 -0.0000033035
  0.0000118334
 -0.0000098339
 -0.0000119594
  0.0000483796
  0.0000294476
 -0.0000001549
  0.0000090485
 -0.0000138864
  0.0000083217
 -0.0000022624
  0.0000177422
  0.0000128666
  0.0000088268
  0.0000018669
 -0.0000031355
 -0.0000005278
 -0.0000034926
 -0.0000022170
  0.0000023587
  0.0000087170
  0.0000001499
 -0.0000012542
 -0.0000003800
 -0.0000014374
 -0.0000001227
 -0.0000009088
 -0.0000023247
 -0.0000040915
  0.0000062470
  0.0000003996
 -0.0000060245
 -0.0000024917
 -0.0000303539
 -0.0000011920
  0.0000191448
 -0.0000098432
 -0.0000013423
  0.0000039112
  0.0000002142
  0.0000104171
  0.0000028193
  0.0000246732
  0.0000053620
  0.0000118708
 -0.0000007354
  0.0000013909
 -0.0000093527
 -0.0000065597
  0.0000052283
  0.0000034053
 -0.0000127729
  0.0000252571
  0.0000015076
 -0.0000033164
 -0.0000133651
  0.0000062582
  0.0000007309
  0.0000003006
 -0.0000030749
 -0.0000021678
 -0.0000011725
 -0.0000010565
  0.0000000343
 -0.0000032255
 -0.0000018981
 -0.0000025669
 -0.0000040195
 -0.0000036131
 -0.0000001916
 -0.0000004865
  0.0000024600
 -0.0000011064
 -0.0000008358
 -0.0000027757
  0.0000003864
 -0.0000002003
 -0.0000026611
 -0.0000034183
 -0.0000010640
 -0.0000005726
 -0.0000040286
 -0.0000162128
 -0.0000169675
  0.0000100067
 -0.0000149359
 -0.0000323842
  0.0000352580
 -0.0000121247
 -0.0000138637
  0.0000007832
 -0.0000486069
 -0.0000296756
 -0.0000105743
 -0.0000148883
 -0.0000135605
 -0.0000250451
 -0.0000011554
 -0.0000031933
 -0.0000008360
 -0.0000034393
 -0.0000009641
  0.0000010438
 -0.0000032802
  0.0000080805
 -0.0000024552
 -0.0000031942
 -0.0000017962
 -0.0000011573
 -0.0000005382
 -0.0000017360
 -0.0000023857
 -0.0000003360
  0.0000310634
 -0.0000061171
 -0.0000048073
  0.0000178153
 -0.0000097763
  0.0000029036
 -0.0000034327
  0.0000038577
  0.0000054749
  0.0000114906
 -0.0000158734
  0.0000063756
 -0.0000003039
  0.0000006468
 -0.0000017258
  0.0000062978
 -0.0000076816
  0.0000224293
  0.0000038816
  0.0000118809
 -0.0000016354
 -0.0000227220
 -0.0000008130
  0.0000107152
  0.0000528977
  0.0000006655
 -0.0000080000
 -0.0000023624
  0.0000018766
 -0.0000039293
  0.0000014005
  0.0000018464
  0.0000009953
  0.0000023889
 -0.0000016152
 -0.0000021464
 -0.0000009035
 -0.0000001179
 -0.0000035243
 -0.0000012383
 -0.0000012027
 -0.0000008526
 -0.0000004453
 -0.0000019387
  0.0000316336
 -0.0000026683
  0.0000103030
  0.0000334003
 -0.0000027280
 -0.0000088962
 -0.0000019792
 -0.0000026520
  0.0000306005
  0.0000152080
 -0.0000038958
 -0.0000031740
  0.0000041596
  0.0000061160
 -0.0000026043
  0.0000017606
 -0.0000018420
 -0.0000001046
  0.0000049460
  0.0000002473
  0.0000003332
  0.0000004423
 -0.0000027048
  0.0000014688
 -0.0000016707
  0.0000009584
 -0.0000020260
  0.0000451941
 -0.0000063827
 -0.0000149207
  0.0000142999
 -0.0000048402
  0.0000058545
 -0.0000009550
  0.0000013473
  0.0000080423
 -0.0000068713
 -0.0000093998
 -0.0000028677
 -0.0000237445
  0.0000009528
  0.0000058353
 -0.0000002051
 -0.0000090403
 -0.0000079337
 -0.0000137977
  0.0000034382
  0.0000023952
  0.0000072425
  0.0000130145
  0.0000028876
  0.0000018292
  0.0000120755
 -0.0000037054
  0.0000006160
 -0.0000018643
 -0.0000113382
 -0.0000139877
  0.0000045076
 -0.0000228793
  0.0000036797
 -0.0000014032
  0.0000023270
  0.0000013598
  0.0000018947
  0.0000023453
 -0.0000005785
  0.0000002314
 -0.0000016549
 -0.0000020954
 -0.0000009772
 -0.0000051609
 -0.0000016591
 -0.0000041210
 -0.0000018580
 -0.0000027447
 -0.0000032926
 -0.0000046011
 -0.0000006548
 -0.0000044956
 -0.0000045119
 -0.0000041858
 -0.0000030976
 -0.0000019121
 -0.0000006913
 -0.0000018035
 -0.0000035097
 -0.0000035758
 -0.0000045389
  0.0000084990
  0.0000059152
 -0.0000068541
 -0.0000036877
 -0.0000041568
  0.0000084517
 -0.0000035893
 -0.0000026988
 -0.0000055180
  0.0000100001
 -0.0000026931
  0.0000122126
  0.0000014479
  0.0000088291
 -0.0000013466
 -0.0000026022
  0.0000048241
 -0.0000005429
 -0.0000004647
 -0.0000011107
 -0.0000004226
  0.0000006364
  0.0000001600
 -0.0000026348
  0.0000007573
 -0.0000014512
  0.0000408123
 -0.0000097289
 -0.0000133366
  0.0000173624
 -0.0000074604
 -0.0000014570
 -0.0000018652
  0.0000004256
  0.0000069105
 -0.0000019282
 -0.0000032462
 -0.0000050327
 -0.0000150684
 -0.0000016556
 -0.0000025044
  0.0000026859
 -0.0000006469
 -0.0000068870
 -0.0000033103
 -0.0000113756
  0.0000108828
  0.0000002463
  0.0000082831
  0.0000132533
  0.0000004674
 -0.0000017030
  0.0000111978
  0.0000191436
 -0.0000002729
 -0.0000030645
 -0.0000042018
 -0.0000137384
  0.0000027429
 -0.0000165462
 -0.0000002726
  0.0000003707
  0.0000025775
 -0.0000006157
 -0.0000011607
 -0.0000028575
 -0.0000021619
 -0.0000025157
 -0.0000012579
 -0.0000001876
 -0.0000007691
 -0.0000015159
 -0.0000012181
 -0.0000024923
 -0.0000027140
 -0.0000020066
 -0.0000015375
 -0.0000039128
 -0.0000011343
 -0.0000106820
 -0.0000179436
 -0.0000154953
 -0.0000102930
  0.0000247007
 -0.0000168246
 -0.0000136175
  0.0000317354
 -0.0000553226
 -0.0000125698
 -0.0000102315
  0.0000220836
 -0.0000348180
 -0.0000102570
 -0.0000178023
  0.0000012158
 -0.0000012937
  0.0000042016
  0.0000029621
  0.0000020919
  0.0000049129
  0.0000011281
 -0.0000016922
 -0.0000010807
 -0.0000007198
 -0.0000006096
  0.0000398562
 -0.0000047351
 -0.0000107233
  0.0000158800
 -0.0000069163
 -0.0000011604
 -0.0000023497
  0.0000008434
  0.0000088374
  0.0000025916
  0.0000052999
 -0.0000040588
 -0.0000049421
 -0.0000044101
  0.0000031227
 -0.0000027144
 -0.0000041688
 -0.0000091981
  0.0000199562
 -0.0000018874
  0.0000120673
 -0.0000003730
 -0.0000029534
  0.0000003874
  0.0000115627
  0.0000444038
 -0.0000027831
 -0.0000058131
 -0.0000026350
 -0.0000027021
  0.0000031617
 -0.0000098190
  0.0000027142
  0.0000029573
  0.0000030871
  0.0000016072
 -0.0000032340
 -0.0000020402
  0.0000001405
 -0.0000011373
 -0.0000012784
 -0.0000034709
 -0.0000027773
 -0.0000017612
 -0.0000006391
 -0.0000010008
 -0.0000012654
  0.0000001032
 -0.0000011027
 -0.0000032047
 -0.0000011683
 -0.0000031917
 -0.0000115328
 -0.0000156283
 -0.0000151306
 -0.0000113906
  0.0000285285
 -0.0000138559
 -0.0000181168
  0.0000245775
 -0.0000429872
 -0.0000198050
 -0.0000184561
  0.0000116259
 -0.0000419613
 -0.0000109353
 -0.0000112144
  0.0000002774
 -0.0000010610
 -0.0000016066
  0.0000056182
  0.0000056433
 -0.0000005776
 -0.0000011724
 -0.0000008746
  0.0000006205
 -0.0000002523
 -0.0000005833
 -0.0000017642
  0.0000001298
  0.0000363567
 -0.0000050138
 -0.0000105454
  0.0000161766
 -0.0000102110
 -0.0000006904
 -0.0000048654
 -0.0000025209
  0.0000092289
  0.0000027178
  0.0000055371
 -0.0000036574
 -0.0000044757
  0.0000007165
 -0.0000036856
  0.0000002214
  0.0000029949
 -0.0000023046
 -0.0000047209
 -0.0000090564
  0.0000203222
 -0.0000018982
  0.0000107503
 -0.0000006666
 -0.0000033023
  0.0000013203
  0.0000093958
  0.0000465330
 -0.0000025809
 -0.0000066477
 -0.0000055722
 -0.0000026397
  0.0000017384
 -0.0000096115
  0.0000044144
  0.0000034300
  0.0000012112
  0.0000002398
  0.0000016292
  0.0000014193
 -0.0000003637
 -0.0000009925
  0.0000043658
  0.0000023850
  0.0000004507
 -0.0000003124
  0.0000037281
  0.0000014303
  0.0000012257
  0.0000042480
  0.0000026548
  0.0000025916
  0.0000049526
 -0.0000002771
  0.0000003327
  0.0000013708
  0.0000019449
  0.0000012376
 -0.0000010319
  0.0000052565
  0.0000005837
 -0.0000012920
  0.0000042882
 -0.0000002625
  0.0000044084
  0.0000007849
  0.0000007341
  0.0000010966
  0.0000086121
 -0.0000245721
  0.0000233063
  0.0000141095
 -0.0000376798
 -0.0000297127
 -0.0000351598
 -0.0000146255
  0.0000094526
 -0.0000186328
  0.0000027953
 -0.0000132276
 -0.0000064162
  0.0000014896
 -0.0000140829
  0.0000017533
  0.0000008818
  0.0000008954
  0.0000003255
  0.0000054672
  0.0000093887
 -0.0000016078
  0.0000031933
  0.0000052325
  0.0000000605
  0.0000054388
  0.0000042137
 -0.0000006818
  0.0000029118
  0.0000003384
  0.0000032188
 -0.0000017516
 -0.0000038002
 -0.0000115818
 -0.0000013359
  0.0000099713
  0.0000292115
 -0.0000139857
 -0.0000074443
  0.0000051326
  0.0000131580
  0.0000128322
  0.0000092912
  0.0000177096
  0.0000137006
  0.0000066951
  0.0000029531
  0.0000188948
  0.0000270320
  0.0000391261
  0.0000015677
  0.0000003049
 -0.0000079965
  0.0000095078
  0.0000057649
 -0.0000004395
 -0.0000011316
  0.0000023871
  0.0000019519
  0.0000015796
  0.0000024035
 -0.0000004460
  0.0000020994
 -0.0000031500
 -0.0000033474
 -0.0000047462
 -0.0000023942
 -0.0000024149
 -0.0000038044
 -0.0000012602
 -0.0000036157
 -0.0000034948
 -0.0000019808
 -0.0000012832
 -0.0000002253
 -0.0000019522
 -0.0000018726
  0.0000070545
  0.0000037318
  0.0000181162
  0.0000048779
 -0.0000040474
 -0.0000042366
  0.0000039664
 -0.0000039067
  0.0000304293
  0.0000038377
  0.0000043429
 -0.0000045221
  0.0000061690
  0.0000131297
  0.0000037354
 -0.0000008541
  0.0000042591
  0.0000022497
 -0.0000005267
  0.0000038457
 -0.0000005235
  0.0000004200
  0.0000022576
 -0.0000030226
 -0.0000014701
  0.0000039416
  0.0000481237
 -0.0000085688
 -0.0000143291
  0.0000163411
 -0.0000018757
  0.0000040457
 -0.0000013107
  0.0000013569
  0.0000077056
 -0.0000022302
 -0.0000035278
 -0.0000027768
 -0.0000183066
 -0.0000024169
 -0.0000012361
  0.0000055659
  0.0000026565
 -0.0000074567
 -0.0000044728
 -0.0000120875
  0.0000126576
  0.0000023196
  0.0000111923
  0.0000131609
  0.0000008475
 -0.0000000732
  0.0000153270
  0.0000209217
  0.0000009310
 -0.0000023514
 -0.0000048759
 -0.0000143215
  0.0000015832
 -0.0000186971
  0.0000016065
  0.0000000764
 -0.0000015498
 -0.0000021589
 -0.0000026819
  0.0000003655
 -0.0000031083
 -0.0000051566
 -0.0000004156
 -0.0000030038
 -0.0000012894
  0.0000039221
 -0.0000034102
  0.0000002960
 -0.0000019233
 -0.0000002588
 -0.0000023401
  0.0000003625
 -0.0000050916
 -0.0000008264
 -0.0000004997
 -0.0000036986
 -0.0000176901
 -0.0000168513
 -0.0000031542
 -0.0000113624
  0.0000319249
 -0.0000207917
 -0.0000306026
 -0.0000454236
 -0.0000249376
 -0.0000125790
 -0.0000314585
 -0.0000445675
 -0.0000057345
 -0.0000129706
  0.0000019191
 -0.0000027809
 -0.0000021692
  0.0000062573
  0.0000041147
 -0.0000007101
  0.0000016396
  0.0000004706
 -0.0000002578
  0.0000005258
  0.0000059506
  0.0000023607
 -0.0000001811
 -0.0000010038
  0.0000009361
  0.0000002254
  0.0000001074
 -0.0000026961
  0.0000380341
 -0.0000090364
  0.0000171671
 -0.0000037877
 -0.0000008287
 -0.0000077567
  0.0000032659
  0.0000072363
 -0.0000178282
  0.0000006492
 -0.0000039394
  0.0000042283
 -0.0000088910
  0.0000191528
 -0.0000037903
 -0.0000197254
 -0.0000040430
  0.0000119137
  0.0000451051
 -0.0000057143
 -0.0000044245
  0.0000048112
 -0.0000069407
 -0.0000015155
 -0.0000010102
  0.0000015888
  0.0000005327
 -0.0000011846
 -0.0000015248
 -0.0000010209
 -0.0000003906
 -0.0000004302
 -0.0000008397
 -0.0000013298
 -0.0000009236
  0.0000087305
  0.0000010081
  0.0000107075
  0.0000063750
  0.0000019096
 -0.0000045723
  0.0000012148
  0.0000013130
  0.0000423215
  0.0000409166
  0.0000024384
  0.0000018346
  0.0000407638
  0.0000166454
  0.0000004911
 -0.0000016834
  0.0000012061
  0.0000002665
  0.0000056192
  0.0000022540
  0.0000003631
  0.0000010853
 -0.0000014318
  0.0000013542
 -0.0000011084
 -0.0000026860
 -0.0000018141
  0.0000426714
 -0.0000026392
 -0.0000057464
  0.0000207743
 -0.0000070102
  0.0000061907
 -0.0000014811
 -0.0000004313
  0.0000096563
 -0.0000087048
 -0.0000121237
  0.0000027668
 -0.0000232312
  0.0000025432
  0.0000045179
 -0.0000010029
 -0.0000051416
 -0.0000024472
 -0.0000096850
 -0.0000026863
  0.0000034780
  0.0000048140
  0.0000191394
  0.0000112710
  0.0000048995
  0.0000097558
 -0.0000334238
  0.0000018038
 -0.0000014667
 -0.0000079594
 -0.0000085502
  0.0000073255
 -0.0000210986
  0.0000007123
  0.0000011791
 -0.0000000307
  0.0000014006
 -0.0000010655
 -0.0000009715
 -0.0000011557
 -0.0000009450
 -0.0000003913
 -0.0000030034
  0.0000001086
 -0.0000004590
 -0.0000007043
 -0.0000004442
 -0.0000002745
 -0.0000014336
  0.0000020761
 -0.0000027180
  0.0000079156
  0.0000142215
 -0.0000000552
 -0.0000055861
 -0.0000012916
 -0.0000005442
  0.0000308653
  0.0000381103
 -0.0000031557
 -0.0000001345
  0.0000260366
  0.0000109905
 -0.0000033109
 -0.0000015972
  0.0000056793
 -0.0000004767
 -0.0000005068
 -0.0000020295
 -0.0000004427
  0.0000008620
 -0.0000008040
  0.0000003761
  0.0000015527
 -0.0000026231
  0.0000441041
 -0.0000033485
 -0.0000112336
  0.0000194363
 -0.0000057794
  0.0000046782
 -0.0000033802
  0.0000006353
  0.0000105847
 -0.0000088054
 -0.0000117571
  0.0000015069
 -0.0000258266
 -0.0000063383
  0.0000011569
  0.0000045186
 -0.0000016204
 -0.0000067683
 -0.0000035631
 -0.0000110285
  0.0000007761
  0.0000032546
  0.0000056761
  0.0000158349
  0.0000082142
  0.0000034058
  0.0000106014
 -0.0000163906
  0.0000012404
 -0.0000030633
 -0.0000125323
 -0.0000106613
  0.0000032064
 -0.0000240911
  0.0000004141
  0.0000001989
 -0.0000010877
  0.0000003544
 -0.0000009504
  0.0000000947
  0.0000025201
  0.0000010609
 -0.0000013437
 -0.0000058676
  0.0000029506
  0.0000011824
 -0.0000008007
 -0.0000009248
  0.0000006435
 -0.0000006105
 -0.0000046557
  0.0000004118
  0.0000028007
 -0.0000021534
  0.0000001024
  0.0000009138
  0.0000035604
 -0.0000021851
 -0.0000026256
  0.0000008282
  0.0000009671
 -0.0000000569
 -0.0000024895
 -0.0000052432
  0.0000021838
 -0.0000001694
 -0.0000016318
 -0.0000007789
 -0.0000022353
 -0.0000008669
 -0.0000008899
 -0.0000040973
  0.0000008874
  0.0000154647
  0.0000035071
  0.0000031448
 -0.0000060781
 -0.0000046192
  0.0000190360
  0.0000153832
  0.0000120909
  0.0000116899
  0.0000063483
  0.0000150577
  0.0000120664
 -0.0000112523
  0.0000071823
 -0.0000037070
  0.0000012074
 -0.0000028465
 -0.0000011183
  0.0000009618
  0.0000073720
  0.0000016132
 -0.0000023596
 -0.0000022140
  0.0000006372
 -0.0000005440
 -0.0000012220
 -0.0000026558
 -0.0000033320
  0.0000006282
  0.0000038558
 -0.0000070793
 -0.0000049721
 -0.0000144190
 -0.0000021162
  0.0000031083
 -0.0000082206
  0.0000203180
  0.0000010691
  0.0000005607
  0.0000108234
  0.0000011436
  0.0000505299
  0.0000019554
  0.0000041417
 -0.0000009764
 -0.0000132278
 -0.0000084222
 -0.0000191992
  0.0000027680
  0.0000539210
 -0.0002120513
  0.0000010856
 -0.0000167231
  0.0000562088
 -0.0000011191
 -0.0000034482
 -0.0000013321
 -0.0000005436
  0.0000009710
  0.0000009634
 -0.0000018775
 -0.0000021945
  0.0000015513
 -0.0000014342
 -0.0000027783
 -0.0000001856
 -0.0000039812
  0.0000120575
  0.0000040533
  0.0000255003
  0.0000102081
 -0.0000034725
 -0.0000037473
  0.0000043556
 -0.0000033449
  0.0000336460
  0.0000142021
  0.0000045543
 -0.0000039507
  0.0000036488
  0.0000176678
  0.0000040617
 -0.0000020558
 -0.0000013488
 -0.0000008086
  0.0000009215
  0.0000013101
  0.0000045076
 -0.0000009259
  0.0000023005
 -0.0000014389
  0.0000001153
  0.0000003505
  0.0000472067
 -0.0000069733
 -0.0000137622
  0.0000197848
 -0.0000054895
  0.0000080663
 -0.0000073081
  0.0000004885
  0.0000095913
 -0.0000041063
 -0.0000063834
 -0.0000083202
 -0.0000192208
 -0.0000012159
  0.0000057404
 -0.0000038984
 -0.0000092052
  0.0000054606
 -0.0000022914
  0.0000079181
  0.0000143341
  0.0000009295
 -0.0000018092
  0.0000130590
  0.0000059783
 -0.0000025527
 -0.0000072147
 -0.0000125913
  0.0000081497
 -0.0000184252
 -0.0000004380
  0.0000014522
 -0.0000016250
 -0.0000010793
 -0.0000001131
 -0.0000025153
  0.0000000429
 -0.0000010936
 -0.0000017448
 -0.0000010144
 -0.0000003454
 -0.0000001699
  0.0000007705
  0.0000000208
 -0.0000022411
 -0.0000011670
 -0.0000007166
 -0.0000015366
 -0.0000024977
 -0.0000014820
 -0.0000023055
 -0.0000013165
 -0.0000017152
 -0.0000040063
 -0.0000012926
 -0.0000010130
 -0.0000469127
 -0.0000067807
 -0.0000358162
 -0.0000442362
 -0.0000241174
 -0.0000154911
 -0.0000144561
 -0.0000181672
  0.0000079897
  0.0000290237
  0.0000092324
 -0.0000153333
  0.0000094228
 -0.0000471320
 -0.0000031699
  0.0000007469
 -0.0000012889
 -0.0000003546
  0.0000022237
  0.0000040830
  0.0000029509
 -0.0000001727
  0.0000048849
 -0.0000004317
  0.0000031902
 -0.0000011748
  0.0000014864
  0.0000018407
  0.0000229926
 -0.0000040452
  0.0000006677
  0.0000199682
 -0.0000145155
 -0.0000024992
 -0.0000011801
  0.0000052114
  0.0000108831
  0.0000094911
  0.0000166025
 -0.0000131705
  0.0000130318
  0.0000029363
  0.0000018436
 -0.0000000106
  0.0000083254
 -0.0000004340
  0.0000090732
 -0.0000061327
  0.0000290466
  0.0000027655
  0.0000181411
  0.0000096300
 -0.0000186252
  0.0000006158
  0.0000117046
  0.0000608227
  0.0000012516
 -0.0000005807
 -0.0000085674
  0.0000007966
 -0.0000028387
  0.0000011054
 -0.0000006340
  0.0000005423
 -0.0000019901
 -0.0000021574
 -0.0000020601
 -0.0000027619
 -0.0000011571
 -0.0000010985
 -0.0000003071
 -0.0000024173
 -0.0000004315
 -0.0000031554
  0.0000005479
 -0.0000037504
 -0.0000010813
 -0.0000157504
 -0.0000018018
 -0.0000151634
 -0.0000148253
 -0.0000006678
 -0.0000045237
 -0.0000036404
 -0.0000015275
 -0.0000127416
 -0.0000047313
 -0.0000038702
  0.0000027038
 -0.0000035466
 -0.0000164335
 -0.0000025023
 -0.0000017445
 -0.0000008774
 -0.0000032683
 -0.0000042264
 -0.0000007013
  0.0000003038
  0.0000000446
  0.0000071108
 -0.0000030015
 -0.0000029250
  0.0000002906
 -0.0000022614
 -0.0000031954
 -0.0000008901
  0.0000442723
 -0.0000045746
 -0.0000136570
  0.0000147133
 -0.0000032160
  0.0000047491
 -0.0000038245
  0.0000013967
  0.0000086157
 -0.0000003025
 -0.0000073473
 -0.0000112563
 -0.0000052700
  0.0000071272
 -0.0000077870
 -0.0000104121
  0.0000132975
 -0.0000008325
  0.0000021696
  0.0000021517
 -0.0000011695
  0.0000146065
  0.0000211344
 -0.0000032705
 -0.0000083897
 -0.0000053564
  0.0000064041
 -0.0000133964
 -0.0000008168
 -0.0000022091
 -0.0000027286
 -0.0000018044
 -0.0000007912
 -0.0000021409
 -0.0000018071
 -0.0000023241
  0.0000009559
 -0.0000025748
 -0.0000021083
 -0.0000032281
 -0.0000004624
 -0.0000016439
 -0.0000041606
 -0.0000013074
 -0.0000016175
 -0.0000114396
 -0.0000164146
 -0.0000154550
 -0.0000110908
  0.0000312913
 -0.0000076276
 -0.0000183837
  0.0000176754
 -0.0000543706
 -0.0000153762
 -0.0000180813
  0.0000056352
 -0.0000369971
 -0.0000109773
 -0.0000105948
 -0.0000027931
 -0.0000033931
  0.0000018505
  0.0000019078
  0.0000011859
  0.0000011025
 -0.0000020215
  0.0000048534
  0.0000016715
  0.0000012394
 -0.0000012677
  0.0000008137
  0.0000000588
  0.0000394542
 -0.0000043199
 -0.0000112501
  0.0000148561
 -0.0000068919
 -0.0000014407
 -0.0000031333
  0.0000021747
  0.0000098493
  0.0000020843
  0.0000052677
 -0.0000062495
 -0.0000043341
 -0.0000034808
  0.0000032233
 -0.0000025191
 -0.0000015806
 -0.0000088084
  0.0000195444
  0.0000002072
  0.0000117319
 -0.0000021008
 -0.0000063903
 -0.0000010799
  0.0000116619
  0.0000443394
 -0.0000021798
 -0.0000027145
 -0.0000025842
 -0.0000027421
  0.0000030029
 -0.0000098148
  0.0000007525
 -0.0000011822
 -0.0000000633
  0.0000016765
  0.0000013308
 -0.0000000597
 -0.0000020980
 -0.0000060873
 -0.0000005867
  0.0000008420
 -0.0000012629
  0.0000008279
 -0.0000033985
 -0.0000011766
 -0.0000011892
  0.0000024544
 -0.0000004106
 -0.0000041365
  0.0000017802
  0.0000006969
  0.0000033955
 -0.0000004315
 -0.0000004708
 -0.0000001733
  0.0000014207
 -0.0000004746
 -0.0000024682
 -0.0000061192
 -0.0000018779
 -0.0000011197
  0.0000000435
  0.0000005233
 -0.0000027690
 -0.0000008260
 -0.0000009647
 -0.0000014202
  0.0000199493
  0.0000009162
  0.0000207643
  0.0000165547
  0.0000175070
  0.0000350499
 -0.0000016144
 -0.0000052649
 -0.0000039456
 -0.0000079957
  0.0000188263
 -0.0000046247
 -0.0000074483
  0.0000050994
  0.0000048589
 -0.0000070946
 -0.0000019857
 -0.0000006723
  0.0000001726
 -0.0000018382
  0.0000069410
  0.0000037273
 -0.0000001792
 -0.0000030024
 -0.0000009429
  0.0000048618
  0.0000037284
 -0.0000023813
 -0.0000037913
 -0.0000072007
 -0.0000007380
 -0.0000044947
  0.0000024543
 -0.0000308518
 -0.0000049781
  0.0000056351
  0.0000177633
 -0.0000069038
  0.0000260818
  0.0000005214
  0.0000026948
  0.0000092116
  0.0000019204
  0.0000023894
  0.0000625736
  0.0000015048
  0.0000022236
  0.0000023960
 -0.0000065103
  0.0000019059
 -0.0000031123
  0.0000444321
 -0.0002349492
  0.0000074513
  0.0000504860
 -0.0000021739
  0.0000003132
  0.0000022534
 -0.0000063427
  0.0000025940
  0.0000055865
  0.0000017668
 -0.0000016265
 -0.0000025918
 -0.0000014824
 -0.0000019011
 -0.0000021995
 -0.0000013546
 -0.0000006077
  0.0000003894
 -0.0000003269
 -0.0000016334
 -0.0000015839
 -0.0000019904
 -0.0000033746
 -0.0000016292
 -0.0000022129
 -0.0000036627
 -0.0000007247
 -0.0000065929
 -0.0000109454
  0.0000051548
 -0.0000059725
 -0.0000297030
  0.0000364631
 -0.0000103496
 -0.0000349834
 -0.0000027158
 -0.0000471121
 -0.0000240733
 -0.0000297917
 -0.0000188131
 -0.0000029601
 -0.0000166741
  0.0000015729
 -0.0000008669
  0.0000014500
  0.0000031821
  0.0000025974
  0.0000003353
  0.0000042026
 -0.0000010196
 -0.0000016957
 -0.0000010197
  0.0000001484
 -0.0000001777
  0.0000321972
 -0.0000040577
 -0.0000075280
  0.0000157732
 -0.0000077965
  0.0000041175
 -0.0000026289
  0.0000027604
  0.0000101689
  0.0000036502
  0.0000097343
 -0.0000113084
  0.0000029894
 -0.0000014520
  0.0000012979
  0.0000045664
 -0.0000021647
  0.0000022137
 -0.0000080011
  0.0000226101
  0.0000006616
  0.0000122779
 -0.0000018686
 -0.0000172322
 -0.0000004909
  0.0000115594
  0.0000526425
 -0.0000014448
 -0.0000030401
 -0.0000100122
 -0.0000030492
  0.0000037720
 -0.0000072546
 -0.0000006565
  0.0000011723
 -0.0000002466
  0.0000004300
 -0.0000004230
 -0.0000001475
 -0.0000008103
  0.0000010762
 -0.0000030878
 -0.0000013261
 -0.0000016618
 -0.0000027567
 -0.0000021264
  0.0000027800
  0.0000016508
  0.0000017070
 -0.0000000973
 -0.0000026355
  0.0000003511
  0.0000014843
 -0.0000012671
  0.0000006256
 -0.0000022298
  0.0000010794
  0.0000003959
 -0.0000017234
 -0.0000336945
 -0.0000088870
 -0.0000525069
 -0.0000397321
 -0.0000149843
 -0.0000287032
 -0.0000075445
 -0.0000141543
  0.0000127942
  0.0000271306
 -0.0000237851
 -0.0000127172
 -0.0000211355
 -0.0000236979
 -0.0000103560
  0.0000010446
  0.0000017108
 -0.0000017307
 -0.0000017503
  0.0000045870
  0.0000036708
  0.0000008932
  0.0000081720
 -0.0000019447
  0.0000014210
 -0.0000015951
  0.0000011128
  0.0000005059
 -0.0000019945
  0.0000031603
  0.0000029874
  0.0000010356
 -0.0000019299
  0.0000104304
 -0.0000059493
 -0.0000009330
  0.0000218670
 -0.0000137204
 -0.0000062345
 -0.0000053016
  0.0000064981
  0.0000080307
  0.0000155588
 -0.0000137022
  0.0000143285
  0.0000043655
 -0.0000010923
  0.0000070253
 -0.0000063891
  0.0000280264
  0.0000155659
  0.0000200249
  0.0000073632
 -0.0000013259
  0.0000053308
  0.0000525014
 -0.0000113783
  0.0000032215
 -0.0000022643
  0.0000030979
  0.0000029661
 -0.0000012917
 -0.0000044245
 -0.0000011913
 -0.0000042131
 -0.0000047121
 -0.0000022117
 -0.0000016647
 -0.0000017420
 -0.0000007030
 -0.0000046653
  0.0000036254
  0.0000053633
  0.0000127266
  0.0000012620
 -0.0000043703
 -0.0000044568
  0.0000054608
 -0.0000043006
  0.0000288666
 -0.0000003493
  0.0000062921
 -0.0000046663
  0.0000057322
  0.0000088746
  0.0000054606
 -0.0000026659
  0.0000013665
 -0.0000005599
  0.0000015144
  0.0000044484
 -0.0000002786
 -0.0000008862
 -0.0000012567
  0.0000017911
 -0.0000021433
 -0.0000028695
 -0.0000028970
 -0.0000020410
  0.0000472710
 -0.0000096176
 -0.0000142777
  0.0000191814
 -0.0000029424
  0.0000054658
 -0.0000061919
  0.0000034435
  0.0000092543
 -0.0000032298
 -0.0000048053
 -0.0000073289
 -0.0000181217
 -0.0000024274
  0.0000056775
  0.0000013814
 -0.0000050312
 -0.0000035743
 -0.0000097787
  0.0000099544
 -0.0000010629
  0.0000096473
  0.0000132296
  0.0000000904
 -0.0000046455
  0.0000142444
  0.0000190429
 -0.0000032155
 -0.0000060924
 -0.0000088943
 -0.0000133390
  0.0000061777
 -0.0000181918
  0.0000026613
  0.0000010720
 -0.0000003443
  0.0000018508
  0.0000011147
 -0.0000012136
 -0.0000016126
  0.0000012758
  0.0000023309
  0.0000003516
 -0.0000009484
 -0.0000007755
  0.0000006393
 -0.0000021549
  0.0000013408
 -0.0000024527
  0.0000030512
  0.0000028802
  0.0000045968
 -0.0000009752
  0.0000005912
  0.0000006540
  0.0000020273
  0.0000016058
  0.0000002514
 -0.0000016469
  0.0000009224
 -0.0000004760
 -0.0000016199
  0.0000022840
 -0.0000011322
  0.0000031899
  0.0000003405
  0.0000000367
 -0.0000021289
  0.0000015722
  0.0000153899
  0.0000012595
  0.0000012462
 -0.0000281366
  0.0000422688
  0.0000268071
  0.0000013155
  0.0000046825
 -0.0000286549
 -0.0000094579
 -0.0000017717
 -0.0000238027
  0.0000058843
 -0.0000040736
 -0.0000051108
  0.0000006442
 -0.0000021627
  0.0000003157
  0.0000035181
  0.0000086190
  0.0000014004
 -0.0000014189
  0.0000002402
 -0.0000008061
  0.0000016182
  0.0000010796
 -0.0000013207
 -0.0000030003
  0.0000050984
  0.0000015907
 -0.0000058383
 -0.0000020651
 -0.0000271956
 -0.0000005575
  0.0000226158
 -0.0000152300
 -0.0000069360
  0.0000073542
  0.0000028459
  0.0000116146
  0.0000363209
  0.0000109712
  0.0000161996
  0.0000009419
  0.0000094258
  0.0000035326
  0.0000060031
  0.0000022149
  0.0000247859
  0.0000247419
  0.0000018103
 -0.0000014976
 -0.0000094313
  0.0000096839
  0.0000089294
  0.0000018978
  0.0000019385
  0.0000037214
  0.0000005769
 -0.0000023506
 -0.0000012432
 -0.0000023627
 -0.0000037537
 -0.0000035727
 -0.0000033140
 -0.0000009926
 -0.0000019484
 -0.0000004024
 -0.0000008674
 -0.0000018460
 -0.0000017373
 -0.0000012477
 -0.0000131561
  0.0000137512
 -0.0000061407
 -0.0000146118
 -0.0000100316
 -0.0000113718
  0.0000108090
 -0.0000108806
 -0.0000136210
 -0.0000075115
  0.0000072086
 -0.0000039180
  0.0000053917
 -0.0000105003
  0.0000130868
 -0.0000030138
 -0.0000024342
  0.0000007573
  0.0000051792
 -0.0000004329
 -0.0000004062
  0.0000005097
 -0.0000027737
 -0.0000012754
  0.0000006046
  0.0000007984
 -0.0000004796
  0.0000407157
 -0.0000081052
 -0.0000143398
  0.0000202208
 -0.0000065699
 -0.0000003674
 -0.0000048351
  0.0000050465
  0.0000088986
 -0.0000027806
 -0.0000032858
 -0.0000101385
 -0.0000151238
 -0.0000011598
 -0.0000006628
  0.0000035421
  0.0000004372
 -0.0000030797
 -0.0000047047
 -0.0000084184
  0.0000116904
  0.0000004999
  0.0000094318
  0.0000081442
 -0.0000014193
 -0.0000034426
  0.0000123458
  0.0000188161
 -0.0000003717
 -0.0000049441
 -0.0000037334
 -0.0000103271
  0.0000041477
 -0.0000163657
 -0.0000005791
  0.0000006671
  0.0000001490
 -0.0000000404
 -0.0000051643
 -0.0000010823
 -0.0000005560
 -0.0000020697
 -0.0000034620
  0.0000001095
 -0.0000008458
 -0.0000007634
  0.0000002019
  0.0000020439
 -0.0000007719
 -0.0000000922
  0.0000019936
  0.0000006578
  0.0000029367
 -0.0000003722
  0.0000001616
 -0.0000039774
  0.0000014685
 -0.0000003954
 -0.0000009607
 -0.0000021661
  0.0000026402
 -0.0000039357
 -0.0000005405
 -0.0000026721
  0.0000014457
 -0.0000021034
 -0.0000030536
  0.0000011504
  0.0000148713
  0.0000064133
  0.0000089169
  0.0000050125
  0.0000408672
  0.0000651469
  0.0000133368
  0.0000084093
 -0.0000148254
  0.0000061374
 -0.0000075058
  0.0000048395
  0.0000042985
  0.0000160912
  0.0000124060
 -0.0000027858
 -0.0000007642
  0.0000005837
 -0.0000015790
 -0.0000025258
  0.0000080826
  0.0000043434
  0.0000044026
 -0.0000025366
  0.0000002294
  0.0000033035
  0.0000041775
 -0.0000011591
 -0.0000029187
  0.0000000033
  0.0000007231
  0.0000011200
 -0.0000027718
 -0.0000243634
 -0.0000036405
  0.0000143931
 -0.0000088831
  0.0000049686
 -0.0000009885
  0.0000021574
  0.0000100632
  0.0000348702
  0.0000079000
  0.0000021679
 -0.0000123045
 -0.0000060206
 -0.0000123658
  0.0000034632
  0.0000093374
 -0.0000726920
  0.0000025033
  0.0000347704
 -0.0000019437
 -0.0000002245
 -0.0000118776
  0.0000034126
  0.0000018491
  0.0000014583
  0.0000021613
 -0.0000014852
  0.0000029227
  0.0000029518
  0.0000012878
  0.0000015226
  0.0000018149
  0.0000018408
  0.0000007058
  0.0000006862
  0.0000039738
  0.0000054560
  0.0000016396
 -0.0000002164
  0.0000016288
  0.0000006291
  0.0000035388
 -0.0000005368
  0.0000006178
  0.0000002949
 -0.0000000264
  0.0000036071
  0.0000011071
  0.0000006147
  0.0000003929
 -0.0000377851
 -0.0000267845
 -0.0000609994
 -0.0000434272
 -0.0000199960
 -0.0000580090
 -0.0000232022
 -0.0000083077
  0.0000003196
  0.0000247474
 -0.0000262324
 -0.0000075066
 -0.0000089579
 -0.0000282547
 -0.0000312767
 -0.0000011217
  0.0000022713
  0.0000033253
  0.0000001245
  0.0000053528
  0.0000099945
 -0.0000015695
  0.0000016766
  0.0000050972
  0.0000047682
  0.0000048466
  0.0000036930
  0.0000000966
  0.0000033859
  0.0000012262
  0.0000043134
 -0.0000034716
 -0.0000008319
  0.0000084574
  0.0000013511
 -0.0000006110
  0.0000251705
 -0.0000108784
 -0.0000055832
  0.0000141544
 -0.0000015640
  0.0000128104
  0.0000109805
  0.0000122486
  0.0000206319
  0.0000058018
  0.0000280643
  0.0000231474
  0.0000462733
  0.0000027718
  0.0000003221
 -0.0000126517
  0.0000078371
  0.0000055505
  0.0000016925
  0.0000034279
 -0.0000008698
  0.0000019834
 -0.0000011383
 -0.0000002804
 -0.0000005208
  0.0000012347
 -0.0000010853
  0.0000003383
 -0.0000007194
 -0.0000017889
 -0.0000008376
  0.0000021839
  0.0000030158
  0.0000034628
  0.0000019083
  0.0000009800
 -0.0000000240
  0.0000026676
 -0.0000000234
  0.0000041996
  0.0000011949
  0.0000039797
 -0.0000004601
  0.0000000257
  0.0000035471
 -0.0000026799
  0.0000038346
  0.0000000257
  0.0000006186
 -0.0000008694
 -0.0000034538
  0.0000214908
 -0.0000048916
 -0.0000070770
 -0.0000147306
  0.0000444709
  0.0000066378
 -0.0000153778
 -0.0000181944
 -0.0000167304
 -0.0000048774
 -0.0000165076
 -0.0000200551
  0.0000018231
  0.0000211592
 -0.0000021586
  0.0000028722
 -0.0000025747
 -0.0000036536
  0.0000007432
  0.0000082787
  0.0000033473
  0.0000044701
  0.0000074355
  0.0000037017
 -0.0000006208
  0.0000067082
  0.0000022307
  0.0000053675
 -0.0000021931
 -0.0000000218
  0.0000043527
  0.0000056003
 -0.0000219633
 -0.0000015382
  0.0000253665
  0.0000025804
  0.0000047707
  0.0000159449
  0.0000297745
  0.0000083994
  0.0000053231
 -0.0000023165
  0.0000055764
  0.0000064418
  0.0000200873
  0.0000063539
  0.0000303304
  0.0000023488
  0.0000002054
 -0.0000068180
  0.0000104785
 -0.0000002431
 -0.0000010470
 -0.0000014637
 -0.0000026771
 -0.0000010039
 -0.0000025979
 -0.0000000391
 -0.0000031098
 -0.0000013422
 -0.0000014004
 -0.0000018759
 -0.0000026564
 -0.0000015541
 -0.0000015773
  0.0000001580
 -0.0000045663
 -0.0000022668
  0.0000016164
  0.0000030304
  0.0000008433
 -0.0000030873
  0.0000012902
 -0.0000019779
  0.0000020617
  0.0000001390
 -0.0000008962
 -0.0000029233
  0.0000030410
 -0.0000024836
 -0.0000005633
 -0.0000010300
 -0.0000049869
 -0.0000006161
 -0.0000023637
 -0.0000011810
 -0.0000020790
  0.0000030190
  0.0000138604
  0.0000057197
  0.0000054104
  0.0000098474
 -0.0000141941
  0.0000272114
  0.0000216557
  0.0000120555
  0.0000042734
  0.0000087591
  0.0000247445
  0.0000053910
 -0.0000072636
  0.0000057123
 -0.0000009526
 -0.0000003563
 -0.0000006464
 -0.0000047729
  0.0000004277
  0.0000066427
 -0.0000000414
  0.0000048541
 -0.0000004076
 -0.0000020751
 -0.0000072718
  0.0000045899
 -0.0000036787
 -0.0000040352
  0.0000002163
  0.0000003489
  0.0000056645
 -0.0000033825
 -0.0000206064
 -0.0000060687
  0.0000259700
  0.0000105361
  0.0000028551
  0.0000073329
  0.0000128348
 -0.0000008269
  0.0000878461
  0.0000029330
 -0.0000082707
  0.0000009037
 -0.0000061523
  0.0000019187
  0.0000477518
 -0.0002422940
  0.0000019014
  0.0000579514
 -0.0000021536
 -0.0000011298
  0.0000010272
 -0.0000032801
  0.0000006973
 -0.0000017774
 -0.0000024985
 -0.0000002794
 -0.0000004868
 -0.0000001771
 -0.0000019148
 -0.0000018584
 -0.0000010208
 -0.0000017198
 -0.0000039525
  0.0000000399
 -0.0000012426
  0.0000014806
 -0.0000024839
 -0.0000018464
 -0.0000032610
 -0.0000002055
  0.0000000522
  0.0000013066
 -0.0000039340
 -0.0000011302
 -0.0000002005
 -0.0000464995
 -0.0000177282
 -0.0000240707
 -0.0000470816
 -0.0000205264
 -0.0000079414
 -0.0000225733
 -0.0000255355
  0.0000007207
  0.0000142932
  0.0000032821
 -0.0000224911
  0.0000071087
 -0.0000446155
 -0.0000106719
 -0.0000024007
  0.0000007235
 -0.0000018448
  0.0000014657
  0.0000005220
  0.0000014711
  0.0000018061
  0.0000081739
 -0.0000007503
 -0.0000039866
 -0.0000009858
  0.0000015960
 -0.0000008613
 -0.0000002834
 -0.0000010023
 -0.0000001256
  0.0000256612
 -0.0000057140
 -0.0000012633
  0.0000202078
 -0.0000103956
  0.0000006635
 -0.0000032271
  0.0000040715
  0.0000083371
  0.0000146624
 -0.0000146470
  0.0000109107
 -0.0000000270
  0.0000014877
 -0.0000013726
  0.0000079842
 -0.0000061453
  0.0000262876
  0.0000047860
  0.0000159505
  0.0000070094
 -0.0000218709
  0.0000000609
  0.0000135628
  0.0000600136
  0.0000016471
 -0.0000114501
 -0.0000000703
  0.0000008746
 -0.0000002040
 -0.0000011106
 -0.0000007567
 -0.0000034302
 -0.0000001715
 -0.0000007691
 -0.0000004264
 -0.0000015505
  0.0000005045
 -0.0000040453
 -0.0000030361
  0.0000003250
  0.0000007832
  0.0000013495
 -0.0000013077
 -0.0000015613
  0.0000015154
 -0.0000024253
 -0.0000022549
  0.0000015182
 -0.0000050394
  0.0000022149
 -0.0000029329
 -0.0000021730
 -0.0000187990
 -0.0000256227
  0.0000065861
 -0.0000176369
 -0.0000175048
 -0.0000081429
 -0.0000171438
 -0.0000253469
 -0.0000125705
 -0.0000502616
 -0.0000245211
 -0.0000268646
 -0.0000238627
 -0.0000162145
 -0.0000323438
  0.0000018635
 -0.0000031721
 -0.0000014469
 -0.0000029933
  0.0000026596
  0.0000031101
  0.0000031798
  0.0000021622
  0.0000022523
 -0.0000002739
  0.0000033962
 -0.0000008447
 -0.0000009516
  0.0000042958
 -0.0000004397
 -0.0000001637
 -0.0000021599
 -0.0000000482
  0.0000320744
 -0.0000052866
  0.0000211282
 -0.0000046903
 -0.0000031954
  0.0000094067
 -0.0000192506
  0.0000077738
  0.0000032566
  0.0000043593
 -0.0000072172
  0.0000195810
 -0.0000019676
  0.0000057268
 -0.0000191751
 -0.0000018911
  0.0000492249
 -0.0000033704
 -0.0000048915
 -0.0000000069
  0.0000040715
 -0.0000009697
 -0.0000028028
 -0.0000029580
 -0.0000017524
 -0.0000017249
 -0.0000001134
 -0.0000006408
 -0.0000028459
  0.0000022818
  0.0000029334
  0.0000075330
  0.0000026501
 -0.0000039730
 -0.0000029436
  0.0000069380
 -0.0000003109
  0.0000846145
  0.0000093198
 -0.0000050453
 -0.0000035020
  0.0000324760
  0.0000118740
  0.0000002423
 -0.0000002784
  0.0000069234
 -0.0000004443
 -0.0000001501
 -0.0000018674
 -0.0000004057
 -0.0000018344
 -0.0000005205
  0.0000009547
  0.0000030959
  0.0000059998
 -0.0000020018
  0.0000394370
 -0.0000056623
 -0.0000056383
  0.0000218123
 -0.0000101356
  0.0000030095
 -0.0000019409
  0.0000009779
  0.0000112020
 -0.0000087738
 -0.0000121844
  0.0000005351
 -0.0000278072
  0.0000036256
  0.0000032503
 -0.0000025200
 -0.0000118287
 -0.0000039768
 -0.0000109869
 -0.0000064908
  0.0000028137
  0.0000016956
  0.0000245594
  0.0000085169
  0.0000045205
  0.0000068435
 -0.0000676859
 -0.0000001116
 -0.0000024473
 -0.0000087755
 -0.0000090645
  0.0000050650
 -0.0000265556
  0.0000269152
 -0.0000024481
 -0.0000045267
  0.0000192434
  0.0000062479
  0.0000011604
 -0.0000062871
  0.0000078363
 -0.0000010930
  0.0000171577
  0.0000071340
  0.0000075806
 -0.0000061689
 -0.0000018125
 -0.0000005870
  0.0000026734
  0.0000028868
  0.0000017948
  0.0000000240
  0.0000020309
  0.0000009578
  0.0000036435
 -0.0000020980
 -0.0000002390
 -0.0000011088
  0.0000008771
  0.0000345742
 -0.0000031283
  0.0000116828
  0.0000312512
  0.0000064226
  0.0000001867
  0.0000103368
  0.0000244568
 -0.0000118840
  0.0000090075
  0.0000047253
 -0.0000026317
 -0.0000009725
 -0.0000032554
  0.0000021691
 -0.0000017207
 -0.0000107012
 -0.0000010434
  0.0000325491
  0.0000042323
  0.0000004365
 -0.0002086957
  0.0000037554
 -0.0000076400
 -0.0000083648
  0.0000004135
 -0.0000119987
  0.0000006784
 -0.0000018702
  0.0000010736
  0.0000005423
 -0.0000069763
  0.0000083930
  0.0000025389
 -0.0000038904
  0.0000024012
  0.0000005353
  0.0000071414
  0.0000036071
 -0.0000370193
  0.0000114287
  0.0000081287
  0.0000021313
 -0.0000038619
  0.0000013295
  0.0000079856
  0.0000016864
  0.0000008244
  0.0000050585
  0.0000013233
 -0.0000003060
  0.0000015132
  0.0000000185
  0.0000004222
 -0.0000012309
  0.0000008498
 -0.0000008768
  0.0000008975
  0.0000383784
  0.0000003765
  0.0000288065
  0.0000314173
 -0.0000157165
  0.0000017332
 -0.0000045419
  0.0000117988
  0.0000175757
 -0.0000058669
 -0.0000126314
  0.0000062172
 -0.0000220327
 -0.0000007383
 -0.0000020020
  0.0000031720
  0.0000040096
 -0.0000072602
  0.0000036270
  0.0000014690
  0.0000426584
  0.0000044946
  0.0000034539
  0.0000056454
 -0.0001301189
  0.0000023085
  0.0000012700
 -0.0000091661
 -0.0000019496
 -0.0000215073
  0.0000008490
  0.0000017629
  0.0000007450
  0.0000085584
  0.0000047500
  0.0000091104
  0.0000025367
 -0.0000010721
 -0.0000006721
  0.0000089951
  0.0000022255
  0.0000730876
  0.0000126981
 -0.0000032870
 -0.0000010051
  0.0000241950
  0.0000147979
  0.0000017602
 -0.0000005256
  0.0000018769
  0.0000022494
  0.0000062019
  0.0000021907
  0.0000039507
  0.0000034400
  0.0000017820
  0.0000042729
 -0.0000006458
 -0.0000035042
  0.0000029101
  0.0000400474
 -0.0000041020
 -0.0000016625
  0.0000239529
 -0.0000085129
  0.0000005290
 -0.0000004397
  0.0000034578
  0.0000126817
 -0.0000075265
 -0.0000114566
  0.0000024593
 -0.0000282006
  0.0000047024
 -0.0000020813
 -0.0000082351
 -0.0000066012
  0.0000043235
  0.0000007099
  0.0000280930
  0.0000110982
  0.0000056147
  0.0000055900
 -0.0000792045
  0.0000023360
 -0.0000069211
 -0.0000063031
 -0.0000266198
 -0.0000015146
 -0.0000019232
  0.0000153020
  0.0000019573
 -0.0000077542
  0.0000261544
  0.0000050464
  0.0000000999
 -0.0000040791
  0.0000060785
 -0.0000231488
  0.0000268592
  0.0000069124
  0.0000055592
 -0.0000223410
 -0.0000074031
  0.0000069595
  0.0000027017
  0.0000033067
  0.0000015921
  0.0000030138
  0.0000016098
  0.0000033886
  0.0000002376
 -0.0000002180
  0.0000018164
  0.0000000137
  0.0000368191
  0.0000162230
  0.0000349659
 -0.0000031267
 -0.0000011096
  0.0000120222
 -0.0000098420
  0.0000082656
  0.0000257369
 -0.0000038681
 -0.0000036102
 -0.0000034030
  0.0000037573
  0.0000034656
  0.0000108090
 -0.0000006780
  0.0000403667
  0.0000108644
  0.0000001554
  0.0000009553
 -0.0002566365
  0.0000037829
 -0.0000024123
  0.0000055007
 -0.0000078974
  0.0000107352
 -0.0000012846
  0.0000155637
 -0.0000156772
  0.0000027947
  0.0000030426
  0.0000035530
  0.0000077071
  0.0000012196
 -0.0000190352
  0.0000012639
  0.0000030963
  0.0000134963
  0.0000171159
 -0.0000005754
 -0.0000001210
  0.0000005574
  0.0000020009
  0.0000036783
  0.0000002916
  0.0000022945
 -0.0000016940
  0.0000033958
  0.0000004531
 -0.0000015146
 -0.0000015380
  0.0000004578
  0.0000352776
 -0.0000009787
  0.0000218685
  0.0000305540
  0.0000047213
 -0.0000048727
  0.0000116320
  0.0000210736
 -0.0000057166
 -0.0000127759
  0.0000064076
 -0.0000004060
 -0.0000069364
  0.0000008695
  0.0000022861
  0.0000033268
 -0.0000099813
 -0.0000006611
  0.0000325595
 -0.0000010925
 -0.0000005392
  0.0000008573
 -0.0001730916
  0.0000052867
 -0.0000119821
 -0.0000076779
 -0.0000123620
 -0.0000018852
 -0.0000023878
 -0.0000022859
  0.0000117395
  0.0000113669
 -0.0000069845
  0.0000078226
  0.0000057536
  0.0000123353
  0.0000098296
  0.0000072750
 -0.0000043417
  0.0000003910
  0.0000103404
  0.0000146443
  0.0000122787
  0.0000067536
  0.0000018333
  0.0000030005
  0.0000021038
  0.0000001784
  0.0000021162
  0.0000011059
  0.0000024136
  0.0000044397
 -0.0000013415
  0.0000074223
  0.0000255772
 -0.0000066853
 -0.0000064615
  0.0000056760
 -0.0000068667
 -0.0000074253
  0.0000124938
  0.0000667065
  0.0000052230
 -0.0000029285
 -0.0000019281
  0.0000029262
  0.0000007623
  0.0000041304
 -0.0000033831
  0.0000281709
  0.0000159706
  0.0000100787
  0.0000024845
 -0.0003558184
 -0.0000073625
 -0.0000122574
 -0.0000007078
 -0.0000010270
 -0.0000120132
  0.0000093653
  0.0000057513
 -0.0000078677
  0.0000034409
  0.0000027621
  0.0000069347
  0.0000071811
 -0.0000104168
 -0.0000093555
 -0.0000040496
  0.0000061125
 -0.0000003800
  0.0000066614
  0.0000043717
  0.0000005920
  0.0000012847
  0.0000028818
  0.0000006236
  0.0000014611
  0.0000020843
 -0.0000002071
  0.0000006070
 -0.0000014811
 -0.0000020310
  0.0000014944
  0.0000386043
  0.0000133743
  0.0000306297
 -0.0000007194
  0.0000038036
  0.0000024321
 -0.0000072737
  0.0000073030
  0.0000360455
  0.0000020802
 -0.0000033968
 -0.0000027749
 -0.0000024583
  0.0000050208
  0.0000016784
  0.0000002025
  0.0000360829
  0.0000124217
  0.0000066962
  0.0000034600
 -0.0002990362
  0.0000012693
 -0.0000061945
  0.0000064542
 -0.0000044264
 -0.0000041160
 -0.0000047304
 -0.0000020057
  0.0000006199
  0.0000004026
  0.0000055470
  0.0000078401
  0.0000016902
 -0.0000001814
  0.0000047124
 -0.0000373418
  0.0000199390
  0.0000064434
  0.0000079970
 -0.0000044804
  0.0000000824
  0.0000019949
  0.0000013456
  0.0000006357
  0.0000037898
  0.0000030605
  0.0000025891
  0.0000032285
  0.0000027025
  0.0000005638
  0.0000020861
  0.0000014426
  0.0000333228
  0.0000291806
  0.0000320603
 -0.0000106486
  0.0000003523
  0.0000035497
 -0.0000140126
  0.0000065472
 -0.0000094625
  0.0000053008
 -0.0000007417
  0.0000029245
 -0.0000125795
  0.0000033706
 -0.0000031622
  0.0000430429
  0.0000070318
  0.0000066902
 -0.0001647400
  0.0000040795
 -0.0000113208
 -0.0000011485
  0.0000013066
 -0.0000172884
 -0.0000100364
  0.0000078990
  0.0000185831
 -0.0000150114
  0.0000021537
  0.0000010458
  0.0000121917
  0.0000064041
 -0.0000087893
 -0.0000134999
  0.0000064391
  0.0000031655
  0.0000136462
  0.0000206782
  0.0000059903
  0.0000012693
 -0.0000009770
  0.0000082567
  0.0000057921
  0.0000023699
 -0.0000000251
  0.0000004674
  0.0000017746
 -0.0000014152
  0.0000016590
  0.0000041174
 -0.0000040224
 -0.0000000361
  0.0000350582
  0.0000006846
  0.0000263487
  0.0000317294
  0.0000055205
 -0.0000046093
  0.0000127248
  0.0000182176
 -0.0000029661
 -0.0000124667
  0.0000078062
 -0.0000024205
 -0.0000020095
 -0.0000000805
 -0.0000022878
  0.0000039484
  0.0000048312
 -0.0000099907
  0.0000094926
  0.0000356162
  0.0000013267
  0.0000027898
 -0.0001707262
  0.0000030025
 -0.0000076920
 -0.0000054988
  0.0000038973
 -0.0000133911
 -0.0000006759
 -0.0000030723
  0.0000088431
  0.0000002266
 -0.0000097194
  0.0000229263
  0.0000037207
 -0.0000007290
 -0.0000064759
  0.0000046666
 -0.0000299771
  0.0000235631
  0.0000049705
  0.0000041805
 -0.0000225503
 -0.0000093178
  0.0000051553
  0.0000031952
 -0.0000001423
  0.0000030447
  0.0000043874
  0.0000022611
  0.0000023589
  0.0000050971
  0.0000019889
 -0.0000016650
  0.0000433304
  0.0000137296
  0.0000327219
 -0.0000070429
 -0.0000043329
  0.0000097124
 -0.0000059024
  0.0000062971
  0.0000367599
 -0.0000070967
 -0.0000030399
  0.0000017127
  0.0000042688
 -0.0000034594
  0.0000392977
  0.0000096235
 -0.0000009701
  0.0000018333
 -0.0003042392
 -0.0000056375
 -0.0000043255
 -0.0000011371
 -0.0000015702
  0.0000005327
 -0.0000023014
 -0.0000032562
  0.0000056381
  0.0000067401
 -0.0000076962
  0.0000100920
  0.0000123044
  0.0000083435
  0.0000079391
  0.0000038314
 -0.0000056050
  0.0000069744
  0.0000100505
  0.0000034035
  0.0000067500
  0.0000021885
 -0.0000029064
 -0.0000040417
 -0.0000014125
 -0.0000052463
 -0.0000029654
 -0.0000041159
 -0.0000050492
 -0.0000071473
 -0.0000078736
 -0.0000074277
 -0.0000062031
  0.0000038645
 -0.0000032896
  0.0000022344
 -0.0000029753
 -0.0000001901
  0.0000023682
 -0.0000017198
  0.0000097323
 -0.0000005191
 -0.0000004996
  0.0000032009
  0.0000076334
  0.0000018465
 -0.0000006399
  0.0000107379
  0.0000150225
  0.0000022983
  0.0000036468
 -0.0004788253
  0.0000008599
 -0.0000346559
  0.0000028758
  0.0000411110
 -0.0000014862
 -0.0000006964
 -0.0000009567
  0.0000067587
 -0.0000010340
  0.0000025439
  0.0000036471
  0.0000022112
 -0.0000044174
  0.0000029053
 -0.0000022315
 -0.0000009668
  0.0000061385
 -0.0000040534
  0.0000035381
 -0.0000022669
  0.0000032066
 -0.0000019310
  0.0000001534
 -0.0000046091
 -0.0000009121
  0.0000004960
 -0.0000043097
 -0.0000026813
 -0.0000046536
 -0.0000005636
 -0.0000094768
 -0.0000012354
  0.0000039872
 -0.0000001150
  0.0000094626
 -0.0000025424
 -0.0000011698
 -0.0000033738
  0.0000024142
  0.0000042225
 -0.0000029820
  0.0000216535
  0.0000156533
  0.0000007616
 -0.0004399048
 -0.0000032372
 -0.0000296138
 -0.0000027545
  0.0000326668
  0.0000018663
 -0.0000006582
  0.0000006233
  0.0000094631
 -0.0000004088
  0.0000129630
  0.0000239476
  0.0000019675
 -0.0000044380
  0.0000001180
  0.0000018467
  0.0000328698
  0.0000431361
  0.0000001224
  0.0000016056
  0.0000344987
  0.0000143699
 -0.0000014682
 -0.0000004964
 -0.0000021748
 -0.0000020019
 -0.0000016715
  0.0000032912
 -0.0000002167
  0.0000084269
 -0.0000015160
 -0.0000020945
  0.0000007397
 -0.0000019540
  0.0000000608
  0.0000433782
 -0.0000088142
  0.0000203808
 -0.0000062541
  0.0000051626
 -0.0000057007
  0.0000021116
  0.0000099473
 -0.0000095893
  0.0000015526
 -0.0000207793
  0.0000003168
 -0.0000007638
 -0.0000083219
 -0.0000023158
 -0.0000015745
  0.0000181715
  0.0000077027
 -0.0000018970
  0.0000097419
 -0.0000354144
 -0.0000021265
 -0.0000046895
 -0.0000095607
 -0.0000189966
 -0.0000032514
 -0.0000030526
 -0.0000134229
  0.0000088171
  0.0000129047
 -0.0000145610
  0.0000018250
 -0.0000008069
  0.0000093964
  0.0000020185
 -0.0000101610
 -0.0000129033
  0.0000060704
  0.0000016271
  0.0000117290
  0.0000128861
  0.0000089815
  0.0000039284
  0.0000006778
 -0.0000005445
  0.0000037150
  0.0000013645
  0.0000014516
  0.0000029710
  0.0000014799
  0.0000010064
  0.0000016489
  0.0000329595
  0.0000207265
  0.0000302879
 -0.0000012024
  0.0000032072
  0.0000056616
  0.0000066245
  0.0000040733
 -0.0000005205
  0.0000025656
  0.0000047064
  0.0000335029
  0.0000005155
  0.0000060428
  0.0000031741
 -0.0002086504
  0.0000027983
 -0.0000070934
  0.0000066748
 -0.0000098765
 -0.0000009638
 -0.0000011310
  0.0000067807
  0.0000005187
  0.0000009319
  0.0000123668
  0.0000008261
 -0.0000041138
  0.0000013327
 -0.0000025978
 -0.0000007007
  0.0000131747
 -0.0000008197
  0.0000021189
 -0.0000028145
  0.0000023888
  0.0000013995
 -0.0000007876
 -0.0000029463
 -0.0000017317
 -0.0000023691
 -0.0000006985
 -0.0000005136
  0.0000056953
  0.0000206173
 -0.0000116906
 -0.0000054408
  0.0000036921
 -0.0000043779
 -0.0000062151
  0.0000136142
 -0.0000004915
  0.0000007436
 -0.0000019307
  0.0000117357
 -0.0000045623
 -0.0000003024
  0.0000337440
  0.0000254591
  0.0000064987
 -0.0000020869
 -0.0003942297
 -0.0000111557
 -0.0000147261
 -0.0000005785
  0.0000051816
  0.0000070108
  0.0000095730
 -0.0000026543
  0.0000076725
 -0.0000030151
  0.0000099302
  0.0000000727
  0.0000086143
  0.0000020542
  0.0000017133
  0.0000071454
  0.0000090655
  0.0000102566
  0.0000042203
 -0.0000010261
  0.0000004852
  0.0000004361
  0.0000010209
 -0.0000018068
 -0.0000014244
 -0.0000032933
 -0.0000000482
  0.0000014171
 -0.0000013709
  0.0000384474
  0.0000023310
  0.0000076231
  0.0000253714
 -0.0000034196
  0.0000055662
  0.0000035670
 -0.0000099718
  0.0000123956
  0.0000385913
 -0.0000014571
 -0.0000002622
 -0.0000037370
 -0.0000002335
  0.0000004248
  0.0000044205
  0.0000113140
 -0.0000019233
  0.0000270239
  0.0000127268
  0.0000087814
  0.0000013996
 -0.0003089375
  0.0000054267
 -0.0000118365
  0.0000044877
 -0.0000045035
  0.0000043804
 -0.0000012961
 -0.0000033223
  0.0000087195
  0.0000094660
  0.0000125231
  0.0000158926
  0.0000022481
 -0.0000029062
  0.0000110231
  0.0000015247
  0.0000888856
  0.0000140334
  0.0000054860
  0.0000032574
  0.0000479283
  0.0000089859
  0.0000084346
  0.0000027613
  0.0000012871
  0.0000016092
 -0.0000027472
  0.0000015206
  0.0000012471
  0.0000021973
  0.0000086817
 -0.0000003664
 -0.0000019652
  0.0000004496
 -0.0000020366
  0.0000025319
  0.0000400576
 -0.0000020023
  0.0000208719
 -0.0000007950
 -0.0000024433
  0.0000056969
 -0.0000111206
  0.0000025486
 -0.0000244989
  0.0000025822
  0.0000038119
 -0.0000028994
 -0.0000069193
 -0.0000007088
  0.0000266241
  0.0000120658
  0.0000006669
  0.0000025022
 -0.0000882549
 -0.0000008105
 -0.0000141873
 -0.0000069887
 -0.0000227309
  0.0000009471
 -0.0000026959
 -0.0000020948
  0.0000016054
  0.0000013422
 -0.0000031611
  0.0000015009
 -0.0000032497
  0.0000010848
 -0.0000058639
 -0.0000153006
 -0.0000012563
  0.0000008230
 -0.0000000953
 -0.0000148646
  0.0000020401
 -0.0000030662
 -0.0000077500
 -0.0000014964
 -0.0000053971
 -0.0000073175
 -0.0000061115
 -0.0000067394
 -0.0000062916
 -0.0000056790
  0.0000476375
 -0.0000288286
 -0.0000669565
  0.0000126012
  0.0000253283
 -0.0000147537
 -0.0000065490
  0.0000102831
  0.0000198830
 -0.0000120860
  0.0000029608
  0.0000023570
  0.0000099194
  0.0000028482
  0.0000094173
 -0.0000056587
  0.0000322779
 -0.0000231218
  0.0000102877
 -0.0000073856
 -0.0000003976
 -0.0000108528
  0.0000218875
 -0.0005796777
 -0.0000044123
  0.0000251534
 -0.0000641184
  0.0000162490
  0.0000802617
  0.0000187848
  0.0000051297
  0.0000086023
  0.0000292527
  0.0000072028
  0.0000038883
  0.0000047257
  0.0000069304
 -0.0000034135
  0.0000350130
 -0.0000016252
  0.0000071211
 -0.0000046771
  0.0000102029
  0.0000029453
  0.0000027045
  0.0000021926
  0.0000017149
  0.0000021522
  0.0000045230
  0.0000016103
  0.0000008710
  0.0000030648
  0.0000026966
 -0.0000001740
  0.0000035762
 -0.0000009866
 -0.0000000470
  0.0000369480
  0.0000008277
  0.0000220301
  0.0000307254
 -0.0000019401
  0.0000002743
  0.0000037308
  0.0000134841
 -0.0000073911
 -0.0000140645
  0.0000070910
 -0.0000245150
  0.0000053119
  0.0000034004
  0.0000018937
 -0.0000089993
  0.0000045828
  0.0000457126
  0.0000125589
  0.0000067142
  0.0000015070
 -0.0001201665
  0.0000027105
 -0.0000157314
  0.0000007819
 -0.0000228643
 -0.0000026770
  0.0000075694
  0.0000067529
 -0.0000075608
  0.0000242822
  0.0000022339
  0.0000033289
 -0.0000013003
  0.0000044644
 -0.0000251177
  0.0000238733
  0.0000060108
  0.0000031177
 -0.0000188526
 -0.0000069964
  0.0000110519
  0.0000006256
  0.0000031737
 -0.0000004848
  0.0000016777
  0.0000020306
  0.0000021910
 -0.0000009662
 -0.0000001855
  0.0000010556
  0.0000312439
  0.0000024018
  0.0000171942
  0.0000364782
 -0.0000065737
  0.0000047230
  0.0000051009
  0.0000086112
  0.0000213038
  0.0000032828
  0.0000032486
 -0.0000008108
  0.0000048864
  0.0000035120
 -0.0000141186
 -0.0000008988
  0.0000025956
  0.0000421265
  0.0000135230
  0.0000061839
 -0.0002405387
  0.0000014823
 -0.0000009590
  0.0000045289
 -0.0000085555
 -0.0000004893
 -0.0000020593
  0.0000032140
  0.0000145667
  0.0000158940
 -0.0000017528
  0.0000181121
  0.0000194453
  0.0000175438
  0.0000154694
  0.0000098858
  0.0000005040
  0.0000147016
  0.0000179178
  0.0000108451
  0.0000158549
  0.0000105502
 -0.0000042306
  0.0000015799
 -0.0000012099
  0.0000032386
  0.0000002813
 -0.0000018908
 -0.0000025336
 -0.0000014127
  0.0000010902
  0.0000087706
  0.0000193191
 -0.0000092515
 -0.0000077913
  0.0000050300
  0.0000083111
 -0.0000115675
 -0.0000087593
  0.0000111041
 -0.0000024949
  0.0000181649
 -0.0000033293
 -0.0000021546
 -0.0000051014
  0.0000110733
  0.0000009695
 -0.0000003838
 -0.0000037122
  0.0000326182
  0.0000230822
  0.0000093798
 -0.0000004391
 -0.0003852984
  0.0000091076
 -0.0000067426
 -0.0000143507
 -0.0000029503
 -0.0000026796
  0.0000268654
  0.0000009659
  0.0000160389
  0.0000292982
  0.0000094498
  0.0000045107
  0.0000034427
  0.0000058260
  0.0000228371
  0.0000264785
  0.0000040479
  0.0000099041
  0.0000018585
  0.0000161895
  0.0000017784
  0.0000004075
  0.0000020640
  0.0000034648
  0.0000040615
  0.0000066491
  0.0000021677
  0.0000049470
  0.0000018095
  0.0000024098
  0.0000026650
  0.0000015671
  0.0000033385
  0.0000371951
  0.0000177139
  0.0000288843
  0.0000016527
  0.0000010211
  0.0000035699
 -0.0000141777
  0.0000065437
 -0.0000252736
  0.0000067900
  0.0000012860
  0.0000022504
 -0.0000003464
 -0.0000096534
  0.0000028346
  0.0000428525
  0.0000138425
  0.0000078411
  0.0000020363
 -0.0001192007
  0.0000043118
 -0.0000142701
 -0.0000001791
  0.0000059306
 -0.0000232992
 -0.0000026702
 -0.0000034683
 -0.0000026712
  0.0000053184
  0.0000161875
 -0.0000183823
  0.0000011907
  0.0000000138
  0.0000094195
  0.0000052693
 -0.0000024706
 -0.0000170832
  0.0000047410
  0.0000024676
  0.0000136244
  0.0000186283
  0.0000028976
  0.0000022315
  0.0000016558
  0.0000035560
  0.0000009613
  0.0000041203
 -0.0000000369
  0.0000010527
 -0.0000015529
  0.0000026574
  0.0000028700
 -0.0000022804
  0.0000347679
  0.0000191437
  0.0000301103
 -0.0000082498
 -0.0000046926
  0.0000089793
 -0.0000117347
  0.0000066252
  0.0000026314
 -0.0000015741
  0.0000000855
  0.0000026719
  0.0000010413
 -0.0000106422
  0.0000061413
 -0.0000015565
  0.0000318638
 -0.0000007681
  0.0000025839
 -0.0001980683
  0.0000031819
 -0.0000081487
  0.0000028052
 -0.0000115861
  0.0000186523
  0.0000094115
 -0.0000000709
  0.0000158241
  0.0000023909
 -0.0000031866
  0.0000093203
  0.0000016132
  0.0000728695
  0.0000092195
  0.0000075912
  0.0000033866
  0.0000662742
  0.0000038322
  0.0000088900
  0.0000025559
  0.0000022917
  0.0000028978
  0.0000056035
  0.0000056180
  0.0000023716
  0.0000006642
 -0.0000022294
  0.0000026029
  0.0000012468
  0.0000024675
  0.0000019397
  0.0000004429
  0.0000416015
 -0.0000031375
 -0.0000036016
  0.0000212914
 -0.0000065430
  0.0000036437
 -0.0000001224
  0.0000040878
  0.0000099878
 -0.0000067778
 -0.0000099510
  0.0000029341
 -0.0000207629
  0.0000028954
 -0.0000024041
 -0.0000087594
 -0.0000047820
  0.0000011845
  0.0000033003
  0.0000226487
  0.0000130908
  0.0000041747
  0.0000086029
 -0.0000559317
  0.0000019613
 -0.0000050978
 -0.0000074176
 -0.0000190617
  0.0000090495
 -0.0000008252
  0.0000045986
  0.0000215543
  0.0000085240
  0.0000016915
  0.0000037493
  0.0000057304
 -0.0000082756
  0.0000327546
  0.0000033069
  0.0000086797
 -0.0000121142
  0.0000052302
 -0.0000023545
  0.0000004264
 -0.0000000937
  0.0000086322
  0.0000071541
  0.0000044671
  0.0000027420
  0.0000009687
  0.0000016726
 -0.0000009911
 -0.0000003307
  0.0000048011
 -0.0000000040
  0.0000024228
  0.0000373673
  0.0000008014
  0.0000253503
  0.0000321883
 -0.0000155880
 -0.0000000436
 -0.0000021466
  0.0000071916
  0.0000148330
 -0.0000068875
 -0.0000131095
  0.0000067956
 -0.0000231972
  0.0000033014
  0.0000032549
  0.0000032070
 -0.0000079335
  0.0000092905
 -0.0000002717
  0.0000463300
  0.0000104876
  0.0000053435
  0.0000041233
 -0.0001196130
  0.0000041712
 -0.0000108728
  0.0000007147
 -0.0000216964
  0.0000001038
 -0.0000019343
 -0.0000220644
 -0.0000120114
 -0.0000111019
 -0.0000268232
 -0.0000068313
 -0.0000037186
 -0.0000097212
 -0.0000092026
 -0.0000166472
 -0.0000244992
 -0.0000105545
 -0.0000066182
 -0.0000168774
 -0.0000109688
 -0.0000154504
 -0.0000104211
 -0.0000096377
 -0.0000114288
 -0.0000136773
 -0.0000109403
 -0.0000144296
 -0.0000137332
  0.0003150902
 -0.0000515226
  0.0000126358
  0.0000270319
 -0.0000109576
  0.0000057843
  0.0000192147
 -0.0000184166
  0.0000004150
 -0.0000071651
  0.0000103450
  0.0000022654
 -0.0000198484
  0.0000734572
  0.0000322889
  0.0000089950
 -0.0000175035
 -0.0000080916
 -0.0000188220
  0.0000151111
  0.0000263867
 -0.0000863452
  0.0000096730
  0.0000739996
 -0.0000001685
 -0.0000044790
 -0.0000005555
 -0.0000023091
  0.0000090040
 -0.0000019626
  0.0000025155
 -0.0000027348
 -0.0000013287
 -0.0000091632
  0.0000025271
 -0.0000052162
  0.0000010773
 -0.0000086365
 -0.0000018706
  0.0000000326
  0.0000014336
  0.0000041751
 -0.0000010906
 -0.0000020264
  0.0000006244
  0.0000010407
 -0.0000022811
  0.0000061668
  0.0000236178
 -0.0000089853
 -0.0000068664
  0.0000019834
  0.0000093093
 -0.0000117733
 -0.0000082706
  0.0000104946
  0.0000788540
 -0.0000023758
  0.0000028627
 -0.0000022032
 -0.0000025284
  0.0000121519
 -0.0000024744
  0.0000124387
 -0.0000030018
  0.0000346087
  0.0000260039
  0.0000039465
 -0.0000009601
 -0.0003634713
  0.0000098573
 -0.0000082587
 -0.0000119574
 -0.0000023910
 -0.0000016478
 -0.0000108903
  0.0000105106
  0.0000026587
 -0.0000006063
  0.0000028023
  0.0000030027
  0.0000071118
  0.0000073936
 -0.0000142489
 -0.0000024017
 -0.0000039272
  0.0000054283
 -0.0000013202
  0.0000037839
  0.0000066533
  0.0000002350
  0.0000011406
 -0.0000005104
  0.0000009460
  0.0000031208
 -0.0000017718
 -0.0000009655
 -0.0000024319
  0.0000004105
  0.0000012434
 -0.0000013139
  0.0000334186
  0.0000044908
  0.0000181935
  0.0000362162
 -0.0000062535
  0.0000040451
  0.0000025869
  0.0000263032
  0.0000077477
  0.0000265105
 -0.0000053246
  0.0000020208
  0.0000002154
 -0.0000040671
 -0.0000004619
  0.0000057398
 -0.0000136750
  0.0000084943
  0.0000002570
  0.0000422866
  0.0000157332
  0.0000069708
 -0.0002533356
  0.0000013253
 -0.0000006510
  0.0000035976
 -0.0000070923
 -0.0000012727
  0.0000003486
  0.0000001462
 -0.0000006362
  0.0000132308
 -0.0000056618
  0.0000064468
  0.0000289065
 -0.0000026891
 -0.0000089177
 -0.0000049815
 -0.0000031517
  0.0000357321
  0.0000169129
 -0.0000058612
 -0.0000024995
  0.0000092262
  0.0000060317
 -0.0000063967
  0.0000012016
 -0.0000000797
  0.0000070375
 -0.0000016495
 -0.0000008776
 -0.0000007369
  0.0000010911
  0.0000000024
 -0.0000012297
 -0.0000024714
  0.0000008474
  0.0000028308
  0.0000011633
  0.0000430506
 -0.0000041581
 -0.0000156763
  0.0000169615
 -0.0000030371
  0.0000043260
 -0.0000036817
  0.0000016431
  0.0000112446
 -0.0000092367
 -0.0000117616
 -0.0000008487
 -0.0000269908
 -0.0000074781
  0.0000004125
  0.0000050338
 -0.0000010946
 -0.0000089034
 -0.0000059365
 -0.0000130399
  0.0000020898
  0.0000028648
  0.0000065805
  0.0000116738
  0.0000034189
  0.0000026433
  0.0000112607
 -0.0000056430
  0.0000018743
 -0.0000038165
 -0.0000113064
 -0.0000134467
  0.0000049477
 -0.0000257204
  0.0000042044
 -0.0000006332
 -0.0000006585
  0.0000143133
 -0.0000009061
 -0.0000046155
 -0.0000009295
 -0.0000032362
 -0.0000004399
  0.0000112559
 -0.0000033796
  0.0000006700
 -0.0000028122
  0.0000000314
 -0.0000000225
  0.0000017150
  0.0000033223
  0.0000022512
  0.0000016867
  0.0000036572
 -0.0000002294
  0.0000025153
  0.0000067741
  0.0000239550
 -0.0000055416
 -0.0000051824
  0.0000054006
 -0.0000067345
 -0.0000062050
  0.0000138393
 -0.0000003715
 -0.0000030453
 -0.0000033259
  0.0000138340
 -0.0000005827
  0.0000084850
 -0.0000033482
  0.0000345659
  0.0000277689
  0.0000056944
  0.0000034808
 -0.0003702748
 -0.0000039328
 -0.0000118109
 -0.0000007631
  0.0000001424
 -0.0000008202
 -0.0000044729
 -0.0000169749
  0.0000140448
 -0.0000097452
 -0.0000177146
 -0.0000124870
 -0.0000121537
  0.0000136945
 -0.0000097962
 -0.0000164703
 -0.0000083114
  0.0000028872
 -0.0000037608
 -0.0000040515
 -0.0000144026
  0.0000051240
 -0.0000003981
 -0.0000002254
  0.0000035639
  0.0000012961
  0.0000008526
  0.0000007121
 -0.0000007052
  0.0000021711
 -0.0000019616
  0.0000045868
 -0.0000016901
  0.0000400028
 -0.0000087040
 -0.0000150101
  0.0000204388
 -0.0000060823
 -0.0000006068
 -0.0000031965
  0.0000035919
  0.0000080659
 -0.0000036576
 -0.0000040224
 -0.0000097243
 -0.0000156607
 -0.0000013883
 -0.0000012955
  0.0000040470
  0.0000014345
 -0.0000034179
 -0.0000040439
 -0.0000085460
  0.0000122111
 -0.0000005278
  0.0000108056
  0.0000071294
 -0.0000019534
 -0.0000040880
  0.0000131764
  0.0000177550
  0.0000010422
 -0.0000044831
 -0.0000016151
 -0.0000106072
  0.0000037810
 -0.0000168878
 -0.0000088261
  0.0000089661
  0.0000071774
 -0.0000099538
  0.0000046510
  0.0000029097
  0.0000082862
  0.0000070266
 -0.0000028169
 -0.0000093292
 -0.0000027945
  0.0000072102
  0.0000064985
  0.0000080767
  0.0000041006
 -0.0000006078
 -0.0000000462
  0.0000003409
 -0.0000003288
 -0.0000006250
 -0.0000019808
  0.0000031352
  0.0000016812
 -0.0000007203
  0.0000479124
  0.0000081931
  0.0000263188
 -0.0000058156
 -0.0000024998
  0.0000042207
  0.0000022955
 -0.0000081428
  0.0000083993
  0.0000456138
  0.0000021799
  0.0000012318
 -0.0000015320
 -0.0000013972
  0.0000028091
 -0.0000023260
  0.0000015999
  0.0000293949
  0.0000112965
  0.0000072059
  0.0000007283
 -0.0003264128
  0.0000005481
 -0.0000101016
 -0.0000108257
  0.0000032065
  0.0000145780
  0.0000009068
  0.0000160988
 -0.0000100301
  0.0000042062
  0.0000005716
  0.0000063306
  0.0000060174
  0.0000042530
 -0.0000159160
  0.0000041927
  0.0000042182
  0.0000108077
  0.0000176835
  0.0000008997
  0.0000019889
  0.0000046900
  0.0000035263
  0.0000042509
  0.0000044101
  0.0000025973
  0.0000015983
  0.0000018916
  0.0000006030
  0.0000298048
  0.0000147167
  0.0000312791
 -0.0000007280
 -0.0000038013
  0.0000063196
  0.0000071493
  0.0000103134
 -0.0000006141
 -0.0000022747
  0.0000030328
  0.0000044737
  0.0000004965
  0.0000327983
  0.0000001485
  0.0000033414
  0.0000058831
 -0.0002200424
  0.0000026783
 -0.0000076975
  0.0000072219
 -0.0000106523
 -0.0000107767
  0.0000062662
 -0.0000064628
  0.0000012833
 -0.0000022493
 -0.0000016807
 -0.0000020957
  0.0000007411
 -0.0000136927
 -0.0000003076
  0.0000016602
 -0.0000008806
 -0.0000031924
 -0.0000057556
  0.0000067468
  0.0000020371
 -0.0000003801
  0.0000049044
  0.0000041743
 -0.0000000686
  0.0000018885
 -0.0000005482
 -0.0000001129
  0.0000093122
 -0.0000109976
 -0.0000048543
  0.0000097954
  0.0000045509
  0.0000701967
 -0.0000061000
  0.0000005720
 -0.0000021946
 -0.0000020542
 -0.0000050482
  0.0000038474
 -0.0000005693
  0.0000336587
  0.0000133395
 -0.0000009901
 -0.0003566601
 -0.0000108093
 -0.0000090913
  0.0000001582
  0.0000029351
 -0.0000002937
  0.0000009388
  0.0000092117
 -0.0000129206
 -0.0000053265
 -0.0000033381
 -0.0000001002
 -0.0000016933
  0.0000086476
  0.0000064446
 -0.0000014503
  0.0000007625
 -0.0000005770
 -0.0000001449
  0.0000006837
 -0.0000235465
 -0.0000116530
  0.0000224434
 -0.0000189884
  0.0000164861
  0.0000075566
 -0.0000027910
  0.0000005870
 -0.0000196355
 -0.0000096375
 -0.0000154656
 -0.0000058101
  0.0000133953
  0.0000195183
 -0.0000031462
  0.0000146560
 -0.0000008061
  0.0000167506
 -0.0000097370
  0.0000165165
 -0.0000521536
 -0.0000033918
 -0.0000621099
 -0.0000051458
 -0.0000184575
 -0.0000097604
  0.0000101675
  0.0001115766
  0.0000008226
 -0.0000140517
 -0.0000054104
 -0.0000019384
 -0.0000082450
  0.0000531254
 -0.0000077719
  0.0000028186
  0.0000016928
  0.0000032019
 -0.0000041248
  0.0000003268
 -0.0000133953
 -0.0000003210
 -0.0000004409
 -0.0000042667
  0.0000069560
  0.0000005780
  0.0000005461
 -0.0000033230
 -0.0000026361
 -0.0000300983
  0.0000066819
  0.0000136736
 -0.0000042040
  0.0000127013
 -0.0000031186
 -0.0000046191
 -0.0000017147
 -0.0000172459
 -0.0000006063
 -0.0000189403
 -0.0000005911
  0.0000019507
  0.0000061628
 -0.0000033034
  0.0000026189
 -0.0000185725
  0.0000159049
 -0.0000146864
  0.0000017618
 -0.0000388726
 -0.0000071890
 -0.0000233558
 -0.0000028427
 -0.0000137491
 -0.0000048757
 -0.0000373887
  0.0001220536
 -0.0000005744
  0.0000078789
 -0.0000070598
 -0.0000029933
  0.0000042369
  0.0000234850
 -0.0000097189
 -0.0000033186
 -0.0000006288
 -0.0000004104
  0.0000021775
 -0.0000047814
 -0.0000037199
 -0.0000126211
 -0.0000011306
 -0.0000022448
 -0.0000004254
  0.0000071099
 -0.0000018205
  0.0000006245
  0.0000006450
 -0.0000310916
  0.0000042292
  0.0000192501
 -0.0000024345
  0.0000176101
  0.0000079834
 -0.0000037389
 -0.0000010840
 -0.0000163132
 -0.0000062849
 -0.0000167646
 -0.0000041492
  0.0000116928
  0.0000213849
 -0.0000029691
  0.0000174450
 -0.0000103940
  0.0000161668
 -0.0000210356
  0.0000121614
 -0.0000304010
 -0.0000084337
 -0.0000569179
 -0.0000032853
 -0.0000104009
 -0.0000048787
 -0.0000051874
  0.0001096473
  0.0000002935
  0.0000119638
 -0.0000024429
  0.0000030064
 -0.0000057455
  0.0000300091
  0.0000095820
 -0.0000028526
  0.0000041426
  0.0000152403
 -0.0000208963
  0.0000025997
 -0.0000108735
  0.0000002037
 -0.0000007430
  0.0000022297
 -0.0000024513
 -0.0000010986
  0.0000003036
 -0.0000034462
 -0.0000016830
 -0.0000275247
 -0.0000127032
  0.0000211008
 -0.0000218038
  0.0000171599
  0.0000075323
  0.0000062950
 -0.0000090203
 -0.0000240276
 -0.0000075473
 -0.0000145677
 -0.0000030751
  0.0000137502
  0.0000184097
 -0.0000088310
  0.0000153760
 -0.0000009450
  0.0000229618
 -0.0000042410
  0.0000248613
 -0.0000510410
 -0.0000058512
 -0.0000621025
 -0.0000036616
 -0.0000227973
 -0.0000017927
  0.0000040072
  0.0001105007
 -0.0000062902
 -0.0000156468
 -0.0000025900
  0.0000037405
 -0.0000065136
  0.0000619571
 -0.0000049162
  0.0000006181
  0.0000005223
  0.0000072907
  0.0000060011
  0.0000009691
 -0.0000045767
  0.0000015648
  0.0000020346
  0.0000026081
  0.0000113904
 -0.0000013717
 -0.0000004424
  0.0000017046
 -0.0000002834
 -0.0000311303
  0.0000075503
  0.0000036654
  0.0000000968
 -0.0000048524
  0.0000455182
  0.0000000954
  0.0000031670
 -0.0000189514
  0.0000020723
  0.0000096710
 -0.0000063105
  0.0000138515
 -0.0000021084
 -0.0000012107
  0.0000479489
 -0.0000361125
  0.0000083610
 -0.0000128266
  0.0000066815
 -0.0000448520
  0.0000005994
 -0.0000293424
 -0.0000019892
 -0.0000089226
  0.0000001894
 -0.0000257471
  0.0001288780
  0.0000023183
  0.0000040326
  0.0000010052
  0.0000040347
  0.0000144609
  0.0000052150
 -0.0000030804
  0.0000002882
  0.0000024645
  0.0000060811
  0.0000114430
 -0.0000028735
 -0.0000022639
  0.0000008831
  0.0000005714
  0.0000022754
  0.0000103909
  0.0000005158
  0.0000033380
  0.0000011290
  0.0000007881
 -0.0000019969
  0.0000030149
 -0.0000046188
 -0.0000014331
 -0.0000282234
  0.0000645541
 -0.0000033800
  0.0000045772
 -0.0000199404
 -0.0000208000
  0.0000247545
 -0.0000076535
  0.0000039187
 -0.0000050903
 -0.0000042915
  0.0000421019
  0.0000058366
  0.0000012450
 -0.0000096467
  0.0000040300
 -0.0000741174
  0.0000045099
 -0.0000685200
 -0.0000053084
 -0.0000076827
 -0.0000021695
 -0.0000313583
  0.0001641875
  0.0000026728
 -0.0000005428
  0.0000110079
 -0.0000000650
  0.0000002216
  0.0000117444
  0.0000030667
 -0.0000020236
  0.0000011222
  0.0000103588
 -0.0000091592
 -0.0000047991
 -0.0000063202
  0.0000010455
  0.0000070602
  0.0000093802
 -0.0000024546
  0.0000006046
 -0.0000018456
 -0.0000003978
  0.0000005363
 -0.0000297603
  0.0000049847
  0.0000143795
 -0.0000040441
  0.0000028989
  0.0000074521
 -0.0000034768
  0.0000003615
 -0.0000159186
 -0.0000028622
 -0.0000166249
 -0.0000030105
  0.0000054140
  0.0000065013
 -0.0000016395
  0.0000191673
 -0.0000181499
  0.0000161308
 -0.0000174609
  0.0000055065
 -0.0000359987
 -0.0000014845
 -0.0000218943
 -0.0000020849
 -0.0000119274
 -0.0000052911
 -0.0000264660
  0.0001235651
  0.0000007113
  0.0000085869
 -0.0000016197
 -0.0000000260
  0.0000129340
  0.0000237934
 -0.0000095995
 -0.0000011844
  0.0000011903
  0.0000002615
  0.0000042144
 -0.0000031323
 -0.0000080865
 -0.0000004835
 -0.0000009697
  0.0000001872
  0.0000076325
 -0.0000003062
  0.0000011621
 -0.0000014969
 -0.0000006651
 -0.0000343145
  0.0000057035
  0.0000046622
  0.0000002509
  0.0000085716
  0.0000166146
 -0.0000006024
 -0.0000009179
 -0.0000159821
  0.0000056785
 -0.0000055844
 -0.0000042630
  0.0000179363
 -0.0000020110
 -0.0000042051
  0.0000320365
 -0.0000209046
  0.0000077169
 -0.0000116042
  0.0000059952
 -0.0000365446
 -0.0000017789
 -0.0000238709
 -0.0000019998
 -0.0000086518
  0.0000006329
 -0.0000141970
  0.0001237507
 -0.0000026963
  0.0000005226
 -0.0000064711
  0.0000036627
  0.0000093111
  0.0000073342
  0.0000150486
  0.0000017416
  0.0000001891
  0.0000056262
 -0.0000125390
 -0.0000011773
  0.0000110191
 -0.0000005879
  0.0000028456
 -0.0000046605
  0.0000025708
  0.0000019784
  0.0000047575
 -0.0000025957
  0.0000016121
 -0.0000817507
 -0.0000028925
 -0.0000114590
 -0.0000027778
 -0.0000003232
 -0.0000017995
 -0.0000127877
 -0.0000024017
 -0.0000236706
  0.0000322073
  0.0000161353
 -0.0000034949
  0.0000415002
  0.0000349645
  0.0000042883
  0.0000087589
 -0.0000469462
  0.0000874782
  0.0000009149
 -0.0000385740
 -0.0000664766
 -0.0000075545
 -0.0000109815
 -0.0000510285
 -0.0000385666
  0.0000009925
  0.0000031470
  0.0001291077
  0.0000111270
 -0.0000036108
 -0.0000168215
 -0.0000052569
 -0.0000231248
  0.0000757387
  0.0000042140
  0.0000016906
  0.0000008581
  0.0000108709
 -0.0000116600
 -0.0000058810
 -0.0000019422
  0.0000003301
 -0.0000005479
  0.0000046999
  0.0000066266
  0.0000002538
  0.0000005264
 -0.0000012655
 -0.0000006500
 -0.0000389421
 -0.0000117822
  0.0000148752
 -0.0000212316
  0.0000169325
 -0.0000133313
  0.0000024104
  0.0000019652
 -0.0000216547
 -0.0000030371
 -0.0000041737
 -0.0000032505
  0.0000236799
  0.0000185163
 -0.0000027316
 -0.0000225406
 -0.0000358956
  0.0000207156
 -0.0000044628
  0.0000295151
 -0.0000710883
 -0.0000008027
 -0.0000233405
 -0.0000030736
 -0.0000227345
 -0.0000054719
  0.0000098028
  0.0001357748
  0.0000023896
 -0.0000143998
 -0.0000052273
  0.0000121777
 -0.0000125106
  0.0000597995
 -0.0000033309
  0.0000007559
  0.0000021355
  0.0000049820
  0.0000060542
 -0.0000009709
 -0.0000052673
  0.0000002010
 -0.0000000620
  0.0000008905
  0.0000092036
  0.0000003495
  0.0000001640
 -0.0000007200
  0.0000012190
 -0.0000333745
  0.0000084820
  0.0000133714
 -0.0000015021
  0.0000197817
  0.0000004063
 -0.0000063152
  0.0000025805
 -0.0000262188
 -0.0000010119
 -0.0000185812
 -0.0000037708
  0.0000063657
  0.0000066640
 -0.0000043934
  0.0000084067
 -0.0000298987
  0.0000133945
 -0.0000094855
  0.0000023094
 -0.0000245825
  0.0000005828
 -0.0000098330
 -0.0000032922
 -0.0000154431
 -0.0000059880
 -0.0000235920
  0.0001168779
  0.0000016853
  0.0000064116
  0.0000004817
 -0.0000035220
 -0.0000050010
  0.0000240549
 -0.0000045721
  0.0000000804
  0.0000013549
 -0.0000017406
  0.0000041967
  0.0000075755
 -0.0000011315
 -0.0000049277
 -0.0000002021
 -0.0000018509
  0.0000002452
  0.0000125406
 -0.0000003755
 -0.0000018355
  0.0000003854
 -0.0000323822
  0.0000077085
  0.0000068762
  0.0000001025
  0.0000010670
  0.0000221567
  0.0000024139
  0.0000028764
 -0.0000165921
  0.0000119305
 -0.0000130952
 -0.0000061136
  0.0000196957
 -0.0000021308
 -0.0000001528
  0.0000386762
 -0.0000175432
  0.0000087048
 -0.0000127873
  0.0000069503
 -0.0000356584
  0.0000000964
 -0.0000227923
 -0.0000025339
 -0.0000097047
  0.0000024377
 -0.0000143518
  0.0001256718
  0.0000016643
  0.0000039296
 -0.0000020953
  0.0000047953
  0.0000187950
  0.0000121713
  0.0000139177
  0.0000013773
 -0.0000020152
  0.0000053767
 -0.0000118580
 -0.0000009643
  0.0000115289
 -0.0000000923
 -0.0000046019
 -0.0000048679
  0.0000011188
 -0.0000018041
  0.0000020678
  0.0000023577
  0.0000043329
  0.0000018556
 -0.0000703030
  0.0000142551
 -0.0000117377
  0.0000022456
  0.0000169075
 -0.0000130042
 -0.0000084584
 -0.0000023383
 -0.0000246657
  0.0000115477
  0.0000153109
 -0.0000032072
  0.0000326776
  0.0000126129
  0.0000042275
 -0.0000135132
 -0.0000533696
  0.0000429844
  0.0000016580
 -0.0000162130
 -0.0000785500
 -0.0000079342
 -0.0000201046
 -0.0000322200
 -0.0000325230
  0.0000021977
 -0.0000327204
  0.0001337172
  0.0000112122
  0.0000136526
 -0.0000041562
  0.0000116917
 -0.0000128994
  0.0000649649
 -0.0000082820
 -0.0000007425
 -0.0000003228
 -0.0000012680
 -0.0000000298
 -0.0000032687
 -0.0000001794
 -0.0000149053
 -0.0000025694
 -0.0000027549
  0.0000011639
  0.0000074647
 -0.0000010819
 -0.0000038626
 -0.0000005399
 -0.0000195895
  0.0000027168
  0.0000222000
 -0.0000030111
  0.0000182186
  0.0000086700
 -0.0000028511
 -0.0000024581
 -0.0000156382
 -0.0000076595
 -0.0000160523
 -0.0000033638
  0.0000134937
  0.0000294112
 -0.0000024552
  0.0000041989
  0.0000010902
  0.0000110847
 -0.0000207388
  0.0000133516
 -0.0000504478
 -0.0000071225
 -0.0000605517
 -0.0000036080
 -0.0000107536
 -0.0000034547
  0.0000207512
  0.0001145592
 -0.0000009873
  0.0000121819
 -0.0000085517
  0.0000030048
 -0.0000114228
  0.0000361978
 -0.0000058924
 -0.0000001730
 -0.0000011811
  0.0000007084
  0.0000020382
 -0.0000021913
 -0.0000007293
 -0.0000176115
  0.0000018473
  0.0000019168
  0.0000027760
  0.0000043724
 -0.0000027325
  0.0000006258
 -0.0000019041
 -0.0000315320
  0.0000062502
  0.0000132197
 -0.0000039475
  0.0000170567
 -0.0000008147
 -0.0000046396
 -0.0000054622
 -0.0000216849
 -0.0000005375
 -0.0000197160
 -0.0000001940
  0.0000032644
  0.0000061286
 -0.0000063786
  0.0000057873
 -0.0000241121
  0.0000150643
 -0.0000125375
 -0.0000003492
 -0.0000346919
 -0.0000037645
 -0.0000203738
 -0.0000034638
 -0.0000149528
 -0.0000040458
 -0.0000387752
  0.0001201649
 -0.0000049760
  0.0000076767
 -0.0000086810
 -0.0000046959
 -0.0000016368
  0.0000234127
 -0.0000019016
 -0.0000019045
 -0.0000049662
  0.0000005154
  0.0001526658
  0.0000021075
  0.0000129460
 -0.0000093299
 -0.0000007612
  0.0000169584
  0.0000007169
  0.0000073593
 -0.0000017668
 -0.0000075367
  0.0000049350
  0.0000000639
 -0.0000006612
  0.0000061984
  0.0000047049
 -0.0000050907
 -0.0000024092
  0.0000158758
  0.0000172188
  0.0000021861
 -0.0000014630
  0.0000020637
 -0.0004149661
  0.0000017930
  0.0000042238
  0.0000230072
  0.0000078649
  0.0000204311
  0.0000002439
 -0.0000015779
 -0.0000899514
  0.0000030313
  0.0000289277
 -0.0000080169
  0.0000015920
  0.0000032421
 -0.0000052878
 -0.0000094067
 -0.0000104806
 -0.0000021015
 -0.0000020816
 -0.0000056445
 -0.0000100006
 -0.0000003062
  0.0000051801
 -0.0000026565
 -0.0000005128
  0.0000022371
  0.0000161522
  0.0000049963
  0.0000047135
  0.0000026303
  0.0000135850
 -0.0000120052
 -0.0000058226
  0.0000017881
 -0.0000770799
 -0.0000026663
  0.0000009076
  0.0000198638
 -0.0000191766
  0.0000041693
  0.0000007525
 -0.0000022422
  0.0000025573
 -0.0000005707
 -0.0000032494
 -0.0000023219
 -0.0000939127
 -0.0000011210
  0.0000302645
 -0.0000116748
 -0.0000007787
 -0.0000001722
 -0.0000039343
 -0.0000131841
 -0.0000118688
 -0.0000039275
  0.0000006738
  0.0000017119
 -0.0000167387
  0.0000009245
 -0.0000074081
 -0.0000004956
 -0.0000042998
  0.0000009445
  0.0000052325
  0.0000067879
  0.0000010164
 -0.0000095817
  0.0000014581
  0.0000016351
 -0.0000062241
 -0.0000106705
  0.0000000003
 -0.0000503464
 -0.0000027051
  0.0000065996
  0.0000149292
 -0.0000175268
  0.0000027143
 -0.0000019921
  0.0000286223
  0.0000018390
  0.0000246805
 -0.0000055487
 -0.0000014247
 -0.0000000151
 -0.0000035620
  0.0000121137
 -0.0000156068
 -0.0000050569
  0.0000061847
 -0.0000037819
 -0.0000073861
  0.0000002935
 -0.0000017132
  0.0000010416
 -0.0000006204
  0.0000008643
  0.0000171919
  0.0000123133
  0.0000021893
  0.0000012149
  0.0000169373
 -0.0000155805
 -0.0000125119
  0.0000119210
 -0.0001766738
  0.0000013489
  0.0000138033
 -0.0000072332
  0.0000143929
  0.0000032888
 -0.0000020846
 -0.0000014337
 -0.0000015641
 -0.0000016992
  0.0001124618
  0.0000317820
 -0.0000075456
  0.0000101399
  0.0000022585
  0.0000001531
 -0.0000008645
 -0.0000091796
 -0.0000085767
  0.0000039744
 -0.0000081096
  0.0000044510
 -0.0000004013
  0.0000044842
  0.0000088608
  0.0000046992
  0.0000065805
 -0.0000168155
  0.0000030659
 -0.0002982810
  0.0000054563
  0.0000264043
  0.0000047966
  0.0000038890
 -0.0000001089
 -0.0000017179
  0.0000005859
 -0.0000016857
  0.0000030003
  0.0001572214
  0.0000109712
  0.0000043864
  0.0000056606
 -0.0000134203
  0.0000004621
  0.0000042571
  0.0000061824
 -0.0000127104
  0.0000059968
 -0.0000025822
  0.0000071821
  0.0000070383
  0.0000078858
 -0.0000293219
  0.0000050252
  0.0000006253
  0.0000094776
  0.0000062563
 -0.0000032380
  0.0000032646
 -0.0000299765
  0.0000029086
  0.0000066287
 -0.0000085579
  0.0000009355
  0.0000095049
  0.0000115691
  0.0000025874
  0.0000196155
 -0.0000028364
  0.0000046175
  0.0000088773
 -0.0000025830
 -0.0000081124
 -0.0000029243
  0.0000023214
 -0.0000006760
 -0.0000024999
  0.0000007679
 -0.0000031668
 -0.0000036052
 -0.0000001614
 -0.0000042005
  0.0000088744
  0.0000068519
  0.0000035686
  0.0000063109
  0.0000049421
 -0.0000098215
 -0.0000026508
  0.0000031085
 -0.0001576686
  0.0000032302
  0.0000142731
  0.0000039898
  0.0000050983
  0.0000016058
  0.0000018400
 -0.0000005356
  0.0000004945
 -0.0000006752
 -0.0000017336
  0.0001682407
 -0.0000268267
 -0.0000045938
  0.0000070303
  0.0000017950
 -0.0000031919
  0.0000079181
  0.0000051407
  0.0000008503
  0.0000083529
  0.0000073567
  0.0000016368
  0.0000034694
 -0.0000165835
  0.0000144288
  0.0000086651
  0.0000058134
  0.0000098142
  0.0000089251
 -0.0000167005
  0.0000098334
 -0.0006039951
  0.0000010217
  0.0000126008
  0.0000219809
 -0.0000030830
 -0.0000079495
  0.0000065936
  0.0000115411
 -0.0000016787
  0.0000055245
  0.0000100289
 -0.0000033100
  0.0000095323
 -0.0000090890
 -0.0000003200
  0.0000028779
 -0.0000052567
 -0.0000016920
 -0.0000036161
  0.0000001392
 -0.0000075953
 -0.0000033916
  0.0000034868
  0.0000017149
  0.0000070221
  0.0000035508
  0.0000059926
  0.0000038429
  0.0000034036
 -0.0000103823
  0.0000039132
  0.0000041333
 -0.0001352659
 -0.0000058553
  0.0000047514
  0.0000172052
  0.0000115936
  0.0000050577
  0.0000011210
 -0.0000857556
  0.0000021132
  0.0000123806
 -0.0000052170
  0.0000047674
  0.0000059144
 -0.0000028091
 -0.0000080195
 -0.0000009603
  0.0000006405
 -0.0000044373
 -0.0000072390
 -0.0000006344
  0.0000047129
 -0.0000015987
 -0.0000026914
  0.0000023469
  0.0000075606
  0.0000041057
  0.0000071496
  0.0000007051
  0.0000140550
 -0.0000090720
 -0.0000037496
  0.0000055808
 -0.0001146818
  0.0000049996
  0.0000224381
 -0.0000157052
  0.0000016397
  0.0000005266
 -0.0000009179
 -0.0000015685
  0.0001174031
  0.0000099930
  0.0000140995
  0.0000050017
  0.0000089044
  0.0000007773
 -0.0000037738
  0.0000002605
  0.0000030468
  0.0000054922
  0.0000089622
  0.0000020839
  0.0000035047
 -0.0000037816
  0.0000084341
  0.0000032834
  0.0000050077
  0.0000059200
  0.0000128333
  0.0000039675
 -0.0002590737
  0.0000045431
  0.0000103185
  0.0000341626
  0.0000052826
  0.0000028266
 -0.0000014711
 -0.0000033239
  0.0001653827
 -0.0000094259
  0.0000060397
 -0.0000028719
 -0.0000107625
  0.0000003147
 -0.0000017303
 -0.0000002963
  0.0000103213
  0.0000006351
  0.0000018901
  0.0000101263
  0.0000066355
  0.0000008619
  0.0000215755
  0.0000117061
 -0.0000010824
 -0.0000024534
  0.0000038229
  0.0000188500
 -0.0000016489
 -0.0000018218
 -0.0001165166
 -0.0000002718
  0.0000342425
 -0.0000096750
  0.0000059271
  0.0000012986
 -0.0000029497
 -0.0000102861
 -0.0000128898
 -0.0000025559
 -0.0000018501
  0.0000031584
 -0.0000168022
 -0.0000025393
  0.0000015255
 -0.0000032653
 -0.0000023144
 -0.0000019367
  0.0000074380
  0.0000042178
  0.0000071071
 -0.0000047473
 -0.0000015062
  0.0000211808
 -0.0000057445
 -0.0000126998
 -0.0000017717
  0.0000023539
 -0.0000051961
  0.0000001319
  0.0000303103
 -0.0000186350
  0.0000062190
 -0.0000023292
 -0.0000034328
 -0.0000833679
  0.0000011276
  0.0000147117
 -0.0000023537
  0.0000062505
  0.0000107572
 -0.0000048926
 -0.0000087508
 -0.0000111433
 -0.0000056965
 -0.0000036460
 -0.0000045492
 -0.0000040377
 -0.0000029704
  0.0000060576
 -0.0000085890
 -0.0000033705
  0.0000003550
  0.0000130047
  0.0000007572
  0.0000102158
 -0.0000007229
  0.0000027652
  0.0000156037
 -0.0000118184
 -0.0000044923
 -0.0000000776
 -0.0000931594
 -0.0000080625
  0.0000025508
  0.0000229239
 -0.0000160283
  0.0000040798
  0.0000013397
 -0.0000017160
 -0.0001048239
  0.0000021237
  0.0000755028
 -0.0000174452
  0.0000040041
 -0.0000038041
 -0.0000098232
 -0.0000059163
 -0.0000111268
 -0.0000005814
  0.0000009556
  0.0000016757
 -0.0000242474
  0.0000005313
  0.0000335059
  0.0000040837
 -0.0000012761
  0.0000044315
  0.0000426104
  0.0000002003
 -0.0000080772
 -0.0000049311
 -0.0000021070
  0.0000063698
 -0.0000009016
 -0.0000144362
 -0.0000019793
  0.0000464896
 -0.0000053331
  0.0000036085
  0.0000350348
 -0.0000075649
  0.0000002355
  0.0000000084
  0.0000268133
  0.0000014855
  0.0000077523
 -0.0000042194
 -0.0000003696
  0.0000032967
 -0.0000022663
  0.0000029654
 -0.0000065109
  0.0000016987
 -0.0000040115
  0.0000001009
  0.0000030832
  0.0000159257
  0.0000071967
 -0.0000004025
  0.0000056889
  0.0000228531
 -0.0000150607
  0.0000044360
 -0.0002066833
  0.0000028380
  0.0000132079
 -0.0000093576
  0.0000057935
  0.0000005941
 -0.0000015259
  0.0001093205
 -0.0000039690
  0.0000310559
 -0.0000152829
  0.0000168884
  0.0000164861
 -0.0000094449
 -0.0000216656
  0.0000008881
 -0.0000032976
 -0.0000168622
 -0.0000040453
 -0.0000005067
 -0.0000017297
  0.0000018682
  0.0000127811
  0.0000158277
  0.0000167616
  0.0000037866
  0.0000232625
  0.0000238776
 -0.0000008612
 -0.0002701998
  0.0000052617
 -0.0000000534
  0.0000322955
  0.0000010873
  0.0000119270
 -0.0001133672
  0.0000005927
  0.0000342558
 -0.0000121945
  0.0000073534
  0.0000034304
 -0.0000061526
 -0.0000078735
 -0.0000121682
 -0.0000016235
 -0.0000070823
  0.0000033679
 -0.0000196512
 -0.0000036874
 -0.0000018504
 -0.0000085870
 -0.0000026013
  0.0000006188
  0.0000082225
  0.0000004491
  0.0000008493
 -0.0000003544
  0.0000113462
 -0.0000043167
 -0.0000110709
 -0.0000018014
 -0.0000222766
 -0.0000078830
 -0.0000001722
  0.0000297756
 -0.0000172181
  0.0000101718
  0.0000045366
  0.0001223545
 -0.0000295864
  0.0002881921
  0.0000491029
  0.0000457841
 -0.0001270950
  0.0000343781
  0.0000374281
  0.0000025082
  0.0000283044
  0.0000906481
  0.0000345484
  0.0000137479
 -0.0000065477
 -0.0000041429
  0.0000064089
  0.0000071252
 -0.0000022923
  0.0000025221
  0.0000334317
  0.0000017744
 -0.0003008868
 -0.0000146287
  0.0000048992
 -0.0000023890
 -0.0000533023
 -0.0000126622
 -0.0000117512
  0.0000028051
 -0.0000098349
  0.0000050961
  0.0000192604
  0.0000035374
  0.0000153522
  0.0000158713
  0.0000100419
  0.0000160457
  0.0000050569
  0.0000200059
 -0.0000049962
  0.0000192907
  0.0000222981
  0.0000010804
  0.0000090259
  0.0000271621
  0.0000070095
 -0.0002977092
  0.0000449886
 -0.0000086915
  0.0000017335
  0.0000695488
 -0.0000004477
  0.0000017040
 -0.0002783908
  0.0000136196
 -0.0000016952
 -0.0000084700
  0.0000234069
  0.0000030556
  0.0000066919
  0.0000425512
  0.0000041559
  0.0000426877
  0.0000259721
  0.0000055110
 -0.0002592894
  0.0000124307
  0.0000013439
 -0.0000064992
  0.0000059838
 -0.0000046241
  0.0000003744
  0.0000056013
  0.0000061963
  0.0000163506
  0.0000042212
 -0.0004940563
  0.0000153415
  0.0000082650
  0.0000051156
  0.0000027264
 -0.0000019941
  0.0000068651
  0.0000049975
  0.0000052575
  0.0000212074
 -0.0000023837
 -0.0001894943
  0.0000068431
  0.0000272359
  0.0000109036
 -0.0000139285
 -0.0000215534
  0.0000187692
  0.0000099642
 -0.0000231503
  0.0000432302
  0.0000176299
 -0.0000096705
 -0.0000102954
  0.0000226844
  0.0000374670
  0.0000261136
 -0.0000221525
  0.0000044412
 -0.0000011339
  0.0000026600
 -0.0000022385
 -0.0000068461
 -0.0000040542
 -0.0000026509
 -0.0000165225
  0.0000001609
 -0.0000127720
 -0.0000372963
 -0.0000038034
  0.0000000351
 -0.0000102376
  0.0000578068
 -0.0000192042
  0.0000072059
  0.0000090827
  0.0000536255
  0.0000136353
  0.0000612597
  0.0000085223
  0.0000050955
 -0.0002708393
 -0.0000183755
 -0.0000178749
  0.0000030456
 -0.0000038775
 -0.0000046710
  0.0000217049
 -0.0000049581
 -0.0000092546
 -0.0000006373
  0.0000159385
  0.0000020363
 -0.0000016050
 -0.0000217315
 -0.0000059423
 -0.0000078162
 -0.0000006140
  0.0000060482
  0.0000010828
  0.0000197850
  0.0000170800
  0.0000052859
  0.0000843187
  0.0000134121
 -0.0000017607
  0.0000549356
 -0.0001510587
 -0.0000046988
  0.0000368364
 -0.0000025562
 -0.0000000299
  0.0000029993
  0.0000007327
  0.0000001873
 -0.0000255842
  0.0000406392
  0.0000004852
 -0.0000127513
 -0.0000020197
  0.0000038256
  0.0000317138
  0.0000187356
  0.0000028842
 -0.0001182434
 -0.0000026317
  0.0000038386
  0.0000085274
  0.0000019655
  0.0000572071
  0.0000207796
  0.0000406783
  0.0000140816
 -0.0003010223
 -0.0000162881
 -0.0000005974
  0.0000088349
  0.0000301115
 -0.0000008660
  0.0000048085
  0.0000190161
  0.0000049359
 -0.0001820148
  0.0000152733
  0.0000029813
  0.0000021008
  0.0000195164
  0.0000201293
  0.0000081500
  0.0000421389
  0.0000008388
  0.0000075868
  0.0000156866
  0.0000324109
 -0.0002477439
  0.0000098774
  0.0000170452
  0.0000119680
  0.0000000154
 -0.0002119207
  0.0000159857
  0.0000039618
 -0.0002667329
  0.0000265949
  0.0000172095
  0.0000023306
  0.0000007918
 -0.0002876229
 -0.0002468408
  0.0000339722
  0.0000148453
  0.0000045437
 -0.0000067524
 -0.0000076348
 -0.0000001559
  0.0000011361
