  0.0000000633
  0.0000000832
  0.0000005404
 -0.0000008535
 -0.0000005223
 -0.0000004728
  0.0000009705
  0.0000003497
  0.0000000611
 -0.0000003743
 -0.0000005060
 -0.0000008437
 -0.0000005403
  0.0000008204
  0.0000000062
  0.0000009055
 -0.0000003145
  0.0000025687
  0.0000001987
 -0.0000004981
 -0.0000012095
  0.0000000108
  0.0000002863
 -0.0000001535
  0.0000012254
 -0.0000004818
 -0.0000006209
 -0.0000009413
 -0.0000002564
 -0.0000007699
 -0.0000003504
  0.0000000531
 -0.0000006586
  0.0000006048
  0.0000000270
 -0.0000004425
  0.0000001579
 -0.0000001691
 -0.0000008387
 -0.0000003006
  0.0000005780
  0.0000012402
 -0.0000017475
 -0.0000017026
  0.0000023532
  0.0000014881
 -0.0000006973
 -0.0000028065
 -0.0000004797
 -0.0000027290
 -0.0000013472
 -0.0000039905
 -0.0000016327
 -0.0000002836
 -0.0000021479
  0.0000026479
  0.0000007043
 -0.0000018112
  0.0000041487
  0.0000023700
 -0.0000005328
  0.0000020093
  0.0000002536
  0.0000015515
  0.0000009284
 -0.0000008433
  0.0000048695
  0.0000015028
  0.0000015489
  0.0000009358
 -0.0000066188
  0.0000007379
 -0.0000001885
  0.0000013406
 -0.0000022224
 -0.0000006856
 -0.0000009371
 -0.0000003161
 -0.0000010046
 -0.0000032344
  0.0000026913
  0.0000014484
  0.0000038675
  0.0000036377
 -0.0000015063
  0.0000010203
 -0.0000002948
  0.0000004269
 -0.0000028335
 -0.0000029887
  0.0000009136
 -0.0000705349
 -0.0000094587
  0.0000256707
 -0.0000017627
  0.0000021389
  0.0000005565
  0.0000092262
  0.0000438982
  0.0000397449
 -0.0000106129
 -0.0000038223
 -0.0000412299
 -0.0000752241
  0.0000257007
  0.0000054506
  0.0000017879
  0.0000428208
  0.0000039282
  0.0000031530
  0.0000019202
 -0.0000002511
  0.0000022473
  0.0000018695
 -0.0000036339
  0.0000041846
  0.0000011623
  0.0000008452
 -0.0000009195
  0.0000016916
 -0.0000006183
  0.0000011803
  0.0000027435
 -0.0000003141
  0.0000004296
  0.0000024324
  0.0000042161
  0.0000004105
 -0.0000034479
  0.0000010006
  0.0000025125
  0.0000011033
 -0.0000053716
  0.0000032830
 -0.0000010796
  0.0000013133
 -0.0000003749
 -0.0000049122
 -0.0000010759
 -0.0000013252
 -0.0000030424
 -0.0000012909
 -0.0000024111
 -0.0000014599
  0.0000014265
 -0.0000001810
 -0.0000011901
 -0.0000021233
 -0.0000006081
 -0.0000009448
 -0.0000007509
  0.0000002065
 -0.0000011818
 -0.0000003270
 -0.0000009472
 -0.0000009804
 -0.0000009716
 -0.0000005740
 -0.0000006740
 -0.0000003283
  0.0000024663
 -0.0000000662
 -0.0000013957
 -0.0000008888
 -0.0000009943
 -0.0000016235
  0.0000003639
 -0.0000003223
 -0.0000016009
  0.0000009606
 -0.0000015326
  0.0000015096
  0.0000000919
  0.0000010358
 -0.0000038290
  0.0000006432
 -0.0000020248
 -0.0000007876
 -0.0000062762
  0.0000002497
 -0.0000005489
 -0.0000006856
  0.0000027095
  0.0000012655
 -0.0000004314
  0.0000054619
  0.0000022669
  0.0000006929
  0.0000023370
  0.0000002274
  0.0000029050
  0.0000016657
 -0.0000010954
  0.0000057048
 -0.0000002450
  0.0000010417
 -0.0000015517
 -0.0000033665
 -0.0000006032
  0.0000009180
 -0.0000007619
 -0.0000021866
 -0.0000000847
 -0.0000028785
 -0.0000000219
 -0.0000003718
 -0.0000021012
  0.0000034035
  0.0000007229
  0.0000020004
  0.0000042246
 -0.0000031675
  0.0000012722
 -0.0000008006
  0.0000008552
  0.0000001504
 -0.0000030091
  0.0000005448
 -0.0000635238
 -0.0000977770
  0.0000159344
  0.0000032440
  0.0000031340
 -0.0000079566
  0.0000073026
  0.0000804214
  0.0000472358
 -0.0000057608
 -0.0000009199
 -0.0000398346
 -0.0000796061
  0.0000023255
  0.0000074844
  0.0000183855
  0.0000194177
 -0.0000028784
  0.0000020511
 -0.0000003470
  0.0000014544
  0.0000017823
 -0.0000030127
 -0.0000003148
 -0.0000002415
 -0.0000027739
  0.0000013040
  0.0000001369
 -0.0000015366
 -0.0000002533
  0.0000001253
 -0.0000001898
 -0.0000000842
 -0.0000004790
  0.0000001771
  0.0000020125
  0.0000019537
 -0.0000007471
  0.0000009725
  0.0000004528
 -0.0000006839
 -0.0000013507
  0.0000004254
 -0.0000002256
 -0.0000005726
 -0.0000002128
 -0.0000005534
  0.0000007750
 -0.0000003554
  0.0000001055
 -0.0000002864
  0.0000023254
 -0.0000024191
 -0.0000002195
 -0.0000006662
  0.0000006819
 -0.0000005360
 -0.0000004012
 -0.0000006978
 -0.0000006123
  0.0000004844
  0.0000004238
 -0.0000001000
 -0.0000000028
  0.0000012846
 -0.0000018898
 -0.0000019136
  0.0000030845
  0.0000007526
 -0.0000007490
 -0.0000014458
  0.0000008805
 -0.0000026860
 -0.0000011508
 -0.0000039819
 -0.0000020109
 -0.0000003261
 -0.0000024847
  0.0000028185
  0.0000016507
 -0.0000009262
  0.0000036292
  0.0000022702
 -0.0000002659
  0.0000027119
  0.0000004495
  0.0000023785
  0.0000012476
 -0.0000003341
  0.0000051240
  0.0000015013
  0.0000014639
 -0.0000067016
 -0.0000004491
  0.0000016870
 -0.0000023983
 -0.0000006338
 -0.0000000678
 -0.0000005213
 -0.0000006583
 -0.0000023811
  0.0000040028
  0.0000023124
  0.0000050889
  0.0000013420
 -0.0000059783
  0.0000008829
  0.0000010378
 -0.0000018567
 -0.0000029034
 -0.0000023779
  0.0000004371
 -0.0000697483
 -0.0000089298
  0.0000244272
 -0.0000026235
  0.0000021192
 -0.0000008160
  0.0000093188
  0.0000402333
  0.0000434195
 -0.0000115794
 -0.0000039719
 -0.0000367276
 -0.0000716714
  0.0000283170
  0.0000036024
  0.0000009076
  0.0000541836
  0.0000022861
  0.0000020325
 -0.0000020158
 -0.0000003673
  0.0000038712
 -0.0000030590
  0.0000034243
  0.0000005599
  0.0000021814
 -0.0000024418
 -0.0000002084
  0.0000001615
 -0.0000001390
 -0.0000003459
  0.0000003161
  0.0000023788
  0.0000038362
 -0.0000012506
  0.0000010030
  0.0000000995
 -0.0000006497
 -0.0000026149
  0.0000022528
 -0.0000013666
  0.0000003744
 -0.0000032831
 -0.0000010184
 -0.0000014414
 -0.0000000423
 -0.0000003129
 -0.0000004983
 -0.0000004784
 -0.0000002950
  0.0000007526
 -0.0000002332
  0.0000001167
 -0.0000007154
  0.0000019435
 -0.0000027012
  0.0000000305
  0.0000001098
 -0.0000003906
 -0.0000006663
  0.0000011592
 -0.0000005575
 -0.0000001907
 -0.0000008618
 -0.0000002280
  0.0000010643
  0.0000001226
  0.0000002652
 -0.0000003674
 -0.0000000802
  0.0000004332
 -0.0000001573
 -0.0000013658
 -0.0000015863
  0.0000033175
 -0.0000003189
  0.0000009801
 -0.0000013183
  0.0000004463
 -0.0000034679
 -0.0000001806
 -0.0000026498
 -0.0000029893
 -0.0000006038
 -0.0000018692
  0.0000004967
  0.0000020786
 -0.0000014209
  0.0000052708
  0.0000023173
 -0.0000002829
  0.0000025232
 -0.0000004870
  0.0000023139
  0.0000015965
  0.0000000117
  0.0000029900
  0.0000005466
  0.0000000850
 -0.0000044974
  0.0000000172
 -0.0000004249
  0.0000015437
 -0.0000044895
  0.0000004719
  0.0000002361
  0.0000003990
  0.0000009917
 -0.0000027393
  0.0000031661
  0.0000017600
  0.0000051265
  0.0000014118
 -0.0000031634
  0.0000018015
  0.0000002252
 -0.0000002193
 -0.0000032653
 -0.0000014128
 -0.0000019656
 -0.0000657109
 -0.0000582031
  0.0000198330
  0.0000012702
  0.0000016224
 -0.0000089883
  0.0000069109
  0.0000664242
  0.0000478666
 -0.0000156160
 -0.0000021193
 -0.0000320667
 -0.0000949804
  0.0000186646
  0.0000006463
  0.0000082422
  0.0000328859
  0.0000023327
  0.0000005122
  0.0000018152
  0.0000073789
  0.0000022839
 -0.0000006496
  0.0000093566
  0.0000011336
 -0.0000018005
 -0.0000031673
 -0.0000020050
  0.0000036406
 -0.0000003433
  0.0000001784
  0.0000004477
 -0.0000007543
  0.0000005495
 -0.0000042159
  0.0000041467
  0.0000053303
 -0.0000015662
  0.0000000041
  0.0000026480
  0.0000100328
  0.0000004294
 -0.0000016280
 -0.0000029870
 -0.0000002425
  0.0000035256
  0.0000068275
  0.0000002101
  0.0000008851
  0.0000007708
  0.0000005637
  0.0000009377
  0.0000000359
 -0.0000006292
 -0.0000007014
 -0.0000008556
 -0.0000005312
  0.0000015305
 -0.0000002776
 -0.0000001772
  0.0000004363
  0.0000008648
 -0.0000007645
 -0.0000017233
 -0.0000009759
 -0.0000001590
 -0.0000017689
  0.0000000363
 -0.0000006567
 -0.0000000780
 -0.0000006378
 -0.0000005230
 -0.0000004245
  0.0000000621
 -0.0000012896
 -0.0000020561
  0.0000026251
 -0.0000001748
  0.0000005614
 -0.0000022789
  0.0000001236
 -0.0000037270
 -0.0000000769
 -0.0000025240
 -0.0000014298
 -0.0000003421
 -0.0000023111
  0.0000034710
  0.0000017509
 -0.0000012521
  0.0000039903
  0.0000019604
 -0.0000003605
  0.0000022404
 -0.0000003005
  0.0000022034
  0.0000007607
 -0.0000010655
  0.0000058919
  0.0000002679
  0.0000002380
  0.0000006630
 -0.0000058443
 -0.0000002714
 -0.0000010054
  0.0000009601
 -0.0000017047
  0.0000010200
  0.0000015895
  0.0000008946
  0.0000016868
 -0.0000013373
  0.0000048901
  0.0000031868
  0.0000065041
  0.0000012229
 -0.0000055736
  0.0000026987
  0.0000027115
 -0.0000015513
 -0.0000008740
  0.0000012308
  0.0000006541
 -0.0000704360
 -0.0000107727
  0.0000247954
 -0.0000023817
  0.0000036573
 -0.0000015319
  0.0000102266
  0.0000395643
  0.0000443811
 -0.0000127225
 -0.0000027016
 -0.0000347352
 -0.0000707385
  0.0000216713
  0.0000026648
  0.0000007951
  0.0000638196
 -0.0000001105
  0.0000022708
 -0.0000015660
  0.0000040222
 -0.0000034210
  0.0000033802
  0.0000005893
  0.0000030882
 -0.0000004611
 -0.0000006755
 -0.0000012926
  0.0000011205
  0.0000011647
  0.0000032966
  0.0000002757
  0.0000035151
  0.0000015570
 -0.0000000516
  0.0000035314
  0.0000010334
 -0.0000007661
 -0.0000002608
 -0.0000022826
  0.0000015210
  0.0000002322
 -0.0000004135
  0.0000002717
  0.0000006317
  0.0000003885
  0.0000001478
 -0.0000000021
  0.0000006628
 -0.0000001331
  0.0000002633
  0.0000008914
  0.0000004472
  0.0000028027
 -0.0000006495
  0.0000002466
  0.0000010085
  0.0000007125
 -0.0000008333
 -0.0000005742
  0.0000005999
  0.0000001230
  0.0000001666
 -0.0000011322
  0.0000003120
  0.0000003972
  0.0000003855
  0.0000003480
 -0.0000000430
  0.0000001147
  0.0000000734
  0.0000002750
  0.0000001604
 -0.0000010255
 -0.0000015191
  0.0000027662
 -0.0000005204
  0.0000012637
 -0.0000022037
  0.0000018871
 -0.0000044298
 -0.0000005417
 -0.0000062405
  0.0000007065
  0.0000003147
 -0.0000010082
  0.0000039331
  0.0000038290
 -0.0000012295
  0.0000057274
  0.0000015228
  0.0000009649
  0.0000023098
 -0.0000006766
  0.0000032676
  0.0000007597
 -0.0000001053
  0.0000074489
 -0.0000000226
  0.0000008302
 -0.0000030892
  0.0000005980
  0.0000005973
  0.0000008750
 -0.0000010546
 -0.0000000817
  0.0000005970
 -0.0000001791
 -0.0000009750
 -0.0000026429
  0.0000022811
  0.0000008446
  0.0000025200
  0.0000011093
 -0.0000017678
  0.0000001087
 -0.0000007825
 -0.0000001482
 -0.0000028081
 -0.0000037833
  0.0000050326
 -0.0000653831
 -0.0000835659
  0.0000173730
 -0.0000041419
  0.0000045937
 -0.0000128568
  0.0000067758
  0.0000861929
  0.0000674078
 -0.0000037735
  0.0000022611
 -0.0000077869
 -0.0000754320
  0.0000236940
  0.0000009300
  0.0000180223
 -0.0000006327
  0.0000043757
  0.0000008575
  0.0000058017
 -0.0000012195
 -0.0000020648
 -0.0000026810
 -0.0000027264
  0.0000037229
  0.0000005207
 -0.0000000336
 -0.0000006183
 -0.0000032194
 -0.0000009652
  0.0000001182
  0.0000010413
 -0.0000005754
  0.0000004081
  0.0000003785
  0.0000014680
 -0.0000056459
 -0.0000030026
 -0.0000004953
 -0.0000004044
 -0.0000006614
  0.0000020691
  0.0000016555
  0.0000016539
  0.0000013398
 -0.0000027340
  0.0000001850
 -0.0000002980
  0.0000005771
  0.0000017126
 -0.0000029832
  0.0000002924
  0.0000011575
  0.0000001767
  0.0000003287
 -0.0000003980
  0.0000006999
 -0.0000002577
  0.0000010007
  0.0000004566
  0.0000003161
  0.0000000839
 -0.0000000312
  0.0000022467
  0.0000009413
 -0.0000006272
 -0.0000026735
  0.0000001238
 -0.0000000336
  0.0000000378
 -0.0000008217
  0.0000013289
  0.0000004501
 -0.0000012037
 -0.0000005063
  0.0000008873
  0.0000003261
  0.0000003111
  0.0000003198
  0.0000007288
  0.0000000577
  0.0000000458
  0.0000005484
  0.0000016889
 -0.0000011965
 -0.0000016594
  0.0000019652
 -0.0000011887
  0.0000004320
 -0.0000029141
  0.0000003261
 -0.0000018354
 -0.0000013774
 -0.0000071616
 -0.0000016680
 -0.0000016429
 -0.0000011194
  0.0000025914
  0.0000024904
 -0.0000012690
  0.0000048283
  0.0000017917
 -0.0000005929
  0.0000018419
  0.0000001036
  0.0000018485
  0.0000010224
 -0.0000011200
  0.0000057539
 -0.0000002007
  0.0000001597
  0.0000008352
 -0.0000038671
  0.0000006464
  0.0000001181
 -0.0000022815
  0.0000005680
 -0.0000016419
  0.0000029457
  0.0000017548
  0.0000014222
 -0.0000018708
 -0.0000006634
  0.0000008536
 -0.0000024005
  0.0000030976
 -0.0000822690
 -0.0000652969
  0.0000170390
 -0.0000003383
  0.0000027315
 -0.0000097441
  0.0000046970
  0.0000942970
  0.0000646578
  0.0000008056
 -0.0000006085
 -0.0000248544
 -0.0000671363
 -0.0000023490
  0.0000064110
  0.0000107728
  0.0000064863
  0.0000047122
 -0.0000022191
  0.0000037716
 -0.0000006138
 -0.0000002410
 -0.0000013556
 -0.0000000856
  0.0000044560
 -0.0000049951
 -0.0000007275
 -0.0000040016
  0.0000005963
 -0.0000011862
 -0.0000008906
 -0.0000003922
 -0.0000012752
 -0.0000005510
 -0.0000003552
  0.0000000737
 -0.0000022461
 -0.0000004767
  0.0000003357
 -0.0000012161
  0.0000025581
  0.0000024960
  0.0000013244
 -0.0000018490
  0.0000023092
 -0.0000000269
 -0.0000008167
  0.0000009958
  0.0000053973
  0.0000000142
 -0.0000004593
 -0.0000006183
 -0.0000022103
 -0.0000011553
  0.0000026270
  0.0000000568
  0.0000006778
 -0.0000017166
 -0.0000012282
  0.0000004417
 -0.0000003272
 -0.0000003165
 -0.0000005078
 -0.0000006815
  0.0000012479
  0.0000005452
  0.0000006098
  0.0000018380
  0.0000010847
  0.0000028733
 -0.0000005848
 -0.0000008792
 -0.0000008441
 -0.0000001371
 -0.0000003445
  0.0000004307
  0.0000005035
  0.0000009650
  0.0000014049
  0.0000016292
  0.0000007941
 -0.0000002258
  0.0000004230
 -0.0000013995
 -0.0000013692
  0.0000033784
 -0.0000003242
  0.0000025892
 -0.0000024717
 -0.0000009230
 -0.0000017497
  0.0000005932
 -0.0000057750
 -0.0000004038
 -0.0000013786
  0.0000007670
  0.0000048825
  0.0000010316
 -0.0000009426
  0.0000054191
  0.0000020035
 -0.0000009489
  0.0000033497
 -0.0000001100
  0.0000011382
  0.0000005609
 -0.0000017106
  0.0000077273
  0.0000000375
 -0.0000004659
 -0.0000000381
 -0.0000019055
  0.0000010055
  0.0000014788
  0.0000006286
 -0.0000001936
 -0.0000004745
 -0.0000013695
 -0.0000000991
 -0.0000008718
 -0.0000027657
  0.0000028635
  0.0000002296
  0.0000036383
  0.0000019981
 -0.0000019614
  0.0000011510
 -0.0000021257
  0.0000003645
 -0.0000033118
 -0.0000031704
  0.0000062087
 -0.0000635404
 -0.0001018869
  0.0000195866
 -0.0000013441
  0.0000034085
 -0.0000126753
  0.0000078098
  0.0000838597
  0.0000642506
 -0.0000010969
  0.0000026774
 -0.0000084336
 -0.0000764332
  0.0000097562
  0.0000022876
  0.0000162578
  0.0000090647
  0.0000022500
  0.0000010428
  0.0000032839
 -0.0000006675
 -0.0000011709
  0.0000019914
 -0.0000002267
  0.0000010766
 -0.0000002047
 -0.0000016220
 -0.0000025653
 -0.0000007552
 -0.0000018397
 -0.0000006411
  0.0000008937
 -0.0000011845
 -0.0000029037
 -0.0000014374
  0.0000001064
  0.0000008045
 -0.0000009703
  0.0000016637
  0.0000006368
  0.0000015139
  0.0000007483
 -0.0000012506
  0.0000010211
 -0.0000019289
 -0.0000014034
 -0.0000003599
 -0.0000002749
 -0.0000001917
 -0.0000001159
 -0.0000009150
 -0.0000004098
  0.0000000325
 -0.0000008162
 -0.0000001836
 -0.0000017111
  0.0000000294
 -0.0000003267
 -0.0000000903
 -0.0000010141
  0.0000014364
 -0.0000008869
 -0.0000015667
 -0.0000006155
 -0.0000009878
  0.0000007002
  0.0000007445
  0.0000001593
 -0.0000008535
  0.0000005403
 -0.0000016855
 -0.0000006632
 -0.0000004132
 -0.0000019715
 -0.0000000316
 -0.0000000704
 -0.0000007267
 -0.0000005919
 -0.0000008994
  0.0000015139
 -0.0000012971
 -0.0000010332
  0.0000028103
  0.0000008530
 -0.0000001153
 -0.0000032517
  0.0000001485
 -0.0000022423
 -0.0000008403
 -0.0000047294
 -0.0000038480
 -0.0000006013
 -0.0000007574
  0.0000027779
  0.0000016692
 -0.0000004321
 -0.0000001415
  0.0000029881
  0.0000000501
  0.0000070175
  0.0000002463
  0.0000022590
  0.0000006156
 -0.0000013459
  0.0000035161
  0.0000004958
  0.0000004411
  0.0000008370
 -0.0000044940
  0.0000006234
  0.0000001073
 -0.0000005630
 -0.0000006569
 -0.0000004929
 -0.0000019936
  0.0000025773
  0.0000015606
 -0.0000011538
 -0.0000016416
 -0.0000034866
 -0.0001242210
  0.0000208131
  0.0000178533
 -0.0000004415
 -0.0000013506
 -0.0000201481
  0.0000091682
  0.0001376967
  0.0000691377
  0.0000023546
 -0.0000042270
 -0.0000299340
 -0.0000548662
  0.0000044221
  0.0000040091
  0.0000156158
  0.0000184250
  0.0000095628
 -0.0000042372
  0.0000046583
 -0.0000088528
 -0.0000017212
 -0.0000041554
 -0.0000046409
  0.0000141761
 -0.0000053225
  0.0000015550
 -0.0000016528
  0.0000010266
 -0.0000064370
  0.0000004804
 -0.0000046180
 -0.0000003445
 -0.0000004753
 -0.0000015381
 -0.0000030784
 -0.0000049722
 -0.0000041501
  0.0000038260
 -0.0000007584
  0.0000010326
  0.0000013971
  0.0000019148
  0.0000005192
  0.0000009640
 -0.0000074647
  0.0000001182
 -0.0000058013
  0.0000060073
 -0.0000004833
 -0.0000040252
  0.0000004176
  0.0000014457
  0.0000001022
 -0.0000005152
  0.0000011065
 -0.0000006621
 -0.0000003779
  0.0000005965
  0.0000002277
  0.0000021326
 -0.0000014048
 -0.0000003229
  0.0000000386
  0.0000006411
 -0.0000002886
  0.0000000746
 -0.0000010236
 -0.0000001388
  0.0000009284
  0.0000006067
  0.0000014691
 -0.0000017206
 -0.0000016309
  0.0000023523
  0.0000016295
 -0.0000005554
 -0.0000028583
 -0.0000000832
 -0.0000026114
 -0.0000013524
 -0.0000038245
 -0.0000010077
 -0.0000001047
 -0.0000018209
  0.0000022555
  0.0000015281
 -0.0000012676
  0.0000062435
  0.0000025595
  0.0000005182
  0.0000013375
  0.0000008776
  0.0000023304
  0.0000010216
 -0.0000007452
  0.0000044683
  0.0000007043
  0.0000016909
 -0.0000059734
 -0.0000004891
  0.0000013543
 -0.0000026958
  0.0000010124
 -0.0000005759
  0.0000008454
  0.0000013612
 -0.0000029186
  0.0000029709
  0.0000005832
  0.0000038413
  0.0000011633
 -0.0000035666
  0.0000023622
  0.0000000281
  0.0000003693
  0.0000008495
 -0.0000002395
  0.0000015173
 -0.0000691342
 -0.0000227265
  0.0000130509
 -0.0000048820
  0.0000015388
  0.0000006081
  0.0000060102
  0.0000376135
  0.0000328121
 -0.0000073434
 -0.0000038025
 -0.0000260656
 -0.0000192799
  0.0000002902
  0.0000050712
  0.0000059402
  0.0000627346
 -0.0000010457
  0.0000037111
 -0.0000018792
  0.0000010547
 -0.0000001024
 -0.0000033365
 -0.0000018959
  0.0000019963
  0.0000014339
  0.0000008506
 -0.0000003168
 -0.0000000453
  0.0000004961
 -0.0000023144
 -0.0000015536
 -0.0000022690
  0.0000010960
 -0.0000000780
  0.0000010471
 -0.0000011378
 -0.0000006972
 -0.0000009931
  0.0000008944
 -0.0000015356
  0.0000000905
 -0.0000010192
  0.0000004517
  0.0000000823
  0.0000011287
 -0.0000006124
  0.0000002688
  0.0000001439
 -0.0000009754
  0.0000007908
 -0.0000005559
 -0.0000001732
 -0.0000001404
  0.0000008965
  0.0000012394
  0.0000000462
 -0.0000001325
 -0.0000015813
 -0.0000002796
 -0.0000003446
  0.0000014621
 -0.0000009206
 -0.0000003740
  0.0000009905
 -0.0000010818
 -0.0000016412
 -0.0000001092
 -0.0000005660
  0.0000008484
 -0.0000005891
 -0.0000000889
 -0.0000005836
  0.0000010152
  0.0000004348
  0.0000009079
  0.0000005652
  0.0000000046
  0.0000009873
 -0.0000023663
 -0.0000017423
  0.0000019563
  0.0000007880
  0.0000008395
 -0.0000017937
  0.0000004441
 -0.0000020677
 -0.0000004396
 -0.0000031646
 -0.0000021779
  0.0000002213
 -0.0000039596
  0.0000032526
  0.0000022041
 -0.0000003640
  0.0000051750
  0.0000034553
  0.0000007146
  0.0000001455
  0.0000004143
  0.0000028521
  0.0000011938
  0.0000003122
  0.0000055956
 -0.0000019437
  0.0000010032
  0.0000005188
 -0.0000046006
 -0.0000026560
  0.0000000962
 -0.0000018674
  0.0000000938
 -0.0000004187
  0.0000005332
  0.0000000838
 -0.0000021603
  0.0000026219
  0.0000005798
  0.0000038874
  0.0000011838
 -0.0000010210
  0.0000004209
 -0.0000023614
  0.0000003914
 -0.0000012519
 -0.0000021281
  0.0000016585
 -0.0000521871
 -0.0001106116
  0.0000146625
 -0.0000002880
  0.0000043337
 -0.0000109155
  0.0000086074
  0.0000795682
  0.0000682589
 -0.0000097219
  0.0000028215
 -0.0000087448
 -0.0000842614
  0.0000083337
  0.0000059708
  0.0000207221
  0.0000182777
  0.0000032758
 -0.0000009211
  0.0000041868
  0.0000088228
  0.0000016938
  0.0000048640
  0.0000012823
  0.0000099778
 -0.0000029738
 -0.0000012049
 -0.0000039752
 -0.0000034960
  0.0000005662
 -0.0000002729
 -0.0000018461
 -0.0000007048
 -0.0000002147
  0.0000001754
 -0.0000008914
 -0.0000033252
  0.0000058550
  0.0000086142
 -0.0000000524
  0.0000002739
  0.0000021761
  0.0000091464
 -0.0000034114
  0.0000006839
  0.0000014233
 -0.0000006066
 -0.0000013582
 -0.0000008436
 -0.0000037436
  0.0000028170
 -0.0000004133
 -0.0000001946
 -0.0000001066
 -0.0000007452
 -0.0000000129
  0.0000014858
 -0.0000003578
 -0.0000007962
  0.0000000875
  0.0000001428
  0.0000011188
  0.0000003752
 -0.0000000329
  0.0000023512
 -0.0000006816
  0.0000002550
  0.0000009262
  0.0000003191
 -0.0000002134
 -0.0000010475
  0.0000002045
  0.0000003226
  0.0000011000
 -0.0000005323
  0.0000002674
  0.0000003065
  0.0000015076
 -0.0000001147
 -0.0000007586
  0.0000000138
  0.0000003049
 -0.0000012433
  0.0000001789
  0.0000008234
  0.0000008170
 -0.0000022576
  0.0000044710
  0.0000001165
  0.0000009427
 -0.0000014635
 -0.0000011025
 -0.0000041737
 -0.0000010944
 -0.0000073626
 -0.0000034514
 -0.0000001898
 -0.0000004622
  0.0000021805
 -0.0000003171
 -0.0000003108
  0.0000013410
  0.0000027678
 -0.0000001968
  0.0000020474
  0.0000001541
  0.0000025645
  0.0000025653
 -0.0000001744
  0.0000046558
 -0.0000028428
  0.0000014548
 -0.0000032893
  0.0000004967
 -0.0000013786
  0.0000015246
 -0.0000024346
 -0.0000007067
 -0.0000002007
 -0.0000002638
 -0.0000019979
  0.0000026404
  0.0000014957
  0.0000046469
 -0.0000016698
 -0.0000022538
  0.0000028709
 -0.0001076163
 -0.0000043014
  0.0000149114
 -0.0000000533
 -0.0000021128
 -0.0000206860
  0.0000085380
  0.0001135049
  0.0000730083
  0.0000037420
 -0.0000001913
 -0.0000284610
 -0.0000431015
  0.0000004712
  0.0000034503
  0.0000126432
  0.0000207149
  0.0000046364
 -0.0000022260
  0.0000034724
 -0.0000071912
 -0.0000014457
 -0.0000028827
 -0.0000027917
  0.0000117193
 -0.0000023516
 -0.0000008780
 -0.0000009604
 -0.0000003152
 -0.0000045476
  0.0000014311
 -0.0000073533
  0.0000010295
  0.0000008829
 -0.0000009212
 -0.0000046390
 -0.0000030452
 -0.0000026703
  0.0000007664
 -0.0000017375
 -0.0000019637
  0.0000036613
  0.0000013240
 -0.0000012578
 -0.0000043608
 -0.0000041234
 -0.0000014765
 -0.0000054055
  0.0000048848
 -0.0000001795
 -0.0000027398
  0.0000016497
  0.0000017173
 -0.0000004252
 -0.0000015048
  0.0000005985
  0.0000013389
 -0.0000009028
 -0.0000001036
  0.0000006385
  0.0000003626
  0.0000009859
 -0.0000008513
  0.0000012176
 -0.0000011799
 -0.0000007149
 -0.0000003652
  0.0000003220
  0.0000004542
 -0.0000000746
  0.0000016805
 -0.0000007401
  0.0000017422
  0.0000005029
 -0.0000014527
  0.0000003499
  0.0000003829
 -0.0000007704
 -0.0000001347
  0.0000007827
 -0.0000013313
 -0.0000023553
 -0.0000004877
 -0.0000003185
  0.0000009461
 -0.0000018049
 -0.0000006037
  0.0000027007
 -0.0000003673
  0.0000000562
 -0.0000034218
 -0.0000018434
 -0.0000018063
 -0.0000008168
 -0.0000063334
 -0.0000030737
 -0.0000014204
 -0.0000015937
  0.0000034554
  0.0000012370
 -0.0000001289
 -0.0000016757
  0.0000017704
 -0.0000025343
  0.0000067230
  0.0000004364
  0.0000005189
  0.0000014523
 -0.0000022218
  0.0000044972
  0.0000002022
 -0.0000011061
 -0.0000018813
 -0.0000042738
 -0.0000000777
 -0.0000000101
 -0.0000006176
 -0.0000009084
  0.0000005172
 -0.0000001277
 -0.0000000082
  0.0000005496
  0.0000041232
  0.0000020188
 -0.0000017834
 -0.0000008199
 -0.0000013566
 -0.0000005598
 -0.0000024482
 -0.0000018985
  0.0000008772
 -0.0000971939
 -0.0000165041
  0.0000174062
  0.0000015768
 -0.0000009116
 -0.0000181299
  0.0000100760
  0.0001111056
  0.0000715439
  0.0000050055
 -0.0000014765
 -0.0000290906
 -0.0000438881
 -0.0000045634
  0.0000061373
  0.0000162338
  0.0000195122
  0.0000034747
 -0.0000023468
  0.0000071151
 -0.0000044665
 -0.0000020887
 -0.0000006866
  0.0000099676
 -0.0000031743
  0.0000012727
 -0.0000007917
 -0.0000004908
 -0.0000030867
 -0.0000000671
 -0.0000002659
 -0.0000003058
 -0.0000003782
 -0.0000017205
  0.0000010796
 -0.0000031424
 -0.0000020758
  0.0000006665
 -0.0000012437
  0.0000015184
  0.0000013249
  0.0000015411
 -0.0000001358
  0.0000015594
 -0.0000018678
 -0.0000011680
 -0.0000029892
  0.0000045766
 -0.0000010430
 -0.0000017147
 -0.0000003243
 -0.0000008616
  0.0000005292
  0.0000003808
  0.0000006832
 -0.0000010085
  0.0000001728
 -0.0000003069
 -0.0000005750
  0.0000006222
  0.0000012670
 -0.0000004134
 -0.0000005053
  0.0000000523
  0.0000012346
  0.0000005480
 -0.0000005425
 -0.0000017091
 -0.0000002279
 -0.0000006007
  0.0000012716
 -0.0000006249
  0.0000002265
  0.0000007451
 -0.0000009858
 -0.0000014828
 -0.0000002434
 -0.0000005949
  0.0000012570
  0.0000007251
 -0.0000005112
  0.0000006619
  0.0000003850
 -0.0000006541
 -0.0000001999
 -0.0000010228
 -0.0000000311
  0.0000006118
  0.0000017268
 -0.0000008933
 -0.0000020527
  0.0000015288
 -0.0000000980
  0.0000002772
 -0.0000038315
  0.0000007701
 -0.0000033030
 -0.0000015311
 -0.0000073569
 -0.0000022677
  0.0000002955
 -0.0000015330
  0.0000023287
  0.0000027976
 -0.0000002050
  0.0000046893
  0.0000002086
 -0.0000006330
  0.0000021213
  0.0000013154
  0.0000018853
  0.0000011400
 -0.0000002949
  0.0000056018
 -0.0000001353
  0.0000005809
  0.0000001788
 -0.0000040062
  0.0000003286
 -0.0000004202
 -0.0000025548
 -0.0000000092
 -0.0000003562
 -0.0000030294
  0.0000019974
  0.0000005155
  0.0000043835
 -0.0000015410
 -0.0000020866
  0.0000032477
 -0.0000847862
 -0.0000392800
  0.0000168997
  0.0000013925
  0.0000026168
 -0.0000083813
  0.0000054562
  0.0000969478
  0.0000694047
  0.0000028113
 -0.0000006969
 -0.0000316573
 -0.0000583734
 -0.0000092778
  0.0000087791
  0.0000112839
  0.0000173901
  0.0000027831
 -0.0000023450
  0.0000047356
  0.0000012621
  0.0000001937
 -0.0000008315
  0.0000006685
  0.0000090799
 -0.0000045289
 -0.0000010592
 -0.0000031671
 -0.0000015192
  0.0000013715
 -0.0000007510
 -0.0000027304
 -0.0000014761
 -0.0000003628
 -0.0000005083
 -0.0000013284
  0.0000002355
 -0.0000003736
  0.0000031014
 -0.0000014201
  0.0000005964
 -0.0000008584
  0.0000037564
 -0.0000018169
  0.0000009078
  0.0000011881
 -0.0000011159
  0.0000029513
  0.0000071185
 -0.0000003659
 -0.0000004654
 -0.0000004534
  0.0000008044
 -0.0000001768
 -0.0000003444
 -0.0000007118
 -0.0000000460
 -0.0000003827
 -0.0000005784
  0.0000007050
  0.0000001640
  0.0000002690
  0.0000002098
 -0.0000001114
  0.0000021396
 -0.0000001124
 -0.0000003895
 -0.0000013919
 -0.0000000975
  0.0000001525
  0.0000011060
 -0.0000002176
 -0.0000008028
  0.0000008442
 -0.0000005991
 -0.0000009451
 -0.0000001974
 -0.0000003746
  0.0000008377
  0.0000000059
 -0.0000006267
  0.0000000809
  0.0000001166
 -0.0000011417
 -0.0000002262
 -0.0000004508
  0.0000004727
 -0.0000016540
 -0.0000018500
  0.0000023348
  0.0000006309
  0.0000017392
 -0.0000028862
 -0.0000005168
 -0.0000030430
  0.0000009556
 -0.0000015078
 -0.0000025072
 -0.0000004336
 -0.0000017763
  0.0000014707
  0.0000012015
 -0.0000016186
  0.0000053720
  0.0000018580
 -0.0000009816
  0.0000022363
 -0.0000001490
  0.0000016652
  0.0000011617
 -0.0000005226
  0.0000038992
  0.0000002888
  0.0000006791
  0.0000013681
 -0.0000043102
 -0.0000006957
  0.0000007511
 -0.0000037582
  0.0000000440
  0.0000000497
  0.0000000954
  0.0000006142
 -0.0000015806
  0.0000036787
  0.0000017112
  0.0000047048
  0.0000023188
 -0.0000017879
  0.0000007744
 -0.0000017836
  0.0000001516
 -0.0000038122
 -0.0000017384
 -0.0000011795
 -0.0000589363
 -0.0000717122
  0.0000204512
  0.0000037563
  0.0000027899
 -0.0000028152
  0.0000076585
  0.0000772101
  0.0000525358
 -0.0000115100
 -0.0000007265
 -0.0000397631
 -0.0000846584
  0.0000021538
  0.0000071100
  0.0000102521
  0.0000223589
  0.0000021514
  0.0000027524
  0.0000023486
  0.0000025410
 -0.0000005450
 -0.0000007344
  0.0000063165
  0.0000043400
  0.0000034350
 -0.0000008201
  0.0000007877
 -0.0000018415
  0.0000004412
 -0.0000013841
 -0.0000018082
  0.0000002930
 -0.0000004781
  0.0000004923
 -0.0000029209
 -0.0000000118
  0.0000007338
  0.0000076123
 -0.0000005738
  0.0000015551
  0.0000039038
  0.0000040162
  0.0000045776
  0.0000029214
  0.0000054444
 -0.0000023251
 -0.0000007924
  0.0000001510
  0.0000059423
  0.0000078026
 -0.0000002091
  0.0000004640
 -0.0000003825
 -0.0000004808
  0.0000002602
  0.0000006446
 -0.0000001017
  0.0000000181
  0.0000004307
  0.0000002560
  0.0000000773
  0.0000006667
  0.0000006846
  0.0000024556
  0.0000000328
  0.0000008079
  0.0000004392
 -0.0000002657
 -0.0000008565
  0.0000005205
  0.0000002293
  0.0000010342
 -0.0000013067
 -0.0000000480
 -0.0000000066
 -0.0000003756
  0.0000008372
 -0.0000012496
 -0.0000007342
 -0.0000000248
  0.0000011801
 -0.0000015535
 -0.0000023616
  0.0000017029
  0.0000000762
  0.0000017753
 -0.0000027381
  0.0000006233
 -0.0000025886
  0.0000000981
 -0.0000045372
 -0.0000016927
  0.0000002354
 -0.0000019817
  0.0000007394
  0.0000030965
 -0.0000013470
  0.0000064810
  0.0000027688
 -0.0000006700
  0.0000020824
 -0.0000001222
  0.0000018264
  0.0000001484
 -0.0000001784
  0.0000033994
 -0.0000003039
  0.0000001235
 -0.0000026421
  0.0000003942
 -0.0000002155
 -0.0000001548
 -0.0000041492
 -0.0000001344
 -0.0000004205
  0.0000000011
  0.0000002216
 -0.0000024341
  0.0000027968
  0.0000005163
  0.0000042448
  0.0000016946
 -0.0000015587
  0.0000007563
 -0.0000023241
  0.0000000616
 -0.0000040256
 -0.0000022475
 -0.0000015596
 -0.0000531308
 -0.0001095504
  0.0000189714
  0.0000038114
  0.0000011349
 -0.0000095049
  0.0000062989
  0.0000815240
  0.0000664935
 -0.0000029104
 -0.0000035223
 -0.0000102651
 -0.0000851946
  0.0000087307
  0.0000070517
  0.0000154256
  0.0000228048
  0.0000041839
 -0.0000059050
  0.0000051913
  0.0000080603
  0.0000051102
  0.0000026516
  0.0000105135
 -0.0000056854
 -0.0000017599
 -0.0000001905
  0.0000001166
  0.0000027355
 -0.0000008195
  0.0000003969
 -0.0000018738
 -0.0000004511
  0.0000005923
  0.0000005608
  0.0000003227
  0.0000051815
  0.0000073941
 -0.0000015982
  0.0000003424
  0.0000008964
  0.0000097288
 -0.0000003889
  0.0000013356
  0.0000026891
 -0.0000025709
  0.0000011203
  0.0000016486
  0.0000036181
  0.0000011692
 -0.0000001701
 -0.0000005414
 -0.0000006886
 -0.0000005142
 -0.0000004133
  0.0000007929
 -0.0000010145
 -0.0000014581
 -0.0000003774
 -0.0000007893
 -0.0000004905
 -0.0000009896
  0.0000009856
  0.0000012227
  0.0000004607
  0.0000008224
  0.0000011399
 -0.0000012474
 -0.0000017428
 -0.0000005869
 -0.0000011294
 -0.0000003710
  0.0000001737
  0.0000003834
  0.0000001532
 -0.0000003121
  0.0000002835
  0.0000000254
  0.0000004601
 -0.0000011837
  0.0000002267
  0.0000003005
  0.0000024454
 -0.0000006513
 -0.0000015759
  0.0000049891
 -0.0000017273
  0.0000019150
 -0.0000006036
 -0.0000017535
 -0.0000010552
 -0.0000000949
 -0.0000067170
 -0.0000024921
  0.0000000019
  0.0000003086
  0.0000033271
  0.0000013287
  0.0000005988
  0.0000029224
  0.0000007788
 -0.0000014858
  0.0000023875
  0.0000016346
  0.0000010053
  0.0000009590
  0.0000000010
  0.0000057210
 -0.0000019037
 -0.0000002571
 -0.0000023565
  0.0000004227
 -0.0000003460
  0.0000024275
 -0.0000015392
  0.0000006398
 -0.0000000241
  0.0000011911
 -0.0000019066
 -0.0000029055
  0.0000003754
 -0.0000025859
  0.0000044899
 -0.0000914223
 -0.0000293440
  0.0000199552
  0.0000008583
 -0.0000004451
 -0.0000098710
  0.0000083998
  0.0001028833
  0.0000684533
  0.0000041007
  0.0000007514
 -0.0000362871
 -0.0000547228
 -0.0000092926
  0.0000106462
  0.0000153925
  0.0000168069
  0.0000014719
 -0.0000013471
  0.0000033597
  0.0000008218
  0.0000003259
  0.0000002195
  0.0000027857
  0.0000078835
 -0.0000011969
  0.0000001427
 -0.0000006479
 -0.0000001858
 -0.0000013239
 -0.0000001893
 -0.0000040182
  0.0000017402
  0.0000005400
 -0.0000004398
 -0.0000025946
 -0.0000000798
 -0.0000002753
  0.0000013744
 -0.0000008256
  0.0000019171
  0.0000009377
  0.0000012425
 -0.0000002178
  0.0000019326
  0.0000033680
 -0.0000001982
 -0.0000002906
  0.0000041445
  0.0000006386
  0.0000002471
 -0.0000007625
  0.0000001217
  0.0000001477
 -0.0000010707
 -0.0000010155
  0.0000010457
 -0.0000010918
  0.0000003717
 -0.0000006122
  0.0000004196
 -0.0000001760
 -0.0000002375
 -0.0000009632
  0.0000005078
 -0.0000004542
  0.0000010794
  0.0000008289
 -0.0000002028
  0.0000011536
  0.0000000277
 -0.0000006390
 -0.0000001140
 -0.0000002698
 -0.0000008485
 -0.0000006277
 -0.0000002665
 -0.0000005551
 -0.0000004121
 -0.0000013920
 -0.0000013658
  0.0000031849
 -0.0000001638
  0.0000016121
 -0.0000022824
  0.0000015342
 -0.0000028007
 -0.0000003883
 -0.0000072222
 -0.0000028755
 -0.0000014306
 -0.0000016870
  0.0000031670
  0.0000030283
 -0.0000017609
  0.0000027719
  0.0000021559
  0.0000014401
  0.0000024579
 -0.0000010589
  0.0000030348
  0.0000006828
 -0.0000017442
  0.0000056861
 -0.0000022629
  0.0000007057
 -0.0000006929
 -0.0000026562
  0.0000008845
 -0.0000011636
  0.0000008667
 -0.0000016842
  0.0000008240
 -0.0000003649
  0.0000000535
  0.0000003159
 -0.0000021461
  0.0000027213
  0.0000012616
  0.0000039641
  0.0000010041
 -0.0000020491
  0.0000004612
 -0.0000026730
  0.0000006528
 -0.0000032775
 -0.0000017221
  0.0000045524
 -0.0000778393
 -0.0000823145
  0.0000164198
  0.0000007117
 -0.0000002378
 -0.0000095265
  0.0000074821
  0.0000944458
  0.0000647040
  0.0000025131
 -0.0000000121
 -0.0000228708
 -0.0000690671
  0.0000158969
  0.0000069617
  0.0000137687
 -0.0000030571
  0.0000053463
 -0.0000016341
  0.0000066900
 -0.0000002766
 -0.0000012027
 -0.0000000113
  0.0000038241
 -0.0000030812
 -0.0000001358
 -0.0000013085
 -0.0000023574
 -0.0000015972
 -0.0000005227
  0.0000023976
  0.0000003095
 -0.0000015042
 -0.0000005129
  0.0000024596
  0.0000004153
 -0.0000007203
  0.0000006282
 -0.0000016630
  0.0000005685
  0.0000026085
  0.0000013424
 -0.0000004819
  0.0000023118
  0.0000003407
 -0.0000003353
 -0.0000003758
  0.0000020839
 -0.0000007555
  0.0000001745
  0.0000020810
 -0.0000002892
  0.0000000009
  0.0000009025
  0.0000007409
 -0.0000002137
 -0.0000001532
  0.0000000078
  0.0000002334
  0.0000005837
  0.0000009878
  0.0000029705
  0.0000001451
  0.0000001511
  0.0000000868
  0.0000008451
  0.0000003346
  0.0000013237
  0.0000008356
  0.0000002455
  0.0000017099
 -0.0000004524
  0.0000019422
  0.0000000417
  0.0000023022
 -0.0000029664
  0.0000010480
 -0.0000021128
  0.0000008127
 -0.0000022242
 -0.0000004316
 -0.0000006076
 -0.0000018647
  0.0000039370
  0.0000030973
 -0.0000000455
  0.0000070133
  0.0000022317
  0.0000005519
  0.0000019931
  0.0000008133
  0.0000028262
  0.0000015082
 -0.0000009644
  0.0000064863
 -0.0000003119
  0.0000012268
 -0.0000005803
 -0.0000025737
  0.0000005123
 -0.0000002898
  0.0000000628
 -0.0000010452
 -0.0000023933
 -0.0000018386
 -0.0000027371
 -0.0000019045
 -0.0000022878
  0.0000032753
  0.0000003521
  0.0000034706
  0.0000006601
 -0.0000037508
 -0.0000009621
 -0.0000002560
 -0.0000005951
 -0.0000014919
 -0.0000029305
  0.0000001986
 -0.0000770651
 -0.0000297431
  0.0000260958
  0.0000011043
  0.0000051474
 -0.0000056622
  0.0000088242
  0.0000578799
  0.0000348627
 -0.0000158615
 -0.0000001910
 -0.0000412735
 -0.0000890606
  0.0000269443
  0.0000017173
  0.0000119351
  0.0000440981
  0.0000001627
  0.0000017622
 -0.0000017450
 -0.0000034890
 -0.0000039311
  0.0000023687
  0.0000003416
  0.0000003271
 -0.0000006473
  0.0000012106
  0.0000023960
 -0.0000019068
 -0.0000054110
  0.0000009859
 -0.0000004639
  0.0000023646
 -0.0000022229
  0.0000004426
 -0.0000002853
 -0.0000043609
  0.0000008309
 -0.0000009054
 -0.0000011306
 -0.0000004671
  0.0000008617
  0.0000030828
 -0.0000001634
 -0.0000014737
  0.0000022454
  0.0000003632
  0.0000067063
 -0.0000007712
  0.0000013732
 -0.0000010651
  0.0000015844
 -0.0000033065
 -0.0000001228
 -0.0000006269
  0.0000044004
  0.0000011050
 -0.0000001331
  0.0000075238
  0.0000041266
 -0.0000001747
  0.0000016974
  0.0000016649
  0.0000050885
 -0.0000002716
  0.0000082287
  0.0000016284
  0.0000037258
 -0.0000085657
 -0.0000034085
  0.0000018725
 -0.0000035893
 -0.0000023911
 -0.0000019583
 -0.0000022664
 -0.0000013072
 -0.0000014755
  0.0000062086
 -0.0000006614
  0.0000022526
  0.0000027400
 -0.0000023795
 -0.0000010758
  0.0000004650
  0.0000001052
 -0.0000027637
 -0.0000030037
  0.0000084473
 -0.0001455760
 -0.0001092301
  0.0000339359
 -0.0000041136
  0.0000067870
  0.0000110700
 -0.0000063430
  0.0000326749
  0.0000054344
 -0.0000096566
  0.0000035023
  0.0001137725
  0.0000480660
 -0.0000311356
 -0.0000184462
  0.0000190835
  0.0000391513
 -0.0000012071
  0.0000006307
 -0.0000008483
 -0.0000001165
  0.0000002769
 -0.0000100344
 -0.0000008729
  0.0000011044
  0.0000028939
  0.0000005622
 -0.0000025001
 -0.0000047053
 -0.0000019813
 -0.0000001312
  0.0000003302
  0.0000005808
 -0.0000010761
 -0.0000009850
 -0.0000003595
  0.0000013580
  0.0000002130
  0.0000000990
 -0.0000064417
 -0.0000007891
 -0.0000014075
 -0.0000001681
 -0.0000012164
  0.0000014112
  0.0000000678
  0.0000015541
  0.0000018045
  0.0000004688
  0.0000002282
  0.0000009147
  0.0000014931
 -0.0000030993
  0.0000070452
  0.0000005197
  0.0000135616
  0.0000060813
 -0.0000006686
  0.0000040360
  0.0000001464
  0.0000094610
  0.0000016720
 -0.0000023353
  0.0000108373
 -0.0000006940
 -0.0000018235
 -0.0000012851
  0.0000003163
 -0.0000033212
 -0.0000000884
  0.0000003537
  0.0000031931
  0.0000012025
 -0.0000005350
  0.0000007468
  0.0000018511
  0.0000005868
 -0.0000008863
 -0.0000027784
  0.0000201880
  0.0000239545
  0.0000586514
  0.0000405965
  0.0000106335
  0.0000587152
 -0.0000147667
  0.0000167288
 -0.0000333612
 -0.0000392704
  0.0000098046
  0.0000053238
  0.0000464031
  0.0000020564
  0.0000015431
 -0.0000001305
  0.0000021949
  0.0000012821
  0.0000011649
  0.0000030692
  0.0000060553
  0.0000044857
 -0.0000002960
  0.0000000791
  0.0000020212
  0.0000006445
 -0.0000003366
  0.0000009479
  0.0000001184
  0.0000028019
  0.0000034149
  0.0000027937
  0.0000011185
  0.0000027144
  0.0000003237
  0.0000006270
 -0.0000000294
  0.0000023779
 -0.0000000677
  0.0000022804
 -0.0000003196
  0.0000047789
  0.0000009703
  0.0000016134
  0.0000015445
  0.0000000842
  0.0000005234
  0.0000022266
 -0.0000001281
 -0.0000013508
 -0.0000002438
  0.0000005104
  0.0000024594
 -0.0000008309
 -0.0000021402
  0.0000014796
 -0.0000002022
  0.0000050314
 -0.0000011352
  0.0000005893
 -0.0000019009
 -0.0000003131
 -0.0000038285
 -0.0000023791
 -0.0000012951
 -0.0000018492
  0.0000017308
  0.0000000989
 -0.0000007630
  0.0000067611
  0.0000033002
 -0.0000012056
  0.0000011544
  0.0000009991
  0.0000044964
  0.0000025011
 -0.0000008341
  0.0000071947
  0.0000006626
  0.0000028807
  0.0000007933
 -0.0000086332
 -0.0000038689
  0.0000009679
 -0.0000051368
  0.0000001880
 -0.0000001665
  0.0000004258
  0.0000015476
 -0.0000028690
 -0.0000011239
  0.0000011375
  0.0000029533
 -0.0000022408
 -0.0000029972
  0.0000016880
  0.0000005980
 -0.0000011744
 -0.0000008491
 -0.0000007918
  0.0000076495
 -0.0001428062
 -0.0000592464
  0.0000302930
 -0.0000043649
  0.0000056791
  0.0000014534
 -0.0000087104
  0.0000381068
  0.0000191351
 -0.0000074850
  0.0000001348
  0.0000891764
  0.0000506030
 -0.0000203267
 -0.0000199694
  0.0000204187
  0.0000447845
 -0.0000009013
  0.0000008546
  0.0000012816
 -0.0000004705
  0.0000015268
  0.0000011227
 -0.0000031136
 -0.0000087957
  0.0000014622
 -0.0000012117
 -0.0000005873
 -0.0000034656
 -0.0000000955
 -0.0000043215
 -0.0000012734
  0.0000013170
  0.0000007547
  0.0000002177
  0.0000022669
  0.0000017698
  0.0000000287
 -0.0000001495
  0.0000038178
 -0.0000053082
 -0.0000007932
 -0.0000004403
  0.0000008867
  0.0000000566
  0.0000005290
  0.0000002051
 -0.0000021324
 -0.0000000012
 -0.0000006699
  0.0000007668
  0.0000004902
 -0.0000012922
 -0.0000017875
  0.0000012707
  0.0000010637
  0.0000044491
 -0.0000014209
  0.0000002723
 -0.0000036187
 -0.0000005281
 -0.0000036303
 -0.0000022557
 -0.0000018707
  0.0000012922
  0.0000007439
  0.0000064074
  0.0000018680
 -0.0000013198
  0.0000003262
  0.0000009178
  0.0000044399
 -0.0000002657
  0.0000067997
 -0.0000001406
  0.0000012230
 -0.0000079618
  0.0000002164
 -0.0000035949
  0.0000009079
 -0.0000048929
 -0.0000021164
 -0.0000014441
 -0.0000019584
 -0.0000008851
 -0.0000000052
  0.0000069125
 -0.0000000966
  0.0000035700
  0.0000005188
 -0.0000040649
 -0.0000010939
  0.0000017685
 -0.0000016026
 -0.0000030567
 -0.0000023221
  0.0000073128
 -0.0001417518
 -0.0000563116
  0.0000299345
 -0.0000038340
  0.0000049506
  0.0000018478
 -0.0000083462
  0.0000385818
  0.0000158065
 -0.0000066244
  0.0000001388
  0.0000984824
  0.0000504441
 -0.0000255615
 -0.0000190070
  0.0000208866
  0.0000437531
 -0.0000007562
  0.0000000514
  0.0000006606
 -0.0000009891
  0.0000001803
 -0.0000007142
 -0.0000087671
  0.0000011775
  0.0000028300
  0.0000005948
 -0.0000023665
 -0.0000040637
 -0.0000017163
  0.0000000631
  0.0000010281
 -0.0000009812
 -0.0000012865
  0.0000006382
  0.0000013665
  0.0000007511
  0.0000030426
 -0.0000049815
 -0.0000015968
 -0.0000011074
  0.0000001964
 -0.0000010816
 -0.0000007853
  0.0000020747
 -0.0000006293
  0.0000031019
  0.0000025116
  0.0000039488
  0.0000016547
  0.0000108133
 -0.0000020257
  0.0000037337
 -0.0000002642
  0.0000052663
 -0.0000006919
  0.0000078011
  0.0000009237
  0.0000113361
  0.0000042548
  0.0000010960
  0.0000052673
  0.0000032269
  0.0000017294
  0.0000015647
  0.0000040611
  0.0000050247
 -0.0000002789
  0.0000062863
  0.0000009494
  0.0000036040
 -0.0000097836
 -0.0000038845
  0.0000052695
  0.0000024269
  0.0000015105
 -0.0000011464
  0.0000007464
  0.0000023403
 -0.0000056297
 -0.0000026916
 -0.0000000149
  0.0000021586
  0.0000000217
 -0.0000007372
  0.0000002272
  0.0000002867
 -0.0000000135
  0.0000014224
 -0.0000018200
 -0.0000019323
 -0.0001702219
 -0.0000489754
  0.0000089304
  0.0000249941
  0.0000131975
  0.0000662568
 -0.0000078214
  0.0000184349
 -0.0000390498
 -0.0000430016
  0.0000134687
  0.0000751831
  0.0000131805
 -0.0000277729
 -0.0000160619
 -0.0000012162
  0.0000578692
  0.0000021502
 -0.0000007553
 -0.0000003083
 -0.0000018947
 -0.0000013882
 -0.0000024066
 -0.0000022243
 -0.0000018479
 -0.0000006819
 -0.0000011511
 -0.0000001661
 -0.0000004163
 -0.0000028428
 -0.0000021684
  0.0000010435
 -0.0000022902
 -0.0000031966
 -0.0000015143
 -0.0000002171
 -0.0000001546
 -0.0000024710
  0.0000011395
  0.0000026397
 -0.0000037126
 -0.0000012428
 -0.0000013492
 -0.0000017704
  0.0000004875
 -0.0000003284
 -0.0000000648
  0.0000010082
  0.0000021019
 -0.0000005142
 -0.0000000983
  0.0000007428
  0.0000012563
  0.0000009200
 -0.0000009093
 -0.0000012320
  0.0000024874
 -0.0000002158
  0.0000001537
 -0.0000023645
  0.0000001381
 -0.0000026103
 -0.0000012111
 -0.0000033419
 -0.0000018155
 -0.0000015359
  0.0000025065
  0.0000011733
  0.0000062578
  0.0000024048
 -0.0000004014
  0.0000016028
  0.0000002625
  0.0000020062
  0.0000008506
 -0.0000008267
  0.0000041080
  0.0000009521
  0.0000012817
 -0.0000007225
 -0.0000057118
  0.0000003553
 -0.0000003571
  0.0000013601
 -0.0000032384
 -0.0000019893
 -0.0000018103
 -0.0000018262
 -0.0000007805
 -0.0000022133
  0.0000046566
 -0.0000006309
  0.0000020501
  0.0000000293
 -0.0000042015
 -0.0000011859
  0.0000002231
 -0.0000018365
 -0.0000028735
 -0.0000026345
  0.0000010529
 -0.0000872478
  0.0000360058
  0.0000172060
 -0.0000037904
  0.0000017030
 -0.0000029086
  0.0000036463
  0.0000431075
  0.0000365795
 -0.0000084325
 -0.0000021984
 -0.0000262587
 -0.0000159041
 -0.0000126533
 -0.0000084011
  0.0000061600
  0.0000450247
 -0.0000009540
  0.0000003588
  0.0000003636
  0.0000004649
  0.0000002603
  0.0000005796
 -0.0000005745
 -0.0000011513
 -0.0000004641
 -0.0000010345
 -0.0000008563
 -0.0000012242
  0.0000012496
  0.0000020670
  0.0000002930
  0.0000011032
 -0.0000016143
 -0.0000017156
 -0.0000007909
 -0.0000003360
 -0.0000000306
 -0.0000000413
  0.0000023929
 -0.0000005202
  0.0000011193
 -0.0000020652
 -0.0000008609
 -0.0000000976
  0.0000005226
 -0.0000005254
 -0.0000000165
  0.0000011165
 -0.0000008093
 -0.0000019055
  0.0000011682
  0.0000006326
  0.0000034398
 -0.0000021424
  0.0000000436
 -0.0000032722
 -0.0000014998
 -0.0000036604
 -0.0000018809
 -0.0000016763
 -0.0000020049
  0.0000008700
  0.0000003095
 -0.0000012316
  0.0000063201
  0.0000021646
 -0.0000017463
 -0.0000004282
  0.0000004498
  0.0000038902
  0.0000022683
 -0.0000003656
  0.0000056494
 -0.0000006886
  0.0000015823
  0.0000006228
 -0.0000074699
 -0.0000031874
  0.0000009414
 -0.0000041125
 -0.0000003432
 -0.0000023670
 -0.0000007430
  0.0000002917
 -0.0000039566
  0.0000016181
 -0.0000005210
  0.0000019031
  0.0000022613
 -0.0000006195
  0.0000004873
 -0.0000013285
  0.0000019356
  0.0000004949
 -0.0000031933
  0.0000050396
 -0.0001198578
 -0.0000115862
  0.0000204980
 -0.0000034299
  0.0000039803
 -0.0000029319
 -0.0000044609
  0.0000466609
  0.0000385198
 -0.0000047772
 -0.0000005681
 -0.0000028342
  0.0000154553
 -0.0000101550
 -0.0000099009
  0.0000152390
  0.0000412253
  0.0000025092
  0.0000012416
  0.0000019238
 -0.0000007950
  0.0000008930
  0.0000003048
  0.0000006426
 -0.0000011723
 -0.0000003363
 -0.0000007194
  0.0000000075
 -0.0000019872
 -0.0000006380
 -0.0000005340
  0.0000011765
  0.0000006069
  0.0000015223
 -0.0000007585
 -0.0000012744
 -0.0000011023
  0.0000006561
 -0.0000017364
  0.0000027252
  0.0000032342
 -0.0000033585
  0.0000017792
 -0.0000008143
  0.0000006261
  0.0000008366
  0.0000003510
  0.0000031563
 -0.0000003283
  0.0000032003
  0.0000014996
  0.0000083400
 -0.0000003059
 -0.0000011793
  0.0000042207
 -0.0000025308
  0.0000060734
  0.0000011567
  0.0000080134
  0.0000015055
  0.0000082997
  0.0000001915
  0.0000021843
  0.0000056879
  0.0000093523
  0.0000024724
  0.0000036091
 -0.0000082877
 -0.0000028296
  0.0000030430
  0.0000017468
 -0.0000021897
 -0.0000032439
 -0.0000034562
 -0.0000013514
 -0.0000058915
  0.0000011027
 -0.0000011237
  0.0000003382
  0.0000013686
 -0.0000016381
 -0.0000021675
 -0.0000014546
  0.0000001612
 -0.0000022800
 -0.0000040089
  0.0000081432
 -0.0001577894
 -0.0001223786
  0.0000263683
  0.0000098145
  0.0000085062
  0.0000316624
 -0.0000040547
  0.0000216039
 -0.0000110073
 -0.0000183978
  0.0000113712
  0.0001058285
  0.0000342037
 -0.0000263655
 -0.0000162800
  0.0000162040
  0.0000513181
  0.0000005302
  0.0000003447
 -0.0000018169
  0.0000002960
 -0.0000022887
 -0.0000023772
 -0.0000007480
 -0.0000087681
 -0.0000003945
  0.0000004137
  0.0000004020
 -0.0000027590
  0.0000013287
 -0.0000024484
 -0.0000026909
  0.0000005869
  0.0000007543
 -0.0000029459
  0.0000007722
  0.0000002205
 -0.0000005536
 -0.0000009249
 -0.0000004643
 -0.0000014615
 -0.0000003530
  0.0000003556
 -0.0000000248
  0.0000022656
 -0.0000016414
 -0.0000001066
 -0.0000003750
  0.0000005187
 -0.0000004196
  0.0000001544
 -0.0000009670
 -0.0000003208
  0.0000007491
  0.0000006457
  0.0000015004
 -0.0000018324
 -0.0000018599
  0.0000007979
  0.0000011202
  0.0000016106
 -0.0000040416
 -0.0000012755
 -0.0000026818
 -0.0000009880
 -0.0000022580
 -0.0000018319
 -0.0000000911
 -0.0000009270
  0.0000027121
  0.0000023161
 -0.0000015873
  0.0000058850
  0.0000024793
  0.0000010007
 -0.0000007054
  0.0000011021
  0.0000028250
  0.0000011457
 -0.0000006331
  0.0000044366
 -0.0000007369
  0.0000017186
 -0.0000051442
 -0.0000018743
  0.0000003593
 -0.0000030443
 -0.0000001860
  0.0000001418
 -0.0000002036
  0.0000013143
 -0.0000005145
  0.0000030478
  0.0000015301
  0.0000043374
  0.0000001676
 -0.0000032419
  0.0000024789
  0.0000010828
 -0.0000003705
 -0.0000007709
 -0.0000002572
  0.0000011821
 -0.0000646161
  0.0000183339
  0.0000161444
 -0.0000045653
  0.0000028378
 -0.0000023815
  0.0000035352
  0.0000391444
  0.0000342833
 -0.0000081007
 -0.0000025071
 -0.0000455285
 -0.0000191766
 -0.0000194718
 -0.0000034452
  0.0000067527
  0.0000472113
 -0.0000005113
  0.0000015219
  0.0000023368
 -0.0000004467
 -0.0000010113
 -0.0000009801
 -0.0000001570
  0.0000004172
 -0.0000007627
  0.0000005716
  0.0000007369
 -0.0000014489
 -0.0000003694
 -0.0000001553
  0.0000000213
  0.0000011972
  0.0000024370
 -0.0000004234
  0.0000000862
 -0.0000008592
  0.0000018820
 -0.0000016639
  0.0000012736
  0.0000000704
 -0.0000006290
 -0.0000003736
 -0.0000002468
  0.0000000719
  0.0000003627
  0.0000024942
  0.0000006365
 -0.0000003131
 -0.0000003725
  0.0000001062
  0.0000008515
  0.0000003415
 -0.0000003772
  0.0000011610
 -0.0000007779
 -0.0000014123
  0.0000029302
 -0.0000006512
  0.0000002202
 -0.0000017991
  0.0000003443
 -0.0000028810
 -0.0000003299
 -0.0000029013
 -0.0000014612
 -0.0000000380
 -0.0000021289
  0.0000033382
  0.0000020577
 -0.0000005026
  0.0000040881
  0.0000019472
 -0.0000000936
  0.0000024516
  0.0000004424
  0.0000023112
  0.0000011146
 -0.0000003157
  0.0000057114
  0.0000004826
  0.0000009586
 -0.0000008445
 -0.0000059183
  0.0000000317
 -0.0000007941
  0.0000012096
 -0.0000018880
 -0.0000022053
 -0.0000025305
 -0.0000023680
 -0.0000011160
 -0.0000034619
  0.0000005880
 -0.0000005850
  0.0000018968
  0.0000028715
 -0.0000016430
 -0.0000003883
 -0.0000012229
  0.0000008812
 -0.0000017233
 -0.0000037080
  0.0000010550
 -0.0000797164
 -0.0000368606
  0.0000173363
 -0.0000033901
  0.0000025526
  0.0000005391
  0.0000094766
  0.0000303979
  0.0000337540
 -0.0000081747
 -0.0000041875
 -0.0000305632
 -0.0000393403
  0.0000069093
  0.0000038058
  0.0000020389
  0.0000634913
  0.0000007523
  0.0000037941
  0.0000009436
 -0.0000018334
 -0.0000031006
 -0.0000010790
  0.0000039774
 -0.0000031790
 -0.0000008262
  0.0000008435
 -0.0000023439
 -0.0000010703
  0.0000018088
 -0.0000002951
  0.0000000124
 -0.0000000071
 -0.0000057529
 -0.0000008836
 -0.0000021503
 -0.0000013058
  0.0000024344
  0.0000032203
  0.0000084986
 -0.0000004684
  0.0000047469
 -0.0000026518
  0.0000082622
  0.0000094392
  0.0000013909
  0.0000082730
  0.0000000436
  0.0000020747
  0.0000075293
  0.0000024051
  0.0000031597
 -0.0000095207
 -0.0000031282
  0.0000028226
 -0.0000011437
 -0.0000017942
 -0.0000014475
 -0.0000001053
 -0.0000034833
 -0.0000012626
  0.0000003652
  0.0000028641
  0.0000004525
 -0.0000012057
  0.0000002628
  0.0000013218
 -0.0000002419
 -0.0000013595
 -0.0000028823
  0.0000021541
 -0.0001638191
 -0.0000833150
  0.0000100981
  0.0000225631
  0.0000102704
  0.0000613810
 -0.0000054801
  0.0000212197
 -0.0000385594
 -0.0000345162
  0.0000134789
  0.0000908064
  0.0000402333
 -0.0000288769
 -0.0000162360
  0.0000060721
  0.0000583350
 -0.0000007072
 -0.0000024204
 -0.0000012916
 -0.0000046547
 -0.0000006110
 -0.0000001099
 -0.0000046348
 -0.0000043494
 -0.0000006212
 -0.0000006447
 -0.0000010785
 -0.0000020344
 -0.0000006501
 -0.0000012668
 -0.0000022993
 -0.0000006186
 -0.0000009929
 -0.0000002181
 -0.0000030400
 -0.0000010874
  0.0000009726
 -0.0000008321
 -0.0000013584
 -0.0000006749
 -0.0000013055
 -0.0000006384
  0.0000007442
  0.0000000070
 -0.0000006755
  0.0000000777
  0.0000004042
  0.0000003995
 -0.0000002876
  0.0000002963
  0.0000003403
  0.0000001097
  0.0000064743
  0.0000085219
 -0.0000437504
 -0.0000051761
 -0.0000018822
  0.0000042193
 -0.0000004630
 -0.0000184708
  0.0000072032
  0.0000038167
  0.0000101745
  0.0000146360
  0.0000255478
 -0.0000068344
  0.0000205511
  0.0000028197
 -0.0000113798
  0.0000034425
  0.0000010753
 -0.0000006838
  0.0000002648
  0.0000021268
 -0.0000032232
  0.0000015568
  0.0000011225
  0.0000030803
  0.0000019947
  0.0000006813
  0.0000022001
  0.0000015275
  0.0000014091
  0.0000007854
 -0.0000012397
  0.0000402889
  0.0000618634
  0.0000100296
  0.0000233081
 -0.0001387576
 -0.0000208553
 -0.0000000153
  0.0000091325
 -0.0000351910
  0.0000015896
  0.0000154314
  0.0000462331
  0.0000000507
  0.0000004568
  0.0000001844
  0.0000007260
  0.0000012255
 -0.0000000475
  0.0000013227
  0.0000042882
  0.0000007167
  0.0000000666
  0.0000011342
  0.0000004934
  0.0000007744
  0.0000014267
 -0.0000012612
 -0.0000002597
 -0.0000002308
  0.0000012489
  0.0000022742
  0.0000013850
  0.0000006811
 -0.0000026093
 -0.0000002330
  0.0000008486
  0.0000003925
  0.0000011111
  0.0000002254
  0.0000023687
 -0.0000053979
  0.0000031165
  0.0000003449
  0.0000003631
  0.0000003450
  0.0000000878
  0.0000005351
  0.0000005747
  0.0000004935
 -0.0000026978
 -0.0000042285
  0.0000046872
  0.0000061005
  0.0000059531
 -0.0000126079
  0.0000002016
  0.0000007749
 -0.0000218720
 -0.0000149754
 -0.0000006143
 -0.0000019052
 -0.0000012493
  0.0000004786
 -0.0000035804
 -0.0000004625
  0.0000001895
  0.0000028929
  0.0000008124
 -0.0000006836
  0.0000006815
  0.0000015456
  0.0000002060
 -0.0000008068
 -0.0000028158
  0.0000004814
 -0.0000627759
  0.0000511696
  0.0000211862
  0.0000113628
 -0.0000361155
  0.0000447344
 -0.0000702606
 -0.0000694782
 -0.0000295935
  0.0000001260
  0.0000022237
  0.0000000005
 -0.0000004227
  0.0000012868
  0.0000004713
  0.0000014985
 -0.0000004584
  0.0000020154
  0.0000023547
 -0.0000003238
  0.0000000682
  0.0000012771
  0.0000005904
 -0.0000008099
  0.0000005272
  0.0000026250
  0.0000018561
  0.0000013709
 -0.0000005108
  0.0000010660
  0.0000003418
 -0.0000003709
  0.0000004300
  0.0000003174
  0.0000022348
 -0.0000038789
  0.0000023027
  0.0000003899
  0.0000009326
  0.0000003980
 -0.0000001727
 -0.0000007364
  0.0000018306
  0.0000001846
  0.0000007947
 -0.0000009035
 -0.0000006459
  0.0000000684
 -0.0000011475
  0.0000000883
 -0.0000000340
 -0.0000004583
  0.0000003346
  0.0000011779
 -0.0000017800
 -0.0000016875
  0.0000021655
  0.0000011696
 -0.0000007020
 -0.0000027903
 -0.0000001935
 -0.0000027451
 -0.0000013810
 -0.0000039537
 -0.0000013229
 -0.0000002635
 -0.0000019363
  0.0000021459
  0.0000010320
 -0.0000014782
  0.0000056379
  0.0000023406
 -0.0000002205
  0.0000012773
  0.0000004300
  0.0000018926
  0.0000013744
 -0.0000001817
  0.0000043888
  0.0000006620
  0.0000014079
 -0.0000061782
  0.0000003478
 -0.0000006072
  0.0000010746
 -0.0000028765
  0.0000007076
 -0.0000004764
  0.0000005961
  0.0000019329
 -0.0000006831
  0.0000029098
  0.0000013437
  0.0000041217
  0.0000011705
 -0.0000023043
  0.0000029494
  0.0000009121
  0.0000004728
  0.0000004113
 -0.0000003194
  0.0000013799
 -0.0000664506
 -0.0000082325
  0.0000136936
 -0.0000053409
  0.0000015530
  0.0000008483
  0.0000056185
  0.0000395445
  0.0000329368
 -0.0000078683
 -0.0000037612
 -0.0000248714
 -0.0000187086
 -0.0000195410
  0.0000033321
  0.0000053998
  0.0000599168
 -0.0000006898
  0.0000033036
  0.0000009367
 -0.0000003258
 -0.0000010303
 -0.0000007126
 -0.0000004739
  0.0000012817
  0.0000014262
 -0.0000004085
 -0.0000025999
 -0.0000006173
  0.0000002199
 -0.0000003587
  0.0000019805
  0.0000012240
 -0.0000007628
 -0.0000006242
 -0.0000007411
  0.0000009844
 -0.0000009448
  0.0000016859
 -0.0000013112
  0.0000006843
 -0.0000027227
  0.0000010845
 -0.0000012245
  0.0000024146
  0.0000008835
 -0.0000024601
  0.0000037890
 -0.0000015979
  0.0000088423
 -0.0000008530
  0.0000027478
 -0.0000016933
  0.0000053822
 -0.0000019106
  0.0000075658
  0.0000018818
  0.0000093444
  0.0000020077
  0.0000009238
  0.0000076795
  0.0000029562
  0.0000004049
  0.0000017708
  0.0000031549
  0.0000057096
  0.0000022652
 -0.0000020433
  0.0000087163
  0.0000022712
  0.0000029776
  0.0000011356
 -0.0000094314
 -0.0000028421
  0.0000036389
  0.0000030948
 -0.0000017302
 -0.0000017646
 -0.0000019308
 -0.0000008030
 -0.0000011293
  0.0000067521
 -0.0000004210
  0.0000024201
  0.0000036588
 -0.0000014678
 -0.0000006338
  0.0000006748
  0.0000011344
 -0.0000019862
 -0.0000026885
  0.0000030328
 -0.0001568683
 -0.0001240960
  0.0000216420
  0.0000119276
  0.0000123101
  0.0000339181
 -0.0000041065
  0.0000235989
 -0.0000104323
 -0.0000225149
  0.0000129948
  0.0001064106
  0.0000406357
 -0.0000296744
 -0.0000155895
  0.0000070861
  0.0000523528
 -0.0000010067
  0.0000015700
  0.0000003510
 -0.0000004634
  0.0000006745
 -0.0000087812
 -0.0000000270
  0.0000012425
  0.0000033939
  0.0000019171
 -0.0000002580
 -0.0000007547
  0.0000003916
 -0.0000023523
 -0.0000016958
  0.0000006805
  0.0000011313
 -0.0000001062
 -0.0000004735
 -0.0000001191
  0.0000017876
  0.0000004378
 -0.0000010222
 -0.0000039104
 -0.0000014088
 -0.0000022313
 -0.0000008567
 -0.0000014751
  0.0000005001
  0.0000022765
  0.0000009199
 -0.0000000681
  0.0000013604
 -0.0000019780
  0.0000024307
  0.0000014962
  0.0000039243
 -0.0000012115
 -0.0000028541
 -0.0000006719
 -0.0000033683
 -0.0000018797
 -0.0000017344
  0.0000012960
  0.0000032965
  0.0000072879
  0.0000010155
  0.0000007206
  0.0000047061
 -0.0000007307
  0.0000065165
  0.0000008283
  0.0000016981
 -0.0000002175
 -0.0000070695
  0.0000006420
 -0.0000022148
  0.0000014319
 -0.0000045263
 -0.0000003332
 -0.0000022687
 -0.0000014583
  0.0000005069
 -0.0000053418
  0.0000000541
 -0.0000005126
  0.0000012869
  0.0000025744
 -0.0000003576
 -0.0000013247
 -0.0000005376
  0.0000014733
 -0.0000004206
 -0.0000029713
  0.0000067847
 -0.0001404740
 -0.0000562144
  0.0000294810
 -0.0000033994
  0.0000043105
  0.0000024027
 -0.0000067454
  0.0000388904
  0.0000113061
 -0.0000058744
  0.0000004126
  0.0001139497
  0.0000506299
 -0.0000270261
 -0.0000177384
  0.0000190722
  0.0000408817
  0.0000017072
  0.0000014121
  0.0000009331
  0.0000005168
 -0.0000015677
 -0.0000086435
 -0.0000000130
  0.0000007494
  0.0000012226
  0.0000000219
 -0.0000005633
 -0.0000008413
 -0.0000020252
  0.0000015376
  0.0000013750
  0.0000014633
  0.0000004081
  0.0000016789
  0.0000017972
 -0.0000047604
  0.0000006622
 -0.0000019432
  0.0000003543
 -0.0000017587
  0.0000002465
  0.0000009953
  0.0000010510
  0.0000006215
  0.0000002587
  0.0000000655
  0.0000001641
 -0.0000078056
  0.0000022430
  0.0000186648
  0.0000098144
 -0.0000000077
 -0.0000066488
  0.0000103904
  0.0000180810
  0.0000161496
  0.0000111775
  0.0000047263
  0.0000014104
 -0.0000021898
 -0.0000002422
  0.0000027195
 -0.0000038243
  0.0000015766
  0.0000004503
  0.0000036204
  0.0000016133
  0.0000021104
  0.0000006672
  0.0000021255
  0.0000013408
  0.0000006797
 -0.0000035742
 -0.0000632782
  0.0000626636
  0.0000066137
  0.0000087680
  0.0000305162
  0.0000166605
  0.0000020096
  0.0000598065
 -0.0000011555
 -0.0002654900
  0.0000503795
  0.0000135397
  0.0000949491
  0.0000023164
  0.0000015160
  0.0000006307
  0.0000010759
  0.0000003776
  0.0000002522
 -0.0000002824
 -0.0000022977
  0.0000011798
  0.0000007280
  0.0000022650
 -0.0000004354
  0.0000039341
  0.0000019404
 -0.0000014027
  0.0000010749
 -0.0000002889
  0.0000019693
  0.0000017388
  0.0000008874
  0.0000006674
  0.0000098085
  0.0000007004
  0.0000022369
  0.0000000080
  0.0000000526
 -0.0000001798
  0.0000027309
  0.0000123763
  0.0000021458
  0.0000015905
  0.0000002364
  0.0000013418
  0.0000029045
  0.0000018503
 -0.0000001836
  0.0000000634
  0.0000004165
  0.0000028473
 -0.0000004578
 -0.0000001016
 -0.0000000189
  0.0000003580
  0.0000000759
  0.0000009500
 -0.0000008341
 -0.0000016949
  0.0000023338
  0.0000000425
 -0.0000006262
 -0.0000025324
 -0.0000000590
 -0.0000027322
 -0.0000014397
 -0.0000038772
 -0.0000017382
 -0.0000006286
 -0.0000018734
  0.0000021333
  0.0000009675
 -0.0000013647
  0.0000056337
  0.0000019506
 -0.0000005184
  0.0000014363
  0.0000001062
  0.0000018277
  0.0000012647
 -0.0000003447
  0.0000042287
  0.0000008420
  0.0000011570
 -0.0000006592
 -0.0000061171
  0.0000000982
 -0.0000004286
  0.0000011334
 -0.0000032554
  0.0000011114
  0.0000009696
  0.0000011143
  0.0000022422
  0.0000000842
  0.0000028673
  0.0000023994
  0.0000044457
  0.0000006796
 -0.0000011557
  0.0000023974
  0.0000021221
  0.0000007740
  0.0000004339
 -0.0000001133
  0.0000008325
 -0.0000661747
  0.0000177527
  0.0000162613
 -0.0000053363
  0.0000015033
 -0.0000022050
  0.0000045374
  0.0000386092
  0.0000348855
 -0.0000082882
 -0.0000032453
 -0.0000491683
 -0.0000190769
 -0.0000146670
 -0.0000033707
  0.0000045739
  0.0000468054
  0.0000011663
  0.0000014933
  0.0000028851
  0.0000003271
 -0.0000003500
 -0.0000004158
 -0.0000014671
  0.0000007795
 -0.0000001600
  0.0000010834
  0.0000003983
  0.0000014795
  0.0000002084
  0.0000011608
 -0.0000005564
  0.0000003518
  0.0000022447
  0.0000017824
 -0.0000015871
 -0.0000010045
 -0.0000011245
  0.0000023401
  0.0000020425
  0.0000019365
  0.0000020472
  0.0000018631
  0.0000022842
 -0.0000089314
  0.0000182891
  0.0000033559
  0.0000032781
 -0.0000029955
  0.0000135070
  0.0000016486
  0.0000001890
  0.0000004845
  0.0000027437
 -0.0000005792
  0.0000021177
  0.0000025970
  0.0000062371
  0.0000041030
  0.0000015129
  0.0000032113
  0.0000048467
  0.0000029245
  0.0000012054
 -0.0000009360
  0.0000026376
  0.0000251389
  0.0000299642
  0.0000073664
  0.0000514812
 -0.0000036572
 -0.0000570179
 -0.0000292741
  0.0000203710
 -0.0000026968
  0.0000568976
  0.0000026475
  0.0000026193
  0.0000013921
  0.0000016318
  0.0000016813
  0.0000006089
  0.0000038827
  0.0000058587
  0.0000054716
  0.0000009553
  0.0000011366
  0.0000022890
  0.0000038939
  0.0000012643
  0.0000017611
  0.0000024538
  0.0000019899
  0.0000018848
  0.0000088499
  0.0000016543
  0.0000027468
  0.0000029900
  0.0000047025
  0.0000005857
  0.0000000768
  0.0000000674
  0.0000047068
  0.0000015847
  0.0000019381
  0.0000019910
  0.0000025123
 -0.0000024696
 -0.0000000321
  0.0000005677
 -0.0000001484
 -0.0000002162
  0.0000003764
  0.0000006452
  0.0000014151
 -0.0000016182
 -0.0000016993
  0.0000012199
  0.0000011997
  0.0000014038
 -0.0000018096
  0.0000002014
 -0.0000028579
 -0.0000018393
 -0.0000041730
 -0.0000016744
  0.0000000585
 -0.0000025279
  0.0000011413
  0.0000039448
  0.0000000331
  0.0000049898
  0.0000023166
  0.0000016598
  0.0000001571
  0.0000023099
  0.0000049331
  0.0000013647
 -0.0000004316
  0.0000041976
 -0.0000003903
  0.0000021039
 -0.0000081587
  0.0000001815
 -0.0000033182
 -0.0000003504
 -0.0000033717
 -0.0000022732
  0.0000001860
 -0.0000020301
 -0.0000008309
  0.0000009496
  0.0000060966
  0.0000022139
  0.0000041386
 -0.0000004575
 -0.0000048557
  0.0000002098
  0.0000015268
 -0.0000026473
 -0.0000031378
 -0.0000016679
  0.0000022750
 -0.0001040508
  0.0000108926
  0.0000180736
 -0.0000036202
  0.0000027011
 -0.0000040744
 -0.0000005630
  0.0000480581
  0.0000370577
 -0.0000074222
 -0.0000015679
 -0.0000143010
 -0.0000164162
 -0.0000122654
 -0.0000076433
  0.0000092186
  0.0000430235
  0.0000032619
  0.0000005286
  0.0000026838
  0.0000015865
  0.0000015646
  0.0000002345
  0.0000004997
 -0.0000001274
 -0.0000003203
 -0.0000017277
  0.0000008878
 -0.0000012974
 -0.0000001922
 -0.0000006262
  0.0000006346
  0.0000012487
 -0.0000016178
  0.0000006950
 -0.0000009976
  0.0000044571
  0.0000019559
 -0.0000022996
  0.0000007096
  0.0000002363
 -0.0000012776
 -0.0000004016
  0.0000035314
  0.0000041403
  0.0000002195
  0.0000126268
 -0.0000014525
 -0.0000001223
  0.0000074302
 -0.0000003035
  0.0000113920
  0.0000034179
  0.0000144482
  0.0000042617
  0.0000056262
  0.0000019588
  0.0000021238
  0.0000054442
  0.0000054437
  0.0000013677
  0.0000042460
 -0.0000101082
 -0.0000040791
  0.0000068169
  0.0000060254
 -0.0000011234
 -0.0000023996
 -0.0000012037
 -0.0000001154
 -0.0000020990
  0.0000016302
 -0.0000003094
  0.0000035100
 -0.0000004372
 -0.0000019958
 -0.0000000665
  0.0000016789
 -0.0000008541
 -0.0000013835
 -0.0000027080
 -0.0000004061
 -0.0001688279
  0.0000377202
  0.0000128097
  0.0000365605
  0.0000136958
  0.0000896121
 -0.0000094772
  0.0000168558
 -0.0000489009
 -0.0000461689
  0.0000179185
 -0.0000103162
 -0.0000046398
 -0.0000080225
 -0.0000011720
 -0.0000006868
 -0.0000025879
 -0.0000012763
 -0.0000048948
  0.0000006267
 -0.0000015840
 -0.0000046971
 -0.0000044899
 -0.0000014057
 -0.0000007746
  0.0000008620
 -0.0000007636
 -0.0000027771
 -0.0000007930
 -0.0000024227
  0.0000004018
 -0.0000026857
 -0.0000009831
 -0.0000124830
 -0.0000002831
 -0.0000009317
 -0.0000005300
 -0.0000036000
  0.0000006742
  0.0000003265
 -0.0000115306
  0.0000000762
 -0.0000001287
 -0.0000002042
 -0.0000013042
 -0.0000017113
 -0.0000016862
 -0.0000006159
 -0.0000007350
 -0.0000134776
 -0.0000252029
  0.0000005080
  0.0000059783
  0.0000013707
 -0.0000118051
  0.0000047934
  0.0000069789
  0.0000221987
  0.0000042539
 -0.0000006712
 -0.0000024430
 -0.0000017223
  0.0000002600
 -0.0000032886
 -0.0000000738
 -0.0000000561
  0.0000036826
  0.0000015852
 -0.0000004882
  0.0000005598
  0.0000020155
  0.0000001285
 -0.0000009874
 -0.0000035951
 -0.0002302618
  0.0000572702
  0.0000032831
  0.0000196179
 -0.0000964070
 -0.0000066563
  0.0000003765
  0.0000005487
 -0.0000068288
  0.0000020653
  0.0000086595
  0.0000678187
 -0.0000006414
 -0.0000002379
 -0.0000011602
 -0.0000010545
 -0.0000008885
 -0.0000009655
 -0.0000004726
  0.0000017739
  0.0000018063
 -0.0000017071
 -0.0000015039
 -0.0000004187
  0.0000008679
 -0.0000011021
 -0.0000005610
 -0.0000007945
 -0.0000003129
 -0.0000002326
 -0.0000006821
 -0.0000015729
  0.0000031644
 -0.0000010845
  0.0000000601
  0.0000002963
  0.0000009930
 -0.0000020598
 -0.0000019855
 -0.0000016437
  0.0000007152
 -0.0000001833
 -0.0000005542
 -0.0000000216
  0.0000001095
  0.0000002216
  0.0000013828
 -0.0000003738
  0.0000000009
  0.0000005526
 -0.0000003101
 -0.0000001025
  0.0000014192
 -0.0000026646
 -0.0000154908
  0.0000066813
  0.0000000824
  0.0000037985
  0.0000019429
  0.0000138081
  0.0000072476
 -0.0000013690
  0.0000029565
 -0.0000088559
  0.0000010007
  0.0000041646
 -0.0000008892
 -0.0000006590
  0.0000023902
  0.0000184878
  0.0000121782
 -0.0000040785
  0.0000054019
  0.0000006914
 -0.0000008240
  0.0000000919
  0.0000017136
 -0.0000029324
  0.0000016073
  0.0000013933
  0.0000037874
  0.0000016787
  0.0000007124
  0.0000019298
  0.0000022938
  0.0000007785
  0.0000005240
 -0.0000017639
 -0.0001135286
  0.0000452947
  0.0000101136
 -0.0000415539
  0.0000277054
 -0.0000061719
  0.0000527205
 -0.0000001536
 -0.0001092554
 -0.0000093726
  0.0000151770
  0.0000769473
  0.0000021172
 -0.0000015288
  0.0000005069
 -0.0000016361
  0.0000002214
  0.0000013878
  0.0000008159
  0.0000032781
  0.0000034095
  0.0000006452
  0.0000008455
 -0.0000001195
  0.0000020199
  0.0000019829
 -0.0000029395
  0.0000001940
  0.0000001407
 -0.0000012250
 -0.0000000132
 -0.0000009740
  0.0000013974
  0.0000052211
  0.0000004174
  0.0000013306
  0.0000009184
  0.0000012822
  0.0000001396
  0.0000026000
  0.0000013366
  0.0000013560
  0.0000017678
  0.0000002601
 -0.0000000155
  0.0000011008
  0.0000000700
  0.0000000370
  0.0000000825
  0.0000002872
 -0.0000008661
 -0.0000005007
  0.0000196184
 -0.0000018799
 -0.0000030287
  0.0000037557
  0.0000075856
  0.0000028467
  0.0000072438
  0.0000016326
 -0.0000104840
  0.0000012692
 -0.0000014324
 -0.0000213923
 -0.0000144999
  0.0000006506
 -0.0000003209
  0.0000000832
  0.0000016916
 -0.0000038188
  0.0000007724
  0.0000015411
  0.0000028653
  0.0000018168
  0.0000002692
  0.0000019900
  0.0000013399
  0.0000011553
  0.0000004183
 -0.0000011158
  0.0000026181
 -0.0000629306
  0.0000527895
  0.0000242597
  0.0000118988
 -0.0000342292
  0.0000470705
 -0.0000678725
 -0.0000661435
 -0.0000257131
  0.0000021232
  0.0000003869
  0.0000014841
 -0.0000000914
  0.0000016484
  0.0000001589
  0.0000010433
 -0.0000007724
  0.0000002221
  0.0000021840
 -0.0000004354
  0.0000006351
 -0.0000009025
  0.0000000437
  0.0000021350
 -0.0000003592
  0.0000024377
  0.0000012583
  0.0000035231
  0.0000006871
 -0.0000030502
  0.0000001790
  0.0000004344
  0.0000008769
  0.0000021039
  0.0000006275
  0.0000023092
 -0.0000041148
  0.0000016667
  0.0000013033
 -0.0000004533
  0.0000002075
 -0.0000002745
  0.0000005231
  0.0000008610
  0.0000008317
  0.0000008054
 -0.0000043895
  0.0000012191
 -0.0000064590
 -0.0000085536
 -0.0000093165
  0.0000215880
  0.0000106345
 -0.0000018725
  0.0000009196
 -0.0000029267
  0.0000063726
 -0.0000017735
 -0.0000036662
 -0.0000433309
 -0.0000385501
  0.0000165027
  0.0000004467
  0.0000002169
  0.0000002839
  0.0000014722
 -0.0000029684
  0.0000013336
  0.0000022415
  0.0000037313
  0.0000017117
  0.0000001822
  0.0000020768
  0.0000022915
  0.0000010414
  0.0000002656
 -0.0000008086
  0.0000085735
  0.0000239162
  0.0000336740
  0.0000074582
 -0.0000703994
  0.0000486784
 -0.0000252185
 -0.0000943685
 -0.0000488496
 -0.0000448774
  0.0000142461
 -0.0000012348
  0.0000576585
 -0.0000000202
  0.0000021112
  0.0000005881
  0.0000034055
  0.0000018293
  0.0000005678
  0.0000007311
  0.0000025836
  0.0000049589
  0.0000002190
  0.0000012534
  0.0000004344
  0.0000006685
  0.0000044740
  0.0000031090
  0.0000002935
 -0.0000001760
  0.0000038066
  0.0000031128
  0.0000048070
  0.0000004592
  0.0000032868
  0.0000000817
  0.0000010782
  0.0000016560
  0.0000027745
  0.0000011136
  0.0000020903
 -0.0000010228
  0.0000034868
  0.0000010427
  0.0000007740
  0.0000009322
  0.0000005301
  0.0000026131
  0.0000003392
  0.0000003967
  0.0000014723
 -0.0000018576
 -0.0000016090
  0.0000006614
  0.0000017416
  0.0000015265
 -0.0000030541
 -0.0000005252
 -0.0000026196
 -0.0000020173
 -0.0000041936
 -0.0000020371
 -0.0000025599
  0.0000007911
  0.0000029790
  0.0000045601
  0.0000025799
  0.0000013166
 -0.0000005404
  0.0000014821
  0.0000036950
 -0.0000003514
  0.0000042482
 -0.0000010094
  0.0000017243
 -0.0000007400
 -0.0000081455
  0.0000004923
 -0.0000036116
 -0.0000006872
 -0.0000040237
 -0.0000010692
 -0.0000008013
 -0.0000008608
  0.0000000881
  0.0000003987
  0.0000072003
  0.0000007958
  0.0000043648
 -0.0000003846
 -0.0000042469
 -0.0000000452
  0.0000025058
 -0.0000021783
 -0.0000018570
 -0.0000016634
  0.0000026229
 -0.0001295239
 -0.0000164434
  0.0000189027
 -0.0000040309
  0.0000027355
 -0.0000027675
 -0.0000021448
  0.0000463525
  0.0000364805
 -0.0000060483
 -0.0000012420
  0.0000068161
  0.0000132112
 -0.0000114433
 -0.0000128910
  0.0000096603
  0.0000457868
  0.0000000234
  0.0000017822
  0.0000006674
 -0.0000005832
  0.0000000283
 -0.0000009467
 -0.0000006291
 -0.0000026961
  0.0000021230
  0.0000007866
 -0.0000005763
 -0.0000003837
  0.0000004895
  0.0000009013
 -0.0000010990
 -0.0000003901
  0.0000014052
  0.0000050937
 -0.0000037660
 -0.0000018954
  0.0000003041
  0.0000001016
  0.0000010398
  0.0000009248
  0.0000012836
  0.0000011483
  0.0000014763
  0.0000013251
  0.0000014860
  0.0000003671
 -0.0000056048
 -0.0000192524
  0.0000002181
  0.0000021029
  0.0000078641
  0.0000029400
 -0.0000107010
  0.0000014079
 -0.0000025162
 -0.0000021303
  0.0000210349
  0.0000124834
 -0.0000042978
  0.0000057485
 -0.0000008335
 -0.0000027461
 -0.0000018151
  0.0000002617
 -0.0000041040
  0.0000002024
 -0.0000004620
  0.0000028163
  0.0000007318
 -0.0000008179
  0.0000000625
  0.0000010742
  0.0000001983
 -0.0000010714
 -0.0000037412
 -0.0001490128
  0.0000100535
 -0.0000551077
  0.0000316809
  0.0000006437
  0.0000590075
 -0.0000006009
 -0.0000624348
  0.0000038849
  0.0000095280
  0.0000823104
  0.0000026097
 -0.0000006820
 -0.0000012374
 -0.0000021091
  0.0000008577
  0.0000012069
  0.0000008750
  0.0000031565
  0.0000034057
 -0.0000005983
 -0.0000002006
 -0.0000011260
  0.0000004615
  0.0000004182
 -0.0000019211
  0.0000006023
  0.0000010610
 -0.0000014117
 -0.0000009544
 -0.0000014917
  0.0000016614
  0.0000048253
  0.0000013400
 -0.0000005929
 -0.0000004522
  0.0000016438
  0.0000004169
  0.0000016244
  0.0000005265
  0.0000015382
 -0.0000010557
 -0.0000013401
  0.0000018197
 -0.0000005035
 -0.0000003956
  0.0000018107
  0.0000029213
  0.0000020104
  0.0000074616
 -0.0000000707
  0.0000032255
 -0.0000021320
  0.0000043938
  0.0000062479
  0.0000031194
  0.0000080877
  0.0000009682
  0.0000017372
  0.0000094058
  0.0000015008
  0.0000021632
  0.0000008478
 -0.0000068636
 -0.0000021907
  0.0000003872
 -0.0000004925
 -0.0000016430
 -0.0000016105
  0.0000005206
 -0.0000023788
 -0.0000002893
  0.0000003528
  0.0000037379
  0.0000008008
 -0.0000010003
  0.0000004161
  0.0000020809
  0.0000000169
 -0.0000007741
 -0.0000023331
  0.0000096083
 -0.0001588767
 -0.0001233114
  0.0000331273
  0.0000063376
  0.0000071861
  0.0000279741
 -0.0000047853
  0.0000257365
 -0.0000116649
 -0.0000120134
  0.0000092303
  0.0001050516
  0.0000382092
 -0.0000268507
 -0.0000166961
  0.0000206491
  0.0000511699
 -0.0000005233
 -0.0000009949
 -0.0000036729
 -0.0000003847
  0.0000001432
 -0.0000023418
 -0.0000023270
 -0.0000003100
  0.0000012732
 -0.0000005099
 -0.0000029550
  0.0000010149
 -0.0000020307
 -0.0000003780
 -0.0000007687
 -0.0000002104
 -0.0000030950
 -0.0000007805
  0.0000012816
 -0.0000009208
  0.0000003355
  0.0000000060
 -0.0000008232
 -0.0000012670
 -0.0000011747
 -0.0000009214
 -0.0000009214
 -0.0000008673
 -0.0000279744
 -0.0000017199
  0.0000038103
 -0.0000146941
  0.0000098158
  0.0000185008
  0.0000020161
 -0.0000024471
 -0.0000033627
 -0.0000024433
 -0.0000013952
 -0.0000058234
 -0.0000035733
 -0.0000008839
  0.0000008818
 -0.0000001863
 -0.0000018159
 -0.0000002725
 -0.0000001052
 -0.0000016202
 -0.0000022961
 -0.0000045305
  0.0000346369
  0.0000549338
  0.0000005163
  0.0000205788
 -0.0001067869
 -0.0000097504
 -0.0000026448
  0.0000018814
 -0.0000127171
 -0.0000008289
  0.0000212358
  0.0000645009
 -0.0000004822
 -0.0000019887
 -0.0000022072
 -0.0000025959
 -0.0000007948
 -0.0000019207
 -0.0000011272
  0.0000011756
 -0.0000002337
 -0.0000022089
 -0.0000020447
 -0.0000022281
  0.0000001833
 -0.0000022311
 -0.0000010261
 -0.0000015905
 -0.0000016366
 -0.0000017624
 -0.0000024385
 -0.0000011088
  0.0000010709
 -0.0000009980
 -0.0000008722
 -0.0000012643
 -0.0000016325
 -0.0000020545
 -0.0000027518
 -0.0000023642
 -0.0000011522
 -0.0000013537
 -0.0000025335
 -0.0000001040
 -0.0000012110
 -0.0000006466
 -0.0000001356
 -0.0000002116
 -0.0000004350
  0.0000006371
 -0.0000015947
 -0.0000134109
  0.0000001388
  0.0000064665
  0.0000035866
 -0.0000082526
  0.0000024911
  0.0000169442
  0.0000113407
 -0.0000051290
  0.0000034932
  0.0000013838
  0.0000000419
  0.0000003169
  0.0000025809
 -0.0000019385
  0.0000001148
  0.0000024590
  0.0000047628
  0.0000043130
  0.0000014521
  0.0000031012
  0.0000037466
  0.0000031145
  0.0000007872
 -0.0000011008
 -0.0001198093
  0.0000086697
 -0.0000425135
  0.0000265387
 -0.0000072459
  0.0000514658
 -0.0000007907
 -0.0001027356
 -0.0000070206
  0.0000149006
  0.0000775269
  0.0000025275
  0.0000013181
  0.0000010886
  0.0000006272
 -0.0000000195
 -0.0000002000
  0.0000038781
  0.0000036954
  0.0000031675
  0.0000011988
  0.0000014114
  0.0000010617
  0.0000040301
  0.0000032307
  0.0000016434
  0.0000002114
  0.0000001846
  0.0000016478
  0.0000014607
  0.0000008631
  0.0000014107
  0.0000081845
 -0.0000001580
  0.0000024956
  0.0000024327
  0.0000026564
 -0.0000010639
  0.0000004587
  0.0000037990
  0.0000030690
  0.0000006721
  0.0000009124
  0.0000006730
  0.0000024789
 -0.0000005519
 -0.0000012471
 -0.0000008890
 -0.0000000784
  0.0000012118
 -0.0000003837
 -0.0000014203
 -0.0000020761
  0.0000023270
  0.0000005762
  0.0000015123
 -0.0000006987
  0.0000013873
 -0.0000044875
 -0.0000020279
 -0.0000043030
 -0.0000018504
 -0.0000014659
 -0.0000026438
  0.0000009309
  0.0000025753
  0.0000009218
  0.0000061433
  0.0000009768
 -0.0000000605
  0.0000014531
  0.0000017253
  0.0000049582
  0.0000011923
 -0.0000007358
  0.0000040822
  0.0000008674
  0.0000004639
  0.0000003748
 -0.0000081261
 -0.0000025421
  0.0000005639
 -0.0000034625
 -0.0000008189
  0.0000001215
 -0.0000007807
  0.0000007950
 -0.0000006243
  0.0000028612
  0.0000014973
  0.0000043072
 -0.0000002995
 -0.0000037826
  0.0000021245
  0.0000010361
 -0.0000008507
 -0.0000015452
 -0.0000004239
  0.0000021083
 -0.0000898481
  0.0000251346
  0.0000178434
 -0.0000036668
  0.0000027765
 -0.0000034586
 -0.0000005992
  0.0000453182
  0.0000364347
 -0.0000079789
 -0.0000020076
 -0.0000277740
 -0.0000143570
 -0.0000129259
 -0.0000090764
  0.0000089751
  0.0000455467
 -0.0000002439
  0.0000001451
  0.0000026912
 -0.0000012909
 -0.0000009546
 -0.0000003380
 -0.0000007205
 -0.0000005939
 -0.0000002343
 -0.0000022604
  0.0000028498
 -0.0000021983
 -0.0000001999
  0.0000004856
  0.0000003244
 -0.0000004362
 -0.0000007321
  0.0000012984
  0.0000005030
 -0.0000000143
 -0.0000017976
 -0.0000012973
  0.0000009682
 -0.0000021659
  0.0000010123
 -0.0000006357
 -0.0000006344
 -0.0000002271
  0.0000146834
 -0.0000030401
  0.0000032859
  0.0000007074
 -0.0000064906
 -0.0000008993
 -0.0000166822
 -0.0000002203
 -0.0000018565
 -0.0000010948
  0.0000009667
 -0.0000030846
  0.0000016342
  0.0000004349
  0.0000037701
  0.0000014615
 -0.0000000510
  0.0000009422
  0.0000019757
  0.0000006477
 -0.0000005545
 -0.0000028634
 -0.0000012091
 -0.0000756872
  0.0000763009
  0.0000088945
  0.0000109427
 -0.0000274510
  0.0000474822
 -0.0000605073
 -0.0000824285
 -0.0000411321
 -0.0000019810
  0.0000007060
 -0.0000006801
 -0.0000002385
  0.0000007642
  0.0000001056
 -0.0000004123
 -0.0000003609
  0.0000024485
  0.0000010859
 -0.0000006023
 -0.0000003629
  0.0000010529
  0.0000011553
 -0.0000026447
  0.0000000223
  0.0000018317
  0.0000012487
 -0.0000001487
 -0.0000014311
 -0.0000001080
  0.0000004510
  0.0000008380
  0.0000000929
 -0.0000009734
 -0.0000003684
 -0.0000050624
 -0.0000007629
  0.0000006449
  0.0000005930
  0.0000003627
 -0.0000004136
 -0.0000004459
  0.0000001919
 -0.0000021502
 -0.0000023485
  0.0000019036
 -0.0000025936
  0.0000184425
 -0.0000007767
 -0.0000021165
 -0.0000016047
  0.0000208413
  0.0000030663
  0.0000081863
  0.0000029365
  0.0000029006
  0.0000075913
  0.0000078700
  0.0000035340
 -0.0000039303
 -0.0000045789
  0.0000022806
 -0.0000032120
 -0.0000176490
 -0.0000109748
  0.0000120005
 -0.0000017766
 -0.0000011376
 -0.0000022096
 -0.0000009003
 -0.0000024294
  0.0000047470
  0.0000002559
  0.0000029990
  0.0000027583
 -0.0000006283
 -0.0000004068
  0.0000011883
  0.0000012083
 -0.0000018665
 -0.0000020715
  0.0000025259
 -0.0001004173
  0.0000735300
  0.0000142967
  0.0000586493
  0.0000132781
  0.0001034957
 -0.0000265966
  0.0000513840
 -0.0000571127
 -0.0001268007
 -0.0000400835
  0.0000027218
  0.0000016338
 -0.0000003472
  0.0000006187
 -0.0000033281
 -0.0000005330
 -0.0000009320
 -0.0000025272
 -0.0000023323
 -0.0000039188
 -0.0000000651
  0.0000007729
  0.0000020755
  0.0000012149
  0.0000008909
 -0.0000010293
 -0.0000004796
  0.0000005923
 -0.0000001293
  0.0000020152
 -0.0000010694
 -0.0000009609
 -0.0000119515
  0.0000002351
  0.0000013197
  0.0000015361
 -0.0000016731
  0.0000019602
  0.0000011119
 -0.0000101409
 -0.0000011557
 -0.0000014417
  0.0000014502
 -0.0000004830
 -0.0000001137
 -0.0000013482
 -0.0000009924
  0.0000118971
 -0.0000007045
  0.0000076695
 -0.0000005416
  0.0000143568
  0.0000024704
  0.0000071542
  0.0000019416
  0.0000051859
  0.0000021459
  0.0000035612
 -0.0000094991
 -0.0000033986
 -0.0000020803
 -0.0000037232
 -0.0000029307
 -0.0000009897
 -0.0000049139
 -0.0000012592
 -0.0000016115
  0.0000014906
 -0.0000000828
 -0.0000018492
 -0.0000010887
 -0.0000001325
 -0.0000006670
 -0.0000023615
 -0.0000045699
 -0.0000015884
 -0.0001490727
  0.0000404293
  0.0000130060
  0.0000422606
  0.0000134833
  0.0000963172
 -0.0000098261
  0.0000169233
 -0.0000478163
  0.0000180888
 -0.0000584609
 -0.0000071864
 -0.0000010270
  0.0000007762
 -0.0000011132
 -0.0000016258
 -0.0000003114
 -0.0000010404
  0.0000003610
 -0.0000040880
 -0.0000038172
 -0.0000051363
 -0.0000013103
 -0.0000018106
 -0.0000012725
 -0.0000004789
 -0.0000007621
  0.0000003954
  0.0000009182
 -0.0000001252
 -0.0000134156
 -0.0000009115
 -0.0000018034
 -0.0000006986
 -0.0000009377
  0.0000008930
 -0.0000117101
 -0.0000005137
 -0.0000017303
 -0.0000004627
 -0.0000017287
 -0.0000008448
  0.0000031376
  0.0000033684
  0.0000158469
 -0.0000017460
 -0.0000002318
  0.0000178911
  0.0000054747
  0.0000052759
  0.0000032925
  0.0000036720
  0.0000009273
  0.0000010641
  0.0000035620
 -0.0000129082
 -0.0000062390
  0.0000091740
 -0.0000009338
 -0.0000016016
 -0.0000013431
  0.0000000838
 -0.0000046388
 -0.0000012043
  0.0000003964
  0.0000020367
  0.0000004706
 -0.0000011365
  0.0000003320
  0.0000005790
 -0.0000001935
 -0.0000010883
 -0.0000025853
  0.0000009517
 -0.0001229949
  0.0000700406
  0.0000143472
  0.0000520956
  0.0000131559
  0.0001011321
 -0.0000170827
  0.0000344560
 -0.0000516867
 -0.0001582853
 -0.0000202286
 -0.0000004056
 -0.0000007893
 -0.0000005980
 -0.0000015744
 -0.0000025365
 -0.0000005186
  0.0000001062
 -0.0000035189
 -0.0000035338
 -0.0000040149
 -0.0000020081
 -0.0000006468
 -0.0000029365
 -0.0000013354
  0.0000008598
 -0.0000008357
 -0.0000000119
 -0.0000023444
 -0.0000000686
 -0.0000005876
 -0.0000122220
 -0.0000009695
 -0.0000011663
 -0.0000003211
 -0.0000003502
 -0.0000005605
  0.0000010049
 -0.0000105399
 -0.0000020590
  0.0000004442
 -0.0000025933
 -0.0000002909
 -0.0000019949
 -0.0000000719
 -0.0000007345
  0.0000011827
  0.0000002925
 -0.0000015624
 -0.0000021397
  0.0000006564
  0.0000005852
  0.0000013995
 -0.0000019012
 -0.0000001688
 -0.0000038734
 -0.0000013074
 -0.0000036130
 -0.0000017243
 -0.0000005543
 -0.0000020348
  0.0000025034
  0.0000039166
 -0.0000000429
  0.0000040615
  0.0000015031
  0.0000013528
 -0.0000002175
  0.0000023586
  0.0000050747
  0.0000010695
 -0.0000008909
  0.0000043696
 -0.0000009751
  0.0000013015
  0.0000005566
 -0.0000074908
 -0.0000040128
 -0.0000011462
 -0.0000027177
 -0.0000000216
 -0.0000032822
 -0.0000003136
 -0.0000003785
 -0.0000030824
  0.0000020012
 -0.0000010309
  0.0000020527
  0.0000027371
 -0.0000022337
  0.0000005390
 -0.0000015630
  0.0000012843
  0.0000006959
 -0.0000036984
  0.0000018715
 -0.0000663380
  0.0000220180
  0.0000166765
 -0.0000042786
  0.0000025449
 -0.0000027751
  0.0000026190
  0.0000404510
  0.0000343949
 -0.0000084544
 -0.0000018549
 -0.0000463908
 -0.0000191587
 -0.0000207346
 -0.0000044311
  0.0000081784
  0.0000478056
  0.0000008728
  0.0000013554
  0.0000035757
 -0.0000015468
  0.0000002751
 -0.0000013473
 -0.0000000227
 -0.0000000047
 -0.0000010614
  0.0000005796
  0.0000000618
 -0.0000024553
 -0.0000015730
 -0.0000001563
  0.0000000854
  0.0000002950
  0.0000013278
  0.0000010966
  0.0000000311
 -0.0000002473
  0.0000006272
  0.0000018414
  0.0000018795
 -0.0000015336
 -0.0000013507
 -0.0000006755
  0.0000002893
  0.0000002705
  0.0000002864
 -0.0000023276
  0.0000006097
 -0.0000030360
  0.0000188379
 -0.0000019977
 -0.0000025420
 -0.0000025916
  0.0000026320
  0.0000073972
  0.0000025730
  0.0000072304
  0.0000026875
 -0.0000088161
  0.0000011828
 -0.0000032449
 -0.0000199117
 -0.0000129828
 -0.0000000923
 -0.0000017230
 -0.0000003051
  0.0000009360
 -0.0000016941
  0.0000004295
  0.0000005426
  0.0000043393
  0.0000004854
 -0.0000011556
  0.0000001881
  0.0000025980
  0.0000000364
 -0.0000003143
 -0.0000023128
  0.0000030213
 -0.0000727176
  0.0000570848
  0.0000197608
  0.0000117619
  0.0001069521
 -0.0000318754
  0.0000445165
 -0.0000652881
 -0.0000805603
 -0.0000316045
  0.0000024274
  0.0000000647
 -0.0000000941
 -0.0000007285
 -0.0000035259
  0.0000007841
 -0.0000011807
 -0.0000026492
 -0.0000024772
 -0.0000003764
 -0.0000008279
 -0.0000000628
 -0.0000002370
 -0.0000002025
  0.0000001009
  0.0000002174
 -0.0000003910
  0.0000003171
 -0.0000014258
 -0.0000011564
 -0.0000001809
 -0.0000076020
  0.0000005590
 -0.0000005036
  0.0000000923
 -0.0000003933
  0.0000014765
  0.0000011790
 -0.0000069057
  0.0000001451
  0.0000005631
 -0.0000009845
 -0.0000000132
 -0.0000005421
  0.0000031216
  0.0000005414
  0.0000041540
 -0.0000005959
  0.0000089714
 -0.0000005686
  0.0000030609
 -0.0000009766
  0.0000045041
 -0.0000011630
  0.0000075169
  0.0000007861
  0.0000093174
  0.0000026132
  0.0000075771
  0.0000010007
  0.0000020726
  0.0000058828
 -0.0000007805
  0.0000070365
  0.0000023414
  0.0000036579
 -0.0000093351
 -0.0000027181
  0.0000041279
  0.0000022664
 -0.0000001027
 -0.0000029547
 -0.0000013421
  0.0000007329
 -0.0000061363
  0.0000003184
 -0.0000012406
  0.0000003645
  0.0000028178
  0.0000002783
 -0.0000017780
 -0.0000014189
  0.0000019089
 -0.0000002308
 -0.0000036619
 -0.0000001996
 -0.0001625036
 -0.0000872052
  0.0000095230
  0.0000197727
  0.0000132816
  0.0000563271
 -0.0000061496
  0.0000211513
 -0.0000263820
 -0.0000353335
  0.0000131243
  0.0001006083
  0.0000402523
 -0.0000277123
 -0.0000202661
  0.0000022879
  0.0000590889
  0.0000019652
 -0.0000001041
  0.0000006522
 -0.0000016068
 -0.0000008090
 -0.0000014674
 -0.0000014214
 -0.0000021723
 -0.0000001891
 -0.0000000521
  0.0000008694
  0.0000006788
 -0.0000026787
 -0.0000008721
  0.0000020197
 -0.0000020041
 -0.0000027832
 -0.0000009506
  0.0000008366
  0.0000009856
 -0.0000022912
  0.0000014954
  0.0000015775
 -0.0000016273
 -0.0000002411
 -0.0000011357
 -0.0000009836
  0.0000009109
 -0.0000019561
  0.0000042386
  0.0000005485
  0.0000105829
  0.0000015739
 -0.0000000231
  0.0000037251
  0.0000084016
  0.0000017166
  0.0000075531
 -0.0000003701
 -0.0000016981
 -0.0000008749
  0.0000007296
 -0.0000030352
  0.0000017313
  0.0000005679
  0.0000037486
  0.0000009053
 -0.0000002532
  0.0000010648
  0.0000018664
  0.0000004211
 -0.0000004155
 -0.0000026813
  0.0000194801
  0.0000226880
  0.0000590449
  0.0000342150
  0.0000104943
  0.0000608378
 -0.0000143812
  0.0000135163
 -0.0000326612
 -0.0000370671
  0.0000126264
  0.0000040242
  0.0000509222
  0.0000011079
 -0.0000009841
 -0.0000000501
  0.0000008402
  0.0000008216
  0.0000023607
  0.0000001594
  0.0000019088
  0.0000007045
 -0.0000004117
 -0.0000002135
  0.0000012862
  0.0000010012
 -0.0000032656
  0.0000009452
  0.0000013958
  0.0000008831
  0.0000019873
  0.0000013387
  0.0000004832
  0.0000009165
  0.0000018773
  0.0000007480
  0.0000008771
  0.0000008034
  0.0000011361
  0.0000009479
 -0.0000047897
  0.0000013631
  0.0000012656
  0.0000009189
  0.0000007470
  0.0000004651
  0.0000004754
  0.0000004290
  0.0000014061
 -0.0000021676
 -0.0000018993
  0.0000002397
  0.0000016142
  0.0000016599
 -0.0000038069
 -0.0000012035
 -0.0000026868
 -0.0000013145
 -0.0000030189
 -0.0000014591
 -0.0000017342
  0.0000019951
  0.0000023467
 -0.0000013972
  0.0000049685
  0.0000025240
  0.0000010949
 -0.0000010834
  0.0000011837
  0.0000029707
  0.0000009318
 -0.0000006607
  0.0000044187
 -0.0000014282
  0.0000016717
 -0.0000001688
 -0.0000065567
 -0.0000000902
 -0.0000029208
 -0.0000003386
 -0.0000027808
  0.0000009869
 -0.0000007049
  0.0000007675
  0.0000019612
 -0.0000036521
 -0.0000009087
  0.0000007404
  0.0000024301
  0.0000021255
 -0.0000000571
  0.0000010366
  0.0000000797
  0.0000020545
  0.0000006532
 -0.0000018024
  0.0000024033
 -0.0001037005
  0.0000125372
  0.0000182944
 -0.0000032525
  0.0000028430
 -0.0000036186
  0.0000013019
  0.0000480415
  0.0000373429
 -0.0000075127
 -0.0000015775
 -0.0000134719
 -0.0000150606
 -0.0000112795
 -0.0000074934
  0.0000092368
  0.0000429000
 -0.0000008461
  0.0000008269
  0.0000026746
 -0.0000000701
  0.0000015038
  0.0000002456
  0.0000004817
  0.0000001343
 -0.0000026465
 -0.0000000921
 -0.0000004162
  0.0000001565
  0.0000004115
  0.0000018489
 -0.0000014157
  0.0000030045
  0.0000022713
 -0.0000002814
  0.0000023881
 -0.0000018313
 -0.0000010969
 -0.0000002787
 -0.0000013588
 -0.0000001468
  0.0000013824
  0.0000011504
  0.0000003134
  0.0000065424
 -0.0000340771
 -0.0000061234
 -0.0000023740
  0.0000041249
 -0.0000026726
 -0.0000163759
  0.0000074004
  0.0000100334
  0.0000254580
  0.0000032539
 -0.0000105648
  0.0000013128
 -0.0000008516
 -0.0000020942
 -0.0000014280
  0.0000002190
 -0.0000031902
  0.0000005599
  0.0000001550
  0.0000032151
  0.0000006772
 -0.0000009668
  0.0000006523
  0.0000014614
 -0.0000000521
 -0.0000010168
 -0.0000029205
  0.0000388121
  0.0000646724
  0.0000078326
  0.0000230679
 -0.0001187499
 -0.0000109796
 -0.0000021345
  0.0000088384
 -0.0000218939
  0.0000032308
  0.0000134829
  0.0000560192
  0.0000016468
 -0.0000017409
 -0.0000002745
  0.0000017949
  0.0000013188
  0.0000012091
 -0.0000024189
 -0.0000009948
 -0.0000029935
 -0.0000005492
 -0.0000002583
  0.0000019496
  0.0000005019
  0.0000020965
 -0.0000035901
  0.0000010693
 -0.0000000704
  0.0000014657
  0.0000029063
  0.0000023110
  0.0000006294
 -0.0000005273
  0.0000002038
  0.0000005811
 -0.0000000521
 -0.0000006515
 -0.0000000693
  0.0000018226
 -0.0000093372
 -0.0000012186
  0.0000014902
  0.0000015975
  0.0000014894
  0.0000000599
  0.0000002949
  0.0000013042
 -0.0000019250
 -0.0000018042
  0.0000020803
  0.0000015323
  0.0000008343
 -0.0000032760
 -0.0000004156
 -0.0000026907
 -0.0000011811
 -0.0000027793
 -0.0000019365
 -0.0000002159
 -0.0000012497
  0.0000025114
  0.0000014017
 -0.0000014120
  0.0000066677
  0.0000024242
  0.0000002642
  0.0000009570
  0.0000006629
  0.0000022147
  0.0000013431
 -0.0000002096
  0.0000040615
  0.0000004721
  0.0000017323
 -0.0000052843
  0.0000001578
 -0.0000006757
  0.0000012857
 -0.0000033077
 -0.0000029285
 -0.0000015192
 -0.0000029806
 -0.0000018270
  0.0000001651
  0.0000051078
  0.0000010391
  0.0000033901
  0.0000007136
 -0.0000045922
 -0.0000010149
  0.0000005652
 -0.0000019767
 -0.0000034977
 -0.0000031916
  0.0000010306
 -0.0000710023
  0.0000241568
  0.0000163178
 -0.0000044289
  0.0000023117
 -0.0000027691
  0.0000035370
  0.0000400125
  0.0000352602
 -0.0000081889
 -0.0000025679
 -0.0000450661
 -0.0000190812
 -0.0000141800
 -0.0000053749
  0.0000061284
  0.0000467689
  0.0000034152
  0.0000008750
  0.0000016289
  0.0000015487
  0.0000015412
  0.0000002035
 -0.0000004430
 -0.0000011038
 -0.0000000031
  0.0000003646
 -0.0000002099
  0.0000001343
  0.0000002596
  0.0000013107
 -0.0000002578
 -0.0000011414
 -0.0000012820
  0.0000002191
  0.0000040461
  0.0000014884
 -0.0000017080
  0.0000012237
  0.0000001265
  0.0000008673
 -0.0000010004
 -0.0000013978
  0.0000008978
 -0.0000002174
  0.0000015323
 -0.0000039010
 -0.0000030079
 -0.0000016149
 -0.0000030700
 -0.0000017966
  0.0000012956
  0.0000009383
  0.0000052888
 -0.0000002668
 -0.0000003796
  0.0000017868
 -0.0000008096
  0.0000042903
 -0.0000007614
  0.0000011602
 -0.0000012340
 -0.0000064413
  0.0000005597
 -0.0000024097
  0.0000000352
 -0.0000036337
  0.0000010061
 -0.0000010649
  0.0000001238
  0.0000018877
 -0.0000042559
 -0.0000010170
  0.0000002857
  0.0000028192
  0.0000033752
  0.0000007578
 -0.0000000710
  0.0000009644
  0.0000023632
  0.0000008194
 -0.0000016405
  0.0000024136
 -0.0001353007
 -0.0000201342
  0.0000187689
 -0.0000039457
  0.0000027542
 -0.0000017200
 -0.0000009550
  0.0000462894
  0.0000324231
 -0.0000061482
 -0.0000012117
  0.0000203263
  0.0000158850
 -0.0000151031
 -0.0000148203
  0.0000094433
  0.0000477480
  0.0000025048
  0.0000015431
  0.0000022653
 -0.0000001874
  0.0000002642
 -0.0000011470
 -0.0000035612
  0.0000020554
  0.0000020621
 -0.0000016866
 -0.0000020888
 -0.0000015370
  0.0000007286
  0.0000010847
  0.0000012442
  0.0000026389
  0.0000055831
 -0.0000037995
  0.0000010944
 -0.0000024268
 -0.0000015219
  0.0000009903
 -0.0000008922
  0.0000028082
 -0.0000008705
 -0.0000006725
 -0.0000019696
  0.0000005242
 -0.0000029893
 -0.0000012730
 -0.0000039726
 -0.0000012663
 -0.0000023425
  0.0000023901
  0.0000020892
 -0.0000007062
  0.0000038226
  0.0000018551
  0.0000000195
  0.0000025394
  0.0000002330
  0.0000025729
  0.0000010901
 -0.0000002827
  0.0000045809
  0.0000012727
  0.0000008161
 -0.0000013058
 -0.0000066155
  0.0000001285
 -0.0000005054
  0.0000013278
 -0.0000026006
 -0.0000016248
 -0.0000020300
 -0.0000018943
 -0.0000006591
 -0.0000047356
 -0.0000013610
 -0.0000009657
  0.0000007211
  0.0000021300
 -0.0000021719
 -0.0000011787
 -0.0000013588
  0.0000001160
 -0.0000020155
 -0.0000028426
  0.0000013980
 -0.0000640879
  0.0000011817
  0.0000132596
 -0.0000058473
  0.0000018253
 -0.0000005527
  0.0000069701
  0.0000389563
  0.0000339164
 -0.0000081122
 -0.0000045067
 -0.0000396740
 -0.0000191380
 -0.0000185908
  0.0000012870
  0.0000060751
  0.0000480154
 -0.0000016218
  0.0000023408
  0.0000028864
 -0.0000000678
 -0.0000003117
  0.0000005426
 -0.0000012240
  0.0000012767
 -0.0000007707
  0.0000000479
  0.0000012366
  0.0000028888
  0.0000020692
  0.0000002731
 -0.0000009341
  0.0000017693
 -0.0000013004
 -0.0000018546
 -0.0000000132
 -0.0000004561
  0.0000003493
  0.0000007958
 -0.0000006278
 -0.0000015891
  0.0000030238
 -0.0000001797
 -0.0000004736
 -0.0000016070
  0.0000008361
 -0.0000025305
 -0.0000011760
 -0.0000037287
 -0.0000016296
 -0.0000003690
 -0.0000022376
  0.0000026887
  0.0000019989
 -0.0000009148
  0.0000039232
  0.0000025618
 -0.0000002402
  0.0000027204
  0.0000004588
  0.0000025070
  0.0000014184
 -0.0000004047
  0.0000049273
  0.0000015593
  0.0000012548
  0.0000000005
 -0.0000064336
  0.0000000534
 -0.0000002918
  0.0000016551
 -0.0000021993
 -0.0000005562
 -0.0000001552
 -0.0000005878
  0.0000008521
  0.0000001304
  0.0000045514
  0.0000013191
  0.0000041930
  0.0000005582
 -0.0000031171
  0.0000020557
  0.0000010133
 -0.0000002445
 -0.0000009464
 -0.0000006018
  0.0000011296
 -0.0000767893
 -0.0000443557
  0.0000143602
 -0.0000040006
  0.0000022639
  0.0000009488
  0.0000081434
  0.0000301628
  0.0000328934
 -0.0000074591
 -0.0000052013
 -0.0000297854
 -0.0000328206
  0.0000066499
  0.0000049684
  0.0000033275
  0.0000632043
 -0.0000000840
  0.0000037956
  0.0000012777
 -0.0000016752
 -0.0000032398
 -0.0000010844
  0.0000031973
  0.0000012455
 -0.0000017230
  0.0000000134
 -0.0000006497
  0.0000004536
 -0.0000023900
 -0.0000013246
 -0.0000002784
  0.0000002085
 -0.0000002609
  0.0000008620
 -0.0000049552
 -0.0000012994
  0.0000010261
 -0.0000013965
  0.0000040161
  0.0000004057
  0.0000039658
  0.0000029615
  0.0000145935
 -0.0000009503
  0.0000059497
  0.0000017708
  0.0000090608
  0.0000003528
  0.0000133200
  0.0000169935
  0.0000070648
  0.0000061569
  0.0000049392
  0.0000054329
  0.0000054649
  0.0000036030
  0.0000018106
  0.0000040421
 -0.0000118863
 -0.0000053425
  0.0000083863
 -0.0000024601
 -0.0000019499
 -0.0000023495
 -0.0000013965
 -0.0000029216
  0.0000038493
 -0.0000003553
  0.0000026234
  0.0000009241
 -0.0000021521
 -0.0000008351
  0.0000008580
 -0.0000004204
 -0.0000027812
 -0.0000023395
  0.0000007999
 -0.0001456042
  0.0000494820
  0.0000159463
  0.0000435185
  0.0000138104
  0.0000982595
 -0.0000129356
  0.0000203734
 -0.0000500946
 -0.0000501717
  0.0000193760
 -0.0000599614
 -0.0000103450
 -0.0000013580
 -0.0000007130
  0.0000004076
 -0.0000021256
 -0.0000004686
 -0.0000042190
 -0.0000007025
 -0.0000020307
 -0.0000041169
 -0.0000039186
 -0.0000011813
 -0.0000002880
  0.0000008550
  0.0000001127
 -0.0000028238
 -0.0000005865
 -0.0000019102
  0.0000010344
 -0.0000024755
 -0.0000015394
 -0.0000129365
 -0.0000005025
  0.0000001779
  0.0000004030
 -0.0000035191
  0.0000008599
 -0.0000003055
 -0.0000121671
 -0.0000008410
  0.0000003666
 -0.0000011439
 -0.0000011788
  0.0000014792
 -0.0000006941
  0.0000014223
  0.0000004931
  0.0000027575
 -0.0000027250
 -0.0000024462
 -0.0000013556
 -0.0000039560
 -0.0000017384
  0.0000009793
  0.0000026398
  0.0000056919
  0.0000011559
  0.0000000549
  0.0000056187
 -0.0000002433
  0.0000020045
  0.0000003998
 -0.0000076674
  0.0000016306
 -0.0000027012
 -0.0000041979
 -0.0000007700
 -0.0000017050
 -0.0000009277
  0.0000002392
 -0.0000023593
  0.0000039292
  0.0000000341
  0.0000032297
  0.0000001424
 -0.0000016215
  0.0000005739
  0.0000013746
 -0.0000003709
 -0.0000010289
 -0.0000020117
  0.0000051712
 -0.0001400928
 -0.0000491104
  0.0000278046
 -0.0000027211
  0.0000036073
  0.0000025704
 -0.0000054404
  0.0000389263
  0.0000104917
 -0.0000051522
  0.0000002905
  0.0001160161
  0.0000502932
 -0.0000275758
 -0.0000172785
  0.0000159418
  0.0000395739
 -0.0000006905
  0.0000002843
 -0.0000004296
  0.0000000238
  0.0000005098
 -0.0000082902
  0.0000010938
  0.0000006344
 -0.0000013229
  0.0000021262
 -0.0000011961
 -0.0000006226
  0.0000022433
  0.0000007348
  0.0000009755
 -0.0000001878
  0.0000007539
  0.0000014125
  0.0000003468
  0.0000000273
  0.0000002358
 -0.0000007312
 -0.0000132744
 -0.0000013312
  0.0000056953
 -0.0000092964
  0.0000015696
  0.0000159663
  0.0000012341
  0.0000005779
 -0.0000026309
 -0.0000005292
  0.0000017862
 -0.0000050866
  0.0000004500
 -0.0000001262
  0.0000022592
  0.0000005408
  0.0000006999
  0.0000006713
  0.0000007958
  0.0000002971
  0.0000003132
 -0.0000038305
 -0.0001345240
  0.0000069911
 -0.0000453676
  0.0000265691
 -0.0000087874
  0.0000530188
 -0.0000030180
 -0.0000885243
 -0.0000061004
  0.0000133457
 -0.0000027192
  0.0000766188
  0.0000014800
  0.0000007324
 -0.0000003852
  0.0000001288
 -0.0000010252
 -0.0000004104
 -0.0000012148
 -0.0000036906
 -0.0000016418
 -0.0000001036
  0.0000013091
 -0.0000008766
  0.0000025929
 -0.0000006354
  0.0000003367
 -0.0000006361
  0.0000008979
  0.0000009669
  0.0000002067
 -0.0000001943
  0.0000096857
  0.0000002373
  0.0000012957
 -0.0000002754
  0.0000003251
 -0.0000008005
  0.0000015171
  0.0000049640
  0.0000016575
  0.0000007509
 -0.0000003459
  0.0000004677
  0.0000015556
  0.0000037299
 -0.0000004569
  0.0000022129
  0.0000036083
 -0.0000060883
  0.0000061253
  0.0000040153
  0.0000031404
  0.0000002188
  0.0000021582
 -0.0000004948
  0.0000007979
  0.0000005807
  0.0000033781
 -0.0000036593
 -0.0000804602
  0.0000002105
  0.0000079375
  0.0000213552
 -0.0000016646
  0.0000458866
 -0.0000019476
 -0.0002446144
  0.0000607024
  0.0000050234
  0.0000811804
  0.0000037414
  0.0000021519
  0.0000039667
  0.0000007776
  0.0000015077
  0.0000036495
  0.0000084462
  0.0000050203
  0.0000010343
 -0.0000015770
  0.0000008271
  0.0000007374
  0.0000010370
  0.0000010771
  0.0000037507
  0.0000028001
  0.0000000554
 -0.0000008525
  0.0000008082
  0.0000007595
  0.0000042874
  0.0000008109
 -0.0000008359
  0.0000012179
  0.0000011409
 -0.0000005429
  0.0000007663
  0.0000057418
 -0.0000089487
  0.0000099521
  0.0000043052
  0.0000000744
 -0.0000017896
 -0.0000012308
  0.0000008772
 -0.0000030838
 -0.0000029892
  0.0000007883
  0.0000017413
  0.0000019352
 -0.0000012326
  0.0000024600
  0.0000030977
  0.0000005670
 -0.0000001051
 -0.0000030739
 -0.0000666855
  0.0000521470
  0.0000035467
  0.0000106771
  0.0000256361
  0.0000002440
  0.0000522413
 -0.0000027525
 -0.0002794817
  0.0000575919
  0.0000104524
  0.0000865153
  0.0000005508
  0.0000014081
  0.0000001907
  0.0000009209
  0.0000002803
 -0.0000003969
  0.0000017960
  0.0000020856
  0.0000029344
 -0.0000002193
 -0.0000004360
 -0.0000005065
  0.0000004878
 -0.0000036945
 -0.0000005466
  0.0000025343
 -0.0000003482
 -0.0000000327
  0.0000014869
 -0.0000005289
  0.0000005704
 -0.0000004576
 -0.0000008163
 -0.0000013183
  0.0000005400
  0.0000101101
  0.0000021349
 -0.0000007851
  0.0000002323
 -0.0000002782
  0.0000014160
 -0.0000166599
  0.0000114877
 -0.0000016651
 -0.0000048955
 -0.0000029197
 -0.0000004680
 -0.0000071964
 -0.0000016668
 -0.0000023927
  0.0000001659
 -0.0000017671
 -0.0000012098
 -0.0000017905
 -0.0000012800
 -0.0000020517
 -0.0000020484
 -0.0000061271
  0.0000348460
  0.0000512116
 -0.0000005721
  0.0000195992
 -0.0001040418
 -0.0000081730
 -0.0000063679
 -0.0000063868
 -0.0000040170
 -0.0000014091
  0.0000214045
  0.0000696778
  0.0000011440
 -0.0000011781
 -0.0000027082
 -0.0000019262
 -0.0000026700
 -0.0000009767
 -0.0000011180
 -0.0000033062
 -0.0000025739
 -0.0000006327
  0.0000006768
 -0.0000027949
  0.0000002049
 -0.0000019393
 -0.0000010238
 -0.0000020338
 -0.0000007428
  0.0000020615
 -0.0000001057
 -0.0000008887
 -0.0000026727
 -0.0000006479
 -0.0000022313
 -0.0000001465
 -0.0000009578
 -0.0000018840
 -0.0000026479
 -0.0000008949
 -0.0000014071
 -0.0000085562
  0.0000036940
 -0.0000047275
 -0.0000012561
  0.0000064385
 -0.0000057325
  0.0000062098
  0.0000003110
  0.0000043784
  0.0000025102
  0.0000051778
 -0.0000011215
  0.0000016520
  0.0000026951
 -0.0000000322
 -0.0000081288
  0.0000496305
  0.0000408072
  0.0000165343
  0.0000683714
  0.0000073953
 -0.0000227842
 -0.0000001001
  0.0000138612
 -0.0000052039
  0.0000822142
  0.0000025098
  0.0000023592
 -0.0000009326
  0.0000047976
  0.0000027912
  0.0000062961
  0.0000047149
 -0.0000028481
 -0.0000000161
 -0.0000000256
  0.0000029358
  0.0000029377
  0.0000020775
  0.0000006922
  0.0000058594
  0.0000038968
 -0.0000025261
  0.0000025129
  0.0000034977
  0.0000053143
 -0.0000002236
  0.0000104175
 -0.0000007029
  0.0000025698
  0.0000006939
  0.0000011938
  0.0000006693
  0.0000017153
  0.0000032113
 -0.0000081382
  0.0000016264
  0.0000044879
 -0.0000007817
  0.0000014317
  0.0000018362
  0.0000036129
 -0.0000015392
  0.0000003717
  0.0000024350
 -0.0000014683
 -0.0000731648
  0.0000412936
 -0.0000003694
  0.0000157054
  0.0000193187
 -0.0000029501
  0.0000487962
 -0.0000019908
 -0.0003330205
  0.0000766006
  0.0000036550
  0.0000793676
  0.0000027865
  0.0000031006
  0.0000042479
  0.0000020147
  0.0000026350
  0.0000031365
  0.0000083344
  0.0000041621
  0.0000004078
  0.0000011839
 -0.0000020231
  0.0000005492
 -0.0000003296
  0.0000012573
  0.0000026651
  0.0000027755
  0.0000008914
 -0.0000010425
  0.0000036743
  0.0000013275
  0.0000020839
  0.0000003719
  0.0000014284
  0.0000019274
  0.0000021091
  0.0000027728
  0.0000007711
 -0.0000123913
 -0.0000214109
  0.0000025865
  0.0000046670
  0.0000011845
  0.0000041066
 -0.0000003356
  0.0000067431
  0.0000048448
  0.0000067158
  0.0000050651
  0.0000025304
  0.0000088313
  0.0000054100
  0.0000044594
  0.0000025484
  0.0000042502
  0.0000684540
 -0.0000054988
  0.0000239737
  0.0000192831
 -0.0000408986
  0.0000099004
  0.0000279301
  0.0000043891
  0.0000880378
  0.0000066932
  0.0000052209
 -0.0000006283
  0.0000002864
  0.0000125886
  0.0000012803
  0.0000009006
  0.0000033355
  0.0000049898
 -0.0000013255
  0.0000017252
 -0.0000005312
  0.0000034972
  0.0000002600
  0.0000080872
  0.0000020381
  0.0000042781
  0.0000069744
  0.0000030580
  0.0000000532
  0.0000085338
  0.0000006644
  0.0000059793
  0.0000012030
  0.0000047189
 -0.0000015473
 -0.0000027273
 -0.0000054303
  0.0000001389
 -0.0000054737
 -0.0000002898
 -0.0000015563
  0.0000011108
  0.0000042526
 -0.0000015904
  0.0000045917
 -0.0000000107
  0.0000034053
 -0.0000041066
 -0.0000023286
 -0.0001356524
  0.0000390037
 -0.0000030357
 -0.0000300556
 -0.0000072657
 -0.0000817957
 -0.0000153346
  0.0000321976
  0.0000037223
  0.0000039902
  0.0000842594
  0.0000014822
  0.0000004944
 -0.0000020330
 -0.0000016097
 -0.0000051046
 -0.0000017361
 -0.0000018873
 -0.0000015750
 -0.0000024287
 -0.0000087185
 -0.0000025662
 -0.0000016044
  0.0000006589
  0.0000001698
 -0.0000022802
 -0.0000020089
 -0.0000032271
  0.0000045705
 -0.0000036184
 -0.0000012086
  0.0000006682
 -0.0000083467
 -0.0000020077
 -0.0000033811
 -0.0000023016
  0.0000002909
 -0.0000016165
  0.0000004031
 -0.0000016126
 -0.0000009768
  0.0000010036
 -0.0000017613
 -0.0000019654
  0.0000011280
  0.0000045009
  0.0000029878
 -0.0000007797
  0.0000018887
  0.0000045443
  0.0000016315
  0.0000000404
 -0.0000030490
 -0.0000043151
 -0.0000835214
  0.0000547048
  0.0000088552
  0.0000053789
  0.0000217767
 -0.0000582081
 -0.0000923409
 -0.0000179322
 -0.0000019441
  0.0000026986
  0.0000015011
  0.0000013832
 -0.0000005956
  0.0000015018
  0.0000017656
  0.0000005898
 -0.0000011211
  0.0000002861
 -0.0000003449
  0.0000001232
  0.0000019385
 -0.0000004875
  0.0000039569
 -0.0000011839
  0.0000015859
  0.0000000674
  0.0000012059
  0.0000013285
 -0.0000022803
  0.0000009604
  0.0000008994
 -0.0000008963
  0.0000003700
  0.0000008443
  0.0000002170
 -0.0000008138
  0.0000020649
 -0.0000059506
 -0.0000012080
  0.0000028546
 -0.0000003406
  0.0000021598
  0.0000004703
  0.0000047307
 -0.0000001367
  0.0000007030
  0.0000000161
 -0.0000015806
 -0.0001610652
  0.0000504088
  0.0000037722
  0.0000149643
 -0.0000534591
 -0.0000116907
 -0.0000055687
 -0.0001007482
 -0.0000052430
 -0.0000098557
  0.0000106028
  0.0000171010
  0.0000746117
  0.0000015844
  0.0000019881
  0.0000022180
  0.0000012815
  0.0000005352
  0.0000008632
 -0.0000003012
  0.0000015601
 -0.0000005536
 -0.0000003857
 -0.0000019448
 -0.0000009145
 -0.0000040373
 -0.0000020481
 -0.0000016055
  0.0000028251
  0.0000010667
 -0.0000009054
  0.0000031895
  0.0000025915
  0.0000005021
 -0.0000012093
  0.0000000200
  0.0000097364
  0.0000001348
  0.0000019347
 -0.0000032270
 -0.0000007078
 -0.0000009139
  0.0000033844
  0.0000019238
 -0.0000061200
 -0.0000028500
  0.0000049177
 -0.0000074494
  0.0000038062
 -0.0000011537
  0.0000020794
  0.0000035616
  0.0000036122
 -0.0000024830
 -0.0000002458
  0.0000035621
 -0.0000016383
 -0.0000094856
 -0.0001402025
 -0.0000659956
  0.0000073888
  0.0000923992
  0.0000137474
 -0.0000363590
 -0.0001436035
  0.0000295964
  0.0000181706
  0.0000030183
  0.0000005876
 -0.0000022048
 -0.0000024479
 -0.0000017751
 -0.0000032040
 -0.0000020145
 -0.0000041255
 -0.0000017681
 -0.0000025257
 -0.0000000326
  0.0000008512
  0.0000032513
  0.0000001901
 -0.0000045633
  0.0000027512
  0.0000004125
 -0.0000014996
  0.0000011042
 -0.0000032230
 -0.0000021397
 -0.0000008582
 -0.0000019402
 -0.0000096698
  0.0000129710
 -0.0000063282
 -0.0000075232
 -0.0000082881
 -0.0000038145
 -0.0000141846
  0.0000028305
 -0.0000042564
 -0.0000020940
 -0.0000043953
 -0.0000059449
 -0.0000035839
 -0.0000083949
 -0.0000043144
 -0.0000069153
 -0.0000082783
 -0.0001141308
  0.0000374456
  0.0000060751
 -0.0000056127
 -0.0001149592
 -0.0000226158
  0.0000804245
  0.0000836974
  0.0000018027
 -0.0000046587
 -0.0000045851
 -0.0000040477
  0.0000019537
 -0.0000030370
 -0.0000073443
 -0.0000032561
 -0.0000027058
 -0.0000014156
 -0.0000019322
 -0.0000046599
 -0.0000038530
  0.0000023624
 -0.0000049170
 -0.0000082210
 -0.0000046181
 -0.0000045029
  0.0000052887
  0.0000006230
 -0.0000054001
  0.0000000974
 -0.0000054220
 -0.0000011946
 -0.0000074305
 -0.0000035497
  0.0000178957
  0.0000059019
  0.0000093623
 -0.0000026201
 -0.0000024089
 -0.0000005054
 -0.0000021291
 -0.0000072946
  0.0000019092
  0.0000028955
  0.0000001253
 -0.0000037147
 -0.0000026692
  0.0000003948
 -0.0000015412
 -0.0000037211
  0.0000006432
 -0.0000051794
 -0.0001909791
 -0.0001288330
  0.0000319127
  0.0000586829
  0.0000259108
  0.0000130865
  0.0000388962
  0.0000059588
  0.0000017304
 -0.0000017894
 -0.0000036557
 -0.0000025428
 -0.0000023199
 -0.0000044403
 -0.0000019812
 -0.0000015146
 -0.0000042552
 -0.0000036695
 -0.0000009076
 -0.0000044067
 -0.0000035574
 -0.0000025401
  0.0000008852
 -0.0000041508
 -0.0000006828
 -0.0000018089
 -0.0000041622
  0.0000075186
  0.0000017044
  0.0000033479
 -0.0000009119
 -0.0000024759
 -0.0000019993
  0.0000001795
 -0.0000033405
  0.0000000499
 -0.0000000607
  0.0000036286
  0.0000013428
 -0.0000010490
  0.0000004669
  0.0000019927
  0.0000002335
 -0.0000013326
 -0.0000035689
 -0.0000030464
 -0.0001275478
  0.0000446005
  0.0000134794
  0.0000122071
  0.0000984421
 -0.0000121148
  0.0000163971
 -0.0000526985
 -0.0001627907
 -0.0000119489
 -0.0000022096
 -0.0000000909
 -0.0000012025
 -0.0000011584
 -0.0000025376
 -0.0000009234
 -0.0000015688
  0.0000010186
 -0.0000011367
 -0.0000009344
 -0.0000001882
  0.0000013308
 -0.0000043160
 -0.0000000275
 -0.0000005558
 -0.0000008631
 -0.0000050309
  0.0000000838
  0.0000002480
 -0.0000010824
 -0.0000017598
 -0.0000015539
 -0.0000073819
 -0.0000004015
 -0.0000004522
 -0.0000000508
  0.0000027414
 -0.0000004679
 -0.0000010569
 -0.0000024264
 -0.0000027717
  0.0000001077
 -0.0000047955
 -0.0000050641
  0.0000000310
  0.0000001702
  0.0000005581
 -0.0000014266
  0.0000015513
  0.0000014047
 -0.0000007931
 -0.0000016782
 -0.0000039079
  0.0000080344
 -0.0001660700
 -0.0000759902
  0.0000121614
  0.0000860760
  0.0000184726
 -0.0000313958
 -0.0000447387
  0.0000394819
  0.0000216008
  0.0000009163
  0.0000014404
 -0.0000003782
 -0.0000003324
 -0.0000006411
 -0.0000024931
 -0.0000019276
 -0.0000037774
 -0.0000002372
  0.0000005889
 -0.0000038261
  0.0000010831
 -0.0000012788
 -0.0000018841
  0.0000001485
 -0.0000019132
 -0.0000082952
  0.0000003384
 -0.0000010068
 -0.0000018990
 -0.0000087706
 -0.0000083927
  0.0000078002
  0.0000021017
  0.0000042681
  0.0000065304
 -0.0000005314
  0.0000070697
  0.0000080620
  0.0000090313
  0.0000021936
  0.0000060252
  0.0000090648
  0.0000050225
  0.0000023060
  0.0000050348
 -0.0000000591
  0.0000159708
 -0.0000044848
  0.0000023443
 -0.0000063950
 -0.0000307963
  0.0000628104
  0.0000053379
  0.0000031056
  0.0000037969
  0.0000012918
  0.0000038073
  0.0000026470
  0.0000028036
  0.0000054756
  0.0000069798
  0.0000024209
  0.0000022548
  0.0000002506
  0.0000013633
  0.0000031536
 -0.0000013757
 -0.0000003980
  0.0000048641
  0.0000036017
  0.0000046663
  0.0000010028
  0.0000029354
  0.0000035838
 -0.0000007457
 -0.0000009236
  0.0000011476
 -0.0000009227
 -0.0000049524
  0.0000034126
  0.0000046077
  0.0000032368
  0.0000003674
 -0.0000017752
  0.0000021633
  0.0000001561
 -0.0000002447
  0.0000024142
 -0.0000036231
 -0.0001003364
  0.0000542153
 -0.0000120644
  0.0000433990
  0.0000159738
  0.0000516334
 -0.0003680433
  0.0001360660
  0.0000007966
  0.0001302492
  0.0000044184
  0.0000040781
  0.0000031396
  0.0000019054
  0.0000033809
 -0.0000013364
 -0.0000071485
  0.0000030485
 -0.0000005542
  0.0000018330
  0.0000027993
  0.0000033303
  0.0000020640
  0.0000025381
 -0.0000005623
  0.0000041567
  0.0000030810
  0.0000037863
  0.0000029859
  0.0000036013
 -0.0000002150
  0.0000034179
  0.0000047270
  0.0000028666
  0.0000023566
  0.0000022273
  0.0000010625
  0.0000072925
  0.0000018598
  0.0000000235
 -0.0000017927
 -0.0000039692
 -0.0000030422
 -0.0000005446
 -0.0000069756
 -0.0000030712
 -0.0000012828
 -0.0000002057
 -0.0000020518
 -0.0000025827
 -0.0000009756
 -0.0000009748
 -0.0000021833
 -0.0000022467
 -0.0000052636
  0.0000031370
 -0.0001475191
 -0.0000058578
  0.0000078512
  0.0000418465
  0.0000068584
  0.0000952038
 -0.0000068323
  0.0000163253
 -0.0000446152
 -0.0000748319
  0.0000055824
  0.0000082089
  0.0000008507
 -0.0000027414
 -0.0000022025
 -0.0000008463
 -0.0000016834
  0.0000003512
  0.0000000833
 -0.0000019551
 -0.0000002305
 -0.0000032592
  0.0000001456
 -0.0000013815
 -0.0000000044
 -0.0000058208
 -0.0000013033
 -0.0000024470
 -0.0000000872
 -0.0000016516
 -0.0000012656
 -0.0000087701
 -0.0000010466
 -0.0000027134
 -0.0000012681
  0.0000005627
  0.0000157177
  0.0000131072
  0.0000053134
  0.0000057358
  0.0000134427
 -0.0000082406
  0.0000108749
  0.0000138709
  0.0000023635
  0.0000014190
  0.0000130321
  0.0000012261
 -0.0000014516
  0.0000018081
  0.0000058630
 -0.0000006814
 -0.0001302005
  0.0000288779
  0.0000637091
  0.0000357504
 -0.0003570801
  0.0001302169
  0.0000327542
  0.0002294842
  0.0000021465
  0.0000027654
  0.0000001891
  0.0000001237
  0.0000004054
 -0.0000016942
  0.0000009548
  0.0000027436
  0.0000007819
 -0.0000072241
  0.0000072320
  0.0000137069
  0.0000063204
  0.0000040087
  0.0000059883
 -0.0000007479
 -0.0000002468
  0.0000100442
  0.0000065546
  0.0000035022
  0.0000014521
 -0.0000013871
 -0.0000002296
  0.0000035142
  0.0000033080
 -0.0000008166
  0.0000014603
  0.0000028075
  0.0000008182
 -0.0000010504
 -0.0000041551
 -0.0000020640
  0.0000004787
 -0.0000032615
 -0.0000014413
 -0.0000012105
  0.0000033568
  0.0000027962
 -0.0000006853
 -0.0000001364
  0.0000028968
  0.0000021138
 -0.0000016560
 -0.0000054402
  0.0000135754
  0.0000367397
  0.0000619771
  0.0000142217
  0.0000132138
  0.0000721226
 -0.0000035236
  0.0000026289
 -0.0000290267
 -0.0000145104
  0.0000089733
  0.0000061238
  0.0000660045
  0.0000001937
  0.0000006418
 -0.0000002392
  0.0000003596
 -0.0000009227
 -0.0000003623
 -0.0000020117
 -0.0000002949
 -0.0000004300
 -0.0000006549
 -0.0000018503
  0.0000000820
 -0.0000016239
  0.0000008048
 -0.0000001259
 -0.0000002151
  0.0000054392
  0.0000008302
 -0.0000012381
 -0.0000001673
 -0.0000012406
 -0.0000005518
  0.0000026505
 -0.0000009550
 -0.0000006040
 -0.0000007965
  0.0000037588
  0.0000022106
 -0.0000062801
 -0.0000023025
  0.0000055847
 -0.0000005225
  0.0000107074
 -0.0000006981
  0.0000084758
  0.0000041306
  0.0000041549
  0.0000032004
  0.0000074361
  0.0000044538
 -0.0000011644
 -0.0000085141
 -0.0001051159
 -0.0000009163
 -0.0000060424
 -0.0000036555
 -0.0001155996
  0.0000468860
  0.0000050472
  0.0000067380
  0.0000826991
  0.0000031086
  0.0000013692
  0.0000027368
 -0.0000008550
  0.0000009699
  0.0000024962
  0.0000062664
 -0.0000016286
  0.0000015752
 -0.0000020404
  0.0000002060
 -0.0000001123
  0.0000019969
  0.0000022602
  0.0000024594
 -0.0000008072
 -0.0000006124
 -0.0000026170
  0.0000037668
  0.0000043950
  0.0000013082
 -0.0000053792
 -0.0000005401
 -0.0000013980
  0.0000008558
 -0.0000004683
  0.0000214625
  0.0000010289
 -0.0000028828
 -0.0000036066
  0.0000034455
 -0.0000082138
  0.0000074028
  0.0000003901
  0.0000025110
  0.0000061357
  0.0000014657
  0.0000017560
 -0.0000035350
  0.0000054644
 -0.0000022453
 -0.0000038821
 -0.0001144047
  0.0000377194
  0.0000627186
 -0.0000082674
  0.0000255179
 -0.0003512561
  0.0001333798
  0.0000265986
  0.0001890317
  0.0000069476
  0.0000031047
  0.0000045590
  0.0000052114
  0.0000038009
  0.0000020094
  0.0000051173
  0.0000058644
  0.0000053953
  0.0000024011
  0.0000030904
  0.0000025446
  0.0000027283
  0.0000031428
  0.0000029036
  0.0000041634
 -0.0000028620
  0.0000033444
  0.0000019648
  0.0000045094
  0.0000061821
  0.0000053352
  0.0000045847
  0.0000070219
  0.0000054028
  0.0000047664
  0.0000039566
 -0.0000039782
  0.0000004557
 -0.0000028836
 -0.0000017379
  0.0000016697
 -0.0000034963
  0.0000014542
 -0.0000000862
  0.0000040015
  0.0000020252
  0.0000007190
 -0.0000001005
  0.0000025429
  0.0000023091
 -0.0000007299
 -0.0000043747
 -0.0000059540
  0.0000808356
  0.0000036884
  0.0000090696
 -0.0000278024
  0.0000427234
 -0.0000638281
 -0.0000764271
 -0.0000414050
 -0.0000549530
 -0.0000069091
  0.0000479509
  0.0000012702
  0.0000001017
  0.0000010180
  0.0000016437
  0.0000023476
  0.0000039584
  0.0000002660
 -0.0000003293
  0.0000009601
  0.0000008802
  0.0000006823
  0.0000017027
  0.0000006956
  0.0000005570
  0.0000060801
  0.0000015707
 -0.0000004400
  0.0000021065
 -0.0000002722
  0.0000004462
 -0.0000031011
  0.0000007204
  0.0000000770
 -0.0000004180
  0.0000001028
  0.0000002356
 -0.0000021377
  0.0000014002
  0.0000012546
  0.0000004184
  0.0000030271
 -0.0000055671
 -0.0000003141
  0.0000039149
  0.0000003563
  0.0000016850
  0.0000014692
  0.0000057457
  0.0000002333
  0.0000002332
  0.0000012355
 -0.0000005881
  0.0000016543
  0.0000373684
  0.0000440100
  0.0000196166
  0.0000693358
  0.0000041536
 -0.0000352743
 -0.0000067405
  0.0000138508
  0.0000004628
  0.0000745788
  0.0000034647
  0.0000040821
  0.0000018876
  0.0000015088
  0.0000013612
 -0.0000011727
  0.0000009232
 -0.0000011599
  0.0000001195
 -0.0000037740
  0.0000022875
  0.0000036680
  0.0000025441
  0.0000000047
  0.0000130108
  0.0000008934
  0.0000034326
  0.0000012475
 -0.0000008168
  0.0000002342
  0.0000100613
  0.0000025402
  0.0000013438
  0.0000004065
  0.0000015520
  0.0000002429
  0.0000010054
  0.0000022414
 -0.0000028572
  0.0000004312
  0.0000027228
  0.0000038617
  0.0000023743
  0.0000013124
  0.0000032974
  0.0000030296
  0.0000017876
  0.0000019200
 -0.0000009587
 -0.0000039689
  0.0000321766
  0.0000266245
  0.0000068045
 -0.0000582738
  0.0000512303
 -0.0000121448
 -0.0000879739
 -0.0000395449
 -0.0000419422
  0.0000164580
 -0.0000047521
  0.0000527923
  0.0000024079
  0.0000025594
  0.0000012160
  0.0000015465
 -0.0000006007
  0.0000010060
  0.0000033295
  0.0000051419
  0.0000057585
  0.0000010350
  0.0000021070
  0.0000017500
  0.0000034754
  0.0000021019
  0.0000024104
  0.0000016319
  0.0000010984
  0.0000095729
  0.0000020144
  0.0000024918
  0.0000016125
  0.0000036949
 -0.0000000711
  0.0000021232
 -0.0000001675
  0.0000009284
  0.0000010660
  0.0000026492
 -0.0000019173
 -0.0000033288
 -0.0000024528
 -0.0000004780
 -0.0000034249
 -0.0000036781
 -0.0000010664
  0.0000032118
  0.0000031989
 -0.0000013439
  0.0000000314
  0.0000028645
  0.0000014656
 -0.0000015804
 -0.0000045957
 -0.0001680929
  0.0000493811
  0.0000066607
  0.0000168806
 -0.0000563452
 -0.0000091067
 -0.0000036595
 -0.0001029659
 -0.0000064946
 -0.0000099847
  0.0000127966
  0.0000145165
  0.0000739911
 -0.0000000031
  0.0000003568
 -0.0000001448
 -0.0000001799
 -0.0000003760
 -0.0000006207
 -0.0000018923
 -0.0000039764
 -0.0000002584
 -0.0000003121
 -0.0000007784
 -0.0000026709
  0.0000001567
 -0.0000053538
  0.0000004120
 -0.0000003779
 -0.0000003401
  0.0000093319
  0.0000004414
  0.0000004970
 -0.0000015947
 -0.0000026151
 -0.0000011730
 -0.0000005997
  0.0000082933
 -0.0000009020
 -0.0000007974
 -0.0000006849
  0.0000026659
 -0.0000063004
 -0.0000035208
 -0.0000047740
 -0.0000055532
 -0.0000013213
 -0.0000092822
  0.0000050232
 -0.0000015599
 -0.0000004227
 -0.0000033128
 -0.0000032284
  0.0000003062
 -0.0000046016
 -0.0000031809
 -0.0000041663
 -0.0000056390
  0.0000732633
  0.0000254705
  0.0000606246
 -0.0000057799
 -0.0000288526
 -0.0000059108
  0.0000825821
  0.0000049024
  0.0000024416
  0.0000053272
  0.0000035049
 -0.0000014964
  0.0000050625
  0.0000045447
 -0.0000020218
  0.0000071414
  0.0000014053
  0.0000047526
  0.0000045496
  0.0000062161
  0.0000037271
  0.0000029462
  0.0000055520
  0.0000016322
  0.0000066192
  0.0000012740
  0.0000053040
  0.0000022571
 -0.0000001968
  0.0000062812
  0.0000026954
  0.0000114461
  0.0000051320
 -0.0000006194
  0.0000000110
  0.0000063220
 -0.0000056808
 -0.0000007098
  0.0000040338
  0.0000003378
  0.0000009720
  0.0000050583
  0.0000042434
  0.0000015913
  0.0000013989
  0.0000010082
 -0.0000017516
 -0.0000751439
  0.0000168588
  0.0000009231
 -0.0002361286
  0.0000987870
 -0.0000054012
  0.0000915018
  0.0000019195
 -0.0000005814
 -0.0000004543
  0.0000003055
  0.0000012933
 -0.0000035149
  0.0000000286
  0.0000003726
  0.0000047846
 -0.0000024761
  0.0000017198
  0.0000010739
 -0.0000000476
  0.0000009292
 -0.0000029983
  0.0000010361
 -0.0000015758
 -0.0000003764
 -0.0000045409
 -0.0000038214
  0.0000030583
  0.0000002467
 -0.0000002251
  0.0000081384
 -0.0000003714
 -0.0000011681
 -0.0000002820
  0.0000063640
 -0.0000001474
 -0.0000022362
 -0.0000045350
  0.0000017243
 -0.0000029541
  0.0000006295
 -0.0000015181
  0.0000027404
  0.0000060229
 -0.0000002385
  0.0000078310
  0.0000022142
  0.0000056808
 -0.0000033903
 -0.0000017020
 -0.0000968278
  0.0000565232
 -0.0000133341
  0.0000487266
  0.0000120453
  0.0000155943
  0.0000572333
 -0.0003493315
  0.0001367000
 -0.0000036218
  0.0001310733
  0.0000022094
 -0.0000006762
  0.0000007202
 -0.0000019111
  0.0000005052
 -0.0000042009
 -0.0000036425
 -0.0000005232
 -0.0000002727
  0.0000001097
  0.0000012718
 -0.0000076834
  0.0000004846
  0.0000008103
  0.0000015135
 -0.0000000789
  0.0000021402
  0.0000022007
 -0.0000009481
 -0.0000040695
  0.0000048272
 -0.0000024978
 -0.0000003564
 -0.0000048387
 -0.0000019427
 -0.0000004606
  0.0000010035
  0.0000118542
  0.0000086499
 -0.0000061806
  0.0000016344
  0.0000001072
 -0.0000012217
 -0.0000007507
  0.0000011828
 -0.0000024569
 -0.0000003234
  0.0000011850
  0.0000042743
  0.0000021226
  0.0000002134
  0.0000017890
  0.0000032592
  0.0000009146
 -0.0000001928
 -0.0000023452
 -0.0000870285
  0.0000655183
  0.0000052159
 -0.0000152763
  0.0000247685
  0.0000198897
 -0.0000094928
  0.0000509929
 -0.0000028856
 -0.0002350997
  0.0000257460
  0.0000123028
  0.0000811138
 -0.0000016892
  0.0000003821
  0.0000000545
 -0.0000004899
  0.0000002118
 -0.0000003618
  0.0000032226
  0.0000015729
  0.0000012283
 -0.0000018240
 -0.0000016376
  0.0000000763
  0.0000016996
  0.0000006377
  0.0000008496
  0.0000002265
 -0.0000010717
  0.0000005994
  0.0000003879
 -0.0000000655
 -0.0000025536
  0.0000099339
 -0.0000011279
  0.0000013452
  0.0000014691
  0.0000020699
 -0.0000019369
 -0.0000022017
  0.0000040821
  0.0000023949
 -0.0000005305
  0.0000000241
 -0.0000007099
  0.0000009302
 -0.0000004476
 -0.0000054225
 -0.0000041932
 -0.0000010148
 -0.0000098991
 -0.0000051339
 -0.0000002802
  0.0000007265
 -0.0000063709
 -0.0000007183
  0.0000003603
 -0.0000043545
 -0.0000060948
 -0.0000033590
 -0.0000073426
  0.0000672080
 -0.0000746512
 -0.0000209307
 -0.0000186873
  0.0000007446
 -0.0000032426
  0.0000709028
 -0.0000022619
 -0.0000046218
 -0.0000048481
 -0.0000041500
 -0.0000138955
 -0.0000028792
 -0.0000037014
 -0.0000023970
 -0.0000022602
 -0.0000027805
 -0.0000063826
 -0.0000089285
 -0.0000071224
 -0.0000049706
 -0.0000024630
 -0.0000086993
 -0.0000094864
 -0.0000025521
 -0.0000043198
 -0.0000034555
 -0.0000055862
 -0.0000052708
 -0.0000031100
  0.0000146292
 -0.0000039600
  0.0000062352
 -0.0000006801
 -0.0000017551
 -0.0000012528
  0.0000004159
 -0.0000029329
  0.0000009748
  0.0000003424
  0.0000034354
  0.0000010829
 -0.0000007418
  0.0000008467
  0.0000017684
  0.0000004491
 -0.0000008733
 -0.0000026421
 -0.0001987797
  0.0000073587
  0.0000161853
 -0.0000778299
 -0.0000012142
  0.0000037456
 -0.0001150275
  0.0000029670
  0.0000058462
 -0.0000025623
  0.0000734243
  0.0000018627
 -0.0000022208
  0.0000000501
  0.0000019400
  0.0000002702
  0.0000017999
 -0.0000013711
  0.0000001348
 -0.0000008274
 -0.0000003257
 -0.0000000689
  0.0000026085
  0.0000007340
  0.0000026267
 -0.0000042695
  0.0000000652
  0.0000000741
  0.0000013871
  0.0000033959
  0.0000023634
  0.0000011826
  0.0000039421
  0.0000004341
  0.0000009046
  0.0000003187
 -0.0000005366
  0.0000004939
  0.0000024554
 -0.0000055782
 -0.0000003935
  0.0000022870
  0.0000021627
  0.0000000893
  0.0000003803
 -0.0000046048
 -0.0000037978
 -0.0000068261
 -0.0000033804
 -0.0000083019
 -0.0000021402
 -0.0000031427
 -0.0000016720
  0.0000001166
 -0.0000045756
  0.0000012023
 -0.0000026888
 -0.0000008072
 -0.0000054847
 -0.0000038849
  0.0000621614
  0.0000738470
  0.0000911320
 -0.0000171274
 -0.0000215382
 -0.0000156331
  0.0000050989
  0.0000068078
  0.0000669043
  0.0000011893
 -0.0000009775
 -0.0000026631
  0.0000023072
  0.0000041001
 -0.0000067536
 -0.0000016167
  0.0000018401
 -0.0000039565
 -0.0000029767
 -0.0000100123
  0.0000011202
 -0.0000006138
 -0.0000027009
 -0.0000010497
 -0.0000057232
  0.0000011695
 -0.0000021142
  0.0000016818
 -0.0000054324
  0.0000024912
 -0.0000009241
 -0.0000093921
  0.0000039421
 -0.0000023122
  0.0000013596
  0.0000013303
  0.0000015045
  0.0000018877
  0.0000032413
 -0.0000072397
  0.0000003985
  0.0000052195
  0.0000002819
  0.0000002358
  0.0000019470
  0.0000054678
 -0.0000008773
 -0.0000002146
  0.0000026449
 -0.0000005111
 -0.0000052464
  0.0000629705
  0.0000045292
  0.0000248833
 -0.0000629393
 -0.0000263845
 -0.0000587066
 -0.0000015806
  0.0000417355
  0.0000037579
  0.0000043670
  0.0000016880
  0.0000012225
  0.0000015948
 -0.0000008938
 -0.0000013939
  0.0000013305
 -0.0000034435
  0.0000005302
  0.0000035537
  0.0000087104
  0.0000013549
  0.0000023529
  0.0000013640
 -0.0000004329
  0.0000023859
  0.0000011391
  0.0000078232
  0.0000021750
 -0.0000002401
  0.0000013564
 -0.0000041101
 -0.0000095430
 -0.0000064969
 -0.0000006719
 -0.0000044043
  0.0000051447
 -0.0000049872
  0.0000037653
  0.0000031123
 -0.0000024742
  0.0000002334
  0.0000031130
  0.0000022877
 -0.0000053677
 -0.0000100674
 -0.0001732751
 -0.0001243413
  0.0000362047
  0.0000590316
  0.0000277780
  0.0000525913
  0.0000406680
  0.0000087165
 -0.0000008762
 -0.0000013107
 -0.0000010695
 -0.0000059318
 -0.0000045551
 -0.0000024902
 -0.0000045464
 -0.0000026122
 -0.0000029229
 -0.0000016218
 -0.0000024336
 -0.0000020156
 -0.0000018603
 -0.0000039936
  0.0000020545
 -0.0000011299
  0.0000002509
 -0.0000027024
 -0.0000027043
 -0.0000014632
  0.0000188475
  0.0000381485
  0.0000258127
  0.0000091343
  0.0000064490
 -0.0000257171
 -0.0000086918
  0.0001677186
 -0.0000862763
 -0.0000047323
  0.0000045894
  0.0000437568
  0.0002331240
  0.0000507565
  0.0000067616
  0.0000358746
 -0.0000014664
 -0.0000015781
  0.0000003250
 -0.0000006341
 -0.0000004294
 -0.0000007520
  0.0000036534
 -0.0000054525
 -0.0000007100
 -0.0000007282
 -0.0000004614
  0.0000004780
 -0.0000009939
 -0.0000014455
  0.0000015202
  0.0000005038
  0.0000001948
  0.0000000254
  0.0000001553
 -0.0000006217
 -0.0000002094
 -0.0000018847
 -0.0000017241
 -0.0000003897
 -0.0000012627
  0.0000018139
  0.0000004632
  0.0000000716
 -0.0000027864
 -0.0000014909
 -0.0000007639
 -0.0000016144
  0.0000000219
 -0.0000007011
  0.0000045606
  0.0000139204
  0.0000398288
  0.0000027220
  0.0000014099
 -0.0000403173
 -0.0000081017
 -0.0000071204
 -0.0000763902
 -0.0000165393
  0.0000017768
  0.0000312292
  0.0000553715
  0.0000007908
  0.0000142934
 -0.0000021085
 -0.0000035878
 -0.0000015850
 -0.0000029718
 -0.0000012995
 -0.0000009125
 -0.0000010082
 -0.0000057691
  0.0000017069
 -0.0000022070
 -0.0000013052
 -0.0000037418
 -0.0000021985
 -0.0000030929
 -0.0000049297
  0.0000003589
 -0.0000015889
 -0.0000017155
 -0.0000023379
 -0.0000031358
 -0.0000005436
 -0.0000168238
 -0.0000018662
 -0.0000021298
 -0.0000035565
 -0.0000026669
 -0.0000008671
 -0.0000006204
 -0.0000076388
 -0.0000031275
 -0.0000005545
 -0.0000033886
 -0.0000007114
 -0.0000021375
  0.0000025039
 -0.0001005743
 -0.0000471361
  0.0000767162
 -0.0000000694
 -0.0000002146
 -0.0000294049
 -0.0000090173
 -0.0001513228
 -0.0000394112
 -0.0000185769
  0.0000022284
  0.0000002867
 -0.0000087434
  0.0000031929
 -0.0000018407
 -0.0000027733
 -0.0000005568
 -0.0000021053
 -0.0000006595
 -0.0000006913
  0.0000006884
 -0.0000069036
 -0.0000003065
 -0.0000014286
 -0.0000010717
 -0.0000030972
 -0.0000016304
 -0.0000021231
 -0.0000050393
  0.0000005105
 -0.0000001756
 -0.0000013207
 -0.0000014858
 -0.0000021456
 -0.0000005843
 -0.0000196128
 -0.0000019766
 -0.0000013192
 -0.0000023157
 -0.0000014889
 -0.0000002088
 -0.0000003943
 -0.0000085235
 -0.0000032411
 -0.0000009215
 -0.0000022386
 -0.0000001600
 -0.0000014786
  0.0000250387
 -0.0000116984
  0.0000473771
  0.0000090287
  0.0000065785
 -0.0000036141
 -0.0000069818
 -0.0000402044
  0.0000143141
  0.0000041603
 -0.0000168849
  0.0001724380
 -0.0000477649
 -0.0000015190
  0.0000162737
 -0.0000005066
 -0.0000003968
  0.0000013635
  0.0000007519
 -0.0000001674
  0.0000004214
  0.0000045560
 -0.0000048602
 -0.0000006101
  0.0000003474
  0.0000005990
  0.0000020047
  0.0000001456
 -0.0000001911
  0.0000041801
  0.0000016106
  0.0000012172
  0.0000011546
  0.0000020154
  0.0000006824
  0.0000007945
  0.0000076447
 -0.0000007028
  0.0000006779
  0.0000003356
  0.0000023757
  0.0000013639
  0.0000010256
  0.0000059701
 -0.0000003062
  0.0000003503
 -0.0000007708
  0.0000010944
  0.0000003226
  0.0000021610
  0.0000127378
  0.0000848683
 -0.0000176190
 -0.0000003665
 -0.0000189726
 -0.0000130417
 -0.0001622039
 -0.0000244778
 -0.0000086599
 -0.0000064466
  0.0000297335
  0.0000333106
 -0.0000141894
  0.0000185861
 -0.0000029217
 -0.0000038529
 -0.0000030550
 -0.0000038851
 -0.0000030346
 -0.0000012673
 -0.0000047195
 -0.0000123409
 -0.0000042515
 -0.0000038086
 -0.0000026810
 -0.0000051484
 -0.0000037798
 -0.0000047387
 -0.0000100821
  0.0000006960
 -0.0000014195
 -0.0000042079
 -0.0000054139
 -0.0000052802
 -0.0000027827
 -0.0000225407
 -0.0000046207
 -0.0000032694
 -0.0000048385
 -0.0000050039
 -0.0000017415
 -0.0000014359
 -0.0000139697
 -0.0000045922
 -0.0000016437
 -0.0000048932
 -0.0000012501
 -0.0000033140
  0.0000385375
 -0.0001014926
  0.0001397976
 -0.0000179947
 -0.0000057767
 -0.0000325638
  0.0000119917
 -0.0003149010
  0.0001906280
 -0.0000085869
  0.0000106803
  0.0000592828
  0.0000063219
  0.0000129767
  0.0000777017
  0.0000016324
 -0.0000022009
  0.0000012483
  0.0000001254
  0.0000030569
  0.0000033617
  0.0000046994
  0.0000073729
  0.0000041620
  0.0000007280
  0.0000001784
  0.0000002341
  0.0000000308
 -0.0000006321
 -0.0000027575
  0.0000054082
  0.0000035896
 -0.0000008217
 -0.0000012876
 -0.0000007119
  0.0000015752
 -0.0000232618
 -0.0000009906
  0.0000009680
 -0.0000010572
  0.0000046492
  0.0000038638
  0.0000031760
  0.0000070346
 -0.0000046684
  0.0000040222
 -0.0000004276
  0.0000037727
  0.0000001152
  0.0000169681
 -0.0000066751
  0.0000367897
  0.0000122538
  0.0000039725
 -0.0000163103
  0.0000001913
 -0.0000673445
 -0.0000031781
  0.0000069998
 -0.0000117356
  0.0001923094
 -0.0000417301
  0.0000092085
  0.0000384979
 -0.0000007113
 -0.0000007595
  0.0000007674
 -0.0000001748
  0.0000004626
  0.0000006599
  0.0000043375
 -0.0000012216
  0.0000033951
 -0.0000001115
  0.0000006608
 -0.0000000323
 -0.0000000080
 -0.0000008061
  0.0000007310
  0.0000019460
  0.0000006418
  0.0000007824
  0.0000009724
 -0.0000004232
  0.0000014712
 -0.0000025779
  0.0000000720
  0.0000002873
 -0.0000009325
  0.0000023247
  0.0000003723
  0.0000007092
 -0.0000039380
 -0.0000006220
  0.0000010520
 -0.0000007344
  0.0000005708
  0.0000001453
  0.0000319286
 -0.0001158597
  0.0001233151
 -0.0000110418
  0.0000012863
 -0.0000287794
  0.0000143158
 -0.0003248291
  0.0001810591
 -0.0000050981
  0.0000044144
  0.0000579280
  0.0000058933
  0.0000011356
  0.0000662767
  0.0000014036
  0.0000028760
  0.0000034326
  0.0000032784
  0.0000037379
  0.0000025256
  0.0000034092
  0.0000005807
  0.0000040843
  0.0000024846
  0.0000034939
  0.0000026776
  0.0000025668
  0.0000020209
 -0.0000021900
  0.0000038435
  0.0000043039
  0.0000026076
  0.0000011622
  0.0000015875
  0.0000035864
 -0.0000158782
  0.0000019990
  0.0000032844
  0.0000021793
  0.0000035304
  0.0000030982
  0.0000029067
 -0.0000005822
  0.0000007447
  0.0000043127
  0.0000020581
  0.0000035385
  0.0000031258
  0.0000153176
  0.0000235564
  0.0000474944
 -0.0000064944
  0.0000053436
 -0.0000019523
  0.0000093947
 -0.0000315937
  0.0000243803
 -0.0000025822
  0.0000097347
  0.0001867098
 -0.0000294116
 -0.0000217641
 -0.0000013640
 -0.0000009718
 -0.0000009011
  0.0000024602
 -0.0000015821
  0.0000013097
  0.0000014529
  0.0000028669
 -0.0000085930
 -0.0000015948
  0.0000008552
  0.0000011927
  0.0000015061
  0.0000003006
  0.0000013134
  0.0000040190
  0.0000019591
  0.0000015532
 -0.0000001385
  0.0000013492
  0.0000025958
  0.0000011138
  0.0000111856
  0.0000001246
  0.0000009870
 -0.0000003577
  0.0000014280
  0.0000012796
  0.0000014155
  0.0000144222
 -0.0000009693
  0.0000016546
 -0.0000011132
  0.0000020746
  0.0000004517
  0.0000162367
  0.0000117336
  0.0000305521
  0.0000091632
  0.0000057005
 -0.0000357522
 -0.0000088154
 -0.0000230161
 -0.0000849010
 -0.0000078521
  0.0000043600
  0.0000331931
  0.0000330652
  0.0000054263
  0.0000339609
 -0.0000028024
 -0.0000016954
  0.0000004768
 -0.0000006951
 -0.0000031406
 -0.0000019354
  0.0000034474
 -0.0000055671
 -0.0000014209
 -0.0000004101
 -0.0000005150
  0.0000007049
 -0.0000008232
 -0.0000008262
  0.0000017413
 -0.0000007539
 -0.0000002490
 -0.0000007635
  0.0000005916
 -0.0000005350
 -0.0000006847
 -0.0000039387
 -0.0000018625
 -0.0000004669
 -0.0000010008
  0.0000014847
 -0.0000007028
 -0.0000005843
 -0.0000025292
 -0.0000018640
 -0.0000020185
 -0.0000024725
 -0.0000015480
 -0.0000009441
  0.0000139680
 -0.0000707738
  0.0000812105
 -0.0000059873
  0.0000099014
 -0.0000169911
 -0.0000020469
 -0.0002960229
  0.0000591636
 -0.0000014373
  0.0000025668
  0.0000641289
  0.0000020930
  0.0000268130
  0.0001055881
 -0.0000014049
  0.0000002568
  0.0000012960
  0.0000002452
  0.0000008257
  0.0000004242
  0.0000027955
 -0.0000026739
  0.0000042332
  0.0000004386
  0.0000011778
  0.0000020541
  0.0000003768
 -0.0000002879
 -0.0000007364
  0.0000017989
  0.0000004024
  0.0000012918
  0.0000021712
 -0.0000001738
  0.0000005311
 -0.0000102767
 -0.0000005754
  0.0000008442
 -0.0000002453
  0.0000023940
  0.0000000240
  0.0000001320
 -0.0000043861
  0.0000006432
  0.0000013482
 -0.0000001834
  0.0000020424
  0.0000006425
  0.0000155642
 -0.0000359742
 -0.0000146834
  0.0001044621
 -0.0000053196
  0.0000074254
  0.0000085012
  0.0000001035
 -0.0002701418
  0.0000143677
 -0.0000021925
  0.0000041333
  0.0000012893
  0.0000270515
  0.0001226610
 -0.0000006392
  0.0000024489
  0.0000019032
  0.0000022552
 -0.0000000705
 -0.0000000086
  0.0000013461
 -0.0000033041
  0.0000017306
  0.0000009604
  0.0000018350
  0.0000013075
  0.0000010340
  0.0000002942
 -0.0000025005
  0.0000014376
  0.0000025048
  0.0000014490
  0.0000009061
  0.0000007676
  0.0000017321
 -0.0000111206
  0.0000001601
  0.0000017638
  0.0000005307
  0.0000011828
  0.0000012160
  0.0000010173
 -0.0000048298
  0.0000016828
  0.0000003951
  0.0000010280
  0.0000000218
  0.0000014775
  0.0000104535
 -0.0000374841
  0.0000479792
 -0.0000088093
  0.0000075331
 -0.0000159460
  0.0000104884
 -0.0000311359
  0.0000243852
 -0.0000025428
 -0.0000418078
  0.0001799823
 -0.0000592355
 -0.0000210990
  0.0000101963
 -0.0001846300
 -0.0000015030
 -0.0000020361
  0.0000016155
 -0.0000019192
  0.0000001295
  0.0000001173
  0.0000030922
 -0.0000081495
 -0.0000015852
 -0.0000000626
  0.0000001966
  0.0000015095
 -0.0000003804
 -0.0000000925
  0.0000041337
  0.0000012923
  0.0000008160
 -0.0000004070
  0.0000013399
  0.0000013607
  0.0000003438
  0.0000096274
 -0.0000006319
  0.0000003171
 -0.0000006506
  0.0000011687
  0.0000004491
  0.0000006889
  0.0000144087
 -0.0000022577
  0.0000005638
 -0.0000017575
  0.0000011006
 -0.0000003726
  0.0000081957
 -0.0000553486
 -0.0000070832
  0.0001083478
 -0.0000021138
  0.0000036738
 -0.0000043823
 -0.0000068119
 -0.0001991869
  0.0000056200
 -0.0000078547
  0.0000027045
 -0.0000078525
  0.0000186413
  0.0001358263
 -0.0000018085
 -0.0000015922
  0.0000000346
 -0.0000009499
 -0.0000002508
 -0.0000012429
  0.0000015893
 -0.0000048954
  0.0000012519
 -0.0000009539
 -0.0000006732
 -0.0000019326
 -0.0000011618
 -0.0000017717
 -0.0000041207
  0.0000000709
 -0.0000000433
 -0.0000004366
 -0.0000003775
 -0.0000015992
 -0.0000004674
 -0.0000173643
 -0.0000020091
 -0.0000005387
 -0.0000014573
 -0.0000005471
  0.0000002821
 -0.0000001647
 -0.0000072490
 -0.0000021490
 -0.0000006664
 -0.0000016833
  0.0000000883
 -0.0000008483
  0.0000025477
 -0.0001142423
 -0.0000308366
  0.0000786279
 -0.0000106536
 -0.0000010168
 -0.0000233467
 -0.0000107893
 -0.0001580232
 -0.0000261823
 -0.0000161798
 -0.0000013919
  0.0000114862
 -0.0000163407
  0.0000080590
 -0.0000030076
 -0.0000049634
 -0.0000026482
 -0.0000044206
 -0.0000016015
 -0.0000019980
 -0.0000034455
 -0.0000084143
 -0.0000008881
 -0.0000030505
 -0.0000020571
 -0.0000056207
 -0.0000031384
 -0.0000040948
 -0.0000073525
 -0.0000007335
 -0.0000021335
 -0.0000029377
 -0.0000040291
 -0.0000044983
 -0.0000013166
 -0.0000237828
 -0.0000025138
 -0.0000032503
 -0.0000048380
 -0.0000045755
 -0.0000017287
 -0.0000015826
 -0.0000105031
 -0.0000045653
 -0.0000012137
 -0.0000047109
 -0.0000010822
 -0.0000031412
 -0.0002123710
 -0.0003673593
  0.0001291246
  0.0003210357
  0.0000011556
  0.0000051239
  0.0000011218
  0.0000008667
  0.0000037138
 -0.0000008891
 -0.0000005385
  0.0000035334
 -0.0000003770
  0.0000056182
  0.0000005665
 -0.0000018054
  0.0000067860
  0.0000129789
 -0.0000006924
  0.0000012452
  0.0000013260
 -0.0000007443
 -0.0000017029
  0.0000002084
  0.0000005891
  0.0000047532
 -0.0000047964
  0.0000021088
 -0.0000055630
 -0.0000014137
  0.0000008939
 -0.0000047452
 -0.0002325289
 -0.0001700391
 -0.0001429876
 -0.0000697472
 -0.0001933342
 -0.0000628101
 -0.0000615602
 -0.0000611141
 -0.0000727260
 -0.0000895058
 -0.0001279505
 -0.0000682957
 -0.0000724515
 -0.0002429450
 -0.0000812429
 -0.0001534832
 -0.0002021550
 -0.0000724423
 -0.0001059121
 -0.0001411735
 -0.0001843009
 -0.0000737570
 -0.0000585765
 -0.0000784606
 -0.0002247437
 -0.0002311971
 -0.0000736489
 -0.0000721880
 -0.0001898154
 -0.0000755427
 -0.0001353942
 -0.0000883921
 -0.0001093320
 -0.0000647342
 -0.0000662069
 -0.0000744618
  0.0001035671
  0.0001152634
 -0.0001344925
  0.0000055392
  0.0000060388
 -0.0000028180
  0.0000955542
 -0.0001178916
 -0.0000943699
 -0.0001021340
 -0.0000317553
 -0.0000917131
  0.0000268122
 -0.0000211739
 -0.0000251420
  0.0001697185
 -0.0000752268
 -0.0001004010
  0.0001124496
 -0.0000098522
  0.0000190280
 -0.0000180332
  0.0001321856
 -0.0000104427
 -0.0001017089
 -0.0001017850
 -0.0000308194
  0.0001595011
  0.0000893696
 -0.0000855271
 -0.0000512549
  0.0001221505
 -0.0000094190
 -0.0000243565
 -0.0000468616
 -0.0000259725
 -0.0000763207
 -0.0000941761
  0.0000414705
  0.0000175514
  0.0000465874
  0.0000271196
  0.0000173338
  0.0000178533
  0.0000162626
  0.0000400814
  0.0000115937
  0.0000159484
  0.0000149030
  0.0000364761
  0.0000307504
  0.0000343233
  0.0000607414
  0.0000272735
  0.0000178011
  0.0000181828
  0.0000498768
  0.0000154921
  0.0000188589
  0.0000237942
  0.0000601575
  0.0000445067
  0.0000365589
  0.0000130965
  0.0000366557
  0.0000203838
  0.0000226389
  0.0000415497
  0.0000145072
  0.0000194355
 -0.0000899836
  0.0000387228
 -0.0000318688
  0.0000635398
  0.0000024448
  0.0000003874
  0.0000006980
  0.0000003590
  0.0000025605
 -0.0000046379
  0.0000037073
  0.0000036900
 -0.0000010784
 -0.0000010012
  0.0000057536
  0.0000002436
 -0.0000036354
 -0.0000033283
  0.0000021243
  0.0000015551
 -0.0000023178
 -0.0000042245
  0.0000028638
 -0.0000010668
  0.0000037182
  0.0000021257
  0.0000034028
  0.0000028642
 -0.0000311132
  0.0000746415
 -0.0002617939
  0.0001417731
  0.0003060299
  0.0000119391
  0.0000036313
  0.0000008152
  0.0000038177
  0.0000120070
  0.0000026278
  0.0000006529
  0.0000048890
  0.0000106757
  0.0000045384
  0.0000239655
  0.0000028876
  0.0000019102
  0.0000030382
  0.0000141466
  0.0000094744
  0.0000044781
  0.0000047493
  0.0000037748
  0.0000099110
  0.0000096918
  0.0000126332
 -0.0000013804
  0.0000040033
  0.0000043397
  0.0000022324
  0.0000101967
 -0.0000057617
 -0.0000024507
  0.0000110771
 -0.0000109207
 -0.0000094031
 -0.0000087533
 -0.0000122199
 -0.0000023112
 -0.0000014430
 -0.0000057628
  0.0000122406
 -0.0000149116
  0.0000199358
 -0.0000008886
 -0.0000030457
 -0.0000034683
  0.0000016996
  0.0000045556
 -0.0000045698
 -0.0000114672
 -0.0000003802
  0.0000122340
  0.0000302559
 -0.0000168399
 -0.0000074964
 -0.0000002102
  0.0000061551
 -0.0000151931
 -0.0000074913
 -0.0000059608
 -0.0000121822
  0.0001037054
 -0.0000138781
  0.0000026230
  0.0000500491
  0.0000720537
  0.0000122598
  0.0000153528
  0.0000113856
  0.0000118710
  0.0000081752
  0.0000095621
 -0.0000108102
  0.0000102825
 -0.0000028925
  0.0000065181
  0.0000075051
  0.0000048241
  0.0000067794
 -0.0000029530
  0.0000105525
  0.0000113967
  0.0000088138
 -0.0000071300
 -0.0000056583
 -0.0000044085
  0.0000072349
  0.0000199217
  0.0000076400
  0.0000048582
  0.0000090144
  0.0000244643
  0.0001955186
  0.0000299704
  0.0001977499
  0.0000976843
  0.0000911926
  0.0000925376
  0.0000779560
  0.0001899472
  0.0000399234
  0.0000301611
  0.0000696399
  0.0001494511
  0.0001193477
  0.0000402816
  0.0001774505
  0.0000495747
  0.0000449714
  0.0000491153
  0.0001907187
  0.0000688668
  0.0000841386
  0.0001419119
  0.0000318837
  0.0001886335
  0.0001665671
  0.0001389974
  0.0000755626
  0.0001777028
  0.0000801671
  0.0000502009
  0.0001121720
  0.0001834265
  0.0000804657
  0.0000806662
  0.0000587156
  0.0000361125
  0.0000296941
  0.0000612542
  0.0000668644
  0.0000664109
  0.0000399553
  0.0000186925
  0.0000322497
  0.0000404525
  0.0000406365
  0.0000661578
 -0.0000099030
  0.0000604299
  0.0000418699
  0.0000375710
  0.0000178845
  0.0000502613
  0.0000395756
  0.0000531306
  0.0000330289
  0.0000600997
  0.0000865761
  0.0000643839
  0.0000383116
  0.0000421249
 -0.0000008296
  0.0000674907
  0.0000675825
  0.0000471253
  0.0000446935
  0.0000365095
  0.0000930771
  0.0000066430
 -0.0000188738
  0.0000005441
  0.0000060589
  0.0000028357
  0.0000062665
 -0.0000117186
 -0.0000020288
  0.0000048924
 -0.0000034134
 -0.0000168329
 -0.0000082421
 -0.0000088111
 -0.0000055309
  0.0000021977
  0.0000048924
 -0.0000137865
 -0.0000094658
 -0.0000026841
 -0.0000033787
 -0.0000054620
 -0.0000071187
  0.0000062316
  0.0000049367
 -0.0000045957
  0.0000064114
 -0.0000972866
  0.0000372423
 -0.0000005856
  0.0000007655
 -0.0000014049
 -0.0000020880
  0.0000013772
 -0.0000068968
 -0.0000023108
  0.0000045530
  0.0000064571
  0.0000001988
 -0.0000022239
  0.0000037081
 -0.0000018826
 -0.0000009945
  0.0000063637
  0.0000052671
  0.0000008914
 -0.0000055238
 -0.0000013210
 -0.0000046240
  0.0001341132
 -0.0002251182
 -0.0000315826
 -0.0000297539
 -0.0000344916
 -0.0000361369
 -0.0000082410
 -0.0000146203
 -0.0000313047
 -0.0000321693
  0.0000628221
 -0.0000372015
 -0.0000377868
 -0.0000319959
 -0.0000007450
  0.0001059074
 -0.0000188767
 -0.0000370204
 -0.0000084413
  0.0000764737
 -0.0000293228
 -0.0000300194
 -0.0000374465
 -0.0000381037
 -0.0000283805
 -0.0000168667
 -0.0000126630
 -0.0000297339
 -0.0000363647
 -0.0000140520
 -0.0000226006
  0.0001230710
 -0.0000246674
 -0.0000291530
 -0.0000380424
 -0.0000385201
 -0.0000507412
 -0.0000780908
 -0.0000224480
 -0.0001175984
 -0.0000745251
 -0.0000727838
 -0.0000723979
 -0.0000899916
 -0.0000554491
 -0.0000173627
 -0.0000246882
 -0.0000899854
 -0.0002600953
 -0.0000554169
  0.0000562830
 -0.0002194314
 -0.0000816253
 -0.0000137610
  0.0000016916
 -0.0001384127
 -0.0000865860
 -0.0000926830
 -0.0000722887
 -0.0000455283
 -0.0002317663
 -0.0002456820
 -0.0000575450
 -0.0000936117
 -0.0001453111
 -0.0000918591
  0.0000276634
 -0.0000530290
 -0.0000574857
 -0.0000857035
 -0.0000823436
 -0.0003466384
 -0.0000094736
 -0.0000120082
 -0.0000000488
  0.0000190339
  0.0000065025
  0.0000009539
 -0.0000256819
  0.0000285958
 -0.0000195262
 -0.0000147166
  0.0000122220
  0.0000005075
  0.0000068567
 -0.0000252617
  0.0000078696
  0.0000165362
 -0.0000097515
 -0.0000274424
  0.0000056971
 -0.0000086750
  0.0000140419
 -0.0000130530
 -0.0000090754
  0.0000076238
 -0.0000088166
  0.0000165048
  0.0000308890
  0.0000121412
 -0.0000139684
 -0.0000215623
  0.0000199006
  0.0000182625
  0.0000202334
  0.0000307424
  0.0000164325
 -0.0000009705
  0.0000164921
  0.0000108676
  0.0000059112
  0.0000073194
  0.0000031165
  0.0000035540
  0.0000123735
 -0.0000158961
  0.0000027979
 -0.0000079999
 -0.0000175776
  0.0000131659
  0.0000041633
  0.0000035541
  0.0000028408
  0.0000065755
  0.0000203965
  0.0000036072
  0.0000088997
 -0.0000112116
  0.0000091606
  0.0000154525
  0.0000073728
  0.0000040251
  0.0003386563
  0.0000286701
  0.0000213252
  0.0000250170
  0.0000252570
  0.0000144972
  0.0000186595
  0.0000249909
  0.0000208485
  0.0000038869
  0.0000161345
  0.0000222869
  0.0000165846
  0.0000135799
  0.0000050092
  0.0000057649
  0.0000285803
  0.0000153317
  0.0000184929
  0.0000063098
  0.0000253905
  0.0000218686
  0.0000180107
  0.0000256150
  0.0000061034
  0.0000251922
  0.0000308140
  0.0000191365
  0.0000208353
  0.0000164848
  0.0000391902
  0.0000127003
  0.0000217293
  0.0000136570
  0.0000182945
  0.0000639976
  0.0000181604
  0.0000587137
  0.0000454886
  0.0000653209
  0.0000469608
  0.0000074557
  0.0000520606
  0.0000240205
  0.0000646154
  0.0000405300
  0.0000434267
  0.0000170945
  0.0000653946
  0.0000226639
  0.0000625654
  0.0000436313
  0.0000360943
  0.0000168768
  0.0000449472
  0.0000212604
  0.0000414672
  0.0000560330
 -0.0000007284
 -0.0000055477
  0.0000292776
  0.0000372623
  0.0000008654
  0.0000150281
  0.0000008824
  0.0000007208
 -0.0000003533
 -0.0000042743
  0.0000005324
  0.0000009343
  0.0000118721
  0.0000060126
  0.0000026355
  0.0000027443
  0.0000016513
 -0.0000010238
 -0.0000018144
 -0.0000024881
 -0.0000022696
  0.0000014345
  0.0000000467
  0.0000001675
 -0.0000016825
  0.0000000746
 -0.0000018476
 -0.0000026171
  0.0000023080
  0.0000021232
 -0.0000001789
 -0.0000015435
  0.0000008652
  0.0000003807
 -0.0000010126
  0.0000105498
  0.0000007036
  0.0000014769
  0.0000014259
  0.0000011712
 -0.0000004251
 -0.0000020794
  0.0000006076
 -0.0000008766
 -0.0000017567
  0.0000036818
  0.0000006918
  0.0000044096
 -0.0000009859
  0.0000003085
 -0.0000028990
 -0.0000006537
 -0.0000008655
  0.0000007437
 -0.0000022597
 -0.0000003854
  0.0000019233
  0.0000008039
  0.0000029633
  0.0000007235
 -0.0000007822
 -0.0000000454
  0.0000014228
  0.0000047077
 -0.0000014473
 -0.0000013268
 -0.0000009590
  0.0000001012
  0.0000023246
  0.0000007623
  0.0000035928
  0.0000014912
 -0.0000007990
  0.0000031619
 -0.0000033794
  0.0000016043
 -0.0000030929
  0.0000026464
  0.0000021265
 -0.0000014502
  0.0000010418
  0.0000007335
  0.0000018717
 -0.0000017091
 -0.0000031632
 -0.0000026756
 -0.0000017913
  0.0000039057
 -0.0000011988
 -0.0000009567
 -0.0000005685
 -0.0000041947
  0.0000011544
  0.0000074707
  0.0000053381
 -0.0000005894
 -0.0000050762
  0.0000020547
 -0.0000002797
 -0.0000022599
 -0.0000015397
  0.0000034640
 -0.0000047747
 -0.0000017014
 -0.0000010030
 -0.0000034168
 -0.0000018451
  0.0000014979
 -0.0000009159
  0.0000021130
 -0.0000012419
  0.0000003274
  0.0000011021
 -0.0000010471
  0.0000004707
  0.0000013994
  0.0000003968
  0.0000000316
  0.0000004497
 -0.0000007066
  0.0000000516
 -0.0000004817
 -0.0000026840
  0.0000008668
  0.0000002917
  0.0000005414
 -0.0000016654
  0.0000006727
 -0.0000007504
 -0.0000061144
 -0.0000034062
 -0.0000009775
  0.0000018447
  0.0000002945
  0.0000006939
  0.0000029529
  0.0000002862
 -0.0000011644
 -0.0000001829
  0.0000008755
 -0.0000012174
 -0.0000008176
 -0.0000009610
 -0.0000012406
 -0.0000026765
 -0.0000015540
 -0.0000006153
 -0.0000005181
 -0.0000003795
 -0.0000016957
 -0.0000001205
  0.0000008066
 -0.0000014415
  0.0000005691
  0.0000011297
  0.0000013800
 -0.0000005877
 -0.0000011753
 -0.0000006913
  0.0000038325
 -0.0000000686
 -0.0000011907
  0.0000005872
  0.0000004022
  0.0000007353
  0.0000009920
  0.0000019968
  0.0000036618
 -0.0000003676
 -0.0000009357
  0.0000005397
  0.0000004532
 -0.0000001241
 -0.0000001334
  0.0000007763
 -0.0000005699
  0.0000007496
 -0.0000007300
 -0.0000002317
  0.0000006564
  0.0000024257
  0.0000009698
 -0.0000008216
  0.0000002804
 -0.0000019049
 -0.0000007456
  0.0000006969
  0.0000004349
  0.0000001169
 -0.0000012834
 -0.0000005774
 -0.0000015535
  0.0000008069
  0.0000016730
  0.0000029071
 -0.0000001401
 -0.0000002224
 -0.0000001898
 -0.0000011247
  0.0000004774
 -0.0000048686
 -0.0000006749
  0.0000017836
  0.0000003093
  0.0000010650
  0.0000038680
  0.0000011209
  0.0000000889
 -0.0000017512
  0.0000015100
 -0.0000000486
  0.0000018143
 -0.0000027289
  0.0000020475
  0.0000064463
 -0.0000006934
 -0.0000004900
 -0.0000006408
 -0.0000014633
  0.0000025508
 -0.0000006077
  0.0000023643
 -0.0000013687
 -0.0000003703
 -0.0000003254
  0.0000005988
