  0.0000010131
  0.0000008565
  0.0000030166
  0.0000032338
 -0.0000008917
  0.0000006424
  0.0000008887
 -0.0000005363
  0.0000003165
 -0.0000007249
 -0.0000024162
 -0.0000013825
 -0.0000010853
 -0.0000016281
 -0.0000028526
 -0.0000009512
  0.0000026738
 -0.0000000264
 -0.0000016901
 -0.0000011463
 -0.0000016787
  0.0000007300
 -0.0000014106
 -0.0000036974
  0.0000017107
 -0.0000024876
  0.0000005527
  0.0000009448
 -0.0000012952
 -0.0000013127
 -0.0000017956
 -0.0000015881
 -0.0000005130
 -0.0000019050
 -0.0000019139
  0.0000012174
 -0.0000009114
  0.0000033287
  0.0000015254
 -0.0000035296
 -0.0000000513
 -0.0000019787
 -0.0000024580
 -0.0000000325
  0.0000013052
  0.0000021200
 -0.0000027439
  0.0000002713
  0.0000019261
 -0.0000012395
 -0.0000040985
  0.0000067872
  0.0000083406
 -0.0000020902
  0.0000017376
  0.0000010690
 -0.0000031439
 -0.0000018756
 -0.0000038819
  0.0000001497
 -0.0000019343
  0.0000029037
 -0.0000014473
 -0.0000010325
  0.0000003078
  0.0000029906
  0.0000010788
  0.0000006153
 -0.0000017313
  0.0000029176
 -0.0000008463
  0.0000001351
 -0.0000009478
  0.0000012948
 -0.0000012198
 -0.0000002197
 -0.0000027040
  0.0000007165
 -0.0000029081
  0.0000005404
 -0.0000031563
  0.0000000700
 -0.0000023605
  0.0000032413
  0.0000027092
  0.0000005078
 -0.0000009056
  0.0000011758
  0.0000007970
 -0.0000065166
  0.0000059142
  0.0000159658
  0.0000111254
 -0.0000011552
  0.0000020108
 -0.0000041678
  0.0000043837
 -0.0000026831
  0.0000121934
  0.0000381630
  0.0000048044
 -0.0000005134
  0.0000305695
  0.0000056838
 -0.0000282873
  0.0000059032
  0.0000009067
  0.0000019489
 -0.0000024066
  0.0000063181
  0.0000176114
 -0.0001815517
  0.0000108877
  0.0000106480
 -0.0000577756
 -0.0000011902
 -0.0000046938
  0.0000010557
  0.0000264537
  0.0000341343
 -0.0000017133
  0.0000218034
  0.0000096859
 -0.0000003753
 -0.0000028057
  0.0000143102
  0.0000017885
  0.0000025732
  0.0000412014
  0.0000040328
  0.0000227132
 -0.0001386172
  0.0000242709
  0.0000062799
  0.0000004410
  0.0000663293
 -0.0000098365
  0.0000216833
 -0.0000020774
 -0.0000023229
 -0.0000052618
 -0.0000026141
 -0.0000036999
 -0.0000015660
 -0.0000015960
 -0.0000011149
 -0.0000017276
 -0.0000024309
 -0.0000106373
 -0.0000031763
 -0.0000018385
 -0.0000026691
 -0.0000001360
 -0.0000036000
 -0.0000024352
 -0.0000015639
 -0.0000021785
 -0.0000033144
 -0.0000039818
 -0.0000019558
 -0.0000017727
 -0.0000019814
 -0.0000026450
 -0.0000013520
 -0.0000024185
 -0.0000034127
 -0.0000022304
 -0.0000024937
 -0.0000031050
  0.0000026485
 -0.0000019208
  0.0000036902
 -0.0000010980
 -0.0000002420
  0.0000034316
  0.0000036536
  0.0000032693
 -0.0000004307
  0.0000122869
  0.0000067888
 -0.0000028557
  0.0000054829
 -0.0000004401
  0.0000014736
  0.0000010099
  0.0000002255
  0.0000006459
  0.0000003314
  0.0000031962
  0.0000022159
  0.0000015618
 -0.0000025404
  0.0000007847
 -0.0000068810
 -0.0000002581
 -0.0000022869
 -0.0000007139
  0.0000028309
 -0.0000022339
  0.0000005614
  0.0000038316
 -0.0000066529
  0.0000076092
  0.0000035539
  0.0000082670
  0.0000060582
  0.0000016486
  0.0000010417
  0.0000029359
  0.0000040779
  0.0000010201
  0.0000019270
  0.0000075358
  0.0000035738
  0.0000030042
  0.0000039953
  0.0000053625
  0.0000039505
 -0.0000180525
 -0.0000121964
  0.0000162251
  0.0000087177
 -0.0000118510
  0.0000400048
  0.0000000279
  0.0000371964
 -0.0000303050
  0.0000058723
  0.0000028707
 -0.0000618842
  0.0000042669
 -0.0000616596
  0.0000333859
 -0.0000022668
 -0.0000594520
  0.0000014135
  0.0000048023
 -0.0001312706
  0.0000113396
 -0.0000695146
 -0.0000061599
 -0.0000139375
  0.0000077109
  0.0000278087
  0.0000373773
 -0.0000038901
  0.0000010830
  0.0000010702
 -0.0000000890
  0.0000118189
  0.0000038553
 -0.0000259274
  0.0000115561
 -0.0000824435
  0.0000264729
 -0.0000062951
  0.0000505138
  0.0000414885
  0.0000021540
 -0.0000009632
  0.0000008975
  0.0000021853
 -0.0000024375
 -0.0000011443
 -0.0000020843
 -0.0000028946
 -0.0000026694
 -0.0000001077
 -0.0000030220
 -0.0000004858
 -0.0000002165
  0.0000006277
 -0.0000027787
  0.0000006204
 -0.0000009045
 -0.0000008708
 -0.0000017434
 -0.0000002952
 -0.0000004191
  0.0000004118
 -0.0000019210
 -0.0000001993
 -0.0000000980
  0.0000009962
  0.0000026205
 -0.0000026976
  0.0000011802
 -0.0000070303
 -0.0000026393
 -0.0000003471
  0.0000004337
 -0.0000072951
  0.0000029771
  0.0000059155
 -0.0000011704
 -0.0000016212
 -0.0000000811
 -0.0000034136
 -0.0000014958
 -0.0000078804
  0.0000014670
 -0.0000015495
 -0.0000007276
 -0.0000007682
 -0.0000009589
  0.0000021876
  0.0000044359
 -0.0000007012
 -0.0000030079
 -0.0000011489
 -0.0000043979
 -0.0000039092
 -0.0000025075
 -0.0000033391
 -0.0000021368
 -0.0000052195
 -0.0000008717
 -0.0000075282
  0.0000008648
  0.0000029916
  0.0000002094
 -0.0000030487
  0.0000049385
  0.0000041780
 -0.0000019253
 -0.0000003240
  0.0000037255
  0.0000019466
 -0.0000063533
  0.0000038053
  0.0000042578
  0.0000079807
 -0.0000058945
 -0.0000024358
 -0.0000074809
 -0.0000018314
 -0.0000050191
  0.0000083766
  0.0000159750
  0.0000011270
 -0.0000030484
  0.0000317964
 -0.0000012575
  0.0000065185
 -0.0000002778
 -0.0000021709
  0.0000014324
  0.0000018757
  0.0000248118
 -0.0001876002
  0.0000112295
 -0.0000013779
 -0.0000413446
 -0.0000050937
 -0.0000079538
 -0.0000117635
  0.0000061663
  0.0000391896
 -0.0000055155
  0.0000454916
 -0.0000036776
 -0.0000049479
  0.0000166043
 -0.0000062834
  0.0000104369
  0.0000356698
 -0.0000005038
 -0.0001341602
  0.0000137463
 -0.0000006120
 -0.0000021747
  0.0000885845
  0.0000094443
 -0.0000001486
 -0.0000035471
 -0.0000000292
  0.0000019165
 -0.0000002056
  0.0000003785
  0.0000008798
  0.0000019411
  0.0000002500
 -0.0000011341
  0.0000028265
  0.0000010557
  0.0000002745
 -0.0000009239
 -0.0000016542
 -0.0000004732
  0.0000028161
  0.0000019782
  0.0000007256
  0.0000006653
 -0.0000006732
 -0.0000008148
  0.0000000945
  0.0000011746
  0.0000028504
  0.0000041729
  0.0000008462
  0.0000027311
  0.0000022720
  0.0000020605
  0.0000006687
 -0.0000011161
  0.0000012388
 -0.0000019410
 -0.0000004648
  0.0000017854
  0.0000016578
 -0.0000000868
  0.0000114073
  0.0000101210
  0.0000010948
 -0.0000036479
  0.0000063432
 -0.0000013876
  0.0000010440
 -0.0000066847
  0.0000027811
  0.0000003191
 -0.0000020904
  0.0000018862
  0.0000011295
  0.0000025489
  0.0000042068
  0.0000037799
 -0.0000052878
  0.0000013071
 -0.0000028569
 -0.0000005829
 -0.0000063098
 -0.0000011177
  0.0000010444
 -0.0000011993
  0.0000025040
 -0.0000001264
 -0.0000010952
  0.0000038225
  0.0000003012
  0.0000032921
  0.0000029727
  0.0000018064
  0.0000003471
 -0.0000003979
  0.0000033316
 -0.0000004616
 -0.0000008997
 -0.0000024543
  0.0000036016
 -0.0000061551
  0.0000095780
 -0.0000036462
 -0.0000036514
 -0.0000022046
 -0.0000004916
 -0.0000017553
 -0.0000035787
 -0.0000241181
 -0.0000068080
 -0.0000041534
 -0.0000405235
  0.0000149819
 -0.0000600060
 -0.0000017403
 -0.0000045874
 -0.0000663926
 -0.0000032732
 -0.0000019284
  0.0000014574
 -0.0001371076
  0.0000191906
  0.0000113282
 -0.0000764034
 -0.0000097959
 -0.0000097820
 -0.0000072228
  0.0000173681
  0.0000592195
 -0.0000029645
  0.0000176004
 -0.0000024838
  0.0000011672
  0.0000197941
 -0.0000110284
  0.0000333536
 -0.0000243967
 -0.0000032657
  0.0000049292
 -0.0000081941
 -0.0001060741
 -0.0000011229
 -0.0000009387
  0.0000004950
  0.0000123050
  0.0000734106
  0.0000207007
  0.0000016547
  0.0000018678
  0.0000036506
  0.0000012548
  0.0000030443
 -0.0000028298
 -0.0000002946
 -0.0000001691
 -0.0000010395
 -0.0000018387
 -0.0000013172
 -0.0000004724
 -0.0000032953
 -0.0000003625
 -0.0000022088
 -0.0000022514
 -0.0000002651
 -0.0000023589
  0.0000004712
 -0.0000010560
 -0.0000010714
 -0.0000022060
 -0.0000021293
 -0.0000012689
 -0.0000029868
  0.0000014597
 -0.0000004524
  0.0000001822
 -0.0000004754
 -0.0000006073
 -0.0000034076
 -0.0000065279
 -0.0000007274
  0.0000007635
 -0.0000007116
 -0.0000049745
  0.0000049052
  0.0000095669
 -0.0000030445
 -0.0000024256
  0.0000039289
 -0.0000025305
 -0.0000014093
 -0.0000089937
 -0.0000006592
 -0.0000015920
  0.0000004334
 -0.0000009124
 -0.0000004900
 -0.0000023632
  0.0000005342
  0.0000026823
 -0.0000027623
 -0.0000014158
 -0.0000019338
 -0.0000053437
 -0.0000017572
 -0.0000041031
 -0.0000002962
  0.0000003111
 -0.0000021906
 -0.0000029680
 -0.0000014323
 -0.0000034963
  0.0000011669
  0.0000032785
 -0.0000014682
 -0.0000013706
 -0.0000032059
 -0.0000032238
 -0.0000022792
 -0.0000013519
 -0.0000030147
 -0.0000025585
 -0.0000054507
  0.0000079501
  0.0000052392
  0.0000068930
 -0.0000065538
 -0.0000028254
 -0.0000044192
 -0.0000016277
 -0.0000010981
  0.0000081464
  0.0000095550
  0.0000018700
  0.0000002895
  0.0000170739
 -0.0000016602
  0.0000076091
 -0.0000001403
  0.0000007146
  0.0000073531
  0.0000016193
  0.0000019784
 -0.0002101222
 -0.0000009496
 -0.0000257555
 -0.0000044664
 -0.0000061048
 -0.0000176267
  0.0000588308
 -0.0000039790
  0.0000913324
 -0.0000019224
  0.0000344747
 -0.0000056830
  0.0000195166
  0.0000249855
  0.0000029752
 -0.0001315768
 -0.0000145434
 -0.0000004186
  0.0000010088
  0.0001072996
 -0.0000066447
  0.0000032845
  0.0000014994
 -0.0000000817
 -0.0000001405
  0.0000029339
  0.0000021295
 -0.0000018812
 -0.0000003438
  0.0000000695
  0.0000000621
 -0.0000002462
 -0.0000003511
  0.0000032305
  0.0000008127
  0.0000007956
  0.0000000485
  0.0000020537
 -0.0000024612
 -0.0000023088
  0.0000000501
  0.0000034897
 -0.0000005171
  0.0000004539
  0.0000010303
  0.0000010235
  0.0000017120
  0.0000017243
  0.0000048750
  0.0000012085
  0.0000004657
  0.0000004389
  0.0000038345
 -0.0000027419
  0.0000018796
  0.0000006909
 -0.0000003591
  0.0000001526
  0.0000026520
  0.0000008221
  0.0000075163
  0.0000001853
  0.0000024464
  0.0000139075
  0.0000238436
  0.0000002081
  0.0000029015
  0.0000038324
  0.0000042300
 -0.0000037414
  0.0000027164
  0.0000013577
  0.0000026670
  0.0000061162
 -0.0000028976
  0.0000041044
  0.0000008867
  0.0000035306
 -0.0000001479
  0.0000014344
 -0.0000017391
  0.0000060620
  0.0000019460
  0.0000011926
  0.0000003239
 -0.0000027480
 -0.0000001965
 -0.0000022447
 -0.0000003358
  0.0000009042
  0.0000000977
  0.0000000478
 -0.0000006095
  0.0000025903
  0.0000018241
  0.0000012823
  0.0000000294
 -0.0000036071
  0.0000001513
  0.0000014106
  0.0000018362
  0.0000142030
 -0.0000290706
 -0.0000183753
 -0.0000081027
  0.0000167622
 -0.0000022707
 -0.0000327004
  0.0000151839
 -0.0000337681
 -0.0000258752
  0.0000113686
  0.0000077172
  0.0000224493
 -0.0000237886
  0.0000419625
 -0.0000280933
 -0.0000032188
  0.0000150766
 -0.0000131036
  0.0000054555
  0.0000135396
 -0.0000885537
 -0.0000025023
  0.0000017377
 -0.0000465679
 -0.0000052098
 -0.0000041540
 -0.0000108448
  0.0000037550
 -0.0000161798
 -0.0000009211
 -0.0000027314
  0.0000118361
  0.0000063410
 -0.0000000817
  0.0000034604
  0.0000260231
  0.0000074206
  0.0000054347
 -0.0000204560
  0.0000016970
 -0.0000059440
 -0.0000086215
 -0.0000298938
  0.0000047144
 -0.0000006369
 -0.0000453903
 -0.0000026202
  0.0000128449
  0.0000259067
  0.0000098969
  0.0000330608
 -0.0000016159
 -0.0000002840
  0.0000019409
 -0.0000023840
 -0.0000008267
  0.0000035286
  0.0000012064
  0.0000020931
  0.0000007979
 -0.0000048143
  0.0000007598
  0.0000032504
 -0.0000020390
  0.0000003149
  0.0000015899
 -0.0000013512
 -0.0000010179
 -0.0000032043
 -0.0000024733
  0.0000013572
  0.0000023265
 -0.0000031437
 -0.0000041872
 -0.0000017994
 -0.0000015478
  0.0000004936
  0.0000018475
  0.0000003759
  0.0000061128
 -0.0000006385
 -0.0000020529
  0.0000017074
  0.0000027018
  0.0000011440
  0.0000000166
 -0.0000013416
 -0.0000022063
  0.0000002113
  0.0000009178
 -0.0000003194
  0.0000039394
  0.0000000186
  0.0000101033
  0.0000211943
 -0.0000039974
  0.0000004630
  0.0000030066
 -0.0000025561
  0.0000028185
  0.0000002390
  0.0000013447
 -0.0000036380
  0.0000032703
  0.0000031033
 -0.0000020945
 -0.0000015685
  0.0000004036
  0.0000010879
 -0.0000006916
 -0.0000001540
  0.0000002744
  0.0000037729
 -0.0000004319
 -0.0000003951
 -0.0000039679
  0.0000001868
 -0.0000000388
  0.0000001420
 -0.0000000252
 -0.0000002752
 -0.0000002176
 -0.0000005127
 -0.0000005811
 -0.0000005523
  0.0000008854
  0.0000314497
  0.0000231004
 -0.0000202314
  0.0000183492
  0.0000016498
 -0.0000298303
  0.0000003630
 -0.0000283002
  0.0000283860
  0.0000164136
 -0.0000021112
  0.0000003824
 -0.0000063400
 -0.0000065508
 -0.0000131425
  0.0000026932
 -0.0000085222
 -0.0000067029
 -0.0000046132
  0.0000081759
 -0.0000897273
 -0.0000003166
  0.0000059727
 -0.0000410701
  0.0000338608
 -0.0000077949
 -0.0000119707
  0.0000039192
 -0.0000040629
  0.0000004590
 -0.0000051643
  0.0000050727
  0.0000042619
 -0.0000038853
  0.0000012607
  0.0000079912
  0.0000140823
  0.0000085236
 -0.0000123446
 -0.0000006529
  0.0000001301
 -0.0000095955
 -0.0000022661
 -0.0000026302
  0.0000054846
 -0.0000320006
 -0.0000042985
  0.0000099435
  0.0000069393
  0.0000040927
  0.0000428466
 -0.0000036818
 -0.0000056741
  0.0000006063
  0.0000024311
 -0.0000008461
  0.0000049591
  0.0000001235
 -0.0000060875
  0.0000015099
 -0.0000026810
  0.0000014841
 -0.0000011373
 -0.0000011487
  0.0000052620
  0.0000026286
  0.0000027319
  0.0000045897
  0.0000022556
  0.0000049647
  0.0000046880
 -0.0000028761
  0.0000015114
 -0.0000007211
 -0.0000040053
  0.0000002401
  0.0000033134
  0.0000050771
  0.0000033120
  0.0000051324
  0.0000063186
 -0.0000000495
  0.0000049444
  0.0000020131
  0.0000013436
  0.0000017377
 -0.0000005352
  0.0000027504
  0.0000014655
  0.0000043767
  0.0000057969
  0.0000028780
  0.0000144693
  0.0000231175
 -0.0000007247
  0.0000037448
  0.0000152459
  0.0000014460
  0.0000032432
  0.0000021401
  0.0000013594
  0.0000009483
  0.0000072001
  0.0000042413
  0.0000018755
  0.0000001184
  0.0000026284
  0.0000108130
  0.0000021461
 -0.0000021313
  0.0000020787
  0.0000068616
  0.0000031805
  0.0000021621
  0.0000019067
  0.0000073520
 -0.0000002021
  0.0000024976
 -0.0000004584
  0.0000032668
 -0.0000007828
 -0.0000003062
 -0.0000004864
  0.0000024391
 -0.0000003518
 -0.0000023525
 -0.0000006566
  0.0000013344
 -0.0000032910
 -0.0000039490
  0.0000026916
  0.0000072747
 -0.0000086541
 -0.0000105772
  0.0000043080
  0.0000210230
  0.0000091656
 -0.0000309187
  0.0000065902
 -0.0000319196
 -0.0000124497
  0.0000160346
  0.0000041403
  0.0000312229
 -0.0000416659
  0.0000144142
 -0.0000234668
 -0.0000007560
  0.0000445510
 -0.0000077329
  0.0000018707
  0.0000183905
 -0.0000769094
 -0.0000368294
 -0.0000228492
 -0.0000038003
 -0.0000052324
  0.0000062105
 -0.0000049574
  0.0000104978
 -0.0000031430
 -0.0000228494
  0.0000029674
  0.0000049690
  0.0000137606
  0.0000119112
  0.0000096080
 -0.0000150621
  0.0000053190
 -0.0000141031
 -0.0000059425
 -0.0000404705
  0.0000042896
  0.0000009675
 -0.0000364335
  0.0000065727
  0.0000060038
  0.0000379039
  0.0000006244
 -0.0000018173
  0.0000007034
  0.0000025051
 -0.0000025391
  0.0000002977
  0.0000028570
  0.0000007500
  0.0000000874
  0.0000005618
 -0.0000004486
  0.0000031838
  0.0000025497
 -0.0000015964
 -0.0000004467
 -0.0000012683
 -0.0000018499
  0.0000000469
 -0.0000022828
 -0.0000012244
  0.0000014316
  0.0000007962
 -0.0000012521
  0.0000025789
  0.0000003319
  0.0000053981
 -0.0000000026
  0.0000010668
  0.0000036305
  0.0000018661
 -0.0000011464
 -0.0000025414
  0.0000000878
 -0.0000000624
 -0.0000017708
 -0.0000024181
 -0.0000023949
  0.0000018976
 -0.0000078587
 -0.0000021521
  0.0000010613
  0.0000029619
 -0.0000048708
  0.0000074164
  0.0000100875
 -0.0000013219
 -0.0000029901
  0.0000085397
 -0.0000044083
  0.0000004207
 -0.0000082033
  0.0000034596
 -0.0000035524
  0.0000088181
  0.0000013589
  0.0000018687
 -0.0000008365
  0.0000016880
 -0.0000011508
  0.0000012955
  0.0000016313
  0.0000022908
 -0.0000032051
 -0.0000012793
  0.0000000375
 -0.0000009964
 -0.0000049193
  0.0000005742
  0.0000008644
  0.0000014912
  0.0000008972
  0.0000004522
  0.0000009746
  0.0000343353
 -0.0000188170
  0.0000099039
 -0.0000279590
  0.0000010547
 -0.0000026676
  0.0000286276
  0.0000083518
  0.0000115035
 -0.0000068493
 -0.0000233624
  0.0000114526
  0.0000037091
  0.0000077780
 -0.0000035971
 -0.0000235189
  0.0000603219
  0.0000042120
 -0.0000195683
 -0.0000151173
  0.0000284682
 -0.0001151969
 -0.0000165449
  0.0000054715
 -0.0000690845
  0.0000121129
  0.0000113107
 -0.0000027479
 -0.0000048761
  0.0000002609
 -0.0000378511
 -0.0000049757
  0.0000018303
  0.0000029437
 -0.0000018450
 -0.0000008272
  0.0000142858
  0.0000489426
  0.0000244188
  0.0000157682
 -0.0000011250
 -0.0000016438
 -0.0000013172
 -0.0000064181
 -0.0000042869
  0.0000036089
 -0.0000689016
 -0.0000080393
  0.0000434310
  0.0000046263
 -0.0000037040
  0.0001022748
  0.0000022871
  0.0000019070
  0.0000015912
  0.0000012125
  0.0000035277
 -0.0000020556
 -0.0000018993
 -0.0000002871
  0.0000006210
 -0.0000008315
  0.0000008627
 -0.0000019303
  0.0000009019
  0.0000012510
 -0.0000021806
 -0.0000011040
 -0.0000023840
  0.0000005200
  0.0000007104
 -0.0000011857
 -0.0000007168
 -0.0000026113
 -0.0000007772
  0.0000008699
  0.0000025671
 -0.0000013522
 -0.0000009603
  0.0000013212
  0.0000001360
 -0.0000015185
  0.0000063437
  0.0000081750
 -0.0000010408
  0.0000019149
  0.0000013879
 -0.0000011523
  0.0000000907
 -0.0000017034
  0.0000011382
  0.0000001576
  0.0000023938
  0.0000003903
  0.0000007428
  0.0000003445
  0.0000030102
  0.0000039054
  0.0000014203
 -0.0000005644
 -0.0000008209
 -0.0000000487
  0.0000015961
 -0.0000001543
  0.0000002475
  0.0000047626
  0.0000010396
  0.0000002954
  0.0000003740
  0.0000044694
  0.0000022876
  0.0000034215
 -0.0000061283
 -0.0000050038
  0.0000010420
  0.0000023716
 -0.0000040713
 -0.0000019121
  0.0000033890
  0.0000037287
  0.0000070146
  0.0000010503
  0.0000011402
  0.0000000723
  0.0000009353
  0.0000080047
 -0.0000036159
 -0.0000018939
  0.0000043474
 -0.0000041250
 -0.0000038874
  0.0000004360
  0.0000049734
  0.0000251700
  0.0000055356
  0.0000031867
  0.0000154380
 -0.0000112837
  0.0000048952
 -0.0002397139
  0.0000061563
 -0.0000015253
  0.0000080254
  0.0000338730
 -0.0000058397
 -0.0000059363
 -0.0000005566
 -0.0000016661
  0.0000656473
 -0.0000008306
 -0.0000049519
  0.0000173476
  0.0000118011
  0.0000125869
  0.0000118215
 -0.0000119611
 -0.0000025513
  0.0000007620
  0.0000089152
  0.0000844639
 -0.0000229144
 -0.0000013024
 -0.0000008777
 -0.0000018696
  0.0000010327
  0.0000028753
 -0.0000009390
 -0.0000000475
 -0.0000018195
 -0.0000019458
 -0.0000014248
 -0.0000013426
 -0.0000004895
 -0.0000028360
  0.0000048973
 -0.0000010297
 -0.0000019054
  0.0000020579
  0.0000007659
 -0.0000010125
 -0.0000011889
  0.0000001081
 -0.0000025409
 -0.0000029033
  0.0000030846
  0.0000003277
 -0.0000023756
  0.0000006742
 -0.0000013069
  0.0000002069
 -0.0000010633
  0.0000003268
  0.0000015520
  0.0000031454
  0.0000021653
  0.0000043806
  0.0000002675
 -0.0000008624
  0.0000040332
 -0.0000016437
  0.0000009213
 -0.0000027537
  0.0000016770
  0.0000052757
 -0.0000033468
 -0.0000007455
  0.0000041512
  0.0000037430
  0.0000144093
  0.0000139083
  0.0000023797
  0.0000038919
  0.0000032221
 -0.0000039841
 -0.0000015785
  0.0000054052
  0.0000058392
 -0.0000019103
  0.0000036002
  0.0000004824
 -0.0000013528
 -0.0000003863
  0.0000022903
  0.0000005148
  0.0000003915
 -0.0000009512
 -0.0000002634
  0.0000086482
  0.0000003331
 -0.0000022374
 -0.0000008543
  0.0000016296
  0.0000020616
  0.0000003209
  0.0000005722
  0.0000008408
  0.0000007980
  0.0000015723
  0.0000002802
  0.0000005348
 -0.0000012826
 -0.0000008193
  0.0000025913
 -0.0000012592
 -0.0000020596
  0.0000006335
  0.0000081911
 -0.0000348313
 -0.0000296118
  0.0000137545
  0.0000027853
 -0.0000069021
  0.0000033780
  0.0000051680
  0.0000058193
 -0.0000210208
 -0.0000010430
  0.0000050674
  0.0000015785
 -0.0000377815
  0.0000306059
  0.0000158179
 -0.0000016890
  0.0000349478
 -0.0000080436
 -0.0000007821
  0.0000217517
 -0.0000772931
  0.0000119836
  0.0000222260
 -0.0000102717
 -0.0000108788
 -0.0000126048
 -0.0000041538
  0.0000017387
 -0.0000225721
  0.0000264089
 -0.0000052682
 -0.0000194878
  0.0000059031
 -0.0000048363
  0.0000011521
  0.0000149501
 -0.0000008081
  0.0000124981
 -0.0000514151
 -0.0000002129
 -0.0000067738
 -0.0000007397
 -0.0000253109
  0.0000041162
 -0.0000006948
 -0.0000022640
  0.0000013431
  0.0000116705
  0.0000065387
 -0.0000000536
  0.0000349094
 -0.0000027661
 -0.0000013788
  0.0000027780
 -0.0000036464
 -0.0000006617
  0.0000038196
  0.0000015767
 -0.0000021849
 -0.0000005115
 -0.0000031559
  0.0000011608
 -0.0000011818
  0.0000043907
  0.0000031437
  0.0000008999
  0.0000007735
 -0.0000009016
 -0.0000027263
  0.0000020593
  0.0000016779
 -0.0000001053
  0.0000035185
  0.0000007086
  0.0000018920
  0.0000022265
 -0.0000002264
  0.0000003699
 -0.0000002206
 -0.0000023137
  0.0000059559
  0.0000021744
 -0.0000066383
  0.0000008860
 -0.0000010682
 -0.0000008850
 -0.0000043789
 -0.0000008669
 -0.0000028491
 -0.0000015306
 -0.0000029178
  0.0000010858
 -0.0000026035
 -0.0000040207
  0.0000131446
  0.0000185780
 -0.0000019554
  0.0000034551
 -0.0000008084
 -0.0000026754
 -0.0000009611
  0.0000020044
  0.0000005115
 -0.0000014742
 -0.0000026953
 -0.0000009702
  0.0000025329
 -0.0000016695
  0.0000040358
 -0.0000030349
 -0.0000068068
  0.0000046383
  0.0000009841
  0.0000002433
 -0.0000025031
 -0.0000024692
 -0.0000092633
 -0.0000004142
  0.0000002175
  0.0000007329
  0.0000005370
 -0.0000008171
  0.0000005840
 -0.0000000468
  0.0000003050
 -0.0000001197
  0.0000091545
 -0.0000043340
  0.0000043673
 -0.0000339750
  0.0000130093
  0.0000054782
  0.0000070685
  0.0000107198
  0.0000221279
  0.0000036870
  0.0000009635
  0.0000076495
  0.0000108007
  0.0000139523
 -0.0000049742
 -0.0000338727
  0.0000207108
  0.0000096561
 -0.0000132018
  0.0000062149
  0.0000255428
 -0.0000989009
 -0.0000047066
  0.0000042546
 -0.0000669556
  0.0000050726
 -0.0000019588
 -0.0000055692
  0.0000103588
 -0.0000031675
 -0.0000157485
  0.0000029840
  0.0000178422
 -0.0000005860
  0.0000015553
 -0.0000067492
  0.0000122055
  0.0000128233
  0.0000189297
  0.0000366074
 -0.0000015267
 -0.0000026290
 -0.0000063741
 -0.0000012721
  0.0000019296
  0.0000066100
 -0.0000634117
 -0.0000062223
  0.0000273078
 -0.0000009104
 -0.0000035230
  0.0000751868
  0.0000040032
 -0.0000008151
 -0.0000023774
 -0.0000032297
  0.0000020709
 -0.0000011098
 -0.0000028351
 -0.0000024203
  0.0000026541
  0.0000011354
  0.0000002704
 -0.0000020655
  0.0000010292
 -0.0000015918
  0.0000026701
 -0.0000025256
  0.0000000068
 -0.0000013314
 -0.0000017352
  0.0000012114
  0.0000005211
  0.0000027863
 -0.0000003030
 -0.0000030346
  0.0000031311
 -0.0000001079
 -0.0000039439
  0.0000016937
  0.0000008073
 -0.0000026647
 -0.0000024672
 -0.0000010033
 -0.0000004682
  0.0000034701
 -0.0000015165
 -0.0000033680
 -0.0000021604
  0.0000010401
 -0.0000006944
 -0.0000022385
  0.0000002246
  0.0000007465
  0.0000013388
  0.0000155550
  0.0000242588
 -0.0000022449
  0.0000006078
  0.0000149829
  0.0000008798
  0.0000006702
 -0.0000003341
  0.0000012759
 -0.0000046339
  0.0000123485
  0.0000026212
 -0.0000003534
 -0.0000027407
  0.0000017152
  0.0000106263
  0.0000047949
 -0.0000023964
 -0.0000034392
  0.0000039997
 -0.0000040768
  0.0000039712
  0.0000002498
  0.0000022771
 -0.0000003895
 -0.0000018325
  0.0000009431
 -0.0000008854
 -0.0000011253
 -0.0000009305
 -0.0000002074
  0.0000008029
 -0.0000017264
  0.0000010929
 -0.0000000129
 -0.0000004073
  0.0000127694
  0.0000016444
  0.0000068212
 -0.0000341318
  0.0000011736
  0.0000132997
  0.0000007101
  0.0000086316
  0.0000127519
  0.0000103798
 -0.0000078045
  0.0000049785
  0.0000041616
  0.0000192524
  0.0000015507
 -0.0000352816
  0.0000511043
  0.0000051270
 -0.0000107053
 -0.0000039251
  0.0000196105
 -0.0001013597
  0.0000020687
 -0.0000719380
  0.0000086654
 -0.0000014371
  0.0000005737
  0.0000055183
 -0.0000102176
 -0.0000152416
 -0.0000001042
 -0.0000001730
 -0.0000006136
 -0.0000014715
  0.0000030568
  0.0000066956
  0.0000255151
  0.0000200852
  0.0000375844
 -0.0000000433
 -0.0000073280
 -0.0000097932
  0.0000105739
  0.0000042487
 -0.0000003272
 -0.0000632713
  0.0000001101
  0.0000239109
  0.0000007413
 -0.0000020681
  0.0000788643
 -0.0000042150
 -0.0000010099
 -0.0000004537
  0.0000018381
 -0.0000006158
 -0.0000050887
 -0.0000009379
  0.0000010233
 -0.0000007934
 -0.0000024202
  0.0000037327
 -0.0000017301
  0.0000011115
  0.0000007529
 -0.0000004415
 -0.0000015731
  0.0000016507
  0.0000003273
 -0.0000003051
 -0.0000039202
 -0.0000000950
 -0.0000036940
  0.0000064947
  0.0000011156
  0.0000001105
 -0.0000037084
  0.0000006969
 -0.0000009297
 -0.0000000236
  0.0000022152
 -0.0000013669
  0.0000042837
  0.0000020468
  0.0000026007
 -0.0000021786
 -0.0000019121
 -0.0000003026
  0.0000027071
  0.0000022498
 -0.0000006477
 -0.0000024756
 -0.0000009881
 -0.0000018261
 -0.0000001054
 -0.0000014155
  0.0000014888
  0.0000009145
 -0.0000003088
  0.0000096049
  0.0000196891
 -0.0000011857
 -0.0000021059
  0.0000029193
 -0.0000036902
  0.0000037793
 -0.0000001240
 -0.0000020119
  0.0000006659
  0.0000020957
  0.0000041236
  0.0000021193
 -0.0000012139
  0.0000033060
  0.0000022754
 -0.0000021152
  0.0000033596
 -0.0000008395
  0.0000034762
 -0.0000025490
 -0.0000007046
 -0.0000041012
 -0.0000012583
  0.0000004418
 -0.0000013777
 -0.0000009651
 -0.0000013465
  0.0000000326
 -0.0000002878
  0.0000000477
  0.0000021495
  0.0000161094
  0.0000115277
 -0.0000141497
  0.0000183325
  0.0000020442
 -0.0000314785
 -0.0000004861
 -0.0000304951
  0.0000220681
  0.0000157629
 -0.0000006280
 -0.0000025025
  0.0000108091
  0.0000167023
 -0.0000218691
  0.0000134921
 -0.0000025196
 -0.0000068035
 -0.0000036824
  0.0000189715
 -0.0000976042
  0.0000039778
  0.0000106854
 -0.0000284229
  0.0000195018
 -0.0000004774
 -0.0000125532
  0.0000094430
 -0.0000085212
 -0.0000085817
 -0.0000012176
 -0.0000001639
  0.0000037383
 -0.0000001699
  0.0000009435
  0.0000061156
  0.0000161062
  0.0000145327
 -0.0000039020
 -0.0000011022
 -0.0000089278
  0.0000038930
  0.0000007292
 -0.0000022008
 -0.0000018770
 -0.0000238939
 -0.0000045346
  0.0000084656
 -0.0000041909
  0.0000031329
  0.0000532235
  0.0000021047
  0.0000003437
  0.0000015288
 -0.0000070405
 -0.0000015434
 -0.0000007011
  0.0000034138
 -0.0000012141
 -0.0000012509
  0.0000000817
  0.0000000431
 -0.0000012549
 -0.0000012390
 -0.0000004680
 -0.0000025617
  0.0000002128
  0.0000013012
 -0.0000011888
 -0.0000006390
  0.0000012146
 -0.0000004275
 -0.0000029799
  0.0000008676
 -0.0000012588
 -0.0000017579
  0.0000009489
 -0.0000015373
  0.0000011050
 -0.0000004446
 -0.0000006271
  0.0000025777
 -0.0000025685
  0.0000057218
 -0.0000043372
 -0.0000014714
 -0.0000047965
  0.0000012156
  0.0000026014
  0.0000049103
 -0.0000020139
 -0.0000006579
  0.0000042317
  0.0000041015
 -0.0000040030
  0.0000010858
  0.0000120121
  0.0000110515
 -0.0000033620
  0.0000014808
  0.0000072653
 -0.0000004377
 -0.0000037075
 -0.0000045637
 -0.0000012706
 -0.0000026955
  0.0000043731
 -0.0000055160
 -0.0000002509
  0.0000005642
  0.0000023424
  0.0000047152
  0.0000010858
 -0.0000061280
  0.0000032925
 -0.0000006003
 -0.0000003635
  0.0000050083
  0.0000023685
  0.0000011040
  0.0000000765
  0.0000015644
  0.0000004820
 -0.0000013124
 -0.0000014844
  0.0000020365
  0.0000008546
 -0.0000033916
 -0.0000017743
  0.0000013459
  0.0000020504
 -0.0000008174
 -0.0000016796
  0.0000018934
  0.0000056311
  0.0000019598
 -0.0000038634
  0.0000041588
  0.0000031044
 -0.0000005830
  0.0000140378
  0.0000001226
  0.0000073208
  0.0000012853
 -0.0000002151
 -0.0000008451
 -0.0000472260
  0.0000438017
 -0.0000598282
  0.0000105125
 -0.0000010931
 -0.0000531018
 -0.0000017197
  0.0000030874
  0.0000253320
 -0.0001212387
  0.0000021232
  0.0000005340
  0.0000267337
 -0.0000616701
 -0.0000046482
 -0.0000075537
  0.0000048000
 -0.0000010372
  0.0000345798
  0.0000000296
 -0.0000293312
  0.0000057411
  0.0000026344
  0.0000023433
  0.0000005010
  0.0000005491
  0.0000330422
  0.0000020787
 -0.0000009863
 -0.0000087103
 -0.0000003911
 -0.0000757063
  0.0000106285
  0.0000125266
  0.0000166064
  0.0000020764
  0.0000133078
  0.0000452669
  0.0000202749
  0.0000477625
  0.0000015226
  0.0000004374
  0.0000011773
 -0.0000025745
 -0.0000001104
  0.0000038136
 -0.0000018106
  0.0000005933
  0.0000002631
  0.0000016739
 -0.0000001748
 -0.0000003837
  0.0000041371
  0.0000010869
  0.0000014694
 -0.0000002164
 -0.0000025017
 -0.0000008669
 -0.0000000192
  0.0000006233
  0.0000002654
  0.0000001204
  0.0000010434
  0.0000030772
  0.0000005336
 -0.0000008626
  0.0000067327
 -0.0000000765
 -0.0000024806
  0.0000040608
  0.0000038934
 -0.0000009916
 -0.0000008723
  0.0000010118
  0.0000018815
 -0.0000010580
  0.0000003503
  0.0000044907
  0.0000050035
 -0.0000008776
  0.0000144722
  0.0000034460
  0.0000015341
  0.0000003959
  0.0000070232
 -0.0000002596
  0.0000044854
 -0.0000015243
  0.0000034367
  0.0000015521
 -0.0000000609
  0.0000045923
  0.0000031307
 -0.0000013166
  0.0000042159
  0.0000010281
 -0.0000034376
  0.0000033286
  0.0000010146
  0.0000000702
 -0.0000032535
  0.0000012829
  0.0000010467
  0.0000002423
 -0.0000015491
  0.0000010376
 -0.0000004827
 -0.0000012714
 -0.0000011566
  0.0000001580
 -0.0000004148
 -0.0000006174
  0.0000018146
  0.0000008595
  0.0000000030
  0.0000000081
  0.0000005032
  0.0000008624
 -0.0000044747
 -0.0000465180
 -0.0000423646
  0.0000180374
  0.0000113194
 -0.0000043987
 -0.0000038296
 -0.0000076981
 -0.0000020141
 -0.0000342552
  0.0000097964
 -0.0000062361
 -0.0000044326
 -0.0000398975
  0.0000644420
  0.0000111917
 -0.0000084810
  0.0000101869
 -0.0000021109
 -0.0000054485
  0.0000219806
 -0.0000838963
  0.0000201908
 -0.0000143858
 -0.0000155776
 -0.0000108319
 -0.0000093241
  0.0000091127
 -0.0000009510
  0.0000384495
 -0.0000008793
 -0.0000123261
  0.0000050461
  0.0000012482
 -0.0000009019
  0.0000166606
  0.0000031282
  0.0000103494
 -0.0000563195
  0.0000021228
 -0.0000114533
 -0.0000038167
 -0.0000305860
  0.0000099620
 -0.0000001087
 -0.0000070958
  0.0000009585
  0.0000191086
  0.0000174892
  0.0000348151
  0.0000054272
  0.0000011409
 -0.0000007185
 -0.0000004559
 -0.0000028229
  0.0000016950
  0.0000011153
  0.0000040654
 -0.0000033292
 -0.0000013778
 -0.0000001457
 -0.0000032329
 -0.0000021518
  0.0000049981
 -0.0000010600
  0.0000015866
 -0.0000006248
  0.0000001169
 -0.0000024667
 -0.0000013405
  0.0000016864
 -0.0000021301
 -0.0000003598
  0.0000008993
  0.0000019576
  0.0000003176
  0.0000011958
  0.0000019822
 -0.0000006623
  0.0000048657
 -0.0000000143
 -0.0000017041
  0.0000024719
  0.0000063992
 -0.0000000863
  0.0000002410
  0.0000019317
  0.0000002035
 -0.0000025215
  0.0000002553
  0.0000013843
  0.0000077213
 -0.0000038153
  0.0000203947
  0.0000178593
  0.0000038153
  0.0000062087
  0.0000044403
 -0.0000004938
  0.0000049596
  0.0000047609
  0.0000027202
 -0.0000018443
  0.0000019112
  0.0000058555
 -0.0000007434
 -0.0000000192
  0.0000069396
 -0.0000037055
 -0.0000014922
 -0.0000002555
  0.0000004185
 -0.0000002956
  0.0000020582
  0.0000003486
 -0.0000014414
 -0.0000014417
 -0.0000000924
  0.0000006139
  0.0000005067
 -0.0000001276
 -0.0000005504
  0.0000002183
  0.0000139169
  0.0000101799
  0.0000092072
 -0.0000255829
  0.0000214435
  0.0000028626
 -0.0000435936
  0.0000168559
 -0.0000307561
  0.0000171433
  0.0000180907
  0.0000109492
 -0.0000073558
  0.0000324360
  0.0000155842
 -0.0000473866
  0.0000053561
 -0.0000062429
 -0.0000081367
  0.0000104401
  0.0000176943
 -0.0001121748
 -0.0000042065
  0.0000025670
 -0.0000436725
  0.0000163462
  0.0000043265
 -0.0000033215
  0.0000145371
 -0.0000098725
 -0.0000127136
  0.0000027750
 -0.0000013620
  0.0000022161
  0.0000048836
 -0.0000026168
  0.0000049073
  0.0000058053
  0.0000122420
  0.0000112217
  0.0000025795
 -0.0000065907
 -0.0000071184
  0.0000079227
  0.0000052878
  0.0000003568
 -0.0000611118
  0.0000018160
  0.0000133523
 -0.0000043104
 -0.0000004907
  0.0000638337
 -0.0000019154
  0.0000008202
  0.0000018818
 -0.0000006258
 -0.0000022696
  0.0000014427
 -0.0000008817
  0.0000011196
 -0.0000026851
  0.0000011018
  0.0000025980
 -0.0000012215
 -0.0000008855
  0.0000037620
 -0.0000003194
  0.0000031966
 -0.0000001588
  0.0000006132
  0.0000040685
  0.0000003200
 -0.0000013632
  0.0000035394
  0.0000000669
  0.0000007121
 -0.0000010590
  0.0000013168
  0.0000002099
 -0.0000015331
 -0.0000001373
 -0.0000001459
  0.0000045549
 -0.0000021376
 -0.0000024652
  0.0000034736
  0.0000050399
  0.0000015723
 -0.0000035722
  0.0000210107
  0.0000137376
 -0.0000026421
  0.0000065860
  0.0000074650
 -0.0000008853
 -0.0000028154
  0.0000037102
 -0.0000002065
  0.0000020759
  0.0000004645
 -0.0000013256
  0.0000056803
 -0.0000026924
  0.0000007325
 -0.0000038126
 -0.0000043542
  0.0000027505
  0.0000009838
  0.0000006468
  0.0000045471
 -0.0000013203
  0.0000034360
  0.0000012133
 -0.0000012190
 -0.0000015029
 -0.0000005377
 -0.0000014820
 -0.0000022711
 -0.0000021814
 -0.0000022432
  0.0000000559
  0.0000013534
  0.0000010975
 -0.0000008101
 -0.0000015001
 -0.0000012591
  0.0000002773
 -0.0000000956
  0.0000149844
  0.0000124554
  0.0000265625
 -0.0000180476
  0.0000165157
 -0.0000025340
 -0.0000325808
  0.0000168375
 -0.0000313106
  0.0000138633
  0.0000132805
  0.0000128858
  0.0000343302
 -0.0000195926
 -0.0000135030
 -0.0000150875
  0.0000189591
  0.0000243000
 -0.0000111612
  0.0000106634
  0.0000128459
 -0.0000927273
  0.0000047194
 -0.0000385636
  0.0000205284
  0.0000081259
 -0.0000037838
  0.0000160473
 -0.0000112293
  0.0000010702
 -0.0000083188
  0.0000238749
  0.0000027298
 -0.0000020266
 -0.0000035774
  0.0000230619
  0.0000098352
  0.0000091660
 -0.0000224569
  0.0000004253
 -0.0000016643
 -0.0000087468
 -0.0000105926
  0.0000045479
 -0.0000015301
 -0.0000300518
  0.0000037967
  0.0000128253
  0.0000260671
  0.0000470229
  0.0000010427
  0.0000000952
 -0.0000003695
 -0.0000015235
 -0.0000000949
 -0.0000017658
  0.0000047056
 -0.0000011206
 -0.0000013012
 -0.0000011182
 -0.0000015619
 -0.0000015563
  0.0000007027
 -0.0000002715
 -0.0000011957
 -0.0000015268
 -0.0000004634
 -0.0000011662
 -0.0000003726
 -0.0000007354
 -0.0000015606
  0.0000000591
 -0.0000029898
  0.0000009775
 -0.0000028564
 -0.0000026038
  0.0000012107
  0.0000035649
  0.0000003298
 -0.0000029918
  0.0000093311
  0.0000078523
 -0.0000042935
  0.0000012994
  0.0000020859
 -0.0000001823
 -0.0000012078
 -0.0000029471
 -0.0000009965
  0.0000004139
  0.0000014618
 -0.0000003553
  0.0000020172
 -0.0000042865
 -0.0000005581
 -0.0000016126
 -0.0000019888
  0.0000002603
 -0.0000011907
  0.0000003129
 -0.0000012472
 -0.0000019765
  0.0000013429
 -0.0000030532
  0.0000040600
  0.0000036421
  0.0000045475
  0.0000025195
  0.0000034800
  0.0000054223
  0.0000042057
  0.0000042117
  0.0000101727
  0.0000063097
  0.0000029063
  0.0000050632
  0.0000063047
  0.0000054421
  0.0000031158
  0.0000013215
  0.0000223050
  0.0000087563
 -0.0000033469
 -0.0000050040
 -0.0000081251
  0.0000039239
 -0.0000038935
  0.0000013680
  0.0000323013
 -0.0000071559
 -0.0000032118
  0.0000129485
  0.0000078045
 -0.0000199518
  0.0000046301
 -0.0000039567
 -0.0000115449
 -0.0000042284
 -0.0000020207
 -0.0001909253
  0.0000073731
 -0.0000561135
 -0.0000099084
  0.0000452517
 -0.0000027864
  0.0000692906
 -0.0000031649
  0.0000334607
 -0.0000061598
  0.0000243521
  0.0000112524
 -0.0001399846
 -0.0000130330
 -0.0000052948
 -0.0000019340
  0.0000905966
  0.0000091548
  0.0000010938
  0.0000006093
  0.0000013582
  0.0000003216
  0.0000018380
 -0.0000001245
 -0.0000013656
 -0.0000000118
 -0.0000012280
  0.0000040461
  0.0000014401
 -0.0000023182
  0.0000017357
 -0.0000013489
  0.0000008418
  0.0000029866
  0.0000064748
  0.0000034751
  0.0000011079
 -0.0000001670
  0.0000011426
  0.0000005626
  0.0000000018
  0.0000001937
 -0.0000030968
 -0.0000016155
 -0.0000006990
  0.0000040156
  0.0000084332
 -0.0000032799
 -0.0000031858
 -0.0000002827
 -0.0000006050
  0.0000020959
  0.0000006834
 -0.0000081387
  0.0000075679
 -0.0000048263
 -0.0000075215
 -0.0000136219
  0.0000031928
  0.0000058434
 -0.0000000187
  0.0000029385
  0.0000067764
  0.0000012126
 -0.0000018757
  0.0000080974
 -0.0000045594
  0.0000074590
  0.0000042206
 -0.0000023510
 -0.0000035053
  0.0000021160
 -0.0000043435
 -0.0000049135
 -0.0000010541
 -0.0000048917
  0.0000027768
  0.0000037976
 -0.0000018282
 -0.0000003160
 -0.0000027639
  0.0000016775
  0.0000025880
 -0.0000010833
  0.0000006821
  0.0000031741
 -0.0000031164
  0.0000131514
 -0.0000127135
 -0.0000002570
 -0.0000072715
 -0.0000007146
 -0.0000001758
 -0.0000024593
  0.0000376748
  0.0000028148
 -0.0000216916
  0.0000041171
  0.0000071345
  0.0000166711
 -0.0000117029
  0.0000066609
  0.0000047749
  0.0000110150
  0.0000851805
 -0.0000064298
  0.0000079631
  0.0000011309
  0.0000034337
  0.0000061777
 -0.0000260457
 -0.0000012964
 -0.0000249251
  0.0000028163
 -0.0000010025
  0.0000006808
  0.0000010176
 -0.0000009503
  0.0000014031
  0.0000012771
  0.0000000422
 -0.0000007161
 -0.0000011494
  0.0000034892
  0.0000044911
  0.0000032541
  0.0000004419
  0.0000046348
  0.0000008024
 -0.0000000253
 -0.0000010479
  0.0000002538
  0.0000006078
  0.0000007377
  0.0000058596
  0.0000023976
  0.0000002473
  0.0000029561
 -0.0000049975
  0.0000050406
  0.0000032771
 -0.0000077216
 -0.0000001654
  0.0000041481
  0.0000042156
 -0.0000001543
  0.0000021097
  0.0000052944
  0.0000018984
 -0.0000005158
 -0.0000001098
  0.0000020920
 -0.0000034432
 -0.0000001680
  0.0000005455
 -0.0000016958
 -0.0000019600
  0.0000023522
  0.0000013104
  0.0000020304
 -0.0000003829
  0.0000051983
  0.0000081761
 -0.0000152462
  0.0000001469
 -0.0000014615
  0.0000029693
  0.0000030825
  0.0000038952
 -0.0000041384
 -0.0000001788
 -0.0000003889
 -0.0000236533
  0.0000183024
  0.0000178200
 -0.0000028210
 -0.0000005407
  0.0000090733
 -0.0000279313
  0.0000157317
 -0.0000051776
 -0.0000006091
 -0.0000003015
 -0.0000024664
 -0.0000185485
  0.0000168514
 -0.0000070425
 -0.0000093589
 -0.0000007354
  0.0000036392
  0.0000042969
 -0.0000748707
 -0.0000071970
  0.0000056962
  0.0000005729
  0.0000004376
  0.0000001534
  0.0000011251
  0.0000001614
  0.0000016431
 -0.0000009492
 -0.0000013136
 -0.0000000218
  0.0000010020
  0.0000039250
  0.0000012328
 -0.0000026156
  0.0000038126
 -0.0000024690
 -0.0000009058
  0.0000055904
  0.0000054316
 -0.0000038603
  0.0000024755
 -0.0000007296
 -0.0000008414
  0.0000030079
  0.0000030612
 -0.0000007181
 -0.0000004430
 -0.0000031986
 -0.0000015992
 -0.0000010238
  0.0000012033
  0.0000038721
  0.0000072370
 -0.0000015913
 -0.0000046135
 -0.0000004334
  0.0000019556
  0.0000020461
  0.0000039977
 -0.0000011001
 -0.0000031863
 -0.0000070308
  0.0000011130
 -0.0000002516
  0.0000128168
  0.0000012131
 -0.0000096472
 -0.0000042810
  0.0000007464
 -0.0000103135
  0.0000054518
 -0.0000019070
 -0.0000108549
 -0.0000067307
  0.0000012439
  0.0000026438
 -0.0000044052
 -0.0000012496
  0.0000023836
 -0.0000039037
 -0.0000023641
  0.0000023820
 -0.0000060064
 -0.0000027972
 -0.0000032606
 -0.0000028073
 -0.0000007310
 -0.0000016919
 -0.0000046488
 -0.0000023530
  0.0000000709
 -0.0000016295
 -0.0000036872
 -0.0000036973
 -0.0000029140
  0.0000280099
 -0.0000118037
  0.0000021119
 -0.0000086270
 -0.0000198525
 -0.0000071420
 -0.0000001436
  0.0000283053
  0.0000079620
 -0.0000025319
 -0.0001981135
 -0.0000016224
  0.0000507759
 -0.0000033810
 -0.0000079653
  0.0000008212
  0.0000147979
 -0.0000023252
 -0.0000028612
  0.0000083289
 -0.0000049166
  0.0000017085
  0.0000223205
  0.0000100118
  0.0000019099
 -0.0000209951
  0.0000001051
 -0.0000006363
 -0.0000006882
 -0.0000007964
  0.0000003661
 -0.0000000315
 -0.0000059397
 -0.0000026066
 -0.0000008352
  0.0000031958
  0.0000025093
 -0.0000008420
  0.0000025571
  0.0000050090
 -0.0000044847
 -0.0000020080
  0.0000051661
  0.0000054575
  0.0000012337
 -0.0000015376
  0.0000012168
  0.0000062262
 -0.0000021893
  0.0000019345
  0.0000022605
  0.0000027077
  0.0000034263
  0.0000023630
  0.0000057747
  0.0000026621
 -0.0000051376
  0.0000012869
 -0.0000007069
  0.0000030586
  0.0000037445
 -0.0000012341
 -0.0000068663
  0.0000057417
 -0.0000010457
 -0.0000057485
 -0.0000061587
  0.0000155392
  0.0000043572
 -0.0000097780
  0.0000137468
  0.0000042438
  0.0000086800
 -0.0000119152
  0.0000063169
 -0.0000069019
  0.0000107260
  0.0000008012
 -0.0000045227
 -0.0000008422
  0.0000030335
 -0.0000037782
 -0.0000017519
  0.0000023946
 -0.0000067999
 -0.0000033738
 -0.0000017819
 -0.0000025047
 -0.0000007788
  0.0000002619
 -0.0000051294
 -0.0000017494
  0.0000001431
 -0.0000032103
 -0.0000021719
 -0.0000031022
 -0.0000029634
  0.0000148088
 -0.0000103409
  0.0000040981
 -0.0000048253
 -0.0000068191
 -0.0000006957
  0.0000417605
  0.0000046198
 -0.0000422381
 -0.0000013877
  0.0000146000
 -0.0000106467
 -0.0000061795
  0.0000066254
  0.0000120539
  0.0001024793
 -0.0000052749
  0.0000081912
 -0.0000029619
  0.0000018598
  0.0000040551
 -0.0000205734
  0.0000002427
 -0.0000223460
 -0.0000014879
 -0.0000000615
  0.0000017559
 -0.0000002593
  0.0000009678
  0.0000004510
 -0.0000008968
 -0.0000004928
  0.0000001549
  0.0000026047
  0.0000013943
  0.0000009589
  0.0000042942
  0.0000065509
  0.0000036440
  0.0000006345
 -0.0000025723
  0.0000025577
  0.0000035650
  0.0000013468
 -0.0000017287
 -0.0000017179
  0.0000017500
  0.0000025791
 -0.0000019908
  0.0000071511
 -0.0000000750
 -0.0000010289
 -0.0000009956
  0.0000003676
  0.0000012464
  0.0000010012
  0.0000120711
 -0.0000118519
  0.0000087962
  0.0000125615
 -0.0000001675
 -0.0000143213
  0.0000010431
  0.0000205899
 -0.0000141255
 -0.0000039690
 -0.0000133531
  0.0000205614
 -0.0000093806
  0.0000112208
 -0.0000173750
  0.0000044272
 -0.0000002735
  0.0000002885
  0.0000048691
 -0.0000027336
 -0.0000032765
 -0.0000023167
 -0.0000072748
 -0.0000005186
  0.0000021699
  0.0000045570
 -0.0000005807
 -0.0000023536
  0.0000037101
 -0.0000005466
  0.0000006422
  0.0000002683
 -0.0000001022
 -0.0000053143
  0.0000070623
  0.0000107718
 -0.0000003507
  0.0000035415
 -0.0000005643
  0.0000076698
  0.0000087806
 -0.0000008343
 -0.0000036303
 -0.0000089564
  0.0000138337
  0.0000762042
 -0.0000057939
 -0.0001058530
  0.0000139705
 -0.0000092028
  0.0000015026
  0.0000017877
  0.0000072698
  0.0000480705
 -0.0000070993
 -0.0000040977
  0.0000016874
 -0.0000859423
 -0.0000007734
 -0.0000163666
  0.0000019414
  0.0000017385
  0.0000034106
  0.0000019025
  0.0000031599
  0.0000023374
 -0.0000000938
  0.0000023382
  0.0000033911
  0.0000025691
  0.0000017396
  0.0000021117
  0.0000046986
  0.0000008445
  0.0000026698
  0.0000030124
  0.0000047757
  0.0000025519
  0.0000028539
  0.0000100620
  0.0000121651
  0.0000058560
  0.0000059374
  0.0000010341
  0.0000018854
  0.0000037633
  0.0000023125
  0.0000064586
  0.0000024696
  0.0000031910
  0.0000007628
  0.0000043347
  0.0000090419
  0.0000048430
  0.0000018313
  0.0000030058
  0.0000030508
  0.0000033592
  0.0000033673
  0.0000050546
  0.0000031332
 -0.0000089159
  0.0000051535
 -0.0000040335
 -0.0000079680
 -0.0000150896
 -0.0000093172
  0.0000041317
 -0.0000005992
  0.0000111126
  0.0000005634
  0.0000047471
 -0.0000021063
  0.0000025005
 -0.0000089333
  0.0000088280
  0.0000066631
  0.0000087349
  0.0000050364
  0.0000082965
  0.0000068443
  0.0000058160
  0.0000055352
 -0.0000017002
  0.0000077494
  0.0000068742
  0.0000034240
  0.0000029830
  0.0000060981
  0.0000068274
  0.0000089616
  0.0000084454
  0.0000034699
  0.0000062379
 -0.0000049181
  0.0000084636
  0.0000168826
  0.0000018986
  0.0000039255
  0.0000690857
  0.0000042705
  0.0000201828
 -0.0000002472
 -0.0002672055
  0.0000462505
  0.0000188803
  0.0000055534
 -0.0000001940
  0.0000064643
  0.0000043061
  0.0000072824
  0.0000007420
  0.0000061555
 -0.0000362614
  0.0000017171
  0.0000023269
  0.0000016327
  0.0000015904
 -0.0000028985
  0.0000031918
  0.0000012069
  0.0000009216
  0.0000015789
 -0.0000032375
  0.0000036395
 -0.0000030623
 -0.0000002829
  0.0000015420
  0.0000038613
  0.0000061164
 -0.0000010045
  0.0000052818
  0.0000056892
 -0.0000029321
  0.0000005234
  0.0000040941
  0.0000101532
  0.0000004829
  0.0000024595
  0.0000021440
  0.0000028559
  0.0000050488
  0.0000066863
 -0.0000005931
  0.0000033250
  0.0000043063
  0.0000052144
  0.0000062035
  0.0000020553
  0.0000056422
  0.0000076372
  0.0000037879
 -0.0000046259
 -0.0000020084
  0.0000001058
  0.0000031789
  0.0000034505
  0.0000036069
  0.0000019769
 -0.0000021412
  0.0000029526
  0.0000019775
  0.0000136623
  0.0000061135
 -0.0000018335
  0.0000002794
 -0.0000078202
 -0.0000037021
  0.0000034342
  0.0000021525
 -0.0000041047
  0.0000004600
  0.0000032177
  0.0000037903
  0.0000034905
 -0.0000013672
  0.0000011740
  0.0000031199
 -0.0000019645
  0.0000034927
 -0.0000034111
  0.0000028851
  0.0000106034
  0.0000048715
  0.0000027839
  0.0000078816
  0.0000052906
  0.0000017734
  0.0000032827
 -0.0000005867
  0.0000074817
  0.0000001034
  0.0000059339
  0.0000220747
  0.0000054703
 -0.0000021223
  0.0000021656
  0.0000633112
 -0.0000013948
  0.0000043353
  0.0000366839
  0.0000261655
  0.0000002277
 -0.0002958789
  0.0000018434
 -0.0000097261
  0.0000349441
  0.0000085273
  0.0000098980
  0.0000033898
  0.0000021701
  0.0000569045
 -0.0000013095
  0.0000041208
  0.0000002354
  0.0000030875
  0.0000027035
  0.0000003482
 -0.0000087173
  0.0000011793
  0.0000009007
 -0.0000009046
 -0.0000009665
 -0.0000015321
  0.0000053939
  0.0000001098
 -0.0000009181
 -0.0000017479
  0.0000005911
  0.0000018333
  0.0000064931
  0.0000034887
  0.0000006821
  0.0000007343
  0.0000012034
  0.0000010710
 -0.0000016399
  0.0000005955
  0.0000080092
 -0.0000022783
 -0.0000039367
 -0.0000015580
 -0.0000014768
  0.0000010721
  0.0000009588
  0.0000005142
  0.0000115021
 -0.0000084354
 -0.0000006650
 -0.0000098291
  0.0000111861
  0.0000169493
 -0.0000005163
 -0.0000024209
  0.0000037003
  0.0000006165
  0.0000002704
  0.0000117271
  0.0000017451
  0.0000081427
  0.0000029057
  0.0000047453
  0.0000010429
  0.0000001641
 -0.0000010109
 -0.0000063044
 -0.0000022032
 -0.0000058486
  0.0000039242
  0.0000007694
 -0.0000033346
 -0.0000006908
  0.0000007645
  0.0000035831
 -0.0000032497
 -0.0000016621
  0.0000004359
 -0.0000031003
 -0.0000057118
  0.0000161505
  0.0000005137
  0.0000032961
  0.0000054711
  0.0000109737
  0.0000050581
 -0.0000052777
 -0.0000044168
 -0.0000067055
  0.0000139342
  0.0000807492
 -0.0001091286
  0.0000162617
 -0.0000058769
 -0.0000037643
  0.0000019765
  0.0000468411
 -0.0000068824
 -0.0000020068
  0.0000005012
 -0.0000886324
 -0.0000031808
 -0.0000156173
 -0.0000009241
 -0.0000002411
  0.0000006382
 -0.0000002762
  0.0000008994
 -0.0000001022
  0.0000011120
  0.0000014341
 -0.0000011498
 -0.0000003215
 -0.0000014600
  0.0000005528
  0.0000007444
 -0.0000001807
 -0.0000006255
 -0.0000017543
  0.0000003792
 -0.0000010840
  0.0000029177
 -0.0000002442
 -0.0000026607
 -0.0000001603
  0.0000003847
  0.0000001395
  0.0000059647
  0.0000081432
 -0.0000005724
  0.0000028306
  0.0000025091
 -0.0000029478
 -0.0000017607
 -0.0000003302
  0.0000019350
 -0.0000021227
 -0.0000006949
 -0.0000017614
 -0.0000011954
  0.0000001217
  0.0000029880
  0.0000066218
 -0.0000005470
 -0.0000001912
 -0.0000006149
 -0.0000006814
  0.0000004044
 -0.0000007434
  0.0000006555
  0.0000009829
  0.0000009384
 -0.0000006229
 -0.0000050778
  0.0000008583
 -0.0000001789
  0.0000000738
  0.0000012489
 -0.0000027455
 -0.0000006657
 -0.0000016648
 -0.0000027933
 -0.0000001783
  0.0000002291
  0.0000035393
 -0.0000029878
 -0.0000049332
  0.0000005053
 -0.0000002368
  0.0000037158
 -0.0000058990
 -0.0000056346
  0.0000010510
 -0.0000003927
  0.0000001989
 -0.0000011098
 -0.0000053172
 -0.0000036386
 -0.0000101111
  0.0000011516
 -0.0000009976
 -0.0000045995
  0.0000187896
 -0.0000009788
  0.0000088412
 -0.0002389578
  0.0000125030
  0.0000114139
 -0.0000001480
  0.0000390254
 -0.0000052596
 -0.0000118641
 -0.0000138707
  0.0000048268
 -0.0000013787
  0.0000008346
 -0.0000004601
 -0.0000008920
 -0.0000027264
  0.0000133741
  0.0000194775
  0.0000047888
 -0.0000046909
  0.0000029311
  0.0000055054
 -0.0000005654
 -0.0000014215
 -0.0000002633
 -0.0000013857
 -0.0000017350
 -0.0000019207
  0.0000009449
 -0.0000007881
 -0.0000020603
 -0.0000009286
 -0.0000006911
 -0.0000010368
 -0.0000009460
 -0.0000013593
 -0.0000001175
 -0.0000016170
 -0.0000016899
  0.0000006366
 -0.0000015439
 -0.0000050506
  0.0000004277
  0.0000019296
  0.0000007666
 -0.0000043056
  0.0000056791
  0.0000086426
 -0.0000018427
 -0.0000004309
  0.0000034076
 -0.0000013218
 -0.0000006945
 -0.0000071955
 -0.0000001293
 -0.0000008764
  0.0000019091
 -0.0000004764
  0.0000004001
 -0.0000022503
  0.0000018992
  0.0000027698
 -0.0000012161
 -0.0000004987
 -0.0000006134
 -0.0000034191
 -0.0000015156
 -0.0000023929
  0.0000008894
 -0.0000001659
  0.0000086714
 -0.0000014053
  0.0000084030
  0.0000066125
  0.0000116969
  0.0000118286
  0.0000000852
  0.0000017031
  0.0000083686
  0.0000085972
  0.0000056677
  0.0000029547
  0.0000083278
  0.0000112035
  0.0000018706
  0.0000063239
  0.0000043071
  0.0000037858
  0.0000007520
  0.0000034319
 -0.0000039805
 -0.0000006892
 -0.0000024424
  0.0000035738
  0.0000045930
  0.0000028067
 -0.0000013530
  0.0000006606
 -0.0000006490
  0.0000441894
 -0.0000010486
  0.0000006025
  0.0000197693
  0.0000104544
  0.0000026941
 -0.0000063489
 -0.0002371066
  0.0000045825
  0.0000248411
 -0.0000022648
 -0.0000112563
  0.0000340282
 -0.0000016455
 -0.0000042848
  0.0000180621
 -0.0000127332
  0.0000063919
  0.0000091434
  0.0000107663
 -0.0000037120
  0.0000006965
 -0.0000194842
 -0.0000028959
 -0.0000018663
 -0.0000006712
 -0.0000003637
  0.0000008431
  0.0000007601
  0.0000021890
  0.0000064685
  0.0000008420
  0.0000013813
  0.0000027023
  0.0000017373
  0.0000001830
  0.0000074621
 -0.0000005820
 -0.0000038097
 -0.0000016096
 -0.0000008916
  0.0000007959
 -0.0000016469
 -0.0000012132
  0.0000000903
 -0.0000019472
  0.0000041178
 -0.0000000523
  0.0000029946
  0.0000071098
 -0.0000037418
 -0.0000002628
 -0.0000039051
  0.0000075051
 -0.0000019467
 -0.0000005635
 -0.0000041766
  0.0000027496
 -0.0000010846
  0.0000020970
  0.0000045284
 -0.0000032411
 -0.0000062479
 -0.0000020305
 -0.0000068735
 -0.0000001771
  0.0000025040
  0.0000013793
 -0.0000001608
  0.0000011500
 -0.0000013674
  0.0000003879
  0.0000008586
  0.0000008522
  0.0000017051
 -0.0000014119
  0.0000063660
  0.0000200581
 -0.0000109584
 -0.0000005281
  0.0000026246
  0.0000034742
  0.0000011088
 -0.0000026828
 -0.0000588775
  0.0000121827
  0.0000869821
 -0.0000017020
 -0.0001049664
  0.0000081158
 -0.0000044962
  0.0000268240
  0.0000403581
  0.0000322033
 -0.0000052964
 -0.0000004015
  0.0000035262
 -0.0001026329
 -0.0000050919
 -0.0000056759
 -0.0000006317
  0.0000002765
  0.0000002828
  0.0000012044
 -0.0000022388
  0.0000020387
 -0.0000005708
  0.0000015701
  0.0000010865
  0.0000000873
  0.0000002789
  0.0000020838
  0.0000009773
  0.0000007108
  0.0000046165
 -0.0000010423
  0.0000044300
  0.0000032098
 -0.0000011001
  0.0000004098
  0.0000036209
  0.0000013065
  0.0000005998
 -0.0000004394
  0.0000037969
  0.0000000930
  0.0000013931
  0.0000027143
  0.0000006376
 -0.0000009938
  0.0000014845
 -0.0000000184
 -0.0000013257
  0.0000073198
  0.0000205151
  0.0000031060
  0.0000015980
 -0.0000034435
 -0.0000010727
  0.0000036762
 -0.0000020082
 -0.0000023901
 -0.0000000844
  0.0000013772
  0.0000035108
  0.0000015536
  0.0000003020
  0.0000012332
  0.0000014594
  0.0000014433
 -0.0000032539
 -0.0000005558
  0.0000022242
  0.0000013510
 -0.0000012287
  0.0000009225
 -0.0000015460
  0.0000096126
 -0.0000015092
 -0.0000016242
  0.0000039890
  0.0000003927
  0.0000035774
  0.0000042723
 -0.0000046504
 -0.0000012573
 -0.0000021925
 -0.0000393131
  0.0000153197
  0.0000028940
  0.0000266010
 -0.0000019158
  0.0000017166
  0.0000084311
 -0.0000292855
  0.0000144012
 -0.0000038758
 -0.0000001951
  0.0000023843
  0.0000129031
  0.0000053188
  0.0000187453
 -0.0000061542
 -0.0000003512
 -0.0000009576
  0.0000039239
  0.0000003479
 -0.0000844910
 -0.0000029139
  0.0000002427
 -0.0000025756
 -0.0000023421
 -0.0000000732
  0.0000012322
  0.0000041697
  0.0000000863
  0.0000064008
 -0.0000004237
  0.0000071370
  0.0000002136
 -0.0000002603
  0.0000012849
  0.0000024836
  0.0000005447
  0.0000044444
  0.0000024755
 -0.0000002009
  0.0000020113
 -0.0000065026
  0.0000030857
  0.0000020699
 -0.0000059532
 -0.0000003172
  0.0000045354
  0.0000024589
 -0.0000028605
  0.0000022809
  0.0000054381
  0.0000010100
  0.0000031749
  0.0000000592
 -0.0000002501
 -0.0000036450
 -0.0000065659
  0.0000020140
 -0.0000029398
  0.0000031988
  0.0000017296
  0.0000017629
  0.0000078916
  0.0000082808
 -0.0000163849
 -0.0000017453
 -0.0000015709
  0.0000004501
  0.0000037176
  0.0000048738
 -0.0000030163
 -0.0000004986
 -0.0000004051
 -0.0000313466
  0.0000181136
  0.0000272851
 -0.0000026229
 -0.0000287949
  0.0000136082
 -0.0000048740
 -0.0000017130
 -0.0000008350
 -0.0000035760
 -0.0000194626
  0.0000179834
 -0.0000085051
 -0.0000116919
  0.0000027231
  0.0000051275
  0.0000024356
 -0.0000791927
 -0.0000055385
  0.0000051897
  0.0000009885
  0.0000002915
  0.0000002819
 -0.0000001361
  0.0000014256
  0.0000008266
  0.0000000510
 -0.0000006877
 -0.0000015155
 -0.0000018063
 -0.0000017414
  0.0000025415
  0.0000006573
  0.0000011123
  0.0000029444
  0.0000019980
  0.0000030060
 -0.0000004392
 -0.0000001987
  0.0000018702
  0.0000012127
 -0.0000006440
  0.0000075332
  0.0000090716
 -0.0000004258
  0.0000030752
  0.0000022313
 -0.0000013650
  0.0000001728
 -0.0000009624
  0.0000020061
  0.0000003275
  0.0000037765
  0.0000008887
  0.0000007919
  0.0000019189
  0.0000044008
  0.0000047269
  0.0000022669
  0.0000008209
  0.0000004125
  0.0000003688
  0.0000007535
  0.0000024755
  0.0000006109
 -0.0000012131
  0.0000009394
 -0.0000013210
 -0.0000034360
 -0.0000067521
  0.0000006394
 -0.0000021325
 -0.0000019872
 -0.0000064164
 -0.0000039897
 -0.0000035542
 -0.0000037162
 -0.0000042403
 -0.0000012380
 -0.0000009197
  0.0000043675
  0.0000043001
  0.0000033066
 -0.0000004572
 -0.0000009841
  0.0000016171
  0.0000051336
 -0.0000029260
 -0.0000051759
  0.0000063032
 -0.0000031012
 -0.0000020636
  0.0000035372
 -0.0000021913
  0.0000199653
  0.0000055456
  0.0000041854
  0.0000045767
  0.0000164381
  0.0000029489
 -0.0000043500
 -0.0002254702
  0.0000085441
  0.0000100252
  0.0000582804
 -0.0000077091
 -0.0000076864
 -0.0000005401
 -0.0000051776
 -0.0000008350
  0.0000000908
 -0.0000018556
  0.0000112265
 -0.0000152054
  0.0000198378
  0.0000299733
  0.0000010088
 -0.0000020190
  0.0000019479
  0.0000032923
 -0.0000140889
 -0.0000002256
  0.0000010539
 -0.0000000390
  0.0000013219
  0.0000053982
  0.0000022349
  0.0000001865
  0.0000009806
 -0.0000000362
 -0.0000002521
  0.0000042111
  0.0000019743
  0.0000043517
 -0.0000012271
  0.0000035793
  0.0000058808
  0.0000017540
 -0.0000006063
 -0.0000001672
  0.0000014901
  0.0000067739
  0.0000039655
  0.0000010542
  0.0000033666
  0.0000033702
  0.0000055207
  0.0000038490
  0.0000012930
  0.0000075907
  0.0000032802
  0.0000043587
 -0.0000010550
 -0.0000005867
  0.0000006460
  0.0000010660
  0.0000003971
 -0.0000063889
  0.0000073129
 -0.0000065438
 -0.0000090005
 -0.0000148720
  0.0000032259
  0.0000051964
  0.0000002482
 -0.0000058119
  0.0000069297
 -0.0000018258
 -0.0000017287
  0.0000051671
 -0.0000014243
  0.0000046725
  0.0000029158
  0.0000035847
  0.0000014665
 -0.0000029420
 -0.0000020216
 -0.0000044617
 -0.0000029478
 -0.0000067185
  0.0000012248
 -0.0000006305
 -0.0000045454
 -0.0000014976
 -0.0000011302
  0.0000006836
  0.0000024002
 -0.0000037438
  0.0000011370
 -0.0000045566
 -0.0000037339
  0.0000102583
 -0.0000100792
 -0.0000033378
 -0.0000087835
 -0.0000054796
 -0.0000049514
 -0.0000044181
  0.0000231962
  0.0000013312
 -0.0000035721
  0.0000231094
 -0.0000054482
 -0.0000211593
  0.0000140934
 -0.0000138068
 -0.0000041377
  0.0000039114
  0.0000089262
  0.0000693308
 -0.0000077645
  0.0000070486
 -0.0000039305
 -0.0000018096
  0.0000086876
 -0.0000392074
 -0.0000026152
 -0.0000267220
 -0.0000002315
 -0.0000002941
  0.0000001767
  0.0000035161
  0.0000023986
  0.0000010753
  0.0000016087
  0.0000047831
 -0.0000007346
  0.0000013775
  0.0000034755
 -0.0000000227
  0.0000038396
  0.0000085328
  0.0000024116
  0.0000007783
  0.0000019318
  0.0000043558
  0.0000035064
  0.0000010793
  0.0000033115
  0.0000045586
  0.0000071383
  0.0000012779
  0.0000036774
 -0.0000000052
 -0.0000002634
 -0.0000004411
  0.0000015016
  0.0000024343
  0.0000015417
  0.0000007177
  0.0000091085
 -0.0000057646
 -0.0000000689
 -0.0000071696
 -0.0000054790
  0.0000134785
  0.0000042755
 -0.0000061200
  0.0000060528
 -0.0000113472
  0.0000046098
  0.0000070591
  0.0000019816
  0.0000003403
  0.0000022750
 -0.0000003541
  0.0000025215
  0.0000060264
 -0.0000004342
 -0.0000018694
  0.0000058098
 -0.0000047905
 -0.0000005905
  0.0000042338
  0.0000012221
  0.0000022884
  0.0000059514
 -0.0000023803
  0.0000054515
  0.0000036701
 -0.0000013250
  0.0000021732
 -0.0000078199
  0.0000060668
 -0.0000025127
  0.0000003327
  0.0000034928
 -0.0000010740
 -0.0000052347
 -0.0000114831
  0.0000114024
  0.0000506273
 -0.0000753497
  0.0000142927
 -0.0000089118
  0.0000085588
  0.0000001696
  0.0000063008
  0.0000731648
 -0.0000038282
  0.0000045435
  0.0000059632
 -0.0000015714
 -0.0000714667
 -0.0000061935
 -0.0000223849
  0.0000021309
 -0.0000002244
  0.0000000977
  0.0000012203
  0.0000019701
 -0.0000003993
  0.0000001325
 -0.0000012043
 -0.0000007485
  0.0000029549
  0.0000043938
  0.0000019795
 -0.0000012706
  0.0000045233
 -0.0000000255
 -0.0000020479
 -0.0000017610
 -0.0000004028
 -0.0000079159
 -0.0000059094
 -0.0000054761
 -0.0000082666
 -0.0000026688
  0.0000121432
 -0.0000055676
  0.0000057357
 -0.0000220757
 -0.0000061399
 -0.0000034371
 -0.0000038957
 -0.0000191461
 -0.0000041105
 -0.0000062230
 -0.0000005925
 -0.0000002220
 -0.0000028114
  0.0000000926
  0.0000036531
  0.0000010628
 -0.0000039874
 -0.0000023193
 -0.0000030396
  0.0000009349
 -0.0000014001
  0.0000014684
 -0.0000026527
  0.0000291366
 -0.0000030462
 -0.0000345752
 -0.0000163420
 -0.0000012085
 -0.0000004475
  0.0000008888
  0.0000024061
 -0.0000078530
  0.0000057032
  0.0000091887
  0.0000143714
  0.0000540049
  0.0000039486
 -0.0000009672
  0.0000003605
  0.0000019058
  0.0000119425
  0.0000018238
  0.0000150687
 -0.0000028955
  0.0000005264
  0.0000027450
 -0.0000140112
 -0.0000115061
  0.0000146037
 -0.0000045458
 -0.0000260866
 -0.0000017694
 -0.0000018302
  0.0000043163
 -0.0000533938
 -0.0000013148
  0.0000429211
 -0.0000008862
 -0.0000004415
 -0.0000007194
 -0.0000009107
  0.0000011874
 -0.0000016113
 -0.0000005611
  0.0000002622
  0.0000000557
  0.0000000169
  0.0000000125
  0.0000018420
 -0.0000001147
  0.0000020159
 -0.0000007686
 -0.0000005633
  0.0000004900
  0.0000022024
  0.0000003683
 -0.0000006047
  0.0000072823
  0.0000094966
 -0.0000007977
  0.0000028002
  0.0000023365
 -0.0000016194
 -0.0000002344
 -0.0000014275
  0.0000017379
 -0.0000003382
  0.0000036841
 -0.0000001998
  0.0000005468
 -0.0000006575
  0.0000014624
  0.0000051092
  0.0000018707
 -0.0000006276
  0.0000022918
  0.0000001306
 -0.0000005634
  0.0000004096
  0.0000021602
  0.0000001925
 -0.0000017711
 -0.0000049832
  0.0000003297
 -0.0000008808
  0.0000025219
  0.0000048896
 -0.0000136680
 -0.0000100471
 -0.0000144639
 -0.0000127734
  0.0000046109
 -0.0000075782
 -0.0000145289
 -0.0000050200
  0.0000031558
  0.0000035297
 -0.0000010943
 -0.0000029589
 -0.0000002744
  0.0000001434
  0.0000018060
 -0.0000042914
 -0.0000037268
  0.0000009271
  0.0000011142
  0.0000004464
 -0.0000003139
 -0.0000033545
 -0.0000038186
 -0.0000071377
  0.0000030333
  0.0000037614
  0.0000003529
 -0.0000051854
  0.0000010393
  0.0000275777
  0.0000023738
  0.0000526884
 -0.0000047522
  0.0000329157
  0.0000254991
  0.0000010193
  0.0000017202
  0.0000091881
  0.0000051610
  0.0000026564
  0.0000127025
  0.0000181106
  0.0000123376
  0.0000053191
 -0.0000015754
  0.0000031567
  0.0000127670
  0.0000098555
  0.0000015300
 -0.0000027904
 -0.0000018559
  0.0000010036
 -0.0000016097
 -0.0000000969
  0.0000029370
  0.0000036781
  0.0000038127
 -0.0000013769
 -0.0000023331
 -0.0000010012
 -0.0000058841
 -0.0000066327
 -0.0000103580
 -0.0000064426
 -0.0000000023
 -0.0000097797
 -0.0000065255
 -0.0000005582
  0.0000128636
 -0.0000108350
 -0.0000063302
 -0.0000000136
  0.0000164210
 -0.0000125653
 -0.0000063131
  0.0000020074
 -0.0000005068
  0.0000008021
 -0.0000062446
 -0.0000016665
  0.0000001174
 -0.0000006999
  0.0000015324
  0.0000001888
 -0.0000004426
 -0.0000016535
  0.0000157270
  0.0000022030
 -0.0000323850
 -0.0000029905
 -0.0000010743
 -0.0000024449
 -0.0000006716
  0.0000021555
 -0.0000066428
  0.0000037446
  0.0000044173
  0.0000047722
  0.0000405147
 -0.0000065878
 -0.0000001512
 -0.0000089992
  0.0000168309
 -0.0000019603
 -0.0000007077
  0.0000023797
 -0.0000108383
 -0.0000065607
  0.0000099350
 -0.0000063243
 -0.0000273979
 -0.0000000482
 -0.0000002378
  0.0000040928
 -0.0000537832
 -0.0000012594
  0.0000294501
  0.0000019581
  0.0000008478
  0.0000008211
  0.0000025087
  0.0000010369
  0.0000017825
  0.0000012602
  0.0000026753
  0.0000009505
  0.0000027892
  0.0000008960
  0.0000055152
 -0.0000005751
  0.0000003783
  0.0000025623
  0.0000040440
  0.0000008510
  0.0000045302
  0.0000081689
  0.0000042708
  0.0000026640
  0.0000029896
  0.0000013382
  0.0000016247
  0.0000021355
  0.0000052834
  0.0000033879
  0.0000008591
  0.0000025268
  0.0000023313
  0.0000024970
  0.0000054184
  0.0000081302
  0.0000007713
  0.0000049621
 -0.0000010733
  0.0000018414
  0.0000003242
  0.0000013429
  0.0000015450
 -0.0000088988
  0.0000052077
 -0.0000088143
 -0.0000099633
 -0.0000072704
 -0.0000016538
 -0.0000011998
 -0.0000042219
  0.0000109391
  0.0000027557
 -0.0000047842
 -0.0000050813
  0.0000042554
 -0.0000056086
  0.0000093661
  0.0000052307
  0.0000068799
  0.0000044833
  0.0000005503
  0.0000042145
  0.0000017026
  0.0000061924
 -0.0000035228
  0.0000049443
  0.0000071028
 -0.0000014755
 -0.0000005794
  0.0000083405
  0.0000029144
  0.0000030330
  0.0000069316
  0.0000001146
  0.0000062504
 -0.0000083594
  0.0000065314
  0.0000216997
 -0.0000022323
 -0.0000079412
  0.0000015414
  0.0000686828
  0.0000023806
  0.0000024049
  0.0000271056
  0.0000125373
 -0.0002862721
  0.0000017638
  0.0000132452
  0.0000337547
 -0.0000011584
  0.0000152298
  0.0000084652
  0.0000152793
 -0.0000001922
  0.0000021680
  0.0000030256
  0.0000188090
  0.0000057594
 -0.0000003009
 -0.0000004440
  0.0000023229
  0.0000013941
 -0.0000009220
 -0.0000011562
  0.0000011397
  0.0000029259
 -0.0000002163
  0.0000057653
  0.0000076713
  0.0000041597
 -0.0000005987
 -0.0000011717
  0.0000045336
 -0.0000005855
 -0.0000005557
  0.0000033510
  0.0000059301
  0.0000007938
  0.0000016946
 -0.0000001432
  0.0000014806
  0.0000008654
  0.0000022260
  0.0000017591
 -0.0000034254
  0.0000034908
  0.0000013622
  0.0000188794
 -0.0000004654
 -0.0000046988
  0.0000073084
  0.0000063499
 -0.0000030463
  0.0000063766
  0.0000047266
  0.0000005516
  0.0000024507
  0.0000004119
  0.0000037538
  0.0000005241
  0.0000013175
  0.0000006073
 -0.0000014923
 -0.0000025590
  0.0000008032
 -0.0000077409
  0.0000047382
 -0.0000002043
  0.0000021743
 -0.0000001152
 -0.0000021211
  0.0000042647
  0.0000018180
 -0.0000007588
 -0.0000071562
  0.0000071157
  0.0000261535
 -0.0000062495
  0.0000038477
  0.0000034063
  0.0000041780
  0.0000016056
  0.0000005797
 -0.0000030673
 -0.0000469322
  0.0000160367
  0.0000964437
 -0.0000019794
  0.0000030411
 -0.0001088776
  0.0000097323
 -0.0000064525
 -0.0000012676
  0.0000007698
  0.0000115331
  0.0000291764
  0.0000331605
 -0.0000074324
 -0.0000029613
 -0.0000023959
  0.0000003645
 -0.0001060638
 -0.0000023740
 -0.0000057769
 -0.0000004685
  0.0000002299
  0.0000016085
  0.0000019747
  0.0000000534
  0.0000007267
 -0.0000030220
  0.0000034218
  0.0000036030
  0.0000011779
 -0.0000006438
  0.0000017343
 -0.0000013674
 -0.0000019576
 -0.0000035010
 -0.0000065544
 -0.0000054719
 -0.0000059791
 -0.0000007502
 -0.0000063636
 -0.0000064029
 -0.0000000475
  0.0000097835
  0.0000151972
 -0.0000055662
 -0.0000010805
  0.0000068165
 -0.0000009715
 -0.0000068343
  0.0000002868
  0.0000003678
 -0.0000000751
  0.0000011153
 -0.0000010183
 -0.0000034686
 -0.0000008312
  0.0000003893
 -0.0000000128
  0.0000008826
 -0.0000024399
 -0.0000003782
  0.0000109216
  0.0000019380
 -0.0000314168
 -0.0000012537
 -0.0000001921
  0.0000016575
 -0.0000009937
  0.0000070644
 -0.0000065694
  0.0000015138
  0.0000018365
  0.0000052492
  0.0000346936
 -0.0000078772
 -0.0000001445
  0.0000028996
  0.0000100770
 -0.0000078866
  0.0000184111
 -0.0000047659
  0.0000000560
  0.0000023267
 -0.0000117160
 -0.0000068637
  0.0000092941
 -0.0000059209
 -0.0000247815
 -0.0000002493
 -0.0000003575
  0.0000053591
 -0.0000524419
 -0.0000029841
  0.0000255685
 -0.0000013704
  0.0000006528
  0.0000013120
 -0.0000008767
  0.0000005612
  0.0000023556
 -0.0000002610
  0.0000024843
  0.0000004708
  0.0000000011
 -0.0000004815
  0.0000042704
  0.0000010627
 -0.0000014032
  0.0000037085
  0.0000048434
  0.0000016294
  0.0000039485
  0.0000017437
  0.0000037246
  0.0000037786
  0.0000037772
  0.0000022099
  0.0000055875
 -0.0000013857
  0.0000005193
  0.0000015339
 -0.0000022017
  0.0000044607
  0.0000038131
  0.0000065948
  0.0000046206
 -0.0000078318
 -0.0000022494
  0.0000035065
 -0.0000070109
  0.0000008359
  0.0000039164
  0.0000046402
 -0.0000061000
 -0.0000012214
  0.0000062074
  0.0000044782
 -0.0000017947
 -0.0000005687
 -0.0000033013
  0.0000010961
  0.0000025087
  0.0000019827
 -0.0000038852
 -0.0000002526
 -0.0000010611
  0.0000015106
 -0.0000000082
  0.0000032973
  0.0000075688
  0.0000043808
 -0.0000205708
 -0.0000008189
  0.0000009543
  0.0000040013
 -0.0000005238
  0.0000073600
 -0.0000063187
  0.0000020190
  0.0000019539
 -0.0000099193
  0.0000222443
  0.0000044856
 -0.0000040446
 -0.0000032721
 -0.0000000438
  0.0000086690
 -0.0000203695
  0.0000166171
 -0.0000040130
  0.0000025584
  0.0000002420
 -0.0000082854
 -0.0000116994
  0.0000108619
 -0.0000062079
 -0.0000101704
 -0.0000019967
  0.0000002745
  0.0000032965
 -0.0000586148
 -0.0000041871
  0.0000143165
 -0.0000015965
  0.0000000794
  0.0000015813
 -0.0000005383
  0.0000013919
  0.0000034817
 -0.0000001325
  0.0000015890
  0.0000043509
  0.0000002997
  0.0000053076
  0.0000012858
 -0.0000002719
  0.0000031000
  0.0000078229
  0.0000004333
  0.0000013144
  0.0000014970
  0.0000024301
 -0.0000013535
  0.0000047532
 -0.0000010084
 -0.0000016808
 -0.0000071810
  0.0000280738
  0.0000049137
 -0.0000028733
 -0.0000042766
 -0.0000012735
 -0.0000018600
 -0.0000000682
 -0.0000027019
 -0.0000004462
  0.0000033098
  0.0000005757
  0.0000046125
  0.0000005472
  0.0000007122
 -0.0000029461
 -0.0000058064
  0.0000026244
 -0.0000024359
  0.0000060949
  0.0000027783
  0.0000024450
 -0.0000019869
  0.0000073395
  0.0000078774
 -0.0000077557
  0.0000005707
  0.0000008542
  0.0000041851
  0.0000040236
 -0.0000021694
 -0.0000033528
 -0.0000040090
 -0.0000568299
  0.0000119967
  0.0000407039
 -0.0000039268
  0.0000058786
 -0.0000565543
  0.0000149981
 -0.0000046401
  0.0000031983
  0.0000020569
  0.0000214456
  0.0000227001
  0.0000204481
 -0.0000056460
 -0.0000008339
  0.0000030303
  0.0000058090
 -0.0000010133
 -0.0000918626
 -0.0000049743
 -0.0000045560
  0.0000003784
 -0.0000005226
  0.0000011113
 -0.0000000168
  0.0000028756
  0.0000019588
  0.0000011534
  0.0000019187
  0.0000048203
  0.0000070464
  0.0000040237
  0.0000009218
  0.0000045558
  0.0000006465
  0.0000002882
  0.0000002480
  0.0000008867
  0.0000008694
  0.0000015479
  0.0000014955
 -0.0000016329
  0.0000035097
 -0.0000000261
 -0.0000020021
 -0.0000055943
  0.0000284419
  0.0000068604
  0.0000002998
  0.0000015517
  0.0000001886
 -0.0000044653
  0.0000041174
 -0.0000011220
 -0.0000005079
 -0.0000007616
  0.0000036438
  0.0000006340
  0.0000006787
 -0.0000041966
 -0.0000059169
  0.0000019450
 -0.0000015121
 -0.0000011412
  0.0000009956
 -0.0000005552
 -0.0000002861
  0.0000026712
 -0.0000008849
 -0.0000047079
  0.0000086073
  0.0000095166
 -0.0000056416
  0.0000035046
 -0.0000000159
  0.0000048600
  0.0000051643
 -0.0000017231
 -0.0000031602
 -0.0000033486
 -0.0000564357
  0.0000119687
  0.0000028910
  0.0000369887
 -0.0000024380
  0.0000014854
  0.0000070526
 -0.0000511589
  0.0000152302
 -0.0000041996
 -0.0000015310
  0.0000012572
  0.0000227138
  0.0000249892
  0.0000188084
 -0.0000072659
  0.0000004577
  0.0000039289
  0.0000060239
 -0.0000000869
 -0.0000905249
 -0.0000029404
 -0.0000042065
  0.0000002075
 -0.0000011266
  0.0000016821
  0.0000009075
  0.0000003616
  0.0000020614
 -0.0000002005
  0.0000035535
 -0.0000014855
 -0.0000010168
  0.0000013687
  0.0000017205
 -0.0000003524
  0.0000036658
  0.0000075837
  0.0000017643
  0.0000016779
 -0.0000007536
  0.0000008283
  0.0000027159
  0.0000001372
 -0.0000000739
  0.0000004266
  0.0000009071
  0.0000035260
  0.0000071087
 -0.0000002591
  0.0000013850
  0.0000009724
 -0.0000019273
 -0.0000015199
 -0.0000007102
  0.0000003769
  0.0000007633
 -0.0000052462
  0.0000047995
  0.0000013730
 -0.0000031212
 -0.0000046203
  0.0000161855
 -0.0000008138
 -0.0000142907
  0.0000110660
 -0.0000023908
  0.0000129377
 -0.0000156916
  0.0000014431
 -0.0000071761
  0.0000088627
  0.0000041001
 -0.0000010229
 -0.0000042223
 -0.0000032255
  0.0000006486
  0.0000006756
  0.0000003598
 -0.0000046936
  0.0000005500
  0.0000051023
  0.0000004853
 -0.0000004914
  0.0000009648
  0.0000026495
 -0.0000019979
 -0.0000008401
 -0.0000011124
  0.0000033726
 -0.0000035801
  0.0000003267
  0.0000152382
 -0.0000192783
  0.0000037564
 -0.0000031469
 -0.0000092818
 -0.0000052321
  0.0000516464
  0.0000037082
 -0.0001727331
  0.0000330356
 -0.0000106598
 -0.0000063892
  0.0000056900
  0.0000123946
  0.0000076406
 -0.0000050409
  0.0000004047
  0.0000026609
 -0.0000090709
 -0.0000252429
 -0.0000017595
  0.0000005848
  0.0000012844
 -0.0000006627
  0.0000002186
  0.0000014515
  0.0000003487
  0.0000016669
  0.0000014609
  0.0000005604
  0.0000045990
 -0.0000021000
  0.0000049919
  0.0000037787
  0.0000004830
  0.0000035266
  0.0000012919
  0.0000050351
 -0.0000009473
 -0.0000002797
  0.0000008835
 -0.0000026553
  0.0000060258
 -0.0000035592
  0.0000036911
  0.0000048516
 -0.0000066955
 -0.0000066994
 -0.0000036917
 -0.0000061606
 -0.0000000882
  0.0000001970
 -0.0000030302
 -0.0000071614
  0.0000032097
  0.0000096649
 -0.0000029977
 -0.0000005904
 -0.0000017397
 -0.0000016216
  0.0000016866
 -0.0000041383
 -0.0000044218
 -0.0000009476
 -0.0000016059
  0.0000036073
  0.0000019756
 -0.0000035527
  0.0000108762
  0.0000039115
 -0.0000254731
 -0.0000008640
  0.0000003604
  0.0000017202
 -0.0000006043
  0.0000069466
 -0.0000063873
  0.0000017870
  0.0000021321
 -0.0000064218
  0.0000234321
  0.0000034689
 -0.0000051228
 -0.0000009289
  0.0000008290
  0.0000089959
 -0.0000157051
  0.0000173057
 -0.0000033678
  0.0000001647
  0.0000003860
 -0.0000164398
 -0.0000109284
  0.0000100697
 -0.0000074062
 -0.0000147362
 -0.0000014518
  0.0000001014
  0.0000039361
 -0.0000563385
 -0.0000069635
  0.0000170942
  0.0000004970
  0.0000004065
  0.0000024992
  0.0000035220
  0.0000015440
  0.0000020785
  0.0000005657
  0.0000055898
  0.0000062960
  0.0000007980
  0.0000027987
  0.0000054833
  0.0000040799
  0.0000014456
  0.0000085164
  0.0000017104
  0.0000022546
  0.0000002150
  0.0000018788
  0.0000026623
  0.0000007314
  0.0000043888
 -0.0000032601
 -0.0000009289
  0.0000037933
  0.0000128463
 -0.0000092868
 -0.0000025159
  0.0000184507
  0.0000010104
  0.0000007593
 -0.0000008141
  0.0000178537
 -0.0000009961
  0.0000052360
 -0.0000026646
  0.0000041895
  0.0000051465
 -0.0000010379
  0.0000007919
 -0.0000016152
 -0.0000021369
 -0.0000013505
 -0.0000050975
  0.0000042960
  0.0000013863
 -0.0000028674
 -0.0000009594
 -0.0000001074
  0.0000040068
 -0.0000038656
 -0.0000018100
  0.0000005850
 -0.0000027104
 -0.0000021469
  0.0000284978
 -0.0000035804
 -0.0000009325
  0.0000027654
  0.0000093891
  0.0000102063
 -0.0000024744
 -0.0000491187
  0.0000145225
  0.0001026668
 -0.0001109144
  0.0000114279
 -0.0000043657
  0.0000176254
  0.0000391033
  0.0000451829
 -0.0000053701
  0.0000003733
  0.0000039150
 -0.0001075293
 -0.0000046223
 -0.0000061992
 -0.0000012763
 -0.0000010416
  0.0000016685
 -0.0000006225
  0.0000013287
  0.0000000757
 -0.0000028600
  0.0000036962
  0.0000003810
  0.0000032055
 -0.0000002487
 -0.0000032034
 -0.0000121404
 -0.0000073804
 -0.0000055609
 -0.0000096124
 -0.0000074372
 -0.0000197803
 -0.0000073814
 -0.0000084152
  0.0000139107
 -0.0000155449
 -0.0000065082
 -0.0000058428
 -0.0000058230
 -0.0000130027
 -0.0000071256
  0.0000022832
  0.0000005165
 -0.0000004297
 -0.0000018178
 -0.0000020068
 -0.0000037094
 -0.0000013616
 -0.0000006457
 -0.0000003810
  0.0000003552
  0.0000035290
 -0.0000005485
  0.0000174324
 -0.0000015233
 -0.0000308822
 -0.0000095944
 -0.0000005691
 -0.0000017907
 -0.0000006918
  0.0000097126
 -0.0000082523
  0.0000046419
  0.0000054333
  0.0000096566
  0.0000432122
 -0.0000094735
 -0.0000001792
  0.0000020032
  0.0000063625
 -0.0000003626
  0.0000141660
 -0.0000011730
 -0.0000004030
  0.0000024968
 -0.0000114239
 -0.0000086612
  0.0000099366
 -0.0000061211
 -0.0000253630
 -0.0000025310
 -0.0000003158
  0.0000044530
 -0.0000561831
 -0.0000020552
  0.0000321587
 -0.0000007289
  0.0000004914
  0.0000020390
  0.0000016552
  0.0000018605
  0.0000004135
 -0.0000005338
 -0.0000029760
  0.0000041792
  0.0000039617
  0.0000003112
  0.0000051635
 -0.0000009539
 -0.0000003561
 -0.0000002786
 -0.0000027676
 -0.0000066178
 -0.0000049571
 -0.0000131764
 -0.0000053571
 -0.0000031624
 -0.0000174659
 -0.0000050436
 -0.0000040908
  0.0000136825
 -0.0000089796
 -0.0000042599
 -0.0000009431
  0.0000178603
 -0.0000086753
 -0.0000047000
 -0.0000011817
 -0.0000029531
  0.0000013932
  0.0000027912
  0.0000029007
 -0.0000038886
 -0.0000017788
 -0.0000005551
  0.0000010351
  0.0000007027
  0.0000044262
  0.0000128080
 -0.0000002613
 -0.0000298235
 -0.0000078719
  0.0000000261
  0.0000011837
  0.0000011076
  0.0000070203
 -0.0000092126
  0.0000038685
  0.0000044272
  0.0000107776
  0.0000418488
  0.0000058013
 -0.0000063579
  0.0000000732
  0.0000029469
  0.0000082737
  0.0000003213
  0.0000159216
 -0.0000032435
  0.0000030088
  0.0000023310
 -0.0000090307
 -0.0000071512
  0.0000138025
 -0.0000059203
 -0.0000257669
 -0.0000045931
  0.0000021022
  0.0000054444
 -0.0000541088
 -0.0000033681
  0.0000315377
 -0.0000036658
 -0.0000041989
 -0.0000011360
 -0.0000009222
 -0.0000006854
 -0.0000047181
 -0.0000044195
 -0.0000025785
 -0.0000015101
  0.0000008925
 -0.0000047285
 -0.0000010038
  0.0000003636
 -0.0000028806
 -0.0000038682
  0.0000005092
  0.0000023667
  0.0000009472
 -0.0000015198
 -0.0000020640
  0.0000017881
 -0.0000002629
  0.0000002624
 -0.0000011165
  0.0000039113
 -0.0000015813
  0.0000018149
  0.0000017064
 -0.0000030391
  0.0000006989
  0.0000034778
 -0.0000016699
 -0.0000013683
 -0.0000015225
 -0.0000047574
 -0.0000021818
 -0.0000013681
 -0.0000041988
  0.0000004935
  0.0000013803
  0.0000011427
 -0.0000003906
 -0.0000039654
  0.0000041914
  0.0000005713
  0.0000008362
  0.0000058470
 -0.0000013376
  0.0000001907
 -0.0000008600
 -0.0000012464
 -0.0000000187
  0.0000009972
  0.0000002170
 -0.0000003982
  0.0000000626
 -0.0000036407
 -0.0000025572
 -0.0000027513
 -0.0000009633
 -0.0000088374
 -0.0000020758
 -0.0000034044
 -0.0000079651
 -0.0000067676
 -0.0000037051
 -0.0000035742
 -0.0000053264
 -0.0000008776
 -0.0000051424
 -0.0000045631
  0.0000190698
 -0.0000015087
  0.0000163550
  0.0000139059
  0.0000126617
 -0.0000071104
  0.0000474809
 -0.0000041302
 -0.0000118993
  0.0000263811
  0.0000808891
 -0.0000050984
 -0.0000044706
  0.0000617672
  0.0000037585
  0.0000316769
  0.0000002025
  0.0000174803
  0.0000050935
  0.0000002528
  0.0000177471
  0.0000091067
 -0.0000060295
 -0.0000029413
  0.0000060272
 -0.0000026568
 -0.0000011951
 -0.0000011147
 -0.0000010886
  0.0000064520
  0.0000035967
 -0.0000011450
  0.0000049656
 -0.0000002206
  0.0000000288
  0.0000092180
 -0.0000047063
 -0.0000000909
  0.0000074813
 -0.0000086867
 -0.0000041811
 -0.0000047884
 -0.0000081865
  0.0000016549
  0.0000024937
 -0.0000042098
 -0.0000093864
  0.0000081921
  0.0000057255
 -0.0000042650
  0.0000013179
  0.0000002986
 -0.0000011569
  0.0000005485
 -0.0000022774
 -0.0000087950
 -0.0000025741
 -0.0000025626
  0.0000007837
  0.0000008580
  0.0000024678
  0.0000101071
  0.0000063986
 -0.0000258771
 -0.0000011107
 -0.0000013045
 -0.0000013706
  0.0000023142
  0.0000044742
 -0.0000042787
  0.0000005340
  0.0000008492
 -0.0000079321
  0.0000247643
  0.0000119065
 -0.0000011658
 -0.0000303682
  0.0000148165
 -0.0000054539
 -0.0000036666
  0.0000010580
 -0.0000154725
 -0.0000123235
  0.0000153199
 -0.0000074382
 -0.0000232697
  0.0000012417
  0.0000031884
 -0.0000617012
 -0.0000028909
  0.0000164230
 -0.0000004985
 -0.0000016792
  0.0000017311
  0.0000006886
  0.0000023257
  0.0000018419
 -0.0000003693
 -0.0000005605
  0.0000010276
  0.0000017567
  0.0000039605
 -0.0000000081
 -0.0000009171
  0.0000043903
  0.0000034992
  0.0000004053
 -0.0000011821
  0.0000028306
  0.0000025097
  0.0000013223
  0.0000061886
 -0.0000000681
  0.0000009046
  0.0000001625
  0.0000015915
  0.0000017930
 -0.0000021584
  0.0000181432
 -0.0000043665
 -0.0000039026
 -0.0000013826
  0.0000216606
  0.0000145955
 -0.0000063312
 -0.0000039628
  0.0000032371
  0.0000042275
 -0.0000063926
  0.0000124884
 -0.0000003590
  0.0000115724
  0.0000008988
  0.0000015306
  0.0000001081
  0.0000008880
  0.0000008203
 -0.0000033258
  0.0000016706
 -0.0000072678
 -0.0000018371
 -0.0000023521
  0.0000028185
  0.0000009681
  0.0000014270
 -0.0000051360
  0.0000064872
  0.0000235992
 -0.0000049336
  0.0000027719
  0.0000043743
  0.0000028358
  0.0000002622
 -0.0000019115
  0.0000017114
 -0.0000043923
 -0.0000328313
  0.0000147464
 -0.0000000924
  0.0000936602
 -0.0000060069
 -0.0000001993
  0.0000031792
 -0.0001090118
  0.0000099258
 -0.0000047745
  0.0000054330
  0.0000032756
  0.0000034967
  0.0000150219
  0.0000311041
 -0.0000065732
 -0.0000013254
  0.0000028564
  0.0000044111
 -0.0000000048
 -0.0001072963
 -0.0000023781
 -0.0000069632
 -0.0000031861
  0.0000001461
 -0.0000005264
  0.0000024575
 -0.0000005842
  0.0000048099
  0.0000000757
 -0.0000009083
  0.0000056898
  0.0000017068
  0.0000066883
  0.0000020432
 -0.0000008781
 -0.0000002134
  0.0000010685
 -0.0000005345
  0.0000027144
  0.0000005440
 -0.0000009142
  0.0000127636
  0.0000074304
  0.0000042541
  0.0000143742
 -0.0000084769
 -0.0000012816
  0.0000017251
  0.0000147266
 -0.0000003964
  0.0000005898
  0.0000021757
  0.0000049436
  0.0000026965
  0.0000041137
  0.0000007768
 -0.0000019624
 -0.0000028582
  0.0000025364
 -0.0000071277
  0.0000051234
  0.0000024739
 -0.0000012250
 -0.0000004566
  0.0000040975
  0.0000008328
  0.0000070318
  0.0000064894
 -0.0000086393
 -0.0000066507
 -0.0000023751
  0.0000007531
  0.0000037964
  0.0000015837
 -0.0000023531
 -0.0000015704
 -0.0000487598
  0.0000160484
  0.0000402574
 -0.0000024655
 -0.0000446634
  0.0000140543
 -0.0000054452
  0.0000049469
  0.0000047673
 -0.0000034004
  0.0000220041
 -0.0000084559
 -0.0000111249
  0.0000029825
  0.0000018105
 -0.0000874592
 -0.0000041748
  0.0000005527
 -0.0000008088
  0.0000015909
  0.0000021011
 -0.0000007017
  0.0000008735
  0.0000071699
  0.0000010488
  0.0000004898
  0.0000043675
  0.0000005077
 -0.0000004445
  0.0000059408
  0.0000004297
  0.0000007650
  0.0000006706
  0.0000020883
  0.0000016110
 -0.0000017602
  0.0000030863
 -0.0000009361
 -0.0000022189
 -0.0000042676
  0.0000222241
  0.0000062074
  0.0000023648
 -0.0000047134
 -0.0000011825
 -0.0000047987
  0.0000058338
 -0.0000026774
 -0.0000005771
 -0.0000010944
  0.0000016243
  0.0000009064
  0.0000000300
  0.0000022083
  0.0000008315
 -0.0000013888
  0.0000008549
 -0.0000077888
 -0.0000009281
 -0.0000016320
  0.0000029437
  0.0000015894
  0.0000014700
 -0.0000022373
  0.0000067563
  0.0000116684
 -0.0000109106
 -0.0000016637
  0.0000015227
  0.0000036321
  0.0000011030
 -0.0000031788
 -0.0000042249
 -0.0000039507
 -0.0000581796
  0.0000110952
  0.0000519812
 -0.0000048129
  0.0000049388
 -0.0000750986
  0.0000117177
 -0.0000048805
  0.0000044297
  0.0000017235
  0.0000242940
  0.0000314554
  0.0000252557
 -0.0000053181
 -0.0000008233
  0.0000026668
  0.0000049595
 -0.0000002233
 -0.0000965922
 -0.0000075492
 -0.0000063139
 -0.0000005157
  0.0000001885
 -0.0000004406
 -0.0000008570
 -0.0000033544
 -0.0000015252
 -0.0000025794
  0.0000021697
 -0.0000029889
 -0.0000023663
 -0.0000006225
  0.0000007601
 -0.0000019167
  0.0000015682
  0.0000073594
  0.0000027496
 -0.0000000390
  0.0000013985
  0.0000003044
 -0.0000010956
 -0.0000022324
  0.0000021681
  0.0000030173
 -0.0000022462
  0.0000011172
  0.0000003197
 -0.0000014035
  0.0000021471
  0.0000051212
 -0.0000026359
  0.0000027229
  0.0000016828
 -0.0000045396
 -0.0000035767
 -0.0000024611
 -0.0000010747
  0.0000043407
  0.0000020269
  0.0000049392
  0.0000027430
 -0.0000025157
 -0.0000053070
  0.0000014087
  0.0000016988
  0.0000010434
  0.0000030193
  0.0000033494
  0.0000017076
  0.0000034418
  0.0000061443
  0.0000010224
  0.0000034761
 -0.0000019266
 -0.0000038249
  0.0000035408
  0.0000012338
 -0.0000002307
 -0.0000046173
 -0.0000058713
  0.0000027574
  0.0000009504
 -0.0000007592
 -0.0000009087
 -0.0000039730
  0.0000004805
 -0.0000056947
  0.0000021794
 -0.0000020823
 -0.0000030220
  0.0000080941
  0.0000002492
 -0.0000117621
 -0.0002264294
  0.0000057864
  0.0000099846
  0.0000031222
  0.0000445158
 -0.0000028378
 -0.0000101589
 -0.0000033391
 -0.0000131157
 -0.0000039813
  0.0000032284
  0.0000014243
  0.0000010016
  0.0000013202
 -0.0000076054
  0.0000012715
  0.0000434347
  0.0000316901
 -0.0000116683
 -0.0000030139
  0.0000034040
  0.0000034105
 -0.0000105013
 -0.0000005592
 -0.0000003368
  0.0000001182
  0.0000014160
  0.0000028950
  0.0000005269
  0.0000003810
  0.0000009179
  0.0000025332
  0.0000038977
 -0.0000001805
  0.0000042913
  0.0000014228
 -0.0000000686
  0.0000030645
  0.0000067416
 -0.0000003118
  0.0000015799
  0.0000017101
  0.0000026195
  0.0000018369
 -0.0000044612
  0.0000048080
  0.0000015103
  0.0000205614
 -0.0000096123
 -0.0000047340
  0.0000194155
  0.0000048628
 -0.0000056934
 -0.0000020187
  0.0000162559
 -0.0000010037
  0.0000025295
 -0.0000030738
  0.0000005008
  0.0000012231
  0.0000015702
 -0.0000009640
 -0.0000037730
  0.0000019649
 -0.0000069477
  0.0000033412
 -0.0000036707
  0.0000017848
  0.0000010691
  0.0000020866
 -0.0000082114
  0.0000062718
  0.0000276136
 -0.0000125137
  0.0000022385
  0.0000036481
  0.0000033676
  0.0000009685
 -0.0000035538
 -0.0000024577
 -0.0000027998
 -0.0000603142
  0.0000145458
  0.0000620167
 -0.0000032515
 -0.0000003416
  0.0000042309
 -0.0001007912
  0.0000085124
 -0.0000069023
  0.0000025543
 -0.0000003072
  0.0000176477
  0.0000405848
  0.0000253020
 -0.0000081936
 -0.0000033654
  0.0000021694
  0.0000052922
  0.0000004495
 -0.0001039794
 -0.0000035076
 -0.0000063831
  0.0000051668
 -0.0000004370
  0.0000017294
  0.0000010204
  0.0000004703
  0.0000036517
  0.0000034515
  0.0000035522
  0.0000015585
  0.0000049644
  0.0000066250
  0.0000046355
  0.0000014962
 -0.0000005812
  0.0000067478
  0.0000005284
  0.0000028268
  0.0000052695
  0.0000022604
  0.0000081792
  0.0000031472
  0.0000035114
  0.0000007506
  0.0000015407
  0.0000021521
  0.0000008843
  0.0000033657
  0.0000109913
 -0.0000007200
  0.0000029376
 -0.0000070279
  0.0000038932
  0.0000153614
  0.0000049799
 -0.0000131879
  0.0000085961
 -0.0000113663
  0.0000053964
  0.0000024899
  0.0000035864
  0.0000002661
  0.0000038737
 -0.0000013731
  0.0000030407
  0.0000055983
 -0.0000035478
 -0.0000033294
 -0.0000012923
 -0.0000066411
  0.0000007020
  0.0000036197
  0.0000024040
  0.0000000971
  0.0000024773
 -0.0000005247
 -0.0000009735
  0.0000019229
  0.0000019247
 -0.0000011559
 -0.0000065789
  0.0000085961
  0.0000153061
 -0.0000007438
  0.0000026469
  0.0000039173
  0.0000093579
  0.0000102990
 -0.0000015620
 -0.0000041372
 -0.0000061479
  0.0000139459
  0.0000757568
 -0.0000049156
 -0.0001139537
  0.0000143288
 -0.0000067649
  0.0000023392
 -0.0000024235
  0.0000029461
  0.0000487591
 -0.0000071907
 -0.0000033468
  0.0000004244
 -0.0000905325
 -0.0000021818
 -0.0000153118
  0.0000005298
 -0.0000000122
 -0.0000008813
  0.0000026695
  0.0000046759
  0.0000033396
  0.0000001071
  0.0000038429
 -0.0000007000
 -0.0000015506
  0.0000002713
  0.0000045435
 -0.0000006702
  0.0000083318
  0.0000038787
 -0.0000099498
 -0.0000030370
 -0.0000008291
 -0.0000095175
 -0.0000005274
 -0.0000000538
 -0.0000000788
 -0.0000082689
  0.0000012016
  0.0000066317
 -0.0000001218
  0.0000023431
 -0.0000003832
 -0.0000002961
 -0.0000012871
 -0.0000051338
 -0.0000003719
 -0.0000000132
 -0.0000014242
 -0.0000019590
  0.0000012003
  0.0000032111
  0.0000012897
  0.0000030992
  0.0000107411
  0.0000054973
 -0.0000231510
 -0.0000008701
 -0.0000004689
  0.0000031618
  0.0000019199
  0.0000012057
 -0.0000062402
  0.0000014156
  0.0000016874
 -0.0000082394
  0.0000222374
  0.0000032728
 -0.0000014023
  0.0000022307
  0.0000078216
 -0.0000261977
  0.0000157101
 -0.0000040659
  0.0000000871
  0.0000021596
 -0.0000115189
 -0.0000120871
  0.0000131037
 -0.0000058035
 -0.0000164203
 -0.0000003814
  0.0000021238
  0.0000034673
 -0.0000603972
 -0.0000047244
  0.0000150860
  0.0000010850
  0.0000030351
  0.0000017352
  0.0000015712
  0.0000030787
  0.0000011363
  0.0000045667
  0.0000013925
  0.0000000466
  0.0000025493
  0.0000025747
  0.0000021113
  0.0000066044
  0.0000096657
  0.0000044483
  0.0000045995
  0.0000001246
  0.0000012207
  0.0000020570
  0.0000035917
  0.0000010009
  0.0000015346
  0.0000013902
  0.0000018563
  0.0000019353
  0.0000045567
  0.0000091391
  0.0000012556
  0.0000019192
  0.0000015750
  0.0000006164
  0.0000012269
  0.0000012028
  0.0000023346
  0.0000024023
 -0.0000028736
 -0.0000103312
 -0.0000002664
 -0.0000021147
  0.0000085998
 -0.0000055059
 -0.0000118186
 -0.0000028220
 -0.0000187026
 -0.0000084736
 -0.0000017652
 -0.0000002117
 -0.0000129576
 -0.0000026315
 -0.0000085241
  0.0000066638
  0.0000084406
  0.0000073146
  0.0000034674
  0.0000056238
  0.0000044266
  0.0000080725
 -0.0000020690
  0.0000065683
  0.0000090347
 -0.0000003031
  0.0000007595
  0.0000101240
  0.0000041604
  0.0000046805
  0.0000084951
  0.0000016032
  0.0000084321
 -0.0000075826
  0.0000081282
  0.0000209168
 -0.0000004225
 -0.0000131006
  0.0000044639
  0.0000647784
  0.0000041279
  0.0000243170
  0.0000009622
 -0.0002677673
  0.0000034014
  0.0000404761
 -0.0000085317
  0.0000150175
  0.0000067184
 -0.0000066886
  0.0000043594
  0.0000035676
  0.0000048060
  0.0000078865
  0.0000134487
 -0.0000420151
 -0.0000002491
  0.0000001935
  0.0000021885
 -0.0000000515
  0.0000020638
  0.0000009297
  0.0000029401
  0.0000000254
  0.0000065324
  0.0000040167
 -0.0000004781
  0.0000006218
  0.0000015906
 -0.0000003793
  0.0000014091
  0.0000015389
 -0.0000013616
  0.0000018703
  0.0000042329
  0.0000039083
  0.0000008014
  0.0000027169
 -0.0000058806
  0.0000068814
  0.0000028625
 -0.0000076264
  0.0000007391
  0.0000064864
  0.0000011362
 -0.0000011880
  0.0000035716
  0.0000056659
  0.0000037722
 -0.0000001298
  0.0000013717
  0.0000014269
  0.0000014797
  0.0000017632
 -0.0000025758
  0.0000012422
 -0.0000002018
  0.0000012499
 -0.0000016098
  0.0000031612
  0.0000059747
  0.0000065220
 -0.0000170093
  0.0000009321
 -0.0000005080
  0.0000036043
  0.0000021825
  0.0000015646
 -0.0000050102
  0.0000007177
  0.0000004770
 -0.0000117111
  0.0000197918
  0.0000046877
  0.0000067646
 -0.0000035705
 -0.0000002190
  0.0000090226
 -0.0000297098
  0.0000166576
 -0.0000047338
  0.0000000385
  0.0000000651
 -0.0000042823
 -0.0000127588
  0.0000139855
 -0.0000064656
 -0.0000098528
  0.0000013004
  0.0000024179
  0.0000041897
 -0.0000666607
 -0.0000055722
  0.0000090981
  0.0000005461
 -0.0000010852
 -0.0000009039
  0.0000010386
  0.0000003632
  0.0000023212
 -0.0000011002
 -0.0000015448
  0.0000008281
 -0.0000004227
 -0.0000008713
  0.0000058573
  0.0000077086
 -0.0000014928
  0.0000021660
  0.0000016665
 -0.0000018043
 -0.0000005290
 -0.0000005692
  0.0000007199
 -0.0000004906
  0.0000014984
 -0.0000001681
  0.0000001116
 -0.0000004306
  0.0000021838
  0.0000051881
  0.0000008359
 -0.0000005264
 -0.0000007557
 -0.0000008124
 -0.0000001192
  0.0000011390
 -0.0000013430
 -0.0000016157
  0.0000111435
 -0.0000013510
 -0.0000025223
  0.0000022883
  0.0000007785
  0.0000115716
  0.0000083980
  0.0000161323
  0.0000132502
 -0.0000012617
  0.0000070219
  0.0000133055
  0.0000061190
  0.0000038614
  0.0000024247
 -0.0000026684
 -0.0000052021
  0.0000008138
 -0.0000003697
  0.0000025532
 -0.0000053259
 -0.0000061757
  0.0000013586
 -0.0000018319
 -0.0000003568
 -0.0000016410
 -0.0000057077
 -0.0000008993
 -0.0000088067
  0.0000010163
 -0.0000010693
 -0.0000019116
  0.0000003750
 -0.0000005001
  0.0000302834
 -0.0000007217
 -0.0000008643
 -0.0000012561
  0.0000466789
 -0.0000041609
  0.0000533421
  0.0000467938
  0.0000002800
  0.0000237081
  0.0000047324
  0.0000195528
  0.0000004860
  0.0000107117
  0.0000157163
  0.0000074602
  0.0000065988
 -0.0000041566
  0.0000023987
  0.0000206146
  0.0000215115
 -0.0000000411
 -0.0000005597
 -0.0000003851
 -0.0000004940
 -0.0000009544
 -0.0000015908
 -0.0000017553
  0.0000004007
 -0.0000009777
  0.0000040378
  0.0000062573
  0.0000010441
 -0.0000019323
 -0.0000003626
 -0.0000005191
  0.0000001497
  0.0000000465
  0.0000015975
  0.0000061796
 -0.0000001164
 -0.0000003512
  0.0000006986
 -0.0000018183
  0.0000004252
 -0.0000008338
  0.0000003882
 -0.0000004996
  0.0000043884
  0.0000013624
  0.0000019876
  0.0000039969
  0.0000007118
 -0.0000161707
  0.0000137029
  0.0000152156
 -0.0000063538
  0.0000096639
 -0.0000134036
  0.0000153280
  0.0000063767
  0.0000045771
 -0.0000073364
  0.0000033023
 -0.0000041802
 -0.0000055058
 -0.0000048849
 -0.0000011339
  0.0000014989
 -0.0000017837
 -0.0000055903
 -0.0000012757
 -0.0000026473
 -0.0000013533
 -0.0000020817
 -0.0000021797
  0.0000007763
 -0.0000003179
 -0.0000036128
 -0.0000019445
 -0.0000018580
 -0.0000053701
 -0.0000041452
  0.0000101218
 -0.0000059418
  0.0000011484
  0.0000056330
 -0.0000079691
 -0.0000047135
  0.0000146976
 -0.0000092999
 -0.0000255612
 -0.0000072548
 -0.0000121511
  0.0000086586
  0.0000198311
 -0.0000023770
 -0.0000065776
 -0.0000012356
  0.0000010382
 -0.0000401000
 -0.0000194184
  0.0000007817
 -0.0000008884
  0.0000015143
 -0.0000009985
 -0.0000010655
  0.0000010653
  0.0000027316
  0.0000014427
 -0.0000013313
  0.0000082949
  0.0000090730
  0.0000028785
  0.0000031571
 -0.0000006567
  0.0000000791
 -0.0000030081
  0.0000004441
  0.0000000938
  0.0000039412
  0.0000003241
  0.0000013151
 -0.0000016866
  0.0000020728
  0.0000040836
  0.0000016022
  0.0000001120
  0.0000008649
  0.0000003558
  0.0000023075
  0.0000005597
  0.0000019758
  0.0000006091
  0.0000017573
 -0.0000028944
 -0.0000000511
 -0.0000000423
  0.0000113376
 -0.0000096067
  0.0000032514
  0.0000117045
  0.0000060313
  0.0000103004
 -0.0000004319
  0.0000117137
  0.0000090863
  0.0000043316
 -0.0000024224
  0.0000054741
  0.0000023421
  0.0000064038
  0.0000009703
  0.0000004612
 -0.0000009147
  0.0000027845
 -0.0000026649
 -0.0000042954
  0.0000053295
 -0.0000023508
 -0.0000027577
  0.0000010580
 -0.0000050184
 -0.0000044852
  0.0000077178
  0.0000037733
  0.0000007966
 -0.0000014457
  0.0000036509
  0.0000284625
  0.0000051088
  0.0000501817
 -0.0000062122
  0.0000337731
  0.0000168698
  0.0000190256
  0.0000093131
  0.0000049084
  0.0000105507
  0.0000009477
  0.0000175319
  0.0000099767
  0.0000004890
  0.0000014460
  0.0000052586
  0.0000170122
 -0.0000005111
  0.0000025455
  0.0000001541
  0.0000024807
  0.0000002165
  0.0000010257
 -0.0000006660
 -0.0000022111
  0.0000005560
  0.0000023652
 -0.0000000628
 -0.0000028813
  0.0000074689
  0.0000077245
 -0.0000005996
  0.0000024373
  0.0000023996
 -0.0000013857
 -0.0000002076
 -0.0000035609
  0.0000014018
 -0.0000002658
  0.0000033168
 -0.0000000336
  0.0000007785
 -0.0000002143
  0.0000022082
  0.0000027054
  0.0000011281
 -0.0000004787
  0.0000002193
 -0.0000002463
 -0.0000002236
  0.0000000645
  0.0000013757
 -0.0000006309
 -0.0000033286
 -0.0000029975
 -0.0000028404
 -0.0000045286
 -0.0000101591
 -0.0000154427
 -0.0000032366
 -0.0000030205
 -0.0000040159
 -0.0000063192
 -0.0000041132
 -0.0000047073
 -0.0000063763
 -0.0000038954
 -0.0000033681
  0.0000047595
  0.0000051582
  0.0000021971
  0.0000055364
  0.0000049982
 -0.0000025474
  0.0000017625
 -0.0000036367
  0.0000032853
  0.0000044981
  0.0000012080
 -0.0000031040
  0.0000000743
  0.0000023351
  0.0000404955
  0.0000007106
  0.0000008201
  0.0000181505
  0.0000153091
  0.0000048826
 -0.0000012499
 -0.0002396087
  0.0000049847
  0.0000241027
 -0.0000011880
  0.0000004237
 -0.0000022976
 -0.0000022031
  0.0000517152
 -0.0000020307
 -0.0000047920
  0.0000165665
  0.0000021449
  0.0000368713
  0.0000022086
 -0.0000053666
 -0.0000033995
  0.0000001868
  0.0000018199
 -0.0000222166
  0.0000008763
  0.0000028938
  0.0000015009
  0.0000025182
 -0.0000012142
  0.0000001400
  0.0000028347
  0.0000027439
 -0.0000014239
  0.0000061641
  0.0000068814
 -0.0000001897
  0.0000001199
  0.0000035807
  0.0000006883
 -0.0000006496
  0.0000031708
  0.0000053164
 -0.0000001547
  0.0000001106
  0.0000001087
  0.0000014094
  0.0000010131
 -0.0000039662
  0.0000134852
  0.0000021929
 -0.0000038323
  0.0000010471
  0.0000187749
  0.0000084603
 -0.0000069677
  0.0000045821
  0.0000014882
  0.0000056954
 -0.0000070070
  0.0000074737
 -0.0000036203
  0.0000159761
  0.0000018653
  0.0000021007
  0.0000034307
 -0.0000010157
 -0.0000027306
 -0.0000019899
  0.0000013507
 -0.0000080631
  0.0000032619
  0.0000018250
  0.0000003065
 -0.0000021682
 -0.0000010088
 -0.0000014218
 -0.0000000325
 -0.0000001792
 -0.0000054388
  0.0000070001
  0.0000224512
 -0.0000033538
  0.0000026966
  0.0000058800
  0.0000039994
  0.0000014315
  0.0000005367
 -0.0000055514
 -0.0000297858
  0.0000137068
  0.0001041286
 -0.0000041591
  0.0000028886
 -0.0001111099
  0.0000109134
 -0.0000056979
 -0.0000020742
  0.0000023494
  0.0000031304
  0.0000150139
  0.0000336783
 -0.0000060756
 -0.0000029055
 -0.0000045834
  0.0000008550
 -0.0001069003
 -0.0000023018
 -0.0000087204
  0.0000017371
  0.0000013045
  0.0000014174
  0.0000011212
 -0.0000005115
  0.0000005308
  0.0000023014
  0.0000003856
  0.0000042139
  0.0000092302
  0.0000014790
  0.0000006320
  0.0000031722
  0.0000015951
  0.0000014588
  0.0000077889
  0.0000013047
  0.0000017684
  0.0000011657
 -0.0000006959
  0.0000018853
  0.0000011610
  0.0000022034
  0.0000019351
  0.0000012944
  0.0000031892
  0.0000015494
  0.0000061801
  0.0000181819
 -0.0000040151
 -0.0000029219
  0.0000052124
 -0.0000045251
  0.0000095942
 -0.0000043747
 -0.0000002121
  0.0000026253
  0.0000058638
  0.0000037143
 -0.0000007078
  0.0000034523
  0.0000063902
 -0.0000001989
  0.0000002351
  0.0000058537
 -0.0000043955
 -0.0000013574
  0.0000039335
  0.0000027622
  0.0000027694
  0.0000052685
 -0.0000032785
  0.0000048669
  0.0000032586
 -0.0000009165
  0.0000001851
 -0.0000064157
  0.0000214535
 -0.0000006537
 -0.0000015228
  0.0000011458
 -0.0000012941
 -0.0000051561
  0.0000128996
  0.0000794736
 -0.0001131873
  0.0000155312
 -0.0000061724
  0.0000079989
 -0.0000005480
  0.0000089821
  0.0000566030
 -0.0000021627
  0.0000012836
  0.0000014982
 -0.0000923514
 -0.0000051843
 -0.0000153972
  0.0000003186
 -0.0000008733
  0.0000064858
  0.0000008599
  0.0000047624
 -0.0000011801
 -0.0000012364
 -0.0000102903
 -0.0000028705
 -0.0000044355
 -0.0000098877
 -0.0000066266
  0.0000137920
 -0.0000034801
 -0.0000027476
 -0.0000194248
 -0.0000029000
 -0.0000028010
 -0.0000065564
 -0.0000224761
 -0.0000070098
 -0.0000022114
  0.0000007463
 -0.0000047003
  0.0000012778
  0.0000021798
  0.0000020126
 -0.0000039881
 -0.0000014282
 -0.0000011390
  0.0000007239
 -0.0000011381
  0.0000006490
  0.0000028941
  0.0000305994
 -0.0000015262
 -0.0000328757
 -0.0000137126
 -0.0000003535
  0.0000010553
 -0.0000030291
  0.0000002836
 -0.0000104610
  0.0000067465
  0.0000097874
  0.0000178828
  0.0000523030
 -0.0000040781
  0.0000010256
  0.0000035513
  0.0000109355
  0.0000046717
  0.0000163306
 -0.0000016371
  0.0000048760
  0.0000047864
 -0.0000159046
 -0.0000080809
  0.0000120794
 -0.0000027753
 -0.0000262248
 -0.0000025299
 -0.0000011117
  0.0000052070
 -0.0000553084
 -0.0000003542
  0.0000412701
 -0.0000026693
  0.0000062497
  0.0000176015
 -0.0000103035
 -0.0000127004
  0.0000005847
  0.0000164878
 -0.0000009736
  0.0000209226
 -0.0000105049
 -0.0000127304
 -0.0000117335
  0.0000162592
  0.0000165546
 -0.0000012566
 -0.0000014254
 -0.0000015674
 -0.0000027011
  0.0000044794
 -0.0000013296
 -0.0000035785
 -0.0000046498
 -0.0000002203
  0.0000008137
  0.0000005706
  0.0000010105
  0.0000588231
 -0.0000141194
 -0.0000207788
 -0.0000307157
  0.0000013916
  0.0000001399
  0.0000046644
 -0.0000118629
  0.0000085044
 -0.0000106205
  0.0000145098
  0.0000021972
  0.0000027350
  0.0000022383
  0.0000026889
 -0.0000010050
 -0.0000208308
 -0.0000029998
  0.0000176240
 -0.0000043347
  0.0000109351
  0.0000274235
 -0.0000017377
  0.0000132085
 -0.0000354788
  0.0000057450
  0.0000191584
  0.0000052564
 -0.0000029387
  0.0000038995
 -0.0000035134
 -0.0000004168
 -0.0000035260
  0.0000104638
 -0.0000082478
  0.0000079283
 -0.0000041378
 -0.0000011332
 -0.0000005349
  0.0000057286
 -0.0000103983
 -0.0000080580
  0.0000081342
 -0.0000021009
  0.0000095568
 -0.0000049069
 -0.0000034104
 -0.0000022390
 -0.0000017448
 -0.0000024938
  0.0000043922
 -0.0000013963
 -0.0000048031
 -0.0000040422
 -0.0000009401
 -0.0000002222
  0.0000018458
  0.0000003716
  0.0000643491
 -0.0000124992
 -0.0000604264
 -0.0000307740
  0.0000007642
 -0.0000033517
 -0.0000007347
  0.0000004466
 -0.0000114581
  0.0000039446
  0.0000067985
  0.0000069215
  0.0000309545
  0.0000002401
 -0.0000002313
 -0.0000063353
  0.0000013680
 -0.0000094743
 -0.0000016862
  0.0000040332
 -0.0000148922
  0.0000038887
  0.0000098831
 -0.0000027013
  0.0000208352
  0.0000018987
 -0.0000076025
  0.0000096347
 -0.0000581466
  0.0000358953
  0.0000020959
 -0.0000016775
  0.0000023111
 -0.0000115382
 -0.0000058044
 -0.0000065733
 -0.0000119533
 -0.0000089044
  0.0000108709
 -0.0000064360
 -0.0000050052
 -0.0000265129
 -0.0000079388
 -0.0000067803
 -0.0000088751
 -0.0000216208
 -0.0000077725
 -0.0000053542
  0.0000012482
 -0.0000023871
 -0.0000011301
 -0.0000050338
 -0.0000028991
 -0.0000043912
 -0.0000031674
 -0.0000042772
 -0.0000026195
  0.0000000325
  0.0000037738
 -0.0000039276
  0.0000367693
 -0.0000026732
 -0.0000376056
 -0.0000156377
  0.0000013020
  0.0000030152
 -0.0000047431
  0.0000009008
 -0.0000124008
  0.0000076782
  0.0000108704
  0.0000166235
  0.0000523251
 -0.0000058088
  0.0000032407
  0.0000136259
 -0.0000016373
  0.0000009454
  0.0000066514
 -0.0000174538
 -0.0000116068
  0.0000119526
 -0.0000014036
 -0.0000243705
 -0.0000063539
  0.0000056753
 -0.0000575287
  0.0000407296
  0.0000012870
  0.0000006563
  0.0000185896
 -0.0000098085
  0.0000029104
  0.0000119360
  0.0000013988
 -0.0000001218
 -0.0000062592
  0.0000066188
 -0.0000025985
  0.0000126565
 -0.0000104861
  0.0000040419
 -0.0000069318
  0.0000035254
 -0.0000106578
 -0.0000003367
 -0.0000014471
 -0.0000001863
 -0.0000017726
 -0.0000034472
 -0.0000026466
  0.0000013016
  0.0000007421
 -0.0000028896
 -0.0000008880
 -0.0000028612
  0.0000274633
 -0.0000237290
  0.0000000859
  0.0000018836
  0.0000032059
  0.0000120265
 -0.0000079218
  0.0000038083
  0.0000040272
  0.0000009537
  0.0000021651
 -0.0000012753
  0.0000078051
  0.0000003011
  0.0000039828
  0.0000338470
 -0.0000065963
  0.0000127545
  0.0000002948
 -0.0000290917
  0.0000029120
 -0.0000184130
  0.0000013144
  0.0000098014
 -0.0000065022
  0.0000088438
 -0.0000011375
  0.0000039745
 -0.0000122659
 -0.0000015907
  0.0000065604
 -0.0000137451
  0.0000109139
  0.0000076744
  0.0000138039
 -0.0000125996
  0.0000157906
 -0.0000028368
  0.0000112870
  0.0000000989
 -0.0000010267
 -0.0000006427
 -0.0000019456
  0.0000042278
 -0.0000016251
 -0.0000045349
 -0.0000049888
 -0.0000009938
  0.0000000592
  0.0000009593
  0.0000011943
  0.0000718777
 -0.0000142782
 -0.0000524087
 -0.0000330728
  0.0000017049
  0.0000001653
  0.0000032301
 -0.0000119627
  0.0000014941
  0.0000081552
 -0.0000081832
  0.0000196537
  0.0000020327
 -0.0000018628
  0.0000005966
 -0.0000025755
 -0.0000147041
 -0.0000033158
 -0.0000032806
  0.0000034120
  0.0000104429
 -0.0000023143
  0.0000141824
 -0.0000006495
  0.0000089339
 -0.0000522047
  0.0000279411
  0.0000000206
  0.0000012001
  0.0000063527
  0.0000037891
  0.0000059164
  0.0000043515
 -0.0000021015
  0.0000078617
  0.0000054317
 -0.0000027585
 -0.0000048688
  0.0000055071
  0.0000027134
 -0.0000023634
 -0.0000080997
  0.0000057485
  0.0000055405
 -0.0000015263
  0.0000023841
 -0.0000017336
  0.0000001939
  0.0000022096
 -0.0000017614
  0.0000008520
  0.0000001253
  0.0000036631
  0.0000458896
 -0.0000231387
 -0.0000021620
  0.0000048367
  0.0000092761
  0.0000036182
 -0.0000026565
  0.0000106983
 -0.0001142166
  0.0000054581
 -0.0000005257
 -0.0000015512
 -0.0000131147
 -0.0000298895
  0.0000005833
  0.0000033407
  0.0000165387
  0.0000143903
  0.0000112734
 -0.0000118543
 -0.0002420197
 -0.0000070074
 -0.0000115061
 -0.0000015567
 -0.0000000223
 -0.0000022460
  0.0000054228
  0.0000063671
 -0.0000088531
 -0.0000046469
  0.0000046769
  0.0000066598
 -0.0000063937
  0.0000119227
 -0.0000068114
  0.0000037834
 -0.0000055953
  0.0000065465
  0.0000066267
  0.0000047028
  0.0000007150
  0.0000018822
  0.0000002409
  0.0000017368
 -0.0000004818
 -0.0000004398
  0.0000012752
  0.0000020061
  0.0000022976
  0.0000019165
  0.0000007965
 -0.0000111746
  0.0000604933
 -0.0000196886
  0.0000004226
 -0.0000009116
  0.0000076014
  0.0000112621
  0.0000104765
 -0.0000022790
  0.0000026003
  0.0000004982
  0.0000020980
 -0.0000129985
  0.0000212819
  0.0000012074
  0.0000037864
  0.0000305651
  0.0000199480
  0.0000084308
 -0.0000006344
 -0.0001344927
 -0.0000026197
 -0.0000098733
  0.0000012307
  0.0000215855
  0.0000044798
  0.0000043844
 -0.0000078334
  0.0000060060
  0.0000021385
 -0.0000087784
  0.0000032256
 -0.0000001606
  0.0000046864
  0.0000052742
  0.0000070423
 -0.0000078249
  0.0000034569
  0.0000036787
 -0.0000016940
  0.0000012985
  0.0000069405
  0.0000011917
 -0.0000018447
 -0.0000009858
 -0.0000028943
 -0.0000067527
 -0.0000019479
 -0.0000035860
 -0.0000011356
 -0.0000046188
 -0.0000009213
  0.0000733524
 -0.0000606231
 -0.0000273488
  0.0000065020
 -0.0000044272
  0.0000038876
  0.0000112110
  0.0000045588
  0.0000264421
 -0.0000046114
  0.0000026055
 -0.0000077610
 -0.0000169163
 -0.0000019875
  0.0000067652
 -0.0000147423
 -0.0000031644
  0.0000111768
  0.0000240389
 -0.0000029231
  0.0000172416
 -0.0000566666
  0.0000048415
  0.0000338218
  0.0000072751
 -0.0000001581
 -0.0000119807
  0.0000148756
  0.0000079443
 -0.0000047426
 -0.0000074479
 -0.0000104297
  0.0000017755
  0.0000187645
  0.0000088788
  0.0000076636
 -0.0000068452
 -0.0000118211
  0.0000050317
 -0.0000044186
 -0.0000011181
 -0.0000070640
 -0.0000050288
 -0.0000017274
  0.0000009542
 -0.0000041545
 -0.0000009370
 -0.0000005104
  0.0000002025
 -0.0000036040
  0.0000046055
  0.0000018895
  0.0000720158
 -0.0000140413
 -0.0000614552
 -0.0000330966
  0.0000012032
 -0.0000004106
  0.0000003487
 -0.0000115685
 -0.0000005016
  0.0000083701
 -0.0000015523
  0.0000214417
  0.0000007303
 -0.0000000237
  0.0000021946
 -0.0000039543
 -0.0000020442
 -0.0000158877
 -0.0000007323
 -0.0000056951
  0.0000078606
  0.0000100564
  0.0000169814
  0.0000001304
  0.0000096789
 -0.0000570347
  0.0000017731
  0.0000294313
 -0.0000031163
 -0.0000011237
  0.0000196153
 -0.0000077428
  0.0000008794
  0.0000181300
  0.0000011294
  0.0000045371
 -0.0000064465
  0.0000081715
 -0.0000041186
  0.0000190134
 -0.0000084911
  0.0000033168
 -0.0000021780
  0.0000013067
 -0.0000085979
  0.0000015015
 -0.0000000027
  0.0000022485
  0.0000013727
 -0.0000019270
 -0.0000006053
  0.0000030651
 -0.0000028364
 -0.0000012875
  0.0000124986
  0.0000503540
 -0.0000188136
 -0.0000052026
  0.0000139858
  0.0000038761
 -0.0000033684
 -0.0000058564
 -0.0000088399
  0.0000062245
 -0.0000006694
 -0.0000006299
  0.0000043520
  0.0000031374
  0.0000404908
 -0.0000015439
  0.0000148262
 -0.0000132824
 -0.0001429576
 -0.0000067749
 -0.0000111534
 -0.0000020420
  0.0000028310
  0.0000017911
  0.0000043970
  0.0000035687
 -0.0000093861
 -0.0000045458
 -0.0000043977
 -0.0000111396
 -0.0000057513
 -0.0000010637
 -0.0000009335
 -0.0000157724
  0.0000022646
 -0.0000125502
 -0.0000059055
 -0.0000150594
 -0.0000070750
 -0.0000161603
 -0.0000012583
 -0.0000023225
 -0.0000036888
  0.0000005066
 -0.0000018514
 -0.0000008989
 -0.0000017834
  0.0000029955
  0.0000373299
 -0.0000089167
  0.0000244634
  0.0000063735
 -0.0000177975
 -0.0000032121
  0.0000187392
  0.0000108336
 -0.0000086661
  0.0000065410
 -0.0000169368
  0.0000134766
  0.0000076806
 -0.0000267325
  0.0000227915
  0.0000033170
  0.0000173622
  0.0000332677
 -0.0000175059
  0.0000004980
  0.0000094136
  0.0001050876
  0.0000411264
 -0.0000059013
  0.0000156180
  0.0000955252
  0.0000028963
  0.0000059009
  0.0000039088
 -0.0000053804
 -0.0000038747
 -0.0000053124
 -0.0000022791
 -0.0000061710
  0.0000011916
 -0.0000059245
  0.0000008495
 -0.0000080600
 -0.0000027371
 -0.0000062323
 -0.0000041990
 -0.0000051654
 -0.0000057672
 -0.0000057075
 -0.0000053254
 -0.0000038710
 -0.0000012576
 -0.0000064972
 -0.0000002234
 -0.0000050749
 -0.0000007778
 -0.0000023859
  0.0000369117
  0.0000250627
  0.0000277268
  0.0000164640
  0.0000005180
 -0.0000011640
  0.0000091985
  0.0000076901
 -0.0000198537
  0.0000394293
  0.0000139668
  0.0000113803
 -0.0000164792
  0.0000137974
  0.0000032248
  0.0000744913
 -0.0000099268
  0.0000167694
  0.0000866118
  0.0000032824
  0.0000001485
  0.0000053955
 -0.0000079179
 -0.0000089378
 -0.0000143234
 -0.0000087158
 -0.0000037256
 -0.0000090445
 -0.0000088218
 -0.0000029880
  0.0000107359
 -0.0000134290
 -0.0000090060
 -0.0000038472
  0.0000113547
 -0.0000138376
 -0.0000085076
  0.0000038044
 -0.0000008968
  0.0000030330
 -0.0000014967
 -0.0000057651
 -0.0000007428
 -0.0000083233
  0.0000031674
  0.0000004880
  0.0000014551
  0.0000005291
  0.0000005497
  0.0000194486
 -0.0000356609
 -0.0000031646
 -0.0000020380
 -0.0000014437
  0.0000011111
  0.0000032654
 -0.0000049502
  0.0000037692
 -0.0000060923
  0.0000389245
  0.0000027413
 -0.0000178727
  0.0000149927
 -0.0000042401
 -0.0000017359
 -0.0000138580
 -0.0000098368
  0.0000128122
 -0.0000058225
 -0.0000270226
  0.0000007291
  0.0000022279
 -0.0000562812
  0.0000272108
  0.0000037700
  0.0000025215
  0.0000171688
 -0.0000068716
  0.0000013797
  0.0000225894
  0.0000104533
  0.0000016534
 -0.0000054041
  0.0000034317
  0.0000047078
  0.0000218665
 -0.0000019388
  0.0000106342
 -0.0000038739
  0.0000028208
 -0.0000075566
 -0.0000003964
 -0.0000027402
 -0.0000022246
 -0.0000016437
 -0.0000026254
 -0.0000038702
 -0.0000041874
 -0.0000054787
 -0.0000047919
 -0.0000044368
  0.0000424098
 -0.0000485001
 -0.0000297025
  0.0000009414
  0.0000061638
  0.0000076788
  0.0000171111
 -0.0000021967
  0.0000027380
 -0.0000037521
 -0.0000032653
 -0.0000024936
  0.0000139437
  0.0000127033
  0.0000004281
  0.0000319186
 -0.0000026202
 -0.0000541268
  0.0000020526
  0.0000190397
  0.0000006279
  0.0000012010
 -0.0000131300
 -0.0000114397
 -0.0000103225
 -0.0000119309
  0.0000023793
 -0.0000038099
 -0.0000112035
  0.0000023311
 -0.0000068528
 -0.0000121996
 -0.0000027807
  0.0000051208
 -0.0000057726
 -0.0000109130
 -0.0000095451
 -0.0000048884
 -0.0000006370
 -0.0000032319
 -0.0000011583
 -0.0000042529
 -0.0000039979
  0.0000266613
 -0.0000388567
  0.0000217976
  0.0000111374
  0.0000003318
  0.0000113260
  0.0000099134
 -0.0000068111
 -0.0000062604
  0.0000057760
  0.0000015514
 -0.0000246064
  0.0000313770
  0.0000092412
  0.0000089349
 -0.0000263671
  0.0000006254
  0.0000058666
 -0.0000962534
  0.0000530523
 -0.0000192696
  0.0000108450
  0.0000059550
  0.0000041215
  0.0000041629
  0.0000066173
  0.0000041116
  0.0000107892
  0.0000034523
  0.0000128589
 -0.0000118118
  0.0000087363
  0.0000020139
  0.0000077496
 -0.0000121071
  0.0000036668
  0.0000030713
  0.0000001383
 -0.0000002631
  0.0000030036
  0.0000045761
 -0.0000009577
 -0.0000017294
  0.0000008241
  0.0000041234
 -0.0000000889
 -0.0000030297
 -0.0000140731
 -0.0000009427
  0.0000526839
 -0.0000226212
 -0.0000033719
  0.0000037032
  0.0000080187
  0.0000105694
  0.0000087120
 -0.0000097744
  0.0000015525
  0.0000062396
 -0.0000004827
  0.0000005825
 -0.0000150388
  0.0000261984
 -0.0000013936
  0.0000031322
  0.0000197211
  0.0000119334
  0.0000129745
 -0.0000016780
 -0.0001639938
 -0.0000067975
 -0.0000122033
  0.0000017988
  0.0000247549
  0.0000021021
  0.0000018662
  0.0000034211
 -0.0000094324
 -0.0000073597
 -0.0000201552
 -0.0000071015
 -0.0000145556
 -0.0000144208
 -0.0000074952
 -0.0000157210
 -0.0000241319
 -0.0000101780
 -0.0000065905
 -0.0000135742
 -0.0000250974
 -0.0000172727
 -0.0000070506
  0.0000013942
  0.0000003140
 -0.0000043887
  0.0000021983
 -0.0000044432
 -0.0000060497
 -0.0000002833
 -0.0000093212
 -0.0000009382
  0.0000016151
 -0.0000015687
  0.0000030458
 -0.0000005890
  0.0000463895
 -0.0000367149
 -0.0000110115
 -0.0000002308
 -0.0000008497
 -0.0000001900
  0.0000081225
  0.0000094804
  0.0000477343
 -0.0000089443
 -0.0000026537
 -0.0000001263
 -0.0000057503
 -0.0000044445
 -0.0000233491
 -0.0000117166
  0.0000085811
  0.0000000929
 -0.0000244519
 -0.0000006219
  0.0000125963
 -0.0000583108
  0.0000360483
  0.0000028813
  0.0000028874
 -0.0000155259
  0.0000070927
  0.0000049211
 -0.0000106127
  0.0000015308
  0.0000043344
 -0.0000030838
  0.0000007527
  0.0000104147
 -0.0000146289
  0.0000024154
 -0.0000018102
  0.0000100433
  0.0000070375
  0.0000085370
  0.0000049306
  0.0000005998
  0.0000076097
  0.0000041597
  0.0000036703
  0.0000092439
 -0.0000019522
  0.0000027311
  0.0000067076
  0.0000483496
  0.0000157007
  0.0000080871
 -0.0000109828
 -0.0000181387
  0.0000070602
  0.0000045973
 -0.0000039819
 -0.0000038383
  0.0000009363
 -0.0000058892
 -0.0000003674
 -0.0000036477
 -0.0000016475
 -0.0000137764
  0.0000033995
  0.0000202897
  0.0000038837
 -0.0000045372
 -0.0000117849
  0.0000039467
 -0.0000055120
  0.0001897787
 -0.0000017860
  0.0000218913
  0.0000031983
  0.0000004979
  0.0000625247
 -0.0000170961
 -0.0000062237
 -0.0000078864
 -0.0000231307
  0.0000119755
 -0.0000011743
 -0.0000075872
  0.0000081095
 -0.0000035324
 -0.0000201570
 -0.0000051381
  0.0000124536
 -0.0000059076
 -0.0000078096
 -0.0000052403
  0.0000015551
 -0.0000006577
 -0.0000016884
 -0.0000011436
 -0.0000059943
 -0.0000025256
 -0.0000018912
 -0.0000040197
 -0.0000021718
 -0.0000022798
 -0.0000000599
 -0.0000014359
  0.0000025540
  0.0000640770
 -0.0000093808
 -0.0000590543
 -0.0000259447
  0.0000006475
 -0.0000044403
 -0.0000007331
 -0.0000126340
  0.0000058922
  0.0000088809
  0.0000049870
  0.0000387993
 -0.0000054219
 -0.0000069316
  0.0000041897
 -0.0000076666
  0.0000007664
 -0.0000207013
 -0.0000145266
  0.0000103306
  0.0000011448
  0.0000097842
 -0.0000063627
  0.0000133799
 -0.0000568746
  0.0000368059
  0.0000017448
  0.0000101987
 -0.0000106643
 -0.0000075100
  0.0000178956
  0.0000104151
 -0.0000020874
 -0.0000088393
  0.0000008807
 -0.0000071663
  0.0000180417
  0.0000039698
  0.0000085992
 -0.0000056097
 -0.0000076682
 -0.0000082199
  0.0000000086
 -0.0000006745
  0.0000015807
 -0.0000003657
 -0.0000012852
 -0.0000000513
  0.0000011649
  0.0000011656
  0.0000013727
  0.0000152955
 -0.0000125070
  0.0000248816
 -0.0000240625
 -0.0000031745
  0.0000003896
  0.0000062601
 -0.0000035072
  0.0000051816
  0.0000035308
 -0.0000011637
  0.0000006829
 -0.0000050834
  0.0000041012
 -0.0000125079
 -0.0000011132
  0.0000015148
  0.0000339429
 -0.0000044307
  0.0000117272
 -0.0000050414
 -0.0000027326
 -0.0000188247
  0.0000000887
  0.0000094881
 -0.0000021981
 -0.0000005311
 -0.0000000691
 -0.0000050638
  0.0000003919
 -0.0000071160
 -0.0000133508
 -0.0000059331
  0.0000039486
 -0.0000005283
 -0.0000119854
 -0.0000016901
 -0.0000147029
 -0.0000074126
 -0.0000121175
 -0.0000022593
 -0.0000120873
  0.0000007618
  0.0000019477
 -0.0000028869
  0.0000023603
 -0.0000000809
  0.0000009638
 -0.0000008951
 -0.0000053733
 -0.0000042565
  0.0000441077
 -0.0000208631
  0.0000013542
  0.0000146130
 -0.0000139635
 -0.0000035272
  0.0000095704
  0.0000068472
 -0.0000070638
  0.0000048364
 -0.0000172917
  0.0000017320
  0.0000040208
  0.0000028313
 -0.0000262439
 -0.0000105418
  0.0000045942
  0.0000064587
  0.0000430964
 -0.0000163938
  0.0000011301
 -0.0000069571
 -0.0001185555
 -0.0000137033
  0.0000056880
 -0.0000037040
  0.0000026255
  0.0000024995
 -0.0000178138
 -0.0000084202
 -0.0000183078
 -0.0000147164
 -0.0000032557
  0.0000067823
 -0.0000068309
  0.0000041865
 -0.0000179339
 -0.0000133495
 -0.0000129175
 -0.0000041411
 -0.0000098357
 -0.0000197443
 -0.0000096443
  0.0000009019
 -0.0000044789
  0.0000003369
 -0.0000066644
 -0.0000115836
 -0.0000053730
 -0.0000047852
  0.0000007785
  0.0000009094
 -0.0000050299
 -0.0000034269
 -0.0000050955
  0.0000667929
 -0.0000579821
 -0.0000226652
  0.0000013892
 -0.0000043711
  0.0000049114
  0.0000089184
  0.0000107677
  0.0000416180
 -0.0000090535
 -0.0000011354
 -0.0000022436
  0.0000066291
 -0.0000088320
 -0.0000030465
 -0.0000201878
 -0.0000105693
  0.0000097629
 -0.0000021169
  0.0000093615
 -0.0000022090
  0.0000092715
 -0.0000563277
  0.0000001515
  0.0000377211
  0.0000033577
  0.0000031787
  0.0000026591
  0.0000059569
 -0.0000112989
  0.0000112992
  0.0000095466
 -0.0000035013
 -0.0000003724
 -0.0000104062
  0.0000069244
  0.0000146803
  0.0000108604
  0.0000069483
  0.0000092020
 -0.0000113459
  0.0000090605
 -0.0000007191
  0.0000002281
 -0.0000022012
 -0.0000012994
 -0.0000036219
 -0.0000032428
  0.0000008453
 -0.0000012802
 -0.0000000463
  0.0000017048
  0.0000020531
  0.0000622691
 -0.0000472495
 -0.0000315513
  0.0000032826
 -0.0000001031
  0.0000005905
  0.0000106194
 -0.0000009389
  0.0000180483
  0.0000014122
  0.0000017001
 -0.0000017691
 -0.0000006573
 -0.0000190168
  0.0000017934
  0.0000050221
 -0.0000024038
  0.0000070922
  0.0000110598
  0.0000188890
 -0.0000034330
 -0.0000516868
  0.0000036667
  0.0000234626
 -0.0000082007
 -0.0000125469
 -0.0000074418
 -0.0000133716
 -0.0000118339
 -0.0000160392
 -0.0000137802
 -0.0000129705
 -0.0000285747
 -0.0000195686
 -0.0000088149
 -0.0000107507
 -0.0000284868
 -0.0000043389
 -0.0000118180
 -0.0000016448
 -0.0000009302
 -0.0000019778
 -0.0000061129
 -0.0000076281
 -0.0000018739
 -0.0000006332
 -0.0000043278
 -0.0000023613
 -0.0000000841
 -0.0000014316
 -0.0000002204
 -0.0000041221
  0.0000270382
 -0.0000012945
 -0.0000323868
 -0.0000106551
 -0.0000011167
 -0.0000002022
 -0.0000016720
  0.0000039400
 -0.0000083063
  0.0000044509
  0.0000066989
  0.0000103154
  0.0000452866
 -0.0000099373
  0.0000016353
  0.0000130481
 -0.0000036084
 -0.0000015849
  0.0000036670
 -0.0000156199
 -0.0000107161
  0.0000081410
 -0.0000048108
 -0.0000269162
 -0.0000007791
  0.0000029232
 -0.0000574352
  0.0000336880
 -0.0000077673
 -0.0000021700
 -0.0000071540
 -0.0000114650
  0.0000007822
 -0.0000002559
 -0.0000025665
  0.0000043957
  0.0000013590
 -0.0000168922
  0.0000011970
  0.0000011299
 -0.0000051812
 -0.0000094955
 -0.0000009396
 -0.0000026012
 -0.0000014350
 -0.0000060315
 -0.0000034654
 -0.0000036548
 -0.0000012168
 -0.0000045630
 -0.0000018086
 -0.0000012783
 -0.0000004626
 -0.0000026451
  0.0000005520
  0.0000000808
  0.0000603760
 -0.0000110282
 -0.0000596889
 -0.0000277056
  0.0000034994
 -0.0000011482
 -0.0000019447
 -0.0000008803
 -0.0000114217
  0.0000054963
  0.0000082993
  0.0000039062
  0.0000363655
 -0.0000001817
 -0.0000088533
  0.0000028721
 -0.0000072974
 -0.0000005668
  0.0000062236
 -0.0000242997
 -0.0000101876
  0.0000103911
 -0.0000003138
  0.0000090588
 -0.0000040571
  0.0000119458
 -0.0000573406
  0.0000355311
  0.0000059287
  0.0000060585
  0.0000155913
  0.0000041658
  0.0000088977
  0.0000084671
 -0.0000037108
  0.0000072485
  0.0000121431
  0.0000090912
 -0.0000022105
  0.0000145065
 -0.0000045703
  0.0000010690
 -0.0000016301
  0.0000064937
 -0.0000021487
  0.0000063982
  0.0000051078
  0.0000065143
  0.0000065134
  0.0000058624
  0.0000064930
  0.0000073541
 -0.0004695263
  0.0000650390
  0.0000121541
  0.0000098187
  0.0000062684
  0.0000061752
 -0.0000001560
  0.0000048260
  0.0000086259
 -0.0000063400
  0.0000016233
  0.0000035872
 -0.0000098313
 -0.0000196549
  0.0000206300
  0.0000052772
  0.0000313468
 -0.0000014557
  0.0000144947
 -0.0000012950
  0.0000569967
  0.0000217377
  0.0000042107
  0.0000380640
 -0.0000014274
 -0.0000027969
  0.0000065516
  0.0000020531
 -0.0000043303
  0.0000090758
 -0.0000064611
  0.0000000569
 -0.0000109516
  0.0000039049
 -0.0000028109
  0.0000140985
  0.0000005597
  0.0000046897
  0.0000033760
  0.0000106968
 -0.0000012159
  0.0000024272
  0.0000033435
  0.0000003357
 -0.0000015168
  0.0000000310
  0.0000049492
  0.0000382903
 -0.0000224393
 -0.0000074957
  0.0000124079
  0.0000012077
  0.0000017989
  0.0000035613
 -0.0000025489
  0.0000019694
 -0.0001644329
  0.0000030708
 -0.0000092131
 -0.0000019856
  0.0000011632
 -0.0000111712
 -0.0000289360
  0.0000010791
  0.0000013982
  0.0000211847
 -0.0000124193
  0.0000112955
 -0.0000145166
 -0.0002483549
 -0.0000128977
 -0.0000067912
 -0.0000055716
 -0.0000030266
  0.0000010295
 -0.0000103252
  0.0000061908
  0.0000014595
 -0.0000078532
 -0.0000034221
  0.0000028480
  0.0000020720
 -0.0000078720
  0.0000104369
 -0.0000099173
  0.0000054916
 -0.0000061991
  0.0000155732
  0.0000013956
  0.0000059206
  0.0000014481
 -0.0000005041
  0.0000022538
  0.0000040141
  0.0000033022
 -0.0000014784
 -0.0000034699
 -0.0000004824
  0.0000045370
 -0.0000013372
 -0.0000039386
  0.0000030464
 -0.0000111923
  0.0000386507
 -0.0000221625
 -0.0000021334
 -0.0000022011
  0.0000079872
 -0.0000151408
  0.0000074406
  0.0000024226
  0.0000029071
  0.0000013259
 -0.0000000472
  0.0000009831
 -0.0000110942
  0.0000069932
 -0.0000132272
 -0.0000001648
  0.0000017984
  0.0000375826
  0.0000087895
  0.0000071555
 -0.0000273437
 -0.0000021912
 -0.0000144934
  0.0000013209
  0.0000071850
 -0.0000011764
 -0.0000017200
 -0.0000007723
 -0.0000037059
 -0.0000022224
 -0.0000046258
 -0.0000111750
 -0.0000044650
 -0.0000000921
 -0.0000131977
 -0.0000045628
 -0.0000008859
  0.0000097955
  0.0000015730
 -0.0000044171
  0.0000016689
  0.0000118218
 -0.0000057426
 -0.0000043522
 -0.0000003344
 -0.0000000709
 -0.0000068159
  0.0000022188
  0.0000044120
  0.0000017677
  0.0000003682
 -0.0000031682
 -0.0000022063
 -0.0000001379
 -0.0000012487
 -0.0000034192
  0.0000001247
  0.0000105338
 -0.0000001331
 -0.0000312208
 -0.0000065276
 -0.0000002306
  0.0000039999
  0.0000008497
  0.0000045209
 -0.0000101560
  0.0000018493
  0.0000021592
  0.0000108204
  0.0000378497
  0.0000046755
 -0.0000058614
 -0.0000013201
  0.0000035400
  0.0000089655
 -0.0000009017
  0.0000167251
 -0.0000048720
  0.0000050859
  0.0000032856
 -0.0000089758
 -0.0000050891
  0.0000146147
 -0.0000047553
 -0.0000244146
 -0.0000055744
  0.0000025624
  0.0000046219
 -0.0000531737
 -0.0000041014
  0.0000285691
 -0.0000041115
  0.0000018204
 -0.0000003747
 -0.0000029356
  0.0000166115
 -0.0000071005
 -0.0000007682
  0.0000038313
  0.0000042173
 -0.0000031123
  0.0000142985
  0.0000132317
  0.0000050392
 -0.0000007261
  0.0000056751
 -0.0000017665
 -0.0000022756
 -0.0000013856
 -0.0000004912
 -0.0000019586
  0.0000026533
 -0.0000007123
  0.0000356851
 -0.0000262771
  0.0000046730
  0.0000091262
  0.0000052391
  0.0000077823
  0.0000051721
  0.0000028810
 -0.0000037383
  0.0000022173
 -0.0000001912
 -0.0000125763
 -0.0000141235
 -0.0000008748
  0.0000064276
  0.0000179607
 -0.0000128122
  0.0000112630
 -0.0000055796
 -0.0002431413
  0.0000018420
 -0.0000082121
  0.0000020484
  0.0000001512
  0.0000003836
  0.0000008203
  0.0000012673
  0.0000049391
  0.0000033039
  0.0000016439
  0.0000029620
 -0.0000064071
  0.0000039181
  0.0000026689
 -0.0000073574
  0.0000002281
  0.0000059883
  0.0000014392
  0.0000000669
  0.0000029253
  0.0000064225
  0.0000009465
  0.0000004889
 -0.0000005869
 -0.0000008872
 -0.0000027439
 -0.0000010102
  0.0000013351
  0.0000000511
  0.0000010669
  0.0000008958
 -0.0000002953
  0.0000040296
  0.0000059536
 -0.0000167266
  0.0000008348
  0.0000012327
  0.0000037397
  0.0000016077
  0.0000031620
 -0.0000068233
  0.0000004223
  0.0000000250
 -0.0000102816
  0.0000193587
  0.0000047248
  0.0000037497
 -0.0000033628
  0.0000000574
  0.0000088363
 -0.0000302992
  0.0000166299
 -0.0000050948
  0.0000020679
  0.0000011114
 -0.0000040144
 -0.0000123630
  0.0000132303
 -0.0000047501
 -0.0000083819
  0.0000005345
  0.0000019958
  0.0000015365
 -0.0000661300
 -0.0000039592
  0.0000085403
  0.0000034698
  0.0000034134
  0.0000059828
  0.0000004664
 -0.0000037641
  0.0000064699
  0.0000054875
 -0.0000043312
  0.0000016824
  0.0000018984
  0.0000020356
 -0.0000039592
 -0.0000026753
  0.0000058176
  0.0000044133
 -0.0000009569
 -0.0000007314
 -0.0000009071
  0.0000028928
 -0.0000005091
  0.0000032111
 -0.0000011438
 -0.0000007273
  0.0000042565
  0.0000262571
  0.0000526112
 -0.0000218967
 -0.0000047344
  0.0000147655
  0.0000004867
  0.0000080626
  0.0000051930
  0.0000107500
 -0.0000355429
  0.0000035907
 -0.0000013745
  0.0000000750
 -0.0000134764
  0.0000353406
  0.0000000430
  0.0000024464
  0.0000225517
  0.0000170818
  0.0000097895
 -0.0000115739
 -0.0002019025
 -0.0000013159
 -0.0000078896
 -0.0000114089
 -0.0000012742
 -0.0000060679
  0.0000104907
  0.0000001411
  0.0000033728
 -0.0000011472
 -0.0000029945
  0.0000083774
 -0.0000115409
  0.0000257139
  0.0000068531
  0.0000138799
 -0.0000032700
  0.0000213286
 -0.0000013452
  0.0000110560
  0.0000018675
 -0.0000022473
 -0.0000005646
 -0.0000026772
 -0.0000035344
 -0.0000015462
 -0.0000033670
 -0.0000004096
 -0.0000037370
  0.0000346643
 -0.0000249262
 -0.0000307100
 -0.0000045280
  0.0000001599
  0.0000001168
 -0.0000045970
  0.0000119287
  0.0000019911
  0.0000008665
  0.0000010471
  0.0000022490
  0.0000041353
  0.0000074207
  0.0000048310
  0.0000117383
 -0.0000041886
  0.0000222453
 -0.0000046273
 -0.0000435248
  0.0000022174
  0.0000152132
 -0.0000084994
 -0.0000046734
 -0.0000084276
 -0.0000014685
  0.0000098051
 -0.0000033136
 -0.0000078818
  0.0000018493
  0.0000169272
 -0.0000023529
  0.0000092556
  0.0000081731
  0.0000177430
 -0.0000085761
 -0.0000002474
 -0.0000021939
 -0.0000013724
  0.0000007770
 -0.0000038555
  0.0000025836
 -0.0000029538
  0.0000021559
 -0.0000010879
  0.0000482494
  0.0000111445
 -0.0000087674
  0.0000026032
  0.0000006451
 -0.0001417227
  0.0000039305
  0.0000004147
 -0.0000008156
 -0.0000093922
 -0.0000096695
  0.0000011653
  0.0000039999
  0.0000249881
  0.0000133310
 -0.0000044698
 -0.0002476877
  0.0000023018
 -0.0000131390
  0.0000032347
  0.0000005393
  0.0000006378
 -0.0000022949
  0.0000056949
 -0.0000018414
  0.0000008035
 -0.0000062971
 -0.0000021491
  0.0000015047
 -0.0000016283
  0.0000023355
  0.0000005933
 -0.0000007454
  0.0000004026
 -0.0000009026
  0.0000004060
 -0.0000078403
  0.0000259251
  0.0000241448
  0.0000027334
 -0.0000014583
  0.0000055923
  0.0000013609
 -0.0000036982
  0.0000149082
 -0.0000014736
  0.0000044953
 -0.0000022735
 -0.0000100191
  0.0000021011
  0.0000003588
  0.0000049556
  0.0000040906
 -0.0000143340
  0.0000083245
 -0.0000398430
  0.0000056138
  0.0000011107
 -0.0000054446
  0.0000036746
  0.0000017679
 -0.0000167257
  0.0000179139
  0.0000014442
  0.0000102260
  0.0000216399
 -0.0000059140
  0.0000296199
  0.0000037680
 -0.0000241769
  0.0000041050
  0.0000001978
 -0.0000016592
 -0.0000013008
 -0.0000006911
  0.0000007887
 -0.0000027670
  0.0000003635
 -0.0000001015
 -0.0000006683
 -0.0000021678
  0.0000001408
  0.0000003077
 -0.0000018223
  0.0000032009
 -0.0000099545
  0.0000079399
  0.0000193976
 -0.0000100517
 -0.0000009034
  0.0000033975
  0.0000044745
 -0.0000041224
  0.0000131701
  0.0000009437
  0.0000081251
 -0.0000009949
 -0.0000053526
 -0.0000071679
  0.0000015425
  0.0000046180
 -0.0000013366
 -0.0000179405
  0.0000105766
 -0.0000333174
  0.0000151160
  0.0000011999
  0.0000104752
  0.0000017682
  0.0000044710
 -0.0000149414
 -0.0000028140
 -0.0000077719
  0.0000059385
  0.0000004452
 -0.0000057601
  0.0000322722
  0.0000033683
 -0.0000138118
  0.0000054822
 -0.0000005781
 -0.0000002035
 -0.0000007638
 -0.0000010387
 -0.0000001415
  0.0000007683
 -0.0000028086
  0.0000014228
 -0.0000001735
 -0.0000025424
 -0.0000043953
 -0.0000002757
 -0.0000011377
  0.0000042771
 -0.0000041617
  0.0000169866
  0.0000221927
 -0.0000048409
 -0.0000007240
  0.0000068670
  0.0000043121
 -0.0000036049
  0.0000142844
 -0.0000005583
  0.0000046299
 -0.0000013860
 -0.0000084121
 -0.0000018768
  0.0000021230
  0.0000055198
  0.0000103898
 -0.0000227335
  0.0000109846
 -0.0000373465
  0.0000040706
  0.0000019955
 -0.0000044663
  0.0000026380
  0.0000027157
 -0.0000143480
  0.0000214607
  0.0000030017
  0.0000070894
  0.0000075838
 -0.0000057509
  0.0000306831
  0.0000037155
 -0.0000177804
 -0.0000023221
  0.0000005560
  0.0000010629
  0.0000073020
 -0.0000012442
 -0.0000025936
 -0.0000026218
  0.0000005725
 -0.0000017148
  0.0000111728
  0.0000004560
  0.0000001206
  0.0000000207
  0.0000000193
  0.0000023871
 -0.0000069924
  0.0000265606
  0.0000251829
  0.0000054934
 -0.0000023369
  0.0000054354
  0.0000004791
 -0.0000023764
  0.0000174206
 -0.0000028615
  0.0000041115
 -0.0000024069
 -0.0000108303
  0.0000064413
 -0.0000009865
  0.0000043925
  0.0000037672
 -0.0000132959
  0.0000073839
 -0.0000414442
  0.0000051247
 -0.0000016526
 -0.0000055959
  0.0000036428
  0.0000017502
 -0.0000177507
  0.0000187101
  0.0000014959
  0.0000111802
  0.0000268892
 -0.0000074552
  0.0000286841
  0.0000018079
 -0.0000274654
  0.0000077306
 -0.0000006825
 -0.0000007119
 -0.0000055790
 -0.0000036428
  0.0000001189
  0.0000004674
 -0.0000001804
 -0.0000012453
 -0.0000026061
  0.0000094586
 -0.0000009477
 -0.0000010080
  0.0000021827
 -0.0000025177
 -0.0000033009
  0.0000094619
  0.0000194205
 -0.0000094945
 -0.0000025056
 -0.0000058121
  0.0000031700
 -0.0000061994
  0.0000075376
  0.0000060578
  0.0000099233
 -0.0000008456
 -0.0000124761
 -0.0000140212
 -0.0000016625
 -0.0000000397
  0.0000193273
 -0.0000163226
  0.0000103413
 -0.0000462067
  0.0000051164
  0.0000019325
 -0.0000032388
  0.0000043366
  0.0000046163
 -0.0000148901
 -0.0000034277
  0.0000001159
  0.0000014987
  0.0000130716
 -0.0000061323
  0.0000269694
  0.0000003712
 -0.0000007297
 -0.0000001863
 -0.0000010276
  0.0000001707
  0.0000012758
 -0.0000146137
 -0.0000032567
  0.0000063746
 -0.0000000902
 -0.0000001594
  0.0000027144
  0.0000036703
 -0.0000011575
 -0.0000017600
  0.0000009162
  0.0000003311
 -0.0000069205
  0.0000054180
  0.0000228030
 -0.0000168752
 -0.0000012085
 -0.0000043995
  0.0000098647
 -0.0000064560
  0.0000114617
  0.0000275324
 -0.0000038110
 -0.0000014323
 -0.0000096492
 -0.0000060675
 -0.0000020000
  0.0000039361
  0.0000162014
 -0.0000241529
  0.0000037364
 -0.0000445023
 -0.0000081302
  0.0000032223
 -0.0000179895
  0.0000054272
  0.0000063103
 -0.0000130598
  0.0000004675
 -0.0000041117
  0.0000029622
  0.0000075677
 -0.0000037463
  0.0000280203
 -0.0000052986
  0.0000070018
  0.0000006454
  0.0000003440
 -0.0000018899
  0.0000036816
 -0.0000020769
 -0.0000001788
 -0.0000055461
  0.0000000075
 -0.0000014283
 -0.0000064745
  0.0000005376
 -0.0000011459
  0.0000008792
 -0.0000009271
  0.0000003503
 -0.0000095810
  0.0000105473
  0.0000194395
 -0.0000086670
 -0.0000012100
 -0.0000024392
  0.0000035591
 -0.0000038675
  0.0000135784
  0.0000023069
  0.0000078355
 -0.0000016206
 -0.0000051552
 -0.0000071905
  0.0000011193
 -0.0000043781
 -0.0000018193
 -0.0000189543
  0.0000105716
 -0.0000335201
  0.0000194342
  0.0000008164
  0.0000147757
  0.0000017991
  0.0000040996
 -0.0000147848
 -0.0000079085
 -0.0000067010
  0.0000088954
  0.0000015218
 -0.0000051936
  0.0000320568
  0.0000031444
 -0.0000134117
  0.0000011159
 -0.0000004496
  0.0000017037
  0.0000010833
 -0.0000139974
 -0.0000021988
  0.0000062703
  0.0000004905
  0.0000004374
  0.0000043721
  0.0000061380
 -0.0000004600
 -0.0000004964
  0.0000020123
  0.0000009048
 -0.0000070263
  0.0000123400
  0.0000196468
 -0.0000093115
 -0.0000016400
 -0.0000044203
  0.0000041771
 -0.0000068324
  0.0000057973
  0.0000022682
  0.0000131784
 -0.0000036698
 -0.0000121141
 -0.0000134356
 -0.0000030467
 -0.0000082389
  0.0000099696
 -0.0000168648
  0.0000069303
 -0.0000454779
  0.0000124495
  0.0000041336
  0.0000066204
  0.0000047480
  0.0000049898
 -0.0000162931
 -0.0000123064
 -0.0000038445
  0.0000018868
  0.0000096387
 -0.0000054199
  0.0000272041
  0.0000034313
 -0.0000014530
  0.0000026324
 -0.0000007701
  0.0000012073
  0.0000090168
 -0.0000114199
 -0.0000034150
 -0.0000008221
  0.0000026777
 -0.0000053910
  0.0000180837
 -0.0000006298
 -0.0000010970
 -0.0000003277
  0.0000015692
  0.0000034580
 -0.0000089214
  0.0000128198
  0.0000481897
  0.0000129245
  0.0000000178
  0.0000124385
  0.0000045413
 -0.0000062215
  0.0000074048
 -0.0000050929
  0.0000037546
 -0.0000021044
 -0.0000201337
  0.0000059257
 -0.0000017140
 -0.0000071611
  0.0000034055
 -0.0000362909
 -0.0000005206
 -0.0000143732
  0.0000026239
  0.0000012538
  0.0000075072
  0.0000162384
 -0.0000009362
 -0.0000167528
 -0.0000039663
 -0.0000039349
  0.0000071182
  0.0000118716
 -0.0000058577
  0.0000353668
  0.0000024915
 -0.0000369141
  0.0000016147
  0.0000002348
 -0.0000015551
  0.0000057527
 -0.0000009322
  0.0000024821
 -0.0000055757
  0.0000016046
  0.0000025554
 -0.0000000810
  0.0000046849
  0.0000000190
 -0.0000000884
  0.0000004428
  0.0000021452
 -0.0000100399
  0.0000263559
  0.0000284394
  0.0000073160
 -0.0000015840
  0.0000092999
  0.0000016240
 -0.0000029616
  0.0000168021
 -0.0000014530
  0.0000036423
 -0.0000015373
 -0.0000105431
  0.0000082982
  0.0000011554
 -0.0000024664
  0.0000032903
 -0.0000160827
  0.0000081827
 -0.0000403598
  0.0000036882
  0.0000018133
 -0.0000004334
  0.0000045831
  0.0000023055
 -0.0000164716
  0.0000071569
 -0.0000032779
  0.0000109501
  0.0000301221
 -0.0000070314
  0.0000284389
  0.0000025474
 -0.0000345686
  0.0000034422
 -0.0000004435
  0.0000053493
 -0.0000036689
 -0.0000056158
 -0.0000020594
  0.0000013904
  0.0000007653
  0.0000007072
  0.0000015549
  0.0000095147
 -0.0000006771
  0.0000018096
 -0.0000019837
  0.0000009053
 -0.0000040470
  0.0000080929
  0.0000196564
 -0.0000135291
 -0.0000016274
  0.0000097607
  0.0000043087
 -0.0000055958
  0.0000114970
  0.0000000671
  0.0000085326
  0.0000001510
 -0.0000068595
 -0.0000067950
 -0.0000001446
  0.0000093617
  0.0000014875
 -0.0000148251
  0.0000110749
 -0.0000342600
  0.0000055406
  0.0000018770
  0.0000031759
  0.0000021132
  0.0000053698
 -0.0000134530
  0.0000142882
 -0.0000019291
  0.0000022013
 -0.0000006330
 -0.0000072264
  0.0000320771
  0.0000017071
 -0.0000140361
  0.0000027418
 -0.0000006070
  0.0000008275
  0.0000027882
 -0.0000037798
 -0.0000089000
 -0.0000015456
  0.0000015724
  0.0000004009
 -0.0000006134
  0.0000010188
  0.0000096205
  0.0000015339
 -0.0000018709
  0.0000006523
 -0.0000065205
  0.0000098550
  0.0000189705
 -0.0000091646
 -0.0000009244
 -0.0000048306
  0.0000027870
 -0.0000073073
  0.0000071460
  0.0000003197
  0.0000137084
 -0.0000009026
 -0.0000112924
 -0.0000123409
 -0.0000026354
 -0.0000083360
  0.0000077845
 -0.0000152247
  0.0000105513
 -0.0000461020
  0.0000125841
  0.0000016663
  0.0000068378
  0.0000045141
  0.0000051180
 -0.0000154333
 -0.0000115442
 -0.0000033497
  0.0000008074
  0.0000134515
 -0.0000048095
  0.0000271991
  0.0000031722
 -0.0000045462
  0.0000036632
 -0.0000007941
  0.0000004470
  0.0000079711
 -0.0000111035
 -0.0000011775
 -0.0000006415
  0.0000015210
 -0.0000041703
  0.0000187362
 -0.0000001582
  0.0000007786
  0.0000012722
 -0.0000009394
  0.0000004374
  0.0000004173
 -0.0000083007
  0.0000099488
  0.0000413347
  0.0000101368
 -0.0000015273
  0.0000086870
  0.0000047257
 -0.0000061275
  0.0000100139
 -0.0000036611
  0.0000006392
 -0.0000017780
 -0.0000161079
  0.0000021978
 -0.0000016285
 -0.0000047957
  0.0000013769
 -0.0000365965
  0.0000009352
 -0.0000249081
 -0.0000000106
  0.0000013561
  0.0000032954
  0.0000104534
 -0.0000009530
 -0.0000165960
  0.0000058311
 -0.0000039821
  0.0000069247
  0.0000106825
 -0.0000070926
  0.0000293128
  0.0000025295
 -0.0000350448
  0.0000062149
 -0.0000006597
  0.0000007347
 -0.0000016122
 -0.0000014196
 -0.0000008032
 -0.0000000143
 -0.0000019303
  0.0000000499
 -0.0000002055
 -0.0000029530
 -0.0000027742
  0.0000012887
  0.0000017480
  0.0000006455
 -0.0000087225
  0.0000185280
  0.0000230031
 -0.0000039057
 -0.0000011382
  0.0000064505
  0.0000043729
 -0.0000039283
  0.0000139585
 -0.0000005178
  0.0000056218
 -0.0000015222
 -0.0000085441
 -0.0000048519
  0.0000017456
  0.0000043623
  0.0000052713
 -0.0000190888
  0.0000108593
 -0.0000379480
  0.0000063677
  0.0000018573
 -0.0000048660
  0.0000034237
  0.0000025017
 -0.0000147713
  0.0000169421
  0.0000016728
  0.0000057492
  0.0000087934
 -0.0000052765
  0.0000301716
  0.0000044443
 -0.0000185201
  0.0000064733
 -0.0000012150
 -0.0000000705
 -0.0000000119
 -0.0000019267
 -0.0000007018
  0.0000008603
 -0.0000005319
 -0.0000006768
 -0.0000002086
 -0.0000028057
  0.0000017675
 -0.0000001200
  0.0000011259
  0.0000020149
 -0.0000073297
  0.0000081719
  0.0000196780
 -0.0000107775
 -0.0000025735
  0.0000078320
  0.0000030258
 -0.0000040769
  0.0000149343
  0.0000004742
  0.0000085658
 -0.0000005867
 -0.0000059808
 -0.0000067659
  0.0000011332
  0.0000095023
  0.0000002272
 -0.0000172720
  0.0000111348
 -0.0000329455
  0.0000109219
  0.0000013263
  0.0000073690
  0.0000020190
  0.0000049404
 -0.0000145948
  0.0000033618
 -0.0000059460
  0.0000047367
 -0.0000000700
 -0.0000062572
  0.0000326418
  0.0000029864
 -0.0000139247
 -0.0000044697
 -0.0000028310
 -0.0000025939
 -0.0000010084
 -0.0000562072
  0.0000020615
  0.0000208697
  0.0000302594
  0.0000146037
  0.0000492631
 -0.0000160087
  0.0000031602
  0.0000094686
  0.0000035954
 -0.0000056386
 -0.0001737620
  0.0000046750
 -0.0000014895
  0.0000020723
  0.0000027558
  0.0000044219
 -0.0000127771
  0.0000481699
  0.0000078101
 -0.0000012192
  0.0000018604
  0.0000464679
  0.0000058264
  0.0001029079
  0.0000079405
  0.0000082193
 -0.0000012516
 -0.0000049794
  0.0000028430
  0.0000058061
 -0.0000044793
  0.0000037704
  0.0000649001
 -0.0000174481
 -0.0000226621
  0.0000103750
  0.0000009483
  0.0000031363
  0.0000079275
  0.0000221799
  0.0000100924
  0.0000394495
  0.0000011568
  0.0000067074
  0.0000066394
 -0.0000007366
 -0.0000033738
 -0.0000163648
 -0.0000153962
 -0.0000676969
  0.0000092167
  0.0000163877
  0.0000033976
  0.0000140140
  0.0000169943
 -0.0000269813
  0.0000076230
 -0.0000059822
  0.0000044433
 -0.0000083735
 -0.0000222330
 -0.0000390598
  0.0000007950
 -0.0000077470
  0.0000015182
  0.0000012416
 -0.0000008019
  0.0000238181
  0.0000005386
  0.0000009419
  0.0000667627
 -0.0000186443
 -0.0000235065
  0.0000080431
 -0.0000003187
  0.0000030698
  0.0000043212
  0.0000160075
  0.0000009814
  0.0000387408
 -0.0000029455
 -0.0000041332
  0.0000067228
  0.0000019889
 -0.0000039573
 -0.0000182553
 -0.0000139612
 -0.0000637465
  0.0000054497
  0.0000085468
 -0.0000105948
  0.0000017176
  0.0000146662
  0.0000167282
 -0.0000169795
  0.0000084337
  0.0000008447
  0.0000039711
 -0.0000000366
 -0.0000258177
 -0.0000386846
  0.0000215323
 -0.0000077788
  0.0000138416
  0.0000856108
 -0.0000179158
 -0.0000286754
  0.0000217369
  0.0000099506
  0.0000064636
  0.0000040331
  0.0000070950
  0.0000060962
  0.0000544043
  0.0000046641
 -0.0000013439
 -0.0000042156
  0.0000017521
 -0.0000004822
 -0.0000108390
 -0.0000183057
 -0.0000341344
 -0.0000021001
  0.0000062506
  0.0000040058
  0.0000277766
  0.0000006379
 -0.0000281758
 -0.0000017499
 -0.0000650094
  0.0000281929
  0.0000072820
 -0.0000570401
  0.0000006462
 -0.0000000762
 -0.0000017404
 -0.0000003372
  0.0000724488
  0.0000213221
  0.0000442109
  0.0000234805
  0.0000072763
  0.0000058016
  0.0000055219
  0.0000078828
 -0.0000490605
 -0.0000029484
  0.0000046602
 -0.0000065487
 -0.0000003147
  0.0000012202
 -0.0000214863
  0.0000076032
 -0.0000004531
  0.0000008546
 -0.0000017148
  0.0000225937
 -0.0001105032
 -0.0000057646
  0.0000032339
 -0.0000591603
 -0.0000022402
 -0.0000062484
 -0.0000045984
 -0.0000046691
 -0.0000038577
 -0.0002815838
  0.0000105034
  0.0000144068
  0.0000283651
 -0.0000038543
  0.0000010739
  0.0000083780
 -0.0000058319
 -0.0002534697
  0.0000035935
 -0.0000013312
 -0.0000042709
 -0.0000004804
 -0.0000040396
  0.0000095186
 -0.0000010101
  0.0000364495
 -0.0000221309
 -0.0000008101
  0.0000328977
  0.0000024332
  0.0000319060
  0.0000021018
 -0.0000046031
  0.0001118715
  0.0000019043
  0.0000347837
  0.0000218637
  0.0000005917
  0.0000089672
  0.0000651693
 -0.0000268041
 -0.0000356107
  0.0000192050
  0.0000030179
  0.0000092250
  0.0000083517
  0.0000006661
  0.0000495713
  0.0000002967
 -0.0000005462
 -0.0000014099
  0.0000012485
  0.0000001011
 -0.0000096791
 -0.0000172889
 -0.0000444626
  0.0000019563
 -0.0000109256
 -0.0000028022
  0.0000224155
  0.0000023404
 -0.0000265501
  0.0000011335
 -0.0000223006
  0.0000226478
  0.0000220255
 -0.0000492113
 -0.0000085862
 -0.0000064222
 -0.0000065910
 -0.0000059216
 -0.0000042515
 -0.0002252285
  0.0000601126
  0.0000144358
  0.0000365657
  0.0000038366
  0.0000063597
 -0.0000119337
 -0.0002318276
 -0.0000041167
 -0.0000009467
 -0.0000025910
 -0.0000049283
 -0.0000040060
 -0.0000169525
 -0.0000089358
  0.0000451644
  0.0000020192
 -0.0000116720
 -0.0000123802
  0.0000023456
  0.0000004003
  0.0001158377
  0.0001404522
  0.0000054892
  0.0000150005
  0.0000033865
 -0.0000016428
 -0.0000052491
 -0.0000031420
  0.0000654312
 -0.0000284643
 -0.0000377669
  0.0000186546
  0.0000023351
  0.0000024385
  0.0000054886
  0.0000067377
  0.0000016752
  0.0000481423
  0.0000029944
  0.0000029767
  0.0000018748
 -0.0000006831
  0.0000017277
  0.0000010523
 -0.0000193324
 -0.0000455031
 -0.0000008013
  0.0000082428
  0.0000138111
  0.0000015669
  0.0000187667
 -0.0000026883
 -0.0000231622
  0.0000126880
  0.0000001916
 -0.0000099181
  0.0000080058
  0.0000120789
 -0.0000497355
  0.0000073342
 -0.0000034409
 -0.0000064149
  0.0000627241
 -0.0000192094
 -0.0000260672
  0.0000108508
  0.0000039102
  0.0000099195
  0.0000340583
  0.0000027469
  0.0000420055
  0.0000029620
 -0.0000080750
  0.0000140421
  0.0000021633
 -0.0000016428
 -0.0000096299
 -0.0000110572
 -0.0000767813
  0.0000095267
 -0.0000016243
  0.0000000414
  0.0000156734
  0.0000105485
 -0.0000156173
  0.0000000458
  0.0000090317
 -0.0000019783
 -0.0000204894
 -0.0000398327
  0.0000021948
  0.0000049087
  0.0000783700
 -0.0000059189
  0.0000183807
  0.0000376359
  0.0000205689
 -0.0000006970
  0.0000064536
  0.0000046301
 -0.0000341449
  0.0000001117
 -0.0000063600
 -0.0000028031
 -0.0000049342
  0.0000087568
 -0.0000242409
  0.0000023237
  0.0000018894
  0.0000101039
  0.0000126559
 -0.0000025633
 -0.0000014090
 -0.0000050622
 -0.0001310624
 -0.0000079244
  0.0000021324
 -0.0000644239
  0.0000025002
  0.0000028818
 -0.0003061805
  0.0000105540
  0.0000310393
  0.0000043108
  0.0000015899
  0.0000077593
 -0.0002860760
  0.0000014673
 -0.0000023767
 -0.0000019560
 -0.0000026780
  0.0000062731
  0.0000386750
  0.0000027520
  0.0000139578
  0.0000053033
 -0.0000012462
  0.0001305473
  0.0000030957
  0.0000045754
 -0.0000012330
 -0.0000002391
  0.0000186079
 -0.0000044227
 -0.0000099354
  0.0000644714
  0.0000125465
 -0.0000306051
  0.0000049254
  0.0000139262
  0.0000022317
  0.0000063239
  0.0000387855
 -0.0000039995
  0.0000433454
 -0.0000020267
  0.0000021222
  0.0000211673
  0.0000015775
 -0.0000043085
 -0.0000165016
 -0.0000141690
 -0.0000828885
 -0.0000054987
  0.0000047884
  0.0000068338
 -0.0000041515
  0.0000275612
 -0.0000210532
 -0.0000015593
  0.0000048281
 -0.0000048543
  0.0000047644
 -0.0000071992
 -0.0000544158
 -0.0000441308
 -0.0000017302
  0.0000043991
 -0.0000026733
 -0.0000117110
  0.0000629831
 -0.0000204365
 -0.0000325867
  0.0000177062
  0.0000081464
  0.0000021373
  0.0000084554
  0.0000152472
  0.0000105404
  0.0000429555
  0.0000012569
 -0.0000046825
  0.0000014736
 -0.0000014072
  0.0000024672
 -0.0000213215
 -0.0000128932
 -0.0000560052
 -0.0000013548
  0.0000009076
  0.0000091079
 -0.0000042043
  0.0000182087
  0.0000181660
 -0.0000291756
  0.0000141976
  0.0000010005
  0.0000145920
 -0.0000000952
  0.0000233704
 -0.0000527941
  0.0000009759
  0.0000194874
 -0.0000064068
 -0.0000125822
  0.0000672149
  0.0000425237
  0.0000109774
  0.0000018546
  0.0000301693
  0.0000069650
 -0.0000017499
  0.0000492563
 -0.0000023400
  0.0000288199
 -0.0000024711
 -0.0000011948
  0.0000100672
 -0.0000104913
 -0.0000036206
 -0.0000175391
 -0.0000027866
 -0.0000942427
 -0.0000091431
  0.0000207427
 -0.0000020148
 -0.0000002649
  0.0000388375
 -0.0000263830
 -0.0000011595
  0.0000018629
 -0.0000039647
 -0.0000113696
 -0.0000018493
 -0.0001008034
 -0.0000374925
  0.0000161056
  0.0000019179
  0.0000236371
  0.0000721903
 -0.0000196629
 -0.0000268496
  0.0000073232
  0.0000089816
  0.0000475469
 -0.0000007153
 -0.0000000908
  0.0000003934
 -0.0000011397
 -0.0000003767
 -0.0000169430
 -0.0000384412
  0.0000035885
 -0.0000081333
 -0.0000050920
  0.0000001187
 -0.0000169097
 -0.0000039115
 -0.0000528634
  0.0000242105
  0.0000115069
 -0.0000476681
  0.0000035412
  0.0000623748
 -0.0000053033
  0.0000138801
  0.0000333384
  0.0000119416
  0.0000440355
 -0.0000154880
  0.0000015569
  0.0000038608
 -0.0000020410
 -0.0000825913
 -0.0000005234
 -0.0000026942
  0.0000020604
  0.0000024346
 -0.0000063530
 -0.0000256786
  0.0000310138
  0.0000022437
 -0.0000060631
  0.0000042133
 -0.0000070142
 -0.0000051965
  0.0000014736
 -0.0000218359
 -0.0000206235
 -0.0000042466
 -0.0000449679
  0.0000172880
  0.0000007931
 -0.0000115303
  0.0000595561
  0.0000360296
 -0.0000337352
  0.0000078905
  0.0000084317
  0.0000032299
  0.0000042587
  0.0000498120
 -0.0000010238
  0.0000367128
 -0.0000008851
 -0.0000037272
  0.0000222975
 -0.0000003517
 -0.0000033569
 -0.0000216768
 -0.0000030525
 -0.0000924044
  0.0000198958
 -0.0000030513
  0.0000011124
  0.0000228394
 -0.0000266305
 -0.0000145725
  0.0000052295
 -0.0000027967
  0.0000011760
 -0.0000089746
 -0.0000819321
 -0.0000520427
  0.0000748887
 -0.0000081824
 -0.0004126152
  0.0000163713
  0.0000163597
  0.0000124928
  0.0000013963
  0.0000727480
  0.0000180995
 -0.0000060232
  0.0000939423
  0.0000023779
 -0.0000059036
  0.0000029447
  0.0000043941
  0.0000122239
 -0.0000091201
 -0.0000014697
 -0.0000003578
  0.0000090131
  0.0000230943
 -0.0001306225
  0.0000327980
 -0.0000012281
  0.0000081976
  0.0000751205
  0.0000093561
 -0.0000275742
  0.0000004240
  0.0000254083
 -0.0000430521
  0.0000085025
  0.0000168764
  0.0000266927
 -0.0000218103
 -0.0000805888
 -0.0000058669
 -0.0002456207
  0.0000026919
 -0.0000001494
 -0.0001296971
 -0.0001584835
 -0.0000420422
 -0.0000257026
  0.0000032036
 -0.0000119543
  0.0000267878
 -0.0000126818
 -0.0000012040
 -0.0000041493
 -0.0000001246
  0.0000109207
 -0.0000135501
  0.0000143536
 -0.0000440609
 -0.0000358564
  0.0000049037
  0.0000114173
 -0.0000462971
 -0.0000387173
  0.0000233961
 -0.0000042290
  0.0000186527
  0.0000000896
 -0.0000257354
  0.0000246159
 -0.0000523526
 -0.0000415538
  0.0000091469
  0.0000064976
  0.0000040078
  0.0000012272
  0.0000127464
  0.0000167219
  0.0000063362
  0.0000107281
  0.0000799809
 -0.0001218024
  0.0000113397
  0.0000270782
  0.0000014171
 -0.0000028968
 -0.0000017197
 -0.0001003214
  0.0000582959
 -0.0000086225
 -0.0000625884
 -0.0000373595
  0.0000012155
  0.0000057020
 -0.0000918694
  0.0000183626
  0.0000138860
 -0.0000093592
 -0.0000032251
 -0.0000015205
  0.0000271966
 -0.0000032443
  0.0000527128
  0.0000021942
 -0.0000095532
  0.0001168693
 -0.0000071828
 -0.0000366439
  0.0000371653
 -0.0001215769
  0.0000071772
  0.0000205988
  0.0000299384
 -0.0000316665
  0.0000039025
 -0.0000064130
  0.0000454785
  0.0000168746
  0.0000309204
 -0.0000257415
  0.0000040306
 -0.0000336229
 -0.0000010795
 -0.0000047858
 -0.0000107428
 -0.0000351747
  0.0000265218
  0.0000464295
  0.0000334783
  0.0000038721
  0.0000116624
 -0.0000049916
  0.0000143445
  0.0000265186
  0.0000170239
  0.0000451348
  0.0000136553
  0.0000145846
  0.0000415403
 -0.0000308091
 -0.0000068119
 -0.0000156493
 -0.0000168440
  0.0000261811
 -0.0000320046
  0.0000042833
 -0.0000764899
  0.0000668764
  0.0000428981
  0.0000212766
  0.0001143570
  0.0000719676
 -0.0000059324
 -0.0000256178
  0.0000337606
  0.0000297138
  0.0000181741
 -0.0000085887
 -0.0000910153
  0.0000055157
 -0.0000003582
  0.0000009622
 -0.0000846802
 -0.0000090821
  0.0000045431
  0.0000144949
  0.0000020500
 -0.0000104203
  0.0000046773
 -0.0000765656
 -0.0000254156
 -0.0000268653
 -0.0000175195
  0.0000161031
  0.0000095150
 -0.0000640736
 -0.0000018701
  0.0000566388
 -0.0000005851
  0.0000020099
  0.0000217448
 -0.0000426290
 -0.0000385284
 -0.0001525933
  0.0001301967
 -0.0000047415
 -0.0000674707
  0.0000079048
 -0.0000528384
  0.0000220436
 -0.0000091076
 -0.0000011420
 -0.0000322834
 -0.0000007838
 -0.0000221611
 -0.0000415752
  0.0000117503
  0.0000179440
  0.0000333340
 -0.0000027871
  0.0000010568
  0.0000219245
  0.0000126622
  0.0000064985
 -0.0000010060
 -0.0000198919
  0.0000088363
 -0.0000028853
  0.0000189589
  0.0000170688
 -0.0000008144
 -0.0001470429
 -0.0000197015
 -0.0000019107
 -0.0001281590
 -0.0000003730
 -0.0000059696
  0.0000090526
  0.0000013978
  0.0000013973
 -0.0000973278
  0.0000164338
 -0.0000049410
 -0.0000443666
  0.0000031194
  0.0000787433
