 -0.0000017169
 -0.0000026177
 -0.0000021397
  0.0000064827
  0.0000015253
  0.0000003627
  0.0000011184
  0.0000040922
 -0.0000000994
  0.0000000168
 -0.0000027158
 -0.0000055682
 -0.0000037583
  0.0000011046
  0.0000003753
  0.0000020199
 -0.0000029992
  0.0000010898
 -0.0000014359
 -0.0000018135
  0.0000037671
  0.0000000939
  0.0000000893
  0.0000069988
 -0.0000002958
 -0.0000039810
  0.0000025101
  0.0000026605
  0.0000001252
 -0.0000038592
  0.0000004571
 -0.0000000044
 -0.0000028947
  0.0000031786
  0.0000005435
 -0.0000028095
  0.0000059377
  0.0000065778
 -0.0000046855
 -0.0000023728
 -0.0000035093
 -0.0000020837
  0.0000049229
 -0.0000005965
  0.0000122103
 -0.0000003108
 -0.0000083781
  0.0000047538
 -0.0000084010
  0.0000087124
 -0.0000182101
 -0.0000061985
 -0.0000316842
  0.0000032505
  0.0000110822
 -0.0000307166
 -0.0000020422
  0.0000049423
  0.0000143564
  0.0000064432
 -0.0000067581
  0.0000125493
  0.0000085238
 -0.0000151366
  0.0000022502
  0.0000006575
 -0.0000302544
  0.0000146490
 -0.0000048950
  0.0000020399
  0.0000056029
  0.0000024548
  0.0000187811
  0.0000134248
 -0.0000309668
  0.0000005294
 -0.0000001915
 -0.0000002649
  0.0000009685
 -0.0000016873
 -0.0000014509
  0.0000004810
 -0.0000000065
  0.0000003576
 -0.0000005673
 -0.0000001740
  0.0000000514
 -0.0000005801
 -0.0000005349
  0.0000015136
 -0.0000228896
  0.0000029377
 -0.0000002114
  0.0000080056
  0.0000182507
 -0.0000211689
  0.0000029756
 -0.0000256593
  0.0000044224
 -0.0000050091
  0.0000451788
  0.0000053634
 -0.0000037951
  0.0000047420
  0.0000014683
  0.0000058449
 -0.0000181741
 -0.0000064433
  0.0000074100
  0.0000060995
 -0.0000055293
  0.0000003028
 -0.0000090426
 -0.0000060375
  0.0000081243
  0.0000276545
  0.0000066269
  0.0000013319
  0.0000040416
  0.0000017985
  0.0000097661
 -0.0000018522
 -0.0000022599
  0.0000216611
 -0.0000320752
 -0.0000022680
  0.0000039401
  0.0000002735
 -0.0000079283
  0.0000239649
  0.0000054633
  0.0000054337
 -0.0000206720
 -0.0000038255
 -0.0000283877
  0.0000038286
  0.0000059373
 -0.0000037898
 -0.0000007140
 -0.0000063757
 -0.0000010425
  0.0000008503
  0.0000000530
  0.0000023140
  0.0000018296
  0.0000010069
  0.0000007453
  0.0000005913
  0.0000046395
 -0.0000020660
  0.0000025084
  0.0000049953
 -0.0000019037
  0.0000000494
 -0.0000020311
  0.0000056501
 -0.0000005761
 -0.0000005635
 -0.0000028110
  0.0000064303
  0.0000037966
  0.0000023969
  0.0000010361
  0.0000008453
  0.0000006883
 -0.0000031330
  0.0000035267
  0.0000011866
 -0.0000017490
 -0.0000224958
  0.0000037423
 -0.0000508427
  0.0000318842
  0.0000025292
 -0.0000496351
 -0.0000120760
  0.0000088284
  0.0000028434
  0.0000075042
  0.0000016200
  0.0000137258
 -0.0000307215
  0.0000117087
 -0.0000267479
  0.0000236554
  0.0000026455
  0.0000295192
  0.0000066109
 -0.0000063602
  0.0000122658
 -0.0000002557
 -0.0000101341
  0.0000194510
  0.0000075120
 -0.0000092900
  0.0000030304
  0.0000048535
  0.0000023300
 -0.0000011378
 -0.0000138089
 -0.0000524537
  0.0000117722
  0.0000025273
  0.0000021692
  0.0000029830
  0.0000026309
  0.0000001012
 -0.0000016451
  0.0000008127
  0.0000017778
  0.0000045829
  0.0000041436
  0.0000028634
  0.0000009762
  0.0000034868
  0.0000028484
  0.0000026885
 -0.0000022719
 -0.0000025957
 -0.0000033063
 -0.0000005602
  0.0000095668
  0.0000077172
  0.0000014853
 -0.0000028836
  0.0000028552
 -0.0000040187
  0.0000144832
  0.0000033436
  0.0000042196
  0.0000001302
 -0.0000186379
  0.0000034835
  0.0000083341
  0.0000005841
 -0.0000057843
  0.0000022075
  0.0000013162
 -0.0000047059
  0.0000085433
  0.0000074604
 -0.0000122376
  0.0000022940
  0.0000030869
  0.0000016383
  0.0000269912
 -0.0000047738
  0.0000140785
  0.0000018289
  0.0000010463
 -0.0000005747
 -0.0000087595
  0.0000069401
 -0.0000004390
 -0.0000040041
  0.0000146776
  0.0000020403
 -0.0000028079
  0.0000014444
 -0.0000052650
 -0.0000020719
 -0.0000036603
 -0.0000027328
 -0.0000017338
 -0.0000029354
  0.0000042381
  0.0000000841
 -0.0000023315
  0.0000008125
  0.0000048093
  0.0000020646
 -0.0000081735
  0.0000054966
  0.0000044369
  0.0000034346
 -0.0000013793
 -0.0000011176
  0.0000006559
  0.0000019495
  0.0000080712
  0.0000003496
  0.0000002008
  0.0000011013
  0.0000032370
  0.0000016166
  0.0000193083
  0.0000011105
 -0.0000191340
  0.0000116571
 -0.0000063324
  0.0000142995
 -0.0000258764
 -0.0000194273
 -0.0000329279
  0.0000059774
  0.0000011616
 -0.0000343269
  0.0000065371
  0.0000105228
 -0.0000025209
  0.0000112108
 -0.0000063223
  0.0000195921
  0.0000072568
 -0.0000085261
 -0.0000027261
 -0.0000023748
 -0.0000358840
  0.0000206466
 -0.0000076372
 -0.0000085501
  0.0000192090
  0.0000197800
 -0.0000322131
 -0.0000034337
 -0.0000016852
 -0.0000031445
 -0.0000026413
  0.0000002311
 -0.0000009497
 -0.0000016436
 -0.0000015078
 -0.0000049133
 -0.0000023748
 -0.0000031241
 -0.0000014808
 -0.0000021598
 -0.0000026760
 -0.0000028614
 -0.0000231697
  0.0000035872
  0.0000040295
  0.0000077047
  0.0000168031
 -0.0000312243
  0.0000034497
 -0.0000265189
  0.0000031881
 -0.0000018663
  0.0000411427
  0.0000103312
 -0.0000016287
  0.0000058367
  0.0000000746
  0.0000065273
 -0.0000095538
 -0.0000028955
  0.0000047135
 -0.0000039344
 -0.0000045940
 -0.0000036268
 -0.0000065676
  0.0000102063
  0.0000251461
  0.0000043600
  0.0000034085
 -0.0000083186
  0.0000055019
  0.0000134864
  0.0000067015
  0.0000198804
 -0.0000335373
  0.0000053377
  0.0000059942
 -0.0000045093
 -0.0000068860
  0.0000226629
  0.0000040509
 -0.0000183009
 -0.0000014134
 -0.0000296184
  0.0000026743
 -0.0000025072
 -0.0000013343
  0.0000006972
 -0.0000028075
  0.0000012698
 -0.0000022562
  0.0000003319
  0.0000013770
 -0.0000000051
  0.0000018495
 -0.0000011705
  0.0000000922
  0.0000074419
  0.0000014431
  0.0000011012
  0.0000061435
 -0.0000089434
  0.0000051748
  0.0000016298
  0.0000044714
  0.0000001839
  0.0000011530
  0.0000003662
  0.0000029110
  0.0000016930
  0.0000059075
  0.0000037510
 -0.0000011845
  0.0000020540
 -0.0000068695
 -0.0000019945
 -0.0000034651
  0.0000107002
  0.0000093347
 -0.0000348660
  0.0000201903
  0.0000090093
  0.0000062995
 -0.0000349989
 -0.0000359629
  0.0000219007
  0.0000055650
 -0.0000149472
 -0.0000197143
  0.0000239620
  0.0000120407
 -0.0000331207
  0.0000067745
 -0.0000041155
 -0.0000049247
  0.0000088868
 -0.0000063418
  0.0000001491
  0.0000039457
 -0.0000201661
 -0.0000046074
 -0.0000116577
 -0.0000341121
  0.0000025877
 -0.0000065784
  0.0000055350
 -0.0000167700
  0.0000016798
  0.0000015658
  0.0000011372
  0.0000011347
  0.0000004594
  0.0000007679
  0.0000023356
  0.0000015893
  0.0000001231
  0.0000012664
  0.0000012780
  0.0000019582
  0.0000013039
  0.0000013896
  0.0000023820
  0.0000370908
  0.0000026355
  0.0000004666
  0.0000107141
 -0.0000035411
 -0.0000222236
  0.0000030631
  0.0000364285
  0.0000087474
  0.0000004876
 -0.0000015521
  0.0000173316
 -0.0000012104
  0.0000015870
  0.0000028301
  0.0000074394
  0.0000127481
  0.0000031626
  0.0000025316
 -0.0000075337
  0.0000026394
  0.0000009121
 -0.0000032478
 -0.0000065293
  0.0000104504
  0.0000010714
 -0.0000012812
  0.0000049666
  0.0000017044
  0.0000008426
  0.0000260056
 -0.0000042534
  0.0000211260
 -0.0000312263
  0.0000000492
  0.0000102785
  0.0000019173
 -0.0000039519
  0.0000262566
  0.0000009781
  0.0000027257
  0.0000057584
 -0.0000139850
 -0.0000057212
  0.0000032392
 -0.0000007348
  0.0000024154
  0.0000009864
 -0.0000003383
  0.0000014852
 -0.0000038300
 -0.0000000963
 -0.0000023694
 -0.0000016777
 -0.0000017203
 -0.0000007869
 -0.0000001679
  0.0000004824
  0.0000052151
  0.0000037390
 -0.0000030667
  0.0000024284
  0.0000005611
 -0.0000036599
  0.0000033378
  0.0000022782
  0.0000014532
  0.0000021755
 -0.0000014321
 -0.0000007863
 -0.0000004760
 -0.0000028659
  0.0000000383
  0.0000041275
 -0.0000032295
  0.0000061149
  0.0000007626
  0.0000171066
  0.0000056617
 -0.0000304892
  0.0000230165
  0.0000049005
  0.0000105001
 -0.0000333649
 -0.0000319169
 -0.0000250497
  0.0000020187
 -0.0000086638
 -0.0000308722
  0.0000189011
  0.0000123751
 -0.0000227834
  0.0000091004
 -0.0000046073
 -0.0000023330
  0.0000093069
 -0.0000081843
  0.0000059251
  0.0000065631
 -0.0000318250
 -0.0000028855
 -0.0000118910
  0.0000006396
 -0.0000282730
  0.0000019452
 -0.0000055852
  0.0000149409
 -0.0000313200
  0.0000028187
  0.0000034901
  0.0000031973
  0.0000043644
  0.0000047726
  0.0000043807
  0.0000035480
  0.0000029852
 -0.0000002806
  0.0000016396
  0.0000043547
  0.0000035502
  0.0000017280
  0.0000019651
  0.0000047317
 -0.0000047301
  0.0000046469
  0.0000068702
  0.0000054396
  0.0000117030
 -0.0000314988
  0.0000027245
 -0.0000088948
  0.0000030388
 -0.0000007906
  0.0000309719
  0.0000257742
  0.0000002244
  0.0000052587
  0.0000004074
  0.0000059734
  0.0000088787
 -0.0000012810
 -0.0000096925
  0.0000018338
  0.0000000902
 -0.0000060389
  0.0000161116
  0.0000196649
  0.0000022306
  0.0000039156
 -0.0000001542
  0.0000227569
  0.0000055249
 -0.0000316567
  0.0000041499
  0.0000068040
 -0.0000074954
 -0.0000055905
 -0.0000060507
  0.0000132130
 -0.0000085775
  0.0000000979
 -0.0000269403
  0.0000006031
  0.0000040878
  0.0000097421
  0.0000020157
 -0.0000014456
 -0.0000015558
  0.0000001549
  0.0000002764
  0.0000013663
 -0.0000015841
  0.0000012926
  0.0000007481
  0.0000015755
  0.0000000797
  0.0000038107
  0.0000075568
 -0.0000035710
  0.0000016767
 -0.0000001479
  0.0000058730
  0.0000009472
  0.0000037446
  0.0000001093
  0.0000060895
 -0.0000014361
  0.0000040614
 -0.0000030609
 -0.0000009743
  0.0000059539
  0.0000031458
  0.0000034281
 -0.0000022319
 -0.0000008373
  0.0000060451
 -0.0000046110
  0.0000092707
  0.0000007896
 -0.0000339187
  0.0000130729
  0.0000017114
 -0.0000228111
 -0.0000026597
  0.0000149627
  0.0000020127
  0.0000056151
 -0.0000042214
  0.0000037514
 -0.0000366200
  0.0000024814
  0.0000100572
  0.0000250577
  0.0000016899
  0.0000229377
  0.0000040436
 -0.0000186183
  0.0000163947
 -0.0000057019
  0.0000058350
  0.0000016856
 -0.0000016378
 -0.0000218716
 -0.0000005724
  0.0000018622
  0.0000006634
 -0.0000274246
 -0.0000316227
  0.0000031365
 -0.0000021325
 -0.0000012919
 -0.0000015860
 -0.0000003424
 -0.0000008165
 -0.0000008199
 -0.0000007438
  0.0000005764
 -0.0000016730
 -0.0000014414
 -0.0000015923
 -0.0000015199
 -0.0000017641
 -0.0000012807
 -0.0000001964
  0.0000074721
 -0.0000021094
 -0.0000023109
  0.0000016769
 -0.0000073579
 -0.0000026753
 -0.0000001368
  0.0000051389
  0.0000016119
 -0.0000038256
 -0.0000064948
  0.0000125413
  0.0000074663
 -0.0000019714
  0.0000000346
  0.0000010369
  0.0000097784
  0.0000090178
  0.0000002406
  0.0000026654
  0.0000028617
 -0.0000015926
  0.0000029926
 -0.0000016710
 -0.0000066365
  0.0000004807
  0.0000071401
 -0.0000174676
 -0.0000025683
 -0.0000015216
  0.0000044762
  0.0000249517
  0.0000019764
  0.0000057805
  0.0000183134
  0.0000018109
  0.0000025181
 -0.0000071337
 -0.0000035910
 -0.0000068513
  0.0000317199
  0.0000004235
 -0.0000035689
 -0.0000019003
 -0.0000209757
 -0.0000017499
 -0.0000073764
  0.0000069567
 -0.0000003976
  0.0000025837
  0.0000055222
 -0.0000024905
  0.0000123801
 -0.0000002483
  0.0000046125
 -0.0000031879
 -0.0000008650
 -0.0000033496
 -0.0000054295
 -0.0000011573
 -0.0000003339
 -0.0000031673
 -0.0000039170
 -0.0000005427
  0.0000043648
  0.0000005235
  0.0000019349
  0.0000031703
 -0.0000021081
  0.0000024023
 -0.0000056440
 -0.0000008799
  0.0000030907
  0.0000007244
 -0.0000020936
  0.0000009223
  0.0000042455
 -0.0000042641
 -0.0000038575
  0.0000057798
 -0.0000007798
  0.0000007313
 -0.0000012987
 -0.0000024028
 -0.0000113770
  0.0000060338
 -0.0000004721
 -0.0000248167
  0.0000076851
  0.0000033944
 -0.0000137423
 -0.0000055055
  0.0000109797
  0.0000036667
  0.0000053694
 -0.0000002764
  0.0000019953
 -0.0000300995
  0.0000000147
  0.0000133333
  0.0000191177
  0.0000029320
  0.0000122948
  0.0000050017
 -0.0000149341
  0.0000102039
 -0.0000037742
  0.0000050667
  0.0000024014
 -0.0000036831
 -0.0000182786
 -0.0000043460
  0.0000012163
  0.0000040860
 -0.0000234011
 -0.0000231663
  0.0000004434
  0.0000003184
 -0.0000002441
 -0.0000003448
 -0.0000001627
  0.0000000745
  0.0000001991
  0.0000001405
  0.0000001839
  0.0000003317
  0.0000074816
  0.0000018907
  0.0000007805
  0.0000033830
 -0.0000035106
 -0.0000041042
  0.0000031624
  0.0000084908
  0.0000027639
 -0.0000001083
 -0.0000026634
  0.0000108878
 -0.0000012937
 -0.0000035157
 -0.0000058873
  0.0000060584
  0.0000010061
 -0.0000032052
  0.0000003479
  0.0000020905
  0.0000032009
 -0.0000012184
  0.0000028659
 -0.0000006685
 -0.0000026076
  0.0000036348
  0.0000049118
 -0.0000190391
 -0.0000033142
  0.0000012236
  0.0000025515
  0.0000227413
  0.0000016616
  0.0000086433
  0.0000156782
  0.0000043675
  0.0000030151
 -0.0000055287
 -0.0000011415
 -0.0000081988
  0.0000329319
  0.0000019928
  0.0000001631
 -0.0000000984
 -0.0000210535
  0.0000006538
 -0.0000023780
  0.0000042025
 -0.0000035707
 -0.0000052825
  0.0000078613
  0.0000008086
  0.0000024887
 -0.0000026019
 -0.0000007926
 -0.0000024502
  0.0000038531
  0.0000007856
 -0.0000005178
  0.0000041746
 -0.0000060749
  0.0000011875
  0.0000009483
  0.0000015540
  0.0000003108
 -0.0000020280
  0.0000022248
  0.0000024556
 -0.0000022346
  0.0000030712
  0.0000008569
  0.0000020441
  0.0000040837
  0.0000023388
 -0.0000053459
  0.0000102370
  0.0000011074
 -0.0000008678
  0.0000012783
  0.0000021619
  0.0000001149
 -0.0000003209
 -0.0000006968
 -0.0000226893
 -0.0000026373
 -0.0000059172
 -0.0000436009
  0.0000320591
  0.0000028301
 -0.0000522784
 -0.0000138988
  0.0000057322
  0.0000025300
  0.0000104218
  0.0000050496
  0.0000048700
 -0.0000190214
  0.0000001664
 -0.0000358572
  0.0000221237
  0.0000056531
  0.0000300674
  0.0000045222
  0.0000037032
  0.0000116198
 -0.0000025501
 -0.0000055089
  0.0000099766
 -0.0000010816
  0.0000023088
  0.0000026352
  0.0000010875
  0.0000013592
  0.0000010253
 -0.0000013647
 -0.0000538136
  0.0000011675
  0.0000002956
 -0.0000000796
  0.0000001732
  0.0000000774
 -0.0000004300
 -0.0000006626
 -0.0000010971
 -0.0000001025
  0.0000028087
  0.0000023962
  0.0000001480
 -0.0000006384
  0.0000016960
  0.0000018427
 -0.0000001100
  0.0000100896
  0.0000006004
 -0.0000012593
  0.0000036629
 -0.0000046948
  0.0000015834
 -0.0000003242
  0.0000106054
  0.0000012857
 -0.0000025161
 -0.0000037175
  0.0000135130
  0.0000003668
  0.0000015481
  0.0000077025
  0.0000016743
  0.0000090880
  0.0000006564
  0.0000014171
  0.0000042732
  0.0000021042
 -0.0000011735
 -0.0000053637
  0.0000004614
  0.0000090475
 -0.0000163417
 -0.0000003878
  0.0000013039
  0.0000031363
  0.0000246740
 -0.0000037114
  0.0000120519
  0.0000045244
  0.0000000311
 -0.0000044163
 -0.0000022136
 -0.0000052303
  0.0000366363
  0.0000026891
 -0.0000013664
 -0.0000031741
 -0.0000188713
 -0.0000009437
 -0.0000061807
  0.0000055327
  0.0000034803
 -0.0000006675
 -0.0000016277
  0.0000021635
 -0.0000062789
  0.0000007456
  0.0000020613
 -0.0000002812
  0.0000012516
  0.0000024912
 -0.0000017746
 -0.0000012794
  0.0000026070
  0.0000032501
 -0.0000031236
 -0.0000030815
  0.0000083384
 -0.0000006963
  0.0000015920
  0.0000024142
  0.0000013812
  0.0000035637
  0.0000034443
 -0.0000027614
  0.0000066873
 -0.0000007873
  0.0000019651
  0.0000005718
 -0.0000001693
 -0.0000064900
 -0.0000003927
 -0.0000020387
  0.0000008212
 -0.0000024422
  0.0000041205
 -0.0000118712
 -0.0000067084
 -0.0000102444
 -0.0000005704
  0.0000257794
  0.0000064043
 -0.0000028673
 -0.0000656810
 -0.0000025710
  0.0000059466
  0.0000110839
 -0.0000017934
  0.0000063724
  0.0000105720
  0.0000089418
 -0.0000346800
  0.0000311287
  0.0000086002
  0.0000243476
 -0.0000541658
  0.0000101296
  0.0000170269
 -0.0000426699
 -0.0000147690
  0.0000115690
 -0.0000005642
  0.0000024097
 -0.0000201043
  0.0000008431
  0.0000063964
  0.0000061005
 -0.0000080747
 -0.0000204282
  0.0000142607
 -0.0000001220
 -0.0000009339
 -0.0000006438
 -0.0000008741
 -0.0000001398
 -0.0000002894
  0.0000034822
 -0.0000007734
  0.0000052201
  0.0000038822
  0.0000013759
 -0.0000016470
 -0.0000010409
 -0.0000045090
 -0.0000046558
 -0.0000026400
  0.0000051360
  0.0000014869
  0.0000006047
  0.0000013092
 -0.0000019745
  0.0000030750
  0.0000008836
  0.0000014530
 -0.0000002257
 -0.0000097589
  0.0000007251
  0.0000014271
  0.0000046166
 -0.0000005503
  0.0000043209
  0.0000023527
  0.0000024657
 -0.0000209275
 -0.0000082781
 -0.0000015157
  0.0000045173
  0.0000420324
 -0.0000015175
  0.0000101896
  0.0000125402
 -0.0000031084
 -0.0000021870
  0.0000059071
  0.0000006570
 -0.0000060408
  0.0000409817
  0.0000004785
 -0.0000005239
 -0.0000016107
 -0.0000318786
 -0.0000008177
 -0.0000031461
  0.0000136234
 -0.0000002440
 -0.0000032126
  0.0000245415
  0.0000001737
 -0.0000002683
 -0.0000008112
  0.0000010159
  0.0000023800
 -0.0000018926
 -0.0000013287
 -0.0000012137
  0.0000019351
  0.0000026316
  0.0000039039
  0.0000037093
 -0.0000032927
  0.0000015898
  0.0000032264
  0.0000028390
 -0.0000001263
 -0.0000012557
  0.0000006725
  0.0000030646
 -0.0000005833
  0.0000003784
  0.0000071243
  0.0000020209
  0.0000061727
  0.0000001264
  0.0000215728
  0.0000026587
 -0.0000088637
  0.0000108352
  0.0000059488
  0.0000200436
 -0.0000374137
  0.0000050443
  0.0000178013
 -0.0000175256
  0.0000044782
  0.0000095265
  0.0000150768
  0.0000080372
 -0.0000003573
  0.0000044206
  0.0000109558
 -0.0000082328
  0.0000030471
  0.0000014585
 -0.0000113783
  0.0000077015
 -0.0000033263
  0.0000177749
  0.0000114889
  0.0000081271
 -0.0000277175
 -0.0000011854
 -0.0000009327
 -0.0000007855
 -0.0000005154
  0.0000014290
  0.0000002370
  0.0000003835
 -0.0000000670
 -0.0000020010
 -0.0000000048
 -0.0000002709
  0.0000004651
 -0.0000001147
 -0.0000013916
 -0.0000009737
 -0.0000261809
  0.0000130255
  0.0000134298
 -0.0000124842
 -0.0000125643
  0.0000126143
  0.0000094151
 -0.0000277489
  0.0000130551
  0.0000080888
 -0.0000450225
 -0.0000596709
  0.0000107829
  0.0000107007
  0.0000014123
  0.0000145689
 -0.0000273391
  0.0000085926
  0.0000035010
 -0.0000041621
  0.0000047718
  0.0000019762
  0.0000028470
  0.0000005298
 -0.0000012126
 -0.0000081883
 -0.0000096643
 -0.0000067144
  0.0000074057
 -0.0000047465
 -0.0000364149
  0.0000203671
  0.0000002965
  0.0000048363
  0.0000062886
  0.0000100118
 -0.0000015646
  0.0000044189
 -0.0000455785
 -0.0000080446
 -0.0000109843
  0.0000042994
  0.0000009669
  0.0000006861
  0.0000012737
  0.0000003489
 -0.0000037819
 -0.0000037827
 -0.0000012784
  0.0000064559
 -0.0000059813
  0.0000028652
 -0.0000034858
  0.0000010230
 -0.0000005319
 -0.0000010062
  0.0000020262
 -0.0000009303
 -0.0000009855
  0.0000012394
 -0.0000005360
  0.0000064223
  0.0000009862
 -0.0000032799
  0.0000033565
  0.0000019676
  0.0000034675
 -0.0000052083
 -0.0000011967
 -0.0000021185
  0.0000000402
 -0.0000050327
 -0.0000016418
 -0.0000037221
  0.0000065834
  0.0000066140
 -0.0000008664
  0.0000000163
 -0.0000037329
 -0.0000066939
  0.0000041830
  0.0000031581
  0.0000056950
  0.0000090166
 -0.0000372039
  0.0000147309
  0.0000160949
  0.0000054115
 -0.0000324515
 -0.0000267203
  0.0000197472
  0.0000069849
 -0.0000351947
  0.0000103021
  0.0000344685
  0.0000155149
 -0.0000394685
  0.0000065368
  0.0000034537
 -0.0000296962
  0.0000106608
  0.0000027281
  0.0000018802
  0.0000044604
  0.0000158483
 -0.0000291492
 -0.0000099653
  0.0000034860
 -0.0000405349
 -0.0000321412
  0.0000031338
  0.0000167470
 -0.0000000904
  0.0000001842
  0.0000004117
 -0.0000005838
  0.0000001223
  0.0000000972
  0.0000005045
 -0.0000009452
 -0.0000001030
  0.0000000451
  0.0000000681
  0.0000007397
 -0.0000001053
  0.0000003018
 -0.0000007452
  0.0000009421
  0.0000035709
  0.0000024691
 -0.0000023857
  0.0000065689
  0.0000134228
 -0.0000018946
  0.0000048876
  0.0000000138
  0.0000000524
  0.0000133645
  0.0000003743
 -0.0000023182
 -0.0000004036
  0.0000089429
  0.0000007263
  0.0000034645
  0.0000012997
 -0.0000071449
 -0.0000095782
 -0.0000030820
 -0.0000017780
  0.0000068777
  0.0000023107
 -0.0000068141
  0.0000006772
  0.0000015323
 -0.0000062141
 -0.0000011540
 -0.0000045164
  0.0000062058
  0.0000332548
 -0.0000035622
  0.0000030741
  0.0000242793
 -0.0000220529
 -0.0000017381
 -0.0000054948
  0.0000006478
 -0.0000020584
  0.0000301958
 -0.0000001553
  0.0000047229
 -0.0000028808
 -0.0000196088
  0.0000026075
 -0.0000070529
  0.0000253248
 -0.0000053612
  0.0000038913
  0.0000025438
 -0.0000010247
 -0.0000051457
  0.0000012069
  0.0000022695
 -0.0000042088
  0.0000005342
  0.0000030292
 -0.0000047116
  0.0000008401
  0.0000038529
  0.0000002084
 -0.0000034515
 -0.0000029615
 -0.0000029400
  0.0000019963
 -0.0000040562
  0.0000026691
  0.0000009652
  0.0000022271
 -0.0000097591
 -0.0000004141
 -0.0000018880
 -0.0000009409
  0.0000010291
 -0.0000001699
  0.0000022814
  0.0000015646
 -0.0000033416
  0.0000013298
  0.0000042902
  0.0000007458
 -0.0000021851
  0.0000008950
  0.0000006893
 -0.0000221187
  0.0000078663
  0.0000011938
 -0.0000320871
  0.0000233955
  0.0000052125
 -0.0000406098
 -0.0000133709
 -0.0000001724
  0.0000031753
 -0.0000014385
  0.0000129685
  0.0000006175
 -0.0000087784
  0.0000124726
 -0.0000322157
  0.0000200989
  0.0000010163
  0.0000249096
  0.0000053060
  0.0000088311
  0.0000073806
 -0.0000020432
  0.0000033819
 -0.0000011512
  0.0000128954
  0.0000073909
 -0.0000093868
  0.0000034830
  0.0000035057
  0.0000034818
 -0.0000433602
  0.0000090371
 -0.0000000157
  0.0000000073
  0.0000001361
 -0.0000002521
  0.0000001125
 -0.0000002707
 -0.0000002120
  0.0000002246
 -0.0000000539
 -0.0000099921
 -0.0000022560
 -0.0000024800
  0.0000080489
  0.0000027548
  0.0000112842
 -0.0000010838
 -0.0000065611
 -0.0000011461
 -0.0000019833
  0.0000037874
 -0.0000063841
  0.0000048348
  0.0000023050
 -0.0000039106
 -0.0000013106
  0.0000027736
  0.0000037126
  0.0000001511
 -0.0000079096
  0.0000014360
 -0.0000031184
  0.0000033338
 -0.0000005414
  0.0000016995
  0.0000003241
 -0.0000083351
 -0.0000205753
 -0.0000086406
  0.0000007037
  0.0000034431
  0.0000109818
 -0.0000022787
  0.0000164085
  0.0000073434
  0.0000084936
 -0.0000018946
  0.0000011953
  0.0000007754
 -0.0000040126
  0.0000385970
  0.0000038068
  0.0000020850
 -0.0000007534
 -0.0000224490
  0.0000016345
 -0.0000006158
  0.0000069138
 -0.0000015166
 -0.0000041653
  0.0000123997
  0.0000027398
 -0.0000048430
 -0.0000020807
 -0.0000018171
  0.0000031688
 -0.0000023857
 -0.0000007393
 -0.0000066515
 -0.0000037701
 -0.0000037900
  0.0000002672
 -0.0000024993
 -0.0000029884
 -0.0000033698
  0.0000003371
  0.0000008706
  0.0000046438
 -0.0000004451
  0.0000036702
  0.0000031466
  0.0000024986
  0.0000015395
 -0.0000018324
  0.0000012645
 -0.0000051165
 -0.0000071600
 -0.0000019229
  0.0000011500
 -0.0000002537
  0.0000031045
  0.0000032912
  0.0000025512
  0.0000026856
 -0.0000031932
  0.0000143950
  0.0000090531
 -0.0000203921
  0.0000007261
  0.0000302231
  0.0000040219
 -0.0000004419
 -0.0000738998
  0.0000225752
  0.0000044883
  0.0000076709
 -0.0000017174
  0.0000146878
  0.0000100953
  0.0000103752
 -0.0000287546
  0.0000576095
  0.0000069710
  0.0000290565
 -0.0000639291
  0.0000075261
  0.0000435980
 -0.0000561881
 -0.0000218769
  0.0000213364
  0.0000000453
 -0.0000002171
 -0.0000421822
 -0.0000002172
  0.0000039097
  0.0000028842
 -0.0000108786
 -0.0000152148
  0.0000118896
  0.0000010589
  0.0000014426
  0.0000007067
  0.0000008722
  0.0000011181
 -0.0000003012
 -0.0000000650
  0.0000003265
  0.0000012111
  0.0000003629
  0.0000002890
  0.0000008366
 -0.0000036611
 -0.0000000009
 -0.0000013439
  0.0000075509
  0.0000025276
 -0.0000033568
 -0.0000025841
 -0.0000085981
 -0.0000007629
 -0.0000005045
  0.0000035588
 -0.0000039582
 -0.0000017593
  0.0000040053
  0.0000049890
 -0.0000010905
  0.0000050862
 -0.0000023791
  0.0000004461
 -0.0000136410
  0.0000004580
 -0.0000030397
  0.0000006443
  0.0000021926
  0.0000022824
 -0.0000033824
 -0.0000233442
 -0.0000106978
  0.0000002296
  0.0000035992
  0.0000656891
 -0.0000041488
  0.0000196628
  0.0000226606
 -0.0000056200
 -0.0000012543
  0.0000065513
  0.0000017296
 -0.0000026107
  0.0000412971
  0.0000009462
  0.0000006204
  0.0000007150
 -0.0000326601
 -0.0000013572
 -0.0000008755
  0.0000112730
 -0.0000013992
 -0.0000032742
  0.0000273497
  0.0000035747
  0.0000104327
 -0.0000002829
  0.0000019404
  0.0000016574
 -0.0000047659
 -0.0000067007
 -0.0000016989
 -0.0000036084
  0.0000003127
  0.0000029105
 -0.0000016236
 -0.0000022516
 -0.0000023615
  0.0000001266
  0.0000070596
 -0.0000010596
  0.0000012792
 -0.0000007571
 -0.0000002651
  0.0000061519
  0.0000020146
 -0.0000067886
 -0.0000018260
  0.0000018540
  0.0000025783
  0.0000015918
 -0.0000010777
 -0.0000014774
 -0.0000010026
  0.0000008738
  0.0000003487
  0.0000007161
  0.0000046528
  0.0000003233
  0.0000012104
 -0.0000037218
 -0.0000020093
  0.0000016823
 -0.0000124733
  0.0000040514
 -0.0000028490
 -0.0000230798
  0.0000050823
  0.0000057806
 -0.0000132113
 -0.0000136275
  0.0000115847
  0.0000060442
  0.0000067933
  0.0000015418
 -0.0000007719
 -0.0000287415
  0.0000009204
  0.0000104351
  0.0000122629
  0.0000051987
  0.0000138500
 -0.0000001169
 -0.0000140371
  0.0000032113
 -0.0000085085
  0.0000044915
  0.0000039161
 -0.0000033153
 -0.0000181472
 -0.0000108413
  0.0000019872
  0.0000068454
 -0.0000230504
 -0.0000222647
  0.0000013078
  0.0000001491
  0.0000001296
  0.0000013045
  0.0000009232
  0.0000013707
 -0.0000002716
 -0.0000000966
  0.0000001466
  0.0000067612
  0.0000014425
 -0.0000008121
  0.0000065318
 -0.0000022042
 -0.0000027985
  0.0000009162
  0.0000103436
  0.0000001487
  0.0000003410
 -0.0000017482
  0.0000104009
 -0.0000011521
 -0.0000002230
  0.0000047946
  0.0000078879
 -0.0000003410
 -0.0000031970
  0.0000015061
  0.0000022735
  0.0000018591
 -0.0000013113
  0.0000030786
 -0.0000005750
 -0.0000007160
  0.0000028586
  0.0000041566
 -0.0000184473
 -0.0000022181
 -0.0000003282
  0.0000022817
  0.0000167459
 -0.0000014374
  0.0000112781
  0.0000093356
  0.0000072319
  0.0000011531
 -0.0000067548
 -0.0000014567
 -0.0000069524
  0.0000348631
  0.0000011388
 -0.0000024680
  0.0000005738
 -0.0000207196
 -0.0000015170
 -0.0000015593
  0.0000050595
 -0.0000025463
 -0.0000039558
  0.0000086930
  0.0000006480
  0.0000003470
 -0.0000010044
  0.0000024747
 -0.0000017000
 -0.0000050359
 -0.0000004639
  0.0000027540
 -0.0000000945
  0.0000007654
 -0.0000021003
 -0.0000024756
 -0.0000002440
 -0.0000012464
  0.0000060389
 -0.0000006647
 -0.0000022245
  0.0000029913
 -0.0000017653
  0.0000041895
  0.0000049602
 -0.0000075728
  0.0000028292
  0.0000000550
  0.0000043030
  0.0000002492
 -0.0000000602
 -0.0000033208
  0.0000024819
 -0.0000002993
  0.0000016021
 -0.0000018165
  0.0000070326
  0.0000016300
  0.0000010487
  0.0000018651
 -0.0000042457
  0.0000025987
  0.0000018415
  0.0000169544
  0.0000060307
 -0.0000329782
  0.0000224149
 -0.0000021828
  0.0000101644
 -0.0000328620
 -0.0000337336
  0.0000222839
  0.0000078684
 -0.0000079576
 -0.0000209039
  0.0000076700
  0.0000102077
 -0.0000286599
  0.0000126864
 -0.0000069913
 -0.0000027202
  0.0000070890
 -0.0000114811
 -0.0000015999
 -0.0000008495
 -0.0000208438
 -0.0000033065
 -0.0000106408
  0.0000043528
 -0.0000298886
 -0.0000052924
  0.0000148737
 -0.0000171748
 -0.0000016017
 -0.0000004251
 -0.0000014530
 -0.0000005573
 -0.0000005383
 -0.0000004009
 -0.0000000752
 -0.0000007384
  0.0000012434
  0.0000001793
 -0.0000012990
 -0.0000004170
 -0.0000020849
 -0.0000009048
 -0.0000012020
  0.0000381962
 -0.0000009377
 -0.0000029956
  0.0000121163
 -0.0000012660
 -0.0000254956
 -0.0000020906
  0.0000378305
  0.0000004380
 -0.0000062997
 -0.0000047085
  0.0000166934
  0.0000008127
  0.0000013062
 -0.0000253379
  0.0000010584
  0.0000112466
  0.0000001050
  0.0000018474
 -0.0000092959
  0.0000070368
 -0.0000017010
  0.0000124342
 -0.0000065358
 -0.0000062457
  0.0000063928
 -0.0000014825
 -0.0000004716
  0.0000011196
 -0.0000023299
 -0.0000022172
  0.0000176007
  0.0000068424
  0.0000014343
  0.0000190058
 -0.0000292128
  0.0000131208
  0.0000041200
 -0.0000050621
 -0.0000093372
  0.0000271389
 -0.0000056832
  0.0000006682
 -0.0000027504
 -0.0000160301
 -0.0000010571
 -0.0000067868
  0.0000023982
  0.0000015358
 -0.0000021629
  0.0000030095
 -0.0000018644
 -0.0000020333
 -0.0000004231
 -0.0000019253
 -0.0000033729
 -0.0000002412
 -0.0000032936
 -0.0000031258
 -0.0000015197
 -0.0000018398
  0.0000000759
 -0.0000031163
 -0.0000044322
 -0.0000008819
  0.0000029926
 -0.0000003265
 -0.0000033530
  0.0000016791
 -0.0000038885
 -0.0000003158
 -0.0000008846
  0.0000008954
 -0.0000021427
 -0.0000006232
  0.0000028340
 -0.0000018111
  0.0000041393
 -0.0000009017
 -0.0000053251
 -0.0000024864
  0.0000014093
 -0.0000137821
  0.0000063145
 -0.0000002562
 -0.0000295900
  0.0000083247
 -0.0000012435
 -0.0000158976
 -0.0000173399
  0.0000090826
 -0.0000001196
  0.0000023770
  0.0000075071
  0.0000012066
 -0.0000465160
  0.0000195434
  0.0000061317
  0.0000156933
 -0.0000014571
  0.0000137674
 -0.0000011219
 -0.0000402096
  0.0000074365
 -0.0000097015
  0.0000040979
 -0.0000021718
  0.0000184255
 -0.0000410555
 -0.0000098532
 -0.0000069024
 -0.0000017699
 -0.0000425730
 -0.0000296071
  0.0000201729
 -0.0000001345
  0.0000002446
  0.0000001523
  0.0000004110
  0.0000004312
  0.0000007051
  0.0000005281
  0.0000000239
 -0.0000008729
 -0.0000002951
  0.0000003192
  0.0000001725
 -0.0000002100
 -0.0000000443
 -0.0000002471
 -0.0000033804
  0.0000048546
  0.0000038498
  0.0000013853
  0.0000041849
  0.0000198070
 -0.0000000839
 -0.0000031557
  0.0000015607
  0.0000013471
  0.0000092756
  0.0000028986
 -0.0000045031
  0.0000009544
  0.0000110960
  0.0000028284
  0.0000087472
 -0.0000038775
  0.0000035516
 -0.0000062056
  0.0000038537
 -0.0000013634
  0.0000005689
 -0.0000051400
 -0.0000022682
  0.0000083473
 -0.0000077254
  0.0000016039
  0.0000050829
  0.0000089345
  0.0000164820
 -0.0000023199
  0.0000060937
  0.0000080018
 -0.0000008229
 -0.0000004751
 -0.0000028735
  0.0000013844
 -0.0000014081
  0.0000331079
  0.0000058003
  0.0000009619
 -0.0000056530
 -0.0000171854
 -0.0000001706
 -0.0000053640
  0.0000237504
 -0.0000001147
  0.0000082537
  0.0000005181
 -0.0000033452
 -0.0000017171
  0.0000034750
  0.0000029895
 -0.0000029685
 -0.0000035799
 -0.0000014216
 -0.0000029858
 -0.0000010644
  0.0000033768
 -0.0000000827
  0.0000006467
  0.0000001326
  0.0000033995
  0.0000007371
 -0.0000001882
 -0.0000030638
  0.0000014567
 -0.0000095220
  0.0000058739
 -0.0000036226
 -0.0000023677
  0.0000020587
  0.0000033168
 -0.0000065183
 -0.0000012202
 -0.0000054794
 -0.0000028280
  0.0000049693
  0.0000017392
 -0.0000052028
 -0.0000019626
  0.0000032912
 -0.0000173110
  0.0000035558
  0.0000015276
 -0.0000327653
  0.0000255738
  0.0000039319
 -0.0000402710
 -0.0000118205
 -0.0000008588
  0.0000022638
 -0.0000020041
  0.0000087291
  0.0000080886
 -0.0000099910
  0.0000059041
 -0.0000326890
  0.0000233769
  0.0000049522
  0.0000257547
  0.0000067394
  0.0000076647
  0.0000128649
 -0.0000001353
 -0.0000006082
  0.0000059305
  0.0000090328
  0.0000063023
 -0.0000020871
  0.0000022229
 -0.0000014060
  0.0000026621
 -0.0000431376
  0.0000033039
  0.0000005623
  0.0000005087
 -0.0000004429
 -0.0000001177
  0.0000002269
  0.0000001481
 -0.0000000529
 -0.0000069456
  0.0000007723
 -0.0000007350
  0.0000080307
  0.0000054028
  0.0000076379
 -0.0000047708
  0.0000009954
 -0.0000062664
 -0.0000000582
  0.0000061879
  0.0000008119
 -0.0000034078
  0.0000025080
  0.0000052966
  0.0000039305
 -0.0000068975
 -0.0000046795
  0.0000013127
 -0.0000036995
  0.0000018590
 -0.0000035205
  0.0000034918
 -0.0000010117
 -0.0000005641
  0.0000024132
 -0.0000090279
 -0.0000196044
 -0.0000046716
 -0.0000008045
  0.0000023721
  0.0000173467
 -0.0000015299
  0.0000158482
  0.0000105759
  0.0000077435
  0.0000010049
 -0.0000039698
  0.0000020457
 -0.0000063168
  0.0000380450
 -0.0000000885
  0.0000004251
  0.0000012341
 -0.0000242052
 -0.0000023732
 -0.0000006324
  0.0000026883
 -0.0000025361
 -0.0000035510
  0.0000118621
  0.0000021768
  0.0000021499
 -0.0000002956
  0.0000015721
 -0.0000007169
  0.0000045752
 -0.0000020570
 -0.0000026683
 -0.0000009709
  0.0000013160
 -0.0000032694
 -0.0000004711
 -0.0000013653
 -0.0000030923
  0.0000001619
 -0.0000027461
 -0.0000015905
  0.0000002323
  0.0000027174
 -0.0000028557
  0.0000025832
 -0.0000018979
 -0.0000081073
 -0.0000035241
 -0.0000030920
 -0.0000009689
 -0.0000010560
 -0.0000053886
 -0.0000233379
  0.0000009928
 -0.0000027329
 -0.0000359181
  0.0000335132
  0.0000013983
 -0.0000419495
 -0.0000138399
  0.0000084880
 -0.0000003436
 -0.0000025266
  0.0000067535
  0.0000066998
 -0.0000148764
  0.0000031399
 -0.0000450708
  0.0000237577
  0.0000037018
  0.0000311992
  0.0000068915
  0.0000047305
  0.0000121413
 -0.0000004693
 -0.0000002234
  0.0000112430
  0.0000070126
  0.0000032169
  0.0000119018
  0.0000043176
 -0.0000003501
 -0.0000012294
 -0.0000008497
 -0.0000463495
  0.0000008641
  0.0000000455
  0.0000005538
  0.0000009944
  0.0000006319
 -0.0000007599
 -0.0000004881
 -0.0000002310
  0.0000005939
  0.0000010333
  0.0000008709
  0.0000008300
  0.0000004145
  0.0000005687
  0.0000009554
  0.0000012315
 -0.0000010515
  0.0000022949
  0.0000005885
  0.0000048256
 -0.0000021738
  0.0000062134
  0.0000030972
  0.0000019692
  0.0000028819
  0.0000006412
 -0.0000012346
  0.0000022474
  0.0000052718
 -0.0000044957
 -0.0000071873
  0.0000060666
 -0.0000110457
  0.0000023359
 -0.0000000553
 -0.0000050900
  0.0000027651
 -0.0000010416
 -0.0000009686
 -0.0000011355
  0.0000033136
 -0.0000027266
 -0.0000215610
 -0.0000054374
 -0.0000017799
  0.0000040817
  0.0000317405
  0.0000005349
  0.0000094587
  0.0000143373
  0.0000044011
  0.0000019556
 -0.0000061170
 -0.0000023485
 -0.0000085934
  0.0000332679
  0.0000001158
 -0.0000016593
  0.0000004107
 -0.0000249992
 -0.0000014427
 -0.0000025762
  0.0000005631
 -0.0000020411
 -0.0000026772
 -0.0000003135
  0.0000021111
  0.0000014237
  0.0000002137
  0.0000005500
  0.0000036682
  0.0000046308
  0.0000012128
  0.0000029122
  0.0000044390
  0.0000049419
  0.0000014872
  0.0000010090
  0.0000037378
  0.0000033946
  0.0000001558
 -0.0000003288
  0.0000024861
 -0.0000004805
  0.0000059088
  0.0000031118
 -0.0000001467
 -0.0000163640
 -0.0000010848
 -0.0000318599
  0.0000323456
 -0.0000226367
 -0.0000227055
 -0.0000094603
  0.0000034605
 -0.0000194262
 -0.0000165329
  0.0000293849
  0.0000080904
 -0.0000486309
  0.0000023662
  0.0000018313
  0.0000243194
 -0.0000259806
  0.0000316210
  0.0000001009
 -0.0000452365
  0.0000125953
 -0.0000103139
 -0.0000087194
  0.0000126343
  0.0000051810
 -0.0000454277
 -0.0000131007
  0.0000000413
 -0.0000296449
  0.0000044389
 -0.0000463815
 -0.0000316407
  0.0000076325
  0.0000024981
 -0.0000012812
  0.0000031704
  0.0000032392
 -0.0000036633
 -0.0000046768
 -0.0000016798
 -0.0000019104
 -0.0000021496
  0.0000001336
  0.0000034481
 -0.0000019705
  0.0000000806
  0.0000008760
  0.0000005663
  0.0000254457
  0.0000038647
  0.0000029474
 -0.0000003866
 -0.0000047660
  0.0000038352
  0.0000056472
  0.0000273627
  0.0000064435
 -0.0000007222
  0.0000000589
  0.0000109928
 -0.0000027459
  0.0000098878
  0.0000019768
  0.0000076185
  0.0000074453
 -0.0000024559
 -0.0000009308
 -0.0000083120
 -0.0000017510
 -0.0000043269
  0.0000100128
  0.0000007419
  0.0000027744
  0.0000172010
  0.0000074175
 -0.0000160402
  0.0000043296
  0.0000094293
 -0.0000059114
  0.0000042875
  0.0000059811
 -0.0000034914
  0.0000023252
  0.0000199329
  0.0000059467
 -0.0000014910
  0.0000028472
  0.0000043237
  0.0000021217
  0.0000023381
 -0.0000005870
 -0.0000007132
  0.0000150175
  0.0000056961
  0.0000003187
 -0.0000083804
  0.0000035523
  0.0000023052
 -0.0000081290
  0.0000079151
  0.0000051561
  0.0000006475
  0.0000085979
  0.0000045268
  0.0000048588
 -0.0000009207
  0.0000045284
  0.0000009617
  0.0000030113
 -0.0000031957
 -0.0000003350
  0.0000062833
 -0.0000077731
 -0.0000018486
  0.0000051703
  0.0000002858
  0.0000007974
  0.0000001430
 -0.0000009456
  0.0000005778
  0.0000075296
 -0.0000015423
 -0.0000027548
 -0.0000022300
 -0.0000020875
 -0.0000018321
 -0.0000060445
 -0.0000018845
 -0.0000009720
 -0.0000015648
 -0.0000022136
 -0.0000027694
 -0.0000010582
 -0.0000023881
 -0.0000005770
 -0.0000027502
  0.0000049686
  0.0000081265
  0.0000189538
  0.0000065204
  0.0000137972
  0.0000006804
  0.0000140496
  0.0000021419
  0.0000109847
  0.0000183030
  0.0000030383
  0.0000080349
  0.0000146405
  0.0000124020
  0.0000139033
  0.0000149533
  0.0000045953
  0.0000169471
 -0.0000002709
  0.0000011400
  0.0000212805
  0.0000050840
 -0.0000010195
  0.0000166353
 -0.0000387934
  0.0000169609
  0.0000061661
 -0.0000001228
  0.0000205252
  0.0000104948
  0.0000312400
 -0.0001368825
  0.0000019749
  0.0000743474
  0.0000042243
  0.0000041816
 -0.0001307519
 -0.0000142973
 -0.0000002581
  0.0000598567
  0.0000144064
 -0.0000078434
  0.0000267305
  0.0000050957
  0.0000328416
 -0.0000015855
 -0.0000029770
  0.0000000821
  0.0000010993
  0.0000016094
  0.0000005889
  0.0000031517
 -0.0000014622
  0.0000022828
  0.0000013992
  0.0000021574
  0.0000010733
  0.0000007198
 -0.0000015627
 -0.0000004868
 -0.0000022226
  0.0000019959
  0.0000029740
 -0.0000003380
  0.0000035830
 -0.0000123844
 -0.0000113750
 -0.0000116938
 -0.0000127066
 -0.0000129489
 -0.0000158569
 -0.0000112324
 -0.0000127609
 -0.0000145200
 -0.0000140229
 -0.0000116870
 -0.0000111879
 -0.0000137354
 -0.0000116104
 -0.0000116792
  0.0000012939
 -0.0000010529
  0.0000010392
 -0.0000015702
  0.0000015111
 -0.0000002065
  0.0000003668
  0.0000015550
  0.0000015499
 -0.0000005331
  0.0000004073
  0.0000011279
  0.0000021225
 -0.0000009875
  0.0000085567
 -0.0000151185
  0.0000107368
  0.0000057192
  0.0000244041
  0.0000116459
  0.0000003374
 -0.0000002816
 -0.0000691460
 -0.0000270341
  0.0000247784
 -0.0000151969
  0.0000064969
  0.0000012750
  0.0000186482
  0.0000083857
  0.0000119117
  0.0000006051
 -0.0000150567
  0.0000021344
  0.0000469877
 -0.0000138392
 -0.0000175970
 -0.0000002302
  0.0000076032
 -0.0000197489
  0.0000029691
  0.0000010331
  0.0000079798
  0.0000260082
  0.0000081563
 -0.0000168064
  0.0000018184
  0.0000053489
  0.0000033245
  0.0000003968
  0.0000004581
 -0.0000023781
 -0.0000023896
  0.0000140085
  0.0000048457
 -0.0000036542
 -0.0000100886
 -0.0000012543
  0.0000003227
 -0.0000116791
  0.0000065627
 -0.0000035564
 -0.0000013368
 -0.0000001959
  0.0000000098
 -0.0000031527
 -0.0000046634
 -0.0000031266
  0.0000011591
 -0.0000040503
  0.0000010965
 -0.0000058849
 -0.0000028142
  0.0000039979
 -0.0000099609
 -0.0000029132
 -0.0000036582
 -0.0000003217
 -0.0000032204
 -0.0000005847
  0.0000014924
 -0.0000019082
 -0.0000041452
 -0.0000021626
  0.0000010204
  0.0000055349
  0.0000069036
  0.0000051850
  0.0000048058
 -0.0000027692
 -0.0000008872
  0.0000063775
  0.0000032550
  0.0000070843
  0.0000061019
  0.0000048512
  0.0000019786
  0.0000063859
  0.0000063159
  0.0000068783
 -0.0000000694
  0.0000078327
  0.0000050106
 -0.0000024793
 -0.0000006042
 -0.0000014824
  0.0000037763
 -0.0000088020
 -0.0000015164
  0.0000149138
 -0.0000007824
 -0.0000035739
  0.0000042489
 -0.0000012921
  0.0000372051
  0.0000088814
 -0.0000010340
  0.0000163616
  0.0000011289
 -0.0000754340
  0.0000175747
  0.0000386234
  0.0000076136
  0.0000071992
 -0.0002403261
 -0.0000003923
  0.0000103700
  0.0000107728
  0.0000133552
 -0.0000042839
  0.0000256633
 -0.0000079767
  0.0000120321
  0.0000069938
 -0.0000421225
  0.0000256789
  0.0000119799
  0.0000061814
 -0.0000083300
 -0.0000004727
  0.0000163131
  0.0000079940
 -0.0000051107
  0.0000117845
  0.0000082244
  0.0000187139
  0.0000022716
  0.0000006982
 -0.0000001123
  0.0000001909
  0.0000020162
 -0.0000019420
  0.0000011095
  0.0000067021
 -0.0000005104
 -0.0000017006
 -0.0000103300
 -0.0000002806
 -0.0000003398
 -0.0000100071
  0.0000088339
 -0.0000026298
 -0.0000011454
  0.0000019331
 -0.0000022108
 -0.0000027315
 -0.0000018079
 -0.0000025931
  0.0000028436
 -0.0000057406
 -0.0000048249
  0.0000046318
 -0.0000096517
 -0.0000052164
 -0.0000003323
 -0.0000030413
 -0.0000023035
 -0.0000016513
  0.0000001711
 -0.0000013097
 -0.0000012974
  0.0000032496
  0.0000003592
 -0.0000000308
  0.0000002174
 -0.0000000653
  0.0000000386
 -0.0000024365
  0.0000007960
  0.0000007357
  0.0000016767
 -0.0000006535
 -0.0000018187
  0.0000008862
  0.0000011421
  0.0000010322
 -0.0000011560
 -0.0000002353
  0.0000123503
  0.0000107622
 -0.0000012683
  0.0000049406
 -0.0000013378
  0.0000091546
 -0.0000067700
  0.0000034993
  0.0000167400
  0.0000005177
 -0.0000006750
  0.0000138555
  0.0000043299
  0.0000439155
  0.0000183045
 -0.0000025487
  0.0000236938
  0.0000010325
 -0.0000083159
  0.0000046441
  0.0000345508
  0.0000028713
  0.0000020090
  0.0000053973
  0.0000199090
  0.0000096537
  0.0000036544
  0.0000258057
 -0.0000024520
  0.0000327804
  0.0000049684
  0.0000422972
  0.0000068812
  0.0000075364
 -0.0000120611
 -0.0000108972
  0.0000018452
  0.0000521982
  0.0000133732
 -0.0000062566
  0.0000285517
  0.0000034849
  0.0000353569
 -0.0000016968
  0.0000060745
 -0.0000016709
 -0.0000022370
  0.0000045176
  0.0000053142
 -0.0000044294
  0.0000055802
  0.0000038721
 -0.0000023123
 -0.0000002751
  0.0000012573
  0.0000054033
 -0.0000002725
 -0.0000002486
  0.0000035147
 -0.0000019189
  0.0000060610
  0.0000004868
 -0.0000017488
 -0.0000034353
  0.0000023771
  0.0000074225
 -0.0000064203
 -0.0000000432
  0.0000047224
  0.0000010227
 -0.0000008744
  0.0000052070
  0.0000045544
  0.0000050886
 -0.0000002665
 -0.0000002103
  0.0000011436
 -0.0000014916
 -0.0000003119
  0.0000025938
  0.0000049139
  0.0000018651
  0.0000027468
 -0.0000034042
 -0.0000015633
 -0.0000024414
  0.0000027699
 -0.0000059199
  0.0000004596
 -0.0000004344
  0.0000031846
 -0.0000007020
 -0.0000015093
  0.0000037533
  0.0000021235
  0.0000006192
  0.0000025991
  0.0000044490
  0.0000019062
  0.0000044415
  0.0000053117
 -0.0000004429
  0.0000030447
  0.0000041880
 -0.0000054910
  0.0000077427
  0.0000030717
 -0.0000028658
  0.0000001675
  0.0000746666
  0.0000223418
 -0.0001082473
 -0.0000008875
  0.0000004556
  0.0000796492
  0.0000556402
 -0.0001005908
  0.0000016184
 -0.0000075355
  0.0000175867
 -0.0001019383
 -0.0000039904
 -0.0000179032
 -0.0000944528
  0.0000007463
  0.0000236100
  0.0000162876
  0.0000136466
 -0.0000080404
 -0.0000114927
  0.0000005473
 -0.0000102471
 -0.0000134316
 -0.0000003106
 -0.0000099886
 -0.0000046138
 -0.0000012548
 -0.0000028297
 -0.0000056972
  0.0000008302
 -0.0000034045
 -0.0000076271
 -0.0000003971
 -0.0000016506
 -0.0000078141
  0.0000055530
 -0.0000013782
  0.0000048382
  0.0000061174
  0.0000161656
  0.0000030534
 -0.0000097101
  0.0000063374
  0.0000154217
  0.0000146533
 -0.0000138392
  0.0000131969
  0.0000018855
 -0.0000014073
  0.0000120576
  0.0000069296
 -0.0000115071
  0.0000032859
  0.0000031209
 -0.0000155746
  0.0000034180
  0.0000045282
  0.0000062327
  0.0000067308
 -0.0000127452
 -0.0000007350
  0.0000132906
 -0.0000032218
  0.0000096346
  0.0000066903
 -0.0000118741
  0.0000030725
  0.0000023339
  0.0000027853
  0.0000026311
  0.0000039724
  0.0000007311
  0.0000031975
  0.0000044215
  0.0000052758
  0.0000013000
  0.0000017968
  0.0000044584
  0.0000025277
  0.0000037222
  0.0000015326
 -0.0000056423
 -0.0000444251
 -0.0000397086
 -0.0000351123
 -0.0000428008
  0.0000159781
 -0.0000445070
 -0.0000097923
 -0.0000396935
 -0.0000342157
 -0.0000301296
 -0.0000242579
 -0.0000307428
 -0.0000371198
  0.0000029728
 -0.0000469424
 -0.0000059980
 -0.0000048740
  0.0000041319
 -0.0000499858
  0.0000173658
  0.0000085470
 -0.0000160841
  0.0000208843
 -0.0000459670
  0.0000107091
  0.0000118163
  0.0000303216
  0.0000132701
 -0.0000130799
  0.0000130712
  0.0000126759
  0.0000046705
 -0.0000229318
 -0.0000213884
 -0.0000036088
  0.0000129489
  0.0000186595
  0.0000006720
  0.0000012522
  0.0000016312
  0.0000026402
  0.0000032754
  0.0000006442
 -0.0000002750
 -0.0000034291
  0.0000012056
  0.0000009015
 -0.0000021564
  0.0000003721
  0.0000102005
  0.0000000638
 -0.0000019405
 -0.0000137529
 -0.0000018892
 -0.0000004202
 -0.0000106403
  0.0000084729
  0.0000023828
 -0.0000023021
  0.0000104528
  0.0000006301
 -0.0000027852
  0.0000053092
 -0.0000022036
  0.0000027840
 -0.0000022425
  0.0000024377
 -0.0000060679
 -0.0000053076
  0.0000043000
 -0.0000103074
 -0.0000032271
 -0.0000072935
 -0.0000003589
 -0.0000041534
 -0.0000009979
  0.0000018451
 -0.0000028566
 -0.0000027298
 -0.0000030144
  0.0000055046
  0.0000020166
  0.0000005946
  0.0000022512
  0.0000016586
 -0.0000026388
 -0.0000030871
  0.0000004824
 -0.0000000271
  0.0000005123
  0.0000013385
  0.0000007197
 -0.0000005511
  0.0000012063
  0.0000024338
 -0.0000007303
 -0.0000002833
 -0.0000097202
  0.0000074974
  0.0000161485
 -0.0000056946
 -0.0000027271
  0.0000025478
  0.0000025879
 -0.0000021528
 -0.0000543435
  0.0000109864
  0.0000154138
 -0.0000246733
 -0.0000025501
 -0.0000433442
  0.0000003505
  0.0000020214
 -0.0000568898
 -0.0000029312
 -0.0000898050
 -0.0000015593
  0.0000070687
 -0.0000038836
 -0.0000068303
  0.0000467039
 -0.0000026677
  0.0000300703
 -0.0000010467
  0.0000006102
  0.0000004785
  0.0000051814
 -0.0000018349
  0.0000069832
  0.0000670103
 -0.0000068323
 -0.0000547570
 -0.0000008185
  0.0000013485
  0.0000816469
 -0.0000077665
 -0.0000047150
 -0.0000679024
 -0.0000042444
 -0.0000042275
  0.0000035069
  0.0000080428
  0.0000061515
  0.0000044066
  0.0000038088
  0.0000121696
  0.0000045913
 -0.0000073395
  0.0000042138
  0.0000050527
  0.0000124576
  0.0000098084
  0.0000032323
  0.0000042068
  0.0000080025
  0.0000101527
  0.0000023727
  0.0000033676
  0.0000000660
  0.0000025684
 -0.0000049067
  0.0000050897
  0.0000027974
  0.0000051275
  0.0000022614
  0.0000027979
  0.0000018567
  0.0000041984
 -0.0000040453
  0.0000021985
 -0.0000012342
 -0.0000038700
 -0.0000012455
  0.0000073389
  0.0000009883
 -0.0000024673
 -0.0000047718
 -0.0000001592
  0.0000023286
 -0.0000024672
 -0.0000027850
 -0.0000035952
  0.0000024448
  0.0000051329
  0.0000136496
  0.0000034129
  0.0000055652
  0.0000099487
  0.0000038538
  0.0000093564
  0.0000068845
  0.0000063085
  0.0000333680
  0.0000034546
  0.0000024925
  0.0000135882
  0.0000065801
  0.0000257705
  0.0000169157
  0.0000045336
  0.0000246715
 -0.0000003383
  0.0000130147
 -0.0001071675
  0.0000043734
  0.0000020031
  0.0000716482
  0.0000255610
  0.0000365956
 -0.0000075515
 -0.0000148358
  0.0000087749
 -0.0001118073
 -0.0000227745
 -0.0001278903
 -0.0000031709
  0.0000155755
  0.0000143055
 -0.0000688595
 -0.0000123984
 -0.0000018273
 -0.0000090204
 -0.0000181739
  0.0000029835
 -0.0000147870
 -0.0000010929
  0.0000013898
  0.0000020453
  0.0000026324
  0.0000032073
 -0.0000002132
  0.0000015893
  0.0000033876
  0.0000011205
  0.0000002106
 -0.0000026213
  0.0000002433
  0.0000026190
 -0.0000017828
 -0.0000000486
  0.0000058207
  0.0000002627
  0.0000033756
 -0.0000028656
  0.0000169341
  0.0000035399
 -0.0000080158
  0.0000095426
  0.0000203230
  0.0000135641
 -0.0000057564
  0.0000030364
  0.0000138645
  0.0000184256
  0.0000028992
  0.0000090361
  0.0000084012
  0.0000056086
 -0.0000020823
 -0.0000004265
  0.0000085182
 -0.0000067307
  0.0000009875
 -0.0000012333
  0.0000219457
  0.0000028896
 -0.0000048642
  0.0000122319
  0.0000066376
  0.0000055732
 -0.0000006690
 -0.0000030473
 -0.0000005372
 -0.0000022307
 -0.0000020162
  0.0000011696
 -0.0000005253
  0.0000005168
  0.0000003895
  0.0000003923
 -0.0000006840
 -0.0000015411
  0.0000006268
 -0.0000005934
 -0.0000031703
 -0.0000021235
  0.0000087942
 -0.0000041246
 -0.0000063062
 -0.0000323321
 -0.0000337465
  0.0000154568
 -0.0000100901
  0.0000027223
 -0.0000280795
 -0.0000052377
 -0.0000337788
 -0.0000229531
 -0.0000000028
 -0.0000177283
  0.0000075565
 -0.0000064629
  0.0000063795
  0.0000192449
  0.0000000450
 -0.0000192169
 -0.0000019589
  0.0000042345
  0.0000046153
 -0.0000008528
 -0.0000004638
  0.0000197611
 -0.0000287345
 -0.0000107577
 -0.0000034089
 -0.0000069803
  0.0000070747
 -0.0000158947
  0.0000249827
  0.0000035449
  0.0000048833
  0.0000032591
  0.0000112331
  0.0000014651
 -0.0000035744
 -0.0000194434
 -0.0000082451
  0.0000015157
  0.0000000647
  0.0000030043
  0.0000022021
 -0.0000003743
 -0.0000012426
  0.0000024996
  0.0000002033
 -0.0000020280
 -0.0000018770
  0.0000004148
  0.0000009898
  0.0000013763
 -0.0000020640
 -0.0000073290
  0.0000040615
  0.0000012939
  0.0000119026
  0.0000104475
 -0.0000325750
  0.0000162217
  0.0000075102
  0.0000131224
 -0.0000345044
 -0.0000333503
 -0.0000390124
  0.0000017891
 -0.0000121020
 -0.0000374472
  0.0000248435
  0.0000133307
 -0.0000210105
  0.0000153268
  0.0000012165
 -0.0000062470
  0.0000070448
 -0.0000027480
 -0.0000005149
  0.0000004240
 -0.0000389157
 -0.0000066612
 -0.0000136800
 -0.0000002567
 -0.0000264345
  0.0000017003
 -0.0000091515
  0.0000080588
 -0.0000368187
 -0.0000005784
  0.0000006515
 -0.0000001246
 -0.0000005244
 -0.0000014023
 -0.0000016274
  0.0000005651
  0.0000001958
  0.0000015948
 -0.0000009082
 -0.0000010464
 -0.0000001228
 -0.0000005083
 -0.0000010925
 -0.0000007157
 -0.0000299270
  0.0000158250
  0.0000118497
  0.0000344981
  0.0000396159
 -0.0000384350
  0.0000085068
 -0.0000330596
  0.0000249000
  0.0000116604
  0.0000393727
 -0.0000184686
  0.0000141830
  0.0000102894
 -0.0000067473
  0.0000109630
 -0.0000345260
  0.0000041417
 -0.0000029711
  0.0000165628
  0.0000028799
  0.0000099175
  0.0000033173
  0.0000013955
  0.0000375664
  0.0000002200
  0.0000094910
 -0.0000375708
  0.0000184559
  0.0000009875
  0.0000033057
  0.0000014206
  0.0000142907
 -0.0000018997
  0.0000087129
 -0.0000356928
  0.0000070477
 -0.0000016750
  0.0000041724
  0.0000034276
 -0.0000004136
  0.0000041631
  0.0000016482
  0.0000024533
  0.0000023995
  0.0000003941
  0.0000012956
  0.0000008219
 -0.0000010035
  0.0000022539
 -0.0000012090
  0.0000009377
  0.0000041325
  0.0000011467
  0.0000023894
  0.0000033064
 -0.0000095041
 -0.0000155536
 -0.0000107168
 -0.0000093149
 -0.0000193399
 -0.0000166793
 -0.0000146615
 -0.0000180364
 -0.0000007573
 -0.0000057169
 -0.0000171532
 -0.0000175698
 -0.0000028506
 -0.0000095767
 -0.0000165544
  0.0000005172
  0.0000037466
  0.0000030062
  0.0000011139
  0.0000053777
  0.0000041260
  0.0000062155
 -0.0000019475
  0.0000011229
  0.0000040102
 -0.0000000799
  0.0000009501
  0.0000058281
  0.0000005794
 -0.0000021759
  0.0000059519
 -0.0000003422
 -0.0000006799
  0.0000110325
  0.0000508272
 -0.0000191549
 -0.0000073433
  0.0000035149
  0.0000154043
  0.0000433319
  0.0000240202
 -0.0000306113
 -0.0000464378
 -0.0000233423
  0.0000162922
 -0.0000031271
 -0.0000396476
  0.0000010553
 -0.0000017590
 -0.0000171661
 -0.0000187023
  0.0000456342
 -0.0000032922
  0.0000004082
  0.0000032967
 -0.0000513887
  0.0000085261
 -0.0000380706
  0.0000001029
  0.0000054350
  0.0000017126
 -0.0000045480
 -0.0000049340
 -0.0000035092
  0.0000027074
  0.0000031444
  0.0000019505
  0.0000021524
  0.0000058278
 -0.0000039750
  0.0000016300
  0.0000001965
 -0.0000091474
  0.0000025432
  0.0000023230
  0.0000005536
  0.0000017921
 -0.0000020572
  0.0000072960
  0.0000021627
  0.0000013271
  0.0000013949
  0.0000029531
  0.0000009244
 -0.0000013081
  0.0000005788
  0.0000032331
 -0.0000116766
 -0.0000106901
 -0.0000103682
 -0.0000118833
 -0.0000144875
 -0.0000099279
 -0.0000112386
 -0.0000150979
  0.0000009825
 -0.0000080425
 -0.0000096340
 -0.0000156247
 -0.0000030456
 -0.0000109062
 -0.0000103088
  0.0000026595
 -0.0000002212
 -0.0000004885
 -0.0000007252
  0.0000005576
 -0.0000017147
  0.0000040657
  0.0000015337
 -0.0000024651
  0.0000016011
  0.0000009689
  0.0000008579
  0.0000118348
  0.0000096595
 -0.0000117367
  0.0000227502
  0.0000089868
  0.0000065863
  0.0000132951
  0.0000018626
  0.0000003402
 -0.0000746352
 -0.0000228568
  0.0000316234
 -0.0000195356
  0.0000158285
  0.0000159627
  0.0000012482
  0.0000079021
  0.0000120411
  0.0000305824
  0.0000083408
  0.0000023143
  0.0000025571
  0.0000313618
 -0.0000104497
 -0.0000149720
  0.0000006400
 -0.0000062065
  0.0000037793
  0.0000030848
  0.0000023901
 -0.0000000717
  0.0000110646
  0.0000060717
 -0.0000185706
  0.0000009142
  0.0000006286
  0.0000033055
 -0.0000008385
 -0.0000005269
 -0.0000019989
 -0.0000015390
  0.0000012599
 -0.0000012133
 -0.0000027407
  0.0000021501
 -0.0000019997
 -0.0000020456
 -0.0000148599
 -0.0000139992
 -0.0000142773
 -0.0000145512
 -0.0000152924
 -0.0000192216
 -0.0000138610
 -0.0000152068
 -0.0000192502
 -0.0000184383
 -0.0000142773
 -0.0000151351
 -0.0000185414
 -0.0000141789
 -0.0000141258
 -0.0000011409
  0.0000005895
 -0.0000006520
  0.0000003802
 -0.0000016354
 -0.0000020759
  0.0000000065
 -0.0000036499
 -0.0000018325
 -0.0000023552
 -0.0000016229
 -0.0000177266
  0.0000072845
 -0.0000175988
  0.0000123619
  0.0000076746
  0.0000319082
  0.0000130356
  0.0000002335
 -0.0000003679
 -0.0000723209
 -0.0000339400
  0.0000291317
 -0.0000180583
  0.0000143335
  0.0000009241
  0.0000174450
  0.0000016674
 -0.0000236480
  0.0000066690
  0.0000543017
 -0.0000163999
 -0.0000205737
 -0.0000016408
  0.0000152996
 -0.0000263811
  0.0000035571
 -0.0000024694
  0.0000226964
  0.0000232266
  0.0000123297
 -0.0000195085
 -0.0000015311
  0.0000062735
  0.0000038617
  0.0000020295
  0.0000025347
  0.0000045852
  0.0000010776
 -0.0000000964
 -0.0000009115
  0.0000030891
 -0.0000024622
 -0.0000005183
  0.0000004870
  0.0000043850
  0.0000021072
  0.0000081820
  0.0000005587
  0.0000180105
  0.0000044684
 -0.0000083215
  0.0000115555
  0.0000044103
  0.0000210944
 -0.0000327007
  0.0000045855
  0.0000189680
 -0.0000164690
  0.0000009317
  0.0000074549
  0.0000175746
  0.0000081813
 -0.0000042261
  0.0000066678
  0.0000105240
 -0.0000120710
 -0.0000001212
 -0.0000001401
 -0.0000112169
  0.0000103695
 -0.0000020758
  0.0000194529
  0.0000034217
  0.0000139781
  0.0000103905
 -0.0000254342
 -0.0000022619
 -0.0000010759
 -0.0000015181
 -0.0000015537
  0.0000001566
 -0.0000017640
 -0.0000002490
 -0.0000003635
 -0.0000017226
 -0.0000033523
 -0.0000012305
 -0.0000001561
 -0.0000031745
 -0.0000044550
 -0.0000016756
 -0.0000239285
  0.0000145471
  0.0000013373
 -0.0000227854
 -0.0000210645
  0.0000092392
 -0.0000019711
 -0.0000246809
  0.0000023344
  0.0000114840
 -0.0000456760
 -0.0000540131
  0.0000151810
  0.0000007622
  0.0000030057
  0.0000013609
 -0.0000219243
  0.0000092292
 -0.0000009909
 -0.0000131527
  0.0000025519
  0.0000012693
 -0.0000021507
 -0.0000002178
  0.0000112305
 -0.0000120571
 -0.0000103315
 -0.0000050751
 -0.0000043033
  0.0000088934
 -0.0000327289
  0.0000245989
 -0.0000011561
  0.0000020588
  0.0000029333
  0.0000080600
  0.0000002256
  0.0000076770
 -0.0000409072
 -0.0000085757
  0.0000116841
  0.0000043743
  0.0000001073
  0.0000002333
 -0.0000037884
  0.0000004911
  0.0000106512
  0.0000049963
  0.0000068314
 -0.0000018237
  0.0000001049
  0.0000095198
 -0.0000043705
  0.0000080879
  0.0000088882
  0.0000055356
  0.0000018248
  0.0000067180
  0.0000064545
  0.0000084958
  0.0000042832
  0.0000033589
  0.0000072314
  0.0000063812
  0.0000090230
  0.0000106400
 -0.0000017653
  0.0000040282
  0.0000035262
 -0.0000001310
  0.0000042589
  0.0000014515
  0.0000021387
  0.0000034952
  0.0000057590
  0.0000015618
  0.0000017773
 -0.0000028631
 -0.0000047478
 -0.0000035322
 -0.0000032366
 -0.0000042666
 -0.0000086581
 -0.0000039900
 -0.0000027987
 -0.0000016788
 -0.0000045259
 -0.0000055182
 -0.0000029424
 -0.0000045063
 -0.0000019178
 -0.0000043954
  0.0000012994
  0.0000115534
  0.0000009473
  0.0000043498
  0.0000067865
  0.0000085156
  0.0000069082
 -0.0000001060
  0.0000081662
  0.0000315314
  0.0000041645
  0.0000008199
  0.0000124098
  0.0000081260
  0.0000234503
  0.0000169123
  0.0000004924
  0.0000256120
 -0.0000018071
 -0.0000029068
 -0.0000087168
  0.0000065047
 -0.0000028891
  0.0000327027
 -0.0000644502
  0.0000152751
  0.0000090103
 -0.0000015976
  0.0000212775
 -0.0000078959
 -0.0000033718
  0.0000330914
 -0.0001685479
 -0.0000016429
  0.0000149248
 -0.0000013318
 -0.0000005363
 -0.0001734516
 -0.0000168741
 -0.0000022350
  0.0000485473
  0.0000331741
 -0.0000073683
  0.0000266858
  0.0000070437
  0.0000300213
  0.0000053375
  0.0000063654
  0.0000051034
  0.0000046292
  0.0000013808
  0.0000055785
  0.0000028613
 -0.0000005244
  0.0000046005
  0.0000035522
  0.0000107968
  0.0000055225
  0.0000033438
  0.0000095829
  0.0000029219
  0.0000063760
  0.0000031094
  0.0000027057
 -0.0000020191
 -0.0000010152
 -0.0000064850
  0.0000007379
  0.0000043962
  0.0000013393
 -0.0000033903
  0.0000053608
  0.0000027454
  0.0000049967
  0.0000024418
  0.0000022982
  0.0000099006
 -0.0000016683
  0.0000067652
  0.0000000973
 -0.0000016631
  0.0000022979
  0.0000062703
  0.0000060250
  0.0000022210
 -0.0000024998
  0.0000031636
  0.0000060778
  0.0000023076
 -0.0000001951
 -0.0000012766
  0.0000070563
  0.0000037939
  0.0000194210
  0.0000205311
  0.0000077529
  0.0000147274
  0.0000029703
  0.0000179597
  0.0000033642
  0.0000133805
  0.0000292839
  0.0000068162
  0.0000078552
  0.0000260993
  0.0000140239
  0.0000395403
  0.0000259540
  0.0000027215
  0.0000223642
  0.0000023681
  0.0000237641
 -0.0000375248
  0.0000063351
  0.0000046195
  0.0000241260
  0.0000140458
  0.0000127024
  0.0000192666
 -0.0000395185
  0.0000137175
 -0.0001603604
  0.0000011314
  0.0000834381
  0.0000171904
  0.0000147531
 -0.0001608345
  0.0000006823
  0.0000735110
  0.0000222748
 -0.0000042907
  0.0000045334
  0.0000085759
  0.0000030445
  0.0000007166
  0.0000017892
  0.0000013143
  0.0000038711
 -0.0000041649
 -0.0000009968
 -0.0000012031
 -0.0000028189
  0.0000009841
  0.0000001972
  0.0000042930
 -0.0000004490
 -0.0000028290
  0.0000012252
  0.0000003021
  0.0000016093
  0.0000003481
  0.0000002736
  0.0000040114
 -0.0000023218
 -0.0000004357
  0.0000043144
 -0.0000015636
 -0.0000023206
 -0.0000025883
 -0.0000023276
 -0.0000039277
  0.0000046594
 -0.0000019905
 -0.0000012380
 -0.0000011995
  0.0000010184
 -0.0000022573
  0.0000001729
  0.0000013792
 -0.0000004409
  0.0000003947
 -0.0000002165
  0.0000004074
  0.0000020459
 -0.0000019897
 -0.0000013599
 -0.0000007959
 -0.0000045563
  0.0000004374
  0.0000004219
 -0.0000133834
  0.0000062013
  0.0000031083
  0.0000006847
  0.0000548003
 -0.0000299002
  0.0000054574
  0.0000086676
  0.0000017869
 -0.0000719429
 -0.0000112683
  0.0000000976
  0.0000139267
 -0.0000008985
 -0.0000005147
  0.0000134206
  0.0000228144
  0.0000054826
 -0.0000002733
 -0.0000061978
 -0.0000568185
 -0.0000000944
  0.0000368243
  0.0000044760
 -0.0000022654
 -0.0000042715
 -0.0000453457
  0.0000328232
  0.0000058827
 -0.0000002074
  0.0000008762
 -0.0000025653
  0.0000202100
  0.0000080561
  0.0000054763
  0.0000019470
 -0.0000003401
 -0.0000010381
  0.0000033028
  0.0000032539
 -0.0000019920
  0.0000009624
  0.0000014877
  0.0000010510
 -0.0000010286
  0.0000039043
  0.0000004198
  0.0000101962
  0.0000100172
  0.0000213176
  0.0000075033
 -0.0000052483
  0.0000119038
  0.0000099840
  0.0000218968
 -0.0000236091
  0.0000087214
  0.0000199066
 -0.0000060756
  0.0000023772
  0.0000083045
  0.0000188150
  0.0000131267
 -0.0000079014
  0.0000104152
  0.0000064677
 -0.0000116985
  0.0000048155
  0.0000067973
 -0.0000021695
  0.0000140536
 -0.0000080937
  0.0000024352
  0.0000204126
  0.0000014628
  0.0000153993
  0.0000133588
 -0.0000126373
 -0.0000007737
  0.0000016003
 -0.0000003705
 -0.0000007335
 -0.0000030816
 -0.0000069122
  0.0000024228
  0.0000014975
  0.0000028202
  0.0000005231
 -0.0000009546
  0.0000011777
  0.0000011787
 -0.0000000982
  0.0000006444
 -0.0000130627
 -0.0000061067
 -0.0000071124
 -0.0000366766
 -0.0000387600
  0.0000147577
 -0.0000100866
 -0.0000124598
 -0.0000224098
 -0.0000027891
 -0.0000395425
 -0.0000390902
  0.0000049760
 -0.0000146560
  0.0000044643
 -0.0000075652
 -0.0000089130
  0.0000063946
 -0.0000015913
 -0.0000204875
 -0.0000070367
  0.0000066710
  0.0000232679
 -0.0000270301
 -0.0000016225
 -0.0000018449
 -0.0000273197
  0.0000032538
  0.0000307482
 -0.0000101317
 -0.0000057121
 -0.0000053699
 -0.0000043212
  0.0000324824
 -0.0000032001
 -0.0000058560
 -0.0000302406
 -0.0000085073
  0.0000027580
  0.0000013213
  0.0000036986
  0.0000030145
  0.0000024357
  0.0000067147
  0.0000038074
  0.0000012015
 -0.0000007531
  0.0000028605
  0.0000002524
 -0.0000000447
  0.0000007870
  0.0000040607
  0.0000010322
  0.0000003611
  0.0000061011
 -0.0000024919
 -0.0000025340
  0.0000010557
 -0.0000023512
  0.0000261038
  0.0000123228
  0.0000009742
 -0.0000021791
  0.0000217397
  0.0000016170
  0.0000009873
  0.0000007753
 -0.0000012687
 -0.0000014777
 -0.0000004608
 -0.0000002401
 -0.0000018587
 -0.0000006419
 -0.0000024696
 -0.0000009121
 -0.0000005013
  0.0000011717
 -0.0000620026
  0.0000040723
 -0.0000003015
  0.0000003455
  0.0000540683
  0.0000068638
  0.0000037088
 -0.0000073703
 -0.0000022988
 -0.0000883607
 -0.0000438158
 -0.0000014904
  0.0000173050
 -0.0000031780
  0.0000171686
 -0.0000030632
 -0.0000071207
 -0.0000802220
  0.0000015475
  0.0000388341
  0.0000006237
 -0.0000030400
 -0.0000016671
 -0.0000174566
 -0.0000333589
 -0.0000003170
 -0.0000030187
  0.0000122411
 -0.0000018935
  0.0000238684
  0.0000111757
 -0.0000002877
 -0.0000030404
 -0.0000041825
 -0.0000000042
 -0.0000004605
 -0.0000003387
 -0.0000028155
 -0.0000004784
  0.0000044308
 -0.0000013048
 -0.0000015093
 -0.0000064125
  0.0000065146
 -0.0000007135
 -0.0000110346
  0.0000082972
  0.0000078133
  0.0000034311
  0.0000130635
  0.0000002924
  0.0000054553
  0.0000095095
 -0.0000009474
  0.0000049039
 -0.0000016483
  0.0000039352
 -0.0000057991
 -0.0000047296
  0.0000046037
 -0.0000105498
 -0.0000011458
 -0.0000038293
  0.0000073988
 -0.0000027249
 -0.0000068663
  0.0000022141
 -0.0000014692
 -0.0000020511
 -0.0000020936
  0.0000183124
  0.0000032803
  0.0000003625
  0.0000035196
  0.0000031240
  0.0000058666
  0.0000050041
  0.0000010798
  0.0000028324
  0.0000008025
  0.0000001377
  0.0000017069
  0.0000037745
  0.0000001688
  0.0000029014
 -0.0000005395
  0.0000062012
 -0.0000447586
 -0.0000124832
 -0.0000034413
 -0.0000046129
  0.0000034470
 -0.0000199605
  0.0000118593
 -0.0000025391
 -0.0000532587
 -0.0000059491
 -0.0000012407
 -0.0000487464
 -0.0000007915
 -0.0000027837
 -0.0000322336
  0.0000109190
 -0.0000221077
  0.0000080851
 -0.0000646643
 -0.0000020671
  0.0000063923
  0.0000046410
 -0.0000025237
  0.0000347299
 -0.0000273556
  0.0000159483
  0.0000042958
  0.0000053925
  0.0000162151
 -0.0000052048
  0.0000049549
  0.0000615009
 -0.0000058102
 -0.0000176329
 -0.0000011531
  0.0000008343
  0.0000074414
 -0.0000390821
 -0.0000034284
 -0.0000070768
  0.0000054820
 -0.0000001039
 -0.0000026375
 -0.0000016096
  0.0000043072
 -0.0000034624
  0.0000025543
  0.0000049891
  0.0000021567
  0.0000038124
  0.0000037937
  0.0000030975
  0.0000001344
  0.0000064853
  0.0000001857
  0.0000017718
 -0.0000012975
  0.0000038270
 -0.0000059559
  0.0000011218
  0.0000021651
 -0.0000006866
  0.0000039776
  0.0000032340
  0.0000020180
  0.0000011775
  0.0000034641
  0.0000101397
  0.0000056711
  0.0000035996
  0.0000113968
 -0.0000028492
  0.0000103588
  0.0000139737
 -0.0000006500
  0.0000010583
  0.0000074375
  0.0000143592
  0.0000016707
  0.0000039194
  0.0000089241
  0.0000024566
  0.0000031681
  0.0000082068
  0.0000007801
  0.0000050850
  0.0000001658
  0.0000034055
  0.0000011136
  0.0000094496
  0.0000050523
  0.0000035150
  0.0000004725
  0.0000032351
  0.0000034542
  0.0000040925
  0.0000023022
  0.0000017560
  0.0000487040
 -0.0000112039
 -0.0000250673
  0.0000083202
  0.0000051094
  0.0000380630
  0.0000190577
 -0.0000974987
 -0.0000243832
 -0.0000469271
 -0.0000180651
  0.0000173939
 -0.0000010787
  0.0000289402
 -0.0000641858
  0.0000013651
 -0.0000003497
  0.0000182479
  0.0000241116
 -0.0000127041
 -0.0000124504
  0.0000441799
 -0.0000099794
  0.0000013260
  0.0000085620
 -0.0000029977
 -0.0000533023
  0.0000062316
 -0.0000369054
  0.0000045261
  0.0000042241
  0.0000056802
  0.0000056730
  0.0000005906
 -0.0000000851
  0.0000005110
 -0.0000001240
  0.0000013945
 -0.0000003704
 -0.0000009970
  0.0000002887
  0.0000023153
  0.0000005318
  0.0000144654
  0.0000058668
  0.0000125900
  0.0000133795
  0.0000014715
 -0.0000010154
  0.0000058996
  0.0000013225
  0.0000016248
  0.0000105672
  0.0000059409
  0.0000020956
  0.0000049454
  0.0000151437
  0.0000057668
  0.0000010988
 -0.0000014469
 -0.0000009259
 -0.0000013454
 -0.0000029634
 -0.0000014726
  0.0000010192
  0.0000004939
  0.0000022290
  0.0000003083
 -0.0000027702
 -0.0000018274
 -0.0000557358
  0.0000069794
  0.0000040608
  0.0000014409
  0.0000136712
  0.0000333727
  0.0000053101
  0.0000011412
  0.0000035112
 -0.0000831821
 -0.0000428600
 -0.0000004351
  0.0000026311
  0.0000005061
  0.0000047664
  0.0000261384
 -0.0000005386
 -0.0000019838
 -0.0000062382
 -0.0000618974
 -0.0000002923
  0.0000518217
  0.0000048986
  0.0000007038
  0.0000038443
  0.0000085344
 -0.0000375483
  0.0000003062
  0.0000014939
  0.0000381771
 -0.0000005131
  0.0000121126
  0.0000125287
 -0.0000025757
  0.0000078369
 -0.0000049677
  0.0000011666
  0.0000000571
  0.0000044199
  0.0000003983
  0.0000086564
  0.0000001191
 -0.0000012078
  0.0000023191
 -0.0000121384
  0.0000055726
  0.0000022045
  0.0000003638
  0.0000001334
 -0.0000015366
 -0.0000004404
 -0.0000025163
 -0.0000012394
 -0.0000010967
  0.0000018246
 -0.0000087818
 -0.0000004099
  0.0000029033
 -0.0000019242
  0.0000018846
  0.0000013834
 -0.0000054798
 -0.0000019038
 -0.0000048564
 -0.0000057720
  0.0000058630
  0.0000142757
 -0.0000014964
  0.0000057950
 -0.0000150710
 -0.0000070139
 -0.0000025410
  0.0000054962
 -0.0000106812
 -0.0000048396
 -0.0000023618
  0.0000000097
 -0.0000014642
 -0.0000013606
 -0.0000047473
  0.0000000861
  0.0000006722
 -0.0000016329
 -0.0000003701
 -0.0000028259
 -0.0000000150
 -0.0000001836
  0.0000009124
 -0.0000056366
  0.0000022880
  0.0000021751
  0.0000037959
  0.0000072291
  0.0000240181
  0.0000041068
  0.0000000472
  0.0000011126
 -0.0000649278
 -0.0000270368
  0.0000044238
 -0.0000095967
  0.0000102709
 -0.0000045186
 -0.0000009975
  0.0000216087
  0.0000008618
  0.0000012269
 -0.0000041608
 -0.0000147344
  0.0000009595
  0.0000491023
  0.0000044426
  0.0000108664
 -0.0000019889
  0.0000088069
 -0.0000191127
  0.0000004969
 -0.0000016825
  0.0000001663
  0.0000101882
  0.0000115877
 -0.0000016232
  0.0000001840
 -0.0000007123
  0.0000026894
 -0.0000021534
  0.0000010127
 -0.0000008305
  0.0000014828
  0.0000018888
  0.0000011568
  0.0000006045
  0.0000058069
 -0.0000001655
  0.0000040830
 -0.0000052722
  0.0000007093
  0.0000001257
 -0.0000001498
  0.0000003790
  0.0000003709
 -0.0000135608
 -0.0000134492
 -0.0000150853
 -0.0000132267
 -0.0000159074
 -0.0000181702
 -0.0000137942
 -0.0000159424
 -0.0000010442
 -0.0000082635
 -0.0000133903
 -0.0000156204
 -0.0000041620
 -0.0000141319
 -0.0000133199
  0.0000013536
  0.0000046268
  0.0000012812
  0.0000016401
 -0.0000009261
 -0.0000002341
  0.0000019422
 -0.0000015748
  0.0000031564
 -0.0000015292
  0.0000007948
  0.0000099429
  0.0000196545
 -0.0000227135
  0.0000283195
  0.0000064904
  0.0000063318
  0.0000136996
  0.0000014560
 -0.0000034592
 -0.0000815820
 -0.0000266466
 -0.0000055593
 -0.0000201424
  0.0000281943
 -0.0000016978
  0.0000162743
  0.0000043186
  0.0000227041
 -0.0000006599
  0.0000034551
  0.0000303696
 -0.0000203210
 -0.0000245641
  0.0000191393
 -0.0000068062
  0.0000011134
  0.0000007189
  0.0000027826
 -0.0000082584
 -0.0000145600
  0.0000096642
 -0.0000277407
 -0.0000079170
  0.0000015430
  0.0000008924
  0.0000006863
 -0.0000071697
  0.0000026821
  0.0000036944
  0.0000046060
  0.0000013087
  0.0000038541
  0.0000025157
  0.0000025875
  0.0000008503
 -0.0000012550
  0.0000018790
  0.0000025551
 -0.0000010786
  0.0000008624
  0.0000009443
  0.0000029573
 -0.0000080720
 -0.0000139664
 -0.0000106085
 -0.0000078075
 -0.0000147800
 -0.0000165278
 -0.0000138519
 -0.0000148065
  0.0000065504
 -0.0000020004
 -0.0000139730
 -0.0000146611
  0.0000024200
 -0.0000083832
 -0.0000136505
  0.0000023957
  0.0000006268
  0.0000012033
  0.0000029600
  0.0000010312
  0.0000005101
  0.0000023909
  0.0000003457
  0.0000002248
  0.0000034490
  0.0000034505
  0.0000014648
  0.0000036000
  0.0000057944
  0.0000150792
 -0.0000212408
  0.0000325787
  0.0000085147
  0.0000044248
  0.0000158430
  0.0000060439
  0.0000028910
 -0.0000809214
 -0.0000261645
 -0.0000019279
 -0.0000190510
  0.0000147207
  0.0000250225
 -0.0000004656
  0.0000023287
  0.0000154922
  0.0000130422
  0.0000202402
  0.0000045239
  0.0000093989
  0.0000275847
 -0.0000189251
 -0.0000228498
  0.0000110698
 -0.0000094114
  0.0000077028
  0.0000068096
  0.0000017961
 -0.0000019765
 -0.0000116062
  0.0000057071
 -0.0000269007
 -0.0000017078
 -0.0000036846
 -0.0000031430
 -0.0000065961
 -0.0000005108
 -0.0000034353
 -0.0000060754
 -0.0000066851
  0.0000001368
 -0.0000053206
 -0.0000156088
  0.0000035346
  0.0000009936
 -0.0000020063
  0.0000106820
 -0.0000007771
 -0.0000005003
 -0.0000047371
 -0.0000064028
  0.0000004493
 -0.0000090354
 -0.0000089920
  0.0000014671
 -0.0000143520
 -0.0000055945
  0.0000004878
 -0.0000072297
 -0.0000107971
 -0.0000025637
 -0.0000030628
 -0.0000031313
 -0.0000069069
 -0.0000070066
  0.0000063129
  0.0000051096
  0.0000064534
  0.0000047625
  0.0000048359
  0.0000058059
  0.0000030169
  0.0000061278
  0.0000061348
  0.0000079697
  0.0000039217
  0.0000034700
  0.0000061553
  0.0000037747
  0.0000055276
  0.0000053752
 -0.0000037149
 -0.0000065576
  0.0000001827
  0.0000004496
 -0.0000125389
 -0.0000020935
 -0.0000028281
 -0.0000016299
 -0.0000111242
 -0.0000300504
  0.0000028924
  0.0000056079
 -0.0000030029
 -0.0000091941
 -0.0000751176
 -0.0000026233
 -0.0000024219
 -0.0000699763
  0.0000063264
 -0.0001219885
  0.0000133202
  0.0000449481
  0.0000082635
  0.0000074365
 -0.0001901015
 -0.0000063608
  0.0000142229
  0.0000075111
  0.0000408589
  0.0000264747
  0.0000108895
 -0.0001235441
  0.0000151509
  0.0000136313
  0.0000081032
 -0.0000968917
 -0.0000116580
 -0.0000019014
  0.0000230838
  0.0000290483
  0.0000026475
  0.0000003962
 -0.0000042227
  0.0000010951
  0.0000047318
  0.0000054238
  0.0000011766
  0.0000153329
 -0.0000018097
 -0.0000021882
 -0.0000126838
  0.0000001952
  0.0000003190
 -0.0000005967
 -0.0000011309
 -0.0000017321
 -0.0000067976
 -0.0000020512
  0.0000003082
 -0.0000010452
  0.0000001765
 -0.0000006504
 -0.0000086503
  0.0000006318
 -0.0000042999
 -0.0000105768
  0.0000078290
  0.0000029210
  0.0000009181
  0.0000078446
 -0.0000137507
 -0.0000148199
  0.0000003196
  0.0000096652
 -0.0000141518
 -0.0000050189
  0.0000002929
  0.0000005920
 -0.0000000127
 -0.0000000315
 -0.0000016092
 -0.0000043269
  0.0000003310
  0.0000004764
  0.0000018969
 -0.0000004827
 -0.0000012927
 -0.0000036180
 -0.0000213641
  0.0000016675
  0.0000022672
 -0.0000015467
  0.0000137586
  0.0000362048
  0.0000036758
 -0.0000006382
  0.0000011819
 -0.0000731663
 -0.0000332832
 -0.0000030715
 -0.0000137057
  0.0000020866
 -0.0000053043
  0.0000071504
  0.0000270926
 -0.0000038062
 -0.0000052428
 -0.0000098653
 -0.0000297165
 -0.0000013646
  0.0000601889
  0.0000044387
  0.0000049253
 -0.0000015168
  0.0000207929
 -0.0000317696
 -0.0000016189
 -0.0000020036
  0.0000244612
  0.0000004925
  0.0000121930
 -0.0000031369
 -0.0000069931
  0.0000042331
  0.0000033234
  0.0000019410
  0.0000060032
  0.0000050036
  0.0000076108
  0.0000056669
  0.0000047800
  0.0000074989
  0.0000033360
  0.0000022813
 -0.0000012974
  0.0000004344
  0.0000073593
  0.0000020612
 -0.0000005379
  0.0000072489
  0.0000050227
  0.0000032522
  0.0000045017
 -0.0000038049
 -0.0000106995
 -0.0000059118
 -0.0000036568
 -0.0000176467
 -0.0000172622
 -0.0000108716
 -0.0000175663
  0.0000020449
 -0.0000017485
 -0.0000097018
 -0.0000171384
  0.0000004943
 -0.0000039462
 -0.0000103936
  0.0000073821
  0.0000126299
  0.0000088908
  0.0000036082
  0.0000093149
  0.0000056457
  0.0000103708
  0.0000046905
  0.0000032474
  0.0000276665
  0.0000009762
  0.0000033556
  0.0000119209
  0.0000033458
  0.0000154595
  0.0000150414
  0.0000069228
  0.0000173737
  0.0000063739
 -0.0000196215
 -0.0000558437
  0.0000000447
  0.0000135736
  0.0000802593
  0.0000504557
 -0.0000291595
 -0.0000516183
 -0.0000233425
 -0.0000234141
 -0.0000686335
 -0.0000310511
  0.0000002314
 -0.0000184272
 -0.0000190631
  0.0000096164
 -0.0000057491
  0.0000029480
  0.0000053162
 -0.0000580318
  0.0000015829
 -0.0000416908
  0.0000017547
  0.0000016862
 -0.0000001885
  0.0000032656
  0.0000021490
 -0.0000011348
  0.0000001265
 -0.0000000320
 -0.0000013548
  0.0000012248
 -0.0000016605
 -0.0000001276
 -0.0000005418
  0.0000011019
  0.0000020790
  0.0000001247
  0.0000010499
  0.0000018129
  0.0000011836
  0.0000011985
  0.0000233013
  0.0000025271
  0.0000011421
  0.0000010531
  0.0000123123
  0.0000013015
  0.0000010448
 -0.0000004546
 -0.0000018398
 -0.0000020085
  0.0000009516
 -0.0000019072
 -0.0000028382
  0.0000001390
 -0.0000003775
  0.0000012199
 -0.0000007617
 -0.0000023634
 -0.0000029033
 -0.0000625851
  0.0000054229
  0.0000009557
  0.0000036013
  0.0000387738
  0.0000109932
 -0.0000013936
  0.0000000765
  0.0000007874
 -0.0000891376
 -0.0000422249
  0.0000008878
  0.0000206430
  0.0000021163
  0.0000155157
  0.0000253765
  0.0000020489
  0.0000004409
 -0.0000038530
 -0.0000828172
 -0.0000011801
  0.0000390864
  0.0000011088
 -0.0000007699
 -0.0000015885
 -0.0000134716
 -0.0000296488
 -0.0000005549
 -0.0000033257
  0.0000136284
  0.0000010056
  0.0000175112
  0.0000085175
  0.0000031795
  0.0000022212
  0.0000030893
  0.0000022093
  0.0000113213
  0.0000012214
  0.0000007906
  0.0000019465
 -0.0000014352
 -0.0000011197
  0.0000006556
  0.0000023911
  0.0000013706
  0.0000011727
  0.0000016115
  0.0000026638
  0.0000035601
  0.0000019259
  0.0000006098
  0.0000053196
  0.0000005652
  0.0000014337
  0.0000020155
  0.0000007374
  0.0000232453
  0.0000127932
  0.0000017161
  0.0000003997
  0.0000227954
  0.0000010494
  0.0000018735
  0.0000020861
 -0.0000021680
 -0.0000042788
 -0.0000003571
  0.0000053007
 -0.0000026468
  0.0000025271
 -0.0000029502
  0.0000028905
 -0.0000017781
  0.0000058753
 -0.0000547212
  0.0000045337
  0.0000003751
  0.0000039633
  0.0000129309
  0.0000317990
 -0.0000004360
  0.0000055306
  0.0000037825
 -0.0000848407
 -0.0000430879
  0.0000013481
  0.0000181095
 -0.0000015336
  0.0000002822
  0.0000044356
  0.0000270848
  0.0000019556
  0.0000007348
 -0.0000038725
 -0.0000664629
  0.0000001684
  0.0000515169
  0.0000016121
 -0.0000002610
 -0.0000039857
  0.0000068339
 -0.0000373327
  0.0000030098
 -0.0000044998
  0.0000399407
  0.0000009471
  0.0000109276
  0.0000122370
  0.0000018099
 -0.0000011311
 -0.0000003412
  0.0000023009
  0.0000002351
  0.0000021571
  0.0000102863
  0.0000024246
 -0.0000007342
 -0.0000077969
  0.0000072329
  0.0000002285
 -0.0000100348
  0.0000107578
  0.0000089841
  0.0000025645
  0.0000127731
  0.0000032194
  0.0000064952
  0.0000112949
 -0.0000000902
  0.0000049624
 -0.0000007949
  0.0000048047
 -0.0000049386
 -0.0000043662
  0.0000059061
 -0.0000093341
  0.0000008473
 -0.0000027499
  0.0000083443
 -0.0000020985
 -0.0000017689
  0.0000024213
  0.0000008135
 -0.0000012408
 -0.0000013474
  0.0000191018
 -0.0000024198
 -0.0000002907
 -0.0000022284
 -0.0000021378
  0.0000018965
  0.0000000763
  0.0000011342
  0.0000010002
  0.0000003751
  0.0000013086
 -0.0000014201
  0.0000012801
  0.0000013134
 -0.0000017194
 -0.0000019546
  0.0000079063
 -0.0000369433
 -0.0000282655
 -0.0000016974
 -0.0000095149
  0.0000043151
 -0.0000341952
  0.0000143926
 -0.0000136678
 -0.0000147283
 -0.0000071629
 -0.0000048480
 -0.0000153427
 -0.0000170702
  0.0000100051
 -0.0000419886
  0.0000133249
  0.0000204461
  0.0000004824
 -0.0000344244
 -0.0000024325
  0.0000046211
 -0.0000001129
 -0.0000078965
  0.0000233096
 -0.0000379188
 -0.0000059366
 -0.0000071534
 -0.0000049608
  0.0000041472
 -0.0000033480
  0.0000098354
  0.0000348033
 -0.0000063497
 -0.0000061798
 -0.0000000265
  0.0000021074
  0.0000305472
 -0.0000099113
  0.0000023780
 -0.0000015212
 -0.0000016980
 -0.0000078299
  0.0000014115
  0.0000049564
  0.0000008785
  0.0000000172
 -0.0000024449
 -0.0000017696
  0.0000007795
 -0.0000004881
 -0.0000003047
 -0.0000020326
 -0.0000034659
  0.0000000408
 -0.0000032880
 -0.0000039827
  0.0000079327
  0.0000052894
  0.0000002201
  0.0000080964
 -0.0000153073
 -0.0000107601
 -0.0000001394
  0.0000053242
 -0.0000135573
 -0.0000027495
 -0.0000002161
 -0.0000027302
  0.0000002792
 -0.0000024508
  0.0000000032
 -0.0000020161
 -0.0000015558
 -0.0000015369
 -0.0000024070
 -0.0000017377
  0.0000004356
 -0.0000042006
 -0.0000569062
  0.0000039102
  0.0000006976
  0.0000034387
  0.0000366701
  0.0000214677
  0.0000081358
 -0.0000048612
 -0.0000025990
 -0.0000806634
 -0.0000404877
  0.0000022720
 -0.0000106723
 -0.0000008926
  0.0000159296
 -0.0000002835
 -0.0000045833
 -0.0000635664
  0.0000041984
  0.0000445416
  0.0000024507
  0.0000089891
 -0.0000049164
 -0.0000023936
 -0.0000391285
  0.0000012766
  0.0000303095
  0.0000068274
  0.0000194813
 -0.0000035813
  0.0000001883
 -0.0000012878
 -0.0000012142
 -0.0000013852
  0.0000009861
 -0.0000002451
  0.0000004662
  0.0000044611
  0.0000001655
  0.0000040414
  0.0000008333
  0.0000021570
  0.0000001711
  0.0000046375
 -0.0000011090
 -0.0000012764
  0.0000029492
  0.0000077903
 -0.0000059490
  0.0000007652
  0.0000025501
 -0.0000016944
 -0.0000036214
 -0.0000002353
 -0.0000003220
  0.0000042745
  0.0000010613
  0.0000047503
  0.0000031606
  0.0000014217
  0.0000099246
  0.0000229843
  0.0000025267
  0.0000052211
 -0.0000016212
  0.0000035003
  0.0000071644
  0.0000047214
  0.0000011336
  0.0000011420
  0.0000064512
  0.0000003090
  0.0000047966
  0.0000015859
  0.0000036464
  0.0000049270
 -0.0000023739
  0.0000057106
  0.0000012977
  0.0000027259
  0.0000020791
  0.0000028215
  0.0000043453
 -0.0000003922
  0.0000035585
  0.0000368954
 -0.0000064414
 -0.0000232574
 -0.0000006919
  0.0000043256
  0.0000258983
  0.0000085172
 -0.0000014847
 -0.0000959963
 -0.0000178980
 -0.0000424931
 -0.0000045967
  0.0000106768
  0.0000219768
 -0.0000016711
 -0.0000051979
  0.0000224573
 -0.0000598980
  0.0000057467
  0.0000009478
  0.0000112364
  0.0000258406
  0.0000034684
  0.0000014731
  0.0000460198
 -0.0000085839
  0.0000024038
  0.0000052641
 -0.0000016960
 -0.0000078183
 -0.0000498025
 -0.0000006665
 -0.0000255308
 -0.0000016679
  0.0000008057
  0.0000012092
  0.0000040363
  0.0000050474
  0.0000041008
  0.0000044813
  0.0000017934
 -0.0000009843
  0.0000031539
  0.0000000185
 -0.0000002118
  0.0000005978
  0.0000030214
  0.0000031462
 -0.0000197634
 -0.0000199623
 -0.0000196252
 -0.0000198336
 -0.0000145877
 -0.0000224850
 -0.0000198164
 -0.0000146691
 -0.0000219610
 -0.0000210934
 -0.0000200548
 -0.0000153517
 -0.0000212065
 -0.0000190221
 -0.0000200666
  0.0000005340
 -0.0000021277
  0.0000079025
 -0.0000008789
  0.0000034508
  0.0000019967
 -0.0000007066
 -0.0000002056
  0.0000059889
  0.0000010069
  0.0000009925
 -0.0000011519
  0.0000002888
  0.0000005178
 -0.0000206162
  0.0000213084
 -0.0000200262
  0.0000266185
  0.0000082440
  0.0000301839
  0.0000113888
 -0.0000037278
 -0.0000062750
 -0.0000335608
  0.0000063632
 -0.0000229441
  0.0000238783
  0.0000005082
  0.0000175686
  0.0000151376
 -0.0000262528
  0.0000062970
 -0.0000184808
 -0.0000261563
  0.0000173877
  0.0000130623
 -0.0000303322
  0.0000034065
  0.0000234225
 -0.0000077181
  0.0000088639
 -0.0000269103
 -0.0000009008
  0.0000018855
  0.0000043523
  0.0000027443
  0.0000050032
  0.0000023287
  0.0000028781
 -0.0000004059
  0.0000021202
 -0.0000006599
  0.0000041231
  0.0000025382
  0.0000034572
  0.0000034350
  0.0000039165
  0.0000026334
  0.0000020751
 -0.0000123469
 -0.0000161782
 -0.0000150901
 -0.0000121856
 -0.0000175952
 -0.0000164149
 -0.0000160093
 -0.0000173943
 -0.0000009468
 -0.0000075211
 -0.0000162153
 -0.0000172142
 -0.0000038085
 -0.0000123316
 -0.0000158622
  0.0000037274
  0.0000033955
  0.0000002476
  0.0000015075
  0.0000008882
  0.0000022190
  0.0000041744
  0.0000013889
  0.0000012011
 -0.0000003833
  0.0000004913
  0.0000005242
  0.0000016637
  0.0000092193
  0.0000260919
 -0.0000234273
  0.0000163111
  0.0000021388
  0.0000091765
  0.0000172458
  0.0000004160
 -0.0000036327
 -0.0000853392
 -0.0000286200
 -0.0000199014
 -0.0000216421
  0.0000377646
 -0.0000041982
  0.0000153778
 -0.0000098305
  0.0000148762
 -0.0000012992
  0.0000064974
  0.0000303187
 -0.0000199426
 -0.0000238103
  0.0000241517
 -0.0000062266
  0.0000006645
  0.0000045350
 -0.0000017032
 -0.0000089925
 -0.0000273735
  0.0000066338
 -0.0000360086
  0.0000018296
 -0.0000020412
  0.0000005321
  0.0000016961
  0.0000093247
  0.0000018064
 -0.0000002501
 -0.0000077077
  0.0000100170
  0.0000001858
 -0.0000099858
  0.0000106609
  0.0000141301
  0.0000074853
 -0.0000055560
  0.0000019687
  0.0000089342
  0.0000180262
 -0.0000004618
  0.0000057927
  0.0000007408
  0.0000048281
 -0.0000058637
 -0.0000035704
  0.0000050705
 -0.0000099670
  0.0000002608
 -0.0000034203
  0.0000133102
 -0.0000014428
 -0.0000035046
  0.0000017724
  0.0000056536
  0.0000000353
 -0.0000001463
  0.0000107764
 -0.0000005074
  0.0000016539
  0.0000001365
  0.0000012776
 -0.0000027982
 -0.0000012451
  0.0000001764
  0.0000001972
 -0.0000015131
 -0.0000015690
  0.0000016542
 -0.0000000987
 -0.0000018216
 -0.0000023782
  0.0000031603
  0.0000164740
 -0.0000044616
 -0.0000088778
 -0.0000309491
 -0.0000341349
  0.0000087687
 -0.0000146345
  0.0000159281
 -0.0000288374
 -0.0000042960
 -0.0000196313
 -0.0000101631
  0.0000016407
 -0.0000253347
  0.0000062739
 -0.0000074973
  0.0000198190
  0.0000210171
 -0.0000007369
 -0.0000188400
  0.0000053132
  0.0000025828
  0.0000037890
 -0.0000021876
 -0.0000015578
  0.0000170693
 -0.0000328258
 -0.0000102482
 -0.0000008014
  0.0000000716
  0.0000045983
  0.0000256197
 -0.0000101660
  0.0000248651
  0.0000030459
  0.0000154559
  0.0000010362
  0.0000007492
  0.0000106889
 -0.0000009422
 -0.0000034749
 -0.0000108336
 -0.0000069207
  0.0000102417
  0.0000019443
 -0.0000000278
  0.0000015743
 -0.0000001045
 -0.0000002993
  0.0000014232
  0.0000029158
  0.0000028275
  0.0000051320
  0.0000016786
  0.0000014408
  0.0000075397
 -0.0000004066
  0.0000034762
 -0.0000052234
  0.0000020963
  0.0000011924
 -0.0000021285
  0.0000002555
  0.0000002492
  0.0000033126
  0.0000046400
  0.0000086389
  0.0000034021
 -0.0000073325
 -0.0000158383
  0.0000035772
 -0.0000031531
 -0.0000012372
  0.0000010130
  0.0000078873
 -0.0000021932
  0.0000014120
  0.0000038730
  0.0000060793
  0.0000015168
  0.0000055256
  0.0000018354
  0.0000041725
  0.0000001501
  0.0000030528
  0.0000010555
  0.0000025216
 -0.0000001055
  0.0000033671
  0.0000026605
  0.0000011089
  0.0000005049
  0.0000266720
 -0.0000195003
  0.0000024367
  0.0000040842
  0.0000046797
  0.0000173305
  0.0000007339
 -0.0000002642
 -0.0000955749
 -0.0000275557
 -0.0000484149
 -0.0000212395
  0.0000319711
 -0.0000009598
 -0.0000039194
  0.0000154622
 -0.0000319668
  0.0000061976
 -0.0000010618
  0.0000076999
  0.0000229811
 -0.0000171070
 -0.0000184303
  0.0000280135
 -0.0000111142
  0.0000007497
  0.0000052886
  0.0000022419
 -0.0000068435
 -0.0000530123
  0.0000026233
 -0.0000403228
  0.0000007145
  0.0000133739
  0.0000081351
 -0.0000030066
  0.0000034852
  0.0000090112
 -0.0000024511
  0.0000088941
  0.0000038031
  0.0000076587
  0.0000050820
  0.0000023664
  0.0000026900
  0.0000076992
  0.0000033941
  0.0000053621
  0.0000083533
 -0.0000021065
  0.0000034703
  0.0000025961
  0.0000042890
  0.0000021232
  0.0000057936
  0.0000073491
  0.0000049146
  0.0000049071
 -0.0000042936
  0.0000050577
 -0.0000035536
 -0.0000046053
  0.0000004467
  0.0000048625
  0.0000041718
 -0.0000003218
 -0.0000039562
 -0.0000000021
  0.0000038747
 -0.0000002217
 -0.0000029589
 -0.0000033352
  0.0000055385
  0.0000042524
  0.0000036481
  0.0000062551
  0.0000034033
  0.0000072218
  0.0000093140
  0.0000066481
  0.0000004819
  0.0000035309
  0.0000070578
  0.0000021461
  0.0000045139
  0.0000021844
  0.0000028330
 -0.0000049222
  0.0000049886
  0.0000030739
 -0.0000033015
  0.0000005809
  0.0000823134
  0.0000165696
 -0.0001099705
  0.0000013631
  0.0000025560
  0.0000896062
  0.0000424989
 -0.0001023830
 -0.0000057510
 -0.0000144095
  0.0000121945
 -0.0000982821
 -0.0000016852
 -0.0000287227
 -0.0000932779
 -0.0000010063
  0.0000230775
  0.0000170685
  0.0000156678
 -0.0000109050
 -0.0000110691
 -0.0000015385
 -0.0000084657
 -0.0000199660
  0.0000009796
 -0.0000143984
  0.0000035789
 -0.0000004757
 -0.0000020696
  0.0000001896
 -0.0000024318
 -0.0000040739
  0.0000017382
 -0.0000026167
 -0.0000020015
 -0.0000006355
 -0.0000007716
 -0.0000131844
 -0.0000040773
 -0.0000080539
 -0.0000138596
  0.0000032282
  0.0000086401
 -0.0000037823
  0.0000032656
 -0.0000154242
 -0.0000142540
 -0.0000044710
  0.0000014432
 -0.0000155704
 -0.0000110909
 -0.0000044204
 -0.0000011269
 -0.0000023855
 -0.0000023459
 -0.0000012563
 -0.0000009190
 -0.0000034313
 -0.0000030493
 -0.0000007373
 -0.0000016882
 -0.0000034984
 -0.0000037714
 -0.0000030565
 -0.0000043172
 -0.0000343848
  0.0000046009
 -0.0000016782
  0.0000054024
  0.0000091749
  0.0000369545
  0.0000046602
 -0.0000068307
 -0.0000045885
 -0.0000748189
 -0.0000353234
  0.0000027468
 -0.0000175169
 -0.0000030346
  0.0000022362
  0.0000236104
  0.0000022587
  0.0000011507
 -0.0000029061
 -0.0000409401
 -0.0000011108
  0.0000565506
  0.0000004873
  0.0000080143
 -0.0000043315
  0.0000187835
 -0.0000382602
 -0.0000022782
 -0.0000042823
  0.0000279885
  0.0000077249
  0.0000125445
 -0.0000059893
 -0.0000062556
 -0.0000034254
 -0.0000046914
  0.0000032168
 -0.0000006924
 -0.0000036759
 -0.0000048566
  0.0000054491
 -0.0000026488
 -0.0000131000
  0.0000054990
  0.0000085210
  0.0000037083
  0.0000049638
  0.0000043965
  0.0000081853
 -0.0000019601
  0.0000036507
 -0.0000006652
  0.0000024032
 -0.0000071950
 -0.0000062646
  0.0000035274
 -0.0000118692
 -0.0000026445
 -0.0000036088
  0.0000077029
 -0.0000046913
 -0.0000085699
 -0.0000024565
  0.0000024622
 -0.0000053433
 -0.0000016908
 -0.0000021864
  0.0000103931
  0.0000054278
  0.0000027621
  0.0000053863
  0.0000052143
 -0.0000032903
  0.0000014412
  0.0000003419
 -0.0000021802
  0.0000069110
  0.0000027688
  0.0000037920
 -0.0000023734
  0.0000032009
  0.0000053191
  0.0000039646
  0.0000053775
 -0.0000517797
 -0.0000213024
 -0.0000088213
 -0.0000100333
  0.0000042178
 -0.0000282868
  0.0000119528
 -0.0000112026
 -0.0000632247
 -0.0000141530
 -0.0000126896
 -0.0000571011
 -0.0000116196
 -0.0000243918
 -0.0000395736
  0.0000130348
 -0.0000411604
  0.0000004559
 -0.0000754667
  0.0000147006
  0.0000075963
  0.0000056309
 -0.0000175338
  0.0000333712
 -0.0000350159
  0.0000234030
  0.0000200343
  0.0000304160
 -0.0000105668
  0.0000188605
  0.0000036041
 -0.0000389317
  0.0000070043
  0.0000019786
 -0.0000010640
 -0.0000556399
 -0.0000088003
 -0.0000035415
  0.0000184005
  0.0000217587
  0.0000005991
 -0.0000003802
  0.0000050216
 -0.0000010356
 -0.0000034247
  0.0000004017
 -0.0000057964
  0.0000011761
 -0.0000008569
  0.0000011927
 -0.0000016368
 -0.0000019320
  0.0000021770
  0.0000018447
 -0.0000004221
 -0.0000002074
  0.0000048032
 -0.0000105330
 -0.0000092703
 -0.0000098319
 -0.0000102538
 -0.0000070127
 -0.0000025494
 -0.0000085727
 -0.0000074603
 -0.0000137900
 -0.0000148438
 -0.0000095674
 -0.0000090734
 -0.0000128370
 -0.0000098061
 -0.0000095359
  0.0000012974
  0.0000009608
  0.0000001724
 -0.0000001992
 -0.0000011653
 -0.0000013198
  0.0000005800
  0.0000009562
 -0.0000005483
 -0.0000006428
 -0.0000007535
 -0.0000010331
 -0.0000020673
  0.0000093607
 -0.0000102661
  0.0000102228
  0.0000050478
  0.0000240581
  0.0000089117
 -0.0000030206
  0.0000004236
 -0.0000680404
 -0.0000283865
  0.0000138729
 -0.0000137048
  0.0000111666
  0.0000022626
 -0.0000006487
  0.0000195119
  0.0000086586
  0.0000077982
  0.0000022195
 -0.0000156631
  0.0000060010
  0.0000473956
 -0.0000081347
 -0.0000067894
  0.0000003074
  0.0000078116
 -0.0000216079
  0.0000032559
  0.0000001321
  0.0000047045
  0.0000235750
  0.0000103491
 -0.0000123378
  0.0000004698
 -0.0000008454
  0.0000055093
  0.0000028926
  0.0000052288
 -0.0000002252
  0.0000183887
  0.0000022881
 -0.0000088655
  0.0000098051
  0.0000217512
  0.0000159670
 -0.0000075918
  0.0000039778
  0.0000152270
  0.0000115135
  0.0000043989
  0.0000095048
  0.0000108662
  0.0000072370
 -0.0000003851
  0.0000025720
  0.0000110520
 -0.0000081295
  0.0000004815
  0.0000002219
  0.0000177278
  0.0000056229
 -0.0000031534
  0.0000141629
  0.0000009845
  0.0000082902
  0.0000067282
 -0.0000052954
  0.0000004103
 -0.0000033103
  0.0000006414
  0.0000001716
 -0.0000036646
 -0.0000024154
 -0.0000047126
 -0.0000047928
 -0.0000012402
 -0.0000034542
 -0.0000004614
 -0.0000046389
 -0.0000031372
 -0.0000010891
 -0.0000016544
  0.0000023357
 -0.0000076614
 -0.0000138080
 -0.0000334623
 -0.0000351429
  0.0000178349
 -0.0000188974
 -0.0000029293
 -0.0000300898
  0.0000003513
 -0.0000347759
 -0.0000247587
  0.0000046803
 -0.0000265717
  0.0000017041
 -0.0000119684
  0.0000005885
  0.0000060780
  0.0000022471
 -0.0000209697
 -0.0000013947
  0.0000047740
 -0.0000015136
  0.0000044436
  0.0000232844
 -0.0000342910
 -0.0000039560
 -0.0000005272
 -0.0000177183
  0.0000021931
  0.0000302470
 -0.0000069620
 -0.0000089478
 -0.0000016989
  0.0000004817
  0.0000305747
  0.0000000813
 -0.0000026978
 -0.0000208098
 -0.0000087202
  0.0000030827
 -0.0000051569
  0.0000020870
 -0.0000038700
 -0.0000042311
  0.0000037119
  0.0000034704
 -0.0000052321
  0.0000072026
  0.0000041061
  0.0000017229
  0.0000139584
  0.0000040659
 -0.0000037886
 -0.0000013268
 -0.0000088373
 -0.0000072201
 -0.0000161995
  0.0000010988
  0.0000035968
 -0.0000048084
 -0.0000099314
  0.0000035331
  0.0000007997
  0.0000003668
 -0.0000024541
 -0.0000030704
  0.0000107089
  0.0000051444
  0.0000137557
  0.0000045989
  0.0000047977
  0.0000119958
  0.0000143577
  0.0000141599
  0.0000133353
  0.0000051653
  0.0000093021
  0.0000110034
  0.0000133687
  0.0000063761
  0.0000061297
  0.0000131528
  0.0000008707
  0.0000023477
  0.0000019226
  0.0000020083
 -0.0000098738
  0.0000020794
  0.0000025375
  0.0000044170
 -0.0000079121
  0.0000033941
  0.0000028923
  0.0000056756
  0.0000125692
 -0.0000069816
 -0.0000216093
  0.0000061643
  0.0000035375
 -0.0000196672
  0.0000093768
 -0.0001047397
  0.0000312489
  0.0000382191
  0.0000111087
  0.0000117398
  0.0000033935
  0.0000339541
  0.0000287058
  0.0000359035
  0.0000482913
  0.0000106170
 -0.0001014677
  0.0000210140
  0.0000184363
  0.0000077895
 -0.0000524553
 -0.0000087754
  0.0000032255
  0.0000436227
  0.0000437519
 -0.0000051764
  0.0000035646
  0.0000204467
  0.0000119387
 -0.0000094911
  0.0000200779
 -0.0000007027
  0.0000140890
 -0.0000169017
 -0.0000080416
 -0.0000387272
  0.0000041646
 -0.0000268145
  0.0000127110
  0.0000121620
  0.0000046220
  0.0000168391
 -0.0000054145
  0.0000176847
  0.0000072542
 -0.0000100892
 -0.0000012565
  0.0000005249
 -0.0000266220
  0.0000186309
 -0.0000134720
  0.0000044392
 -0.0000000799
  0.0000039550
  0.0000173230
  0.0000184334
 -0.0000303077
 -0.0000002621
 -0.0000054582
 -0.0000004925
 -0.0000006320
 -0.0000040977
  0.0000003777
 -0.0000059473
 -0.0000061685
 -0.0000011258
 -0.0000024503
 -0.0000030715
 -0.0000060041
 -0.0000024927
 -0.0000003786
 -0.0000045479
 -0.0000285947
  0.0000004715
 -0.0000007591
 -0.0000178493
 -0.0000166889
 -0.0000189497
 -0.0000014946
 -0.0000309341
  0.0000043830
  0.0000047526
 -0.0000389827
 -0.0000519167
  0.0000080221
  0.0000042173
  0.0000113265
 -0.0000002824
 -0.0000326849
  0.0000232692
 -0.0000031241
 -0.0000130429
 -0.0000009968
  0.0000039313
  0.0000279120
 -0.0000085104
  0.0000065556
  0.0000056904
  0.0000030969
  0.0000297676
  0.0000062659
 -0.0000019075
 -0.0000065111
  0.0000337747
 -0.0000038439
  0.0000047871
 -0.0000409959
 -0.0000070989
 -0.0000031856
 -0.0000008613
  0.0000026087
 -0.0000085265
  0.0000025408
 -0.0000014574
  0.0000157600
  0.0000086414
 -0.0000167499
  0.0000108867
 -0.0000091508
  0.0000059852
 -0.0000273126
 -0.0000163897
 -0.0000437357
  0.0000052136
  0.0000004515
 -0.0000362489
  0.0000031467
  0.0000083053
 -0.0000001505
  0.0000076929
 -0.0000088792
  0.0000149762
  0.0000052709
 -0.0000129975
  0.0000036597
  0.0000057523
 -0.0000360441
  0.0000159608
 -0.0000126297
  0.0000024025
 -0.0000073400
  0.0000000921
  0.0000146741
  0.0000156616
 -0.0000406328
 -0.0000015498
 -0.0000004941
 -0.0000012719
 -0.0000011785
  0.0000026965
  0.0000027012
  0.0000013469
  0.0000011621
  0.0000014929
  0.0000006944
 -0.0000006480
  0.0000017754
  0.0000007850
 -0.0000013793
 -0.0000016855
 -0.0000366394
  0.0000162602
  0.0000116197
  0.0000307615
  0.0000307886
 -0.0000290343
  0.0000138942
 -0.0000384632
  0.0000328531
  0.0000126675
  0.0000103276
 -0.0000410526
  0.0000162408
  0.0000163727
 -0.0000039972
  0.0000152672
 -0.0000432442
  0.0000079336
  0.0000010723
  0.0000180842
  0.0000056230
  0.0000094733
  0.0000053416
  0.0000019636
  0.0000288558
 -0.0000032585
  0.0000045425
  0.0000107893
  0.0000037719
 -0.0000417147
  0.0000212928
  0.0000043954
  0.0000047793
  0.0000035372
  0.0000163239
  0.0000005972
  0.0000093131
 -0.0000407535
 -0.0000068474
  0.0000091150
  0.0000042297
  0.0000065836
  0.0000031226
  0.0000004926
  0.0000001563
  0.0000044201
 -0.0000080992
  0.0000047229
  0.0000066424
  0.0000013821
  0.0000027839
  0.0000040757
 -0.0000002616
  0.0000017574
 -0.0000014052
  0.0000034001
 -0.0000058337
  0.0000002921
  0.0000026339
  0.0000051087
  0.0000029471
  0.0000015392
  0.0000001625
 -0.0000006590
  0.0000003442
  0.0000020943
 -0.0000004065
  0.0000112106
  0.0000182998
 -0.0000017460
  0.0000054214
 -0.0000024519
  0.0000019315
  0.0000051021
  0.0000047857
 -0.0000001610
 -0.0000004523
  0.0000024017
  0.0000028557
 -0.0000003440
  0.0000010533
 -0.0000013638
  0.0000051064
  0.0000012730
  0.0000025623
 -0.0000011674
 -0.0000004314
  0.0000058914
 -0.0000020477
  0.0000031081
  0.0000003771
 -0.0000028119
  0.0000034490
  0.0000009824
  0.0000016065
  0.0000492449
 -0.0000107793
 -0.0000400307
  0.0000027985
  0.0000043118
  0.0000375938
  0.0000186976
 -0.0000991509
 -0.0000219503
 -0.0000422326
 -0.0000094276
  0.0000081987
 -0.0000002438
  0.0000290109
 -0.0000624268
 -0.0000030040
 -0.0000012360
  0.0000151477
  0.0000239798
 -0.0000019721
 -0.0000039225
  0.0000399528
 -0.0000100918
  0.0000015885
  0.0000062633
 -0.0000069500
 -0.0000530377
  0.0000022876
 -0.0000273928
  0.0000026828
  0.0000099284
  0.0000050952
  0.0000100238
  0.0000085900
  0.0000053617
  0.0000141545
  0.0000120367
  0.0000062563
  0.0000136839
  0.0000135388
  0.0000065913
  0.0000049783
  0.0000006631
  0.0000019288
  0.0000103037
  0.0000038895
 -0.0000007883
  0.0000107960
  0.0000054745
  0.0000064070
  0.0000044686
  0.0000139798
  0.0000025883
  0.0000042923
  0.0000044403
  0.0000026900
  0.0000171356
  0.0000179503
  0.0000052638
  0.0000139038
  0.0000006896
  0.0000012602
  0.0000038768
  0.0000132094
  0.0000024613
  0.0000030251
  0.0000036575
  0.0000096530
  0.0000244349
  0.0000266594
  0.0000131614
  0.0000204108
  0.0000059929
  0.0000238445
  0.0000117146
  0.0000189849
  0.0000372382
  0.0000100821
  0.0000120330
  0.0000302774
  0.0000195221
  0.0000317598
  0.0000305927
  0.0000103327
  0.0000183903
  0.0000025475
  0.0000025938
 -0.0000947059
  0.0000008463
  0.0000088968
  0.0000315805
 -0.0000142985
  0.0000006465
 -0.0001004200
 -0.0000216993
 -0.0001504422
 -0.0000010319
  0.0000909458
  0.0000076553
  0.0000067799
 -0.0001531936
  0.0000016560
  0.0000710098
 -0.0000022872
 -0.0000176217
  0.0000030757
 -0.0000134139
 -0.0000014374
 -0.0000025136
 -0.0000040660
 -0.0000012191
  0.0000032876
  0.0000019086
 -0.0000015874
  0.0000056626
 -0.0000010134
  0.0000033425
  0.0000059703
  0.0000010160
 -0.0000019417
 -0.0000009868
 -0.0000003186
 -0.0000025137
  0.0000067227
 -0.0000009336
  0.0000012793
  0.0000002202
  0.0000049506
 -0.0000010521
  0.0000035206
  0.0000004865
 -0.0000028040
 -0.0000033326
  0.0000071403
  0.0000004638
  0.0000001381
 -0.0000001457
  0.0000029368
  0.0000012361
  0.0000000480
  0.0000071934
 -0.0000107793
  0.0000069152
  0.0000058511
  0.0000007380
  0.0000736391
 -0.0000473164
  0.0000051001
  0.0000111232
  0.0000041608
 -0.0000707268
 -0.0000099710
  0.0000000756
  0.0000159329
  0.0000034656
  0.0000313808
  0.0000287141
  0.0000071224
 -0.0000001394
 -0.0000053768
 -0.0000540699
 -0.0000038131
  0.0000369423
  0.0000058837
 -0.0000010645
 -0.0000012790
 -0.0000550482
  0.0000326984
 -0.0000037137
  0.0000009718
 -0.0000111322
 -0.0000011992
  0.0000342226
  0.0000092070
  0.0000046695
  0.0000051088
  0.0000075035
  0.0000030854
  0.0000000240
  0.0000055239
  0.0000070085
  0.0000013687
  0.0000065818
  0.0000029804
  0.0000016528
 -0.0000000444
  0.0000075293
  0.0000073977
  0.0000038347
  0.0000036664
  0.0000036311
  0.0000040519
  0.0000040179
  0.0000029400
  0.0000019136
  0.0000042039
  0.0000012776
  0.0000018724
  0.0000030211
  0.0000042629
  0.0000145603
  0.0000083303
  0.0000044016
  0.0000062697
  0.0001303844
  0.0000116554
  0.0000184783
  0.0000063315
  0.0000496043
  0.0000013767
  0.0000074209
  0.0000048100
  0.0000036205
 -0.0000334582
  0.0000069715
  0.0000051733
  0.0000552876
  0.0000015480
  0.0000018310
  0.0000050391
  0.0000038473
  0.0000128192
  0.0000036582
  0.0001359393
  0.0000021869
 -0.0000483861
  0.0000108361
 -0.0000063390
 -0.0000003367
 -0.0000038027
 -0.0000090766
 -0.0000005807
 -0.0000050550
 -0.0000009800
 -0.0000007681
 -0.0000040669
 -0.0000060405
 -0.0000037483
 -0.0000031787
 -0.0000072331
 -0.0000015446
 -0.0000065778
 -0.0000038552
 -0.0000067094
 -0.0000006336
 -0.0000057441
 -0.0000000550
 -0.0000007704
 -0.0000033355
 -0.0000013846
 -0.0000013689
 -0.0000065066
 -0.0000023912
 -0.0000004948
 -0.0000028079
 -0.0000041310
 -0.0000013034
 -0.0000050738
  0.0000410000
  0.0000030143
  0.0000008196
 -0.0000013253
  0.0000437774
 -0.0000933589
 -0.0000031277
 -0.0000002736
 -0.0000083006
 -0.0000159012
  0.0000459114
 -0.0000027106
  0.0000040210
 -0.0000099782
  0.0000083734
 -0.0000033967
 -0.0000089182
  0.0000295930
 -0.0000051110
 -0.0000521609
 -0.0000049819
  0.0000003228
 -0.0000122988
 -0.0001837783
  0.0000092796
 -0.0000036115
 -0.0000041122
 -0.0001167975
 -0.0000027602
  0.0000024843
 -0.0000007996
 -0.0000011029
 -0.0000028492
  0.0000038231
 -0.0000026412
  0.0000005384
  0.0000041530
 -0.0000001802
 -0.0000033468
 -0.0000027322
 -0.0000014790
 -0.0000048044
  0.0000045782
 -0.0000021495
  0.0000001371
 -0.0000016364
  0.0000019686
 -0.0000025099
 -0.0000010436
 -0.0000014720
 -0.0000029389
 -0.0000018217
 -0.0000032545
 -0.0000019333
  0.0000005069
 -0.0000007483
 -0.0000014383
 -0.0000023001
  0.0000006962
 -0.0000032780
  0.0000090476
  0.0000055353
  0.0000029808
 -0.0000004599
  0.0000811066
 -0.0001094035
  0.0000033174
  0.0000088360
  0.0000046160
 -0.0000634689
  0.0000016965
 -0.0000013550
  0.0000102753
  0.0000026477
 -0.0000015235
 -0.0000065498
 -0.0000315426
  0.0000001936
  0.0000149251
  0.0000041981
 -0.0000023680
 -0.0000012833
 -0.0001209405
  0.0000373685
  0.0000027066
 -0.0000795478
 -0.0000024797
  0.0000060763
  0.0000004050
  0.0000012326
 -0.0000015801
 -0.0000062252
 -0.0000041102
 -0.0000027440
 -0.0000044832
  0.0000008806
 -0.0000056206
 -0.0000024058
 -0.0000019516
 -0.0000026994
 -0.0000059755
 -0.0000038470
 -0.0000020274
 -0.0000040118
 -0.0000065747
 -0.0000016096
 -0.0000008855
 -0.0000015087
 -0.0000014380
 -0.0000021779
  0.0000009117
  0.0000009392
 -0.0000006975
 -0.0000013790
 -0.0000024150
 -0.0000012803
 -0.0000020906
 -0.0000006897
  0.0000237132
  0.0000050560
  0.0000092405
  0.0000148670
 -0.0000056843
 -0.0000047286
 -0.0000017512
 -0.0000520625
 -0.0000034045
 -0.0000031684
 -0.0000068614
 -0.0000031918
 -0.0000245866
 -0.0000034153
 -0.0000028300
 -0.0000026524
  0.0000798781
 -0.0000015512
  0.0000019378
 -0.0000030096
 -0.0000301535
 -0.0000011544
 -0.0000001411
  0.0000041653
  0.0000024444
  0.0000009938
  0.0000030299
  0.0000001222
  0.0000038020
  0.0000005164
 -0.0000031140
  0.0000017020
  0.0000052286
  0.0000028439
  0.0000004772
  0.0000021663
  0.0000043940
  0.0000021377
  0.0000002202
  0.0000023492
  0.0000017883
  0.0000010810
  0.0000030621
  0.0000003480
  0.0000022438
 -0.0000021172
 -0.0000029567
  0.0000010019
  0.0000030955
  0.0000200300
  0.0000069708
  0.0000104925
  0.0000017267
  0.0000350720
  0.0000079170
  0.0000145207
  0.0000026190
  0.0000072497
  0.0000433555
  0.0000030834
  0.0000083293
  0.0000007550
  0.0000165812
  0.0000057706
  0.0000012075
  0.0000545008
 -0.0000006600
 -0.0000020363
  0.0000025469
 -0.0000015759
 -0.0001755508
  0.0000109136
  0.0000038091
  0.0000441084
 -0.0000010728
  0.0000065959
  0.0000002359
  0.0000008131
  0.0000004124
  0.0000002926
  0.0000000563
 -0.0000000560
 -0.0000001136
 -0.0000006818
 -0.0000001863
 -0.0000012136
 -0.0000021404
  0.0000002162
  0.0000007159
 -0.0000003448
 -0.0000027902
 -0.0000000687
  0.0000007276
 -0.0000026175
 -0.0000015608
 -0.0000017314
 -0.0000018306
 -0.0000023443
 -0.0000020741
  0.0000004854
  0.0000001038
 -0.0000014679
 -0.0000014804
 -0.0000006406
  0.0000291543
 -0.0000136588
  0.0000129902
  0.0000114747
 -0.0000003362
  0.0000006260
 -0.0000031090
 -0.0000022568
 -0.0000059868
 -0.0000218933
 -0.0000017718
  0.0000060549
 -0.0000031497
 -0.0000112877
 -0.0000002681
  0.0000005694
 -0.0000031247
  0.0000427126
  0.0000027542
  0.0000076371
 -0.0000031256
 -0.0000081149
  0.0000015850
 -0.0000012937
 -0.0000011284
 -0.0000007765
 -0.0000026240
 -0.0000011608
 -0.0000022497
 -0.0000010145
 -0.0000024103
 -0.0000007296
 -0.0000023247
  0.0000000594
 -0.0000015273
 -0.0000010281
 -0.0000008381
 -0.0000002434
  0.0000017588
 -0.0000017699
  0.0000009493
 -0.0000003509
 -0.0000009316
 -0.0000010393
 -0.0000007232
 -0.0000050194
  0.0000018614
 -0.0000012711
 -0.0000018618
 -0.0000019295
 -0.0000022798
 -0.0000030739
  0.0000231300
  0.0000033089
  0.0000084152
  0.0000136819
 -0.0000004364
 -0.0000089561
 -0.0000036306
 -0.0000575348
 -0.0000038930
 -0.0000019277
 -0.0000108544
  0.0000015363
 -0.0000261045
 -0.0000055480
  0.0000002804
 -0.0000047587
  0.0000712332
 -0.0000029295
 -0.0000068498
 -0.0000058950
 -0.0000326800
 -0.0000034613
 -0.0000102506
 -0.0000090663
  0.0000102610
  0.0000108764
  0.0000111380
  0.0000096318
  0.0000071712
  0.0000086242
  0.0000112396
  0.0000081914
  0.0000049021
  0.0000089464
  0.0000091330
  0.0000072879
  0.0000052505
  0.0000110932
  0.0000102956
  0.0000044331
  0.0000053088
  0.0000029314
  0.0000032714
  0.0000072438
  0.0000036155
  0.0000022022
  0.0000033303
  0.0000019732
  0.0000034431
  0.0000257282
  0.0000131794
  0.0000107492
 -0.0001433708
  0.0000092234
  0.0000119271
  0.0000492484
  0.0000098872
  0.0000143793
  0.0000073881
 -0.0000662898
  0.0000090690
  0.0000562030
  0.0000073231
 -0.0001759513
  0.0000068716
  0.0000114743
  0.0000034585
  0.0000189752
  0.0000073892
  0.0001162752
  0.0000087445
 -0.0001345740
  0.0000137670
  0.0000036048
  0.0000025640
  0.0000021442
  0.0000043455
  0.0000064061
  0.0000016938
  0.0000021690
  0.0000043697
 -0.0000000134
  0.0000050553
  0.0000035898
  0.0000065561
  0.0000031003
  0.0000021363
  0.0000028040
  0.0000030315
  0.0000012291
 -0.0000019049
  0.0000006543
  0.0000008500
  0.0000049400
  0.0000030520
  0.0000003645
  0.0000015685
  0.0000003968
 -0.0000019725
  0.0000020543
  0.0000049572
  0.0000243623
  0.0000103084
  0.0000123049
  0.0000044772
  0.0000788393
  0.0000073736
  0.0000082462
  0.0000012225
  0.0000376929
  0.0000515817
  0.0000049779
  0.0000106539
  0.0000000959
  0.0000410777
 -0.0000076550
  0.0000057723
  0.0000026211
  0.0000614854
 -0.0000029554
  0.0000029600
  0.0000048283
 -0.0000021201
  0.0000142117
  0.0000026239
  0.0000928159
  0.0000037779
  0.0000410216
  0.0000097234
  0.0000025974
  0.0000030546
 -0.0000009528
 -0.0000047323
 -0.0000033068
 -0.0000017258
 -0.0000036887
  0.0000008682
 -0.0000042507
 -0.0000021127
 -0.0000013981
 -0.0000016449
 -0.0000046479
 -0.0000032371
 -0.0000010886
 -0.0000032666
 -0.0000051306
  0.0000005667
 -0.0000025019
 -0.0000011448
  0.0000018155
 -0.0000017269
 -0.0000020853
 -0.0000019951
 -0.0000018935
 -0.0000023714
 -0.0000013794
 -0.0000003041
 -0.0000000830
  0.0000301687
 -0.0000159535
  0.0000075403
 -0.0000010584
 -0.0000043226
 -0.0000081457
 -0.0000005904
 -0.0000056751
 -0.0000023468
 -0.0000009952
 -0.0000109525
 -0.0000028770
 -0.0000015835
 -0.0000025399
  0.0000434916
  0.0000002751
  0.0000068769
 -0.0000026900
 -0.0000096639
  0.0000004649
  0.0000007343
  0.0000014197
  0.0000010428
 -0.0000001271
  0.0000002345
  0.0000001419
  0.0000002276
  0.0000024156
  0.0000004273
  0.0000021642
 -0.0000007943
  0.0000012020
  0.0000001731
  0.0000010202
 -0.0000008781
 -0.0000000625
 -0.0000006328
  0.0000002503
 -0.0000005680
  0.0000010439
 -0.0000002122
 -0.0000021480
 -0.0000002391
 -0.0000035998
 -0.0000007140
 -0.0000003790
 -0.0000009284
  0.0000106257
 -0.0000013560
  0.0000084114
  0.0000101642
  0.0000089575
 -0.0000005130
 -0.0000011377
 -0.0000055783
 -0.0000025061
 -0.0000061713
 -0.0000213490
  0.0000023089
  0.0000046747
 -0.0000067074
 -0.0000078336
  0.0000020266
  0.0000022935
 -0.0000008027
  0.0000334056
 -0.0000002196
  0.0000029621
 -0.0000032919
 -0.0000071798
 -0.0000024946
  0.0000011773
 -0.0000023050
  0.0000019275
 -0.0000000524
  0.0000004229
  0.0000004589
  0.0000001460
 -0.0000003472
  0.0000007047
  0.0000003664
 -0.0000001241
 -0.0000006656
  0.0000001914
  0.0000001396
 -0.0000001701
 -0.0000001018
  0.0000004079
  0.0000003782
 -0.0000000855
  0.0000000071
 -0.0000015624
  0.0000026201
 -0.0000020760
 -0.0000010358
 -0.0000018192
  0.0000077946
 -0.0000003822
 -0.0000028669
  0.0000030430
  0.0000046184
  0.0000001696
 -0.0000020308
  0.0000157078
 -0.0000359833
 -0.0000020944
  0.0000017037
  0.0000142634
 -0.0000032089
 -0.0000030180
  0.0000242712
 -0.0000007307
 -0.0000020518
 -0.0000035688
 -0.0000077634
 -0.0000018777
 -0.0000044940
 -0.0000028116
 -0.0000038000
  0.0000079944
  0.0000050130
  0.0000045576
  0.0000098436
  0.0000021798
  0.0000004998
  0.0000050635
  0.0000021233
  0.0000298935
  0.0000148957
  0.0000050007
  0.0000025861
  0.0000252666
  0.0000057397
  0.0000049946
 -0.0000034663
 -0.0000002549
 -0.0000008779
 -0.0000047113
  0.0000016972
  0.0000009071
 -0.0000044100
 -0.0000023723
 -0.0000053628
 -0.0000028079
 -0.0000054561
 -0.0000038855
 -0.0000398325
  0.0000032918
  0.0000029073
  0.0000792149
 -0.0000713180
  0.0000072799
 -0.0000049636
 -0.0000048887
 -0.0000342285
  0.0000003898
  0.0000217978
 -0.0000032167
 -0.0000009560
 -0.0000055750
 -0.0000733106
  0.0000021713
  0.0000045416
  0.0000013729
 -0.0000044454
 -0.0000832824
 -0.0000215121
 -0.0000010217
 -0.0000416222
  0.0000018253
  0.0000141329
  0.0000000848
  0.0000004151
 -0.0000021204
 -0.0000034377
 -0.0000030701
 -0.0000008760
 -0.0000008573
 -0.0000011686
 -0.0000031946
  0.0000001546
 -0.0000069473
 -0.0000000641
 -0.0000031811
 -0.0000006378
 -0.0000037294
 -0.0000029603
 -0.0000037026
  0.0000009291
 -0.0000000938
 -0.0000002835
 -0.0000008343
  0.0000005997
 -0.0000002315
 -0.0000016496
 -0.0000008289
 -0.0000003429
  0.0000000505
 -0.0000028249
  0.0000052658
 -0.0000016092
  0.0000205429
  0.0000023184
  0.0000008853
 -0.0000024645
 -0.0000015557
 -0.0000334996
 -0.0000000590
  0.0000008251
 -0.0000045628
 -0.0000011266
 -0.0000052576
  0.0000771515
  0.0000023809
  0.0000005022
 -0.0000029752
 -0.0000174492
 -0.0000006372
  0.0000002142
  0.0000001911
  0.0000019497
  0.0000014285
  0.0000016222
  0.0000015876
  0.0000012262
  0.0000007156
  0.0000015617
  0.0000012340
  0.0000022445
  0.0000016495
  0.0000014579
  0.0000011975
  0.0000025869
  0.0000014654
  0.0000009565
  0.0000015446
  0.0000022535
  0.0000032313
  0.0000029166
 -0.0000009803
 -0.0000004410
 -0.0000000260
  0.0000015556
  0.0000015469
  0.0000022678
  0.0000085749
  0.0000078525
  0.0000010964
  0.0000018229
 -0.0000015740
  0.0000122492
 -0.0000344713
 -0.0000014796
  0.0000054415
  0.0000038704
 -0.0000026822
 -0.0000031267
 -0.0000001619
  0.0000322441
  0.0000022461
  0.0000030156
 -0.0000032977
 -0.0000118901
  0.0000024931
  0.0000018572
  0.0000019687
  0.0000022358
  0.0000020162
  0.0000017134
  0.0000018905
  0.0000020999
 -0.0000016057
  0.0000026566
  0.0000019528
  0.0000021409
 -0.0000016247
  0.0000019136
  0.0000020083
 -0.0000002067
 -0.0000004402
  0.0000008187
  0.0000026189
  0.0000006087
 -0.0000007127
 -0.0000045622
 -0.0000001420
 -0.0000010464
  0.0000011125
 -0.0000016830
  0.0000008762
 -0.0000008980
 -0.0000014684
  0.0000327344
  0.0000077886
  0.0000038770
  0.0000147137
  0.0000023884
 -0.0000090779
 -0.0000096745
 -0.0000008722
 -0.0000628125
  0.0000011348
 -0.0000005453
 -0.0000083909
  0.0000047240
 -0.0000388592
  0.0000001630
  0.0000018448
 -0.0000000494
  0.0000789574
  0.0000008297
  0.0000016818
 -0.0000045301
 -0.0000574092
 -0.0000028943
 -0.0000052835
  0.0000024164
  0.0000033054
  0.0000049352
  0.0000008866
  0.0000047807
  0.0000050746
  0.0000012859
  0.0000002475
  0.0000012582
  0.0000014035
 -0.0000057475
  0.0000036238
 -0.0000000128
  0.0000013084
 -0.0000035412
  0.0000047815
  0.0000006736
 -0.0000028775
 -0.0000061303
 -0.0000034999
 -0.0000017516
 -0.0000003864
 -0.0000032006
 -0.0000038209
 -0.0000039642
  0.0000010042
  0.0000000453
 -0.0000066476
  0.0000017418
 -0.0000035991
  0.0000345811
  0.0000034993
  0.0000017505
 -0.0000829561
  0.0000054147
 -0.0000055453
  0.0000197215
 -0.0000010689
  0.0000089247
 -0.0000028595
  0.0000798296
 -0.0000012754
  0.0000114255
  0.0000013068
  0.0000047829
 -0.0000002404
 -0.0000022245
 -0.0002036640
  0.0000320593
 -0.0000011232
 -0.0000962182
  0.0000003073
  0.0000048819
 -0.0000003204
 -0.0000003800
 -0.0000052382
 -0.0000005934
 -0.0000011829
 -0.0000074784
 -0.0000003287
  0.0000023363
 -0.0000026112
  0.0000008338
 -0.0000026579
 -0.0000054610
  0.0000000409
 -0.0000004704
 -0.0000026614
 -0.0000007673
 -0.0000001357
 -0.0000014879
 -0.0000002710
  0.0000005616
  0.0000023759
 -0.0000002494
 -0.0000003836
 -0.0000005257
 -0.0000020489
  0.0000042119
 -0.0000009920
 -0.0000025718
  0.0000125491
 -0.0000036241
  0.0000059280
  0.0000082359
  0.0000100896
 -0.0000025579
 -0.0000036556
 -0.0000063627
 -0.0000042110
 -0.0000057982
 -0.0000163789
 -0.0000004438
 -0.0000003539
  0.0000037260
  0.0000027511
 -0.0000115261
  0.0000046505
  0.0000015303
  0.0000022926
  0.0000332146
 -0.0000038370
 -0.0000006148
  0.0000019239
 -0.0000034555
 -0.0000038088
 -0.0000027059
 -0.0000041241
  0.0000018776
 -0.0000025908
 -0.0000039519
 -0.0000011615
 -0.0000001724
  0.0000010203
 -0.0000016826
  0.0000022885
 -0.0000032726
  0.0000030786
 -0.0000009921
  0.0000028180
 -0.0000034480
  0.0000023860
 -0.0000014268
 -0.0000031365
 -0.0000016502
 -0.0000030207
 -0.0000041683
 -0.0000020066
 -0.0000041660
 -0.0000012715
 -0.0000035219
 -0.0000034967
 -0.0000021025
 -0.0000017259
 -0.0000037776
  0.0000398513
  0.0000062470
  0.0000048148
  0.0000017980
 -0.0000696542
  0.0000029757
  0.0000086977
  0.0000029020
 -0.0000219686
  0.0000394246
  0.0000011995
  0.0000040460
 -0.0000002405
  0.0000006412
 -0.0000063510
  0.0000249514
 -0.0000010967
 -0.0000014239
 -0.0000007641
 -0.0000041273
 -0.0001997143
  0.0000137294
  0.0000008858
 -0.0000885887
 -0.0000033709
  0.0000015875
 -0.0000021082
  0.0000020428
 -0.0000001233
  0.0000009146
  0.0000020731
  0.0000053700
  0.0000060508
  0.0000003699
  0.0000063731
  0.0000025664
  0.0000021417
  0.0000028738
  0.0000059297
  0.0000029458
  0.0000008786
  0.0000001801
  0.0000032000
  0.0000017949
  0.0000005336
 -0.0000016128
 -0.0000010276
 -0.0000013201
  0.0000018064
  0.0000021449
 -0.0000008512
  0.0000076656
  0.0000064278
  0.0000034969
  0.0000046414
  0.0000234291
  0.0000085827
  0.0000147113
  0.0000013559
  0.0000031332
  0.0000011556
 -0.0000515098
 -0.0000097063
  0.0000017384
 -0.0000001979
  0.0000142007
  0.0000004520
 -0.0001106568
  0.0000018819
  0.0000024369
  0.0000008993
  0.0000048407
 -0.0000022565
  0.0000024310
 -0.0001067439
  0.0000031838
  0.0000021199
 -0.0000016021
  0.0000004354
 -0.0000000200
  0.0000004209
 -0.0000009320
 -0.0000005725
  0.0000016320
  0.0000006564
  0.0000014962
 -0.0000020559
  0.0000003156
 -0.0000008834
  0.0000002122
 -0.0000021739
  0.0000001027
 -0.0000005480
 -0.0000018812
  0.0000001578
  0.0000017945
  0.0000002989
  0.0000040044
 -0.0000001134
  0.0000005755
 -0.0000027022
 -0.0000004460
 -0.0000008631
 -0.0000001727
  0.0000301089
 -0.0000135206
  0.0000050733
  0.0000083287
  0.0000154465
  0.0000002088
 -0.0000026847
 -0.0000098168
 -0.0000032340
 -0.0000143576
 -0.0000095241
 -0.0000001766
 -0.0000003568
  0.0000074559
 -0.0000011258
 -0.0000103991
  0.0000033986
 -0.0000010782
 -0.0000027200
  0.0000441790
  0.0000031491
 -0.0000030017
  0.0000072858
 -0.0000035641
 -0.0000175069
  0.0000035776
 -0.0000003435
 -0.0000001298
 -0.0000018994
  0.0000003687
  0.0000005442
 -0.0000006009
 -0.0000006855
  0.0000004448
  0.0000047240
  0.0000028804
  0.0000014386
  0.0000007113
  0.0000074688
 -0.0000016015
  0.0000001837
 -0.0000005101
 -0.0000031689
 -0.0000010276
  0.0000013811
 -0.0000021854
 -0.0000022853
 -0.0000026640
 -0.0000005369
 -0.0000011655
  0.0000009698
 -0.0000008713
  0.0000012932
  0.0000407745
  0.0000080790
  0.0000028074
  0.0000062557
  0.0000024989
  0.0000025834
  0.0000497680
  0.0000014413
  0.0000068531
  0.0000029575
  0.0000591715
  0.0000012138
 -0.0000043901
  0.0000417825
  0.0000036630
  0.0000031499
 -0.0000009418
 -0.0000009434
 -0.0001762305
  0.0000176509
  0.0000031635
  0.0000047133
 -0.0000015048
  0.0000647964
  0.0000042209
 -0.0000083187
 -0.0000053127
  0.0000031769
  0.0000039696
  0.0000022275
  0.0000040539
  0.0000075617
  0.0000032553
  0.0000033878
  0.0000053793
 -0.0000002489
  0.0000046324
  0.0000049652
  0.0000074357
  0.0000022573
  0.0000021157
  0.0000042509
  0.0000031281
  0.0000028400
  0.0000040264
  0.0000024240
  0.0000043213
  0.0000013180
  0.0000019094
  0.0000025198
  0.0000035482
  0.0000017871
  0.0000013885
  0.0000122939
  0.0000123293
  0.0000045721
 -0.0000955341
  0.0000089542
  0.0000104451
  0.0000362468
  0.0000060688
  0.0000088510
  0.0000014947
 -0.0000502688
  0.0000069288
  0.0000038199
  0.0000409875
  0.0000027302
 -0.0001687353
  0.0000008216
  0.0000049790
 -0.0000007935
  0.0000133796
  0.0000033263
  0.0000021066
 -0.0001294154
  0.0000091309
  0.0000049735
  0.0000061253
  0.0000067261
  0.0000038667
  0.0000048986
  0.0000041347
  0.0000062565
  0.0000049680
  0.0000077762
  0.0000025787
  0.0000057248
  0.0000049569
  0.0000026738
  0.0000068195
  0.0000060276
  0.0000004381
 -0.0000002415
  0.0000000454
  0.0000013855
 -0.0000023828
 -0.0000009104
 -0.0000009667
 -0.0000045760
  0.0000012413
 -0.0000011896
  0.0000017056
  0.0000000249
  0.0000048602
 -0.0000165196
  0.0000068499
  0.0000044749
  0.0000049167
  0.0000801541
 -0.0000920904
  0.0000037254
 -0.0000030814
  0.0000018419
 -0.0000732887
 -0.0000160896
  0.0000019763
  0.0000209767
  0.0000026407
  0.0000017998
 -0.0000015348
 -0.0000547882
  0.0000042212
  0.0000224855
  0.0000067120
  0.0000029277
  0.0000023605
 -0.0000989961
  0.0000206766
  0.0000029095
 -0.0000564340
  0.0000041704
  0.0000125669
 -0.0000005919
  0.0000046479
  0.0000039053
 -0.0000012623
  0.0000004690
  0.0000024860
  0.0000044145
  0.0000020647
  0.0000043074
 -0.0000016460
  0.0000034576
  0.0000005685
  0.0000027382
  0.0000034854
  0.0000046789
  0.0000008511
 -0.0000002182
 -0.0000006354
  0.0000016071
  0.0000003785
  0.0000029801
  0.0000013065
 -0.0000004765
  0.0000017133
  0.0000013126
  0.0000002762
 -0.0000001736
  0.0000032079
  0.0000468741
  0.0000089538
  0.0000076811
  0.0000040215
  0.0000293003
 -0.0000995277
  0.0000054855
  0.0000072512
  0.0000007006
 -0.0000201711
  0.0000401270
  0.0000037535
  0.0000079833
 -0.0000005006
  0.0000028831
 -0.0000032073
  0.0000248330
 -0.0000006334
 -0.0000753687
  0.0000011696
  0.0000043165
 -0.0000039134
 -0.0001903918
  0.0000178729
  0.0000000945
 -0.0001225025
  0.0000004967
  0.0000057010
 -0.0000023392
  0.0000003266
  0.0000013100
  0.0000004434
  0.0000007625
  0.0000003961
  0.0000000124
  0.0000022462
  0.0000008975
  0.0000016634
 -0.0000011775
  0.0000014559
 -0.0000002555
  0.0000007331
 -0.0000012124
  0.0000004975
  0.0000000770
 -0.0000019066
 -0.0000001371
 -0.0000005960
  0.0000022351
  0.0000001448
 -0.0000007594
  0.0000022774
 -0.0000024271
 -0.0000005897
 -0.0000033768
  0.0000044892
  0.0000141403
  0.0000061629
  0.0000031447
 -0.0000015784
 -0.0000040775
 -0.0000023834
  0.0000126054
 -0.0000330148
  0.0000031649
 -0.0000025862
  0.0000018581
  0.0000041495
  0.0000074896
  0.0000020175
 -0.0000013675
  0.0000271215
 -0.0000019971
 -0.0000035571
 -0.0000116073
 -0.0000005365
  0.0000019165
  0.0000002766
 -0.0000023871
 -0.0000020617
  0.0000011670
 -0.0000018416
 -0.0000066450
 -0.0000020337
 -0.0000044862
  0.0000026881
  0.0000008437
 -0.0000014804
 -0.0000028247
  0.0000028457
 -0.0000021680
 -0.0000024243
  0.0000015028
  0.0000013010
 -0.0000009351
 -0.0000018302
 -0.0000037627
 -0.0000000718
 -0.0000008761
  0.0000009951
  0.0000012587
  0.0000293787
 -0.0000154550
  0.0000074426
  0.0000106811
  0.0000149923
 -0.0000015772
  0.0000018593
 -0.0000030449
 -0.0000081656
 -0.0000059824
 -0.0000163024
 -0.0000096354
 -0.0000019010
  0.0000043926
 -0.0000007865
 -0.0000102670
 -0.0000032553
 -0.0000035573
 -0.0000016165
  0.0000464438
 -0.0000014423
  0.0000075896
  0.0000094812
 -0.0000034086
 -0.0000140773
 -0.0000000822
 -0.0000016306
 -0.0000004480
 -0.0000005028
 -0.0000025403
  0.0000002034
 -0.0000014636
 -0.0000005737
 -0.0000014592
 -0.0000016645
 -0.0000025534
  0.0000015829
 -0.0000001223
 -0.0000007576
 -0.0000005499
  0.0000001470
 -0.0000011590
 -0.0000004301
  0.0000005449
  0.0000016830
 -0.0000002377
 -0.0000000415
 -0.0000010964
 -0.0000020983
 -0.0000005463
 -0.0000003117
  0.0000005568
  0.0000085699
  0.0000060049
  0.0000007774
  0.0000001639
  0.0000002774
  0.0000040842
  0.0000076529
 -0.0000008816
  0.0000000650
  0.0000016213
 -0.0000379422
 -0.0000024847
 -0.0000357089
 -0.0000221065
 -0.0000020680
 -0.0000012951
  0.0000143132
  0.0000090296
 -0.0001420639
 -0.0000032400
 -0.0000016271
 -0.0000040126
  0.0000041967
 -0.0000038116
 -0.0000022771
 -0.0001204975
  0.0000041260
  0.0000008209
 -0.0000007288
  0.0000028213
  0.0000039193
  0.0000126603
  0.0000027434
  0.0000046949
  0.0000152877
 -0.0000004305
  0.0000003443
  0.0000027839
 -0.0000002620
  0.0000077252
  0.0000191323
  0.0000026549
 -0.0000005535
  0.0000108082
  0.0000070925
  0.0000027176
  0.0000011209
  0.0000019235
 -0.0000062427
 -0.0000018485
 -0.0000012712
  0.0000020868
  0.0000018513
 -0.0000000796
  0.0000022679
 -0.0000007492
 -0.0000015588
 -0.0000065795
  0.0000022459
 -0.0000547212
  0.0000044406
  0.0000021368
  0.0000037373
  0.0000079500
  0.0000355955
  0.0000007850
  0.0000081399
  0.0000053299
 -0.0000844717
 -0.0000441095
  0.0000012741
  0.0000073031
 -0.0000015948
 -0.0000001929
  0.0000012293
  0.0000208156
  0.0000013877
  0.0000006100
 -0.0000042227
 -0.0000603392
 -0.0000010779
  0.0000503591
  0.0000023129
 -0.0000014959
 -0.0000046275
  0.0000103205
 -0.0000386885
  0.0000031077
 -0.0000049093
  0.0000273310
  0.0000003825
  0.0000136854
  0.0000148787
  0.0000009617
 -0.0000005083
  0.0000001671
  0.0000005298
 -0.0000017681
 -0.0000046582
  0.0000001577
 -0.0000023605
  0.0000012153
  0.0000009921
 -0.0000010096
 -0.0000016831
  0.0000015870
  0.0000000049
 -0.0000008969
 -0.0000002744
 -0.0000000083
  0.0000021832
 -0.0000002782
 -0.0000025764
  0.0000012481
  0.0000020556
  0.0000004668
  0.0000009183
  0.0000276971
 -0.0000112791
  0.0000031717
  0.0000113782
 -0.0000000493
  0.0000008687
 -0.0000055051
 -0.0000061405
 -0.0000184292
 -0.0000027869
  0.0000076877
  0.0000070661
 -0.0000110584
 -0.0000036278
 -0.0000043419
 -0.0000011876
  0.0000417064
 -0.0000039718
  0.0000073365
 -0.0000037847
 -0.0000095955
  0.0000022198
  0.0000024585
  0.0000009762
 -0.0000111257
 -0.0000099905
 -0.0000106170
 -0.0000113949
 -0.0000089909
 -0.0000032629
 -0.0000096193
 -0.0000095848
 -0.0000141053
 -0.0000138275
 -0.0000102579
 -0.0000099262
 -0.0000132927
 -0.0000106363
 -0.0000100670
  0.0000037684
 -0.0000003533
 -0.0000000251
  0.0000003756
 -0.0000004146
  0.0000013796
  0.0000020693
  0.0000016830
  0.0000012325
 -0.0000002557
 -0.0000013211
  0.0000039606
  0.0000098992
 -0.0000119074
  0.0000105728
  0.0000083204
  0.0000183386
  0.0000066682
 -0.0000070233
 -0.0000000161
 -0.0000684359
 -0.0000269144
  0.0000130451
 -0.0000141509
  0.0000113416
  0.0000025866
 -0.0000004877
  0.0000157642
  0.0000087399
  0.0000079589
  0.0000025770
 -0.0000122957
  0.0000010922
  0.0000415217
 -0.0000097654
 -0.0000075896
  0.0000002319
  0.0000029027
 -0.0000176969
  0.0000032034
 -0.0000012383
 -0.0000054937
  0.0000230885
  0.0000111968
 -0.0000137110
  0.0000007278
  0.0000007851
  0.0000006551
 -0.0000001389
  0.0000002529
 -0.0000004222
  0.0000003885
 -0.0000009097
 -0.0000002153
  0.0000003428
  0.0000011580
  0.0000000078
 -0.0000009761
  0.0000005439
  0.0000011896
 -0.0000001686
  0.0000002462
 -0.0000000877
  0.0000030533
  0.0000000404
  0.0000015119
 -0.0000041989
 -0.0000008698
  0.0000033702
 -0.0000020027
 -0.0000010499
 -0.0000017690
  0.0000276383
 -0.0000168545
  0.0000051806
  0.0000114318
  0.0000133170
  0.0000011739
 -0.0000049189
 -0.0000018515
 -0.0000198947
 -0.0000121513
 -0.0000008073
 -0.0000059911
 -0.0000012092
 -0.0000120154
 -0.0000011512
  0.0000020674
 -0.0000028626
  0.0000491544
  0.0000024271
 -0.0000037749
 -0.0000001083
 -0.0000048464
 -0.0000088867
 -0.0000026728
  0.0000011094
 -0.0000003059
 -0.0000015716
  0.0000021833
 -0.0000012709
  0.0000009095
  0.0000004332
 -0.0000026079
 -0.0000010176
  0.0000017890
  0.0000019967
  0.0000007018
 -0.0000005165
  0.0000012735
 -0.0000008647
 -0.0000017673
 -0.0000020488
 -0.0000011512
 -0.0000022825
 -0.0000030976
  0.0000029494
 -0.0000017221
  0.0000015476
 -0.0000002874
  0.0000001688
 -0.0000000934
  0.0000372272
  0.0000056459
  0.0000085176
  0.0000012600
 -0.0000020570
 -0.0000019869
 -0.0000602169
  0.0000029171
 -0.0000009375
 -0.0000348642
 -0.0000054350
  0.0000002684
 -0.0000043006
  0.0000802154
  0.0000016046
  0.0000002002
 -0.0000042768
 -0.0000460247
 -0.0000007541
 -0.0000019916
 -0.0000014549
 -0.0000015667
 -0.0000017225
  0.0000022062
  0.0000037414
 -0.0000015878
  0.0000028602
  0.0000006687
 -0.0000016441
  0.0000008386
  0.0000025382
  0.0000010544
 -0.0000016076
 -0.0000010294
 -0.0000004246
  0.0000001221
 -0.0000000588
  0.0000026949
 -0.0000017416
  0.0000003899
 -0.0000017217
  0.0000062791
 -0.0000016470
  0.0000081594
 -0.0000043491
  0.0000078591
 -0.0000004337
 -0.0000027310
 -0.0000005152
  0.0000130315
 -0.0000325655
 -0.0000011783
  0.0000054091
 -0.0000006531
  0.0000047343
 -0.0000028363
  0.0000005461
  0.0000339158
  0.0000025526
  0.0000104998
 -0.0000051457
 -0.0000115873
  0.0000020506
  0.0000003648
 -0.0000006049
 -0.0000004436
  0.0000020649
  0.0000010749
  0.0000010860
  0.0000007667
 -0.0000004326
  0.0000001106
 -0.0000013844
  0.0000002383
  0.0000004064
  0.0000002645
  0.0000011087
  0.0000014761
  0.0000018394
 -0.0000059190
  0.0000004623
 -0.0000020198
 -0.0000015742
 -0.0000017767
 -0.0000057004
 -0.0000037773
  0.0000001659
  0.0000345369
  0.0000131288
  0.0000000302
  0.0000040969
 -0.0000007731
  0.0000012980
 -0.0000022082
  0.0000187456
  0.0000003297
  0.0000010217
  0.0000002574
  0.0000040874
 -0.0000016805
 -0.0000139933
  0.0000001205
 -0.0000001682
  0.0000006046
  0.0000046639
  0.0000008210
  0.0000027054
 -0.0000005549
  0.0000050573
 -0.0000022155
 -0.0000066304
  0.0000025311
  0.0000013489
 -0.0000001034
 -0.0000006610
  0.0000007509
  0.0000010231
  0.0000008978
  0.0000019771
 -0.0000001023
  0.0000000435
  0.0000001135
 -0.0000005866
 -0.0000000896
  0.0000004433
  0.0000012577
 -0.0000002559
  0.0000000840
 -0.0000071092
  0.0000012510
 -0.0000017044
 -0.0000009197
 -0.0000020722
 -0.0000058115
 -0.0000040681
  0.0000000728
  0.0000322567
  0.0000124625
 -0.0000006941
  0.0000025805
 -0.0000032670
  0.0000013251
 -0.0000010222
  0.0000180389
 -0.0000006877
  0.0000008418
  0.0000015973
  0.0000060946
 -0.0000015544
 -0.0000082561
  0.0000009943
  0.0000007283
  0.0000010040
  0.0000039874
  0.0000015198
  0.0000014631
 -0.0000015319
  0.0000030344
 -0.0000018593
 -0.0000076232
  0.0000029393
  0.0000012212
  0.0000003535
 -0.0000002004
 -0.0000004555
  0.0000008513
  0.0000010258
  0.0000003377
  0.0000019213
  0.0000001885
 -0.0000004664
  0.0000002540
 -0.0000009577
 -0.0000002439
  0.0000015647
 -0.0000007479
  0.0000010133
 -0.0000059203
  0.0000009549
 -0.0000015988
 -0.0000010601
 -0.0000016441
 -0.0000058192
 -0.0000039439
 -0.0000003826
  0.0000341866
  0.0000133931
 -0.0000001280
  0.0000037269
 -0.0000025998
  0.0000013738
 -0.0000017694
  0.0000194857
  0.0000002162
  0.0000014915
  0.0000003486
  0.0000062039
 -0.0000015586
 -0.0000117046
  0.0000005051
  0.0000004357
  0.0000008291
  0.0000040053
  0.0000006449
  0.0000017175
 -0.0000011196
  0.0000055695
 -0.0000020690
 -0.0000060816
  0.0000026815
  0.0000020621
 -0.0000001362
 -0.0000007948
 -0.0000014923
  0.0000014280
  0.0000004403
  0.0000033775
  0.0000000307
  0.0000001257
 -0.0000006588
 -0.0000001199
  0.0000001439
  0.0000000210
  0.0000003440
  0.0000000917
  0.0000013523
 -0.0000050249
  0.0000005287
 -0.0000014691
 -0.0000006654
 -0.0000018885
 -0.0000059320
 -0.0000030751
  0.0000004302
  0.0000347366
  0.0000131539
 -0.0000000515
  0.0000042720
  0.0000000444
  0.0000012774
 -0.0000021920
  0.0000187832
  0.0000003556
  0.0000007062
  0.0000003866
  0.0000042281
 -0.0000020352
 -0.0000137938
  0.0000000966
 -0.0000002128
  0.0000001301
  0.0000042400
  0.0000007011
  0.0000035998
  0.0000002405
  0.0000052161
 -0.0000020573
 -0.0000063929
  0.0000026190
 -0.0000004974
  0.0000000145
 -0.0000000033
  0.0000010651
 -0.0000021129
  0.0000002726
  0.0000020651
  0.0000000447
 -0.0000004354
  0.0000008582
  0.0000016333
 -0.0000001872
 -0.0000000481
  0.0000016446
 -0.0000006393
 -0.0000010973
 -0.0000090249
  0.0000024282
 -0.0000038822
  0.0000009600
 -0.0000015215
 -0.0000062008
 -0.0000043417
 -0.0000000713
  0.0000347635
  0.0000111060
  0.0000001456
  0.0000032590
 -0.0000046814
  0.0000013474
 -0.0000002936
  0.0000262779
 -0.0000016752
  0.0000013137
  0.0000043882
  0.0000022125
 -0.0000014014
 -0.0000118731
  0.0000018611
  0.0000019855
  0.0000012709
  0.0000050612
  0.0000006390
 -0.0000000330
  0.0000003697
  0.0000043378
 -0.0000011144
 -0.0000054360
  0.0000042494
 -0.0000027183
  0.0000004718
  0.0000000668
  0.0000000074
 -0.0000012888
  0.0000008625
  0.0000021415
 -0.0000010915
  0.0000005085
  0.0000025439
  0.0000004556
 -0.0000000783
 -0.0000002600
  0.0000008989
 -0.0000002456
 -0.0000021582
 -0.0000070921
  0.0000028375
 -0.0000042498
  0.0000004867
 -0.0000024985
 -0.0000055495
 -0.0000051541
 -0.0000004509
  0.0000359515
  0.0000116701
 -0.0000009954
  0.0000053237
 -0.0000012409
  0.0000014104
 -0.0000019627
  0.0000257937
 -0.0000017562
  0.0000005871
  0.0000029032
  0.0000037668
 -0.0000021699
 -0.0000086088
  0.0000024107
  0.0000019904
  0.0000022155
  0.0000029181
  0.0000000036
  0.0000003684
  0.0000012127
  0.0000047624
 -0.0000026243
 -0.0000047809
  0.0000024327
  0.0000020439
 -0.0000002011
 -0.0000007460
 -0.0000002343
  0.0000013859
  0.0000007820
  0.0000017901
 -0.0000004884
  0.0000001417
 -0.0000019676
 -0.0000001935
  0.0000000685
 -0.0000000661
  0.0000010881
  0.0000014070
 -0.0000002220
 -0.0000065324
  0.0000012944
 -0.0000016242
 -0.0000003201
 -0.0000017430
 -0.0000059028
 -0.0000035110
 -0.0000004185
  0.0000321906
  0.0000122563
 -0.0000003600
  0.0000026102
 -0.0000032409
  0.0000012953
 -0.0000001087
  0.0000189717
 -0.0000005795
  0.0000011003
  0.0000014547
  0.0000051207
 -0.0000016662
 -0.0000090452
  0.0000010173
  0.0000006664
  0.0000007302
  0.0000045598
  0.0000013595
  0.0000021510
 -0.0000012870
  0.0000039328
 -0.0000019028
 -0.0000065582
  0.0000030082
 -0.0000022648
  0.0000003450
 -0.0000000467
  0.0000003461
 -0.0000013093
  0.0000006198
  0.0000017089
 -0.0000011517
  0.0000003802
  0.0000027384
  0.0000013243
 -0.0000001410
 -0.0000002275
  0.0000008320
 -0.0000003649
 -0.0000005758
 -0.0000078943
  0.0000024874
 -0.0000040848
 -0.0000004382
 -0.0000016024
 -0.0000062880
 -0.0000050661
 -0.0000006663
  0.0000340733
  0.0000114749
 -0.0000000993
  0.0000029818
 -0.0000045765
  0.0000012536
  0.0000002565
  0.0000255658
 -0.0000015810
  0.0000014284
  0.0000044589
  0.0000028517
 -0.0000017107
 -0.0000115179
  0.0000019340
  0.0000021388
  0.0000012705
  0.0000049965
  0.0000010166
 -0.0000000150
  0.0000015321
  0.0000036991
 -0.0000012140
 -0.0000066707
  0.0000043048
  0.0000012791
 -0.0000001284
 -0.0000004247
 -0.0000016887
 -0.0000001385
 -0.0000002125
  0.0000055645
 -0.0000004390
  0.0000007232
  0.0000007821
 -0.0000001504
  0.0000000960
 -0.0000001279
  0.0000005892
 -0.0000002658
 -0.0000006383
 -0.0000108476
 -0.0000028335
 -0.0000019657
 -0.0000044238
 -0.0000024598
 -0.0000041235
 -0.0000026420
 -0.0000015862
  0.0000374086
  0.0000154218
  0.0000008251
  0.0000064150
 -0.0000002494
  0.0000007609
 -0.0000001335
  0.0000141890
 -0.0000103717
 -0.0000002045
 -0.0000000797
  0.0000040629
 -0.0000014478
 -0.0000145551
 -0.0000027954
  0.0000007447
  0.0000004085
  0.0000019069
  0.0000038104
  0.0000033760
 -0.0000048140
  0.0000063088
 -0.0000056964
 -0.0000077671
  0.0000044168
  0.0000023228
  0.0000003934
 -0.0000001669
 -0.0000000418
  0.0000023595
  0.0000014750
  0.0000014249
  0.0000002216
  0.0000002778
  0.0000005450
 -0.0000009609
  0.0000002219
  0.0000002795
  0.0000012121
  0.0000006267
  0.0000021640
 -0.0000046449
  0.0000005241
 -0.0000009836
 -0.0000028997
 -0.0000035189
 -0.0000056446
 -0.0000034356
  0.0000006057
  0.0000351931
  0.0000128280
  0.0000001009
  0.0000037622
 -0.0000005032
  0.0000016885
 -0.0000030648
  0.0000157822
 -0.0000008711
  0.0000008987
  0.0000000892
  0.0000038157
 -0.0000013748
 -0.0000119927
  0.0000001831
 -0.0000000480
  0.0000005909
  0.0000049014
  0.0000040290
  0.0000030711
  0.0000009610
  0.0000048119
 -0.0000019891
 -0.0000080111
  0.0000024813
 -0.0000007490
  0.0000006437
  0.0000001981
  0.0000011425
 -0.0000022988
  0.0000004763
  0.0000023146
 -0.0000010023
 -0.0000000541
  0.0000020822
  0.0000018623
  0.0000000364
  0.0000008032
  0.0000001727
 -0.0000000822
 -0.0000001120
 -0.0000079982
  0.0000012675
 -0.0000024183
 -0.0000003730
 -0.0000030760
 -0.0000058372
 -0.0000040142
  0.0000006256
  0.0000325085
  0.0000128819
 -0.0000001360
  0.0000025444
 -0.0000032505
  0.0000016251
 -0.0000028354
  0.0000179571
 -0.0000013811
  0.0000005357
  0.0000020714
  0.0000076657
 -0.0000011254
 -0.0000086474
  0.0000010605
  0.0000009115
  0.0000013762
  0.0000033991
  0.0000008560
  0.0000003311
 -0.0000020813
  0.0000052394
 -0.0000016815
 -0.0000063462
  0.0000029056
 -0.0000011057
  0.0000006325
  0.0000002259
  0.0000000291
  0.0000009105
 -0.0000027379
  0.0000006231
  0.0000020003
 -0.0000008709
 -0.0000003286
  0.0000018173
  0.0000019020
  0.0000006082
 -0.0000001711
 -0.0000001529
 -0.0000005980
 -0.0000089170
  0.0000023068
 -0.0000037469
 -0.0000002948
 -0.0000015209
 -0.0000062351
 -0.0000045282
 -0.0000001895
  0.0000334291
  0.0000115337
  0.0000002434
  0.0000028012
 -0.0000046708
  0.0000014419
  0.0000004003
  0.0000253230
 -0.0000016204
  0.0000014638
  0.0000044711
  0.0000028927
 -0.0000013420
 -0.0000114573
  0.0000017631
  0.0000019175
  0.0000013616
  0.0000050573
  0.0000010151
  0.0000000835
  0.0000005527
  0.0000039424
 -0.0000009513
 -0.0000064452
  0.0000041531
  0.0000008370
 -0.0000002333
  0.0000002933
 -0.0000017317
  0.0000000031
  0.0000000053
  0.0000055896
 -0.0000009762
  0.0000016240
  0.0000009255
 -0.0000002192
 -0.0000001338
 -0.0000000559
  0.0000008176
  0.0000001438
 -0.0000010028
  0.0000001258
 -0.0000082714
 -0.0000010736
 -0.0000002432
 -0.0000029788
 -0.0000032955
 -0.0000042116
 -0.0000026200
 -0.0000010670
  0.0000351693
  0.0000142917
  0.0000007778
  0.0000039842
 -0.0000010537
  0.0000008132
 -0.0000024411
  0.0000150545
 -0.0000076768
 -0.0000000624
  0.0000005533
  0.0000041880
 -0.0000009998
 -0.0000126919
 -0.0000013069
  0.0000012546
  0.0000002602
  0.0000019699
  0.0000044742
  0.0000034285
 -0.0000021680
  0.0000049973
 -0.0000037387
 -0.0000080047
  0.0000025075
  0.0000007178
  0.0000004606
  0.0000000043
 -0.0000001726
  0.0000006396
  0.0000007546
  0.0000001932
  0.0000021017
 -0.0000009496
 -0.0000004502
  0.0000002523
 -0.0000008112
  0.0000015206
 -0.0000011966
 -0.0000002331
  0.0000026545
 -0.0000058179
  0.0000009841
 -0.0000016202
 -0.0000032178
 -0.0000015212
 -0.0000059408
 -0.0000042854
 -0.0000003971
  0.0000348578
  0.0000136446
 -0.0000002069
  0.0000041766
 -0.0000020715
  0.0000012339
 -0.0000022297
  0.0000193561
  0.0000004676
  0.0000014910
  0.0000002673
  0.0000044782
 -0.0000017151
 -0.0000137617
  0.0000005269
  0.0000004089
  0.0000007454
  0.0000056525
  0.0000013608
  0.0000011917
 -0.0000010340
  0.0000044724
 -0.0000021597
 -0.0000076350
  0.0000030096
  0.0000007665
  0.0000002912
 -0.0000000899
 -0.0000000932
  0.0000007659
 -0.0000001185
  0.0000003485
  0.0000028277
  0.0000000308
 -0.0000003434
  0.0000004267
  0.0000000957
 -0.0000001590
  0.0000016862
 -0.0000010905
  0.0000000614
 -0.0000073734
  0.0000011837
 -0.0000019760
 -0.0000005339
 -0.0000024624
 -0.0000058120
 -0.0000041912
  0.0000002287
  0.0000323190
  0.0000125602
 -0.0000007666
  0.0000024735
 -0.0000033046
  0.0000013005
 -0.0000020619
  0.0000177511
 -0.0000007838
  0.0000005803
  0.0000016400
  0.0000069862
 -0.0000015512
 -0.0000081383
  0.0000009372
  0.0000007274
  0.0000010167
  0.0000035755
  0.0000013509
  0.0000006748
 -0.0000017378
  0.0000032748
 -0.0000018725
 -0.0000082290
  0.0000028557
 -0.0000002583
  0.0000003880
  0.0000050648
 -0.0000005289
  0.0000028214
  0.0000047382
  0.0000042451
  0.0000053372
 -0.0000093949
  0.0000030623
  0.0000081879
  0.0000060776
  0.0000139841
  0.0000040224
  0.0000044910
  0.0000042138
 -0.0000065414
  0.0000023830
  0.0000098430
 -0.0000318740
  0.0000038674
 -0.0000040095
  0.0000034997
  0.0000189793
  0.0000022334
  0.0000183983
 -0.0000034035
  0.0000061361
 -0.0000050761
  0.0000009644
 -0.0000040929
 -0.0000008701
 -0.0000006138
 -0.0000028449
  0.0000037037
  0.0000132667
 -0.0000039755
  0.0000028003
 -0.0000019576
 -0.0000001948
  0.0000097890
  0.0000028058
 -0.0000003599
 -0.0000034216
  0.0000022176
 -0.0000014700
 -0.0000014778
 -0.0000058690
  0.0000014611
  0.0000005427
 -0.0000659204
  0.0000016255
 -0.0000004100
 -0.0000048513
  0.0000054030
  0.0000021851
  0.0000034413
 -0.0000026454
  0.0000008528
  0.0000074992
  0.0000022792
  0.0000032468
 -0.0000041944
  0.0000032108
  0.0000015372
 -0.0000035354
 -0.0000000081
  0.0000041792
 -0.0000012797
  0.0000007478
  0.0000003872
  0.0000004383
  0.0000046542
  0.0000118478
 -0.0000057678
  0.0000018459
 -0.0000040117
 -0.0000016891
  0.0000061522
  0.0000009245
  0.0000094169
 -0.0000059670
 -0.0000012586
  0.0000004874
 -0.0000034025
  0.0000002228
 -0.0000019562
 -0.0000006599
 -0.0000475286
  0.0000079690
 -0.0000017464
 -0.0000062390
  0.0000042943
  0.0000064119
 -0.0000017773
  0.0000006759
  0.0000006284
 -0.0000003710
  0.0000071511
  0.0000014026
  0.0000015626
  0.0000031304
  0.0000009411
  0.0000013503
 -0.0000060065
 -0.0000012215
 -0.0000034097
  0.0000116206
 -0.0000010255
  0.0000021171
  0.0000034249
  0.0000052578
  0.0000074677
  0.0000025732
  0.0000021345
  0.0000066703
  0.0000045638
  0.0000021233
 -0.0000008459
 -0.0000056937
  0.0000023207
 -0.0000040020
 -0.0000455712
  0.0000010400
  0.0000031096
 -0.0000027655
  0.0000061539
 -0.0000004091
 -0.0000017546
 -0.0000002862
 -0.0000034737
  0.0000116498
 -0.0000004501
  0.0000003332
  0.0000028958
 -0.0000008636
 -0.0000047110
  0.0000037448
 -0.0000035078
  0.0000023967
 -0.0000010760
 -0.0000008830
  0.0000003347
 -0.0000020883
  0.0000022518
  0.0000013947
  0.0000011819
  0.0000090013
  0.0000047375
  0.0000058961
 -0.0000015020
 -0.0000040035
  0.0000048039
 -0.0000062479
 -0.0000499358
 -0.0000007370
 -0.0000039926
  0.0000034594
  0.0000032739
  0.0000062583
  0.0000160529
 -0.0000033039
  0.0000077187
 -0.0000056098
  0.0000029581
  0.0000000822
  0.0000010448
 -0.0000023851
  0.0000007483
  0.0000041324
 -0.0000027460
 -0.0000015690
  0.0000073452
 -0.0000029186
  0.0000061337
  0.0000053770
  0.0000076782
  0.0000054861
 -0.0000032942
 -0.0000003840
 -0.0000063298
  0.0000022001
  0.0000144478
 -0.0000264452
  0.0000015242
 -0.0000051562
 -0.0000049138
  0.0000089867
  0.0000011304
  0.0000060134
  0.0000021883
 -0.0000052392
 -0.0000016957
  0.0000226236
 -0.0000016272
 -0.0000041946
 -0.0000095619
 -0.0000018109
  0.0000012726
  0.0000105138
  0.0000006621
 -0.0000017342
  0.0000014740
  0.0000022533
  0.0000053378
  0.0000044186
 -0.0000051681
  0.0000019756
  0.0000014868
 -0.0000052894
  0.0000010102
  0.0000042973
 -0.0000008276
 -0.0000526783
  0.0000045544
 -0.0000023589
 -0.0000051316
  0.0000022463
 -0.0000074639
  0.0000030195
 -0.0000009404
 -0.0000044373
  0.0000073696
  0.0000000113
 -0.0000003315
 -0.0000009208
  0.0000033993
 -0.0000034800
 -0.0000003808
  0.0000005699
 -0.0000005072
  0.0000004759
 -0.0000034831
 -0.0000005448
 -0.0000009000
  0.0000022310
 -0.0000094101
  0.0000004626
  0.0000126823
  0.0000027388
 -0.0000047764
 -0.0000002977
 -0.0000071191
  0.0000045916
  0.0000120718
 -0.0000309396
  0.0000029594
 -0.0000037915
 -0.0000074873
 -0.0000007820
  0.0000178405
  0.0000013141
 -0.0000043105
 -0.0000011907
  0.0000214106
 -0.0000047461
 -0.0000090538
 -0.0000047132
 -0.0000035151
  0.0000001373
 -0.0000011198
  0.0000196204
 -0.0000010800
 -0.0000007176
  0.0000029665
  0.0000036709
  0.0000069549
  0.0000016295
  0.0000083338
  0.0000085360
  0.0000037126
  0.0000000116
 -0.0000059726
 -0.0000014596
 -0.0000018091
  0.0000005735
 -0.0000488096
  0.0000004101
  0.0000010975
 -0.0000032532
  0.0000037635
  0.0000029943
  0.0000013947
  0.0000016241
  0.0000010968
 -0.0000031007
  0.0000092478
 -0.0000007403
  0.0000027248
  0.0000008281
 -0.0000001596
  0.0000009751
 -0.0000021438
  0.0000012040
  0.0000014329
  0.0000142899
 -0.0000046489
  0.0000004979
 -0.0000049109
 -0.0000030726
  0.0000055099
  0.0000058041
 -0.0000091088
 -0.0000043094
 -0.0000006633
 -0.0000030934
  0.0000024533
 -0.0000031242
 -0.0000045746
 -0.0000873812
  0.0000139945
 -0.0000010888
 -0.0000098811
  0.0000037915
 -0.0000011591
 -0.0000013062
 -0.0000006237
 -0.0000010972
  0.0000074019
  0.0000003981
  0.0000048379
  0.0000021015
  0.0000011763
 -0.0000082286
 -0.0000042565
  0.0000005569
  0.0000007411
 -0.0000016872
  0.0000140353
 -0.0000046902
  0.0000037710
  0.0000023634
  0.0000019500
  0.0000187441
  0.0000068639
  0.0000000905
 -0.0000062399
 -0.0000012298
 -0.0000473550
 -0.0000050014
  0.0000041021
 -0.0000024670
  0.0000042708
  0.0000133138
  0.0000029304
 -0.0000074949
  0.0000192451
 -0.0000037034
 -0.0000053788
  0.0000120956
 -0.0000037361
  0.0000068988
  0.0000009629
 -0.0000050644
  0.0000003108
  0.0000007752
 -0.0000056640
  0.0000046108
  0.0000069375
  0.0000073956
 -0.0000026503
  0.0000022978
 -0.0000056959
 -0.0000017228
  0.0000029104
 -0.0000457474
  0.0000012048
  0.0000032983
  0.0000102071
  0.0000067408
  0.0000009741
  0.0000222324
 -0.0000059121
  0.0000027696
 -0.0000011612
 -0.0000004911
  0.0000020154
  0.0000036510
  0.0000207152
 -0.0000048128
  0.0000033879
 -0.0000019840
 -0.0000065273
  0.0000080936
  0.0000028392
  0.0000079052
 -0.0000048682
 -0.0000037201
 -0.0000009681
  0.0000000475
 -0.0000056399
 -0.0000007623
 -0.0000036908
 -0.0000682236
  0.0000108016
 -0.0000007776
 -0.0000086143
  0.0000072651
  0.0000066475
  0.0000026305
  0.0000003817
 -0.0000010379
  0.0000018058
  0.0000058212
  0.0000030250
  0.0000037102
  0.0000009958
  0.0000032589
  0.0000040145
 -0.0000059036
 -0.0000020509
 -0.0000011505
  0.0000030491
  0.0000141777
 -0.0000041442
 -0.0000021165
 -0.0000022591
 -0.0000014543
  0.0000079492
  0.0000055620
  0.0000080458
 -0.0000013006
  0.0000035123
 -0.0000004646
 -0.0000014591
 -0.0000004820
  0.0000007984
  0.0000015542
 -0.0000466537
  0.0000031306
 -0.0000012297
 -0.0000027722
  0.0000022627
  0.0000045214
 -0.0000067138
  0.0000038588
 -0.0000012288
  0.0000006126
  0.0000094121
  0.0000009234
  0.0000032408
  0.0000016890
  0.0000040656
  0.0000048616
 -0.0000010750
  0.0000002162
  0.0000020897
  0.0000054015
  0.0000433647
 -0.0000048750
  0.0000044935
  0.0000062135
 -0.0000022824
  0.0000040118
 -0.0000019571
 -0.0000089971
 -0.0000154843
 -0.0000109242
  0.0000003708
  0.0000017118
 -0.0000124234
 -0.0000002872
 -0.0000061217
 -0.0000801444
  0.0000064678
 -0.0000006443
 -0.0000200388
  0.0000016087
  0.0000123427
 -0.0000022249
 -0.0000005629
 -0.0000001174
 -0.0000003699
  0.0000128703
  0.0000040744
  0.0000183630
 -0.0000108733
 -0.0000053026
  0.0000023062
 -0.0000012980
  0.0000040781
 -0.0000033828
  0.0000123308
 -0.0000005450
  0.0000005008
  0.0000038113
  0.0000048376
 -0.0000038572
  0.0000042524
 -0.0000029671
 -0.0000037211
  0.0000017426
 -0.0000581826
  0.0000061104
  0.0000035612
 -0.0000027347
  0.0000048130
 -0.0000040556
  0.0000043044
  0.0000015151
  0.0000100508
 -0.0000009154
  0.0000019760
 -0.0000006343
 -0.0000001511
 -0.0000015417
  0.0000024572
 -0.0000000222
  0.0000008508
  0.0000124461
 -0.0000048123
  0.0000028067
 -0.0000042454
  0.0000020105
  0.0000051187
  0.0000032054
  0.0000012752
  0.0000077155
  0.0000001172
 -0.0000063998
  0.0000017581
 -0.0000252096
  0.0000072692
  0.0000039866
 -0.0000039992
  0.0000034468
  0.0000054318
  0.0000023836
 -0.0000092186
  0.0000225472
 -0.0000050335
  0.0000009832
  0.0000035521
 -0.0000057203
  0.0000071643
 -0.0000001545
  0.0000029313
  0.0000297647
 -0.0000053889
  0.0000044124
 -0.0000017820
 -0.0000084967
  0.0000081175
  0.0000000306
 -0.0000075045
 -0.0000053875
 -0.0000062827
 -0.0000003295
 -0.0000008153
 -0.0000104756
 -0.0000013161
 -0.0000046434
 -0.0000883064
  0.0000029953
 -0.0000012014
 -0.0000136334
  0.0000079622
  0.0000007836
  0.0000008524
  0.0000000242
 -0.0000013317
  0.0000078599
  0.0000022987
  0.0000100804
 -0.0000084767
  0.0000012103
  0.0000025934
 -0.0000013156
 -0.0000003593
 -0.0000025261
  0.0000009978
 -0.0000009892
  0.0000296570
 -0.0000405124
  0.0000025269
  0.0000150414
  0.0000084910
 -0.0000000031
 -0.0000003638
 -0.0000097345
  0.0000039142
 -0.0000062011
 -0.0000133562
 -0.0000061214
 -0.0000059779
 -0.0000073343
 -0.0000114027
 -0.0000062767
 -0.0000102753
 -0.0000050472
 -0.0000034015
 -0.0000083004
 -0.0000064424
 -0.0000015512
 -0.0000024526
  0.0000328646
 -0.0000049477
 -0.0000012505
  0.0000206261
 -0.0000011260
 -0.0000025840
 -0.0000092465
 -0.0000080278
  0.0000022413
 -0.0000023481
  0.0000113021
  0.0000054194
  0.0000158607
 -0.0000009746
 -0.0000011535
 -0.0000054556
 -0.0000035126
 -0.0000017319
 -0.0000080322
  0.0000011639
 -0.0000042352
  0.0000001049
  0.0000625907
  0.0000237646
  0.0000029309
 -0.0000030482
 -0.0000069059
 -0.0000007314
 -0.0000049715
 -0.0000045187
  0.0000224347
  0.0000038843
 -0.0000020135
 -0.0000028283
  0.0000032830
 -0.0001297046
 -0.0000010631
  0.0000054597
 -0.0000058886
  0.0000015709
 -0.0000059085
 -0.0000034450
 -0.0000125483
 -0.0000055844
  0.0000222653
 -0.0000094978
 -0.0000072824
 -0.0000010444
 -0.0000060984
  0.0000010063
 -0.0000100169
  0.0000047951
 -0.0000088578
  0.0000065198
  0.0000023566
  0.0000099955
 -0.0000056230
  0.0000130103
  0.0000071724
  0.0000021368
  0.0000215979
  0.0000006362
  0.0000004945
  0.0000044983
  0.0000049981
  0.0000001999
 -0.0000020059
 -0.0000020510
 -0.0000573443
 -0.0000024936
  0.0000028249
  0.0000059420
 -0.0000021097
 -0.0000034582
  0.0000195610
 -0.0000058425
  0.0000046828
  0.0000263506
  0.0000184115
  0.0000279697
 -0.0000258240
  0.0000342002
  0.0000330321
  0.0000252942
 -0.0000128643
  0.0000020109
 -0.0000095269
  0.0000111453
  0.0000107982
  0.0000051040
 -0.0000042529
  0.0000174663
 -0.0000086125
  0.0000164358
 -0.0000012264
  0.0000033412
  0.0000015340
 -0.0000073886
 -0.0000007804
  0.0000012796
  0.0000024417
  0.0000000370
 -0.0000009307
 -0.0000055351
  0.0000162399
 -0.0000075838
 -0.0000103148
 -0.0000013852
  0.0000160553
  0.0000109849
 -0.0000675368
 -0.0000042841
 -0.0000047853
  0.0000163610
 -0.0000292023
 -0.0001301757
  0.0000131630
 -0.0000028304
  0.0000167481
  0.0000067158
  0.0000074830
  0.0000058427
  0.0000039551
  0.0000007135
 -0.0000007503
 -0.0000096506
 -0.0000039734
 -0.0000016937
  0.0000111599
  0.0000004347
 -0.0000051469
  0.0000172796
  0.0000323041
 -0.0001293457
  0.0000210534
  0.0000203765
  0.0000140024
 -0.0001016683
  0.0000192886
  0.0000246520
 -0.0000021622
  0.0000003094
 -0.0000036670
  0.0000048436
  0.0000042949
 -0.0000017686
 -0.0000136833
 -0.0000063413
  0.0000017891
  0.0000025407
 -0.0000007750
  0.0000016193
  0.0000015537
  0.0000055832
 -0.0000041149
 -0.0000052928
 -0.0000009802
  0.0000044277
 -0.0000031793
 -0.0000075712
  0.0000013203
  0.0000025188
 -0.0000025307
 -0.0000019521
 -0.0000116389
 -0.0000074430
 -0.0000107535
 -0.0000117132
  0.0000102982
 -0.0000125163
 -0.0000045362
 -0.0000073745
  0.0000041392
 -0.0000042972
  0.0000004543
 -0.0000009600
  0.0000022820
 -0.0000032711
  0.0000005088
 -0.0000022632
  0.0000004014
  0.0000188923
  0.0000028835
  0.0000031117
 -0.0000010770
  0.0000020484
  0.0000382332
 -0.0000098393
  0.0000006191
 -0.0000083031
 -0.0000035787
 -0.0000088679
  0.0000118089
 -0.0000024946
 -0.0000076675
  0.0000013036
