 -0.0000048718
  0.0000141946
 -0.0000007794
 -0.0000001761
 -0.0000021658
 -0.0000003332
 -0.0000003612
 -0.0000014122
  0.0000002029
 -0.0000028520
 -0.0000006918
  0.0000001178
 -0.0000003472
 -0.0000001761
 -0.0000002105
 -0.0000001921
 -0.0000007504
 -0.0000004767
 -0.0000001795
 -0.0000001254
 -0.0000000136
 -0.0000003644
 -0.0000035371
 -0.0000002945
 -0.0000015599
 -0.0000000638
  0.0000000468
 -0.0000005751
 -0.0000003350
 -0.0000004479
  0.0000000771
 -0.0000028192
 -0.0000004236
  0.0000000569
 -0.0000002586
 -0.0000015833
 -0.0000004655
  0.0000002271
 -0.0000013402
 -0.0000001854
 -0.0000000349
 -0.0000001557
 -0.0000002040
 -0.0000002303
 -0.0000007682
 -0.0000002451
  0.0000006236
 -0.0000009179
 -0.0000009761
 -0.0000002414
  0.0000005886
  0.0000005409
  0.0000001805
 -0.0000002859
  0.0000000428
 -0.0000004439
 -0.0000007251
 -0.0000006007
  0.0000001635
 -0.0000004125
 -0.0000007406
 -0.0000003716
 -0.0000004453
 -0.0000007343
 -0.0000000874
 -0.0000002918
 -0.0000004242
 -0.0000005125
 -0.0000004375
 -0.0000009084
  0.0000003195
 -0.0000061935
 -0.0000002999
 -0.0000006406
 -0.0000001045
  0.0000045962
 -0.0000163528
  0.0000026171
 -0.0000123888
 -0.0000040352
  0.0000016127
 -0.0000238821
 -0.0000084890
  0.0000327555
  0.0000071274
  0.0000055964
 -0.0000133650
  0.0000024935
  0.0000111580
 -0.0000139901
  0.0000003994
  0.0000009049
  0.0000008831
  0.0000000843
 -0.0000006528
  0.0000003583
  0.0000007956
  0.0000001772
  0.0000000583
 -0.0000004103
 -0.0000007377
  0.0000000721
 -0.0000002285
  0.0000003074
 -0.0000025461
  0.0000005286
  0.0000004188
 -0.0000021624
 -0.0000028900
 -0.0000007169
 -0.0000010488
 -0.0000033725
  0.0000012833
  0.0000005402
 -0.0000025440
 -0.0000008849
 -0.0000006997
  0.0000006855
  0.0000003904
 -0.0000001565
 -0.0000006192
  0.0000005535
  0.0000013281
  0.0000004654
 -0.0000002195
  0.0000012626
  0.0000008678
 -0.0000039663
 -0.0000000444
 -0.0000007702
  0.0000001092
 -0.0000030745
 -0.0000017908
  0.0000007820
  0.0000005501
 -0.0000008748
 -0.0000020591
 -0.0000025623
 -0.0000000453
  0.0000064258
  0.0000050727
  0.0000004618
  0.0000025520
 -0.0000008800
 -0.0000004193
 -0.0000016357
 -0.0000008793
 -0.0000004880
 -0.0000019229
 -0.0000004053
 -0.0000011337
 -0.0000001872
 -0.0000017929
 -0.0000002262
 -0.0000008221
 -0.0000001601
 -0.0000013507
 -0.0000006032
 -0.0000007455
 -0.0000002842
 -0.0000004411
  0.0000000008
 -0.0000007687
 -0.0000002982
 -0.0000007541
 -0.0000009013
 -0.0000001054
 -0.0000005609
 -0.0000008851
 -0.0000010674
 -0.0000018628
 -0.0000005472
 -0.0000006915
 -0.0000005692
 -0.0000006379
 -0.0000007464
 -0.0000009670
 -0.0000005783
 -0.0000006400
 -0.0000022472
 -0.0000014844
 -0.0000002943
 -0.0000011848
 -0.0000009607
 -0.0000009525
 -0.0000004694
 -0.0000009323
 -0.0000009266
 -0.0000002335
 -0.0000010230
 -0.0000008814
 -0.0000018590
 -0.0000018271
 -0.0000015679
 -0.0000002789
 -0.0000009810
 -0.0000006940
 -0.0000005718
 -0.0000009851
 -0.0000001314
 -0.0000005553
 -0.0000010709
 -0.0000043138
 -0.0000180439
 -0.0000033665
 -0.0000127884
 -0.0000017903
 -0.0000009429
 -0.0000233394
 -0.0000116378
  0.0000955602
  0.0000277230
 -0.0000073759
 -0.0000147256
  0.0000117738
  0.0000107643
 -0.0000111650
 -0.0000018959
 -0.0000028656
 -0.0000031851
 -0.0000013729
 -0.0000011930
 -0.0000018545
 -0.0000009233
 -0.0000019971
 -0.0000009222
 -0.0000026942
 -0.0000016903
 -0.0000016281
 -0.0000027471
 -0.0000011726
 -0.0000023166
 -0.0000009791
 -0.0000015328
 -0.0000020840
 -0.0000014250
 -0.0000047993
 -0.0000019707
 -0.0000011932
 -0.0000021153
 -0.0000015690
 -0.0000008836
 -0.0000011587
 -0.0000061503
 -0.0000046012
 -0.0000008710
 -0.0000053629
 -0.0000009042
 -0.0000004346
 -0.0000051429
 -0.0000011338
 -0.0000020045
 -0.0000048382
 -0.0000022551
 -0.0000010926
 -0.0000010205
 -0.0000048529
 -0.0000018152
  0.0000104365
  0.0000029732
  0.0000015970
 -0.0000011995
 -0.0000015268
 -0.0000012795
 -0.0000028135
 -0.0000015622
 -0.0000025664
 -0.0000012995
 -0.0000015632
 -0.0000010869
 -0.0000015191
 -0.0000012334
 -0.0000017402
 -0.0000015569
 -0.0000009978
 -0.0000035870
 -0.0000011908
 -0.0000013840
 -0.0000015739
 -0.0000006250
 -0.0000006407
 -0.0000012832
 -0.0000005106
 -0.0000011507
 -0.0000010310
 -0.0000003697
 -0.0000010807
 -0.0000007464
 -0.0000004385
 -0.0000003846
 -0.0000006422
 -0.0000010065
 -0.0000007935
 -0.0000004841
 -0.0000009110
 -0.0000004550
 -0.0000011603
 -0.0000003293
 -0.0000002872
 -0.0000003167
 -0.0000010157
 -0.0000005380
  0.0000000253
 -0.0000004135
 -0.0000003636
 -0.0000013060
 -0.0000014314
 -0.0000012500
 -0.0000002006
 -0.0000006247
 -0.0000004854
 -0.0000002412
 -0.0000002603
 -0.0000007224
 -0.0000120965
 -0.0000261156
 -0.0000110671
 -0.0000210126
 -0.0000004073
  0.0000043410
 -0.0000288158
 -0.0000185283
  0.0001123334
  0.0000301905
 -0.0000131078
 -0.0000216143
  0.0000032260
  0.0000027388
 -0.0000179963
 -0.0000001943
 -0.0000000138
 -0.0000005320
 -0.0000009412
 -0.0000015726
 -0.0000012456
 -0.0000004733
 -0.0000004572
 -0.0000011476
 -0.0000005999
 -0.0000016795
 -0.0000011943
  0.0000003603
 -0.0000009350
  0.0000009236
 -0.0000007412
 -0.0000010303
 -0.0000000693
 -0.0000016397
 -0.0000036919
 -0.0000000187
 -0.0000017856
 -0.0000001589
  0.0000007455
 -0.0000017791
 -0.0000015992
  0.0000002686
 -0.0000041705
 -0.0000022042
 -0.0000002616
 -0.0000024330
 -0.0000003152
 -0.0000009448
 -0.0000027545
 -0.0000004294
 -0.0000016458
  0.0000004586
 -0.0000017027
  0.0000003971
  0.0000005608
 -0.0000006048
 -0.0000001585
 -0.0000023128
  0.0000004122
  0.0000090850
 -0.0000021038
 -0.0000011487
 -0.0000011245
 -0.0000007580
  0.0000001098
 -0.0000013025
 -0.0000011327
 -0.0000013826
 -0.0000003113
  0.0000000671
  0.0000000967
 -0.0000010057
 -0.0000009512
 -0.0000003080
 -0.0000005684
  0.0000000663
 -0.0000008772
 -0.0000000816
 -0.0000017991
  0.0000000808
 -0.0000007426
 -0.0000010600
  0.0000001066
 -0.0000010997
 -0.0000005650
 -0.0000010501
  0.0000002225
 -0.0000013123
 -0.0000009489
 -0.0000003949
 -0.0000003315
 -0.0000012721
 -0.0000007733
 -0.0000001975
 -0.0000004837
 -0.0000012884
 -0.0000009316
 -0.0000009756
 -0.0000013988
 -0.0000013841
 -0.0000004495
 -0.0000013110
 -0.0000004396
 -0.0000008747
 -0.0000004502
 -0.0000014144
 -0.0000009118
 -0.0000001030
 -0.0000011234
 -0.0000006607
 -0.0000011109
 -0.0000015024
 -0.0000013923
 -0.0000002956
 -0.0000012439
 -0.0000005394
  0.0000008181
 -0.0000002359
 -0.0000002855
 -0.0000012921
  0.0000051402
 -0.0000178763
  0.0000041324
 -0.0000151346
 -0.0000082683
 -0.0000024958
 -0.0000286394
 -0.0000095620
  0.0000534129
  0.0000179546
  0.0000066595
 -0.0000170155
  0.0000199834
  0.0000292340
 -0.0000172191
 -0.0000004185
  0.0000001578
  0.0000001595
 -0.0000022758
 -0.0000011313
 -0.0000012283
 -0.0000005073
 -0.0000007710
 -0.0000003123
 -0.0000001829
 -0.0000007526
  0.0000004697
  0.0000007312
 -0.0000011790
  0.0000026690
 -0.0000006681
  0.0000003552
  0.0000012058
 -0.0000083458
 -0.0000001994
 -0.0000061263
  0.0000015866
 -0.0000052301
 -0.0000003414
  0.0000015111
 -0.0000003540
  0.0000003812
 -0.0000008802
 -0.0000044400
 -0.0000037545
 -0.0000003017
 -0.0000067988
  0.0000000899
 -0.0000011178
 -0.0000070493
 -0.0000010763
  0.0000010466
  0.0000008232
  0.0000002075
 -0.0000078581
 -0.0000203194
  0.0000017601
 -0.0000000393
 -0.0000007018
 -0.0000013352
 -0.0000081663
 -0.0000043890
  0.0000009546
 -0.0000001154
  0.0000017556
  0.0000023917
  0.0000008905
  0.0000014535
 -0.0000008905
  0.0000003414
 -0.0000008651
 -0.0000006071
 -0.0000005577
 -0.0000003151
 -0.0000007507
 -0.0000008759
 -0.0000002191
 -0.0000007666
 -0.0000004414
 -0.0000006651
 -0.0000003398
 -0.0000003873
 -0.0000006142
 -0.0000001630
 -0.0000004702
 -0.0000007251
 -0.0000003269
 -0.0000003862
 -0.0000004556
 -0.0000002544
 -0.0000008523
 -0.0000004437
 -0.0000007279
 -0.0000004444
 -0.0000002727
 -0.0000006484
 -0.0000005985
 -0.0000003149
 -0.0000002505
 -0.0000003016
 -0.0000002702
 -0.0000006143
 -0.0000005023
  0.0000002222
 -0.0000004992
 -0.0000002801
 -0.0000001805
 -0.0000005586
 -0.0000005926
 -0.0000002562
 -0.0000003034
 -0.0000004633
 -0.0000006064
 -0.0000010248
  0.0000001559
 -0.0000004676
 -0.0000004997
 -0.0000013462
 -0.0000002566
 -0.0000002045
 -0.0000004166
 -0.0000006583
  0.0000004321
 -0.0000089613
 -0.0000187053
 -0.0000093541
 -0.0000149260
 -0.0000029632
 -0.0000020658
 -0.0000194928
 -0.0000092563
  0.0000589949
  0.0000077430
 -0.0000126332
 -0.0000101362
 -0.0000021839
 -0.0000031920
 -0.0000117010
 -0.0000001921
 -0.0000008212
 -0.0000009803
 -0.0000004657
 -0.0000010045
  0.0000000617
 -0.0000004481
 -0.0000005397
 -0.0000009930
 -0.0000014695
 -0.0000013128
 -0.0000013290
 -0.0000007748
 -0.0000009631
 -0.0000001021
 -0.0000007318
 -0.0000013126
 -0.0000016310
  0.0000006727
 -0.0000011226
 -0.0000003794
 -0.0000009589
 -0.0000005056
 -0.0000013190
 -0.0000013106
 -0.0000005357
 -0.0000005259
 -0.0000004124
 -0.0000004250
  0.0000002268
 -0.0000003878
 -0.0000009619
 -0.0000006169
 -0.0000004993
 -0.0000053274
 -0.0000002730
 -0.0000032022
 -0.0000010189
  0.0000002845
 -0.0000004700
 -0.0000005739
 -0.0000010716
  0.0000007818
  0.0000008380
  0.0000010361
 -0.0000003584
 -0.0000009693
 -0.0000005512
 -0.0000013649
 -0.0000005463
 -0.0000012290
 -0.0000009610
 -0.0000005434
  0.0000001616
  0.0000010832
 -0.0000000928
 -0.0000004614
  0.0000007237
 -0.0000009302
 -0.0000000737
 -0.0000005953
  0.0000004082
  0.0000007495
 -0.0000013342
 -0.0000007377
 -0.0000000040
  0.0000007835
  0.0000009591
 -0.0000002745
 -0.0000009575
  0.0000006267
  0.0000013631
 -0.0000004214
  0.0000023284
  0.0000007361
  0.0000003748
 -0.0000014417
 -0.0000001848
 -0.0000001835
 -0.0000016896
 -0.0000003610
  0.0000017382
 -0.0000001922
 -0.0000003283
 -0.0000006377
 -0.0000007117
 -0.0000005753
 -0.0000008723
 -0.0000013372
  0.0000020606
 -0.0000000990
  0.0000003644
  0.0000004179
  0.0000002470
  0.0000024156
  0.0000005958
  0.0000007424
 -0.0000006150
 -0.0000011713
  0.0000000133
  0.0000007604
 -0.0000001621
  0.0000008552
 -0.0000000670
 -0.0000014463
 -0.0000007369
  0.0000043705
  0.0000555249
 -0.0000514018
 -0.0001019711
 -0.0000179036
 -0.0000124663
  0.0000036313
 -0.0000653543
 -0.0000272015
  0.0000470100
 -0.0000094913
  0.0001077392
 -0.0000059301
  0.0000330233
 -0.0001002703
  0.0000007386
 -0.0000024523
 -0.0000023944
  0.0000010480
  0.0000001392
 -0.0000014051
 -0.0000004576
  0.0000011613
 -0.0000011797
 -0.0000031816
 -0.0000000542
  0.0000006635
 -0.0000065320
 -0.0000022805
 -0.0000091029
  0.0000007342
 -0.0000014896
 -0.0000082217
 -0.0000026400
  0.0000006466
 -0.0000021971
 -0.0000025693
 -0.0000015351
 -0.0000011090
  0.0000008427
 -0.0000044862
 -0.0000011770
 -0.0000005229
 -0.0000010842
 -0.0000053056
 -0.0000059777
  0.0000009335
 -0.0000003580
 -0.0000005628
  0.0000010441
 -0.0000000000
 -0.0000017292
 -0.0000003794
  0.0000001154
 -0.0000028166
 -0.0000004695
 -0.0000053971
 -0.0000200616
 -0.0000039216
 -0.0000000822
 -0.0000102064
  0.0000008580
 -0.0000006631
 -0.0000009055
 -0.0000097698
  0.0000013911
  0.0000008629
 -0.0000012706
  0.0000033973
  0.0000025006
 -0.0000009138
  0.0000030278
 -0.0000009777
  0.0000016819
  0.0000029927
  0.0000043124
  0.0000007558
  0.0000037643
 -0.0000014366
  0.0000008409
  0.0000032220
  0.0000024097
  0.0000023796
  0.0000033026
  0.0000013218
 -0.0000007160
  0.0000028858
  0.0000026970
  0.0000003214
  0.0000016265
  0.0000015922
  0.0000023283
  0.0000030437
  0.0000036302
 -0.0000007490
 -0.0000008451
 -0.0000012496
 -0.0000006297
  0.0000017464
 -0.0000010606
 -0.0000013736
 -0.0000010470
 -0.0000025415
 -0.0000029592
 -0.0000008544
 -0.0000020804
  0.0000008293
 -0.0000010343
 -0.0000008624
 -0.0000008035
  0.0000032326
 -0.0000033771
 -0.0000021195
  0.0000002003
  0.0000001828
 -0.0000004420
 -0.0000007232
 -0.0000017028
  0.0000001423
 -0.0000011129
 -0.0000006987
  0.0000003013
 -0.0000009100
 -0.0000024932
  0.0000009919
 -0.0000014168
 -0.0000006495
  0.0000028146
 -0.0000009068
 -0.0000015512
 -0.0000023352
  0.0000001981
 -0.0000872267
 -0.0000121589
 -0.0000036579
 -0.0000146547
 -0.0000996778
 -0.0000468982
  0.0000055860
 -0.0000792042
 -0.0000270275
  0.0000014522
 -0.0000020837
 -0.0000035352
 -0.0000014096
 -0.0000014751
  0.0000013208
 -0.0000022266
  0.0000032534
 -0.0000029533
 -0.0000026985
 -0.0000012935
  0.0000014621
 -0.0000027862
 -0.0000022402
 -0.0000068140
 -0.0000016867
 -0.0000003293
 -0.0000048103
 -0.0000111431
  0.0000019415
 -0.0000120566
 -0.0000020417
 -0.0000014770
 -0.0000009645
 -0.0000012979
 -0.0000025447
 -0.0000005268
 -0.0000000831
  0.0000001493
 -0.0000140545
 -0.0000017692
 -0.0000000914
 -0.0000122032
 -0.0000013830
  0.0000004900
 -0.0000007958
 -0.0000122757
 -0.0000004675
 -0.0000016812
 -0.0000021476
 -0.0000010591
 -0.0000101044
 -0.0000068528
 -0.0000023197
  0.0000016191
 -0.0000093152
 -0.0000011874
  0.0000001150
  0.0000009549
 -0.0000034869
  0.0000047898
 -0.0000012952
  0.0000035716
  0.0000084187
 -0.0000027984
 -0.0000013673
 -0.0000019190
 -0.0000019322
 -0.0000026195
 -0.0000051297
 -0.0000012463
 -0.0000031176
 -0.0000025990
 -0.0000023783
 -0.0000025676
 -0.0000016934
 -0.0000015614
 -0.0000021963
 -0.0000016805
 -0.0000015632
 -0.0000016397
 -0.0000016230
 -0.0000046370
 -0.0000032135
 -0.0000009088
 -0.0000026532
 -0.0000013396
 -0.0000019590
 -0.0000017814
 -0.0000010438
 -0.0000016740
 -0.0000014134
 -0.0000014962
 -0.0000012059
 -0.0000026691
 -0.0000017968
  0.0000001780
 -0.0000018671
 -0.0000000311
  0.0000001525
 -0.0000010333
 -0.0000007476
  0.0000000228
 -0.0000007726
 -0.0000034801
 -0.0000018873
  0.0000001648
 -0.0000024026
 -0.0000007282
 -0.0000010839
 -0.0000001543
 -0.0000019999
 -0.0000011728
  0.0000004974
 -0.0000010861
 -0.0000011479
 -0.0000023287
 -0.0000023707
 -0.0000030637
  0.0000003585
 -0.0000012405
 -0.0000017469
  0.0000001116
 -0.0000018579
  0.0000004579
  0.0000001869
 -0.0000020990
 -0.0000115475
 -0.0000263051
 -0.0000154637
 -0.0000148511
  0.0000026383
  0.0000092294
 -0.0000318178
 -0.0000158904
  0.0000292270
 -0.0000132522
 -0.0000117452
 -0.0000273608
 -0.0000210933
 -0.0000126978
 -0.0000140085
 -0.0000048639
 -0.0000045142
 -0.0000038820
 -0.0000044359
 -0.0000050027
 -0.0000036245
 -0.0000028694
 -0.0000042117
 -0.0000033816
 -0.0000048132
 -0.0000052370
 -0.0000047178
 -0.0000052590
 -0.0000040025
 -0.0000086755
 -0.0000026375
 -0.0000062933
 -0.0000056460
 -0.0000132516
 -0.0000044916
 -0.0000114090
 -0.0000052922
 -0.0000031245
 -0.0000057818
 -0.0000058435
 -0.0000009341
 -0.0000057278
 -0.0000092131
 -0.0000058193
 -0.0000010428
 -0.0000117710
 -0.0000009752
  0.0000005873
 -0.0000102226
 -0.0000055484
 -0.0000034415
 -0.0000052120
  0.0000001220
 -0.0000077456
 -0.0000139537
 -0.0000056568
 -0.0000045281
 -0.0000091965
 -0.0000028526
 -0.0000017883
 -0.0000102008
 -0.0000034414
  0.0000102094
  0.0000134687
  0.0000133397
  0.0000032802
  0.0000028194
  0.0000092089
  0.0000034783
  0.0000043892
  0.0000092424
  0.0000046675
  0.0000051506
  0.0000013958
  0.0000035294
  0.0000091307
  0.0000002325
  0.0000059337
  0.0000043211
  0.0000042085
  0.0000042206
  0.0000062649
  0.0000039999
  0.0000100769
 -0.0000012379
  0.0000064506
  0.0000047077
  0.0000081031
  0.0000046432
  0.0000051481
  0.0000031936
  0.0000060275
  0.0000057615
  0.0000057664
  0.0000011503
 -0.0000023980
  0.0000110430
  0.0000101388
 -0.0000028964
  0.0000002420
 -0.0000002936
 -0.0000027631
 -0.0000029083
 -0.0000027153
 -0.0000015258
  0.0000048770
  0.0000134508
  0.0000080381
 -0.0000035672
  0.0000086473
 -0.0000029998
 -0.0000025475
  0.0000032845
 -0.0000001470
 -0.0000032820
 -0.0000037651
 -0.0000026125
 -0.0000022390
  0.0000151044
  0.0000061075
  0.0000114826
 -0.0000042240
 -0.0000017216
  0.0000036455
 -0.0000002233
  0.0000069273
 -0.0000042075
 -0.0000026323
  0.0000069233
 -0.0000560200
 -0.0000854048
 -0.0000156314
 -0.0000955737
 -0.0003182880
 -0.0000521988
  0.0000112566
  0.0000188589
  0.0000223799
  0.0000101558
  0.0000140932
  0.0000141479
  0.0000133117
  0.0000116558
  0.0000124255
  0.0000154483
  0.0000135984
  0.0000118092
  0.0000201038
  0.0000153913
  0.0000171022
  0.0000132955
  0.0000126035
  0.0000202915
  0.0000219961
  0.0000142527
  0.0000215902
  0.0000111246
  0.0000162567
  0.0000120608
  0.0000124867
  0.0000155791
  0.0000117540
 -0.0000038676
  0.0000155095
  0.0000377046
  0.0000144433
 -0.0000021451
  0.0000215859
 -0.0000021027
 -0.0000028143
 -0.0000043204
  0.0000182820
  0.0000113537
  0.0000113008
  0.0000134485
 -0.0000031435
  0.0000348437
  0.0000826339
  0.0000136261
  0.0000064932
  0.0000328569
  0.0000102219
  0.0000039165
  0.0000128957
  0.0000179477
 -0.0000034412
  0.0000126515
  0.0000005476
  0.0000014830
  0.0000007450
 -0.0000021105
 -0.0000003369
 -0.0000002585
 -0.0000016075
 -0.0000004512
 -0.0000002986
 -0.0000002676
 -0.0000004653
 -0.0000001902
 -0.0000006522
 -0.0000004183
 -0.0000002735
 -0.0000017768
 -0.0000002911
 -0.0000003506
 -0.0000004582
 -0.0000004429
 -0.0000002114
 -0.0000002369
 -0.0000002096
 -0.0000003290
 -0.0000003803
 -0.0000002726
 -0.0000004547
 -0.0000004445
 -0.0000002938
 -0.0000000665
 -0.0000002468
 -0.0000002620
 -0.0000003265
 -0.0000001702
  0.0000002671
 -0.0000002514
 -0.0000002492
  0.0000001415
 -0.0000004623
 -0.0000003605
  0.0000000181
 -0.0000001290
 -0.0000003077
 -0.0000002469
 -0.0000004530
  0.0000000924
 -0.0000001309
 -0.0000003205
 -0.0000000815
  0.0000000386
 -0.0000001132
  0.0000003640
 -0.0000054871
 -0.0000113262
 -0.0000059450
 -0.0000106211
 -0.0000007926
  0.0000021535
 -0.0000149147
 -0.0000030001
  0.0000528175
  0.0000067440
 -0.0000090697
 -0.0000045717
 -0.0000021086
 -0.0000012663
 -0.0000055589
  0.0000002947
 -0.0000005529
 -0.0000009606
 -0.0000010810
 -0.0000009578
 -0.0000000639
 -0.0000007180
 -0.0000000323
 -0.0000008751
 -0.0000013380
 -0.0000005670
 -0.0000006618
 -0.0000004547
 -0.0000006344
 -0.0000002273
 -0.0000008031
  0.0000000784
 -0.0000007174
 -0.0000009952
 -0.0000006439
 -0.0000009621
  0.0000002758
 -0.0000015585
 -0.0000008643
 -0.0000006303
 -0.0000007812
 -0.0000004792
 -0.0000010888
 -0.0000000358
 -0.0000025352
  0.0000000989
 -0.0000010288
 -0.0000006467
 -0.0000006074
 -0.0000040802
 -0.0000007881
 -0.0000042426
 -0.0000009132
 -0.0000002023
 -0.0000011880
 -0.0000025859
 -0.0000010164
 -0.0000009804
 -0.0000012351
 -0.0000008184
  0.0000000583
  0.0000006917
 -0.0000000990
  0.0000003002
 -0.0000001017
  0.0000007387
 -0.0000000136
  0.0000007051
  0.0000011435
  0.0000005193
  0.0000006738
  0.0000009404
  0.0000001910
 -0.0000004372
 -0.0000001464
 -0.0000008178
  0.0000009080
 -0.0000002609
  0.0000010968
  0.0000008327
 -0.0000005757
  0.0000010879
  0.0000007443
 -0.0000000252
 -0.0000008820
 -0.0000002129
  0.0000005425
 -0.0000001771
  0.0000008146
  0.0000007060
  0.0000010121
  0.0000005745
  0.0000007631
  0.0000011966
  0.0000006334
  0.0000010836
  0.0000014638
 -0.0000029360
  0.0000005455
  0.0000004194
 -0.0000027142
 -0.0000010964
  0.0000008527
  0.0000003776
  0.0000002478
 -0.0000036009
  0.0000004756
 -0.0000014212
 -0.0000008001
 -0.0000010413
  0.0000010428
  0.0000004027
  0.0000004546
  0.0000004789
 -0.0000012744
  0.0000008463
  0.0000002055
  0.0000007308
  0.0000002955
 -0.0000012266
 -0.0000014671
  0.0000007640
 -0.0000009665
  0.0000002494
 -0.0000013587
 -0.0000028121
 -0.0000010540
 -0.0000038736
  0.0000491503
 -0.0000220013
 -0.0000601618
  0.0000029619
  0.0000095051
  0.0000157731
 -0.0000722192
 -0.0000467585
 -0.0000337366
  0.0000084804
  0.0001145284
  0.0000034124
  0.0000114190
 -0.0000743454
 -0.0000035087
  0.0000017749
  0.0000019636
  0.0000000638
 -0.0000000230
 -0.0000009218
 -0.0000004212
 -0.0000037586
 -0.0000006198
  0.0000021669
 -0.0000007885
 -0.0000028767
  0.0000021883
  0.0000012512
  0.0000020330
 -0.0000004818
 -0.0000021407
  0.0000030642
 -0.0000047808
 -0.0000018680
 -0.0000026812
  0.0000020250
  0.0000026769
  0.0000041461
 -0.0000006947
  0.0000026371
 -0.0000016821
 -0.0000026741
  0.0000001537
 -0.0000051693
  0.0000032702
 -0.0000005563
  0.0000000527
 -0.0000032558
 -0.0000018894
  0.0000003734
  0.0000011504
  0.0000007174
  0.0000010926
  0.0000016071
 -0.0000021892
 -0.0000087825
 -0.0000308752
  0.0000026463
  0.0000005705
 -0.0000204091
 -0.0000006000
 -0.0000015525
  0.0000009170
 -0.0000006146
  0.0000005958
 -0.0000007621
  0.0000034523
  0.0000024585
  0.0000027643
  0.0000052200
  0.0000002688
  0.0000026376
  0.0000010441
 -0.0000004275
  0.0000005552
  0.0000001007
  0.0000031680
  0.0000016665
  0.0000043384
  0.0000056871
  0.0000021313
  0.0000008541
  0.0000026588
  0.0000012880
  0.0000054362
  0.0000013448
  0.0000015870
  0.0000061020
 -0.0000005614
  0.0000036831
  0.0000019566
  0.0000028829
  0.0000009424
  0.0000008431
  0.0000054581
  0.0000027668
  0.0000019241
  0.0000061665
  0.0000036970
  0.0000034809
  0.0000030301
  0.0000056822
  0.0000023125
  0.0000022093
  0.0000039199
  0.0000027205
  0.0000036397
  0.0000049306
  0.0000038292
  0.0000028564
  0.0000027044
  0.0000022685
  0.0000018992
  0.0000021003
  0.0000028218
  0.0000028710
  0.0000035872
  0.0000020909
  0.0000029235
  0.0000019906
  0.0000032597
  0.0000023426
  0.0000033108
  0.0000022806
  0.0000021492
  0.0000016543
  0.0000017044
  0.0000038974
  0.0000033180
  0.0000023690
  0.0000028035
  0.0000022734
 -0.0001464242
 -0.0000638523
 -0.0000299559
 -0.0000347266
 -0.0000217438
 -0.0000472185
 -0.0000708650
 -0.0000762236
 -0.0000651683
  0.0000021161
  0.0000053157
  0.0000058354
  0.0000041297
  0.0000030093
  0.0000020591
  0.0000050396
  0.0000011528
  0.0000053184
  0.0000055331
  0.0000018537
  0.0000018164
  0.0000090692
  0.0000066964
  0.0000005708
  0.0000049174
  0.0000075746
  0.0000081155
  0.0000093158
  0.0000017252
  0.0000065335
  0.0000049627
  0.0000060416
  0.0000049396
  0.0000025834
  0.0000069529
  0.0000033027
  0.0000038421
  0.0000016932
 -0.0000062251
  0.0000073404
  0.0000016037
  0.0000026954
  0.0000019347
  0.0000019309
  0.0000019950
  0.0000022098
  0.0000072799
  0.0000062282
  0.0000070344
  0.0000017290
  0.0000028772
  0.0000301196
  0.0000069799
  0.0000035269
  0.0000086124
  0.0000045667
  0.0000025118
  0.0000077162
  0.0000084292
  0.0000034916
  0.0000027736
  0.0000024367
  0.0000040291
  0.0000049547
  0.0000025672
  0.0000032474
  0.0000010808
  0.0000042157
  0.0000049261
  0.0000001488
  0.0000047101
  0.0000000345
  0.0000043023
  0.0000008690
  0.0000034654
  0.0000046399
  0.0000011106
  0.0000035429
  0.0000011411
  0.0000036895
  0.0000035879
  0.0000045878
  0.0000011213
  0.0000027716
  0.0000040112
  0.0000003704
 -0.0000001190
  0.0000021909
  0.0000046367
  0.0000043107
  0.0000034363
  0.0000034649
  0.0000040981
 -0.0000001665
  0.0000060347
  0.0000078112
  0.0000072060
  0.0000069841
  0.0000081326
  0.0000048149
  0.0000071064
  0.0000063552
  0.0000066004
  0.0000055263
  0.0000021802
  0.0000025332
  0.0000084720
  0.0000063706
  0.0000018673
  0.0000076937
  0.0000068232
  0.0000026840
  0.0000079463
  0.0000065594
  0.0000067089
  0.0000067809
  0.0000061118
  0.0000070242
  0.0000084741
  0.0000020733
  0.0000065234
  0.0000060096
  0.0000038519
  0.0000047849
  0.0000022335
  0.0000065117
  0.0000075504
  0.0000020563
 -0.0000607262
 -0.0001132981
 -0.0000315076
  0.0000140231
 -0.0000486775
 -0.0000941325
 -0.0000732730
 -0.0000171189
 -0.0001063469
 -0.0000383063
 -0.0000872551
  0.0000123057
  0.0000022066
 -0.0000004498
 -0.0000004535
  0.0000073658
  0.0000030181
  0.0000022629
  0.0000049953
  0.0000020768
  0.0000037842
 -0.0000004158
  0.0000029748
  0.0000021960
 -0.0000006230
  0.0000036370
  0.0000027574
  0.0000069092
  0.0000024050
 -0.0000014258
  0.0000016254
  0.0000029783
  0.0000016794
  0.0000064566
  0.0000027138
  0.0000080367
  0.0000026000
  0.0000026197
  0.0000068006
  0.0000030923
 -0.0000053032
  0.0000055789
  0.0000068948
 -0.0000018775
  0.0000055214
  0.0000073212
  0.0000063829
 -0.0000004170
  0.0000025251
  0.0000016838
  0.0000048707
  0.0000070418
  0.0000004167
 -0.0000156531
  0.0000045117
  0.0000028056
  0.0000021441
  0.0000082054
  0.0000024648
  0.0000077291
  0.0000020015
  0.0000068573
  0.0000024331
  0.0000013119
 -0.0000012723
 -0.0000016923
  0.0000003740
  0.0000007762
 -0.0000011261
  0.0000014609
  0.0000004545
 -0.0000025678
 -0.0000021447
 -0.0000012255
 -0.0000030559
 -0.0000020348
 -0.0000001095
 -0.0000033040
  0.0000004263
  0.0000006927
  0.0000000466
 -0.0000015566
 -0.0000040025
 -0.0000025363
 -0.0000003845
 -0.0000018463
  0.0000010196
 -0.0000027250
 -0.0000034130
  0.0000002136
 -0.0000017632
 -0.0000000758
 -0.0000016469
 -0.0000028037
 -0.0000015076
 -0.0000000692
  0.0000006454
 -0.0000001771
 -0.0000031952
  0.0000000170
 -0.0000019094
  0.0000005930
 -0.0000003396
 -0.0000003367
  0.0000000757
  0.0000015382
 -0.0000004708
  0.0000013378
  0.0000030339
  0.0000007813
 -0.0000004737
 -0.0000002405
  0.0000048541
  0.0000015279
 -0.0000015630
  0.0000017728
  0.0000032875
  0.0000012128
 -0.0000003023
  0.0000006158
  0.0000011156
 -0.0000012148
  0.0000006719
  0.0000013625
 -0.0000002565
 -0.0000001468
  0.0000029673
 -0.0000014890
  0.0000013897
 -0.0000012281
 -0.0000005825
 -0.0000014609
  0.0000004111
  0.0000017124
 -0.0000184998
  0.0000146914
 -0.0000891479
 -0.0000136261
 -0.0000994538
  0.0000388702
 -0.0000101469
  0.0000417881
  0.0000007251
  0.0000030184
  0.0000004596
  0.0000040377
  0.0000001444
  0.0000033505
  0.0000027064
  0.0000028659
  0.0000020666
  0.0000030830
 -0.0000001091
  0.0000006974
  0.0000012960
  0.0000047028
 -0.0000010323
  0.0000039084
 -0.0000026900
 -0.0000003541
 -0.0000026296
  0.0000016794
  0.0000003061
  0.0000038425
  0.0000015980
  0.0000045603
  0.0000039318
  0.0000040574
 -0.0000015621
  0.0000007914
 -0.0000010347
  0.0000031556
  0.0000052041
  0.0000011170
 -0.0000031532
 -0.0000010842
  0.0000020391
 -0.0000004897
 -0.0000027660
 -0.0000010635
  0.0000010247
  0.0000041655
 -0.0000005996
  0.0000072934
 -0.0000289723
  0.0000046543
  0.0000017577
  0.0000095566
  0.0000040204
  0.0000014607
  0.0000065595
  0.0000024250
  0.0000061754
  0.0000018301
 -0.0000000058
  0.0000000338
 -0.0000002099
  0.0000001408
 -0.0000008830
 -0.0000000381
 -0.0000010044
 -0.0000010451
 -0.0000009689
 -0.0000002983
 -0.0000003280
 -0.0000010302
  0.0000001764
 -0.0000008155
 -0.0000005039
  0.0000000942
 -0.0000005463
  0.0000001766
 -0.0000004400
  0.0000007153
  0.0000000349
 -0.0000013061
 -0.0000000088
 -0.0000003502
 -0.0000009266
 -0.0000004132
  0.0000001084
 -0.0000004985
 -0.0000005087
  0.0000010695
 -0.0000002395
  0.0000002948
 -0.0000014037
  0.0000005504
 -0.0000012214
  0.0000001931
 -0.0000001781
 -0.0000001642
 -0.0000016647
  0.0000005127
 -0.0000002582
 -0.0000017808
 -0.0000015621
  0.0000001921
 -0.0000004148
 -0.0000003953
 -0.0000011873
  0.0000002685
 -0.0000007054
 -0.0000007492
 -0.0000012363
 -0.0000004264
 -0.0000000337
  0.0000000061
 -0.0000008751
 -0.0000007760
 -0.0000000504
 -0.0000009593
  0.0000001073
  0.0000000595
 -0.0000008025
 -0.0000009632
 -0.0000001937
  0.0000002695
 -0.0000001405
 -0.0000008378
 -0.0000015319
 -0.0000007783
  0.0000098222
  0.0000010542
 -0.0000185778
 -0.0000192840
  0.0000052283
  0.0000095010
 -0.0000217789
 -0.0000062268
 -0.0000131743
 -0.0000025775
 -0.0000222765
  0.0000085280
 -0.0000060935
  0.0000192826
 -0.0000264589
  0.0000001406
 -0.0000010912
 -0.0000005936
 -0.0000003202
 -0.0000001956
 -0.0000007188
  0.0000001692
 -0.0000002808
  0.0000003735
 -0.0000016589
 -0.0000000886
  0.0000012235
 -0.0000026157
 -0.0000000041
 -0.0000046655
  0.0000000667
  0.0000010893
 -0.0000024436
 -0.0000058860
  0.0000005603
  0.0000025258
 -0.0000022150
  0.0000047510
 -0.0000042718
  0.0000003028
 -0.0000024406
  0.0000003779
  0.0000010451
  0.0000001238
 -0.0000042183
 -0.0000045144
 -0.0000015233
  0.0000010154
  0.0000006695
 -0.0000012160
 -0.0000005447
  0.0000032031
 -0.0000000122
 -0.0000028058
 -0.0000006893
  0.0000008665
 -0.0000087505
 -0.0000160297
 -0.0000029084
  0.0000003994
 -0.0000130350
  0.0000000485
 -0.0000008549
 -0.0000012898
 -0.0000035387
  0.0000004734
 -0.0000006553
 -0.0000021721
 -0.0000016492
 -0.0000014637
 -0.0000015151
 -0.0000014162
 -0.0000014498
 -0.0000020161
 -0.0000031851
 -0.0000028857
 -0.0000024258
 -0.0000024053
 -0.0000022109
 -0.0000011594
 -0.0000008428
 -0.0000024927
 -0.0000015280
 -0.0000024801
 -0.0000012531
 -0.0000020913
 -0.0000006014
 -0.0000006620
 -0.0000032010
 -0.0000021800
 -0.0000016571
 -0.0000014748
 -0.0000016358
 -0.0000012365
 -0.0000020457
 -0.0000013494
 -0.0000020336
 -0.0000021567
 -0.0000017754
 -0.0000020328
 -0.0000008220
 -0.0000007137
 -0.0000009574
 -0.0000007734
 -0.0000017103
 -0.0000020526
 -0.0000008826
 -0.0000003170
 -0.0000010876
 -0.0000004541
 -0.0000009118
  0.0000003139
 -0.0000010752
 -0.0000019605
 -0.0000009097
 -0.0000012851
 -0.0000024128
 -0.0000007573
 -0.0000020568
 -0.0000022424
 -0.0000014802
 -0.0000011464
  0.0000000293
 -0.0000009011
 -0.0000024947
 -0.0000012512
 -0.0000014410
 -0.0000008371
 -0.0000007353
  0.0000003620
 -0.0000040283
 -0.0000050978
 -0.0000225518
 -0.0000274367
  0.0000019766
  0.0000053547
 -0.0000243877
 -0.0000116232
 -0.0000224352
  0.0000243237
 -0.0000253718
  0.0000038877
 -0.0000281241
  0.0000117074
 -0.0000329644
 -0.0000014368
 -0.0000016475
 -0.0000015446
 -0.0000026413
 -0.0000006810
 -0.0000000851
 -0.0000031042
 -0.0000014398
 -0.0000033235
 -0.0000014103
 -0.0000009690
 -0.0000012864
 -0.0000022289
 -0.0000014193
 -0.0000002323
 -0.0000031694
 -0.0000012116
 -0.0000010400
 -0.0000120275
 -0.0000010949
 -0.0000099495
 -0.0000016467
  0.0000001021
 -0.0000034081
 -0.0000020453
 -0.0000012691
  0.0000003727
 -0.0000006896
 -0.0000056983
 -0.0000000815
 -0.0000022408
 -0.0000117315
 -0.0000003040
 -0.0000018499
 -0.0000007770
 -0.0000116047
 -0.0000016512
 -0.0000019684
 -0.0000016613
  0.0000000481
 -0.0000033462
 -0.0000067582
 -0.0000019012
 -0.0000003230
 -0.0000026524
 -0.0000033079
  0.0000003433
 -0.0000088206
 -0.0000031503
 -0.0000032678
 -0.0000026529
 -0.0000019270
 -0.0000017205
 -0.0000001259
  0.0000010773
 -0.0000026865
 -0.0000016750
  0.0000029570
  0.0000020300
 -0.0000018105
 -0.0000043988
  0.0000016164
  0.0000023486
 -0.0000002413
 -0.0000009119
 -0.0000021831
 -0.0000012919
 -0.0000043171
 -0.0000005595
  0.0000019468
 -0.0000022455
 -0.0000009353
 -0.0000037842
  0.0000000063
 -0.0000014430
 -0.0000011820
 -0.0000048850
 -0.0000048983
  0.0000018026
  0.0000013237
 -0.0000019882
  0.0000028739
 -0.0000005741
 -0.0000018160
  0.0000014278
  0.0000032026
 -0.0000009025
 -0.0000034828
 -0.0000001823
 -0.0000003173
  0.0000012069
 -0.0000026250
 -0.0000004186
  0.0000013817
  0.0000029595
 -0.0000019327
 -0.0000015809
  0.0000021304
 -0.0000001847
 -0.0000012756
  0.0000011204
 -0.0000036478
  0.0000014253
 -0.0000014954
 -0.0000016831
  0.0000019488
  0.0000019186
 -0.0000018616
  0.0000020834
 -0.0000014048
  0.0000016300
 -0.0000003631
 -0.0000011927
 -0.0000010439
 -0.0000002370
  0.0000023646
 -0.0000521755
 -0.0000788833
 -0.0001086563
 -0.0000719571
 -0.0000612430
 -0.0000795624
 -0.0000354104
  0.0000003537
 -0.0000074162
 -0.0000099803
 -0.0000056489
 -0.0000025072
  0.0000022059
 -0.0000026678
  0.0000026467
 -0.0000035816
 -0.0000073105
 -0.0000030043
  0.0000013035
 -0.0000101245
 -0.0000032036
 -0.0000091120
 -0.0000033297
 -0.0000014394
 -0.0000116459
 -0.0000109394
  0.0000033687
 -0.0000080379
 -0.0000023401
 -0.0000011171
 -0.0000041461
 -0.0000056780
 -0.0000054908
 -0.0000002071
  0.0000007920
  0.0000022684
 -0.0000031735
 -0.0000027764
  0.0000005983
 -0.0000111591
 -0.0000010431
 -0.0000004260
 -0.0000015685
 -0.0000105905
 -0.0000011512
 -0.0000036361
 -0.0000023294
 -0.0000016581
  0.0000021031
  0.0000029341
 -0.0000033720
  0.0000042069
  0.0000038288
 -0.0000048503
  0.0000020851
 -0.0000012872
 -0.0000072990
  0.0000000185
 -0.0000043617
 -0.0000013533
 -0.0000002441
 -0.0000006035
 -0.0000012547
  0.0000001074
 -0.0000008591
  0.0000000209
 -0.0000005514
 -0.0000021149
 -0.0000002199
 -0.0000014347
 -0.0000008578
 -0.0000002211
 -0.0000007705
 -0.0000003070
 -0.0000002321
 -0.0000002422
  0.0000007390
 -0.0000000596
 -0.0000007343
 -0.0000000232
  0.0000014044
 -0.0000005681
 -0.0000006271
 -0.0000006507
  0.0000004525
 -0.0000006147
  0.0000022222
 -0.0000011421
 -0.0000011118
  0.0000021978
  0.0000012391
  0.0000002720
  0.0000024743
  0.0000037521
  0.0000022272
  0.0000002394
  0.0000005174
  0.0000007917
  0.0000001667
  0.0000018122
  0.0000002592
  0.0000032914
  0.0000023163
  0.0000007544
  0.0000011762
  0.0000036187
  0.0000005582
  0.0000022285
  0.0000035422
 -0.0000008338
 -0.0000001137
  0.0000000828
  0.0000005668
  0.0000032957
 -0.0000006755
  0.0000002544
  0.0000001346
  0.0000009159
  0.0000026219
  0.0000004464
 -0.0000464333
 -0.0000149683
 -0.0000599615
 -0.0000184647
  0.0000315981
  0.0000179151
 -0.0000671245
  0.0000491246
 -0.0000062140
 -0.0000531757
 -0.0000580542
 -0.0000398006
 -0.0000559354
 -0.0000989503
  0.0000272874
  0.0000025341
  0.0000000203
 -0.0000005609
  0.0000017423
  0.0000025636
 -0.0000001111
  0.0000001559
  0.0000025675
 -0.0000006373
 -0.0000006767
  0.0000023597
  0.0000028640
  0.0000008031
 -0.0000002797
  0.0000010335
  0.0000007893
  0.0000018366
 -0.0000004944
 -0.0000038251
  0.0000028006
 -0.0000036283
  0.0000000343
  0.0000017547
  0.0000016311
 -0.0000008032
  0.0000027372
  0.0000006309
  0.0000035115
 -0.0000116875
  0.0000000903
  0.0000028381
 -0.0000021198
  0.0000024854
  0.0000023088
  0.0000005483
 -0.0000034731
  0.0000020808
  0.0000014434
 -0.0000003207
  0.0000004029
 -0.0000111442
 -0.0000254742
 -0.0000007156
  0.0000026206
 -0.0000152536
  0.0000012768
  0.0000004918
  0.0000042719
 -0.0000001310
  0.0000017913
 -0.0000004962
 -0.0000000325
 -0.0000004099
 -0.0000001632
 -0.0000006963
  0.0000000797
 -0.0000008333
 -0.0000002592
  0.0000000852
 -0.0000005456
 -0.0000003292
 -0.0000003380
 -0.0000000447
  0.0000001682
 -0.0000006326
  0.0000000282
 -0.0000003689
 -0.0000005203
  0.0000000301
 -0.0000002924
 -0.0000005231
 -0.0000005454
 -0.0000012695
 -0.0000003595
 -0.0000003456
 -0.0000002060
 -0.0000005268
 -0.0000008977
 -0.0000006635
 -0.0000002160
 -0.0000002038
 -0.0000001362
 -0.0000009241
  0.0000000179
  0.0000002236
 -0.0000007016
 -0.0000004404
 -0.0000000649
 -0.0000005545
 -0.0000008244
  0.0000003273
 -0.0000004976
 -0.0000006442
 -0.0000012889
 -0.0000012257
  0.0000001782
  0.0000001478
 -0.0000004960
 -0.0000005080
 -0.0000000955
 -0.0000002323
  0.0000001869
 -0.0000003154
  0.0000003282
 -0.0000006191
 -0.0000096586
 -0.0000015352
 -0.0000066115
 -0.0000014579
 -0.0000017029
 -0.0000130703
 -0.0000021383
  0.0000312997
  0.0000067598
 -0.0000055221
 -0.0000027786
  0.0000005501
  0.0000037112
 -0.0000041355
  0.0000002012
 -0.0000010087
 -0.0000012297
 -0.0000011874
 -0.0000003113
  0.0000001960
 -0.0000006720
 -0.0000000296
 -0.0000005622
 -0.0000020614
 -0.0000002798
  0.0000003037
 -0.0000008592
 -0.0000016241
 -0.0000011751
 -0.0000008947
  0.0000001282
 -0.0000018543
  0.0000004114
 -0.0000000080
 -0.0000013574
 -0.0000012822
 -0.0000012047
 -0.0000001120
 -0.0000015694
 -0.0000002351
 -0.0000016768
  0.0000000133
 -0.0000012928
 -0.0000011961
 -0.0000010036
 -0.0000045994
 -0.0000011785
 -0.0000042825
 -0.0000013061
  0.0000003680
 -0.0000015103
 -0.0000013525
 -0.0000001016
 -0.0000001765
 -0.0000001772
 -0.0000002423
 -0.0000001577
 -0.0000003534
 -0.0000001859
  0.0000000128
 -0.0000003022
 -0.0000001557
 -0.0000002547
 -0.0000004347
 -0.0000003480
 -0.0000003099
 -0.0000001141
 -0.0000003953
 -0.0000002320
 -0.0000001816
 -0.0000000967
 -0.0000002321
 -0.0000002715
  0.0000000354
 -0.0000004341
 -0.0000005235
 -0.0000000635
 -0.0000002090
 -0.0000002950
 -0.0000003878
 -0.0000002401
 -0.0000002375
 -0.0000005159
 -0.0000003140
 -0.0000002551
 -0.0000003323
 -0.0000001483
  0.0000025251
 -0.0000049945
  0.0000010113
 -0.0000018766
 -0.0000017521
 -0.0000035191
 -0.0000099259
  0.0000023583
  0.0000078902
  0.0000064627
 -0.0000030467
  0.0000005423
  0.0000036616
  0.0000054841
  0.0000011964
 -0.0000000522
 -0.0000000174
  0.0000000697
 -0.0000001104
 -0.0000000961
 -0.0000000971
  0.0000001437
 -0.0000004509
 -0.0000004912
 -0.0000003939
 -0.0000005247
 -0.0000004378
 -0.0000004053
 -0.0000006189
  0.0000009460
 -0.0000000959
 -0.0000001921
  0.0000002038
 -0.0000004928
  0.0000007583
  0.0000003417
 -0.0000011620
 -0.0000019605
 -0.0000001346
  0.0000002100
  0.0000003577
 -0.0000011860
  0.0000003663
 -0.0000006200
  0.0000001374
 -0.0000001773
 -0.0000001535
 -0.0000003471
  0.0000001145
 -0.0000009406
 -0.0000006129
  0.0000001157
 -0.0000000679
 -0.0000013317
 -0.0000002704
  0.0000000624
 -0.0000008396
  0.0000000569
 -0.0000007721
  0.0000003438
  0.0000000136
 -0.0000001685
  0.0000000584
 -0.0000000849
  0.0000005116
 -0.0000001719
 -0.0000000017
 -0.0000006772
 -0.0000002275
  0.0000000615
 -0.0000003354
 -0.0000000251
 -0.0000000166
  0.0000005414
  0.0000001396
 -0.0000001684
 -0.0000000729
 -0.0000001845
 -0.0000005263
 -0.0000000134
  0.0000019114
 -0.0000019090
  0.0000015343
 -0.0000015810
 -0.0000025572
 -0.0000018495
 -0.0000078842
  0.0000000736
  0.0000042708
  0.0000052648
  0.0000002856
 -0.0000001583
  0.0000028005
  0.0000008665
  0.0000015999
  0.0000002436
 -0.0000005023
 -0.0000002409
  0.0000000099
 -0.0000002832
 -0.0000006465
 -0.0000000029
  0.0000001250
 -0.0000005882
  0.0000002896
 -0.0000000454
 -0.0000006812
 -0.0000000680
 -0.0000008669
 -0.0000001574
 -0.0000000347
  0.0000000010
 -0.0000004799
 -0.0000004669
 -0.0000001849
 -0.0000005037
 -0.0000001821
 -0.0000006207
 -0.0000009946
 -0.0000008932
 -0.0000005985
 -0.0000006278
 -0.0000002040
  0.0000000105
 -0.0000000149
 -0.0000005360
 -0.0000001473
 -0.0000004687
 -0.0000000113
  0.0000002606
  0.0000000634
 -0.0000012372
 -0.0000002711
  0.0000004785
 -0.0000013522
 -0.0000003261
 -0.0000000656
 -0.0000006543
 -0.0000003852
 -0.0000005914
 -0.0000002999
  0.0000002936
  0.0000000613
  0.0000004606
  0.0000000988
  0.0000004086
  0.0000001090
 -0.0000002232
 -0.0000001115
  0.0000001204
 -0.0000001193
 -0.0000000863
  0.0000000822
 -0.0000002321
 -0.0000001152
 -0.0000001079
  0.0000001436
 -0.0000001248
  0.0000000010
  0.0000000129
  0.0000001009
  0.0000001710
 -0.0000000624
 -0.0000000390
  0.0000001414
 -0.0000002674
 -0.0000003423
  0.0000001502
 -0.0000000414
 -0.0000001071
 -0.0000003829
 -0.0000003221
  0.0000000795
 -0.0000000866
 -0.0000002838
  0.0000006768
 -0.0000000379
 -0.0000000290
 -0.0000000465
  0.0000001588
  0.0000013080
 -0.0000045935
 -0.0000006437
 -0.0000037256
 -0.0000035127
  0.0000001371
 -0.0000108906
  0.0000010884
  0.0000160697
  0.0000063878
 -0.0000021592
 -0.0000014328
  0.0000037607
  0.0000062751
 -0.0000002476
  0.0000002462
 -0.0000007145
 -0.0000003875
  0.0000002055
  0.0000000657
  0.0000001440
  0.0000002432
 -0.0000001856
 -0.0000003557
 -0.0000004940
 -0.0000001955
 -0.0000002886
 -0.0000000127
 -0.0000001932
  0.0000002871
 -0.0000002586
  0.0000001109
  0.0000001512
 -0.0000009908
 -0.0000000667
 -0.0000002107
  0.0000000305
 -0.0000008025
 -0.0000009179
 -0.0000003787
 -0.0000002245
 -0.0000002739
 -0.0000010024
 -0.0000001734
  0.0000001018
 -0.0000008299
  0.0000000438
 -0.0000006733
 -0.0000011817
  0.0000001309
 -0.0000003867
 -0.0000012298
  0.0000007907
 -0.0000006648
 -0.0000017568
 -0.0000003107
 -0.0000000230
 -0.0000015301
 -0.0000005356
 -0.0000004792
 -0.0000001386
 -0.0000002595
 -0.0000001442
 -0.0000002731
 -0.0000004138
 -0.0000001760
 -0.0000001324
  0.0000004033
 -0.0000001462
 -0.0000000711
 -0.0000000294
 -0.0000002825
  0.0000000674
 -0.0000002563
 -0.0000000176
  0.0000002901
  0.0000000891
 -0.0000000491
 -0.0000001214
  0.0000000658
  0.0000001118
  0.0000000032
  0.0000002264
  0.0000000634
 -0.0000002596
  0.0000001746
 -0.0000000792
 -0.0000001428
 -0.0000004299
  0.0000000589
 -0.0000000226
  0.0000000267
  0.0000000344
  0.0000000073
  0.0000000765
  0.0000000247
  0.0000000398
  0.0000022822
 -0.0000045272
  0.0000015550
 -0.0000015718
 -0.0000021448
 -0.0000049826
 -0.0000094216
  0.0000025711
  0.0000091107
  0.0000080438
 -0.0000026385
  0.0000008058
  0.0000050782
  0.0000055314
  0.0000012067
  0.0000002115
 -0.0000006822
 -0.0000004641
  0.0000000685
  0.0000000210
  0.0000002065
  0.0000002194
 -0.0000002476
 -0.0000003839
 -0.0000005463
 -0.0000003232
 -0.0000003813
 -0.0000000190
 -0.0000001540
  0.0000003201
 -0.0000003030
  0.0000000580
  0.0000001352
 -0.0000001069
  0.0000000106
  0.0000007100
  0.0000001957
 -0.0000014353
 -0.0000018746
 -0.0000002169
  0.0000002772
 -0.0000012086
  0.0000002983
 -0.0000007287
  0.0000000627
 -0.0000001963
 -0.0000003539
  0.0000000666
 -0.0000009971
 -0.0000007461
  0.0000001385
  0.0000000065
 -0.0000010257
 -0.0000002259
 -0.0000000370
 -0.0000008373
  0.0000000251
 -0.0000010597
  0.0000004184
 -0.0000002176
 -0.0000000457
  0.0000001964
 -0.0000002418
 -0.0000000185
 -0.0000001354
  0.0000000487
 -0.0000000497
 -0.0000001209
 -0.0000001107
 -0.0000004603
 -0.0000002635
 -0.0000001649
 -0.0000002095
 -0.0000001487
 -0.0000001675
  0.0000001532
 -0.0000001165
  0.0000002565
 -0.0000002246
 -0.0000001309
  0.0000002273
 -0.0000001097
 -0.0000000739
 -0.0000000089
 -0.0000000574
 -0.0000001309
 -0.0000006505
 -0.0000000686
 -0.0000000465
 -0.0000000697
 -0.0000001483
  0.0000011232
 -0.0000037207
 -0.0000000698
 -0.0000025750
 -0.0000041073
 -0.0000036912
 -0.0000085482
  0.0000000428
  0.0000147003
  0.0000072228
 -0.0000017151
 -0.0000014003
  0.0000050391
  0.0000020207
  0.0000003177
 -0.0000000275
 -0.0000001098
 -0.0000001385
 -0.0000000893
 -0.0000002380
  0.0000000447
 -0.0000000927
 -0.0000001705
 -0.0000002355
 -0.0000002025
 -0.0000000868
 -0.0000002997
 -0.0000000364
 -0.0000007446
 -0.0000001953
 -0.0000002679
 -0.0000003462
  0.0000002210
 -0.0000005623
  0.0000000021
  0.0000011680
  0.0000002389
 -0.0000013867
 -0.0000010087
  0.0000000417
 -0.0000004153
  0.0000001367
  0.0000002435
 -0.0000009757
  0.0000004271
 -0.0000003945
 -0.0000004948
 -0.0000001635
 -0.0000002688
  0.0000003211
  0.0000005342
 -0.0000010449
 -0.0000027771
 -0.0000001098
 -0.0000003157
 -0.0000023727
 -0.0000010688
 -0.0000000412
 -0.0000010440
  0.0000001668
 -0.0000003602
  0.0000001722
 -0.0000001840
 -0.0000001109
 -0.0000000519
  0.0000002946
  0.0000001539
  0.0000001653
  0.0000000876
  0.0000000241
 -0.0000003749
 -0.0000000565
 -0.0000002119
 -0.0000001164
 -0.0000002336
 -0.0000002537
 -0.0000002481
  0.0000000079
 -0.0000003044
 -0.0000002326
 -0.0000000948
 -0.0000001933
 -0.0000001990
 -0.0000001809
  0.0000000919
 -0.0000002478
 -0.0000003341
  0.0000001471
 -0.0000000455
 -0.0000002124
 -0.0000001953
 -0.0000006229
 -0.0000003032
 -0.0000000693
 -0.0000002001
 -0.0000003180
 -0.0000001086
  0.0000000788
  0.0000000117
 -0.0000000946
  0.0000001648
  0.0000023065
 -0.0000047738
  0.0000015313
 -0.0000016266
 -0.0000014359
 -0.0000019106
 -0.0000097576
  0.0000023723
  0.0000105275
  0.0000084386
 -0.0000028224
  0.0000005314
  0.0000056174
  0.0000055431
  0.0000012299
 -0.0000001022
  0.0000000686
 -0.0000004703
  0.0000000008
 -0.0000001999
 -0.0000001700
  0.0000003666
 -0.0000000959
 -0.0000002969
 -0.0000007664
  0.0000000567
 -0.0000003812
 -0.0000001466
  0.0000001614
  0.0000002544
  0.0000001235
  0.0000003275
  0.0000001546
 -0.0000002423
  0.0000000896
  0.0000005503
 -0.0000005136
 -0.0000002503
 -0.0000004990
 -0.0000000015
 -0.0000006250
  0.0000001637
 -0.0000005369
 -0.0000006079
  0.0000000810
 -0.0000008012
 -0.0000000157
 -0.0000012099
  0.0000000918
  0.0000000115
 -0.0000013991
 -0.0000003737
  0.0000000326
 -0.0000004577
 -0.0000002484
 -0.0000003598
 -0.0000000315
 -0.0000003990
 -0.0000004401
 -0.0000001905
 -0.0000004959
 -0.0000001903
 -0.0000003534
 -0.0000004126
  0.0000001268
 -0.0000004508
 -0.0000002753
  0.0000000823
 -0.0000005476
 -0.0000001431
 -0.0000001926
  0.0000000903
  0.0000001060
 -0.0000001554
 -0.0000001474
 -0.0000002419
 -0.0000000215
 -0.0000001646
 -0.0000002104
 -0.0000000236
  0.0000001388
  0.0000003383
 -0.0000001152
 -0.0000002956
  0.0000003056
 -0.0000000836
 -0.0000001496
 -0.0000004382
 -0.0000006986
 -0.0000001680
  0.0000001130
 -0.0000000847
 -0.0000000629
 -0.0000000555
  0.0000001249
  0.0000000012
 -0.0000001730
  0.0000031328
 -0.0000049696
  0.0000017936
 -0.0000016142
 -0.0000043240
 -0.0000045053
 -0.0000118689
  0.0000006749
  0.0000197665
  0.0000113168
 -0.0000016097
 -0.0000018179
  0.0000064293
  0.0000085646
 -0.0000004751
 -0.0000001124
 -0.0000001777
 -0.0000005056
  0.0000003997
 -0.0000002236
  0.0000000783
 -0.0000000063
 -0.0000005772
 -0.0000003647
 -0.0000007248
 -0.0000004844
 -0.0000003637
 -0.0000008167
 -0.0000002689
  0.0000003646
  0.0000001827
 -0.0000003031
  0.0000001811
 -0.0000010370
  0.0000002248
 -0.0000007030
 -0.0000014624
 -0.0000010757
 -0.0000002685
 -0.0000006673
 -0.0000001422
  0.0000000590
 -0.0000008064
 -0.0000005625
 -0.0000002556
 -0.0000009497
 -0.0000001229
 -0.0000009199
 -0.0000000456
 -0.0000012582
  0.0000002257
 -0.0000010931
  0.0000002307
  0.0000002074
 -0.0000006606
 -0.0000020051
  0.0000000458
 -0.0000000757
 -0.0000011651
 -0.0000002270
 -0.0000002745
  0.0000000836
 -0.0000001721
  0.0000000299
 -0.0000000509
 -0.0000000390
 -0.0000002276
 -0.0000000900
 -0.0000002653
  0.0000000831
 -0.0000000972
 -0.0000001337
 -0.0000001340
 -0.0000000842
 -0.0000000717
  0.0000000132
  0.0000002208
 -0.0000002728
  0.0000000937
 -0.0000001101
 -0.0000001234
 -0.0000000751
 -0.0000000923
 -0.0000000574
  0.0000000390
 -0.0000001166
 -0.0000000355
  0.0000022045
 -0.0000021375
  0.0000015966
 -0.0000014374
 -0.0000031746
 -0.0000024398
 -0.0000082387
 -0.0000000428
  0.0000077758
  0.0000054655
  0.0000003425
 -0.0000012057
  0.0000008865
  0.0000028232
  0.0000022014
  0.0000001326
 -0.0000002142
 -0.0000001556
 -0.0000002345
 -0.0000003904
  0.0000002141
  0.0000000434
 -0.0000003194
 -0.0000002887
 -0.0000005849
 -0.0000005114
 -0.0000003247
 -0.0000003166
 -0.0000005693
  0.0000006294
  0.0000000553
 -0.0000000155
  0.0000001336
 -0.0000006753
  0.0000008365
  0.0000001095
 -0.0000004737
 -0.0000006214
 -0.0000000221
 -0.0000006134
 -0.0000001804
  0.0000000298
 -0.0000010818
  0.0000001108
 -0.0000004739
 -0.0000003157
 -0.0000003573
  0.0000006238
 -0.0000010986
 -0.0000029673
 -0.0000001222
 -0.0000004349
 -0.0000016310
 -0.0000011262
 -0.0000001928
 -0.0000006756
 -0.0000000006
 -0.0000008742
 -0.0000003108
 -0.0000001674
 -0.0000002557
 -0.0000002983
 -0.0000004471
 -0.0000004496
 -0.0000001931
 -0.0000002022
 -0.0000007457
 -0.0000002687
 -0.0000001897
 -0.0000003008
 -0.0000003867
 -0.0000001456
 -0.0000001419
 -0.0000001291
 -0.0000005458
 -0.0000002499
 -0.0000003617
 -0.0000002717
 -0.0000003773
 -0.0000002342
 -0.0000006016
 -0.0000002732
 -0.0000004561
 -0.0000002721
 -0.0000003160
 -0.0000006548
  0.0000001155
  0.0000000213
 -0.0000001528
 -0.0000004173
 -0.0000000768
 -0.0000001875
  0.0000001351
  0.0000000436
 -0.0000001648
 -0.0000003926
 -0.0000007026
 -0.0000004803
 -0.0000004114
 -0.0000001369
 -0.0000003083
 -0.0000004103
 -0.0000002595
 -0.0000004532
 -0.0000063498
 -0.0000012780
 -0.0000049328
 -0.0000028754
 -0.0000020974
 -0.0000115675
  0.0000010202
  0.0000217285
  0.0000073798
 -0.0000038490
 -0.0000014310
  0.0000016381
  0.0000038511
 -0.0000022446
 -0.0000006518
  0.0000000310
 -0.0000008305
 -0.0000003849
 -0.0000004602
 -0.0000002515
  0.0000001335
 -0.0000005512
 -0.0000002746
 -0.0000007403
 -0.0000000603
 -0.0000006599
  0.0000001689
  0.0000000847
  0.0000002483
 -0.0000004638
 -0.0000001293
 -0.0000009080
 -0.0000013397
 -0.0000001691
 -0.0000008041
  0.0000003021
 -0.0000010194
 -0.0000009354
 -0.0000004499
 -0.0000004973
 -0.0000002016
 -0.0000000053
 -0.0000001182
 -0.0000007751
 -0.0000002627
 -0.0000001732
 -0.0000000675
 -0.0000002135
 -0.0000011821
 -0.0000000410
 -0.0000001762
 -0.0000010015
 -0.0000002843
 -0.0000002508
 -0.0000026870
 -0.0000003861
 -0.0000000792
  0.0000001995
 -0.0000003630
 -0.0000001938
 -0.0000001194
  0.0000000496
  0.0000003746
 -0.0000003951
  0.0000001334
 -0.0000001061
  0.0000002721
 -0.0000001623
 -0.0000003264
 -0.0000000224
 -0.0000004213
 -0.0000001296
 -0.0000005363
  0.0000001506
 -0.0000002663
 -0.0000005217
 -0.0000005066
  0.0000001094
 -0.0000003543
 -0.0000003233
  0.0000001618
  0.0000000054
 -0.0000003496
 -0.0000002041
 -0.0000004282
 -0.0000002188
 -0.0000001534
  0.0000000613
 -0.0000005529
 -0.0000000912
 -0.0000002283
 -0.0000004142
 -0.0000002285
 -0.0000004756
 -0.0000002762
 -0.0000003034
 -0.0000004128
 -0.0000003159
 -0.0000002287
 -0.0000000506
 -0.0000002565
 -0.0000004512
  0.0000001276
  0.0000031129
 -0.0000053151
  0.0000020900
 -0.0000015572
 -0.0000039960
 -0.0000043317
 -0.0000119898
  0.0000005907
  0.0000210852
  0.0000116308
 -0.0000027623
 -0.0000018396
  0.0000078028
  0.0000087381
 -0.0000014860
  0.0000004031
 -0.0000003575
 -0.0000001691
  0.0000003602
  0.0000003021
 -0.0000002896
  0.0000000481
  0.0000001405
 -0.0000004708
 -0.0000006959
  0.0000005172
  0.0000004589
 -0.0000000752
 -0.0000001527
  0.0000010277
 -0.0000002034
  0.0000003431
 -0.0000007444
 -0.0000013810
  0.0000001013
 -0.0000006110
 -0.0000001907
 -0.0000004213
 -0.0000002234
  0.0000002617
 -0.0000000247
 -0.0000005913
 -0.0000000416
 -0.0000003284
 -0.0000001807
 -0.0000012943
 -0.0000001326
 -0.0000000846
 -0.0000022127
 -0.0000004947
  0.0000005226
 -0.0000004026
 -0.0000000665
  0.0000002770
 -0.0000000032
  0.0000000250
 -0.0000003132
 -0.0000001363
 -0.0000000116
 -0.0000001188
 -0.0000001328
  0.0000001060
  0.0000001746
 -0.0000001832
  0.0000000311
  0.0000000129
 -0.0000001385
  0.0000000539
  0.0000000796
  0.0000000993
  0.0000000191
  0.0000029945
 -0.0000017032
  0.0000021684
 -0.0000006272
 -0.0000022715
 -0.0000017667
 -0.0000077207
  0.0000007464
  0.0000047506
  0.0000060495
 -0.0000009661
 -0.0000002811
  0.0000026945
  0.0000026344
  0.0000012717
  0.0000001987
 -0.0000000009
  0.0000001131
 -0.0000001129
 -0.0000001535
  0.0000003287
  0.0000000159
 -0.0000001732
 -0.0000002675
 -0.0000001071
 -0.0000002520
 -0.0000002771
  0.0000000502
 -0.0000007439
 -0.0000001697
 -0.0000002075
  0.0000000154
  0.0000003560
 -0.0000009317
 -0.0000001154
  0.0000004856
 -0.0000001175
  0.0000000258
 -0.0000006616
  0.0000000409
 -0.0000003868
 -0.0000001238
 -0.0000007246
 -0.0000001058
 -0.0000004374
  0.0000000432
 -0.0000003837
 -0.0000002496
 -0.0000004804
 -0.0000000588
 -0.0000010357
 -0.0000002526
  0.0000004651
 -0.0000013762
 -0.0000006862
 -0.0000001927
 -0.0000006050
 -0.0000002732
 -0.0000006784
 -0.0000003990
 -0.0000003330
 -0.0000005486
 -0.0000004173
 -0.0000005654
 -0.0000004968
 -0.0000002891
 -0.0000003819
 -0.0000005997
 -0.0000004723
  0.0000001231
 -0.0000008305
 -0.0000003512
 -0.0000003940
 -0.0000002951
 -0.0000003613
 -0.0000003530
 -0.0000002563
  0.0000001746
 -0.0000004392
 -0.0000004988
 -0.0000005473
 -0.0000007751
 -0.0000003301
 -0.0000005198
 -0.0000016396
 -0.0000003855
 -0.0000003712
  0.0000031557
 -0.0000017972
  0.0000023323
 -0.0000004172
 -0.0000031988
 -0.0000018543
 -0.0000080116
 -0.0000004817
  0.0000046695
  0.0000063197
 -0.0000001021
 -0.0000007709
  0.0000028702
  0.0000025140
  0.0000018463
  0.0000001590
 -0.0000005920
 -0.0000002976
 -0.0000008618
 -0.0000001229
 -0.0000006151
 -0.0000002914
 -0.0000005672
 -0.0000002950
 -0.0000003386
 -0.0000018791
 -0.0000003853
 -0.0000012084
 -0.0000003712
 -0.0000001187
 -0.0000003099
 -0.0000008424
 -0.0000014007
 -0.0000004676
 -0.0000007783
 -0.0000004685
 -0.0000003693
 -0.0000001677
 -0.0000010254
 -0.0000004212
 -0.0000003255
 -0.0000009263
 -0.0000009929
 -0.0000003114
 -0.0000002883
 -0.0000008747
 -0.0000004121
 -0.0000006647
 -0.0000003601
 -0.0000000091
 -0.0000003287
 -0.0000012239
 -0.0000004475
 -0.0000000392
 -0.0000015063
 -0.0000006153
 -0.0000003435
 -0.0000007340
 -0.0000004322
 -0.0000010625
 -0.0000005726
 -0.0000002168
 -0.0000003831
  0.0000001663
 -0.0000002899
 -0.0000000527
  0.0000001176
  0.0000001129
  0.0000000895
 -0.0000000281
 -0.0000002729
 -0.0000002733
 -0.0000000224
  0.0000000043
  0.0000022547
 -0.0000014723
  0.0000018779
 -0.0000013063
 -0.0000024682
 -0.0000017270
 -0.0000078332
  0.0000001474
  0.0000036805
  0.0000054266
  0.0000005289
  0.0000000798
  0.0000033358
  0.0000012241
  0.0000018100
  0.0000000743
 -0.0000003892
 -0.0000005271
  0.0000001507
 -0.0000000702
 -0.0000001186
 -0.0000001478
 -0.0000000831
 -0.0000002552
 -0.0000002745
 -0.0000001994
 -0.0000008517
 -0.0000001240
  0.0000000869
  0.0000000000
  0.0000001015
 -0.0000004845
 -0.0000001143
 -0.0000004026
 -0.0000002143
 -0.0000004216
 -0.0000008091
 -0.0000008346
 -0.0000003997
 -0.0000006736
  0.0000001411
 -0.0000005430
 -0.0000001089
 -0.0000005839
 -0.0000000401
 -0.0000000059
  0.0000001928
 -0.0000011414
 -0.0000001355
  0.0000002217
 -0.0000013403
 -0.0000002211
 -0.0000000096
 -0.0000007797
 -0.0000002769
 -0.0000005775
 -0.0000001855
 -0.0000001263
  0.0000002948
 -0.0000005804
 -0.0000000100
 -0.0000003326
  0.0000001986
 -0.0000000640
  0.0000001409
  0.0000000887
 -0.0000003041
 -0.0000000775
  0.0000000003
  0.0000001158
  0.0000001138
  0.0000001800
 -0.0000000951
 -0.0000000921
 -0.0000000975
 -0.0000001718
 -0.0000001641
  0.0000000389
  0.0000001143
 -0.0000002046
  0.0000000839
 -0.0000000270
 -0.0000001514
  0.0000004590
 -0.0000000662
 -0.0000000132
  0.0000001472
 -0.0000001770
 -0.0000001937
  0.0000002622
  0.0000000659
 -0.0000000972
  0.0000000517
 -0.0000001665
  0.0000002850
  0.0000000507
 -0.0000001070
 -0.0000000802
 -0.0000000340
  0.0000001108
  0.0000000252
  0.0000006042
  0.0000010173
 -0.0000056206
  0.0000001236
 -0.0000036358
 -0.0000028672
 -0.0000020342
 -0.0000113462
  0.0000012419
  0.0000192833
  0.0000085208
 -0.0000027833
 -0.0000011976
  0.0000030960
  0.0000053046
 -0.0000014058
  0.0000005383
 -0.0000000257
 -0.0000006787
 -0.0000005821
 -0.0000004080
  0.0000001282
 -0.0000001260
  0.0000002580
 -0.0000003575
 -0.0000007091
  0.0000001406
 -0.0000001148
 -0.0000001278
  0.0000000112
 -0.0000001262
 -0.0000003744
  0.0000004684
 -0.0000007355
 -0.0000012942
 -0.0000000917
 -0.0000004898
 -0.0000000836
 -0.0000008633
 -0.0000005319
 -0.0000000181
 -0.0000002002
  0.0000000570
 -0.0000002179
 -0.0000002932
  0.0000000678
  0.0000004120
 -0.0000003187
 -0.0000003747
 -0.0000012388
 -0.0000004245
 -0.0000001743
 -0.0000008200
 -0.0000001217
  0.0000002316
 -0.0000021562
 -0.0000002486
 -0.0000003713
 -0.0000001168
 -0.0000003612
 -0.0000000327
 -0.0000002357
 -0.0000004398
 -0.0000002625
 -0.0000000652
 -0.0000001402
  0.0000000209
 -0.0000002377
  0.0000000403
  0.0000000039
  0.0000001789
 -0.0000000521
  0.0000000076
  0.0000001982
  0.0000001068
  0.0000006821
  0.0000000395
  0.0000000718
  0.0000001587
  0.0000003225
  0.0000001628
 -0.0000001108
 -0.0000001291
  0.0000000671
 -0.0000002640
 -0.0000000012
 -0.0000002408
 -0.0000005341
 -0.0000006930
  0.0000000583
  0.0000000422
  0.0000000505
  0.0000001072
  0.0000024154
 -0.0000050356
  0.0000011644
 -0.0000017668
 -0.0000016141
 -0.0000035725
 -0.0000099783
  0.0000023929
  0.0000082797
  0.0000058284
 -0.0000028677
  0.0000005792
  0.0000033347
  0.0000051957
  0.0000011937
  0.0000002100
 -0.0000001364
  0.0000000383
  0.0000000100
 -0.0000002470
  0.0000002602
  0.0000001284
 -0.0000002235
  0.0000000111
 -0.0000007171
 -0.0000001244
 -0.0000001779
 -0.0000002745
 -0.0000003160
  0.0000003705
  0.0000000125
  0.0000000392
  0.0000003063
 -0.0000005428
  0.0000009692
  0.0000000585
 -0.0000008875
 -0.0000018760
 -0.0000003220
 -0.0000000800
  0.0000003691
 -0.0000011303
  0.0000003431
 -0.0000001793
 -0.0000009224
 -0.0000002961
 -0.0000003564
 -0.0000001949
 -0.0000001280
  0.0000003711
 -0.0000007948
 -0.0000006131
  0.0000000608
  0.0000000612
 -0.0000013102
 -0.0000003974
 -0.0000000213
 -0.0000008939
 -0.0000001530
 -0.0000004440
  0.0000001845
 -0.0000001853
 -0.0000001755
  0.0000000997
  0.0000003568
  0.0000000394
  0.0000001460
  0.0000000496
 -0.0000000498
 -0.0000000228
  0.0000000282
 -0.0000000543
  0.0000000458
 -0.0000001512
 -0.0000001451
 -0.0000000304
  0.0000000346
  0.0000000540
  0.0000002484
 -0.0000002149
  0.0000004824
  0.0000000303
 -0.0000000713
 -0.0000000068
  0.0000001529
 -0.0000003400
 -0.0000004327
 -0.0000000701
  0.0000000171
  0.0000000409
 -0.0000000541
  0.0000000021
  0.0000014994
 -0.0000024452
  0.0000009430
 -0.0000021326
 -0.0000042394
 -0.0000030261
 -0.0000081093
  0.0000004569
  0.0000080672
  0.0000054100
 -0.0000006311
 -0.0000007787
  0.0000007738
  0.0000021808
  0.0000018386
  0.0000001270
 -0.0000004872
 -0.0000004459
  0.0000001123
  0.0000000376
  0.0000000886
  0.0000002745
 -0.0000003132
 -0.0000003231
 -0.0000007123
 -0.0000003906
 -0.0000003757
  0.0000000221
 -0.0000001009
  0.0000005184
 -0.0000002286
 -0.0000000327
  0.0000001164
 -0.0000008099
  0.0000009953
  0.0000002585
 -0.0000005380
 -0.0000007308
 -0.0000002308
  0.0000001247
 -0.0000011510
  0.0000002488
 -0.0000005999
 -0.0000003037
 -0.0000001767
  0.0000004498
 -0.0000000057
 -0.0000012915
 -0.0000029492
 -0.0000000075
 -0.0000019714
 -0.0000004075
  0.0000000358
 -0.0000006705
 -0.0000001767
 -0.0000007215
  0.0000001055
 -0.0000002512
  0.0000000638
 -0.0000001387
 -0.0000000676
  0.0000000867
 -0.0000001693
  0.0000004721
 -0.0000001773
 -0.0000002420
 -0.0000003935
 -0.0000002625
  0.0000001060
 -0.0000001654
 -0.0000003533
 -0.0000010858
 -0.0000002901
 -0.0000002411
 -0.0000002364
  0.0000029333
 -0.0000005983
  0.0000023548
 -0.0000016183
 -0.0000024894
 -0.0000025550
 -0.0000067156
 -0.0000000051
  0.0000030227
  0.0000054355
  0.0000016925
 -0.0000004286
  0.0000030457
  0.0000026968
  0.0000024981
 -0.0000008197
 -0.0000024794
 -0.0000002509
 -0.0000005323
 -0.0000005344
 -0.0000033027
 -0.0000004082
 -0.0000006789
 -0.0000002932
 -0.0000006982
  0.0000000435
 -0.0000002894
 -0.0000004027
 -0.0000008299
  0.0000000555
 -0.0000006375
 -0.0000001296
 -0.0000002548
 -0.0000004059
 -0.0000002257
 -0.0000003838
 -0.0000003760
 -0.0000003102
 -0.0000007034
 -0.0000005318
 -0.0000003669
 -0.0000003697
 -0.0000003024
 -0.0000004368
 -0.0000001237
 -0.0000004743
 -0.0000002811
 -0.0000002413
 -0.0000006553
 -0.0000001347
 -0.0000003326
 -0.0000004667
 -0.0000009028
 -0.0000001189
 -0.0000000474
 -0.0000007434
 -0.0000005333
  0.0000002016
 -0.0000007063
 -0.0000001524
 -0.0000005097
 -0.0000005289
  0.0000004677
 -0.0000003976
 -0.0000002117
 -0.0000001197
 -0.0000000748
  0.0000003646
 -0.0000004363
 -0.0000000144
 -0.0000001714
  0.0000005550
  0.0000000638
 -0.0000003031
  0.0000001874
 -0.0000002093
 -0.0000001551
 -0.0000002648
 -0.0000002543
 -0.0000002440
  0.0000000198
 -0.0000001012
 -0.0000003256
  0.0000000241
 -0.0000002507
 -0.0000002641
  0.0000001567
 -0.0000001833
 -0.0000000936
  0.0000000158
 -0.0000003100
 -0.0000003316
  0.0000001301
 -0.0000000444
 -0.0000002099
 -0.0000000729
 -0.0000004135
 -0.0000000083
 -0.0000000828
 -0.0000001990
 -0.0000004622
 -0.0000001947
 -0.0000000788
 -0.0000000284
 -0.0000001175
  0.0000003999
  0.0000012719
 -0.0000048436
 -0.0000004667
 -0.0000035176
 -0.0000038278
  0.0000002033
 -0.0000105559
  0.0000016294
  0.0000135659
  0.0000064789
 -0.0000020323
 -0.0000011252
  0.0000033047
  0.0000060931
 -0.0000002233
  0.0000002671
  0.0000001037
 -0.0000006529
 -0.0000002544
 -0.0000002134
 -0.0000000776
  0.0000002917
  0.0000001382
 -0.0000000173
 -0.0000006810
  0.0000003576
 -0.0000001808
  0.0000003143
  0.0000002863
  0.0000013504
 -0.0000002874
  0.0000005339
 -0.0000006119
 -0.0000005289
 -0.0000000616
 -0.0000006764
 -0.0000002030
 -0.0000004840
 -0.0000000046
 -0.0000002597
 -0.0000001582
  0.0000002927
 -0.0000007962
 -0.0000001130
 -0.0000012442
  0.0000003683
 -0.0000008192
  0.0000014279
  0.0000002181
 -0.0000012468
 -0.0000000458
  0.0000001800
 -0.0000008896
 -0.0000001470
 -0.0000002745
  0.0000001761
  0.0000000186
  0.0000003304
  0.0000002834
  0.0000004978
 -0.0000002524
 -0.0000000844
  0.0000002121
  0.0000000874
 -0.0000001922
 -0.0000000162
  0.0000021376
 -0.0000008640
  0.0000027512
 -0.0000008323
 -0.0000027481
 -0.0000016626
 -0.0000070419
 -0.0000003679
  0.0000022301
  0.0000048623
  0.0000016398
 -0.0000003800
  0.0000025603
  0.0000022138
  0.0000024491
  0.0000001028
 -0.0000003197
 -0.0000001303
 -0.0000000614
 -0.0000003679
 -0.0000001133
 -0.0000003164
  0.0000001761
 -0.0000001162
 -0.0000004753
 -0.0000001171
 -0.0000003937
 -0.0000000598
 -0.0000004297
 -0.0000003793
 -0.0000002231
 -0.0000004181
  0.0000000299
 -0.0000004354
 -0.0000001987
 -0.0000002074
 -0.0000005261
 -0.0000009077
 -0.0000005018
 -0.0000005597
 -0.0000004671
 -0.0000007563
 -0.0000004330
 -0.0000004968
 -0.0000001080
 -0.0000001706
 -0.0000001549
 -0.0000012550
 -0.0000000987
 -0.0000000614
 -0.0000007789
 -0.0000002590
  0.0000001948
 -0.0000006210
 -0.0000002950
 -0.0000005716
 -0.0000005091
 -0.0000003319
 -0.0000003885
  0.0000002212
 -0.0000005427
 -0.0000002731
 -0.0000003700
 -0.0000003987
 -0.0000002121
 -0.0000002298
 -0.0000002045
 -0.0000003077
 -0.0000002686
  0.0000001456
 -0.0000001174
 -0.0000002039
 -0.0000003314
  0.0000001727
 -0.0000001068
 -0.0000000100
 -0.0000004755
  0.0000001142
  0.0000000395
 -0.0000001837
 -0.0000000086
 -0.0000001877
 -0.0000004831
 -0.0000004881
  0.0000001391
 -0.0000001931
 -0.0000001308
 -0.0000001698
 -0.0000004100
  0.0000001327
 -0.0000002312
 -0.0000007228
 -0.0000001151
  0.0000002541
 -0.0000003132
 -0.0000003644
  0.0000000861
  0.0000015675
 -0.0000050442
  0.0000003594
 -0.0000031425
 -0.0000045127
 -0.0000013429
 -0.0000126212
  0.0000007424
  0.0000188225
  0.0000083465
 -0.0000034758
 -0.0000015382
  0.0000054128
  0.0000057714
 -0.0000017970
 -0.0000000298
 -0.0000003019
 -0.0000003140
  0.0000001360
 -0.0000003376
  0.0000002096
  0.0000001625
 -0.0000002544
 -0.0000005750
 -0.0000009229
 -0.0000002497
 -0.0000003499
 -0.0000001920
 -0.0000005524
 -0.0000002196
  0.0000000320
 -0.0000000550
  0.0000000664
 -0.0000004661
 -0.0000000381
 -0.0000006993
 -0.0000006531
 -0.0000009668
 -0.0000002900
 -0.0000003588
 -0.0000001761
 -0.0000001548
 -0.0000000299
 -0.0000001346
 -0.0000010278
 -0.0000000090
 -0.0000004207
 -0.0000000328
 -0.0000013688
  0.0000000543
 -0.0000008933
  0.0000015097
 -0.0000012343
 -0.0000000964
 -0.0000000685
 -0.0000012328
 -0.0000003624
 -0.0000002762
 -0.0000006548
 -0.0000003450
 -0.0000001562
 -0.0000000131
 -0.0000001407
 -0.0000001253
 -0.0000003735
 -0.0000001569
 -0.0000002030
 -0.0000001717
 -0.0000002088
 -0.0000000962
  0.0000002242
  0.0000002779
 -0.0000000730
  0.0000002354
 -0.0000000349
 -0.0000001502
 -0.0000000954
 -0.0000007499
 -0.0000000987
 -0.0000000773
 -0.0000001685
 -0.0000001079
  0.0000032614
 -0.0000017183
  0.0000022387
 -0.0000004407
 -0.0000029362
 -0.0000021619
 -0.0000082602
  0.0000013186
  0.0000056795
  0.0000062629
 -0.0000007060
  0.0000003104
  0.0000027821
  0.0000035561
  0.0000006587
 -0.0000000859
  0.0000002130
  0.0000004740
 -0.0000002733
 -0.0000002189
  0.0000000878
 -0.0000000269
 -0.0000002641
  0.0000000976
 -0.0000001980
 -0.0000001854
 -0.0000004882
 -0.0000005892
 -0.0000009134
 -0.0000004915
 -0.0000004295
  0.0000000431
 -0.0000001391
  0.0000005794
 -0.0000001752
 -0.0000005377
 -0.0000008273
 -0.0000000542
 -0.0000004418
 -0.0000001879
 -0.0000002207
 -0.0000010476
 -0.0000002025
 -0.0000007717
 -0.0000007265
 -0.0000000289
 -0.0000005073
 -0.0000004404
  0.0000002696
 -0.0000000865
  0.0000008979
 -0.0000004799
 -0.0000020948
 -0.0000002890
  0.0000001016
 -0.0000007697
 -0.0000003272
 -0.0000005001
 -0.0000003602
 -0.0000007702
 -0.0000002567
 -0.0000000678
 -0.0000003660
  0.0000002402
  0.0000002038
 -0.0000000967
 -0.0000001478
  0.0000000344
 -0.0000000069
 -0.0000001495
 -0.0000001630
  0.0000006079
  0.0000000872
 -0.0000002788
 -0.0000000483
  0.0000023438
 -0.0000010526
  0.0000026999
 -0.0000011177
 -0.0000028038
 -0.0000017487
 -0.0000072102
 -0.0000004380
  0.0000036586
  0.0000052316
  0.0000014408
 -0.0000004106
  0.0000027987
  0.0000016707
  0.0000022932
 -0.0000006243
  0.0000005739
 -0.0000000705
 -0.0000003118
  0.0000003446
 -0.0000002413
 -0.0000002258
  0.0000004983
  0.0000002221
 -0.0000001333
 -0.0000013229
 -0.0000002091
 -0.0000003464
 -0.0000000080
 -0.0000004981
 -0.0000004541
 -0.0000003558
 -0.0000005026
 -0.0000001290
 -0.0000003586
 -0.0000003259
  0.0000000393
 -0.0000002427
 -0.0000009467
 -0.0000003796
 -0.0000004937
 -0.0000001689
 -0.0000001697
 -0.0000002598
 -0.0000008211
 -0.0000005031
 -0.0000003885
 -0.0000001784
 -0.0000000972
 -0.0000001682
 -0.0000013275
  0.0000000444
  0.0000000321
 -0.0000005689
 -0.0000003410
  0.0000002119
 -0.0000010023
 -0.0000003241
 -0.0000005665
 -0.0000005307
 -0.0000004083
  0.0000000062
 -0.0000007108
 -0.0000006898
 -0.0000000791
 -0.0000002287
 -0.0000008436
 -0.0000000981
 -0.0000005914
 -0.0000005023
 -0.0000004053
 -0.0000003482
 -0.0000004552
 -0.0000003417
 -0.0000002682
 -0.0000003664
 -0.0000001768
 -0.0000003717
 -0.0000004287
 -0.0000002877
 -0.0000005165
 -0.0000002854
 -0.0000003571
 -0.0000007060
 -0.0000006834
 -0.0000005331
 -0.0000003804
 -0.0000002928
  0.0000025511
 -0.0000012276
  0.0000023591
 -0.0000009304
 -0.0000027551
 -0.0000022176
 -0.0000074084
 -0.0000003698
  0.0000031186
  0.0000052911
  0.0000010509
 -0.0000001430
  0.0000029975
  0.0000016288
  0.0000022304
 -0.0000007072
 -0.0000001133
 -0.0000004952
 -0.0000004968
 -0.0000007435
 -0.0000005965
 -0.0000004613
 -0.0000005301
 -0.0000005042
 -0.0000009052
 -0.0000005378
 -0.0000004819
 -0.0000010975
 -0.0000003288
 -0.0000001759
 -0.0000001743
 -0.0000006283
 -0.0000006430
 -0.0000003368
 -0.0000005744
 -0.0000005457
 -0.0000004484
 -0.0000009042
 -0.0000005739
 -0.0000002069
 -0.0000002173
 -0.0000007981
 -0.0000004972
 -0.0000001601
 -0.0000001916
 -0.0000004041
 -0.0000003134
 -0.0000007811
 -0.0000005315
  0.0000001124
  0.0000001560
 -0.0000014352
 -0.0000002933
  0.0000003457
 -0.0000015914
 -0.0000005250
 -0.0000000110
 -0.0000007319
 -0.0000004667
 -0.0000008833
 -0.0000002921
  0.0000004954
 -0.0000000276
 -0.0000000705
 -0.0000006653
  0.0000001600
 -0.0000000675
  0.0000000767
 -0.0000003375
 -0.0000000895
  0.0000001356
  0.0000001607
 -0.0000003007
  0.0000000384
  0.0000000429
  0.0000000202
 -0.0000003208
 -0.0000003509
  0.0000000193
  0.0000000525
  0.0000031457
 -0.0000014958
  0.0000023300
 -0.0000004497
 -0.0000032347
 -0.0000021922
 -0.0000078651
  0.0000002561
  0.0000047855
  0.0000062327
 -0.0000001237
  0.0000001627
  0.0000028340
  0.0000026471
  0.0000021792
  0.0000001565
 -0.0000003763
 -0.0000004704
  0.0000001875
 -0.0000001771
 -0.0000000649
 -0.0000000941
 -0.0000000392
 -0.0000005609
 -0.0000002594
 -0.0000003847
 -0.0000009778
 -0.0000000898
  0.0000003271
 -0.0000001259
 -0.0000005150
 -0.0000010241
 -0.0000001221
 -0.0000003677
 -0.0000002038
 -0.0000000664
 -0.0000000301
 -0.0000005034
 -0.0000000876
 -0.0000005056
 -0.0000004606
  0.0000000341
 -0.0000003903
 -0.0000001320
 -0.0000005034
 -0.0000000299
  0.0000002555
 -0.0000000021
 -0.0000007371
 -0.0000000706
  0.0000003043
 -0.0000013765
 -0.0000002057
  0.0000000265
 -0.0000005266
 -0.0000000160
 -0.0000007577
 -0.0000002629
 -0.0000002243
 -0.0000001945
 -0.0000001329
 -0.0000003192
  0.0000003779
 -0.0000001709
 -0.0000003591
 -0.0000000854
 -0.0000002962
 -0.0000002614
 -0.0000002855
  0.0000004006
  0.0000002739
 -0.0000001201
 -0.0000000961
 -0.0000003013
 -0.0000005155
 -0.0000000627
 -0.0000000511
 -0.0000002717
  0.0000028233
 -0.0000015239
  0.0000020474
 -0.0000007923
 -0.0000031299
 -0.0000021731
 -0.0000079041
  0.0000004660
  0.0000042991
  0.0000057391
 -0.0000009262
  0.0000003520
  0.0000022485
  0.0000024559
  0.0000020234
  0.0000002563
 -0.0000004123
 -0.0000002260
 -0.0000001900
 -0.0000002936
 -0.0000005614
 -0.0000004223
 -0.0000002582
 -0.0000005481
 -0.0000001447
 -0.0000002438
 -0.0000006923
 -0.0000004057
 -0.0000010697
 -0.0000001713
  0.0000002923
 -0.0000001466
 -0.0000006044
 -0.0000011586
 -0.0000001530
 -0.0000004880
 -0.0000002863
 -0.0000001247
 -0.0000001677
 -0.0000005760
 -0.0000001694
 -0.0000000841
 -0.0000005983
 -0.0000007388
 -0.0000003847
 -0.0000000451
 -0.0000005275
 -0.0000001735
 -0.0000008612
 -0.0000001175
  0.0000001732
 -0.0000000651
 -0.0000007696
 -0.0000001272
  0.0000001088
 -0.0000018639
 -0.0000002878
 -0.0000001196
 -0.0000004898
 -0.0000000854
 -0.0000008367
 -0.0000003180
 -0.0000001416
 -0.0000002831
  0.0000003214
  0.0000000376
  0.0000001782
  0.0000002363
 -0.0000001967
 -0.0000000770
  0.0000001571
  0.0000000307
 -0.0000000652
 -0.0000000354
  0.0000001941
 -0.0000000422
  0.0000000453
  0.0000001293
  0.0000001181
  0.0000002082
 -0.0000000696
 -0.0000001840
 -0.0000000166
  0.0000002361
  0.0000002000
  0.0000001636
 -0.0000000741
  0.0000001702
 -0.0000001293
 -0.0000002052
 -0.0000005829
 -0.0000000277
 -0.0000001305
 -0.0000001932
 -0.0000002471
  0.0000001530
  0.0000023649
 -0.0000044412
  0.0000017467
 -0.0000013741
 -0.0000021467
 -0.0000050893
 -0.0000093626
  0.0000026732
  0.0000117460
  0.0000090277
 -0.0000024130
  0.0000007298
  0.0000064153
  0.0000051434
  0.0000013189
  0.0000000930
 -0.0000000017
 -0.0000003389
  0.0000005089
 -0.0000000684
  0.0000002383
  0.0000001577
 -0.0000002274
 -0.0000001927
 -0.0000006968
 -0.0000001867
 -0.0000001752
 -0.0000007766
 -0.0000001283
  0.0000004706
  0.0000001850
 -0.0000000518
  0.0000001384
  0.0000001266
  0.0000000185
  0.0000005485
  0.0000002518
 -0.0000005642
 -0.0000014436
 -0.0000001440
 -0.0000000474
 -0.0000007291
  0.0000001332
 -0.0000004255
 -0.0000004847
 -0.0000003546
  0.0000000070
 -0.0000008404
 -0.0000005595
 -0.0000009789
 -0.0000001423
  0.0000000891
 -0.0000011147
 -0.0000002743
  0.0000001666
  0.0000007991
 -0.0000005893
 -0.0000005075
 -0.0000005275
  0.0000000902
 -0.0000000617
 -0.0000006521
  0.0000000115
 -0.0000000986
  0.0000000158
 -0.0000001089
  0.0000000388
 -0.0000000731
 -0.0000000984
  0.0000001620
 -0.0000000570
  0.0000001317
 -0.0000001870
 -0.0000001300
 -0.0000000850
  0.0000000077
  0.0000000657
  0.0000028147
 -0.0000010826
  0.0000027044
 -0.0000003549
 -0.0000026950
 -0.0000017799
 -0.0000072604
 -0.0000003606
  0.0000041065
  0.0000052586
  0.0000012700
 -0.0000002494
  0.0000037446
  0.0000021325
  0.0000023247
 -0.0000000559
  0.0000001076
  0.0000001745
 -0.0000001950
 -0.0000002685
  0.0000000931
  0.0000000802
 -0.0000000753
  0.0000003281
 -0.0000000782
 -0.0000001113
 -0.0000007691
 -0.0000000928
 -0.0000001684
 -0.0000001413
 -0.0000002189
 -0.0000005386
 -0.0000000855
 -0.0000003115
 -0.0000002740
  0.0000000098
 -0.0000003710
 -0.0000004323
  0.0000000126
 -0.0000000041
 -0.0000005722
 -0.0000000967
 -0.0000002020
 -0.0000000569
 -0.0000003857
 -0.0000002244
 -0.0000006357
 -0.0000000857
 -0.0000000665
  0.0000000653
 -0.0000012789
 -0.0000000062
  0.0000001860
 -0.0000010284
 -0.0000001972
  0.0000002322
 -0.0000007845
 -0.0000001737
 -0.0000005319
 -0.0000001831
 -0.0000002453
 -0.0000000254
 -0.0000001759
 -0.0000002220
 -0.0000001136
 -0.0000003168
 -0.0000000827
 -0.0000002324
 -0.0000001198
 -0.0000000700
 -0.0000001914
  0.0000000870
 -0.0000004503
  0.0000001116
 -0.0000001277
 -0.0000001334
 -0.0000004573
 -0.0000002884
 -0.0000001466
 -0.0000000939
 -0.0000000203
  0.0000027296
 -0.0000026896
  0.0000015752
 -0.0000008643
 -0.0000026501
 -0.0000021173
 -0.0000087203
 -0.0000000593
  0.0000045912
  0.0000057936
  0.0000000024
 -0.0000005023
  0.0000024108
  0.0000024094
  0.0000006564
  0.0000000691
 -0.0000003112
 -0.0000000407
 -0.0000000360
 -0.0000003910
  0.0000000391
 -0.0000000114
 -0.0000003870
 -0.0000002065
 -0.0000005973
 -0.0000003991
 -0.0000003022
 -0.0000003629
 -0.0000004130
  0.0000004671
 -0.0000000080
 -0.0000000747
  0.0000000704
 -0.0000009389
  0.0000005871
 -0.0000000638
 -0.0000001470
 -0.0000006819
 -0.0000000663
 -0.0000004953
 -0.0000002052
 -0.0000010036
 -0.0000001712
 -0.0000008115
 -0.0000004591
 -0.0000003739
 -0.0000005816
 -0.0000002658
 -0.0000015243
 -0.0000002135
  0.0000003972
 -0.0000015690
 -0.0000008369
 -0.0000003203
 -0.0000006346
 -0.0000002662
 -0.0000002280
 -0.0000003728
 -0.0000000204
 -0.0000002385
  0.0000003155
 -0.0000000940
 -0.0000000128
 -0.0000000732
 -0.0000000862
  0.0000001431
 -0.0000000664
 -0.0000000137
  0.0000028488
 -0.0000008642
  0.0000034992
 -0.0000016260
 -0.0000025100
 -0.0000015664
 -0.0000069996
 -0.0000000563
  0.0000019620
  0.0000058648
  0.0000017990
 -0.0000001596
  0.0000038057
  0.0000026626
  0.0000024171
  0.0000006413
 -0.0000000334
 -0.0000000484
 -0.0000003444
  0.0000004910
 -0.0000002331
 -0.0000001747
 -0.0000000270
  0.0000002744
 -0.0000000908
 -0.0000011442
 -0.0000001920
 -0.0000003953
  0.0000002796
 -0.0000000620
 -0.0000000183
  0.0000000264
 -0.0000003943
 -0.0000003539
 -0.0000003550
 -0.0000002426
 -0.0000002126
 -0.0000005208
 -0.0000007291
 -0.0000003334
 -0.0000003255
 -0.0000002214
 -0.0000002700
  0.0000000724
 -0.0000004795
 -0.0000002035
 -0.0000004886
 -0.0000001515
 -0.0000000942
  0.0000000859
 -0.0000010586
  0.0000001297
 -0.0000000062
 -0.0000007895
 -0.0000002836
  0.0000002006
 -0.0000005730
 -0.0000000692
 -0.0000006089
 -0.0000002781
  0.0000002112
 -0.0000001109
  0.0000002866
  0.0000002798
  0.0000001527
 -0.0000000131
  0.0000000612
  0.0000001655
  0.0000000046
 -0.0000001357
  0.0000000750
  0.0000000052
  0.0000001970
  0.0000001141
  0.0000001452
  0.0000001147
  0.0000022200
 -0.0000008011
  0.0000029136
 -0.0000010281
 -0.0000025735
 -0.0000015181
 -0.0000068958
 -0.0000001235
  0.0000026296
  0.0000049240
  0.0000016503
 -0.0000001880
  0.0000023912
  0.0000022743
  0.0000025115
  0.0000004382
  0.0000001575
  0.0000004446
  0.0000002669
  0.0000001934
  0.0000008475
 -0.0000000001
  0.0000009078
 -0.0000003072
  0.0000001200
  0.0000003430
 -0.0000002563
  0.0000003432
 -0.0000003025
  0.0000000116
 -0.0000002700
 -0.0000004125
 -0.0000005118
 -0.0000002772
 -0.0000001763
 -0.0000000230
 -0.0000003255
 -0.0000006978
 -0.0000004924
 -0.0000002339
 -0.0000003762
 -0.0000000749
 -0.0000000818
  0.0000000565
 -0.0000004326
 -0.0000001879
 -0.0000003615
 -0.0000000348
 -0.0000000159
 -0.0000000035
 -0.0000010698
 -0.0000000060
  0.0000001000
 -0.0000005980
 -0.0000000701
  0.0000001180
 -0.0000008910
 -0.0000000832
 -0.0000004896
 -0.0000004863
 -0.0000000366
 -0.0000000259
  0.0000000561
 -0.0000001088
 -0.0000001243
  0.0000003796
  0.0000000691
  0.0000001358
 -0.0000005391
 -0.0000001530
 -0.0000000527
 -0.0000004509
 -0.0000004758
  0.0000002243
  0.0000001037
 -0.0000004071
 -0.0000000750
 -0.0000001903
 -0.0000000644
 -0.0000000026
 -0.0000003517
 -0.0000003219
 -0.0000003861
  0.0000000310
 -0.0000005917
 -0.0000000793
 -0.0000003634
 -0.0000004121
  0.0000000315
 -0.0000003099
  0.0000000738
 -0.0000004518
 -0.0000002243
  0.0000006886
 -0.0000004108
 -0.0000005355
 -0.0000005936
  0.0000000481
 -0.0000006247
 -0.0000063745
 -0.0000016713
 -0.0000053103
 -0.0000027428
 -0.0000019342
 -0.0000113942
  0.0000011925
  0.0000249971
  0.0000065922
 -0.0000041858
 -0.0000012481
  0.0000008143
  0.0000032721
 -0.0000023330
 -0.0000000707
 -0.0000000554
 -0.0000004138
 -0.0000000048
 -0.0000003816
 -0.0000000737
  0.0000002689
 -0.0000002962
 -0.0000006721
 -0.0000008689
 -0.0000002862
 -0.0000004040
 -0.0000002239
 -0.0000003959
  0.0000005394
  0.0000000694
 -0.0000000800
 -0.0000007421
 -0.0000011019
 -0.0000000494
 -0.0000006564
 -0.0000004319
 -0.0000007794
 -0.0000002539
 -0.0000003609
 -0.0000000586
  0.0000000273
 -0.0000011364
 -0.0000009253
 -0.0000000486
 -0.0000000536
 -0.0000007716
  0.0000000385
 -0.0000015871
 -0.0000002556
 -0.0000013649
  0.0000000435
 -0.0000001446
 -0.0000007420
 -0.0000011212
 -0.0000002310
 -0.0000001234
 -0.0000026412
 -0.0000001942
  0.0000001834
  0.0000004387
  0.0000000456
 -0.0000001126
  0.0000002932
  0.0000002378
  0.0000000173
 -0.0000001342
  0.0000000219
  0.0000024681
 -0.0000011688
  0.0000026233
 -0.0000004404
 -0.0000027261
 -0.0000021326
 -0.0000073447
 -0.0000003744
  0.0000033817
  0.0000055330
  0.0000011797
 -0.0000002472
  0.0000039440
  0.0000020140
  0.0000022461
  0.0000000139
  0.0000000348
 -0.0000004703
  0.0000001173
  0.0000000603
 -0.0000000896
 -0.0000001492
  0.0000000259
  0.0000001012
 -0.0000002332
 -0.0000003231
 -0.0000003971
 -0.0000001338
 -0.0000002252
  0.0000001419
 -0.0000000300
 -0.0000005070
 -0.0000001798
 -0.0000004312
 -0.0000001824
  0.0000000284
 -0.0000002586
 -0.0000005427
 -0.0000001262
 -0.0000006250
 -0.0000002977
 -0.0000002582
 -0.0000000790
 -0.0000004359
 -0.0000000417
 -0.0000001656
  0.0000000610
 -0.0000013805
 -0.0000002365
 -0.0000000322
 -0.0000006362
 -0.0000002083
 -0.0000008814
 -0.0000003769
 -0.0000006140
 -0.0000002759
  0.0000000313
  0.0000001367
 -0.0000001024
 -0.0000000918
 -0.0000000404
 -0.0000003360
 -0.0000004513
 -0.0000001751
 -0.0000005762
 -0.0000005462
 -0.0000002796
 -0.0000002171
 -0.0000000877
 -0.0000000921
 -0.0000005198
 -0.0000006200
 -0.0000002583
 -0.0000002293
 -0.0000002342
 -0.0000003997
 -0.0000002211
 -0.0000005625
 -0.0000006289
 -0.0000002714
 -0.0000002421
 -0.0000003126
  0.0000026531
 -0.0000027261
  0.0000016943
 -0.0000010505
 -0.0000030816
 -0.0000011408
 -0.0000082813
 -0.0000002224
  0.0000081209
  0.0000054070
  0.0000007831
 -0.0000014722
  0.0000008210
  0.0000032275
  0.0000016449
 -0.0000001972
 -0.0000002978
 -0.0000006968
 -0.0000000878
 -0.0000005016
 -0.0000004125
 -0.0000001260
 -0.0000003375
 -0.0000003463
 -0.0000001631
 -0.0000004108
 -0.0000003234
 -0.0000004103
 -0.0000007582
 -0.0000001348
  0.0000005702
 -0.0000001760
 -0.0000010476
 -0.0000005061
 -0.0000001748
 -0.0000005299
 -0.0000002772
 -0.0000001307
 -0.0000001875
 -0.0000010278
 -0.0000001775
 -0.0000001644
 -0.0000007006
 -0.0000006362
  0.0000000535
 -0.0000000829
 -0.0000004893
 -0.0000004237
  0.0000005585
 -0.0000000950
  0.0000005929
 -0.0000008516
 -0.0000027637
 -0.0000004771
 -0.0000005066
 -0.0000015400
 -0.0000002027
 -0.0000001615
 -0.0000014681
 -0.0000003529
 -0.0000008592
 -0.0000001897
 -0.0000001743
  0.0000003725
 -0.0000001297
 -0.0000003301
 -0.0000001284
 -0.0000001941
 -0.0000001079
  0.0000003899
  0.0000000174
  0.0000000461
 -0.0000001418
 -0.0000003171
 -0.0000001499
 -0.0000001163
 -0.0000000779
  0.0000021827
 -0.0000019737
  0.0000015264
 -0.0000013044
 -0.0000027262
 -0.0000017835
 -0.0000083247
 -0.0000003695
  0.0000044615
  0.0000055334
  0.0000000122
 -0.0000005832
  0.0000029169
  0.0000010675
  0.0000014848
 -0.0000000922
 -0.0000000721
  0.0000005962
 -0.0000002645
 -0.0000001265
  0.0000000361
 -0.0000001439
 -0.0000002530
  0.0000000087
 -0.0000002250
 -0.0000003980
 -0.0000003635
 -0.0000009962
 -0.0000004060
 -0.0000007601
  0.0000000220
 -0.0000001350
 -0.0000001896
 -0.0000003525
 -0.0000004606
 -0.0000002653
 -0.0000005323
 -0.0000001700
 -0.0000007118
 -0.0000007307
 -0.0000006234
 -0.0000005928
 -0.0000001545
 -0.0000006279
 -0.0000002151
 -0.0000004456
 -0.0000000662
 -0.0000002338
 -0.0000011793
 -0.0000001612
  0.0000002141
 -0.0000012164
 -0.0000001397
 -0.0000007778
 -0.0000001891
 -0.0000004412
 -0.0000004619
 -0.0000001604
 -0.0000001042
 -0.0000000740
 -0.0000001113
 -0.0000001437
 -0.0000001223
 -0.0000001101
  0.0000000807
  0.0000002896
 -0.0000001658
  0.0000001694
 -0.0000001848
 -0.0000001492
 -0.0000005116
 -0.0000000057
  0.0000000203
 -0.0000001612
  0.0000030098
 -0.0000014679
  0.0000021933
 -0.0000005967
 -0.0000029884
 -0.0000019782
 -0.0000078444
  0.0000006834
  0.0000047155
  0.0000060757
 -0.0000007664
  0.0000005267
  0.0000026888
  0.0000025781
  0.0000021611
  0.0000000064
 -0.0000002963
 -0.0000002612
 -0.0000000761
 -0.0000003338
  0.0000000324
 -0.0000000144
 -0.0000002789
 -0.0000002124
 -0.0000001465
  0.0000001591
 -0.0000007820
 -0.0000003339
 -0.0000010025
 -0.0000000149
  0.0000003230
 -0.0000002184
 -0.0000006426
 -0.0000009453
 -0.0000001781
 -0.0000004880
 -0.0000001094
 -0.0000001465
 -0.0000001327
 -0.0000005609
 -0.0000001505
 -0.0000004787
 -0.0000004207
 -0.0000000535
 -0.0000003920
 -0.0000002008
 -0.0000005607
 -0.0000000211
  0.0000002481
 -0.0000000603
 -0.0000007761
 -0.0000002525
  0.0000003324
 -0.0000014495
 -0.0000000681
  0.0000000332
 -0.0000006811
 -0.0000000781
 -0.0000005957
 -0.0000003188
 -0.0000003720
 -0.0000005802
 -0.0000001979
  0.0000000384
 -0.0000001107
 -0.0000000437
 -0.0000000804
 -0.0000002402
  0.0000004470
  0.0000000112
 -0.0000000109
 -0.0000001055
  0.0000001518
  0.0000003546
 -0.0000002117
 -0.0000003970
  0.0000004161
 -0.0000001565
 -0.0000002626
  0.0000001163
  0.0000001697
 -0.0000002652
 -0.0000006022
  0.0000003194
 -0.0000002428
 -0.0000001209
 -0.0000000895
 -0.0000004008
  0.0000000017
 -0.0000000131
 -0.0000005840
 -0.0000002671
  0.0000003750
  0.0000000376
 -0.0000000233
  0.0000000180
 -0.0000014040
 -0.0000099705
 -0.0000018828
 -0.0000070103
 -0.0000020731
 -0.0000014324
 -0.0000132825
 -0.0000022100
  0.0000473016
  0.0000093443
 -0.0000058268
 -0.0000027221
  0.0000010836
  0.0000039458
 -0.0000040780
 -0.0000003238
 -0.0000000521
 -0.0000008003
 -0.0000001856
 -0.0000003832
  0.0000005859
  0.0000001692
 -0.0000003349
 -0.0000003124
 -0.0000007018
 -0.0000001184
 -0.0000005323
  0.0000002321
  0.0000001195
  0.0000002460
 -0.0000004072
 -0.0000000062
 -0.0000008649
 -0.0000014911
 -0.0000002353
 -0.0000010931
 -0.0000001025
  0.0000003665
 -0.0000018255
 -0.0000003606
 -0.0000004521
 -0.0000001487
  0.0000000339
 -0.0000005645
 -0.0000001695
  0.0000003467
 -0.0000000205
 -0.0000000466
 -0.0000002057
 -0.0000001412
 -0.0000003597
 -0.0000003009
 -0.0000010488
 -0.0000001120
 -0.0000027541
 -0.0000002338
 -0.0000001414
 -0.0000020882
 -0.0000005868
 -0.0000000600
 -0.0000000106
 -0.0000001685
  0.0000002516
  0.0000000041
 -0.0000001216
  0.0000001538
 -0.0000002790
 -0.0000001949
  0.0000000156
  0.0000002711
  0.0000002141
 -0.0000002990
  0.0000000265
  0.0000001392
  0.0000000332
 -0.0000002613
 -0.0000002820
  0.0000001050
  0.0000001466
  0.0000030924
 -0.0000018942
  0.0000018060
 -0.0000006200
 -0.0000034263
 -0.0000022102
 -0.0000092625
  0.0000005758
  0.0000057024
  0.0000062568
 -0.0000003382
  0.0000000287
  0.0000028459
  0.0000032417
  0.0000010833
  0.0000002313
  0.0000001772
 -0.0000004835
  0.0000002507
 -0.0000001156
  0.0000003046
 -0.0000000555
 -0.0000001301
  0.0000000225
  0.0000002319
 -0.0000000980
 -0.0000002992
  0.0000002097
 -0.0000000318
  0.0000005006
 -0.0000002141
 -0.0000005152
 -0.0000006917
 -0.0000001277
 -0.0000004129
 -0.0000001077
 -0.0000002660
 -0.0000002603
 -0.0000008542
 -0.0000002283
 -0.0000003867
 -0.0000008408
  0.0000000339
 -0.0000000909
 -0.0000004784
 -0.0000002172
  0.0000001923
 -0.0000000080
  0.0000010022
 -0.0000003310
 -0.0000015350
 -0.0000002093
  0.0000001832
 -0.0000007815
 -0.0000000267
  0.0000001798
 -0.0000008350
 -0.0000003177
 -0.0000005524
 -0.0000003882
 -0.0000000368
 -0.0000003813
 -0.0000002278
  0.0000001948
  0.0000000144
 -0.0000002984
 -0.0000001262
  0.0000001223
 -0.0000001485
 -0.0000002567
 -0.0000001442
 -0.0000001245
 -0.0000001077
  0.0000006262
  0.0000000090
  0.0000002544
  0.0000001085
 -0.0000002044
 -0.0000000531
  0.0000000149
 -0.0000003116
 -0.0000002928
 -0.0000001468
 -0.0000001348
 -0.0000000534
 -0.0000000448
  0.0000010206
 -0.0000024230
  0.0000006115
 -0.0000026187
 -0.0000037223
 -0.0000023835
 -0.0000080410
  0.0000002968
  0.0000108071
  0.0000054023
 -0.0000008103
 -0.0000009322
  0.0000013443
  0.0000019056
  0.0000018716
  0.0000000893
 -0.0000002433
  0.0000001348
 -0.0000000979
 -0.0000002177
  0.0000001024
 -0.0000001425
 -0.0000000568
 -0.0000002866
 -0.0000002198
 -0.0000002434
 -0.0000002835
  0.0000000856
 -0.0000007625
  0.0000002244
 -0.0000003292
 -0.0000001706
  0.0000002607
 -0.0000009133
 -0.0000000894
  0.0000008670
  0.0000001253
 -0.0000004763
 -0.0000005264
 -0.0000000695
 -0.0000003681
 -0.0000000239
  0.0000000494
 -0.0000010680
  0.0000001403
 -0.0000005352
 -0.0000007239
 -0.0000003572
 -0.0000003777
  0.0000005591
  0.0000005794
 -0.0000010774
 -0.0000029345
 -0.0000002364
 -0.0000004308
 -0.0000021274
 -0.0000015690
 -0.0000001899
 -0.0000005309
 -0.0000000014
  0.0000001690
 -0.0000003410
  0.0000000347
 -0.0000002595
 -0.0000000477
 -0.0000000019
  0.0000003542
  0.0000002670
 -0.0000000476
 -0.0000001727
 -0.0000000037
  0.0000029887
 -0.0000010583
  0.0000027664
 -0.0000003453
 -0.0000025899
 -0.0000020308
 -0.0000072400
 -0.0000002228
  0.0000041096
  0.0000053985
  0.0000012584
 -0.0000001143
  0.0000037183
  0.0000021287
  0.0000023750
  0.0000001859
 -0.0000004371
 -0.0000002199
  0.0000001575
 -0.0000001560
 -0.0000006182
 -0.0000001239
  0.0000000317
 -0.0000006361
  0.0000002041
 -0.0000001703
 -0.0000006513
 -0.0000003085
 -0.0000006278
 -0.0000001604
 -0.0000000565
  0.0000001460
 -0.0000000553
 -0.0000005291
 -0.0000000805
 -0.0000003640
 -0.0000000727
  0.0000000078
 -0.0000003515
 -0.0000004252
  0.0000000471
 -0.0000005546
  0.0000000440
 -0.0000001741
  0.0000000390
 -0.0000001939
 -0.0000000476
 -0.0000005570
 -0.0000000186
 -0.0000000895
  0.0000002608
 -0.0000012728
 -0.0000003243
  0.0000000639
 -0.0000009323
 -0.0000002522
  0.0000000307
 -0.0000008383
 -0.0000003071
 -0.0000005641
 -0.0000001390
 -0.0000004821
  0.0000002005
  0.0000001162
  0.0000002750
  0.0000003058
 -0.0000002476
  0.0000000226
  0.0000002367
  0.0000000166
 -0.0000000816
  0.0000000401
  0.0000000967
  0.0000001333
 -0.0000000838
  0.0000001994
 -0.0000001014
  0.0000002775
  0.0000002271
  0.0000000904
 -0.0000001096
  0.0000000864
  0.0000001510
  0.0000002981
  0.0000002236
  0.0000002516
  0.0000000295
  0.0000000126
 -0.0000001959
 -0.0000000893
 -0.0000010340
  0.0000001563
 -0.0000003341
 -0.0000000526
 -0.0000001355
  0.0000000547
  0.0000013426
 -0.0000046600
  0.0000000835
 -0.0000030240
 -0.0000027547
  0.0000002222
 -0.0000109276
  0.0000008327
  0.0000111918
  0.0000059949
 -0.0000022321
 -0.0000015083
  0.0000028069
  0.0000055549
  0.0000005752
 -0.0000002215
 -0.0000002639
 -0.0000003228
  0.0000000650
 -0.0000003534
  0.0000003625
  0.0000001971
 -0.0000003745
 -0.0000006382
 -0.0000008683
 -0.0000002631
 -0.0000003836
 -0.0000001476
 -0.0000005562
 -0.0000000760
  0.0000000621
 -0.0000001086
  0.0000000634
 -0.0000009261
  0.0000000063
 -0.0000002488
 -0.0000010749
 -0.0000010423
 -0.0000002897
 -0.0000005399
 -0.0000001444
 -0.0000004380
 -0.0000002520
 -0.0000006662
 -0.0000000181
 -0.0000003001
 -0.0000007949
  0.0000001552
 -0.0000006234
  0.0000012719
 -0.0000016909
 -0.0000000881
 -0.0000000882
 -0.0000007930
 -0.0000003438
  0.0000000783
 -0.0000003047
  0.0000000212
  0.0000001117
 -0.0000006287
  0.0000005541
 -0.0000000885
  0.0000000767
 -0.0000000898
 -0.0000001965
 -0.0000000357
  0.0000000053
  0.0000006360
 -0.0000000245
 -0.0000003149
 -0.0000010661
 -0.0000000418
  0.0000001092
  0.0000022309
 -0.0000016050
  0.0000018612
 -0.0000014204
 -0.0000024809
 -0.0000020525
 -0.0000076949
 -0.0000001276
  0.0000039569
  0.0000053264
  0.0000006552
  0.0000002504
  0.0000031346
  0.0000011739
  0.0000020077
  0.0000008159
  0.0000001122
 -0.0000000899
 -0.0000004022
  0.0000002735
 -0.0000003312
 -0.0000000215
  0.0000001009
  0.0000000305
 -0.0000000233
 -0.0000014036
 -0.0000001681
 -0.0000009036
 -0.0000001859
  0.0000001122
  0.0000001395
 -0.0000005827
 -0.0000004993
 -0.0000000680
 -0.0000003772
 -0.0000001858
 -0.0000004977
 -0.0000009377
 -0.0000007086
 -0.0000004002
 -0.0000000697
 -0.0000005733
 -0.0000002951
  0.0000000016
  0.0000000229
 -0.0000003518
 -0.0000000763
 -0.0000005328
 -0.0000000701
  0.0000002643
  0.0000003001
 -0.0000011913
 -0.0000003512
  0.0000004789
 -0.0000014116
 -0.0000002288
  0.0000000364
 -0.0000006163
 -0.0000003892
 -0.0000005202
 -0.0000001338
  0.0000000887
  0.0000000354
  0.0000001105
  0.0000001665
 -0.0000004413
 -0.0000001876
 -0.0000002235
 -0.0000004169
 -0.0000004227
 -0.0000000423
 -0.0000003910
 -0.0000001970
 -0.0000001703
 -0.0000001060
 -0.0000001861
 -0.0000003463
 -0.0000001332
 -0.0000001412
  0.0000000945
 -0.0000002371
 -0.0000002388
 -0.0000001195
 -0.0000000083
 -0.0000001941
  0.0000000497
 -0.0000001731
 -0.0000004367
 -0.0000003050
 -0.0000001735
 -0.0000000645
 -0.0000002818
 -0.0000000972
 -0.0000002495
  0.0000000658
  0.0000013331
 -0.0000055812
  0.0000004647
 -0.0000030311
 -0.0000046031
 -0.0000034742
 -0.0000128326
  0.0000000210
  0.0000195859
  0.0000097522
 -0.0000033143
 -0.0000022807
  0.0000064148
  0.0000066787
 -0.0000019671
 -0.0000002724
  0.0000000759
 -0.0000005840
 -0.0000001603
 -0.0000002830
 -0.0000001360
  0.0000003646
 -0.0000002021
 -0.0000001645
 -0.0000009194
  0.0000001552
 -0.0000004119
  0.0000000427
  0.0000002578
  0.0000014152
 -0.0000001937
  0.0000002288
 -0.0000007216
 -0.0000006956
 -0.0000000798
 -0.0000006176
 -0.0000004670
 -0.0000010308
 -0.0000001647
 -0.0000005619
 -0.0000000113
 -0.0000010181
 -0.0000002279
  0.0000000786
 -0.0000009056
 -0.0000001869
 -0.0000012095
  0.0000003315
 -0.0000008269
  0.0000006796
 -0.0000001026
 -0.0000015619
 -0.0000002009
 -0.0000000116
 -0.0000009306
 -0.0000002794
  0.0000000609
 -0.0000003552
 -0.0000000742
 -0.0000003834
 -0.0000001707
  0.0000001187
 -0.0000002889
 -0.0000000169
  0.0000000477
  0.0000000173
 -0.0000001059
 -0.0000000751
 -0.0000000836
  0.0000000155
 -0.0000002138
 -0.0000000519
 -0.0000001304
 -0.0000005415
 -0.0000000008
 -0.0000003049
 -0.0000001731
 -0.0000003950
  0.0000000494
  0.0000001232
 -0.0000001325
 -0.0000002294
  0.0000000178
  0.0000008483
 -0.0000030907
  0.0000002704
 -0.0000028294
 -0.0000044141
 -0.0000042129
 -0.0000081897
  0.0000003988
  0.0000086904
  0.0000053152
 -0.0000013730
 -0.0000010107
  0.0000008309
  0.0000017704
  0.0000011761
 -0.0000001473
 -0.0000003714
 -0.0000004607
  0.0000003744
 -0.0000001667
  0.0000002440
  0.0000000919
 -0.0000003653
 -0.0000003001
 -0.0000006274
 -0.0000003097
 -0.0000003142
 -0.0000007070
 -0.0000001791
  0.0000002275
 -0.0000000410
 -0.0000001903
  0.0000002262
 -0.0000009693
 -0.0000000088
  0.0000010028
  0.0000002566
 -0.0000006972
 -0.0000008442
 -0.0000002021
 -0.0000012754
  0.0000003420
 -0.0000007007
 -0.0000004088
  0.0000001759
  0.0000001380
 -0.0000014663
 -0.0000024759
 -0.0000022680
 -0.0000002852
 -0.0000000160
 -0.0000005611
 -0.0000002576
  0.0000001203
  0.0000000280
 -0.0000006513
 -0.0000002805
 -0.0000000201
  0.0000002281
 -0.0000003006
 -0.0000003117
  0.0000000813
  0.0000002685
  0.0000001684
 -0.0000005612
 -0.0000000319
  0.0000000365
 -0.0000002297
 -0.0000001221
  0.0000001617
 -0.0000001211
 -0.0000004243
  0.0000001155
 -0.0000001320
 -0.0000002544
 -0.0000004160
 -0.0000005382
  0.0000000382
 -0.0000000885
 -0.0000003124
 -0.0000002588
  0.0000001490
  0.0000000300
 -0.0000000370
 -0.0000001839
 -0.0000000299
  0.0000022011
 -0.0000049545
  0.0000010929
 -0.0000021495
 -0.0000020025
  0.0000000479
 -0.0000110337
  0.0000005693
  0.0000080897
  0.0000060084
 -0.0000028947
 -0.0000015940
  0.0000037784
  0.0000052957
  0.0000009160
 -0.0000002024
 -0.0000000918
 -0.0000009563
 -0.0000007707
 -0.0000005981
  0.0000003460
 -0.0000001560
 -0.0000005253
 -0.0000004483
 -0.0000010480
 -0.0000002175
 -0.0000005717
 -0.0000002600
 -0.0000000206
  0.0000001872
 -0.0000005358
 -0.0000004111
 -0.0000010126
 -0.0000010603
 -0.0000002004
 -0.0000001346
 -0.0000006878
 -0.0000004776
 -0.0000003430
 -0.0000003117
 -0.0000003498
 -0.0000004848
 -0.0000002573
 -0.0000003168
 -0.0000006915
  0.0000012985
 -0.0000001635
 -0.0000017866
 -0.0000005345
 -0.0000002859
 -0.0000010647
 -0.0000004278
 -0.0000002833
  0.0000004957
  0.0000001110
 -0.0000002550
  0.0000002918
 -0.0000000697
 -0.0000001048
  0.0000001815
 -0.0000001376
 -0.0000001103
  0.0000001036
  0.0000000714
  0.0000001420
 -0.0000008483
 -0.0000001890
  0.0000000893
 -0.0000005385
 -0.0000000284
  0.0000000617
  0.0000002794
 -0.0000001561
 -0.0000002006
  0.0000003124
  0.0000000916
 -0.0000000515
 -0.0000000280
 -0.0000004244
 -0.0000005141
  0.0000000976
 -0.0000000812
 -0.0000012218
  0.0000002139
 -0.0000004566
  0.0000001276
  0.0000000317
 -0.0000007353
 -0.0000003844
 -0.0000071425
 -0.0000014249
 -0.0000051673
 -0.0000022163
 -0.0000020731
 -0.0000116255
  0.0000010432
  0.0000209486
  0.0000078931
 -0.0000041977
 -0.0000013312
  0.0000022157
  0.0000039818
 -0.0000026786
 -0.0000007351
 -0.0000000826
  0.0000000225
  0.0000004430
  0.0000004275
 -0.0000000401
  0.0000002541
 -0.0000009261
 -0.0000000989
 -0.0000006221
  0.0000003257
 -0.0000001833
  0.0000001193
  0.0000000994
  0.0000012053
 -0.0000000438
 -0.0000006129
 -0.0000004897
 -0.0000011243
  0.0000003679
 -0.0000007377
  0.0000000880
 -0.0000003056
 -0.0000000965
  0.0000004055
 -0.0000004437
  0.0000005780
  0.0000000443
 -0.0000012160
 -0.0000007208
 -0.0000002150
 -0.0000000745
  0.0000003417
  0.0000001584
  0.0000000174
 -0.0000007317
 -0.0000002957
 -0.0000004007
 -0.0000024903
  0.0000000377
  0.0000001691
 -0.0000000276
 -0.0000001655
 -0.0000000121
 -0.0000000217
 -0.0000001687
 -0.0000001398
 -0.0000002315
 -0.0000001729
 -0.0000002084
 -0.0000002548
 -0.0000001008
  0.0000000947
  0.0000002755
 -0.0000002270
  0.0000001179
 -0.0000001223
 -0.0000000500
 -0.0000001867
 -0.0000002356
 -0.0000000966
 -0.0000000833
 -0.0000000692
  0.0000030597
 -0.0000026071
  0.0000018977
 -0.0000007250
 -0.0000027481
 -0.0000008133
 -0.0000081816
 -0.0000001106
  0.0000063429
  0.0000058271
  0.0000008167
 -0.0000013368
  0.0000011337
  0.0000036875
  0.0000009167
 -0.0000000758
 -0.0000001272
  0.0000000549
 -0.0000000253
 -0.0000001380
 -0.0000000329
 -0.0000001302
 -0.0000001457
 -0.0000002774
 -0.0000003829
 -0.0000002263
 -0.0000004055
 -0.0000003703
 -0.0000009753
 -0.0000003843
 -0.0000004515
 -0.0000005816
 -0.0000001421
  0.0000005738
 -0.0000001317
 -0.0000004668
 -0.0000007094
 -0.0000000487
 -0.0000004356
 -0.0000001211
 -0.0000001858
 -0.0000010325
 -0.0000001754
 -0.0000009253
 -0.0000008648
 -0.0000000245
 -0.0000004740
 -0.0000005263
  0.0000005387
 -0.0000000073
  0.0000006571
 -0.0000008149
 -0.0000027291
 -0.0000002308
 -0.0000004452
 -0.0000011244
 -0.0000002825
 -0.0000015449
 -0.0000003411
 -0.0000005103
 -0.0000001688
 -0.0000000655
 -0.0000005022
 -0.0000003393
 -0.0000002613
 -0.0000001571
 -0.0000001810
 -0.0000001425
 -0.0000000874
 -0.0000003391
 -0.0000002643
 -0.0000001103
 -0.0000000217
 -0.0000001961
 -0.0000002091
  0.0000000722
 -0.0000001214
 -0.0000002683
 -0.0000002439
 -0.0000002429
 -0.0000002915
  0.0000000738
 -0.0000003325
 -0.0000001140
  0.0000030763
 -0.0000022379
  0.0000020838
 -0.0000006260
 -0.0000024414
 -0.0000009100
 -0.0000076774
  0.0000004091
  0.0000052244
  0.0000060330
 -0.0000007546
 -0.0000009124
  0.0000025563
  0.0000033685
  0.0000003052
 -0.0000000483
 -0.0000006276
 -0.0000006411
  0.0000000491
 -0.0000000676
 -0.0000000698
  0.0000001301
 -0.0000004403
 -0.0000003637
 -0.0000009027
 -0.0000005408
 -0.0000004838
 -0.0000001345
 -0.0000001163
  0.0000005953
 -0.0000003592
 -0.0000002081
  0.0000000227
 -0.0000003278
  0.0000004658
 -0.0000000808
 -0.0000001594
 -0.0000009262
 -0.0000003896
 -0.0000012309
 -0.0000002621
 -0.0000007232
 -0.0000005095
 -0.0000004123
  0.0000000440
 -0.0000001173
 -0.0000010700
 -0.0000029881
 -0.0000001048
 -0.0000010913
 -0.0000004750
 -0.0000007570
 -0.0000003655
 -0.0000007249
 -0.0000002047
  0.0000000817
  0.0000000538
 -0.0000000209
  0.0000001194
 -0.0000001844
 -0.0000000180
  0.0000000805
  0.0000025517
 -0.0000007848
  0.0000028595
 -0.0000015148
 -0.0000026368
 -0.0000026449
 -0.0000069910
 -0.0000001028
  0.0000029716
  0.0000055015
  0.0000015996
 -0.0000005450
  0.0000030884
  0.0000028396
  0.0000024252
  0.0000001190
 -0.0000000913
  0.0000001334
 -0.0000000408
  0.0000000127
  0.0000002693
 -0.0000000057
  0.0000003205
 -0.0000004796
 -0.0000001696
 -0.0000031832
  0.0000001332
 -0.0000007496
 -0.0000000907
 -0.0000005986
 -0.0000002086
 -0.0000001883
 -0.0000004554
 -0.0000001109
 -0.0000000252
  0.0000000082
 -0.0000002160
 -0.0000006056
 -0.0000007817
 -0.0000002106
 -0.0000003361
 -0.0000004553
 -0.0000002351
 -0.0000004034
 -0.0000005039
 -0.0000004034
 -0.0000005776
 -0.0000000686
 -0.0000004642
 -0.0000005196
 -0.0000010355
 -0.0000001092
 -0.0000000095
 -0.0000006373
 -0.0000001255
  0.0000000267
 -0.0000006005
 -0.0000003095
 -0.0000006752
 -0.0000003526
  0.0000046011
 -0.0000008068
  0.0000040472
  0.0000003869
 -0.0000024804
 -0.0000009621
 -0.0000065063
 -0.0000000927
  0.0000036084
  0.0000043801
  0.0000011456
 -0.0000004014
  0.0000037382
  0.0000027580
  0.0000016628
  0.0000005047
  0.0000005756
  0.0000003684
  0.0000001888
  0.0000001732
  0.0000006278
  0.0000000379
  0.0000011186
  0.0000002735
  0.0000004258
  0.0000000898
 -0.0000012797
 -0.0000003027
 -0.0000003363
  0.0000001182
 -0.0000005447
 -0.0000001491
  0.0000000090
  0.0000000799
 -0.0000006619
 -0.0000010865
  0.0000000734
 -0.0000003340
 -0.0000001209
 -0.0000002098
 -0.0000002511
 -0.0000004393
 -0.0000004831
  0.0000000129
 -0.0000012081
 -0.0000007214
 -0.0000004053
 -0.0000014989
 -0.0000005551
 -0.0000008635
 -0.0000004227
 -0.0000001192
 -0.0000001805
  0.0000002030
  0.0000001644
  0.0000001068
  0.0000002684
  0.0000030898
 -0.0000007575
  0.0000024363
 -0.0000008131
 -0.0000024217
 -0.0000015460
 -0.0000065773
 -0.0000002578
  0.0000010068
  0.0000036095
  0.0000024464
 -0.0000003164
  0.0000024117
  0.0000006773
  0.0000022322
  0.0000002262
  0.0000000679
  0.0000003266
  0.0000001708
  0.0000000343
  0.0000000274
  0.0000002776
  0.0000000196
  0.0000006973
  0.0000003094
  0.0000003983
  0.0000000125
 -0.0000009873
  0.0000000588
  0.0000007466
 -0.0000000132
 -0.0000010136
 -0.0000000742
 -0.0000001196
  0.0000003735
  0.0000001253
  0.0000000647
 -0.0000003921
 -0.0000003330
 -0.0000002470
 -0.0000002192
  0.0000001921
  0.0000000789
  0.0000001744
 -0.0000002755
  0.0000002183
  0.0000001308
 -0.0000002900
 -0.0000011351
 -0.0000001286
  0.0000002188
 -0.0000011493
 -0.0000002210
  0.0000001366
 -0.0000003875
 -0.0000000908
 -0.0000002680
  0.0000000731
  0.0000001585
  0.0000002482
  0.0000029161
 -0.0000005609
  0.0000027573
 -0.0000015507
 -0.0000025194
 -0.0000025265
 -0.0000067713
  0.0000000135
  0.0000032998
  0.0000057215
  0.0000016774
 -0.0000004194
  0.0000031949
  0.0000029761
  0.0000026307
  0.0000005639
 -0.0000002247
 -0.0000000491
 -0.0000001906
  0.0000005439
 -0.0000001983
  0.0000000792
 -0.0000003201
  0.0000002227
 -0.0000000797
 -0.0000008847
 -0.0000001120
 -0.0000008517
 -0.0000000681
 -0.0000004444
 -0.0000001229
 -0.0000007872
 -0.0000006208
 -0.0000003610
 -0.0000000800
 -0.0000000632
 -0.0000001720
 -0.0000005983
 -0.0000007459
 -0.0000001651
 -0.0000004654
 -0.0000004615
 -0.0000002612
 -0.0000005536
 -0.0000000414
 -0.0000005796
 -0.0000003515
 -0.0000008754
 -0.0000001786
 -0.0000001527
 -0.0000007311
 -0.0000000835
 -0.0000004577
 -0.0000001539
 -0.0000003348
 -0.0000004253
 -0.0000001977
  0.0000037596
 -0.0000013418
  0.0000035990
  0.0000009249
 -0.0000023324
 -0.0000009646
 -0.0000070985
  0.0000001723
  0.0000020724
  0.0000051038
  0.0000010998
 -0.0000002006
  0.0000023364
  0.0000024742
  0.0000012986
 -0.0000002306
  0.0000000624
  0.0000000334
 -0.0000002129
 -0.0000001596
 -0.0000002915
  0.0000002258
 -0.0000000011
 -0.0000003065
 -0.0000000929
 -0.0000012632
  0.0000002286
  0.0000003693
 -0.0000006781
 -0.0000000986
  0.0000002168
 -0.0000002084
 -0.0000011686
 -0.0000000141
 -0.0000002936
  0.0000004783
 -0.0000003313
 -0.0000003960
 -0.0000002755
  0.0000002016
  0.0000003487
 -0.0000005996
 -0.0000008002
 -0.0000003302
 -0.0000000045
 -0.0000015773
 -0.0000003563
  0.0000000056
  0.0000006389
  0.0000000627
  0.0000036662
 -0.0000005006
  0.0000037306
 -0.0000014984
 -0.0000027746
 -0.0000012144
 -0.0000062181
 -0.0000003086
  0.0000023865
  0.0000024203
  0.0000023310
 -0.0000004103
  0.0000039525
  0.0000022974
  0.0000024584
  0.0000001045
 -0.0000003551
  0.0000002764
 -0.0000000965
 -0.0000002271
 -0.0000000941
 -0.0000000462
 -0.0000001960
  0.0000003727
 -0.0000001493
  0.0000000418
 -0.0000002883
 -0.0000010887
 -0.0000002937
  0.0000000398
 -0.0000002474
 -0.0000002806
 -0.0000002861
  0.0000000076
 -0.0000000100
  0.0000002192
 -0.0000004333
 -0.0000008926
  0.0000000636
 -0.0000004805
  0.0000001460
 -0.0000001454
 -0.0000001806
 -0.0000003397
 -0.0000002068
 -0.0000015050
 -0.0000012014
 -0.0000003868
 -0.0000001132
 -0.0000017349
 -0.0000006448
 -0.0000002983
 -0.0000006650
 -0.0000002245
 -0.0000003746
 -0.0000002237
  0.0000015000
  0.0000000046
  0.0000034883
 -0.0000002584
 -0.0000018763
 -0.0000021583
 -0.0000066933
 -0.0000003399
  0.0000026264
  0.0000031455
  0.0000016977
  0.0000000966
  0.0000038545
  0.0000021920
  0.0000021453
 -0.0000004249
 -0.0000000059
 -0.0000001957
 -0.0000002802
 -0.0000007003
  0.0000001258
  0.0000000144
  0.0000000298
 -0.0000002056
 -0.0000006601
 -0.0000002902
 -0.0000011271
 -0.0000015451
 -0.0000001929
 -0.0000001486
 -0.0000000692
 -0.0000010079
 -0.0000007983
  0.0000001836
  0.0000003535
  0.0000000423
 -0.0000005204
  0.0000003544
  0.0000000159
  0.0000001504
 -0.0000005309
 -0.0000013967
 -0.0000001621
 -0.0000002790
 -0.0000013875
 -0.0000006534
 -0.0000007496
 -0.0000000876
 -0.0000006115
  0.0000014152
 -0.0000003526
  0.0000030220
 -0.0000001853
 -0.0000017897
 -0.0000021716
 -0.0000071267
 -0.0000001984
  0.0000011215
  0.0000035725
  0.0000017023
  0.0000002126
  0.0000029335
  0.0000017652
  0.0000022611
 -0.0000003415
  0.0000004119
  0.0000001879
 -0.0000001405
 -0.0000002392
 -0.0000003354
  0.0000003254
  0.0000001865
  0.0000001402
 -0.0000003325
 -0.0000002987
 -0.0000014399
 -0.0000001947
 -0.0000000035
 -0.0000005172
  0.0000000266
 -0.0000003679
 -0.0000000473
 -0.0000010678
 -0.0000003144
  0.0000001628
  0.0000005509
 -0.0000003334
 -0.0000006399
 -0.0000002718
 -0.0000001030
  0.0000004104
 -0.0000008820
 -0.0000016323
 -0.0000001583
  0.0000001284
 -0.0000014017
 -0.0000005257
 -0.0000003762
  0.0000007083
  0.0000000886
 -0.0000005182
 -0.0000001517
  0.0000032298
 -0.0000008292
  0.0000016803
 -0.0000005643
 -0.0000023887
 -0.0000017404
 -0.0000063955
 -0.0000002301
  0.0000008963
  0.0000038006
  0.0000018773
 -0.0000002341
  0.0000023179
  0.0000004717
  0.0000019173
  0.0000001661
  0.0000002312
 -0.0000000161
  0.0000001066
  0.0000002580
 -0.0000000465
  0.0000000136
  0.0000002333
 -0.0000007431
 -0.0000000883
 -0.0000011237
  0.0000006905
 -0.0000000738
 -0.0000008921
 -0.0000003461
 -0.0000001572
 -0.0000006340
 -0.0000002709
 -0.0000000839
 -0.0000004209
  0.0000001578
 -0.0000000696
 -0.0000005025
 -0.0000001631
  0.0000000040
 -0.0000003408
 -0.0000011450
 -0.0000002016
 -0.0000018057
 -0.0000001924
 -0.0000010062
 -0.0000001411
  0.0000001805
 -0.0000003244
  0.0000024982
 -0.0000005969
  0.0000030195
 -0.0000015623
 -0.0000030121
 -0.0000017225
 -0.0000061618
 -0.0000000255
  0.0000012326
  0.0000025355
  0.0000026062
 -0.0000008271
  0.0000033237
  0.0000015894
  0.0000022582
 -0.0000005355
  0.0000005303
 -0.0000002905
 -0.0000000956
 -0.0000000781
 -0.0000001111
 -0.0000002026
 -0.0000009073
  0.0000004431
 -0.0000005983
 -0.0000004246
 -0.0000007910
  0.0000000173
 -0.0000011217
 -0.0000002366
  0.0000002721
 -0.0000002815
 -0.0000002359
 -0.0000003567
  0.0000001076
 -0.0000001147
  0.0000003706
 -0.0000004932
 -0.0000007024
  0.0000000102
 -0.0000004573
 -0.0000000089
 -0.0000001126
 -0.0000001319
 -0.0000000876
 -0.0000003301
  0.0000000806
 -0.0000012566
 -0.0000013830
 -0.0000003675
 -0.0000017883
 -0.0000004194
 -0.0000003303
 -0.0000005771
  0.0000000082
 -0.0000002782
 -0.0000002731
 -0.0000001847
  0.0000032863
 -0.0000015339
  0.0000032974
  0.0000008121
 -0.0000025173
 -0.0000010545
 -0.0000073300
 -0.0000000475
  0.0000008977
  0.0000049626
  0.0000009249
 -0.0000004071
  0.0000016277
  0.0000021965
  0.0000011141
  0.0000000016
  0.0000001219
 -0.0000000510
  0.0000001455
 -0.0000001392
 -0.0000001807
  0.0000002237
 -0.0000006172
 -0.0000000885
 -0.0000015277
 -0.0000000350
  0.0000001612
 -0.0000011658
 -0.0000014768
 -0.0000000280
  0.0000002031
 -0.0000013362
 -0.0000005777
 -0.0000005339
  0.0000003483
 -0.0000006285
 -0.0000002054
  0.0000001414
 -0.0000007279
 -0.0000012285
 -0.0000004716
 -0.0000003214
 -0.0000015309
 -0.0000006238
 -0.0000001990
 -0.0000000766
 -0.0000000705
  0.0000000081
 -0.0000006137
  0.0000017023
 -0.0000006272
  0.0000036356
  0.0000022635
 -0.0000020569
 -0.0000023060
 -0.0000066464
 -0.0000000751
  0.0000016035
  0.0000020129
  0.0000014518
 -0.0000004246
  0.0000019893
  0.0000019476
  0.0000015327
 -0.0000005346
  0.0000000121
 -0.0000001155
 -0.0000000639
 -0.0000002284
 -0.0000000529
 -0.0000000237
 -0.0000006813
 -0.0000004351
  0.0000001552
 -0.0000017417
 -0.0000014746
 -0.0000001772
 -0.0000001372
 -0.0000000963
 -0.0000003961
 -0.0000010328
  0.0000000042
 -0.0000003920
  0.0000003991
 -0.0000000095
 -0.0000008349
 -0.0000002975
 -0.0000008914
  0.0000001479
 -0.0000001928
 -0.0000011284
  0.0000000458
 -0.0000006488
 -0.0000015610
 -0.0000006503
 -0.0000002636
 -0.0000003388
 -0.0000006351
 -0.0000000495
 -0.0000004092
 -0.0000001408
  0.0000012305
 -0.0000000902
  0.0000043077
  0.0000002421
 -0.0000021453
 -0.0000019367
 -0.0000058840
 -0.0000006954
  0.0000019803
  0.0000029439
  0.0000013945
 -0.0000001102
  0.0000022249
  0.0000030465
  0.0000020611
  0.0000003144
 -0.0000000079
  0.0000002356
  0.0000001561
 -0.0000001805
 -0.0000002661
 -0.0000003546
  0.0000002472
 -0.0000004797
 -0.0000018537
 -0.0000010073
 -0.0000002359
 -0.0000010790
  0.0000002570
 -0.0000001681
 -0.0000001847
 -0.0000004531
 -0.0000001268
 -0.0000005242
  0.0000004483
 -0.0000010683
 -0.0000007160
 -0.0000012405
 -0.0000001011
 -0.0000002938
 -0.0000013986
 -0.0000001305
  0.0000001619
  0.0000000942
 -0.0000000049
  0.0000024366
 -0.0000008386
  0.0000029455
 -0.0000005494
 -0.0000025677
 -0.0000015101
 -0.0000070134
 -0.0000002067
  0.0000022167
  0.0000051169
  0.0000017495
 -0.0000001860
  0.0000030126
  0.0000023741
  0.0000024755
  0.0000000492
 -0.0000001816
  0.0000003033
 -0.0000000674
  0.0000002862
  0.0000000728
 -0.0000001069
 -0.0000001123
 -0.0000001818
  0.0000002773
 -0.0000009436
 -0.0000002534
 -0.0000004069
 -0.0000002410
 -0.0000000236
 -0.0000006332
 -0.0000002952
 -0.0000000830
 -0.0000003386
 -0.0000001533
 -0.0000004034
 -0.0000004094
 -0.0000002704
 -0.0000004907
 -0.0000003111
 -0.0000001427
 -0.0000004027
  0.0000000177
  0.0000000524
 -0.0000010914
 -0.0000002414
  0.0000002192
 -0.0000006518
 -0.0000001785
 -0.0000001780
 -0.0000000507
 -0.0000002846
 -0.0000005213
  0.0000000230
  0.0000023544
 -0.0000005469
  0.0000028329
 -0.0000013218
 -0.0000025091
 -0.0000015747
 -0.0000064439
 -0.0000003403
  0.0000013630
  0.0000027782
  0.0000024141
 -0.0000003979
  0.0000033806
  0.0000014686
  0.0000024579
  0.0000001680
  0.0000003540
  0.0000001766
 -0.0000000726
  0.0000001517
 -0.0000001289
 -0.0000002055
 -0.0000003588
 -0.0000006011
  0.0000000366
 -0.0000013115
  0.0000001256
 -0.0000001728
 -0.0000005737
 -0.0000001416
 -0.0000003517
  0.0000002294
 -0.0000003674
  0.0000005154
 -0.0000000033
  0.0000000292
 -0.0000012299
 -0.0000013299
 -0.0000001795
  0.0000001288
 -0.0000013012
 -0.0000001834
 -0.0000004756
  0.0000006466
 -0.0000000156
 -0.0000003229
 -0.0000001895
  0.0000012684
 -0.0000003435
  0.0000043184
  0.0000001656
 -0.0000023662
 -0.0000018730
 -0.0000059059
 -0.0000002808
  0.0000011324
  0.0000024963
  0.0000008997
 -0.0000006435
  0.0000013288
  0.0000028854
  0.0000017034
  0.0000005614
  0.0000001868
  0.0000002126
 -0.0000004577
  0.0000001422
 -0.0000000862
 -0.0000005113
  0.0000001153
 -0.0000019900
 -0.0000014904
 -0.0000003391
 -0.0000003277
 -0.0000004329
 -0.0000013109
  0.0000001227
  0.0000004478
  0.0000001309
 -0.0000006066
 -0.0000002947
  0.0000001216
  0.0000004185
 -0.0000011035
 -0.0000002564
 -0.0000009001
 -0.0000010645
 -0.0000005214
 -0.0000003384
 -0.0000010325
  0.0000014607
 -0.0000001778
  0.0000038861
 -0.0000000743
 -0.0000023518
 -0.0000019519
 -0.0000062966
 -0.0000007335
  0.0000031439
  0.0000029893
  0.0000012040
 -0.0000003938
  0.0000036250
  0.0000026097
  0.0000019444
  0.0000003241
 -0.0000003586
  0.0000002198
  0.0000001389
 -0.0000001503
  0.0000002140
  0.0000005144
  0.0000000647
 -0.0000000353
 -0.0000004017
 -0.0000014039
  0.0000000757
 -0.0000005083
 -0.0000002215
 -0.0000005908
 -0.0000001157
 -0.0000005452
 -0.0000000327
 -0.0000011485
 -0.0000004127
 -0.0000001529
  0.0000000464
  0.0000004917
 -0.0000002792
 -0.0000004938
 -0.0000002826
 -0.0000004674
  0.0000003370
 -0.0000007481
 -0.0000013771
 -0.0000002754
  0.0000002244
 -0.0000013012
 -0.0000000504
 -0.0000006564
  0.0000006541
  0.0000000965
  0.0000001925
 -0.0000000636
 -0.0000001021
  0.0000030677
 -0.0000009213
  0.0000034720
 -0.0000004870
 -0.0000025984
 -0.0000019248
 -0.0000070536
 -0.0000001129
  0.0000032817
  0.0000054820
  0.0000017110
 -0.0000003596
  0.0000032546
  0.0000025590
  0.0000022881
  0.0000001646
 -0.0000000541
  0.0000001618
  0.0000000291
 -0.0000000920
  0.0000001757
 -0.0000000545
 -0.0000001101
  0.0000000884
  0.0000000401
 -0.0000002897
 -0.0000005148
 -0.0000000008
 -0.0000009546
 -0.0000002507
 -0.0000001973
 -0.0000003292
 -0.0000000043
 -0.0000003440
 -0.0000004972
 -0.0000009189
  0.0000000140
 -0.0000005076
  0.0000001721
 -0.0000006916
 -0.0000005139
  0.0000000466
 -0.0000001905
 -0.0000010603
 -0.0000001304
 -0.0000001263
 -0.0000006883
 -0.0000001084
 -0.0000006693
 -0.0000002268
 -0.0000001456
  0.0000003167
 -0.0000005969
  0.0000012411
 -0.0000006694
  0.0000036400
  0.0000004799
 -0.0000022099
 -0.0000032809
 -0.0000066253
  0.0000000554
  0.0000024658
  0.0000005728
  0.0000006704
 -0.0000004956
  0.0000023957
  0.0000017182
  0.0000013028
 -0.0000002564
 -0.0000009657
 -0.0000004012
 -0.0000003113
 -0.0000007029
  0.0000000234
  0.0000001539
  0.0000000359
 -0.0000003008
 -0.0000008350
 -0.0000002042
 -0.0000015160
 -0.0000013575
 -0.0000007075
 -0.0000000395
  0.0000000207
 -0.0000002497
 -0.0000015905
  0.0000001572
 -0.0000006556
  0.0000004538
  0.0000000727
 -0.0000000114
 -0.0000011899
 -0.0000001395
  0.0000003114
  0.0000002439
 -0.0000008578
 -0.0000015911
 -0.0000003218
 -0.0000004227
 -0.0000018672
 -0.0000000785
 -0.0000004988
 -0.0000005617
 -0.0000000472
 -0.0000003524
  0.0000039778
 -0.0000001015
  0.0000021148
  0.0000002196
 -0.0000024090
 -0.0000020048
 -0.0000063660
 -0.0000001450
  0.0000028335
  0.0000044734
  0.0000019762
 -0.0000002872
  0.0000027693
  0.0000019331
  0.0000026571
  0.0000001576
 -0.0000002549
 -0.0000001256
  0.0000000559
 -0.0000000097
 -0.0000005028
 -0.0000001910
  0.0000000424
 -0.0000005271
  0.0000001743
  0.0000001061
 -0.0000004248
 -0.0000001082
 -0.0000010810
  0.0000000965
  0.0000005090
  0.0000000049
 -0.0000001795
 -0.0000002009
 -0.0000000796
 -0.0000000599
  0.0000000715
 -0.0000004398
 -0.0000003096
 -0.0000001208
 -0.0000003586
 -0.0000000750
  0.0000001730
 -0.0000003218
 -0.0000000856
  0.0000002392
 -0.0000007283
 -0.0000001422
  0.0000000618
 -0.0000009672
 -0.0000001060
 -0.0000005088
  0.0000001738
 -0.0000002030
 -0.0000008458
  0.0000030816
 -0.0000016296
  0.0000030454
  0.0000008911
 -0.0000021513
 -0.0000016084
 -0.0000073948
  0.0000004137
  0.0000012368
  0.0000049618
  0.0000016344
 -0.0000000128
  0.0000018084
  0.0000019000
  0.0000011319
 -0.0000002870
  0.0000003689
 -0.0000000222
 -0.0000001343
  0.0000000627
  0.0000003448
  0.0000002879
 -0.0000012888
 -0.0000001442
 -0.0000016679
 -0.0000000845
  0.0000001351
  0.0000003039
 -0.0000007068
  0.0000000172
 -0.0000001417
 -0.0000012638
  0.0000000581
  0.0000000899
  0.0000000954
 -0.0000004435
 -0.0000005931
 -0.0000004242
 -0.0000002151
  0.0000000096
  0.0000001923
 -0.0000006478
 -0.0000010997
 -0.0000002536
 -0.0000015025
 -0.0000005335
 -0.0000000632
  0.0000000644
 -0.0000000459
  0.0000002073
 -0.0000007134
  0.0000019312
 -0.0000007227
  0.0000035509
  0.0000021312
 -0.0000020449
 -0.0000024547
 -0.0000067203
 -0.0000002374
  0.0000011999
  0.0000026195
  0.0000014625
 -0.0000005669
  0.0000015224
  0.0000018838
  0.0000014452
 -0.0000003275
 -0.0000010065
 -0.0000005043
 -0.0000015119
 -0.0000004978
 -0.0000005598
 -0.0000003995
 -0.0000003007
  0.0000001922
 -0.0000007375
 -0.0000001293
 -0.0000010525
 -0.0000014892
 -0.0000003755
 -0.0000003045
 -0.0000001459
 -0.0000000078
 -0.0000012013
  0.0000001511
 -0.0000004373
  0.0000006241
  0.0000000989
  0.0000000567
 -0.0000010178
  0.0000002582
 -0.0000005589
  0.0000003593
  0.0000001169
 -0.0000012580
 -0.0000001575
 -0.0000002036
 -0.0000012816
 -0.0000002622
 -0.0000005832
 -0.0000004674
  0.0000002357
  0.0000000569
  0.0000043050
 -0.0000004480
  0.0000023742
 -0.0000000727
 -0.0000022937
 -0.0000024667
 -0.0000066603
  0.0000001038
  0.0000037429
  0.0000048080
  0.0000022851
 -0.0000001838
  0.0000026186
  0.0000024145
  0.0000026946
  0.0000000718
 -0.0000004408
  0.0000000774
  0.0000002804
 -0.0000001223
 -0.0000001435
  0.0000000354
 -0.0000003840
 -0.0000004172
 -0.0000000465
 -0.0000002831
 -0.0000002819
 -0.0000011385
  0.0000002540
 -0.0000000172
 -0.0000003640
 -0.0000003751
 -0.0000002812
 -0.0000005517
 -0.0000005252
 -0.0000002010
 -0.0000004037
  0.0000000390
 -0.0000002528
  0.0000000621
 -0.0000004446
 -0.0000001428
  0.0000001803
 -0.0000006443
 -0.0000000550
 -0.0000000821
 -0.0000010463
 -0.0000001958
 -0.0000003971
  0.0000001394
  0.0000001033
 -0.0000003024
 -0.0000003674
 -0.0000002821
  0.0000029951
 -0.0000005498
  0.0000032885
 -0.0000016105
 -0.0000029632
 -0.0000016697
 -0.0000061039
  0.0000000326
  0.0000021043
  0.0000025084
  0.0000027695
 -0.0000007842
  0.0000037990
  0.0000018642
  0.0000023011
  0.0000000277
 -0.0000001139
  0.0000000186
  0.0000000207
 -0.0000002467
 -0.0000002103
 -0.0000004004
  0.0000001354
  0.0000000742
 -0.0000002570
 -0.0000001756
 -0.0000012403
 -0.0000000091
 -0.0000002196
 -0.0000007210
 -0.0000003001
 -0.0000000453
 -0.0000006577
 -0.0000006538
  0.0000001345
 -0.0000003813
  0.0000001324
 -0.0000000751
 -0.0000002339
 -0.0000004591
 -0.0000000413
  0.0000000535
 -0.0000014614
 -0.0000012709
 -0.0000002890
 -0.0000016434
 -0.0000001962
 -0.0000006121
  0.0000002300
 -0.0000001304
  0.0000036284
 -0.0000007295
  0.0000031175
 -0.0000007864
 -0.0000024954
 -0.0000017617
 -0.0000069439
 -0.0000000275
  0.0000032589
  0.0000051205
  0.0000019312
 -0.0000001814
  0.0000029053
  0.0000025787
  0.0000025356
  0.0000002120
 -0.0000001114
  0.0000001092
  0.0000000875
 -0.0000001042
 -0.0000001723
 -0.0000002403
 -0.0000001200
 -0.0000002728
  0.0000000059
 -0.0000000902
 -0.0000001872
 -0.0000000004
 -0.0000005784
  0.0000001753
 -0.0000000342
 -0.0000000708
 -0.0000005568
 -0.0000004271
 -0.0000000926
 -0.0000003414
 -0.0000001713
 -0.0000000780
 -0.0000004417
 -0.0000007927
  0.0000000847
 -0.0000003681
 -0.0000005690
 -0.0000002063
 -0.0000004543
 -0.0000000892
 -0.0000003003
 -0.0000000094
 -0.0000009665
  0.0000001298
  0.0000000969
 -0.0000005491
 -0.0000001715
 -0.0000002637
 -0.0000001016
  0.0000000117
  0.0000035758
 -0.0000005926
  0.0000017064
  0.0000000835
 -0.0000023538
 -0.0000017214
 -0.0000062840
 -0.0000002566
  0.0000026877
  0.0000040722
  0.0000017622
 -0.0000001987
  0.0000023316
  0.0000012658
  0.0000021080
 -0.0000006640
  0.0000008512
 -0.0000001777
 -0.0000002012
 -0.0000000122
 -0.0000002925
 -0.0000001809
 -0.0000008985
  0.0000007205
 -0.0000003485
 -0.0000002260
 -0.0000010615
 -0.0000001789
 -0.0000010314
  0.0000000020
  0.0000005927
 -0.0000000605
 -0.0000008587
  0.0000000221
 -0.0000003216
 -0.0000002720
 -0.0000002794
  0.0000000859
 -0.0000003704
 -0.0000002849
 -0.0000001177
 -0.0000003773
 -0.0000000832
  0.0000001310
 -0.0000002699
 -0.0000000668
  0.0000001586
  0.0000000644
 -0.0000009978
 -0.0000002776
  0.0000002915
 -0.0000009398
 -0.0000003283
 -0.0000002997
  0.0000000159
 -0.0000001835
 -0.0000007076
 -0.0000004811
  0.0000016932
 -0.0000006534
  0.0000036070
  0.0000022055
 -0.0000018671
 -0.0000023275
 -0.0000066744
 -0.0000001768
  0.0000016966
  0.0000020118
  0.0000016068
 -0.0000004764
  0.0000020401
  0.0000019317
  0.0000015093
 -0.0000006557
  0.0000000087
 -0.0000002772
  0.0000000049
 -0.0000003060
 -0.0000004006
  0.0000001488
 -0.0000010568
 -0.0000007064
 -0.0000020971
 -0.0000011970
 -0.0000000858
 -0.0000005057
 -0.0000004181
 -0.0000011258
  0.0000000421
 -0.0000003350
  0.0000002711
  0.0000000677
 -0.0000009307
 -0.0000002019
 -0.0000001921
 -0.0000000481
 -0.0000003273
 -0.0000012145
 -0.0000000705
 -0.0000009232
 -0.0000001358
 -0.0000004672
 -0.0000013666
 -0.0000000820
 -0.0000012754
  0.0000015497
 -0.0000007350
  0.0000039880
  0.0000001510
 -0.0000021522
 -0.0000018039
 -0.0000060918
  0.0000006622
  0.0000003761
  0.0000025585
  0.0000010582
 -0.0000000813
  0.0000007172
  0.0000022924
  0.0000013522
  0.0000000223
  0.0000000073
 -0.0000000457
  0.0000003591
  0.0000002334
 -0.0000000537
 -0.0000006766
 -0.0000006071
 -0.0000000826
 -0.0000010354
 -0.0000014484
 -0.0000003724
 -0.0000003174
 -0.0000002435
  0.0000001234
 -0.0000015986
 -0.0000008730
 -0.0000000621
  0.0000001027
  0.0000005367
 -0.0000001075
 -0.0000007841
  0.0000003517
 -0.0000008220
  0.0000002600
  0.0000002419
 -0.0000012404
 -0.0000003730
 -0.0000002300
 -0.0000016186
  0.0000002525
 -0.0000006334
 -0.0000004914
  0.0000001510
 -0.0000021576
  0.0000015990
 -0.0000007517
  0.0000028847
  0.0000000772
 -0.0000019397
 -0.0000022800
 -0.0000075214
 -0.0000001873
  0.0000001541
  0.0000039150
  0.0000016334
  0.0000001632
  0.0000023433
  0.0000016156
  0.0000020726
 -0.0000014695
 -0.0000032725
 -0.0000003187
 -0.0000009237
 -0.0000042628
 -0.0000009662
 -0.0000012194
 -0.0000018434
 -0.0000009525
 -0.0000006148
 -0.0000012892
 -0.0000017203
 -0.0000000735
  0.0000001184
  0.0000002118
 -0.0000004552
 -0.0000000903
 -0.0000006626
  0.0000000440
 -0.0000011742
 -0.0000001586
 -0.0000002924
  0.0000000100
  0.0000001129
 -0.0000003915
 -0.0000006920
 -0.0000004278
 -0.0000003152
 -0.0000005449
  0.0000002721
 -0.0000007236
 -0.0000016104
 -0.0000002660
 -0.0000017644
 -0.0000006450
 -0.0000001321
  0.0000002807
 -0.0000001230
 -0.0000006554
 -0.0000006234
 -0.0000002492
 -0.0000002065
  0.0000023463
 -0.0000012554
  0.0000023779
 -0.0000011858
 -0.0000030103
 -0.0000018607
 -0.0000074329
 -0.0000006065
  0.0000033627
  0.0000046880
  0.0000013355
 -0.0000006772
  0.0000021554
  0.0000017153
  0.0000020584
 -0.0000010670
 -0.0000030911
 -0.0000007671
 -0.0000007288
 -0.0000008303
 -0.0000042011
 -0.0000006103
 -0.0000008086
 -0.0000005101
 -0.0000007021
 -0.0000007149
 -0.0000009197
 -0.0000004771
 -0.0000006871
  0.0000000158
 -0.0000007958
 -0.0000004093
 -0.0000002836
 -0.0000009092
 -0.0000008884
 -0.0000005397
 -0.0000004713
 -0.0000002709
 -0.0000005526
 -0.0000011206
 -0.0000007533
 -0.0000004790
 -0.0000007301
 -0.0000002730
 -0.0000005533
 -0.0000003542
 -0.0000008411
 -0.0000005877
 -0.0000007299
 -0.0000005023
 -0.0000004725
 -0.0000004991
 -0.0000015295
 -0.0000003923
 -0.0000003308
 -0.0000008800
 -0.0000004343
 -0.0000002486
 -0.0000012115
 -0.0000005051
 -0.0000010960
 -0.0000008570
  0.0000012410
 -0.0000006504
  0.0000042134
  0.0000000632
 -0.0000024977
 -0.0000018912
 -0.0000060029
  0.0000001064
  0.0000009430
  0.0000024023
  0.0000007863
 -0.0000005245
  0.0000011232
  0.0000027023
  0.0000014898
 -0.0000003535
  0.0000003086
  0.0000000285
 -0.0000003100
 -0.0000003166
  0.0000001579
  0.0000001772
 -0.0000005861
 -0.0000000286
 -0.0000011579
 -0.0000015160
 -0.0000005494
 -0.0000001602
 -0.0000001514
 -0.0000014602
  0.0000000234
  0.0000003408
  0.0000000096
 -0.0000006774
  0.0000000894
 -0.0000001590
  0.0000001564
  0.0000002469
 -0.0000011872
 -0.0000003839
 -0.0000002637
 -0.0000017756
 -0.0000006233
 -0.0000004798
 -0.0000000641
 -0.0000004419
 -0.0000000896
 -0.0000002330
  0.0000020285
 -0.0000016015
  0.0000017009
 -0.0000014920
 -0.0000026055
 -0.0000020728
 -0.0000079070
 -0.0000000780
  0.0000043151
  0.0000052713
  0.0000004639
  0.0000002806
  0.0000028300
  0.0000010066
  0.0000019052
 -0.0000008147
 -0.0000001606
 -0.0000014355
  0.0000000174
 -0.0000003575
 -0.0000002228
 -0.0000009253
  0.0000000620
 -0.0000001898
 -0.0000027354
 -0.0000002900
 -0.0000007793
 -0.0000001971
  0.0000000998
  0.0000001513
 -0.0000004040
 -0.0000005886
  0.0000000047
 -0.0000004454
 -0.0000001702
 -0.0000005548
 -0.0000009853
 -0.0000006815
 -0.0000004698
 -0.0000000696
 -0.0000005920
 -0.0000003302
  0.0000001720
  0.0000000106
 -0.0000003172
 -0.0000000723
 -0.0000003575
 -0.0000003338
  0.0000004261
  0.0000002724
 -0.0000011915
 -0.0000003542
  0.0000006289
 -0.0000012928
 -0.0000001969
  0.0000000808
 -0.0000005067
 -0.0000003918
 -0.0000007452
 -0.0000001529
  0.0000014472
 -0.0000001247
  0.0000032930
 -0.0000002496
 -0.0000018637
 -0.0000021611
 -0.0000068728
 -0.0000003407
  0.0000019313
  0.0000032403
  0.0000017049
  0.0000001041
  0.0000034082
  0.0000020131
  0.0000021784
 -0.0000003652
 -0.0000001720
 -0.0000005223
  0.0000000288
 -0.0000003680
  0.0000000252
 -0.0000002618
 -0.0000003569
  0.0000001574
 -0.0000013884
 -0.0000005366
 -0.0000002229
 -0.0000009292
 -0.0000016526
  0.0000000084
 -0.0000003216
 -0.0000001512
 -0.0000010509
 -0.0000004236
  0.0000001534
  0.0000006475
 -0.0000000518
 -0.0000006004
 -0.0000003515
 -0.0000000467
  0.0000004275
 -0.0000008360
 -0.0000015574
 -0.0000001781
 -0.0000001852
 -0.0000013440
 -0.0000005629
 -0.0000012861
 -0.0000006503
  0.0000003370
  0.0000039694
 -0.0000004466
  0.0000037913
 -0.0000010861
 -0.0000029527
 -0.0000015035
 -0.0000061081
 -0.0000000541
  0.0000031704
  0.0000026339
  0.0000028083
 -0.0000006339
  0.0000043065
  0.0000023670
  0.0000025240
  0.0000002143
 -0.0000000827
  0.0000001131
 -0.0000000123
  0.0000000752
 -0.0000006625
  0.0000001510
 -0.0000000029
 -0.0000000970
 -0.0000015380
 -0.0000002005
 -0.0000000477
 -0.0000005652
 -0.0000002319
 -0.0000001204
 -0.0000006668
  0.0000001514
 -0.0000003047
  0.0000005905
 -0.0000000331
 -0.0000001403
  0.0000003925
 -0.0000013710
 -0.0000010075
 -0.0000002119
  0.0000003850
 -0.0000013239
 -0.0000001312
 -0.0000005264
  0.0000007392
 -0.0000000772
  0.0000019339
 -0.0000016114
  0.0000029227
  0.0000002413
 -0.0000022391
 -0.0000014828
 -0.0000076222
  0.0000002740
  0.0000004474
  0.0000040985
  0.0000016115
 -0.0000001141
  0.0000025194
  0.0000017184
  0.0000013607
  0.0000000538
 -0.0000001005
  0.0000001111
  0.0000000094
 -0.0000002405
 -0.0000001281
 -0.0000004386
  0.0000001765
 -0.0000005648
 -0.0000016785
 -0.0000012752
 -0.0000000074
 -0.0000013073
 -0.0000007633
 -0.0000004437
  0.0000004935
  0.0000002014
 -0.0000007213
 -0.0000001433
 -0.0000001354
  0.0000001595
 -0.0000008987
 -0.0000016970
 -0.0000006318
 -0.0000013393
 -0.0000007502
 -0.0000006353
 -0.0000008074
  0.0000024518
  0.0000009159
  0.0000066969
  0.0000025102
  0.0000014885
  0.0000050850
  0.0000011126
  0.0000039552
  0.0000055747
  0.0000034331
  0.0000013787
  0.0000023102
  0.0000007857
  0.0000024668
  0.0000065832
  0.0000035310
  0.0000020130
  0.0000025313
  0.0000036718
  0.0000027326
 -0.0000014052
  0.0000027957
  0.0000017550
  0.0000009375
  0.0000013389
  0.0000026478
  0.0000029511
  0.0000028461
  0.0000027087
  0.0000023885
  0.0000017705
  0.0000010725
  0.0000031733
  0.0000033044
  0.0000036591
  0.0000038275
  0.0000027474
  0.0000028886
  0.0000023425
  0.0000042857
  0.0000055155
  0.0000021132
  0.0000015963
  0.0000034833
  0.0000018555
  0.0000023398
  0.0000035197
  0.0000037891
  0.0000019338
  0.0000029363
 -0.0000011945
 -0.0000016979
 -0.0000008005
 -0.0000004172
 -0.0000005906
 -0.0000006651
 -0.0000003113
  0.0000019805
  0.0000014115
 -0.0000026273
 -0.0000003443
  0.0000005921
  0.0000017926
 -0.0000001374
 -0.0000014794
 -0.0000042065
 -0.0000008990
 -0.0000007386
 -0.0000005755
 -0.0000119382
 -0.0000041041
  0.0000000003
 -0.0000003917
 -0.0000001797
 -0.0000015250
 -0.0000015950
  0.0000003113
 -0.0000014989
 -0.0000010960
 -0.0000000362
 -0.0000052293
 -0.0000017180
 -0.0000007165
 -0.0000001001
 -0.0000005180
 -0.0000030096
 -0.0000010041
 -0.0000027918
  0.0000002823
  0.0000019222
 -0.0000000438
 -0.0000048891
 -0.0000031293
 -0.0000001305
 -0.0000006729
 -0.0000059804
 -0.0000002605
 -0.0000065071
 -0.0000009260
  0.0000029835
  0.0000000137
 -0.0000002224
  0.0000048308
  0.0000037921
  0.0000037661
  0.0000041724
  0.0000040282
  0.0000068904
  0.0000070316
  0.0000022138
  0.0000039605
  0.0000009888
  0.0000044455
  0.0000039424
  0.0000015684
  0.0000026531
  0.0000034790
  0.0000028589
 -0.0000019818
  0.0000013338
  0.0000046294
  0.0000039137
  0.0000036296
  0.0000021473
  0.0000021030
  0.0000045534
  0.0000025630
  0.0000029796
  0.0000043135
 -0.0000005469
  0.0000008879
  0.0000034438
  0.0000045182
  0.0000021697
  0.0000013735
  0.0000030970
  0.0000010694
  0.0000043648
  0.0000044315
  0.0000046214
  0.0000009491
  0.0000024920
  0.0000040936
  0.0000028210
  0.0000024020
  0.0000023335
  0.0000008809
  0.0000029066
 -0.0000013904
 -0.0000010333
 -0.0000012409
 -0.0000020181
 -0.0000021516
 -0.0000032108
 -0.0000006970
  0.0000014118
 -0.0000042183
  0.0000009574
  0.0000006008
  0.0000037892
  0.0000023459
  0.0000010463
 -0.0000032150
 -0.0000015822
 -0.0000011094
 -0.0000004621
 -0.0000010549
 -0.0000076155
 -0.0000017027
  0.0000006072
 -0.0000012521
 -0.0000000121
 -0.0000009251
 -0.0000005561
  0.0000019657
 -0.0000004247
 -0.0000003739
  0.0000007363
 -0.0000036530
 -0.0000005076
 -0.0000003578
  0.0000013150
  0.0000001466
 -0.0000009697
 -0.0000015823
 -0.0000014411
  0.0000001962
  0.0000014804
  0.0000011940
 -0.0000019772
 -0.0000003081
 -0.0000005226
 -0.0000013833
 -0.0000017129
  0.0000000543
 -0.0000030913
 -0.0000005399
 -0.0000019546
 -0.0000067513
 -0.0000026811
 -0.0000023325
 -0.0000030495
 -0.0000044878
 -0.0000024499
 -0.0000004448
 -0.0000015543
 -0.0000049074
 -0.0000019130
 -0.0000051184
 -0.0000037974
 -0.0000004955
 -0.0000000542
 -0.0000024813
 -0.0000023543
 -0.0000026677
 -0.0000022625
 -0.0000020405
 -0.0000030202
 -0.0000019164
 -0.0000023285
 -0.0000020082
 -0.0000029032
 -0.0000021328
 -0.0000013254
 -0.0000032905
 -0.0000025695
 -0.0000013332
 -0.0000044713
 -0.0000028068
 -0.0000025075
 -0.0000024520
 -0.0000022606
 -0.0000046989
 -0.0000019629
 -0.0000049115
 -0.0000016415
  0.0000000194
 -0.0000019333
 -0.0000020556
 -0.0000012674
 -0.0000020609
 -0.0000024307
  0.0000009494
 -0.0000020532
 -0.0000016177
 -0.0000024604
 -0.0000050213
 -0.0000030513
 -0.0000022815
 -0.0000040776
 -0.0000035386
 -0.0000039145
 -0.0000039844
 -0.0000039724
 -0.0000069846
 -0.0000054343
 -0.0000022414
 -0.0000037515
 -0.0000034687
 -0.0000051494
 -0.0000034749
  0.0000001959
 -0.0000020847
 -0.0000022033
 -0.0000021262
 -0.0000011981
 -0.0000025438
 -0.0000018979
 -0.0000028666
 -0.0000021148
 -0.0000022887
 -0.0000019118
 -0.0000009208
 -0.0000017549
 -0.0000018364
 -0.0000019729
 -0.0000014637
 -0.0000015583
 -0.0000014483
 -0.0000016096
 -0.0000016684
 -0.0000057669
 -0.0000035902
 -0.0000046259
 -0.0000011824
  0.0000008516
 -0.0000017331
 -0.0000023455
  0.0000008184
 -0.0000028464
 -0.0000016621
  0.0000021734
 -0.0000010643
 -0.0000001635
 -0.0000013036
 -0.0000064059
 -0.0000078890
 -0.0000029231
 -0.0000059700
 -0.0000058465
 -0.0000054954
 -0.0000061891
 -0.0000015446
 -0.0000059899
 -0.0000062641
 -0.0000060832
 -0.0000025315
 -0.0000042347
 -0.0000029717
 -0.0000060115
 -0.0000098677
 -0.0000065752
 -0.0000069077
 -0.0000062067
 -0.0000157798
 -0.0000107651
 -0.0000055828
 -0.0000063993
 -0.0000065735
 -0.0000078732
 -0.0000078389
 -0.0000057871
 -0.0000075191
 -0.0000072678
 -0.0000059736
 -0.0000114130
 -0.0000089277
 -0.0000069167
 -0.0000059831
 -0.0000065892
 -0.0000089511
 -0.0000058643
 -0.0000087421
 -0.0000058772
 -0.0000042285
 -0.0000055947
 -0.0000090978
 -0.0000083508
 -0.0000063427
 -0.0000065470
 -0.0000105375
 -0.0000063635
 -0.0000112728
 -0.0000071014
 -0.0000014389
 -0.0000016551
 -0.0000006896
 -0.0000011567
 -0.0000005811
 -0.0000019666
 -0.0000013436
 -0.0000024474
 -0.0000052323
 -0.0000019138
  0.0000003959
 -0.0000017080
  0.0000003511
 -0.0000002919
 -0.0000020727
  0.0000018073
 -0.0000002596
 -0.0000001868
  0.0000002156
 -0.0000033755
  0.0000025296
 -0.0000002761
 -0.0000000502
 -0.0000003084
 -0.0000001660
  0.0000011409
  0.0000011378
 -0.0000002396
 -0.0000001923
  0.0000006418
  0.0000019661
  0.0000013465
 -0.0000000557
 -0.0000000189
  0.0000002280
  0.0000002588
 -0.0000004980
  0.0000000730
  0.0000007878
  0.0000023055
 -0.0000001725
  0.0000023529
  0.0000027523
  0.0000001479
 -0.0000002649
  0.0000010676
  0.0000003982
  0.0000012564
  0.0000000492
  0.0000112508
  0.0000053371
  0.0000013089
  0.0000093285
  0.0000059581
  0.0000011464
  0.0000050275
  0.0000038837
  0.0000088483
  0.0000030831
  0.0000075361
  0.0000122845
  0.0000105413
  0.0000121273
  0.0000068688
  0.0000065431
  0.0000021746
  0.0000028868
  0.0000037725
  0.0000320540
  0.0000107416
  0.0000007782
  0.0000059847
  0.0000020334
  0.0000040252
  0.0000041779
  0.0000028680
  0.0000023666
  0.0000037933
  0.0000059274
  0.0000103088
  0.0000047381
  0.0000035923
  0.0000040220
  0.0000010439
  0.0000049998
  0.0000141677
  0.0000047400
  0.0000024993
  0.0000034747
  0.0000012854
  0.0000101045
  0.0000065610
  0.0000051480
  0.0000020437
  0.0000224842
  0.0000027094
  0.0000204353
  0.0000024267
  0.0000027895
  0.0000034003
  0.0000031361
  0.0000027253
  0.0000013165
  0.0000026299
  0.0000007462
  0.0000059200
  0.0000043881
  0.0000035954
  0.0000008200
  0.0000047351
  0.0000066122
  0.0000060996
  0.0000035533
  0.0000067048
  0.0000029513
  0.0000058854
  0.0000029997
  0.0000073926
  0.0000078175
  0.0000029454
  0.0000005790
  0.0000028482
  0.0000056691
  0.0000062584
  0.0000043880
  0.0000056323
  0.0000055910
  0.0000011133
  0.0000057733
  0.0000058051
  0.0000056648
  0.0000052603
  0.0000040207
  0.0000058005
  0.0000033310
  0.0000055276
  0.0000055426
  0.0000055123
  0.0000032000
  0.0000065127
  0.0000075086
  0.0000013912
  0.0000026896
  0.0000131897
  0.0000042357
  0.0000106555
  0.0000052657
 -0.0000027148
 -0.0000045296
 -0.0000014435
 -0.0000019866
 -0.0000016509
 -0.0000055037
 -0.0000003374
 -0.0000045400
 -0.0000041599
 -0.0000040504
  0.0000013562
 -0.0000053285
 -0.0000008162
 -0.0000014210
 -0.0000049107
 -0.0000023639
  0.0000020962
  0.0000017038
  0.0000020281
 -0.0000064443
 -0.0000007814
  0.0000015857
  0.0000003147
  0.0000015434
  0.0000005125
  0.0000000840
  0.0000027058
  0.0000008598
  0.0000012618
  0.0000020407
 -0.0000022306
 -0.0000003070
  0.0000019200
  0.0000029251
  0.0000020605
  0.0000002067
 -0.0000017180
 -0.0000001306
  0.0000027881
  0.0000044180
  0.0000014976
 -0.0000022234
 -0.0000003150
  0.0000006562
  0.0000023576
 -0.0000011380
  0.0000021590
 -0.0000023268
  0.0000014234
 -0.0000014046
  0.0000022841
 -0.0000082888
 -0.0000003121
 -0.0000015869
 -0.0000017124
 -0.0000038708
 -0.0000012533
  0.0000033109
 -0.0000010573
 -0.0000018330
 -0.0000000987
  0.0000017229
  0.0000015032
  0.0000021922
 -0.0000004638
 -0.0000001997
 -0.0000000223
 -0.0000001443
 -0.0000058141
 -0.0000000161
  0.0000000966
 -0.0000006513
 -0.0000000125
 -0.0000003443
  0.0000002672
  0.0000008809
 -0.0000004243
 -0.0000000906
  0.0000003385
 -0.0000005757
  0.0000003665
 -0.0000001569
 -0.0000003170
 -0.0000001533
 -0.0000010413
 -0.0000009815
 -0.0000011960
  0.0000008555
  0.0000023927
  0.0000000989
  0.0000004494
  0.0000006229
 -0.0000004081
 -0.0000002863
 -0.0000003332
  0.0000001776
 -0.0000012039
  0.0000002884
  0.0000083517
 -0.0000011859
  0.0000175863
  0.0000072157
  0.0000044604
  0.0000195808
  0.0000040483
  0.0000131033
  0.0000086314
  0.0000030538
  0.0000002809
  0.0000042987
  0.0000020957
  0.0000128837
  0.0000075338
  0.0000053328
  0.0000018976
  0.0000038088
  0.0000020670
  0.0000045047
  0.0000008905
  0.0000058226
  0.0000012743
  0.0000044776
  0.0000023225
  0.0000035824
  0.0000039856
  0.0000031236
  0.0000026149
  0.0000034397
  0.0000050598
  0.0000027557
  0.0000024419
  0.0000036220
  0.0000045679
  0.0000020298
  0.0000025560
  0.0000111951
  0.0000015885
  0.0000036593
  0.0000048397
  0.0000015867
  0.0000026567
  0.0000040514
  0.0000042945
  0.0000037236
  0.0000087622
  0.0000041857
  0.0000057430
  0.0000039457
  0.0000022868
  0.0000029524
  0.0000012078
  0.0000011939
  0.0000009276
  0.0000016575
 -0.0000003364
  0.0000019309
  0.0000017663
  0.0000014031
  0.0000004154
  0.0000021717
  0.0000034744
  0.0000038924
  0.0000028949
  0.0000031184
  0.0000009873
  0.0000028482
  0.0000012548
  0.0000029641
  0.0000066274
  0.0000032250
  0.0000019320
  0.0000022953
  0.0000015781
  0.0000019777
  0.0000032681
  0.0000019923
  0.0000018948
  0.0000024424
  0.0000055338
  0.0000032002
  0.0000025159
  0.0000033178
  0.0000021799
  0.0000031064
  0.0000015531
  0.0000029879
  0.0000037346
  0.0000035456
  0.0000031555
  0.0000024886
  0.0000043986
  0.0000022389
  0.0000014580
  0.0000087079
  0.0000020832
  0.0000067364
  0.0000024553
  0.0000009126
 -0.0000045158
  0.0000007557
 -0.0000001119
 -0.0000006887
  0.0000006521
 -0.0000012760
  0.0000004807
  0.0000003927
  0.0000008617
 -0.0000022712
  0.0000016673
  0.0000019575
  0.0000007271
  0.0000011169
  0.0000018169
  0.0000019896
  0.0000026381
  0.0000022055
 -0.0000052338
  0.0000007547
  0.0000022226
  0.0000008941
  0.0000019312
  0.0000019724
  0.0000020369
  0.0000029628
  0.0000021181
  0.0000023202
  0.0000019757
 -0.0000003373
  0.0000011222
  0.0000025343
  0.0000028010
  0.0000025338
  0.0000012608
  0.0000004350
  0.0000014710
  0.0000036081
  0.0000050877
  0.0000020790
  0.0000008218
  0.0000027427
  0.0000013985
  0.0000023081
 -0.0000004817
  0.0000028247
 -0.0000017246
  0.0000024999
  0.0000000238
 -0.0000000476
  0.0000004656
 -0.0000003061
 -0.0000009443
 -0.0000003995
  0.0000012199
 -0.0000005869
 -0.0000022646
 -0.0000006978
  0.0000001012
  0.0000002018
 -0.0000005658
 -0.0000008920
 -0.0000013017
 -0.0000006498
  0.0000000309
 -0.0000024854
  0.0000000322
  0.0000001066
 -0.0000000513
 -0.0000003597
 -0.0000000350
 -0.0000003546
 -0.0000014757
 -0.0000006867
 -0.0000030888
 -0.0000001151
 -0.0000001257
 -0.0000002245
 -0.0000007338
  0.0000001499
 -0.0000008034
  0.0000003823
  0.0000001949
  0.0000001652
 -0.0000007799
  0.0000005506
  0.0000005740
  0.0000000871
  0.0000003816
  0.0000000227
 -0.0000000306
 -0.0000001813
  0.0000001090
 -0.0000021146
 -0.0000004224
 -0.0000003454
 -0.0000015794
 -0.0000004713
 -0.0000003683
 -0.0000005804
 -0.0000008901
  0.0000000804
 -0.0000004717
 -0.0000001956
 -0.0000030057
 -0.0000066627
  0.0000010502
 -0.0000001273
 -0.0000015656
 -0.0000000308
 -0.0000003961
 -0.0000038224
 -0.0000026521
 -0.0000011615
 -0.0000009695
 -0.0000001809
 -0.0000005835
  0.0000000683
  0.0000001716
  0.0000002259
 -0.0000002003
 -0.0000007239
 -0.0000054810
  0.0000009271
  0.0000010503
  0.0000007318
  0.0000001520
  0.0000002392
 -0.0000003649
 -0.0000006151
 -0.0000001474
 -0.0000040824
 -0.0000009229
  0.0000000582
 -0.0000012121
 -0.0000006439
 -0.0000004470
 -0.0000003846
 -0.0000038149
  0.0000000243
 -0.0000007192
 -0.0000001924
 -0.0000000691
 -0.0000021817
 -0.0000107141
  0.0000012718
 -0.0000001288
 -0.0000034930
  0.0000000286
 -0.0000006967
 -0.0000057811
 -0.0000024353
 -0.0000009338
 -0.0000011170
 -0.0000023688
  0.0000003037
 -0.0000020528
 -0.0000007754
 -0.0000001791
 -0.0000002986
 -0.0000000499
 -0.0000019396
  0.0000000007
  0.0000000045
 -0.0000006699
 -0.0000020871
 -0.0000008511
  0.0000000858
  0.0000014454
 -0.0000002854
 -0.0000000958
  0.0000001000
 -0.0000003891
 -0.0000002920
  0.0000003947
  0.0000004447
 -0.0000018070
 -0.0000065947
 -0.0000014009
 -0.0000007164
 -0.0000038503
  0.0000001871
 -0.0000027519
 -0.0000021766
 -0.0000008909
  0.0000000926
 -0.0000002376
  0.0000002085
  0.0000001559
 -0.0000001051
 -0.0000007533
  0.0000005015
 -0.0000003781
  0.0000001229
 -0.0000003772
 -0.0000001207
  0.0000000705
 -0.0000023011
 -0.0000009604
 -0.0000000787
 -0.0000023630
  0.0000001209
 -0.0000003594
 -0.0000002084
  0.0000004969
  0.0000004282
  0.0000001292
 -0.0000021409
 -0.0000002168
 -0.0000017016
 -0.0000006823
 -0.0000003947
 -0.0000005151
 -0.0000000722
 -0.0000015750
 -0.0000010146
 -0.0000015496
 -0.0000000217
 -0.0000009102
 -0.0000014812
 -0.0000003748
 -0.0000021551
 -0.0000009555
 -0.0000001462
 -0.0000006467
 -0.0000004971
 -0.0000006371
 -0.0000000775
  0.0000001964
 -0.0000013752
  0.0000002417
  0.0000001544
  0.0000000025
 -0.0000013567
 -0.0000004906
 -0.0000003387
 -0.0000000284
 -0.0000000575
 -0.0000007551
 -0.0000011799
 -0.0000000028
 -0.0000013123
 -0.0000003173
 -0.0000005281
 -0.0000017493
 -0.0000001997
 -0.0000025064
 -0.0000000405
  0.0000003257
 -0.0000003294
 -0.0000005511
 -0.0000005907
  0.0000002943
  0.0000003441
 -0.0000002157
  0.0000002499
 -0.0000046493
 -0.0000011993
  0.0000002890
 -0.0000007132
 -0.0000003015
  0.0000001849
  0.0000002367
  0.0000001294
  0.0000004504
  0.0000006474
  0.0000001384
  0.0000002817
 -0.0000097089
 -0.0000014224
 -0.0000001578
 -0.0000007508
  0.0000002057
 -0.0000027051
 -0.0000020364
 -0.0000003084
  0.0000005163
 -0.0000001437
  0.0000000928
 -0.0000001601
 -0.0000000089
 -0.0000004040
 -0.0000014200
 -0.0000009533
 -0.0000022463
 -0.0000010815
 -0.0000007583
 -0.0000004663
  0.0000000002
 -0.0000004497
 -0.0000003297
 -0.0000008875
 -0.0000001568
 -0.0000000682
 -0.0000002964
 -0.0000009928
 -0.0000005591
 -0.0000004735
 -0.0000005486
 -0.0000005237
 -0.0000009893
  0.0000003036
 -0.0000002991
 -0.0000030794
 -0.0000006429
 -0.0000006717
 -0.0000000984
 -0.0000000127
 -0.0000001914
 -0.0000003561
  0.0000002780
 -0.0000012981
 -0.0000011871
 -0.0000012374
  0.0000001224
  0.0000011107
  0.0000000020
 -0.0000006141
  0.0000005618
 -0.0000036776
 -0.0000019859
 -0.0000004930
 -0.0000040170
 -0.0000005189
 -0.0000006052
 -0.0000003049
 -0.0000020938
  0.0000007083
  0.0000002595
 -0.0000000375
 -0.0000004533
 -0.0000048837
 -0.0000050047
 -0.0000011186
  0.0000000285
 -0.0000016153
 -0.0000000061
 -0.0000002741
 -0.0000036692
 -0.0000002097
 -0.0000002858
  0.0000002456
 -0.0000028432
 -0.0000008723
 -0.0000022493
  0.0000004318
  0.0000000585
 -0.0000001383
 -0.0000004037
 -0.0000004939
 -0.0000010179
 -0.0000008039
 -0.0000010089
 -0.0000010790
 -0.0000005710
 -0.0000024977
 -0.0000012452
 -0.0000008068
 -0.0000006134
 -0.0000024711
 -0.0000003950
 -0.0000001506
 -0.0000006657
 -0.0000040561
 -0.0000044684
  0.0000002957
 -0.0000011124
 -0.0000029213
 -0.0000004315
 -0.0000042235
 -0.0000033472
 -0.0000014608
 -0.0000009254
 -0.0000005176
  0.0000002292
 -0.0000011361
 -0.0000000885
  0.0000000026
 -0.0000005988
 -0.0000001723
 -0.0000008731
 -0.0000000775
 -0.0000002514
 -0.0000010040
 -0.0000003547
 -0.0000000558
 -0.0000000386
 -0.0000000708
  0.0000008552
  0.0000003943
  0.0000000237
  0.0000000242
 -0.0000001731
 -0.0000001749
 -0.0000005917
 -0.0000009008
 -0.0000000214
 -0.0000013897
 -0.0000006140
 -0.0000009580
 -0.0000005676
  0.0000000494
 -0.0000001712
 -0.0000011725
 -0.0000020696
 -0.0000007158
 -0.0000004997
 -0.0000004975
 -0.0000010396
  0.0000000210
 -0.0000003780
 -0.0000002601
  0.0000000736
 -0.0000004684
 -0.0000006638
 -0.0000001394
 -0.0000002786
 -0.0000004411
 -0.0000011845
 -0.0000004076
 -0.0000003557
 -0.0000004897
  0.0000001780
  0.0000001675
 -0.0000032510
 -0.0000010173
 -0.0000000853
 -0.0000016287
 -0.0000007522
  0.0000000581
 -0.0000017139
 -0.0000000142
 -0.0000010268
  0.0000000586
 -0.0000003000
 -0.0000001496
 -0.0000043603
  0.0000004301
 -0.0000003465
 -0.0000018744
 -0.0000006736
 -0.0000003718
 -0.0000000484
 -0.0000006367
 -0.0000000721
 -0.0000003506
  0.0000005877
  0.0000002151
 -0.0000060326
 -0.0000119925
 -0.0000008207
  0.0000002796
 -0.0000042886
 -0.0000000475
 -0.0000004058
 -0.0000023297
  0.0000014143
 -0.0000009282
 -0.0000002857
  0.0000005728
 -0.0000035655
  0.0000000552
 -0.0000015711
 -0.0000002482
 -0.0000006635
 -0.0000005427
 -0.0000001468
 -0.0000003917
  0.0000002690
 -0.0000003214
 -0.0000006988
 -0.0000017742
 -0.0000001957
 -0.0000005453
 -0.0000010035
 -0.0000009329
 -0.0000003708
 -0.0000003520
 -0.0000010980
 -0.0000004315
  0.0000009422
  0.0000007159
 -0.0000001010
 -0.0000026412
 -0.0000064284
  0.0000003518
 -0.0000007837
 -0.0000015419
 -0.0000005921
 -0.0000000744
 -0.0000020357
 -0.0000029339
 -0.0000004231
  0.0000007113
 -0.0000015584
  0.0000015330
  0.0000004962
 -0.0000029414
  0.0000008319
  0.0000008245
  0.0000001420
  0.0000005225
 -0.0000003205
  0.0000006932
  0.0000011092
  0.0000006348
 -0.0000052325
 -0.0000003248
  0.0000006053
 -0.0000033861
  0.0000001745
  0.0000004899
  0.0000009110
 -0.0000027818
  0.0000005127
  0.0000015007
  0.0000018664
  0.0000003992
 -0.0000027824
 -0.0000190459
  0.0000007048
  0.0000000629
 -0.0000029157
  0.0000006026
  0.0000005276
 -0.0000035166
 -0.0000004913
  0.0000008910
  0.0000001246
 -0.0000021681
 -0.0000003200
 -0.0000023868
 -0.0000000700
 -0.0000000868
 -0.0000001910
 -0.0000004162
  0.0000001322
 -0.0000003124
  0.0000000107
 -0.0000005624
 -0.0000000000
 -0.0000001266
 -0.0000031476
  0.0000002915
  0.0000008753
 -0.0000000904
 -0.0000048936
 -0.0000111901
 -0.0000002428
 -0.0000041737
 -0.0000002743
 -0.0000021171
 -0.0000019229
 -0.0000004426
  0.0000004969
 -0.0000021314
 -0.0000014526
 -0.0000001302
 -0.0000007955
 -0.0000010487
 -0.0000008603
 -0.0000000269
 -0.0000007026
 -0.0000000549
 -0.0000007421
 -0.0000007026
 -0.0000012003
 -0.0000001065
 -0.0000000601
  0.0000003366
 -0.0000000104
 -0.0000006244
 -0.0000001729
  0.0000005612
 -0.0000004941
 -0.0000017751
 -0.0000013096
 -0.0000007778
 -0.0000021346
 -0.0000003144
  0.0000001775
 -0.0000015653
 -0.0000006621
  0.0000003875
 -0.0000016536
 -0.0000000045
 -0.0000020901
  0.0000001297
  0.0000002837
 -0.0000013265
  0.0000002404
 -0.0000002203
  0.0000005498
 -0.0000010411
 -0.0000010742
 -0.0000038394
 -0.0000003214
  0.0000001311
 -0.0000002757
 -0.0000015005
 -0.0000000505
  0.0000001079
 -0.0000007490
 -0.0000000533
  0.0000005780
  0.0000000740
 -0.0000033009
 -0.0000095153
  0.0000000506
 -0.0000006558
 -0.0000017221
  0.0000001033
  0.0000001576
 -0.0000039986
 -0.0000001709
 -0.0000005328
 -0.0000003391
 -0.0000008240
 -0.0000012408
 -0.0000013658
 -0.0000004762
 -0.0000002877
 -0.0000004782
 -0.0000008613
 -0.0000011644
 -0.0000013742
 -0.0000012691
 -0.0000008398
 -0.0000016745
 -0.0000000524
 -0.0000017562
 -0.0000006417
 -0.0000004287
 -0.0000004069
  0.0000000937
 -0.0000001557
 -0.0000011951
 -0.0000012315
 -0.0000014995
  0.0000002219
 -0.0000003857
 -0.0000006998
 -0.0000005710
  0.0000003299
 -0.0000001009
 -0.0000006186
  0.0000005610
 -0.0000001193
 -0.0000004387
  0.0000005001
  0.0000002966
 -0.0000001229
 -0.0000007117
 -0.0000000164
 -0.0000000816
  0.0000001514
 -0.0000009431
 -0.0000020266
 -0.0000002435
 -0.0000001512
 -0.0000006544
 -0.0000017157
 -0.0000005487
 -0.0000019982
 -0.0000023147
  0.0000000070
 -0.0000004832
 -0.0000016882
 -0.0000005632
 -0.0000009491
 -0.0000025336
 -0.0000005550
 -0.0000000260
 -0.0000013653
  0.0000003825
 -0.0000002534
 -0.0000012848
 -0.0000005262
 -0.0000001177
 -0.0000000793
  0.0000002039
 -0.0000009688
  0.0000002246
 -0.0000010904
 -0.0000001323
 -0.0000015287
 -0.0000010242
  0.0000000337
 -0.0000007214
 -0.0000001678
  0.0000000106
 -0.0000007399
 -0.0000002624
 -0.0000039794
 -0.0000011741
 -0.0000003832
  0.0000001074
 -0.0000003650
 -0.0000003926
 -0.0000003627
  0.0000004515
 -0.0000001608
 -0.0000005652
  0.0000000495
 -0.0000020888
 -0.0000003784
 -0.0000032232
 -0.0000002835
 -0.0000012254
 -0.0000001127
  0.0000000103
 -0.0000001681
 -0.0000006652
  0.0000000485
 -0.0000000252
  0.0000002664
 -0.0000012878
 -0.0000006848
 -0.0000002433
 -0.0000007416
 -0.0000010043
 -0.0000008149
 -0.0000004963
 -0.0000000224
 -0.0000000310
 -0.0000006813
 -0.0000006363
 -0.0000004597
 -0.0000014217
  0.0000000511
 -0.0000003098
 -0.0000021369
 -0.0000002743
 -0.0000002390
 -0.0000007899
 -0.0000005910
 -0.0000012290
 -0.0000004550
 -0.0000004261
 -0.0000001526
 -0.0000009167
 -0.0000007326
 -0.0000004346
 -0.0000002923
 -0.0000016586
 -0.0000010159
 -0.0000001256
 -0.0000001641
 -0.0000006068
 -0.0000002093
 -0.0000000163
 -0.0000005103
 -0.0000005451
 -0.0000003100
  0.0000002400
 -0.0000011979
 -0.0000001324
 -0.0000004868
 -0.0000002023
 -0.0000002922
 -0.0000015159
 -0.0000007735
 -0.0000005826
 -0.0000000148
 -0.0000008163
 -0.0000004859
  0.0000001914
 -0.0000000467
 -0.0000004074
 -0.0000013634
 -0.0000004065
 -0.0000000435
 -0.0000012291
 -0.0000007564
  0.0000004836
 -0.0000004163
  0.0000000150
 -0.0000009202
 -0.0000028443
 -0.0000014113
 -0.0000002312
 -0.0000007461
 -0.0000003172
 -0.0000003056
 -0.0000000455
 -0.0000009978
 -0.0000001122
 -0.0000010832
 -0.0000000728
  0.0000002737
 -0.0000005502
 -0.0000000282
  0.0000006056
 -0.0000004345
 -0.0000001957
 -0.0000006813
 -0.0000011996
 -0.0000001791
 -0.0000006219
  0.0000000833
  0.0000006053
  0.0000007308
  0.0000000565
 -0.0000019164
  0.0000000734
 -0.0000022103
 -0.0000022685
 -0.0000005384
 -0.0000000416
 -0.0000014709
 -0.0000019055
  0.0000000335
 -0.0000015990
 -0.0000003265
 -0.0000004110
 -0.0000002136
 -0.0000013661
 -0.0000023839
 -0.0000012544
  0.0000018597
 -0.0000011585
 -0.0000013267
 -0.0000043781
 -0.0000007393
  0.0000002136
 -0.0000006615
 -0.0000022819
 -0.0000001134
 -0.0000003980
 -0.0000004165
 -0.0000011797
 -0.0000015807
 -0.0000033410
 -0.0000017478
 -0.0000004549
 -0.0000006388
 -0.0000005115
 -0.0000006227
 -0.0000004281
