  0.0000089175
  0.0000094207
  0.0000087362
  0.0000015829
  0.0000016379
  0.0000059273
 -0.0000037459
  0.0000025886
  0.0000063525
  0.0000075560
  0.0000066255
  0.0000074726
  0.0000154137
  0.0000214693
  0.0000050397
 -0.0002152793
  0.0000011950
  0.0000034522
  0.0000012744
  0.0000112230
 -0.0000115816
  0.0000098022
 -0.0000074425
 -0.0000018101
 -0.0000062918
  0.0000003583
  0.0000519764
 -0.0000341959
  0.0000046883
  0.0000205545
  0.0000087841
  0.0000068473
  0.0000058472
 -0.0000006754
 -0.0000034609
 -0.0000088992
 -0.0000009175
  0.0000030232
  0.0000056160
 -0.0000049490
 -0.0000389206
  0.0000130116
  0.0000938856
 -0.0000007741
 -0.0000006615
  0.0000034883
  0.0000059873
 -0.0000036991
 -0.0000008385
  0.0000022497
  0.0000043345
  0.0000056363
  0.0000010091
 -0.0000117559
  0.0000037449
  0.0000000912
  0.0000132375
  0.0000001901
  0.0000015108
 -0.0000030133
  0.0000064960
  0.0000006325
 -0.0000008998
  0.0000043035
 -0.0000152234
 -0.0000002995
 -0.0000013614
  0.0000057893
  0.0000018002
  0.0000266066
  0.0000034923
  0.0000004315
  0.0000022603
 -0.0000014532
 -0.0000016786
 -0.0000002913
 -0.0000008311
 -0.0000006458
  0.0000006398
 -0.0000007490
 -0.0000008549
 -0.0000008508
 -0.0000008382
  0.0000001526
 -0.0000011617
 -0.0000005356
 -0.0000012434
 -0.0000012049
 -0.0000012107
 -0.0000001961
  0.0000020693
 -0.0000010195
 -0.0000039388
 -0.0000036126
  0.0000013402
  0.0000064014
 -0.0000015056
  0.0000023422
  0.0000028519
  0.0000023250
  0.0000061652
  0.0000023418
 -0.0000026684
 -0.0000016456
  0.0000003663
  0.0000014448
  0.0000034585
 -0.0000027857
  0.0000010338
  0.0000023290
 -0.0000013483
 -0.0000019943
 -0.0000010940
  0.0000009769
  0.0000000624
  0.0000022983
  0.0000047661
  0.0000001626
  0.0000014968
 -0.0000020695
  0.0000007963
 -0.0000026470
 -0.0000076783
  0.0000003067
 -0.0000027379
 -0.0000032020
 -0.0000027026
 -0.0000011238
 -0.0000001191
  0.0000004744
  0.0000013247
 -0.0000017479
 -0.0000017952
 -0.0000047813
  0.0000016401
 -0.0000015874
 -0.0000021488
 -0.0000005866
 -0.0000009611
 -0.0000018936
 -0.0000023830
 -0.0000025601
 -0.0000008837
 -0.0000012862
  0.0000011584
  0.0000029000
  0.0000071533
 -0.0000042739
 -0.0000015858
  0.0000097969
  0.0000062789
  0.0000132064
  0.0000028917
 -0.0000239393
  0.0000097078
  0.0000244396
  0.0000174572
  0.0000076454
  0.0000011282
  0.0000013898
  0.0000134876
  0.0000512805
 -0.0000068541
  0.0000117820
  0.0000085870
  0.0000130211
  0.0000386226
 -0.0000092622
  0.0000110929
  0.0000114955
  0.0000478570
 -0.0000032233
  0.0000347737
  0.0000045233
 -0.0000015304
  0.0000005767
 -0.0000053640
  0.0000035183
  0.0000043598
 -0.0000021392
 -0.0000254123
 -0.0000056024
  0.0000008416
  0.0000068524
  0.0000030067
  0.0000030802
  0.0000099522
  0.0000054521
  0.0000016268
  0.0000067800
  0.0000010128
 -0.0000513570
 -0.0000083782
 -0.0000014629
  0.0000044522
  0.0000135876
  0.0000067719
  0.0000037781
  0.0000138530
 -0.0000007737
 -0.0000035392
 -0.0000000035
  0.0000004262
 -0.0000002092
  0.0000004341
  0.0000002958
  0.0000000279
  0.0000001510
 -0.0000005501
 -0.0000003020
  0.0000010143
  0.0000006952
  0.0000004617
 -0.0000004934
  0.0000005782
  0.0000005881
 -0.0000004586
 -0.0000029681
 -0.0000052032
 -0.0000050730
  0.0000010085
 -0.0000019222
  0.0000012603
 -0.0000012111
 -0.0000040695
 -0.0000034901
 -0.0000043745
 -0.0000006833
 -0.0000019950
  0.0000003994
  0.0000011994
 -0.0000004397
 -0.0000007786
  0.0000008611
 -0.0000042616
  0.0000002614
 -0.0000010790
 -0.0000013247
 -0.0000000719
 -0.0000031319
 -0.0000006968
 -0.0000002382
 -0.0000002872
 -0.0000006249
  0.0000002559
  0.0000084926
 -0.0000029104
  0.0000046945
  0.0000024407
 -0.0000036938
 -0.0000008509
 -0.0000052135
 -0.0000010841
 -0.0000034895
 -0.0000001325
  0.0000010494
  0.0000010771
 -0.0000017352
  0.0000126600
 -0.0000025573
  0.0000058018
  0.0000071354
  0.0000080045
  0.0000190929
 -0.0000050065
  0.0000296426
 -0.0000071777
  0.0000106018
 -0.0002349295
 -0.0000092451
 -0.0000045107
  0.0000014788
  0.0000575531
 -0.0000329764
 -0.0000029662
 -0.0000078373
  0.0000186058
  0.0000052413
 -0.0000024322
  0.0000014384
 -0.0000032950
 -0.0000514365
  0.0000126436
  0.0000770316
 -0.0000073109
  0.0000003979
  0.0000124720
  0.0000054931
 -0.0000059755
 -0.0000032573
  0.0000043253
  0.0000034980
  0.0000054972
  0.0000013585
 -0.0000099455
  0.0000043578
 -0.0000009676
  0.0000100206
  0.0000017840
  0.0000019161
  0.0000014468
  0.0000118001
  0.0000024911
  0.0000042252
  0.0000037856
 -0.0000163140
  0.0000007061
 -0.0000027907
  0.0000079220
  0.0000059088
  0.0000046402
  0.0000041472
  0.0000000187
 -0.0000009965
 -0.0000008911
 -0.0000005990
 -0.0000009801
 -0.0000005193
  0.0000005652
  0.0000011093
 -0.0000003593
 -0.0000004777
 -0.0000020103
 -0.0000011658
 -0.0000007407
 -0.0000001142
 -0.0000010962
 -0.0000010578
 -0.0000002429
  0.0000028809
 -0.0000041816
 -0.0000045414
 -0.0000044628
  0.0000000145
  0.0000049960
 -0.0000007846
  0.0000029479
  0.0000030176
  0.0000027587
  0.0000039991
  0.0000019718
  0.0000007580
 -0.0000009147
 -0.0000006068
  0.0000020485
  0.0000034779
 -0.0000061417
  0.0000010115
 -0.0000075573
 -0.0000000577
 -0.0000056315
 -0.0000000490
 -0.0000005779
  0.0000006538
  0.0000028274
  0.0000003286
 -0.0000059750
 -0.0000025322
 -0.0000005938
 -0.0000020123
 -0.0000000069
 -0.0000023851
 -0.0000046967
 -0.0000032858
 -0.0000039315
  0.0000013722
 -0.0000007805
  0.0000005661
 -0.0000021193
 -0.0000056216
  0.0000018155
 -0.0000026603
 -0.0000001350
  0.0000112813
  0.0000040142
  0.0000084317
  0.0000022732
  0.0000068969
  0.0000235501
 -0.0000001247
  0.0000326232
 -0.0000025396
  0.0000177859
 -0.0002433367
 -0.0000151329
  0.0000054917
 -0.0000006790
  0.0000086092
  0.0000046139
  0.0000544603
 -0.0000297654
 -0.0000054704
 -0.0000041482
  0.0000183271
  0.0000082689
 -0.0000010869
  0.0000020637
  0.0000020301
 -0.0000026168
 -0.0000036277
 -0.0000656630
  0.0000080692
  0.0000698823
 -0.0000086074
  0.0000074631
  0.0000193307
 -0.0000035083
  0.0000013673
 -0.0000065224
  0.0000014498
 -0.0000055380
 -0.0000043341
  0.0000034871
 -0.0000093575
  0.0000039898
  0.0000011127
 -0.0000009094
 -0.0000071468
 -0.0000037035
  0.0000027794
 -0.0000005784
  0.0000045709
 -0.0000030823
 -0.0000069209
 -0.0000140340
  0.0000031596
 -0.0000006331
  0.0000093358
  0.0000005490
 -0.0000022542
 -0.0000014613
  0.0000049499
  0.0000062731
  0.0000012469
  0.0000005188
 -0.0000001726
  0.0000005767
  0.0000005264
 -0.0000000708
 -0.0000002131
  0.0000000456
 -0.0000002171
  0.0000015681
  0.0000016254
  0.0000006467
 -0.0000000830
  0.0000012253
  0.0000012233
 -0.0000001433
  0.0000037469
  0.0000017622
  0.0000029021
 -0.0000023944
 -0.0000007237
  0.0000019343
 -0.0000045871
  0.0000036211
 -0.0000037275
 -0.0000015982
  0.0000020510
 -0.0000000369
  0.0000011844
  0.0000015533
 -0.0000015944
 -0.0000012711
  0.0000010222
  0.0000040204
 -0.0000007645
  0.0000011021
  0.0000001227
  0.0000024979
  0.0000027165
  0.0000008690
  0.0000024821
  0.0000001779
  0.0000017574
 -0.0000002503
 -0.0000004703
  0.0000024940
 -0.0000026303
 -0.0000003313
 -0.0000005477
 -0.0000057060
 -0.0000018489
 -0.0000009483
  0.0000008563
 -0.0000018446
 -0.0000003914
 -0.0000011958
 -0.0000014992
  0.0000013670
 -0.0000016418
 -0.0000011425
  0.0000031474
 -0.0000001618
  0.0000036454
  0.0000017945
  0.0000008831
 -0.0000005718
  0.0000108940
 -0.0000023840
  0.0000040476
 -0.0000107985
  0.0000004044
 -0.0000103697
  0.0000021665
 -0.0002486346
 -0.0000312765
  0.0000032288
 -0.0000011240
 -0.0000067117
  0.0000034678
 -0.0000020031
  0.0000373718
 -0.0000186269
 -0.0000003588
  0.0000153468
 -0.0000005091
  0.0000031522
 -0.0000111161
  0.0000037902
 -0.0000096021
 -0.0000888000
  0.0000051567
  0.0000586972
 -0.0000150478
  0.0000042460
  0.0000171870
  0.0000014435
 -0.0000023005
 -0.0000073200
 -0.0000016911
 -0.0000013626
  0.0000009276
 -0.0000012229
 -0.0000145146
  0.0000040294
 -0.0000034687
 -0.0000013760
 -0.0000077203
  0.0000012622
 -0.0000005343
 -0.0000007634
  0.0000042598
 -0.0000048324
 -0.0000074470
 -0.0000211047
 -0.0000016761
 -0.0000054818
  0.0000091374
 -0.0000002758
  0.0000264889
  0.0000028920
 -0.0000003707
  0.0000043588
  0.0000033870
 -0.0000038486
 -0.0000019813
 -0.0000021480
 -0.0000019817
 -0.0000020309
 -0.0000022028
 -0.0000021480
 -0.0000021688
 -0.0000023357
 -0.0000017655
 -0.0000020075
 -0.0000018841
 -0.0000020607
 -0.0000020447
 -0.0000020548
 -0.0000027087
  0.0000006607
 -0.0000073510
 -0.0000052679
 -0.0000068787
 -0.0000029509
 -0.0000005453
 -0.0000016871
  0.0000003172
  0.0000014982
 -0.0000007696
  0.0000000889
 -0.0000009795
  0.0000009611
 -0.0000016194
 -0.0000016336
  0.0000011721
  0.0000001367
 -0.0000042169
  0.0000005350
 -0.0000018008
  0.0000003496
 -0.0000023517
 -0.0000022833
 -0.0000023965
 -0.0000005558
 -0.0000005397
 -0.0000003692
 -0.0000032108
  0.0000004498
 -0.0000051621
  0.0000004683
 -0.0000048556
 -0.0000006910
  0.0000011293
 -0.0000000958
 -0.0000006288
 -0.0000022492
 -0.0000069571
 -0.0000008401
 -0.0000004828
 -0.0000012195
  0.0000021130
 -0.0000002045
  0.0000012630
  0.0000073766
  0.0000033327
  0.0000045223
  0.0000394056
  0.0000014520
  0.0000492819
 -0.0000031933
  0.0000294495
 -0.0002353950
  0.0000149824
 -0.0000299102
  0.0000309250
 -0.0000013242
 -0.0000038174
  0.0000191042
  0.0000004816
  0.0000486927
  0.0000031567
 -0.0000171692
 -0.0000049779
  0.0000212278
 -0.0000017306
  0.0000019106
 -0.0000036642
 -0.0000033883
  0.0000069617
  0.0000017021
 -0.0000135474
 -0.0000836290
  0.0000027396
  0.0000558206
 -0.0000147046
  0.0000007392
  0.0000258953
  0.0000046521
  0.0000030147
  0.0000053004
 -0.0000025698
  0.0000036500
  0.0000039953
 -0.0000033335
 -0.0000176119
 -0.0000047810
 -0.0000014458
  0.0000127675
 -0.0000024189
  0.0000030283
  0.0000023031
  0.0000119180
 -0.0000007916
 -0.0000001617
  0.0000058094
 -0.0000251497
 -0.0000067655
 -0.0000047649
  0.0000017347
  0.0000121081
  0.0000040579
  0.0000044597
 -0.0000031810
  0.0000000457
 -0.0000022609
 -0.0000023457
 -0.0000014758
 -0.0000022375
 -0.0000014817
 -0.0000002978
 -0.0000003914
 -0.0000008094
 -0.0000014700
 -0.0000013580
 -0.0000012464
 -0.0000020151
 -0.0000013578
 -0.0000018646
 -0.0000014896
 -0.0000014970
  0.0000009848
  0.0000016110
  0.0000010609
  0.0000025665
  0.0000005535
 -0.0000031352
  0.0000005458
 -0.0000012661
  0.0000005404
  0.0000004554
  0.0000004000
  0.0000017279
  0.0000044019
 -0.0000010310
  0.0000000467
  0.0000049480
  0.0000025682
  0.0000039125
  0.0000019309
  0.0000032534
  0.0000011164
  0.0000000582
  0.0000005428
  0.0000011432
  0.0000030480
 -0.0000007313
  0.0000017037
 -0.0000021269
  0.0000010501
 -0.0000014753
  0.0000027005
  0.0000062887
  0.0000014933
 -0.0000027124
  0.0000036981
  0.0000029514
  0.0000018423
 -0.0000006368
  0.0000025271
  0.0000008429
 -0.0000012448
 -0.0000004144
 -0.0000028894
  0.0000010883
 -0.0000008934
 -0.0000006967
  0.0000039869
 -0.0000011500
  0.0000023348
  0.0000028830
 -0.0000024473
  0.0000038067
 -0.0000009400
 -0.0000007404
  0.0000080154
  0.0000063446
  0.0000087936
  0.0000048000
  0.0000248938
  0.0000353187
  0.0000055088
  0.0000198329
 -0.0002357025
  0.0000090030
 -0.0000206076
  0.0000069956
  0.0000133834
  0.0000056988
  0.0000108068
  0.0000082237
  0.0000011934
  0.0000561883
 -0.0000313842
 -0.0000110263
  0.0000168502
  0.0000113705
  0.0000007525
  0.0000061205
  0.0000070477
 -0.0000025877
 -0.0000021744
  0.0000015904
 -0.0000102586
 -0.0000732243
  0.0000001596
  0.0000596253
 -0.0000126331
 -0.0000010185
  0.0000221180
  0.0000035981
  0.0000018489
  0.0000006086
 -0.0000038237
  0.0000025977
  0.0000023478
 -0.0000001149
 -0.0000147333
 -0.0000069086
 -0.0000011581
  0.0000099174
 -0.0000069007
  0.0000020353
  0.0000018022
  0.0000061892
 -0.0000029503
 -0.0000041402
 -0.0000000515
 -0.0000212476
 -0.0000029625
 -0.0000039739
 -0.0000006264
  0.0000061273
  0.0000349789
  0.0000029553
 -0.0000056615
 -0.0000017941
 -0.0000019075
 -0.0000008325
 -0.0000009628
 -0.0000018032
 -0.0000011564
 -0.0000019894
 -0.0000015917
 -0.0000003825
 -0.0000006976
 -0.0000013970
  0.0000039205
 -0.0000011462
 -0.0000006688
  0.0000020061
  0.0000048043
 -0.0000018118
 -0.0000026894
  0.0000023322
 -0.0000008504
 -0.0000022400
  0.0000048478
  0.0000035683
 -0.0000035514
  0.0000021222
 -0.0000000503
 -0.0000001168
  0.0000025472
 -0.0000046209
 -0.0000023226
  0.0000050910
 -0.0000028713
  0.0000015178
 -0.0000000673
  0.0000002318
 -0.0000006156
 -0.0000020009
  0.0000031188
 -0.0000021425
  0.0000027797
  0.0000006711
  0.0000007273
  0.0000012160
 -0.0000024013
 -0.0000038574
 -0.0000009372
  0.0000018212
 -0.0000018261
  0.0000020483
  0.0000005685
  0.0000030091
 -0.0000023023
  0.0000016024
  0.0000058994
 -0.0000000186
  0.0000004199
  0.0000027212
  0.0000006766
 -0.0000007640
 -0.0000015962
 -0.0000019658
 -0.0000009472
  0.0000013126
  0.0000017297
  0.0000007066
  0.0000026409
  0.0000023388
  0.0000034790
  0.0000033147
  0.0000027040
 -0.0000004251
  0.0000153479
  0.0000024987
 -0.0000071253
  0.0000012170
  0.0000021413
  0.0000072864
  0.0000715570
  0.0000035412
  0.0000069641
 -0.0000066862
  0.0000099205
  0.0000565481
  0.0000013280
  0.0000027103
  0.0000183832
  0.0000015049
 -0.0000005006
  0.0000054126
  0.0000764051
  0.0000084694
 -0.0000127449
  0.0000002581
  0.0000037546
  0.0000062046
  0.0000428806
 -0.0000374501
 -0.0000064115
  0.0000257562
  0.0000010224
 -0.0000057898
 -0.0000031139
 -0.0000104778
  0.0000004367
 -0.0000014100
 -0.0000017536
 -0.0000273848
 -0.0000040430
 -0.0000029688
  0.0000033108
 -0.0000021875
 -0.0000013890
  0.0000027585
  0.0000015533
  0.0000030480
  0.0000012887
 -0.0000038158
 -0.0000426422
 -0.0000130367
 -0.0000052271
  0.0000064932
  0.0000091178
  0.0000276327
  0.0000014660
  0.0000033845
  0.0000024557
 -0.0000073760
 -0.0000034600
  0.0000002564
  0.0000002735
  0.0000003426
 -0.0000001588
  0.0000010482
  0.0000011724
  0.0000003465
 -0.0000000650
  0.0000023118
  0.0000014635
  0.0000004154
  0.0000000072
  0.0000010257
  0.0000011212
 -0.0000002533
  0.0000009738
  0.0000005539
 -0.0000003360
 -0.0000010116
 -0.0000015437
 -0.0000026077
  0.0000010680
 -0.0000004233
  0.0000010631
 -0.0000014020
 -0.0000015553
  0.0000006325
 -0.0000005853
 -0.0000018262
 -0.0000010997
  0.0000037393
  0.0000001726
  0.0000002343
 -0.0000000104
  0.0000020797
 -0.0000010505
 -0.0000005124
  0.0000014194
 -0.0000026497
 -0.0000005433
 -0.0000027457
 -0.0000010013
 -0.0000005385
 -0.0000001623
  0.0000040714
 -0.0000015095
 -0.0000001544
  0.0000020369
 -0.0000003341
 -0.0000026728
  0.0000012916
 -0.0000000564
 -0.0000030847
  0.0000002944
 -0.0000005444
 -0.0000009407
 -0.0000028383
 -0.0000012499
  0.0000025003
 -0.0000021898
  0.0000011481
  0.0000014134
  0.0000144217
  0.0000031459
 -0.0000014960
  0.0000126415
 -0.0000066774
  0.0000148420
  0.0000092673
  0.0000192181
  0.0000109183
  0.0000099756
  0.0000155662
  0.0000144941
  0.0000064312
  0.0000147985
 -0.0000776330
  0.0000092238
  0.0000100785
  0.0000046291
  0.0000060196
  0.0000008032
  0.0000136507
  0.0000121083
 -0.0000615310
  0.0000188183
  0.0000124329
  0.0000118544
  0.0000025775
  0.0000112713
 -0.0000093903
 -0.0000094818
  0.0000101602
 -0.0000299019
 -0.0001518420
  0.0000109356
  0.0000479989
 -0.0000285352
  0.0000039261
  0.0000351761
 -0.0000040777
  0.0000037051
 -0.0000081929
  0.0000015547
 -0.0000060460
  0.0000043101
  0.0000025794
 -0.0000248040
  0.0000058469
  0.0000048015
  0.0000056951
  0.0000063422
  0.0000022266
  0.0000107233
 -0.0000011805
 -0.0000041415
  0.0000106620
 -0.0000102925
 -0.0000378292
 -0.0000099771
  0.0000017787
  0.0000029383
 -0.0000019233
  0.0000298644
 -0.0000043631
  0.0000128101
  0.0000048495
 -0.0000008812
  0.0000044661
  0.0000002957
 -0.0000019765
 -0.0000012807
 -0.0000020625
 -0.0000002072
  0.0000004648
  0.0000016924
 -0.0000007726
 -0.0000009776
  0.0000017439
 -0.0000023290
  0.0000026501
  0.0000014039
 -0.0000008208
 -0.0000005047
 -0.0000002792
 -0.0000028675
  0.0000009529
 -0.0000002765
  0.0000031662
 -0.0000001771
 -0.0000003669
  0.0000050494
 -0.0000003598
 -0.0000009124
  0.0000014238
 -0.0000019551
  0.0000018115
 -0.0000007281
  0.0000008072
  0.0000033248
  0.0000002527
  0.0000004757
 -0.0000018428
  0.0000012952
 -0.0000013374
  0.0000017485
  0.0000082950
 -0.0000013250
 -0.0000041872
  0.0000082675
  0.0000028715
 -0.0000006814
 -0.0000009117
 -0.0000012970
 -0.0000023887
 -0.0000025141
 -0.0000013955
  0.0000007340
 -0.0000013525
 -0.0000021996
 -0.0000006401
  0.0000020503
  0.0000034117
  0.0000004486
  0.0000006061
 -0.0000041263
 -0.0000001549
  0.0000052980
 -0.0000032656
  0.0000035932
  0.0000061931
  0.0000031593
  0.0000177798
  0.0000004038
  0.0000243038
 -0.0002220525
  0.0000005060
 -0.0000122703
  0.0000057298
  0.0000567975
 -0.0000308628
  0.0000052215
  0.0000011918
  0.0000214901
  0.0000031394
 -0.0000065045
 -0.0000419451
  0.0000192638
  0.0000938131
  0.0000002107
 -0.0000001986
  0.0000087527
  0.0000022393
  0.0000016524
  0.0000024236
  0.0000079916
  0.0000028496
  0.0000017779
  0.0000003466
 -0.0000068885
  0.0000014278
  0.0000056723
  0.0000136805
  0.0000015275
 -0.0000000011
  0.0000016401
  0.0000037353
  0.0000006251
 -0.0000005753
  0.0000053957
 -0.0000098576
  0.0000051064
  0.0000032006
  0.0000063062
  0.0000063382
  0.0000008811
  0.0000007363
 -0.0000017844
  0.0000032922
 -0.0000001436
  0.0000001068
 -0.0000001584
 -0.0000002699
 -0.0000019023
 -0.0000021234
 -0.0000001686
 -0.0000000981
  0.0000000143
  0.0000001396
 -0.0000001958
 -0.0000000708
  0.0000001805
  0.0000000374
 -0.0000001924
  0.0000033294
  0.0000056093
  0.0000013782
  0.0000023559
  0.0000032964
  0.0000051953
 -0.0000018167
  0.0000022666
  0.0000001545
 -0.0000007122
  0.0000045458
 -0.0000024587
 -0.0000008877
 -0.0000019729
  0.0000008058
  0.0000015453
  0.0000039472
  0.0000018088
  0.0000008595
  0.0000002395
  0.0000013708
 -0.0000011184
  0.0000004937
 -0.0000002583
  0.0000016409
  0.0000015417
  0.0000014982
  0.0000008462
  0.0000016542
 -0.0000012964
 -0.0000003732
 -0.0000004013
  0.0000015984
 -0.0000015522
 -0.0000013194
  0.0000040814
  0.0000016724
  0.0000003392
 -0.0000004472
 -0.0000020605
 -0.0000016786
  0.0000003910
 -0.0000023309
  0.0000056652
 -0.0000097624
  0.0000095618
  0.0000092148
  0.0000144823
  0.0000046606
  0.0000008893
  0.0000204182
  0.0000351752
  0.0000018656
  0.0000137278
 -0.0002292542
  0.0000093157
 -0.0000133004
  0.0000082086
  0.0000125218
 -0.0000056561
  0.0000054107
  0.0000050166
 -0.0000068311
  0.0000055044
  0.0000611518
 -0.0000263521
 -0.0000045440
  0.0000179265
  0.0000077443
  0.0000022728
 -0.0000003621
  0.0000013499
 -0.0000179890
  0.0000011904
  0.0000043901
 -0.0000040612
  0.0000016114
 -0.0000004515
 -0.0000527903
  0.0000079759
  0.0000737824
 -0.0000088025
  0.0000079126
  0.0000209678
 -0.0000065636
  0.0000074291
 -0.0000055666
  0.0000018880
 -0.0000069134
 -0.0000046401
 -0.0000010047
 -0.0000069329
 -0.0000028445
  0.0000001089
 -0.0000005784
 -0.0000086476
 -0.0000097178
  0.0000039124
 -0.0000017232
 -0.0000038054
 -0.0000049317
 -0.0000069250
 -0.0000099078
  0.0000074767
 -0.0000019591
  0.0000010197
 -0.0000005273
  0.0000336145
 -0.0000083059
 -0.0000030595
  0.0000059341
 -0.0000008638
  0.0000009354
 -0.0000006876
  0.0000008752
  0.0000009871
  0.0000001455
 -0.0000000283
 -0.0000004450
  0.0000001641
  0.0000002920
  0.0000009124
  0.0000009540
 -0.0000007741
  0.0000009929
  0.0000011948
  0.0000007402
 -0.0000018625
  0.0000009697
  0.0000012067
  0.0000014517
  0.0000000415
  0.0000024009
 -0.0000017849
 -0.0000019159
 -0.0000025641
  0.0000002500
  0.0000010324
 -0.0000019266
 -0.0000023149
 -0.0000039063
 -0.0000015227
 -0.0000011691
  0.0000017063
 -0.0000005832
  0.0000009923
  0.0000014278
 -0.0000005702
 -0.0000010099
 -0.0000017490
 -0.0000007262
 -0.0000019458
 -0.0000033634
  0.0000002576
 -0.0000017400
  0.0000018372
  0.0000039638
 -0.0000006382
 -0.0000025597
 -0.0000010549
 -0.0000070196
 -0.0000000976
 -0.0000056011
  0.0000003744
  0.0000009387
 -0.0000015775
 -0.0000008057
 -0.0000047283
  0.0000048099
  0.0000043514
 -0.0000019663
 -0.0000000568
  0.0000060518
 -0.0000016060
 -0.0000000697
  0.0000001598
  0.0000009513
 -0.0000004859
 -0.0000021585
 -0.0000005294
 -0.0000005710
  0.0000013201
  0.0000104777
  0.0000018164
  0.0000112542
  0.0000460729
 -0.0000025808
  0.0000503379
 -0.0000007113
  0.0000366596
 -0.0002326486
  0.0000253496
 -0.0000269426
  0.0000282097
 -0.0000043139
 -0.0000114099
  0.0000257152
  0.0000038065
  0.0000501746
  0.0000020906
 -0.0000139790
 -0.0000050589
  0.0000256218
  0.0000070795
 -0.0000056904
  0.0000005472
  0.0000055977
 -0.0000025348
  0.0000008498
  0.0000134790
 -0.0000119110
 -0.0000841369
  0.0000044606
  0.0000616398
 -0.0000164695
 -0.0000015025
  0.0000327631
 -0.0000011521
 -0.0000013949
 -0.0000018515
 -0.0000035529
 -0.0000008529
 -0.0000040645
 -0.0000017735
 -0.0000124861
  0.0000022234
 -0.0000029861
  0.0000056174
 -0.0000021946
 -0.0000043477
  0.0000066449
  0.0000033186
  0.0000078188
  0.0000012003
 -0.0000003301
 -0.0000209748
 -0.0000017330
 -0.0000043847
  0.0000117630
  0.0000112256
 -0.0000008976
 -0.0000051541
  0.0000085076
 -0.0000030321
 -0.0000038816
 -0.0000001630
 -0.0000006428
  0.0000009286
 -0.0000016550
 -0.0000011325
 -0.0000018430
  0.0000007823
 -0.0000003347
  0.0000009605
 -0.0000006441
  0.0000003752
 -0.0000005964
  0.0000037228
 -0.0000010982
 -0.0000030072
 -0.0000002080
 -0.0000041761
  0.0000006962
 -0.0000000745
 -0.0000012752
 -0.0000017987
  0.0000012886
 -0.0000007827
  0.0000014278
 -0.0000028518
  0.0000004929
  0.0000008499
  0.0000000637
 -0.0000012968
 -0.0000001245
 -0.0000006961
 -0.0000038680
 -0.0000005239
  0.0000007453
 -0.0000024369
 -0.0000018964
 -0.0000024449
 -0.0000024372
  0.0000044957
 -0.0000004274
  0.0000040413
  0.0000005201
 -0.0000010992
  0.0000002845
  0.0000057918
  0.0000013751
 -0.0000025925
 -0.0000024611
 -0.0000024462
  0.0000010028
  0.0000045616
  0.0000077432
 -0.0000020135
 -0.0000073161
  0.0000051531
  0.0000006073
 -0.0000032302
 -0.0000022016
 -0.0000003138
 -0.0000010780
 -0.0000017100
 -0.0000036122
 -0.0000019426
 -0.0000027243
  0.0000018144
 -0.0000028359
 -0.0000028545
  0.0000107946
 -0.0000036276
 -0.0000137279
  0.0000415881
 -0.0000026985
 -0.0000056960
 -0.0000028440
  0.0000039570
  0.0000578715
  0.0000005285
  0.0000031635
 -0.0000088927
  0.0000058909
  0.0000058602
  0.0000547476
 -0.0000022944
 -0.0000002753
  0.0000137864
 -0.0000080600
 -0.0000021845
  0.0000029633
  0.0000656579
  0.0000044204
 -0.0000147645
 -0.0000009225
 -0.0000027554
  0.0000020821
  0.0000088863
  0.0000396251
 -0.0000670333
  0.0000055898
  0.0000387302
 -0.0000055227
  0.0000057986
 -0.0000076881
  0.0000040792
 -0.0000072557
  0.0000015457
  0.0000021321
 -0.0000336423
  0.0000058942
  0.0000033072
  0.0000089807
  0.0000058757
 -0.0000005383
  0.0000153794
 -0.0000002995
 -0.0000059339
  0.0000094468
 -0.0000106888
 -0.0000707697
 -0.0000052827
  0.0000003085
  0.0000012699
 -0.0000050010
  0.0000219167
 -0.0000058661
 -0.0000014923
  0.0000034587
  0.0000018852
  0.0000016638
 -0.0000002006
  0.0000024191
 -0.0000003834
  0.0000007523
  0.0000012488
 -0.0000015799
 -0.0000010181
 -0.0000003214
  0.0000026588
 -0.0000003439
 -0.0000008147
  0.0000007356
  0.0000010203
  0.0000008433
 -0.0000004973
  0.0000039173
 -0.0000016942
  0.0000011339
  0.0000001320
 -0.0000020374
  0.0000026250
 -0.0000010130
 -0.0000027946
 -0.0000003025
 -0.0000011712
 -0.0000007749
 -0.0000022659
 -0.0000021528
  0.0000019300
 -0.0000013456
 -0.0000017974
  0.0000005523
 -0.0000032875
  0.0000002089
 -0.0000007522
  0.0000009665
 -0.0000015766
 -0.0000006708
 -0.0000038339
 -0.0000001420
 -0.0000031280
  0.0000005777
  0.0000079585
 -0.0000024397
 -0.0000019148
  0.0000118949
  0.0000017168
 -0.0000018736
 -0.0000019297
 -0.0000030623
 -0.0000014482
 -0.0000009134
 -0.0000014576
 -0.0000023492
 -0.0000011154
 -0.0000038038
 -0.0000008211
  0.0000008339
  0.0000010386
 -0.0000011128
 -0.0000005600
 -0.0000026349
 -0.0000016770
 -0.0000026259
  0.0000063961
 -0.0000065702
  0.0000104860
  0.0000102679
  0.0000119209
  0.0000052170
  0.0000068656
  0.0000256516
  0.0000363592
  0.0000061360
  0.0000187030
 -0.0002420033
  0.0000111043
 -0.0000149720
  0.0000086331
  0.0000100854
  0.0000021040
  0.0000060744
  0.0000099257
 -0.0000109850
  0.0000047662
  0.0000610895
 -0.0000251060
 -0.0000064877
  0.0000204855
  0.0000112285
  0.0000023590
  0.0000037789
  0.0000048447
 -0.0000227066
  0.0000046409
  0.0000023178
  0.0000004609
  0.0000042682
  0.0000052006
 -0.0000044290
 -0.0000618791
  0.0000051520
  0.0000658123
 -0.0000084939
 -0.0000017326
  0.0000210207
  0.0000019722
  0.0000013532
 -0.0000017687
  0.0000009662
  0.0000009753
  0.0000008824
 -0.0000011392
 -0.0000118195
 -0.0000091469
 -0.0000024550
  0.0000067776
 -0.0000041919
  0.0000004120
  0.0000035149
  0.0000054185
 -0.0000065035
 -0.0000011596
 -0.0000009388
 -0.0000149308
  0.0000028722
 -0.0000049881
 -0.0000041496
  0.0000074611
  0.0000306532
  0.0000012979
 -0.0000087079
 -0.0000026071
 -0.0000031852
  0.0000030829
 -0.0000030582
  0.0000049763
  0.0000053127
  0.0000049003
 -0.0000012362
  0.0000006362
 -0.0000013132
  0.0000026119
 -0.0000001420
  0.0000016139
  0.0000030930
  0.0000037267
 -0.0000028222
 -0.0000003655
  0.0000019780
  0.0000030804
 -0.0000014866
  0.0000039597
  0.0000022512
  0.0000007951
  0.0000007104
  0.0000023109
  0.0000013326
  0.0000015651
  0.0000010354
  0.0000025220
  0.0000038829
  0.0000011403
  0.0000027367
 -0.0000002025
  0.0000010564
 -0.0000000820
 -0.0000013236
  0.0000014445
 -0.0000033484
  0.0000012337
 -0.0000055317
  0.0000013715
  0.0000011136
  0.0000022079
 -0.0000055332
 -0.0000015424
  0.0000001589
  0.0000026948
  0.0000001730
 -0.0000004276
  0.0000021978
 -0.0000038682
 -0.0000029956
 -0.0000084204
  0.0000000583
 -0.0000005731
 -0.0000020324
  0.0000014785
 -0.0000020280
  0.0000001206
  0.0000015948
 -0.0000022747
  0.0000001039
  0.0000067291
 -0.0000057713
  0.0000056694
  0.0000098901
  0.0000105229
  0.0000030141
  0.0000008512
  0.0000213632
  0.0000297325
  0.0000010823
  0.0000114375
 -0.0002216186
  0.0000056489
 -0.0000054773
  0.0000048714
  0.0000110429
 -0.0000094457
  0.0000032282
  0.0000035282
 -0.0000134025
  0.0000018085
  0.0000604590
 -0.0000292453
 -0.0000008428
  0.0000214024
  0.0000063435
  0.0000003862
 -0.0000036595
  0.0000018821
 -0.0000223355
  0.0000008404
  0.0000023420
 -0.0000022245
 -0.0000032017
 -0.0000448579
  0.0000133559
  0.0000769069
 -0.0000062942
  0.0000025551
  0.0000135841
 -0.0000033502
 -0.0000050848
 -0.0000085992
  0.0000051389
 -0.0000055726
 -0.0000040983
  0.0000029201
 -0.0000094807
  0.0000032848
 -0.0000010970
 -0.0000009758
 -0.0000004080
 -0.0000013293
  0.0000042623
  0.0000068288
  0.0000032522
  0.0000037148
 -0.0000029846
 -0.0000159828
  0.0000012600
 -0.0000026327
  0.0000081563
  0.0000054403
  0.0000343051
 -0.0000002962
  0.0000033998
  0.0000020668
 -0.0000003781
 -0.0000001545
  0.0000004096
 -0.0000002474
  0.0000000918
  0.0000004970
  0.0000005659
  0.0000001909
 -0.0000000339
  0.0000009432
  0.0000003070
 -0.0000002203
  0.0000005028
 -0.0000005701
 -0.0000002755
  0.0000001072
  0.0000032320
 -0.0000014987
 -0.0000000650
 -0.0000021541
 -0.0000016700
 -0.0000011529
 -0.0000039422
  0.0000031167
 -0.0000055086
 -0.0000041810
  0.0000010016
 -0.0000008384
  0.0000017733
  0.0000047943
  0.0000002542
 -0.0000017789
  0.0000003076
 -0.0000023834
 -0.0000009656
  0.0000003210
 -0.0000014845
 -0.0000001862
  0.0000013439
  0.0000012614
  0.0000025077
 -0.0000017379
 -0.0000005872
  0.0000012189
 -0.0000003739
 -0.0000007943
  0.0000009507
 -0.0000041515
 -0.0000011581
 -0.0000048575
 -0.0000022399
 -0.0000069931
  0.0000014672
 -0.0000010586
 -0.0000015224
 -0.0000040420
 -0.0000009284
 -0.0000002906
  0.0000018386
 -0.0000025640
 -0.0000012321
 -0.0000005300
  0.0000006962
  0.0000019582
 -0.0000001609
  0.0000022287
 -0.0000005774
  0.0000006835
  0.0000077451
  0.0000030103
  0.0000049927
  0.0000070072
 -0.0000014093
  0.0000042802
  0.0000386473
  0.0000033436
  0.0000505922
 -0.0000007994
  0.0000282935
 -0.0002364711
  0.0000129108
 -0.0000301420
  0.0000072456
 -0.0000060505
  0.0000185215
 -0.0000008962
  0.0000471733
 -0.0000002678
 -0.0000179603
  0.0000063020
  0.0000201598
 -0.0000026807
  0.0000021933
 -0.0000033889
 -0.0000032585
  0.0000026687
 -0.0000125762
 -0.0000842876
  0.0000014431
  0.0000569202
 -0.0000141061
  0.0000034741
  0.0000229083
  0.0000028739
  0.0000055815
  0.0000013051
 -0.0000038979
  0.0000021267
  0.0000042579
  0.0000010446
 -0.0000168043
 -0.0000059865
  0.0000042790
  0.0000091286
 -0.0000044599
  0.0000007558
  0.0000007495
  0.0000077042
 -0.0000070392
 -0.0000020731
  0.0000014087
 -0.0000241354
 -0.0000056300
  0.0000017647
 -0.0000028139
  0.0000080400
  0.0000003702
  0.0000031129
 -0.0000063147
  0.0000019819
  0.0000032224
 -0.0000014376
 -0.0000015119
 -0.0000014192
 -0.0000017216
 -0.0000014325
 -0.0000013097
 -0.0000018598
 -0.0000019509
 -0.0000010395
 -0.0000011492
 -0.0000013592
 -0.0000014194
 -0.0000013894
 -0.0000012746
 -0.0000018476
 -0.0000018738
  0.0000013028
  0.0000015632
 -0.0000013182
 -0.0000009879
  0.0000052049
 -0.0000020279
 -0.0000018459
 -0.0000027763
  0.0000009603
 -0.0000007671
 -0.0000010086
 -0.0000032884
 -0.0000041205
 -0.0000014637
 -0.0000022195
  0.0000015518
 -0.0000012808
  0.0000003745
  0.0000012384
 -0.0000003920
 -0.0000007377
 -0.0000009811
 -0.0000027505
 -0.0000037165
 -0.0000000435
  0.0000021749
 -0.0000000165
 -0.0000001504
 -0.0000010528
  0.0000032145
 -0.0000025132
 -0.0000022814
  0.0000009468
  0.0000012848
 -0.0000000058
 -0.0000015233
 -0.0000016292
 -0.0000006535
  0.0000004384
  0.0000004146
 -0.0000017802
 -0.0000023111
 -0.0000020797
 -0.0000019529
 -0.0000025643
  0.0000039456
  0.0000003994
  0.0000005521
 -0.0000023179
 -0.0000038222
  0.0000144895
  0.0000080936
  0.0000081878
  0.0000035940
  0.0000074553
  0.0000106286
  0.0000062323
  0.0000514331
  0.0000065773
  0.0000032364
  0.0000405817
 -0.0002618850
  0.0000243373
 -0.0000489003
  0.0000139391
  0.0000008028
  0.0000180822
 -0.0000122278
  0.0000301186
  0.0000077356
 -0.0000345134
  0.0000079089
  0.0000138607
  0.0000020525
  0.0000087020
  0.0000180435
 -0.0000005950
 -0.0000108166
 -0.0000058001
  0.0000095683
 -0.0000211023
 -0.0001076880
  0.0000026388
  0.0000554865
 -0.0000233550
  0.0000003768
  0.0000260119
  0.0000031764
  0.0000006062
 -0.0000002383
 -0.0000097465
  0.0000030797
  0.0000007304
  0.0000020444
 -0.0000160151
  0.0000039492
  0.0000005524
  0.0000077904
 -0.0000035677
  0.0000000601
  0.0000023778
  0.0000044304
  0.0000100182
 -0.0000010216
  0.0000000963
 -0.0000285514
 -0.0000050461
 -0.0000009312
  0.0000137346
  0.0000127302
  0.0000033315
  0.0000099116
  0.0000103246
 -0.0000009616
 -0.0000002372
  0.0000000798
  0.0000005686
  0.0000013782
  0.0000011930
  0.0000006195
  0.0000005823
  0.0000012306
  0.0000015204
  0.0000014697
  0.0000026135
  0.0000045401
  0.0000006655
  0.0000008339
 -0.0000007538
 -0.0000007271
  0.0000023609
 -0.0000001048
  0.0000006415
  0.0000008964
  0.0000012313
 -0.0000007901
  0.0000020648
 -0.0000010623
  0.0000012095
  0.0000012039
  0.0000025784
  0.0000022683
  0.0000015116
  0.0000008345
 -0.0000015273
 -0.0000010776
 -0.0000011006
 -0.0000004991
  0.0000001384
  0.0000012964
  0.0000006184
  0.0000022344
  0.0000013570
  0.0000056004
  0.0000025234
  0.0000007336
  0.0000003920
  0.0000080121
  0.0000029764
 -0.0000008853
 -0.0000023066
  0.0000002965
  0.0000029889
  0.0000039708
  0.0000019285
 -0.0000003027
 -0.0000028662
  0.0000045924
  0.0000002659
  0.0000007200
  0.0000002507
  0.0000017202
  0.0000015933
 -0.0000022888
  0.0000030899
 -0.0000051382
  0.0000033104
  0.0000051948
  0.0000063518
  0.0000032076
  0.0000154949
  0.0000032334
 -0.0000056246
  0.0000000309
 -0.0000003769
  0.0000010458
  0.0000047972
  0.0000046891
  0.0000022084
 -0.0000058692
  0.0000033131
  0.0000477170
  0.0000039759
  0.0000077829
  0.0000206576
 -0.0000016374
 -0.0000026963
  0.0000037252
 -0.0000086070
  0.0000018745
  0.0000040359
  0.0000081286
  0.0000436394
 -0.0000372544
 -0.0000025207
  0.0000270579
 -0.0000006868
 -0.0000020434
 -0.0000008632
 -0.0000096273
 -0.0000009282
 -0.0000022058
 -0.0000011440
 -0.0000269802
  0.0000012082
 -0.0000022522
  0.0000049699
 -0.0000005437
 -0.0000033354
  0.0000038213
  0.0000047118
  0.0000057552
  0.0000032182
 -0.0000020818
 -0.0000404981
 -0.0000126780
 -0.0000038843
  0.0000094196
  0.0000102197
  0.0000304890
 -0.0000006522
  0.0000017294
  0.0000063392
 -0.0000034383
 -0.0000032550
  0.0000006081
  0.0000004492
  0.0000000583
  0.0000006297
  0.0000008553
  0.0000008058
 -0.0000000351
  0.0000005590
 -0.0000011028
 -0.0000007259
 -0.0000000048
  0.0000001757
 -0.0000002268
 -0.0000005239
  0.0000006115
 -0.0000009477
 -0.0000014537
 -0.0000009202
 -0.0000005929
  0.0000017883
 -0.0000021390
 -0.0000045959
 -0.0000044025
 -0.0000028237
 -0.0000023683
  0.0000021955
 -0.0000017229
 -0.0000003048
  0.0000011650
 -0.0000014122
 -0.0000021530
 -0.0000001341
 -0.0000014864
 -0.0000011835
 -0.0000015394
 -0.0000018873
 -0.0000003472
 -0.0000019269
 -0.0000029922
 -0.0000016937
 -0.0000019829
 -0.0000023003
 -0.0000019419
 -0.0000034494
  0.0000007078
  0.0000057153
 -0.0000028072
 -0.0000026849
  0.0000008010
  0.0000037316
 -0.0000015829
 -0.0000014599
 -0.0000027975
  0.0000015245
 -0.0000011366
 -0.0000023332
 -0.0000040951
 -0.0000003333
 -0.0000054182
 -0.0000025951
 -0.0000017518
 -0.0000025123
 -0.0000012449
 -0.0000010434
 -0.0000022577
  0.0000022378
 -0.0000043773
  0.0000001498
  0.0000032932
  0.0000056107
  0.0000072045
  0.0000049321
  0.0000042083
  0.0000149607
  0.0000046272
  0.0000011625
 -0.0000020198
  0.0000097188
  0.0000487602
 -0.0000029785
  0.0000054435
  0.0000093865
  0.0000131529
  0.0000308055
 -0.0000151402
  0.0000142532
  0.0000060009
  0.0000510885
  0.0000032683
  0.0000307252
 -0.0000017933
  0.0000051000
  0.0000044941
 -0.0000043048
 -0.0000022019
  0.0000000897
  0.0000016626
 -0.0000188386
 -0.0000049457
  0.0000037468
  0.0000119468
  0.0000001549
 -0.0000046472
  0.0000074465
  0.0000109504
 -0.0000061805
  0.0000030134
  0.0000050448
 -0.0000393534
 -0.0000041636
  0.0000015533
 -0.0000018468
  0.0000148341
 -0.0000001025
 -0.0000039767
  0.0000024615
 -0.0000053271
  0.0000019512
  0.0000025996
 -0.0000008691
 -0.0000010490
 -0.0000008826
 -0.0000007173
 -0.0000015848
 -0.0000022774
 -0.0000011045
 -0.0000010908
 -0.0000002426
 -0.0000005128
 -0.0000006551
 -0.0000010581
 -0.0000005443
 -0.0000007805
 -0.0000010230
  0.0000016668
  0.0000019824
  0.0000006273
 -0.0000044095
 -0.0000005420
  0.0000063670
 -0.0000021128
  0.0000016667
  0.0000009241
  0.0000021304
  0.0000017323
 -0.0000011477
 -0.0000017469
 -0.0000004801
  0.0000026574
  0.0000012413
 -0.0000000542
 -0.0000012523
  0.0000023770
  0.0000006089
  0.0000016845
  0.0000015664
  0.0000024063
 -0.0000003280
 -0.0000010858
  0.0000074367
 -0.0000000348
 -0.0000017689
  0.0000018162
  0.0000001977
  0.0000006558
  0.0000006291
  0.0000020880
  0.0000016545
 -0.0000013564
  0.0000037344
 -0.0000007583
  0.0000018616
 -0.0001868048
 -0.0000193408
  0.0000382711
 -0.0000400988
 -0.0000440210
  0.0000056117
  0.0001508486
  0.0000205235
 -0.0000015834
  0.0000484307
 -0.0000010951
  0.0000030503
  0.0000014746
  0.0000000971
  0.0000017682
  0.0000054377
  0.0000001303
  0.0000020540
  0.0000026618
  0.0000015743
 -0.0000022667
 -0.0000024112
 -0.0000053292
  0.0000024020
  0.0000005078
 -0.0000041056
 -0.0000022909
  0.0000198530
 -0.0000011188
  0.0000031672
  0.0000178123
  0.0000052765
  0.0000013173
  0.0000023175
 -0.0000007470
  0.0000001308
 -0.0000003722
 -0.0000001742
 -0.0000000403
  0.0000016349
  0.0000000033
 -0.0000007422
 -0.0000002361
 -0.0000001924
  0.0000003532
  0.0000002025
 -0.0000001116
 -0.0000001185
  0.0000003803
 -0.0000000653
  0.0000027388
  0.0000000472
 -0.0000029677
 -0.0000015422
 -0.0000009718
  0.0000043898
  0.0000007198
 -0.0000007379
  0.0000031714
 -0.0000022928
  0.0000003957
 -0.0000015867
 -0.0000007087
 -0.0000010043
  0.0000037973
  0.0000022136
  0.0000044606
  0.0000030335
  0.0000000224
 -0.0000035787
 -0.0000000404
  0.0000014373
  0.0000015194
  0.0000000973
 -0.0000000190
 -0.0000017887
 -0.0000003910
 -0.0000023713
 -0.0000001079
  0.0000010934
 -0.0000019058
 -0.0000014921
 -0.0000007490
 -0.0000006215
  0.0000004537
  0.0000006419
  0.0000000595
  0.0000001218
 -0.0000002197
 -0.0000016631
 -0.0000002884
 -0.0000008683
 -0.0000010348
 -0.0000010858
  0.0000003840
  0.0000054688
 -0.0000104945
  0.0000041488
  0.0000041777
 -0.0000098472
 -0.0000116473
 -0.0000043599
 -0.0000040447
  0.0000402392
 -0.0000173822
  0.0000309111
 -0.0000155044
 -0.0000091690
  0.0000123446
  0.0000550568
  0.0000651475
  0.0000360641
  0.0000639056
  0.0000374210
 -0.0000109534
 -0.0000005007
 -0.0000006119
 -0.0000005758
 -0.0000003078
 -0.0000006681
  0.0000000153
 -0.0000004688
 -0.0000005125
  0.0000005135
  0.0000002428
 -0.0000007685
 -0.0000006397
 -0.0000000597
 -0.0000005485
 -0.0000009032
  0.0000262366
  0.0000216647
  0.0000223840
  0.0000015659
  0.0000604299
  0.0000185124
  0.0000030890
 -0.0000053431
  0.0000255439
  0.0000035832
 -0.0000028544
  0.0000402671
 -0.0000047442
 -0.0000007023
 -0.0000002795
 -0.0000000840
 -0.0000029198
  0.0000022144
  0.0000033385
  0.0000015112
 -0.0000033471
 -0.0000077597
 -0.0000006360
  0.0000007627
 -0.0000042102
 -0.0000010723
 -0.0000036862
 -0.0000053848
 -0.0000074160
 -0.0000069208
 -0.0000020086
 -0.0000047038
 -0.0000014206
 -0.0000075999
 -0.0000026210
  0.0000002496
  0.0000002762
 -0.0000000003
  0.0000000147
  0.0000004149
 -0.0000097254
  0.0000004087
  0.0000032991
 -0.0000038528
 -0.0000040712
 -0.0000016619
 -0.0001756149
  0.0000132274
 -0.0000162936
  0.0000390241
 -0.0000462006
 -0.0000444064
  0.0000074915
  0.0001555024
  0.0000235688
  0.0000023211
  0.0000493579
 -0.0000001776
  0.0000015537
  0.0000047970
  0.0000019538
  0.0000043231
  0.0000071438
  0.0000028151
 -0.0000052458
  0.0000035496
  0.0000057864
  0.0000031994
  0.0000001515
  0.0000019462
 -0.0000038711
  0.0000030500
 -0.0000009052
 -0.0000031177
 -0.0000024985
 -0.0000076777
  0.0000207488
  0.0000007808
  0.0000054917
  0.0000204913
  0.0000211652
  0.0000068347
  0.0000060871
  0.0000038246
  0.0000015326
  0.0000050244
  0.0000053020
  0.0000044389
  0.0000045689
  0.0000033473
  0.0000056300
  0.0000042262
  0.0000035619
  0.0000039821
  0.0000057280
  0.0000042722
  0.0000033355
  0.0000055346
  0.0000058034
  0.0000047580
  0.0000041543
  0.0000018551
 -0.0000018790
  0.0000010629
 -0.0000002153
  0.0000067647
  0.0000007998
  0.0000020532
  0.0000069531
  0.0000017290
  0.0000000630
  0.0000014623
  0.0000016410
  0.0000031458
  0.0000040957
  0.0000045558
  0.0000068332
  0.0000037178
  0.0000047528
  0.0000028351
  0.0000032790
  0.0000050541
  0.0000113652
  0.0000054541
  0.0000021615
  0.0000040574
  0.0000030177
  0.0000049667
  0.0000051209
  0.0000042097
  0.0000029959
  0.0000033455
  0.0000025222
  0.0000025847
  0.0000009799
  0.0000034082
  0.0000026475
  0.0000059156
  0.0000035537
  0.0000036851
  0.0000019886
  0.0000010640
  0.0000081044
  0.0000036641
  0.0000088499
  0.0000031988
 -0.0000018691
 -0.0002251278
 -0.0000107281
  0.0000030361
  0.0000463176
 -0.0000445953
  0.0000153738
  0.0001175885
  0.0000066744
  0.0000065464
  0.0000213382
  0.0000013498
  0.0000040078
  0.0000074122
  0.0000058785
  0.0000048851
  0.0000041452
  0.0000023540
  0.0000042617
  0.0000059063
  0.0000046714
  0.0000087711
 -0.0000019166
  0.0000032201
  0.0000029663
 -0.0000016281
 -0.0000016909
  0.0000056102
  0.0000020341
  0.0000114165
  0.0000240239
  0.0000040697
  0.0000031782
  0.0000081912
  0.0000033299
  0.0000009943
  0.0000006433
  0.0000016256
  0.0000005352
  0.0000006152
  0.0000026459
 -0.0000002922
  0.0000011305
  0.0000012906
  0.0000011258
  0.0000021847
  0.0000016075
  0.0000014597
  0.0000016884
  0.0000011885
  0.0000018479
  0.0000057162
  0.0000003242
 -0.0000025963
  0.0000010069
 -0.0000009920
  0.0000040581
  0.0000001421
  0.0000021573
  0.0000060515
  0.0000011363
 -0.0000008027
  0.0000007512
  0.0000005091
  0.0000018959
  0.0000038193
  0.0000034144
  0.0000083555
  0.0000020674
  0.0000017941
  0.0000032186
 -0.0000020471
  0.0000016970
  0.0000030912
  0.0000029800
  0.0000029574
 -0.0000001690
  0.0000010331
 -0.0000007203
  0.0000009000
  0.0000021592
 -0.0000008217
  0.0000008916
 -0.0000007997
  0.0000015750
  0.0000023798
  0.0000027924
  0.0000013109
  0.0000015923
  0.0000010230
  0.0000001574
  0.0000001881
  0.0000001853
  0.0000004598
  0.0000011053
  0.0000030563
 -0.0001741466
 -0.0000034348
  0.0000207173
  0.0001113172
  0.0000023378
  0.0001190603
  0.0000091337
  0.0000052340
  0.0000088370
 -0.0000025672
  0.0000006425
  0.0000055481
  0.0000048121
  0.0000030688
  0.0000036910
  0.0000139444
  0.0000018373
  0.0000046313
 -0.0000064180
  0.0000095323
  0.0000002194
  0.0000048039
  0.0000035782
  0.0000532664
  0.0000092891
  0.0000139836
  0.0000268788
  0.0000027348
  0.0000031089
  0.0000072579
  0.0000027463
  0.0000005195
 -0.0000001901
  0.0000017339
  0.0000008241
  0.0000040287
  0.0000013836
 -0.0000002027
  0.0000029823
 -0.0000002024
  0.0000007675
  0.0000022760
  0.0000030117
  0.0000005152
  0.0000001926
  0.0000007036
  0.0000080701
 -0.0000011533
 -0.0000039858
  0.0000000798
  0.0000027582
  0.0000113063
  0.0000017352
  0.0000082058
  0.0000040980
  0.0000048524
  0.0000015867
  0.0000047173
 -0.0000038799
 -0.0000077656
  0.0000020907
  0.0000040637
  0.0000035876
  0.0000028204
  0.0000017641
  0.0000020191
  0.0000056258
  0.0000024789
 -0.0000032620
 -0.0000002259
  0.0000019382
  0.0000003415
  0.0000009845
  0.0000039517
  0.0000001286
  0.0000069796
 -0.0000003381
 -0.0000061380
  0.0000017689
  0.0000010724
  0.0000021801
  0.0000007591
  0.0000052555
  0.0000046192
  0.0000008830
  0.0000005053
  0.0000012506
 -0.0000037237
  0.0000017362
 -0.0000060688
  0.0000007419
 -0.0000019302
  0.0000348633
  0.0000056760
 -0.0000026689
  0.0000222984
  0.0000661691
  0.0000100048
  0.0000457311
 -0.0000048679
  0.0000071754
  0.0000540544
 -0.0000225919
 -0.0000044026
  0.0000147619
 -0.0000015108
 -0.0000057712
 -0.0000036010
 -0.0000010677
 -0.0000018626
 -0.0000018536
 -0.0000001456
 -0.0000020966
 -0.0000003248
  0.0000091997
 -0.0000035849
 -0.0000014784
  0.0000071620
 -0.0000038226
 -0.0000010874
  0.0000010590
 -0.0000258253
 -0.0000043453
 -0.0000027715
  0.0000019428
  0.0000005569
  0.0000171633
 -0.0000026741
  0.0000042239
 -0.0000025849
 -0.0000056207
 -0.0000006587
 -0.0000030655
 -0.0000022956
 -0.0000031167
 -0.0000030609
 -0.0000003835
 -0.0000008280
 -0.0000027367
 -0.0000023304
 -0.0000027792
 -0.0000016165
 -0.0000021836
 -0.0000022143
 -0.0000021135
 -0.0000025996
 -0.0000021299
 -0.0000016853
 -0.0000027768
 -0.0000017695
  0.0000000103
 -0.0000016677
  0.0000006789
 -0.0000021576
 -0.0000006718
 -0.0000004266
 -0.0000008277
 -0.0000042180
 -0.0000034737
  0.0000012117
 -0.0000036151
 -0.0000026278
  0.0000001787
  0.0000017208
 -0.0000033290
 -0.0000020019
 -0.0000003948
 -0.0000016640
 -0.0000005654
 -0.0000020093
 -0.0000016613
 -0.0000021511
 -0.0000008436
 -0.0000008135
 -0.0000014530
 -0.0000019052
 -0.0000012531
 -0.0000023035
 -0.0000017565
 -0.0000022397
 -0.0000008291
 -0.0000007857
 -0.0000041189
 -0.0000011594
 -0.0000020165
  0.0000226648
 -0.0001739871
  0.0000086171
 -0.0000113164
 -0.0000107180
  0.0000435536
 -0.0000450665
  0.0000096965
  0.0000028213
 -0.0000150301
 -0.0000385410
  0.0000124114
  0.0001436378
  0.0000167134
  0.0000040145
  0.0000352286
 -0.0000004248
  0.0000038211
  0.0000047450
  0.0000045767
  0.0000010318
 -0.0000022369
  0.0000027500
 -0.0000043199
  0.0000007563
  0.0000007709
  0.0000038883
  0.0000000141
  0.0000059171
 -0.0000028032
  0.0000025608
  0.0000024825
 -0.0000025108
 -0.0000022535
 -0.0000085081
  0.0000139403
 -0.0000004341
  0.0000109913
  0.0000237980
  0.0000177381
 -0.0000025210
  0.0000032336
 -0.0000021785
  0.0000012639
  0.0000014265
  0.0000018865
  0.0000013597
  0.0000014064
  0.0000010690
  0.0000014396
  0.0000020467
  0.0000019996
 -0.0000001978
  0.0000004011
  0.0000011359
  0.0000020024
  0.0000002681
  0.0000012748
  0.0000014824
  0.0000025360
 -0.0000011680
  0.0000035995
  0.0000022319
  0.0000030423
 -0.0000018991
  0.0000047006
 -0.0000028613
  0.0000065265
  0.0000028410
 -0.0000010213
  0.0000016662
 -0.0000000611
  0.0000012542
 -0.0000014299
  0.0000009403
  0.0000039196
  0.0000009758
 -0.0000006076
  0.0000040281
  0.0000005991
 -0.0000032334
  0.0000007046
  0.0000005348
  0.0000024911
  0.0000009941
  0.0000020843
 -0.0000014844
  0.0000012854
  0.0000016682
  0.0000024403
  0.0000020592
  0.0000019009
  0.0000004168
  0.0000009355
 -0.0000004315
  0.0000033498
 -0.0000000534
  0.0000014888
 -0.0000001067
 -0.0000005220
  0.0000004525
  0.0000035334
  0.0000009261
  0.0000012784
 -0.0000025676
 -0.0002286565
  0.0000002416
  0.0000083676
  0.0001267280
 -0.0000029525
  0.0000326311
 -0.0000027176
  0.0000059931
  0.0000021164
  0.0000026707
  0.0000018144
  0.0000000080
  0.0000030399
  0.0000030051
  0.0000024514
 -0.0000015879
  0.0000032309
  0.0000040375
 -0.0000002276
 -0.0000052087
  0.0000047096
  0.0000211639
  0.0000015510
 -0.0000004704
 -0.0000007037
 -0.0000007124
  0.0000022175
 -0.0000007366
  0.0000025844
  0.0000024357
  0.0000011385
 -0.0000006855
  0.0000002085
  0.0000018522
  0.0000022997
  0.0000013199
 -0.0000007173
  0.0000018767
  0.0000017959
  0.0000019845
 -0.0000013085
  0.0000021666
 -0.0000012897
  0.0000004306
  0.0000005968
 -0.0000060881
  0.0000011404
 -0.0000083762
 -0.0000020299
  0.0000034447
  0.0000015485
  0.0000025342
 -0.0000016504
 -0.0000015146
 -0.0000034794
 -0.0000010767
  0.0000041479
  0.0000027704
 -0.0000027622
  0.0000028742
  0.0000009132
  0.0000007000
  0.0000040225
  0.0000018333
  0.0000020384
 -0.0000005291
 -0.0000017199
 -0.0000002856
 -0.0000016419
  0.0000022876
 -0.0000009268
  0.0000004214
 -0.0000013540
  0.0000000029
  0.0000030121
  0.0000027020
  0.0000016098
  0.0000022809
  0.0000014940
 -0.0000007119
  0.0000006128
 -0.0000014271
 -0.0000004803
  0.0000002115
  0.0000224715
 -0.0002229451
  0.0000024050
 -0.0000131390
  0.0000038041
  0.0000540207
 -0.0000317847
  0.0000077260
  0.0000016075
  0.0000218327
  0.0000017784
 -0.0000077968
 -0.0000415293
  0.0000237250
  0.0001007477
  0.0000034766
  0.0000009737
  0.0000138501
  0.0000013295
  0.0000050998
  0.0000042585
  0.0000107660
  0.0000012808
  0.0000010850
  0.0000030118
 -0.0000046816
  0.0000011351
  0.0000023714
  0.0000091665
  0.0000013600
  0.0000009513
  0.0000039860
 -0.0000013343
  0.0000022875
 -0.0000020485
  0.0000037979
 -0.0000080400
  0.0000066074
  0.0000006455
  0.0000069936
  0.0000115756
  0.0000004237
  0.0000017713
 -0.0000007051
  0.0000017708
 -0.0000001320
  0.0000006550
 -0.0000001541
 -0.0000001466
  0.0000006910
  0.0000007287
  0.0000008391
  0.0000008529
 -0.0000008008
 -0.0000002998
 -0.0000001674
  0.0000009148
 -0.0000003347
 -0.0000001189
  0.0000000349
  0.0000006069
  0.0000011993
  0.0000028426
  0.0000019722
  0.0000015877
  0.0000033624
  0.0000030930
  0.0000015071
  0.0000025289
  0.0000002776
 -0.0000005160
 -0.0000002929
 -0.0000001341
  0.0000012896
 -0.0000000787
  0.0000041976
  0.0000037550
  0.0000018955
  0.0000003466
  0.0000024724
 -0.0000002926
  0.0000017049
 -0.0000025612
  0.0000009594
 -0.0000007479
 -0.0000006928
  0.0000017490
  0.0000006598
  0.0000008398
 -0.0000015525
  0.0000021789
  0.0000013743
  0.0000009728
  0.0000015645
  0.0000000337
 -0.0000008024
  0.0000024525
  0.0000015965
  0.0000006783
  0.0000024319
  0.0000002319
  0.0000078567
  0.0000098027
  0.0000435170
  0.0000098001
  0.0000081638
  0.0000010761
  0.0000175132
  0.0000632466
  0.0000018508
  0.0000156766
  0.0000117351
  0.0000525200
 -0.0000081996
  0.0000165173
  0.0000008468
  0.0000518128
 -0.0000283285
  0.0000051328
  0.0000213742
  0.0000019384
  0.0000001804
 -0.0000060337
 -0.0000045959
 -0.0000002376
  0.0000017701
 -0.0000024087
 -0.0000210911
  0.0000035629
 -0.0000040099
 -0.0000007299
 -0.0000086863
  0.0000010198
 -0.0000019576
  0.0000003150
  0.0000039061
 -0.0000059603
 -0.0000053639
 -0.0000316100
 -0.0000103917
 -0.0000059816
  0.0000087761
  0.0000008255
  0.0000101520
  0.0000029355
  0.0000076210
  0.0000039966
  0.0000037997
 -0.0000042203
 -0.0000007742
 -0.0000004534
 -0.0000009345
 -0.0000009540
 -0.0000016558
 -0.0000009169
 -0.0000005769
 -0.0000006403
  0.0000009071
  0.0000000988
 -0.0000015335
 -0.0000006431
  0.0000001964
 -0.0000002155
 -0.0000010146
 -0.0000012057
  0.0000014576
  0.0000049966
 -0.0000033194
 -0.0000001926
  0.0000000989
 -0.0000010815
 -0.0000011097
  0.0000000605
 -0.0000020973
  0.0000011531
 -0.0000034305
 -0.0000021263
 -0.0000012211
 -0.0000003157
  0.0000029471
 -0.0000007139
  0.0000028039
 -0.0000014130
  0.0000010281
 -0.0000024162
  0.0000005778
  0.0000006194
 -0.0000006339
 -0.0000000971
 -0.0000026262
 -0.0000014294
 -0.0000055117
  0.0000003173
  0.0000036327
 -0.0000017479
 -0.0000022889
  0.0000022158
 -0.0000016556
 -0.0000003714
 -0.0000018192
 -0.0000005551
  0.0000076254
  0.0000021050
 -0.0000080409
 -0.0000034451
  0.0000023029
 -0.0000069284
 -0.0000031853
 -0.0000023309
 -0.0000097154
 -0.0000044605
 -0.0000051523
 -0.0000037654
  0.0000006013
 -0.0000049778
  0.0000026207
  0.0000148358
 -0.0000029430
 -0.0000063917
 -0.0000030752
 -0.0000060787
 -0.0000071965
 -0.0000061179
 -0.0000060183
 -0.0000042996
 -0.0000070198
 -0.0000075327
 -0.0000048795
 -0.0000073458
 -0.0000067466
 -0.0000062622
 -0.0000054319
 -0.0000069808
 -0.0000060899
 -0.0000069392
  0.0000020392
 -0.0000085828
 -0.0000045627
 -0.0000124547
 -0.0000047515
 -0.0000056892
 -0.0000064230
 -0.0000081544
 -0.0000047017
 -0.0000033627
 -0.0000094721
 -0.0000034623
 -0.0000105371
 -0.0000135296
 -0.0000053349
 -0.0000044495
  0.0000018123
 -0.0000049375
 -0.0000073397
 -0.0000022091
 -0.0000067778
 -0.0000032031
 -0.0000089728
 -0.0000055039
 -0.0000041584
 -0.0000057456
 -0.0000055205
 -0.0000069023
 -0.0000053853
 -0.0000092597
 -0.0000171835
 -0.0000029115
 -0.0000073189
 -0.0000085171
 -0.0000068646
 -0.0000067056
 -0.0000054713
 -0.0000081882
 -0.0000072305
 -0.0000080439
 -0.0000055032
 -0.0000177616
 -0.0000086411
 -0.0000104262
 -0.0000011717
  0.0000042744
 -0.0000130807
 -0.0000074028
  0.0000018524
 -0.0000012054
  0.0000069521
 -0.0000081474
 -0.0000019340
  0.0000005732
 -0.0000109447
 -0.0002109291
  0.0000005850
 -0.0000098288
 -0.0000002658
  0.0000042792
 -0.0000163595
 -0.0000006335
 -0.0000228870
 -0.0000077665
  0.0000397930
  0.0000005340
  0.0000216683
 -0.0000117285
  0.0000007077
 -0.0001622368
  0.0000021295
 -0.0000133252
 -0.0000022480
 -0.0000027993
 -0.0000025063
 -0.0000021205
 -0.0000026015
 -0.0000003678
 -0.0000027323
 -0.0000022063
 -0.0000022768
 -0.0000019554
 -0.0000032184
 -0.0000017457
 -0.0000020583
 -0.0000024016
 -0.0000029862
 -0.0000118673
  0.0000070276
 -0.0000013052
  0.0000192867
  0.0000137789
  0.0000018309
  0.0000002408
  0.0000064439
  0.0000029663
 -0.0000029920
 -0.0000069294
  0.0000001722
 -0.0000013613
 -0.0000001326
 -0.0000005563
 -0.0000047323
 -0.0000026313
  0.0000014295
  0.0000015497
 -0.0000038988
 -0.0000154620
 -0.0000024864
 -0.0000020830
 -0.0000050765
 -0.0000026637
 -0.0000039674
 -0.0000044386
 -0.0000067005
 -0.0000088859
 -0.0000077927
 -0.0000039243
 -0.0000055868
 -0.0000033402
 -0.0000120505
 -0.0000035793
 -0.0000007304
  0.0000016159
  0.0000000164
 -0.0000010064
 -0.0000020780
 -0.0000175909
  0.0000004462
 -0.0000010377
 -0.0000031096
 -0.0000098939
 -0.0000008433
  0.0000114679
  0.0000122203
  0.0000031479
  0.0000089300
  0.0000103164
  0.0000252306
  0.0000066015
  0.0000171666
  0.0000081887
  0.0000169167
  0.0000558278
  0.0000016162
  0.0000008392
  0.0000037815
  0.0000038425
  0.0000036144
  0.0000036064
  0.0000038266
  0.0000046581
  0.0000037162
  0.0000039139
  0.0000059428
  0.0000040746
  0.0000034611
  0.0000039885
  0.0000044262
  0.0000036151
  0.0000036108
  0.0000027308
  0.0000136227
 -0.0000013122
  0.0000122791
  0.0000085428
  0.0000087822
  0.0000154547
  0.0000144349
  0.0000158919
  0.0000020592
  0.0000022323
  0.0000061720
  0.0000016005
  0.0000043769
  0.0000022419
  0.0000112315
  0.0000057652
  0.0000008035
  0.0000017955
  0.0000003687
  0.0000037171
  0.0000048165
  0.0000005555
  0.0000032148
 -0.0000003255
  0.0000024107
  0.0000026576
  0.0000007501
  0.0000051272
  0.0000061071
  0.0000013460
  0.0000046943
  0.0000048361
  0.0000009217
  0.0000034711
  0.0000065588
  0.0000025128
  0.0000041696
  0.0000049983
  0.0000012486
  0.0000045682
  0.0000027114
 -0.0002444424
 -0.0000155225
  0.0000053106
 -0.0000052872
  0.0000532035
 -0.0000057660
 -0.0000009285
  0.0000156595
 -0.0000007311
 -0.0000152985
  0.0000047178
 -0.0000632883
  0.0000138516
  0.0000753921
 -0.0000090555
 -0.0000011699
  0.0000106361
  0.0000020261
 -0.0000011093
  0.0000007355
  0.0000040133
  0.0000024495
  0.0000013193
  0.0000000163
 -0.0000101189
  0.0000008948
  0.0000050036
  0.0000143949
  0.0000011871
 -0.0000009073
 -0.0000005215
  0.0000076419
 -0.0000006239
  0.0000007581
  0.0000052787
 -0.0000166400
 -0.0000000133
  0.0000026447
  0.0000050221
  0.0000040062
  0.0000004338
  0.0000032534
  0.0000006300
 -0.0000025429
  0.0000028526
  0.0000000400
  0.0000005454
  0.0000000128
 -0.0000000309
  0.0000005667
  0.0000006818
  0.0000008041
  0.0000008208
  0.0000000169
  0.0000001594
 -0.0000000474
  0.0000008679
  0.0000001352
  0.0000000173
  0.0000003029
  0.0000029445
  0.0000037762
 -0.0000028434
  0.0000031833
  0.0000034373
  0.0000050088
 -0.0000047000
  0.0000021010
  0.0000027379
  0.0000009447
  0.0000011441
 -0.0000033988
  0.0000010940
 -0.0000016994
  0.0000046795
 -0.0000016727
  0.0000036929
 -0.0000001026
  0.0000002922
 -0.0000018555
 -0.0000012749
  0.0000010317
  0.0000009370
  0.0000014798
 -0.0000004844
  0.0000023477
  0.0000007569
  0.0000009242
 -0.0000018706
  0.0000008976
 -0.0000009420
  0.0000017768
  0.0000013900
 -0.0000001465
 -0.0000005080
  0.0000027782
  0.0000017155
  0.0000007796
 -0.0000012192
  0.0000003226
  0.0000026875
 -0.0001826198
  0.0000046126
 -0.0000479464
 -0.0000895902
 -0.0000020468
  0.0001438622
  0.0000165588
  0.0000025326
  0.0000898265
  0.0000051674
  0.0000160296
  0.0000060729
 -0.0000055552
  0.0000070288
  0.0000067236
  0.0000067003
  0.0000076059
  0.0000043919
  0.0000111236
  0.0000015757
  0.0000147058
 -0.0000047131
  0.0000097733
  0.0000106364
  0.0000058494
  0.0000100147
 -0.0000075939
  0.0000374160
  0.0000016914
  0.0000221889
  0.0000049036
  0.0000230452
  0.0000074346
  0.0000037625
  0.0000051898
  0.0000058945
  0.0000016078
  0.0000009795
  0.0000014744
  0.0000016210
  0.0000033113
  0.0000015314
  0.0000007054
  0.0000013320
  0.0000008077
  0.0000014256
  0.0000018943
  0.0000014678
  0.0000010576
  0.0000017712
  0.0000015727
  0.0000119022
  0.0000025516
  0.0000083067
  0.0000047720
 -0.0000001254
  0.0000035633
 -0.0000041310
 -0.0000017743
  0.0000104705
  0.0000026244
  0.0000067445
  0.0000049813
  0.0000023526
  0.0000028536
  0.0000032117
  0.0000065163
  0.0000117842
 -0.0000000742
  0.0000014871
 -0.0000013636
  0.0000019003
  0.0000025960
  0.0000027989
  0.0000013629
  0.0000022885
  0.0000019499
  0.0000032107
  0.0000011080
  0.0000025325
  0.0000020380
 -0.0000038955
  0.0000041670
  0.0000028194
  0.0000013709
  0.0000001106
  0.0000017426
  0.0000025300
  0.0000039328
  0.0000018283
  0.0000012664
  0.0000006501
  0.0000018735
  0.0000003584
  0.0000044497
  0.0000001196
  0.0000051380
  0.0000025335
  0.0000194931
  0.0000682793
 -0.0001077300
  0.0000154476
  0.0000662593
 -0.0000029414
 -0.0000015864
 -0.0000033482
 -0.0000014360
  0.0000022920
 -0.0000018442
 -0.0000052191
 -0.0000029413
 -0.0000019179
 -0.0000014548
 -0.0000045658
 -0.0000016530
 -0.0000082668
 -0.0000018536
 -0.0000068598
 -0.0000075878
 -0.0000036624
  0.0000044609
  0.0000088671
  0.0000166251
 -0.0000056074
  0.0000008976
 -0.0000023367
 -0.0000065875
 -0.0000042987
 -0.0000042310
 -0.0000066316
 -0.0000037129
 -0.0000040000
 -0.0000039953
 -0.0000070654
 -0.0000059573
 -0.0000037713
 -0.0000038558
 -0.0000049808
 -0.0000056410
 -0.0000037511
 -0.0000043877
 -0.0000044429
 -0.0000065830
 -0.0000001546
 -0.0000053871
 -0.0000072193
 -0.0000042227
 -0.0000057452
 -0.0000047385
 -0.0000045483
 -0.0000051829
  0.0000007682
 -0.0000033559
 -0.0000062917
 -0.0000046897
 -0.0000045749
 -0.0000035628
 -0.0000014323
 -0.0000022019
  0.0000021952
 -0.0000015595
 -0.0000034408
 -0.0000030647
 -0.0000024829
 -0.0000047383
 -0.0000044919
 -0.0000017863
 -0.0000008754
 -0.0000005160
 -0.0000015945
 -0.0000032131
 -0.0000043724
 -0.0000048325
 -0.0000056424
 -0.0000050526
 -0.0000032293
 -0.0000037560
 -0.0000031596
 -0.0000047610
 -0.0000051129
 -0.0000046102
 -0.0000082436
 -0.0000041209
 -0.0000110250
 -0.0000039339
 -0.0002255045
 -0.0001944660
 -0.0001928772
 -0.0001846070
 -0.0002414866
 -0.0002415894
 -0.0002576434
 -0.0000978530
 -0.0001405511
 -0.0001070751
 -0.0001169405
 -0.0001767721
 -0.0000968391
 -0.0000711247
 -0.0001087832
 -0.0000717247
 -0.0000786982
 -0.0001412050
 -0.0001772768
 -0.0001682257
 -0.0001717938
 -0.0001790749
 -0.0001665723
 -0.0001638394
 -0.0001683075
 -0.0001652562
 -0.0001886302
 -0.0001820912
 -0.0001685937
 -0.0001667795
 -0.0001859655
 -0.0001732927
 -0.0001682659
 -0.0000996263
 -0.0000939465
 -0.0000677169
 -0.0000828728
 -0.0000804012
 -0.0000998995
 -0.0000655799
 -0.0001044780
 -0.0000880328
 -0.0001051069
 -0.0000760177
 -0.0000656879
 -0.0000670702
 -0.0002577679
 -0.0001743539
 -0.0001839472
 -0.0001687366
 -0.0003858800
 -0.0003238363
 -0.0001722871
 -0.0001473738
 -0.0001531733
 -0.0002664004
 -0.0002543125
 -0.0001722688
 -0.0002215841
 -0.0002897151
 -0.0001732815
 -0.0003889705
 -0.0003990231
 -0.0002011429
 -0.0001717118
 -0.0001694333
 -0.0002778374
 -0.0001098482
 -0.0003512169
 -0.0001763995
 -0.0001685479
 -0.0001759400
 -0.0003301129
 -0.0002398568
 -0.0001172726
 -0.0001738791
 -0.0003333221
 -0.0001681421
 -0.0003805510
 -0.0002172965
 -0.0000513658
  0.0000087724
  0.0000084718
 -0.0000013377
  0.0000160831
 -0.0000365001
  0.0000019734
  0.0000086421
 -0.0000081757
 -0.0001194772
  0.0000049601
  0.0000506848
 -0.0000251519
 -0.0000059783
  0.0000088210
 -0.0000023069
 -0.0000076981
 -0.0000053052
 -0.0000034363
 -0.0000019938
 -0.0000029999
 -0.0000015473
 -0.0000175447
 -0.0000033458
  0.0000003885
  0.0000077552
 -0.0000039918
 -0.0000054450
 -0.0000038259
  0.0000054144
 -0.0000048963
 -0.0000027701
 -0.0000004644
 -0.0000274464
 -0.0000076574
 -0.0000021147
  0.0000006512
 -0.0000012133
  0.0000161221
 -0.0000038181
  0.0000065372
 -0.0000035627
 -0.0000068181
 -0.0000003191
 -0.0000043823
 -0.0000033031
 -0.0000047147
 -0.0000046129
 -0.0000046322
 -0.0000025004
 -0.0000039510
 -0.0000043480
 -0.0000045168
 -0.0000035486
 -0.0000045179
 -0.0000045653
 -0.0000036305
 -0.0000038480
 -0.0000037717
 -0.0000005711
 -0.0000018680
 -0.0000011810
 -0.0000019256
 -0.0000025691
  0.0000004836
 -0.0000007761
 -0.0000001286
 -0.0000009281
 -0.0000035831
 -0.0000059543
 -0.0000059911
 -0.0000038610
 -0.0000019805
 -0.0000024616
  0.0000002607
  0.0000024602
 -0.0000042348
 -0.0000032775
 -0.0000010035
 -0.0000027995
 -0.0000026734
 -0.0000048910
 -0.0000018063
 -0.0000033179
 -0.0000014541
 -0.0000032303
 -0.0000006155
 -0.0000022639
 -0.0000024264
 -0.0000021721
 -0.0000008809
 -0.0000026566
 -0.0000021879
 -0.0000042588
 -0.0000034848
 -0.0000030512
 -0.0000042210
 -0.0000002299
  0.0000018030
 -0.0000050443
 -0.0000027266
 -0.0000140869
 -0.0000152461
 -0.0000319118
  0.0000252836
  0.0000096554
  0.0000225867
  0.0000190492
  0.0000351015
  0.0000047493
 -0.0000013751
  0.0000018249
  0.0000002477
 -0.0000011060
  0.0000048210
  0.0000063852
  0.0000017188
  0.0000049402
 -0.0000060019
 -0.0000024206
  0.0000019887
  0.0000046349
 -0.0000045084
 -0.0000008722
  0.0000017740
  0.0000203825
  0.0000051286
  0.0000198935
  0.0000215325
  0.0000201135
  0.0000081066
  0.0000113366
  0.0000093561
  0.0000058897
  0.0000132348
  0.0000060974
 -0.0000031465
  0.0000036247
  0.0000014954
  0.0000078434
  0.0000250088
  0.0000197064
  0.0000026766
  0.0000030242
  0.0000054198
 -0.0000035320
 -0.0000013668
  0.0000118458
 -0.0000063648
  0.0000034788
  0.0000251000
  0.0000116654
  0.0000059669
 -0.0000069367
  0.0000118085
  0.0000132510
  0.0000023725
  0.0000043141
  0.0000052615
  0.0000167862
  0.0000020452
  0.0000080164
  0.0000038737
  0.0000211829
  0.0000050482
  0.0000346848
 -0.0000050025
 -0.0000079682
  0.0000010545
 -0.0000090631
  0.0000540704
  0.0000074917
 -0.0000061034
 -0.0000430697
  0.0000272850
  0.0001036759
  0.0000039193
  0.0000035649
  0.0000166377
  0.0000030209
  0.0000076039
  0.0000051888
  0.0000135372
  0.0000009342
  0.0000030476
  0.0000040488
 -0.0000011816
  0.0000030599
  0.0000025759
  0.0000043483
  0.0000017380
  0.0000034064
  0.0000054945
  0.0000000636
  0.0000046976
 -0.0000014196
  0.0000016469
 -0.0000074840
  0.0000068454
 -0.0000003524
  0.0000104635
  0.0000219745
  0.0000030039
  0.0000006186
  0.0000033376
  0.0000005893
  0.0000036328
  0.0000005747
  0.0000014049
  0.0000006155
  0.0000006752
  0.0000002425
  0.0000010621
  0.0000010811
  0.0000004588
  0.0000003031
 -0.0000006798
  0.0000009153
  0.0000003166
 -0.0000007283
  0.0000002745
  0.0000010639
  0.0000014989
 -0.0000005856
 -0.0000016477
  0.0000013308
  0.0000018019
  0.0000049683
 -0.0000022814
  0.0000020185
  0.0000034671
  0.0000045568
 -0.0000021166
  0.0000004489
  0.0000048739
 -0.0000007246
  0.0000003284
 -0.0000007312
  0.0000039377
 -0.0000000122
  0.0000008510
  0.0000022625
  0.0000017196
  0.0000043072
  0.0000017054
  0.0000009970
  0.0000000199
 -0.0000026631
  0.0000022140
  0.0000022538
  0.0000032470
  0.0000017016
  0.0000003810
  0.0000029800
  0.0000004920
  0.0000022654
  0.0000024225
  0.0000036733
  0.0000016550
 -0.0000000811
 -0.0000000723
  0.0000019341
  0.0000048236
  0.0000028323
  0.0000082285
  0.0000052970
  0.0000121015
  0.0000028620
  0.0001019684
  0.0000075712
  0.0000061460
 -0.0000023395
  0.0000048085
  0.0000075936
  0.0000070318
  0.0000010659
  0.0000026780
  0.0000135940
  0.0000044720
  0.0000105474
  0.0000012064
  0.0000026395
  0.0000075175
  0.0000136035
  0.0000163353
  0.0000029877
  0.0000042933
  0.0000048644
  0.0000043649
  0.0000023711
  0.0000057985
  0.0000010795
  0.0000024013
  0.0000008965
  0.0000032022
  0.0000052620
  0.0000010324
  0.0000016354
  0.0000024687
  0.0000033914
  0.0000011811
  0.0000020339
  0.0000023499
  0.0000052586
  0.0000038006
  0.0000048541
 -0.0000018861
  0.0000037891
  0.0000030788
  0.0000096599
  0.0000024924
  0.0000089830
  0.0000020083
  0.0000060143
  0.0000008437
  0.0000004869
  0.0000045762
 -0.0000114461
 -0.0000020899
  0.0000000783
  0.0000031014
  0.0000064684
  0.0000041417
  0.0000085254
  0.0000051716
  0.0000046237
  0.0000040473
  0.0000025872
  0.0000036450
  0.0000035767
  0.0000010250
  0.0000038549
  0.0000025347
 -0.0000021203
  0.0000027274
  0.0000060220
  0.0000041646
  0.0000016629
  0.0000027052
  0.0000007409
  0.0000030768
  0.0000031224
  0.0000038572
  0.0000034491
  0.0000023454
  0.0000042159
  0.0000009796
  0.0000031765
 -0.0000006695
  0.0000039666
 -0.0000183186
 -0.0000160290
  0.0000175213
  0.0000076385
 -0.0000093447
 -0.0000270147
 -0.0000679683
 -0.0000734947
 -0.0000254476
 -0.0000397593
  0.0000213143
  0.0000353784
  0.0000444037
 -0.0000535479
 -0.0000094500
 -0.0000060699
 -0.0000094529
 -0.0000096676
 -0.0000021119
  0.0000011825
 -0.0000061352
 -0.0000018516
 -0.0000125569
 -0.0000111521
 -0.0000061175
 -0.0000025306
 -0.0000115915
 -0.0000097951
 -0.0000060817
  0.0000326111
 -0.0000048452
 -0.0000088848
  0.0000210504
  0.0000068785
 -0.0000058462
 -0.0000456838
 -0.0000074988
 -0.0000003919
 -0.0000201688
  0.0000011459
 -0.0000077069
 -0.0000075449
  0.0000043472
 -0.0000065019
  0.0000042366
  0.0000068710
  0.0000011892
  0.0000006258
 -0.0000126693
 -0.0000301768
 -0.0000078919
 -0.0000063337
  0.0000080440
 -0.0000123938
  0.0000061154
 -0.0000019305
 -0.0000110459
 -0.0000032121
  0.0000079988
  0.0000022106
 -0.0000091626
 -0.0000474093
 -0.0000051479
 -0.0000050915
 -0.0000024921
  0.0000095872
 -0.0000006312
 -0.0000037651
 -0.0000420362
  0.0000062590
 -0.0000053986
  0.0000002625
  0.0000019614
 -0.0000117422
  0.0000024634
  0.0000100452
  0.0000134907
  0.0000053504
  0.0000052166
 -0.0000022185
  0.0000076438
  0.0000055363
 -0.0000285162
 -0.0000142538
 -0.0000706837
  0.0000023494
 -0.0001199407
  0.0000618920
 -0.0000705114
  0.0000646687
  0.0000075100
  0.0000159506
  0.0000060424
  0.0000211354
  0.0000622739
  0.0000226089
  0.0000491649
 -0.0001063633
 -0.0000818018
 -0.0001287673
  0.0000595931
  0.0000451558
  0.0000009934
  0.0000018145
  0.0000015135
  0.0000012489
  0.0000018749
  0.0000033793
  0.0000017362
  0.0000020036
  0.0000031413
  0.0000013810
  0.0000018338
  0.0000023108
  0.0000023590
  0.0000010783
  0.0000017945
 -0.0000373251
 -0.0001112488
 -0.0001037636
 -0.0000609545
 -0.0000569067
 -0.0001174361
 -0.0000521241
 -0.0000040334
 -0.0000580758
 -0.0001011553
 -0.0000984075
 -0.0001158162
  0.0000041545
  0.0000255444
  0.0000018452
  0.0000145533
  0.0000035732
  0.0000086165
  0.0000450245
  0.0000326894
  0.0000074395
  0.0000018552
  0.0000031673
  0.0000128939
  0.0000013461
  0.0000031813
  0.0000254162
 -0.0000054667
 -0.0000019123
  0.0000093000
  0.0000158939
  0.0000116728
  0.0000041833
  0.0000712553
  0.0000037338
  0.0000023936
  0.0000013820
  0.0000321454
  0.0000065670
  0.0000060160
  0.0000310753
  0.0000392404
  0.0000043319
  0.0000046439
 -0.0000020951
  0.0000003201
  0.0000083056
  0.0000085892
  0.0000008130
  0.0000034585
  0.0000749131
  0.0000100053
  0.0000118399
  0.0000182570
  0.0000145358
  0.0000466186
  0.0000261033
  0.0000322093
  0.0000274128
  0.0000058129
  0.0000138283
  0.0000273543
  0.0000948879
  0.0000058913
  0.0000055857
  0.0000053080
  0.0000035241
  0.0000052200
  0.0000054064
  0.0000063446
  0.0000027899
  0.0000035692
  0.0000067258
  0.0000045647
  0.0000050463
  0.0000040988
  0.0000066933
  0.0000048428
  0.0000051822
  0.0000035546
  0.0000086648
  0.0000112555
  0.0000041564
  0.0000187539
  0.0000131580
  0.0000145334
  0.0000210629
  0.0000196405
  0.0000143999
  0.0000092603
  0.0000056927
  0.0000049576
  0.0000079659
  0.0000046684
  0.0000057082
  0.0000071043
  0.0000062871
  0.0000074403
  0.0000085259
  0.0000043171
  0.0000045071
  0.0000049710
  0.0000083069
  0.0000053091
  0.0000082655
 -0.0000013043
  0.0000064192
  0.0000069807
  0.0000046025
  0.0000033725
  0.0000071501
  0.0000030735
  0.0000042257
  0.0000057695
  0.0000078105
  0.0000049034
  0.0000046555
  0.0000047980
  0.0000079581
  0.0000020701
  0.0000095147
  0.0000011152
  0.0000058456
 -0.0000052205
 -0.0000054359
 -0.0000091122
 -0.0000053282
  0.0000119076
 -0.0000152908
  0.0000087624
  0.0000382361
  0.0000122448
  0.0000010492
 -0.0000017374
  0.0000385002
  0.0000391760
  0.0000552351
  0.0000642721
  0.0000209264
  0.0000281129
  0.0000017230
  0.0000021246
 -0.0000030876
 -0.0000021814
 -0.0000037436
 -0.0000023855
 -0.0000021021
 -0.0000016736
 -0.0000056907
 -0.0000041149
 -0.0000013969
 -0.0000034525
 -0.0000027849
 -0.0000026379
 -0.0000015092
 -0.0000029783
 -0.0000022110
 -0.0000033612
  0.0000109185
  0.0000013423
  0.0000141137
  0.0000152649
  0.0000136561
  0.0000155135
 -0.0000118106
  0.0000177705
  0.0000096108
 -0.0000073183
 -0.0000114409
 -0.0000025949
 -0.0000048788
 -0.0000029079
 -0.0000066578
 -0.0000035037
 -0.0000033822
 -0.0000036881
 -0.0000001681
 -0.0000088726
 -0.0000102305
 -0.0000082919
 -0.0000035698
 -0.0000027069
 -0.0000009125
 -0.0000028723
 -0.0000020834
 -0.0000020119
 -0.0000092436
 -0.0000099938
 -0.0000067328
 -0.0000023477
 -0.0000039686
 -0.0000039375
 -0.0000003090
 -0.0000051683
 -0.0000040609
 -0.0000024765
 -0.0000075882
 -0.0000022402
 -0.0000029598
 -0.0000051592
 -0.0000087499
 -0.0000046966
  0.0000004712
 -0.0000103842
 -0.0000023558
  0.0000107633
 -0.0000136373
 -0.0000859055
  0.0000163690
  0.0000717507
 -0.0000143236
 -0.0000012060
  0.0000037080
 -0.0000006274
  0.0000023431
  0.0000004227
  0.0000039922
 -0.0000023930
 -0.0000011509
  0.0000008204
 -0.0000006058
 -0.0000022125
  0.0000035632
 -0.0000008190
 -0.0000033162
 -0.0000057216
 -0.0000003274
 -0.0000064378
 -0.0000017859
 -0.0000037153
 -0.0000035601
  0.0000055322
  0.0000046206
  0.0000084582
 -0.0000012808
  0.0000005340
 -0.0000008047
 -0.0000035541
 -0.0000004442
 -0.0000031856
 -0.0000017212
 -0.0000030007
 -0.0000030454
 -0.0000009852
 -0.0000035752
 -0.0000023835
 -0.0000019824
 -0.0000025478
 -0.0000015774
 -0.0000016261
 -0.0000017237
 -0.0000019166
 -0.0000029609
 -0.0000013836
 -0.0000031290
 -0.0000040818
 -0.0000010588
 -0.0000019533
 -0.0000008420
  0.0000009785
  0.0000005232
 -0.0000031697
  0.0000025792
 -0.0000021962
 -0.0000039289
 -0.0000015734
 -0.0000024237
 -0.0000028198
 -0.0000028981
 -0.0000023109
 -0.0000013235
 -0.0000010926
 -0.0000016379
 -0.0000002152
 -0.0000032292
 -0.0000001116
 -0.0000014220
 -0.0000010099
 -0.0000029137
 -0.0000028069
 -0.0000029166
 -0.0000032129
 -0.0000010318
 -0.0000033622
 -0.0000021652
 -0.0000059635
 -0.0000002230
 -0.0000008998
 -0.0000018102
 -0.0000030535
 -0.0000003742
 -0.0000040396
 -0.0000021718
 -0.0000017425
 -0.0000192412
 -0.0000115842
  0.0000026513
  0.0000009811
  0.0000171973
  0.0000109840
  0.0000056797
  0.0000105654
  0.0000516679
  0.0000564960
 -0.0000273208
 -0.0000142118
  0.0000065474
 -0.0000098345
  0.0000634945
  0.0000049087
  0.0000675938
 -0.0000007579
 -0.0000931439
  0.0000116735
 -0.0000091230
 -0.0000293549
  0.0000006804
 -0.0000010658
 -0.0000000287
  0.0000010910
 -0.0000020926
  0.0000018063
 -0.0000011878
 -0.0000019965
  0.0000025002
  0.0000015695
 -0.0000010208
 -0.0000022796
  0.0000024567
  0.0000001198
 -0.0000010324
 -0.0001401471
  0.0000551447
 -0.0000796912
 -0.0001368084
  0.0000495890
 -0.0001092471
  0.0000612530
 -0.0001030013
  0.0000439860
  0.0000559970
  0.0000518044
  0.0000087049
  0.0000103047
 -0.0000015982
  0.0000126525
  0.0000148141
  0.0000094405
  0.0000240897
  0.0000097341
 -0.0000174091
  0.0000033450
  0.0000047429
  0.0000127413
  0.0000002722
  0.0000010123
  0.0000107818
  0.0000070184
  0.0000012217
  0.0000053431
  0.0000150569
  0.0000097621
  0.0000067481
 -0.0000120591
  0.0000048936
 -0.0000012637
 -0.0000016126
  0.0000154639
  0.0000068973
  0.0000073810
 -0.0000385664
  0.0000202713
  0.0000107780
  0.0000020926
  0.0000091672
 -0.0000023751
  0.0000108115
  0.0000229002
  0.0000034766
  0.0000086258
 -0.0000016964
  0.0000022464
  0.0000015906
  0.0000056799
 -0.0000012984
  0.0000023730
  0.0000019091
  0.0000056937
 -0.0000000877
  0.0000006792
 -0.0000016698
  0.0000085986
  0.0000201409
  0.0000332118
  0.0000052664
  0.0000058129
 -0.0000018595
 -0.0000006584
  0.0000000352
  0.0000004393
 -0.0000006104
 -0.0000001042
  0.0000011152
 -0.0000007901
 -0.0000015877
 -0.0000010381
 -0.0000004205
  0.0000013998
 -0.0000020428
 -0.0000005509
 -0.0000005119
  0.0000006727
  0.0000021463
  0.0000013978
 -0.0000034954
 -0.0000014814
 -0.0000045374
  0.0000053778
 -0.0000046730
 -0.0000009686
  0.0000015254
  0.0000022106
  0.0000000395
 -0.0000033279
  0.0000003539
 -0.0000044766
 -0.0000002691
  0.0000046644
  0.0000039872
 -0.0000022252
 -0.0000001460
  0.0000003479
  0.0000013186
  0.0000052456
  0.0000026287
  0.0000006900
 -0.0000008857
  0.0000009867
 -0.0000038694
  0.0000013883
  0.0000000430
  0.0000003122
  0.0000010063
 -0.0000015176
  0.0000005531
  0.0000003186
  0.0000005054
 -0.0000002989
 -0.0000005349
  0.0000021690
 -0.0000019269
 -0.0000024484
 -0.0000012761
  0.0000343194
  0.0000348848
  0.0000505871
  0.0000519875
  0.0000313245
  0.0000089715
 -0.0000244683
 -0.0000214017
 -0.0000003928
  0.0000313263
  0.0000440996
 -0.0000256450
 -0.0000233093
 -0.0000210364
 -0.0000219626
 -0.0000234570
 -0.0000195087
 -0.0000179992
 -0.0000211749
 -0.0000193942
 -0.0000284939
 -0.0000238061
 -0.0000208145
 -0.0000196298
 -0.0000256434
 -0.0000219056
 -0.0000210440
  0.0000298732
  0.0000433588
  0.0000224544
  0.0000244315
  0.0000388155
  0.0000245673
 -0.0000044668
  0.0000433366
  0.0000347066
  0.0000141670
  0.0000223390
  0.0000235371
 -0.0000288339
 -0.0000174923
 -0.0000219332
 -0.0000189606
 -0.0000097137
 -0.0000064351
 -0.0000409113
 -0.0000433228
 -0.0000395553
 -0.0000289825
 -0.0000257757
 -0.0000141622
 -0.0000305881
 -0.0000203141
 -0.0000179006
 -0.0000190816
 -0.0000256326
 -0.0000150549
 -0.0000202853
 -0.0000334119
 -0.0000156242
 -0.0000138242
 -0.0000213065
 -0.0000195938
 -0.0000243742
 -0.0000094986
 -0.0000225817
 -0.0000255791
 -0.0000268358
 -0.0000075280
 -0.0000192803
 -0.0000177410
 -0.0000284812
 -0.0000379625
 -0.0000353373
  0.0000535649
  0.0000443567
  0.0000359927
 -0.0002208931
 -0.0002202277
 -0.0001339157
 -0.0001624107
 -0.0000985178
 -0.0002201633
 -0.0002004384
 -0.0001894686
 -0.0002194238
 -0.0001357186
 -0.0001256626
 -0.0000464993
 -0.0000527008
 -0.0000476959
 -0.0000453370
 -0.0000601990
 -0.0000673325
 -0.0000526578
 -0.0000609011
 -0.0000379593
 -0.0000434746
 -0.0000531473
 -0.0000592497
 -0.0000400195
 -0.0000475969
 -0.0000526813
 -0.0001589066
 -0.0002299426
 -0.0001752307
 -0.0001740449
 -0.0002067852
 -0.0001730841
 -0.0002231221
 -0.0001718581
 -0.0001910591
 -0.0002322752
 -0.0002046810
 -0.0000079121
 -0.0001045358
 -0.0000484825
 -0.0000805673
  0.0000426930
  0.0000167130
 -0.0001045971
 -0.0000999120
 -0.0001073473
 -0.0000155371
 -0.0000141083
 -0.0000758709
 -0.0000403638
 -0.0000180292
 -0.0001039752
  0.0000341388
  0.0000091553
 -0.0000713065
 -0.0000784299
 -0.0000755549
 -0.0000082607
 -0.0001396692
  0.0000097853
 -0.0000514143
 -0.0000573970
 -0.0001046139
  0.0000143552
 -0.0000111176
 -0.0001222269
 -0.0001062970
  0.0000171767
 -0.0000652686
  0.0000384805
 -0.0000454554
  0.0000013446
  0.0000094079
  0.0000057889
 -0.0000051771
 -0.0000477345
  0.0000187922
  0.0001175426
  0.0000025059
  0.0000053603
  0.0000174503
  0.0000042663
  0.0000077235
  0.0000068382
  0.0000086525
  0.0000012073
  0.0000042186
  0.0000033771
 -0.0000020095
  0.0000041653
  0.0000025552
  0.0000046831
  0.0000028777
  0.0000059404
 -0.0000000122
  0.0000031718
  0.0000069166
 -0.0000001911
  0.0000020169
 -0.0000127682
  0.0000017808
 -0.0000001304
  0.0000126306
  0.0000252014
  0.0000203683
  0.0000041627
  0.0000048805
  0.0000012265
  0.0000032163
 -0.0000017706
 -0.0000008424
 -0.0000018050
 -0.0000017532
 -0.0000006039
 -0.0000004047
 -0.0000005253
 -0.0000005118
 -0.0000026976
 -0.0000023496
 -0.0000017808
 -0.0000004300
 -0.0000023909
 -0.0000018447
 -0.0000014714
  0.0000014960
 -0.0000007898
 -0.0000005887
  0.0000003258
 -0.0000003930
  0.0000060912
 -0.0000010132
  0.0000019789
  0.0000011784
  0.0000001682
 -0.0000038449
 -0.0000009536
  0.0000023883
 -0.0000028406
  0.0000009689
  0.0000022037
  0.0000038695
 -0.0000027463
 -0.0000012207
  0.0000011553
 -0.0000023216
 -0.0000042865
 -0.0000004692
 -0.0000019699
 -0.0000014168
 -0.0000008802
 -0.0000012369
 -0.0000022215
 -0.0000002639
  0.0000041088
 -0.0000011785
  0.0000002106
  0.0000002214
 -0.0000016933
  0.0000015797
 -0.0000008746
 -0.0000009201
  0.0000019209
 -0.0000016251
 -0.0000006353
 -0.0000001871
  0.0000003822
 -0.0000013322
  0.0000042455
 -0.0000050693
 -0.0000189244
  0.0000048153
  0.0000043182
  0.0000028668
 -0.0000001872
  0.0000052096
  0.0000133086
  0.0000014507
 -0.0000024084
 -0.0000024410
 -0.0000018319
 -0.0000022808
 -0.0000030323
 -0.0000009532
 -0.0000025243
 -0.0000029422
 -0.0000021323
 -0.0000008262
 -0.0000024310
 -0.0000028695
 -0.0000013700
 -0.0000024210
 -0.0000024485
  0.0000007300
  0.0000052098
  0.0000002895
  0.0000115327
  0.0000040328
  0.0000071142
  0.0000121491
  0.0000086650
  0.0000073735
 -0.0000034792
 -0.0000030331
  0.0000022567
  0.0000036591
 -0.0000025371
  0.0000026078
  0.0000204162
  0.0000192419
  0.0000039502
  0.0000042003
  0.0000028735
 -0.0000001981
  0.0000012734
  0.0000010309
 -0.0000025644
  0.0000015664
  0.0000168708
  0.0000039554
  0.0000006469
  0.0000007196
  0.0000082711
  0.0000110436
 -0.0000019062
 -0.0000028548
  0.0000035701
  0.0000161503
  0.0000035809
  0.0000051359
  0.0000140054
 -0.0000018902
  0.0000220958
 -0.0000038696
 -0.0000074683
  0.0000048163
 -0.0000055518
  0.0000617946
 -0.0000829837
 -0.0000063521
  0.0000662330
 -0.0000050635
  0.0000014253
  0.0000136948
  0.0000003182
 -0.0000064951
  0.0000370263
  0.0000104889
 -0.0000102084
  0.0000165387
  0.0000118221
 -0.0000055894
 -0.0000092590
  0.0000544044
 -0.0000063219
  0.0000100500
  0.0000859204
 -0.0000075123
 -0.0000086092
 -0.0000080506
  0.0000007528
 -0.0000019968
 -0.0000005464
  0.0000008549
 -0.0000009736
 -0.0000000014
 -0.0000003048
  0.0000001970
  0.0000023619
  0.0000001812
 -0.0000036470
  0.0000003614
  0.0000012167
  0.0000006403
 -0.0000029914
 -0.0000085891
 -0.0000042391
 -0.0000105680
 -0.0000004044
 -0.0000032459
 -0.0000033283
 -0.0000083760
 -0.0000045552
  0.0000015564
 -0.0000018073
 -0.0000019046
 -0.0000165423
 -0.0000071183
  0.0000024091
  0.0000023755
 -0.0000012085
  0.0000067191
  0.0000025751
  0.0000029701
  0.0000009359
  0.0000001811
  0.0000030963
  0.0000019122
 -0.0000004801
 -0.0000004544
 -0.0000002910
  0.0000013224
 -0.0000010343
  0.0000007724
 -0.0000062404
 -0.0000007398
  0.0000034718
  0.0000008932
 -0.0000024855
  0.0000009540
 -0.0000028387
 -0.0000010365
 -0.0000016470
  0.0000011251
  0.0000022026
 -0.0000000570
  0.0000011994
  0.0000006576
  0.0000035595
  0.0000005387
 -0.0000009519
  0.0000024326
  0.0000132081
  0.0000128437
  0.0000010488
  0.0000042933
 -0.0000026400
 -0.0000032665
 -0.0000033850
  0.0000002600
  0.0000046421
 -0.0000008193
  0.0000010807
  0.0000122757
  0.0000094257
 -0.0000053205
 -0.0000053482
 -0.0000032472
 -0.0000027620
 -0.0000032369
 -0.0000031617
 -0.0000028706
 -0.0000004000
 -0.0000028186
 -0.0000027894
 -0.0000023871
 -0.0000030056
 -0.0000026126
 -0.0000029949
 -0.0000031714
 -0.0000033034
 -0.0000026746
 -0.0000010646
  0.0000025497
 -0.0000079273
 -0.0000014969
 -0.0000010146
  0.0000014087
  0.0000000043
  0.0000023686
 -0.0000046213
 -0.0000047057
 -0.0000019918
  0.0000013448
 -0.0000166573
 -0.0000051235
 -0.0000033954
 -0.0000015364
 -0.0000020371
 -0.0000039775
 -0.0000027925
 -0.0000045954
 -0.0000033453
 -0.0000029743
 -0.0000006298
 -0.0000025380
 -0.0000042578
 -0.0000028069
 -0.0000020223
 -0.0000132397
 -0.0000039687
 -0.0000048159
 -0.0000042219
 -0.0000020795
 -0.0000019717
  0.0000004638
 -0.0000015417
 -0.0000068454
 -0.0000026837
 -0.0000029324
 -0.0000087170
 -0.0000034357
 -0.0000139037
 -0.0000026058
  0.0000077606
  0.0000277543
  0.0000052415
  0.0000041168
  0.0000088473
  0.0000092653
  0.0000056567
  0.0000166825
  0.0000057905
  0.0000171002
  0.0000053303
  0.0000078830
  0.0000168178
  0.0000347074
  0.0000058008
  0.0000059056
  0.0000031750
  0.0000047781
  0.0000031302
  0.0000044063
  0.0000048548
  0.0000054357
  0.0000008291
  0.0000027813
  0.0000054434
  0.0000041402
  0.0000044515
  0.0000041533
  0.0000053300
  0.0000043441
  0.0000047380
  0.0000034762
  0.0000046223
  0.0000120180
 -0.0000039764
  0.0000093603
  0.0000064641
  0.0000078301
  0.0000079767
  0.0000089193
  0.0000064547
  0.0000061336
  0.0000128311
 -0.0000035466
  0.0000015884
  0.0000048426
  0.0000058999
  0.0000020975
  0.0000043754
  0.0000074340
  0.0000082803
  0.0000050323
  0.0000050757
  0.0000054542
  0.0000023487
  0.0000041928
  0.0000077334
  0.0000038574
  0.0000023493
 -0.0000011101
  0.0000032787
  0.0000078940
  0.0000027179
  0.0000030713
  0.0000063413
  0.0000031837
  0.0000019648
  0.0000027666
  0.0000052852
  0.0000057176
  0.0000042925
  0.0000049608
  0.0000048863
  0.0000041704
  0.0000083047
  0.0000028838
  0.0000026167
 -0.0000028030
 -0.0000143638
 -0.0000472208
  0.0000253084
  0.0001172784
  0.0000046597
  0.0000027855
  0.0000191419
  0.0000002729
  0.0000076099
  0.0000047839
  0.0000139183
 -0.0000000014
  0.0000013257
  0.0000004471
  0.0000005872
  0.0000004833
  0.0000020522
  0.0000050077
  0.0000017633
  0.0000025388
  0.0000049101
  0.0000025281
  0.0000041929
 -0.0000001810
  0.0000019033
 -0.0000094521
  0.0000044848
 -0.0000004366
  0.0000096040
  0.0000271568
  0.0000218074
  0.0000005894
  0.0000026479
 -0.0000000971
 -0.0000000165
  0.0000021162
  0.0000010789
  0.0000020629
  0.0000019297
  0.0000006744
  0.0000001970
  0.0000010745
  0.0000010509
  0.0000034737
  0.0000030413
  0.0000019664
  0.0000011302
  0.0000029903
  0.0000027632
  0.0000014938
  0.0000003595
  0.0000007034
  0.0000015144
  0.0000012000
 -0.0000000385
  0.0000023430
  0.0000011001
  0.0000000225
  0.0000009736
 -0.0000013116
 -0.0000029636
 -0.0000022677
 -0.0000016847
 -0.0000014083
 -0.0000021576
  0.0000030355
  0.0000020450
  0.0000002363
  0.0000038601
  0.0000016906
  0.0000015474
  0.0000006060
  0.0000011019
  0.0000027786
 -0.0000029393
 -0.0000028437
 -0.0000003132
 -0.0000010253
 -0.0000009376
  0.0000019651
  0.0000017116
 -0.0000009711
 -0.0000007093
 -0.0000006765
 -0.0000007531
 -0.0000019470
  0.0000032475
  0.0000029527
  0.0000000516
  0.0000014913
 -0.0000010423
  0.0000005381
  0.0000012222
  0.0000013470
  0.0000012489
 -0.0000070321
  0.0000007814
  0.0000702672
  0.0000041802
  0.0000873194
 -0.0000005646
  0.0000129158
  0.0000227973
  0.0000087753
  0.0000467276
  0.0000223742
  0.0000241061
  0.0000188758
  0.0000007184
  0.0000053767
  0.0000224751
  0.0000938905
  0.0000007528
  0.0000007302
 -0.0000068680
 -0.0000039453
 -0.0000069854
 -0.0000068338
 -0.0000063136
 -0.0000036672
 -0.0000046369
 -0.0000076614
 -0.0000074984
 -0.0000064130
 -0.0000040801
 -0.0000076434
 -0.0000069649
 -0.0000069540
 -0.0000038502
  0.0000025987
  0.0000025007
 -0.0000015345
  0.0000096087
  0.0000082855
  0.0000004795
  0.0000065881
  0.0000140057
  0.0000083441
  0.0000050892
 -0.0000029453
 -0.0000006329
 -0.0000061610
 -0.0000014736
 -0.0000037122
 -0.0000033307
 -0.0000037692
 -0.0000046403
 -0.0000018727
 -0.0000017969
  0.0000008152
 -0.0000069155
 -0.0000034094
 -0.0000067866
 -0.0000026184
 -0.0000058587
 -0.0000114179
 -0.0000124773
 -0.0000043785
 -0.0000019152
 -0.0000047849
 -0.0000072328
  0.0000015037
 -0.0000085241
 -0.0000033437
 -0.0000036795
 -0.0000026806
 -0.0000055897
 -0.0000066333
  0.0000016074
 -0.0000001502
 -0.0000087063
 -0.0000053099
 -0.0000074860
 -0.0000076881
  0.0000039693
  0.0001579795
  0.0000038774
  0.0000827664
  0.0000095744
  0.0000166059
  0.0000087199
  0.0000016863
  0.0000049148
  0.0000074765
  0.0000087842
  0.0000065940
  0.0000030075
  0.0000148029
  0.0000168064
  0.0000133161
  0.0000113274
  0.0000114469
  0.0000402215
  0.0000085454
  0.0000240922
  0.0000130179
  0.0000083918
  0.0000047818
  0.0000073538
  0.0000072063
  0.0000045460
  0.0000019333
  0.0000050494
  0.0000047316
  0.0000044354
  0.0000008898
  0.0000026117
  0.0000048544
  0.0000052636
  0.0000042866
  0.0000029592
  0.0000048728
  0.0000050476
  0.0000043570
  0.0000020943
  0.0000134424
 -0.0000007911
  0.0000086649
 -0.0000007758
  0.0000049354
  0.0000058233
  0.0000013485
  0.0000065290
  0.0000072553
  0.0000057819
  0.0000021258
  0.0000085597
 -0.0000009614
 -0.0000016710
 -0.0000025961
  0.0000042932
  0.0000124070
 -0.0000005184
  0.0000056898
  0.0000016012
  0.0000035885
  0.0000027374
  0.0000074766
  0.0000039537
  0.0000012644
  0.0000008534
  0.0000009001
  0.0000017171
  0.0000001045
  0.0000049545
 -0.0000005231
  0.0000008748
  0.0000013597
  0.0000008752
  0.0000028562
  0.0000019965
  0.0000054885
  0.0000052285
  0.0000002801
  0.0000044041
  0.0000042456
  0.0000032685
  0.0000022744
  0.0000035251
  0.0000013430
  0.0000231903
  0.0000454916
  0.0000147163
  0.0000514723
  0.0000179750
  0.0000092486
  0.0000925767
  0.0000716890
  0.0000891785
  0.0000630096
  0.0000086099
  0.0000073294
  0.0000057131
  0.0000063414
  0.0000073512
  0.0000044186
  0.0000054736
  0.0000055946
  0.0000045195
  0.0000080536
  0.0000071899
  0.0000057714
  0.0000049675
  0.0000083331
  0.0000068678
  0.0000057378
  0.0000383082
  0.0000387335
  0.0000389747
  0.0000192734
  0.0000537791
  0.0000352857
  0.0000209387
  0.0000202174
  0.0000415264
  0.0000230209
  0.0000173032
  0.0000386702
  0.0000182820
  0.0000137182
  0.0000089458
  0.0000051960
  0.0000107739
  0.0000261207
  0.0000166515
  0.0000040875
  0.0000031525
  0.0000007736
  0.0000088576
  0.0000103180
  0.0000088629
  0.0000066801
  0.0000081760
  0.0000172017
  0.0000076479
  0.0000063229
  0.0000120406
  0.0000086433
  0.0000116563
  0.0000146170
  0.0000115495
  0.0000056503
  0.0000039839
  0.0000080677
  0.0000141818
  0.0000124014
  0.0000069736
  0.0000048927
  0.0000142300
  0.0000045233
  0.0000207628
  0.0000040777
 -0.0000174231
 -0.0000652122
  0.0000191622
  0.0000807755
 -0.0000071195
  0.0000008163
  0.0000070202
  0.0000000356
  0.0000039582
  0.0000029877
  0.0000070824
 -0.0000003496
  0.0000007605
  0.0000018826
  0.0000001835
  0.0000019902
  0.0000081070
 -0.0000001511
  0.0000007204
 -0.0000000504
 -0.0000025777
  0.0000017973
 -0.0000035126
  0.0000023315
 -0.0000144476
  0.0000009356
 -0.0000012811
  0.0000072100
  0.0000069257
  0.0000207785
 -0.0000000904
  0.0000111426
  0.0000011230
 -0.0000015136
  0.0000016423
 -0.0000012034
  0.0000009295
 -0.0000013404
 -0.0000012694
 -0.0000004872
  0.0000018573
 -0.0000000273
 -0.0000009838
 -0.0000001082
 -0.0000004349
 -0.0000001699
 -0.0000010849
 -0.0000003988
 -0.0000008705
  0.0000010402
  0.0000006502
 -0.0000019128
 -0.0000030699
 -0.0000001221
 -0.0000000137
  0.0000019901
 -0.0000037473
  0.0000016002
  0.0000011945
  0.0000034087
 -0.0000045072
 -0.0000018070
  0.0000035077
 -0.0000028895
 -0.0000021323
 -0.0000018302
  0.0000034828
 -0.0000025744
  0.0000005188
  0.0000010029
 -0.0000008468
  0.0000011685
  0.0000005035
 -0.0000005391
  0.0000005505
 -0.0000040107
  0.0000025275
  0.0000016105
 -0.0000002006
 -0.0000013967
 -0.0000004527
 -0.0000005503
  0.0000008138
  0.0000004390
  0.0000032672
 -0.0000004320
 -0.0000022621
  0.0000000637
 -0.0000003264
  0.0000010231
 -0.0000004566
 -0.0000103735
 -0.0000042398
 -0.0000130039
 -0.0000140751
 -0.0000172385
 -0.0000078207
  0.0000129606
  0.0000107523
  0.0000109876
  0.0000026435
 -0.0000009217
 -0.0000167931
  0.0000263337
  0.0000134206
 -0.0001559830
  0.0000069304
  0.0000120199
 -0.0000067829
 -0.0000075518
 -0.0000071752
 -0.0000069293
 -0.0000085229
 -0.0000087243
 -0.0000079499
 -0.0000085040
 -0.0000040688
 -0.0000062441
 -0.0000074598
 -0.0000083540
 -0.0000054124
 -0.0000070544
 -0.0000074044
 -0.0000286922
 -0.0000097923
 -0.0000095295
  0.0000084035
 -0.0000547715
 -0.0000082517
  0.0000000110
 -0.0000094609
 -0.0000076907
 -0.0000058175
 -0.0000164393
 -0.0000044538
 -0.0000057929
 -0.0000078172
 -0.0000082160
 -0.0000099796
 -0.0000066938
 -0.0000009571
 -0.0000150825
 -0.0000118044
 -0.0000040817
 -0.0000069096
 -0.0000052623
 -0.0000122167
 -0.0000078420
 -0.0000106084
 -0.0000086266
 -0.0000140876
 -0.0000115092
 -0.0000133780
 -0.0000095421
 -0.0000118082
 -0.0000066990
  0.0000139288
 -0.0000062500
 -0.0000079316
 -0.0000085338
 -0.0000092468
 -0.0000036758
 -0.0000047061
  0.0000046682
 -0.0000141381
 -0.0000029950
 -0.0000126613
 -0.0000117389
 -0.0000097490
 -0.0000650959
  0.0000155916
  0.0000776482
 -0.0000079039
 -0.0000010306
  0.0000100121
  0.0000010646
  0.0000018755
  0.0000022390
  0.0000048603
  0.0000010967
  0.0000007004
  0.0000027227
 -0.0000092479
  0.0000006483
  0.0000020291
  0.0000129844
  0.0000008869
 -0.0000007682
 -0.0000002430
  0.0000038584
 -0.0000007248
 -0.0000008678
  0.0000046977
 -0.0000157327
  0.0000003759
 -0.0000000931
  0.0000062411
  0.0000042921
 -0.0000000582
  0.0000063283
  0.0000005645
 -0.0000018059
  0.0000019111
 -0.0000002108
  0.0000000802
 -0.0000004213
 -0.0000004328
 -0.0000011210
 -0.0000001828
 -0.0000001485
 -0.0000005975
  0.0000016051
 -0.0000004668
 -0.0000005397
 -0.0000007806
 -0.0000001616
 -0.0000000987
  0.0000001066
  0.0000004978
  0.0000027873
  0.0000019572
  0.0000014109
  0.0000009597
  0.0000032372
  0.0000014761
  0.0000018377
  0.0000017831
  0.0000004072
 -0.0000009501
 -0.0000008557
  0.0000006394
 -0.0000005530
  0.0000006192
  0.0000037371
  0.0000042734
 -0.0000008898
 -0.0000006766
  0.0000030741
  0.0000008384
  0.0000034239
  0.0000002389
  0.0000005629
 -0.0000016908
  0.0000005203
 -0.0000003177
  0.0000013348
  0.0000008167
  0.0000028085
  0.0000012880
  0.0000012218
  0.0000009912
  0.0000036171
  0.0000006522
  0.0000025833
 -0.0000013352
  0.0000004840
  0.0000018641
  0.0000046778
  0.0000028903
  0.0000126965
  0.0000620320
 -0.0000128577
 -0.0000001006
  0.0000178009
  0.0000005983
  0.0000028663
  0.0000040170
 -0.0000003035
  0.0000011429
  0.0000031922
  0.0000012533
  0.0000139535
  0.0000007466
  0.0000070058
  0.0000006847
  0.0000053699
  0.0000024102
 -0.0000016428
  0.0000063803
  0.0000047013
  0.0000210916
  0.0000002709
  0.0000043493
  0.0000013095
 -0.0000012701
  0.0000020770
  0.0000006289
 -0.0000020180
  0.0000012140
  0.0000008355
  0.0000010656
 -0.0000013356
 -0.0000017883
  0.0000009536
  0.0000012964
  0.0000001812
 -0.0000006213
  0.0000009604
  0.0000008947
  0.0000004072
 -0.0000019221
  0.0000002003
 -0.0000017888
  0.0000010070
  0.0000000416
  0.0000012510
  0.0000024806
  0.0000027953
  0.0000003321
  0.0000047563
  0.0000002850
 -0.0000019718
  0.0000003848
 -0.0000025560
 -0.0000006342
 -0.0000007075
 -0.0000001403
  0.0000023788
  0.0000015878
  0.0000016214
  0.0000015156
 -0.0000021492
  0.0000008887
  0.0000034697
  0.0000011118
 -0.0000009296
  0.0000029236
 -0.0000006669
  0.0000009863
  0.0000014368
 -0.0000006916
 -0.0000009302
 -0.0000021333
 -0.0000027605
  0.0000003238
 -0.0000024757
  0.0000017452
 -0.0000018409
  0.0000022720
  0.0000021236
  0.0000098829
  0.0000649827
  0.0000038574
  0.0000325572
  0.0000070195
 -0.0000014068
 -0.0000023693
  0.0000041477
  0.0000065750
  0.0000067918
 -0.0000006209
  0.0000056692
  0.0000045569
  0.0000043963
 -0.0000011720
  0.0000033124
  0.0000075214
  0.0000057653
  0.0000049276
  0.0000021961
 -0.0000011070
 -0.0000202095
  0.0000008964
  0.0000032718
  0.0000101112
  0.0000072789
  0.0000080302
  0.0000049863
 -0.0000034299
  0.0000058791
  0.0000029722
  0.0000012798
  0.0000012213
  0.0000016730
  0.0000012114
  0.0000012215
  0.0000009530
  0.0000030230
  0.0000006843
 -0.0000003219
  0.0000009381
  0.0000012327
  0.0000019653
 -0.0000002172
  0.0000010031
  0.0000014488
  0.0000022130
  0.0000007262
 -0.0000001771
 -0.0000024719
  0.0000040992
  0.0000043556
  0.0000098261
 -0.0000010701
  0.0000004212
  0.0000048458
  0.0000025610
  0.0000035793
 -0.0000017420
  0.0000026821
  0.0000015238
  0.0000009417
 -0.0000006993
  0.0000023816
  0.0000024563
  0.0000016157
 -0.0000001335
  0.0000004153
  0.0000002132
 -0.0000021520
  0.0000037572
  0.0000016777
  0.0000019649
  0.0000028957
  0.0000015260
  0.0000021162
  0.0000026006
  0.0000048491
  0.0000026735
  0.0000006608
  0.0000021593
 -0.0000000620
 -0.0000001993
  0.0000011983
  0.0000044359
 -0.0000911966
  0.0000094314
  0.0000597453
 -0.0000146723
 -0.0000012952
  0.0000171881
  0.0000042496
 -0.0000075729
 -0.0000065444
  0.0000019051
  0.0000027275
  0.0000041603
 -0.0000027886
 -0.0000114545
  0.0000023355
 -0.0000009123
  0.0000036109
 -0.0000017263
 -0.0000000005
  0.0000018371
  0.0000071402
  0.0000004457
  0.0000003466
 -0.0000011753
 -0.0000192304
  0.0000001985
 -0.0000022568
  0.0000057484
  0.0000022079
  0.0000269871
  0.0000023735
  0.0000087407
  0.0000019914
 -0.0000018660
 -0.0000042993
 -0.0000010500
 -0.0000008416
 -0.0000011127
 -0.0000011229
 -0.0000008076
 -0.0000007722
 -0.0000006695
 -0.0000006300
 -0.0000011179
 -0.0000009319
 -0.0000012310
 -0.0000005393
 -0.0000009581
 -0.0000009116
 -0.0000012801
 -0.0000024144
  0.0000025002
  0.0000035684
 -0.0000052458
 -0.0000025982
  0.0000050441
 -0.0000015877
 -0.0000020638
 -0.0000004243
 -0.0000013922
 -0.0000002155
 -0.0000028923
 -0.0000016493
 -0.0000016474
  0.0000012328
  0.0000019845
 -0.0000002782
  0.0000039957
  0.0000010111
  0.0000001802
 -0.0000000168
  0.0000005417
  0.0000013094
  0.0000003817
 -0.0000024073
 -0.0000006890
 -0.0000000605
 -0.0000026799
 -0.0000012054
 -0.0000049042
  0.0000012138
  0.0000042221
  0.0000000224
  0.0000003701
  0.0000032395
  0.0000030161
 -0.0000001870
 -0.0000019253
 -0.0000007841
 -0.0000002574
  0.0000443961
  0.0000701142
  0.0000028573
  0.0001409460
  0.0000023270
  0.0000074577
  0.0000030901
  0.0000098017
  0.0000029376
  0.0000072802
  0.0000028830
  0.0000007612
  0.0000203273
  0.0000046031
  0.0000167370
  0.0000056500
 -0.0000000253
  0.0000006475
  0.0000147273
  0.0000560375
  0.0000033772
  0.0000035726
  0.0000003845
  0.0000004889
  0.0000002627
 -0.0000007575
  0.0000004894
 -0.0000003268
  0.0000004560
  0.0000011437
  0.0000006601
  0.0000004847
 -0.0000005911
 -0.0000013749
  0.0000008368
  0.0000001214
  0.0000005442
 -0.0000007208
  0.0000026856
  0.0000075522
 -0.0000055270
  0.0000065722
  0.0000039015
  0.0000055490
  0.0000050596
  0.0000031853
 -0.0000001270
  0.0000007280
  0.0000019577
  0.0000027963
  0.0000063326
 -0.0000068039
 -0.0000025620
 -0.0000008948
  0.0000013754
  0.0000051254
 -0.0000010091
  0.0000064222
  0.0000074973
  0.0000015767
  0.0000023487
  0.0000009143
  0.0000020237
 -0.0000002976
 -0.0000001049
 -0.0000000680
  0.0000042344
 -0.0000013739
  0.0000012132
  0.0000030724
  0.0000054934
 -0.0000006215
  0.0000003691
 -0.0000017728
 -0.0000008151
 -0.0000014476
  0.0000025831
  0.0000010487
  0.0000002806
  0.0000020810
  0.0000009704
  0.0000004940
  0.0000037904
  0.0000026087
  0.0000196159
  0.0000719200
  0.0000047937
  0.0000234489
  0.0000051827
  0.0000086313
  0.0000099215
  0.0000048434
  0.0000040917
  0.0000039441
  0.0000045650
  0.0000138248
  0.0000049122
  0.0000048181
  0.0000058581
  0.0000036329
  0.0000116418
  0.0000094501
  0.0000262086
  0.0000038756
  0.0000025107
  0.0000041918
  0.0000026410
  0.0000028841
  0.0000052326
  0.0000016183
  0.0000029080
  0.0000021856
  0.0000030193
  0.0000058276
  0.0000031594
  0.0000026098
  0.0000031995
  0.0000026151
  0.0000033114
  0.0000028339
  0.0000028534
  0.0000041859
  0.0000063656
  0.0000012746
 -0.0000008714
  0.0000025630
  0.0000005343
  0.0000048224
  0.0000024344
  0.0000007410
  0.0000066347
  0.0000031811
  0.0000002256
  0.0000019757
  0.0000017450
  0.0000018776
  0.0000054881
  0.0000043018
  0.0000079702
  0.0000058725
  0.0000038337
  0.0000005950
  0.0000021254
  0.0000125521
  0.0000077019
  0.0000047234
  0.0000014005
  0.0000017617
  0.0000008311
  0.0000026816
  0.0000015806
  0.0000022293
  0.0000012532
  0.0000013290
  0.0000007319
  0.0000038340
  0.0000031506
  0.0000002618
  0.0000059838
  0.0000033563
  0.0000080300
  0.0000028529
  0.0000303914
  0.0000335608
  0.0000245497
  0.0000284375
  0.0000777314
  0.0000823192
  0.0000371440
  0.0000625888
  0.0000668475
  0.0000647164
  0.0000620969
  0.0000677544
  0.0000722715
  0.0000667709
  0.0000691430
  0.0000595530
  0.0000607484
  0.0000664980
  0.0000675888
  0.0000609713
  0.0000642798
  0.0000668073
  0.0001085105
  0.0000629299
  0.0000919295
  0.0000987827
  0.0000786287
  0.0001034744
  0.0000295497
  0.0001090469
  0.0000857500
  0.0000628975
  0.0000637054
  0.0000806820
  0.0000489851
  0.0000552058
  0.0000608865
  0.0000664015
  0.0000399814
  0.0000479978
  0.0000487573
  0.0000470199
  0.0000432784
  0.0000464730
  0.0000460146
  0.0000627299
  0.0000403176
  0.0000560848
  0.0000294199
  0.0000336049
  0.0000502087
  0.0000627265
  0.0000655235
  0.0000467628
  0.0000302555
  0.0000455899
  0.0000639974
  0.0000665232
  0.0000525784
  0.0000486445
  0.0000424198
  0.0000386301
  0.0000502050
  0.0000557607
  0.0000666612
  0.0000330818
  0.0000429291
  0.0000048175
  0.0000043946
  0.0000046053
  0.0000049057
  0.0000048265
  0.0000081395
  0.0000041776
  0.0000055657
  0.0000037455
  0.0000048810
  0.0000043483
  0.0000048235
  0.0000050971
  0.0000046918
  0.0000044676
  0.0000124122
  0.0000197494
  0.0000096903
  0.0000116704
  0.0000123794
  0.0000075726
  0.0000200658
  0.0000094929
  0.0000115053
  0.0000198141
  0.0000129444
  0.0000071240
  0.0000048424
  0.0000065718
  0.0000028867
  0.0000037522
  0.0000119810
  0.0000178978
  0.0000139105
  0.0000074581
  0.0000042842
  0.0000078170
  0.0000084093
  0.0000028582
  0.0000056641
  0.0000036040
  0.0000056924
  0.0000090684
  0.0000154360
  0.0000030498
  0.0000052188
  0.0000124542
  0.0000030825
  0.0000181944
  0.0000035938
  0.0000034376
  0.0000006083
  0.0000098518
  0.0000396995
  0.0000449245
  0.0000518944
  0.0000454763
  0.0000274859
  0.0000265453
  0.0000264185
  0.0000281322
  0.0000269125
  0.0000255105
  0.0000262257
  0.0000252993
  0.0000310360
  0.0000282931
  0.0000270174
  0.0000268618
  0.0000292842
  0.0000265614
  0.0000265312
  0.0000418058
  0.0000342268
  0.0000571499
  0.0000412896
  0.0000439637
  0.0000473327
  0.0000370673
  0.0000484267
  0.0000354840
  0.0000440768
  0.0000569330
  0.0000472568
  0.0000584399
  0.0000263276
  0.0000394034
  0.0000256684
  0.0000736834
  0.0000674590
  0.0000495168
  0.0000464409
  0.0000478326
  0.0000677192
  0.0000618708
  0.0000243451
  0.0000435583
  0.0000564055
  0.0000536127
  0.0000244527
  0.0000310806
  0.0000678804
  0.0000411126
  0.0000919843
  0.0000317727
  0.0000264100
  0.0000550704
  0.0000761460
  0.0000487668
  0.0000445225
  0.0000292134
  0.0000728528
  0.0000286687
  0.0000472357
  0.0000271409
  0.0000265434
  0.0000345075
  0.0000294134
  0.0000331144
  0.0000312510
  0.0000289213
  0.0000331401
  0.0000381345
  0.0000330175
  0.0000345030
  0.0000293000
  0.0000280301
  0.0000326278
  0.0000330011
  0.0000292873
  0.0000306745
  0.0000330681
  0.0000424968
  0.0000528403
  0.0000280077
  0.0000265081
  0.0000434852
  0.0000295509
  0.0000244007
  0.0000511355
  0.0000342336
  0.0000277816
  0.0000259350
  0.0000296028
  0.0000089284
  0.0000215999
  0.0000280338
  0.0000321351
  0.0000335201
  0.0000097388
  0.0000149875
  0.0000214275
  0.0000201096
  0.0000058288
  0.0000072562
  0.0000295589
  0.0000079084
  0.0000207778
  0.0000293340
  0.0000313572
  0.0000076171
  0.0000327424
  0.0000195892
  0.0000306037
  0.0000327294
  0.0000174108
  0.0000136919
  0.0000070176
  0.0000279825
  0.0000207514
  0.0000327673
  0.0000104352
 -0.0001156625
 -0.0000184657
 -0.0000022048
 -0.0000021846
 -0.0000019844
 -0.0000019167
 -0.0000016403
  0.0000001162
 -0.0000022597
 -0.0000015243
 -0.0000001948
 -0.0000019914
 -0.0000020483
 -0.0000017253
  0.0000001727
 -0.0000019046
 -0.0000021396
 -0.0000051071
  0.0000112834
  0.0000028021
  0.0000107441
  0.0000028130
  0.0000025903
  0.0000085682
  0.0000027499
 -0.0000040509
  0.0000043173
  0.0000014469
 -0.0000025432
 -0.0000023870
 -0.0000065199
  0.0000005163
  0.0000034150
  0.0000006325
 -0.0000021506
  0.0000005854
 -0.0000027218
 -0.0000040951
  0.0000059325
 -0.0000024880
 -0.0000005877
 -0.0000002959
  0.0000031086
 -0.0000018464
 -0.0000008563
  0.0000015734
 -0.0000042464
 -0.0000036116
  0.0000037945
 -0.0000022367
  0.0000053954
  0.0000005334
  0.0000145996
  0.0000143516
  0.0000145953
  0.0000147180
  0.0000119992
  0.0000085244
  0.0000144637
  0.0000108482
  0.0000120692
  0.0000147564
  0.0000135204
  0.0000118925
  0.0000133784
  0.0000146408
  0.0000141950
  0.0000321572
  0.0000217771
  0.0000334959
  0.0000262697
  0.0000262188
  0.0000261986
  0.0000290413
  0.0000339375
  0.0000234366
  0.0000250847
  0.0000334458
  0.0000267678
  0.0000145493
  0.0000149431
  0.0000197508
  0.0000136335
  0.0000088902
  0.0000175460
  0.0000252677
  0.0000205079
  0.0000189008
  0.0000161616
  0.0000116351
  0.0000189296
  0.0000165350
  0.0000152212
  0.0000125050
  0.0000163040
  0.0000180212
  0.0000281310
  0.0000146457
  0.0000144089
  0.0000190468
  0.0000079688
  0.0000141494
  0.0000285822
  0.0000104915
  0.0000145224
  0.0000187591
 -0.0001107381
 -0.0000365873
 -0.0000020847
 -0.0000015694
 -0.0000013781
 -0.0000019981
 -0.0000018708
 -0.0000026362
 -0.0000012262
 -0.0000018226
 -0.0000022261
 -0.0000019923
 -0.0000016419
 -0.0000019291
 -0.0000021982
 -0.0000012141
 -0.0000020749
 -0.0000052185
  0.0000062599
  0.0000056511
  0.0000002328
 -0.0000065494
  0.0000012642
  0.0000005680
  0.0000061927
  0.0000026162
 -0.0000034098
 -0.0000022245
  0.0000089996
 -0.0000016666
  0.0000022890
 -0.0000004578
  0.0000022410
 -0.0000015716
  0.0000040946
 -0.0000011780
  0.0000038056
  0.0000040602
 -0.0000020015
  0.0000008895
 -0.0000026363
  0.0000047358
 -0.0000006769
 -0.0000022018
 -0.0000018318
  0.0000053035
 -0.0000016009
 -0.0000007883
 -0.0000012131
  0.0000011957
 -0.0000733800
  0.0000047795
  0.0000049967
  0.0000038428
  0.0000039477
  0.0000051214
  0.0000042106
  0.0000039523
  0.0000048641
  0.0000039415
  0.0000040750
  0.0000053634
  0.0000050861
  0.0000039373
  0.0000038883
  0.0000056295
  0.0000275498
 -0.0000056849
  0.0000132750
  0.0000159629
  0.0000118959
  0.0000286529
 -0.0000042820
  0.0000088354
  0.0000142591
 -0.0000143107
  0.0000115516
  0.0000035047
  0.0000028970
  0.0000035922
 -0.0000069022
  0.0000066516
  0.0000077753
 -0.0000002607
  0.0000044009
  0.0000069622
  0.0000059221
 -0.0000033826
  0.0000038905
  0.0000042011
  0.0000044256
  0.0000061550
  0.0000031832
  0.0000054782
  0.0000037773
  0.0000050649
 -0.0000051236
  0.0000033095
  0.0000056403
  0.0000041087
  0.0000052856
  0.0000067287
 -0.0000382395
  0.0000102286
 -0.0000009050
 -0.0000034827
 -0.0000020376
 -0.0000003832
 -0.0000016686
 -0.0000076770
 -0.0000033704
 -0.0000034419
  0.0000004682
 -0.0000002588
 -0.0000032817
 -0.0000015781
 -0.0000006417
 -0.0000017797
 -0.0000035079
  0.0000048602
  0.0000052733
 -0.0000105818
  0.0000042627
  0.0000021383
 -0.0000003927
  0.0000002972
  0.0000076981
 -0.0000082851
  0.0000037485
  0.0000030549
  0.0000076398
 -0.0000037982
  0.0000021733
 -0.0000043477
  0.0000008343
  0.0000044034
 -0.0000099770
  0.0000026918
  0.0000030033
 -0.0000065076
 -0.0000083568
  0.0000061182
  0.0000072964
  0.0000043235
  0.0000018281
 -0.0000021621
 -0.0000007771
  0.0000002014
  0.0000031146
  0.0000001258
 -0.0000003582
 -0.0000026758
  0.0000042348
  0.0000020010
  0.0000019175
  0.0000019701
  0.0000022083
  0.0000009294
 -0.0000013975
  0.0000020736
  0.0000003017
 -0.0000004234
  0.0000022738
  0.0000022632
  0.0000008128
  0.0000000414
  0.0000019153
  0.0000019683
  0.0000399035
  0.0000069486
  0.0000255202
 -0.0000087574
  0.0000289963
  0.0000318319
  0.0000105680
  0.0000464671
  0.0000083909
  0.0000320170
  0.0000267701
 -0.0000098745
  0.0000333451
  0.0000034931
  0.0000022672
  0.0000076031
  0.0000009800
  0.0000010819
  0.0000091806
  0.0000108854
  0.0000101318
  0.0000084892
  0.0000033217
  0.0000000411
  0.0000049071
  0.0000142463
 -0.0000074785
 -0.0000100948
  0.0000002025
  0.0000028869
  0.0000050469
  0.0000057645
  0.0000026488
  0.0000017686
  0.0000142450
  0.0000006274
  0.0000103821
  0.0000008746
  0.0000023883
 -0.0000107172
  0.0000051939
 -0.0001049391
  0.0000010509
 -0.0000027921
 -0.0000028688
 -0.0000027586
 -0.0000026684
 -0.0000026943
 -0.0000016340
 -0.0000029301
 -0.0000027838
 -0.0000008102
 -0.0000027512
 -0.0000028090
 -0.0000026269
 -0.0000010466
 -0.0000026706
 -0.0000028472
  0.0000079658
 -0.0000056000
 -0.0000046797
  0.0000042818
  0.0000006590
 -0.0000016361
  0.0000084012
 -0.0000078854
  0.0000036240
 -0.0000026127
 -0.0000030019
 -0.0000025146
  0.0000038691
 -0.0000001787
  0.0000051062
  0.0000037427
 -0.0000029090
  0.0000001649
 -0.0000000730
  0.0000028069
 -0.0000030842
  0.0000091281
  0.0000037468
 -0.0000015675
 -0.0000017153
  0.0000025219
  0.0000015066
 -0.0000026158
  0.0000020815
 -0.0000020827
  0.0000006168
  0.0000016006
  0.0000096490
 -0.0001074735
  0.0000005601
  0.0000016029
  0.0000012361
  0.0000012930
  0.0000024941
  0.0000028412
  0.0000008518
  0.0000026882
  0.0000018183
  0.0000006218
  0.0000021419
  0.0000028298
  0.0000020960
  0.0000015123
  0.0000020799
  0.0000179844
 -0.0000004326
  0.0000088336
  0.0000063368
  0.0000199517
 -0.0000003563
  0.0000063466
  0.0000091231
  0.0000005958
 -0.0000000316
  0.0000078787
 -0.0000018698
  0.0000054646
  0.0000015763
  0.0000014655
 -0.0000002837
  0.0000029587
  0.0000019595
  0.0000028541
  0.0000047060
  0.0000039746
  0.0000029928
  0.0000030919
 -0.0000003433
  0.0000052726
 -0.0000015886
  0.0000029420
  0.0000053278
  0.0000059531
  0.0000000717
  0.0000021928
  0.0000015733
  0.0000012050
  0.0000011788
  0.0000091408
 -0.0001172326
 -0.0000176161
 -0.0000014070
 -0.0000001843
 -0.0000006034
 -0.0000014368
 -0.0000004964
 -0.0000004704
 -0.0000006424
 -0.0000005730
 -0.0000020448
 -0.0000013577
 -0.0000009762
 -0.0000008389
 -0.0000020609
 -0.0000003532
 -0.0000004349
 -0.0000023842
 -0.0000001516
 -0.0000021221
 -0.0000026929
  0.0000020622
 -0.0000047773
 -0.0000033516
  0.0000033817
  0.0000005386
  0.0000038791
 -0.0000014859
  0.0000007781
 -0.0000010155
  0.0000012187
  0.0000019094
  0.0000014808
 -0.0000013650
 -0.0000000842
  0.0000020313
 -0.0000005841
 -0.0000014843
  0.0000040675
  0.0000001596
 -0.0000011915
  0.0000014882
  0.0000009084
  0.0000005121
  0.0000060574
  0.0000087969
  0.0000061934
 -0.0000002451
  0.0000019422
  0.0000007250
  0.0000001039
  0.0000042644
  0.0000058577
  0.0000018698
  0.0000044282
 -0.0000040062
 -0.0000009054
  0.0000019973
  0.0000040814
 -0.0000026594
 -0.0000001049
  0.0000019059
  0.0000063035
  0.0000109174
 -0.0000040252
  0.0000067712
 -0.0000003234
  0.0000069431
  0.0000074501
  0.0000013522
  0.0000025040
  0.0000116628
 -0.0000072704
  0.0000036248
  0.0000024988
  0.0000021009
  0.0000089794
  0.0000118809
  0.0000048518
  0.0000050378
  0.0000045007
  0.0000019518
  0.0000018799
  0.0000108605
 -0.0000048109
  0.0000045561
  0.0000118864
  0.0000065123
 -0.0000039947
  0.0000044501
  0.0000027054
  0.0000039933
  0.0000059092
  0.0000072289
  0.0000043266
  0.0000030296
  0.0000151163
  0.0000046179
 -0.0000035355
 -0.0000356061
  0.0000178965
 -0.0000042903
 -0.0000049621
 -0.0000045627
 -0.0000037988
 -0.0000060404
 -0.0000103197
 -0.0000050197
 -0.0000081248
 -0.0000058709
 -0.0000036181
 -0.0000050718
 -0.0000061099
 -0.0000055030
 -0.0000045886
 -0.0000049081
  0.0000024230
  0.0000039125
 -0.0000018829
 -0.0000030849
  0.0000019265
  0.0000017992
 -0.0000002653
  0.0000027578
 -0.0000065097
  0.0000048028
  0.0000015969
  0.0000022754
 -0.0000053312
 -0.0000063983
  0.0000020244
 -0.0000105273
  0.0000008597
  0.0000063655
 -0.0000038494
 -0.0000090084
  0.0000055778
 -0.0000026704
 -0.0000046099
  0.0000021004
 -0.0000037792
 -0.0000042573
  0.0000024724
 -0.0000031454
  0.0000064931
  0.0000026867
 -0.0001146376
 -0.0000570943
 -0.0000008710
  0.0000001093
 -0.0000003916
 -0.0000009834
 -0.0000006692
  0.0000006738
 -0.0000004810
  0.0000005723
 -0.0000024855
 -0.0000010514
 -0.0000002494
  0.0000002214
 -0.0000023440
 -0.0000002466
  0.0000008055
 -0.0000035386
 -0.0000024932
  0.0000013375
 -0.0000111717
  0.0000040166
  0.0000014626
 -0.0000002275
 -0.0000013228
  0.0000054481
 -0.0000009457
  0.0000005848
  0.0000013915
  0.0000004652
 -0.0000006619
  0.0000017464
  0.0000033562
  0.0000042873
 -0.0000020475
  0.0000022839
  0.0000034730
 -0.0000012995
 -0.0000019828
  0.0000006836
  0.0000045447
  0.0000007023
  0.0000013706
  0.0000007602
 -0.0000001078
  0.0000015866
  0.0000016358
  0.0000001874
  0.0000008874
  0.0000014080
  0.0000027946
  0.0000001771
  0.0000020862
  0.0000012845
  0.0000007418
  0.0000013060
  0.0000016283
  0.0000012894
  0.0000003950
  0.0000016703
 -0.0000048077
  0.0000014559
  0.0000011072
  0.0000017183
 -0.0000019923
 -0.0000013299
 -0.0000030723
 -0.0000034768
  0.0000013191
 -0.0000016339
  0.0000044226
  0.0000046495
  0.0000026467
  0.0000030501
 -0.0000028353
  0.0000032727
 -0.0000010494
  0.0000064257
  0.0000016005
  0.0000064128
  0.0000042899
  0.0000041637
  0.0000039265
  0.0000037522
  0.0000014907
  0.0000043983
 -0.0000033680
  0.0000099052
  0.0000035449
  0.0000015116
  0.0000017642
  0.0000021718
  0.0000037855
 -0.0000004547
  0.0000038207
  0.0000108190
  0.0000076687
  0.0000065038
  0.0000012613
 -0.0000070618
  0.0000091875
  0.0000105282
  0.0000099922
  0.0000091317
  0.0000104832
  0.0000127250
  0.0000103576
  0.0000106144
  0.0000118294
  0.0000093327
  0.0000106707
  0.0000104642
  0.0000117778
  0.0000095833
  0.0000105545
  0.0000096477
  0.0000081090
 -0.0000033910
 -0.0000019373
  0.0000038561
  0.0000066112
  0.0000054759
  0.0000020513
  0.0000021433
 -0.0000006431
  0.0000069199
 -0.0000108644
  0.0000098574
  0.0000004548
  0.0000095909
  0.0000100400
 -0.0000067481
  0.0000039654
  0.0000022393
  0.0000005896
  0.0000148541
 -0.0000019483
  0.0000060143
 -0.0000055444
  0.0000136784
  0.0000020976
  0.0000063357
  0.0000105123
  0.0000108131
  0.0000069850
 -0.0000043182
 -0.0000000195
  0.0000048159
 -0.0000049318
  0.0000108390
  0.0000001322
  0.0000043420
 -0.0001183085
  0.0000008126
  0.0000018873
  0.0000017820
 -0.0000003480
  0.0000016812
  0.0000016064
  0.0000011807
  0.0000014669
 -0.0000001071
  0.0000007183
  0.0000015725
  0.0000017737
 -0.0000000396
  0.0000019681
  0.0000017827
 -0.0000003377
  0.0000017300
 -0.0000007268
  0.0000002269
  0.0000000623
 -0.0000066928
  0.0000004093
  0.0000007907
  0.0000008110
  0.0000005532
 -0.0000004638
  0.0000083145
 -0.0000021888
  0.0000032477
  0.0000019049
 -0.0000006430
 -0.0000005114
  0.0000026339
  0.0000009633
  0.0000018347
  0.0000020925
  0.0000010201
 -0.0000003785
  0.0000015674
  0.0000032871
  0.0000056904
  0.0000030916
  0.0000023038
  0.0000038979
  0.0000013251
  0.0000058160
 -0.0000002278
  0.0000028537
  0.0000023697
  0.0000011243
 -0.0000005511
  0.0000009157
  0.0000133964
  0.0000069372
  0.0000107599
  0.0000142144
  0.0000067021
  0.0000002955
  0.0000076646
  0.0000062209
  0.0000242311
  0.0000147050
  0.0000055202
  0.0000067901
  0.0000194259
  0.0000112150
  0.0000064921
  0.0000089716
  0.0000010292
  0.0000095415
 -0.0000045329
  0.0000040845
  0.0000078713
 -0.0000046329
 -0.0000070136
  0.0000103577
 -0.0000020572
 -0.0000051496
  0.0000016370
 -0.0000024416
  0.0000110480
 -0.0000018636
  0.0000231563
  0.0000036013
  0.0000045836
 -0.0000054458
  0.0000012518
 -0.0000011524
  0.0000116372
  0.0000117217
 -0.0000046557
  0.0000141728
  0.0000024310
 -0.0000029885
  0.0000114230
  0.0000143817
  0.0000063067
  0.0000168086
  0.0000089913
 -0.0000015324
  0.0000031666
  0.0000135908
  0.0000041184
  0.0000046596
  0.0000107258
  0.0000163222
 -0.0001050994
  0.0000072639
  0.0000075541
  0.0000076523
  0.0000070157
  0.0000085504
  0.0000098533
  0.0000074956
  0.0000093420
  0.0000087861
  0.0000069600
  0.0000080314
  0.0000084436
  0.0000085269
  0.0000077197
  0.0000076173
  0.0000188949
  0.0000172254
  0.0000165702
  0.0000126824
  0.0000171815
  0.0000121893
  0.0000179143
 -0.0000152157
  0.0000134094
  0.0000111474
  0.0000061275
  0.0000053632
  0.0000060316
  0.0000032463
  0.0000094842
  0.0000134594
  0.0000077655
  0.0000081498
  0.0000065605
 -0.0000001895
  0.0000063906
  0.0000067327
  0.0000059930
  0.0000077169
  0.0000102186
  0.0000109531
  0.0000066914
  0.0000078345
  0.0000083809
  0.0000032522
  0.0000118609
  0.0000060150
  0.0000081021
  0.0000106244
  0.0000061353
 -0.0001141765
  0.0000000561
  0.0000000071
 -0.0000003667
  0.0000008637
  0.0000008832
  0.0000010796
 -0.0000007164
  0.0000010788
  0.0000004694
  0.0000002722
  0.0000004601
  0.0000013104
  0.0000006277
 -0.0000000998
  0.0000003836
  0.0000059311
  0.0000075881
  0.0000053401
 -0.0000012329
  0.0000012027
  0.0000057220
  0.0000009943
  0.0000033273
  0.0000011298
 -0.0000022037
 -0.0000020840
  0.0000025631
 -0.0000049034
  0.0000013285
 -0.0000006790
 -0.0000018358
 -0.0000010169
  0.0000017527
  0.0000019940
  0.0000013535
  0.0000018668
  0.0000040610
  0.0000019059
  0.0000003760
 -0.0000012686
 -0.0000002151
  0.0000053038
 -0.0000004284
 -0.0000003320
  0.0000025602
  0.0000004289
  0.0000011181
 -0.0000008762
 -0.0000039186
 -0.0000019007
  0.0000067172
  0.0000164913
  0.0000176900
  0.0000141219
  0.0000169767
  0.0000176494
  0.0000135612
  0.0000153922
  0.0000146355
  0.0000144670
  0.0000264743
  0.0000178183
  0.0000125112
  0.0000134921
  0.0000222879
  0.0000173618
  0.0000136807
  0.0000001082
 -0.0000038889
  0.0000081559
 -0.0000000949
  0.0000039197
  0.0000075996
  0.0000042871
  0.0000089682
 -0.0000057247
 -0.0000031277
 -0.0000040298
 -0.0000020786
  0.0000061957
  0.0000225028
  0.0000104702
 -0.0000017571
 -0.0000031738
 -0.0000001753
  0.0000057986
  0.0000074600
  0.0000094786
  0.0000039332
 -0.0000014113
  0.0000076940
  0.0000137011
  0.0000079236
  0.0000064239
  0.0000192507
  0.0000146731
  0.0000010372
 -0.0000033746
  0.0000083858
  0.0000019343
  0.0000008150
  0.0000149824
 -0.0000047328
  0.0000112243
 -0.0001214121
 -0.0000412395
 -0.0000041386
 -0.0000043193
 -0.0000039629
 -0.0000038888
 -0.0000059580
 -0.0000088999
 -0.0000043159
 -0.0000067038
 -0.0000066152
 -0.0000038023
 -0.0000042306
 -0.0000060158
 -0.0000055929
 -0.0000039962
 -0.0000043027
 -0.0000008502
 -0.0000049398
  0.0000122969
 -0.0000005026
  0.0000123400
 -0.0000007606
  0.0000030373
  0.0000028312
 -0.0000005663
 -0.0000034216
  0.0000018092
 -0.0000001206
  0.0000012644
 -0.0000050163
  0.0000023415
  0.0000039057
  0.0000080211
 -0.0000016094
 -0.0000069081
  0.0000001497
  0.0000100644
 -0.0000089393
 -0.0000064172
 -0.0000016551
 -0.0000006071
  0.0000058664
  0.0000026321
 -0.0000035250
 -0.0000042798
  0.0000088745
 -0.0000037947
  0.0000075619
 -0.0000038005
 -0.0000062526
  0.0000016372
  0.0000054166
  0.0000075616
  0.0000054768
  0.0000053660
  0.0000076340
  0.0000105285
  0.0000074549
  0.0000077774
  0.0000037505
  0.0000053915
  0.0000075873
  0.0000075691
  0.0000051931
  0.0000053664
  0.0000075523
  0.0000033247
 -0.0000054691
  0.0000110996
  0.0000096899
  0.0000028083
  0.0000098165
  0.0000014111
  0.0000082885
  0.0000033740
  0.0000028421
  0.0000004540
  0.0000011328
  0.0000005661
  0.0000057325
  0.0000110533
  0.0000056216
  0.0000099643
  0.0000198881
  0.0000040317
  0.0000072894
  0.0000088405
  0.0000059931
  0.0000023970
  0.0000032502
  0.0000149859
 -0.0000043160
  0.0000121817
  0.0000140251
  0.0000072876
  0.0000020084
  0.0000123600
  0.0000114265
  0.0000066066
  0.0000078298
  0.0000127292
  0.0000074109
  0.0000023745
  0.0000086153
  0.0000152105
  0.0000079421
 -0.0000023573
  0.0000047280
 -0.0000023229
  0.0000014283
  0.0000057024
 -0.0000029288
 -0.0000122871
 -0.0000016775
 -0.0000055515
  0.0000170442
  0.0000066440
 -0.0000033559
 -0.0000028100
  0.0000114882
  0.0000019872
 -0.0000028135
  0.0000456344
 -0.0000018518
  0.0000243725
 -0.0000017488
  0.0000342480
  0.0000309330
  0.0000083654
  0.0000527648
 -0.0000022492
  0.0000346347
  0.0000250087
 -0.0000034320
  0.0000325689
  0.0000152758
 -0.0000071388
  0.0000189041
 -0.0000039754
 -0.0000067032
  0.0000029027
 -0.0000049401
  0.0000073807
  0.0000034037
  0.0000133998
  0.0000168368
 -0.0000142237
  0.0000163595
 -0.0000009144
 -0.0000118980
  0.0000060546
  0.0000189776
  0.0000095492
  0.0000069367
  0.0000101676
  0.0000007542
 -0.0000046203
  0.0000068839
  0.0000171948
  0.0000105632
  0.0000061871
  0.0000036247
  0.0000190109
 -0.0000380001
  0.0000003028
 -0.0000019432
 -0.0000009142
 -0.0000012915
 -0.0000013078
 -0.0000000011
  0.0000009400
 -0.0000016709
  0.0000006057
 -0.0000008849
 -0.0000018998
 -0.0000004449
  0.0000005957
 -0.0000006055
 -0.0000010169
 -0.0000004922
 -0.0000076963
  0.0000039168
  0.0000064219
  0.0000059418
 -0.0000112484
  0.0000054395
  0.0000072072
  0.0000000191
 -0.0000023129
  0.0000024900
 -0.0000032426
  0.0000006812
 -0.0000004252
 -0.0000010356
 -0.0000003515
  0.0000004411
  0.0000004837
  0.0000011753
  0.0000023830
  0.0000001595
 -0.0000005134
 -0.0000019482
  0.0000014297
  0.0000003253
  0.0000014865
  0.0000020060
  0.0000023912
 -0.0000030516
 -0.0000012858
 -0.0000021216
 -0.0000004744
 -0.0001034102
 -0.0000005099
 -0.0000009485
 -0.0000002375
 -0.0000005989
 -0.0000018787
 -0.0000034951
 -0.0000001533
 -0.0000028154
 -0.0000023286
 -0.0000005797
 -0.0000019917
 -0.0000021978
 -0.0000022064
 -0.0000003725
 -0.0000009850
  0.0000140925
  0.0000072568
  0.0000049240
  0.0000132865
  0.0000026947
  0.0000070884
  0.0000071700
 -0.0000016132
 -0.0000013493
  0.0000025746
  0.0000027070
  0.0000015053
  0.0000009831
  0.0000021474
  0.0000061591
 -0.0000003751
  0.0000065953
  0.0000072306
 -0.0000019639
  0.0000051142
  0.0000089318
 -0.0000024339
  0.0000022784
 -0.0000009589
  0.0000090947
 -0.0000013916
 -0.0000023096
  0.0000003113
  0.0000019569
  0.0000027091
  0.0000020456
  0.0000037132
  0.0000011244
  0.0000113666
 -0.0001030226
  0.0000053728
  0.0000053505
  0.0000056828
  0.0000055358
  0.0000060117
  0.0000048388
  0.0000053505
  0.0000055814
  0.0000056016
  0.0000055036
  0.0000062167
  0.0000061372
  0.0000052639
  0.0000057257
  0.0000058826
  0.0000009814
  0.0000139801
 -0.0000005995
  0.0000039834
  0.0000069540
 -0.0000013240
  0.0000021825
  0.0000025064
 -0.0000015757
  0.0000007409
 -0.0000007031
  0.0000114479
  0.0000070860
  0.0000049611
  0.0000053328
  0.0000046244
  0.0000072961
  0.0000049283
  0.0000079614
  0.0000058228
  0.0000073967
  0.0000096533
  0.0000063016
 -0.0000018441
  0.0000096486
  0.0000055512
  0.0000069561
  0.0000072698
  0.0000011142
  0.0000077984
  0.0000065842
  0.0000054740
  0.0000057667
  0.0000031706
  0.0000023826
  0.0000058558
 -0.0000001653
  0.0000078693
 -0.0000390504
 -0.0000529432
 -0.0001000404
 -0.0000881314
  0.0000780607
  0.0000710928
  0.0000769747
  0.0000786432
  0.0000576446
  0.0000447345
  0.0000710590
  0.0000565281
  0.0000700804
  0.0000791092
  0.0000705753
  0.0000593924
  0.0000742646
  0.0000768733
  0.0000711813
 -0.0000923273
 -0.0001141507
 -0.0000439989
 -0.0000642395
 -0.0000662219
 -0.0001127905
 -0.0000292623
 -0.0000969000
 -0.0001060567
 -0.0000983952
 -0.0000448690
 -0.0000428895
 -0.0000281147
  0.0000507626
 -0.0000153791
  0.0000766011
  0.0000215841
  0.0000320749
  0.0000442384
 -0.0000311811
 -0.0000468360
 -0.0000590451
  0.0000634499
  0.0000647257
  0.0000271068
  0.0000743968
  0.0000727787
 -0.0000181655
  0.0000231729
  0.0000344463
  0.0000374188
  0.0000228621
  0.0000295565
  0.0000483134
 -0.0001076578
  0.0000405991
  0.0000715687
  0.0000609676
 -0.0000186591
  0.0000440912
  0.0000654364
 -0.0000951389
 -0.0000205115
  0.0000362642
  0.0000465969
  0.0000193276
  0.0000764380
  0.0000004193
  0.0000020395
  0.0000011404
  0.0000001826
  0.0000010076
 -0.0000000232
  0.0000010579
  0.0000005260
 -0.0000015763
  0.0000001842
  0.0000004280
  0.0000006381
 -0.0000013871
  0.0000012690
  0.0000011873
 -0.0000007275
  0.0000040704
  0.0000086049
  0.0000034946
  0.0000038124
  0.0000069595
  0.0000088975
 -0.0000006018
 -0.0000006073
  0.0000093650
 -0.0000028577
 -0.0000004346
 -0.0000011242
  0.0000011503
  0.0000004339
  0.0000009951
  0.0000031701
  0.0000027408
 -0.0000012704
  0.0000010790
  0.0000016253
  0.0000042656
 -0.0000002599
 -0.0000012840
  0.0000018930
  0.0000054093
  0.0000046922
 -0.0000004296
  0.0000020421
  0.0000009311
  0.0000022702
 -0.0000274740
  0.0000047685
  0.0000029009
  0.0000022788
  0.0000026802
  0.0000030330
  0.0000008831
  0.0000006287
  0.0000020111
  0.0000010017
  0.0000048685
  0.0000043460
  0.0000020422
  0.0000013864
  0.0000042990
  0.0000028664
  0.0000022086
  0.0000248663
 -0.0000156555
 -0.0001220683
  0.0000098158
 -0.0000154114
 -0.0000661682
  0.0000347497
 -0.0000119425
 -0.0000264043
 -0.0001300209
 -0.0000142572
  0.0000035639
  0.0000002129
  0.0000012736
 -0.0000000882
  0.0000025232
  0.0000051375
 -0.0000004860
  0.0000026232
  0.0000152822
  0.0000027661
  0.0000048204
 -0.0000031293
  0.0000018118
 -0.0000015111
  0.0000002415
 -0.0000061320
 -0.0000041103
 -0.0000031098
  0.0000002363
 -0.0000019613
  0.0000031447
  0.0000138252
 -0.0000001200
  0.0000015339
  0.0000009679
 -0.0000027145
  0.0000018428
  0.0000062927
  0.0000168711
  0.0000000894
 -0.0000004770
 -0.0000035985
 -0.0000036811
 -0.0000002964
 -0.0000019503
 -0.0000011682
 -0.0000020587
 -0.0000017131
 -0.0000018796
 -0.0000027302
 -0.0000018584
 -0.0000019077
 -0.0000024577
 -0.0000017767
 -0.0000015773
 -0.0000019486
 -0.0000025146
 -0.0000019028
 -0.0000017135
 -0.0000017635
  0.0000118878
  0.0000114527
  0.0000087560
  0.0000032789
  0.0000088932
  0.0000071385
 -0.0000043722
  0.0000103149
 -0.0000028396
 -0.0000032844
 -0.0000024306
 -0.0000031761
  0.0000013010
 -0.0000002848
  0.0000014276
  0.0000009265
 -0.0000020302
  0.0000003058
 -0.0000008210
  0.0000004650
  0.0000041506
 -0.0000022137
 -0.0000025205
 -0.0000031314
  0.0000058854
 -0.0000012659
 -0.0000025350
 -0.0000018991
 -0.0000013889
 -0.0000013647
 -0.0000005513
  0.0000000662
 -0.0000016195
  0.0000090611
 -0.0000036674
 -0.0000043079
 -0.0000038741
 -0.0000034558
 -0.0000061208
 -0.0000099124
 -0.0000041216
 -0.0000070261
 -0.0000055354
 -0.0000034220
 -0.0000044691
 -0.0000061814
 -0.0000046860
 -0.0000038098
 -0.0000044838
  0.0000049940
 -0.0000080372
  0.0000050809
  0.0000022792
  0.0000017556
 -0.0000075912
 -0.0000036809
  0.0000045110
 -0.0000060532
  0.0000010024
 -0.0000000041
 -0.0000047353
 -0.0000108665
  0.0000024805
  0.0000076088
 -0.0000068582
  0.0000001422
  0.0000087947
 -0.0000048171
 -0.0000061473
  0.0000108352
  0.0000011479
 -0.0000040466
 -0.0000036873
  0.0000072277
 -0.0000038077
 -0.0000049679
  0.0000087333
 -0.0000038225
  0.0000027491
  0.0000012648
 -0.0000015748
 -0.0000020270
 -0.0000022797
 -0.0000017826
 -0.0000013029
  0.0000001105
 -0.0000023983
 -0.0000009256
 -0.0000021898
 -0.0000018095
 -0.0000016884
 -0.0000013909
 -0.0000025626
 -0.0000022125
 -0.0000018954
 -0.0000040582
  0.0000005503
 -0.0000017697
 -0.0000031608
  0.0000027151
 -0.0000061226
 -0.0000029845
  0.0000020644
 -0.0000028632
  0.0000063988
 -0.0000043117
  0.0000038505
 -0.0000017745
  0.0000045527
 -0.0000037047
  0.0000024008
  0.0000023936
 -0.0000019605
  0.0000000704
  0.0000076691
  0.0000025763
 -0.0000006312
 -0.0000021802
  0.0000041631
 -0.0000010597
 -0.0000009248
 -0.0000011968
 -0.0000006961
  0.0000012723
 -0.0000002169
  0.0000007034
 -0.0000010353
  0.0000001198
 -0.0000012686
 -0.0000002732
  0.0000002946
 -0.0000003663
 -0.0000017722
 -0.0000019508
 -0.0000001294
 -0.0000005211
 -0.0000002881
 -0.0000005457
  0.0000005342
 -0.0000008682
  0.0000003389
 -0.0000002038
  0.0000007257
  0.0000009867
 -0.0000011948
 -0.0000013621
  0.0000002487
 -0.0000018572
  0.0000003605
 -0.0000007369
 -0.0000000027
  0.0000012762
 -0.0000025626
 -0.0000003376
 -0.0000007603
 -0.0000004242
  0.0000064966
  0.0000000346
  0.0000017069
  0.0000006883
  0.0000000971
  0.0000016215
 -0.0000009081
 -0.0000001869
 -0.0000005656
 -0.0000008985
  0.0000002502
 -0.0000016644
 -0.0000023629
 -0.0000000548
  0.0000005817
  0.0000017887
  0.0000026249
  0.0000013482
 -0.0000000243
  0.0000010035
 -0.0000018230
  0.0000008800
 -0.0000013581
 -0.0000007595
  0.0000001253
 -0.0000005168
 -0.0000000151
 -0.0000010851
  0.0000000457
  0.0000000548
 -0.0000009613
  0.0000002294
  0.0000001540
  0.0000003029
  0.0000000064
  0.0000000287
  0.0000013494
  0.0000000964
 -0.0000014230
 -0.0000006303
 -0.0000030135
  0.0000003735
 -0.0000011294
  0.0000001381
  0.0000012314
 -0.0000015557
 -0.0000005628
  0.0000001659
  0.0000022552
  0.0000070853
  0.0000002515
  0.0000011911
 -0.0000005940
 -0.0000007666
 -0.0000009174
 -0.0000003527
 -0.0000000802
 -0.0000004661
 -0.0000002429
  0.0000000281
 -0.0000011045
 -0.0000024611
 -0.0000001885
  0.0000003242
  0.0000015277
  0.0000017485
  0.0000018300
 -0.0000008458
 -0.0000000023
  0.0000004302
 -0.0000017773
  0.0000008795
 -0.0000017271
 -0.0000010147
  0.0000002768
 -0.0000003374
 -0.0000009264
 -0.0000011593
  0.0000001173
 -0.0000015011
  0.0000003340
 -0.0000004161
  0.0000001540
  0.0000000670
  0.0000003648
  0.0000009651
 -0.0000013876
 -0.0000014160
 -0.0000007085
 -0.0000028066
  0.0000003049
 -0.0000006568
 -0.0000001731
  0.0000012480
 -0.0000015214
 -0.0000005521
 -0.0000010062
 -0.0000003508
  0.0000064772
  0.0000002582
  0.0000018700
 -0.0000001866
 -0.0000004556
  0.0000008836
 -0.0000006475
  0.0000000240
 -0.0000005806
 -0.0000000725
  0.0000007482
 -0.0000009931
 -0.0000023714
 -0.0000001037
  0.0000006340
  0.0000017182
  0.0000016618
  0.0000003758
  0.0000000150
  0.0000013674
 -0.0000000308
 -0.0000006662
 -0.0000013726
 -0.0000009381
 -0.0000001687
 -0.0000006163
 -0.0000022124
  0.0000000088
  0.0000004015
 -0.0000002989
  0.0000002023
  0.0000003231
 -0.0000006640
  0.0000005434
 -0.0000002219
  0.0000009501
  0.0000010092
 -0.0000012986
 -0.0000012917
 -0.0000003529
 -0.0000022778
  0.0000003714
 -0.0000006635
  0.0000000408
  0.0000013102
 -0.0000027624
  0.0000001163
 -0.0000008921
 -0.0000003523
  0.0000066318
 -0.0000002142
  0.0000015054
  0.0000007160
 -0.0000014146
  0.0000016627
 -0.0000009075
 -0.0000001647
 -0.0000005935
 -0.0000006389
  0.0000004363
 -0.0000009639
 -0.0000020751
 -0.0000001456
  0.0000004810
  0.0000016134
  0.0000027904
  0.0000023263
 -0.0000001549
  0.0000008764
 -0.0000017951
  0.0000007743
 -0.0000012138
 -0.0000007013
  0.0000002207
 -0.0000002593
  0.0000001328
 -0.0000009685
 -0.0000000392
  0.0000001510
 -0.0000013909
  0.0000013700
 -0.0000006940
  0.0000039153
 -0.0000003871
  0.0000032490
  0.0000010559
 -0.0000008176
 -0.0000014002
 -0.0000004832
 -0.0000022308
  0.0000002831
  0.0000011307
  0.0000007187
  0.0000015593
 -0.0000010295
 -0.0000010107
 -0.0000011583
 -0.0000015504
  0.0000060946
  0.0000013399
  0.0000000829
  0.0000016509
 -0.0000007066
  0.0000020216
 -0.0000003161
 -0.0000003747
 -0.0000002576
  0.0000006039
 -0.0000003451
 -0.0000010230
 -0.0000021462
 -0.0000003616
 -0.0000001035
  0.0000011708
  0.0000014662
  0.0000035182
  0.0000002006
  0.0000003820
 -0.0000023934
 -0.0000004253
 -0.0000007669
  0.0000006658
  0.0000005070
 -0.0000004224
 -0.0000011574
 -0.0000008527
 -0.0000002173
 -0.0000029193
  0.0000042241
  0.0000001125
  0.0000008928
  0.0000023667
 -0.0000007451
  0.0000058356
  0.0000012798
  0.0000000583
 -0.0000017178
 -0.0000003509
 -0.0000028637
 -0.0000011327
  0.0000000521
  0.0000028189
 -0.0000004144
  0.0000002943
 -0.0000009854
 -0.0000002053
  0.0000000287
  0.0000066297
  0.0000029190
  0.0000035040
 -0.0000003131
 -0.0000010479
  0.0000003223
 -0.0000009446
 -0.0000003584
  0.0000000444
 -0.0000001206
  0.0000011322
 -0.0000010153
 -0.0000056174
 -0.0000006167
  0.0000015917
  0.0000010074
  0.0000031136
  0.0000012702
 -0.0000001253
  0.0000000641
 -0.0000003257
 -0.0000001337
 -0.0000016439
 -0.0000008101
 -0.0000001719
 -0.0000016712
 -0.0000014881
 -0.0000000281
  0.0000006195
 -0.0000000624
 -0.0000006354
  0.0000004543
 -0.0000005261
  0.0000001544
 -0.0000000638
  0.0000000820
  0.0000015545
 -0.0000004679
 -0.0000014642
 -0.0000001055
 -0.0000029308
  0.0000002928
 -0.0000011711
 -0.0000001902
  0.0000013390
 -0.0000016135
 -0.0000007056
 -0.0000003926
  0.0000015929
  0.0000070243
  0.0000001614
  0.0000013836
  0.0000000623
 -0.0000001938
 -0.0000000745
 -0.0000004220
 -0.0000000730
 -0.0000006382
 -0.0000009389
 -0.0000006148
 -0.0000007963
 -0.0000025935
 -0.0000000277
  0.0000004041
  0.0000014885
  0.0000016723
  0.0000032586
  0.0000001181
  0.0000003139
 -0.0000019205
  0.0000006726
 -0.0000008390
 -0.0000002048
  0.0000004229
 -0.0000005344
 -0.0000010932
 -0.0000008902
 -0.0000004224
 -0.0000027713
  0.0000042694
  0.0000000176
 -0.0000011820
  0.0000033306
 -0.0000002857
  0.0000038007
  0.0000013429
 -0.0000008385
 -0.0000013468
 -0.0000005621
 -0.0000024216
  0.0000004633
  0.0000009339
  0.0000006611
  0.0000017898
 -0.0000009274
 -0.0000010412
 -0.0000006298
 -0.0000013713
  0.0000061278
  0.0000010260
  0.0000003294
  0.0000018278
 -0.0000007722
  0.0000021670
 -0.0000002245
 -0.0000002909
  0.0000002224
 -0.0000005373
 -0.0000009639
 -0.0000012077
 -0.0000037871
 -0.0000000384
  0.0000000729
  0.0000015280
  0.0000015450
  0.0000013026
 -0.0000002730
  0.0000013514
  0.0000002003
 -0.0000003264
 -0.0000015780
 -0.0000009848
  0.0000003250
 -0.0000015181
 -0.0000026961
 -0.0000002363
  0.0000006609
 -0.0000002838
  0.0000005035
 -0.0000002653
 -0.0000003150
 -0.0000028744
  0.0000026822
 -0.0000008688
  0.0000014943
 -0.0000013368
 -0.0000024817
  0.0000005286
 -0.0000028548
 -0.0000004603
 -0.0000013552
 -0.0000009406
  0.0000019362
 -0.0000043443
 -0.0000000115
  0.0000000498
 -0.0000001532
  0.0000125110
 -0.0000005878
  0.0000003020
  0.0000004028
  0.0000004915
  0.0000001971
 -0.0000025834
 -0.0000002085
 -0.0000020480
 -0.0000000047
 -0.0000005056
 -0.0000008693
 -0.0000049540
  0.0000000349
 -0.0000025525
  0.0000025154
  0.0000029780
  0.0000016361
 -0.0000001546
  0.0000007959
 -0.0000007593
  0.0000000673
 -0.0000010783
 -0.0000002774
  0.0000001323
  0.0000000654
 -0.0000012108
 -0.0000022218
 -0.0000000268
  0.0000001247
 -0.0000001355
  0.0000013505
 -0.0000002748
  0.0000006877
 -0.0000005288
  0.0000010213
  0.0000013689
 -0.0000008855
 -0.0000013622
  0.0000002478
 -0.0000019363
 -0.0000001280
 -0.0000006394
  0.0000000215
  0.0000022430
 -0.0000020172
 -0.0000002845
  0.0000000372
  0.0000001472
  0.0000070696
 -0.0000002698
  0.0000010969
  0.0000004884
  0.0000001435
  0.0000003797
 -0.0000012440
 -0.0000002014
 -0.0000006059
 -0.0000002698
 -0.0000004858
 -0.0000016932
 -0.0000019414
 -0.0000000649
  0.0000002590
  0.0000020793
  0.0000026164
  0.0000024589
 -0.0000002826
  0.0000003062
 -0.0000013964
  0.0000006432
 -0.0000013095
 -0.0000007507
 -0.0000000734
 -0.0000002651
 -0.0000003780
 -0.0000010636
 -0.0000005286
 -0.0000017654
  0.0000032571
 -0.0000003528
  0.0000006309
  0.0000012215
 -0.0000000168
  0.0000000925
  0.0000010647
 -0.0000008927
 -0.0000014876
 -0.0000005991
 -0.0000017279
  0.0000005180
 -0.0000011493
  0.0000005328
  0.0000011113
 -0.0000015787
 -0.0000010403
 -0.0000007812
  0.0000020385
  0.0000069275
  0.0000008635
  0.0000003142
 -0.0000010774
 -0.0000005150
 -0.0000012632
 -0.0000003724
 -0.0000003213
 -0.0000002217
  0.0000010817
  0.0000010671
 -0.0000011405
 -0.0000019813
 -0.0000002250
 -0.0000001972
  0.0000014892
  0.0000017521
  0.0000026212
 -0.0000002205
 -0.0000004359
  0.0000008283
 -0.0000013305
  0.0000011315
 -0.0000013132
 -0.0000004761
  0.0000005119
  0.0000000117
 -0.0000002223
 -0.0000009642
 -0.0000016313
  0.0000034310
 -0.0000002355
 -0.0000011196
  0.0000040097
 -0.0000002883
  0.0000032743
  0.0000016878
 -0.0000008564
 -0.0000013124
 -0.0000004313
 -0.0000022470
  0.0000007564
  0.0000005780
  0.0000007661
  0.0000018498
 -0.0000007468
 -0.0000005745
 -0.0000006996
 -0.0000012321
  0.0000060769
  0.0000014008
  0.0000000876
  0.0000018524
 -0.0000004007
  0.0000021906
 -0.0000002520
 -0.0000002987
 -0.0000002064
 -0.0000004107
 -0.0000008719
 -0.0000010156
 -0.0000021198
 -0.0000000113
 -0.0000001384
  0.0000013886
  0.0000015056
  0.0000009489
 -0.0000003944
  0.0000018990
 -0.0000000395
 -0.0000003951
 -0.0000015762
 -0.0000009339
  0.0000000319
 -0.0000017956
 -0.0000026871
 -0.0000001442
  0.0000003608
  0.0000001982
  0.0000005256
 -0.0000004188
 -0.0000007507
 -0.0000000309
 -0.0000018857
  0.0000010840
 -0.0000001670
  0.0000013333
 -0.0000011202
 -0.0000023989
  0.0000005875
 -0.0000028626
  0.0000003863
 -0.0000010533
 -0.0000008534
  0.0000022892
 -0.0000030433
  0.0000000054
 -0.0000000300
  0.0000001293
  0.0000112843
 -0.0000005211
 -0.0000005258
  0.0000007035
  0.0000002820
  0.0000005664
 -0.0000024102
 -0.0000001223
 -0.0000018792
  0.0000000897
 -0.0000003688
 -0.0000008974
 -0.0000039778
 -0.0000000655
 -0.0000019921
  0.0000021190
  0.0000035146
  0.0000022491
 -0.0000003072
 -0.0000004875
  0.0000009665
 -0.0000007356
  0.0000008323
 -0.0000011306
 -0.0000006578
  0.0000002015
  0.0000001573
 -0.0000001370
 -0.0000010024
 -0.0000008968
  0.0000013594
 -0.0000003843
 -0.0000009785
  0.0000002377
  0.0000000606
  0.0000004830
  0.0000012169
 -0.0000009122
 -0.0000013478
 -0.0000003522
 -0.0000027875
  0.0000002215
 -0.0000007570
 -0.0000000926
  0.0000012570
 -0.0000017559
 -0.0000004558
 -0.0000003356
 -0.0000004842
  0.0000063768
  0.0000003172
  0.0000019968
  0.0000006844
  0.0000002147
  0.0000016391
 -0.0000006966
  0.0000000372
 -0.0000004907
 -0.0000011835
  0.0000001026
 -0.0000010886
 -0.0000024119
 -0.0000001466
  0.0000005919
  0.0000018385
  0.0000022204
  0.0000018263
 -0.0000008329
 -0.0000000918
  0.0000009284
 -0.0000006499
  0.0000006560
 -0.0000013936
 -0.0000007383
  0.0000002526
 -0.0000001909
 -0.0000001832
 -0.0000010441
 -0.0000000083
 -0.0000009767
  0.0000010526
  0.0000005648
  0.0000004938
 -0.0000000124
  0.0000000008
  0.0000010173
 -0.0000001940
 -0.0000013933
 -0.0000004196
 -0.0000024713
  0.0000004454
 -0.0000011795
  0.0000002309
  0.0000010737
 -0.0000015932
 -0.0000006161
 -0.0000000361
  0.0000023128
  0.0000070540
  0.0000004684
  0.0000010077
 -0.0000009922
 -0.0000002476
 -0.0000013573
 -0.0000003807
 -0.0000001451
 -0.0000001308
  0.0000003702
  0.0000005383
 -0.0000010141
 -0.0000023888
 -0.0000004380
  0.0000002111
  0.0000012566
  0.0000017321
  0.0000097949
  0.0000093584
 -0.0000009965
  0.0000002177
 -0.0000023913
 -0.0000008719
  0.0000015395
  0.0000011999
  0.0000030506
  0.0000005717
 -0.0000009675
  0.0000035793
  0.0000016985
  0.0000009771
  0.0000032078
  0.0000009715
  0.0000022996
  0.0000027371
  0.0000010553
  0.0000024451
  0.0000009309
  0.0000000388
  0.0000016602
  0.0000027517
  0.0000018655
  0.0000020182
 -0.0000000496
  0.0000007420
 -0.0000030983
 -0.0000005188
  0.0000015570
 -0.0000016230
  0.0000136253
  0.0000046538
 -0.0000008646
 -0.0000003102
  0.0000030632
  0.0000021200
  0.0000005396
  0.0000011968
 -0.0000003722
  0.0000004807
 -0.0000011366
  0.0000033127
  0.0000001358
  0.0000010642
 -0.0000011367
  0.0000018285
  0.0000004735
 -0.0000025220
 -0.0000019780
 -0.0000006429
 -0.0000002363
 -0.0000041233
  0.0000007291
  0.0000018170
  0.0000001898
 -0.0000002207
 -0.0000001112
  0.0000032335
 -0.0000014815
  0.0000003097
 -0.0000012662
  0.0000002497
  0.0000009121
 -0.0000002449
 -0.0000032214
 -0.0000015962
 -0.0000102102
 -0.0000087172
  0.0000025398
 -0.0000005969
 -0.0000000705
 -0.0000023352
  0.0000016451
  0.0000021284
  0.0000003395
  0.0000006596
 -0.0000002055
  0.0000004057
  0.0000003132
 -0.0000003459
 -0.0000006536
  0.0000008543
 -0.0000010254
 -0.0000027677
  0.0000003377
 -0.0000026996
 -0.0000018794
  0.0000010213
 -0.0000009856
 -0.0000022777
  0.0000008226
  0.0000010284
  0.0000053555
  0.0000003359
 -0.0000014208
 -0.0000002382
  0.0000023965
 -0.0000014700
  0.0000015677
 -0.0000011053
  0.0000009056
  0.0000005732
  0.0000006463
 -0.0000029394
  0.0000019743
 -0.0000038069
  0.0000000392
 -0.0000001850
  0.0000020937
  0.0000029529
  0.0000046155
  0.0000006852
 -0.0000027001
 -0.0000036981
  0.0000007651
 -0.0000011741
 -0.0000004902
 -0.0000009798
 -0.0000005175
 -0.0000046808
  0.0000014442
  0.0000013628
  0.0000027388
  0.0000010081
  0.0000015863
 -0.0000037849
  0.0000001540
  0.0000002683
 -0.0000035534
  0.0000024251
 -0.0000008742
 -0.0000002786
  0.0000032331
 -0.0000064008
  0.0000034250
  0.0000010042
  0.0000018819
 -0.0000013002
  0.0000016958
  0.0000015388
 -0.0000038252
  0.0000010181
 -0.0000010254
  0.0000036881
  0.0000000624
 -0.0000007452
 -0.0000013939
 -0.0000019920
 -0.0000016567
 -0.0000010823
 -0.0000002365
 -0.0000004398
 -0.0000000782
  0.0000013983
  0.0000000045
  0.0000022183
 -0.0000001720
 -0.0000036966
 -0.0000003000
 -0.0000016465
 -0.0000022981
  0.0000007206
  0.0000006249
  0.0000008867
  0.0000025086
  0.0000020800
  0.0000174235
  0.0000000892
  0.0000009046
  0.0000001933
  0.0000006991
  0.0000036568
  0.0000000708
 -0.0000009471
  0.0000028323
  0.0000009717
 -0.0000002462
  0.0000035870
  0.0000036021
 -0.0000015887
  0.0000050458
  0.0000065513
  0.0000044469
  0.0000037333
  0.0000032719
  0.0000017304
 -0.0000027816
  0.0000053756
  0.0000025579
  0.0000040617
  0.0000020424
  0.0000028762
  0.0000016955
  0.0000014306
  0.0000002099
  0.0000033406
  0.0000034180
 -0.0000026991
 -0.0000014456
 -0.0000014813
 -0.0000018408
 -0.0000025564
  0.0000000509
 -0.0000002860
 -0.0000021123
 -0.0000042663
 -0.0000010246
  0.0000020739
  0.0000000373
  0.0000003885
 -0.0000015211
 -0.0000027500
  0.0000035086
  0.0000011028
 -0.0000038382
  0.0000000660
  0.0000009527
 -0.0000009356
 -0.0000000549
  0.0000008566
 -0.0000034074
 -0.0000012052
  0.0000011098
  0.0000017537
  0.0000002123
  0.0000004029
  0.0000010866
  0.0000044296
 -0.0000011722
 -0.0000125295
 -0.0000003526
  0.0000007570
 -0.0000050459
 -0.0000013873
  0.0000001663
 -0.0000007872
  0.0000014998
 -0.0000018748
 -0.0000006272
 -0.0000018599
 -0.0000018123
 -0.0000009054
  0.0000012534
  0.0000025886
  0.0000010752
 -0.0000000482
 -0.0000002724
  0.0000013576
  0.0000026363
 -0.0000003996
  0.0000030854
 -0.0000014330
  0.0000008958
 -0.0000044638
 -0.0000015882
  0.0000004039
 -0.0000023017
  0.0000045968
  0.0000029970
 -0.0000004932
 -0.0000024307
  0.0000010329
 -0.0000015026
 -0.0000020755
 -0.0000005803
 -0.0000006879
  0.0000012902
 -0.0000002735
 -0.0000035177
  0.0000001817
  0.0000018978
  0.0000044059
  0.0000010186
  0.0000018928
  0.0000011962
  0.0000036769
  0.0000007655
 -0.0000031679
  0.0000001043
  0.0000010815
  0.0000010309
  0.0000017202
 -0.0000004066
  0.0000004824
 -0.0000048879
  0.0000016730
 -0.0000011456
  0.0000031294
  0.0000041077
 -0.0000003940
 -0.0000021114
  0.0000008668
 -0.0000010388
  0.0000001449
  0.0000022397
  0.0000008650
 -0.0000006834
 -0.0000005073
  0.0000005258
 -0.0000014694
  0.0000021335
  0.0000026720
 -0.0000012067
 -0.0000022325
  0.0000023133
 -0.0000009824
  0.0000026426
  0.0000036832
 -0.0000008535
 -0.0000009831
 -0.0000023526
  0.0000003618
 -0.0000013579
 -0.0000004635
 -0.0000018048
 -0.0000011661
  0.0000016077
 -0.0000012618
 -0.0000016198
 -0.0000010431
  0.0000001645
 -0.0000029484
 -0.0000048859
 -0.0000111141
 -0.0000023463
 -0.0000007103
  0.0000012976
  0.0000021464
 -0.0000003834
  0.0000040415
 -0.0000000140
  0.0000021994
 -0.0000008444
 -0.0000002142
 -0.0000019032
  0.0000017694
 -0.0000027180
 -0.0000030604
  0.0000019043
  0.0000004262
  0.0000022994
  0.0000022301
  0.0000037699
  0.0000019892
  0.0000003436
  0.0000003779
 -0.0000039879
 -0.0000012228
  0.0000034320
  0.0000018393
  0.0000009085
  0.0000046750
 -0.0000006024
 -0.0000008588
  0.0000020762
  0.0000009806
 -0.0000004345
  0.0000002482
 -0.0000001719
  0.0000026684
 -0.0000007065
 -0.0000005293
 -0.0000014467
 -0.0000020199
 -0.0000008261
  0.0000030873
  0.0000002560
 -0.0000022499
 -0.0000027775
  0.0000017474
  0.0000002471
  0.0000015321
 -0.0000002516
 -0.0000014715
 -0.0000038078
  0.0000010021
  0.0000008922
  0.0000006806
  0.0000006275
  0.0000006126
 -0.0000013876
  0.0000014183
  0.0000002275
 -0.0000028931
  0.0000024743
  0.0000016648
 -0.0000002752
  0.0000012899
  0.0000016133
  0.0000006974
  0.0000032761
  0.0000021557
 -0.0000017758
 -0.0000008224
 -0.0000004364
  0.0000028762
 -0.0000002735
 -0.0000017076
 -0.0000011634
 -0.0000010884
 -0.0000006963
 -0.0000037067
  0.0000005591
  0.0000005250
 -0.0000009327
 -0.0000002428
 -0.0000004238
  0.0000017209
 -0.0000027937
 -0.0000012781
  0.0000016954
 -0.0000021322
  0.0000045370
 -0.0000000952
 -0.0000016464
 -0.0000019931
  0.0000029663
  0.0000013249
 -0.0000010406
 -0.0000021853
 -0.0000007973
  0.0000015386
 -0.0000009098
  0.0000009137
  0.0000013402
 -0.0000008993
 -0.0000027547
 -0.0000006567
  0.0000010680
 -0.0000016791
 -0.0000027165
 -0.0000001865
  0.0000009478
  0.0000012399
  0.0000002731
 -0.0000001239
  0.0000030267
  0.0000001822
  0.0000027943
 -0.0000021999
 -0.0000007515
  0.0000028669
  0.0000065649
 -0.0000009702
  0.0000113454
 -0.0000005012
 -0.0000032758
  0.0000006888
 -0.0000019059
  0.0000005888
  0.0000034899
  0.0000018279
  0.0000000251
  0.0000014887
  0.0000009944
 -0.0000042861
 -0.0000002498
  0.0000002510
  0.0000002709
  0.0000003841
  0.0000000543
 -0.0000009353
  0.0000027052
 -0.0000004035
  0.0000012235
 -0.0000024458
 -0.0000003559
  0.0000024353
 -0.0000007586
 -0.0000011798
 -0.0000009281
  0.0000017767
  0.0000001256
  0.0000000854
 -0.0000016057
 -0.0000008728
 -0.0000023011
 -0.0000008767
  0.0000012227
  0.0000025134
 -0.0000005325
 -0.0000001053
 -0.0000023906
  0.0000014679
  0.0000003568
  0.0000005452
 -0.0000008927
 -0.0000007602
  0.0000042527
  0.0000015521
 -0.0000009335
  0.0000013796
 -0.0000000262
 -0.0000006598
  0.0000028265
  0.0000042041
 -0.0000004887
 -0.0000023662
 -0.0000009302
 -0.0000003228
  0.0000017052
 -0.0000009492
 -0.0000053448
  0.0000011673
  0.0000019868
  0.0000056842
  0.0000037066
  0.0000008868
 -0.0000011617
  0.0000056592
  0.0000025602
  0.0000036651
  0.0000060097
  0.0000012328
  0.0000007469
  0.0000008446
  0.0000058115
  0.0000042040
  0.0000000234
  0.0000052736
  0.0000039736
 -0.0000016947
  0.0000014695
  0.0000050308
  0.0000014765
 -0.0000008621
  0.0000002407
  0.0000026663
  0.0000028951
  0.0000018263
  0.0000053230
  0.0000046825
  0.0000038293
  0.0000059071
  0.0000007120
 -0.0000018415
  0.0000005821
 -0.0000006566
  0.0000017972
  0.0000003704
  0.0000014013
 -0.0000002250
  0.0000003216
  0.0000001831
 -0.0000013253
  0.0000005701
  0.0000014344
 -0.0000015197
  0.0000002751
 -0.0000000517
  0.0000005484
  0.0000019408
 -0.0000012069
  0.0000020264
 -0.0000000502
  0.0000022032
 -0.0000002596
 -0.0000011682
 -0.0000014016
 -0.0000007098
 -0.0000007138
  0.0000001694
 -0.0000030498
 -0.0000015399
 -0.0000010566
  0.0000038997
  0.0000013998
 -0.0000027314
  0.0000033574
 -0.0000033397
  0.0000041185
  0.0000019814
 -0.0000001104
  0.0000007221
 -0.0000013224
  0.0000019616
  0.0000024547
  0.0000040790
 -0.0000027511
  0.0000015956
  0.0000026824
 -0.0000007277
 -0.0000012763
 -0.0000006871
  0.0000007252
 -0.0000009602
 -0.0000001778
  0.0000000652
 -0.0000009538
  0.0000001951
  0.0000030721
 -0.0000005501
 -0.0000025202
  0.0000003947
 -0.0000012332
 -0.0000003877
 -0.0000013277
  0.0000073589
 -0.0000002082
 -0.0000021781
  0.0000008568
  0.0000011692
 -0.0000002402
  0.0000006212
  0.0000003204
  0.0000003912
  0.0000004226
  0.0000014406
  0.0000023492
 -0.0000000149
 -0.0000014881
  0.0000016006
 -0.0000067923
 -0.0000013450
 -0.0000038385
 -0.0000024919
 -0.0000073094
  0.0000002994
  0.0000004536
  0.0000002818
 -0.0000007562
  0.0000002631
  0.0000016909
  0.0000101377
  0.0000028152
 -0.0000005236
 -0.0000022070
  0.0000003632
 -0.0000042692
 -0.0000006947
 -0.0000018781
  0.0000001043
 -0.0000002997
 -0.0000007673
  0.0000007650
 -0.0000007672
 -0.0000010291
  0.0000008921
  0.0000009000
  0.0000004213
 -0.0000006757
 -0.0000020199
  0.0000016553
 -0.0000014772
  0.0000032414
  0.0000033830
  0.0000008266
 -0.0000006351
  0.0000020884
  0.0000002574
  0.0000000108
 -0.0000013303
 -0.0000006998
  0.0000015213
 -0.0000019062
 -0.0000016974
 -0.0000009911
  0.0000025795
 -0.0000017789
 -0.0000042249
 -0.0000002295
 -0.0000025165
 -0.0000022475
  0.0000021972
 -0.0000000508
 -0.0000008083
 -0.0000023364
  0.0000015158
 -0.0000001228
  0.0000027269
 -0.0000018491
  0.0000002896
 -0.0000004448
  0.0000014401
  0.0000001522
  0.0000009925
  0.0000048322
  0.0000014044
  0.0000023517
  0.0000017796
 -0.0000007557
 -0.0000012069
  0.0000028972
 -0.0000023888
 -0.0000009725
 -0.0000009694
 -0.0000010224
  0.0000098266
  0.0000049989
 -0.0000012628
  0.0000002638
 -0.0000017214
 -0.0000004488
 -0.0000072120
 -0.0000010560
 -0.0000013737
 -0.0000033242
 -0.0000001746
 -0.0000004179
 -0.0000049881
  0.0000006128
  0.0000005750
  0.0000008715
 -0.0000032273
 -0.0000004292
 -0.0000010222
  0.0000010785
  0.0000045679
  0.0000018347
 -0.0000007754
 -0.0000006468
  0.0000002583
  0.0000022258
 -0.0000018007
  0.0000000366
  0.0000038836
 -0.0000004626
  0.0000025988
  0.0000032459
  0.0000007928
 -0.0000004725
  0.0000006686
 -0.0000013552
 -0.0000033819
  0.0000032133
 -0.0000000462
 -0.0000033301
 -0.0000007123
 -0.0000012923
  0.0000002869
 -0.0000004938
  0.0000013825
 -0.0000002915
  0.0000099379
  0.0000073108
  0.0000067276
  0.0000021631
 -0.0000016555
  0.0000057416
  0.0000057809
 -0.0000002942
 -0.0000060159
  0.0000003893
  0.0000003833
  0.0000020108
  0.0000010812
 -0.0000017386
 -0.0000006603
  0.0000014417
 -0.0000004415
  0.0000012835
  0.0000014098
  0.0000022174
 -0.0000003755
  0.0000000750
 -0.0000013816
  0.0000005395
 -0.0000026044
 -0.0000044854
 -0.0000008262
 -0.0000009221
  0.0000017743
  0.0000008368
 -0.0000002898
  0.0000009053
  0.0000013276
 -0.0000019725
 -0.0000007380
 -0.0000000965
  0.0000015612
 -0.0000009286
 -0.0000026625
  0.0000011300
  0.0000033762
  0.0000019920
 -0.0000016339
 -0.0000004223
  0.0000014191
  0.0000000718
  0.0000063032
  0.0000020977
 -0.0000041318
  0.0000021402
  0.0000016786
  0.0000022646
  0.0000019260
 -0.0000020679
  0.0000006592
  0.0000016563
