  0.0000003821
  0.0000036500
  0.0000041653
  0.0000039998
 -0.0000022519
 -0.0000006779
  0.0000000644
 -0.0000009741
 -0.0000003920
 -0.0000023743
 -0.0000012607
 -0.0000008491
 -0.0000007608
  0.0000006353
 -0.0000012968
 -0.0000000428
 -0.0000005340
 -0.0000003154
 -0.0000007725
 -0.0000011752
  0.0000003880
 -0.0000010228
 -0.0000022514
 -0.0000016980
 -0.0000002090
 -0.0000016990
  0.0000023856
  0.0000004560
 -0.0000000588
 -0.0000006079
 -0.0000016872
 -0.0000023889
 -0.0000014032
 -0.0000007622
 -0.0000009745
 -0.0000007593
 -0.0000038859
 -0.0000000180
 -0.0000009575
 -0.0000021403
  0.0000007200
  0.0000001014
  0.0000013019
  0.0000018033
  0.0000017454
 -0.0000010321
 -0.0000006275
  0.0000003194
  0.0000009922
  0.0000007008
 -0.0000005159
 -0.0000012491
  0.0000003679
 -0.0000007486
  0.0000006665
  0.0000005797
 -0.0000018639
 -0.0000011065
 -0.0000009643
  0.0000002736
 -0.0000022530
  0.0000014251
 -0.0000016315
 -0.0000011189
  0.0000014158
  0.0000019287
 -0.0000002928
  0.0000010192
 -0.0000018808
  0.0000014482
 -0.0000009982
 -0.0000016353
  0.0000005228
  0.0000020656
  0.0000008522
  0.0000144698
  0.0000023914
  0.0000106210
  0.0000013494
  0.0000401864
  0.0000513825
  0.0000182907
  0.0000064688
 -0.0000158283
  0.0000092914
  0.0000114853
 -0.0000074695
 -0.0000043083
  0.0000004526
 -0.0000109987
 -0.0000000113
 -0.0000026772
 -0.0000034860
  0.0000012870
 -0.0000004953
 -0.0000013411
  0.0000000627
 -0.0000002096
  0.0000037367
 -0.0000044384
  0.0000005756
  0.0000017101
 -0.0000001306
 -0.0000017228
  0.0000002311
  0.0000004574
 -0.0000014517
 -0.0000028378
 -0.0000915337
  0.0000024424
  0.0000048232
  0.0000014040
 -0.0000255124
 -0.0000044283
  0.0000009982
 -0.0000006142
 -0.0000005694
 -0.0000052149
  0.0000345820
 -0.0000118559
  0.0000014446
 -0.0000143206
 -0.0000026927
 -0.0000016479
  0.0000017220
 -0.0000067000
 -0.0000008488
 -0.0000117492
 -0.0000004800
 -0.0000011611
  0.0000194353
 -0.0000008805
 -0.0000018694
 -0.0000021594
  0.0000022234
 -0.0000002115
 -0.0000168650
  0.0000011131
  0.0000075383
  0.0000165397
  0.0000106525
  0.0000099812
  0.0000097805
 -0.0000035216
 -0.0000019890
 -0.0000043317
 -0.0000027553
 -0.0000038441
 -0.0000051066
 -0.0000039961
 -0.0000018220
 -0.0000042999
 -0.0000027505
 -0.0000056038
 -0.0000028695
 -0.0000022147
 -0.0000009837
 -0.0000037768
 -0.0000027244
 -0.0000041015
 -0.0000007988
 -0.0000020739
 -0.0000029745
 -0.0000032953
 -0.0000028147
 -0.0000044676
 -0.0000019987
 -0.0000036520
 -0.0000029421
 -0.0000059097
 -0.0000065264
 -0.0000044336
 -0.0000041504
 -0.0000048855
 -0.0000047040
 -0.0000038285
 -0.0000058409
 -0.0000044549
 -0.0000062695
 -0.0000034870
 -0.0000056971
 -0.0000030162
 -0.0000074010
 -0.0000048297
 -0.0000058144
 -0.0000062159
 -0.0000036618
 -0.0000050780
 -0.0000049316
 -0.0000058006
 -0.0000043937
 -0.0000056525
 -0.0000052185
 -0.0000082008
 -0.0000047461
 -0.0000060927
 -0.0000017071
 -0.0000053146
 -0.0000005760
 -0.0000044743
 -0.0000039411
 -0.0000074888
  0.0000280981
  0.0000292200
  0.0000309374
  0.0000111448
  0.0000732469
  0.0001159506
  0.0000281396
  0.0000301675
 -0.0000208974
 -0.0000042581
  0.0000284788
  0.0000349593
 -0.0000085916
  0.0000050000
  0.0000264980
 -0.0000050574
 -0.0000055607
 -0.0000051876
 -0.0000064910
 -0.0000050636
 -0.0000061223
 -0.0000086408
 -0.0000044984
 -0.0000090491
 -0.0000062864
 -0.0000062299
 -0.0000033455
 -0.0000045708
 -0.0000069490
 -0.0000013675
 -0.0000089625
 -0.0000047524
 -0.0000045234
 -0.0000034679
  0.0000127614
 -0.0000012785
 -0.0000083774
 -0.0000043337
 -0.0000069204
 -0.0000075055
 -0.0000076479
  0.0000358246
  0.0000014154
 -0.0000062115
  0.0000004295
 -0.0000071972
 -0.0000038641
  0.0000022445
 -0.0000047812
 -0.0000045075
  0.0000170681
 -0.0000042061
 -0.0000087074
 -0.0000044622
  0.0000157573
 -0.0000053761
  0.0000025735
 -0.0000033777
  0.0000020832
 -0.0000005274
 -0.0000017699
  0.0000000185
 -0.0000019570
 -0.0000009104
 -0.0000021353
 -0.0000013185
 -0.0000012115
  0.0000002741
 -0.0000009576
 -0.0000011239
  0.0000000044
 -0.0000000410
  0.0000000564
 -0.0000015976
  0.0000002342
 -0.0000014332
 -0.0000011445
 -0.0000025816
 -0.0000017933
 -0.0000003900
 -0.0000007905
 -0.0000000057
  0.0000003474
 -0.0000017302
  0.0000002374
 -0.0000013832
 -0.0000014514
  0.0000002304
 -0.0000000270
 -0.0000009503
 -0.0000020025
 -0.0000010581
 -0.0000005076
 -0.0000007364
 -0.0000003391
  0.0000003200
  0.0000008765
 -0.0000023548
  0.0000006418
 -0.0000000825
 -0.0000022610
 -0.0000002970
  0.0000011583
 -0.0000001468
 -0.0000000478
 -0.0000012842
 -0.0000023576
 -0.0000013975
 -0.0000018036
 -0.0000021278
 -0.0000014327
 -0.0000004398
  0.0000255956
  0.0000249626
  0.0000255794
  0.0000186432
  0.0000245343
  0.0000580730
  0.0000072363
  0.0000223384
 -0.0000372175
 -0.0000233365
  0.0000314826
  0.0000254174
 -0.0000198728
 -0.0000137106
  0.0000480113
 -0.0000015525
 -0.0000011843
 -0.0000010080
 -0.0000007933
 -0.0000024168
 -0.0000014735
 -0.0000000189
 -0.0000017305
  0.0000024849
 -0.0000050268
 -0.0000013575
  0.0000003276
 -0.0000011255
 -0.0000012928
 -0.0000047464
  0.0000003402
 -0.0000029499
 -0.0000051894
  0.0000005159
  0.0000263769
  0.0000034489
 -0.0000061077
 -0.0000036397
 -0.0000023700
 -0.0000024805
 -0.0000024012
 -0.0000044194
  0.0000485863
  0.0000105744
 -0.0000014589
  0.0000097690
 -0.0000029200
  0.0000005762
  0.0000211328
  0.0000000200
  0.0000023683
 -0.0000007394
 -0.0000031074
  0.0000002271
 -0.0000034190
 -0.0000007985
  0.0000009086
  0.0000207688
 -0.0000004753
  0.0000005695
  0.0000053330
 -0.0000016126
 -0.0000007519
 -0.0000008770
  0.0000001305
 -0.0000009093
  0.0000009155
 -0.0000028580
 -0.0000003591
  0.0000001714
  0.0000011119
 -0.0000001043
 -0.0000008410
 -0.0000001783
 -0.0000001343
  0.0000020548
  0.0000013026
  0.0000008301
 -0.0000021495
  0.0000011254
 -0.0000011285
 -0.0000000254
 -0.0000001021
 -0.0000024855
 -0.0000022414
 -0.0000017084
  0.0000010863
  0.0000008411
  0.0000010630
  0.0000008530
 -0.0000026415
 -0.0000011743
 -0.0000019564
 -0.0000034640
 -0.0000031323
  0.0000000284
 -0.0000008453
 -0.0000018726
 -0.0000019471
 -0.0000009760
 -0.0000029482
 -0.0000012880
 -0.0000040486
 -0.0000004074
 -0.0000040516
 -0.0000002806
 -0.0000030626
 -0.0000035913
  0.0000008298
 -0.0000027823
 -0.0000005246
  0.0000005349
 -0.0000026779
 -0.0000037123
 -0.0000004721
 -0.0000034256
  0.0000008659
 -0.0000038495
 -0.0000020186
 -0.0000024278
  0.0000050848
  0.0000004608
  0.0000016753
 -0.0000066449
  0.0000383282
  0.0000470861
  0.0000213667
  0.0000033879
 -0.0000143143
 -0.0000014319
  0.0000030633
 -0.0000056510
 -0.0000072758
 -0.0000008969
 -0.0000091624
 -0.0000008938
  0.0000000335
  0.0000004438
 -0.0000030431
 -0.0000041370
 -0.0000005326
 -0.0000009772
 -0.0000010863
 -0.0000005961
 -0.0000040277
 -0.0000053106
  0.0000000489
  0.0000008063
  0.0000014930
  0.0000019936
 -0.0000010222
 -0.0000021882
  0.0000017463
 -0.0000718987
 -0.0000011062
  0.0000273197
  0.0000043747
  0.0000104903
  0.0000014416
  0.0000021832
 -0.0000043139
 -0.0000027495
 -0.0000017014
  0.0000688700
  0.0000165476
 -0.0000038839
  0.0000204565
 -0.0000045532
  0.0000009552
  0.0000218850
  0.0000012687
 -0.0000045316
 -0.0000016444
 -0.0000044234
  0.0000109974
 -0.0002695927
  0.0000004648
 -0.0000024884
  0.0000007943
 -0.0000006593
 -0.0000106949
  0.0000305571
 -0.0000001769
 -0.0000017710
 -0.0000047928
 -0.0000001197
 -0.0000004872
  0.0000018401
 -0.0000013426
 -0.0000023296
 -0.0000013110
 -0.0000028552
 -0.0000008578
  0.0000003975
 -0.0000012327
 -0.0000021002
 -0.0000012951
 -0.0000007014
 -0.0000009817
  0.0000012302
  0.0000006992
 -0.0000013145
  0.0000011096
 -0.0000025324
 -0.0000029634
 -0.0000027882
 -0.0000027538
 -0.0000009891
  0.0000018411
  0.0000025819
  0.0000004574
  0.0000000966
  0.0000001385
 -0.0000010637
 -0.0000009649
 -0.0000009374
 -0.0000004578
  0.0000023923
 -0.0000004413
 -0.0000015534
 -0.0000006280
 -0.0000007304
  0.0000007539
  0.0000009345
 -0.0000014539
  0.0000009199
 -0.0000016342
  0.0000011245
 -0.0000011130
  0.0000000791
  0.0000017033
 -0.0000006147
  0.0000003561
  0.0000014817
  0.0000000192
 -0.0000000269
  0.0000004519
 -0.0000013791
 -0.0000013497
 -0.0000013509
 -0.0000000791
  0.0000008308
  0.0000004136
  0.0000074399
  0.0000294855
  0.0000105042
  0.0000001606
  0.0000503240
  0.0000463788
  0.0000258627
  0.0000323003
 -0.0000200486
 -0.0000160219
  0.0000093120
  0.0000358787
 -0.0000205917
 -0.0000051386
  0.0000269213
 -0.0000006630
  0.0000013912
  0.0000013631
  0.0000003402
 -0.0000008814
  0.0000000619
  0.0000011927
 -0.0000007978
  0.0000034604
 -0.0000033258
 -0.0000005383
  0.0000013018
 -0.0000014796
  0.0000001732
 -0.0000045323
  0.0000015571
 -0.0000021861
 -0.0000021096
  0.0000337455
  0.0000019340
 -0.0000003817
 -0.0000017260
 -0.0000019633
 -0.0000012453
 -0.0000014370
 -0.0000027000
  0.0000062208
 -0.0000012380
  0.0000067958
  0.0000015135
  0.0000209763
  0.0000019507
 -0.0000049862
  0.0000001075
 -0.0001556841
 -0.0000030568
 -0.0000436728
  0.0000013751
  0.0000016367
  0.0000183368
 -0.0000022012
 -0.0000008290
  0.0000017891
  0.0000015480
 -0.0000003405
  0.0000054045
  0.0000019608
  0.0000008358
  0.0000003116
  0.0000017161
 -0.0000004728
  0.0000011857
  0.0000013216
  0.0000018495
  0.0000019145
  0.0000035974
  0.0000017877
  0.0000028187
  0.0000008125
  0.0000003095
  0.0000020781
  0.0000049732
  0.0000017123
  0.0000002791
  0.0000025825
  0.0000011102
  0.0000020070
 -0.0000014435
  0.0000002242
  0.0000027077
  0.0000015537
 -0.0000011493
  0.0000033707
  0.0000018290
 -0.0000002272
  0.0000006105
 -0.0000001132
  0.0000010395
  0.0000012012
  0.0000003170
  0.0000013215
  0.0000042247
  0.0000016332
  0.0000004557
  0.0000024084
  0.0000006863
  0.0000000637
  0.0000004651
  0.0000007327
  0.0000021316
  0.0000000293
  0.0000029012
  0.0000006473
 -0.0000008370
  0.0000020448
  0.0000015484
  0.0000000576
  0.0000007203
  0.0000001465
 -0.0000011426
  0.0000005629
  0.0000005675
  0.0000033228
 -0.0000012961
  0.0000006849
  0.0000003379
  0.0000119696
 -0.0000055675
  0.0000023360
 -0.0000060644
 -0.0000165417
  0.0000011520
  0.0000102568
  0.0000013668
 -0.0000183976
 -0.0000072319
 -0.0000053274
 -0.0000050887
 -0.0000077648
  0.0000157931
 -0.0000038908
 -0.0000063596
 -0.0000038350
 -0.0000018709
 -0.0000007672
 -0.0000001474
  0.0000023279
 -0.0000025040
 -0.0000049131
 -0.0000038005
 -0.0000050118
 -0.0000009470
 -0.0000037249
 -0.0000003199
 -0.0000069385
 -0.0000121618
  0.0000020736
 -0.0000018449
 -0.0000019432
 -0.0000424868
 -0.0000036413
  0.0000034174
 -0.0000038470
  0.0000032204
 -0.0000094441
  0.0000033837
 -0.0000022922
 -0.0000040034
  0.0000002015
 -0.0000030434
  0.0000122380
 -0.0000008331
  0.0000012039
 -0.0000172776
 -0.0000008065
  0.0000004579
  0.0000018295
 -0.0000001551
  0.0000002333
 -0.0000075288
 -0.0000067548
 -0.0000023878
  0.0000384307
 -0.0001905784
 -0.0000010154
 -0.0000056846
  0.0000345355
  0.0000025129
  0.0000033817
 -0.0000007542
  0.0000065654
 -0.0000041534
  0.0000021145
 -0.0000037038
  0.0000032108
  0.0000004185
 -0.0000022409
 -0.0000001680
 -0.0000018653
  0.0000013515
  0.0000028420
  0.0000033402
 -0.0000017870
  0.0000047008
  0.0000007503
 -0.0000005049
 -0.0000004984
  0.0000040584
  0.0000008878
  0.0000012149
 -0.0000006764
 -0.0000001908
  0.0000041423
  0.0000024546
 -0.0000003369
  0.0000001834
  0.0000011093
  0.0000009237
  0.0000030925
  0.0000038157
 -0.0000030148
 -0.0000039737
  0.0000013666
 -0.0000025532
  0.0000020392
 -0.0000020348
 -0.0000002567
  0.0000004626
 -0.0000012600
 -0.0000012283
  0.0000003118
 -0.0000009459
 -0.0000013324
 -0.0000014486
  0.0000007422
  0.0000001931
 -0.0000005361
 -0.0000018411
 -0.0000010617
 -0.0000010031
 -0.0000030987
 -0.0000009555
 -0.0000007541
 -0.0000022789
 -0.0000017953
 -0.0000027659
 -0.0000013278
 -0.0000009512
 -0.0000010781
 -0.0000008358
 -0.0000016580
 -0.0000025824
 -0.0000023521
  0.0000032314
 -0.0000004985
 -0.0000022912
 -0.0000005042
 -0.0000012756
  0.0000122251
 -0.0000034112
  0.0000097816
 -0.0000080467
 -0.0000098490
 -0.0000017017
  0.0000029071
  0.0000023971
 -0.0000006665
 -0.0000000891
 -0.0000022747
 -0.0000036691
 -0.0000001368
 -0.0000010062
  0.0000001539
 -0.0000053181
 -0.0000005874
 -0.0000047718
 -0.0000032384
 -0.0000019612
  0.0000025924
 -0.0000102703
  0.0000013280
 -0.0000006486
 -0.0000052332
  0.0000008446
 -0.0000132936
 -0.0000334964
  0.0000022172
  0.0000046729
  0.0000027281
  0.0000058963
 -0.0000081949
 -0.0000023971
 -0.0000018596
  0.0000008382
 -0.0000012498
 -0.0000001409
 -0.0000517088
 -0.0000017528
 -0.0000010237
 -0.0000111099
 -0.0000020734
 -0.0000021725
  0.0000006453
  0.0000033490
 -0.0000006856
 -0.0000086443
  0.0000017072
 -0.0000031549
  0.0000155486
 -0.0001670634
  0.0000014196
 -0.0000011499
  0.0000261104
 -0.0000039626
  0.0000017253
 -0.0000003288
  0.0000023866
 -0.0000046515
 -0.0000001150
  0.0000007619
  0.0000060117
 -0.0000052715
 -0.0000028239
 -0.0000083810
 -0.0000030452
 -0.0000055903
 -0.0000054711
 -0.0000049919
 -0.0000067236
 -0.0000043971
 -0.0000078474
 -0.0000054124
 -0.0000019260
 -0.0000076011
 -0.0000024983
 -0.0000031341
 -0.0000032321
 -0.0000018443
 -0.0000062882
 -0.0000049331
 -0.0000051316
 -0.0000071202
 -0.0000028640
 -0.0000054722
 -0.0000032348
 -0.0000056804
 -0.0000038721
 -0.0000016206
 -0.0000025620
 -0.0000057674
 -0.0000010543
 -0.0000034814
 -0.0000030177
 -0.0000021973
 -0.0000013750
 -0.0000043918
 -0.0000022010
  0.0000009318
 -0.0000004409
 -0.0000039988
 -0.0000056979
 -0.0000028858
 -0.0000053499
 -0.0000029295
 -0.0000043432
 -0.0000016210
 -0.0000009404
 -0.0000059544
 -0.0000001476
 -0.0000000142
 -0.0000049641
 -0.0000008577
  0.0000010613
 -0.0000022570
 -0.0000038953
 -0.0000052730
 -0.0000049268
 -0.0000006343
 -0.0000033938
 -0.0000050567
 -0.0000014585
 -0.0000046458
 -0.0000014257
 -0.0000047938
  0.0000156495
  0.0000541206
  0.0000046823
  0.0000377416
  0.0000293476
  0.0000335648
  0.0000115459
  0.0000425710
 -0.0000124230
  0.0000127542
  0.0000038609
  0.0000451654
 -0.0000067142
 -0.0000051440
  0.0000249504
 -0.0000048653
 -0.0000075847
 -0.0000055933
 -0.0000040379
 -0.0000026553
 -0.0000031298
 -0.0000004065
 -0.0000043386
 -0.0000011408
 -0.0000089305
 -0.0000034218
 -0.0000023322
 -0.0000042302
 -0.0000059913
 -0.0000085785
  0.0000018461
 -0.0000026403
 -0.0000063256
 -0.0000386342
 -0.0000024711
  0.0000203733
 -0.0000051804
  0.0000012537
 -0.0000084988
 -0.0000043874
 -0.0000059776
 -0.0000043360
  0.0000246428
 -0.0000035424
 -0.0000010980
 -0.0000139044
 -0.0000022021
 -0.0000036395
  0.0000045146
 -0.0000022630
 -0.0000089122
 -0.0000079340
 -0.0000084068
  0.0000248746
 -0.0001835018
 -0.0000065702
 -0.0000060790
  0.0000125221
  0.0000012636
 -0.0000019155
  0.0000053599
 -0.0000003656
  0.0000035868
 -0.0000005483
  0.0000043132
  0.0000010337
  0.0000045698
  0.0000037569
  0.0000022801
  0.0000004779
 -0.0000001492
  0.0000029976
  0.0000023394
 -0.0000000809
  0.0000022327
  0.0000003488
 -0.0000008086
  0.0000017253
  0.0000041621
  0.0000027722
  0.0000039915
  0.0000024909
  0.0000032521
  0.0000002378
 -0.0000010828
  0.0000042186
  0.0000029963
  0.0000039522
  0.0000018417
  0.0000011495
  0.0000021472
  0.0000004950
  0.0000016818
 -0.0000002742
  0.0000001955
  0.0000020889
  0.0000059528
  0.0000044004
 -0.0000005027
  0.0000049527
  0.0000041462
 -0.0000007876
  0.0000050950
  0.0000049972
  0.0000034608
  0.0000027317
 -0.0000028467
  0.0000088809
  0.0000016820
 -0.0000002476
 -0.0000000969
  0.0000035281
  0.0000023939
  0.0000055393
  0.0000035990
  0.0000000440
  0.0000035242
  0.0000054127
  0.0000071837
  0.0000097102
 -0.0000053626
 -0.0000001504
  0.0000047453
  0.0000039122
  0.0000037246
  0.0000031799
  0.0000000259
  0.0000001487
  0.0000023983
 -0.0000016959
  0.0000064422
  0.0000085735
  0.0000016832
  0.0000029807
  0.0000029575
  0.0000079311
  0.0000053558
  0.0000008851
 -0.0000081328
  0.0000041826
 -0.0000010055
  0.0000010850
  0.0000105035
 -0.0000018536
  0.0000075049
  0.0000004209
  0.0000120742
  0.0000015549
  0.0000111667
  0.0000313211
 -0.0000035139
  0.0000106837
 -0.0000002220
 -0.0000173777
  0.0000056142
  0.0000096871
 -0.0000056940
  0.0000092551
  0.0000109480
 -0.0000012776
  0.0000090196
  0.0000076413
 -0.0000013924
 -0.0000025092
 -0.0000079480
 -0.0000031647
  0.0000018298
  0.0000458884
  0.0000037075
  0.0000045636
  0.0000021929
  0.0000228113
  0.0000138956
  0.0000062996
  0.0000000551
 -0.0000054436
  0.0000882319
 -0.0002764750
  0.0000040896
  0.0000003918
  0.0001033953
 -0.0000090870
  0.0000072498
 -0.0000000252
  0.0000250622
 -0.0000016004
  0.0000063749
  0.0000027244
 -0.0000002432
  0.0000016108
 -0.0000008614
 -0.0000013804
 -0.0000016197
 -0.0000027607
 -0.0000010934
 -0.0000009409
 -0.0000018758
  0.0000006405
 -0.0000022797
  0.0000016369
  0.0000004881
 -0.0000005172
 -0.0000021592
 -0.0000015361
 -0.0000008958
  0.0000004157
  0.0000000466
 -0.0000004031
  0.0000008228
  0.0000013341
 -0.0000011745
 -0.0000017807
  0.0000014715
 -0.0000021810
 -0.0000011487
  0.0000002135
  0.0000009723
  0.0000010123
 -0.0000007950
 -0.0000012969
  0.0000023190
 -0.0000005019
 -0.0000006767
 -0.0000000563
  0.0000001269
 -0.0000004448
 -0.0000005388
 -0.0000010270
  0.0000001101
 -0.0000000420
  0.0000001015
  0.0000005994
 -0.0000007218
 -0.0000005995
 -0.0000005264
  0.0000008644
  0.0000000871
  0.0000002850
 -0.0000006101
  0.0000052129
  0.0000242688
  0.0000078592
 -0.0000035601
  0.0000206186
  0.0000440848
  0.0000124598
  0.0000078999
 -0.0000222882
 -0.0000124919
  0.0000046404
  0.0000249949
 -0.0000179514
 -0.0000040692
  0.0000188853
 -0.0000006552
  0.0000007608
 -0.0000010312
  0.0000007451
  0.0000004699
 -0.0000002585
  0.0000002906
 -0.0000007121
 -0.0000004335
 -0.0000013443
 -0.0000004096
 -0.0000028700
  0.0000002112
  0.0000000259
  0.0000011173
  0.0000000685
 -0.0000014484
 -0.0000009289
  0.0000333364
  0.0000020467
 -0.0000022728
 -0.0000097454
  0.0000056332
 -0.0000014296
 -0.0000017435
  0.0000000073
 -0.0000005558
 -0.0000034707
 -0.0000002650
 -0.0000048156
 -0.0000000197
  0.0000008867
 -0.0000011526
  0.0000901043
 -0.0001026597
 -0.0000019417
 -0.0000023756
 -0.0000009978
 -0.0000000125
 -0.0000179964
  0.0000127679
 -0.0000028669
 -0.0000053027
 -0.0000026334
 -0.0000006892
 -0.0000005565
 -0.0000016156
  0.0000011737
  0.0000017583
  0.0000000563
 -0.0000025014
  0.0000020662
 -0.0000016313
  0.0000001110
  0.0000012934
  0.0000006342
 -0.0000017259
 -0.0000000309
  0.0000013514
  0.0000021705
 -0.0000009397
 -0.0000003955
 -0.0000008552
  0.0000026636
  0.0000020399
  0.0000031106
 -0.0000001173
 -0.0000024418
  0.0000008114
 -0.0000012033
  0.0000009672
 -0.0000029860
 -0.0000012615
 -0.0000015855
 -0.0000015595
 -0.0000036480
 -0.0000000870
 -0.0000005383
  0.0000002274
 -0.0000005355
  0.0000038290
  0.0000018766
  0.0000041027
 -0.0000000262
 -0.0000007606
  0.0000025468
 -0.0000008296
 -0.0000015505
 -0.0000007955
 -0.0000022524
  0.0000017858
 -0.0000002593
  0.0000049702
 -0.0000028061
 -0.0000017837
 -0.0000031346
 -0.0000010060
 -0.0000002626
 -0.0000039791
  0.0000037946
 -0.0000016744
 -0.0000028430
  0.0000029241
  0.0000026310
 -0.0000037242
  0.0000037639
 -0.0000034708
 -0.0000008730
 -0.0000000730
  0.0000038071
  0.0000047261
 -0.0000025428
  0.0000304666
  0.0000014512
  0.0000105414
  0.0000145578
 -0.0000154093
  0.0000082742
  0.0000216075
  0.0000178482
 -0.0000032704
 -0.0000115769
 -0.0000034643
 -0.0000031719
 -0.0000098728
 -0.0000008840
  0.0000173394
  0.0000010874
 -0.0000003278
  0.0000014374
 -0.0000036227
 -0.0000010036
 -0.0000026463
 -0.0000006914
  0.0000016093
 -0.0000011165
 -0.0000011383
 -0.0000016696
  0.0000027650
 -0.0000042885
  0.0000032981
 -0.0000015684
 -0.0000031943
  0.0000012898
 -0.0000047368
 -0.0000495234
  0.0000022517
  0.0000101941
  0.0000025363
  0.0000026862
 -0.0000075233
 -0.0000009593
 -0.0000051733
 -0.0000007957
 -0.0000003709
 -0.0000038857
  0.0000256590
  0.0000019384
 -0.0000022339
 -0.0000074977
 -0.0000008298
 -0.0000000115
 -0.0000010879
  0.0000076757
 -0.0000015138
 -0.0000074665
  0.0000009571
 -0.0000027978
  0.0000319238
 -0.0001878779
 -0.0000032824
 -0.0000055932
  0.0000211080
 -0.0000019173
  0.0000011472
  0.0000113466
  0.0000109086
 -0.0000039391
  0.0000011953
 -0.0000015616
  0.0000004930
  0.0000049298
  0.0000021648
  0.0000019775
  0.0000084474
  0.0000017855
  0.0000019119
  0.0000007222
  0.0000013771
  0.0000007979
 -0.0000002365
  0.0000013157
  0.0000000817
  0.0000024740
  0.0000025709
  0.0000019127
  0.0000001865
 -0.0000004833
  0.0000020257
  0.0000039484
 -0.0000003136
  0.0000015993
  0.0000019607
  0.0000031420
  0.0000020039
  0.0000006615
  0.0000002582
  0.0000012279
  0.0000068384
  0.0000023011
  0.0000021758
  0.0000022527
  0.0000006153
  0.0000039694
  0.0000035409
 -0.0000012809
  0.0000072538
 -0.0000010046
 -0.0000007452
  0.0000049344
  0.0000015050
  0.0000002436
 -0.0000022636
 -0.0000000346
  0.0000056695
  0.0000019974
  0.0000001872
  0.0000023481
  0.0000017310
 -0.0000033285
  0.0000087878
  0.0000033514
  0.0000034695
  0.0000012317
  0.0000037312
  0.0000043582
  0.0000073392
 -0.0000019838
  0.0000045160
  0.0000019507
 -0.0000009644
  0.0000033564
  0.0000043680
  0.0000002082
 -0.0000005456
  0.0000041675
  0.0000053994
  0.0000046718
  0.0000086117
  0.0000021727
  0.0000037427
 -0.0000036648
  0.0000124671
 -0.0000032449
 -0.0000014386
  0.0000018443
  0.0000038932
 -0.0000007979
  0.0000017693
 -0.0000006122
  0.0000033071
  0.0000042476
  0.0000026344
  0.0000016978
 -0.0000007798
  0.0000041055
  0.0000013556
  0.0000014520
 -0.0000008713
  0.0000021781
 -0.0000012711
 -0.0000005991
 -0.0000224195
  0.0000054238
  0.0000126858
  0.0000067205
  0.0000074571
 -0.0000014566
 -0.0000014063
  0.0000018950
 -0.0000035034
 -0.0000029830
  0.0000015298
 -0.0000742646
  0.0000024963
  0.0000028816
  0.0000164626
 -0.0000027346
  0.0000017294
  0.0000050071
  0.0000196125
 -0.0000005786
 -0.0000045345
  0.0000035311
  0.0000006198
  0.0000237813
 -0.0002609831
  0.0000054989
 -0.0000036218
  0.0000507415
 -0.0000011588
  0.0000017185
  0.0000086001
  0.0000177531
 -0.0000001629
  0.0000000838
 -0.0000007751
  0.0000027450
 -0.0000003126
 -0.0000007604
 -0.0000003798
 -0.0000021631
 -0.0000007070
  0.0000009543
  0.0000001955
 -0.0000037624
 -0.0000002845
 -0.0000001103
 -0.0000007170
  0.0000016880
 -0.0000016085
 -0.0000005333
  0.0000017999
 -0.0000002981
 -0.0000053746
  0.0000035192
 -0.0000020572
 -0.0000010508
  0.0000006792
 -0.0000024431
 -0.0000028985
 -0.0000010557
 -0.0000013859
 -0.0000012043
  0.0000025034
  0.0000013756
  0.0000000226
  0.0000023715
 -0.0000013148
  0.0000042142
 -0.0000010223
 -0.0000006379
  0.0000006269
  0.0000024967
  0.0000033912
  0.0000004556
  0.0000001299
  0.0000037585
  0.0000033507
  0.0000019585
 -0.0000018475
 -0.0000005870
  0.0000024669
  0.0000015547
 -0.0000004793
  0.0000040510
  0.0000008861
  0.0000031241
 -0.0000010755
  0.0000014202
  0.0000042425
  0.0000000698
 -0.0000019039
  0.0000021151
 -0.0000025852
  0.0000010897
 -0.0000007525
 -0.0000005843
  0.0000029138
 -0.0000002131
  0.0000007896
  0.0000005851
  0.0000019614
  0.0000132220
  0.0000266497
  0.0000032672
 -0.0000059774
 -0.0000029095
  0.0000113361
  0.0000151417
  0.0000058414
  0.0000366190
  0.0000047052
  0.0000218241
 -0.0000002674
 -0.0000019742
 -0.0000078906
 -0.0000062730
 -0.0000016417
 -0.0000027566
 -0.0000032750
  0.0000005305
 -0.0000030355
 -0.0000002206
 -0.0000089026
 -0.0000051938
  0.0000001272
 -0.0000006375
 -0.0000046166
 -0.0000098741
 -0.0000002479
 -0.0000010123
 -0.0000024323
 -0.0000314830
 -0.0000048212
  0.0000039365
  0.0000033727
 -0.0000049583
 -0.0000018858
 -0.0000053792
 -0.0000025759
  0.0000001030
 -0.0000093694
 -0.0000694390
 -0.0000010030
  0.0000039131
 -0.0000039178
  0.0000017207
  0.0000014457
  0.0000027051
  0.0000058064
  0.0000015805
 -0.0000086414
 -0.0000006345
 -0.0000046600
  0.0000109784
 -0.0001783632
  0.0000008149
 -0.0000006828
  0.0000313418
 -0.0000023065
  0.0000058935
  0.0000053821
  0.0000079028
 -0.0000016225
 -0.0000034542
 -0.0000035202
 -0.0000021084
  0.0000008257
  0.0000004652
  0.0000025393
 -0.0000058550
 -0.0000000547
 -0.0000000232
 -0.0000019749
 -0.0000013697
 -0.0000026580
 -0.0000018383
  0.0000003680
 -0.0000014425
 -0.0000004075
  0.0000001408
  0.0000005031
  0.0000010157
  0.0000002039
 -0.0000016322
 -0.0000005467
 -0.0000041251
 -0.0000010388
 -0.0000001355
 -0.0000008260
 -0.0000003789
  0.0000006422
 -0.0000002943
  0.0000006061
 -0.0000027810
 -0.0000029350
 -0.0000022863
  0.0000012229
 -0.0000017649
 -0.0000004076
 -0.0000042663
  0.0000018397
 -0.0000013171
 -0.0000016630
 -0.0000029818
 -0.0000027158
 -0.0000002860
  0.0000014219
  0.0000021611
 -0.0000015822
  0.0000000008
  0.0000002973
  0.0000026053
  0.0000028306
  0.0000045568
  0.0000012905
 -0.0000000757
  0.0000028555
 -0.0000022963
 -0.0000017292
  0.0000012564
  0.0000024010
 -0.0000004146
 -0.0000012522
 -0.0000022171
  0.0000004962
  0.0000003337
  0.0000047658
  0.0000023010
 -0.0000012377
 -0.0000024811
 -0.0000006236
  0.0000010850
 -0.0000011298
  0.0000001177
  0.0000025030
  0.0000071045
  0.0000111508
  0.0000033840
  0.0000082183
 -0.0000014152
 -0.0000189968
  0.0000107968
 -0.0000120204
  0.0000070397
 -0.0000044224
 -0.0000052894
  0.0000007878
  0.0000018920
  0.0000039521
  0.0000027427
  0.0000064463
  0.0000021447
 -0.0000046914
  0.0000009366
  0.0000095436
 -0.0000011918
  0.0000008339
  0.0000041449
 -0.0000007821
  0.0000014892
 -0.0000013617
 -0.0000243305
  0.0000091504
  0.0000167827
  0.0000070594
  0.0000083386
 -0.0000042262
  0.0000004549
 -0.0000027103
  0.0000020642
  0.0000019264
  0.0000015200
 -0.0000425665
 -0.0000010736
 -0.0000003305
  0.0000053514
 -0.0000005630
 -0.0000007427
  0.0000021261
  0.0000165178
  0.0000023624
 -0.0000074446
  0.0000018716
 -0.0000009664
  0.0000440315
 -0.0002386695
  0.0000021310
  0.0000053736
  0.0000661193
 -0.0000012884
  0.0000053567
  0.0000029800
  0.0000074246
  0.0000005166
  0.0000001833
 -0.0000006008
 -0.0000005806
 -0.0000017426
 -0.0000049400
 -0.0000029625
 -0.0000006531
  0.0000028407
  0.0000005693
 -0.0000019728
  0.0000009876
 -0.0000000649
 -0.0000021478
 -0.0000038119
  0.0000010441
 -0.0000029083
 -0.0000010440
 -0.0000001440
 -0.0000017237
  0.0000000776
  0.0000008977
 -0.0000008176
 -0.0000003197
  0.0000005240
  0.0000010619
  0.0000009981
 -0.0000015785
 -0.0000019913
 -0.0000001875
 -0.0000000340
  0.0000000359
  0.0000007754
 -0.0000052381
  0.0000005454
 -0.0000042418
 -0.0000005482
 -0.0000048330
  0.0000012761
  0.0000014386
  0.0000018637
 -0.0000018425
  0.0000008355
  0.0000004708
  0.0000003802
 -0.0000039363
  0.0000014471
  0.0000004335
 -0.0000007855
 -0.0000032257
  0.0000024846
  0.0000004347
 -0.0000011434
  0.0000003204
 -0.0000001784
 -0.0000018949
 -0.0000008002
  0.0000017595
 -0.0000015666
 -0.0000002550
 -0.0000002053
 -0.0000004272
 -0.0000009428
  0.0000016820
 -0.0000027241
  0.0000011460
  0.0000003047
  0.0000016719
  0.0000026126
 -0.0000011620
  0.0000009312
 -0.0000140904
  0.0000111757
  0.0000089396
  0.0000118737
  0.0000213902
  0.0000084537
 -0.0000194514
 -0.0000164953
  0.0000186805
  0.0000143945
  0.0000073222
 -0.0000051176
  0.0000070880
  0.0000089574
  0.0000003655
 -0.0000003314
  0.0000008545
 -0.0000007795
 -0.0000027321
  0.0000015523
  0.0000021603
  0.0000001469
  0.0000028055
 -0.0000010475
 -0.0000047060
  0.0000013292
  0.0000030367
  0.0000025558
  0.0000056689
  0.0000026698
 -0.0000010185
  0.0000030402
 -0.0000511500
 -0.0000003616
 -0.0000118383
  0.0000059115
 -0.0000201119
 -0.0000071747
  0.0000017967
  0.0000029762
 -0.0000036848
 -0.0000016236
  0.0000015340
  0.0000561618
  0.0000039090
 -0.0000000978
 -0.0000242355
 -0.0000020580
  0.0000003720
  0.0000024974
 -0.0000340780
  0.0000047705
 -0.0000036006
  0.0000007717
 -0.0000032993
  0.0000508592
 -0.0001848984
  0.0000030694
 -0.0000007118
  0.0000137135
  0.0000019155
  0.0000004146
 -0.0000061742
  0.0000171906
 -0.0000008389
  0.0000014049
 -0.0000003928
  0.0000006697
  0.0000003370
 -0.0000007804
  0.0000000195
  0.0000003791
 -0.0000000765
 -0.0000005055
  0.0000014691
  0.0000012347
  0.0000002672
  0.0000002024
  0.0000008109
  0.0000009835
  0.0000009027
 -0.0000002151
 -0.0000001761
 -0.0000008257
  0.0000010536
  0.0000002807
  0.0000008942
  0.0000002001
  0.0000016366
  0.0000031290
  0.0000000320
 -0.0000018327
 -0.0000017737
 -0.0000007873
 -0.0000014525
  0.0000025469
  0.0000003302
 -0.0000003881
  0.0000003378
 -0.0000026626
 -0.0000005865
  0.0000030051
 -0.0000028969
  0.0000011853
  0.0000014423
  0.0000033628
  0.0000024273
  0.0000002686
 -0.0000007326
  0.0000000260
 -0.0000005128
 -0.0000009397
  0.0000008804
  0.0000018548
 -0.0000007676
  0.0000006810
 -0.0000001389
  0.0000007303
  0.0000015648
 -0.0000002711
 -0.0000009013
 -0.0000023298
 -0.0000003804
 -0.0000004242
  0.0000025358
  0.0000006085
 -0.0000004707
 -0.0000021369
 -0.0000006990
 -0.0000003377
 -0.0000112196
  0.0000066055
  0.0000101497
  0.0000081885
  0.0000163130
  0.0000080238
 -0.0000172155
 -0.0000166615
  0.0000136391
  0.0000091527
  0.0000096855
 -0.0000100600
 -0.0000035721
  0.0000095251
 -0.0000019874
 -0.0000026811
 -0.0000010247
 -0.0000039914
 -0.0000018953
 -0.0000007655
 -0.0000004059
 -0.0000015634
 -0.0000007469
 -0.0000036219
 -0.0000031281
 -0.0000001493
 -0.0000069525
  0.0000017009
 -0.0000017131
 -0.0000026369
 -0.0000011005
 -0.0000084353
 -0.0000305036
 -0.0000000254
  0.0000270984
  0.0000002446
 -0.0000099172
 -0.0000009434
 -0.0000061305
 -0.0000030185
 -0.0000015074
 -0.0000046254
  0.0000308453
 -0.0000010138
  0.0000008302
 -0.0000125521
  0.0000003701
  0.0000002534
  0.0000037694
  0.0000081731
 -0.0000012318
 -0.0000089698
 -0.0000008361
 -0.0000015339
  0.0000296399
 -0.0001783724
 -0.0000043700
 -0.0000057161
  0.0000205415
 -0.0000017532
  0.0000019825
  0.0000168091
  0.0000051869
  0.0000000171
 -0.0000052281
 -0.0000041982
 -0.0000035943
 -0.0000030346
  0.0000010744
 -0.0000019219
 -0.0000020070
  0.0000067009
  0.0000033193
 -0.0000039502
 -0.0000047575
  0.0000028278
  0.0000022591
  0.0000039069
  0.0000008746
 -0.0000022355
 -0.0000040869
 -0.0000017912
  0.0000003153
  0.0000041804
 -0.0000032705
  0.0000008532
 -0.0000033338
  0.0000035369
 -0.0000038690
 -0.0000034296
 -0.0000035396
 -0.0000023576
 -0.0000000848
  0.0000002457
 -0.0000041354
  0.0000011787
  0.0000029802
  0.0000000327
  0.0000021664
  0.0000040577
 -0.0000018117
 -0.0000047843
  0.0000013100
 -0.0000018856
  0.0000044719
 -0.0000013891
  0.0000021582
 -0.0000000209
  0.0000009610
  0.0000006925
  0.0000008909
  0.0000000833
  0.0000005281
  0.0000003970
 -0.0000018366
 -0.0000047390
  0.0000031246
  0.0000032773
  0.0000003046
  0.0000036262
  0.0000037325
  0.0000014851
 -0.0000010032
  0.0000032120
  0.0000011464
  0.0000011296
 -0.0000031781
  0.0000028958
 -0.0000009771
 -0.0000001698
 -0.0000037077
  0.0000077259
 -0.0000023326
  0.0000011105
  0.0000142195
 -0.0000005317
 -0.0000007445
  0.0000043211
 -0.0000047285
 -0.0000057101
  0.0000020618
 -0.0000001696
  0.0000005147
  0.0000004424
  0.0000029694
 -0.0000008985
 -0.0000048258
 -0.0000014421
  0.0000068285
  0.0000022120
 -0.0000002135
 -0.0000019074
  0.0000015809
 -0.0000020442
  0.0000004975
 -0.0000292284
  0.0000039085
  0.0000096620
  0.0000038743
  0.0000072700
 -0.0000051180
  0.0000017852
 -0.0000021573
  0.0000028529
 -0.0000011386
  0.0000014750
 -0.0000562494
 -0.0000011696
  0.0000005327
 -0.0000014729
 -0.0000036279
 -0.0000005196
  0.0000048852
  0.0000099456
 -0.0000004237
 -0.0000092066
 -0.0000000915
 -0.0000006059
  0.0000228307
 -0.0001645025
  0.0000023759
 -0.0000028992
  0.0000430420
  0.0000010555
  0.0000032462
  0.0000043711
  0.0000087384
  0.0000005774
 -0.0000018330
 -0.0000016657
 -0.0000005471
 -0.0000034962
 -0.0000024225
 -0.0000018902
 -0.0000029013
 -0.0000025120
 -0.0000020191
 -0.0000014191
 -0.0000016068
 -0.0000033370
 -0.0000015622
 -0.0000015820
 -0.0000006596
 -0.0000019081
 -0.0000008993
 -0.0000005078
 -0.0000002362
 -0.0000017693
 -0.0000017110
 -0.0000016739
 -0.0000036802
 -0.0000015423
 -0.0000031134
 -0.0000024814
 -0.0000020430
 -0.0000021474
  0.0000028352
 -0.0000004100
 -0.0000010271
  0.0000017007
  0.0000022749
  0.0000000345
  0.0000014150
 -0.0000007798
  0.0000025948
  0.0000007911
 -0.0000011813
 -0.0000008693
 -0.0000023956
  0.0000039300
 -0.0000004975
  0.0000006786
  0.0000028665
 -0.0000026851
  0.0000034749
 -0.0000017083
  0.0000021954
  0.0000028390
 -0.0000003046
 -0.0000002748
 -0.0000013922
 -0.0000017916
  0.0000029758
 -0.0000006649
 -0.0000006313
 -0.0000002190
 -0.0000006579
  0.0000037464
  0.0000021278
 -0.0000009410
 -0.0000097894
  0.0000295442
  0.0000098762
  0.0000087043
  0.0000284257
  0.0000378593
  0.0000338845
  0.0000210134
 -0.0000068306
  0.0000072124
 -0.0000045746
  0.0000326943
 -0.0000201166
  0.0000111287
  0.0000309141
 -0.0000028094
 -0.0000000528
  0.0000009371
 -0.0000014897
  0.0000013246
 -0.0000004373
 -0.0000043922
 -0.0000036130
 -0.0000041360
 -0.0000009271
  0.0000002361
 -0.0000005020
 -0.0000033762
  0.0000024293
 -0.0000103178
 -0.0000045300
  0.0000005214
 -0.0000066508
 -0.0000388188
 -0.0000018801
  0.0000037116
  0.0000029808
 -0.0000070497
 -0.0000016082
  0.0000002532
 -0.0000023813
 -0.0000021300
 -0.0000041714
  0.0000087160
  0.0000001729
  0.0000013013
 -0.0000156429
 -0.0000005075
  0.0000013370
  0.0000037426
 -0.0000007812
  0.0000015441
 -0.0000084810
  0.0000018850
  0.0000000081
  0.0000394687
 -0.0001904157
  0.0000033403
 -0.0000061312
  0.0000367910
 -0.0000033321
  0.0000023115
  0.0000005037
  0.0000059670
 -0.0000006844
 -0.0000033651
 -0.0000027014
 -0.0000028354
 -0.0000033844
 -0.0000018490
 -0.0000031198
 -0.0000017536
 -0.0000037348
 -0.0000017966
 -0.0000029585
 -0.0000025351
 -0.0000027947
 -0.0000018727
 -0.0000023178
 -0.0000014877
 -0.0000034756
 -0.0000030049
 -0.0000043492
 -0.0000020125
 -0.0000019331
 -0.0000042297
 -0.0000009760
 -0.0000021259
 -0.0000012325
 -0.0000013536
 -0.0000002919
 -0.0000013754
 -0.0000004101
 -0.0000001088
  0.0000002345
 -0.0000004779
  0.0000003377
 -0.0000014038
 -0.0000006300
 -0.0000017919
 -0.0000012828
 -0.0000007591
 -0.0000015503
 -0.0000004332
 -0.0000014518
 -0.0000016486
 -0.0000006969
 -0.0000005842
 -0.0000008952
 -0.0000003868
 -0.0000031755
 -0.0000017114
 -0.0000018883
 -0.0000017583
 -0.0000009257
 -0.0000026622
 -0.0000016525
 -0.0000006367
 -0.0000020244
 -0.0000037118
  0.0000088717
 -0.0000016729
 -0.0000084698
  0.0000294702
  0.0000345647
  0.0000011852
  0.0000017396
 -0.0000215963
 -0.0000096646
  0.0000022868
  0.0000153199
 -0.0000162289
  0.0000003350
  0.0000127763
  0.0000011258
  0.0000022021
 -0.0000019011
 -0.0000025949
 -0.0000027219
 -0.0000016259
 -0.0000027499
  0.0000011710
 -0.0000000070
 -0.0000005003
 -0.0000035707
  0.0000014849
  0.0000014512
 -0.0000019155
 -0.0000010935
 -0.0000021258
 -0.0000008096
 -0.0000025525
  0.0000365899
  0.0000004263
  0.0000028487
 -0.0000000857
  0.0000005007
 -0.0000027187
  0.0000059924
 -0.0000012042
  0.0000065468
  0.0000006428
  0.0000169021
  0.0000000496
  0.0000017547
 -0.0001388458
  0.0000006128
 -0.0000083480
 -0.0000015151
  0.0000008186
  0.0000185880
  0.0000010526
  0.0000013993
  0.0000019622
  0.0000017910
  0.0000011341
  0.0000024851
 -0.0000017275
 -0.0000031128
  0.0000002052
  0.0000009489
  0.0000039398
  0.0000014714
  0.0000013084
  0.0000020349
 -0.0000016978
  0.0000017201
  0.0000015700
  0.0000015317
  0.0000025684
  0.0000011992
  0.0000023382
  0.0000021896
  0.0000001647
 -0.0000008979
  0.0000018164
  0.0000014920
  0.0000020880
  0.0000023749
  0.0000033475
  0.0000010822
  0.0000006476
 -0.0000028543
  0.0000014484
  0.0000010288
  0.0000023347
  0.0000014693
 -0.0000091459
 -0.0000242811
 -0.0000084811
 -0.0000148833
 -0.0000183097
  0.0000134587
 -0.0000065339
 -0.0000018847
  0.0000059772
 -0.0000091957
  0.0000168351
 -0.0000011345
 -0.0000213357
 -0.0000020777
 -0.0000019150
  0.0000010849
  0.0000015030
  0.0000034617
  0.0000010375
  0.0000020349
  0.0000010731
  0.0000021241
  0.0000005646
  0.0000007145
  0.0000005405
  0.0000002713
  0.0000009350
  0.0000003854
  0.0000010017
  0.0000035799
  0.0000011564
  0.0000015650
  0.0000022224
  0.0000047988
  0.0000210231
  0.0000034210
  0.0000010534
 -0.0000076834
  0.0000014677
  0.0000015345
  0.0000011145
  0.0000036241
  0.0000096745
  0.0000001797
  0.0000037462
  0.0000033198
  0.0000035900
 -0.0000025266
 -0.0000004414
  0.0000513443
 -0.0000205338
  0.0000044898
 -0.0000033926
  0.0000147239
  0.0000001476
  0.0000044434
 -0.0000002341
  0.0000113690
 -0.0000008026
  0.0000031645
  0.0000001380
 -0.0000004264
  0.0000004591
  0.0000019542
  0.0000004655
  0.0000007413
  0.0000006197
  0.0000006744
  0.0000003707
 -0.0000000583
 -0.0000001318
 -0.0000004905
  0.0000017340
  0.0000007814
  0.0000000744
 -0.0000001902
 -0.0000000699
  0.0000003539
 -0.0000001715
  0.0000001648
 -0.0000155669
 -0.0000204663
 -0.0000125130
 -0.0000198613
 -0.0000202838
 -0.0000141771
 -0.0000234208
 -0.0000075729
 -0.0000053207
 -0.0000182908
 -0.0000122628
 -0.0000133903
 -0.0000247958
 -0.0000112527
 -0.0000116580
  0.0000006086
  0.0000002125
  0.0000005446
  0.0000006773
 -0.0000004426
 -0.0000006442
 -0.0000001538
  0.0000009449
 -0.0000007939
  0.0000008034
 -0.0000003714
  0.0000005471
  0.0000000192
  0.0000169032
  0.0000017801
  0.0000188163
  0.0000011516
 -0.0000005219
 -0.0000018531
  0.0000004561
 -0.0000023398
 -0.0000007983
  0.0000036355
  0.0000050049
 -0.0000059269
  0.0000134896
 -0.0000035812
 -0.0000010744
  0.0000029484
  0.0000035125
  0.0000024830
  0.0000039444
  0.0000094169
 -0.0000012714
  0.0000040988
  0.0000264880
 -0.0000143040
 -0.0000019128
  0.0000043688
  0.0000375359
 -0.0000000127
  0.0000026904
  0.0000050439
  0.0000097077
 -0.0000011796
  0.0000074582
  0.0000017093
  0.0000008395
  0.0000015225
  0.0000028460
  0.0000025614
  0.0000035571
 -0.0000011681
 -0.0000024206
  0.0000009705
  0.0000019888
  0.0000047146
  0.0000014094
  0.0000016989
  0.0000030412
 -0.0000007706
  0.0000009586
  0.0000023869
 -0.0000010933
  0.0000031739
  0.0000020837
  0.0000003914
  0.0000043171
  0.0000030314
  0.0000011155
  0.0000003822
  0.0000036904
  0.0000017781
  0.0000028140
  0.0000029850
  0.0000018151
  0.0000041245
  0.0000006654
  0.0000013391
 -0.0000019390
  0.0000023434
  0.0000022938
  0.0000022491
  0.0000031938
 -0.0000011831
 -0.0000135769
 -0.0000053081
 -0.0000104730
 -0.0000164374
  0.0000210163
  0.0000067506
 -0.0000126015
 -0.0000037878
 -0.0000002207
 -0.0000114032
  0.0000144238
  0.0000072723
 -0.0000336567
 -0.0000005014
 -0.0000082035
  0.0000006516
 -0.0000027645
 -0.0000016882
 -0.0000020378
 -0.0000013335
  0.0000019292
 -0.0000009588
 -0.0000001352
 -0.0000012756
 -0.0000016717
 -0.0000028517
 -0.0000016817
 -0.0000019769
 -0.0000008885
  0.0000012695
 -0.0000021467
  0.0000012315
  0.0000028284
 -0.0000002534
  0.0000013361
  0.0000242042
  0.0000023696
 -0.0000005917
 -0.0000091880
 -0.0000026240
 -0.0000011026
  0.0000034976
  0.0000038341
  0.0000119239
 -0.0000004432
 -0.0000002281
  0.0000014004
  0.0000076937
 -0.0000007347
 -0.0000014767
  0.0000003853
  0.0000569362
 -0.0000132003
 -0.0000042129
  0.0000083525
 -0.0000010350
  0.0000014592
 -0.0000048674
  0.0000150260
 -0.0000019632
  0.0000048190
  0.0000013516
  0.0000004922
  0.0000013021
  0.0000008432
  0.0000025814
  0.0000021430
 -0.0000008032
 -0.0000007702
  0.0000011731
 -0.0000001537
  0.0000022752
 -0.0000012097
 -0.0000017039
  0.0000006934
  0.0000005005
 -0.0000005421
 -0.0000006142
 -0.0000015769
  0.0000002847
 -0.0000010731
  0.0000011455
 -0.0000008208
  0.0000010691
  0.0000017435
 -0.0000012116
 -0.0000005734
 -0.0000008283
  0.0000024782
 -0.0000011996
 -0.0000008337
  0.0000002576
 -0.0000006492
  0.0000013016
 -0.0000000535
  0.0000004926
 -0.0000017342
 -0.0000151895
 -0.0000239813
 -0.0000085266
 -0.0000173461
 -0.0000199121
 -0.0000047942
 -0.0000050185
 -0.0000117805
  0.0000181744
 -0.0000051693
  0.0000182517
 -0.0000129453
 -0.0000300405
 -0.0000056771
 -0.0000164492
 -0.0000012068
 -0.0000027210
 -0.0000019880
 -0.0000024782
 -0.0000015507
 -0.0000012810
 -0.0000011097
 -0.0000015738
 -0.0000014579
 -0.0000021218
 -0.0000034856
 -0.0000019603
 -0.0000025224
 -0.0000009257
  0.0000021673
 -0.0000022461
 -0.0000005312
  0.0000015171
  0.0000029169
  0.0000018831
  0.0000211466
  0.0000018754
  0.0000009894
 -0.0000086341
 -0.0000015472
  0.0000011725
  0.0000035254
  0.0000097779
 -0.0000022727
  0.0000009974
  0.0000032390
 -0.0000031747
 -0.0000012851
  0.0000506907
 -0.0000210528
  0.0000074273
 -0.0000050020
  0.0000130555
  0.0000001024
  0.0000012808
 -0.0000002955
  0.0000114427
 -0.0000009187
  0.0000033822
  0.0000000608
  0.0000029633
 -0.0000010306
 -0.0000009499
  0.0000006011
  0.0000014952
  0.0000015150
  0.0000008901
  0.0000018073
  0.0000024182
  0.0000010525
  0.0000006273
  0.0000014717
  0.0000012441
  0.0000022574
  0.0000001476
  0.0000012077
  0.0000014597
  0.0000018243
  0.0000025453
  0.0000014606
  0.0000017996
  0.0000022760
  0.0000029028
  0.0000013063
  0.0000004066
  0.0000019030
 -0.0000015101
  0.0000011237
  0.0000014213
  0.0000020894
  0.0000008818
 -0.0000159013
 -0.0000202142
 -0.0000077573
 -0.0000151913
 -0.0000088042
  0.0000031219
 -0.0000202388
 -0.0000089437
 -0.0000046608
  0.0000136222
 -0.0000154416
 -0.0000074531
 -0.0000098804
 -0.0000201729
 -0.0000065971
  0.0000009959
 -0.0000001575
  0.0000001564
  0.0000014859
  0.0000002363
  0.0000020151
  0.0000004423
 -0.0000003539
 -0.0000007073
 -0.0000006982
  0.0000007635
  0.0000004324
 -0.0000000548
  0.0000002862
 -0.0000001966
  0.0000003089
  0.0000011978
  0.0000005964
  0.0000018398
  0.0000048873
  0.0000274133
  0.0000036599
  0.0000002687
 -0.0000094152
  0.0000043166
 -0.0000007983
  0.0000018325
  0.0000052948
  0.0000014379
  0.0000164686
 -0.0000019017
 -0.0000045720
  0.0000024527
  0.0000036406
  0.0000072501
  0.0000049050
  0.0000524933
 -0.0000133168
  0.0000033490
 -0.0000031899
  0.0000160312
 -0.0000019052
  0.0000104013
 -0.0000015441
  0.0000052216
  0.0000018660
  0.0000021691
  0.0000008943
  0.0000010351
  0.0000004675
  0.0000016108
 -0.0000002559
  0.0000022840
  0.0000009606
  0.0000000770
  0.0000004547
  0.0000005641
  0.0000015891
 -0.0000002859
  0.0000019839
  0.0000008213
  0.0000017630
  0.0000003357
  0.0000021430
  0.0000015342
  0.0000033527
  0.0000030365
  0.0000017613
  0.0000008391
  0.0000014654
  0.0000014040
  0.0000006012
  0.0000016671
  0.0000009699
  0.0000016022
  0.0000005598
  0.0000018840
  0.0000013423
  0.0000016553
 -0.0000000554
  0.0000013497
  0.0000017000
  0.0000013312
  0.0000018724
  0.0000023993
  0.0000020495
 -0.0000144225
 -0.0000252861
 -0.0000079207
 -0.0000169949
 -0.0000167188
  0.0000308061
 -0.0000064089
 -0.0000016392
  0.0000201331
 -0.0000014658
  0.0000184831
 -0.0000006599
 -0.0000283342
 -0.0000051786
 -0.0000081899
  0.0000017463
  0.0000009789
  0.0000024166
  0.0000026989
  0.0000026267
  0.0000005028
  0.0000023269
  0.0000019500
  0.0000024128
  0.0000007940
  0.0000026470
  0.0000025637
  0.0000044764
  0.0000024389
  0.0000010384
  0.0000025492
  0.0000021907
  0.0000017769
  0.0000038885
  0.0000040099
  0.0000228574
  0.0000000860
  0.0000015265
  0.0000015092
  0.0000022909
  0.0000021930
  0.0000104193
 -0.0000005936
  0.0000062147
  0.0000020986
  0.0000558414
 -0.0000205990
  0.0000141158
  0.0000015793
  0.0000048741
  0.0000004790
  0.0000139853
  0.0000060992
 -0.0000001828
  0.0000009266
 -0.0000004298
  0.0000002819
 -0.0000000870
  0.0000016200
  0.0000015446
  0.0000000954
  0.0000001534
 -0.0000006385
  0.0000021508
 -0.0000012479
 -0.0000032601
  0.0000002032
 -0.0000014149
  0.0000033177
 -0.0000005039
 -0.0000029764
 -0.0000006704
  0.0000000452
  0.0000013199
 -0.0000014064
  0.0000030632
  0.0000004262
  0.0000012294
  0.0000014896
  0.0000007408
 -0.0000010476
 -0.0000019027
  0.0000008703
  0.0000015786
 -0.0000025283
 -0.0000018256
 -0.0000021428
  0.0000009178
  0.0000028752
  0.0000003778
 -0.0000020849
 -0.0000003654
  0.0000005266
 -0.0000014312
 -0.0000012408
 -0.0000004980
  0.0000022314
 -0.0000202054
  0.0000001222
 -0.0000204812
 -0.0000157483
  0.0000116895
  0.0000666488
 -0.0000002688
  0.0000071383
 -0.0000090107
 -0.0000182548
  0.0000009769
  0.0000156641
 -0.0000246662
 -0.0000065151
  0.0000050577
  0.0000006259
 -0.0000012938
  0.0000010703
  0.0000040010
  0.0000005381
 -0.0000022851
  0.0000009505
  0.0000017639
  0.0000006783
 -0.0000001548
  0.0000023052
  0.0000033190
  0.0000003954
  0.0000006743
 -0.0000020103
 -0.0000010318
  0.0000018068
 -0.0000004326
  0.0000032683
  0.0000010794
  0.0000218599
  0.0000025541
 -0.0000077874
  0.0000014001
 -0.0000002841
 -0.0000018340
  0.0000006250
  0.0000023114
  0.0000071290
  0.0000018703
 -0.0000031278
  0.0000023195
 -0.0000004637
  0.0000053528
 -0.0000058315
 -0.0000007170
  0.0000390598
 -0.0000164266
  0.0000016501
 -0.0000059794
 -0.0000008646
 -0.0000016028
  0.0000035002
 -0.0000082002
  0.0000078284
 -0.0000004578
  0.0000008825
  0.0000008204
 -0.0000019763
 -0.0000011089
  0.0000005193
  0.0000036620
  0.0000011434
  0.0000012705
 -0.0000013395
  0.0000010228
  0.0000010104
 -0.0000001001
  0.0000022371
  0.0000007001
  0.0000024083
  0.0000000940
  0.0000019492
  0.0000015273
  0.0000022592
  0.0000006951
  0.0000005240
 -0.0000024255
  0.0000009582
  0.0000005922
  0.0000019722
 -0.0000001664
 -0.0000151791
 -0.0000144603
 -0.0000029260
 -0.0000158621
 -0.0000321250
 -0.0000193444
 -0.0000270968
 -0.0000048716
 -0.0000142820
 -0.0000058572
 -0.0000107552
 -0.0000032095
  0.0000036226
 -0.0000142347
 -0.0000118335
  0.0000008155
  0.0000006282
 -0.0000009686
 -0.0000003965
 -0.0000012018
  0.0000005696
 -0.0000010004
  0.0000004522
 -0.0000006300
 -0.0000000100
 -0.0000012948
 -0.0000008089
  0.0000007068
 -0.0000003979
  0.0000026219
  0.0000013011
  0.0000011272
  0.0000015642
  0.0000080756
  0.0000247574
  0.0000032682
  0.0000000800
 -0.0000052035
  0.0000045975
 -0.0000029865
  0.0000012017
  0.0000038162
  0.0000002070
  0.0000142707
 -0.0000010679
  0.0000021575
  0.0000036232
  0.0000078395
  0.0000472078
 -0.0000181487
  0.0000019882
  0.0000014837
  0.0000248169
 -0.0000007392
  0.0000098486
 -0.0000007150
  0.0000045744
 -0.0000009836
 -0.0000005979
 -0.0000005601
 -0.0000005963
  0.0000015953
  0.0000004798
  0.0000019001
  0.0000009377
 -0.0000005906
 -0.0000006218
 -0.0000008657
  0.0000000141
  0.0000013246
  0.0000008256
 -0.0000003426
  0.0000003159
  0.0000011011
 -0.0000012675
  0.0000007320
 -0.0000014004
 -0.0000004159
  0.0000001590
  0.0000003196
 -0.0000006250
 -0.0000018849
  0.0000018529
 -0.0000008123
 -0.0000004956
 -0.0000007181
 -0.0000005403
  0.0000010759
 -0.0000018080
  0.0000004672
 -0.0000012699
 -0.0000011237
 -0.0000003454
  0.0000008270
  0.0000012773
  0.0000020040
 -0.0000012035
 -0.0000014155
 -0.0000007386
 -0.0000015254
 -0.0000013090
 -0.0000005896
  0.0000000847
  0.0000046777
  0.0000075118
 -0.0000008654
 -0.0000141901
  0.0000201133
  0.0000444028
  0.0000055709
  0.0000081279
 -0.0000110728
 -0.0000119348
 -0.0000012524
  0.0000192192
 -0.0000183161
  0.0000043834
  0.0000073883
 -0.0000007136
 -0.0000012432
 -0.0000018713
 -0.0000002573
 -0.0000004277
 -0.0000030417
 -0.0000014312
 -0.0000001021
 -0.0000016059
 -0.0000035574
  0.0000003016
  0.0000007811
 -0.0000029619
 -0.0000014435
  0.0000031138
 -0.0000014554
  0.0000001309
 -0.0000023334
  0.0000040066
 -0.0000000869
  0.0000144104
  0.0000039093
  0.0000036124
 -0.0000086148
 -0.0000003328
 -0.0000044572
 -0.0000016604
 -0.0000017333
  0.0000013634
  0.0000096632
 -0.0000015908
  0.0000027236
  0.0000004179
  0.0000003763
  0.0000294488
 -0.0000322162
  0.0000003966
 -0.0000085234
 -0.0000016114
  0.0000029883
 -0.0000037262
  0.0000006412
 -0.0000010454
  0.0000013459
 -0.0000002248
  0.0000003602
 -0.0000002993
  0.0000014225
  0.0000016063
  0.0000006402
 -0.0000005490
 -0.0000003139
  0.0000015563
  0.0000009593
 -0.0000010962
  0.0000002475
 -0.0000008007
 -0.0000007787
  0.0000003381
 -0.0000000253
 -0.0000005877
 -0.0000004872
 -0.0000006482
  0.0000013912
 -0.0000002603
 -0.0000012343
 -0.0000003063
 -0.0000002906
  0.0000009671
  0.0000005314
 -0.0000016539
 -0.0000000946
 -0.0000011163
  0.0000000268
 -0.0000018543
  0.0000002068
 -0.0000000436
 -0.0000009849
 -0.0000005017
  0.0000009443
 -0.0000003807
  0.0000001126
 -0.0000011318
  0.0000009688
 -0.0000008272
  0.0000000721
  0.0000000875
  0.0000009813
  0.0000002935
 -0.0000109283
  0.0000032237
  0.0000002193
 -0.0000004968
  0.0000145312
  0.0000647088
  0.0000027290
  0.0000097845
 -0.0000051881
 -0.0000195445
 -0.0000066749
  0.0000184228
 -0.0000253247
 -0.0000099727
  0.0000074445
 -0.0000007135
 -0.0000011213
 -0.0000025163
 -0.0000015102
 -0.0000018058
 -0.0000005888
 -0.0000013444
 -0.0000009069
 -0.0000015794
 -0.0000013636
  0.0000012037
  0.0000009040
 -0.0000005662
 -0.0000017921
  0.0000024037
 -0.0000012427
 -0.0000023316
 -0.0000011878
  0.0000052434
  0.0000003067
  0.0000101675
 -0.0000005874
 -0.0000007043
 -0.0000005944
 -0.0000015977
  0.0000061032
 -0.0000045763
  0.0000013468
  0.0000014002
 -0.0000010162
  0.0000323755
 -0.0000295410
 -0.0000000379
 -0.0000034874
 -0.0000023419
  0.0000015800
 -0.0000013417
 -0.0000017554
 -0.0000019862
  0.0000002625
  0.0000006936
  0.0000012966
  0.0000008097
  0.0000000888
  0.0000011410
  0.0000001760
  0.0000020063
  0.0000001600
  0.0000016286
  0.0000016573
  0.0000003039
  0.0000006117
 -0.0000018984
 -0.0000000325
  0.0000000838
  0.0000008236
 -0.0000198330
 -0.0000255821
 -0.0000167305
 -0.0000237284
 -0.0000201316
 -0.0000108762
 -0.0000242315
 -0.0000079460
 -0.0000186714
 -0.0000185298
 -0.0000151876
 -0.0000127587
 -0.0000216807
 -0.0000158722
 -0.0000280061
  0.0000001105
 -0.0000009206
  0.0000005665
  0.0000011673
 -0.0000001512
  0.0000000555
 -0.0000003167
 -0.0000001284
  0.0000000069
 -0.0000012297
 -0.0000000133
  0.0000002266
  0.0000008790
 -0.0000003129
 -0.0000004339
 -0.0000003839
  0.0000002745
  0.0000001887
  0.0000101028
  0.0000043368
  0.0000210330
  0.0000037291
 -0.0000005893
 -0.0000037310
  0.0000018725
 -0.0000016433
  0.0000053390
 -0.0000034949
  0.0000147872
 -0.0000034121
 -0.0000021129
  0.0000016664
  0.0000054399
  0.0000068544
  0.0000366156
 -0.0000206568
  0.0000028713
  0.0000021799
  0.0000351860
  0.0000041011
  0.0000102470
 -0.0000009794
  0.0000066780
  0.0000006274
  0.0000013745
  0.0000012911
  0.0000008530
  0.0000017270
  0.0000011814
  0.0000009057
  0.0000021523
  0.0000019465
  0.0000002381
  0.0000022406
  0.0000029162
  0.0000003058
 -0.0000004309
  0.0000022657
  0.0000004850
 -0.0000000648
  0.0000012488
 -0.0000005294
  0.0000020616
  0.0000021861
 -0.0000012088
 -0.0000003297
  0.0000002565
  0.0000021102
  0.0000001631
 -0.0000001700
  0.0000014152
  0.0000001648
 -0.0000131650
 -0.0000144804
 -0.0000070830
 -0.0000171366
 -0.0000222045
 -0.0000316769
 -0.0000167348
 -0.0000107311
 -0.0000173571
 -0.0000145072
 -0.0000087438
 -0.0000107889
 -0.0000178608
 -0.0000089764
 -0.0000130325
  0.0000005566
 -0.0000003142
 -0.0000008527
 -0.0000008774
 -0.0000003488
 -0.0000001204
 -0.0000002447
  0.0000002926
  0.0000005745
 -0.0000001747
 -0.0000004581
  0.0000000428
  0.0000119672
  0.0000019130
  0.0000218858
  0.0000017310
  0.0000012787
 -0.0000021336
  0.0000006598
 -0.0000023696
 -0.0000014104
  0.0000069767
  0.0000098246
 -0.0000048039
  0.0000174245
  0.0000027415
 -0.0000028209
 -0.0000027966
  0.0000034982
  0.0000031917
  0.0000036593
  0.0000042890
  0.0000101463
 -0.0000012942
  0.0000042116
  0.0000326317
 -0.0000158461
 -0.0000017743
  0.0000035903
  0.0000388238
 -0.0000009237
  0.0000025715
  0.0000044506
  0.0000101228
  0.0000009413
  0.0000097970
 -0.0000008638
 -0.0000011809
  0.0000000506
  0.0000000286
 -0.0000005028
 -0.0000012489
  0.0000001467
 -0.0000002392
 -0.0000002019
  0.0000000765
 -0.0000008457
  0.0000000502
  0.0000000905
 -0.0000135513
 -0.0000198564
 -0.0000124873
 -0.0000206779
 -0.0000214991
 -0.0000147965
 -0.0000250013
 -0.0000085987
 -0.0000036690
 -0.0000173517
 -0.0000092897
 -0.0000120689
 -0.0000217670
 -0.0000110274
 -0.0000178662
 -0.0000000939
 -0.0000010246
 -0.0000017338
 -0.0000009240
 -0.0000002358
 -0.0000007717
 -0.0000011127
 -0.0000004509
 -0.0000004075
 -0.0000002848
 -0.0000011625
  0.0000182877
  0.0000009657
  0.0000183949
  0.0000007211
  0.0000008120
 -0.0000004122
 -0.0000000931
 -0.0000021788
 -0.0000019978
  0.0000036831
  0.0000051596
 -0.0000066109
  0.0000133370
 -0.0000037037
 -0.0000003743
  0.0000020870
  0.0000033929
  0.0000092554
 -0.0000009173
  0.0000042902
  0.0000259645
 -0.0000148476
 -0.0000025908
  0.0000051144
  0.0000374267
 -0.0000007765
  0.0000026681
  0.0000057038
  0.0000089320
  0.0000002319
  0.0000070545
 -0.0000000436
  0.0000003118
  0.0000009981
  0.0000007217
  0.0000013975
  0.0000003473
  0.0000007479
  0.0000000260
 -0.0000005186
 -0.0000001011
 -0.0000008517
  0.0000015320
  0.0000004242
  0.0000003010
  0.0000005884
  0.0000006347
  0.0000000301
  0.0000014052
 -0.0000009641
 -0.0000000041
  0.0000011421
  0.0000010672
  0.0000011522
 -0.0000002144
  0.0000005135
  0.0000030659
 -0.0000001905
 -0.0000008729
 -0.0000000353
  0.0000013220
  0.0000016363
 -0.0000008766
  0.0000008183
 -0.0000000963
 -0.0000001217
 -0.0000000502
 -0.0000000369
 -0.0000004977
  0.0000009741
 -0.0000006507
  0.0000017419
  0.0000014977
  0.0000014894
  0.0000017283
 -0.0000001166
 -0.0000028583
  0.0000068858
 -0.0000083635
 -0.0000167311
  0.0000194792
  0.0000468873
  0.0000048972
  0.0000078390
 -0.0000033347
 -0.0000142622
  0.0000000756
  0.0000188254
 -0.0000206706
  0.0000035157
  0.0000078926
 -0.0000001831
  0.0000013815
 -0.0000006264
 -0.0000000565
 -0.0000003828
 -0.0000002382
  0.0000001267
 -0.0000001112
 -0.0000010364
 -0.0000002995
 -0.0000012810
 -0.0000026755
  0.0000006902
  0.0000000990
  0.0000018088
  0.0000000740
 -0.0000006689
  0.0000000727
  0.0000048124
  0.0000019188
  0.0000103295
  0.0000022963
 -0.0000079591
 -0.0000006762
  0.0000005082
 -0.0000006433
 -0.0000005368
  0.0000008983
  0.0000060511
  0.0000008534
  0.0000004796
  0.0000015097
  0.0000004382
  0.0000325920
 -0.0000355547
  0.0000031728
 -0.0000081636
  0.0000002168
  0.0000003713
 -0.0000039095
 -0.0000001910
  0.0000024906
  0.0000022134
  0.0000011210
  0.0000029063
  0.0000022768
  0.0000011944
  0.0000021027
 -0.0000000406
  0.0000032302
  0.0000004298
  0.0000009340
  0.0000005527
  0.0000029540
  0.0000011142
 -0.0000002085
 -0.0000014290
  0.0000022845
  0.0000003392
  0.0000006389
  0.0000012429
  0.0000003087
  0.0000021165
  0.0000004636
  0.0000010937
  0.0000011353
  0.0000016597
  0.0000038360
  0.0000031727
 -0.0000000974
  0.0000005630
  0.0000019274
  0.0000013868
 -0.0000003479
 -0.0000002126
  0.0000008196
 -0.0000015413
 -0.0000066150
 -0.0000219427
 -0.0000080084
 -0.0000137929
 -0.0000187910
  0.0000102300
 -0.0000075451
 -0.0000012545
 -0.0000003714
 -0.0000066535
  0.0000140968
 -0.0000006798
 -0.0000168020
 -0.0000037492
  0.0000009504
 -0.0000001174
 -0.0000006825
 -0.0000022837
 -0.0000001426
 -0.0000025832
 -0.0000000949
 -0.0000024067
 -0.0000005491
 -0.0000013796
 -0.0000011547
 -0.0000007456
 -0.0000020123
 -0.0000004212
 -0.0000010847
  0.0000028269
 -0.0000002514
  0.0000000316
  0.0000013906
  0.0000046150
  0.0000205972
  0.0000020743
  0.0000003104
 -0.0000081519
  0.0000001069
  0.0000009175
  0.0000004988
  0.0000025146
  0.0000091212
  0.0000003038
  0.0000001533
 -0.0000020747
  0.0000029594
  0.0000041045
 -0.0000044820
 -0.0000048199
  0.0000489121
 -0.0000230826
  0.0000023932
 -0.0000043108
  0.0000144032
 -0.0000020821
  0.0000026326
 -0.0000017917
  0.0000111995
 -0.0000017222
  0.0000031202
  0.0000011868
  0.0000014273
  0.0000023334
  0.0000022935
  0.0000008209
  0.0000013018
  0.0000012554
  0.0000000416
  0.0000006793
  0.0000006005
  0.0000015147
  0.0000010287
  0.0000003216
  0.0000003933
  0.0000019041
  0.0000004718
 -0.0000003145
  0.0000005877
 -0.0000000950
  0.0000013489
  0.0000008898
  0.0000014265
  0.0000005117
  0.0000011544
  0.0000009187
  0.0000019977
  0.0000003373
  0.0000017065
  0.0000009929
  0.0000015361
  0.0000000832
 -0.0000177202
 -0.0000154775
 -0.0000040413
 -0.0000190950
 -0.0000225788
 -0.0000052383
 -0.0000221239
  0.0000030627
 -0.0000166785
 -0.0000023685
 -0.0000035621
  0.0000048386
  0.0000027348
 -0.0000171937
 -0.0000164298
  0.0000005041
 -0.0000002584
  0.0000001070
 -0.0000000963
  0.0000005151
 -0.0000006266
  0.0000009456
  0.0000000772
  0.0000006492
 -0.0000005950
 -0.0000014545
  0.0000002020
 -0.0000008383
  0.0000011088
  0.0000030694
 -0.0000000774
  0.0000011271
  0.0000012287
  0.0000066863
  0.0000262823
  0.0000039166
 -0.0000019479
 -0.0000052475
  0.0000002804
  0.0000045456
  0.0000025713
  0.0000151984
  0.0000016995
  0.0000028177
  0.0000043640
  0.0000068761
  0.0000007350
  0.0000511422
 -0.0000150329
  0.0000036950
  0.0000225901
  0.0000012186
  0.0000033874
 -0.0000001409
  0.0000118790
 -0.0000017153
  0.0000057469
  0.0000009965
 -0.0000001170
 -0.0000004871
  0.0000019733
  0.0000021323
  0.0000017255
 -0.0000014548
 -0.0000006352
 -0.0000002516
 -0.0000002949
 -0.0000018745
  0.0000033336
 -0.0000006728
 -0.0000013810
 -0.0000004790
 -0.0000013154
 -0.0000005637
 -0.0000007103
  0.0000011562
 -0.0000069813
 -0.0000074146
 -0.0000098809
 -0.0000066582
 -0.0000162949
 -0.0000070788
  0.0000064200
  0.0000171562
 -0.0000070500
 -0.0000136989
  0.0000025058
  0.0000026206
  0.0000032507
 -0.0000077187
 -0.0000003145
 -0.0000020108
 -0.0000016171
 -0.0000004275
 -0.0000009382
 -0.0000014708
 -0.0000016828
 -0.0000008374
 -0.0000002123
  0.0000000621
 -0.0000015473
 -0.0000004413
 -0.0000014782
  0.0000173169
  0.0000008541
  0.0000063154
 -0.0000046592
  0.0000018378
  0.0000003742
 -0.0000004830
 -0.0000020424
 -0.0000016726
 -0.0000010820
  0.0000011198
 -0.0000038734
  0.0000069432
 -0.0000036358
 -0.0000014656
 -0.0000003337
  0.0000016987
  0.0000002350
 -0.0000013582
  0.0000009180
  0.0000020648
 -0.0000024433
  0.0000015751
  0.0000029660
 -0.0000134050
 -0.0000031133
  0.0000036013
  0.0000425880
 -0.0000024860
  0.0000026755
  0.0000022935
 -0.0000005882
 -0.0000004985
  0.0000008601
  0.0000000454
  0.0000005406
  0.0000006795
  0.0000004791
  0.0000030900
 -0.0000000320
  0.0000007067
  0.0000003723
  0.0000011299
  0.0000014210
 -0.0000001055
  0.0000000038
 -0.0000000756
  0.0000019088
 -0.0000001334
  0.0000022139
  0.0000009596
  0.0000018715
  0.0000005633
  0.0000021374
  0.0000018584
  0.0000022378
  0.0000002031
  0.0000036029
  0.0000012610
  0.0000006565
  0.0000012673
  0.0000019624
  0.0000016914
  0.0000001080
  0.0000020763
  0.0000003653
  0.0000013619
 -0.0000001680
  0.0000012295
  0.0000009754
  0.0000020886
 -0.0000004697
  0.0000026126
  0.0000022844
  0.0000008433
  0.0000023808
  0.0000028028
  0.0000014895
 -0.0000130603
 -0.0000064236
 -0.0000095187
 -0.0000159215
  0.0000342904
  0.0000053514
 -0.0000077923
 -0.0000080040
 -0.0000085294
  0.0000022338
  0.0000153717
  0.0000040078
 -0.0000238500
 -0.0000042555
 -0.0000035655
  0.0000013577
  0.0000001543
 -0.0000005516
  0.0000001205
 -0.0000001927
  0.0000007107
 -0.0000001294
  0.0000016585
 -0.0000006902
 -0.0000028205
 -0.0000001623
  0.0000001215
 -0.0000016617
 -0.0000003256
  0.0000032830
 -0.0000000446
  0.0000020336
 -0.0000017780
  0.0000011836
  0.0000014413
  0.0000229440
  0.0000004163
 -0.0000014797
 -0.0000005749
  0.0000047600
  0.0000088462
  0.0000026294
  0.0000017808
  0.0000028576
 -0.0000040391
  0.0000008642
  0.0000482839
 -0.0000080447
 -0.0000004330
  0.0000083478
 -0.0000005797
  0.0000026659
 -0.0000022810
  0.0000094204
  0.0000004966
  0.0000010215
  0.0000004623
  0.0000013446
  0.0000006036
 -0.0000006585
 -0.0000008686
 -0.0000011104
 -0.0000013404
 -0.0000012530
 -0.0000012286
 -0.0000011714
 -0.0000125476
 -0.0000132836
 -0.0000071752
 -0.0000135500
 -0.0000138082
 -0.0000110437
 -0.0000168285
 -0.0000027008
  0.0000033311
 -0.0000073282
 -0.0000090823
 -0.0000047447
 -0.0000008725
 -0.0000068363
 -0.0000109738
 -0.0000010909
 -0.0000009434
 -0.0000014852
 -0.0000014608
 -0.0000020514
 -0.0000013528
  0.0000001439
 -0.0000004695
 -0.0000017278
 -0.0000006715
 -0.0000014563
  0.0000190342
 -0.0000007454
  0.0000153116
 -0.0000009217
  0.0000032686
  0.0000026492
 -0.0000027211
 -0.0000047695
 -0.0000027360
  0.0000025181
  0.0000039834
 -0.0000050949
  0.0000128696
 -0.0000056086
  0.0000013508
  0.0000017223
  0.0000031335
  0.0000060702
 -0.0000012022
  0.0000049619
  0.0000166046
 -0.0000114910
 -0.0000037986
  0.0000063202
  0.0000433436
 -0.0000015347
  0.0000004621
  0.0000064339
  0.0000051859
  0.0000016553
  0.0000073337
  0.0000007694
  0.0000007613
  0.0000007261
  0.0000030407
  0.0000004766
  0.0000005006
  0.0000016717
  0.0000020018
  0.0000009813
  0.0000020150
  0.0000014852
  0.0000017002
  0.0000017312
  0.0000017685
  0.0000024829
  0.0000027694
  0.0000012668
  0.0000013866
 -0.0000004514
  0.0000017597
  0.0000027846
  0.0000005459
  0.0000004384
  0.0000027372
  0.0000005617
  0.0000029701
  0.0000005623
  0.0000017180
  0.0000011944
  0.0000019213
  0.0000018139
  0.0000026759
  0.0000006266
  0.0000013537
  0.0000022755
  0.0000013162
  0.0000018762
  0.0000010206
  0.0000017383
 -0.0000007241
 -0.0000099326
 -0.0000030610
 -0.0000082484
 -0.0000140365
  0.0000238350
  0.0000330423
 -0.0000023311
  0.0000028807
  0.0000011610
 -0.0000322597
  0.0000076267
  0.0000059395
 -0.0000395896
  0.0000135724
  0.0000159751
  0.0000003514
 -0.0000010677
  0.0000000162
 -0.0000012703
 -0.0000021396
  0.0000002093
 -0.0000006143
 -0.0000000270
 -0.0000018931
  0.0000009429
 -0.0000021564
 -0.0000016442
  0.0000019318
 -0.0000006998
  0.0000001599
  0.0000006368
  0.0000006381
  0.0000018330
  0.0000016426
  0.0000028380
  0.0000218758
 -0.0000003994
 -0.0000071033
  0.0000011750
  0.0000013276
 -0.0000008364
  0.0000008445
  0.0000033407
  0.0000074440
 -0.0000002526
  0.0000004080
  0.0000016595
  0.0000058031
 -0.0000050720
  0.0000027239
  0.0000468833
 -0.0000080949
  0.0000054686
  0.0000009527
  0.0000005018
 -0.0000061799
  0.0000100145
 -0.0000003913
 -0.0000001551
 -0.0000003661
  0.0000014386
  0.0000013012
  0.0000007209
  0.0000009584
  0.0000013559
  0.0000006388
  0.0000015118
  0.0000008668
  0.0000019346
 -0.0000000944
  0.0000011756
  0.0000009687
  0.0000009785
  0.0000010893
  0.0000021069
  0.0000000781
  0.0000010231
 -0.0000009013
  0.0000009691
  0.0000014046
  0.0000014246
  0.0000008296
 -0.0000125234
 -0.0000129759
 -0.0000142611
 -0.0000166585
 -0.0000087591
 -0.0000265527
 -0.0000157285
 -0.0000019205
 -0.0000103459
 -0.0000220100
 -0.0000094258
 -0.0000102776
 -0.0000099616
 -0.0000096024
 -0.0000183724
  0.0000004394
  0.0000011177
  0.0000008337
  0.0000014592
 -0.0000000085
  0.0000011432
  0.0000004057
 -0.0000002377
  0.0000011231
 -0.0000005836
  0.0000004348
 -0.0000004039
 -0.0000003918
  0.0000005664
 -0.0000006546
  0.0000009333
  0.0000082330
  0.0000039268
  0.0000220093
  0.0000030925
 -0.0000000430
 -0.0000028903
  0.0000014502
 -0.0000020821
  0.0000019547
  0.0000032250
 -0.0000021018
  0.0000135107
 -0.0000031746
 -0.0000037116
  0.0000034522
  0.0000009661
  0.0000050435
  0.0000059179
 -0.0000008439
  0.0000023514
  0.0000408706
 -0.0000217767
  0.0000028639
  0.0000014001
  0.0000288233
  0.0000000165
  0.0000013550
  0.0000099636
 -0.0000006825
  0.0000049472
  0.0000015155
  0.0000012534
  0.0000029158
  0.0000019303
  0.0000002196
 -0.0000006273
 -0.0000002135
 -0.0000004301
  0.0000014500
 -0.0000015486
  0.0000002858
 -0.0000008854
 -0.0000013934
 -0.0000006631
 -0.0000146017
 -0.0000201050
 -0.0000099034
 -0.0000212252
 -0.0000153261
 -0.0000112359
 -0.0000234155
 -0.0000039253
  0.0000063820
 -0.0000093960
 -0.0000149873
 -0.0000065494
 -0.0000194248
 -0.0000078046
 -0.0000176111
 -0.0000011648
  0.0000006186
 -0.0000002222
 -0.0000010519
 -0.0000004917
 -0.0000010495
 -0.0000013066
  0.0000003224
  0.0000010154
  0.0000005585
 -0.0000002150
 -0.0000001542
  0.0000184959
 -0.0000004902
  0.0000157655
  0.0000002638
  0.0000033881
  0.0000021349
 -0.0000025888
 -0.0000029148
 -0.0000020234
  0.0000011300
  0.0000024505
 -0.0000040931
  0.0000105924
 -0.0000052653
  0.0000022708
  0.0000040941
  0.0000043930
  0.0000028519
  0.0000043051
  0.0000069845
 -0.0000010707
  0.0000055325
  0.0000176613
 -0.0000120006
 -0.0000035246
  0.0000066757
  0.0000384291
 -0.0000003566
  0.0000011138
  0.0000070250
  0.0000063652
  0.0000013421
  0.0000060725
  0.0000016997
  0.0000014034
  0.0000018069
  0.0000006966
  0.0000012506
  0.0000006711
 -0.0000004036
  0.0000007293
 -0.0000010839
 -0.0000007698
 -0.0000002355
  0.0000019326
 -0.0000000224
 -0.0000013419
  0.0000000888
 -0.0000008898
  0.0000004892
  0.0000019627
 -0.0000003008
  0.0000016067
  0.0000007286
  0.0000019699
  0.0000020803
 -0.0000002227
 -0.0000012094
  0.0000011509
 -0.0000003902
 -0.0000016899
 -0.0000103009
 -0.0000162696
 -0.0000076851
 -0.0000124964
 -0.0000189922
 -0.0000073624
 -0.0000197387
 -0.0000076888
 -0.0000016392
 -0.0000131240
 -0.0000096285
 -0.0000113909
 -0.0000094508
 -0.0000066311
 -0.0000133677
 -0.0000009600
 -0.0000017170
 -0.0000018991
  0.0000000095
 -0.0000001145
  0.0000010608
 -0.0000008320
 -0.0000002850
 -0.0000006856
  0.0000003597
 -0.0000011076
  0.0000015763
  0.0000182008
  0.0000006562
  0.0000206570
 -0.0000006968
 -0.0000006246
 -0.0000024089
 -0.0000018974
 -0.0000024006
 -0.0000014997
  0.0000073582
  0.0000081273
 -0.0000084552
  0.0000176958
  0.0000037518
 -0.0000043952
 -0.0000018448
  0.0000028491
  0.0000026768
  0.0000005635
  0.0000026418
  0.0000101764
 -0.0000026236
  0.0000038237
  0.0000253968
 -0.0000109957
 -0.0000027158
  0.0000039061
  0.0000390742
 -0.0000009012
  0.0000016872
  0.0000045472
  0.0000060361
  0.0000001668
  0.0000103464
 -0.0000010820
 -0.0000010963
  0.0000001285
 -0.0000009677
  0.0000016023
  0.0000011607
  0.0000003259
  0.0000003498
  0.0000002224
 -0.0000000776
 -0.0000003600
 -0.0000007811
 -0.0000005371
  0.0000017085
  0.0000008532
  0.0000003407
  0.0000011689
  0.0000008529
  0.0000007817
 -0.0000168047
 -0.0000176853
 -0.0000121699
 -0.0000207406
 -0.0000238153
 -0.0000270813
 -0.0000197493
 -0.0000139737
 -0.0000185826
 -0.0000168111
 -0.0000121245
 -0.0000103478
 -0.0000200705
 -0.0000128262
 -0.0000157773
  0.0000002261
  0.0000005854
 -0.0000006330
  0.0000002768
  0.0000003039
  0.0000003628
 -0.0000000305
  0.0000004449
  0.0000005886
  0.0000008963
  0.0000002234
  0.0000106242
  0.0000014764
  0.0000216084
  0.0000032192
 -0.0000006822
 -0.0000036025
  0.0000005722
 -0.0000011235
 -0.0000012344
  0.0000056931
  0.0000078481
 -0.0000046773
  0.0000164036
 -0.0000030270
 -0.0000023808
  0.0000033940
  0.0000046095
  0.0000053901
  0.0000082110
  0.0000002526
  0.0000027209
  0.0000344354
 -0.0000183914
 -0.0000003745
  0.0000023923
  0.0000367067
 -0.0000005871
  0.0000035856
  0.0000043883
  0.0000107205
 -0.0000002572
  0.0000092402
  0.0000006596
  0.0000012258
  0.0000010566
  0.0000003209
  0.0000022792
  0.0000023009
  0.0000006958
  0.0000018606
  0.0000013375
  0.0000006043
  0.0000019245
  0.0000005898
  0.0000014510
  0.0000009221
  0.0000005705
  0.0000008985
  0.0000001946
 -0.0000002075
  0.0000000471
  0.0000005218
 -0.0000176678
 -0.0000182503
 -0.0000139855
 -0.0000216505
 -0.0000236757
 -0.0000235044
 -0.0000195944
 -0.0000100765
 -0.0000151270
 -0.0000167455
 -0.0000183642
 -0.0000050991
 -0.0000201549
 -0.0000135989
 -0.0000175492
  0.0000011840
  0.0000000044
  0.0000000154
  0.0000011626
  0.0000002929
 -0.0000007693
 -0.0000003626
 -0.0000001136
 -0.0000002111
  0.0000002627
  0.0000000220
  0.0000007715
 -0.0000005108
  0.0000098344
  0.0000026072
  0.0000227094
  0.0000039716
  0.0000003868
 -0.0000029603
  0.0000012723
 -0.0000012421
 -0.0000003121
  0.0000066876
  0.0000084163
 -0.0000038506
  0.0000173819
  0.0000035641
 -0.0000020668
 -0.0000034375
  0.0000017167
  0.0000041754
  0.0000053792
  0.0000060396
  0.0000075305
  0.0000007160
  0.0000032076
  0.0000358736
 -0.0000174999
 -0.0000005294
  0.0000023822
  0.0000348997
  0.0000011258
  0.0000032327
  0.0000034392
  0.0000115706
 -0.0000000253
  0.0000102466
  0.0000029978
  0.0000021061
  0.0000021706
  0.0000013774
  0.0000011792
  0.0000013581
  0.0000013468
 -0.0000003665
  0.0000020536
  0.0000014945
  0.0000023177
  0.0000019319
  0.0000022899
  0.0000014959
  0.0000024801
  0.0000031320
  0.0000018889
  0.0000008529
  0.0000005686
  0.0000015969
  0.0000005042
  0.0000014787
  0.0000013443
  0.0000020971
  0.0000007958
  0.0000017313
  0.0000011903
  0.0000009882
  0.0000027596
  0.0000014095
  0.0000019986
  0.0000010535
  0.0000017832
  0.0000016983
 -0.0000163855
 -0.0000215904
 -0.0000084540
 -0.0000176028
 -0.0000173339
 -0.0000052115
 -0.0000026358
 -0.0000155817
  0.0000165432
  0.0000042590
  0.0000136135
 -0.0000130246
 -0.0000267996
 -0.0000097989
 -0.0000218510
  0.0000016348
 -0.0000004785
  0.0000004323
  0.0000022154
 -0.0000005163
  0.0000003773
  0.0000014139
  0.0000019020
 -0.0000005401
 -0.0000003417
  0.0000012356
  0.0000019627
 -0.0000005974
 -0.0000001772
 -0.0000011622
 -0.0000004395
  0.0000022321
 -0.0000004378
  0.0000029290
  0.0000006034
  0.0000221559
  0.0000010245
  0.0000000592
 -0.0000078544
 -0.0000012985
 -0.0000011161
  0.0000033523
  0.0000102841
 -0.0000017740
  0.0000039407
 -0.0000016477
 -0.0000017638
  0.0000537100
 -0.0000195010
  0.0000133881
 -0.0000023463
  0.0000024974
  0.0000004322
  0.0000126210
  0.0000047256
  0.0000004375
 -0.0000000382
  0.0000019684
  0.0000016932
  0.0000022272
  0.0000013118
  0.0000004084
  0.0000030906
 -0.0000002214
 -0.0000003527
  0.0000021560
 -0.0000005233
 -0.0000012278
  0.0000019698
 -0.0000006954
  0.0000016217
  0.0000008610
 -0.0000005052
 -0.0000021678
  0.0000000293
  0.0000002722
 -0.0000008382
 -0.0000138649
 -0.0000199832
 -0.0000114211
 -0.0000176464
 -0.0000206230
 -0.0000128539
 -0.0000234113
 -0.0000091240
  0.0000042584
 -0.0000184679
 -0.0000139872
 -0.0000119730
 -0.0000092108
 -0.0000101473
 -0.0000172428
  0.0000005942
 -0.0000006590
 -0.0000018377
  0.0000000853
 -0.0000012125
 -0.0000015427
 -0.0000004351
 -0.0000011855
  0.0000015030
  0.0000003177
 -0.0000008757
  0.0000233758
  0.0000006558
  0.0000165124
 -0.0000000217
  0.0000023308
  0.0000020898
 -0.0000019620
 -0.0000024963
 -0.0000014728
  0.0000065951
  0.0000083386
 -0.0000071922
  0.0000138002
  0.0000013123
 -0.0000042757
  0.0000007115
  0.0000059964
  0.0000031568
  0.0000016332
  0.0000033423
  0.0000131694
 -0.0000015503
  0.0000073687
  0.0000204010
 -0.0000145346
 -0.0000029356
  0.0000081243
  0.0000418644
  0.0000000088
  0.0000016717
  0.0000079666
  0.0000043830
 -0.0000004585
  0.0000067157
  0.0000001143
  0.0000009410
  0.0000006437
  0.0000002003
  0.0000005450
 -0.0000006277
  0.0000004559
  0.0000009041
 -0.0000001224
 -0.0000000721
  0.0000000200
 -0.0000000597
  0.0000005088
 -0.0000001181
  0.0000001027
  0.0000000548
  0.0000013449
  0.0000032416
  0.0000008125
  0.0000008258
 -0.0000001263
 -0.0000226073
 -0.0000292804
 -0.0000179595
 -0.0000259907
 -0.0000211453
 -0.0000081603
 -0.0000360550
 -0.0000114484
 -0.0000169358
 -0.0000188978
 -0.0000031651
 -0.0000045818
 -0.0000220464
 -0.0000196026
 -0.0000196766
  0.0000001324
  0.0000012362
 -0.0000000451
 -0.0000001850
 -0.0000009525
  0.0000004003
 -0.0000006999
 -0.0000005488
 -0.0000010193
 -0.0000002532
 -0.0000011606
 -0.0000009230
  0.0000008626
 -0.0000008269
  0.0000019402
  0.0000010472
  0.0000006171
  0.0000012176
  0.0000092734
  0.0000217177
  0.0000033991
 -0.0000007869
 -0.0000037949
  0.0000042709
 -0.0000010706
  0.0000041948
 -0.0000020012
  0.0000140867
 -0.0000029107
  0.0000012292
  0.0000043575
  0.0000060018
  0.0000388945
 -0.0000209310
  0.0000029596
  0.0000019604
  0.0000336421
  0.0000039205
  0.0000101424
 -0.0000018009
  0.0000052990
  0.0000008377
  0.0000005769
  0.0000018437
  0.0000015214
  0.0000002416
 -0.0000014969
 -0.0000015580
 -0.0000018498
 -0.0000022839
 -0.0000010644
 -0.0000006151
 -0.0000022198
  0.0000046177
 -0.0000167003
 -0.0000117086
 -0.0000107306
 -0.0000153874
 -0.0000140528
 -0.0000202006
 -0.0000047076
  0.0000152529
 -0.0000073152
 -0.0000111089
 -0.0000067674
  0.0000135641
 -0.0000068739
 -0.0000142040
 -0.0000006613
 -0.0000013587
 -0.0000012452
 -0.0000019920
 -0.0000012678
 -0.0000021387
 -0.0000021532
 -0.0000010845
  0.0000002153
 -0.0000003706
 -0.0000013192
 -0.0000011211
  0.0000196288
 -0.0000014409
  0.0000124299
 -0.0000048315
  0.0000018142
  0.0000026265
 -0.0000030444
 -0.0000026198
 -0.0000030980
  0.0000031953
  0.0000049074
 -0.0000069499
  0.0000134412
 -0.0000042907
  0.0000015764
  0.0000026163
  0.0000013930
 -0.0000021258
  0.0000003313
  0.0000066004
 -0.0000027390
  0.0000049322
  0.0000124330
 -0.0000135311
 -0.0000040162
  0.0000063889
  0.0000452204
 -0.0000016706
  0.0000010097
  0.0000065573
  0.0000018134
  0.0000018870
  0.0000072842
  0.0000007898
  0.0000005182
  0.0000018127
  0.0000008949
  0.0000023529
 -0.0000011001
 -0.0000013036
 -0.0000002261
 -0.0000013254
  0.0000017854
 -0.0000017558
 -0.0000009377
 -0.0000005282
  0.0000002831
  0.0000007424
 -0.0000008058
 -0.0000063357
 -0.0000135270
 -0.0000059202
 -0.0000124344
 -0.0000126940
 -0.0000096396
 -0.0000155254
 -0.0000018461
  0.0000064926
 -0.0000053716
 -0.0000098849
 -0.0000038342
 -0.0000012977
 -0.0000039503
 -0.0000109762
 -0.0000007810
  0.0000001864
  0.0000004145
  0.0000003447
  0.0000009537
 -0.0000002970
 -0.0000011912
  0.0000005342
 -0.0000008326
  0.0000016862
  0.0000015008
  0.0000188538
  0.0000012148
  0.0000169466
 -0.0000024395
  0.0000028637
  0.0000019968
 -0.0000013389
 -0.0000026340
 -0.0000029940
  0.0000026826
  0.0000041229
 -0.0000046967
  0.0000146482
  0.0000018638
 -0.0000014397
  0.0000015628
  0.0000037302
  0.0000039713
  0.0000002212
  0.0000029114
  0.0000066744
 -0.0000017821
  0.0000052230
  0.0000173683
 -0.0000107700
 -0.0000020342
  0.0000065734
  0.0000419392
 -0.0000004781
  0.0000033099
  0.0000067399
  0.0000048691
  0.0000006942
  0.0000095054
 -0.0000001899
 -0.0000005079
 -0.0000014429
  0.0000006012
  0.0000020301
 -0.0000016695
 -0.0000010066
  0.0000011486
  0.0000017571
  0.0000011565
  0.0000014234
  0.0000011859
  0.0000027684
 -0.0000005228
  0.0000007905
  0.0000008973
 -0.0000018292
 -0.0000003820
  0.0000024711
 -0.0000002635
 -0.0000008083
  0.0000027981
  0.0000008294
 -0.0000002165
 -0.0000003639
  0.0000022230
 -0.0000000050
  0.0000007758
 -0.0000005093
  0.0000015708
  0.0000001600
  0.0000017099
 -0.0000004034
  0.0000011216
  0.0000008102
  0.0000011635
  0.0000017508
 -0.0000020400
  0.0000058335
  0.0000072808
  0.0000033858
 -0.0000123130
  0.0000192748
  0.0000460314
  0.0000053451
  0.0000078463
 -0.0000165064
 -0.0000094263
 -0.0000020431
  0.0000188272
 -0.0000159391
  0.0000051338
  0.0000069657
 -0.0000004261
 -0.0000004357
  0.0000010194
 -0.0000020762
 -0.0000022438
 -0.0000001099
  0.0000005154
 -0.0000011306
 -0.0000016207
 -0.0000017110
 -0.0000026930
 -0.0000025257
  0.0000024554
 -0.0000009937
  0.0000008952
  0.0000013347
 -0.0000004206
 -0.0000016133
  0.0000032059
  0.0000020942
  0.0000196336
  0.0000028697
 -0.0000090640
  0.0000000076
 -0.0000036373
  0.0000001462
 -0.0000006854
  0.0000088067
  0.0000101834
  0.0000011564
 -0.0000003207
  0.0000064112
  0.0000011231
 -0.0000032057
 -0.0000000062
  0.0000282927
 -0.0000281181
 -0.0000030627
 -0.0000044306
 -0.0000081590
 -0.0000008977
 -0.0000001509
 -0.0000038028
 -0.0000009740
  0.0000005688
 -0.0000003704
 -0.0000008755
 -0.0000007263
 -0.0000003977
 -0.0000004540
 -0.0000015020
 -0.0000002708
 -0.0000009511
 -0.0000161423
 -0.0000213542
 -0.0000144652
 -0.0000210051
 -0.0000215413
 -0.0000107735
 -0.0000247496
 -0.0000100391
  0.0000145449
 -0.0000091024
 -0.0000153798
 -0.0000131194
 -0.0000083008
 -0.0000121445
 -0.0000185913
 -0.0000006723
 -0.0000008324
 -0.0000012530
 -0.0000020832
 -0.0000002459
 -0.0000020158
 -0.0000012039
 -0.0000017932
 -0.0000003765
 -0.0000015646
 -0.0000011183
  0.0000188030
 -0.0000000680
  0.0000156343
 -0.0000021287
  0.0000020691
  0.0000019261
 -0.0000001244
 -0.0000029642
 -0.0000028674
  0.0000021875
  0.0000035250
 -0.0000099401
  0.0000109372
 -0.0000057957
  0.0000015266
 -0.0000012976
  0.0000011142
  0.0000072087
 -0.0000018742
  0.0000047765
  0.0000198699
 -0.0000143601
 -0.0000036897
  0.0000060774
  0.0000384422
 -0.0000015717
  0.0000063322
  0.0000049967
  0.0000020349
  0.0000052366
  0.0000001614
 -0.0000004258
 -0.0000001887
  0.0000006443
  0.0000036351
  0.0000002772
 -0.0000016902
  0.0000007324
  0.0000006407
  0.0000002782
  0.0000001817
  0.0000003186
  0.0000001549
 -0.0000004302
  0.0000015186
 -0.0000010896
 -0.0000007911
  0.0000018665
  0.0000013796
  0.0000012652
  0.0000006937
  0.0000006468
  0.0000001917
 -0.0000001243
  0.0000000870
  0.0000019205
 -0.0000091514
 -0.0000203628
 -0.0000045366
 -0.0000107598
 -0.0000137721
 -0.0000070469
 -0.0000234721
 -0.0000212407
 -0.0000138601
 -0.0000059462
 -0.0000078341
 -0.0000184592
  0.0000055122
 -0.0000091287
 -0.0000116391
  0.0000005548
  0.0000006365
  0.0000000346
  0.0000000283
 -0.0000010356
  0.0000007030
  0.0000006171
  0.0000003359
  0.0000001460
 -0.0000004438
  0.0000008452
  0.0000010696
 -0.0000004198
  0.0000098510
  0.0000040486
  0.0000244311
  0.0000034967
 -0.0000010545
 -0.0000061353
  0.0000020730
 -0.0000012772
  0.0000002927
  0.0000029777
  0.0000046959
 -0.0000006773
  0.0000150148
  0.0000026536
 -0.0000028621
 -0.0000021165
  0.0000018660
  0.0000042101
  0.0000020413
  0.0000055433
  0.0000094878
  0.0000004517
  0.0000058254
  0.0000444113
 -0.0000205822
  0.0000027574
  0.0000026230
  0.0000273167
  0.0000002122
  0.0000029246
  0.0000004428
  0.0000112776
 -0.0000027954
  0.0000056916
 -0.0000012081
  0.0000000870
 -0.0000002019
  0.0000001244
 -0.0000010909
 -0.0000002689
 -0.0000007067
 -0.0000011755
  0.0000000849
  0.0000003544
 -0.0000007884
  0.0000002424
 -0.0000020544
 -0.0000005131
 -0.0000002827
 -0.0000162760
 -0.0000194436
 -0.0000130414
 -0.0000204493
 -0.0000217465
 -0.0000333188
 -0.0000179580
 -0.0000160027
 -0.0000053765
 -0.0000188150
 -0.0000126127
 -0.0000160146
 -0.0000258089
 -0.0000118011
 -0.0000158633
 -0.0000006776
 -0.0000013425
  0.0000007818
  0.0000006255
 -0.0000010944
  0.0000000408
 -0.0000018399
 -0.0000011595
  0.0000003613
 -0.0000004085
 -0.0000017359
 -0.0000011405
 -0.0000003668
 -0.0000004641
  0.0000176450
  0.0000009247
  0.0000183216
  0.0000013980
  0.0000007721
 -0.0000005751
 -0.0000006029
 -0.0000035453
 -0.0000008351
  0.0000048931
 -0.0000067456
  0.0000130484
 -0.0000044535
 -0.0000001484
  0.0000025995
  0.0000036649
  0.0000089115
 -0.0000003643
  0.0000277689
 -0.0000183259
 -0.0000007462
  0.0000047557
  0.0000371636
 -0.0000013242
  0.0000052945
  0.0000082859
 -0.0000007313
  0.0000066069
 -0.0000018124
 -0.0000012745
  0.0000003123
  0.0000000453
  0.0000009330
 -0.0000000734
 -0.0000000181
  0.0000000305
  0.0000009872
  0.0000000856
  0.0000006092
  0.0000001984
  0.0000010560
 -0.0000018455
  0.0000000801
 -0.0000001878
  0.0000008998
 -0.0000182244
 -0.0000196918
 -0.0000144781
 -0.0000221174
 -0.0000262110
 -0.0000197118
 -0.0000212340
 -0.0000091182
 -0.0000180932
 -0.0000177371
 -0.0000192260
 -0.0000046269
 -0.0000209235
 -0.0000143962
 -0.0000183359
  0.0000003087
  0.0000000205
  0.0000008320
 -0.0000004430
 -0.0000012742
  0.0000009581
  0.0000001936
 -0.0000004741
  0.0000003310
 -0.0000004875
  0.0000009489
 -0.0000007175
 -0.0000003430
  0.0000100595
  0.0000022498
  0.0000212596
  0.0000036560
 -0.0000016461
 -0.0000040067
  0.0000007090
 -0.0000023687
 -0.0000000925
  0.0000047625
  0.0000067332
 -0.0000044128
  0.0000157167
 -0.0000028397
 -0.0000023493
  0.0000032789
  0.0000038921
  0.0000055043
  0.0000074099
  0.0000008755
  0.0000022291
  0.0000352349
 -0.0000198021
  0.0000006958
  0.0000019727
  0.0000357907
 -0.0000003644
  0.0000032916
  0.0000040924
  0.0000105866
 -0.0000010094
  0.0000083567
  0.0000003367
 -0.0000005563
  0.0000018517
 -0.0000003948
 -0.0000015662
  0.0000004047
  0.0000001489
  0.0000000655
 -0.0000008290
  0.0000008318
  0.0000013223
  0.0000007733
 -0.0000014460
 -0.0000008131
  0.0000000249
  0.0000006078
  0.0000003070
 -0.0000019885
  0.0000000655
  0.0000018114
 -0.0000008541
  0.0000007372
  0.0000003746
  0.0000005283
  0.0000007557
  0.0000010795
 -0.0000006388
  0.0000005945
 -0.0000024165
  0.0000000144
  0.0000011003
  0.0000013073
 -0.0000007624
 -0.0000003822
  0.0000003347
 -0.0000016962
  0.0000025841
  0.0000096718
  0.0000045375
 -0.0000078413
  0.0000300975
  0.0000419267
  0.0000003264
  0.0000051802
 -0.0000226820
 -0.0000191210
  0.0000009788
  0.0000139628
 -0.0000265679
 -0.0000046833
  0.0000151245
 -0.0000022893
 -0.0000017600
 -0.0000020519
  0.0000005986
  0.0000001387
 -0.0000023113
 -0.0000016811
 -0.0000020338
 -0.0000010882
 -0.0000042506
  0.0000008090
  0.0000003451
 -0.0000036106
 -0.0000014432
  0.0000025897
 -0.0000014778
 -0.0000018036
 -0.0000026288
  0.0000152950
 -0.0000004134
  0.0000018228
  0.0000023598
 -0.0000068390
 -0.0000042299
 -0.0000007902
 -0.0000042569
 -0.0000017244
 -0.0000022063
  0.0000000130
  0.0000021141
 -0.0000009045
  0.0000008345
  0.0000024010
 -0.0000001925
 -0.0000000738
 -0.0000036219
  0.0000463996
 -0.0000519892
  0.0000012297
 -0.0000032307
 -0.0000021209
  0.0000028779
 -0.0000098840
 -0.0000009732
  0.0000006204
  0.0000017926
  0.0000000852
  0.0000012352
  0.0000012167
 -0.0000013500
  0.0000017349
  0.0000003573
  0.0000010169
  0.0000006001
  0.0000008820
 -0.0000006209
 -0.0000003934
 -0.0000001905
  0.0000023634
  0.0000002953
  0.0000003064
  0.0000008254
  0.0000015946
  0.0000015560
 -0.0000121616
 -0.0000124054
 -0.0000157585
 -0.0000153700
 -0.0000276093
 -0.0000138171
 -0.0000277009
  0.0000061413
 -0.0000117204
 -0.0000199377
 -0.0000101977
  0.0000066418
 -0.0000140595
 -0.0000077411
 -0.0000126460
  0.0000008146
  0.0000011134
 -0.0000009230
 -0.0000004129
  0.0000002651
  0.0000012836
 -0.0000002188
 -0.0000003985
  0.0000003497
  0.0000015924
  0.0000005535
  0.0000005496
  0.0000075697
  0.0000029424
  0.0000212832
  0.0000041252
  0.0000018072
 -0.0000029539
  0.0000013774
 -0.0000016974
 -0.0000000641
  0.0000027169
  0.0000035735
 -0.0000033685
  0.0000136620
 -0.0000020851
 -0.0000029299
 -0.0000006015
  0.0000038672
  0.0000024912
  0.0000061218
  0.0000052618
  0.0000009745
  0.0000015473
  0.0000384653
 -0.0000212328
  0.0000015588
  0.0000010146
  0.0000286995
  0.0000003915
  0.0000040599
  0.0000003221
  0.0000104205
  0.0000003879
  0.0000060955
  0.0000018584
 -0.0000019781
  0.0000002502
  0.0000030737
  0.0000000314
  0.0000009763
  0.0000004916
  0.0000019140
  0.0000006784
 -0.0000000281
  0.0000009927
  0.0000019799
  0.0000000361
  0.0000000580
  0.0000008552
 -0.0000000749
  0.0000010909
  0.0000020304
  0.0000026594
 -0.0000003694
  0.0000010575
  0.0000011934
 -0.0000001662
  0.0000000477
  0.0000002402
  0.0000005376
 -0.0000184421
 -0.0000143875
 -0.0000056633
 -0.0000195856
 -0.0000245288
 -0.0000092148
 -0.0000209360
  0.0000026099
 -0.0000141976
  0.0000060421
  0.0000001631
  0.0000041730
  0.0000001017
 -0.0000165310
 -0.0000157300
 -0.0000009229
 -0.0000013024
  0.0000004590
  0.0000011051
 -0.0000008188
  0.0000002829
 -0.0000012445
 -0.0000002636
 -0.0000000439
 -0.0000009906
 -0.0000001118
  0.0000004842
  0.0000020141
 -0.0000004055
 -0.0000001066
 -0.0000000390
 -0.0000006837
  0.0000007790
  0.0000058638
  0.0000051716
  0.0000252011
  0.0000036022
 -0.0000007674
 -0.0000078727
  0.0000047692
 -0.0000013800
  0.0000013988
  0.0000040076
  0.0000001859
  0.0000146568
 -0.0000022527
 -0.0000024562
  0.0000021688
  0.0000035920
  0.0000082781
  0.0000046948
  0.0000483073
 -0.0000170768
  0.0000032672
 -0.0000003043
  0.0000221625
 -0.0000002966
  0.0000099170
 -0.0000026309
  0.0000046036
  0.0000015074
 -0.0000013551
 -0.0000003471
 -0.0000011193
 -0.0000008157
  0.0000004742
 -0.0000015187
 -0.0000005693
 -0.0000010925
 -0.0000007019
 -0.0000009381
 -0.0000147572
 -0.0000199121
 -0.0000120337
 -0.0000176435
 -0.0000211398
 -0.0000094023
 -0.0000234471
 -0.0000097583
  0.0000025999
 -0.0000213021
 -0.0000136893
 -0.0000127930
 -0.0000112988
 -0.0000104484
 -0.0000172086
 -0.0000010485
 -0.0000003081
 -0.0000006866
 -0.0000013809
 -0.0000008281
 -0.0000018407
 -0.0000006565
 -0.0000003959
 -0.0000019492
  0.0000004211
 -0.0000008490
 -0.0000009118
 -0.0000010487
  0.0000217077
  0.0000000248
  0.0000172243
 -0.0000019277
  0.0000021903
  0.0000019086
 -0.0000013704
 -0.0000044369
 -0.0000038887
  0.0000049713
  0.0000064711
 -0.0000096546
  0.0000132875
 -0.0000055285
  0.0000010612
  0.0000046996
  0.0000012615
 -0.0000008691
  0.0000013885
  0.0000109625
 -0.0000017956
  0.0000062762
  0.0000217419
 -0.0000133798
 -0.0000036418
  0.0000071660
  0.0000397241
 -0.0000019909
  0.0000012966
  0.0000072453
  0.0000053042
  0.0000016762
  0.0000068289
  0.0000013516
  0.0000020736
  0.0000011871
  0.0000011916
  0.0000017862
  0.0000007877
 -0.0000005093
  0.0000008167
  0.0000013582
  0.0000020985
  0.0000017747
  0.0000007075
  0.0000006719
 -0.0000000827
  0.0000019188
 -0.0000000702
  0.0000011807
  0.0000026160
  0.0000002112
  0.0000013569
  0.0000005781
  0.0000010042
  0.0000014419
  0.0000023964
  0.0000007635
  0.0000009586
 -0.0000000703
  0.0000005840
  0.0000008655
  0.0000024230
  0.0000007001
  0.0000022115
  0.0000006832
  0.0000013882
 -0.0000009614
 -0.0000136770
 -0.0000003372
 -0.0000067068
 -0.0000141874
  0.0000090786
  0.0000164248
 -0.0000175467
  0.0000039916
 -0.0000109972
  0.0000028384
  0.0000059435
  0.0000153404
 -0.0000111164
 -0.0000071323
 -0.0000062013
 -0.0000003277
 -0.0000004360
  0.0000007915
 -0.0000004447
 -0.0000010960
 -0.0000007359
  0.0000002058
 -0.0000007430
 -0.0000009217
  0.0000014498
 -0.0000010128
 -0.0000008133
  0.0000023654
  0.0000001252
  0.0000000020
  0.0000013401
 -0.0000003074
  0.0000016412
  0.0000006039
  0.0000031249
  0.0000232468
  0.0000005558
 -0.0000095501
  0.0000032354
  0.0000010757
 -0.0000000683
  0.0000014530
  0.0000099471
  0.0000009059
  0.0000012689
  0.0000040284
 -0.0000023068
  0.0000026969
  0.0000546625
 -0.0000126963
  0.0000097643
  0.0000007797
  0.0000014398
 -0.0000024060
  0.0000136423
  0.0000061037
  0.0000007008
  0.0000013702
  0.0000010988
  0.0000004351
  0.0000028835
  0.0000000347
  0.0000016381
  0.0000007392
  0.0000004249
  0.0000027346
 -0.0000007573
  0.0000025557
 -0.0000007217
  0.0000003714
 -0.0000002278
  0.0000010188
 -0.0000002580
 -0.0000118844
 -0.0000191887
 -0.0000112269
 -0.0000199724
 -0.0000232035
 -0.0000104614
 -0.0000225550
 -0.0000115562
 -0.0000038304
 -0.0000167187
 -0.0000116373
 -0.0000083566
 -0.0000214724
 -0.0000099623
 -0.0000162754
  0.0000012146
  0.0000012291
 -0.0000000615
 -0.0000006003
  0.0000000632
 -0.0000002987
 -0.0000004574
  0.0000007254
  0.0000003173
 -0.0000000052
  0.0000002443
  0.0000005641
  0.0000170643
  0.0000020002
  0.0000202453
  0.0000012936
 -0.0000006247
 -0.0000021135
 -0.0000000199
 -0.0000029273
 -0.0000007467
  0.0000047812
  0.0000059018
 -0.0000058510
  0.0000147252
  0.0000043822
 -0.0000039641
 -0.0000012397
  0.0000028113
  0.0000038522
  0.0000023002
  0.0000044241
  0.0000093793
  0.0000004380
  0.0000038993
  0.0000270142
 -0.0000109987
 -0.0000018725
  0.0000040937
  0.0000376655
  0.0000003670
  0.0000027395
  0.0000049795
  0.0000105476
  0.0000004457
  0.0000091016
  0.0000012327
  0.0000014825
  0.0000005054
  0.0000008913
 -0.0000010789
 -0.0000005765
  0.0000004694
 -0.0000010106
 -0.0000000598
  0.0000021574
  0.0000009987
 -0.0000001124
  0.0000031535
  0.0000008036
  0.0000013560
  0.0000008219
  0.0000003035
  0.0000009756
 -0.0000008178
  0.0000019330
  0.0000003782
 -0.0000011237
  0.0000010238
  0.0000009779
 -0.0000001265
 -0.0000000658
  0.0000002438
 -0.0000010357
  0.0000002672
 -0.0000001037
  0.0000009370
 -0.0000007085
 -0.0000001973
  0.0000015020
 -0.0000074379
  0.0000084778
 -0.0000090577
 -0.0000172512
  0.0000185624
  0.0000602852
  0.0000062200
  0.0000075391
  0.0000005052
 -0.0000288574
  0.0000056358
  0.0000116735
 -0.0000338301
  0.0000111936
  0.0000088984
  0.0000009255
  0.0000000641
 -0.0000003583
  0.0000010459
  0.0000009581
 -0.0000010656
 -0.0000000115
  0.0000013725
 -0.0000000190
 -0.0000032090
  0.0000014143
  0.0000017471
 -0.0000012795
 -0.0000000737
  0.0000028105
  0.0000004079
  0.0000016455
 -0.0000018816
  0.0000034630
  0.0000017302
  0.0000238480
 -0.0000000943
 -0.0000059886
 -0.0000002578
 -0.0000020489
 -0.0000003434
  0.0000041877
  0.0000098581
  0.0000036814
  0.0000024579
  0.0000022626
 -0.0000036499
  0.0000005118
  0.0000419401
 -0.0000124827
 -0.0000019149
  0.0000044012
 -0.0000008255
  0.0000039798
 -0.0000063424
  0.0000061158
  0.0000017686
  0.0000017392
  0.0000018672
  0.0000010522
  0.0000013031
  0.0000018580
  0.0000009958
  0.0000024156
  0.0000020414
  0.0000015292
  0.0000022892
  0.0000017351
  0.0000016244
  0.0000008642
  0.0000015674
  0.0000009905
  0.0000023760
  0.0000031197
  0.0000014087
  0.0000009863
  0.0000012466
  0.0000006988
  0.0000015084
  0.0000018796
  0.0000012995
  0.0000019614
  0.0000015323
 -0.0000203996
 -0.0000197560
 -0.0000092170
 -0.0000216761
 -0.0000127747
  0.0000022737
 -0.0000184314
 -0.0000019235
 -0.0000174113
  0.0000016735
  0.0000022495
 -0.0000008278
  0.0000010074
 -0.0000181757
 -0.0000175588
  0.0000015145
  0.0000001450
  0.0000004459
  0.0000022705
 -0.0000000887
  0.0000002410
  0.0000021009
  0.0000017234
 -0.0000001114
  0.0000004311
  0.0000011327
  0.0000018308
 -0.0000004082
  0.0000003414
  0.0000018093
  0.0000003970
  0.0000021286
  0.0000024073
  0.0000052314
  0.0000022122
  0.0000271408
  0.0000052145
 -0.0000024422
 -0.0000053566
 -0.0000001147
  0.0000055564
  0.0000158839
  0.0000021345
  0.0000060727
  0.0000054771
 -0.0000008202
  0.0000534939
 -0.0000149303
  0.0000201498
 -0.0000001143
  0.0000028652
  0.0000007784
  0.0000146319
  0.0000066974
  0.0000021081
  0.0000016149
  0.0000007053
  0.0000015696
  0.0000003726
  0.0000001404
  0.0000009011
  0.0000030595
  0.0000005629
 -0.0000002134
  0.0000008914
  0.0000015697
  0.0000004821
 -0.0000001265
  0.0000016376
 -0.0000002161
  0.0000018619
  0.0000000600
  0.0000007433
  0.0000017030
  0.0000006603
  0.0000018150
  0.0000015968
 -0.0000002845
  0.0000006504
  0.0000007018
  0.0000014490
 -0.0000000411
  0.0000011628
  0.0000006984
  0.0000013898
  0.0000009471
 -0.0000072329
 -0.0000041555
 -0.0000053967
 -0.0000104503
 -0.0000041266
  0.0000292782
 -0.0000190150
  0.0000180620
  0.0000055369
 -0.0000076167
 -0.0000013133
  0.0000268940
 -0.0000190813
 -0.0000044536
  0.0000090433
  0.0000010775
  0.0000024783
  0.0000005876
  0.0000015243
  0.0000011476
 -0.0000007019
  0.0000011326
  0.0000007995
  0.0000002952
 -0.0000000541
  0.0000008208
 -0.0000008948
  0.0000004982
  0.0000008184
  0.0000056107
  0.0000011276
 -0.0000004947
  0.0000003851
  0.0000026339
  0.0000029667
  0.0000241310
  0.0000022324
 -0.0000003480
  0.0000006888
  0.0000036742
  0.0000094304
  0.0000038861
  0.0000035685
  0.0000028895
  0.0000543606
 -0.0000108647
  0.0000000204
  0.0000126156
  0.0000013224
  0.0000018864
  0.0000006852
  0.0000121448
 -0.0000005353
  0.0000008201
 -0.0000004375
 -0.0000007707
 -0.0000006232
 -0.0000009430
 -0.0000011027
 -0.0000010624
 -0.0000011245
  0.0000001312
 -0.0000007445
 -0.0000008960
 -0.0000016538
 -0.0000002651
 -0.0000007591
 -0.0000001793
 -0.0000003313
 -0.0000004629
  0.0000022339
 -0.0000019471
  0.0000001886
  0.0000009203
 -0.0000011303
  0.0000013964
  0.0000010329
 -0.0000008276
  0.0000007713
 -0.0000011906
 -0.0000012120
  0.0000004607
  0.0000011708
 -0.0000015554
 -0.0000002576
 -0.0000011088
 -0.0000004665
  0.0000001852
  0.0000064168
  0.0000087717
  0.0000034723
 -0.0000113667
  0.0000281972
  0.0000432332
  0.0000082416
  0.0000101667
 -0.0000085736
 -0.0000118210
 -0.0000011522
  0.0000221552
 -0.0000182825
  0.0000051787
  0.0000087613
 -0.0000003974
 -0.0000011609
 -0.0000025374
 -0.0000007701
 -0.0000007148
 -0.0000017821
 -0.0000014919
 -0.0000006569
 -0.0000015966
 -0.0000026927
  0.0000022177
 -0.0000001207
 -0.0000015491
 -0.0000018519
  0.0000011039
 -0.0000015819
 -0.0000028747
 -0.0000020718
  0.0000100365
  0.0000007772
 -0.0000021112
 -0.0000010490
 -0.0000017783
 -0.0000017183
 -0.0000009201
 -0.0000029253
  0.0000022650
 -0.0000009763
 -0.0000047518
  0.0000009381
  0.0000003911
 -0.0000018597
  0.0000483566
 -0.0000461710
 -0.0000012968
 -0.0000067000
 -0.0000026333
  0.0000013346
 -0.0000029669
 -0.0000017015
 -0.0000006096
  0.0000008458
  0.0000005034
  0.0000019397
  0.0000002219
  0.0000005212
  0.0000012302
 -0.0000004851
 -0.0000001574
 -0.0000005431
  0.0000002144
 -0.0000003350
 -0.0000009952
  0.0000004272
 -0.0000004923
  0.0000001151
  0.0000010985
 -0.0000001015
  0.0000008548
 -0.0000007807
  0.0000003630
 -0.0000000822
  0.0000010425
 -0.0000064985
 -0.0000208837
 -0.0000047406
 -0.0000093689
 -0.0000049213
 -0.0000068223
 -0.0000184746
 -0.0000286018
 -0.0000062721
 -0.0000143944
 -0.0000069628
 -0.0000256951
  0.0000007349
 -0.0000038156
 -0.0000166109
  0.0000006549
 -0.0000010736
  0.0000007270
  0.0000003799
 -0.0000005178
  0.0000006506
 -0.0000013992
 -0.0000007418
  0.0000001549
 -0.0000010507
 -0.0000005226
 -0.0000012477
 -0.0000006347
 -0.0000004798
 -0.0000008264
  0.0000000398
  0.0000095349
  0.0000037121
  0.0000234583
  0.0000035785
  0.0000007661
 -0.0000040266
  0.0000010217
 -0.0000024916
  0.0000023394
  0.0000037803
 -0.0000011797
  0.0000140687
 -0.0000030030
 -0.0000014695
  0.0000031361
  0.0000018472
  0.0000048902
  0.0000081017
 -0.0000003899
  0.0000046515
  0.0000432945
 -0.0000216605
  0.0000030706
  0.0000033924
  0.0000279199
  0.0000005046
  0.0000002454
  0.0000108116
 -0.0000011603
  0.0000049899
  0.0000014380
  0.0000012561
  0.0000009368
  0.0000009445
  0.0000009044
  0.0000011031
  0.0000020675
  0.0000011607
  0.0000004362
  0.0000008658
  0.0000006587
  0.0000010854
  0.0000001303
  0.0000007178
  0.0000010842
  0.0000006613
  0.0000007911
  0.0000006172
  0.0000029675
  0.0000004022
  0.0000012847
  0.0000005501
  0.0000004901
 -0.0000124239
 -0.0000180167
 -0.0000126070
 -0.0000165064
  0.0000078575
 -0.0000083581
 -0.0000088893
 -0.0000282344
 -0.0000119189
 -0.0000197583
 -0.0000112611
 -0.0000308841
 -0.0000146921
 -0.0000094893
 -0.0000172118
  0.0000005741
 -0.0000000579
  0.0000000247
  0.0000008538
  0.0000007038
 -0.0000005988
  0.0000012666
  0.0000004035
  0.0000008763
 -0.0000002489
 -0.0000007929
  0.0000007850
 -0.0000006315
  0.0000013573
  0.0000028979
  0.0000001447
  0.0000012403
  0.0000006408
  0.0000084490
  0.0000233684
  0.0000024438
 -0.0000005713
 -0.0000040181
  0.0000005578
 -0.0000006034
  0.0000131646
 -0.0000007685
  0.0000018082
  0.0000032050
  0.0000060755
  0.0000008581
  0.0000431489
 -0.0000218949
  0.0000018682
  0.0000296982
  0.0000001254
  0.0000041275
  0.0000095295
 -0.0000014209
  0.0000040702
  0.0000010474
  0.0000008616
  0.0000007473
  0.0000009432
 -0.0000011054
 -0.0000004442
  0.0000002255
 -0.0000049622
 -0.0000070045
 -0.0000032400
 -0.0000151980
 -0.0000107081
 -0.0000170318
 -0.0000100842
  0.0000021401
  0.0000188088
 -0.0000002201
 -0.0000107836
 -0.0000011757
  0.0000000105
  0.0000055792
 -0.0000051327
 -0.0000006409
 -0.0000009152
  0.0000000481
  0.0000006489
  0.0000004251
 -0.0000004476
  0.0000011061
  0.0000008086
 -0.0000008548
  0.0000004175
 -0.0000018460
  0.0000008145
  0.0000196934
 -0.0000007073
  0.0000060668
 -0.0000056217
  0.0000019697
  0.0000020177
 -0.0000022104
 -0.0000017538
 -0.0000016358
  0.0000013026
  0.0000031842
 -0.0000055727
  0.0000078249
 -0.0000043937
  0.0000002377
  0.0000015096
 -0.0000000764
 -0.0000026596
  0.0000002177
  0.0000048987
 -0.0000000778
  0.0000033404
  0.0000031450
 -0.0000129199
 -0.0000058619
  0.0000056113
  0.0000441824
  0.0000003238
  0.0000004328
  0.0000044575
 -0.0000010611
 -0.0000005453
  0.0000016299
  0.0000158674
 -0.0000045214
  0.0000160680
  0.0000185544
 -0.0000083107
 -0.0000170171
  0.0000008865
  0.0000013745
  0.0000597818
  0.0000240090
 -0.0000086205
  0.0000033436
  0.0000341904
  0.0000168324
 -0.0000050796
 -0.0000003873
  0.0000004102
  0.0000001183
 -0.0000001665
 -0.0000004050
 -0.0000008982
 -0.0000007213
  0.0000011134
 -0.0000001588
  0.0000007331
  0.0000001665
  0.0000177360
 -0.0000065572
 -0.0000156019
 -0.0000108858
  0.0000008153
 -0.0000025062
 -0.0000048246
 -0.0000043741
  0.0000023179
 -0.0000137242
  0.0000039742
 -0.0000010353
  0.0000017528
  0.0000011745
 -0.0000104312
 -0.0000060061
  0.0000091506
 -0.0000012891
 -0.0000165945
 -0.0000155898
 -0.0000035016
  0.0000484702
 -0.0000028600
 -0.0000020436
 -0.0000081499
 -0.0000005556
 -0.0000035989
 -0.0000014187
 -0.0000009153
 -0.0000008255
 -0.0000020493
  0.0000058937
 -0.0000131170
  0.0000066988
  0.0000030722
 -0.0000201398
 -0.0000045527
 -0.0000191561
 -0.0000081112
  0.0000500108
  0.0000206576
  0.0000092121
 -0.0000103078
  0.0000131796
  0.0000044505
 -0.0000072799
 -0.0000006609
 -0.0000018897
 -0.0000005954
 -0.0000003230
 -0.0000005747
 -0.0000009725
 -0.0000012780
 -0.0000008029
 -0.0000000218
 -0.0000006454
  0.0000008311
 -0.0000004194
  0.0000227535
 -0.0000032590
 -0.0000062370
 -0.0000083010
  0.0000024244
  0.0000009771
 -0.0000025559
 -0.0000050701
 -0.0000037430
  0.0000015144
  0.0000028468
 -0.0000089806
  0.0000086710
 -0.0000030662
 -0.0000003601
 -0.0000070395
 -0.0000036654
  0.0000061905
 -0.0000017686
  0.0000032833
 -0.0000107932
 -0.0000182534
 -0.0000053090
  0.0000054526
  0.0000412189
 -0.0000027090
 -0.0000014576
 -0.0000003296
 -0.0000054013
  0.0000011525
 -0.0000006659
 -0.0000005168
 -0.0000001752
 -0.0000005951
 -0.0000059475
 -0.0000046036
 -0.0000119113
 -0.0000101266
 -0.0000166886
 -0.0000086583
  0.0000026620
  0.0000182441
 -0.0000052479
 -0.0000119489
 -0.0000004680
  0.0000031521
  0.0000063945
 -0.0000041415
 -0.0000000157
 -0.0000001186
 -0.0000006760
 -0.0000007684
 -0.0000005508
 -0.0000013066
 -0.0000002608
 -0.0000003846
  0.0000000651
  0.0000005295
 -0.0000003413
 -0.0000011569
  0.0000220797
 -0.0000005676
  0.0000069990
 -0.0000052379
  0.0000025034
  0.0000028819
 -0.0000037575
 -0.0000036821
 -0.0000034347
  0.0000021007
  0.0000044373
 -0.0000053722
  0.0000092391
 -0.0000043935
 -0.0000023813
  0.0000007397
  0.0000056628
 -0.0000016572
  0.0000025476
  0.0000036769
 -0.0000126113
 -0.0000060883
  0.0000054236
  0.0000445419
 -0.0000008337
  0.0000035623
 -0.0000005451
  0.0000031863
  0.0000011874
  0.0000007481
  0.0000127341
 -0.0000066398
  0.0000120330
  0.0000244081
 -0.0000064771
 -0.0000138347
 -0.0000064539
 -0.0000009103
  0.0000365654
  0.0000320156
 -0.0000021497
  0.0000038062
  0.0000011391
  0.0000144456
 -0.0000037188
  0.0000001734
 -0.0000004914
 -0.0000003741
 -0.0000012230
 -0.0000012910
 -0.0000005612
  0.0000009837
  0.0000007286
  0.0000000016
 -0.0000004163
  0.0000121888
 -0.0000153590
 -0.0000075057
 -0.0000015452
 -0.0000012400
 -0.0000039620
  0.0000003686
 -0.0000124517
  0.0000011029
  0.0000002103
  0.0000014883
  0.0000017569
 -0.0000092470
 -0.0000065438
 -0.0000014723
  0.0000036426
 -0.0000115459
 -0.0000161716
 -0.0000022141
  0.0000043660
  0.0000504834
 -0.0000018106
 -0.0000043924
  0.0000007281
 -0.0000060734
  0.0000111577
  0.0000074061
  0.0000023458
  0.0000021232
 -0.0000147730
 -0.0000164078
 -0.0000001318
  0.0000052300
  0.0000364787
  0.0000097276
 -0.0000045881
 -0.0000017045
  0.0000303566
  0.0000023055
  0.0000060356
 -0.0000005318
 -0.0000010952
 -0.0000000886
 -0.0000009496
 -0.0000006769
 -0.0000006332
 -0.0000006869
 -0.0000014147
  0.0000001393
  0.0000000938
 -0.0000000903
 -0.0000000256
  0.0000212364
 -0.0000059055
 -0.0000120919
 -0.0000113856
  0.0000030309
 -0.0000031658
 -0.0000056561
 -0.0000050982
  0.0000019918
  0.0000032716
 -0.0000128687
  0.0000052000
 -0.0000021281
 -0.0000002634
 -0.0000106151
 -0.0000054664
  0.0000083701
 -0.0000020551
 -0.0000160250
 -0.0000166135
 -0.0000050876
  0.0000062822
  0.0000448644
 -0.0000037180
  0.0000001266
 -0.0000083472
 -0.0000018597
  0.0000006635
 -0.0000000814
  0.0000070261
  0.0000037550
  0.0000003821
  0.0000195072
 -0.0000061105
 -0.0000073928
 -0.0000077922
 -0.0000049444
  0.0000205115
  0.0000228237
 -0.0000030729
  0.0000039687
  0.0000279917
  0.0000020165
  0.0000014239
  0.0000008962
 -0.0000001778
  0.0000004202
 -0.0000001373
 -0.0000005317
  0.0000000638
  0.0000009334
  0.0000002398
  0.0000010642
 -0.0000087637
 -0.0000026301
 -0.0000021315
  0.0000035700
 -0.0000031403
  0.0000009350
  0.0000044074
 -0.0000161205
 -0.0000009349
 -0.0000009763
  0.0000016571
  0.0000008495
 -0.0000109715
  0.0000075051
 -0.0000007146
  0.0000030360
 -0.0000065900
 -0.0000240830
 -0.0000028920
  0.0000046822
  0.0000508218
 -0.0000037793
  0.0000020902
  0.0000002664
 -0.0000003554
  0.0000125190
  0.0000034167
 -0.0000029251
  0.0000224155
 -0.0000063075
 -0.0000074148
 -0.0000111794
 -0.0000051820
  0.0000109951
  0.0000310057
 -0.0000029233
  0.0000039211
  0.0000149962
 -0.0000013968
  0.0000046244
 -0.0000011164
  0.0000000911
  0.0000005068
  0.0000003139
 -0.0000002948
 -0.0000000081
  0.0000000019
 -0.0000002009
  0.0000013743
  0.0000000555
 -0.0000000465
  0.0000125082
 -0.0000108377
 -0.0000036393
 -0.0000018177
 -0.0000019016
 -0.0000029093
  0.0000002187
 -0.0000158832
  0.0000008148
 -0.0000010717
  0.0000013272
  0.0000014289
 -0.0000097442
 -0.0000059044
 -0.0000008514
  0.0000034926
 -0.0000075563
 -0.0000222100
 -0.0000028377
  0.0000043483
  0.0000494007
 -0.0000016615
  0.0000006984
  0.0000005827
 -0.0000082957
  0.0000006055
  0.0000013492
  0.0000037505
 -0.0000192909
 -0.0000026162
  0.0000061688
 -0.0000112179
 -0.0000106322
 -0.0000126041
 -0.0000087867
  0.0000523330
  0.0000243351
 -0.0000061192
 -0.0000007187
  0.0000139212
 -0.0000023023
 -0.0000167029
 -0.0000012594
 -0.0000007587
 -0.0000002539
 -0.0000008334
 -0.0000010359
 -0.0000007688
 -0.0000015506
 -0.0000003735
 -0.0000014216
 -0.0000010736
  0.0000214063
 -0.0000066017
 -0.0000075149
 -0.0000004390
 -0.0000037986
 -0.0000037013
  0.0000039731
 -0.0000063746
  0.0000076984
 -0.0000052280
  0.0000022599
 -0.0000047943
  0.0000101209
 -0.0000015009
  0.0000050411
 -0.0000102256
 -0.0000185769
 -0.0000066877
  0.0000453296
 -0.0000020095
 -0.0000008976
 -0.0000048830
  0.0000005568
  0.0000004779
  0.0000024989
 -0.0000000010
  0.0000033991
  0.0000042118
 -0.0000220461
 -0.0000076056
 -0.0000069330
  0.0000040322
  0.0000444404
  0.0000143953
  0.0000072620
 -0.0000106968
  0.0000150707
  0.0000075268
  0.0000092614
 -0.0000007419
  0.0000002383
 -0.0000020782
 -0.0000009163
 -0.0000008835
 -0.0000001800
 -0.0000011095
 -0.0000010963
 -0.0000002054
 -0.0000008851
 -0.0000009070
 -0.0000004352
  0.0000002101
  0.0000216130
 -0.0000046156
 -0.0000103752
 -0.0000099501
  0.0000038071
 -0.0000029588
 -0.0000054864
 -0.0000042353
  0.0000028171
  0.0000038827
 -0.0000106330
  0.0000062442
 -0.0000030038
  0.0000014466
  0.0000011372
 -0.0000091731
 -0.0000043853
  0.0000091242
 -0.0000026977
 -0.0000137929
 -0.0000169459
 -0.0000053869
  0.0000454386
 -0.0000029806
  0.0000010442
 -0.0000069629
 -0.0000011820
 -0.0000008115
 -0.0000013260
  0.0000002009
  0.0000120295
 -0.0000059098
  0.0000110319
  0.0000243189
 -0.0000053271
 -0.0000145956
 -0.0000066735
  0.0000011364
  0.0000188490
  0.0000313755
 -0.0000014898
  0.0000049466
 -0.0000041802
  0.0000133524
 -0.0000030100
 -0.0000004797
 -0.0000000613
  0.0000001392
 -0.0000005727
 -0.0000011537
 -0.0000008956
 -0.0000000239
 -0.0000013976
  0.0000002313
  0.0000188256
 -0.0000121129
 -0.0000051626
 -0.0000009328
  0.0000047427
 -0.0000029642
  0.0000078600
 -0.0000117103
  0.0000011583
  0.0000007603
  0.0000020874
 -0.0000085869
 -0.0000011473
  0.0000034645
 -0.0000082854
 -0.0000167169
 -0.0000018617
  0.0000054784
  0.0000497171
 -0.0000020678
 -0.0000013800
  0.0000006770
 -0.0000009418
 -0.0000014961
  0.0000010206
  0.0000090450
  0.0000017875
  0.0000048283
  0.0000218034
 -0.0000033386
 -0.0000033571
 -0.0000044078
 -0.0000077551
 -0.0000029989
  0.0000163951
  0.0000049078
  0.0000038170
 -0.0000023132
  0.0000074639
 -0.0000018895
  0.0000000599
  0.0000012266
  0.0000005716
  0.0000014072
  0.0000003443
  0.0000006450
  0.0000015926
  0.0000012266
 -0.0000102318
 -0.0000012299
 -0.0000046938
  0.0000023678
  0.0000016180
 -0.0000013263
 -0.0000000774
  0.0000019965
 -0.0000097928
 -0.0000003477
 -0.0000066979
  0.0000009328
  0.0000002934
 -0.0000106383
  0.0000051743
 -0.0000029894
  0.0000021332
 -0.0000062819
 -0.0000264379
 -0.0000008715
  0.0000016783
  0.0000632444
 -0.0000021598
  0.0000017211
  0.0000001693
  0.0000024279
 -0.0000015924
 -0.0000001766
 -0.0000003519
  0.0000017609
  0.0000063904
  0.0000076826
  0.0000113419
 -0.0000048926
 -0.0000055550
 -0.0000001347
 -0.0000061378
  0.0000207751
  0.0000107079
 -0.0000005894
  0.0000050728
  0.0000197712
  0.0000113832
  0.0000067546
  0.0000001539
 -0.0000001309
 -0.0000002804
 -0.0000000899
 -0.0000006948
 -0.0000006040
 -0.0000005008
 -0.0000002481
 -0.0000079499
 -0.0000008087
  0.0000044681
  0.0000034677
 -0.0000156428
 -0.0000004273
  0.0000023086
  0.0000016225
 -0.0000119472
  0.0000032372
  0.0000027920
 -0.0000067266
 -0.0000267946
  0.0000032664
  0.0000552774
 -0.0000037904
  0.0000032752
  0.0000037316
  0.0000027283
 -0.0000009214
 -0.0000001102
 -0.0000014932
 -0.0000137129
 -0.0000180787
 -0.0000087278
 -0.0000148753
 -0.0000167768
 -0.0000134897
 -0.0000215615
 -0.0000058331
  0.0000043478
 -0.0000092109
 -0.0000119687
 -0.0000078215
  0.0000008011
 -0.0000063724
 -0.0000160002
 -0.0000012100
 -0.0000012213
 -0.0000000652
 -0.0000003531
 -0.0000009043
 -0.0000012333
 -0.0000019823
 -0.0000006891
 -0.0000014735
 -0.0000004607
 -0.0000014295
 -0.0000009629
  0.0000188112
  0.0000138553
 -0.0000011830
  0.0000028273
  0.0000022160
 -0.0000004432
 -0.0000032792
 -0.0000028805
  0.0000036853
 -0.0000073925
  0.0000114822
 -0.0000056597
  0.0000006745
  0.0000023478
  0.0000053598
 -0.0000019179
  0.0000154344
 -0.0000135877
 -0.0000036542
  0.0000054669
  0.0000442317
 -0.0000018538
  0.0000041104
  0.0000041787
  0.0000057407
  0.0000006722
  0.0000007455
  0.0000021686
 -0.0000067492
  0.0000106553
  0.0000073387
 -0.0000189904
 -0.0000053558
 -0.0000129988
 -0.0000080289
  0.0000457247
  0.0000176076
  0.0000143250
 -0.0000090846
  0.0000157088
  0.0000148491
  0.0000002904
 -0.0000012236
 -0.0000007095
 -0.0000008853
 -0.0000010090
 -0.0000014216
 -0.0000017089
 -0.0000019607
 -0.0000018764
 -0.0000018626
 -0.0000006134
  0.0000178773
 -0.0000097452
 -0.0000080347
 -0.0000006757
 -0.0000031405
 -0.0000073062
  0.0000061156
 -0.0000042661
  0.0000023714
 -0.0000057616
 -0.0000021755
 -0.0000125421
 -0.0000159453
 -0.0000059629
  0.0000052533
  0.0000507750
 -0.0000018273
 -0.0000053944
  0.0000013157
 -0.0000021031
  0.0000007322
 -0.0000007876
  0.0000044315
  0.0000047548
  0.0000128779
  0.0000062297
 -0.0000059059
 -0.0000051751
  0.0000041884
 -0.0000066515
  0.0000168319
  0.0000102065
 -0.0000024820
  0.0000040826
  0.0000162857
  0.0000150443
  0.0000073568
  0.0000007016
  0.0000016659
  0.0000004310
  0.0000006147
  0.0000015638
  0.0000005001
 -0.0000103013
 -0.0000041937
 -0.0000029869
  0.0000048428
 -0.0000026377
 -0.0000005463
  0.0000034977
 -0.0000161629
 -0.0000022806
 -0.0000001219
  0.0000003991
 -0.0000135374
  0.0000059989
  0.0000009998
 -0.0000087860
 -0.0000277892
 -0.0000026778
  0.0000027991
  0.0000488840
 -0.0000013141
  0.0000010452
  0.0000014924
  0.0000015816
  0.0000043393
  0.0000013664
  0.0000158467
 -0.0000069002
 -0.0000054860
 -0.0000062226
 -0.0000075175
  0.0000246813
  0.0000169710
 -0.0000018194
  0.0000033075
  0.0000257867
  0.0000044660
  0.0000053339
  0.0000002091
 -0.0000010579
  0.0000004434
 -0.0000009608
  0.0000008642
 -0.0000007096
  0.0000014079
  0.0000008176
  0.0000000482
  0.0000005673
  0.0000136613
 -0.0000049898
 -0.0000094925
 -0.0000028540
 -0.0000013411
 -0.0000023387
 -0.0000022178
  0.0000001952
 -0.0000164934
  0.0000007208
 -0.0000005055
 -0.0000024107
  0.0000014757
  0.0000009044
 -0.0000115298
 -0.0000053759
 -0.0000022700
  0.0000037324
 -0.0000069809
 -0.0000244273
 -0.0000032674
  0.0000042095
  0.0000487692
 -0.0000011399
  0.0000017295
  0.0000007808
 -0.0000079156
 -0.0000013139
  0.0000004635
  0.0000019060
 -0.0000090285
 -0.0000124299
 -0.0000021673
 -0.0000184875
 -0.0000152597
 -0.0000150418
 -0.0000163833
 -0.0000047129
  0.0000231870
  0.0000047425
 -0.0000086697
 -0.0000039766
 -0.0000030099
 -0.0000037802
 -0.0000097348
 -0.0000012251
 -0.0000020335
 -0.0000016892
  0.0000000010
 -0.0000020098
 -0.0000011003
 -0.0000023000
 -0.0000018030
 -0.0000014239
 -0.0000008525
 -0.0000020371
 -0.0000007495
 -0.0000010033
  0.0000234362
  0.0000074855
 -0.0000041763
  0.0000029792
 -0.0000018016
 -0.0000040936
  0.0000044250
 -0.0000059931
  0.0000090599
 -0.0000059366
  0.0000011871
 -0.0000012802
  0.0000073058
 -0.0000019560
  0.0000059824
 -0.0000129818
 -0.0000040097
  0.0000074590
  0.0000434619
 -0.0000016838
  0.0000004723
  0.0000006052
  0.0000029765
 -0.0000010309
  0.0000000082
  0.0000033676
  0.0000043956
  0.0000094079
  0.0000107426
 -0.0000006562
 -0.0000023320
 -0.0000011090
 -0.0000100481
  0.0000057741
  0.0000076499
  0.0000104846
  0.0000017653
  0.0000046475
  0.0000109294
 -0.0000008200
  0.0000009045
 -0.0000011440
 -0.0000006381
 -0.0000003681
 -0.0000004715
  0.0000018409
  0.0000008244
 -0.0000012500
 -0.0000040099
 -0.0000076417
  0.0000072879
 -0.0000065580
 -0.0000002759
  0.0000033591
 -0.0000009977
 -0.0000010356
 -0.0000003171
 -0.0000079023
 -0.0000005729
 -0.0000059540
  0.0000004434
  0.0000003293
 -0.0000020483
 -0.0000112163
  0.0000025819
  0.0000023661
  0.0000017653
 -0.0000025517
 -0.0000244571
 -0.0000013195
  0.0000001931
  0.0000747230
 -0.0000010349
 -0.0000047127
  0.0000057904
 -0.0000012723
 -0.0000025204
  0.0000056876
 -0.0000112970
  0.0000007072
  0.0000136570
 -0.0000036339
 -0.0000148385
 -0.0000136704
 -0.0000055631
  0.0000073585
  0.0000130640
 -0.0000191830
  0.0000079336
  0.0000090580
  0.0000001737
 -0.0000141922
 -0.0000008335
 -0.0000000559
 -0.0000008939
 -0.0000010563
 -0.0000007847
 -0.0000018167
 -0.0000013926
 -0.0000012377
 -0.0000016175
 -0.0000005476
 -0.0000004371
 -0.0000003294
 -0.0000001076
  0.0000244193
 -0.0000021357
 -0.0000007616
 -0.0000074483
  0.0000034033
 -0.0000037927
 -0.0000038847
 -0.0000037027
  0.0000032898
  0.0000044714
 -0.0000062496
  0.0000093518
 -0.0000053873
 -0.0000042978
 -0.0000024468
  0.0000078356
 -0.0000023166
 -0.0000064084
 -0.0000192210
 -0.0000068282
  0.0000075859
  0.0000424411
 -0.0000013888
  0.0000007123
 -0.0000046532
  0.0000023560
  0.0000011521
  0.0000149512
 -0.0000071985
  0.0000032653
  0.0000222748
 -0.0000083749
 -0.0000098987
 -0.0000097769
 -0.0000041663
  0.0000215687
  0.0000286410
  0.0000014482
  0.0000015942
 -0.0000047268
  0.0000052936
 -0.0000032634
 -0.0000002359
  0.0000006763
  0.0000006038
 -0.0000003223
 -0.0000005052
 -0.0000000995
  0.0000013207
 -0.0000004396
  0.0000001915
  0.0000139281
 -0.0000063701
 -0.0000160627
 -0.0000077860
 -0.0000020950
 -0.0000017700
 -0.0000034188
 -0.0000137887
  0.0000018771
 -0.0000004749
  0.0000012571
  0.0000005350
 -0.0000097715
 -0.0000072249
  0.0000114228
 -0.0000006965
  0.0000037668
 -0.0000116150
 -0.0000178345
 -0.0000027013
  0.0000502701
 -0.0000018581
 -0.0000047537
 -0.0000004747
 -0.0000062808
 -0.0000009676
 -0.0000006275
  0.0000108527
  0.0000006533
  0.0000036332
  0.0000223792
 -0.0000043082
 -0.0000042970
 -0.0000055217
 -0.0000087344
  0.0000005571
  0.0000189230
  0.0000034843
  0.0000020401
 -0.0000003719
  0.0000062380
 -0.0000024800
  0.0000006247
 -0.0000013245
 -0.0000007429
 -0.0000009652
 -0.0000010302
 -0.0000006854
  0.0000008459
  0.0000006852
 -0.0000005555
 -0.0000105525
 -0.0000042255
 -0.0000018314
  0.0000032202
 -0.0000003665
 -0.0000022773
  0.0000007343
  0.0000040898
 -0.0000112032
  0.0000000361
 -0.0000076114
  0.0000008863
  0.0000014174
 -0.0000016580
 -0.0000121589
  0.0000059547
 -0.0000009657
  0.0000025970
 -0.0000093929
 -0.0000286205
 -0.0000018314
  0.0000044736
  0.0000482480
 -0.0000028207
 -0.0000046668
  0.0000004549
 -0.0000011090
  0.0000008412
  0.0000128757
 -0.0000153508
 -0.0000044725
  0.0000059047
 -0.0000048954
 -0.0000183745
 -0.0000156252
  0.0000012580
  0.0000185229
 -0.0000012700
 -0.0000156515
  0.0000046331
 -0.0000074704
 -0.0000046719
 -0.0000133603
 -0.0000009988
 -0.0000007878
 -0.0000019761
 -0.0000009408
 -0.0000019066
 -0.0000010049
 -0.0000018690
 -0.0000015830
 -0.0000018361
 -0.0000019375
 -0.0000008163
 -0.0000026350
  0.0000243944
  0.0000016241
 -0.0000068177
  0.0000037182
 -0.0000041087
 -0.0000039365
  0.0000043740
 -0.0000063026
  0.0000094926
 -0.0000047233
  0.0000010684
 -0.0000036182
 -0.0000014130
  0.0000079034
 -0.0000016899
 -0.0000029983
 -0.0000172746
 -0.0000059373
  0.0000071348
  0.0000425603
 -0.0000024903
  0.0000005953
 -0.0000033654
 -0.0000015194
  0.0000025760
  0.0000020371
  0.0000008541
  0.0000071697
  0.0000034071
  0.0000025345
  0.0000032454
 -0.0000209224
 -0.0000067714
 -0.0000041688
  0.0000050649
  0.0000390427
  0.0000130638
  0.0000055876
 -0.0000096584
  0.0000265072
  0.0000070158
  0.0000124782
 -0.0000004953
  0.0000002007
 -0.0000008988
 -0.0000008561
 -0.0000015193
 -0.0000014304
 -0.0000008323
 -0.0000001083
 -0.0000000585
 -0.0000013817
  0.0000000236
  0.0000191506
 -0.0000110357
 -0.0000096759
 -0.0000006574
 -0.0000027087
 -0.0000041585
  0.0000030731
 -0.0000100448
  0.0000058317
 -0.0000029293
  0.0000019375
 -0.0000087110
 -0.0000042239
  0.0000102208
 -0.0000022405
  0.0000048099
 -0.0000144899
 -0.0000158442
 -0.0000051340
  0.0000484295
 -0.0000020069
 -0.0000068189
  0.0000002711
 -0.0000021416
 -0.0000141800
 -0.0000160293
 -0.0000120827
 -0.0000085545
 -0.0000167179
 -0.0000160667
 -0.0000197893
 -0.0000061278
  0.0000371576
 -0.0000179800
 -0.0000106984
 -0.0000059517
 -0.0000111184
 -0.0000112960
 -0.0000134353
 -0.0000014033
 -0.0000005194
 -0.0000014326
 -0.0000013580
 -0.0000016639
 -0.0000021648
 -0.0000020855
 -0.0000011244
 -0.0000016778
 -0.0000014138
 -0.0000018178
 -0.0000018388
 -0.0000011709
  0.0000207735
 -0.0000018468
  0.0000081741
 -0.0000053970
  0.0000030155
  0.0000023463
 -0.0000033924
 -0.0000044678
 -0.0000034020
  0.0000025929
  0.0000044646
 -0.0000070888
  0.0000098951
 -0.0000055107
 -0.0000025210
 -0.0000007237
  0.0000061527
 -0.0000015782
  0.0000029823
  0.0000077682
 -0.0000146156
 -0.0000045703
  0.0000052768
  0.0000460644
 -0.0000022822
  0.0000037570
 -0.0000002505
  0.0000035343
 -0.0000010445
 -0.0000167076
 -0.0000033410
  0.0000114390
 -0.0000104412
 -0.0000109891
 -0.0000112719
 -0.0000093686
  0.0000169289
  0.0000205038
 -0.0000134229
  0.0000002077
  0.0000216384
  0.0000005531
 -0.0000202344
 -0.0000015627
 -0.0000005207
 -0.0000028126
 -0.0000022701
 -0.0000016707
 -0.0000016608
 -0.0000021107
 -0.0000022134
 -0.0000008620
 -0.0000013288
 -0.0000015123
 -0.0000018728
 -0.0000011553
  0.0000236888
 -0.0000030788
 -0.0000031425
 -0.0000083274
  0.0000026836
  0.0000025822
 -0.0000041896
 -0.0000047993
 -0.0000044946
  0.0000025291
  0.0000038545
 -0.0000073363
  0.0000084086
 -0.0000051758
 -0.0000057238
 -0.0000035629
  0.0000071256
 -0.0000036292
  0.0000031557
 -0.0000089669
 -0.0000198687
 -0.0000068071
  0.0000067801
  0.0000415391
 -0.0000032785
  0.0000010210
 -0.0000056747
  0.0000013138
 -0.0000014180
 -0.0000005316
  0.0000114800
  0.0000039059
  0.0000069754
  0.0000239311
 -0.0000013073
 -0.0000003496
 -0.0000022189
 -0.0000056081
 -0.0000005264
  0.0000187842
  0.0000064028
  0.0000039299
  0.0000001582
  0.0000095652
  0.0000005202
  0.0000003669
  0.0000007359
  0.0000005711
  0.0000018939
  0.0000014438
  0.0000017495
  0.0000022865
  0.0000022291
 -0.0000053626
 -0.0000041609
  0.0000008593
  0.0000011355
 -0.0000018498
  0.0000004348
 -0.0000074360
 -0.0000005196
 -0.0000044848
 -0.0000013052
 -0.0000001719
 -0.0000078966
 -0.0000098839
 -0.0000011021
 -0.0000002208
 -0.0000021398
 -0.0000233724
  0.0000013268
  0.0000005644
 -0.0000082329
  0.0000081820
  0.0000005677
 -0.0000037390
 -0.0000007578
  0.0000112579
  0.0000049968
  0.0000119381
  0.0000081936
 -0.0000056390
 -0.0000013683
  0.0000048318
 -0.0000065339
  0.0000154997
  0.0000151901
  0.0000019257
  0.0000054971
  0.0000156883
  0.0000116504
  0.0000027025
  0.0000001736
 -0.0000007418
  0.0000007836
  0.0000011946
  0.0000013430
  0.0000000813
  0.0000004325
 -0.0000103599
 -0.0000036090
 -0.0000019575
  0.0000036978
 -0.0000014467
 -0.0000013500
  0.0000005950
  0.0000055965
 -0.0000154570
 -0.0000049408
 -0.0000001006
 -0.0000037797
  0.0000009267
  0.0000013029
 -0.0000135230
  0.0000089059
 -0.0000035119
  0.0000027401
 -0.0000085333
 -0.0000278642
 -0.0000022242
  0.0000040947
  0.0000498435
 -0.0000007870
 -0.0000033076
  0.0000014611
 -0.0000010949
 -0.0000009164
  0.0000204013
 -0.0000005793
 -0.0000014267
  0.0000168097
 -0.0000069655
 -0.0000074684
 -0.0000127376
 -0.0000050009
  0.0000040374
  0.0000268019
 -0.0000031841
  0.0000037377
  0.0000034331
 -0.0000001589
  0.0000052449
 -0.0000014354
 -0.0000025144
  0.0000001364
 -0.0000019182
 -0.0000024861
  0.0000002204
 -0.0000015808
  0.0000006237
 -0.0000002760
 -0.0000003522
 -0.0000001106
  0.0000128127
 -0.0000063391
 -0.0000140619
 -0.0000058340
 -0.0000020779
 -0.0000020024
 -0.0000028881
 -0.0000037102
 -0.0000153826
  0.0000006360
 -0.0000010024
 -0.0000012558
  0.0000007429
 -0.0000001325
 -0.0000094709
 -0.0000071879
  0.0000113199
 -0.0000015535
  0.0000036843
 -0.0000084058
 -0.0000209896
 -0.0000029305
  0.0000498161
 -0.0000017172
 -0.0000022048
 -0.0000008169
 -0.0000067346
 -0.0000015120
 -0.0000009176
 -0.0000001828
 -0.0000015514
 -0.0000094186
 -0.0000136829
 -0.0000071605
 -0.0000180790
 -0.0000133405
 -0.0000073466
 -0.0000171866
 -0.0000025721
  0.0000056219
 -0.0000069527
 -0.0000079854
 -0.0000040826
 -0.0000160671
 -0.0000008379
 -0.0000114287
 -0.0000000950
 -0.0000017147
 -0.0000020718
  0.0000006715
  0.0000002238
 -0.0000009093
 -0.0000013039
 -0.0000006603
  0.0000003023
  0.0000006232
 -0.0000013005
 -0.0000009561
 -0.0000011195
  0.0000171404
  0.0000006398
  0.0000155724
 -0.0000028370
  0.0000019724
  0.0000010233
 -0.0000021212
 -0.0000035932
 -0.0000034631
 -0.0000002608
  0.0000010490
 -0.0000053682
  0.0000104993
 -0.0000013031
 -0.0000016196
  0.0000007118
  0.0000033393
  0.0000031327
 -0.0000002149
  0.0000023967
  0.0000057749
 -0.0000012813
  0.0000046990
  0.0000171135
 -0.0000112898
 -0.0000022358
  0.0000057091
  0.0000369537
 -0.0000016121
  0.0000031598
  0.0000062602
  0.0000045200
  0.0000003672
  0.0000062111
  0.0000067759
  0.0000053765
  0.0000127295
  0.0000051986
 -0.0000064597
 -0.0000041266
  0.0000043741
 -0.0000067656
  0.0000166126
  0.0000105939
 -0.0000010536
  0.0000059599
  0.0000158788
  0.0000139998
  0.0000065102
  0.0000000487
  0.0000001570
 -0.0000000659
  0.0000012787
 -0.0000002032
  0.0000012732
  0.0000003405
 -0.0000105033
 -0.0000038803
 -0.0000031374
  0.0000025892
 -0.0000022138
  0.0000005224
  0.0000032536
 -0.0000161505
 -0.0000030483
  0.0000011107
  0.0000005577
 -0.0000138300
  0.0000056097
 -0.0000011876
  0.0000025291
 -0.0000085746
 -0.0000282700
 -0.0000026947
  0.0000040641
  0.0000493674
 -0.0000053121
  0.0000013239
 -0.0000002702
 -0.0000001702
  0.0000010064
 -0.0000000863
 -0.0000156900
 -0.0000205023
 -0.0000122338
 -0.0000197737
 -0.0000238586
 -0.0000113388
 -0.0000235394
 -0.0000109097
 -0.0000060633
 -0.0000183798
 -0.0000092556
 -0.0000081375
 -0.0000249045
 -0.0000110751
 -0.0000162108
 -0.0000000901
  0.0000003521
 -0.0000009130
  0.0000001633
 -0.0000005263
 -0.0000003376
 -0.0000007853
  0.0000011444
  0.0000012465
 -0.0000020053
  0.0000002463
  0.0000158592
  0.0000018410
  0.0000197675
  0.0000009008
  0.0000002261
 -0.0000026190
 -0.0000008501
 -0.0000035246
 -0.0000025365
  0.0000038779
  0.0000048411
 -0.0000060216
  0.0000139789
  0.0000043116
 -0.0000035565
 -0.0000014487
  0.0000027267
  0.0000036721
  0.0000021365
  0.0000040301
  0.0000089853
 -0.0000002331
  0.0000036035
  0.0000267061
 -0.0000113878
 -0.0000020379
  0.0000037784
  0.0000369963
 -0.0000014305
  0.0000023218
  0.0000053004
  0.0000103987
  0.0000007007
  0.0000085993
  0.0000095300
  0.0000036605
 -0.0000009285
  0.0000229876
 -0.0000061933
 -0.0000074244
 -0.0000090768
 -0.0000050359
  0.0000163985
  0.0000250242
 -0.0000031131
  0.0000038930
  0.0000235308
  0.0000007236
  0.0000023082
  0.0000002083
 -0.0000000267
 -0.0000008750
  0.0000006170
  0.0000011158
  0.0000007784
 -0.0000000135
 -0.0000000662
  0.0000011420
  0.0000194001
 -0.0000095445
 -0.0000029673
 -0.0000010775
  0.0000014001
 -0.0000020170
 -0.0000030401
  0.0000002980
 -0.0000161472
 -0.0000001653
 -0.0000011379
  0.0000010409
  0.0000012827
 -0.0000104554
 -0.0000045854
 -0.0000005851
  0.0000029177
 -0.0000073014
 -0.0000231620
 -0.0000029583
  0.0000046829
  0.0000491852
 -0.0000017320
 -0.0000058435
  0.0000016096
 -0.0000006664
  0.0000146219
  0.0000099541
  0.0000037233
  0.0000064891
 -0.0000183928
 -0.0000074776
  0.0000003542
  0.0000068117
  0.0000504847
  0.0000114255
  0.0000012539
 -0.0000057311
  0.0000383311
  0.0000038484
  0.0000108527
 -0.0000009414
  0.0000001718
 -0.0000007271
 -0.0000003392
 -0.0000011593
 -0.0000012038
 -0.0000003874
 -0.0000007306
 -0.0000009536
  0.0000165047
 -0.0000131975
 -0.0000094690
 -0.0000004380
 -0.0000023807
 -0.0000032580
 -0.0000096622
  0.0000044916
 -0.0000025408
  0.0000021073
 -0.0000083676
 -0.0000019591
  0.0000043327
 -0.0000151718
 -0.0000144133
 -0.0000046837
  0.0000046695
  0.0000506849
 -0.0000010231
 -0.0000068403
  0.0000014679
 -0.0000036587
  0.0000281627
 -0.0000063337
  0.0000010919
  0.0000179716
 -0.0000071184
 -0.0000104015
 -0.0000092187
 -0.0000028263
  0.0000075037
  0.0000237781
  0.0000024812
  0.0000027652
  0.0000073255
  0.0000026722
  0.0000003489
 -0.0000010642
 -0.0000007598
 -0.0000007655
 -0.0000009935
 -0.0000012452
 -0.0000009647
 -0.0000010649
  0.0000000721
 -0.0000088659
 -0.0000040914
  0.0000021246
 -0.0000025708
 -0.0000131399
 -0.0000020739
  0.0000012570
 -0.0000001079
  0.0000008082
 -0.0000085177
  0.0000054526
 -0.0000002027
  0.0000009950
 -0.0000070088
 -0.0000210995
  0.0000022901
  0.0000510078
 -0.0000032644
  0.0000021458
  0.0000010690
  0.0000020413
  0.0000100674
  0.0000078053
  0.0000047218
  0.0000055153
  0.0000051095
  0.0000000648
  0.0000183733
  0.0000141727
  0.0000145144
  0.0000027324
  0.0000113059
 -0.0000007847
  0.0000076748
  0.0000184090
  0.0000098063
 -0.0000372677
  0.0000058496
 -0.0000224711
  0.0000066192
  0.0000134920
 -0.0000027779
  0.0000086596
  0.0000008287
  0.0000050356
 -0.0000189168
 -0.0000222420
  0.0000207107
 -0.0000293193
 -0.0000154351
  0.0000100647
 -0.0000117488
 -0.0000185533
 -0.0000106066
  0.0000307391
  0.0000081485
 -0.0000202238
  0.0000077426
 -0.0000115777
  0.0000099018
  0.0000759807
  0.0000153768
 -0.0000146943
 -0.0000752931
  0.0000118777
  0.0000026406
  0.0000123276
  0.0000069537
 -0.0000084181
 -0.0000203847
 -0.0000028696
  0.0000089436
  0.0000057335
  0.0000009690
  0.0000044761
  0.0000097705
  0.0000042772
  0.0000015175
  0.0000071702
 -0.0000043307
  0.0000018303
  0.0000111795
  0.0000112857
  0.0000012057
 -0.0000044635
 -0.0000344048
 -0.0000133465
 -0.0000358712
 -0.0000145551
  0.0000403795
  0.0000010871
  0.0000060776
  0.0000024945
  0.0000063994
 -0.0000229731
 -0.0000256609
  0.0000111913
 -0.0000357949
 -0.0000214039
  0.0000097852
 -0.0000051349
 -0.0000098107
 -0.0000156374
  0.0000124357
 -0.0000132816
 -0.0000274376
  0.0000007962
 -0.0000183337
 -0.0000166564
  0.0000576051
  0.0000075380
 -0.0000101397
 -0.0000689881
  0.0000034979
 -0.0000078028
  0.0000218820
 -0.0000084783
  0.0000030261
 -0.0000274758
 -0.0000014054
 -0.0000097477
  0.0000021161
 -0.0000008287
  0.0000033007
  0.0000088511
 -0.0000053712
  0.0000097822
  0.0000114950
 -0.0000001670
  0.0000058210
  0.0000052479
  0.0000017953
  0.0000106644
  0.0000082583
 -0.0000193611
  0.0000129031
 -0.0000240215
  0.0000138062
  0.0000154804
  0.0000030500
  0.0000134005
  0.0000086379
  0.0000047367
 -0.0000170058
 -0.0000187682
  0.0000164398
 -0.0000268972
 -0.0000113487
  0.0000138325
 -0.0000070734
 -0.0000211900
 -0.0000056166
  0.0000280920
 -0.0000022764
 -0.0000094714
  0.0000021483
 -0.0000119745
 -0.0000005118
  0.0000706580
  0.0000156386
  0.0000010491
 -0.0000621111
  0.0000094874
  0.0000117572
  0.0000085562
  0.0000067041
 -0.0000131257
 -0.0000122202
  0.0000126947
 -0.0000093822
  0.0000171701
  0.0000150076
  0.0000039915
  0.0000164982
  0.0000091992
  0.0000024244
 -0.0000041837
  0.0000103125
 -0.0000079714
  0.0000119103
 -0.0000031340
  0.0000045284
 -0.0000058625
 -0.0000353253
  0.0000107102
 -0.0000228621
  0.0000109493
  0.0000052029
 -0.0000040300
  0.0000083013
  0.0000073644
  0.0000169215
 -0.0000228133
 -0.0000263910
  0.0000255051
 -0.0000333968
 -0.0000212812
  0.0000151195
 -0.0000135301
 -0.0000220459
 -0.0000196281
  0.0000290502
  0.0000174989
 -0.0000243613
  0.0000183083
 -0.0000144535
  0.0000099509
  0.0000779779
  0.0000162593
 -0.0000131484
 -0.0000766394
  0.0000087419
  0.0000075750
 -0.0000003533
  0.0000147202
 -0.0000206814
 -0.0000289655
  0.0000019665
 -0.0000101497
  0.0000016464
 -0.0000031025
 -0.0000004086
 -0.0000082338
  0.0000022980
  0.0000084260
  0.0000036154
 -0.0000099283
 -0.0000008296
 -0.0000092918
 -0.0000129198
 -0.0000000008
  0.0000024185
  0.0000110913
 -0.0000079316
 -0.0000427908
  0.0000032867
  0.0000564446
  0.0000274299
 -0.0000039587
  0.0000006680
 -0.0000026819
 -0.0000301844
 -0.0000260289
  0.0000023873
 -0.0000410474
 -0.0000225988
  0.0000028479
  0.0000268730
 -0.0000044836
 -0.0000168929
 -0.0000125316
 -0.0000148822
 -0.0000219299
  0.0000034954
 -0.0000212782
 -0.0000352669
  0.0000421748
 -0.0000026360
 -0.0000158411
 -0.0000216422
  0.0000000318
 -0.0000161278
  0.0000490155
 -0.0000136811
  0.0000211517
 -0.0000327340
 -0.0000058179
 -0.0000049244
 -0.0000027730
 -0.0000022200
 -0.0000007219
 -0.0000066400
 -0.0000009649
 -0.0000072255
 -0.0000137295
 -0.0000081117
 -0.0000048899
 -0.0000041950
 -0.0000006538
 -0.0000034871
 -0.0000076318
  0.0000063219
 -0.0000126713
 -0.0000535377
 -0.0000145906
  0.0000687876
  0.0000714416
 -0.0000055534
 -0.0000019955
 -0.0000036554
 -0.0000356466
 -0.0000131453
 -0.0000003451
 -0.0000249524
 -0.0000081882
 -0.0000019842
  0.0000370351
 -0.0000180617
 -0.0000104053
 -0.0000081017
 -0.0000163052
  0.0000000113
  0.0000015903
 -0.0000005144
 -0.0000492884
  0.0000350411
 -0.0000041743
  0.0000281532
 -0.0000132703
 -0.0000020627
 -0.0000078140
  0.0000629089
 -0.0000140688
  0.0000431091
 -0.0000378205
  0.0000020547
 -0.0000106007
  0.0000020627
  0.0000043763
  0.0000083420
 -0.0000015619
 -0.0000031622
  0.0000055707
  0.0000077028
 -0.0000044630
 -0.0000108317
  0.0000065861
 -0.0000111755
  0.0000126462
  0.0000042277
 -0.0000326072
 -0.0000146211
 -0.0000392071
 -0.0000106552
  0.0000278641
  0.0000027799
  0.0000049359
 -0.0000026957
 -0.0000031935
 -0.0000212667
 -0.0000278145
  0.0000066609
 -0.0000384988
 -0.0000248260
  0.0000047982
 -0.0000036077
 -0.0000232724
 -0.0000193296
  0.0000130893
 -0.0000122178
 -0.0000383139
  0.0000081910
 -0.0000283030
 -0.0000197559
  0.0000567095
  0.0000072708
 -0.0000067317
 -0.0000545918
 -0.0000015169
 -0.0000136134
  0.0000203968
 -0.0000080845
  0.0000026070
 -0.0000309474
 -0.0000085234
  0.0000018061
  0.0000044111
 -0.0000111236
 -0.0000119584
  0.0000086724
 -0.0000126744
 -0.0000011391
 -0.0000075266
 -0.0000014531
 -0.0000081488
  0.0000049392
  0.0000087775
  0.0000159055
 -0.0000009792
 -0.0000015953
 -0.0000058850
 -0.0000311108
  0.0000019892
  0.0000312620
  0.0000089297
 -0.0000037447
 -0.0000087428
 -0.0000017934
 -0.0000188434
 -0.0000119112
  0.0000169904
 -0.0000296518
 -0.0000113118
 -0.0000023276
 -0.0000021578
 -0.0000018557
 -0.0000061933
 -0.0000014005
 -0.0000043361
 -0.0000047433
 -0.0000060560
  0.0000006045
 -0.0000236431
  0.0000532616
 -0.0000018512
 -0.0000123149
 -0.0000236039
 -0.0000086954
 -0.0000091788
  0.0000193718
 -0.0000035378
  0.0000035476
 -0.0000204618
  0.0000079191
  0.0000100451
  0.0000126908
  0.0000071639
  0.0000098703
  0.0000123231
  0.0000029431
  0.0000085138
  0.0000185913
  0.0000022791
  0.0000134686
  0.0000224326
  0.0000156349
  0.0000194645
  0.0000088662
 -0.0000305393
  0.0000443700
  0.0000133850
  0.0000636996
 -0.0000156348
  0.0000239996
  0.0000077867
  0.0000110061
  0.0000253479
 -0.0000031748
 -0.0000091136
  0.0000150082
 -0.0000071979
  0.0000069254
  0.0000124681
 -0.0000071005
 -0.0000165642
  0.0000168115
  0.0000402132
  0.0000489917
 -0.0000268249
  0.0000273680
 -0.0000129467
  0.0000762519
  0.0000835430
  0.0000029042
 -0.0000162499
 -0.0000876809
  0.0000045003
  0.0000418135
  0.0000114725
  0.0000509871
 -0.0000101636
  0.0000185454
  0.0000074928
  0.0000000495
  0.0000100806
  0.0000097210
  0.0000082201
  0.0000083174
  0.0000031451
  0.0000089029
  0.0000151252
  0.0000137321
  0.0000080847
  0.0000027610
 -0.0000029678
  0.0000162940
  0.0000079519
 -0.0000089992
  0.0000210761
  0.0000005837
  0.0000205205
 -0.0000056428
  0.0000038484
  0.0000139128
  0.0000038342
  0.0000180384
 -0.0000213315
 -0.0000238425
  0.0000284767
 -0.0000241969
 -0.0000117284
  0.0000125371
  0.0000074124
 -0.0000184198
  0.0000059893
  0.0000342398
  0.0000202676
 -0.0000286761
  0.0000148267
 -0.0000206079
  0.0000145868
  0.0000862465
  0.0000208608
  0.0000136228
 -0.0000815300
  0.0000153831
  0.0000175671
  0.0000002617
  0.0000304461
 -0.0000177221
 -0.0000147813
  0.0000066056
  0.0000026750
 -0.0000000011
  0.0000037828
  0.0000048885
 -0.0000081957
  0.0000112850
  0.0000063718
  0.0000076655
 -0.0000040771
  0.0000079967
  0.0000035017
  0.0000036753
  0.0000037131
  0.0000001147
 -0.0000011098
  0.0000029883
 -0.0000305521
 -0.0000070339
  0.0000139467
  0.0000239905
  0.0000002264
  0.0000111364
  0.0000007048
 -0.0000165030
 -0.0000194057
  0.0000130111
 -0.0000256742
 -0.0000154506
  0.0000102861
  0.0000171875
 -0.0000099166
 -0.0000106721
  0.0000098492
 -0.0000144309
 -0.0000197044
  0.0000091014
 -0.0000174330
 -0.0000123643
  0.0000562028
  0.0000016085
 -0.0000088570
 -0.0000607051
  0.0000107622
  0.0000121774
  0.0000123073
 -0.0000109754
 -0.0000047626
 -0.0000213922
  0.0000021022
  0.0000069821
  0.0000030846
 -0.0000056232
 -0.0000008264
  0.0000003318
 -0.0000136870
  0.0000032085
  0.0000070641
 -0.0000109082
 -0.0000067886
  0.0000036905
  0.0000013374
  0.0000038315
  0.0000047117
  0.0000065885
  0.0000026304
 -0.0000314280
  0.0000148784
  0.0000388012
  0.0000112713
  0.0000060075
  0.0000038628
  0.0000073790
 -0.0000189143
 -0.0000152275
  0.0000130502
 -0.0000298278
 -0.0000142440
  0.0000094459
 -0.0000004527
 -0.0000091621
 -0.0000073635
 -0.0000025932
 -0.0000046508
 -0.0000030371
  0.0000037310
  0.0000023375
 -0.0000240164
  0.0000528046
  0.0000073090
 -0.0000102580
 -0.0000179024
  0.0000035787
 -0.0000060031
  0.0000344186
 -0.0000022083
  0.0000157790
 -0.0000192835
 -0.0000072218
  0.0000075311
  0.0000045619
 -0.0000026075
  0.0000036192
  0.0000092686
 -0.0000018139
  0.0000153551
  0.0000012189
  0.0000020585
  0.0000090720
  0.0000121468
  0.0000124830
  0.0000106289
 -0.0000018320
  0.0000106238
 -0.0000184226
  0.0000249849
 -0.0000196321
  0.0000442201
 -0.0000119056
 -0.0000096995
  0.0000053697
  0.0000052053
  0.0000244642
 -0.0000198696
 -0.0000222588
  0.0000156491
 -0.0000231115
 -0.0000147725
  0.0000081627
 -0.0000100645
 -0.0000217644
  0.0000011528
  0.0000404075
  0.0000185126
 -0.0000329221
  0.0000102274
 -0.0000084962
  0.0000355980
  0.0000735150
  0.0000034430
  0.0000002161
 -0.0000826514
  0.0000003071
  0.0000241777
 -0.0000059328
  0.0000223734
 -0.0000250477
  0.0000038727
  0.0000017402
  0.0000002557
 -0.0000025695
  0.0000086115
 -0.0000063789
  0.0000052799
 -0.0000018421
  0.0000081272
 -0.0000062547
  0.0000059926
 -0.0000009297
  0.0000081625
  0.0000016730
  0.0000012259
 -0.0000013205
 -0.0000367793
  0.0000120180
 -0.0000200228
  0.0000135517
  0.0000085489
  0.0000025840
  0.0000160704
  0.0000060009
  0.0000065550
 -0.0000156409
 -0.0000180306
  0.0000178149
 -0.0000254150
 -0.0000124730
  0.0000169454
 -0.0000025617
 -0.0000162518
 -0.0000073225
  0.0000301402
 -0.0000016912
 -0.0000170142
 -0.0000005684
 -0.0000089902
  0.0000036729
  0.0000727488
  0.0000176193
 -0.0000186642
 -0.0000746235
  0.0000085155
  0.0000158381
  0.0000175309
  0.0000078769
 -0.0000009780
 -0.0000161584
  0.0000062181
 -0.0000095840
 -0.0000008452
  0.0000053416
 -0.0000086186
  0.0000016130
 -0.0000036232
  0.0000003559
  0.0000168161
  0.0000107544
  0.0000014906
 -0.0000019587
 -0.0000008051
  0.0000039006
  0.0000030985
 -0.0000215002
 -0.0000090373
 -0.0000332053
 -0.0000125978
  0.0000307566
  0.0000060617
  0.0000078229
 -0.0000021041
  0.0000067460
 -0.0000202797
 -0.0000238228
  0.0000149147
 -0.0000284015
 -0.0000186578
  0.0000055522
  0.0000036060
 -0.0000117331
 -0.0000130782
  0.0000133336
 -0.0000135623
 -0.0000235381
  0.0000032627
 -0.0000166684
 -0.0000140869
  0.0000586966
  0.0000095315
 -0.0000215533
 -0.0000745789
 -0.0000019306
 -0.0000018853
  0.0000223127
 -0.0000082906
  0.0000024028
 -0.0000247033
 -0.0000012223
 -0.0000001539
  0.0000030649
  0.0000003958
  0.0000360213
 -0.0000023389
 -0.0000214854
  0.0000035208
 -0.0000028897
 -0.0000008989
  0.0000016922
  0.0000024452
  0.0000011539
  0.0000006496
 -0.0000094213
  0.0000089165
 -0.0000007050
 -0.0000082420
  0.0000015982
  0.0000007069
 -0.0000010238
 -0.0000049596
  0.0000005523
  0.0000029806
 -0.0000175665
  0.0000013515
  0.0000734871
 -0.0000020209
  0.0000016871
 -0.0000060806
  0.0000003010
 -0.0000005131
 -0.0000017663
  0.0000008088
  0.0000157267
 -0.0000015217
 -0.0000243284
 -0.0000029757
 -0.0000014377
  0.0000041474
  0.0000017182
 -0.0000000265
  0.0000003892
  0.0000008694
  0.0000020634
  0.0000058403
 -0.0000022007
 -0.0000007250
  0.0000015148
  0.0000013600
 -0.0000007349
 -0.0000040228
 -0.0000149962
 -0.0000010723
  0.0000038365
  0.0000024470
 -0.0000284964
 -0.0000521521
 -0.0000024704
  0.0000051486
  0.0000764273
  0.0000023063
 -0.0000032205
 -0.0000015081
 -0.0000146724
  0.0000007387
 -0.0000018758
  0.0000005062
 -0.0000006153
  0.0000014212
  0.0000000392
  0.0000015802
  0.0000177113
 -0.0000023794
 -0.0000269506
 -0.0000008859
  0.0000007142
  0.0000062352
 -0.0000010106
  0.0000016054
  0.0000007054
 -0.0000013383
 -0.0000007599
  0.0000078628
 -0.0000013607
  0.0000004785
  0.0000002954
  0.0000002160
  0.0000011635
 -0.0000019667
 -0.0000115831
 -0.0000028096
  0.0000049961
  0.0000046498
  0.0000007561
 -0.0000263126
 -0.0000558393
 -0.0000001845
  0.0000034492
  0.0000694823
  0.0000010910
 -0.0000036529
 -0.0000016843
 -0.0000136778
  0.0000016253
 -0.0000006191
  0.0000201053
 -0.0000019176
 -0.0000387281
 -0.0000022806
  0.0000012833
  0.0000054679
  0.0000000402
 -0.0000090795
  0.0000001060
 -0.0000006668
  0.0000007122
  0.0000006299
  0.0000032061
 -0.0000018384
  0.0000093929
 -0.0000004098
  0.0000001703
 -0.0000018303
 -0.0000096176
 -0.0000025869
  0.0000056443
  0.0000015908
 -0.0000126157
 -0.0000633697
 -0.0000062378
  0.0000034101
  0.0000735806
 -0.0000016155
  0.0000007212
 -0.0000173336
  0.0000021652
 -0.0000006268
  0.0000001136
  0.0000010065
  0.0000002606
  0.0000000606
  0.0000216669
 -0.0000299025
 -0.0000076172
  0.0000007531
  0.0000054428
 -0.0000012496
  0.0000017286
 -0.0000107705
  0.0000002779
 -0.0000009619
 -0.0000061890
 -0.0000008748
 -0.0000000320
 -0.0000029847
 -0.0000015092
  0.0000059258
  0.0000004185
 -0.0000160405
  0.0000038923
  0.0000796961
  0.0000010101
 -0.0000157842
  0.0000025319
  0.0000003970
 -0.0000011612
 -0.0000000071
 -0.0000026136
  0.0000025615
 -0.0000004740
  0.0000207907
 -0.0000007974
 -0.0000009904
  0.0000038267
 -0.0000000253
 -0.0000001427
  0.0000027032
 -0.0000117203
 -0.0000003879
 -0.0000016873
 -0.0000096732
  0.0000001661
 -0.0000003616
 -0.0000010369
 -0.0000089988
 -0.0000006099
  0.0000028080
 -0.0000015573
  0.0000012273
  0.0000017058
 -0.0000242620
  0.0000030850
  0.0000026169
 -0.0000022312
 -0.0000021949
  0.0000027667
  0.0000047583
  0.0000168737
 -0.0000017835
 -0.0000263493
 -0.0000037618
 -0.0000028319
  0.0000023851
 -0.0000002666
  0.0000001996
 -0.0000002160
 -0.0000007424
 -0.0000070535
  0.0000008288
 -0.0000007088
  0.0000044874
  0.0000002636
  0.0000003451
 -0.0000003747
 -0.0000090363
 -0.0000038223
  0.0000059428
  0.0000018430
 -0.0000110871
 -0.0000742326
 -0.0000045745
  0.0000026273
  0.0000885454
 -0.0000013975
  0.0000008404
 -0.0000154094
  0.0000008406
  0.0000001077
 -0.0000002732
  0.0000008844
  0.0000010061
  0.0000003412
  0.0000007542
  0.0000233168
  0.0000002693
 -0.0000009477
 -0.0000006852
  0.0000011618
  0.0000015002
 -0.0000096156
 -0.0000011393
 -0.0000008964
 -0.0000092358
  0.0000020129
  0.0000009651
 -0.0000011482
 -0.0000097080
 -0.0000050083
  0.0000001700
  0.0000029439
  0.0000025247
 -0.0000247507
  0.0000023733
  0.0000019692
  0.0000726153
 -0.0000029265
  0.0000013455
 -0.0000009947
 -0.0000002818
  0.0000179413
 -0.0000024130
 -0.0000212550
 -0.0000047849
 -0.0000038248
  0.0000015058
 -0.0000003404
 -0.0000015078
 -0.0000003387
 -0.0000010450
  0.0000003490
  0.0000020823
 -0.0000013663
 -0.0000014030
 -0.0000047162
  0.0000032933
  0.0000000976
 -0.0000029408
 -0.0000188438
 -0.0000025926
  0.0000055542
  0.0000018413
  0.0000025054
 -0.0000186833
 -0.0000574338
 -0.0000058731
  0.0000027068
  0.0000900367
  0.0000014658
 -0.0000028052
 -0.0000003016
 -0.0000153614
  0.0000003695
 -0.0000000969
  0.0000159431
 -0.0000028760
 -0.0000197422
 -0.0000039149
 -0.0000026230
  0.0000028899
 -0.0000012558
 -0.0000008489
 -0.0000016576
 -0.0000008814
  0.0000084248
 -0.0000030655
 -0.0000016915
 -0.0000025265
 -0.0000020908
  0.0000006532
 -0.0000033907
 -0.0000185411
 -0.0000031398
  0.0000027377
  0.0000011437
 -0.0000240981
 -0.0000559990
 -0.0000035870
  0.0000001535
  0.0000796966
 -0.0000036851
 -0.0000020246
 -0.0000150552
 -0.0000011610
 -0.0000034528
  0.0000002853
  0.0000022861
  0.0000209866
 -0.0000030696
 -0.0000227276
 -0.0000113653
 -0.0000004285
  0.0000037885
  0.0000004099
  0.0000005141
 -0.0000050484
 -0.0000027853
 -0.0000017822
  0.0000002202
 -0.0000020112
 -0.0000019203
 -0.0000022644
  0.0000044696
  0.0000011952
  0.0000006617
 -0.0000039546
  0.0000025502
  0.0000903026
 -0.0000020617
 -0.0000033182
 -0.0000147954
  0.0000011611
 -0.0000013438
  0.0000004514
 -0.0000001028
  0.0000242897
  0.0000008043
  0.0000013998
  0.0000017946
  0.0000034615
 -0.0000102592
  0.0000020036
 -0.0000014759
 -0.0000073279
  0.0000024610
  0.0000003065
 -0.0000166355
  0.0000028225
  0.0000036542
 -0.0000062474
 -0.0000312887
  0.0000038152
  0.0000000404
  0.0000026431
  0.0000023451
  0.0000011171
 -0.0000033937
  0.0000220957
 -0.0000000027
 -0.0000234786
 -0.0000036460
  0.0000014915
  0.0000034622
 -0.0000016457
  0.0000014390
 -0.0000004616
 -0.0000009292
  0.0000010702
  0.0000084920
 -0.0000015689
 -0.0000010620
 -0.0000011152
 -0.0000001898
  0.0000012885
 -0.0000027245
 -0.0000091760
 -0.0000039476
  0.0000031063
  0.0000032144
  0.0000024178
 -0.0000168025
 -0.0000601178
 -0.0000006990
  0.0000025223
  0.0000528882
  0.0000016967
 -0.0000034866
 -0.0000017965
 -0.0000108816
  0.0000034979
 -0.0000009365
  0.0000012047
  0.0000171574
 -0.0000019433
 -0.0000204651
 -0.0000033695
 -0.0000032859
  0.0000028302
  0.0000004882
  0.0000003161
  0.0000001045
 -0.0000009111
  0.0000007968
  0.0000104443
 -0.0000007850
 -0.0000011469
  0.0000026465
 -0.0000008207
 -0.0000001460
 -0.0000024569
 -0.0000174812
 -0.0000030133
  0.0000061667
  0.0000041840
  0.0000012204
 -0.0000258759
 -0.0000471575
 -0.0000022565
  0.0000039509
  0.0000763307
  0.0000020214
 -0.0000019957
  0.0000012455
 -0.0000133225
  0.0000014584
  0.0000006807
  0.0000008149
  0.0000213403
 -0.0000018612
 -0.0000304431
 -0.0000031394
  0.0000047708
  0.0000087639
  0.0000030381
  0.0000001513
  0.0000027156
  0.0000027056
  0.0000007836
  0.0000143952
 -0.0000023967
  0.0000002278
 -0.0000024159
 -0.0000023805
 -0.0000001932
  0.0000001343
 -0.0000158802
 -0.0000006928
  0.0000032697
  0.0000057460
  0.0000038306
 -0.0000085815
 -0.0000773066
  0.0000008754
  0.0000003868
  0.0000525869
  0.0000021802
 -0.0000015205
 -0.0000034799
 -0.0000170011
  0.0000020274
 -0.0000017895
  0.0000204817
 -0.0000018190
 -0.0000377487
 -0.0000029842
 -0.0000002940
  0.0000041903
 -0.0000004664
 -0.0000001815
  0.0000027214
 -0.0000011085
  0.0000007652
  0.0000010960
 -0.0000029869
 -0.0000219043
 -0.0000033540
  0.0000071604
  0.0000016995
 -0.0000268959
 -0.0000857894
  0.0000027987
  0.0000736533
 -0.0000029325
  0.0000010503
 -0.0000164511
  0.0000007236
  0.0000003387
 -0.0000002592
  0.0000199626
 -0.0000011772
 -0.0000312330
 -0.0000087236
 -0.0000025746
  0.0000039022
 -0.0000070605
  0.0000015660
 -0.0000010815
  0.0000007876
  0.0000016781
 -0.0000000729
  0.0000003774
  0.0000013822
 -0.0000016776
 -0.0000110984
 -0.0000031495
  0.0000042612
  0.0000009386
 -0.0000111148
 -0.0000100686
  0.0000024979
  0.0000821556
 -0.0000033346
  0.0000046170
 -0.0000205386
  0.0000012347
  0.0000016668
  0.0000203055
 -0.0000013797
 -0.0000246336
 -0.0000032760
  0.0000010573
  0.0000020604
  0.0000004803
  0.0000012002
  0.0000017013
 -0.0000021370
  0.0000018127
  0.0000052578
 -0.0000027346
 -0.0000004594
 -0.0000013545
  0.0000005226
  0.0000002786
 -0.0000019400
 -0.0000096278
 -0.0000029385
  0.0000029958
  0.0000021356
 -0.0000249253
 -0.0000582976
 -0.0000006268
 -0.0000007068
  0.0000601996
  0.0000020398
 -0.0000020239
 -0.0000040897
 -0.0000128293
  0.0000031794
 -0.0000037969
  0.0000288986
  0.0000209654
  0.0000075978
  0.0000166088
  0.0000184678
  0.0000189637
  0.0000099145
  0.0000227903
  0.0000174506
  0.0000234784
  0.0000305804
  0.0000143533
 -0.0000094585
  0.0000011106
  0.0000047399
 -0.0000042317
 -0.0000052005
  0.0000019606
 -0.0000021419
 -0.0000102431
 -0.0000137235
  0.0000549234
 -0.0000033448
  0.0000026556
  0.0000153812
 -0.0000033381
  0.0000150521
  0.0000156932
  0.0000154913
  0.0000235112
  0.0000064423
 -0.0000346345
  0.0000247929
 -0.0000237050
 -0.0000111376
  0.0000005082
 -0.0000004110
  0.0000010153
  0.0000036209
 -0.0000112483
  0.0000037203
  0.0000059257
  0.0000011060
 -0.0000019384
 -0.0000036162
 -0.0000025419
  0.0000688534
 -0.0000131376
  0.0000005407
 -0.0000004976
 -0.0000077095
 -0.0000001459
 -0.0000027002
  0.0000400333
 -0.0000000591
  0.0000000875
 -0.0000007437
  0.0000163015
  0.0000055135
  0.0000029302
 -0.0000025667
  0.0000025332
  0.0000111645
  0.0000196135
  0.0000030445
 -0.0000705690
  0.0000047676
  0.0000044848
  0.0000071921
 -0.0000141760
 -0.0000004449
 -0.0000006662
  0.0000016389
 -0.0000033471
 -0.0000286454
  0.0000037608
  0.0000633182
  0.0000010160
  0.0000011479
  0.0000000971
 -0.0000040276
 -0.0000003245
 -0.0000052303
  0.0000027788
  0.0000006353
 -0.0000126272
  0.0000019868
  0.0000835243
 -0.0000048331
  0.0000000858
  0.0000041211
 -0.0000124751
  0.0000028966
 -0.0000011340
 -0.0000000573
 -0.0000083405
 -0.0000010873
  0.0000005476
 -0.0000029754
 -0.0000231010
  0.0000007524
 -0.0000047560
 -0.0000007942
 -0.0000046690
 -0.0000017361
 -0.0000004292
  0.0000004425
  0.0000275660
 -0.0000255588
  0.0000377998
 -0.0000005954
 -0.0000010118
  0.0000022171
  0.0000373360
 -0.0000258456
  0.0000366003
  0.0000006292
 -0.0000086633
  0.0000091301
  0.0000002154
 -0.0000090639
 -0.0000093298
  0.0000054136
  0.0000046232
  0.0000103538
 -0.0000116421
 -0.0000056008
  0.0000712505
 -0.0000053656
  0.0000106026
  0.0000133227
 -0.0000006121
  0.0000025718
  0.0000041135
 -0.0000057153
  0.0000005100
  0.0000052484
  0.0000202643
 -0.0000146516
 -0.0000011925
  0.0000422757
  0.0000028339
  0.0000066553
 -0.0000004999
  0.0000015408
 -0.0000061522
  0.0000060512
  0.0000018315
 -0.0000043545
 -0.0000103205
  0.0000110468
  0.0000015523
  0.0000325763
 -0.0000203624
  0.0000009688
  0.0000072331
  0.0000008379
  0.0000027788
  0.0000015619
 -0.0000011429
  0.0000430881
 -0.0000218896
  0.0000332151
 -0.0000010809
  0.0000031308
  0.0000099033
 -0.0000014748
  0.0000059524
 -0.0000147818
 -0.0000029799
  0.0000414202
  0.0000007761
  0.0000004858
  0.0000070301
 -0.0000043734
  0.0000061841
  0.0000256983
 -0.0000069498
 -0.0000160427
  0.0000553866
  0.0000002492
  0.0000036479
  0.0000044235
 -0.0000216536
  0.0000067909
  0.0000019630
 -0.0000190281
  0.0000025916
  0.0000774241
  0.0000012454
  0.0000010087
 -0.0000012947
  0.0000530579
 -0.0000170622
  0.0000029434
  0.0000243416
  0.0000012441
  0.0000151809
  0.0000534426
 -0.0000126997
  0.0000366452
 -0.0000256555
 -0.0000061350
 -0.0000316704
 -0.0000149978
 -0.0001535552
 -0.0000254971
  0.0000020901
  0.0000944144
  0.0000040914
  0.0000022399
  0.0000030789
  0.0000058576
  0.0000916222
  0.0000532041
 -0.0000136152
 -0.0000000253
  0.0000012988
  0.0000007890
 -0.0000048444
  0.0000039097
  0.0000201533
