 -0.0000038744
 -0.0000011638
 -0.0000033117
 -0.0000008821
 -0.0000019179
 -0.0000002719
 -0.0000008451
 -0.0000017433
 -0.0000001675
 -0.0000035697
 -0.0000000898
 -0.0000001694
 -0.0000001474
 -0.0000002760
  0.0000000126
 -0.0000001650
 -0.0000000110
 -0.0000002512
 -0.0000000757
 -0.0000005916
 -0.0000002336
 -0.0000007084
 -0.0000041761
  0.0000000551
 -0.0000017248
  0.0000000571
 -0.0000002390
 -0.0000005584
 -0.0000001139
 -0.0000001670
 -0.0000003613
 -0.0000034211
 -0.0000003060
 -0.0000002395
  0.0000000726
 -0.0000017426
 -0.0000000220
  0.0000000475
 -0.0000015403
  0.0000000125
 -0.0000002521
  0.0000000448
 -0.0000000394
 -0.0000001311
 -0.0000002287
 -0.0000001136
 -0.0000002102
 -0.0000000665
 -0.0000000790
  0.0000000952
 -0.0000001707
 -0.0000003154
 -0.0000001407
 -0.0000000342
 -0.0000003507
  0.0000001013
 -0.0000001338
 -0.0000001879
 -0.0000002391
 -0.0000000951
 -0.0000003378
  0.0000000411
 -0.0000001348
 -0.0000002307
 -0.0000001326
 -0.0000000750
  0.0000000199
 -0.0000003541
 -0.0000000259
 -0.0000009604
 -0.0000002066
 -0.0000071092
 -0.0000002467
 -0.0000001723
  0.0000000858
  0.0000009841
  0.0000048180
 -0.0000003911
 -0.0000097099
  0.0000081241
  0.0000088705
 -0.0000154226
  0.0000124636
 -0.0000049065
 -0.0000024013
  0.0000024236
 -0.0000026397
 -0.0000027894
  0.0000052146
 -0.0000028574
 -0.0000002586
 -0.0000101305
  0.0000077741
  0.0000010001
 -0.0000006728
 -0.0000001713
 -0.0000004103
 -0.0000007029
 -0.0000021019
 -0.0000037452
  0.0000001039
  0.0000001058
  0.0000019017
  0.0000012797
  0.0000086980
 -0.0000016954
 -0.0000003799
 -0.0000143809
 -0.0000004352
  0.0000008432
 -0.0000000221
 -0.0000006968
 -0.0000006394
  0.0000007919
  0.0000002018
  0.0000004716
  0.0000006958
  0.0000006448
  0.0000017540
  0.0000000246
 -0.0000001116
  0.0000003244
  0.0000008088
 -0.0000001499
  0.0000002089
  0.0000000747
  0.0000006904
 -0.0000001747
  0.0000006341
  0.0000006430
  0.0000003838
 -0.0000003532
 -0.0000005249
 -0.0000002738
 -0.0000000421
  0.0000004254
 -0.0000006151
 -0.0000009211
  0.0000000820
  0.0000006924
 -0.0000000943
  0.0000001985
  0.0000002628
 -0.0000002237
 -0.0000001130
  0.0000002724
 -0.0000000273
  0.0000000147
 -0.0000001355
 -0.0000000823
 -0.0000005294
 -0.0000003061
 -0.0000000049
 -0.0000002253
 -0.0000000976
 -0.0000003307
 -0.0000005763
 -0.0000001308
 -0.0000001514
 -0.0000000819
 -0.0000001611
 -0.0000000790
 -0.0000003391
 -0.0000001029
 -0.0000000205
 -0.0000001575
 -0.0000003076
 -0.0000001860
 -0.0000001930
 -0.0000002176
  0.0000000356
 -0.0000001120
  0.0000000569
 -0.0000001800
  0.0000000429
 -0.0000001061
 -0.0000001148
 -0.0000001830
 -0.0000001212
 -0.0000003957
 -0.0000001190
 -0.0000001594
 -0.0000001861
  0.0000000315
 -0.0000001930
 -0.0000002353
 -0.0000000566
 -0.0000002657
  0.0000000222
 -0.0000001774
 -0.0000001908
 -0.0000001618
 -0.0000000790
 -0.0000002046
 -0.0000002783
  0.0000000337
 -0.0000005093
 -0.0000001244
 -0.0000001206
 -0.0000001875
  0.0000000147
 -0.0000002304
  0.0000016184
  0.0000050168
 -0.0000005367
 -0.0000090328
  0.0000088276
  0.0000071414
 -0.0000134544
  0.0000105447
 -0.0000073301
  0.0000002871
  0.0000002865
 -0.0000034158
 -0.0000014360
  0.0000096609
  0.0000015390
 -0.0000006439
 -0.0000089459
  0.0000079689
  0.0000004464
 -0.0000009221
 -0.0000001881
 -0.0000009016
 -0.0000003198
 -0.0000036169
 -0.0000054769
 -0.0000015509
  0.0000000858
  0.0000026907
 -0.0000028084
 -0.0000050725
 -0.0000020469
 -0.0000002370
 -0.0000148073
 -0.0000001199
  0.0000006463
  0.0000014666
  0.0000002496
  0.0000021575
 -0.0000006823
 -0.0000000187
  0.0000001240
  0.0000016595
  0.0000005042
 -0.0000000694
  0.0000006487
 -0.0000001431
 -0.0000000247
  0.0000003167
  0.0000004932
  0.0000018795
  0.0000004154
  0.0000017861
  0.0000001150
 -0.0000001822
  0.0000008812
  0.0000007592
 -0.0000001554
 -0.0000005506
 -0.0000004363
 -0.0000001711
 -0.0000002841
 -0.0000002199
 -0.0000015182
 -0.0000003333
 -0.0000007702
 -0.0000001358
 -0.0000001109
 -0.0000003249
 -0.0000003214
 -0.0000000910
 -0.0000003649
 -0.0000004916
 -0.0000002536
 -0.0000018469
 -0.0000002495
 -0.0000005585
 -0.0000003971
 -0.0000001563
 -0.0000002668
 -0.0000003473
 -0.0000002065
 -0.0000001044
 -0.0000002286
 -0.0000003398
 -0.0000003084
 -0.0000000848
 -0.0000001992
 -0.0000001852
 -0.0000001805
 -0.0000000891
 -0.0000001682
 -0.0000003980
 -0.0000003303
 -0.0000001428
 -0.0000000235
 -0.0000001952
 -0.0000002513
 -0.0000000445
 -0.0000003888
 -0.0000004085
 -0.0000000313
 -0.0000001112
 -0.0000003130
 -0.0000003010
 -0.0000002438
 -0.0000000791
 -0.0000003540
 -0.0000000917
 -0.0000000085
 -0.0000001679
 -0.0000002563
 -0.0000001056
  0.0000013928
  0.0000064977
 -0.0000011951
 -0.0000075780
  0.0000086596
  0.0000067287
 -0.0000146230
  0.0000120622
 -0.0000100969
 -0.0000038448
  0.0000010821
 -0.0000036984
 -0.0000038386
  0.0000069942
  0.0000018343
 -0.0000005938
 -0.0000110912
  0.0000066016
  0.0000004530
 -0.0000011718
 -0.0000001926
 -0.0000008022
 -0.0000010154
 -0.0000026326
 -0.0000032509
 -0.0000003811
 -0.0000001014
  0.0000039153
  0.0000008568
  0.0000096719
 -0.0000021300
 -0.0000005823
 -0.0000130650
  0.0000003442
  0.0000013814
 -0.0000002368
  0.0000003250
  0.0000006767
  0.0000010077
 -0.0000000192
  0.0000002471
  0.0000007143
  0.0000025734
  0.0000003658
 -0.0000002033
  0.0000008888
 -0.0000000315
  0.0000000489
  0.0000004871
  0.0000003833
 -0.0000002680
  0.0000010574
  0.0000001390
  0.0000002594
  0.0000000359
 -0.0000006940
 -0.0000002769
  0.0000008253
 -0.0000002497
 -0.0000000938
 -0.0000002972
 -0.0000002474
  0.0000000060
 -0.0000001683
 -0.0000000005
 -0.0000014084
 -0.0000001533
 -0.0000005443
  0.0000000796
  0.0000000177
 -0.0000000465
 -0.0000000621
 -0.0000001588
  0.0000002144
  0.0000000036
 -0.0000001134
 -0.0000002867
 -0.0000000175
 -0.0000012973
  0.0000000257
 -0.0000004110
 -0.0000001810
  0.0000000311
 -0.0000001458
 -0.0000000337
 -0.0000002245
 -0.0000001013
 -0.0000002877
 -0.0000000561
 -0.0000001013
 -0.0000001833
 -0.0000002306
 -0.0000002712
 -0.0000001414
 -0.0000001855
 -0.0000001939
 -0.0000003074
 -0.0000003541
 -0.0000006371
 -0.0000002914
 -0.0000001669
 -0.0000004071
 -0.0000001597
 -0.0000003353
 -0.0000002370
 -0.0000003626
 -0.0000003904
  0.0000001493
 -0.0000003438
 -0.0000002472
 -0.0000002775
 -0.0000002700
 -0.0000004263
 -0.0000001625
 -0.0000002702
 -0.0000001817
  0.0000014806
 -0.0000000473
 -0.0000000633
 -0.0000004658
  0.0000009114
  0.0000049940
 -0.0000007683
 -0.0000089366
  0.0000086120
  0.0000092509
 -0.0000149258
  0.0000127791
 -0.0000040579
 -0.0000027624
  0.0000019867
 -0.0000022034
 -0.0000039557
  0.0000043174
 -0.0000026387
 -0.0000009922
 -0.0000098445
  0.0000093073
  0.0000004330
 -0.0000012908
 -0.0000005804
 -0.0000014130
 -0.0000011036
 -0.0000025228
 -0.0000067465
 -0.0000018295
 -0.0000001981
  0.0000022214
 -0.0000024630
 -0.0000005327
 -0.0000022032
 -0.0000003533
 -0.0000143991
 -0.0000002685
 -0.0000000200
  0.0000015381
  0.0000013758
  0.0000008914
  0.0000000401
  0.0000021037
 -0.0000005270
 -0.0000003383
  0.0000001934
  0.0000029191
  0.0000012631
 -0.0000001692
  0.0000014643
 -0.0000000410
 -0.0000002758
  0.0000010731
  0.0000003543
  0.0000010326
  0.0000002790
 -0.0000003289
 -0.0000005160
 -0.0000036772
  0.0000017469
 -0.0000000120
 -0.0000002518
 -0.0000004367
 -0.0000007073
  0.0000016036
  0.0000001838
 -0.0000004463
 -0.0000000164
  0.0000000930
  0.0000000166
 -0.0000001553
 -0.0000000825
  0.0000001489
 -0.0000007729
 -0.0000002992
  0.0000000187
 -0.0000003258
 -0.0000007006
 -0.0000002450
 -0.0000001144
 -0.0000003515
 -0.0000000768
 -0.0000001933
 -0.0000002123
 -0.0000004161
 -0.0000002395
  0.0000000034
 -0.0000002791
 -0.0000004082
 -0.0000002637
 -0.0000001257
 -0.0000003020
 -0.0000001382
 -0.0000000550
 -0.0000001788
 -0.0000002536
 -0.0000001453
 -0.0000002660
 -0.0000001543
 -0.0000001396
 -0.0000000324
 -0.0000002330
 -0.0000003288
 -0.0000004535
 -0.0000002065
 -0.0000002105
 -0.0000001645
 -0.0000001079
 -0.0000002382
 -0.0000002660
 -0.0000002194
 -0.0000003146
  0.0000000851
 -0.0000002011
 -0.0000001787
 -0.0000002059
 -0.0000002190
 -0.0000002026
 -0.0000002276
 -0.0000001470
 -0.0000004872
 -0.0000002215
 -0.0000001494
 -0.0000000972
 -0.0000001535
 -0.0000002576
  0.0000006246
  0.0000047498
 -0.0000018903
 -0.0000082007
  0.0000078832
  0.0000015417
 -0.0000100384
  0.0000085675
 -0.0000045161
  0.0000008221
 -0.0000001418
 -0.0000029751
 -0.0000022946
  0.0000061967
  0.0000041753
 -0.0000006726
 -0.0000121324
  0.0000057703
  0.0000002936
 -0.0000013968
 -0.0000003657
 -0.0000010626
 -0.0000010096
 -0.0000028913
 -0.0000034749
 -0.0000007255
 -0.0000001321
  0.0000049441
  0.0000005459
  0.0000104234
 -0.0000024010
 -0.0000005666
 -0.0000129965
  0.0000008386
  0.0000001536
  0.0000000797
  0.0000002897
  0.0000015793
 -0.0000002518
  0.0000000766
  0.0000006026
  0.0000004366
 -0.0000001263
  0.0000017713
 -0.0000000797
 -0.0000003162
  0.0000000360
  0.0000000100
  0.0000009118
 -0.0000001735
  0.0000007317
 -0.0000008150
 -0.0000011046
 -0.0000003334
  0.0000010627
  0.0000001216
  0.0000002867
  0.0000006351
  0.0000007910
 -0.0000000354
  0.0000002779
  0.0000002581
  0.0000000319
 -0.0000018428
  0.0000001477
 -0.0000008183
  0.0000001081
  0.0000002566
  0.0000002767
  0.0000000064
  0.0000002327
 -0.0000005289
  0.0000004035
  0.0000001979
  0.0000000985
  0.0000000676
  0.0000010076
  0.0000000671
 -0.0000015069
 -0.0000000493
 -0.0000000226
  0.0000004723
 -0.0000000011
  0.0000001816
  0.0000001469
 -0.0000002721
 -0.0000000605
 -0.0000000955
 -0.0000000956
  0.0000000048
 -0.0000001163
  0.0000000261
 -0.0000000303
  0.0000000058
  0.0000000893
  0.0000000121
 -0.0000000742
  0.0000000028
  0.0000001783
 -0.0000001829
 -0.0000001198
 -0.0000000519
  0.0000002025
 -0.0000000514
  0.0000000991
 -0.0000000262
 -0.0000001514
 -0.0000000337
 -0.0000000232
  0.0000000575
  0.0000000569
 -0.0000001715
 -0.0000001557
  0.0000001247
 -0.0000002934
  0.0000002862
  0.0000000247
  0.0000006961
 -0.0000001624
  0.0000001157
  0.0000001711
  0.0000022701
  0.0000019532
 -0.0000005530
 -0.0000071583
  0.0000064636
 -0.0000029551
 -0.0000074182
  0.0000063870
 -0.0000045204
 -0.0000036367
  0.0000070466
  0.0000026370
 -0.0000046106
 -0.0000002840
 -0.0000009295
 -0.0000006661
 -0.0000093223
  0.0000005285
 -0.0000011687
 -0.0000004075
  0.0000000937
 -0.0000003541
 -0.0000000060
 -0.0000047883
 -0.0000031274
 -0.0000007915
  0.0000000755
  0.0000084521
 -0.0000035869
 -0.0000069759
 -0.0000011979
 -0.0000008235
 -0.0000171889
 -0.0000007891
 -0.0000000936
  0.0000001605
  0.0000009092
 -0.0000002139
 -0.0000000686
  0.0000002983
  0.0000009772
 -0.0000009418
  0.0000004087
 -0.0000001027
  0.0000035490
 -0.0000001347
  0.0000001694
  0.0000007070
  0.0000001333
  0.0000001819
  0.0000000931
  0.0000002710
  0.0000004561
 -0.0000000298
  0.0000026856
  0.0000002147
  0.0000023750
 -0.0000035997
  0.0000008163
  0.0000000047
 -0.0000013315
  0.0000006533
  0.0000002349
  0.0000000300
  0.0000003566
  0.0000000146
  0.0000001796
 -0.0000002217
  0.0000004841
 -0.0000002394
 -0.0000004318
 -0.0000001259
 -0.0000001103
 -0.0000005056
 -0.0000002189
 -0.0000003393
 -0.0000003842
 -0.0000000455
 -0.0000002833
 -0.0000005720
  0.0000001234
  0.0000001817
 -0.0000000612
  0.0000004296
 -0.0000004359
 -0.0000002448
 -0.0000002880
 -0.0000000574
 -0.0000003874
 -0.0000006369
 -0.0000003305
 -0.0000001741
 -0.0000001825
 -0.0000001714
 -0.0000004056
 -0.0000001844
 -0.0000002741
 -0.0000004647
 -0.0000006130
 -0.0000004232
 -0.0000004445
 -0.0000004644
 -0.0000004365
 -0.0000004143
 -0.0000002389
 -0.0000003960
 -0.0000004643
 -0.0000001958
 -0.0000002419
 -0.0000000123
 -0.0000007099
 -0.0000004614
 -0.0000002433
 -0.0000003777
 -0.0000005813
 -0.0000005305
 -0.0000002627
 -0.0000005034
 -0.0000004928
 -0.0000002673
 -0.0000004613
 -0.0000004069
 -0.0000006047
 -0.0000004770
 -0.0000004424
 -0.0000004858
 -0.0000003094
  0.0000008863
 -0.0000002307
 -0.0000003108
 -0.0000003573
 -0.0000003831
  0.0000026940
  0.0000013735
 -0.0000003542
 -0.0000086825
 -0.0000046508
 -0.0000025719
  0.0000063771
 -0.0000015897
  0.0000013744
 -0.0000008883
 -0.0000093497
  0.0000022027
 -0.0000006458
 -0.0000006620
 -0.0000004335
 -0.0000000684
 -0.0000000739
 -0.0000054145
 -0.0000029118
 -0.0000011048
  0.0000000774
  0.0000104010
 -0.0000019721
 -0.0000082281
 -0.0000005321
  0.0000000640
 -0.0000179866
  0.0000006432
 -0.0000000255
  0.0000008403
  0.0000006924
 -0.0000001942
  0.0000000430
  0.0000007310
  0.0000014071
 -0.0000004153
 -0.0000000013
  0.0000003575
  0.0000017834
  0.0000002142
 -0.0000003491
  0.0000014472
 -0.0000001388
 -0.0000003059
 -0.0000001706
  0.0000006122
  0.0000004782
  0.0000000877
  0.0000025625
 -0.0000000273
  0.0000023994
 -0.0000041196
  0.0000009964
  0.0000002340
 -0.0000011559
  0.0000014205
 -0.0000002686
 -0.0000001730
 -0.0000001707
 -0.0000003923
  0.0000003939
 -0.0000003412
 -0.0000002932
 -0.0000005371
 -0.0000001361
  0.0000000031
  0.0000000366
 -0.0000001047
 -0.0000005201
 -0.0000001317
 -0.0000003437
 -0.0000008327
 -0.0000004022
 -0.0000002681
 -0.0000000311
 -0.0000004408
 -0.0000006085
 -0.0000000307
 -0.0000001186
 -0.0000000743
 -0.0000003623
 -0.0000001977
 -0.0000007177
 -0.0000003342
  0.0000000487
 -0.0000000703
 -0.0000001191
 -0.0000006687
 -0.0000000338
 -0.0000002543
 -0.0000000175
 -0.0000003161
 -0.0000001705
 -0.0000000401
 -0.0000001579
 -0.0000001236
  0.0000000342
 -0.0000001890
  0.0000000343
  0.0000002012
 -0.0000000430
 -0.0000002000
 -0.0000000027
 -0.0000001754
 -0.0000002138
 -0.0000001474
 -0.0000002490
  0.0000001694
 -0.0000001363
 -0.0000001389
 -0.0000000717
  0.0000000355
 -0.0000000307
 -0.0000001118
  0.0000001071
 -0.0000002043
 -0.0000001963
 -0.0000002078
 -0.0000002923
  0.0000002956
 -0.0000005302
 -0.0000001652
 -0.0000000278
 -0.0000002244
  0.0000000192
 -0.0000002815
  0.0000028061
  0.0000062727
  0.0000012581
 -0.0000066074
  0.0000093492
  0.0000091138
 -0.0000140765
  0.0000105043
 -0.0000057232
 -0.0000036465
  0.0000046287
  0.0000011613
 -0.0000034784
  0.0000037600
 -0.0000024907
 -0.0000006488
 -0.0000090675
  0.0000027069
 -0.0000009077
 -0.0000001068
 -0.0000001509
 -0.0000002828
  0.0000002382
 -0.0000043827
 -0.0000034126
 -0.0000004808
  0.0000002524
  0.0000063245
 -0.0000041076
 -0.0000036904
 -0.0000011442
 -0.0000003518
 -0.0000149564
  0.0000002336
  0.0000001543
  0.0000017114
  0.0000012860
  0.0000005249
  0.0000016537
 -0.0000005698
 -0.0000000091
  0.0000002591
  0.0000022765
  0.0000005438
  0.0000000962
  0.0000008486
 -0.0000000663
 -0.0000001205
  0.0000009858
  0.0000007608
  0.0000002348
  0.0000028959
 -0.0000000515
  0.0000010107
 -0.0000043387
  0.0000014230
  0.0000003350
 -0.0000010598
  0.0000007829
 -0.0000001913
  0.0000002681
  0.0000005208
  0.0000001424
 -0.0000001980
  0.0000004305
 -0.0000003250
  0.0000002201
  0.0000007208
  0.0000004124
  0.0000006384
  0.0000001076
  0.0000002450
  0.0000000704
 -0.0000013106
  0.0000002173
 -0.0000004689
 -0.0000002433
 -0.0000000295
  0.0000001184
 -0.0000002889
  0.0000000464
  0.0000003572
 -0.0000000136
  0.0000008331
 -0.0000001074
 -0.0000007172
  0.0000001736
  0.0000003904
  0.0000004110
 -0.0000003150
 -0.0000002365
  0.0000003301
  0.0000000565
 -0.0000000246
 -0.0000003070
 -0.0000000903
  0.0000004512
  0.0000002852
  0.0000000532
  0.0000003985
  0.0000003163
  0.0000001839
 -0.0000000061
  0.0000003731
  0.0000002948
 -0.0000000865
  0.0000000483
  0.0000002966
  0.0000002034
  0.0000000010
  0.0000000564
  0.0000001139
 -0.0000000419
  0.0000002908
 -0.0000001281
  0.0000003882
  0.0000001351
 -0.0000000509
  0.0000002482
  0.0000004145
  0.0000001175
  0.0000001618
  0.0000001560
 -0.0000001588
  0.0000003481
  0.0000004090
  0.0000002101
  0.0000001019
 -0.0000001785
  0.0000035375
  0.0000041732
  0.0000031585
 -0.0000060853
 -0.0000086180
  0.0000014324
 -0.0000014977
 -0.0000091810
 -0.0000058226
 -0.0000000913
  0.0000002772
  0.0000003849
  0.0000018618
  0.0000012258
 -0.0000051946
 -0.0000004132
 -0.0000004736
  0.0000008535
  0.0000141458
  0.0000060142
 -0.0000394057
 -0.0000004917
  0.0000012791
 -0.0000177021
  0.0000038664
  0.0000007764
  0.0000060279
  0.0000008980
  0.0000003596
  0.0000006282
  0.0000014744
  0.0000042570
  0.0000007032
  0.0000003829
  0.0000007037
 -0.0000070187
  0.0000007415
 -0.0000000120
  0.0000072220
  0.0000001395
  0.0000005110
  0.0000003327
  0.0000053435
  0.0000011752
  0.0000009531
  0.0000043676
  0.0000003790
 -0.0000017123
 -0.0000138143
  0.0000022456
  0.0000001252
 -0.0000017895
  0.0000015002
 -0.0000000965
  0.0000001029
  0.0000035738
  0.0000002472
  0.0000012789
 -0.0000000702
  0.0000001626
 -0.0000007507
 -0.0000002644
 -0.0000000364
 -0.0000001723
 -0.0000014797
 -0.0000002070
 -0.0000000218
 -0.0000002458
 -0.0000000986
 -0.0000000155
 -0.0000000809
 -0.0000003335
 -0.0000001459
 -0.0000012830
 -0.0000001887
 -0.0000003120
 -0.0000001913
 -0.0000001662
 -0.0000000585
 -0.0000000449
 -0.0000001584
 -0.0000000709
 -0.0000001927
 -0.0000001735
 -0.0000000092
 -0.0000000216
 -0.0000000106
 -0.0000001742
 -0.0000002100
 -0.0000002594
 -0.0000001248
 -0.0000001455
 -0.0000001399
 -0.0000000697
 -0.0000001001
  0.0000000880
 -0.0000001906
 -0.0000002494
  0.0000002643
 -0.0000000564
 -0.0000001593
 -0.0000002153
 -0.0000001584
 -0.0000002585
 -0.0000001156
 -0.0000000237
  0.0000000229
  0.0000000380
  0.0000000330
 -0.0000001033
  0.0000012900
  0.0000035748
 -0.0000012114
 -0.0000075679
  0.0000056372
 -0.0000001355
 -0.0000097562
  0.0000066965
 -0.0000046921
  0.0000011826
  0.0000004787
 -0.0000018923
 -0.0000019983
  0.0000054843
  0.0000042901
  0.0000000974
 -0.0000060981
 -0.0000003661
 -0.0000001408
 -0.0000007080
 -0.0000001360
 -0.0000007270
 -0.0000004935
 -0.0000029136
 -0.0000036620
 -0.0000003535
 -0.0000002459
  0.0000103587
 -0.0000000522
  0.0000134511
 -0.0000021759
 -0.0000003984
 -0.0000174413
  0.0000008316
  0.0000003010
 -0.0000001718
 -0.0000000214
  0.0000003975
 -0.0000004290
  0.0000007166
 -0.0000004392
  0.0000000908
 -0.0000004406
  0.0000000421
  0.0000004969
 -0.0000000108
 -0.0000001142
 -0.0000003704
  0.0000024533
 -0.0000013552
  0.0000002641
 -0.0000007926
 -0.0000007624
 -0.0000002891
 -0.0000002720
 -0.0000004192
 -0.0000003542
 -0.0000000436
 -0.0000003937
 -0.0000007071
 -0.0000003363
 -0.0000000043
 -0.0000002374
  0.0000000819
  0.0000001463
 -0.0000005034
 -0.0000002684
 -0.0000004121
 -0.0000000895
  0.0000000040
  0.0000002891
 -0.0000006150
 -0.0000002253
 -0.0000005022
 -0.0000001589
 -0.0000006795
 -0.0000001094
 -0.0000011631
  0.0000001759
 -0.0000001542
 -0.0000003787
 -0.0000003426
 -0.0000005743
 -0.0000003585
 -0.0000003724
 -0.0000002721
 -0.0000003834
 -0.0000008866
 -0.0000003530
  0.0000002158
  0.0000001218
  0.0000000731
  0.0000001723
 -0.0000003808
 -0.0000000701
  0.0000001158
 -0.0000001187
 -0.0000000567
  0.0000001256
 -0.0000004193
  0.0000000764
 -0.0000000011
  0.0000000553
 -0.0000003682
 -0.0000003377
 -0.0000003630
  0.0000000437
 -0.0000005092
  0.0000000148
  0.0000000257
 -0.0000001842
 -0.0000005723
 -0.0000001130
 -0.0000001513
 -0.0000002003
 -0.0000001448
 -0.0000000793
  0.0000001708
  0.0000002320
 -0.0000000213
 -0.0000005024
 -0.0000000960
 -0.0000008036
 -0.0000005283
 -0.0000004127
  0.0000000183
 -0.0000000791
  0.0000024829
  0.0000019996
 -0.0000003290
 -0.0000060526
  0.0000056297
 -0.0000030951
 -0.0000089106
  0.0000075759
 -0.0000043306
 -0.0000030051
  0.0000087053
  0.0000027365
 -0.0000039956
 -0.0000000454
  0.0000005857
 -0.0000003059
 -0.0000088016
  0.0000051768
  0.0000003539
 -0.0000008144
 -0.0000001042
 -0.0000003043
 -0.0000002417
 -0.0000035835
 -0.0000037671
 -0.0000015496
  0.0000003024
  0.0000054944
 -0.0000050419
 -0.0000027514
 -0.0000015565
  0.0000000168
 -0.0000141596
 -0.0000011043
 -0.0000001448
  0.0000005963
  0.0000014436
  0.0000006042
  0.0000007091
  0.0000006881
  0.0000019279
 -0.0000008088
  0.0000000185
  0.0000002578
  0.0000018563
  0.0000011440
  0.0000000109
  0.0000005931
  0.0000001600
  0.0000001256
 -0.0000001201
  0.0000005228
  0.0000007504
  0.0000004736
  0.0000024458
  0.0000000498
  0.0000012477
 -0.0000046166
  0.0000016687
  0.0000003626
 -0.0000024848
  0.0000006653
 -0.0000001298
  0.0000000301
  0.0000005710
  0.0000002159
  0.0000008036
 -0.0000003825
  0.0000005815
  0.0000012327
 -0.0000001668
 -0.0000001009
  0.0000003654
 -0.0000000149
 -0.0000022871
 -0.0000004618
 -0.0000011983
  0.0000002337
  0.0000000721
  0.0000001455
 -0.0000002254
 -0.0000004949
 -0.0000007658
  0.0000004212
 -0.0000000124
  0.0000000954
 -0.0000000790
  0.0000010325
 -0.0000001036
 -0.0000025745
  0.0000000526
 -0.0000000059
  0.0000004572
 -0.0000004872
 -0.0000003891
 -0.0000001647
 -0.0000000428
  0.0000001756
 -0.0000003757
 -0.0000001400
 -0.0000004935
  0.0000001917
 -0.0000003401
 -0.0000001815
 -0.0000001926
 -0.0000002814
 -0.0000000910
 -0.0000003275
 -0.0000004099
 -0.0000002731
 -0.0000002669
 -0.0000001968
 -0.0000002510
  0.0000000586
 -0.0000001166
  0.0000000258
 -0.0000004416
 -0.0000003238
 -0.0000002902
 -0.0000005278
  0.0000000886
 -0.0000004267
 -0.0000005517
  0.0000000001
 -0.0000002926
 -0.0000000934
 -0.0000001121
 -0.0000003850
 -0.0000002442
  0.0000009673
 -0.0000000690
 -0.0000001070
 -0.0000001675
 -0.0000014224
 -0.0000004081
 -0.0000070698
  0.0000015795
  0.0000012069
 -0.0000086679
  0.0000062495
 -0.0000015723
 -0.0000015246
 -0.0000018004
 -0.0000099002
 -0.0000053297
  0.0000004322
 -0.0000000575
  0.0000000479
  0.0000012225
  0.0000001811
 -0.0000053066
 -0.0000022868
 -0.0000007564
  0.0000001987
  0.0000120173
  0.0000022243
 -0.0000206400
 -0.0000001942
  0.0000006485
 -0.0000202504
  0.0000012390
 -0.0000001185
  0.0000006412
  0.0000016658
  0.0000003164
  0.0000002408
  0.0000011103
  0.0000018631
 -0.0000000245
 -0.0000002285
  0.0000000582
 -0.0000054801
  0.0000007512
 -0.0000003173
  0.0000004285
  0.0000000252
 -0.0000003035
  0.0000000406
 -0.0000006592
  0.0000008100
  0.0000007493
  0.0000034656
  0.0000002052
 -0.0000006176
 -0.0000088994
  0.0000013245
  0.0000001656
 -0.0000011935
  0.0000021161
 -0.0000002362
  0.0000008418
  0.0000014373
 -0.0000002179
  0.0000007381
 -0.0000001055
  0.0000000627
  0.0000002239
  0.0000000472
  0.0000004363
  0.0000000799
 -0.0000000205
 -0.0000001362
 -0.0000006289
 -0.0000004078
  0.0000000631
 -0.0000003665
  0.0000001180
 -0.0000000219
 -0.0000003824
 -0.0000005839
  0.0000001095
 -0.0000000156
 -0.0000001615
  0.0000001119
 -0.0000001615
  0.0000005830
 -0.0000004342
 -0.0000003222
 -0.0000001116
  0.0000001167
 -0.0000000721
 -0.0000004419
  0.0000002224
 -0.0000003087
 -0.0000000800
  0.0000000482
 -0.0000001508
 -0.0000000543
  0.0000000007
  0.0000001325
 -0.0000000814
  0.0000002679
  0.0000002235
  0.0000000479
 -0.0000001327
  0.0000000855
  0.0000002127
 -0.0000002071
 -0.0000005432
 -0.0000000673
  0.0000000145
 -0.0000004009
 -0.0000001320
  0.0000000209
 -0.0000000769
  0.0000001385
 -0.0000002883
  0.0000003200
  0.0000000541
 -0.0000001697
 -0.0000001355
  0.0000000119
 -0.0000003317
  0.0000000836
 -0.0000000058
 -0.0000005108
  0.0000002545
  0.0000000356
  0.0000001098
 -0.0000000237
 -0.0000003956
  0.0000018663
  0.0000009461
 -0.0000001953
 -0.0000056344
  0.0000092888
 -0.0000034561
 -0.0000022941
  0.0000110563
  0.0000038968
 -0.0000034760
  0.0000005776
  0.0000010157
 -0.0000020739
 -0.0000107195
 -0.0000042440
 -0.0000000518
 -0.0000007536
 -0.0000003228
  0.0000005421
  0.0000003622
 -0.0000055140
 -0.0000035183
 -0.0000014167
  0.0000000164
  0.0000145985
  0.0000008783
 -0.0000088688
 -0.0000008023
  0.0000001601
 -0.0000187481
  0.0000003240
  0.0000000457
 -0.0000005764
  0.0000009904
 -0.0000003760
  0.0000008558
  0.0000009648
 -0.0000001500
  0.0000003175
  0.0000000651
  0.0000004025
  0.0000002243
  0.0000000390
 -0.0000010168
 -0.0000000584
  0.0000001359
  0.0000002191
 -0.0000014570
  0.0000004757
  0.0000000652
  0.0000030028
  0.0000001900
  0.0000012600
 -0.0000050056
  0.0000008157
 -0.0000000757
 -0.0000015137
  0.0000016912
 -0.0000001884
  0.0000001936
  0.0000003064
 -0.0000000002
  0.0000001158
 -0.0000001698
 -0.0000010881
 -0.0000011635
 -0.0000008785
 -0.0000002416
 -0.0000011000
 -0.0000007531
 -0.0000000441
 -0.0000003904
 -0.0000007568
 -0.0000003591
 -0.0000004068
 -0.0000001990
 -0.0000002029
 -0.0000005400
 -0.0000006932
 -0.0000011674
 -0.0000006205
 -0.0000009604
 -0.0000002431
 -0.0000016770
 -0.0000002875
 -0.0000003208
 -0.0000011233
 -0.0000005345
 -0.0000003695
 -0.0000010109
 -0.0000007071
 -0.0000007002
 -0.0000003090
 -0.0000018112
 -0.0000003575
 -0.0000001455
 -0.0000002185
 -0.0000002483
 -0.0000031741
 -0.0000002214
 -0.0000005010
 -0.0000001566
 -0.0000003687
 -0.0000004099
 -0.0000004530
 -0.0000003664
 -0.0000001438
 -0.0000004384
 -0.0000001804
 -0.0000002953
 -0.0000001465
  0.0000000950
 -0.0000004896
 -0.0000003542
 -0.0000001715
 -0.0000003017
 -0.0000003054
 -0.0000000198
 -0.0000001658
 -0.0000006532
 -0.0000002918
 -0.0000000537
  0.0000000515
 -0.0000002072
 -0.0000003915
 -0.0000003054
 -0.0000003418
 -0.0000003056
  0.0000000464
 -0.0000014428
 -0.0000001410
 -0.0000001755
 -0.0000003725
 -0.0000003034
  0.0000013389
 -0.0000068365
  0.0000026622
  0.0000021034
 -0.0000076014
  0.0000063059
 -0.0000006623
 -0.0000023973
 -0.0000005457
 -0.0000093780
  0.0000001982
 -0.0000001650
 -0.0000007621
 -0.0000003650
  0.0000000195
  0.0000004056
 -0.0000054367
 -0.0000025826
 -0.0000012344
  0.0000005034
  0.0000141240
 -0.0000003185
 -0.0000046906
 -0.0000002595
  0.0000002695
 -0.0000177359
  0.0000002264
  0.0000004224
 -0.0000005869
  0.0000009070
 -0.0000001290
  0.0000001864
  0.0000010694
  0.0000017696
 -0.0000001556
  0.0000000760
  0.0000005531
 -0.0000018336
  0.0000006146
 -0.0000001242
 -0.0000005853
 -0.0000000356
 -0.0000001018
 -0.0000000791
 -0.0000011551
  0.0000002635
  0.0000002109
  0.0000031030
  0.0000000771
  0.0000005704
 -0.0000098263
  0.0000014734
  0.0000006715
 -0.0000019368
  0.0000016908
 -0.0000001890
  0.0000003329
  0.0000002084
 -0.0000002074
  0.0000005781
  0.0000001145
 -0.0000005785
 -0.0000003021
 -0.0000000794
 -0.0000001832
 -0.0000000356
  0.0000001886
 -0.0000000756
 -0.0000002223
  0.0000001467
  0.0000002149
 -0.0000000068
 -0.0000000043
 -0.0000001404
 -0.0000001754
 -0.0000007618
 -0.0000002796
 -0.0000005473
  0.0000002447
  0.0000003682
  0.0000001604
 -0.0000002816
 -0.0000006457
  0.0000000087
 -0.0000000779
 -0.0000004849
 -0.0000002925
 -0.0000003449
  0.0000001739
  0.0000005314
  0.0000001730
 -0.0000000624
  0.0000001185
 -0.0000001759
 -0.0000003212
 -0.0000000459
  0.0000002525
  0.0000000881
 -0.0000001502
 -0.0000002291
  0.0000001932
 -0.0000001009
 -0.0000000748
 -0.0000000050
  0.0000002066
  0.0000001491
 -0.0000002582
 -0.0000002351
  0.0000001352
  0.0000000142
 -0.0000000496
 -0.0000002221
  0.0000001709
 -0.0000002752
 -0.0000003339
  0.0000002900
 -0.0000001114
 -0.0000001765
 -0.0000000906
 -0.0000000947
 -0.0000000170
 -0.0000000005
 -0.0000000430
 -0.0000000509
  0.0000002294
  0.0000001676
 -0.0000000256
 -0.0000001003
  0.0000003111
  0.0000048184
 -0.0000005462
 -0.0000062774
  0.0000076738
  0.0000072103
 -0.0000128056
  0.0000072614
 -0.0000040171
 -0.0000029345
  0.0000043962
  0.0000012728
 -0.0000031530
  0.0000021029
 -0.0000015871
 -0.0000005976
 -0.0000090682
  0.0000092887
  0.0000010301
 -0.0000005438
 -0.0000001498
 -0.0000009842
 -0.0000007119
 -0.0000025897
 -0.0000056219
 -0.0000010963
  0.0000002752
  0.0000024715
 -0.0000016700
 -0.0000050741
 -0.0000019047
  0.0000001732
 -0.0000140764
 -0.0000009650
  0.0000006016
 -0.0000003994
  0.0000020689
 -0.0000013746
 -0.0000003536
  0.0000004793
  0.0000027681
  0.0000001030
  0.0000000790
  0.0000006456
  0.0000023077
  0.0000001944
 -0.0000000773
 -0.0000005106
  0.0000004882
  0.0000000612
  0.0000001867
 -0.0000011946
  0.0000008059
  0.0000013876
  0.0000018181
  0.0000000903
 -0.0000000039
 -0.0000031487
  0.0000023760
  0.0000005610
 -0.0000002456
  0.0000002470
 -0.0000000632
 -0.0000009660
  0.0000003556
  0.0000007272
  0.0000011039
 -0.0000004948
  0.0000007351
  0.0000008797
 -0.0000000490
  0.0000000869
  0.0000002351
  0.0000000591
 -0.0000012909
  0.0000002230
 -0.0000003957
  0.0000001348
  0.0000003162
  0.0000003346
 -0.0000000131
 -0.0000003851
  0.0000002145
  0.0000002279
  0.0000001799
  0.0000000870
  0.0000007742
  0.0000001198
 -0.0000010149
 -0.0000000231
  0.0000001334
  0.0000004229
 -0.0000000171
  0.0000001820
 -0.0000002048
 -0.0000000816
 -0.0000000849
 -0.0000000914
 -0.0000000303
 -0.0000000597
 -0.0000003036
 -0.0000001010
 -0.0000001280
 -0.0000001278
 -0.0000000112
  0.0000001007
 -0.0000001510
 -0.0000002852
 -0.0000006351
 -0.0000002139
 -0.0000002309
 -0.0000004673
 -0.0000000317
 -0.0000000983
 -0.0000001528
 -0.0000000813
 -0.0000001567
  0.0000000690
 -0.0000000642
 -0.0000000705
 -0.0000001783
 -0.0000000917
 -0.0000005063
 -0.0000002330
  0.0000000765
 -0.0000000014
  0.0000004161
 -0.0000001365
 -0.0000001968
 -0.0000005325
  0.0000003717
  0.0000050342
 -0.0000013656
 -0.0000060523
  0.0000085225
  0.0000074744
 -0.0000120059
  0.0000074784
 -0.0000046947
 -0.0000037024
  0.0000033547
  0.0000014122
 -0.0000041356
  0.0000012781
 -0.0000013798
 -0.0000008360
 -0.0000091136
  0.0000050699
 -0.0000000001
 -0.0000005461
 -0.0000005401
 -0.0000004382
 -0.0000005681
 -0.0000037740
 -0.0000041897
 -0.0000010848
 -0.0000001427
  0.0000046179
 -0.0000053542
 -0.0000021773
 -0.0000015699
 -0.0000002882
 -0.0000147670
  0.0000009617
 -0.0000002337
  0.0000022892
  0.0000011468
  0.0000003920
  0.0000005188
  0.0000015507
 -0.0000006059
 -0.0000003269
  0.0000003305
  0.0000027294
  0.0000013179
  0.0000000069
  0.0000012606
 -0.0000001802
  0.0000000412
 -0.0000000049
  0.0000014281
  0.0000006859
  0.0000002599
  0.0000021556
 -0.0000002613
  0.0000013835
 -0.0000049901
  0.0000013037
  0.0000004289
 -0.0000011548
  0.0000005562
 -0.0000005083
  0.0000013233
  0.0000010059
  0.0000005843
  0.0000000197
 -0.0000005814
  0.0000003348
  0.0000006033
  0.0000002422
 -0.0000000983
 -0.0000000781
  0.0000004488
  0.0000002114
 -0.0000017300
 -0.0000006790
  0.0000003953
  0.0000003461
  0.0000007817
 -0.0000000238
 -0.0000003684
  0.0000001196
 -0.0000005098
  0.0000002663
  0.0000002589
  0.0000005119
  0.0000000693
 -0.0000015395
  0.0000005452
 -0.0000001189
  0.0000004031
 -0.0000004350
 -0.0000007323
  0.0000003146
  0.0000005216
 -0.0000002661
  0.0000004016
  0.0000002439
 -0.0000000484
  0.0000004048
  0.0000002888
 -0.0000000208
 -0.0000002893
  0.0000000880
  0.0000000643
  0.0000001781
  0.0000001256
  0.0000001116
  0.0000000144
  0.0000000022
  0.0000001437
  0.0000001178
 -0.0000000388
  0.0000002202
 -0.0000000707
  0.0000001019
 -0.0000003812
 -0.0000000521
  0.0000003028
  0.0000000040
 -0.0000000511
  0.0000002024
  0.0000001838
  0.0000000845
  0.0000000092
 -0.0000000140
  0.0000001400
  0.0000003374
  0.0000000426
  0.0000000479
 -0.0000000980
  0.0000026142
  0.0000021536
 -0.0000059615
 -0.0000040584
  0.0000066722
 -0.0000026016
 -0.0000005306
 -0.0000017453
 -0.0000103735
 -0.0000020420
  0.0000000496
  0.0000002634
  0.0000002092
 -0.0000004207
  0.0000002009
 -0.0000061227
 -0.0000033118
 -0.0000002124
  0.0000000294
  0.0000150675
  0.0000003154
 -0.0000055565
 -0.0000009808
 -0.0000000502
 -0.0000177644
  0.0000002211
  0.0000000178
 -0.0000003409
  0.0000004481
  0.0000001046
  0.0000003008
  0.0000010090
  0.0000011732
 -0.0000003604
  0.0000001514
  0.0000001768
  0.0000003671
  0.0000001607
 -0.0000001968
 -0.0000003677
  0.0000001689
 -0.0000000628
  0.0000002628
 -0.0000009497
  0.0000002888
  0.0000007306
  0.0000029087
  0.0000003023
  0.0000011489
 -0.0000055932
  0.0000010539
  0.0000003394
 -0.0000016258
  0.0000014491
 -0.0000000764
 -0.0000001407
 -0.0000002057
  0.0000001207
  0.0000010337
 -0.0000003878
 -0.0000001198
  0.0000000579
 -0.0000001387
  0.0000003099
 -0.0000001044
 -0.0000000923
 -0.0000002691
 -0.0000010699
 -0.0000000585
 -0.0000005923
 -0.0000000596
 -0.0000001936
 -0.0000005931
 -0.0000002067
 -0.0000000001
 -0.0000002975
  0.0000000677
  0.0000003615
 -0.0000006313
 -0.0000001232
 -0.0000003251
  0.0000000875
 -0.0000003565
 -0.0000004698
 -0.0000000589
 -0.0000002245
  0.0000001340
  0.0000000099
 -0.0000001975
  0.0000000018
  0.0000000505
 -0.0000001223
  0.0000001000
 -0.0000000360
  0.0000000762
 -0.0000001173
 -0.0000000972
 -0.0000001044
 -0.0000001884
 -0.0000000459
 -0.0000001189
 -0.0000000747
  0.0000001314
 -0.0000000622
 -0.0000000556
 -0.0000001798
  0.0000000340
  0.0000001281
 -0.0000001329
 -0.0000001493
 -0.0000001807
 -0.0000000056
 -0.0000002424
  0.0000000368
 -0.0000004723
 -0.0000000839
  0.0000000029
 -0.0000001889
  0.0000000695
 -0.0000001812
  0.0000026261
  0.0000072568
  0.0000010460
 -0.0000036058
  0.0000110957
  0.0000038978
 -0.0000087274
  0.0000072717
 -0.0000050788
 -0.0000033269
  0.0000065983
  0.0000053882
 -0.0000032708
  0.0000014529
  0.0000016433
 -0.0000015688
 -0.0000092192
  0.0000015054
 -0.0000004289
 -0.0000008309
  0.0000001219
 -0.0000000849
  0.0000000230
 -0.0000054054
 -0.0000028976
 -0.0000013149
 -0.0000001451
  0.0000092109
 -0.0000023949
 -0.0000100218
 -0.0000005567
 -0.0000002243
 -0.0000172304
 -0.0000008915
 -0.0000001537
 -0.0000003003
  0.0000007108
  0.0000000255
  0.0000008711
  0.0000012540
 -0.0000004758
 -0.0000000200
  0.0000000392
  0.0000037436
  0.0000001920
  0.0000002375
  0.0000005936
  0.0000001117
  0.0000001330
 -0.0000000120
 -0.0000001594
 -0.0000000924
  0.0000001230
  0.0000025390
  0.0000000878
  0.0000025584
 -0.0000035601
  0.0000009585
  0.0000001358
 -0.0000012228
  0.0000014591
 -0.0000001735
 -0.0000002545
  0.0000001090
  0.0000004660
 -0.0000001898
 -0.0000002070
  0.0000001165
 -0.0000001208
 -0.0000005778
 -0.0000003353
  0.0000000209
 -0.0000001980
 -0.0000003626
 -0.0000005691
 -0.0000001854
 -0.0000002222
 -0.0000002047
 -0.0000001268
 -0.0000000524
 -0.0000002765
 -0.0000000917
 -0.0000001797
 -0.0000003577
 -0.0000002192
 -0.0000002572
 -0.0000001514
 -0.0000000356
 -0.0000004278
 -0.0000000171
 -0.0000000659
 -0.0000003143
 -0.0000003212
  0.0000000167
 -0.0000000733
 -0.0000001278
 -0.0000004096
 -0.0000001760
 -0.0000003807
  0.0000000117
 -0.0000003492
 -0.0000001607
 -0.0000001083
 -0.0000001215
 -0.0000004030
 -0.0000001234
 -0.0000001071
 -0.0000003069
 -0.0000002103
 -0.0000001713
 -0.0000000070
 -0.0000004182
 -0.0000000317
 -0.0000005839
 -0.0000000627
 -0.0000001903
 -0.0000003120
 -0.0000003259
 -0.0000000750
  0.0000019754
  0.0000024368
 -0.0000004662
 -0.0000072214
  0.0000038783
  0.0000002835
 -0.0000090747
  0.0000049895
 -0.0000031245
  0.0000025234
  0.0000009955
 -0.0000007935
 -0.0000013895
  0.0000045667
  0.0000030932
 -0.0000007358
 -0.0000096530
  0.0000090816
  0.0000004588
 -0.0000014499
 -0.0000001274
 -0.0000012344
 -0.0000007807
 -0.0000024314
 -0.0000047770
 -0.0000018614
  0.0000000445
  0.0000011511
 -0.0000009936
  0.0000089863
 -0.0000023124
 -0.0000000284
 -0.0000142249
  0.0000009851
  0.0000000186
 -0.0000004285
  0.0000003427
  0.0000004932
 -0.0000004945
  0.0000000690
 -0.0000001282
  0.0000012337
  0.0000000512
 -0.0000004859
  0.0000001685
  0.0000001759
 -0.0000011472
 -0.0000000065
 -0.0000005583
 -0.0000005513
 -0.0000001177
  0.0000007391
 -0.0000006216
 -0.0000000652
 -0.0000001231
 -0.0000000832
 -0.0000002858
 -0.0000001669
  0.0000000052
 -0.0000000920
 -0.0000000499
 -0.0000001847
 -0.0000000053
 -0.0000002125
 -0.0000002380
 -0.0000001293
  0.0000000853
 -0.0000002204
 -0.0000003126
 -0.0000000853
 -0.0000002345
 -0.0000002382
  0.0000000608
 -0.0000002047
  0.0000001634
 -0.0000000595
 -0.0000001946
  0.0000001329
 -0.0000001295
 -0.0000002646
 -0.0000001234
 -0.0000003332
 -0.0000002467
 -0.0000001286
 -0.0000000250
 -0.0000000727
 -0.0000001559
 -0.0000001552
  0.0000028101
  0.0000001331
  0.0000005889
 -0.0000068733
  0.0000026519
  0.0000012097
 -0.0000065884
  0.0000040239
 -0.0000025404
  0.0000030673
 -0.0000002842
 -0.0000004328
 -0.0000021357
  0.0000010399
  0.0000030863
 -0.0000002936
 -0.0000044242
 -0.0000005808
 -0.0000013301
  0.0000005500
 -0.0000001365
  0.0000012893
 -0.0000003243
 -0.0000013881
 -0.0000057848
  0.0000000023
  0.0000000752
  0.0000098756
 -0.0000001302
  0.0000227520
 -0.0000016493
 -0.0000007414
 -0.0000127245
  0.0000002825
  0.0000007165
 -0.0000003041
 -0.0000000889
  0.0000000710
 -0.0000011099
 -0.0000003924
 -0.0000001422
  0.0000009972
 -0.0000002494
  0.0000007687
 -0.0000002058
  0.0000007242
 -0.0000003180
  0.0000002541
 -0.0000012259
  0.0000006420
  0.0000008249
  0.0000000628
 -0.0000000633
 -0.0000001401
 -0.0000015127
 -0.0000006352
 -0.0000001261
  0.0000005558
 -0.0000003435
 -0.0000001218
 -0.0000001122
 -0.0000003157
  0.0000000583
  0.0000000084
  0.0000006094
 -0.0000000897
 -0.0000000548
  0.0000001159
 -0.0000001523
  0.0000000043
 -0.0000003896
  0.0000000530
  0.0000000881
  0.0000007516
  0.0000003986
 -0.0000000248
  0.0000000370
 -0.0000002517
 -0.0000005876
  0.0000001227
  0.0000044756
  0.0000026350
  0.0000015741
 -0.0000070038
  0.0000019871
  0.0000002620
 -0.0000050018
 -0.0000007359
 -0.0000010166
  0.0000038298
  0.0000008108
 -0.0000005495
 -0.0000020220
  0.0000012917
  0.0000015938
  0.0000004827
 -0.0000000538
 -0.0000013739
 -0.0000004269
 -0.0000001334
 -0.0000033182
 -0.0000014366
 -0.0000005441
 -0.0000006657
  0.0000044004
  0.0000001090
  0.0000000026
 -0.0000068340
 -0.0000001131
 -0.0000003114
  0.0000003518
 -0.0000002697
  0.0000000051
 -0.0000000293
 -0.0000007943
 -0.0000014295
  0.0000001814
 -0.0000001415
 -0.0000001610
  0.0000011036
  0.0000001074
 -0.0000000174
 -0.0000002403
 -0.0000001394
 -0.0000003293
 -0.0000001180
 -0.0000003419
 -0.0000001129
 -0.0000007335
 -0.0000001052
  0.0000004584
 -0.0000005000
 -0.0000003820
 -0.0000000454
  0.0000001571
 -0.0000008448
 -0.0000000613
 -0.0000000407
 -0.0000001202
 -0.0000000932
 -0.0000002207
  0.0000002728
  0.0000001707
  0.0000002271
  0.0000002495
  0.0000003004
  0.0000001714
  0.0000002671
  0.0000002694
  0.0000002919
 -0.0000000401
  0.0000003021
 -0.0000000618
 -0.0000000832
  0.0000000194
  0.0000003163
 -0.0000001195
 -0.0000001419
  0.0000000854
  0.0000000161
 -0.0000001142
 -0.0000001442
  0.0000001959
 -0.0000000395
  0.0000002871
  0.0000001481
 -0.0000000393
  0.0000003061
  0.0000000178
 -0.0000001153
  0.0000001537
  0.0000001819
 -0.0000002136
 -0.0000000737
  0.0000001142
  0.0000008644
  0.0000001276
  0.0000000575
  0.0000000116
  0.0000000301
  0.0000022105
  0.0000013986
  0.0000004007
 -0.0000069047
  0.0000009436
  0.0000001581
 -0.0000066537
  0.0000061970
 -0.0000023783
  0.0000027339
 -0.0000004435
  0.0000012525
 -0.0000027764
  0.0000021909
  0.0000029814
 -0.0000001544
 -0.0000046769
 -0.0000020557
 -0.0000018478
  0.0000004003
  0.0000000300
  0.0000001623
 -0.0000002080
 -0.0000018122
 -0.0000072052
  0.0000007126
  0.0000002353
  0.0000113437
 -0.0000005325
  0.0000208249
 -0.0000024476
 -0.0000005684
 -0.0000121428
  0.0000006413
 -0.0000000117
  0.0000010410
  0.0000000610
  0.0000000765
 -0.0000000373
 -0.0000002032
 -0.0000011713
  0.0000000460
  0.0000007794
  0.0000001539
 -0.0000000844
  0.0000011059
 -0.0000003905
  0.0000007174
 -0.0000000989
 -0.0000004318
  0.0000001900
  0.0000002298
  0.0000007370
 -0.0000004757
  0.0000002200
 -0.0000013308
 -0.0000007040
 -0.0000002162
  0.0000007440
 -0.0000001648
  0.0000001546
 -0.0000004951
  0.0000001317
  0.0000001435
 -0.0000005897
 -0.0000000453
 -0.0000000923
 -0.0000000877
 -0.0000000663
 -0.0000000897
 -0.0000001742
 -0.0000001318
 -0.0000001356
 -0.0000001377
 -0.0000001032
 -0.0000000508
 -0.0000002121
 -0.0000002259
  0.0000000391
 -0.0000001994
 -0.0000002180
 -0.0000000482
  0.0000000968
 -0.0000002178
 -0.0000002775
  0.0000002767
 -0.0000000736
 -0.0000001940
 -0.0000001822
 -0.0000003337
 -0.0000001883
 -0.0000002184
  0.0000000224
 -0.0000000916
 -0.0000000717
 -0.0000000955
 -0.0000000184
  0.0000030658
 -0.0000001607
  0.0000004643
 -0.0000069762
  0.0000032296
  0.0000011324
 -0.0000065559
  0.0000037515
 -0.0000026471
  0.0000030755
 -0.0000003077
 -0.0000004897
 -0.0000020578
  0.0000011791
  0.0000026961
 -0.0000002711
 -0.0000043934
 -0.0000021584
 -0.0000020570
  0.0000003554
 -0.0000000272
  0.0000001999
 -0.0000002804
 -0.0000018344
 -0.0000069173
  0.0000008152
  0.0000001755
  0.0000115407
 -0.0000004538
  0.0000205484
 -0.0000023269
 -0.0000006158
 -0.0000123929
  0.0000002267
  0.0000000008
  0.0000007714
 -0.0000002318
  0.0000000536
  0.0000000916
 -0.0000011329
 -0.0000000453
  0.0000010790
 -0.0000001734
  0.0000007988
 -0.0000003247
  0.0000008351
  0.0000003094
 -0.0000006984
  0.0000006555
  0.0000008385
 -0.0000000339
 -0.0000000038
 -0.0000001977
 -0.0000014232
 -0.0000006851
  0.0000000201
  0.0000006737
 -0.0000002394
 -0.0000000004
  0.0000002871
  0.0000001258
  0.0000001624
  0.0000000060
 -0.0000000025
 -0.0000000938
  0.0000000525
 -0.0000000446
 -0.0000001111
  0.0000000872
 -0.0000000915
  0.0000003441
 -0.0000002300
  0.0000004419
  0.0000002825
  0.0000001792
  0.0000001801
  0.0000001624
  0.0000003869
 -0.0000001283
 -0.0000001733
  0.0000002043
 -0.0000000298
 -0.0000001564
  0.0000000813
 -0.0000000279
 -0.0000002077
 -0.0000003924
  0.0000001867
  0.0000000772
  0.0000000659
  0.0000004965
  0.0000034115
  0.0000003936
  0.0000008035
 -0.0000068460
  0.0000032408
 -0.0000007681
 -0.0000044262
  0.0000029642
 -0.0000028429
  0.0000031491
 -0.0000000408
  0.0000001483
 -0.0000020156
  0.0000018289
  0.0000019795
  0.0000001919
 -0.0000084512
  0.0000004080
  0.0000000225
  0.0000006618
 -0.0000001160
  0.0000023564
 -0.0000001610
 -0.0000028783
 -0.0000016867
  0.0000003250
  0.0000005352
  0.0000034226
 -0.0000002452
  0.0000183547
  0.0000013904
 -0.0000006151
 -0.0000123594
  0.0000001155
 -0.0000009197
  0.0000007749
 -0.0000000933
  0.0000002156
 -0.0000000098
 -0.0000007681
 -0.0000001157
  0.0000000939
 -0.0000000338
  0.0000008766
  0.0000000537
  0.0000010168
  0.0000001586
  0.0000007434
 -0.0000003501
  0.0000000853
 -0.0000000092
  0.0000000209
 -0.0000007095
 -0.0000003300
  0.0000001438
 -0.0000000765
  0.0000002416
  0.0000004205
 -0.0000000839
 -0.0000001038
 -0.0000005033
 -0.0000001932
 -0.0000003102
 -0.0000001530
 -0.0000001022
  0.0000000338
 -0.0000001707
 -0.0000002010
 -0.0000001448
  0.0000000213
 -0.0000000340
 -0.0000001249
 -0.0000001095
 -0.0000000471
 -0.0000001809
 -0.0000000141
 -0.0000000334
  0.0000000839
 -0.0000002130
 -0.0000002222
 -0.0000001900
 -0.0000001741
 -0.0000001693
 -0.0000000744
  0.0000000370
 -0.0000001488
 -0.0000002758
  0.0000002239
 -0.0000000451
 -0.0000001737
 -0.0000001863
 -0.0000001440
 -0.0000003219
 -0.0000001596
  0.0000000019
 -0.0000004500
 -0.0000000053
  0.0000000076
 -0.0000000243
 -0.0000000169
 -0.0000001598
  0.0000029963
 -0.0000000108
  0.0000004250
 -0.0000070174
  0.0000024495
  0.0000013751
 -0.0000066173
  0.0000040471
 -0.0000028738
  0.0000029917
 -0.0000003733
 -0.0000004311
 -0.0000022058
  0.0000011153
  0.0000029045
  0.0000001235
 -0.0000065165
  0.0000065049
 -0.0000008528
 -0.0000001058
 -0.0000001219
 -0.0000005036
 -0.0000003838
 -0.0000018163
 -0.0000049156
 -0.0000000632
 -0.0000001155
  0.0000072687
 -0.0000011414
  0.0000173137
 -0.0000025600
  0.0000000780
 -0.0000136018
  0.0000002145
  0.0000000866
  0.0000011029
  0.0000003463
 -0.0000004760
  0.0000004092
 -0.0000004689
  0.0000008296
  0.0000001968
  0.0000011321
  0.0000006884
 -0.0000002337
  0.0000006798
  0.0000010247
 -0.0000001820
 -0.0000002388
 -0.0000002470
  0.0000001318
  0.0000008066
  0.0000000634
 -0.0000000977
 -0.0000001388
 -0.0000002671
 -0.0000002924
 -0.0000003098
 -0.0000000760
 -0.0000003054
 -0.0000001853
 -0.0000002780
 -0.0000002382
 -0.0000001689
 -0.0000001989
 -0.0000001667
 -0.0000001701
 -0.0000002231
 -0.0000001714
 -0.0000000724
 -0.0000001976
 -0.0000001503
 -0.0000001715
 -0.0000000462
 -0.0000001530
  0.0000000607
 -0.0000002682
 -0.0000000961
  0.0000000007
 -0.0000001499
 -0.0000002030
  0.0000000211
 -0.0000003422
 -0.0000003901
  0.0000002213
 -0.0000001439
 -0.0000002597
 -0.0000002975
 -0.0000002563
 -0.0000002445
 -0.0000002544
 -0.0000003581
 -0.0000000514
  0.0000000660
 -0.0000000993
 -0.0000000899
  0.0000001313
  0.0000023849
  0.0000023085
 -0.0000000168
 -0.0000064760
  0.0000005034
  0.0000000878
 -0.0000082346
  0.0000058217
 -0.0000021730
  0.0000011466
  0.0000012089
  0.0000010522
 -0.0000030743
  0.0000035095
  0.0000019663
 -0.0000000498
 -0.0000064422
 -0.0000010807
 -0.0000024167
  0.0000000599
  0.0000000886
 -0.0000004671
 -0.0000000724
 -0.0000008565
 -0.0000048902
  0.0000010969
  0.0000000715
  0.0000102415
  0.0000004898
  0.0000191225
 -0.0000016801
 -0.0000002374
 -0.0000141711
  0.0000007086
  0.0000003030
  0.0000003200
  0.0000000247
 -0.0000003147
 -0.0000003658
  0.0000005629
 -0.0000001910
  0.0000001454
  0.0000014541
  0.0000004511
  0.0000000243
 -0.0000003028
  0.0000001559
  0.0000000279
  0.0000000658
 -0.0000002666
 -0.0000001806
  0.0000000288
  0.0000011133
  0.0000010478
  0.0000000531
 -0.0000001442
 -0.0000001833
 -0.0000003262
 -0.0000004237
  0.0000005515
 -0.0000002278
  0.0000001385
 -0.0000003191
  0.0000000234
 -0.0000000151
 -0.0000001101
  0.0000000067
 -0.0000001432
 -0.0000001985
  0.0000000795
 -0.0000000950
 -0.0000002115
 -0.0000001225
 -0.0000001547
 -0.0000001144
  0.0000000751
  0.0000002121
 -0.0000001826
  0.0000001649
 -0.0000002212
 -0.0000002268
 -0.0000002159
 -0.0000001162
  0.0000000937
  0.0000000166
 -0.0000000559
 -0.0000001639
  0.0000036153
  0.0000022693
  0.0000010488
 -0.0000068370
  0.0000022952
 -0.0000000793
 -0.0000041080
  0.0000013360
 -0.0000007229
  0.0000030072
  0.0000000038
 -0.0000011029
 -0.0000021392
  0.0000017792
  0.0000016487
 -0.0000002153
 -0.0000050839
 -0.0000009308
 -0.0000010999
  0.0000003290
 -0.0000000523
  0.0000019966
 -0.0000002905
 -0.0000005487
 -0.0000036862
 -0.0000002852
  0.0000000205
  0.0000055438
  0.0000017660
  0.0000213325
 -0.0000011875
 -0.0000007212
 -0.0000126089
  0.0000001214
  0.0000009707
  0.0000000825
  0.0000004220
 -0.0000001545
 -0.0000002396
  0.0000002580
 -0.0000019933
  0.0000000076
  0.0000008850
  0.0000002054
  0.0000013235
  0.0000007806
 -0.0000000569
  0.0000000545
  0.0000002170
 -0.0000006624
  0.0000001778
  0.0000002036
 -0.0000000117
  0.0000001586
  0.0000004579
 -0.0000001570
 -0.0000000847
 -0.0000010623
 -0.0000002496
 -0.0000000755
 -0.0000002522
 -0.0000001227
 -0.0000001754
 -0.0000001579
 -0.0000003189
 -0.0000001363
 -0.0000005758
 -0.0000001818
 -0.0000003372
 -0.0000002152
 -0.0000001562
 -0.0000001441
 -0.0000000786
 -0.0000001581
 -0.0000002110
 -0.0000002001
 -0.0000001299
 -0.0000001762
 -0.0000001662
 -0.0000000902
 -0.0000001615
 -0.0000001421
 -0.0000002041
 -0.0000001937
 -0.0000001367
 -0.0000002003
 -0.0000002088
 -0.0000002397
  0.0000000236
 -0.0000002525
 -0.0000003669
  0.0000001403
 -0.0000001873
 -0.0000003007
 -0.0000002469
 -0.0000001952
 -0.0000003345
 -0.0000002560
 -0.0000001564
  0.0000000722
 -0.0000000738
 -0.0000000930
 -0.0000001808
  0.0000020404
  0.0000025077
 -0.0000007592
 -0.0000071163
  0.0000020776
  0.0000013019
 -0.0000079905
  0.0000060254
 -0.0000020394
  0.0000015117
  0.0000012157
  0.0000006862
 -0.0000025186
  0.0000031521
  0.0000022126
  0.0000001238
 -0.0000052732
  0.0000053680
 -0.0000006810
 -0.0000002321
  0.0000000247
 -0.0000009338
 -0.0000003943
 -0.0000028962
 -0.0000046870
 -0.0000001999
 -0.0000001160
  0.0000072468
 -0.0000009007
  0.0000154283
 -0.0000027793
  0.0000001050
 -0.0000141744
  0.0000006219
 -0.0000000447
 -0.0000006148
  0.0000001507
  0.0000000604
 -0.0000004161
 -0.0000009703
  0.0000006774
 -0.0000005927
 -0.0000002323
 -0.0000000805
  0.0000008226
 -0.0000000361
  0.0000000428
 -0.0000005629
 -0.0000009722
  0.0000000618
 -0.0000005255
  0.0000002152
 -0.0000004406
 -0.0000006732
 -0.0000002364
 -0.0000002853
 -0.0000004091
 -0.0000000266
 -0.0000001326
 -0.0000003932
  0.0000000136
 -0.0000000499
  0.0000000391
  0.0000000904
  0.0000001037
 -0.0000000330
  0.0000000859
 -0.0000001357
 -0.0000000241
 -0.0000000522
 -0.0000001454
 -0.0000000332
 -0.0000001874
 -0.0000001342
 -0.0000001338
 -0.0000001223
 -0.0000000371
 -0.0000000263
 -0.0000000425
 -0.0000001134
 -0.0000001989
 -0.0000003506
 -0.0000001940
 -0.0000000657
 -0.0000000339
  0.0000000011
 -0.0000001019
 -0.0000000838
 -0.0000001927
 -0.0000001535
  0.0000002162
 -0.0000001136
 -0.0000000652
 -0.0000002021
 -0.0000001597
 -0.0000000853
 -0.0000000952
  0.0000000241
 -0.0000004407
 -0.0000000539
 -0.0000000153
  0.0000000390
 -0.0000000237
 -0.0000001008
  0.0000026246
  0.0000023012
  0.0000001811
 -0.0000064436
  0.0000008227
  0.0000003373
 -0.0000081418
  0.0000059103
 -0.0000020640
  0.0000014809
  0.0000009750
  0.0000011262
 -0.0000029498
  0.0000036748
  0.0000021237
 -0.0000004886
 -0.0000099916
 -0.0000005241
  0.0000003506
 -0.0000010220
 -0.0000002335
 -0.0000005890
 -0.0000009225
 -0.0000025164
 -0.0000033617
 -0.0000003628
 -0.0000002271
  0.0000085323
  0.0000002977
  0.0000121370
 -0.0000020770
 -0.0000006477
 -0.0000176075
  0.0000005206
  0.0000003898
 -0.0000004877
  0.0000001187
 -0.0000007059
  0.0000007896
 -0.0000001530
  0.0000012859
  0.0000015200
  0.0000000435
 -0.0000003820
 -0.0000004148
  0.0000001398
 -0.0000003926
  0.0000004702
 -0.0000003630
 -0.0000011889
 -0.0000002467
 -0.0000000232
 -0.0000002662
  0.0000001177
  0.0000000653
  0.0000001022
 -0.0000000503
  0.0000003595
  0.0000000046
  0.0000004733
  0.0000002500
  0.0000002012
  0.0000003634
 -0.0000000620
  0.0000003040
  0.0000000717
 -0.0000000825
 -0.0000000186
  0.0000003498
  0.0000002169
  0.0000005110
  0.0000039443
  0.0000025722
  0.0000013804
 -0.0000071445
  0.0000018134
  0.0000001232
 -0.0000046867
  0.0000001425
 -0.0000009718
  0.0000035245
 -0.0000003971
 -0.0000009178
 -0.0000023262
  0.0000013262
  0.0000008414
  0.0000001815
 -0.0000073720
  0.0000003691
  0.0000003068
  0.0000008310
  0.0000001113
  0.0000026023
 -0.0000000558
 -0.0000010488
 -0.0000015396
  0.0000003103
  0.0000005635
  0.0000021746
  0.0000004994
  0.0000180510
  0.0000013441
 -0.0000003779
 -0.0000121742
 -0.0000002413
 -0.0000006224
  0.0000006286
 -0.0000005952
 -0.0000001580
 -0.0000000274
 -0.0000005333
 -0.0000002428
 -0.0000002552
  0.0000010185
  0.0000001533
  0.0000007848
 -0.0000002900
  0.0000000140
 -0.0000003436
 -0.0000002389
  0.0000006915
 -0.0000002638
 -0.0000004699
 -0.0000000551
  0.0000000341
 -0.0000001003
  0.0000000640
 -0.0000003217
 -0.0000004344
 -0.0000007160
 -0.0000005052
 -0.0000004843
 -0.0000007546
 -0.0000005459
 -0.0000004568
 -0.0000005985
 -0.0000004736
 -0.0000004307
 -0.0000005160
 -0.0000004517
  0.0000000112
 -0.0000007916
  0.0000006185
 -0.0000001998
 -0.0000002325
 -0.0000002021
 -0.0000001332
  0.0000000259
  0.0000003010
 -0.0000003459
 -0.0000004548
 -0.0000008363
 -0.0000008879
 -0.0000001221
 -0.0000012584
 -0.0000014738
 -0.0000000630
 -0.0000001272
  0.0000038158
  0.0000026368
  0.0000012301
 -0.0000073939
  0.0000017445
  0.0000001503
 -0.0000049218
 -0.0000002668
 -0.0000012892
  0.0000033468
 -0.0000003623
 -0.0000007252
 -0.0000025684
  0.0000010233
  0.0000013438
  0.0000000501
 -0.0000006405
 -0.0000001525
 -0.0000010508
  0.0000016825
 -0.0000011470
 -0.0000005787
 -0.0000015075
  0.0000048819
 -0.0000003618
 -0.0000027643
 -0.0000073339
 -0.0000004509
 -0.0000005958
  0.0000001033
 -0.0000003511
 -0.0000000050
 -0.0000003018
 -0.0000010549
 -0.0000016880
 -0.0000000437
 -0.0000004538
 -0.0000004874
  0.0000010166
 -0.0000001291
 -0.0000002153
 -0.0000002397
 -0.0000005301
 -0.0000004104
 -0.0000005358
 -0.0000001921
 -0.0000004194
 -0.0000004510
 -0.0000008980
 -0.0000003438
  0.0000001367
 -0.0000008040
 -0.0000006607
 -0.0000002323
 -0.0000001813
 -0.0000010417
 -0.0000003387
 -0.0000005398
 -0.0000001262
 -0.0000006413
 -0.0000004987
  0.0000002853
 -0.0000000055
 -0.0000001294
 -0.0000001225
 -0.0000002026
  0.0000002174
  0.0000003683
  0.0000000328
  0.0000001218
 -0.0000002127
 -0.0000003749
  0.0000004021
  0.0000002819
  0.0000044545
  0.0000025985
  0.0000014960
 -0.0000071423
  0.0000019297
  0.0000002506
 -0.0000050635
 -0.0000007015
 -0.0000010741
  0.0000038771
  0.0000007376
 -0.0000006553
 -0.0000022548
  0.0000012306
  0.0000014001
  0.0000001345
 -0.0000024859
 -0.0000012674
 -0.0000007225
  0.0000000710
  0.0000001633
  0.0000002485
 -0.0000000646
  0.0000080372
 -0.0000008040
 -0.0000003760
 -0.0000000863
 -0.0000003156
  0.0000003229
 -0.0000002265
 -0.0000001277
 -0.0000001906
 -0.0000006402
 -0.0000010459
 -0.0000000939
 -0.0000001915
 -0.0000002340
  0.0000011325
  0.0000000570
  0.0000000006
 -0.0000002604
 -0.0000000818
 -0.0000002761
 -0.0000001669
 -0.0000009612
 -0.0000001409
  0.0000004339
 -0.0000005236
 -0.0000003700
 -0.0000001111
  0.0000001105
 -0.0000013136
 -0.0000001184
  0.0000000892
 -0.0000000921
 -0.0000003178
 -0.0000002456
  0.0000002093
 -0.0000001717
 -0.0000005769
  0.0000000151
  0.0000000371
 -0.0000000465
 -0.0000002955
 -0.0000000894
  0.0000000951
 -0.0000005278
 -0.0000001927
 -0.0000001012
 -0.0000000326
  0.0000001055
 -0.0000000063
 -0.0000000986
 -0.0000000538
 -0.0000001930
 -0.0000000050
 -0.0000000266
  0.0000000260
 -0.0000001901
 -0.0000002557
 -0.0000002490
 -0.0000000626
 -0.0000001777
 -0.0000001507
 -0.0000000809
 -0.0000001181
  0.0000000481
 -0.0000001201
 -0.0000002844
  0.0000002395
 -0.0000000968
 -0.0000001714
 -0.0000000721
 -0.0000000051
 -0.0000002686
 -0.0000001387
 -0.0000000731
 -0.0000000230
  0.0000000415
 -0.0000000061
  0.0000000038
 -0.0000001066
  0.0000021021
  0.0000026046
 -0.0000007305
 -0.0000068812
  0.0000020444
  0.0000014085
 -0.0000079362
  0.0000060855
 -0.0000015905
  0.0000013667
  0.0000012957
  0.0000007959
 -0.0000027283
  0.0000032152
  0.0000022486
  0.0000001052
 -0.0000048325
  0.0000015228
 -0.0000003951
 -0.0000007370
 -0.0000001621
 -0.0000008619
 -0.0000004725
 -0.0000034219
 -0.0000043897
 -0.0000003863
 -0.0000002531
  0.0000096157
 -0.0000000835
  0.0000155088
 -0.0000024039
 -0.0000003392
 -0.0000163844
  0.0000007353
  0.0000001755
 -0.0000006903
  0.0000003768
 -0.0000003103
 -0.0000004218
  0.0000013184
 -0.0000006068
 -0.0000000051
  0.0000001445
  0.0000009239
  0.0000000130
 -0.0000000060
 -0.0000000168
 -0.0000006465
  0.0000000271
 -0.0000004680
  0.0000010509
 -0.0000003688
 -0.0000007481
 -0.0000002901
 -0.0000002053
  0.0000006733
 -0.0000002341
 -0.0000001378
 -0.0000004093
 -0.0000002061
 -0.0000002917
 -0.0000002302
 -0.0000000771
 -0.0000001658
  0.0000000510
 -0.0000001827
 -0.0000002255
 -0.0000000339
 -0.0000002571
 -0.0000001820
 -0.0000002436
 -0.0000002944
 -0.0000002604
 -0.0000002016
  0.0000000418
 -0.0000001275
  0.0000001781
 -0.0000002761
 -0.0000002673
  0.0000001302
 -0.0000001147
 -0.0000002516
 -0.0000003250
 -0.0000000906
 -0.0000002324
 -0.0000003129
 -0.0000006063
 -0.0000006030
  0.0000001156
 -0.0000000120
 -0.0000000568
 -0.0000003328
  0.0000027134
  0.0000001924
  0.0000005593
 -0.0000069375
  0.0000025615
  0.0000011164
 -0.0000066238
  0.0000040300
 -0.0000025575
  0.0000030958
 -0.0000002603
 -0.0000004637
 -0.0000021741
  0.0000011696
  0.0000031505
 -0.0000000968
 -0.0000052894
 -0.0000007807
 -0.0000010906
  0.0000001345
 -0.0000001581
  0.0000017990
 -0.0000003758
 -0.0000007478
 -0.0000040680
 -0.0000003990
 -0.0000001517
  0.0000053663
  0.0000015848
  0.0000218201
 -0.0000014791
 -0.0000006466
 -0.0000127206
  0.0000002672
  0.0000004360
 -0.0000002204
 -0.0000001063
  0.0000000530
 -0.0000020741
 -0.0000003226
 -0.0000003176
  0.0000008456
 -0.0000004565
 -0.0000007662
  0.0000010266
 -0.0000001115
  0.0000005041
 -0.0000001600
  0.0000001223
 -0.0000001347
  0.0000003367
  0.0000005213
  0.0000005475
 -0.0000001355
 -0.0000001628
 -0.0000021754
 -0.0000013528
 -0.0000001946
  0.0000003412
 -0.0000003520
 -0.0000003483
 -0.0000003771
 -0.0000000729
  0.0000000708
 -0.0000002181
 -0.0000000365
  0.0000000303
 -0.0000001501
 -0.0000001303
 -0.0000001067
 -0.0000000992
  0.0000000168
 -0.0000001406
 -0.0000001416
  0.0000001042
 -0.0000001589
 -0.0000001207
 -0.0000000189
  0.0000000644
 -0.0000001826
  0.0000002810
 -0.0000001643
 -0.0000000984
 -0.0000003160
 -0.0000001903
 -0.0000000759
 -0.0000004291
  0.0000000786
 -0.0000000756
 -0.0000000454
 -0.0000000526
  0.0000000531
  0.0000034327
  0.0000018153
  0.0000007369
 -0.0000070337
  0.0000026779
 -0.0000004467
 -0.0000040671
  0.0000014155
 -0.0000008324
  0.0000029572
  0.0000000082
 -0.0000010034
 -0.0000021851
  0.0000016439
  0.0000013318
 -0.0000002240
 -0.0000042222
 -0.0000020812
 -0.0000021952
  0.0000004272
  0.0000000926
  0.0000004089
 -0.0000001872
 -0.0000017118
 -0.0000064924
  0.0000010101
  0.0000002240
  0.0000119523
 -0.0000003251
  0.0000217351
 -0.0000020228
 -0.0000004711
 -0.0000127637
  0.0000000655
  0.0000006244
  0.0000000900
  0.0000002829
 -0.0000001677
 -0.0000010356
 -0.0000001395
  0.0000008184
 -0.0000000840
  0.0000013527
  0.0000004036
 -0.0000001346
 -0.0000000314
 -0.0000010872
 -0.0000000601
 -0.0000007637
  0.0000004564
 -0.0000001389
 -0.0000014422
 -0.0000005717
  0.0000000539
  0.0000002736
 -0.0000000702
 -0.0000002401
  0.0000001206
  0.0000003648
  0.0000000283
 -0.0000000114
  0.0000000833
  0.0000001237
  0.0000000736
  0.0000000142
 -0.0000002607
 -0.0000004490
 -0.0000003453
  0.0000001234
 -0.0000000168
 -0.0000003579
 -0.0000010534
 -0.0000003776
 -0.0000003492
 -0.0000002450
  0.0000051036
  0.0000037200
  0.0000013747
 -0.0000082623
  0.0000019650
  0.0000001721
 -0.0000040227
 -0.0000011875
 -0.0000016504
  0.0000051605
  0.0000021383
 -0.0000011377
 -0.0000031291
  0.0000016428
  0.0000021930
 -0.0000038870
 -0.0000035489
 -0.0000001880
 -0.0000005597
 -0.0000008644
 -0.0000039373
 -0.0000004372
 -0.0000019832
 -0.0000002848
  0.0000026341
  0.0000036244
  0.0000002470
 -0.0000060381
 -0.0000000672
 -0.0000000900
 -0.0000002011
  0.0000001059
 -0.0000001080
 -0.0000002945
 -0.0000006166
 -0.0000007971
  0.0000001316
 -0.0000002307
 -0.0000002322
  0.0000015116
  0.0000003134
 -0.0000001149
  0.0000006898
 -0.0000001824
 -0.0000001530
 -0.0000000398
  0.0000003459
 -0.0000000912
 -0.0000002501
 -0.0000024232
 -0.0000002081
  0.0000003936
 -0.0000009344
 -0.0000002634
 -0.0000001211
 -0.0000003125
 -0.0000011053
  0.0000001957
 -0.0000002388
 -0.0000001390
 -0.0000002827
 -0.0000001186
 -0.0000003248
 -0.0000004764
 -0.0000000474
 -0.0000001214
 -0.0000000270
 -0.0000002114
  0.0000000375
  0.0000000020
 -0.0000000968
 -0.0000002983
 -0.0000000068
 -0.0000000904
 -0.0000001768
 -0.0000000992
 -0.0000001093
 -0.0000002062
  0.0000000044
 -0.0000000168
  0.0000000316
 -0.0000001979
 -0.0000002666
 -0.0000001843
 -0.0000001445
 -0.0000001989
 -0.0000001516
 -0.0000000610
 -0.0000001008
  0.0000000057
 -0.0000001980
 -0.0000002562
  0.0000002135
 -0.0000000268
 -0.0000001574
 -0.0000002128
 -0.0000001551
 -0.0000002860
 -0.0000001688
  0.0000000018
 -0.0000003420
 -0.0000000464
 -0.0000000928
 -0.0000000424
 -0.0000000234
 -0.0000000998
  0.0000024734
  0.0000017390
  0.0000006381
 -0.0000066978
  0.0000013825
 -0.0000006406
 -0.0000064662
  0.0000066692
 -0.0000025050
  0.0000030105
 -0.0000002412
  0.0000017329
 -0.0000022763
  0.0000023994
  0.0000031848
  0.0000001432
 -0.0000053348
  0.0000053404
 -0.0000006526
 -0.0000003818
 -0.0000001637
 -0.0000008973
 -0.0000003835
 -0.0000031726
 -0.0000047335
 -0.0000002891
 -0.0000001321
  0.0000070752
 -0.0000007851
  0.0000155401
 -0.0000027045
 -0.0000000796
 -0.0000132373
  0.0000010197
  0.0000000495
  0.0000004027
 -0.0000007018
  0.0000005665
 -0.0000005801
  0.0000015028
  0.0000002091
  0.0000000505
 -0.0000000693
 -0.0000002617
 -0.0000003962
 -0.0000006073
 -0.0000004982
  0.0000010302
  0.0000002325
  0.0000005769
 -0.0000004935
 -0.0000002292
 -0.0000000808
  0.0000005122
 -0.0000001736
  0.0000001268
 -0.0000001739
 -0.0000002416
 -0.0000002350
 -0.0000002614
 -0.0000000940
 -0.0000002126
  0.0000004359
  0.0000000984
 -0.0000000924
 -0.0000000603
  0.0000038620
  0.0000026321
  0.0000015438
 -0.0000080180
  0.0000026065
 -0.0000002716
 -0.0000050305
 -0.0000007400
 -0.0000015194
  0.0000043581
  0.0000011892
  0.0000001627
 -0.0000022134
  0.0000015576
  0.0000012850
  0.0000005139
 -0.0000002961
 -0.0000006268
  0.0000002239
 -0.0000006125
 -0.0000018119
  0.0000015940
  0.0000040760
 -0.0000002396
 -0.0000000867
 -0.0000071755
 -0.0000000294
 -0.0000001586
 -0.0000000299
 -0.0000002146
 -0.0000001624
 -0.0000003377
 -0.0000009259
 -0.0000011245
  0.0000003383
 -0.0000001538
 -0.0000002002
  0.0000012276
  0.0000000395
  0.0000002653
 -0.0000001836
 -0.0000000297
 -0.0000003495
 -0.0000000963
 -0.0000007645
 -0.0000001954
  0.0000002897
 -0.0000007793
 -0.0000002620
 -0.0000001671
  0.0000002223
 -0.0000008831
  0.0000000198
 -0.0000001538
 -0.0000003396
 -0.0000002849
 -0.0000002719
 -0.0000000020
 -0.0000005597
  0.0000000623
 -0.0000000179
 -0.0000000469
 -0.0000000935
 -0.0000000606
 -0.0000000228
  0.0000000034
 -0.0000000654
 -0.0000001890
 -0.0000000825
 -0.0000001455
 -0.0000001255
 -0.0000001108
  0.0000000288
 -0.0000001382
 -0.0000001783
 -0.0000002536
 -0.0000000735
 -0.0000001742
 -0.0000001474
 -0.0000000483
 -0.0000001537
  0.0000000039
 -0.0000001425
 -0.0000001866
  0.0000002159
 -0.0000000499
 -0.0000001899
 -0.0000001416
 -0.0000000948
 -0.0000003117
 -0.0000002320
 -0.0000000819
  0.0000000225
  0.0000001253
 -0.0000000905
 -0.0000000991
 -0.0000002078
  0.0000020107
  0.0000018588
 -0.0000001303
 -0.0000071620
  0.0000009923
  0.0000001212
 -0.0000070166
  0.0000071698
 -0.0000019835
  0.0000022303
 -0.0000002880
  0.0000019777
 -0.0000028461
  0.0000033068
  0.0000029543
  0.0000000390
 -0.0000068920
  0.0000025631
 -0.0000018876
 -0.0000002095
  0.0000000771
 -0.0000006500
 -0.0000002806
 -0.0000009190
 -0.0000051979
  0.0000003043
 -0.0000002314
  0.0000085231
 -0.0000002244
  0.0000178701
 -0.0000022756
  0.0000000532
 -0.0000136593
  0.0000013497
  0.0000000497
  0.0000003893
  0.0000001517
  0.0000002214
 -0.0000004657
  0.0000005179
 -0.0000004433
 -0.0000000006
  0.0000013206
  0.0000000789
  0.0000000007
 -0.0000000600
 -0.0000003094
 -0.0000000575
 -0.0000004483
 -0.0000002673
 -0.0000005297
  0.0000011586
  0.0000008407
 -0.0000002688
 -0.0000004442
 -0.0000000517
  0.0000001006
 -0.0000000829
 -0.0000000105
  0.0000000049
 -0.0000000146
  0.0000002417
  0.0000000017
 -0.0000000066
 -0.0000000278
  0.0000005132
 -0.0000001808
  0.0000007129
  0.0000005195
  0.0000002734
  0.0000002470
  0.0000005059
 -0.0000000880
  0.0000002979
 -0.0000000539
  0.0000000628
 -0.0000001021
 -0.0000003738
  0.0000002901
  0.0000001541
  0.0000001598
  0.0000008017
  0.0000039708
  0.0000024263
  0.0000008088
 -0.0000068426
  0.0000019009
 -0.0000003562
 -0.0000048965
  0.0000015307
 -0.0000009481
  0.0000031285
  0.0000001473
 -0.0000003924
 -0.0000023581
  0.0000017997
 -0.0000000547
  0.0000002412
 -0.0000099228
 -0.0000024152
 -0.0000002226
  0.0000006454
  0.0000000033
  0.0000020097
 -0.0000000847
 -0.0000008946
  0.0000001924
  0.0000004436
  0.0000007856
  0.0000085859
 -0.0000000828
  0.0000017341
 -0.0000006247
 -0.0000001574
 -0.0000006344
  0.0000008436
 -0.0000006823
  0.0000003861
 -0.0000001921
 -0.0000006009
 -0.0000002785
 -0.0000002494
 -0.0000002857
  0.0000009269
  0.0000001117
  0.0000007097
 -0.0000001556
 -0.0000005314
  0.0000001786
 -0.0000004538
 -0.0000001968
 -0.0000024041
 -0.0000001419
  0.0000007048
 -0.0000002960
 -0.0000005153
  0.0000000015
 -0.0000000862
 -0.0000022715
 -0.0000000430
  0.0000001800
 -0.0000002130
 -0.0000004099
  0.0000004930
  0.0000000864
 -0.0000001556
 -0.0000001649
  0.0000000742
  0.0000003228
 -0.0000000898
 -0.0000000707
 -0.0000000006
  0.0000000004
  0.0000008028
  0.0000002770
 -0.0000003126
 -0.0000000443
  0.0000040393
  0.0000027087
  0.0000016773
 -0.0000076728
  0.0000025657
 -0.0000001569
 -0.0000049646
 -0.0000006854
 -0.0000008634
  0.0000047133
  0.0000011933
  0.0000001204
 -0.0000026040
  0.0000012455
  0.0000013601
 -0.0000029740
  0.0000012658
  0.0000001406
 -0.0000003337
  0.0000010641
 -0.0000003131
 -0.0000004403
  0.0000002565
  0.0000056320
 -0.0000001229
 -0.0000022311
 -0.0000063265
 -0.0000000251
 -0.0000001116
  0.0000001538
 -0.0000002170
 -0.0000001470
 -0.0000003262
 -0.0000008894
 -0.0000005726
  0.0000003749
 -0.0000000539
 -0.0000000827
  0.0000012125
  0.0000000652
  0.0000003647
 -0.0000002836
 -0.0000001999
 -0.0000002059
 -0.0000000346
 -0.0000003534
 -0.0000001775
 -0.0000014864
 -0.0000001620
  0.0000004048
 -0.0000006714
 -0.0000002053
 -0.0000001188
  0.0000003696
 -0.0000008005
  0.0000000702
  0.0000001129
 -0.0000003456
 -0.0000003105
 -0.0000001869
 -0.0000004270
 -0.0000001824
 -0.0000006089
 -0.0000005659
 -0.0000003041
 -0.0000002714
 -0.0000004729
 -0.0000003475
 -0.0000005073
 -0.0000002241
 -0.0000000665
 -0.0000002044
 -0.0000002671
 -0.0000003145
 -0.0000002297
 -0.0000003574
 -0.0000001606
 -0.0000002133
 -0.0000003712
 -0.0000001838
 -0.0000004077
 -0.0000001649
 -0.0000004009
 -0.0000005719
 -0.0000009137
 -0.0000006657
 -0.0000001774
 -0.0000002566
  0.0000042773
  0.0000024296
  0.0000011778
 -0.0000073769
  0.0000019683
 -0.0000000989
 -0.0000052107
 -0.0000010512
 -0.0000011306
  0.0000037840
  0.0000005728
 -0.0000005952
 -0.0000023336
  0.0000009532
  0.0000011738
 -0.0000038950
 -0.0000010151
 -0.0000006020
 -0.0000004292
 -0.0000011341
 -0.0000008208
 -0.0000019900
 -0.0000007442
  0.0000053012
  0.0000018616
 -0.0000004686
 -0.0000067745
 -0.0000002692
 -0.0000003261
  0.0000000784
 -0.0000004069
 -0.0000000972
 -0.0000002153
 -0.0000011406
 -0.0000007855
  0.0000001697
 -0.0000004218
 -0.0000004371
  0.0000010025
 -0.0000002289
 -0.0000002630
  0.0000000818
 -0.0000004602
 -0.0000003392
 -0.0000003429
 -0.0000002115
 -0.0000004752
 -0.0000003057
 -0.0000019853
 -0.0000003134
  0.0000002770
 -0.0000006212
 -0.0000004219
 -0.0000002520
 -0.0000000606
 -0.0000009565
 -0.0000001629
 -0.0000002861
 -0.0000003594
 -0.0000003747
 -0.0000004633
  0.0000004921
 -0.0000001279
 -0.0000000535
  0.0000000115
  0.0000001989
 -0.0000000683
 -0.0000005060
 -0.0000001382
 -0.0000002294
  0.0000003304
  0.0000003301
 -0.0000002175
 -0.0000000202
 -0.0000000295
  0.0000000882
 -0.0000002332
 -0.0000003553
  0.0000004014
  0.0000002807
  0.0000039916
  0.0000028170
  0.0000014836
 -0.0000071631
  0.0000017188
  0.0000003835
 -0.0000047552
  0.0000000466
 -0.0000010083
  0.0000035779
 -0.0000005792
 -0.0000006786
 -0.0000023036
  0.0000012801
  0.0000015348
  0.0000001737
 -0.0000025273
 -0.0000013618
 -0.0000007686
  0.0000000768
  0.0000001322
  0.0000002266
 -0.0000000946
  0.0000075583
 -0.0000009912
 -0.0000004011
 -0.0000001910
 -0.0000003292
  0.0000003885
 -0.0000002001
  0.0000001542
  0.0000000703
 -0.0000004873
 -0.0000005952
 -0.0000003000
 -0.0000002811
 -0.0000002660
  0.0000011542
  0.0000000799
  0.0000002854
 -0.0000002306
 -0.0000002932
 -0.0000000328
 -0.0000000767
 -0.0000001990
 -0.0000015144
 -0.0000000775
  0.0000004570
 -0.0000005340
 -0.0000004665
  0.0000000453
  0.0000000714
 -0.0000016212
 -0.0000000801
 -0.0000001699
  0.0000000576
 -0.0000001454
 -0.0000004297
 -0.0000000693
 -0.0000000188
 -0.0000000826
  0.0000000750
  0.0000005210
  0.0000000258
 -0.0000000600
  0.0000001351
 -0.0000000564
 -0.0000000526
 -0.0000001074
  0.0000007123
  0.0000004943
  0.0000000716
  0.0000001222
 -0.0000001653
 -0.0000005236
  0.0000009992
  0.0000009278
 -0.0000000374
  0.0000039519
  0.0000027975
  0.0000013887
 -0.0000071445
  0.0000017072
  0.0000004552
 -0.0000047267
  0.0000000844
 -0.0000009330
  0.0000035236
 -0.0000007961
 -0.0000007044
 -0.0000022937
  0.0000013185
  0.0000014477
  0.0000006769
 -0.0000006765
 -0.0000007393
  0.0000000536
  0.0000009968
 -0.0000009091
 -0.0000012018
  0.0000000106
 -0.0000003458
  0.0000046451
 -0.0000002043
  0.0000001173
 -0.0000068432
 -0.0000002240
 -0.0000003627
  0.0000003676
 -0.0000001974
  0.0000003538
 -0.0000000909
 -0.0000006169
 -0.0000008951
 -0.0000001506
 -0.0000003238
 -0.0000002942
  0.0000011165
  0.0000000572
 -0.0000000557
  0.0000001677
 -0.0000002111
 -0.0000001774
 -0.0000003188
 -0.0000000520
 -0.0000001371
 -0.0000002079
 -0.0000009416
 -0.0000001125
  0.0000004500
 -0.0000005444
 -0.0000004662
  0.0000000044
  0.0000000257
 -0.0000013537
 -0.0000001107
 -0.0000002107
  0.0000000190
 -0.0000002696
 -0.0000004728
 -0.0000000506
 -0.0000001130
 -0.0000002262
 -0.0000000892
 -0.0000000108
 -0.0000001173
 -0.0000002145
 -0.0000001669
 -0.0000001611
 -0.0000001478
 -0.0000001398
 -0.0000000330
 -0.0000001469
 -0.0000001904
 -0.0000002290
 -0.0000001894
 -0.0000001169
 -0.0000001432
 -0.0000000192
 -0.0000001929
 -0.0000002911
  0.0000001757
 -0.0000001164
 -0.0000002451
 -0.0000001353
 -0.0000003308
 -0.0000002594
 -0.0000000829
 -0.0000003643
  0.0000000111
 -0.0000000790
 -0.0000001132
 -0.0000001221
 -0.0000001458
  0.0000030624
 -0.0000003039
  0.0000003746
 -0.0000070893
  0.0000034051
  0.0000011270
 -0.0000064013
  0.0000036248
 -0.0000029877
  0.0000030172
 -0.0000004531
 -0.0000003366
 -0.0000023068
  0.0000012968
  0.0000024132
  0.0000000313
 -0.0000067848
 -0.0000019513
 -0.0000025054
 -0.0000002155
  0.0000000645
 -0.0000007644
 -0.0000002310
 -0.0000010882
 -0.0000057166
  0.0000006460
 -0.0000001986
  0.0000100432
  0.0000002112
  0.0000207228
 -0.0000021043
  0.0000000160
 -0.0000136163
  0.0000001362
  0.0000002233
  0.0000009699
  0.0000000778
  0.0000001581
  0.0000000439
 -0.0000002226
 -0.0000005537
  0.0000010368
 -0.0000000006
  0.0000010799
  0.0000008810
  0.0000003187
 -0.0000004654
  0.0000007849
  0.0000009203
 -0.0000002180
 -0.0000005074
 -0.0000005773
  0.0000001414
  0.0000007868
  0.0000001563
  0.0000013843
 -0.0000002580
 -0.0000000810
 -0.0000002840
 -0.0000000067
 -0.0000000300
 -0.0000000166
 -0.0000000475
  0.0000000940
  0.0000004360
  0.0000000621
  0.0000000027
 -0.0000000077
  0.0000000710
  0.0000002963
  0.0000000757
  0.0000002172
 -0.0000001546
 -0.0000005464
 -0.0000004287
  0.0000001656
  0.0000000505
  0.0000044621
  0.0000028429
  0.0000014879
 -0.0000071327
  0.0000025298
  0.0000000841
 -0.0000048102
 -0.0000007259
 -0.0000009235
  0.0000041305
  0.0000011126
  0.0000000424
 -0.0000020867
  0.0000012879
  0.0000015470
 -0.0000023036
 -0.0000001046
  0.0000002155
 -0.0000008548
 -0.0000006340
 -0.0000017312
 -0.0000001050
  0.0000059738
  0.0000056941
  0.0000001575
 -0.0000065519
 -0.0000000712
 -0.0000000691
  0.0000004080
 -0.0000001973
 -0.0000000077
 -0.0000000646
 -0.0000008471
 -0.0000005277
  0.0000004501
 -0.0000001531
 -0.0000002094
  0.0000012746
  0.0000000813
  0.0000000497
  0.0000003565
 -0.0000001671
 -0.0000000791
 -0.0000001095
  0.0000000046
 -0.0000002587
 -0.0000002121
 -0.0000015289
 -0.0000000640
  0.0000006156
 -0.0000003482
 -0.0000001423
 -0.0000000283
  0.0000000850
 -0.0000006643
  0.0000001158
  0.0000001527
 -0.0000000990
 -0.0000000843
 -0.0000001154
  0.0000001108
  0.0000000086
 -0.0000000734
 -0.0000000763
 -0.0000000479
 -0.0000000442
 -0.0000000316
 -0.0000001446
  0.0000000268
 -0.0000000484
  0.0000000658
  0.0000002079
 -0.0000001408
  0.0000003706
 -0.0000001704
 -0.0000000947
 -0.0000000674
 -0.0000003717
  0.0000001235
  0.0000000318
 -0.0000000252
  0.0000042506
  0.0000023565
  0.0000013380
 -0.0000067623
  0.0000017977
 -0.0000006269
 -0.0000051631
  0.0000004869
 -0.0000008185
  0.0000036315
  0.0000003411
 -0.0000004783
 -0.0000021729
  0.0000016725
  0.0000008412
 -0.0000001309
 -0.0000047835
 -0.0000010511
 -0.0000012036
  0.0000005423
  0.0000000307
  0.0000021360
 -0.0000001532
 -0.0000007988
 -0.0000034081
 -0.0000000240
  0.0000001816
  0.0000058248
  0.0000011496
  0.0000213990
 -0.0000010012
 -0.0000005696
 -0.0000123044
 -0.0000001147
  0.0000009955
 -0.0000004651
 -0.0000000176
  0.0000000687
 -0.0000003242
  0.0000002764
 -0.0000001079
  0.0000011247
  0.0000003049
  0.0000008772
  0.0000004218
 -0.0000003144
 -0.0000001017
  0.0000009208
 -0.0000000012
 -0.0000002534
  0.0000000611
  0.0000001385
  0.0000000765
  0.0000003798
 -0.0000001958
 -0.0000002296
  0.0000002990
  0.0000000181
 -0.0000000557
 -0.0000000337
 -0.0000001068
  0.0000004528
 -0.0000000404
 -0.0000000311
  0.0000001348
  0.0000002414
 -0.0000001557
 -0.0000000029
  0.0000042616
  0.0000031743
  0.0000015178
 -0.0000082119
  0.0000023815
 -0.0000004685
 -0.0000045573
 -0.0000008099
 -0.0000010364
  0.0000045037
  0.0000019505
  0.0000003172
 -0.0000021004
  0.0000015546
  0.0000017668
  0.0000007634
  0.0000001616
  0.0000002679
 -0.0000003548
  0.0000014754
 -0.0000001551
 -0.0000003145
 -0.0000007382
  0.0000057426
  0.0000000087
 -0.0000010014
 -0.0000062146
  0.0000000123
  0.0000000126
  0.0000000067
  0.0000001278
 -0.0000001920
 -0.0000002878
 -0.0000008904
 -0.0000002717
  0.0000004403
 -0.0000001034
 -0.0000001542
  0.0000016124
  0.0000001348
  0.0000005480
 -0.0000002074
 -0.0000001250
  0.0000000324
  0.0000004498
 -0.0000000416
 -0.0000000404
 -0.0000015799
 -0.0000001356
  0.0000004220
 -0.0000005267
 -0.0000001599
 -0.0000001150
  0.0000002257
 -0.0000007122
  0.0000001481
 -0.0000000535
 -0.0000000969
 -0.0000003247
 -0.0000001865
  0.0000004828
 -0.0000001386
  0.0000000644
  0.0000000598
 -0.0000000029
  0.0000000732
  0.0000003226
 -0.0000000133
 -0.0000000712
 -0.0000001316
  0.0000001762
  0.0000001004
 -0.0000000480
 -0.0000000262
  0.0000001355
 -0.0000000204
  0.0000039506
  0.0000028434
  0.0000014982
 -0.0000080455
  0.0000023851
 -0.0000005629
 -0.0000049363
 -0.0000007866
 -0.0000013187
  0.0000043852
  0.0000015670
  0.0000004204
 -0.0000022132
  0.0000015587
  0.0000014547
 -0.0000031293
  0.0000001533
  0.0000004797
 -0.0000001509
  0.0000000325
 -0.0000006734
 -0.0000001419
  0.0000070608
  0.0000024941
  0.0000003417
 -0.0000058165
  0.0000000755
 -0.0000000389
 -0.0000000272
  0.0000000775
  0.0000000395
 -0.0000001750
 -0.0000010553
 -0.0000004779
  0.0000002812
 -0.0000000605
 -0.0000000993
  0.0000015628
  0.0000000716
 -0.0000000313
  0.0000004510
 -0.0000000919
 -0.0000000495
 -0.0000000427
  0.0000003944
 -0.0000001099
 -0.0000000708
 -0.0000018880
 -0.0000000185
  0.0000003211
 -0.0000006647
 -0.0000003436
  0.0000000185
  0.0000003672
 -0.0000005540
  0.0000000208
  0.0000002483
 -0.0000001795
 -0.0000001082
 -0.0000002408
  0.0000001387
  0.0000000645
  0.0000002108
  0.0000003742
  0.0000001792
  0.0000000509
  0.0000002120
  0.0000001841
 -0.0000000388
  0.0000000313
 -0.0000000582
  0.0000000331
  0.0000000439
  0.0000001035
 -0.0000000514
 -0.0000000668
 -0.0000001868
  0.0000000173
 -0.0000000867
 -0.0000000724
  0.0000001391
  0.0000000101
  0.0000001468
 -0.0000000696
 -0.0000000662
  0.0000004000
  0.0000000987
 -0.0000000324
 -0.0000000643
 -0.0000000162
 -0.0000002259
 -0.0000000751
 -0.0000000411
  0.0000011829
  0.0000001443
  0.0000000445
  0.0000000364
 -0.0000001403
  0.0000021562
  0.0000026689
 -0.0000005653
 -0.0000070569
  0.0000022097
  0.0000015077
 -0.0000078232
  0.0000061969
 -0.0000022655
  0.0000020570
  0.0000013895
  0.0000008551
 -0.0000019555
  0.0000035508
  0.0000023956
  0.0000001130
 -0.0000065162
  0.0000050809
 -0.0000015607
 -0.0000001425
  0.0000001747
 -0.0000003869
 -0.0000002148
 -0.0000010851
 -0.0000046844
  0.0000002578
 -0.0000001928
  0.0000073064
 -0.0000007361
  0.0000165312
 -0.0000024369
  0.0000001236
 -0.0000134793
  0.0000006648
  0.0000002234
  0.0000001988
  0.0000002460
 -0.0000003355
 -0.0000003711
  0.0000006637
 -0.0000003642
  0.0000001893
  0.0000012843
  0.0000007312
 -0.0000000013
  0.0000000002
  0.0000004640
 -0.0000001217
  0.0000000561
 -0.0000001192
  0.0000002792
 -0.0000002137
  0.0000003098
  0.0000003953
 -0.0000003256
 -0.0000000899
 -0.0000003589
 -0.0000001269
 -0.0000001521
 -0.0000001134
 -0.0000001501
 -0.0000004043
 -0.0000002255
  0.0000005274
  0.0000002633
  0.0000000154
 -0.0000001093
  0.0000003100
  0.0000043592
  0.0000027861
  0.0000013699
 -0.0000072133
  0.0000023664
  0.0000000926
 -0.0000048708
 -0.0000007899
 -0.0000009147
  0.0000045022
  0.0000010502
 -0.0000001033
 -0.0000019492
  0.0000013031
  0.0000015020
  0.0000000896
 -0.0000016900
  0.0000014523
 -0.0000016161
  0.0000000900
 -0.0000000222
  0.0000009529
 -0.0000001933
  0.0000087263
 -0.0000009541
 -0.0000006692
 -0.0000000411
 -0.0000002341
  0.0000003358
 -0.0000002014
 -0.0000001908
 -0.0000002555
 -0.0000006854
 -0.0000012039
  0.0000000258
 -0.0000000845
 -0.0000001139
  0.0000011627
  0.0000000402
  0.0000000852
 -0.0000001829
 -0.0000000882
 -0.0000002949
 -0.0000001875
 -0.0000008054
 -0.0000001180
  0.0000005258
 -0.0000004086
 -0.0000003089
 -0.0000000761
  0.0000003356
 -0.0000011741
  0.0000000244
 -0.0000001762
 -0.0000002972
 -0.0000001730
 -0.0000003022
 -0.0000000784
 -0.0000002410
 -0.0000001022
  0.0000000258
 -0.0000004254
 -0.0000003653
 -0.0000008492
 -0.0000005245
 -0.0000004490
 -0.0000005832
 -0.0000007956
  0.0000000118
 -0.0000000412
 -0.0000004727
 -0.0000005902
 -0.0000003994
 -0.0000005066
 -0.0000003837
 -0.0000003132
 -0.0000003969
 -0.0000006178
 -0.0000007002
  0.0000000146
 -0.0000001053
 -0.0000006539
  0.0000037282
  0.0000022427
  0.0000007966
 -0.0000068103
  0.0000019419
  0.0000000704
 -0.0000046515
  0.0000007686
 -0.0000009556
  0.0000028367
  0.0000002742
 -0.0000014222
 -0.0000023141
  0.0000017432
  0.0000013411
 -0.0000002603
 -0.0000030209
  0.0000003697
 -0.0000017883
 -0.0000005033
 -0.0000003271
  0.0000005947
 -0.0000004122
  0.0000005127
 -0.0000006221
  0.0000048017
 -0.0000004600
 -0.0000007643
 -0.0000000541
 -0.0000005124
  0.0000008053
 -0.0000006525
 -0.0000000745
 -0.0000004108
 -0.0000006317
 -0.0000002770
 -0.0000005634
 -0.0000002624
 -0.0000003102
  0.0000008237
  0.0000000328
 -0.0000000758
  0.0000007795
 -0.0000001267
 -0.0000002372
 -0.0000004082
  0.0000002322
 -0.0000003744
 -0.0000001445
 -0.0000021832
 -0.0000001496
  0.0000003982
 -0.0000005853
 -0.0000003972
  0.0000000263
 -0.0000001458
 -0.0000018586
 -0.0000002570
 -0.0000000174
  0.0000002246
 -0.0000004202
 -0.0000004686
 -0.0000002198
 -0.0000001626
 -0.0000000880
 -0.0000000519
  0.0000003835
 -0.0000001618
  0.0000001022
  0.0000002487
  0.0000003709
  0.0000003015
 -0.0000000279
 -0.0000001550
 -0.0000001745
  0.0000002344
  0.0000001320
  0.0000043494
  0.0000028257
  0.0000015333
 -0.0000070877
  0.0000016652
  0.0000003621
 -0.0000049076
 -0.0000003097
 -0.0000011053
  0.0000037039
  0.0000006733
 -0.0000004107
 -0.0000021440
  0.0000012315
  0.0000016604
  0.0000002232
 -0.0000079525
 -0.0000027487
 -0.0000004218
  0.0000002250
 -0.0000000415
  0.0000020297
 -0.0000001836
 -0.0000006205
  0.0000003010
  0.0000005939
  0.0000064996
 -0.0000005285
 -0.0000005804
 -0.0000001151
 -0.0000004358
  0.0000003071
 -0.0000001689
 -0.0000000995
 -0.0000002563
 -0.0000005085
 -0.0000002702
 -0.0000005551
 -0.0000002378
  0.0000011753
  0.0000000609
  0.0000002763
 -0.0000002427
  0.0000000003
 -0.0000001056
 -0.0000001779
 -0.0000021900
  0.0000003548
 -0.0000006275
 -0.0000005115
 -0.0000001369
  0.0000000843
 -0.0000017748
  0.0000001398
  0.0000000419
 -0.0000003160
 -0.0000002966
 -0.0000001370
  0.0000000287
 -0.0000001143
 -0.0000004009
 -0.0000000784
 -0.0000002970
 -0.0000002480
  0.0000001959
  0.0000004633
 -0.0000001611
  0.0000001679
 -0.0000001758
 -0.0000001706
 -0.0000003773
  0.0000002243
  0.0000000999
 -0.0000001686
  0.0000040139
  0.0000028489
  0.0000014706
 -0.0000071063
  0.0000017615
  0.0000006861
 -0.0000046578
  0.0000001905
 -0.0000009162
  0.0000035882
 -0.0000007419
 -0.0000006426
 -0.0000022796
  0.0000013307
  0.0000015543
  0.0000000414
 -0.0000041464
  0.0000022172
 -0.0000017968
  0.0000001891
  0.0000000306
  0.0000012679
 -0.0000002767
  0.0000007620
 -0.0000002618
 -0.0000009728
 -0.0000026459
 -0.0000007716
 -0.0000001764
 -0.0000004135
  0.0000005246
 -0.0000002776
  0.0000000726
  0.0000000808
 -0.0000004902
 -0.0000001253
 -0.0000003963
 -0.0000002459
 -0.0000002301
  0.0000011436
  0.0000001397
  0.0000006093
 -0.0000002226
 -0.0000003128
 -0.0000000511
 -0.0000001005
 -0.0000001804
 -0.0000020909
 -0.0000000697
  0.0000006023
 -0.0000003562
 -0.0000004379
  0.0000000486
  0.0000000920
 -0.0000016529
 -0.0000001136
 -0.0000001097
  0.0000000819
 -0.0000000927
 -0.0000004141
 -0.0000000044
 -0.0000002203
 -0.0000000857
 -0.0000000692
 -0.0000000887
 -0.0000001194
 -0.0000001691
 -0.0000002171
 -0.0000000557
 -0.0000000912
 -0.0000000848
 -0.0000000079
 -0.0000000676
 -0.0000001273
 -0.0000001240
 -0.0000000616
 -0.0000000909
 -0.0000001021
  0.0000000220
 -0.0000001190
  0.0000000124
 -0.0000001902
 -0.0000001303
  0.0000002378
  0.0000000045
 -0.0000001432
 -0.0000002916
 -0.0000002758
 -0.0000002135
 -0.0000002128
 -0.0000001116
  0.0000000761
  0.0000000625
 -0.0000000798
 -0.0000000883
 -0.0000001245
  0.0000018551
  0.0000024506
 -0.0000006782
 -0.0000074391
  0.0000034054
  0.0000001450
 -0.0000093999
  0.0000050405
 -0.0000049077
  0.0000013632
  0.0000007325
 -0.0000012270
 -0.0000022203
  0.0000051823
  0.0000032910
  0.0000001697
 -0.0000053611
  0.0000061147
 -0.0000006712
 -0.0000000654
  0.0000001334
 -0.0000007515
 -0.0000002888
 -0.0000023877
 -0.0000046616
  0.0000000660
 -0.0000000160
  0.0000072325
 -0.0000009185
  0.0000155729
 -0.0000026685
  0.0000002414
 -0.0000142554
  0.0000013361
  0.0000000401
 -0.0000003700
  0.0000002479
 -0.0000001285
  0.0000002925
 -0.0000009120
  0.0000009107
 -0.0000004498
 -0.0000001847
  0.0000001698
  0.0000023622
 -0.0000000195
  0.0000000628
  0.0000001491
 -0.0000004472
 -0.0000009723
 -0.0000000092
  0.0000015273
 -0.0000000425
  0.0000005683
 -0.0000001281
 -0.0000006188
 -0.0000001525
 -0.0000005735
  0.0000005064
  0.0000000401
 -0.0000000179
  0.0000001406
  0.0000003588
 -0.0000000031
  0.0000001230
 -0.0000004429
 -0.0000000566
  0.0000000109
 -0.0000001618
  0.0000004801
  0.0000004067
 -0.0000001420
  0.0000000349
  0.0000000187
  0.0000001642
 -0.0000001516
 -0.0000002353
  0.0000004407
  0.0000003166
  0.0000040850
  0.0000026291
  0.0000013614
 -0.0000067701
  0.0000016491
 -0.0000005998
 -0.0000049340
  0.0000011435
 -0.0000008541
  0.0000034572
  0.0000003391
 -0.0000000707
 -0.0000022789
  0.0000018377
  0.0000004221
  0.0000002201
 -0.0000016572
 -0.0000008185
 -0.0000006673
  0.0000001631
  0.0000006231
  0.0000001888
  0.0000000947
 -0.0000000377
  0.0000086906
 -0.0000003835
 -0.0000003336
 -0.0000000704
 -0.0000003395
  0.0000009478
 -0.0000003234
  0.0000002562
 -0.0000001332
 -0.0000004128
 -0.0000000826
 -0.0000002418
 -0.0000001298
 -0.0000001366
  0.0000011581
  0.0000002772
  0.0000008068
 -0.0000000882
 -0.0000001052
 -0.0000002384
  0.0000000916
 -0.0000000801
 -0.0000000934
 -0.0000018587
 -0.0000000487
  0.0000008974
 -0.0000000212
 -0.0000003418
  0.0000000939
  0.0000000276
 -0.0000015558
 -0.0000000073
  0.0000001059
  0.0000002000
 -0.0000002854
 -0.0000002837
 -0.0000002136
 -0.0000000946
 -0.0000000432
  0.0000001333
  0.0000000294
 -0.0000001169
  0.0000001467
 -0.0000001441
  0.0000002707
 -0.0000001242
  0.0000003341
  0.0000002011
  0.0000001640
  0.0000001517
  0.0000002896
 -0.0000001538
  0.0000002374
 -0.0000001502
 -0.0000000547
  0.0000000104
 -0.0000002138
 -0.0000004867
  0.0000002605
  0.0000001184
  0.0000001498
  0.0000003437
  0.0000033144
  0.0000017291
  0.0000004826
 -0.0000071217
  0.0000025098
 -0.0000001743
 -0.0000041108
  0.0000012650
 -0.0000014133
  0.0000029582
  0.0000000350
 -0.0000012545
 -0.0000021089
  0.0000015979
  0.0000012613
  0.0000002197
 -0.0000068017
  0.0000000696
  0.0000002063
  0.0000007698
 -0.0000000534
  0.0000025556
 -0.0000001630
 -0.0000010798
 -0.0000025850
  0.0000002314
  0.0000004342
  0.0000017758
  0.0000004584
  0.0000192700
  0.0000006025
 -0.0000003925
 -0.0000125823
  0.0000000747
 -0.0000008205
  0.0000008382
 -0.0000002071
  0.0000000366
 -0.0000003312
 -0.0000006274
  0.0000000759
 -0.0000000124
 -0.0000000938
  0.0000007561
  0.0000000790
  0.0000009090
 -0.0000000897
  0.0000006642
 -0.0000003862
 -0.0000000663
 -0.0000000881
  0.0000000673
 -0.0000007941
 -0.0000003047
  0.0000000715
 -0.0000001958
  0.0000000357
  0.0000003431
 -0.0000004128
 -0.0000002085
 -0.0000001639
 -0.0000002579
 -0.0000000266
 -0.0000004016
  0.0000000002
  0.0000001571
  0.0000005540
  0.0000003571
  0.0000000208
 -0.0000002863
  0.0000001192
  0.0000044374
  0.0000026864
  0.0000013756
 -0.0000072153
  0.0000022584
  0.0000000744
 -0.0000049621
 -0.0000008137
 -0.0000009794
  0.0000039517
  0.0000009019
 -0.0000002760
 -0.0000021865
  0.0000011687
  0.0000014200
  0.0000003849
  0.0000005917
 -0.0000014370
 -0.0000003168
 -0.0000000958
 -0.0000032313
 -0.0000015689
 -0.0000005283
 -0.0000011079
  0.0000042287
 -0.0000001461
 -0.0000000064
 -0.0000068701
 -0.0000001548
 -0.0000001894
  0.0000002812
 -0.0000002517
 -0.0000001511
 -0.0000003693
 -0.0000007991
 -0.0000012519
  0.0000004176
 -0.0000002298
 -0.0000002776
  0.0000011381
 -0.0000000143
  0.0000001689
 -0.0000002870
 -0.0000002336
 -0.0000002079
 -0.0000000991
 -0.0000003334
 -0.0000003209
 -0.0000005859
 -0.0000002310
  0.0000004733
 -0.0000004439
 -0.0000002793
 -0.0000002060
  0.0000000625
 -0.0000006894
  0.0000000501
  0.0000001044
 -0.0000002095
 -0.0000003634
 -0.0000002442
 -0.0000002131
 -0.0000001891
 -0.0000000794
  0.0000000071
 -0.0000001214
 -0.0000001960
 -0.0000001648
 -0.0000000997
 -0.0000001270
 -0.0000001300
 -0.0000000251
 -0.0000001343
 -0.0000001433
 -0.0000002313
 -0.0000001289
 -0.0000001301
 -0.0000001391
 -0.0000001803
  0.0000000180
 -0.0000001854
 -0.0000002989
  0.0000001755
 -0.0000001149
 -0.0000002360
 -0.0000002021
 -0.0000001361
 -0.0000002908
 -0.0000002434
 -0.0000000713
 -0.0000003442
  0.0000000619
 -0.0000001579
 -0.0000000749
 -0.0000000868
 -0.0000001789
  0.0000026580
  0.0000014154
  0.0000006998
 -0.0000067399
  0.0000009307
  0.0000007947
 -0.0000064970
  0.0000060004
 -0.0000026161
  0.0000030103
 -0.0000003333
  0.0000010805
 -0.0000021165
  0.0000021421
  0.0000032183
  0.0000000954
 -0.0000068612
  0.0000028915
 -0.0000016882
 -0.0000001686
  0.0000000993
 -0.0000005884
 -0.0000002630
 -0.0000009331
 -0.0000051770
  0.0000002347
 -0.0000002228
  0.0000086193
 -0.0000003366
  0.0000181975
 -0.0000022716
  0.0000001481
 -0.0000137678
  0.0000006919
  0.0000000689
  0.0000009834
  0.0000000195
  0.0000000734
 -0.0000005099
  0.0000002962
 -0.0000004174
  0.0000010701
  0.0000003047
  0.0000009275
 -0.0000000268
  0.0000001647
 -0.0000001851
 -0.0000003007
 -0.0000000614
  0.0000008388
  0.0000002998
 -0.0000002732
 -0.0000003937
 -0.0000001080
  0.0000007528
 -0.0000000188
 -0.0000003660
 -0.0000000761
 -0.0000001182
 -0.0000001889
  0.0000005134
  0.0000006877
  0.0000002424
  0.0000000962
  0.0000000938
  0.0000002760
  0.0000002792
  0.0000008150
  0.0000001060
 -0.0000003603
 -0.0000008284
  0.0000002621
  0.0000002790
  0.0000045004
  0.0000026169
  0.0000015167
 -0.0000071254
  0.0000018666
 -0.0000001640
 -0.0000049666
 -0.0000008149
 -0.0000010166
  0.0000038923
  0.0000006653
 -0.0000005694
 -0.0000020478
  0.0000012572
  0.0000014027
  0.0000007821
  0.0000002982
  0.0000001720
 -0.0000005004
  0.0000016757
 -0.0000005102
 -0.0000002086
 -0.0000004741
  0.0000054918
 -0.0000001106
 -0.0000023104
 -0.0000068064
 -0.0000000974
 -0.0000001472
  0.0000003300
 -0.0000002407
  0.0000000434
 -0.0000000320
 -0.0000006781
 -0.0000010862
  0.0000005920
 -0.0000001595
 -0.0000001900
  0.0000011071
  0.0000000716
 -0.0000001018
  0.0000002127
 -0.0000002519
 -0.0000001480
 -0.0000002226
 -0.0000001328
 -0.0000003301
 -0.0000000950
 -0.0000005207
 -0.0000001186
  0.0000004663
 -0.0000004596
 -0.0000002090
 -0.0000000564
  0.0000001653
 -0.0000005975
  0.0000001798
 -0.0000000744
 -0.0000001968
 -0.0000001361
 -0.0000002286
 -0.0000001768
 -0.0000000136
  0.0000000339
 -0.0000000812
 -0.0000001184
 -0.0000001061
 -0.0000001287
 -0.0000000555
 -0.0000000672
  0.0000000407
 -0.0000001746
 -0.0000001513
 -0.0000001610
 -0.0000000740
 -0.0000001257
 -0.0000001602
 -0.0000001028
 -0.0000001325
  0.0000001037
 -0.0000001294
 -0.0000002867
  0.0000002289
 -0.0000000879
 -0.0000001921
 -0.0000001546
 -0.0000000795
 -0.0000003168
 -0.0000001598
 -0.0000000174
  0.0000000737
 -0.0000000715
  0.0000000164
 -0.0000000034
 -0.0000001384
  0.0000020544
  0.0000019916
 -0.0000000352
 -0.0000070054
  0.0000003409
  0.0000002843
 -0.0000075802
  0.0000066152
 -0.0000018789
  0.0000019859
 -0.0000003844
  0.0000018288
 -0.0000029532
  0.0000036085
  0.0000025441
  0.0000001471
 -0.0000056991
  0.0000062147
 -0.0000006604
 -0.0000001475
 -0.0000000302
 -0.0000006853
 -0.0000003615
 -0.0000025245
 -0.0000047657
 -0.0000001384
 -0.0000000741
  0.0000069195
 -0.0000009410
  0.0000155069
 -0.0000026212
  0.0000001043
 -0.0000132783
  0.0000012007
  0.0000000998
  0.0000003470
  0.0000001045
  0.0000000572
 -0.0000007136
  0.0000005072
 -0.0000004776
  0.0000013511
  0.0000006983
  0.0000000844
 -0.0000000091
 -0.0000003028
 -0.0000001761
 -0.0000005557
 -0.0000000305
  0.0000012896
  0.0000002425
  0.0000005133
 -0.0000004256
 -0.0000001951
 -0.0000000678
  0.0000006326
 -0.0000000560
 -0.0000000224
 -0.0000001078
 -0.0000001500
 -0.0000000839
 -0.0000000924
 -0.0000000711
 -0.0000000040
 -0.0000001128
 -0.0000001282
 -0.0000002192
 -0.0000001097
 -0.0000001089
  0.0000000495
 -0.0000002931
  0.0000002113
 -0.0000001998
 -0.0000001347
 -0.0000002801
 -0.0000002006
 -0.0000000609
 -0.0000003502
  0.0000000811
 -0.0000000314
 -0.0000000408
 -0.0000000528
 -0.0000001453
  0.0000034352
  0.0000011538
  0.0000005209
 -0.0000069956
  0.0000030785
 -0.0000008453
 -0.0000039087
  0.0000025138
 -0.0000008437
  0.0000030398
  0.0000003197
 -0.0000001604
 -0.0000020401
  0.0000017273
  0.0000014023
  0.0000000773
 -0.0000070467
 -0.0000024017
 -0.0000024545
 -0.0000001855
  0.0000001115
 -0.0000007445
 -0.0000002286
 -0.0000010790
 -0.0000061469
  0.0000006301
 -0.0000001749
  0.0000103126
  0.0000002438
  0.0000215155
 -0.0000022271
  0.0000000865
 -0.0000127418
  0.0000001762
  0.0000002404
  0.0000004904
 -0.0000000922
  0.0000001684
 -0.0000000743
 -0.0000006355
  0.0000009208
 -0.0000001809
  0.0000010133
  0.0000007046
  0.0000000921
 -0.0000004154
  0.0000000075
 -0.0000004465
 -0.0000000709
 -0.0000006934
 -0.0000005624
  0.0000000613
  0.0000005660
 -0.0000000963
 -0.0000001169
 -0.0000000022
 -0.0000002081
 -0.0000000704
 -0.0000001218
 -0.0000000683
 -0.0000000445
 -0.0000000087
 -0.0000001225
 -0.0000002147
 -0.0000002057
 -0.0000001385
 -0.0000000659
 -0.0000000088
 -0.0000001311
 -0.0000000426
 -0.0000001257
 -0.0000002065
  0.0000001001
 -0.0000001268
 -0.0000000807
 -0.0000001677
 -0.0000001136
 -0.0000001647
 -0.0000002343
 -0.0000000305
 -0.0000003942
 -0.0000000350
  0.0000000420
 -0.0000000853
 -0.0000001105
 -0.0000000554
  0.0000027345
  0.0000010605
  0.0000006706
 -0.0000067383
  0.0000010263
  0.0000014798
 -0.0000064360
  0.0000056548
 -0.0000025028
  0.0000031774
 -0.0000002576
  0.0000007132
 -0.0000021419
  0.0000014644
  0.0000035474
  0.0000000016
 -0.0000048430
  0.0000029830
 -0.0000003111
 -0.0000006436
 -0.0000001726
 -0.0000008324
 -0.0000005388
 -0.0000033767
 -0.0000043022
 -0.0000003018
 -0.0000001697
  0.0000081491
 -0.0000001394
  0.0000157260
 -0.0000024755
 -0.0000004796
 -0.0000140418
  0.0000006082
  0.0000001954
  0.0000007572
 -0.0000006476
  0.0000006288
 -0.0000005370
  0.0000014178
  0.0000003692
  0.0000000250
 -0.0000002014
 -0.0000006677
 -0.0000001293
  0.0000009765
  0.0000004793
  0.0000002249
 -0.0000004747
 -0.0000002140
  0.0000001159
  0.0000004475
 -0.0000000873
 -0.0000002290
 -0.0000000371
 -0.0000000601
 -0.0000001482
 -0.0000002879
 -0.0000000565
 -0.0000001333
 -0.0000001337
 -0.0000001128
  0.0000000514
 -0.0000001440
 -0.0000002231
 -0.0000002271
 -0.0000001130
 -0.0000001820
 -0.0000000246
 -0.0000001002
 -0.0000002672
 -0.0000000871
 -0.0000001650
 -0.0000003953
  0.0000000095
 -0.0000001799
 -0.0000002432
 -0.0000001741
 -0.0000001116
 -0.0000001101
 -0.0000003235
 -0.0000001258
 -0.0000002362
 -0.0000000674
  0.0000000066
 -0.0000001575
 -0.0000002092
 -0.0000000113
  0.0000020479
  0.0000024252
 -0.0000006982
 -0.0000071904
  0.0000025804
  0.0000010877
 -0.0000080123
  0.0000059785
 -0.0000018077
  0.0000015506
  0.0000012645
  0.0000005688
 -0.0000024900
  0.0000032765
  0.0000022742
 -0.0000001853
 -0.0000090086
 -0.0000018910
  0.0000001394
 -0.0000009789
 -0.0000001969
 -0.0000005932
 -0.0000006826
 -0.0000025161
 -0.0000033786
 -0.0000004004
 -0.0000001808
  0.0000090163
 -0.0000000237
  0.0000123265
 -0.0000020543
 -0.0000005614
 -0.0000176335
  0.0000012636
  0.0000003434
 -0.0000006341
 -0.0000000394
 -0.0000006900
  0.0000006543
 -0.0000002929
 -0.0000004742
  0.0000022077
 -0.0000001303
  0.0000007049
  0.0000001025
 -0.0000003876
 -0.0000004842
  0.0000016013
 -0.0000001867
  0.0000003115
 -0.0000000026
 -0.0000011710
 -0.0000001750
 -0.0000002561
 -0.0000002118
  0.0000000594
  0.0000001379
 -0.0000000776
 -0.0000000710
 -0.0000002260
 -0.0000000442
  0.0000000841
 -0.0000000787
  0.0000004431
 -0.0000002488
  0.0000006721
  0.0000000740
  0.0000002335
  0.0000004995
 -0.0000001560
  0.0000001706
 -0.0000000519
 -0.0000001212
 -0.0000001401
 -0.0000003845
  0.0000002514
  0.0000001317
 -0.0000000212
  0.0000038986
  0.0000021107
  0.0000007659
 -0.0000067765
  0.0000021283
  0.0000000379
 -0.0000048904
  0.0000005888
 -0.0000008265
  0.0000029459
  0.0000006787
 -0.0000015223
 -0.0000024389
  0.0000019825
  0.0000010282
  0.0000001012
 -0.0000075588
  0.0000001468
 -0.0000011985
  0.0000003351
  0.0000000687
  0.0000020603
 -0.0000002330
  0.0000009848
  0.0000011564
  0.0000001548
  0.0000006971
  0.0000064155
 -0.0000026032
  0.0000014683
 -0.0000007637
 -0.0000001125
 -0.0000006411
  0.0000007640
 -0.0000007583
 -0.0000000056
 -0.0000003672
 -0.0000005947
 -0.0000002723
 -0.0000003228
 -0.0000003515
  0.0000007136
 -0.0000000030
  0.0000006411
 -0.0000002129
 -0.0000005315
  0.0000002084
 -0.0000005609
 -0.0000001850
 -0.0000023744
 -0.0000001854
  0.0000003857
 -0.0000006042
 -0.0000005688
 -0.0000000086
 -0.0000001582
 -0.0000022093
 -0.0000000423
  0.0000001738
 -0.0000004899
 -0.0000005257
 -0.0000000148
  0.0000000340
 -0.0000001506
 -0.0000000442
 -0.0000001056
 -0.0000000826
  0.0000000392
 -0.0000001277
 -0.0000001424
  0.0000000699
 -0.0000000981
 -0.0000000886
  0.0000000471
 -0.0000002596
  0.0000002417
 -0.0000003150
 -0.0000001947
 -0.0000000179
 -0.0000005397
  0.0000000654
 -0.0000001262
 -0.0000000474
  0.0000000282
  0.0000042127
  0.0000024514
  0.0000010418
 -0.0000066026
  0.0000027113
  0.0000002993
 -0.0000045659
  0.0000011500
 -0.0000007291
  0.0000035348
  0.0000005456
 -0.0000010424
 -0.0000021658
  0.0000020365
  0.0000002839
 -0.0000001286
 -0.0000042710
 -0.0000023429
 -0.0000022767
  0.0000003409
  0.0000001077
  0.0000002860
 -0.0000001738
 -0.0000016639
 -0.0000064450
  0.0000011293
  0.0000001716
  0.0000118994
 -0.0000002217
  0.0000221843
 -0.0000020622
 -0.0000003556
 -0.0000130796
  0.0000000031
  0.0000010638
  0.0000001383
  0.0000000435
  0.0000001845
 -0.0000011095
  0.0000007973
  0.0000002629
  0.0000014131
  0.0000007577
  0.0000000556
  0.0000000371
 -0.0000013486
  0.0000005494
 -0.0000004240
  0.0000006075
  0.0000001544
 -0.0000015488
  0.0000000421
  0.0000004469
 -0.0000001341
 -0.0000001260
  0.0000003414
  0.0000000624
  0.0000000239
  0.0000002463
 -0.0000001194
 -0.0000003029
  0.0000000932
  0.0000047994
  0.0000038272
  0.0000011980
 -0.0000082549
  0.0000017608
  0.0000001449
 -0.0000038094
 -0.0000011548
 -0.0000014511
  0.0000051059
  0.0000020782
 -0.0000012851
 -0.0000030257
  0.0000014354
  0.0000022442
 -0.0000033711
 -0.0000000347
  0.0000002056
 -0.0000005619
 -0.0000001905
 -0.0000013834
 -0.0000000754
  0.0000068486
  0.0000023867
  0.0000001947
 -0.0000039501
 -0.0000060942
  0.0000000403
 -0.0000001231
 -0.0000001592
  0.0000000962
 -0.0000001064
 -0.0000002404
 -0.0000005761
 -0.0000002647
  0.0000004898
 -0.0000001327
 -0.0000001383
  0.0000015496
  0.0000003757
  0.0000006241
 -0.0000002051
 -0.0000001684
  0.0000000012
  0.0000003740
 -0.0000001115
 -0.0000001724
 -0.0000019470
 -0.0000001771
  0.0000004055
 -0.0000008931
 -0.0000003072
 -0.0000000441
 -0.0000002180
 -0.0000004810
  0.0000001114
 -0.0000001642
 -0.0000001719
 -0.0000002700
 -0.0000000388
  0.0000072627
  0.0000039385
  0.0000026729
 -0.0000085666
  0.0000034973
  0.0000010618
 -0.0000054564
 -0.0000003478
 -0.0000019733
  0.0000049738
  0.0000011359
  0.0000012794
 -0.0000042925
  0.0000028465
  0.0000031586
 -0.0000022157
  0.0000002494
  0.0000007857
 -0.0000000725
  0.0000009237
 -0.0000006230
  0.0000001097
  0.0000058588
  0.0000032355
  0.0000003461
 -0.0000070207
 -0.0000000868
 -0.0000001668
 -0.0000003029
 -0.0000003014
 -0.0000000235
 -0.0000002576
 -0.0000005218
  0.0000003920
 -0.0000001458
  0.0000009719
  0.0000004318
  0.0000004913
 -0.0000001903
 -0.0000001100
  0.0000001813
 -0.0000000342
 -0.0000000756
 -0.0000015613
  0.0000012486
 -0.0000022750
 -0.0000005167
  0.0000000079
 -0.0000010678
  0.0000002095
 -0.0000002002
 -0.0000001431
 -0.0000002386
  0.0000000488
  0.0000003157
  0.0000000604
  0.0000000384
  0.0000056925
  0.0000027586
  0.0000014961
 -0.0000079298
  0.0000029337
  0.0000018707
 -0.0000041260
 -0.0000013870
 -0.0000008993
  0.0000052688
  0.0000028154
  0.0000007303
 -0.0000020249
  0.0000005107
  0.0000011962
 -0.0000032395
 -0.0000008788
  0.0000002374
  0.0000004990
 -0.0000002863
  0.0000008163
 -0.0000009746
  0.0000001059
  0.0000039113
  0.0000033481
  0.0000007015
 -0.0000064100
  0.0000002096
 -0.0000000923
 -0.0000001025
 -0.0000000524
  0.0000000659
 -0.0000002473
 -0.0000004489
 -0.0000007806
  0.0000002863
 -0.0000000365
 -0.0000000893
  0.0000013250
  0.0000004515
  0.0000004303
  0.0000000734
  0.0000001149
 -0.0000000655
 -0.0000002403
 -0.0000018955
  0.0000000413
  0.0000007880
 -0.0000011759
 -0.0000006392
  0.0000000007
 -0.0000001537
 -0.0000010359
  0.0000001641
  0.0000000984
 -0.0000000836
 -0.0000000823
  0.0000000660
  0.0000002975
  0.0000002729
  0.0000050508
  0.0000038429
  0.0000013248
 -0.0000082374
  0.0000018090
  0.0000001591
 -0.0000038160
 -0.0000011046
 -0.0000015730
  0.0000052702
  0.0000020873
 -0.0000012504
 -0.0000030316
  0.0000014977
  0.0000022428
  0.0000006205
 -0.0000003246
  0.0000002485
 -0.0000002806
  0.0000014802
 -0.0000003790
 -0.0000001071
 -0.0000011726
  0.0000062428
  0.0000002303
 -0.0000004654
 -0.0000061825
  0.0000002082
 -0.0000001181
 -0.0000000989
  0.0000001233
 -0.0000001299
 -0.0000002496
 -0.0000007830
 -0.0000002715
  0.0000004655
 -0.0000000617
 -0.0000000658
  0.0000015825
  0.0000005134
  0.0000005730
  0.0000004049
 -0.0000000610
 -0.0000001545
 -0.0000017244
 -0.0000000971
  0.0000004675
 -0.0000008501
 -0.0000003578
 -0.0000000328
 -0.0000003612
 -0.0000004505
 -0.0000000175
 -0.0000001139
  0.0000000430
 -0.0000003698
 -0.0000001364
  0.0000066239
  0.0000035930
  0.0000029597
 -0.0000070189
  0.0000033657
  0.0000001190
 -0.0000049594
  0.0000007213
 -0.0000023548
  0.0000066536
  0.0000004804
  0.0000016054
 -0.0000039729
  0.0000034349
  0.0000023282
  0.0000003131
 -0.0000008556
  0.0000000740
  0.0000001486
 -0.0000003851
 -0.0000022809
  0.0000053169
  0.0000000096
 -0.0000007383
 -0.0000063695
 -0.0000003998
 -0.0000003905
 -0.0000004177
 -0.0000001764
 -0.0000004167
 -0.0000008314
 -0.0000002946
  0.0000007943
  0.0000004492
  0.0000003237
 -0.0000002049
 -0.0000001793
 -0.0000000542
 -0.0000002433
 -0.0000022653
 -0.0000002770
  0.0000012233
 -0.0000024239
 -0.0000006753
 -0.0000001734
  0.0000001493
 -0.0000011428
 -0.0000002971
 -0.0000003253
  0.0000000095
  0.0000057131
  0.0000013898
  0.0000031338
 -0.0000095351
  0.0000030864
  0.0000020761
 -0.0000053911
 -0.0000015820
  0.0000003734
  0.0000040960
  0.0000039270
  0.0000015174
 -0.0000031413
  0.0000026968
  0.0000015806
 -0.0000031826
 -0.0000014376
  0.0000000990
  0.0000006326
 -0.0000001822
  0.0000006231
 -0.0000009274
  0.0000000289
  0.0000011716
  0.0000033364
  0.0000000380
 -0.0000078853
  0.0000000054
 -0.0000002644
 -0.0000002782
 -0.0000004484
 -0.0000000998
 -0.0000003929
 -0.0000007347
  0.0000002444
 -0.0000000668
 -0.0000001289
  0.0000010033
  0.0000002321
  0.0000003911
  0.0000000626
  0.0000000767
 -0.0000001564
 -0.0000001710
 -0.0000016264
  0.0000009937
 -0.0000022599
 -0.0000006795
  0.0000000437
 -0.0000002769
 -0.0000012035
  0.0000000468
 -0.0000002982
 -0.0000002458
 -0.0000001586
  0.0000001613
  0.0000040209
  0.0000055649
  0.0000011997
 -0.0000097522
  0.0000035669
 -0.0000017565
 -0.0000066605
  0.0000005296
  0.0000016141
  0.0000037541
 -0.0000005496
  0.0000023263
  0.0000007323
  0.0000016511
  0.0000032082
  0.0000033537
 -0.0000012533
  0.0000013645
 -0.0000010719
 -0.0000021210
  0.0000048661
 -0.0000006051
 -0.0000004468
 -0.0000071546
 -0.0000005222
 -0.0000007717
  0.0000001290
  0.0000000290
 -0.0000008477
 -0.0000000953
 -0.0000001811
  0.0000005450
 -0.0000003867
  0.0000013078
 -0.0000001662
 -0.0000001239
  0.0000003070
 -0.0000000453
 -0.0000021396
 -0.0000000976
  0.0000012504
 -0.0000009101
 -0.0000010445
 -0.0000000444
 -0.0000003030
  0.0000002277
 -0.0000006331
 -0.0000000587
 -0.0000003059
  0.0000039702
  0.0000048489
  0.0000014479
 -0.0000096649
  0.0000037692
 -0.0000019960
 -0.0000065255
  0.0000011692
  0.0000000412
  0.0000035374
  0.0000001611
  0.0000024418
 -0.0000005904
  0.0000019415
  0.0000034769
 -0.0000040505
  0.0000010912
 -0.0000001724
 -0.0000005411
 -0.0000000446
  0.0000056392
  0.0000000473
  0.0000039369
  0.0000001010
  0.0000002106
 -0.0000060951
 -0.0000002097
 -0.0000002578
 -0.0000006700
 -0.0000000251
 -0.0000004696
 -0.0000010000
 -0.0000001171
  0.0000009123
  0.0000002991
  0.0000015138
 -0.0000000806
 -0.0000000829
  0.0000003039
 -0.0000003305
 -0.0000020950
 -0.0000001373
  0.0000010113
 -0.0000014436
 -0.0000009097
  0.0000000069
 -0.0000001629
 -0.0000012300
 -0.0000005590
 -0.0000001880
 -0.0000000553
 -0.0000004740
 -0.0000000189
  0.0000057993
  0.0000032178
  0.0000009762
 -0.0000079241
  0.0000028044
  0.0000005937
 -0.0000037764
 -0.0000006093
 -0.0000008765
  0.0000050632
  0.0000032101
  0.0000004149
 -0.0000021049
  0.0000005878
  0.0000008075
  0.0000000945
 -0.0000014521
  0.0000021630
 -0.0000013242
  0.0000000061
  0.0000009334
 -0.0000000955
  0.0000087322
 -0.0000026773
 -0.0000005305
 -0.0000000374
 -0.0000001321
 -0.0000000869
 -0.0000000980
 -0.0000008136
 -0.0000003002
 -0.0000001159
  0.0000012590
  0.0000003370
  0.0000005301
 -0.0000000972
  0.0000001051
 -0.0000000421
 -0.0000009938
 -0.0000000741
  0.0000007433
 -0.0000011606
 -0.0000004042
 -0.0000002583
 -0.0000007766
  0.0000001155
 -0.0000001289
 -0.0000000261
 -0.0000001866
  0.0000053410
  0.0000017561
  0.0000016623
 -0.0000090665
  0.0000025132
  0.0000022490
 -0.0000043334
 -0.0000010101
  0.0000009820
  0.0000046313
  0.0000033160
  0.0000004183
 -0.0000019995
  0.0000010019
  0.0000003893
 -0.0000025433
  0.0000012837
 -0.0000001878
 -0.0000000410
 -0.0000000998
 -0.0000005083
 -0.0000002527
  0.0000078555
  0.0000003254
  0.0000021703
  0.0000001139
 -0.0000001715
 -0.0000063924
 -0.0000000657
 -0.0000002742
 -0.0000003234
 -0.0000003643
 -0.0000001039
 -0.0000006099
 -0.0000010004
  0.0000000910
 -0.0000000953
 -0.0000001536
  0.0000010692
  0.0000002162
  0.0000002618
 -0.0000000100
 -0.0000000124
 -0.0000000964
 -0.0000001987
 -0.0000001763
 -0.0000023588
  0.0000009153
 -0.0000018932
 -0.0000008051
 -0.0000003250
 -0.0000011594
  0.0000001490
 -0.0000002458
  0.0000000361
 -0.0000002824
 -0.0000004057
 -0.0000002149
  0.0000061271
  0.0000035591
  0.0000030717
 -0.0000066697
  0.0000033099
  0.0000008124
 -0.0000048307
  0.0000003453
 -0.0000020862
  0.0000070296
  0.0000005044
  0.0000014403
 -0.0000038155
  0.0000036680
  0.0000023116
 -0.0000062645
  0.0000005546
 -0.0000001246
  0.0000011064
 -0.0000021578
 -0.0000000748
 -0.0000000546
 -0.0000008549
 -0.0000003028
 -0.0000001255
 -0.0000003044
 -0.0000004561
  0.0000000470
  0.0000000397
 -0.0000007730
 -0.0000000331
  0.0000008113
  0.0000002008
  0.0000004161
 -0.0000001722
 -0.0000000673
 -0.0000017141
 -0.0000001005
  0.0000012261
 -0.0000024000
 -0.0000006512
 -0.0000000807
 -0.0000001853
  0.0000001892
 -0.0000003476
 -0.0000000605
 -0.0000001705
 -0.0000000266
 -0.0000007107
  0.0000045926
  0.0000044925
  0.0000028611
 -0.0000072067
  0.0000056779
 -0.0000007127
 -0.0000049833
  0.0000051967
 -0.0000026364
  0.0000026625
 -0.0000004073
  0.0000072992
 -0.0000042165
  0.0000036630
 -0.0000005599
 -0.0000014142
  0.0000003855
  0.0000005518
 -0.0000003236
  0.0000059042
 -0.0000005759
  0.0000037675
 -0.0000097827
 -0.0000002368
 -0.0000008778
 -0.0000000325
 -0.0000001757
 -0.0000003241
 -0.0000018219
  0.0000000031
 -0.0000001091
 -0.0000005920
 -0.0000000329
  0.0000002940
 -0.0000001679
 -0.0000002156
 -0.0000001969
 -0.0000002493
 -0.0000017604
 -0.0000000557
  0.0000013023
  0.0000012838
 -0.0000004585
 -0.0000000059
 -0.0000006364
  0.0000001133
 -0.0000005764
 -0.0000000072
 -0.0000002892
 -0.0000001984
 -0.0000004378
 -0.0000001954
  0.0000022900
  0.0000057948
  0.0000026156
 -0.0000098207
  0.0000037850
  0.0000021084
 -0.0000048468
 -0.0000007576
 -0.0000009330
  0.0000031580
 -0.0000017484
  0.0000027373
 -0.0000033307
  0.0000038190
  0.0000019562
 -0.0000103143
 -0.0000009417
 -0.0000017817
  0.0000018603
 -0.0000008988
  0.0000063003
  0.0000008365
 -0.0000002213
 -0.0000000522
 -0.0000002515
 -0.0000002526
 -0.0000004011
 -0.0000000606
  0.0000018482
 -0.0000005273
 -0.0000001464
 -0.0000002757
 -0.0000005081
 -0.0000003457
  0.0000016941
 -0.0000005497
 -0.0000001612
 -0.0000002992
 -0.0000001298
 -0.0000002886
 -0.0000003277
 -0.0000000989
  0.0000003061
  0.0000002663
 -0.0000000856
  0.0000039792
  0.0000028315
  0.0000016851
 -0.0000079040
  0.0000026456
 -0.0000000243
 -0.0000048584
 -0.0000005762
 -0.0000014208
  0.0000044521
  0.0000013521
  0.0000002061
 -0.0000020961
  0.0000016467
  0.0000014614
  0.0000001993
 -0.0000044891
 -0.0000006176
 -0.0000008282
 -0.0000000546
  0.0000013389
 -0.0000002423
  0.0000004181
  0.0000001759
 -0.0000013310
 -0.0000017249
 -0.0000005414
 -0.0000000431
  0.0000001031
 -0.0000002451
 -0.0000001480
 -0.0000002226
 -0.0000006689
 -0.0000011788
 -0.0000000029
 -0.0000001463
  0.0000012309
  0.0000001347
  0.0000001952
 -0.0000000496
 -0.0000003120
 -0.0000000763
 -0.0000010029
  0.0000004211
 -0.0000006189
 -0.0000002676
 -0.0000000033
  0.0000001979
 -0.0000012532
 -0.0000000460
 -0.0000002554
 -0.0000001768
 -0.0000004928
  0.0000001213
  0.0000055210
  0.0000026623
  0.0000016613
 -0.0000086793
  0.0000028564
  0.0000015147
 -0.0000043262
 -0.0000012802
  0.0000010703
  0.0000049268
  0.0000022934
  0.0000006506
 -0.0000018453
  0.0000010716
  0.0000013643
 -0.0000000950
 -0.0000098887
  0.0000005584
 -0.0000002665
  0.0000014987
 -0.0000013899
 -0.0000000468
  0.0000080073
  0.0000005309
 -0.0000004745
 -0.0000003430
 -0.0000002089
 -0.0000002059
 -0.0000001081
 -0.0000003088
  0.0000012459
  0.0000003886
  0.0000005431
 -0.0000002010
  0.0000000378
 -0.0000007975
  0.0000010367
 -0.0000015621
 -0.0000004196
 -0.0000001010
  0.0000000291
 -0.0000008926
 -0.0000001361
 -0.0000002582
 -0.0000002374
 -0.0000002335
 -0.0000001203
  0.0000030292
  0.0000054805
  0.0000035909
 -0.0000093966
  0.0000041188
  0.0000058413
 -0.0000042384
  0.0000020878
 -0.0000023023
  0.0000025585
 -0.0000013341
  0.0000011155
 -0.0000046732
  0.0000045987
  0.0000018306
 -0.0000024432
  0.0000000240
 -0.0000019479
 -0.0000001444
  0.0000044452
 -0.0000072477
 -0.0000000639
 -0.0000005517
 -0.0000001274
 -0.0000002201
 -0.0000011385
 -0.0000001673
 -0.0000001987
  0.0000000916
  0.0000025722
 -0.0000001696
 -0.0000000934
 -0.0000005142
 -0.0000002407
 -0.0000000414
  0.0000017121
 -0.0000005699
 -0.0000005389
 -0.0000001245
 -0.0000003184
  0.0000001208
 -0.0000002913
 -0.0000002609
  0.0000036874
  0.0000056601
  0.0000019272
 -0.0000096373
  0.0000039611
  0.0000052061
 -0.0000055740
 -0.0000001166
  0.0000022937
  0.0000033956
 -0.0000018198
  0.0000021438
  0.0000002647
  0.0000028210
  0.0000020549
 -0.0000022017
 -0.0000012886
 -0.0000004942
 -0.0000003981
 -0.0000006557
 -0.0000004550
 -0.0000019760
  0.0000039006
 -0.0000000408
 -0.0000090519
 -0.0000001257
 -0.0000002482
 -0.0000003757
 -0.0000007859
 -0.0000000000
 -0.0000005740
 -0.0000014931
 -0.0000001555
  0.0000000932
  0.0000001771
  0.0000000630
  0.0000025168
 -0.0000001313
 -0.0000000376
  0.0000003778
 -0.0000003808
 -0.0000020319
 -0.0000001330
  0.0000011605
 -0.0000007913
 -0.0000009270
 -0.0000000286
 -0.0000002617
 -0.0000013538
 -0.0000006982
 -0.0000001858
 -0.0000000623
  0.0000002453
 -0.0000001627
  0.0000001035
  0.0000045527
  0.0000036726
  0.0000014352
 -0.0000080912
  0.0000020383
 -0.0000004164
 -0.0000040693
 -0.0000011839
 -0.0000013581
  0.0000048104
  0.0000025531
 -0.0000005924
 -0.0000029731
  0.0000018821
  0.0000021976
 -0.0000000002
 -0.0000078000
 -0.0000016800
 -0.0000001457
  0.0000000097
  0.0000000655
  0.0000016899
 -0.0000002705
 -0.0000024960
  0.0000001627
  0.0000051878
 -0.0000002319
 -0.0000005510
  0.0000001700
 -0.0000001113
 -0.0000000281
 -0.0000001905
 -0.0000008232
 -0.0000013862
 -0.0000001477
  0.0000014528
  0.0000004365
  0.0000002850
 -0.0000000693
  0.0000002944
 -0.0000002360
 -0.0000008815
  0.0000003796
 -0.0000006556
 -0.0000002617
 -0.0000000278
 -0.0000005757
 -0.0000011614
  0.0000001492
 -0.0000001903
 -0.0000000368
  0.0000005878
 -0.0000000223
  0.0000037305
  0.0000061556
  0.0000037504
 -0.0000088693
  0.0000073892
  0.0000100893
 -0.0000069311
  0.0000094986
  0.0000027358
  0.0000008977
  0.0000008222
  0.0000080377
  0.0000001874
  0.0000052422
  0.0000020711
 -0.0000036770
 -0.0000026841
  0.0000001694
 -0.0000040722
  0.0000012207
  0.0000054260
  0.0000019709
 -0.0000101555
 -0.0000004240
 -0.0000000967
 -0.0000008652
  0.0000000451
 -0.0000000414
 -0.0000014302
 -0.0000000387
 -0.0000000500
  0.0000000543
 -0.0000018671
  0.0000001498
  0.0000009713
 -0.0000002112
 -0.0000000389
 -0.0000001143
 -0.0000008934
 -0.0000001801
 -0.0000034310
 -0.0000001443
  0.0000006501
  0.0000015640
 -0.0000017155
 -0.0000000225
 -0.0000012206
  0.0000000925
  0.0000001897
 -0.0000005774
 -0.0000000244
 -0.0000002398
  0.0000055165
  0.0000040873
  0.0000002188
 -0.0000084468
  0.0000024395
  0.0000003045
 -0.0000036231
 -0.0000006370
 -0.0000019060
  0.0000054397
  0.0000032085
 -0.0000003349
 -0.0000029253
  0.0000015170
  0.0000019136
  0.0000002415
  0.0000000893
 -0.0000015511
  0.0000000782
  0.0000000618
 -0.0000025504
 -0.0000005373
 -0.0000003070
 -0.0000013782
  0.0000053811
 -0.0000002289
 -0.0000003734
 -0.0000067301
  0.0000002496
 -0.0000002013
 -0.0000002075
 -0.0000000364
 -0.0000000861
 -0.0000007207
 -0.0000003742
  0.0000003672
 -0.0000000096
 -0.0000000615
  0.0000013081
  0.0000005301
  0.0000005431
  0.0000001524
 -0.0000000926
 -0.0000002136
 -0.0000018065
  0.0000005810
 -0.0000009988
 -0.0000003841
  0.0000000761
 -0.0000002432
 -0.0000005433
  0.0000002551
 -0.0000001005
  0.0000000020
 -0.0000006346
  0.0000052745
  0.0000030658
  0.0000034950
 -0.0000066639
  0.0000043805
 -0.0000022849
 -0.0000050655
  0.0000019244
 -0.0000021945
  0.0000068947
  0.0000010841
  0.0000028218
 -0.0000038742
  0.0000040786
  0.0000019486
 -0.0000016280
 -0.0000000976
 -0.0000003917
  0.0000004969
  0.0000053758
  0.0000034034
  0.0000000885
 -0.0000014020
 -0.0000066387
 -0.0000006006
 -0.0000002422
 -0.0000004239
 -0.0000004517
 -0.0000000710
 -0.0000004477
 -0.0000006969
  0.0000008202
  0.0000005236
  0.0000007492
 -0.0000002378
 -0.0000001952
 -0.0000000707
 -0.0000002987
 -0.0000002667
 -0.0000019003
 -0.0000002272
  0.0000011962
 -0.0000024384
 -0.0000008863
  0.0000002372
 -0.0000012433
 -0.0000003304
 -0.0000001210
 -0.0000000686
  0.0000002651
  0.0000002202
  0.0000046301
  0.0000047970
  0.0000032353
 -0.0000073312
  0.0000055334
 -0.0000006919
 -0.0000045524
  0.0000050728
 -0.0000024854
  0.0000033197
 -0.0000003524
  0.0000073587
 -0.0000044049
  0.0000040077
 -0.0000011967
 -0.0000046077
 -0.0000024816
 -0.0000012967
 -0.0000025020
 -0.0000032914
 -0.0000010438
  0.0000025737
  0.0000009086
 -0.0000096898
 -0.0000001004
 -0.0000006326
  0.0000001169
  0.0000000441
 -0.0000001420
 -0.0000017013
 -0.0000000013
 -0.0000001711
  0.0000002004
  0.0000002735
  0.0000003715
  0.0000000019
  0.0000001386
  0.0000000947
 -0.0000001272
 -0.0000000942
 -0.0000022915
  0.0000000599
  0.0000015102
  0.0000009596
 -0.0000000468
  0.0000000008
 -0.0000004417
 -0.0000008632
  0.0000002572
 -0.0000003816
  0.0000001562
  0.0000001183
  0.0000048444
  0.0000039277
  0.0000010679
 -0.0000079920
  0.0000021756
  0.0000000705
 -0.0000040013
 -0.0000006950
 -0.0000019916
  0.0000053999
  0.0000029216
 -0.0000007244
 -0.0000032842
  0.0000022838
  0.0000021688
  0.0000001794
  0.0000024079
 -0.0000019303
 -0.0000000370
 -0.0000000571
  0.0000010251
 -0.0000001419
  0.0000080411
 -0.0000019921
  0.0000049515
 -0.0000006784
 -0.0000066281
  0.0000002000
 -0.0000002621
  0.0000000205
 -0.0000001087
 -0.0000009945
 -0.0000004605
 -0.0000001011
  0.0000014425
  0.0000005207
  0.0000004692
 -0.0000000272
  0.0000002708
 -0.0000001227
 -0.0000002476
 -0.0000008064
  0.0000005059
 -0.0000010089
 -0.0000004031
  0.0000000251
 -0.0000002857
 -0.0000009020
  0.0000000727
 -0.0000001536
  0.0000000173
 -0.0000000080
 -0.0000003438
 -0.0000002172
  0.0000054963
  0.0000016451
  0.0000021028
 -0.0000093054
  0.0000025726
  0.0000023230
 -0.0000044781
 -0.0000009152
  0.0000005937
  0.0000044121
  0.0000037867
  0.0000004741
 -0.0000025769
  0.0000014859
  0.0000002897
  0.0000000671
  0.0000007820
 -0.0000010546
 -0.0000000324
 -0.0000006680
 -0.0000005745
 -0.0000008221
  0.0000052305
 -0.0000002999
 -0.0000005318
 -0.0000066827
 -0.0000001831
 -0.0000002454
 -0.0000003535
 -0.0000001640
 -0.0000005859
 -0.0000008384
 -0.0000002715
  0.0000011565
  0.0000002449
  0.0000003445
 -0.0000001596
  0.0000000005
 -0.0000001205
 -0.0000002127
 -0.0000020971
 -0.0000001330
  0.0000010349
 -0.0000020224
 -0.0000007232
 -0.0000003128
 -0.0000007843
 -0.0000002355
 -0.0000000983
 -0.0000002710
  0.0000044584
  0.0000035077
  0.0000014771
 -0.0000081235
  0.0000021918
 -0.0000004175
 -0.0000042951
 -0.0000010171
 -0.0000007073
  0.0000043320
  0.0000022475
 -0.0000001354
 -0.0000026773
  0.0000016577
  0.0000020803
  0.0000003758
  0.0000008961
 -0.0000005558
  0.0000002366
  0.0000007343
  0.0000005581
 -0.0000015007
  0.0000003408
 -0.0000018073
  0.0000045562
 -0.0000002610
 -0.0000002030
 -0.0000073302
 -0.0000000018
 -0.0000001118
 -0.0000000158
  0.0000000275
 -0.0000001364
 -0.0000002721
 -0.0000009400
 -0.0000008366
  0.0000003718
 -0.0000001561
 -0.0000001657
  0.0000015078
  0.0000002203
  0.0000003944
  0.0000003664
 -0.0000001146
 -0.0000001997
 -0.0000008072
 -0.0000001031
  0.0000003972
 -0.0000004924
 -0.0000002456
 -0.0000000394
 -0.0000000821
 -0.0000009082
 -0.0000000591
 -0.0000001362
 -0.0000001221
  0.0000060047
  0.0000034146
  0.0000004161
 -0.0000083344
  0.0000026794
  0.0000005648
 -0.0000036617
 -0.0000007087
 -0.0000016001
  0.0000048776
  0.0000030356
  0.0000002425
 -0.0000028367
  0.0000008390
  0.0000011287
 -0.0000031786
  0.0000018006
 -0.0000003721
 -0.0000001105
 -0.0000001662
 -0.0000007184
 -0.0000004011
  0.0000067880
  0.0000006884
  0.0000028679
 -0.0000001844
 -0.0000009838
 -0.0000066701
  0.0000001836
 -0.0000002833
 -0.0000002613
 -0.0000001874
 -0.0000001038
 -0.0000002269
 -0.0000007597
 -0.0000008969
  0.0000000490
 -0.0000000579
 -0.0000001273
  0.0000011484
  0.0000004231
  0.0000004805
 -0.0000000040
 -0.0000001968
 -0.0000002587
 -0.0000023197
 -0.0000000829
  0.0000005171
 -0.0000011861
 -0.0000006579
 -0.0000000214
 -0.0000003268
 -0.0000009732
  0.0000001032
 -0.0000002172
 -0.0000001044
 -0.0000006342
 -0.0000005614
  0.0000047094
  0.0000047668
  0.0000031209
 -0.0000071023
  0.0000056446
 -0.0000006827
 -0.0000047423
  0.0000045627
 -0.0000021567
  0.0000028119
 -0.0000001778
  0.0000076208
 -0.0000037956
  0.0000039268
 -0.0000010765
 -0.0000007304
 -0.0000013161
  0.0000000306
 -0.0000005068
 -0.0000005262
  0.0000023588
 -0.0000063016
  0.0000000630
  0.0000000827
 -0.0000001658
 -0.0000002419
 -0.0000021394
 -0.0000001900
 -0.0000003077
 -0.0000006393
 -0.0000002017
  0.0000005221
 -0.0000002181
 -0.0000002068
 -0.0000001736
 -0.0000002336
 -0.0000004686
 -0.0000000763
  0.0000009505
  0.0000015251
 -0.0000004702
 -0.0000000654
 -0.0000000717
 -0.0000003383
 -0.0000002309
  0.0000000493
 -0.0000012865
  0.0000039380
  0.0000064719
  0.0000042256
 -0.0000091035
  0.0000029064
  0.0000059276
 -0.0000038265
  0.0000057575
 -0.0000032050
  0.0000033655
 -0.0000015027
  0.0000053525
 -0.0000057691
  0.0000051243
  0.0000030796
 -0.0000035648
  0.0000000833
 -0.0000004483
  0.0000049938
  0.0000046387
 -0.0000005399
 -0.0000099840
 -0.0000001919
 -0.0000005792
 -0.0000000795
 -0.0000000878
 -0.0000002566
 -0.0000023856
 -0.0000002113
 -0.0000002503
  0.0000002499
 -0.0000003775
 -0.0000000936
  0.0000025746
 -0.0000002938
 -0.0000001807
 -0.0000006007
 -0.0000001063
 -0.0000018309
 -0.0000002182
  0.0000015763
 -0.0000005794
 -0.0000002103
 -0.0000001637
 -0.0000004889
 -0.0000017898
 -0.0000000047
 -0.0000003923
 -0.0000000762
 -0.0000017745
  0.0000033531
  0.0000042221
  0.0000021111
 -0.0000085594
  0.0000038338
 -0.0000023009
 -0.0000067101
  0.0000013270
 -0.0000015133
  0.0000045843
  0.0000006027
  0.0000023838
 -0.0000020375
  0.0000025457
  0.0000031493
 -0.0000040377
 -0.0000041983
 -0.0000008528
 -0.0000011515
 -0.0000046644
 -0.0000012260
 -0.0000015779
 -0.0000013293
  0.0000029748
 -0.0000007008
 -0.0000096752
 -0.0000007808
 -0.0000002844
 -0.0000004373
 -0.0000005600
  0.0000000709
 -0.0000005891
 -0.0000013794
  0.0000001794
  0.0000009210
  0.0000003508
  0.0000001540
  0.0000014435
  0.0000000204
  0.0000000871
  0.0000001031
 -0.0000003543
 -0.0000003457
 -0.0000026654
 -0.0000000042
  0.0000010727
 -0.0000021565
 -0.0000010225
  0.0000000320
 -0.0000013848
 -0.0000004448
  0.0000000687
 -0.0000001349
 -0.0000007804
 -0.0000007050
 -0.0000002354
 -0.0000003492
  0.0000037808
  0.0000024606
  0.0000014245
 -0.0000080796
  0.0000022997
 -0.0000008460
 -0.0000052023
 -0.0000009910
 -0.0000010525
  0.0000044519
  0.0000009329
  0.0000000378
 -0.0000027175
  0.0000013197
  0.0000011187
 -0.0000027769
 -0.0000041880
 -0.0000004994
 -0.0000009430
 -0.0000010942
 -0.0000050664
 -0.0000013992
 -0.0000022563
 -0.0000005891
  0.0000039151
  0.0000031997
 -0.0000001691
 -0.0000071736
 -0.0000002869
 -0.0000003450
 -0.0000002123
 -0.0000002387
 -0.0000004619
 -0.0000007070
 -0.0000014102
 -0.0000008031
 -0.0000000380
 -0.0000002738
 -0.0000003030
  0.0000012455
 -0.0000001421
 -0.0000002220
  0.0000001119
 -0.0000005911
 -0.0000005328
 -0.0000003458
  0.0000000559
 -0.0000004324
 -0.0000004419
 -0.0000023775
 -0.0000005136
  0.0000000806
 -0.0000009836
 -0.0000007156
 -0.0000004817
  0.0000001457
 -0.0000008590
 -0.0000003333
 -0.0000001764
 -0.0000004930
 -0.0000005683
 -0.0000004251
  0.0000034064
  0.0000058423
  0.0000039008
 -0.0000091433
  0.0000036216
  0.0000073433
 -0.0000039881
  0.0000049112
 -0.0000023017
  0.0000030070
 -0.0000009103
  0.0000011273
 -0.0000047063
  0.0000047903
  0.0000025441
 -0.0000019702
  0.0000007474
 -0.0000006899
  0.0000006408
  0.0000037204
  0.0000006890
 -0.0000061157
 -0.0000000422
 -0.0000004352
  0.0000001570
  0.0000000657
 -0.0000015397
 -0.0000000691
 -0.0000001301
  0.0000002675
  0.0000031310
 -0.0000001142
 -0.0000000283
 -0.0000004086
 -0.0000000825
 -0.0000021866
 -0.0000000546
  0.0000017326
 -0.0000005135
 -0.0000002534
  0.0000000061
 -0.0000006164
  0.0000002298
 -0.0000002487
 -0.0000000251
 -0.0000009844
 -0.0000000305
 -0.0000000775
  0.0000044653
  0.0000025958
  0.0000015345
 -0.0000070384
  0.0000018155
 -0.0000001603
 -0.0000050361
 -0.0000007556
 -0.0000010310
  0.0000038246
  0.0000007299
 -0.0000006825
 -0.0000020228
  0.0000012677
  0.0000014241
 -0.0000038979
 -0.0000000505
 -0.0000010404
  0.0000003761
 -0.0000006269
 -0.0000005471
  0.0000049599
  0.0000055976
 -0.0000002712
 -0.0000033211
 -0.0000064843
 -0.0000001602
 -0.0000001090
  0.0000003237
 -0.0000002350
  0.0000002201
  0.0000000507
 -0.0000007737
 -0.0000010312
  0.0000005076
 -0.0000001602
 -0.0000001785
  0.0000010935
  0.0000000739
 -0.0000001207
  0.0000002388
 -0.0000001804
 -0.0000001763
 -0.0000002093
 -0.0000001501
 -0.0000003276
 -0.0000001518
 -0.0000011880
 -0.0000001163
  0.0000004548
 -0.0000004774
 -0.0000001879
 -0.0000000297
  0.0000001299
 -0.0000008135
  0.0000001320
 -0.0000000824
 -0.0000002184
 -0.0000000610
 -0.0000002378
  0.0000042026
  0.0000054337
  0.0000014188
 -0.0000098622
  0.0000037434
 -0.0000013825
 -0.0000064847
  0.0000007414
  0.0000010425
  0.0000039021
 -0.0000002111
  0.0000024839
  0.0000003050
  0.0000018827
  0.0000034352
 -0.0000014891
 -0.0000017019
 -0.0000022575
 -0.0000000511
  0.0000003092
  0.0000040475
  0.0000004737
 -0.0000009067
 -0.0000059542
 -0.0000000137
 -0.0000003343
 -0.0000007179
 -0.0000000160
 -0.0000001153
 -0.0000004379
 -0.0000008375
 -0.0000001146
  0.0000008162
  0.0000000434
  0.0000015924
 -0.0000002056
 -0.0000000356
  0.0000004085
 -0.0000004024
 -0.0000017701
 -0.0000001821
  0.0000011755
 -0.0000010198
 -0.0000008809
 -0.0000000753
 -0.0000002670
 -0.0000011681
 -0.0000000976
 -0.0000006261
 -0.0000000559
  0.0000058655
  0.0000012185
  0.0000031034
 -0.0000094255
  0.0000024720
  0.0000024927
 -0.0000050842
 -0.0000010681
 -0.0000006043
  0.0000041568
  0.0000043863
  0.0000007754
 -0.0000038952
  0.0000026798
  0.0000010316
  0.0000001217
  0.0000025247
 -0.0000013476
  0.0000009921
 -0.0000000695
 -0.0000024687
  0.0000045902
 -0.0000004739
 -0.0000068445
 -0.0000004055
 -0.0000003489
 -0.0000004028
  0.0000000220
 -0.0000005650
 -0.0000006661
  0.0000011657
  0.0000005211
  0.0000003999
 -0.0000000962
  0.0000000955
 -0.0000018296
 -0.0000001277
  0.0000010549
 -0.0000022302
 -0.0000006685
 -0.0000000381
  0.0000002080
 -0.0000005564
 -0.0000003220
 -0.0000001957
 -0.0000001132
  0.0000030686
  0.0000030716
  0.0000034701
 -0.0000080518
  0.0000045021
 -0.0000009796
 -0.0000056735
  0.0000019715
 -0.0000007858
  0.0000052814
  0.0000010561
  0.0000028675
 -0.0000014830
  0.0000040317
  0.0000024264
 -0.0000089385
 -0.0000008752
 -0.0000014159
  0.0000020331
 -0.0000007951
  0.0000043165
  0.0000010505
  0.0000002526
 -0.0000004029
 -0.0000001424
 -0.0000000660
 -0.0000007924
  0.0000009861
 -0.0000003183
  0.0000003546
 -0.0000002522
 -0.0000000596
  0.0000001516
 -0.0000001059
 -0.0000013483
 -0.0000001210
  0.0000010680
 -0.0000018255
 -0.0000001285
 -0.0000002204
  0.0000000273
 -0.0000006594
 -0.0000002898
 -0.0000000170
 -0.0000161728
  0.0000226541
  0.0000090824
  0.0000035929
  0.0000577634
  0.0000050186
 -0.0001060800
  0.0000224662
  0.0000162864
  0.0000040744
 -0.0000386579
 -0.0002719059
 -0.0000902540
  0.0000154761
  0.0000070169
  0.0000027022
  0.0000057598
  0.0000044734
  0.0000056196
  0.0000019032
  0.0000024152
  0.0000041209
  0.0000052070
  0.0000034300
  0.0000046523
  0.0000045222
  0.0000028021
  0.0000041720
  0.0000043525
  0.0000005374
  0.0000025081
  0.0000040315
  0.0000046411
  0.0000044765
  0.0000055320
  0.0000040560
  0.0000029656
  0.0000041268
  0.0000043509
  0.0000053820
  0.0000043120
  0.0000032130
  0.0000036512
  0.0000050525
  0.0000054507
  0.0000023281
  0.0000057416
  0.0000020356
  0.0000041890
  0.0000029060
 -0.0000325238
 -0.0000302000
  0.0000046645
  0.0000104270
  0.0000069229
  0.0000087970
 -0.0000676978
 -0.0000097822
  0.0000137923
  0.0000047081
 -0.0000889035
 -0.0000750414
  0.0000042239
 -0.0000167590
 -0.0000001622
  0.0000028709
  0.0000025317
  0.0000031068
  0.0000036221
  0.0000014750
  0.0000064803
  0.0000077448
  0.0000056497
  0.0000030391
  0.0000030517
  0.0000024393
  0.0000023355
  0.0000028015
  0.0000039159
  0.0000017382
  0.0000027172
  0.0000036293
  0.0000029350
  0.0000038935
  0.0000021942
  0.0000053280
  0.0000022376
  0.0000020342
  0.0000031380
  0.0000059550
 -0.0000004402
  0.0000001071
  0.0000080403
  0.0000026305
  0.0000024345
  0.0000035293
  0.0000023572
  0.0000029010
 -0.0000002969
 -0.0001652347
 -0.0000475986
 -0.0000106248
  0.0000016540
  0.0000085462
  0.0000042501
  0.0000069518
  0.0000463835
  0.0000390172
  0.0000098707
  0.0000019017
 -0.0000834613
 -0.0000055968
 -0.0000225419
  0.0000001747
  0.0000016964
  0.0000014872
  0.0000015180
 -0.0000006340
  0.0000004781
  0.0000042457
  0.0000063896
  0.0000013849
  0.0000016946
  0.0000017099
  0.0000007008
  0.0000011983
  0.0000014286
  0.0000017201
  0.0000006152
  0.0000013922
  0.0000017315
  0.0000025722
  0.0000009434
  0.0000009975
  0.0000019490
  0.0000009557
  0.0000009395
  0.0000000986
  0.0000040944
  0.0000007615
  0.0000008903
  0.0000063795
  0.0000016223
 -0.0000004766
  0.0000000205
 -0.0000007854
  0.0000016627
 -0.0000160601
  0.0000277337
 -0.0000262765
 -0.0000125103
 -0.0000149781
  0.0000034391
 -0.0000156686
 -0.0000252372
 -0.0000185938
 -0.0000083804
 -0.0000326829
 -0.0000351026
 -0.0001525831
 -0.0000240179
 -0.0000299055
 -0.0000075170
 -0.0000084314
 -0.0000080612
 -0.0000087646
 -0.0000073426
 -0.0000069636
 -0.0000085075
 -0.0000138050
 -0.0000098129
 -0.0000069291
 -0.0000068777
 -0.0000092934
 -0.0000074492
 -0.0000071765
 -0.0000137857
 -0.0000067036
 -0.0000069060
 -0.0000080055
 -0.0000081897
 -0.0000084615
 -0.0000067242
 -0.0000204215
 -0.0000065301
 -0.0000086811
 -0.0000090973
 -0.0000082092
 -0.0000070468
 -0.0000067752
 -0.0000167122
 -0.0000088275
 -0.0000067879
 -0.0000082216
 -0.0000069500
 -0.0000076425
  0.0000113495
 -0.0000356156
  0.0000164202
  0.0000066182
  0.0000089792
  0.0000195332
  0.0000097196
  0.0000456129
  0.0000510940
  0.0000080757
  0.0000066379
 -0.0001050516
 -0.0001054063
  0.0000067402
  0.0000024901
  0.0000001029
  0.0000029740
  0.0000015178
  0.0000017879
  0.0000072538
  0.0000002989
  0.0000046673
  0.0000082688
  0.0000034965
  0.0000021924
  0.0000020476
  0.0000023231
  0.0000014890
  0.0000023058
  0.0000050076
  0.0000009910
  0.0000021899
  0.0000023773
  0.0000026412
  0.0000019810
  0.0000029116
  0.0000121836
  0.0000029091
  0.0000010530
  0.0000017513
  0.0000045132
  0.0000032645
  0.0000008336
  0.0000080992
  0.0000028066
  0.0000043552
  0.0000018415
  0.0000029328
  0.0000020245
  0.0000225351
  0.0000604663
  0.0000580942
  0.0000163375
  0.0000140260
  0.0000506160
  0.0000155355
  0.0000427883
  0.0001106045
  0.0000208655
  0.0000001467
 -0.0000975704
  0.0000280214
  0.0000511377
  0.0000618445
 -0.0000017094
  0.0000005209
 -0.0000000729
 -0.0000000953
  0.0000012879
  0.0000001336
 -0.0000017794
  0.0000047277
 -0.0000040215
  0.0000005911
 -0.0000005391
 -0.0000004942
 -0.0000004724
 -0.0000001014
  0.0000039476
 -0.0000000813
  0.0000001015
 -0.0000004722
 -0.0000000242
 -0.0000002367
 -0.0000007499
  0.0000207128
 -0.0000008365
 -0.0000005669
 -0.0000003709
 -0.0000037923
  0.0000015052
 -0.0000007872
  0.0000065993
  0.0000008442
  0.0000003273
 -0.0000003056
  0.0000006796
  0.0000005732
 -0.0000115308
  0.0000111329
  0.0000093356
 -0.0000049477
 -0.0000004124
  0.0000345630
 -0.0000038313
  0.0000052889
  0.0000009616
 -0.0000057621
 -0.0000513585
 -0.0000168961
 -0.0001637700
 -0.0000016729
 -0.0000105723
 -0.0000072165
 -0.0000039130
 -0.0000051386
 -0.0000038615
 -0.0000099521
 -0.0000070136
 -0.0000034915
 -0.0000032932
 -0.0000062040
 -0.0000046745
 -0.0000045252
 -0.0000074145
 -0.0000053058
 -0.0000048507
 -0.0000084857
 -0.0000066859
 -0.0000048181
 -0.0000041581
 -0.0000057155
 -0.0000039421
 -0.0000042516
 -0.0000082309
 -0.0000040506
 -0.0000056520
 -0.0000046275
 -0.0000037767
 -0.0000060316
 -0.0000063290
 -0.0000028233
 -0.0000043742
 -0.0000085725
 -0.0000042997
 -0.0000081683
 -0.0000047454
  0.0000293711
  0.0000565445
  0.0000345466
  0.0000172128
  0.0000169168
  0.0000338244
  0.0000186349
  0.0000270036
  0.0000889619
  0.0000186925
  0.0000050328
 -0.0001312604
  0.0000222582
  0.0000362577
  0.0000567411
  0.0000049274
 -0.0000004238
 -0.0000010984
 -0.0000005841
  0.0000070786
  0.0000068953
  0.0000011554
  0.0000086175
  0.0000011133
  0.0000001636
  0.0000004343
 -0.0000020300
 -0.0000003244
 -0.0000007406
  0.0000033022
  0.0000068741
  0.0000017228
 -0.0000007917
 -0.0000012353
 -0.0000012256
  0.0000017364
  0.0000219465
  0.0000016910
 -0.0000016616
 -0.0000018658
  0.0000014595
  0.0000037935
  0.0000054597
  0.0000091448
 -0.0000008260
  0.0000048736
 -0.0000012976
  0.0000058626
 -0.0000005737
 -0.0000015196
  0.0000369067
 -0.0000362875
 -0.0000008584
 -0.0000080209
 -0.0000132733
  0.0000021823
 -0.0000351508
 -0.0000070046
  0.0000026478
 -0.0000283604
  0.0000110711
 -0.0001362578
 -0.0000083541
 -0.0000119406
 -0.0000009772
  0.0000009182
 -0.0000017091
 -0.0000010654
 -0.0000034431
 -0.0000028422
 -0.0000029180
 -0.0000077065
 -0.0000003784
 -0.0000007385
 -0.0000004722
 -0.0000025054
 -0.0000017250
 -0.0000008436
  0.0000009992
 -0.0000025798
 -0.0000007984
 -0.0000015425
  0.0000019389
 -0.0000009284
 -0.0000008304
  0.0000043125
 -0.0000007632
 -0.0000009167
 -0.0000013300
 -0.0000025345
 -0.0000010893
 -0.0000007864
  0.0000042436
  0.0000006736
 -0.0000017890
  0.0000005187
 -0.0000021142
 -0.0000006173
 -0.0000005172
 -0.0000309837
 -0.0000235856
  0.0000068012
  0.0000013870
  0.0000235424
  0.0000025770
 -0.0000673515
 -0.0000135969
  0.0000172737
  0.0000014791
 -0.0001060230
 -0.0001064848
  0.0000172060
  0.0000080521
  0.0000027030
  0.0000051186
  0.0000050994
  0.0000048286
  0.0000021697
  0.0000028780
  0.0000038040
  0.0000027732
  0.0000031709
  0.0000042052
  0.0000039921
  0.0000031242
  0.0000043269
  0.0000046084
 -0.0000020801
  0.0000030715
  0.0000036222
  0.0000049569
  0.0000053678
  0.0000052177
  0.0000035023
  0.0000028287
  0.0000032947
  0.0000046025
  0.0000045624
  0.0000038722
  0.0000030771
  0.0000033852
  0.0000025165
  0.0000048002
  0.0000015780
  0.0000048708
  0.0000013678
  0.0000046069
  0.0000104145
  0.0000021259
  0.0000108688
  0.0000008124
  0.0000002323
  0.0000348507
  0.0000018939
  0.0000518708
  0.0000516937
  0.0000113273
  0.0000006623
 -0.0001298250
  0.0000143601
  0.0000205770
  0.0000060759
 -0.0000008076
  0.0000035447
  0.0000009477
  0.0000030567
  0.0000008175
 -0.0000005678
 -0.0000007260
  0.0000013385
 -0.0000008430
  0.0000009128
  0.0000001394
 -0.0000001374
  0.0000004984
  0.0000010854
 -0.0000009536
 -0.0000002952
  0.0000004240
  0.0000023339
  0.0000038770
  0.0000024328
  0.0000005398
  0.0000066995
  0.0000000023
  0.0000005373
  0.0000015421
 -0.0000009401
 -0.0000004961
 -0.0000002346
  0.0000012918
  0.0000025569
  0.0000015377
  0.0000018474
  0.0000011941
  0.0000011657
  0.0000262872
 -0.0000673046
 -0.0002086414
  0.0000399813
  0.0000160848
  0.0000128783
  0.0000699533
  0.0000124486
  0.0001699043
  0.0000719098
  0.0000275105
  0.0000078544
  0.0000307406
  0.0000357829
 -0.0000445907
  0.0000000505
  0.0000005558
 -0.0000007657
 -0.0000010486
 -0.0000024087
  0.0000015489
  0.0000035312
  0.0000089505
  0.0000022565
 -0.0000001674
 -0.0000005539
  0.0000004619
 -0.0000008213
 -0.0000002018
  0.0000054383
  0.0000016279
 -0.0000001789
  0.0000002310
  0.0000005043
 -0.0000011046
 -0.0000007679
  0.0000212619
 -0.0000007559
 -0.0000012781
 -0.0000005604
  0.0000033705
 -0.0000001617
  0.0000005406
  0.0000089798
  0.0000005493
 -0.0000002277
 -0.0000009019
  0.0000003188
 -0.0000002353
 -0.0000050391
  0.0000258898
 -0.0000422074
 -0.0000034686
 -0.0000103547
 -0.0000215082
 -0.0000003716
 -0.0001297769
 -0.0000115379
  0.0000001946
 -0.0000414206
 -0.0000936501
 -0.0001838378
 -0.0000100828
 -0.0000134234
 -0.0003983809
 -0.0000024785
 -0.0000019736
 -0.0000032568
 -0.0000036337
 -0.0000016717
 -0.0000024329
 -0.0000044829
 -0.0000105961
 -0.0000026883
 -0.0000019237
 -0.0000019859
 -0.0000045900
 -0.0000026181
 -0.0000022749
 -0.0000019822
 -0.0000020789
 -0.0000021337
 -0.0000029736
  0.0000000847
 -0.0000023887
 -0.0000022214
  0.0000001038
 -0.0000021605
 -0.0000030304
 -0.0000030159
 -0.0000045639
 -0.0000020883
 -0.0000021705
  0.0000013780
 -0.0000022792
 -0.0000027220
 -0.0000021260
 -0.0000029442
 -0.0000020096
  0.0000073973
 -0.0001104704
 -0.0002129771
  0.0000339976
  0.0000041508
  0.0000077731
  0.0000306595
  0.0000086801
  0.0001279163
  0.0000752386
  0.0000148686
  0.0000037060
  0.0000019083
 -0.0000026773
 -0.0000955150
  0.0000013400
  0.0000008119
  0.0000015791
  0.0000006838
  0.0000048519
  0.0000017843
  0.0000053003
  0.0000064744
  0.0000019293
  0.0000014150
  0.0000014560
  0.0000011973
  0.0000009822
  0.0000012104
  0.0000029666
  0.0000023413
  0.0000016845
  0.0000018272
  0.0000028375
  0.0000022482
  0.0000019398
  0.0000078688
  0.0000022239
  0.0000012081
  0.0000001938
  0.0000050793
  0.0000017212
  0.0000019281
  0.0000069829
  0.0000010245
  0.0000037797
  0.0000011116
  0.0000034257
  0.0000013442
  0.0000017055
 -0.0001850850
 -0.0000310146
 -0.0000011148
 -0.0000013943
  0.0000019903
  0.0000061227
  0.0000040436
  0.0000525664
  0.0000447597
  0.0000044673
  0.0000006263
 -0.0000923251
 -0.0000092973
 -0.0000142588
  0.0000025417
  0.0000010343
  0.0000012051
  0.0000007906
  0.0000041330
  0.0000028528
  0.0000025837
  0.0000012180
  0.0000027898
  0.0000018601
  0.0000017936
  0.0000013859
  0.0000012528
  0.0000015197
 -0.0000005210
  0.0000030746
  0.0000004919
  0.0000021733
  0.0000026035
  0.0000022650
  0.0000015036
  0.0000021263
  0.0000016411
  0.0000006690
  0.0000015829
  0.0000022245
  0.0000018648
  0.0000024618
  0.0000020248
  0.0000012578
  0.0000025441
  0.0000019234
  0.0000022086
  0.0000016262
 -0.0000060133
  0.0000044300
  0.0000108549
 -0.0000074121
 -0.0000011213
 -0.0000008333
 -0.0000000114
 -0.0000015053
 -0.0000020537
 -0.0000024811
 -0.0000003470
 -0.0000019810
 -0.0000006520
 -0.0000017247
  0.0000036125
 -0.0000024549
  0.0000000755
  0.0000027453
 -0.0000006771
  0.0000001829
 -0.0000000433
 -0.0000029779
 -0.0000027719
 -0.0000006058
 -0.0000006588
 -0.0000010317
 -0.0000003732
 -0.0000001945
 -0.0000017085
  0.0000012942
 -0.0000004935
 -0.0000032094
 -0.0000080502
 -0.0000088427
 -0.0000141097
 -0.0000055971
 -0.0000208824
 -0.0000103723
 -0.0000093061
 -0.0000095412
 -0.0000102929
 -0.0000114006
 -0.0000062413
 -0.0000048092
 -0.0000103608
 -0.0000278326
 -0.0000097567
 -0.0000041796
 -0.0000251920
 -0.0000116016
 -0.0000068130
 -0.0000061335
 -0.0000196401
 -0.0000125825
 -0.0000094357
 -0.0000098002
 -0.0000255451
 -0.0000034638
 -0.0000099647
 -0.0000091999
 -0.0000156427
 -0.0000108186
 -0.0000036287
 -0.0000097939
 -0.0000114920
 -0.0000099803
 -0.0000098962
 -0.0000019314
 -0.0000019522
  0.0000014710
 -0.0000009127
  0.0000060490
 -0.0000096266
  0.0000025608
 -0.0000036922
  0.0000026385
  0.0000022942
  0.0000023506
  0.0000096803
 -0.0000006383
  0.0000055802
 -0.0000000010
  0.0000086133
  0.0000137960
  0.0000014549
 -0.0000004055
 -0.0000035262
  0.0000067777
  0.0000041058
 -0.0000021592
  0.0000011433
  0.0000068380
  0.0000061797
  0.0000059614
  0.0000001842
 -0.0000028291
  0.0000236049
 -0.0000002971
  0.0000099285
  0.0000066141
  0.0000074815
 -0.0000028046
  0.0000005324
 -0.0000038105
  0.0000086177
  0.0000074460
  0.0000011079
 -0.0000000466
  0.0000031058
 -0.0000009446
 -0.0000004646
 -0.0000004824
 -0.0000010024
  0.0000037545
  0.0000004333
  0.0000002023
  0.0000003330
 -0.0000013861
 -0.0000002543
 -0.0000016616
 -0.0000018359
  0.0000004786
 -0.0000009170
 -0.0000015074
  0.0000064033
  0.0000000495
 -0.0000009795
  0.0000002716
  0.0000081519
  0.0000062771
 -0.0000002592
  0.0000004561
  0.0000047407
 -0.0000013401
 -0.0000003985
  0.0000004693
  0.0000003395
 -0.0000012682
  0.0000071325
  0.0000005475
  0.0000053212
 -0.0000064584
  0.0000015643
  0.0000000450
  0.0000002661
 -0.0000002744
 -0.0000003068
 -0.0000011802
 -0.0000009763
  0.0000036077
  0.0000000788
  0.0000008160
  0.0000023287
 -0.0000015008
 -0.0000000868
 -0.0000001101
 -0.0000008767
 -0.0000005017
 -0.0000012857
 -0.0000018250
 -0.0000009198
  0.0000000535
 -0.0000000583
  0.0000013074
 -0.0000009948
 -0.0000008891
 -0.0000026915
 -0.0000055225
  0.0000042923
  0.0000081285
 -0.0000092054
  0.0000023249
 -0.0000001404
 -0.0000000154
  0.0000002405
 -0.0000016873
 -0.0000002053
 -0.0000002229
 -0.0000018247
  0.0000018148
  0.0000002105
  0.0000019049
 -0.0000002728
 -0.0000001488
 -0.0000002546
  0.0000000693
  0.0000007406
  0.0000000954
 -0.0000040775
 -0.0000001402
  0.0000030368
  0.0000013777
 -0.0000009729
  0.0000000875
  0.0000000253
  0.0000012141
 -0.0000002011
  0.0000011282
  0.0000024459
 -0.0000010379
  0.0000020584
 -0.0000008765
  0.0000000249
 -0.0000001685
 -0.0000010223
  0.0000000340
 -0.0000007977
 -0.0000015294
  0.0000059959
  0.0000004658
  0.0000019451
 -0.0000042963
 -0.0000012889
 -0.0000004204
 -0.0000005074
 -0.0000039041
 -0.0000015368
 -0.0000006855
 -0.0000007463
 -0.0000023427
  0.0000176229
 -0.0000003750
 -0.0000014192
  0.0000028550
  0.0000005327
  0.0000003960
  0.0000016281
 -0.0000013289
 -0.0000010292
 -0.0000002914
 -0.0000002464
 -0.0000006710
  0.0000031209
 -0.0000092277
 -0.0000003722
 -0.0000014224
  0.0000003616
  0.0000004184
 -0.0000007085
  0.0000000186
 -0.0000019494
 -0.0000010577
 -0.0000000506
  0.0000024600
 -0.0000006711
 -0.0000003462
 -0.0000005309
 -0.0000000165
 -0.0000001091
  0.0000002349
 -0.0000006840
  0.0000017528
  0.0000020197
 -0.0000012849
  0.0000000678
 -0.0000008821
  0.0000011429
 -0.0000000409
  0.0000000642
 -0.0000011830
 -0.0000065067
 -0.0000029253
 -0.0000124447
 -0.0000065802
 -0.0000046730
 -0.0000049892
 -0.0000041680
 -0.0000095124
 -0.0000026870
 -0.0000026722
 -0.0000027313
  0.0000088220
 -0.0000063363
 -0.0000014894
  0.0000063876
 -0.0000027127
 -0.0000013036
 -0.0000007197
 -0.0000124300
 -0.0000028102
 -0.0000046771
 -0.0000084769
 -0.0000027411
  0.0000081551
  0.0000160106
 -0.0000073532
 -0.0000031775
 -0.0000113839
 -0.0000037508
 -0.0000004854
 -0.0000055238
 -0.0000068796
 -0.0000037817
 -0.0000045983
 -0.0000041390
 -0.0000050585
 -0.0000055590
 -0.0000050449
 -0.0000033714
 -0.0000040234
 -0.0000035431
 -0.0000051542
 -0.0000043614
 -0.0000041237
  0.0000004499
 -0.0000032727
 -0.0000032612
  0.0000072069
 -0.0000037772
 -0.0000050238
 -0.0000064465
 -0.0000004833
 -0.0000035276
 -0.0000054691
 -0.0000034464
  0.0000145616
  0.0000157869
 -0.0000038313
 -0.0000060179
  0.0000012875
 -0.0000040541
 -0.0000029621
 -0.0000039045
 -0.0000066490
 -0.0000067983
 -0.0000013230
  0.0000048745
 -0.0000002031
 -0.0000014735
 -0.0000028001
 -0.0000006278
 -0.0000007425
 -0.0000008725
 -0.0000005662
 -0.0000014090
 -0.0000002028
  0.0000009563
 -0.0000018452
 -0.0000000463
  0.0000000804
 -0.0000017289
 -0.0000012938
 -0.0000010105
 -0.0000007897
  0.0000001838
 -0.0000026731
 -0.0000014068
 -0.0000030763
  0.0000003646
 -0.0000008272
 -0.0000021619
 -0.0000015504
 -0.0000014753
  0.0000044673
  0.0000004835
  0.0000001334
 -0.0000000068
  0.0000000387
 -0.0000000076
 -0.0000001770
 -0.0000011566
 -0.0000004365
  0.0000003748
  0.0000008127
  0.0000001356
 -0.0000000785
  0.0000000464
 -0.0000001121
  0.0000000878
  0.0000004787
  0.0000026482
  0.0000000054
  0.0000009126
  0.0000002628
 -0.0000001244
  0.0000105219
  0.0000092048
  0.0000115577
  0.0000069070
  0.0000081156
  0.0000016213
  0.0000057461
  0.0000042825
  0.0000077937
  0.0000010526
  0.0000118490
  0.0000085048
  0.0000040357
  0.0000381282
  0.0000074597
  0.0000062985
  0.0000038823
  0.0000046778
  0.0000093410
  0.0000115174
  0.0000068362
  0.0000077311
  0.0000019523
  0.0000041365
  0.0000093769
  0.0000236458
 -0.0000012608
  0.0000021022
  0.0000013235
  0.0000131882
  0.0000107439
  0.0000111648
  0.0000098901
  0.0000097207
  0.0000017870
  0.0000020233
  0.0000040348
  0.0000023730
 -0.0000002679
 -0.0000061071
 -0.0000041603
 -0.0000037883
 -0.0000042611
 -0.0000019917
 -0.0000003501
 -0.0000003839
 -0.0000004521
 -0.0000017531
 -0.0000402744
 -0.0000003137
 -0.0000005230
 -0.0000216127
  0.0000002007
 -0.0000008506
  0.0000002549
 -0.0000074989
 -0.0000011480
 -0.0000061761
 -0.0000042981
  0.0000004748
 -0.0000225635
 -0.0000102941
 -0.0000009839
 -0.0000022725
 -0.0000047589
 -0.0000019934
  0.0000009469
  0.0000005361
  0.0000021065
 -0.0000023900
 -0.0000044859
  0.0000015951
 -0.0000071369
  0.0000200893
 -0.0000190978
  0.0000025130
 -0.0000027495
 -0.0000052807
  0.0000171611
  0.0000078377
  0.0000240227
  0.0000155709
  0.0000102452
 -0.0002474606
 -0.0000035150
  0.0000218247
 -0.0000497828
  0.0000099581
  0.0000197879
  0.0000234407
 -0.0000257030
  0.0000145438
 -0.0000017991
  0.0000169053
  0.0000141191
 -0.0001669785
 -0.0003638569
  0.0000022872
  0.0000093771
 -0.0001043247
  0.0000210729
  0.0000223051
 -0.0000091807
 -0.0000051302
  0.0000013472
  0.0000096116
 -0.0000004443
 -0.0000026511
 -0.0000030106
 -0.0000018648
 -0.0000006190
 -0.0000007597
 -0.0000022668
 -0.0000023872
 -0.0000010677
 -0.0000010361
 -0.0000024974
 -0.0000022148
 -0.0000023447
 -0.0000017586
 -0.0000024819
 -0.0000013589
 -0.0000021946
  0.0000022198
  0.0000055976
 -0.0000023681
 -0.0000020891
 -0.0000010576
 -0.0000010756
 -0.0000013951
 -0.0000025241
 -0.0000018382
 -0.0000010335
 -0.0000005207
  0.0000000801
 -0.0000016684
 -0.0000019645
 -0.0000000508
  0.0000002625
 -0.0000021576
  0.0000002384
 -0.0000003392
 -0.0000005663
 -0.0000024064
 -0.0000001491
  0.0000000942
 -0.0000000083
 -0.0000003612
 -0.0000016856
 -0.0000002656
 -0.0000000031
 -0.0000001937
  0.0000005027
 -0.0000012207
 -0.0000006331
 -0.0000015674
 -0.0000003120
  0.0000010495
 -0.0000005890
 -0.0000003757
  0.0000000045
 -0.0000208173
 -0.0000147081
 -0.0000235873
 -0.0000159686
 -0.0000147211
 -0.0000155815
 -0.0000164896
 -0.0000174610
 -0.0000104427
 -0.0000132964
 -0.0000143947
 -0.0000073488
 -0.0000164291
 -0.0000119272
 -0.0000326311
 -0.0000137543
 -0.0000144947
 -0.0000126294
 -0.0000242290
 -0.0000172613
 -0.0000154460
 -0.0000175756
 -0.0000237624
  0.0000037370
 -0.0000166694
 -0.0000140997
 -0.0000252593
 -0.0000134416
 -0.0000113966
 -0.0000173219
 -0.0000175250
 -0.0000147619
 -0.0000142365
  0.0000013458
  0.0000018349
  0.0000005094
  0.0000000839
 -0.0000000355
  0.0000009495
 -0.0000000850
  0.0000001652
  0.0000042991
  0.0000015177
  0.0000015019
 -0.0000003641
 -0.0000001478
  0.0000001922
  0.0000002332
  0.0000015386
  0.0000003803
  0.0000000082
  0.0000003592
  0.0000012671
 -0.0000012346
  0.0000000819
  0.0000003109
  0.0000000453
  0.0000007069
 -0.0000002509
  0.0000006971
  0.0000003656
 -0.0000003044
  0.0000009916
 -0.0000000352
  0.0000027393
  0.0000006488
  0.0000001277
 -0.0000003505
  0.0000011354
 -0.0000001072
  0.0000002559
  0.0000000327
 -0.0000014736
  0.0000007844
  0.0000009276
  0.0000007785
  0.0000013976
 -0.0000002549
  0.0000000702
  0.0000025755
  0.0000005221
 -0.0000000172
  0.0000001023
  0.0000001935
  0.0000002041
  0.0000028562
  0.0000005771
  0.0000011727
  0.0000013197
  0.0000000712
  0.0000005616
  0.0000006850
  0.0000011067
 -0.0000000574
 -0.0000002109
  0.0000005014
  0.0000006218
  0.0000025084
 -0.0000008842
  0.0000008893
  0.0000012441
  0.0000000830
  0.0000010158
 -0.0000003585
  0.0000000717
 -0.0000006273
  0.0000017774
  0.0000019278
  0.0000001832
 -0.0000009337
  0.0000012102
 -0.0000001172
  0.0000011300
 -0.0000000467
  0.0000014411
  0.0000003233
  0.0000012956
  0.0000010362
  0.0000010924
  0.0000009253
  0.0000007804
 -0.0000011780
  0.0000014133
  0.0000017159
  0.0000000142
  0.0000005512
 -0.0000005022
 -0.0000003579
 -0.0000003195
 -0.0000002143
 -0.0000001885
  0.0000016401
 -0.0000006395
 -0.0000007668
  0.0000009054
 -0.0000006601
  0.0000010563
  0.0000014260
  0.0000006889
 -0.0000004634
  0.0000007214
 -0.0000001376
  0.0000004315
 -0.0000005214
  0.0000009529
  0.0000003259
  0.0000009536
 -0.0000000894
  0.0000004386
 -0.0000006151
  0.0000012219
  0.0000012370
  0.0000007684
  0.0000014655
  0.0000015509
  0.0000011291
  0.0000008356
  0.0000008833
  0.0000004811
  0.0000012092
  0.0000032288
  0.0000008770
  0.0000000769
  0.0000002016
  0.0000026272
  0.0000010997
  0.0000004923
  0.0000004525
  0.0000000209
 -0.0000000886
  0.0000005575
 -0.0000003305
 -0.0000003495
  0.0000003097
  0.0000000869
 -0.0000000380
  0.0000012317
  0.0000013026
  0.0000003908
  0.0000017385
  0.0000014948
  0.0000004823
  0.0000006354
  0.0000009198
  0.0000004904
  0.0000003038
  0.0000002090
  0.0000009855
  0.0000005813
 -0.0000010669
 -0.0000002579
  0.0000005044
 -0.0000002914
  0.0000005293
 -0.0000004556
  0.0000001574
 -0.0000003766
  0.0000002326
  0.0000002484
  0.0000001655
  0.0000004585
 -0.0000004406
 -0.0000001281
 -0.0000001854
 -0.0000000739
  0.0000001300
  0.0000004438
  0.0000000261
  0.0000005258
  0.0000006450
  0.0000007513
 -0.0000008809
  0.0000001933
  0.0000011435
  0.0000002984
  0.0000016288
  0.0000007393
  0.0000005614
 -0.0000005822
  0.0000054592
  0.0000000152
  0.0000038293
  0.0000030416
  0.0000006584
  0.0000006769
  0.0000002359
  0.0000000362
  0.0000004673
  0.0000000721
 -0.0000012436
  0.0000006550
 -0.0000001297
  0.0000010237
 -0.0000004601
  0.0000034580
  0.0000012752
  0.0000019685
 -0.0000016540
 -0.0000013516
 -0.0000003659
  0.0000004490
 -0.0000003261
  0.0000011513
  0.0000012546
 -0.0000001630
 -0.0000000412
  0.0000001151
  0.0000002154
 -0.0000003684
  0.0000015523
 -0.0000002584
  0.0000001984
 -0.0000002376
 -0.0000001965
  0.0000010811
