  0.0000004691
  0.0000009695
 -0.0000009811
  0.0000013840
  0.0000006050
  0.0000001183
 -0.0000004781
 -0.0000006101
 -0.0000000886
 -0.0000003006
  0.0000001003
 -0.0000006225
  0.0000001594
 -0.0000002389
  0.0000006894
 -0.0000007829
 -0.0000000645
  0.0000000169
  0.0000006867
 -0.0000003329
  0.0000000378
 -0.0000004232
 -0.0000006778
 -0.0000000453
  0.0000000784
 -0.0000008774
  0.0000003111
 -0.0000001799
 -0.0000002884
 -0.0000001241
 -0.0000000100
 -0.0000004432
 -0.0000007921
  0.0000002167
  0.0000006687
  0.0000001130
 -0.0000010350
  0.0000005081
 -0.0000007132
  0.0000000932
 -0.0000001111
  0.0000004846
 -0.0000001605
  0.0000002137
  0.0000001124
  0.0000003639
  0.0000013334
 -0.0000000674
  0.0000000711
  0.0000004804
  0.0000007164
 -0.0000014039
 -0.0000017514
 -0.0000000977
  0.0000006724
 -0.0000012297
 -0.0000006778
 -0.0000009027
  0.0000021105
 -0.0000001384
 -0.0000005666
 -0.0000015119
 -0.0000006982
 -0.0000008791
  0.0000009306
  0.0000011737
 -0.0000026328
 -0.0000007217
 -0.0000008862
 -0.0000006202
  0.0000005088
 -0.0000003781
  0.0000003693
  0.0000007373
 -0.0000011621
 -0.0000014068
 -0.0000035545
  0.0000005254
 -0.0000003159
 -0.0000013364
 -0.0000009089
  0.0000005093
 -0.0000061804
 -0.0000004749
 -0.0000020931
  0.0000003315
  0.0000026386
  0.0000008921
  0.0000004343
  0.0000043619
  0.0000019706
 -0.0000064533
  0.0000120639
 -0.0000110148
  0.0000099934
  0.0000072965
 -0.0000031442
  0.0000008237
  0.0000087724
 -0.0000009613
 -0.0000049508
 -0.0000048061
  0.0000092209
 -0.0000188074
  0.0000810948
  0.0000023022
  0.0000063232
  0.0000356226
 -0.0000109466
 -0.0000043378
  0.0000059832
 -0.0000125042
 -0.0000050510
 -0.0000050773
 -0.0000278550
 -0.0000028400
 -0.0000003533
 -0.0000081560
  0.0000012302
 -0.0000117006
 -0.0000011031
  0.0000680784
 -0.0000041586
 -0.0000002802
 -0.0000030807
  0.0000148843
 -0.0000058505
 -0.0000037900
  0.0000291112
 -0.0000001695
 -0.0000020949
 -0.0000536324
 -0.0000046451
 -0.0000097127
 -0.0000017196
 -0.0000141088
 -0.0000004925
 -0.0000062267
  0.0000033276
  0.0000025014
  0.0000005416
  0.0000040270
  0.0000015790
  0.0000001549
 -0.0000001100
  0.0000005343
  0.0000002948
  0.0000000636
  0.0000012573
 -0.0000010205
  0.0000006508
 -0.0000001935
  0.0000005743
  0.0000001552
 -0.0000004770
  0.0000001758
  0.0000002607
 -0.0000010215
 -0.0000003548
 -0.0000007355
 -0.0000000600
  0.0000002681
  0.0000002346
 -0.0000008365
  0.0000001368
 -0.0000002214
  0.0000002390
 -0.0000010019
 -0.0000000057
 -0.0000017063
 -0.0000022585
 -0.0000023810
 -0.0000015779
 -0.0000015153
 -0.0000026299
 -0.0000023448
 -0.0000018691
 -0.0000021498
 -0.0000042296
 -0.0000043744
 -0.0000017187
 -0.0000017674
 -0.0000053939
 -0.0000030907
 -0.0000016354
 -0.0000009926
 -0.0000020112
 -0.0000021422
 -0.0000016596
 -0.0000014347
 -0.0000025926
 -0.0000021168
 -0.0000011372
 -0.0000077787
 -0.0000022275
 -0.0000028331
 -0.0000002929
 -0.0000026673
 -0.0000000183
 -0.0000013625
 -0.0000021301
 -0.0000039366
  0.0000006009
 -0.0000022018
  0.0000004613
  0.0000050446
  0.0000041206
  0.0000042293
 -0.0000019139
  0.0000001143
  0.0000004381
  0.0000056444
  0.0000028362
  0.0000010220
  0.0000063222
  0.0000043226
 -0.0000051380
  0.0000111614
 -0.0000058618
 -0.0000228562
 -0.0000057835
  0.0000010044
  0.0000038673
  0.0000046213
 -0.0000039714
  0.0000043493
  0.0000055519
 -0.0000052221
 -0.0000058264
 -0.0000009421
 -0.0000044047
  0.0001007019
  0.0000054557
  0.0000053689
  0.0000564083
 -0.0000022649
  0.0000107485
 -0.0000229175
 -0.0000043319
 -0.0000614377
 -0.0000030558
 -0.0000029609
 -0.0000035266
  0.0000021302
 -0.0000067406
 -0.0000030213
  0.0000738081
 -0.0000015637
 -0.0000035177
  0.0000159587
 -0.0000053439
  0.0000348535
  0.0000051511
 -0.0000710452
 -0.0000085994
 -0.0000042485
 -0.0000072252
 -0.0000091508
 -0.0000005104
  0.0000005418
 -0.0000004980
  0.0000011170
 -0.0000006560
  0.0000002687
  0.0000002140
 -0.0000000133
  0.0000001342
 -0.0000004645
 -0.0000004850
 -0.0000003228
  0.0000001383
 -0.0000020468
  0.0000001990
 -0.0000002802
 -0.0000008697
  0.0000004561
 -0.0000002742
 -0.0000000780
  0.0000000480
 -0.0000005854
  0.0000000794
 -0.0000005641
 -0.0000001694
 -0.0000010128
 -0.0000003243
 -0.0000005074
 -0.0000003486
  0.0000003595
 -0.0000000961
  0.0000001882
 -0.0000001011
  0.0000000010
 -0.0000022861
 -0.0000013004
 -0.0000002384
 -0.0000004470
 -0.0000014557
 -0.0000002301
 -0.0000001196
  0.0000008852
 -0.0000003278
  0.0000003349
 -0.0000023593
 -0.0000000104
 -0.0000001887
 -0.0000012098
 -0.0000008297
 -0.0000031051
 -0.0000017356
 -0.0000006643
 -0.0000006310
 -0.0000004626
 -0.0000001761
 -0.0000010236
 -0.0000020926
  0.0000000627
 -0.0000022347
  0.0000015745
  0.0000006253
  0.0000026978
 -0.0000003134
  0.0000011877
 -0.0000046913
 -0.0000032056
 -0.0000016434
  0.0000049060
 -0.0000002725
 -0.0000006425
 -0.0000014479
  0.0000029736
 -0.0000031854
  0.0000210860
 -0.0000089198
  0.0000116501
  0.0000073338
  0.0000005037
  0.0000015387
  0.0000118595
  0.0000071512
 -0.0000036886
 -0.0000038977
  0.0000046824
 -0.0000132722
  0.0000328959
  0.0000061016
  0.0000079106
  0.0000368131
 -0.0000026608
  0.0000104626
 -0.0000118281
 -0.0000043626
 -0.0000011842
 -0.0000223080
 -0.0000013662
  0.0000008813
 -0.0000055515
  0.0000162363
 -0.0000115033
 -0.0000014239
  0.0000639110
 -0.0000012380
 -0.0000029129
  0.0000125332
 -0.0000018537
 -0.0000028288
  0.0000310072
  0.0000015639
 -0.0000509930
 -0.0000045018
 -0.0000052476
 -0.0000012852
 -0.0000159456
 -0.0000061908
  0.0000022036
  0.0000001305
 -0.0000009545
 -0.0000005024
 -0.0000018989
 -0.0000010869
 -0.0000014559
 -0.0000018044
 -0.0000015715
 -0.0000011747
 -0.0000016655
 -0.0000015456
 -0.0000008796
 -0.0000012575
 -0.0000015562
 -0.0000024216
 -0.0000004403
 -0.0000015185
 -0.0000016376
 -0.0000016057
 -0.0000017262
 -0.0000012567
 -0.0000011073
 -0.0000006385
 -0.0000023226
 -0.0000008803
 -0.0000015253
 -0.0000012396
 -0.0000009904
 -0.0000017515
 -0.0000015268
 -0.0000017015
 -0.0000012306
 -0.0000005562
 -0.0000015906
 -0.0000011097
 -0.0000009968
 -0.0000006910
 -0.0000025466
  0.0000001066
 -0.0000017437
 -0.0000023171
 -0.0000007072
 -0.0000014931
 -0.0000008015
 -0.0000010041
 -0.0000015912
 -0.0000005479
 -0.0000036894
 -0.0000004109
 -0.0000011806
 -0.0000017736
 -0.0000013944
 -0.0000028451
 -0.0000033009
 -0.0000008694
 -0.0000023817
 -0.0000010827
 -0.0000023356
 -0.0000013462
  0.0000003670
 -0.0000000153
  0.0000001839
  0.0000019707
  0.0000024535
  0.0000011201
  0.0000012798
  0.0000029286
 -0.0000024031
 -0.0000043774
 -0.0000017531
  0.0000015588
  0.0000059772
  0.0000033541
  0.0000027950
  0.0000069810
  0.0000062630
 -0.0000045953
 -0.0000051540
 -0.0000014653
  0.0000037148
  0.0000086921
  0.0000010676
  0.0000001660
  0.0000042746
  0.0000066542
 -0.0000046747
 -0.0000062311
  0.0000240137
 -0.0000051300
  0.0001530335
  0.0000041574
  0.0000060079
  0.0000411723
  0.0000007839
 -0.0000051669
  0.0000086648
 -0.0000202456
 -0.0000077340
 -0.0000013344
 -0.0000491589
 -0.0000051930
 -0.0000002012
 -0.0000024586
  0.0000143336
 -0.0000092058
 -0.0000024599
  0.0000700383
 -0.0000025338
 -0.0000020154
  0.0000134433
 -0.0000023774
 -0.0000090828
  0.0000384138
 -0.0000000876
  0.0000011175
 -0.0000087531
 -0.0000662364
 -0.0000014354
 -0.0000068335
  0.0000001345
 -0.0000050994
 -0.0000097304
 -0.0000083167
 -0.0000017089
  0.0000001652
  0.0000010431
  0.0000021400
 -0.0000017377
 -0.0000002344
 -0.0000003294
 -0.0000003224
 -0.0000002185
 -0.0000004145
 -0.0000002318
  0.0000002763
 -0.0000001406
 -0.0000000477
 -0.0000000922
 -0.0000009882
  0.0000002723
 -0.0000003380
  0.0000003391
  0.0000003010
 -0.0000007106
 -0.0000003577
 -0.0000002247
 -0.0000007127
  0.0000006011
  0.0000002864
 -0.0000001995
 -0.0000000581
 -0.0000000467
  0.0000001999
  0.0000007099
 -0.0000000940
  0.0000001258
  0.0000002920
 -0.0000001765
 -0.0000005488
 -0.0000025920
 -0.0000007844
  0.0000000871
 -0.0000004248
 -0.0000020338
 -0.0000001234
  0.0000000379
  0.0000002897
 -0.0000002367
  0.0000004707
 -0.0000016420
  0.0000002917
 -0.0000000538
  0.0000003613
  0.0000004783
 -0.0000038987
 -0.0000011585
 -0.0000000936
  0.0000004429
 -0.0000011648
 -0.0000001241
 -0.0000002250
  0.0000006568
 -0.0000011991
 -0.0000029497
  0.0000014523
 -0.0000026850
  0.0000005728
  0.0000020073
 -0.0000004227
 -0.0000036145
 -0.0000019177
 -0.0000065712
 -0.0000028732
  0.0000013483
 -0.0000024468
 -0.0000020723
 -0.0000041366
 -0.0000084290
  0.0000040189
  0.0000003836
  0.0000243445
 -0.0000083103
  0.0000113976
  0.0000072811
  0.0000019813
  0.0000018929
  0.0000131882
  0.0000132051
 -0.0000029874
 -0.0000032572
  0.0000050763
 -0.0000108071
 -0.0000052573
  0.0000077533
  0.0000093758
  0.0000383478
  0.0000040596
 -0.0000022045
 -0.0000097555
  0.0000029110
 -0.0000159389
 -0.0000008725
  0.0000015115
 -0.0000030050
 -0.0000078549
 -0.0000011094
  0.0000634414
 -0.0000031228
  0.0000055658
  0.0000011118
 -0.0000005334
  0.0000341861
  0.0000074598
 -0.0000478515
 -0.0000011205
 -0.0000022331
 -0.0000010057
 -0.0000125953
 -0.0000050724
 -0.0000002877
 -0.0000015782
 -0.0000016839
 -0.0000009140
 -0.0000009547
  0.0000008924
 -0.0000000580
 -0.0000021734
 -0.0000009366
 -0.0000015445
  0.0000007032
 -0.0000003526
 -0.0000003511
 -0.0000014695
 -0.0000008521
 -0.0000013940
 -0.0000020762
  0.0000000465
 -0.0000011451
  0.0000000178
 -0.0000008918
 -0.0000013756
 -0.0000019985
  0.0000004076
 -0.0000010978
 -0.0000022274
 -0.0000015570
 -0.0000006180
  0.0000021099
 -0.0000023552
 -0.0000011973
  0.0000002728
 -0.0000008372
 -0.0000016353
 -0.0000006510
 -0.0000028826
 -0.0000007400
 -0.0000006128
 -0.0000023612
 -0.0000002967
 -0.0000008029
 -0.0000012423
 -0.0000028837
  0.0000000438
 -0.0000008931
 -0.0000035771
 -0.0000025349
 -0.0000010037
 -0.0000008427
 -0.0000000102
 -0.0000007732
 -0.0000007390
 -0.0000031712
 -0.0000006672
 -0.0000011549
 -0.0000013978
 -0.0000003120
 -0.0000037970
 -0.0000038288
 -0.0000005441
 -0.0000019025
 -0.0000018545
 -0.0000032964
 -0.0000023400
 -0.0000011358
  0.0000015002
 -0.0000008854
  0.0000025960
  0.0000005777
  0.0000025140
  0.0000047703
 -0.0000040429
 -0.0000002985
  0.0000016227
  0.0000007900
  0.0000019512
 -0.0000015666
  0.0000039963
  0.0000005346
  0.0000024276
  0.0000131945
  0.0000175740
  0.0000223707
 -0.0000025995
 -0.0000023757
  0.0000086238
 -0.0000034927
 -0.0000025096
 -0.0000058101
  0.0000155837
 -0.0000145376
 -0.0000070460
 -0.0000096280
  0.0000150287
 -0.0000406756
  0.0000059875
  0.0000034833
 -0.0000202674
  0.0000070557
 -0.0000027427
  0.0000179694
 -0.0000137013
 -0.0000009974
 -0.0000009540
 -0.0000080096
 -0.0000831431
 -0.0000052296
 -0.0000005203
 -0.0000054395
  0.0000030907
 -0.0000020201
 -0.0000017605
  0.0000955361
 -0.0000004516
 -0.0000012264
 -0.0000029762
  0.0000258893
 -0.0000057093
 -0.0000017427
  0.0000289737
 -0.0000011505
  0.0000092911
 -0.0000050330
 -0.0000609178
 -0.0000024596
  0.0000032811
 -0.0000120414
 -0.0000015361
  0.0000013981
  0.0000039868
  0.0000015699
 -0.0000067956
  0.0000016806
 -0.0000005216
 -0.0000000091
 -0.0000009485
  0.0000004007
  0.0000001647
  0.0000001802
 -0.0000004415
 -0.0000004378
  0.0000016817
 -0.0000014898
  0.0000001716
  0.0000012830
  0.0000003615
  0.0000000578
  0.0000011969
 -0.0000004658
  0.0000005158
 -0.0000007115
 -0.0000010514
 -0.0000000218
  0.0000005829
  0.0000005386
  0.0000001396
  0.0000009856
 -0.0000008992
 -0.0000013242
 -0.0000023823
 -0.0000009239
  0.0000018704
 -0.0000014894
  0.0000001541
 -0.0000018492
 -0.0000018186
 -0.0000000840
  0.0000006091
  0.0000025278
  0.0000011721
  0.0000010118
  0.0000006865
 -0.0000019102
  0.0000005419
 -0.0000007423
 -0.0000016579
  0.0000021331
 -0.0000013477
 -0.0000008285
  0.0000005911
 -0.0000029304
  0.0000018257
  0.0000000846
 -0.0000002321
 -0.0000018176
 -0.0000023194
 -0.0000006228
 -0.0000019347
  0.0000004620
 -0.0000032677
 -0.0000022435
 -0.0000017336
  0.0000001127
 -0.0000001755
 -0.0000014859
  0.0000010953
  0.0000005669
  0.0000009858
 -0.0000017544
 -0.0000024667
 -0.0000036742
  0.0000015760
  0.0000007749
 -0.0000003600
  0.0000030388
  0.0000010423
  0.0000107158
  0.0000263820
  0.0000303050
 -0.0000036015
  0.0000054250
  0.0000089337
 -0.0000053480
 -0.0000074804
 -0.0000091808
  0.0000186071
 -0.0000055088
 -0.0000108607
 -0.0000455970
  0.0000143066
 -0.0000673630
  0.0000040528
  0.0000035725
 -0.0000628516
  0.0000223202
 -0.0000059840
  0.0000219646
 -0.0000078852
  0.0000015339
  0.0000023261
 -0.0000068234
 -0.0000788317
 -0.0000059500
  0.0000014923
 -0.0000044923
  0.0000040049
  0.0000080847
 -0.0000017192
  0.0000989901
  0.0000012069
 -0.0000007929
 -0.0000012819
  0.0000320191
  0.0000012307
 -0.0000008089
  0.0000332691
  0.0000006861
  0.0000135122
 -0.0000021604
 -0.0000512782
 -0.0000040734
  0.0000035930
 -0.0000118838
  0.0000001397
  0.0000063713
  0.0000131319
  0.0000002708
 -0.0000059707
  0.0000017591
  0.0000011551
 -0.0000005230
  0.0000008059
 -0.0000022583
  0.0000007344
 -0.0000002586
  0.0000001183
  0.0000002093
 -0.0000019258
 -0.0000008806
 -0.0000021938
 -0.0000001980
  0.0000013361
  0.0000001957
  0.0000001632
  0.0000008803
 -0.0000001893
  0.0000008558
 -0.0000004511
 -0.0000001207
 -0.0000003051
 -0.0000004059
 -0.0000011146
 -0.0000012211
  0.0000000312
 -0.0000000911
  0.0000008269
  0.0000009569
  0.0000008127
 -0.0000012825
 -0.0000013781
 -0.0000012823
 -0.0000014387
 -0.0000010305
 -0.0000007869
 -0.0000007788
 -0.0000014579
 -0.0000025228
 -0.0000019910
 -0.0000014138
 -0.0000036310
 -0.0000046969
 -0.0000012821
 -0.0000010989
 -0.0000042650
 -0.0000025581
 -0.0000013334
 -0.0000003227
 -0.0000012911
 -0.0000023718
 -0.0000012248
 -0.0000012863
 -0.0000028575
 -0.0000017070
 -0.0000006731
 -0.0000062277
 -0.0000020246
 -0.0000030137
  0.0000002943
 -0.0000019864
  0.0000001674
 -0.0000011936
 -0.0000010273
 -0.0000028621
 -0.0000032662
 -0.0000011021
 -0.0000005091
 -0.0000026070
  0.0000024779
 -0.0000000819
  0.0000038301
 -0.0000030448
 -0.0000002739
 -0.0000001773
 -0.0000005086
 -0.0000014564
  0.0000033445
  0.0000034518
  0.0000061428
  0.0000107559
  0.0000116799
  0.0000119133
 -0.0000029700
 -0.0000020296
  0.0000062849
  0.0000005378
 -0.0000070704
 -0.0000007242
  0.0000171837
 -0.0000140170
 -0.0000105161
  0.0000221384
  0.0000146824
 -0.0000506768
  0.0000074310
  0.0000019218
  0.0000228284
 -0.0000031496
 -0.0000057056
  0.0000126203
 -0.0000122656
 -0.0000067819
 -0.0000732232
 -0.0000066997
 -0.0000016127
 -0.0000061562
  0.0000013067
 -0.0000032453
 -0.0000029536
  0.0000891457
 -0.0000013834
 -0.0000024836
  0.0000200193
 -0.0000052709
 -0.0000008524
  0.0000315181
 -0.0000010135
  0.0000049186
 -0.0000083856
 -0.0000576367
 -0.0000039279
  0.0000009238
 -0.0000108590
 -0.0000031861
 -0.0000030482
 -0.0000063738
  0.0000016033
  0.0000032086
  0.0000010452
  0.0000004347
  0.0000016617
 -0.0000009355
  0.0000002174
  0.0000012248
  0.0000009737
 -0.0000000495
  0.0000009308
  0.0000015058
  0.0000006809
 -0.0000006745
  0.0000005525
  0.0000009808
  0.0000008179
  0.0000002341
  0.0000005425
 -0.0000001107
 -0.0000001957
  0.0000011227
  0.0000003023
 -0.0000009409
 -0.0000004523
  0.0000019981
 -0.0000003030
  0.0000007830
  0.0000002863
  0.0000009503
 -0.0000003061
  0.0000017005
 -0.0000005107
  0.0000020697
  0.0000000227
  0.0000002250
 -0.0000011596
  0.0000025255
 -0.0000005901
 -0.0000010242
 -0.0000002905
  0.0000010122
 -0.0000007905
 -0.0000000318
  0.0000040061
  0.0000006520
 -0.0000032639
  0.0000031983
  0.0000015408
  0.0000014591
  0.0000024276
  0.0000021319
 -0.0000005681
  0.0000005347
  0.0000016408
  0.0000001456
 -0.0000002396
  0.0000012429
  0.0000011099
 -0.0000014147
  0.0000007668
  0.0000005609
 -0.0000018650
  0.0000001714
 -0.0000017210
  0.0000008260
  0.0000039032
  0.0000008033
  0.0000005793
 -0.0000019810
 -0.0000014862
  0.0000019229
  0.0000003207
  0.0000286881
 -0.0000122624
 -0.0000911230
 -0.0000111704
  0.0000120139
  0.0000120212
  0.0000124980
 -0.0000103687
  0.0000418658
 -0.0000152071
  0.0000135697
 -0.0000086047
 -0.0000812668
  0.0000086561
 -0.0000210778
 -0.0000102322
 -0.0000161399
 -0.0000738312
  0.0000342030
  0.0000007544
  0.0000051628
  0.0000037297
  0.0000075154
  0.0000022617
  0.0000002457
 -0.0000459201
 -0.0000023660
  0.0000012715
  0.0000034405
 -0.0000077837
  0.0000127746
  0.0000013558
  0.0000584292
  0.0000017068
  0.0000004771
 -0.0000034034
  0.0000046025
 -0.0000000674
  0.0000029014
  0.0000551482
 -0.0000008846
  0.0000131983
 -0.0000002737
 -0.0000316559
  0.0000049861
  0.0000070747
 -0.0000052337
  0.0000005440
  0.0000086690
  0.0000508139
  0.0000013956
 -0.0000000031
 -0.0000001710
 -0.0000003549
  0.0000004327
  0.0000022810
 -0.0000011615
 -0.0000003981
 -0.0000008562
 -0.0000006158
 -0.0000009574
 -0.0000007266
 -0.0000005534
 -0.0000016022
 -0.0000004700
 -0.0000007504
 -0.0000008210
 -0.0000005237
 -0.0000007674
 -0.0000006921
 -0.0000004902
 -0.0000005819
 -0.0000000962
 -0.0000006625
 -0.0000003674
 -0.0000006916
 -0.0000004030
 -0.0000000831
 -0.0000008207
 -0.0000004515
 -0.0000002147
 -0.0000001565
 -0.0000028085
 -0.0000012737
 -0.0000007640
 -0.0000010586
 -0.0000003255
 -0.0000008920
 -0.0000011172
  0.0000001872
 -0.0000008707
 -0.0000005378
 -0.0000025964
 -0.0000005696
 -0.0000011587
 -0.0000000336
  0.0000002078
 -0.0000013558
 -0.0000019032
 -0.0000007513
 -0.0000011577
 -0.0000012737
 -0.0000004993
 -0.0000006370
 -0.0000005969
  0.0000039530
 -0.0000000590
  0.0000029142
  0.0000006442
 -0.0000010464
 -0.0000031399
 -0.0000015627
 -0.0000061611
 -0.0000000827
  0.0000045175
 -0.0000020221
  0.0000008034
 -0.0000008870
 -0.0000039078
 -0.0000011780
  0.0000018308
 -0.0000015420
  0.0000037339
  0.0000141035
  0.0000043230
  0.0000033040
 -0.0000003213
 -0.0000063883
  0.0000134152
 -0.0000069568
 -0.0000032598
  0.0000200366
  0.0000105396
 -0.0000122908
  0.0000030944
  0.0000012760
  0.0000213729
  0.0000033038
 -0.0000043493
 -0.0000037475
  0.0000006710
 -0.0000003958
  0.0000012837
  0.0000095894
 -0.0000010788
 -0.0000011288
  0.0000014943
 -0.0000022983
  0.0000453078
 -0.0000032158
 -0.0000028107
  0.0000269430
  0.0000177908
  0.0000029556
 -0.0000340036
  0.0000003424
 -0.0000060050
 -0.0000013258
 -0.0000022906
 -0.0000302999
 -0.0000020430
 -0.0000022812
  0.0000013515
  0.0000002200
 -0.0000004992
 -0.0000000642
 -0.0000000399
 -0.0000002279
  0.0000015531
 -0.0000000063
  0.0000005147
 -0.0000001193
  0.0000005703
 -0.0000002806
 -0.0000002220
 -0.0000008533
  0.0000003921
 -0.0000008341
 -0.0000003921
 -0.0000001735
  0.0000000178
 -0.0000000559
 -0.0000008459
 -0.0000001041
 -0.0000008337
 -0.0000003567
 -0.0000006772
 -0.0000005799
 -0.0000004122
 -0.0000004491
 -0.0000000747
 -0.0000006762
 -0.0000001111
 -0.0000009138
  0.0000003905
  0.0000010964
 -0.0000000113
 -0.0000003627
  0.0000004875
 -0.0000001904
  0.0000003360
 -0.0000007388
  0.0000001054
 -0.0000022517
 -0.0000001090
 -0.0000000278
  0.0000002534
 -0.0000027926
 -0.0000043319
 -0.0000017878
 -0.0000007104
 -0.0000019489
 -0.0000038956
 -0.0000004769
  0.0000004827
 -0.0000018084
 -0.0000007666
  0.0000001459
 -0.0000029931
  0.0000009531
 -0.0000002816
 -0.0000001897
  0.0000002452
 -0.0000056441
 -0.0000028004
  0.0000005123
  0.0000006169
 -0.0000032850
 -0.0000018283
 -0.0000004758
 -0.0000020002
 -0.0000013758
 -0.0000006299
 -0.0000002770
 -0.0000009353
  0.0000017554
  0.0000047492
 -0.0000064604
 -0.0000003361
 -0.0000005051
 -0.0000000334
 -0.0000001348
 -0.0000013704
  0.0000019485
  0.0000000143
  0.0000011029
  0.0000078419
  0.0000021096
 -0.0000102181
 -0.0000029681
  0.0000048235
  0.0000058732
  0.0000051877
 -0.0000044161
  0.0000061747
  0.0000143204
 -0.0000005231
 -0.0000046604
  0.0000161795
 -0.0000015614
 -0.0000308958
  0.0000082274
  0.0000074013
  0.0000492115
  0.0000035526
  0.0000004039
  0.0000142134
 -0.0000129643
 -0.0000008253
  0.0000036152
 -0.0000051635
 -0.0000647086
  0.0000009465
 -0.0000004187
  0.0000000923
  0.0000070873
 -0.0000029879
 -0.0000012582
  0.0000854112
  0.0000006068
 -0.0000009999
 -0.0000048860
  0.0000185668
 -0.0000033117
 -0.0000025582
  0.0000344174
 -0.0000006625
  0.0000112555
 -0.0000100482
 -0.0000549014
  0.0000013066
 -0.0000007769
 -0.0000086549
 -0.0000015991
 -0.0000084745
 -0.0000063331
  0.0000022302
 -0.0000084029
 -0.0000012770
  0.0000004176
  0.0000004481
  0.0000015466
  0.0000014962
 -0.0000008017
  0.0000020461
  0.0000004789
  0.0000013038
  0.0000000305
  0.0000007610
  0.0000001258
  0.0000009439
 -0.0000005946
 -0.0000003733
  0.0000005736
 -0.0000004034
  0.0000006816
 -0.0000005953
  0.0000012538
 -0.0000000493
 -0.0000012429
  0.0000001772
  0.0000005695
  0.0000006635
 -0.0000003105
  0.0000005224
  0.0000018494
  0.0000007268
 -0.0000015850
  0.0000029649
  0.0000011270
  0.0000008230
 -0.0000025953
 -0.0000018878
  0.0000013059
  0.0000013741
 -0.0000013799
  0.0000011008
  0.0000011115
 -0.0000014545
 -0.0000041124
 -0.0000000791
 -0.0000006428
 -0.0000043668
 -0.0000017089
  0.0000007808
 -0.0000024482
 -0.0000015119
 -0.0000016879
  0.0000030840
 -0.0000018361
 -0.0000007197
  0.0000006967
 -0.0000020731
 -0.0000003817
 -0.0000016341
 -0.0000015672
 -0.0000053862
  0.0000001946
  0.0000010471
 -0.0000004306
  0.0000001283
  0.0000013197
  0.0000014960
 -0.0000011799
  0.0000006742
 -0.0000000947
 -0.0000020910
 -0.0000007599
 -0.0000023276
 -0.0000027352
 -0.0000021185
 -0.0000001381
  0.0000026406
  0.0000226676
  0.0000018552
 -0.0000599643
 -0.0000015012
  0.0000081957
  0.0000060723
  0.0000135141
 -0.0000079604
  0.0000240839
  0.0000006227
  0.0000031033
 -0.0000092892
 -0.0000586664
 -0.0000078713
 -0.0000302921
  0.0000027550
 -0.0000021175
 -0.0000548514
  0.0000217282
 -0.0000022284
  0.0000171918
  0.0000076879
  0.0000048063
  0.0000029270
 -0.0000079723
 -0.0000672343
 -0.0000031211
  0.0000018953
 -0.0000021238
 -0.0000046804
  0.0000207916
  0.0000011002
  0.0000631129
  0.0000026013
  0.0000001610
 -0.0000007980
  0.0000158313
  0.0000004906
  0.0000031630
  0.0000463017
  0.0000010012
  0.0000103262
  0.0000013992
 -0.0000379591
  0.0000000653
  0.0000005275
 -0.0000092760
 -0.0000007813
  0.0000148361
  0.0000301431
  0.0000021098
 -0.0000021116
  0.0000007419
  0.0000017663
 -0.0000001363
 -0.0000002901
  0.0000015008
 -0.0000005085
  0.0000008905
 -0.0000000447
  0.0000019435
  0.0000002645
  0.0000028114
 -0.0000002472
  0.0000022741
  0.0000006830
  0.0000005297
  0.0000011172
  0.0000010644
  0.0000014661
  0.0000006957
  0.0000013067
  0.0000011345
 -0.0000007744
  0.0000022685
  0.0000003580
 -0.0000015596
  0.0000021210
 -0.0000004177
  0.0000011329
  0.0000019564
 -0.0000001652
 -0.0000006683
  0.0000017216
  0.0000020029
  0.0000016804
  0.0000014946
 -0.0000001937
 -0.0000019001
  0.0000016724
 -0.0000002312
 -0.0000019128
  0.0000018240
  0.0000017324
 -0.0000000808
 -0.0000024685
  0.0000014263
  0.0000010293
 -0.0000020617
 -0.0000000830
 -0.0000005060
  0.0000019710
  0.0000012327
  0.0000012921
  0.0000022889
  0.0000013108
  0.0000021862
  0.0000013661
  0.0000013969
  0.0000008640
 -0.0000024672
 -0.0000004911
  0.0000019111
  0.0000006176
 -0.0000015108
 -0.0000001837
 -0.0000005437
 -0.0000008498
  0.0000004132
  0.0000003817
  0.0000037034
  0.0000003391
 -0.0000002512
 -0.0000004661
  0.0000005745
 -0.0000006347
  0.0000003337
 -0.0000003442
  0.0000020288
 -0.0000003295
  0.0000011805
  0.0000234675
  0.0000127830
 -0.0000358398
 -0.0000034558
  0.0000065239
  0.0000115363
  0.0000065668
 -0.0000075217
  0.0000179409
 -0.0000044325
  0.0000028561
 -0.0000085928
 -0.0000352629
  0.0000043178
 -0.0000833600
 -0.0000009513
 -0.0000098996
 -0.0000479117
  0.0000091703
  0.0000018756
  0.0000066736
  0.0000032077
  0.0000010389
 -0.0000081117
 -0.0000709785
 -0.0000041777
  0.0000020503
  0.0000028693
  0.0000007623
  0.0000158247
  0.0000013803
  0.0000668584
  0.0000034598
  0.0000017077
 -0.0000021796
  0.0000101406
 -0.0000009410
  0.0000014994
  0.0000425621
 -0.0000017324
  0.0000097806
 -0.0000023608
 -0.0000417187
  0.0000024890
  0.0000017775
 -0.0000108795
 -0.0000011029
  0.0000101664
  0.0000244979
  0.0000010748
 -0.0000035200
  0.0000013038
  0.0000008038
  0.0000004262
 -0.0000007084
 -0.0000012345
 -0.0000008918
 -0.0000007803
  0.0000011414
  0.0000004805
 -0.0000001911
  0.0000001571
  0.0000008426
 -0.0000004940
  0.0000008893
  0.0000003625
 -0.0000003866
 -0.0000003033
 -0.0000007131
  0.0000002881
  0.0000002222
  0.0000000201
  0.0000007715
 -0.0000006013
 -0.0000013679
  0.0000003089
 -0.0000001474
 -0.0000004938
  0.0000001869
 -0.0000008355
  0.0000008587
  0.0000007552
  0.0000006292
 -0.0000005563
 -0.0000004013
  0.0000022956
  0.0000002755
  0.0000002192
  0.0000003265
  0.0000000707
  0.0000002923
  0.0000017671
  0.0000008350
 -0.0000032181
  0.0000017413
  0.0000009264
 -0.0000004405
 -0.0000004237
  0.0000011148
 -0.0000000514
 -0.0000020547
 -0.0000038085
 -0.0000002878
 -0.0000004201
 -0.0000006668
 -0.0000001742
  0.0000024130
 -0.0000028939
 -0.0000002460
 -0.0000007168
  0.0000006211
 -0.0000006615
  0.0000004861
 -0.0000008227
 -0.0000031985
 -0.0000009832
 -0.0000004634
  0.0000001774
  0.0000003466
 -0.0000001682
  0.0000012414
  0.0000009828
  0.0000014274
 -0.0000010457
  0.0000018097
 -0.0000007946
 -0.0000002545
  0.0000000335
  0.0000011215
  0.0000018480
  0.0000129271
  0.0000234814
  0.0000131554
  0.0000024508
  0.0000079019
  0.0000090199
 -0.0000064853
 -0.0000064804
 -0.0000038574
  0.0000128755
 -0.0000021555
 -0.0000092509
 -0.0000343807
  0.0000171129
 -0.0000790520
  0.0000038255
  0.0000095948
 -0.0000475276
  0.0000151202
 -0.0000043840
  0.0000070529
 -0.0000047729
  0.0000053552
  0.0000054551
 -0.0000030382
 -0.0000734337
 -0.0000009370
  0.0000021546
  0.0000002432
 -0.0000002332
  0.0000120304
 -0.0000012327
  0.0000716102
  0.0000017386
 -0.0000008576
 -0.0000007801
  0.0000124601
  0.0000044498
  0.0000029960
  0.0000377448
  0.0000013114
  0.0000091981
 -0.0000019199
 -0.0000465969
 -0.0000024912
  0.0000008657
 -0.0000103064
  0.0000006264
  0.0000100839
  0.0000210970
  0.0000006288
 -0.0000017089
 -0.0000009756
 -0.0000016287
  0.0000002661
  0.0000000474
 -0.0000004509
  0.0000004500
  0.0000006925
  0.0000016290
  0.0000000523
 -0.0000003049
 -0.0000002370
 -0.0000003580
  0.0000002164
  0.0000010971
  0.0000005985
 -0.0000006265
  0.0000000253
 -0.0000011047
 -0.0000006328
 -0.0000011107
 -0.0000016460
  0.0000009170
 -0.0000005931
  0.0000000594
  0.0000011149
 -0.0000000662
 -0.0000012700
  0.0000001806
  0.0000006055
 -0.0000009313
 -0.0000000838
 -0.0000002302
 -0.0000000053
  0.0000006200
  0.0000009625
 -0.0000004966
 -0.0000008875
  0.0000001277
 -0.0000004349
  0.0000006480
 -0.0000011772
 -0.0000002324
  0.0000002314
 -0.0000001981
 -0.0000013229
 -0.0000033579
  0.0000011243
  0.0000003019
 -0.0000019667
 -0.0000003489
 -0.0000002626
 -0.0000007956
 -0.0000015806
  0.0000000234
 -0.0000002322
 -0.0000026594
 -0.0000008993
 -0.0000005470
 -0.0000006509
 -0.0000001526
 -0.0000023966
 -0.0000022739
 -0.0000014756
 -0.0000019264
 -0.0000028904
 -0.0000014732
 -0.0000000105
  0.0000011050
  0.0000002440
 -0.0000003931
  0.0000006334
  0.0000016916
  0.0000011958
 -0.0000009204
  0.0000028283
  0.0000013061
  0.0000013279
 -0.0000002900
  0.0000000582
 -0.0000010821
  0.0000027659
  0.0000024018
  0.0000054125
  0.0000068921
 -0.0000087281
 -0.0000156578
 -0.0000008051
  0.0000029480
  0.0000087740
  0.0000011534
  0.0000009008
  0.0000028898
  0.0000056166
 -0.0000057976
 -0.0000060005
  0.0000040846
 -0.0000041998
  0.0000882181
  0.0000041431
  0.0000058931
  0.0000600212
 -0.0000006701
 -0.0000056263
  0.0000142267
 -0.0000246280
 -0.0000037042
 -0.0000093099
 -0.0000030080
 -0.0000614627
 -0.0000058249
  0.0000003011
 -0.0000023270
  0.0000047710
 -0.0000100497
 -0.0000011804
  0.0000803657
 -0.0000003390
 -0.0000013813
 -0.0000021654
  0.0000209800
 -0.0000023867
 -0.0000105225
  0.0000354695
  0.0000004112
  0.0000020799
 -0.0000115150
 -0.0000731917
 -0.0000020217
 -0.0000020971
 -0.0000076166
  0.0000008762
 -0.0000036966
 -0.0000090449
 -0.0000033260
 -0.0000097715
  0.0000002153
  0.0000024982
  0.0000022349
 -0.0000000385
  0.0000006110
 -0.0000005298
 -0.0000006379
  0.0000018329
  0.0000000582
  0.0000018142
  0.0000000951
 -0.0000006837
 -0.0000010939
 -0.0000015954
  0.0000012834
 -0.0000001260
 -0.0000004284
 -0.0000020856
 -0.0000005511
  0.0000005464
 -0.0000019962
  0.0000023795
 -0.0000002107
  0.0000004659
  0.0000005636
 -0.0000006310
 -0.0000018868
 -0.0000004766
 -0.0000001186
 -0.0000001217
 -0.0000011628
 -0.0000006237
 -0.0000000991
  0.0000003367
 -0.0000020116
  0.0000008813
  0.0000000499
  0.0000004209
 -0.0000014696
  0.0000002857
 -0.0000012540
 -0.0000051754
 -0.0000024734
  0.0000000555
 -0.0000035059
 -0.0000002428
 -0.0000015846
  0.0000013005
 -0.0000022246
 -0.0000003552
 -0.0000009197
 -0.0000012275
 -0.0000007194
 -0.0000007635
 -0.0000015530
 -0.0000063878
 -0.0000009944
 -0.0000009345
 -0.0000005686
  0.0000002456
 -0.0000000563
  0.0000007102
 -0.0000021670
 -0.0000001869
 -0.0000013198
  0.0000007265
  0.0000006512
  0.0000004022
 -0.0000016052
  0.0000030157
  0.0000000017
 -0.0000020813
 -0.0000041952
  0.0000002454
 -0.0000016518
  0.0000016736
  0.0000001390
  0.0000042124
  0.0000095322
  0.0000008844
 -0.0000118963
 -0.0000047892
 -0.0000016893
  0.0000052719
  0.0000035447
 -0.0000053329
  0.0000040140
  0.0000139817
 -0.0000088794
 -0.0000066931
  0.0000238509
 -0.0000012198
  0.0000021577
  0.0000061570
  0.0000044629
  0.0000719711
 -0.0000041109
 -0.0000032038
  0.0000117380
 -0.0000128619
  0.0000070394
 -0.0000070030
 -0.0000619207
 -0.0000041192
 -0.0000025709
 -0.0000043872
 -0.0000003651
  0.0000054587
 -0.0000015729
  0.0000876138
  0.0000003311
 -0.0000007302
 -0.0000016230
  0.0000184248
 -0.0000059139
 -0.0000027636
  0.0000342312
 -0.0000007298
  0.0000036409
 -0.0000101762
 -0.0000538251
 -0.0000027686
 -0.0000020198
 -0.0000107614
 -0.0000027095
 -0.0000066442
  0.0000048889
 -0.0000088862
  0.0000036732
  0.0000007670
  0.0000007292
  0.0000003799
  0.0000012002
  0.0000012257
  0.0000032532
  0.0000004930
  0.0000013273
 -0.0000004558
  0.0000024175
  0.0000010817
  0.0000004799
  0.0000002877
  0.0000012747
  0.0000026483
  0.0000003478
  0.0000009416
  0.0000004820
  0.0000007861
  0.0000017163
  0.0000011641
  0.0000014235
 -0.0000006583
  0.0000002748
  0.0000015396
  0.0000003074
  0.0000003768
 -0.0000000600
  0.0000004149
 -0.0000001748
 -0.0000003741
  0.0000002705
  0.0000020872
 -0.0000004055
 -0.0000006915
  0.0000022134
  0.0000012288
  0.0000004775
  0.0000021012
 -0.0000010056
  0.0000026466
 -0.0000003272
  0.0000000086
 -0.0000016300
  0.0000003663
  0.0000016555
  0.0000002522
  0.0000000876
  0.0000019864
  0.0000022614
  0.0000012101
 -0.0000008431
  0.0000014935
  0.0000022361
 -0.0000013678
 -0.0000004476
  0.0000008013
 -0.0000025300
  0.0000012103
 -0.0000006299
 -0.0000008772
  0.0000008124
  0.0000021763
  0.0000025083
  0.0000014163
  0.0000007503
  0.0000012562
  0.0000002468
 -0.0000004973
  0.0000009657
  0.0000029350
 -0.0000003215
  0.0000185317
  0.0000160673
 -0.0000055423
 -0.0000059561
  0.0000068020
  0.0000090968
 -0.0000059753
 -0.0000056415
  0.0000002214
  0.0000040657
 -0.0000000099
 -0.0000092421
 -0.0000306130
  0.0000140722
 -0.0000881712
 -0.0000020630
 -0.0000015366
 -0.0000467172
  0.0000115477
 -0.0000010311
  0.0000053975
 -0.0000056785
  0.0000024626
  0.0000035236
 -0.0000093874
 -0.0000744896
 -0.0000048284
  0.0000014625
 -0.0000018883
  0.0000000678
  0.0000101835
  0.0000009679
  0.0000698378
  0.0000035364
  0.0000018467
 -0.0000000832
  0.0000105551
 -0.0000035068
  0.0000023805
  0.0000364236
  0.0000018873
  0.0000091316
 -0.0000010000
 -0.0000479470
  0.0000025938
  0.0000011022
 -0.0000177046
  0.0000006984
  0.0000065298
  0.0000202057
  0.0000021868
 -0.0000015899
  0.0000001773
 -0.0000014197
 -0.0000019264
 -0.0000003529
 -0.0000000072
 -0.0000013493
 -0.0000020349
 -0.0000018470
  0.0000002675
 -0.0000011359
 -0.0000017684
 -0.0000001208
 -0.0000012523
 -0.0000010194
 -0.0000014201
 -0.0000013639
 -0.0000015287
 -0.0000017967
 -0.0000015006
 -0.0000014403
 -0.0000020257
 -0.0000021453
 -0.0000010525
 -0.0000012957
 -0.0000011733
 -0.0000014495
 -0.0000013188
 -0.0000012710
 -0.0000005680
 -0.0000007414
 -0.0000005967
  0.0000000149
 -0.0000017437
 -0.0000005874
 -0.0000003365
 -0.0000010406
 -0.0000024859
 -0.0000026480
 -0.0000030826
 -0.0000004350
 -0.0000004983
 -0.0000028255
 -0.0000002622
 -0.0000011226
 -0.0000002902
 -0.0000004923
 -0.0000002584
 -0.0000007268
 -0.0000008674
 -0.0000007728
 -0.0000012920
  0.0000001553
 -0.0000048860
 -0.0000010943
 -0.0000009358
 -0.0000013900
 -0.0000030434
 -0.0000017753
 -0.0000002515
 -0.0000001184
 -0.0000015740
  0.0000008976
 -0.0000014858
  0.0000014056
  0.0000004647
  0.0000020075
  0.0000004817
 -0.0000014815
  0.0000022021
 -0.0000011779
 -0.0000013708
  0.0000020518
 -0.0000007754
  0.0000043952
  0.0000006271
  0.0000011120
  0.0000191574
  0.0000297975
  0.0000301216
 -0.0000053301
  0.0000000947
  0.0000069028
 -0.0000096435
 -0.0000027451
 -0.0000137175
  0.0000230201
 -0.0000093433
 -0.0000062008
 -0.0000292756
  0.0000092050
 -0.0000534498
 -0.0000003837
  0.0000035065
 -0.0000558800
  0.0000110759
  0.0000001854
  0.0000206518
 -0.0000127983
 -0.0000013291
 -0.0000098219
 -0.0000852307
 -0.0000023144
 -0.0000009866
  0.0000000724
  0.0000056231
  0.0000014612
 -0.0000026490
  0.0000966292
  0.0000013147
 -0.0000008928
 -0.0000022258
  0.0000282416
 -0.0000039290
 -0.0000039114
  0.0000280391
 -0.0000005093
  0.0000126629
 -0.0000053220
 -0.0000579002
  0.0000017373
  0.0000047146
 -0.0000156696
 -0.0000021333
 -0.0000001286
  0.0000053913
 -0.0000087414
 -0.0000009484
 -0.0000004190
 -0.0000011240
 -0.0000009782
 -0.0000003717
 -0.0000004094
 -0.0000010873
 -0.0000009169
 -0.0000004786
 -0.0000009929
 -0.0000006772
 -0.0000011270
 -0.0000004293
  0.0000000604
 -0.0000009161
 -0.0000007867
 -0.0000007457
 -0.0000010062
 -0.0000001410
 -0.0000005332
 -0.0000009576
 -0.0000012117
 -0.0000009348
 -0.0000001850
  0.0000000501
  0.0000002246
 -0.0000001218
  0.0000002740
 -0.0000010894
 -0.0000002595
 -0.0000016648
 -0.0000005028
 -0.0000006426
 -0.0000002258
 -0.0000020586
 -0.0000003988
 -0.0000012611
  0.0000004464
 -0.0000004358
 -0.0000001042
 -0.0000010217
 -0.0000010470
 -0.0000006109
 -0.0000008880
 -0.0000000480
 -0.0000043139
 -0.0000010880
 -0.0000006829
 -0.0000004745
 -0.0000012454
 -0.0000011964
 -0.0000001852
  0.0000002266
 -0.0000006422
 -0.0000013427
  0.0000030478
 -0.0000003379
  0.0000000592
  0.0000010713
 -0.0000012561
 -0.0000022909
 -0.0000026275
 -0.0000002326
  0.0000008390
  0.0000004113
  0.0000002662
  0.0000017575
 -0.0000033184
 -0.0000028690
  0.0000065650
 -0.0000014092
  0.0000075708
 -0.0000031141
  0.0000058003
  0.0000077924
 -0.0000010381
 -0.0000010689
  0.0000077782
  0.0000041940
 -0.0000025898
 -0.0000062792
  0.0000202359
 -0.0000119788
  0.0000649302
  0.0000034569
  0.0000056234
  0.0000402474
  0.0000025392
 -0.0000040214
 -0.0000085813
 -0.0000008626
 -0.0000208502
 -0.0000039484
 -0.0000066860
 -0.0000017236
  0.0000655881
 -0.0000022547
  0.0000050118
 -0.0000021116
  0.0000354746
  0.0000008079
 -0.0000482168
 -0.0000011012
 -0.0000068417
 -0.0000007489
 -0.0000115464
 -0.0000019294
 -0.0000003492
  0.0000000022
  0.0000001896
 -0.0000002948
  0.0000000001
  0.0000000503
 -0.0000009974
 -0.0000001049
 -0.0000004821
  0.0000002788
  0.0000010283
 -0.0000002919
  0.0000002650
  0.0000004281
  0.0000013972
 -0.0000024887
  0.0000002571
  0.0000005535
  0.0000019276
 -0.0000011686
 -0.0000002300
  0.0000013955
 -0.0000001673
 -0.0000007521
 -0.0000024532
 -0.0000003779
 -0.0000007226
 -0.0000000484
 -0.0000006348
 -0.0000009273
  0.0000003839
 -0.0000000571
 -0.0000004614
  0.0000007326
  0.0000017389
 -0.0000017266
 -0.0000023958
 -0.0000008456
 -0.0000031742
  0.0000035431
  0.0000023498
 -0.0000012676
  0.0000029503
 -0.0000004737
 -0.0000014927
  0.0000036241
  0.0000038008
  0.0000018593
  0.0000018268
 -0.0000019491
  0.0000019731
 -0.0000114795
  0.0000043437
  0.0000002229
  0.0000107301
  0.0000031172
  0.0000085564
  0.0000022456
  0.0000018693
  0.0000096879
  0.0000090758
  0.0000008016
  0.0000061085
  0.0000077177
 -0.0000117632
 -0.0000001261
  0.0000018301
  0.0000022251
 -0.0000034759
  0.0000047960
 -0.0000089163
 -0.0000010316
 -0.0000030549
 -0.0000002809
 -0.0000020123
 -0.0000020685
  0.0000019331
 -0.0000038747
  0.0000141981
 -0.0000049392
 -0.0000000132
 -0.0000034238
 -0.0000025450
  0.0000335700
 -0.0000041849
 -0.0000078919
 -0.0000253347
  0.0000013752
 -0.0000007151
  0.0000097244
  0.0000019314
 -0.0000022494
 -0.0000080707
 -0.0000000054
 -0.0000023484
  0.0000003328
 -0.0000006477
  0.0000000685
 -0.0000000605
 -0.0000003119
 -0.0000005429
 -0.0000000836
 -0.0000000639
 -0.0000004207
  0.0000001905
 -0.0000026793
 -0.0000002661
  0.0000012997
 -0.0000007556
 -0.0000013680
 -0.0000006840
 -0.0000021999
 -0.0000005893
 -0.0000005515
  0.0000025466
  0.0000022498
 -0.0000000531
  0.0000015795
  0.0000009325
  0.0000010589
 -0.0000021297
 -0.0000022431
 -0.0000013908
 -0.0000017695
 -0.0000011877
 -0.0000006562
 -0.0000008659
  0.0000005523
  0.0000029132
 -0.0000003705
  0.0000029171
  0.0000000173
 -0.0000018475
  0.0000085605
  0.0000000778
 -0.0000010713
  0.0000043384
 -0.0000036257
 -0.0000016196
  0.0000147579
  0.0000013228
 -0.0000015568
 -0.0000018561
 -0.0000034822
  0.0000014902
  0.0000007255
 -0.0000060132
 -0.0000010937
 -0.0000018473
  0.0000033651
  0.0000117591
 -0.0000007080
  0.0000009978
 -0.0000013158
  0.0000124788
 -0.0000058547
 -0.0000204975
  0.0000009530
 -0.0000001683
  0.0000016303
 -0.0000020446
  0.0000022538
  0.0000000854
  0.0000187324
 -0.0000012462
  0.0000021828
  0.0000022534
 -0.0000069066
 -0.0000002706
 -0.0000003026
 -0.0000025752
 -0.0000000570
 -0.0000010080
 -0.0000079541
 -0.0000010492
 -0.0000009936
  0.0000001141
  0.0000003159
  0.0000002650
  0.0000007529
 -0.0000002228
  0.0000005948
  0.0000004999
 -0.0000004940
  0.0000004041
 -0.0000001930
  0.0000006834
  0.0000011607
  0.0000001879
  0.0000003765
  0.0000007764
  0.0000007326
 -0.0000019231
 -0.0000017468
 -0.0000004624
  0.0000001537
  0.0000013802
 -0.0000010262
 -0.0000001301
  0.0000019719
  0.0000001287
 -0.0000006394
 -0.0000019610
  0.0000001031
 -0.0000002562
  0.0000000910
  0.0000003483
 -0.0000008788
 -0.0000005363
  0.0000007758
  0.0000000706
  0.0000003328
 -0.0000002412
  0.0000009702
 -0.0000004398
  0.0000001074
 -0.0000039568
 -0.0000018502
 -0.0000031075
 -0.0000048946
  0.0000029525
 -0.0000029688
 -0.0000000944
 -0.0000041357
 -0.0000007787
 -0.0000006078
  0.0000006022
  0.0000014495
 -0.0000008920
 -0.0000011993
  0.0000010884
 -0.0000105260
  0.0000010582
 -0.0000032520
  0.0000084168
  0.0000032108
  0.0000066615
  0.0000018068
  0.0000072839
  0.0000097872
  0.0000038417
 -0.0000009863
  0.0000131762
  0.0000084474
 -0.0000145376
  0.0000035860
  0.0000010854
  0.0000125486
 -0.0000035115
 -0.0000052164
  0.0000034733
 -0.0000048048
 -0.0000022269
 -0.0000047466
  0.0000134589
 -0.0000000637
  0.0000007045
  0.0000053218
 -0.0000041403
 -0.0000013650
  0.0000193527
 -0.0000037338
  0.0000002335
 -0.0000011061
  0.0000323615
 -0.0000006859
 -0.0000047196
  0.0000052794
  0.0000025386
 -0.0000024445
  0.0000060562
  0.0000008430
 -0.0000025059
 -0.0000059018
 -0.0000013483
  0.0000008922
  0.0000003811
 -0.0000004917
  0.0000003070
 -0.0000000585
  0.0000003707
  0.0000000280
  0.0000002505
 -0.0000005634
  0.0000001584
 -0.0000003145
  0.0000005094
  0.0000005942
 -0.0000000413
  0.0000001711
  0.0000002170
  0.0000004228
 -0.0000019075
 -0.0000016087
 -0.0000001973
  0.0000010768
 -0.0000008260
  0.0000017268
 -0.0000004330
 -0.0000008195
 -0.0000023689
 -0.0000000174
 -0.0000002794
  0.0000003863
 -0.0000012972
 -0.0000009870
 -0.0000000119
  0.0000001716
 -0.0000001310
 -0.0000002741
  0.0000007043
 -0.0000003692
 -0.0000021648
 -0.0000024829
 -0.0000004322
 -0.0000027764
  0.0000030210
 -0.0000010672
 -0.0000010496
  0.0000047511
  0.0000003355
 -0.0000011126
  0.0000037179
  0.0000052664
  0.0000022654
  0.0000004001
 -0.0000017808
  0.0000001076
 -0.0000114062
  0.0000014105
 -0.0000031442
  0.0000086650
  0.0000030248
  0.0000070223
  0.0000013914
  0.0000071270
  0.0000109337
  0.0000029475
 -0.0000007832
  0.0000164992
  0.0000076584
 -0.0000239172
  0.0000031515
  0.0000005295
  0.0000093101
 -0.0000037514
 -0.0000081193
  0.0000051767
 -0.0000083081
 -0.0000007133
 -0.0000022508
 -0.0000002597
 -0.0000017589
  0.0000022179
 -0.0000035273
  0.0000149042
 -0.0000039331
 -0.0000000055
 -0.0000023464
  0.0000322528
 -0.0000036926
 -0.0000074354
 -0.0000317093
  0.0000013313
 -0.0000005952
  0.0000078034
  0.0000009794
 -0.0000020982
 -0.0000077823
  0.0000004381
 -0.0000018894
 -0.0000003309
 -0.0000007876
 -0.0000007318
 -0.0000008820
 -0.0000004716
 -0.0000006461
  0.0000000119
 -0.0000000098
 -0.0000004678
  0.0000002314
 -0.0000003605
  0.0000017766
 -0.0000034760
  0.0000004008
  0.0000003946
  0.0000007222
  0.0000001037
 -0.0000001259
 -0.0000000491
 -0.0000003407
  0.0000002823
 -0.0000025385
 -0.0000001916
 -0.0000007256
 -0.0000001035
 -0.0000014768
 -0.0000006951
 -0.0000009784
 -0.0000007161
 -0.0000007112
  0.0000002306
  0.0000015355
  0.0000006150
  0.0000001153
  0.0000030218
  0.0000003910
 -0.0000062178
  0.0000028018
  0.0000031562
 -0.0000037195
 -0.0000046808
 -0.0000026535
  0.0000020723
 -0.0000030339
 -0.0000009255
 -0.0000004597
  0.0000001898
  0.0000025524
  0.0000043703
 -0.0000015928
  0.0000009935
  0.0000112497
  0.0000050995
 -0.0000018902
  0.0000017258
  0.0000018219
  0.0000073648
  0.0000037590
  0.0000007627
  0.0000030318
  0.0000002834
 -0.0000084471
  0.0000038199
  0.0000043322
  0.0000063004
 -0.0000045134
  0.0000034620
  0.0000071620
 -0.0000106545
 -0.0000011205
 -0.0000010185
 -0.0000068230
  0.0000182851
 -0.0000009340
 -0.0000022630
  0.0000038278
 -0.0000044514
  0.0000002073
  0.0000001178
  0.0000028906
  0.0000002949
 -0.0000008852
 -0.0000005527
  0.0000041534
  0.0000016144
 -0.0000121369
  0.0000012713
  0.0000002076
 -0.0000028160
 -0.0000069932
  0.0000001046
 -0.0000016116
  0.0000005149
  0.0000000329
  0.0000000458
  0.0000002172
  0.0000004496
  0.0000006113
  0.0000001755
  0.0000004908
  0.0000002548
 -0.0000004046
 -0.0000000509
  0.0000001080
 -0.0000001478
  0.0000004851
  0.0000005734
 -0.0000000088
  0.0000002727
 -0.0000002523
  0.0000006448
 -0.0000020992
 -0.0000002647
 -0.0000003218
  0.0000007890
 -0.0000002915
  0.0000009531
 -0.0000004674
 -0.0000000020
 -0.0000020964
 -0.0000003037
 -0.0000004257
  0.0000000362
  0.0000001639
 -0.0000002252
 -0.0000013733
 -0.0000009129
  0.0000003030
 -0.0000004189
 -0.0000002377
 -0.0000005512
  0.0000001206
  0.0000004367
 -0.0000017889
 -0.0000019780
 -0.0000001113
 -0.0000024406
  0.0000041604
  0.0000070085
 -0.0000007291
  0.0000033204
  0.0000006280
 -0.0000010942
  0.0000043925
  0.0000041410
  0.0000021554
  0.0000007347
 -0.0000015864
 -0.0000004969
  0.0000073363
 -0.0000110817
 -0.0000059913
  0.0000098771
  0.0000044076
  0.0000017508
 -0.0000000173
 -0.0000001286
  0.0000013324
  0.0000021411
 -0.0000001650
  0.0000030926
  0.0000030988
 -0.0000096096
  0.0000099306
 -0.0000018043
  0.0000159918
 -0.0000032421
 -0.0000036589
  0.0000037212
 -0.0000027456
  0.0000048610
  0.0000138849
  0.0000007534
  0.0000050021
 -0.0000042916
  0.0000177522
 -0.0000009222
  0.0000197565
 -0.0000047874
 -0.0000031991
 -0.0000002026
  0.0000008585
  0.0000002854
 -0.0000021175
 -0.0000071150
  0.0000022462
 -0.0000002567
 -0.0000001810
 -0.0000008223
 -0.0000000106
  0.0000003472
  0.0000002998
 -0.0000004777
 -0.0000012618
  0.0000001670
  0.0000003372
  0.0000000016
 -0.0000000202
 -0.0000015469
 -0.0000007703
 -0.0000004207
 -0.0000003648
  0.0000005242
 -0.0000003492
 -0.0000000062
  0.0000000517
  0.0000003482
 -0.0000013472
  0.0000000156
 -0.0000009609
 -0.0000002272
  0.0000010990
 -0.0000012283
 -0.0000005652
  0.0000014883
 -0.0000006274
 -0.0000012455
 -0.0000027505
 -0.0000003320
 -0.0000005858
 -0.0000005782
 -0.0000006123
 -0.0000011319
 -0.0000013699
 -0.0000000676
 -0.0000004542
  0.0000006166
 -0.0000001548
  0.0000008942
  0.0000007324
 -0.0000003694
  0.0000010005
  0.0000005454
 -0.0000027149
  0.0000019730
 -0.0000046042
 -0.0000015368
 -0.0000006255
 -0.0000019014
  0.0000003415
 -0.0000062212
  0.0000019850
  0.0000016460
 -0.0000038700
  0.0000024630
 -0.0000006795
  0.0000023714
  0.0000093524
  0.0000023721
  0.0000087006
  0.0000032771
  0.0000036026
  0.0000011739
 -0.0000027976
  0.0000018139
  0.0000026549
  0.0000012280
 -0.0000018939
  0.0000024528
 -0.0000032216
  0.0000049545
  0.0000028529
  0.0000095247
  0.0000029670
 -0.0000045495
  0.0000032081
 -0.0000000200
 -0.0000005937
  0.0000048915
  0.0000115668
  0.0000003874
 -0.0000074434
  0.0000066682
 -0.0000054191
 -0.0000006209
  0.0000199762
 -0.0000027567
  0.0000026224
 -0.0000160060
 -0.0000016875
  0.0000193485
 -0.0000044189
  0.0000034858
 -0.0000275532
  0.0000018709
  0.0000013339
  0.0000008947
  0.0000012231
 -0.0000025376
 -0.0000068369
 -0.0000005469
  0.0000000245
 -0.0000000724
  0.0000009249
 -0.0000004544
  0.0000000110
  0.0000009124
  0.0000012294
  0.0000004481
  0.0000011600
  0.0000015829
 -0.0000024186
  0.0000006981
  0.0000006149
  0.0000017895
 -0.0000004656
  0.0000019617
 -0.0000000602
 -0.0000016997
 -0.0000000048
 -0.0000002479
 -0.0000001431
  0.0000011826
  0.0000001059
 -0.0000001673
  0.0000010572
  0.0000020019
  0.0000000741
  0.0000013734
  0.0000025837
 -0.0000005266
 -0.0000021450
  0.0000078152
 -0.0000000020
 -0.0000056623
 -0.0000016739
 -0.0000005274
 -0.0000021013
 -0.0000048970
  0.0000012771
  0.0000002001
 -0.0000008357
  0.0000031922
  0.0000051483
  0.0000075934
  0.0000053026
  0.0000120097
  0.0000036515
  0.0000092696
  0.0000021296
 -0.0000064383
  0.0000129893
  0.0000114071
  0.0000010978
 -0.0000014961
 -0.0000055895
 -0.0000152144
 -0.0000001855
  0.0000026953
  0.0000148655
 -0.0000055802
  0.0000030212
 -0.0000120689
 -0.0000034115
 -0.0000005981
 -0.0000206393
  0.0000181223
  0.0000057825
 -0.0000039304
  0.0000033502
 -0.0000072288
  0.0000006752
  0.0000016595
 -0.0000020175
 -0.0000018802
  0.0000029141
  0.0000009932
 -0.0000167263
 -0.0000001741
 -0.0000010999
 -0.0000032850
 -0.0000081831
 -0.0000006464
 -0.0000026649
 -0.0000005742
 -0.0000003082
 -0.0000006765
 -0.0000004298
 -0.0000001787
 -0.0000002847
 -0.0000000906
 -0.0000004717
 -0.0000009204
 -0.0000001068
 -0.0000006311
 -0.0000003422
 -0.0000001376
 -0.0000004051
  0.0000001682
 -0.0000009744
 -0.0000004993
  0.0000001409
  0.0000007151
  0.0000000982
 -0.0000003910
  0.0000001335
  0.0000000482
  0.0000003554
 -0.0000025649
 -0.0000004093
 -0.0000004444
 -0.0000007081
  0.0000007020
 -0.0000000417
 -0.0000003569
  0.0000011361
 -0.0000003921
  0.0000000191
 -0.0000018707
  0.0000000253
 -0.0000003617
  0.0000003337
  0.0000005310
 -0.0000003996
 -0.0000007637
 -0.0000004546
 -0.0000008220
 -0.0000002863
  0.0000004061
  0.0000003688
  0.0000005526
  0.0000013027
  0.0000022857
  0.0000007480
 -0.0000005585
 -0.0000042942
 -0.0000029084
 -0.0000031187
 -0.0000018071
  0.0000000381
 -0.0000007902
 -0.0000002404
  0.0000011361
 -0.0000040682
  0.0000008930
 -0.0000005348
  0.0000022091
 -0.0000112826
 -0.0000038429
  0.0000105733
  0.0000030759
  0.0000020635
 -0.0000000735
 -0.0000001637
  0.0000085431
  0.0000012876
 -0.0000004878
  0.0000152820
  0.0000064402
 -0.0000069011
  0.0000101244
 -0.0000020676
  0.0000057657
  0.0000017771
 -0.0000040007
 -0.0000034081
  0.0000041697
  0.0000002810
 -0.0000019840
  0.0000032953
  0.0000133753
  0.0000000673
 -0.0000012026
  0.0000045218
  0.0000005181
 -0.0000016547
 -0.0000024530
 -0.0000042638
  0.0000191579
 -0.0000029015
  0.0000002702
 -0.0000215518
 -0.0000040474
 -0.0000018857
  0.0000000983
 -0.0000023148
  0.0000002110
 -0.0000002234
  0.0000003865
 -0.0000002704
  0.0000000086
 -0.0000004737
  0.0000001144
  0.0000005056
 -0.0000001405
 -0.0000003145
 -0.0000000652
  0.0000005179
  0.0000001675
 -0.0000001168
 -0.0000003363
 -0.0000007553
 -0.0000000573
 -0.0000003463
 -0.0000004573
 -0.0000002721
 -0.0000003780
 -0.0000003538
 -0.0000004569
 -0.0000007162
 -0.0000028189
 -0.0000018074
 -0.0000008690
 -0.0000008596
 -0.0000019503
 -0.0000007923
 -0.0000004763
  0.0000000204
 -0.0000007208
 -0.0000002220
 -0.0000021849
 -0.0000000984
 -0.0000007688
 -0.0000005866
 -0.0000003156
 -0.0000036645
 -0.0000016888
 -0.0000005392
  0.0000001239
 -0.0000014243
 -0.0000004724
 -0.0000007230
  0.0000000480
 -0.0000014990
 -0.0000011069
  0.0000018049
 -0.0000008279
 -0.0000030143
  0.0000016466
 -0.0000039562
 -0.0000011415
 -0.0000003229
 -0.0000009711
 -0.0000003426
 -0.0000036803
  0.0000021313
  0.0000011827
 -0.0000053542
  0.0000043531
  0.0000020579
  0.0000009768
  0.0000164889
 -0.0000023041
  0.0000146538
  0.0000071421
 -0.0000020325
  0.0000008306
  0.0000024053
  0.0000186449
 -0.0000062660
 -0.0000047440
  0.0000150648
 -0.0000013121
 -0.0000134714
  0.0000011449
  0.0000061583
  0.0000300964
  0.0000035650
 -0.0000040324
 -0.0000014364
  0.0000005927
  0.0000055835
  0.0000106913
 -0.0000014261
  0.0000024092
  0.0000559941
 -0.0000033553
  0.0000011051
  0.0000362697
  0.0000012773
  0.0000017027
 -0.0000312901
  0.0000004861
 -0.0000044486
 -0.0000017785
  0.0000025453
  0.0000002771
  0.0000003813
 -0.0000006313
  0.0000001006
 -0.0000002541
  0.0000009921
 -0.0000033292
 -0.0000001826
  0.0000008829
 -0.0000010046
  0.0000012404
 -0.0000006196
 -0.0000024173
 -0.0000014099
 -0.0000007020
  0.0000005756
 -0.0000007932
 -0.0000007685
  0.0000008639
  0.0000001494
  0.0000036885
  0.0000008753
 -0.0000009231
 -0.0000061031
  0.0000020057
  0.0000019133
 -0.0000006674
  0.0000010745
 -0.0000014669
 -0.0000000878
  0.0000014642
  0.0000016941
  0.0000007517
  0.0000018230
  0.0000013978
  0.0000060098
 -0.0000067828
  0.0000029682
  0.0000095672
  0.0000035329
 -0.0000002413
  0.0000015887
 -0.0000037581
  0.0000076694
  0.0000080162
  0.0000001687
  0.0000038196
 -0.0000004535
 -0.0000058004
  0.0000040243
  0.0000004947
  0.0000069364
 -0.0000045899
  0.0000030090
  0.0000019044
 -0.0000061107
 -0.0000008402
 -0.0000022146
 -0.0000039003
  0.0000141624
 -0.0000016013
  0.0000084013
 -0.0000070507
 -0.0000073179
  0.0000007048
  0.0000045362
  0.0000026393
 -0.0000004701
  0.0000023175
  0.0000021979
 -0.0000078141
 -0.0000005275
 -0.0000003621
 -0.0000014030
 -0.0000075038
 -0.0000006718
  0.0000004120
 -0.0000003695
  0.0000009594
 -0.0000002142
  0.0000003119
  0.0000004028
  0.0000008452
 -0.0000001477
 -0.0000000172
 -0.0000000490
  0.0000000044
  0.0000010602
 -0.0000002946
 -0.0000007514
  0.0000014747
  0.0000000609
  0.0000001166
 -0.0000005932
  0.0000013295
 -0.0000006074
 -0.0000005733
  0.0000011427
 -0.0000020643
 -0.0000017039
 -0.0000016063
  0.0000002573
 -0.0000015815
 -0.0000002150
 -0.0000000872
  0.0000024396
  0.0000010511
  0.0000010404
  0.0000017712
 -0.0000000977
 -0.0000011961
 -0.0000012548
 -0.0000005755
 -0.0000038143
  0.0000006225
 -0.0000017738
  0.0000015492
 -0.0000044962
  0.0000015398
  0.0000018850
  0.0000016845
  0.0000040676
 -0.0000065255
  0.0000107645
  0.0000030986
  0.0000039458
 -0.0000044282
 -0.0000026317
 -0.0000021966
  0.0000027569
  0.0000072253
  0.0000037032
  0.0000012729
 -0.0000047661
  0.0000018902
  0.0000021722
 -0.0000063358
 -0.0000030766
 -0.0000018342
  0.0000036373
  0.0000122749
 -0.0000003229
  0.0000012461
 -0.0000013113
  0.0000116329
 -0.0000060396
 -0.0000010261
 -0.0000190607
  0.0000015937
 -0.0000007682
  0.0000018571
 -0.0000022440
  0.0000021823
 -0.0000004356
  0.0000177169
 -0.0000016999
  0.0000029040
  0.0000022233
 -0.0000068836
 -0.0000006387
 -0.0000003101
 -0.0000025622
  0.0000002458
 -0.0000021268
 -0.0000081122
 -0.0000000248
 -0.0000004262
 -0.0000006162
 -0.0000005503
 -0.0000006983
  0.0000005162
 -0.0000018670
 -0.0000000450
  0.0000001575
 -0.0000009234
 -0.0000008176
  0.0000003920
 -0.0000001532
  0.0000005379
  0.0000005478
  0.0000017231
 -0.0000013081
  0.0000009008
  0.0000009099
  0.0000005631
 -0.0000023737
 -0.0000027408
 -0.0000014199
 -0.0000029398
 -0.0000014510
 -0.0000008816
 -0.0000013332
  0.0000004445
  0.0000021850
 -0.0000008366
  0.0000065914
 -0.0000024494
 -0.0000041840
 -0.0000069067
  0.0000057538
  0.0000024410
 -0.0000061610
  0.0000085588
  0.0000009936
 -0.0000069481
 -0.0000010370
 -0.0000041721
  0.0000009028
  0.0000003625
 -0.0000064948
 -0.0000017629
 -0.0000017339
  0.0000022033
  0.0000137674
 -0.0000015373
  0.0000006066
 -0.0000016879
  0.0000124109
 -0.0000061800
 -0.0000192638
  0.0000001131
 -0.0000025125
  0.0000018142
 -0.0000005290
  0.0000200535
 -0.0000011707
  0.0000018448
  0.0000019308
 -0.0000084250
 -0.0000001685
 -0.0000003567
 -0.0000030243
 -0.0000008561
 -0.0000016556
 -0.0000082952
 -0.0000008898
 -0.0000013311
 -0.0000006291
 -0.0000006543
  0.0000000590
 -0.0000003428
  0.0000001498
 -0.0000005937
  0.0000000853
 -0.0000005452
 -0.0000007833
 -0.0000003215
 -0.0000008275
 -0.0000000089
  0.0000000489
 -0.0000006556
 -0.0000000712
 -0.0000003103
 -0.0000003096
  0.0000005765
 -0.0000002167
  0.0000000545
  0.0000000975
  0.0000005106
 -0.0000020962
 -0.0000004592
 -0.0000000341
 -0.0000003942
  0.0000003708
 -0.0000006124
 -0.0000007725
  0.0000008520
 -0.0000000456
 -0.0000003599
 -0.0000022659
 -0.0000004678
 -0.0000008035
 -0.0000006970
 -0.0000004126
 -0.0000006848
 -0.0000015685
 -0.0000008724
 -0.0000004958
 -0.0000001749
 -0.0000007316
 -0.0000000766
  0.0000001327
  0.0000008335
  0.0000003457
  0.0000023795
 -0.0000000827
 -0.0000006302
 -0.0000045993
 -0.0000032176
 -0.0000033197
 -0.0000023145
 -0.0000000672
 -0.0000021012
 -0.0000004854
  0.0000010159
 -0.0000043587
  0.0000007410
 -0.0000005045
  0.0000031598
 -0.0000019982
  0.0000036312
  0.0000145287
  0.0000051744
  0.0000036302
  0.0000003807
 -0.0000046609
  0.0000158052
 -0.0000046508
 -0.0000022076
  0.0000206325
  0.0000109873
  0.0000023489
  0.0000061576
  0.0000013922
  0.0000095097
  0.0000016111
 -0.0000033752
 -0.0000043594
  0.0000048230
 -0.0000021622
  0.0000032176
  0.0000132971
  0.0000000280
 -0.0000000988
  0.0000053089
 -0.0000003235
 -0.0000017388
 -0.0000024309
 -0.0000022461
  0.0000224161
  0.0000015155
  0.0000016631
 -0.0000270585
 -0.0000044532
 -0.0000027058
 -0.0000004661
 -0.0000027050
  0.0000051290
 -0.0000005101
  0.0000010300
  0.0000002966
  0.0000009701
  0.0000003899
  0.0000001012
  0.0000007625
  0.0000001493
  0.0000010125
  0.0000006683
  0.0000006201
  0.0000007142
  0.0000010400
  0.0000008503
 -0.0000026181
 -0.0000002212
 -0.0000001780
  0.0000011387
  0.0000011819
 -0.0000000535
  0.0000019428
  0.0000008888
  0.0000013354
 -0.0000015840
  0.0000006122
  0.0000002688
  0.0000007001
  0.0000007799
 -0.0000007811
  0.0000004094
  0.0000004562
 -0.0000001814
 -0.0000001371
  0.0000000106
  0.0000008466
  0.0000010509
 -0.0000011718
 -0.0000029503
 -0.0000014477
 -0.0000036649
  0.0000028515
  0.0000010949
 -0.0000018752
  0.0000020029
 -0.0000009719
 -0.0000023602
  0.0000027737
  0.0000029133
  0.0000009775
  0.0000022553
 -0.0000022595
  0.0000020413
  0.0000044361
  0.0000018804
  0.0000066900
  0.0000108338
  0.0000046260
  0.0000084288
  0.0000020341
 -0.0000068878
  0.0000150251
  0.0000103418
  0.0000002604
 -0.0000023407
 -0.0000063010
 -0.0000159208
 -0.0000002739
  0.0000008262
  0.0000094438
 -0.0000037901
  0.0000044214
 -0.0000106317
 -0.0000009119
 -0.0000037269
  0.0000061569
 -0.0000016715
 -0.0000030864
  0.0000007287
 -0.0000044074
  0.0000043492
  0.0000110619
  0.0000001033
 -0.0000004024
 -0.0000009628
 -0.0000036792
 -0.0000033532
 -0.0000048185
 -0.0000086230
 -0.0000199443
  0.0000006082
 -0.0000013028
  0.0000289587
  0.0000068762
 -0.0000021779
 -0.0000091242
 -0.0000000491
 -0.0000030773
  0.0000009614
  0.0000009518
  0.0000009287
 -0.0000002634
 -0.0000000961
 -0.0000005372
 -0.0000002157
 -0.0000004038
  0.0000002719
 -0.0000003936
 -0.0000002283
 -0.0000001349
 -0.0000016687
 -0.0000016991
 -0.0000005474
  0.0000005010
 -0.0000003055
  0.0000015585
 -0.0000003413
 -0.0000026393
 -0.0000004408
 -0.0000001589
 -0.0000015806
 -0.0000010999
 -0.0000007072
  0.0000008094
  0.0000002702
  0.0000006015
 -0.0000000550
  0.0000007582
 -0.0000005590
  0.0000015168
  0.0000019705
  0.0000029360
  0.0000006002
 -0.0000046518
  0.0000062911
  0.0000025460
 -0.0000048610
 -0.0000012750
  0.0000002390
 -0.0000005246
 -0.0000040321
  0.0000018469
  0.0000016145
 -0.0000013043
 -0.0000006505
 -0.0000128206
  0.0000013184
 -0.0000027313
  0.0000085861
  0.0000028787
  0.0000074848
  0.0000006262
  0.0000062525
  0.0000121136
  0.0000021859
 -0.0000008090
  0.0000195295
  0.0000069839
 -0.0000197563
  0.0000016931
  0.0000007323
  0.0000040303
 -0.0000046963
  0.0000085034
 -0.0000087323
 -0.0000019229
  0.0000000488
 -0.0000010573
 -0.0000013411
  0.0000041134
 -0.0000036169
  0.0000103770
  0.0000044228
  0.0000018022
 -0.0000008023
  0.0000327496
  0.0000040777
  0.0000015508
 -0.0000169228
  0.0000000229
  0.0000088782
  0.0000007997
 -0.0000025274
 -0.0000061695
 -0.0000006776
 -0.0000008160
 -0.0000006666
 -0.0000009082
 -0.0000008858
  0.0000000055
 -0.0000000802
 -0.0000001292
 -0.0000020254
  0.0000002973
  0.0000003058
 -0.0000044544
 -0.0000021023
  0.0000010971
 -0.0000000134
 -0.0000024197
 -0.0000005886
 -0.0000016927
 -0.0000003325
  0.0000012538
  0.0000029252
  0.0000040512
  0.0000015006
  0.0000016094
 -0.0000003182
  0.0000011848
  0.0000036912
 -0.0000007907
 -0.0000073070
 -0.0000004384
  0.0000032259
 -0.0000022665
 -0.0000033125
  0.0000017013
  0.0000031279
  0.0000102162
 -0.0000026778
  0.0000111337
  0.0000010615
 -0.0000011236
  0.0000005463
  0.0000010073
  0.0000046725
 -0.0000012648
 -0.0000010400
  0.0000121053
 -0.0000065104
 -0.0000041511
 -0.0000065173
  0.0000037995
 -0.0000018524
 -0.0000033207
 -0.0000004659
 -0.0000035665
  0.0000015547
  0.0000195676
 -0.0000005252
  0.0000005514
 -0.0000024755
  0.0000061347
 -0.0000061972
 -0.0000011940
 -0.0000661521
  0.0000003760
 -0.0000001972
  0.0000003503
 -0.0000033821
  0.0000016256
 -0.0000013275
  0.0000178668
 -0.0000009886
  0.0000035545
  0.0000040087
 -0.0000048007
 -0.0000009047
  0.0000029593
 -0.0000059994
  0.0000023913
 -0.0000010358
 -0.0000110473
 -0.0000010465
 -0.0000008338
 -0.0000007694
 -0.0000006061
 -0.0000005742
 -0.0000007889
 -0.0000000448
 -0.0000009471
 -0.0000004245
 -0.0000004597
 -0.0000004362
 -0.0000007532
 -0.0000005045
 -0.0000007780
 -0.0000005219
 -0.0000004820
  0.0000002479
  0.0000004127
 -0.0000002952
 -0.0000000100
 -0.0000004065
  0.0000003210
 -0.0000022452
 -0.0000005433
 -0.0000003480
 -0.0000005187
  0.0000002448
 -0.0000005530
 -0.0000007286
  0.0000007955
 -0.0000005800
 -0.0000002731
 -0.0000024308
 -0.0000005809
 -0.0000007004
 -0.0000003657
  0.0000000363
 -0.0000007792
 -0.0000017303
 -0.0000011321
 -0.0000004501
 -0.0000006138
 -0.0000008091
 -0.0000007947
 -0.0000002011
 -0.0000000942
  0.0000006285
 -0.0000031126
 -0.0000012044
 -0.0000025164
 -0.0000031483
 -0.0000036688
 -0.0000036492
  0.0000000728
 -0.0000024776
 -0.0000010198
  0.0000000683
  0.0000013124
  0.0000018516
 -0.0000002931
  0.0000000484
 -0.0000010250
  0.0000015533
 -0.0000113700
 -0.0000014791
  0.0000114803
  0.0000047919
  0.0000017642
 -0.0000001688
 -0.0000006436
  0.0000054292
 -0.0000013762
 -0.0000015647
  0.0000149634
  0.0000063393
 -0.0000128758
  0.0000097494
 -0.0000010713
  0.0000089819
 -0.0000024824
 -0.0000044558
  0.0000042041
  0.0000029230
  0.0000120609
 -0.0000003226
  0.0000081149
 -0.0000050828
 -0.0000026147
  0.0000023545
 -0.0000077983
 -0.0000003515
  0.0000168021
 -0.0000009057
  0.0000121108
 -0.0000198987
 -0.0000017402
 -0.0000021932
 -0.0000004194
 -0.0000017036
 -0.0000072445
 -0.0000004711
 -0.0000000126
 -0.0000000715
 -0.0000003534
 -0.0000007222
 -0.0000018005
 -0.0000020328
 -0.0000008215
 -0.0000000046
 -0.0000014818
  0.0000003960
  0.0000018540
  0.0000009677
  0.0000027460
 -0.0000000048
 -0.0000013083
  0.0000015235
 -0.0000067168
  0.0000014178
 -0.0000005646
  0.0000010652
 -0.0000046398
  0.0000025753
  0.0000004297
 -0.0000000477
  0.0000001283
  0.0000026436
  0.0000019195
 -0.0000035556
  0.0000008755
  0.0000039038
 -0.0000013858
  0.0000051189
  0.0000040843
  0.0000141922
  0.0000009064
  0.0000002821
 -0.0000020878
 -0.0000049440
  0.0000016914
 -0.0000004660
 -0.0000051320
 -0.0000002263
 -0.0000023172
  0.0000040987
  0.0000104567
 -0.0000003532
  0.0000006828
 -0.0000018358
  0.0000088836
 -0.0000048601
 -0.0000250355
  0.0000007443
 -0.0000019516
  0.0000019658
 -0.0000016017
  0.0000156430
 -0.0000006997
  0.0000031258
  0.0000038053
 -0.0000046794
  0.0000000993
 -0.0000008628
 -0.0000039029
  0.0000001503
 -0.0000008830
 -0.0000095842
 -0.0000006169
 -0.0000002373
  0.0000000232
  0.0000005143
  0.0000002052
 -0.0000001921
 -0.0000009309
 -0.0000000567
 -0.0000004399
  0.0000005684
 -0.0000011582
 -0.0000005726
  0.0000000581
 -0.0000001314
 -0.0000001312
 -0.0000003081
  0.0000002373
  0.0000003856
 -0.0000000404
 -0.0000022214
 -0.0000005110
 -0.0000002084
 -0.0000007967
  0.0000005118
 -0.0000000086
 -0.0000002692
  0.0000018093
 -0.0000001555
  0.0000000016
 -0.0000021578
  0.0000001152
 -0.0000001329
 -0.0000004310
 -0.0000002680
 -0.0000011880
 -0.0000007890
 -0.0000002096
 -0.0000001668
  0.0000006191
  0.0000001829
  0.0000008048
  0.0000003989
  0.0000035172
 -0.0000006279
  0.0000021340
  0.0000003843
 -0.0000027808
 -0.0000053846
 -0.0000015815
  0.0000006912
 -0.0000024845
 -0.0000016729
  0.0000003220
  0.0000018943
 -0.0000001527
 -0.0000003331
  0.0000040729
 -0.0000008893
  0.0000092738
  0.0000042801
 -0.0000015780
  0.0000085214
  0.0000014423
  0.0000044206
 -0.0000001647
 -0.0000003327
 -0.0000009485
  0.0000025807
 -0.0000000222
 -0.0000000587
  0.0000005927
 -0.0000103011
  0.0000066884
 -0.0000002970
  0.0000138409
 -0.0000018665
 -0.0000044576
  0.0000040011
 -0.0000013716
 -0.0000034525
  0.0000039344
  0.0000112621
  0.0000003118
 -0.0000060288
  0.0000067731
 -0.0000053196
  0.0000203460
 -0.0000029718
  0.0000010187
 -0.0000139903
 -0.0000004569
  0.0000188414
 -0.0000011628
  0.0000116375
 -0.0000015973
  0.0000001482
  0.0000001766
 -0.0000024709
 -0.0000060938
  0.0000000886
  0.0000001370
 -0.0000007034
 -0.0000008248
  0.0000001832
 -0.0000007913
 -0.0000003720
 -0.0000000679
  0.0000013126
 -0.0000036168
  0.0000005168
  0.0000004421
  0.0000000205
  0.0000002733
 -0.0000000901
  0.0000004476
 -0.0000024237
 -0.0000007323
 -0.0000021160
 -0.0000006660
 -0.0000007902
 -0.0000009147
 -0.0000008287
 -0.0000002750
  0.0000021036
  0.0000006784
  0.0000014361
  0.0000012034
 -0.0000003177
  0.0000044712
 -0.0000050510
 -0.0000005021
  0.0000030285
  0.0000013659
 -0.0000010664
 -0.0000014404
  0.0000034546
  0.0000015493
  0.0000009782
 -0.0000006417
  0.0000025853
  0.0000052331
  0.0000012834
  0.0000025508
  0.0000145835
  0.0000053071
  0.0000051691
  0.0000008766
 -0.0000059871
  0.0000017922
  0.0000038122
  0.0000012715
 -0.0000087659
  0.0000003087
  0.0000098396
  0.0000050314
 -0.0000054887
  0.0000023435
  0.0000000194
 -0.0000061984
 -0.0000032812
 -0.0000007913
 -0.0000040946
  0.0000138663
  0.0000009883
 -0.0000027874
  0.0000076506
 -0.0000084044
 -0.0000063660
  0.0000013900
  0.0000038475
  0.0000041473
  0.0000029561
 -0.0000013832
  0.0000354147
 -0.0000018651
  0.0000015630
 -0.0000000675
 -0.0000079306
 -0.0000002456
 -0.0000012441
 -0.0000014533
 -0.0000026794
 -0.0000072385
 -0.0000004206
  0.0000001108
  0.0000000478
  0.0000001173
 -0.0000005459
 -0.0000003153
  0.0000003041
  0.0000003117
 -0.0000001779
 -0.0000015603
  0.0000002605
 -0.0000008909
 -0.0000007173
 -0.0000016992
 -0.0000016737
  0.0000010394
 -0.0000017964
  0.0000020345
 -0.0000003685
 -0.0000029219
  0.0000012229
 -0.0000062967
  0.0000006603
 -0.0000005087
  0.0000016927
 -0.0000013540
  0.0000021325
  0.0000001928
  0.0000032564
  0.0000009812
  0.0000017158
  0.0000034856
  0.0000001659
  0.0000114298
  0.0000033631
  0.0000073260
 -0.0000039704
 -0.0000025915
  0.0000010422
  0.0000124520
  0.0000004069
  0.0000055451
 -0.0000074943
 -0.0000052828
  0.0000014223
 -0.0000001107
 -0.0000053931
 -0.0000020488
 -0.0000017687
  0.0000034030
  0.0000094092
 -0.0000006206
  0.0000002182
 -0.0000022328
  0.0000085935
 -0.0000048910
 -0.0000296338
  0.0000002870
  0.0000000666
  0.0000005699
 -0.0000022203
  0.0000017222
 -0.0000015479
  0.0000182315
 -0.0000008015
  0.0000028790
  0.0000035402
 -0.0000047793
  0.0000002033
 -0.0000005397
 -0.0000059121
 -0.0000001501
 -0.0000014549
 -0.0000096737
 -0.0000006410
 -0.0000003073
  0.0000005707
  0.0000004928
  0.0000009291
 -0.0000003658
 -0.0000002765
 -0.0000004287
 -0.0000000804
  0.0000019414
 -0.0000003024
 -0.0000003335
 -0.0000007216
 -0.0000005847
 -0.0000008814
 -0.0000008353
 -0.0000035046
 -0.0000021961
  0.0000005977
  0.0000000307
 -0.0000014198
  0.0000005705
 -0.0000006377
 -0.0000005996
 -0.0000003369
 -0.0000015476
 -0.0000020033
 -0.0000008195
 -0.0000005220
  0.0000006404
  0.0000011431
  0.0000002264
  0.0000002056
  0.0000004604
  0.0000006502
 -0.0000028374
 -0.0000009209
 -0.0000012367
 -0.0000028444
 -0.0000002908
 -0.0000002915
 -0.0000004003
  0.0000008887
  0.0000015230
 -0.0000002689
  0.0000008696
 -0.0000018554
  0.0000126757
  0.0000026647
  0.0000000114
  0.0000014867
  0.0000010496
 -0.0000029220
  0.0000005134
  0.0000023822
 -0.0000018476
 -0.0000007583
 -0.0000032893
  0.0000017830
  0.0000005076
 -0.0000052970
 -0.0000012674
 -0.0000014046
  0.0000033407
  0.0000091861
 -0.0000009215
  0.0000008983
 -0.0000013088
  0.0000095302
 -0.0000058562
 -0.0000004563
 -0.0000226720
  0.0000012458
  0.0000003567
  0.0000012226
 -0.0000023055
  0.0000022927
  0.0000002677
  0.0000191649
 -0.0000006972
  0.0000025676
  0.0000032358
 -0.0000046921
  0.0000003081
  0.0000002243
 -0.0000063976
 -0.0000001439
 -0.0000008537
 -0.0000080737
 -0.0000006352
 -0.0000006970
 -0.0000003431
 -0.0000005215
 -0.0000006413
 -0.0000002504
  0.0000003403
  0.0000011183
 -0.0000004407
  0.0000008946
 -0.0000011488
  0.0000000388
  0.0000006699
  0.0000006293
 -0.0000008712
  0.0000008378
 -0.0000002203
  0.0000008261
  0.0000004634
  0.0000012002
  0.0000012699
  0.0000003828
  0.0000019020
  0.0000009006
 -0.0000007102
 -0.0000048191
  0.0000004748
  0.0000001598
 -0.0000080557
  0.0000005678
 -0.0000018563
  0.0000027354
 -0.0000042139
  0.0000013805
  0.0000010875
  0.0000023429
  0.0000066636
 -0.0000028161
 -0.0000038066
 -0.0000062739
  0.0000051533
  0.0000030605
 -0.0000057018
  0.0000091032
 -0.0000039076
 -0.0000069119
 -0.0000000414
 -0.0000049286
  0.0000009999
  0.0000018848
 -0.0000069696
 -0.0000018531
 -0.0000023521
  0.0000006111
  0.0000150918
 -0.0000016333
  0.0000010983
 -0.0000015331
  0.0000094688
 -0.0000063490
 -0.0000167441
  0.0000010169
  0.0000015412
 -0.0000003410
  0.0000014420
 -0.0000006828
  0.0000222149
 -0.0000018642
  0.0000023845
  0.0000027824
 -0.0000085957
 -0.0000007025
 -0.0000005658
 -0.0000015058
 -0.0000013619
 -0.0000025901
 -0.0000081697
 -0.0000009774
 -0.0000001474
  0.0000000449
 -0.0000004876
 -0.0000003593
 -0.0000003097
  0.0000003573
 -0.0000002200
 -0.0000001043
 -0.0000002118
 -0.0000024754
  0.0000017023
  0.0000019509
 -0.0000006779
 -0.0000008271
 -0.0000002500
 -0.0000018930
 -0.0000003266
 -0.0000000282
  0.0000014201
  0.0000016982
  0.0000035801
 -0.0000000109
  0.0000031048
  0.0000008153
 -0.0000010684
 -0.0000059853
  0.0000011539
  0.0000003039
 -0.0000068370
  0.0000009769
 -0.0000015596
  0.0000008667
 -0.0000024801
  0.0000016320
  0.0000006293
  0.0000036780
  0.0000012188
 -0.0000064224
  0.0000001565
  0.0000013147
  0.0000045674
 -0.0000005059
  0.0000022884
  0.0000107431
  0.0000024487
  0.0000120335
  0.0000037798
  0.0000001593
  0.0000028810
 -0.0000050820
  0.0000010843
  0.0000019626
 -0.0000068038
 -0.0000034454
 -0.0000018867
  0.0000017661
  0.0000144727
 -0.0000012359
  0.0000012195
 -0.0000014867
  0.0000099002
 -0.0000063251
 -0.0000012013
 -0.0000173232
  0.0000013326
 -0.0000010749
  0.0000016195
 -0.0000006300
  0.0000016876
 -0.0000008744
  0.0000200293
 -0.0000019623
  0.0000024495
  0.0000028826
 -0.0000086309
 -0.0000007872
 -0.0000006971
 -0.0000028653
 -0.0000007522
 -0.0000024655
 -0.0000080607
 -0.0000004400
 -0.0000000008
  0.0000005982
  0.0000005484
 -0.0000000261
  0.0000005258
 -0.0000000995
  0.0000003692
  0.0000006322
 -0.0000001836
  0.0000006504
  0.0000000845
  0.0000007351
  0.0000004343
  0.0000008261
 -0.0000015216
  0.0000008367
 -0.0000000087
  0.0000015156
  0.0000004898
  0.0000023466
 -0.0000001185
  0.0000005201
 -0.0000015464
  0.0000005403
  0.0000001477
  0.0000001011
 -0.0000004094
 -0.0000002155
 -0.0000000203
  0.0000002471
  0.0000005011
  0.0000003894
  0.0000007342
  0.0000013575
  0.0000014460
 -0.0000026236
 -0.0000024820
 -0.0000008636
 -0.0000031134
  0.0000028124
 -0.0000012890
 -0.0000003348
  0.0000051843
  0.0000001100
 -0.0000020905
  0.0000034385
  0.0000060577
  0.0000011710
 -0.0000004758
 -0.0000018303
 -0.0000000142
  0.0000011261
  0.0000113021
  0.0000034312
  0.0000096002
  0.0000022105
  0.0000045539
  0.0000010795
 -0.0000016555
  0.0000057976
  0.0000036521
  0.0000017627
  0.0000004907
  0.0000035338
  0.0000050587
  0.0000066748
  0.0000016314
  0.0000092000
 -0.0000039571
 -0.0000022234
  0.0000048107
 -0.0000062999
 -0.0000022182
 -0.0000018434
  0.0000146232
  0.0000020038
  0.0000032570
 -0.0000035360
  0.0000183658
 -0.0000001474
 -0.0000021509
  0.0000282113
 -0.0000041049
 -0.0000075601
 -0.0000006571
  0.0000047938
  0.0000020706
 -0.0000024170
 -0.0000070241
 -0.0000009148
  0.0000001814
  0.0000001672
  0.0000001662
 -0.0000003563
 -0.0000006422
 -0.0000000162
 -0.0000002278
  0.0000008891
 -0.0000006861
 -0.0000006717
 -0.0000007342
 -0.0000007343
 -0.0000024382
 -0.0000000349
 -0.0000015020
  0.0000002513
 -0.0000007191
 -0.0000013927
 -0.0000023731
 -0.0000011487
 -0.0000005176
  0.0000007798
  0.0000009426
  0.0000010491
 -0.0000007721
 -0.0000008835
  0.0000011313
 -0.0000040858
 -0.0000001905
 -0.0000009299
 -0.0000027796
 -0.0000011387
  0.0000007301
  0.0000001932
  0.0000017525
  0.0000006399
  0.0000006661
  0.0000000438
  0.0000122906
  0.0000012717
  0.0000006853
  0.0000037573
  0.0000007893
 -0.0000031966
  0.0000065919
  0.0000007245
 -0.0000012964
 -0.0000005921
 -0.0000046232
  0.0000014467
  0.0000003812
 -0.0000053887
 -0.0000007924
 -0.0000019553
  0.0000032143
  0.0000091391
 -0.0000009548
  0.0000002552
 -0.0000019277
  0.0000085813
 -0.0000055661
 -0.0000006383
 -0.0000251091
  0.0000008866
 -0.0000003100
  0.0000008950
 -0.0000024284
  0.0000019532
 -0.0000008550
  0.0000183576
 -0.0000012763
  0.0000027532
  0.0000036032
 -0.0000048938
 -0.0000002892
  0.0000002154
 -0.0000062650
 -0.0000003344
 -0.0000021558
 -0.0000087068
 -0.0000011104
 -0.0000005806
 -0.0000010720
  0.0000006450
  0.0000000837
  0.0000002229
  0.0000013159
  0.0000003774
  0.0000014499
 -0.0000016524
  0.0000002327
  0.0000019251
  0.0000000143
  0.0000021811
 -0.0000000186
 -0.0000019294
 -0.0000004537
 -0.0000005916
 -0.0000000702
 -0.0000002728
  0.0000005642
  0.0000001030
  0.0000015878
 -0.0000005835
  0.0000009161
  0.0000004463
 -0.0000015211
 -0.0000025152
 -0.0000035585
  0.0000001428
  0.0000009663
  0.0000006505
 -0.0000017329
 -0.0000004576
  0.0000007861
  0.0000013640
 -0.0000004127
 -0.0000005344
  0.0000020334
  0.0000044448
  0.0000111539
  0.0000031007
  0.0000113661
  0.0000034674
  0.0000082055
  0.0000022426
 -0.0000067057
  0.0000110697
  0.0000099301
  0.0000005881
 -0.0000031919
 -0.0000049517
 -0.0000165667
 -0.0000011820
  0.0000019451
  0.0000127092
 -0.0000051611
 -0.0000000389
 -0.0000079315
 -0.0000018577
 -0.0000025382
 -0.0000103659
  0.0000159734
 -0.0000027787
  0.0000068184
 -0.0000083264
 -0.0000053594
  0.0000029903
  0.0000015208
 -0.0000010945
  0.0000008853
 -0.0000002060
 -0.0000112507
 -0.0000009086
 -0.0000009107
 -0.0000018584
 -0.0000081521
 -0.0000009155
 -0.0000005381
 -0.0000001420
 -0.0000000450
  0.0000002102
  0.0000001269
 -0.0000013473
  0.0000006888
 -0.0000000386
 -0.0000015856
 -0.0000005127
 -0.0000016817
 -0.0000016698
  0.0000013803
  0.0000011067
  0.0000031612
  0.0000006952
  0.0000017145
  0.0000011157
 -0.0000060852
  0.0000016924
 -0.0000009304
 -0.0000016982
 -0.0000060569
  0.0000027054
  0.0000005415
 -0.0000002993
  0.0000003718
  0.0000030601
  0.0000046260
 -0.0000053544
  0.0000117890
  0.0000013487
  0.0000090935
 -0.0000039510
 -0.0000022370
 -0.0000025154
  0.0000131512
  0.0000007878
 -0.0000011188
 -0.0000071319
 -0.0000048961
  0.0000016992
 -0.0000009948
 -0.0000046265
 -0.0000008624
 -0.0000022118
  0.0000035584
  0.0000093873
 -0.0000003004
  0.0000007805
 -0.0000017473
  0.0000094533
 -0.0000049540
 -0.0000367139
  0.0000002896
  0.0000001557
  0.0000008861
 -0.0000022838
  0.0000020219
 -0.0000015821
  0.0000190228
 -0.0000007217
  0.0000034834
  0.0000038634
 -0.0000037956
  0.0000001224
 -0.0000005667
 -0.0000057712
  0.0000003731
 -0.0000009832
 -0.0000098504
 -0.0000006815
 -0.0000003409
 -0.0000001919
 -0.0000004605
 -0.0000002669
 -0.0000001256
  0.0000009815
  0.0000000178
 -0.0000000436
 -0.0000002562
 -0.0000023233
  0.0000007230
 -0.0000010487
 -0.0000015855
 -0.0000015389
 -0.0000007902
  0.0000001286
  0.0000008094
  0.0000008530
  0.0000027106
 -0.0000000691
 -0.0000009138
  0.0000012076
 -0.0000068711
  0.0000011551
 -0.0000008576
  0.0000019081
 -0.0000049804
  0.0000028960
  0.0000002919
 -0.0000001064
  0.0000002144
  0.0000025618
  0.0000007234
  0.0000136019
  0.0000031128
  0.0000004163
 -0.0000011707
  0.0000013674
 -0.0000022486
  0.0000024227
  0.0000017634
 -0.0000011630
 -0.0000040947
 -0.0000054050
  0.0000018393
 -0.0000008039
 -0.0000046184
 -0.0000021072
 -0.0000019278
  0.0000033519
  0.0000101833
 -0.0000002863
  0.0000002692
 -0.0000022137
  0.0000094632
 -0.0000050194
 -0.0000007451
 -0.0000393204
  0.0000001942
 -0.0000000867
  0.0000008287
 -0.0000022116
  0.0000020118
 -0.0000017554
  0.0000182715
 -0.0000009374
  0.0000031268
  0.0000039310
 -0.0000034985
  0.0000000815
 -0.0000011333
 -0.0000082687
  0.0000005822
 -0.0000015793
 -0.0000098067
 -0.0000006021
 -0.0000003937
  0.0000000093
  0.0000001540
 -0.0000004898
 -0.0000000283
 -0.0000001272
  0.0000002331
 -0.0000005406
  0.0000002621
  0.0000004165
  0.0000006136
  0.0000002410
  0.0000001925
  0.0000006719
  0.0000001521
  0.0000002794
 -0.0000017408
 -0.0000002356
 -0.0000003539
 -0.0000004284
  0.0000008223
 -0.0000000039
  0.0000001632
  0.0000021671
 -0.0000004663
 -0.0000002008
 -0.0000018958
  0.0000003541
  0.0000000867
  0.0000000422
  0.0000005625
 -0.0000008970
 -0.0000004307
 -0.0000003672
 -0.0000002751
  0.0000003197
  0.0000005686
  0.0000012511
  0.0000006925
  0.0000005526
  0.0000015741
  0.0000022331
  0.0000008849
 -0.0000004037
 -0.0000044157
 -0.0000027663
 -0.0000029783
 -0.0000013061
  0.0000004725
  0.0000000230
 -0.0000001159
  0.0000015621
 -0.0000036120
  0.0000010651
 -0.0000005860
  0.0000078083
 -0.0000034159
 -0.0000028469
  0.0000092831
  0.0000019878
  0.0000030871
  0.0000001313
  0.0000008955
  0.0000014899
  0.0000031428
  0.0000002708
  0.0000039018
 -0.0000004909
 -0.0000119773
  0.0000091877
 -0.0000000554
  0.0000143247
  0.0000020870
 -0.0000039329
 -0.0000028258
  0.0000008637
 -0.0000016436
  0.0000030584
  0.0000122324
  0.0000008133
 -0.0000029598
 -0.0000005908
 -0.0000114950
 -0.0000010570
 -0.0000024922
  0.0000060541
 -0.0000081124
 -0.0000074413
  0.0000168615
 -0.0000058872
 -0.0000018342
 -0.0000187890
 -0.0000019237
 -0.0000029550
 -0.0000002981
  0.0000005016
 -0.0000020200
 -0.0000000327
 -0.0000006617
 -0.0000018845
 -0.0000009705
 -0.0000026819
  0.0000003334
 -0.0000017910
 -0.0000011220
  0.0000000962
  0.0000002201
  0.0000010171
  0.0000009202
 -0.0000018399
 -0.0000008835
  0.0000006337
 -0.0000036678
 -0.0000003339
 -0.0000013748
 -0.0000014055
 -0.0000011472
  0.0000006326
 -0.0000002675
  0.0000028636
  0.0000001265
  0.0000005380
  0.0000050112
  0.0000032263
 -0.0000000947
 -0.0000019654
  0.0000064271
  0.0000019964
 -0.0000014939
  0.0000066679
  0.0000049656
  0.0000014742
  0.0000025393
 -0.0000052970
  0.0000010611
  0.0000001985
 -0.0000061233
 -0.0000010654
 -0.0000018651
  0.0000025891
  0.0000128681
 -0.0000017615
  0.0000001333
 -0.0000022569
  0.0000101465
 -0.0000053069
 -0.0000213543
  0.0000002729
 -0.0000025826
  0.0000020142
 -0.0000015650
  0.0000195995
 -0.0000007880
  0.0000023442
  0.0000031591
 -0.0000073859
  0.0000002086
 -0.0000004879
 -0.0000034071
 -0.0000014121
 -0.0000084422
 -0.0000007741
 -0.0000007005
 -0.0000004223
 -0.0000006323
 -0.0000005802
 -0.0000004151
 -0.0000007742
  0.0000006181
 -0.0000010920
 -0.0000005431
  0.0000005030
 -0.0000002327
 -0.0000018021
 -0.0000005350
 -0.0000006008
  0.0000002214
  0.0000005071
  0.0000000157
 -0.0000014221
  0.0000005648
  0.0000002253
 -0.0000002264
 -0.0000007481
  0.0000004080
 -0.0000002694
  0.0000006472
  0.0000006276
  0.0000004130
  0.0000017229
  0.0000006719
  0.0000022782
  0.0000011296
  0.0000042450
 -0.0000011124
 -0.0000003752
 -0.0000026071
 -0.0000012169
  0.0000004372
  0.0000002279
 -0.0000019785
  0.0000023127
  0.0000014021
  0.0000001772
  0.0000069328
 -0.0000005038
  0.0000002751
 -0.0000031261
  0.0000157977
  0.0000051271
  0.0000015844
  0.0000023766
 -0.0000015669
  0.0000071592
 -0.0000041312
 -0.0000004077
 -0.0000009210
 -0.0000045617
  0.0000005822
  0.0000006470
 -0.0000062428
 -0.0000015747
  0.0000005445
 -0.0000046577
  0.0000137690
 -0.0000078512
  0.0000008544
 -0.0000028052
  0.0000072563
 -0.0000079033
 -0.0000031672
 -0.0000069155
  0.0000011078
 -0.0000006653
  0.0000016840
  0.0000040225
  0.0000026414
 -0.0000008386
  0.0000274201
 -0.0000009820
  0.0000021503
  0.0000005886
 -0.0000087121
  0.0000008794
 -0.0000003142
 -0.0000034461
 -0.0000059990
 -0.0000019589
 -0.0000072480
 -0.0000000316
  0.0000000903
  0.0000000994
 -0.0000013733
  0.0000000201
  0.0000002314
  0.0000021847
 -0.0000028960
  0.0000006835
  0.0000003447
  0.0000011870
 -0.0000020368
 -0.0000013189
 -0.0000000237
  0.0000007148
 -0.0000001838
 -0.0000001588
  0.0000015245
 -0.0000003712
  0.0000015560
  0.0000003046
 -0.0000009452
 -0.0000039932
 -0.0000011157
 -0.0000024033
 -0.0000022884
 -0.0000017285
 -0.0000005564
 -0.0000020131
 -0.0000002228
  0.0000025704
 -0.0000007791
  0.0000030917
  0.0000019527
 -0.0000000250
  0.0000035421
  0.0000178266
  0.0000052002
  0.0000030331
  0.0000016823
 -0.0000050512
  0.0000046602
  0.0000019425
  0.0000014769
  0.0000019264
  0.0000049237
 -0.0000042476
  0.0000003898
  0.0000012353
 -0.0000073757
 -0.0000024646
 -0.0000019372
 -0.0000015616
  0.0000158937
 -0.0000064401
 -0.0000018139
  0.0000101933
 -0.0000063366
 -0.0000171950
 -0.0000001110
 -0.0000019613
  0.0000010467
 -0.0000006028
  0.0000270596
  0.0000023467
  0.0000011852
 -0.0000090663
 -0.0000003269
 -0.0000007264
 -0.0000019597
 -0.0000015971
 -0.0000087698
 -0.0000011833
 -0.0000011447
 -0.0000004797
  0.0000000512
  0.0000003453
 -0.0000001979
  0.0000007980
 -0.0000023057
  0.0000003051
  0.0000008330
  0.0000007246
  0.0000013433
 -0.0000011989
 -0.0000008559
  0.0000005577
 -0.0000000470
  0.0000003690
  0.0000005661
  0.0000006007
 -0.0000003061
  0.0000024816
  0.0000003218
 -0.0000014054
 -0.0000075033
  0.0000019897
 -0.0000002394
 -0.0000063642
  0.0000005256
 -0.0000021769
  0.0000006603
 -0.0000023402
  0.0000010335
  0.0000004577
  0.0000033492
  0.0000045731
 -0.0000037679
 -0.0000008688
  0.0000016491
  0.0000150640
  0.0000068657
  0.0000025283
  0.0000021017
 -0.0000021405
  0.0000059963
  0.0000043900
  0.0000061928
  0.0000043806
 -0.0000052625
  0.0000001139
  0.0000013018
 -0.0000076986
 -0.0000018832
 -0.0000026150
 -0.0000026265
  0.0000159537
 -0.0000061775
  0.0000006825
 -0.0000020592
  0.0000079683
 -0.0000070680
 -0.0000169547
  0.0000001982
  0.0000009390
  0.0000006250
  0.0000006586
 -0.0000010765
  0.0000256688
 -0.0000022079
  0.0000018207
  0.0000021498
 -0.0000091443
 -0.0000008901
 -0.0000009636
 -0.0000024454
 -0.0000045564
 -0.0000025116
 -0.0000088791
 -0.0000016363
 -0.0000005610
  0.0000000338
  0.0000002059
  0.0000000384
  0.0000002226
 -0.0000005146
  0.0000002454
  0.0000001146
  0.0000001531
 -0.0000001960
 -0.0000002088
  0.0000002967
  0.0000001847
  0.0000001462
 -0.0000025322
 -0.0000004746
 -0.0000003130
 -0.0000008963
  0.0000006639
  0.0000002360
 -0.0000001663
  0.0000016522
 -0.0000004806
  0.0000001209
 -0.0000020643
  0.0000003626
 -0.0000000363
 -0.0000003438
  0.0000001989
 -0.0000008793
 -0.0000007312
 -0.0000002170
 -0.0000005348
 -0.0000004429
  0.0000000658
  0.0000006951
  0.0000002409
  0.0000000461
  0.0000030732
  0.0000007882
  0.0000023709
  0.0000020402
 -0.0000009876
 -0.0000017729
 -0.0000020789
 -0.0000043601
  0.0000025064
  0.0000036964
  0.0000007145
  0.0000031837
 -0.0000004206
 -0.0000039772
 -0.0000005403
  0.0000018762
 -0.0000130930
 -0.0000062668
  0.0000097115
  0.0000018908
  0.0000013255
 -0.0000003128
 -0.0000003305
  0.0000079898
  0.0000020095
 -0.0000003335
  0.0000152054
  0.0000059348
 -0.0000051234
  0.0000101407
 -0.0000022329
  0.0000058402
  0.0000016189
 -0.0000041324
 -0.0000009507
  0.0000047122
  0.0000003007
 -0.0000012697
  0.0000030710
  0.0000129660
  0.0000000779
 -0.0000012725
  0.0000044254
  0.0000030720
 -0.0000015839
 -0.0000017988
 -0.0000026255
 -0.0000038391
  0.0000192696
  0.0000017819
  0.0000106769
  0.0000033627
 -0.0000235809
 -0.0000025857
 -0.0000019608
  0.0000000352
 -0.0000010265
  0.0000055391
 -0.0000004870
 -0.0000001220
 -0.0000002962
  0.0000001089
  0.0000011644
 -0.0000003756
 -0.0000002920
  0.0000008839
  0.0000002182
 -0.0000010937
 -0.0000001412
  0.0000006538
  0.0000003703
 -0.0000011099
  0.0000008854
 -0.0000003677
  0.0000008305
  0.0000002734
  0.0000011903
  0.0000012793
 -0.0000002562
  0.0000000516
  0.0000016185
 -0.0000012571
  0.0000004140
 -0.0000043587
 -0.0000021108
  0.0000001137
  0.0000005337
 -0.0000010718
 -0.0000009933
  0.0000005629
  0.0000008365
  0.0000000559
 -0.0000013380
  0.0000068399
  0.0000045143
 -0.0000020960
 -0.0000062796
  0.0000050137
 -0.0000007936
  0.0000028780
 -0.0000036146
  0.0000087644
  0.0000058560
 -0.0000049552
 -0.0000000246
 -0.0000062821
  0.0000000734
  0.0000000099
 -0.0000077583
 -0.0000023791
 -0.0000011377
 -0.0000024180
  0.0000159920
 -0.0000037103
  0.0000004280
 -0.0000031447
  0.0000072473
 -0.0000086063
 -0.0000151446
  0.0000010357
 -0.0000017846
  0.0000008794
  0.0000028668
  0.0000005032
 -0.0000020858
  0.0000248785
 -0.0000026594
  0.0000007167
 -0.0000001991
 -0.0000093409
 -0.0000008913
 -0.0000019462
 -0.0000018483
 -0.0000031794
 -0.0000032459
 -0.0000086859
  0.0000000361
 -0.0000006469
  0.0000000154
 -0.0000008186
 -0.0000001868
  0.0000006763
  0.0000004211
  0.0000001620
  0.0000005027
  0.0000006010
  0.0000012213
 -0.0000029081
 -0.0000004573
 -0.0000000018
  0.0000010847
  0.0000006030
  0.0000013185
  0.0000007592
 -0.0000020781
 -0.0000002040
  0.0000003008
 -0.0000010709
 -0.0000000917
  0.0000001128
 -0.0000003586
 -0.0000002888
  0.0000006456
  0.0000005926
  0.0000016208
  0.0000015474
  0.0000020732
  0.0000007220
 -0.0000035601
  0.0000083445
  0.0000022099
 -0.0000055495
 -0.0000042118
 -0.0000008624
 -0.0000004204
 -0.0000046712
  0.0000007418
  0.0000014732
 -0.0000017764
  0.0000017311
  0.0000082184
 -0.0000063138
  0.0000028481
  0.0000084917
  0.0000044899
  0.0000018987
  0.0000019374
 -0.0000038819
  0.0000056356
  0.0000080028
  0.0000000803
  0.0000025556
 -0.0000004121
 -0.0000104554
  0.0000033435
  0.0000024062
  0.0000053269
 -0.0000049706
  0.0000018133
  0.0000042323
 -0.0000108649
 -0.0000022548
  0.0000001425
 -0.0000093556
  0.0000185564
 -0.0000011647
 -0.0000032013
  0.0000042309
 -0.0000062258
 -0.0000004093
  0.0000012198
  0.0000023082
  0.0000000302
 -0.0000011027
 -0.0000010114
  0.0000036578
  0.0000016401
 -0.0000127734
  0.0000006926
 -0.0000001617
 -0.0000020797
 -0.0000075656
 -0.0000002489
 -0.0000018443
 -0.0000004205
 -0.0000002642
  0.0000001232
 -0.0000022185
 -0.0000005212
  0.0000011731
 -0.0000009846
 -0.0000009288
 -0.0000019450
 -0.0000002923
  0.0000023332
  0.0000008245
  0.0000007494
 -0.0000001554
 -0.0000006162
  0.0000006674
 -0.0000029642
 -0.0000004534
 -0.0000012904
 -0.0000024601
 -0.0000003877
  0.0000003486
 -0.0000000397
  0.0000020148
  0.0000009519
  0.0000003222
  0.0000024469
  0.0000009073
 -0.0000016296
  0.0000094891
  0.0000009672
 -0.0000010756
  0.0000003751
 -0.0000034726
 -0.0000010314
  0.0000089530
  0.0000046795
 -0.0000008797
 -0.0000009891
 -0.0000044007
  0.0000016377
  0.0000005072
 -0.0000055215
 -0.0000015591
 -0.0000014329
  0.0000041030
  0.0000108035
 -0.0000001615
  0.0000005481
 -0.0000016388
  0.0000101332
 -0.0000056198
 -0.0000211185
  0.0000004613
  0.0000002548
  0.0000012942
 -0.0000022365
  0.0000023671
 -0.0000005991
  0.0000167690
 -0.0000006286
  0.0000025706
  0.0000033434
 -0.0000056380
  0.0000003210
  0.0000004949
 -0.0000030842
  0.0000001727
 -0.0000010496
 -0.0000080842
 -0.0000005498
 -0.0000005613
  0.0000003561
  0.0000000224
  0.0000002147
 -0.0000001234
  0.0000001772
  0.0000002716
 -0.0000004121
  0.0000000981
 -0.0000002338
  0.0000003266
  0.0000001144
  0.0000004481
 -0.0000023335
 -0.0000001623
 -0.0000006065
  0.0000009296
  0.0000000841
 -0.0000002217
  0.0000015940
 -0.0000004665
  0.0000001558
 -0.0000018195
  0.0000001490
 -0.0000002318
 -0.0000002724
 -0.0000000563
 -0.0000006049
 -0.0000005598
 -0.0000002914
  0.0000005844
 -0.0000003200
  0.0000007397
  0.0000000742
  0.0000007271
  0.0000007455
 -0.0000003408
 -0.0000024268
 -0.0000017880
 -0.0000031375
 -0.0000049084
  0.0000067410
 -0.0000022704
 -0.0000002468
 -0.0000024341
 -0.0000018313
  0.0000005740
  0.0000003066
  0.0000015690
 -0.0000007367
 -0.0000013209
 -0.0000003069
  0.0000101039
  0.0000045876
 -0.0000020585
  0.0000092628
  0.0000022288
  0.0000048456
  0.0000001827
  0.0000007130
 -0.0000001427
  0.0000032904
  0.0000004135
  0.0000006387
  0.0000005387
 -0.0000072365
  0.0000075773
 -0.0000006953
  0.0000138288
 -0.0000030925
 -0.0000035589
  0.0000030132
 -0.0000009290
 -0.0000042597
  0.0000061973
  0.0000153018
  0.0000009774
  0.0000024119
 -0.0000055898
  0.0000184938
 -0.0000023586
  0.0000003561
 -0.0000010587
  0.0000202437
 -0.0000037422
  0.0000078084
 -0.0000018557
  0.0000012998
  0.0000006829
 -0.0000021551
 -0.0000080179
  0.0000021608
 -0.0000002082
 -0.0000004943
 -0.0000001125
 -0.0000000013
 -0.0000001790
  0.0000011240
 -0.0000000945
 -0.0000001772
 -0.0000010283
  0.0000009240
 -0.0000001506
 -0.0000003616
 -0.0000018312
 -0.0000014578
 -0.0000003176
  0.0000003419
  0.0000016482
  0.0000021605
 -0.0000007915
  0.0000012087
  0.0000012489
  0.0000000609
 -0.0000031340
 -0.0000014898
 -0.0000015073
 -0.0000018211
 -0.0000010256
 -0.0000007669
 -0.0000004742
  0.0000012274
  0.0000025338
 -0.0000014552
  0.0000043633
 -0.0000021896
  0.0000110140
  0.0000033567
  0.0000071425
 -0.0000059258
 -0.0000021639
  0.0000016695
  0.0000051726
  0.0000040137
  0.0000048336
 -0.0000051442
 -0.0000033353
  0.0000015055
  0.0000004372
 -0.0000059209
 -0.0000011617
 -0.0000016491
  0.0000040613
  0.0000105712
 -0.0000002508
  0.0000010230
 -0.0000012162
  0.0000114328
 -0.0000057740
 -0.0000006392
 -0.0000212850
  0.0000008568
  0.0000000872
  0.0000013816
 -0.0000021880
  0.0000022985
  0.0000002185
  0.0000157986
 -0.0000009847
  0.0000020913
  0.0000024949
 -0.0000060204
  0.0000000151
 -0.0000000969
 -0.0000038354
  0.0000000839
 -0.0000008458
 -0.0000078809
 -0.0000007552
 -0.0000010378
 -0.0000002352
  0.0000003124
 -0.0000006059
 -0.0000000639
 -0.0000002318
 -0.0000006480
  0.0000000746
 -0.0000004923
 -0.0000000685
  0.0000003062
  0.0000002940
 -0.0000026022
 -0.0000006738
 -0.0000002261
 -0.0000007807
  0.0000004758
 -0.0000005494
 -0.0000007608
  0.0000006407
 -0.0000002273
 -0.0000002600
 -0.0000021143
 -0.0000003086
 -0.0000008046
 -0.0000008070
 -0.0000005356
 -0.0000005966
 -0.0000013192
 -0.0000006225
 -0.0000008986
 -0.0000004077
 -0.0000007042
  0.0000000090
  0.0000000740
  0.0000035180
  0.0000012903
  0.0000023935
  0.0000004565
  0.0000000274
 -0.0000051542
 -0.0000001878
  0.0000014932
 -0.0000021044
 -0.0000021659
  0.0000004516
  0.0000041728
  0.0000000805
 -0.0000023517
  0.0000044262
 -0.0000008007
  0.0000016841
 -0.0000135705
 -0.0000048764
  0.0000099309
  0.0000033847
  0.0000007175
 -0.0000003741
 -0.0000005284
  0.0000038809
  0.0000011506
 -0.0000007427
  0.0000127913
  0.0000057317
 -0.0000127326
  0.0000099199
 -0.0000021933
  0.0000099933
  0.0000000243
 -0.0000043604
  0.0000026111
 -0.0000012937
 -0.0000020523
  0.0000030292
  0.0000126143
 -0.0000001393
  0.0000052196
 -0.0000074924
 -0.0000026962
  0.0000048497
 -0.0000074442
 -0.0000025445
  0.0000165011
 -0.0000039335
  0.0000048297
 -0.0000195577
 -0.0000002182
 -0.0000018718
 -0.0000001503
 -0.0000027315
 -0.0000064873
  0.0000002874
  0.0000002969
  0.0000004559
  0.0000006531
  0.0000008611
  0.0000005273
  0.0000001463
  0.0000003481
  0.0000008377
 -0.0000019161
  0.0000007649
  0.0000014226
  0.0000000587
  0.0000018430
  0.0000003153
 -0.0000012986
 -0.0000001637
  0.0000005167
 -0.0000002608
 -0.0000002608
 -0.0000003162
 -0.0000006111
  0.0000000517
 -0.0000005976
  0.0000003462
  0.0000010001
  0.0000013936
  0.0000009994
 -0.0000003279
  0.0000012643
  0.0000001409
 -0.0000074581
  0.0000007128
  0.0000028043
 -0.0000049609
 -0.0000030165
 -0.0000011132
  0.0000002334
 -0.0000042435
  0.0000006004
  0.0000008152
 -0.0000027609
  0.0000000203
 -0.0000001134
  0.0000120356
  0.0000032070
  0.0000094624
  0.0000025928
  0.0000036410
  0.0000008687
 -0.0000019342
  0.0000063991
  0.0000035428
  0.0000015535
  0.0000043380
  0.0000032485
  0.0000030616
  0.0000065510
  0.0000008275
  0.0000114607
 -0.0000055800
 -0.0000033387
  0.0000088463
 -0.0000093233
 -0.0000012989
 -0.0000007907
  0.0000018060
  0.0000029253
 -0.0000030080
  0.0000135766
  0.0000010702
 -0.0000019303
  0.0000302737
  0.0000011432
 -0.0000017708
 -0.0000007958
  0.0000051316
  0.0000019580
 -0.0000029841
 -0.0000081082
 -0.0000021076
 -0.0000004093
 -0.0000009240
 -0.0000005041
 -0.0000004658
  0.0000004605
 -0.0000004534
 -0.0000001288
 -0.0000004752
  0.0000002377
 -0.0000022950
 -0.0000011457
 -0.0000004339
 -0.0000005428
 -0.0000005560
 -0.0000004615
  0.0000009122
 -0.0000006882
 -0.0000000474
 -0.0000021313
 -0.0000001329
 -0.0000005618
 -0.0000007500
 -0.0000003653
 -0.0000017864
 -0.0000015033
 -0.0000005585
 -0.0000002328
 -0.0000005505
 -0.0000007244
 -0.0000003253
 -0.0000000398
 -0.0000006417
  0.0000008806
 -0.0000016686
 -0.0000000427
 -0.0000017126
 -0.0000029828
  0.0000121957
 -0.0000009260
  0.0000002384
 -0.0000000032
 -0.0000014991
  0.0000024047
  0.0000006677
  0.0000018568
  0.0000027672
 -0.0000006691
 -0.0000000235
  0.0000015918
 -0.0000039977
  0.0000030220
  0.0000139082
  0.0000065033
  0.0000024577
  0.0000002886
 -0.0000044012
  0.0000109919
 -0.0000059602
 -0.0000030745
  0.0000165210
  0.0000076766
 -0.0000089598
  0.0000068245
  0.0000035585
  0.0000051893
 -0.0000023108
 -0.0000042285
  0.0000040653
  0.0000026537
  0.0000125687
 -0.0000005664
  0.0000052146
 -0.0000053704
  0.0000011813
 -0.0000066752
  0.0000183010
 -0.0000021660
  0.0000098664
 -0.0000203066
 -0.0000007929
 -0.0000025405
 -0.0000010657
 -0.0000019007
 -0.0000065157
 -0.0000004366
 -0.0000013823
 -0.0000015311
 -0.0000016930
 -0.0000014239
 -0.0000012452
 -0.0000005413
 -0.0000003936
 -0.0000010396
 -0.0000007722
 -0.0000013232
 -0.0000007360
 -0.0000031049
 -0.0000023485
 -0.0000012580
 -0.0000012023
 -0.0000019609
 -0.0000012370
 -0.0000012908
  0.0000001288
 -0.0000015076
 -0.0000008539
 -0.0000029616
 -0.0000011721
 -0.0000013379
 -0.0000012183
 -0.0000009089
 -0.0000033544
 -0.0000023169
 -0.0000017477
  0.0000001916
 -0.0000013495
 -0.0000001276
 -0.0000011233
 -0.0000008445
 -0.0000019317
  0.0000014405
  0.0000034126
  0.0000031077
  0.0000017645
  0.0000013711
 -0.0000010642
 -0.0000010928
 -0.0000015489
 -0.0000010103
  0.0000009791
  0.0000009801
  0.0000013381
  0.0000020635
 -0.0000029939
  0.0000021633
  0.0000002082
 -0.0000000434
  0.0000100133
  0.0000013184
  0.0000141794
  0.0000060591
 -0.0000019761
 -0.0000002845
 -0.0000027461
  0.0000157653
 -0.0000080402
 -0.0000050065
  0.0000154254
  0.0000030622
 -0.0000141465
  0.0000000536
  0.0000046883
  0.0000273904
  0.0000024201
 -0.0000052057
  0.0000081400
 -0.0000027739
  0.0000033372
  0.0000087462
 -0.0000018534
  0.0000026118
  0.0000129075
 -0.0000022848
  0.0000491846
 -0.0000040212
 -0.0000010211
  0.0000331076
  0.0000134561
  0.0000045894
 -0.0000337612
 -0.0000049079
 -0.0000061000
 -0.0000022886
 -0.0000010382
 -0.0000007692
  0.0000000020
  0.0000001640
 -0.0000006949
  0.0000005203
 -0.0000012286
  0.0000002444
 -0.0000002018
  0.0000002506
  0.0000010292
 -0.0000032403
  0.0000003537
 -0.0000005075
  0.0000002949
  0.0000001616
  0.0000009435
 -0.0000015644
 -0.0000005841
 -0.0000020684
 -0.0000000410
 -0.0000000009
 -0.0000007472
 -0.0000004799
 -0.0000004979
  0.0000018614
 -0.0000000759
  0.0000012098
  0.0000007417
  0.0000056869
 -0.0000026070
 -0.0000012448
 -0.0000022675
  0.0000007839
 -0.0000004181
  0.0000006797
 -0.0000016154
  0.0000026140
  0.0000022018
 -0.0000014176
  0.0000031994
  0.0000000902
 -0.0000021100
  0.0000021647
  0.0000166480
  0.0000061138
  0.0000021152
  0.0000007501
 -0.0000052709
  0.0000038578
  0.0000042241
  0.0000008155
  0.0000002871
  0.0000059247
  0.0000079956
  0.0000043770
 -0.0000049655
  0.0000020842
  0.0000002350
 -0.0000064846
 -0.0000019852
  0.0000002451
 -0.0000044855
  0.0000134803
  0.0000004634
 -0.0000031800
  0.0000067936
 -0.0000083350
 -0.0000058248
  0.0000017324
  0.0000035349
  0.0000036335
  0.0000030987
 -0.0000012781
  0.0000327270
 -0.0000013652
  0.0000016854
  0.0000001329
 -0.0000079943
  0.0000005000
 -0.0000008854
 -0.0000034366
 -0.0000023536
 -0.0000075117
  0.0000000884
 -0.0000002054
  0.0000003679
  0.0000000527
  0.0000003562
  0.0000006591
  0.0000004793
 -0.0000001500
  0.0000003762
  0.0000003074
 -0.0000014668
 -0.0000006104
  0.0000009642
  0.0000001473
  0.0000021394
  0.0000002236
 -0.0000018212
 -0.0000011082
 -0.0000004918
 -0.0000002952
  0.0000009406
  0.0000005069
  0.0000014216
  0.0000005352
  0.0000004412
  0.0000009006
  0.0000012321
  0.0000013391
 -0.0000000818
  0.0000085368
 -0.0000025476
  0.0000003621
 -0.0000001718
  0.0000014993
 -0.0000001652
 -0.0000012562
  0.0000001251
  0.0000018794
  0.0000012124
 -0.0000013482
 -0.0000007048
 -0.0000112318
  0.0000029435
 -0.0000009630
  0.0000098780
  0.0000025707
  0.0000085322
  0.0000009577
  0.0000058916
  0.0000140288
  0.0000024888
  0.0000003663
  0.0000206750
  0.0000067449
 -0.0000135166
  0.0000032327
  0.0000024390
  0.0000045740
 -0.0000050934
  0.0000011859
 -0.0000100415
 -0.0000013047
 -0.0000019679
  0.0000008206
  0.0000054229
 -0.0000076546
  0.0000052093
  0.0000032573
  0.0000005853
 -0.0000011252
  0.0000413295
  0.0000024256
  0.0000008438
 -0.0000157216
 -0.0000008978
  0.0000134779
 -0.0000014806
 -0.0000068170
 -0.0000005571
 -0.0000009264
  0.0000004626
 -0.0000001853
 -0.0000023621
 -0.0000001352
 -0.0000014777
 -0.0000013880
  0.0000008174
  0.0000019473
  0.0000038927
  0.0000011704
  0.0000010909
 -0.0000020378
 -0.0000009705
  0.0000021977
 -0.0000026513
 -0.0000080490
 -0.0000009994
  0.0000026583
 -0.0000033656
 -0.0000041322
  0.0000017461
  0.0000034572
 -0.0000008253
  0.0000137981
  0.0000019266
  0.0000009164
 -0.0000011360
  0.0000014844
 -0.0000015732
  0.0000046095
  0.0000024113
 -0.0000012611
  0.0000052911
 -0.0000032303
 -0.0000064355
  0.0000025230
 -0.0000019929
 -0.0000046997
 -0.0000006132
 -0.0000034077
  0.0000021982
  0.0000154767
 -0.0000007057
  0.0000008453
 -0.0000022839
  0.0000057079
 -0.0000061439
 -0.0000572224
  0.0000007815
 -0.0000001803
  0.0000001851
 -0.0000043844
  0.0000010175
 -0.0000008420
  0.0000172132
 -0.0000010350
  0.0000033130
  0.0000033997
 -0.0000037692
 -0.0000009801
  0.0000029562
 -0.0000083316
  0.0000013467
 -0.0000012131
 -0.0000116251
 -0.0000006951
 -0.0000008830
  0.0000011078
  0.0000091014
  0.0000043282
 -0.0000005305
  0.0000047783
  0.0000038876
  0.0000072432
  0.0000121557
 -0.0000041886
  0.0000002728
  0.0000081821
  0.0000057308
  0.0000020095
  0.0000042908
  0.0000092421
  0.0000092473
  0.0000052971
 -0.0000025896
 -0.0000011164
  0.0000009645
  0.0000044722
 -0.0000014515
 -0.0000016916
  0.0000127859
 -0.0000088142
 -0.0000093156
 -0.0000046729
  0.0000034314
 -0.0000049314
 -0.0000020896
 -0.0000038449
 -0.0000012453
  0.0000273720
 -0.0000043389
 -0.0000021370
  0.0000054847
 -0.0000065035
 -0.0001300090
 -0.0000005379
 -0.0000001180
  0.0000018089
  0.0000033046
 -0.0000027786
  0.0000178491
  0.0000063837
  0.0000005955
 -0.0000154458
 -0.0000085935
  0.0000024148
  0.0000002530
 -0.0000122252
 -0.0000020331
  0.0000003417
 -0.0000024225
 -0.0000001671
 -0.0000024215
  0.0000012938
  0.0000042125
  0.0000022655
 -0.0000026701
  0.0000038052
  0.0000044979
 -0.0000157860
 -0.0000028882
  0.0000061357
 -0.0000009349
  0.0000046304
  0.0000104228
  0.0000032067
  0.0000027841
 -0.0000048990
  0.0000044319
  0.0000121989
 -0.0000025074
  0.0000081397
 -0.0000018826
 -0.0000007240
  0.0000009976
  0.0000057492
 -0.0000013171
  0.0000002148
  0.0000145631
 -0.0000110316
 -0.0000075250
 -0.0000084262
  0.0000030692
 -0.0000038023
 -0.0000033180
 -0.0000027352
 -0.0000054256
  0.0000024741
  0.0000244805
 -0.0000004966
  0.0000011866
 -0.0000019162
  0.0000069735
 -0.0000073768
 -0.0000962742
 -0.0000004803
 -0.0000032414
  0.0000016511
 -0.0000007669
  0.0000176144
 -0.0000019593
  0.0000037479
  0.0000001681
 -0.0000100787
 -0.0000009285
 -0.0000022295
 -0.0000027730
  0.0000008303
  0.0000013885
 -0.0000105054
 -0.0000011061
 -0.0000014749
 -0.0000003938
 -0.0000011580
  0.0000025548
  0.0000040510
  0.0000012980
  0.0000013177
 -0.0000017784
 -0.0000010458
  0.0000027123
 -0.0000024065
 -0.0000069643
 -0.0000005139
  0.0000026798
 -0.0000032084
 -0.0000032057
  0.0000014641
  0.0000036878
  0.0000056220
 -0.0000032478
  0.0000118354
  0.0000006234
  0.0000084374
 -0.0000012322
 -0.0000020855
  0.0000006495
  0.0000121767
 -0.0000001046
 -0.0000025044
 -0.0000069182
 -0.0000075968
  0.0000024704
 -0.0000018608
 -0.0000045678
 -0.0000005427
 -0.0000032883
  0.0000028356
  0.0000121251
 -0.0000002545
  0.0000012196
 -0.0000021507
  0.0000059391
 -0.0000062331
 -0.0000525124
 -0.0000042704
  0.0000012605
 -0.0000000141
  0.0000193266
 -0.0000011023
  0.0000034647
  0.0000036688
 -0.0000031747
 -0.0000008400
  0.0000041165
 -0.0000078541
 -0.0000007111
 -0.0000113716
 -0.0000007067
 -0.0000000397
  0.0000001469
  0.0000044739
  0.0000072821
  0.0000037320
 -0.0000004179
  0.0000116683
  0.0000049415
  0.0000050376
  0.0000146866
 -0.0000043540
  0.0000001254
  0.0000075460
  0.0000127869
 -0.0000010778
  0.0000035838
  0.0000070567
 -0.0000013494
 -0.0000052401
  0.0000111941
 -0.0000105713
 -0.0000044770
 -0.0000066384
  0.0000127962
 -0.0000004640
  0.0000063182
 -0.0000077366
 -0.0000009697
 -0.0000062534
 -0.0000018143
 -0.0000016584
 -0.0000004145
  0.0000248999
 -0.0000005477
  0.0000056817
 -0.0000053325
 -0.0001279197
 -0.0000001717
  0.0000007975
  0.0000006567
  0.0000028928
  0.0000175258
  0.0000001668
  0.0000066205
 -0.0000003602
 -0.0000151291
 -0.0000006144
 -0.0000058050
 -0.0000033369
 -0.0000127712
 -0.0000005939
  0.0000006039
  0.0000013233
  0.0000089320
  0.0000029741
 -0.0000021893
  0.0000045994
 -0.0000046875
  0.0000041112
  0.0000071349
 -0.0000000873
 -0.0000014269
  0.0000084220
  0.0000019522
  0.0000005044
  0.0000030123
  0.0000095286
  0.0000081967
 -0.0000016904
  0.0000049494
 -0.0000043464
 -0.0000016699
  0.0000002566
  0.0000071028
 -0.0000014101
  0.0000056797
  0.0000089568
 -0.0000075770
 -0.0000125544
 -0.0000067244
  0.0000040042
 -0.0000026562
 -0.0000019508
 -0.0000037053
  0.0000006807
  0.0000255748
 -0.0000031867
  0.0000020854
 -0.0000020165
  0.0000071939
 -0.0000057730
 -0.0001174274
 -0.0000000316
  0.0000014795
  0.0000033796
 -0.0000014983
  0.0000173036
  0.0000064102
  0.0000004203
 -0.0000131372
 -0.0000005275
 -0.0000059485
  0.0000013379
  0.0000011155
 -0.0000106054
  0.0000002921
 -0.0000002683
  0.0000003099
  0.0000027159
  0.0000020564
  0.0000058064
  0.0000045249
  0.0000139549
  0.0000090252
  0.0000040754
  0.0000307561
 -0.0000063609
  0.0000069174
  0.0000071050
  0.0000196986
 -0.0000056198
  0.0000055085
  0.0000068747
  0.0000010867
  0.0000028418
  0.0000004580
 -0.0000062270
  0.0000071940
  0.0000025048
  0.0000010287
  0.0000023031
 -0.0000072840
 -0.0000067813
 -0.0000032738
 -0.0000027345
 -0.0000046737
  0.0000307089
  0.0000005864
  0.0000005529
  0.0000083730
 -0.0000067534
 -0.0001447733
  0.0000009267
  0.0000016134
 -0.0000070634
 -0.0000007465
  0.0000178193
  0.0000001822
  0.0000040761
 -0.0000055875
 -0.0000194760
 -0.0000008184
 -0.0000025531
  0.0000008606
 -0.0000143778
 -0.0000015149
 -0.0000007911
  0.0000066853
  0.0000041378
  0.0000105822
 -0.0000025996
  0.0000093077
  0.0000094594
  0.0000088376
  0.0000275728
 -0.0000032347
  0.0000028956
  0.0000073153
  0.0000142738
 -0.0000019635
  0.0000107000
  0.0000058760
 -0.0000001443
 -0.0000045672
  0.0000066768
  0.0000060731
  0.0000015708
  0.0000064307
 -0.0000027810
  0.0000072059
 -0.0000100433
  0.0000003481
 -0.0000038384
 -0.0000030859
 -0.0000087232
 -0.0000025937
 -0.0000019316
 -0.0000026834
  0.0000359101
 -0.0000006159
  0.0000100434
 -0.0000049210
 -0.0001452817
 -0.0000003299
  0.0000008164
 -0.0000053056
  0.0000021026
  0.0000223627
  0.0000001026
  0.0000058243
 -0.0000007507
 -0.0000197633
 -0.0000011462
 -0.0000051468
  0.0000032292
 -0.0000137964
 -0.0000006399
  0.0000004661
  0.0000001727
 -0.0000001974
  0.0000070346
 -0.0000017166
 -0.0000037250
  0.0000038955
  0.0000030448
 -0.0000080304
 -0.0000027856
  0.0000036703
 -0.0000002999
  0.0000043913
  0.0000046494
  0.0000012328
  0.0000031794
 -0.0000038517
 -0.0000001588
  0.0000014293
  0.0000036592
 -0.0000023039
  0.0000021491
  0.0000029426
 -0.0000039992
  0.0000047364
  0.0000039494
  0.0000067790
  0.0000022000
 -0.0000060205
 -0.0000032917
 -0.0000030593
 -0.0000007473
  0.0000023257
  0.0000098954
 -0.0000022961
  0.0000033306
 -0.0000063175
 -0.0000636336
 -0.0000001036
 -0.0000047498
 -0.0000029958
  0.0000172440
 -0.0000010279
  0.0000042181
  0.0000022819
 -0.0000047313
 -0.0000051444
 -0.0000049840
  0.0000000911
 -0.0000099584
 -0.0000017925
 -0.0000001134
 -0.0000017902
  0.0000079157
  0.0000037901
 -0.0000019291
  0.0000108158
 -0.0000143110
  0.0000034444
  0.0000045107
  0.0000038522
 -0.0000000675
  0.0000047006
  0.0000089587
  0.0000054938
  0.0000039266
  0.0000102760
  0.0000028485
  0.0000005394
  0.0000145021
  0.0000007974
  0.0000011233
  0.0000000577
 -0.0000017317
  0.0000022084
  0.0000030311
  0.0000026520
 -0.0000009314
 -0.0000023044
 -0.0000021163
 -0.0000064763
  0.0000040640
 -0.0000027653
 -0.0000022288
 -0.0000038500
  0.0000018783
  0.0000240119
 -0.0000010301
  0.0000022721
 -0.0000021741
  0.0000080760
 -0.0000059989
 -0.0001017597
 -0.0000007738
 -0.0000001815
 -0.0000003851
  0.0000031144
 -0.0000020156
  0.0000176517
  0.0000060910
 -0.0000000413
 -0.0000111619
 -0.0000057568
 -0.0000044353
  0.0000007669
 -0.0000099429
 -0.0000020317
  0.0000001627
 -0.0000007461
 -0.0000003341
  0.0000038363
  0.0000075034
  0.0000036335
 -0.0000011205
  0.0000105981
  0.0000046743
  0.0000050351
  0.0000146313
 -0.0000048605
 -0.0000005052
  0.0000077186
  0.0000121248
 -0.0000028118
  0.0000034555
  0.0000072653
 -0.0000026150
 -0.0000064919
  0.0000031617
  0.0000017253
 -0.0000015366
  0.0000077343
  0.0000027497
  0.0000013871
  0.0000010500
 -0.0000056176
 -0.0000080820
 -0.0000017640
 -0.0000031502
 -0.0000055638
  0.0000223239
 -0.0000014045
  0.0000059435
 -0.0000048567
 -0.0001169550
  0.0000003052
  0.0000004998
  0.0000197583
 -0.0000004606
  0.0000070725
  0.0000003538
 -0.0000131702
 -0.0000013711
 -0.0000039116
 -0.0000016729
 -0.0000129382
 -0.0000023251
 -0.0000029024
 -0.0000019280
 -0.0000037596
 -0.0000197442
 -0.0000324769
 -0.0000323603
 -0.0000105917
 -0.0000075047
  0.0000693399
 -0.0000330579
  0.0000432224
  0.0000112458
 -0.0000163540
 -0.0000183704
  0.0000202037
  0.0000135338
 -0.0000325009
 -0.0000398782
  0.0000053988
  0.0000036186
 -0.0000009251
 -0.0000048631
  0.0000056365
  0.0000010195
  0.0000094354
 -0.0000105505
 -0.0000207997
 -0.0000004507
 -0.0000051071
 -0.0000076129
 -0.0000042505
  0.0000567269
 -0.0000013869
 -0.0000028030
  0.0000256432
 -0.0000024912
 -0.0001965040
 -0.0000012590
 -0.0000011356
  0.0000043670
 -0.0000053516
  0.0000367891
 -0.0000019036
  0.0000033969
 -0.0000042095
 -0.0000056592
 -0.0000029074
 -0.0000084155
 -0.0000050858
 -0.0000271445
 -0.0000031844
 -0.0000083744
 -0.0000009127
 -0.0000028956
 -0.0000011496
  0.0000026889
  0.0000044935
  0.0000020226
  0.0000056916
  0.0000305699
  0.0000082221
  0.0000009547
  0.0000052804
  0.0000012941
  0.0000023098
  0.0000169969
  0.0000251662
  0.0000026649
  0.0000012036
  0.0000136091
  0.0000005079
  0.0000086334
 -0.0000015545
 -0.0000017737
 -0.0000044228
 -0.0000041423
 -0.0000015629
  0.0000036789
 -0.0000039609
 -0.0000041235
 -0.0000059321
 -0.0000012095
  0.0000086505
 -0.0001453710
 -0.0000009613
  0.0000008810
 -0.0000047896
 -0.0000026241
 -0.0000010377
  0.0000119577
 -0.0000123896
 -0.0000028450
 -0.0000080438
 -0.0000027555
 -0.0000146463
 -0.0000022595
 -0.0000062671
  0.0000016913
 -0.0000018326
 -0.0000014084
  0.0000004588
  0.0000027471
 -0.0000004407
 -0.0000017703
  0.0000011130
 -0.0000061178
  0.0000012704
 -0.0000007795
 -0.0000002032
 -0.0000051123
  0.0000026885
  0.0000000708
 -0.0000004156
 -0.0000000786
  0.0000024869
  0.0000027934
 -0.0000037080
 -0.0000011419
  0.0000038768
  0.0000044480
  0.0000024996
  0.0000015396
 -0.0000046083
  0.0000049610
  0.0000049086
  0.0000045984
  0.0000043041
 -0.0000049742
 -0.0000006103
 -0.0000058264
 -0.0000008878
 -0.0000034115
  0.0000024111
  0.0000124423
 -0.0000022941
 -0.0000020615
  0.0000080590
 -0.0000052032
 -0.0000218154
 -0.0000028267
  0.0000015470
 -0.0000015217
  0.0000197888
  0.0000027858
  0.0000034234
 -0.0000070493
 -0.0000010749
 -0.0000006956
 -0.0000034598
 -0.0000012195
 -0.0000095990
 -0.0000005565
  0.0000005684
  0.0000009874
 -0.0000025426
  0.0000043583
  0.0000019386
 -0.0000023392
  0.0000038824
 -0.0000142660
 -0.0000004790
  0.0000056305
  0.0000029124
  0.0000001741
  0.0000094759
  0.0000025310
  0.0000046322
  0.0000006599
  0.0000068174
  0.0000000440
  0.0000046373
 -0.0000078511
  0.0000048079
  0.0000038447
 -0.0000038381
  0.0000090964
 -0.0000032093
 -0.0000017103
  0.0000005943
 -0.0000031530
 -0.0000034853
 -0.0000034678
 -0.0000018188
  0.0000085353
  0.0000048131
 -0.0000067970
 -0.0000699384
 -0.0000000249
 -0.0000040150
  0.0000160848
  0.0000052681
 -0.0000014414
 -0.0000061812
 -0.0000006711
 -0.0000090131
 -0.0000049832
 -0.0000108368
 -0.0000010330
  0.0000001113
 -0.0000007845
 -0.0000008124
  0.0000010894
  0.0000131874
 -0.0000020424
  0.0000000372
  0.0000030444
  0.0000479184
 -0.0000030540
 -0.0000159160
  0.0000044871
  0.0000000224
  0.0000104160
 -0.0000042504
  0.0000044316
 -0.0000004535
  0.0000246321
  0.0000024688
  0.0000002633
 -0.0000029249
 -0.0000011019
  0.0000079029
  0.0000034047
 -0.0000044864
  0.0000008562
 -0.0000041019
 -0.0000073225
  0.0000392472
 -0.0000015686
 -0.0000024335
  0.0000067418
 -0.0001519639
 -0.0000016841
  0.0000013691
 -0.0000058118
 -0.0000031961
 -0.0000023217
  0.0000114120
 -0.0000156743
 -0.0000182527
 -0.0000017206
 -0.0000064460
 -0.0000029393
 -0.0000152599
 -0.0000031729
 -0.0000005439
  0.0000024387
  0.0000026522
  0.0000045930
  0.0000214950
  0.0000321052
  0.0000012749
 -0.0000100970
 -0.0000083421
  0.0000071904
  0.0000166456
  0.0000127695
 -0.0000078917
  0.0000018793
  0.0000100351
  0.0000055624
 -0.0000011457
  0.0000160365
 -0.0000056411
 -0.0000053902
  0.0000049558
  0.0000122684
 -0.0000110320
  0.0000066301
 -0.0000058716
 -0.0000037251
  0.0000031969
 -0.0000076636
 -0.0000037585
 -0.0000009884
 -0.0000033103
  0.0000437259
 -0.0000004774
  0.0000060657
 -0.0000057104
 -0.0000003713
 -0.0001536507
 -0.0000007840
  0.0000004158
 -0.0000084857
  0.0000020237
  0.0000282688
 -0.0000002856
  0.0000043394
 -0.0000070171
 -0.0000196469
 -0.0000005163
 -0.0000035071
 -0.0000001219
 -0.0000151006
 -0.0000010862
  0.0000005679
  0.0000020068
  0.0000006590
  0.0000007056
  0.0000012658
  0.0000024973
  0.0000034909
  0.0000008880
  0.0000000890
 -0.0000052362
 -0.0000002187
 -0.0000019106
 -0.0000075623
 -0.0000018178
  0.0000030061
 -0.0000005596
 -0.0000047092
  0.0000039670
  0.0000030418
  0.0000022371
  0.0000009838
  0.0000040125
  0.0000011459
  0.0000171272
  0.0000033342
  0.0000030841
  0.0000021588
 -0.0000014547
  0.0000039612
  0.0000009218
 -0.0000013669
  0.0000012688
 -0.0000080585
 -0.0000017313
 -0.0000051555
 -0.0000047235
  0.0000032155
  0.0000104815
 -0.0000019864
  0.0000089120
 -0.0000064674
 -0.0000257978
 -0.0000006643
 -0.0000029045
 -0.0000004365
  0.0000191319
  0.0000036755
  0.0000038196
 -0.0000054305
 -0.0000004844
  0.0000041092
 -0.0000041187
  0.0000018307
 -0.0000107807
 -0.0000009266
 -0.0000000685
  0.0000004404
 -0.0000444292
 -0.0000185307
 -0.0000271780
 -0.0000663127
 -0.0000283755
 -0.0001610010
 -0.0000530579
 -0.0000778881
 -0.0000482805
 -0.0000485925
 -0.0000294365
 -0.0000490333
 -0.0000468900
 -0.0000190370
 -0.0000149724
 -0.0000003642
 -0.0000060506
 -0.0000079754
 -0.0000081573
 -0.0000079763
  0.0000014380
 -0.0000097590
  0.0000049622
  0.0000010627
 -0.0000125660
  0.0000033639
 -0.0000012273
 -0.0000033717
  0.0000218364
  0.0000662925
  0.0000013754
  0.0000012144
  0.0000608947
  0.0000009721
 -0.0001932293
  0.0000014603
  0.0000020033
  0.0000023554
  0.0000516973
 -0.0000014001
  0.0000448984
  0.0000007991
  0.0000145563
  0.0000416777
  0.0000288910
  0.0000007788
  0.0000019231
  0.0000117067
 -0.0000011517
 -0.0000195861
 -0.0000004482
 -0.0000036548
  0.0000020462
  0.0000025990
  0.0000024668
 -0.0000009944
  0.0000010485
 -0.0000033560
  0.0000018286
  0.0000037235
  0.0000015851
  0.0000029005
  0.0000009245
 -0.0000005211
  0.0000017224
  0.0000044422
  0.0000017876
  0.0000007974
 -0.0000039203
 -0.0000022428
  0.0000107717
  0.0000039480
 -0.0000026515
 -0.0000060677
 -0.0000024181
  0.0000011097
  0.0000059150
  0.0000018190
 -0.0000004194
 -0.0000072397
 -0.0000079617
  0.0000032262
 -0.0000023770
 -0.0000030831
 -0.0000043688
  0.0000015968
  0.0000135615
 -0.0000008199
  0.0000017899
 -0.0000015635
  0.0000043154
 -0.0000069043
 -0.0000647249
 -0.0000042149
  0.0000019291
 -0.0000003295
  0.0000190055
  0.0000027647
  0.0000051257
 -0.0000051701
 -0.0000001793
 -0.0000001118
 -0.0000083782
  0.0000019934
 -0.0000106606
 -0.0000008355
  0.0000002780
  0.0000022905
  0.0000060508
  0.0000035071
 -0.0000021963
  0.0000118003
  0.0000127751
  0.0000045052
  0.0000124475
 -0.0000052945
 -0.0000013969
  0.0000096129
  0.0000109553
 -0.0000036168
  0.0000033496
  0.0000068138
  0.0000020699
  0.0000060408
  0.0000032396
  0.0000011417
  0.0000001955
  0.0000155325
 -0.0000095418
  0.0000022224
 -0.0000072620
 -0.0000011030
  0.0000031675
 -0.0000066974
 -0.0000023189
 -0.0000006119
 -0.0000032800
  0.0000299842
  0.0000067391
 -0.0000065643
 -0.0001404718
 -0.0000000418
  0.0000004141
 -0.0000010169
  0.0000028108
 -0.0000027369
  0.0000189632
 -0.0000004458
  0.0000061642
 -0.0000004983
 -0.0000195152
 -0.0000075463
  0.0000033909
 -0.0000132646
 -0.0000015348
 -0.0000004840
 -0.0000016236
 -0.0000008967
 -0.0000104309
 -0.0000245753
 -0.0000239523
 -0.0000025243
 -0.0000102445
  0.0000699411
 -0.0000241838
  0.0000454003
  0.0000009165
 -0.0000066628
 -0.0000211443
  0.0000175551
  0.0000038851
 -0.0000243434
 -0.0000345765
  0.0000093955
  0.0000013801
  0.0000024845
  0.0000007299
 -0.0000107544
  0.0000026715
  0.0000018268
  0.0000021637
  0.0000090918
 -0.0000092067
 -0.0000011769
 -0.0000031380
 -0.0000065194
 -0.0000051619
  0.0000597542
 -0.0000000546
 -0.0000012509
  0.0000174848
 -0.0000021083
 -0.0001956070
  0.0000000683
 -0.0000009601
  0.0000009344
 -0.0000020032
 -0.0000025348
  0.0000450384
 -0.0000003652
  0.0000086920
 -0.0000101349
 -0.0000108911
 -0.0000013661
 -0.0000069074
  0.0000073757
 -0.0000009399
 -0.0000199030
 -0.0000024323
  0.0000001336
 -0.0000006549
  0.0000025616
  0.0000019883
  0.0000004974
  0.0000002086
  0.0000004611
  0.0000020925
 -0.0000017453
 -0.0000016539
  0.0000014019
  0.0000040921
 -0.0000016532
  0.0000017514
  0.0000029572
  0.0000031446
  0.0000031185
 -0.0000001484
 -0.0000005220
  0.0000044785
  0.0000017994
 -0.0000008540
  0.0000063515
 -0.0000012515
  0.0000035543
  0.0000120237
  0.0000055726
  0.0000022354
 -0.0000083035
 -0.0000022184
 -0.0000038942
 -0.0000040081
  0.0000034233
  0.0000096406
 -0.0000016914
  0.0000054230
 -0.0000071088
 -0.0000478235
 -0.0000003734
 -0.0000043020
  0.0000014158
 -0.0000005031
  0.0000158189
  0.0000025296
  0.0000040223
 -0.0000032757
 -0.0000005237
 -0.0000001559
 -0.0000043337
  0.0000014205
 -0.0000112625
 -0.0000016824
 -0.0000010566
 -0.0000008371
 -0.0000002503
 -0.0000007979
  0.0000078802
  0.0000034772
 -0.0000028309
  0.0000103662
 -0.0000148232
  0.0000031063
  0.0000037681
  0.0000011870
 -0.0000011145
  0.0000028086
  0.0000080989
  0.0000016366
  0.0000044332
  0.0000104064
  0.0000064034
  0.0000019055
 -0.0000004307
  0.0000107265
 -0.0000039625
 -0.0000060693
 -0.0000015471
  0.0000078305
  0.0000005739
 -0.0000007783
 -0.0000081619
 -0.0000048723
 -0.0000032256
 -0.0000025367
 -0.0000005193
  0.0000013519
  0.0000216186
 -0.0000021584
  0.0000074803
 -0.0000063665
 -0.0000972130
 -0.0000002468
 -0.0000004480
  0.0000030519
 -0.0000026235
  0.0000170308
 -0.0000012512
  0.0000059530
 -0.0000002303
 -0.0000111561
 -0.0000081358
 -0.0000072091
 -0.0000108813
 -0.0000020792
  0.0000000568
 -0.0000000873
  0.0000022969
  0.0000030017
  0.0000006480
  0.0000007115
 -0.0000052588
  0.0000011727
 -0.0000013173
 -0.0000041655
 -0.0000013484
  0.0000045257
 -0.0000001409
 -0.0000049064
  0.0000016724
  0.0000023406
  0.0000058195
  0.0000009422
 -0.0000037209
  0.0000059791
  0.0000032463
 -0.0000099675
  0.0000021606
  0.0000110418
 -0.0000047066
  0.0000076507
  0.0000005010
 -0.0000010687
 -0.0000001898
 -0.0000059831
  0.0000015708
 -0.0000012977
 -0.0000047790
 -0.0000005801
 -0.0000032549
  0.0000036947
  0.0000099874
 -0.0000003699
  0.0000010423
 -0.0000020412
  0.0000092882
 -0.0000054445
 -0.0000335819
 -0.0000026253
  0.0000018504
 -0.0000005763
  0.0000153897
 -0.0000011301
  0.0000037686
  0.0000040863
 -0.0000044646
 -0.0000009167
  0.0000016639
 -0.0000043450
 -0.0000009339
 -0.0000101818
 -0.0000004618
  0.0000045264
 -0.0000009255
 -0.0000008207
 -0.0000002047
  0.0000023764
 -0.0000094376
 -0.0000006343
  0.0000032887
  0.0000007817
  0.0000020141
  0.0000018302
  0.0000005499
  0.0000011499
  0.0000028024
 -0.0000015406
  0.0000056583
  0.0000008031
  0.0000133533
  0.0000016838
  0.0000015049
  0.0000016469
 -0.0000020013
  0.0000015204
  0.0000018609
  0.0000021286
 -0.0000013892
  0.0000005423
 -0.0000005571
 -0.0000080074
  0.0000026528
 -0.0000030365
 -0.0000035860
 -0.0000016732
 -0.0000048823
  0.0000003614
  0.0000195632
 -0.0000012157
  0.0000014668
 -0.0000017886
  0.0000026791
 -0.0000070660
 -0.0000794424
 -0.0000053944
  0.0000016786
 -0.0000004679
  0.0000173721
 -0.0000019265
  0.0000028280
  0.0000038647
 -0.0000089290
 -0.0000004936
 -0.0000003271
 -0.0000071008
  0.0000019074
 -0.0000107058
 -0.0000009464
 -0.0000023228
 -0.0000016420
 -0.0000186565
 -0.0000294907
 -0.0000298036
 -0.0000104678
 -0.0000155646
  0.0001030682
 -0.0000308762
  0.0000448291
  0.0000142638
 -0.0000155714
 -0.0000251853
  0.0000079783
  0.0000162711
 -0.0000297151
 -0.0000379944
 -0.0000004660
 -0.0000022628
 -0.0000035793
  0.0000039063
  0.0000019550
  0.0000035977
  0.0000013848
 -0.0000079765
 -0.0000205360
 -0.0000069766
 -0.0000073038
  0.0000572002
 -0.0000037802
 -0.0000037659
  0.0000284124
 -0.0000014580
 -0.0001973657
 -0.0000038531
  0.0000002108
  0.0000092384
 -0.0000049562
 -0.0000045426
 -0.0000044658
  0.0000041206
  0.0000017140
 -0.0000028161
 -0.0000047555
 -0.0000049090
 -0.0000276173
 -0.0000050320
 -0.0000089128
 -0.0000012165
 -0.0000038798
  0.0000022636
  0.0000065894
 -0.0000061019
 -0.0000313793
  0.0001013796
  0.0000058336
  0.0000162657
  0.0000000969
 -0.0000047156
 -0.0000250659
 -0.0000279111
 -0.0000008784
  0.0000060068
 -0.0000053697
  0.0000141621
 -0.0000023353
 -0.0000046434
  0.0000022582
  0.0000058244
  0.0000063007
 -0.0000112085
 -0.0000059898
 -0.0000035606
 -0.0000042441
 -0.0000067512
 -0.0000087260
  0.0000507237
 -0.0000011994
 -0.0000021191
  0.0000013908
 -0.0000095705
 -0.0000013422
 -0.0001610248
 -0.0000005460
 -0.0000003597
 -0.0000100718
 -0.0000030057
  0.0000324850
 -0.0000009339
  0.0000069559
 -0.0000200226
 -0.0000223698
 -0.0000026883
 -0.0000040586
  0.0000008806
 -0.0000016455
 -0.0000173457
 -0.0000031118
 -0.0000002048
  0.0000062728
  0.0000078857
  0.0000079589
 -0.0000073950
  0.0000092513
  0.0000096139
  0.0000086110
  0.0000254404
 -0.0000042998
 -0.0000036698
  0.0000068354
  0.0000113287
 -0.0000005115
  0.0000081650
  0.0000070546
  0.0000019706
  0.0000016573
  0.0000130195
 -0.0000061539
  0.0000008463
 -0.0000052117
  0.0000070967
  0.0000071775
 -0.0000124014
  0.0000062792
 -0.0000056871
 -0.0000003545
  0.0000029706
 -0.0000081328
 -0.0000024506
 -0.0000001386
 -0.0000027428
  0.0000388874
 -0.0000047334
  0.0000092728
 -0.0000059903
 -0.0000001980
 -0.0001456678
  0.0000000791
  0.0000003677
 -0.0000037574
  0.0000022679
 -0.0000027703
  0.0000279942
 -0.0000006269
  0.0000063375
 -0.0000004819
 -0.0000199021
 -0.0000063422
  0.0000016127
 -0.0000136589
 -0.0000017348
 -0.0000002120
 -0.0000022523
 -0.0000012255
 -0.0000002606
  0.0000004574
 -0.0000005285
  0.0000027435
 -0.0000004272
 -0.0000029039
  0.0000013828
 -0.0000069301
  0.0000014168
 -0.0000007504
  0.0000035718
 -0.0000019303
  0.0000023362
  0.0000003436
  0.0000020963
  0.0000003350
  0.0000026516
  0.0000042619
 -0.0000032951
  0.0000140226
  0.0000049159
 -0.0000005916
 -0.0000001039
  0.0000022903
  0.0000019418
 -0.0000023658
 -0.0000024750
  0.0000044499
 -0.0000015474
 -0.0000001589
 -0.0000048517
  0.0000019363
 -0.0000005111
 -0.0000046625
 -0.0000013224
 -0.0000009601
  0.0000032603
  0.0000108942
 -0.0000006126
  0.0000004454
 -0.0000020042
  0.0000094103
 -0.0000048297
 -0.0000005093
 -0.0000395823
  0.0000004991
  0.0000008064
  0.0000008101
 -0.0000020641
  0.0000020228
 -0.0000010494
  0.0000168716
 -0.0000000485
  0.0000029602
  0.0000037855
 -0.0000033277
  0.0000009276
 -0.0000002719
 -0.0000094044
  0.0000007324
 -0.0000006794
 -0.0000097453
 -0.0000005658
 -0.0000003288
 -0.0000015146
  0.0000203337
  0.0000012334
 -0.0000028171
 -0.0000127248
  0.0000955673
 -0.0000011981
 -0.0000194601
  0.0000032196
 -0.0000012641
 -0.0000048050
 -0.0000217047
  0.0000032018
  0.0000038677
  0.0000147033
 -0.0000082359
  0.0000036418
  0.0000054123
  0.0000033883
  0.0000084811
 -0.0000079573
  0.0000016990
 -0.0000038979
 -0.0000010696
 -0.0000040001
 -0.0000055874
  0.0000474261
 -0.0000006406
 -0.0000004885
  0.0000052125
 -0.0001563215
 -0.0000003400
  0.0000005730
 -0.0000065738
 -0.0000015595
  0.0000289677
 -0.0000010942
  0.0000091737
 -0.0000157249
 -0.0000197275
 -0.0000021589
 -0.0000033919
  0.0000002575
 -0.0000149749
 -0.0000028633
 -0.0000015890
  0.0000000809
  0.0000010469
  0.0000027322
 -0.0000011103
  0.0000015478
  0.0000013366
  0.0000001204
 -0.0000032083
 -0.0000019125
 -0.0000011914
 -0.0000014283
 -0.0000009232
 -0.0000003569
 -0.0000007588
  0.0000009020
  0.0000029157
 -0.0000007222
  0.0000095501
  0.0000113308
  0.0000050309
  0.0000054529
 -0.0000032530
 -0.0000024977
 -0.0000010591
  0.0000116884
  0.0000003686
  0.0000049963
 -0.0000076111
 -0.0000031147
  0.0000014872
  0.0000005217
 -0.0000059103
 -0.0000018293
 -0.0000018244
  0.0000044432
  0.0000107264
  0.0000000929
  0.0000011673
 -0.0000010590
  0.0000112044
 -0.0000056814
 -0.0000006320
 -0.0000212820
  0.0000010475
 -0.0000000708
  0.0000012714
 -0.0000022618
  0.0000022895
  0.0000004983
  0.0000171692
 -0.0000011302
  0.0000021447
  0.0000025154
 -0.0000053228
 -0.0000000631
  0.0000000611
 -0.0000045006
  0.0000002220
 -0.0000017418
 -0.0000078966
 -0.0000010180
 -0.0000009904
  0.0000036843
  0.0000024841
  0.0000077445
  0.0000024699
  0.0000125696
  0.0000087189
  0.0000058062
  0.0000304547
 -0.0000050848
  0.0000067137
  0.0000070664
  0.0000185704
 -0.0000035603
  0.0000074386
  0.0000064733
 -0.0000065385
 -0.0000016021
 -0.0000027213
  0.0000007902
  0.0000015728
  0.0000021260
 -0.0000004856
  0.0000041679
 -0.0000016824
 -0.0000074637
 -0.0000075489
 -0.0000034854
 -0.0000029663
 -0.0000056347
 -0.0000024905
  0.0000344613
 -0.0000001588
  0.0000093159
 -0.0000043245
 -0.0001452915
  0.0000002429
  0.0000006936
 -0.0000062974
  0.0000025730
  0.0000186467
 -0.0000001824
  0.0000053008
 -0.0000032230
 -0.0000195157
 -0.0000013492
 -0.0000033320
  0.0000037102
 -0.0000021125
 -0.0000147900
 -0.0000018869
  0.0000015377
  0.0000091350
  0.0000026569
 -0.0000017698
  0.0000083363
 -0.0000150132
  0.0000039464
  0.0000045374
 -0.0000038310
 -0.0000014384
  0.0000031742
  0.0000054325
 -0.0000009152
  0.0000027367
  0.0000098270
  0.0000010789
 -0.0000009558
  0.0000020191
 -0.0000022862
  0.0000058632
  0.0000065127
  0.0000107947
  0.0000012848
 -0.0000000308
 -0.0000019601
 -0.0000042918
 -0.0000021314
 -0.0000001761
  0.0000012667
  0.0000190657
  0.0000069046
 -0.0000063906
 -0.0000956432
  0.0000000814
  0.0000005689
  0.0000195554
  0.0000004895
  0.0000068107
  0.0000004051
 -0.0000110351
  0.0000002718
 -0.0000084746
 -0.0000086018
 -0.0000111554
 -0.0000001908
  0.0000003979
  0.0000067218
  0.0000092806
  0.0000031119
 -0.0000059512
  0.0000126715
  0.0000101841
  0.0000058604
  0.0000138026
 -0.0000016300
 -0.0000036747
  0.0000130074
  0.0000123663
  0.0000012982
  0.0000032185
  0.0000103414
  0.0000030790
  0.0000071868
 -0.0000022301
 -0.0000015344
 -0.0000069439
 -0.0000006043
 -0.0000045111
 -0.0000021057
 -0.0000062280
 -0.0000024950
 -0.0000046152
  0.0000220861
  0.0000091204
 -0.0000054965
 -0.0001271457
 -0.0000001775
  0.0000012822
 -0.0000019059
 -0.0000013413
  0.0000169796
 -0.0000008012
  0.0000065462
  0.0000006384
 -0.0000004720
 -0.0000004954
  0.0000006489
 -0.0000134652
 -0.0000019062
 -0.0000080231
  0.0000050255
  0.0000294752
 -0.0000396118
  0.0000170244
  0.0000287792
 -0.0000531709
 -0.0000054735
 -0.0000088033
  0.0000027216
 -0.0000656517
  0.0000138391
 -0.0000144845
  0.0000030842
  0.0000616039
 -0.0000184608
 -0.0000012940
 -0.0000031769
  0.0000011851
  0.0000061727
 -0.0000003464
  0.0000030536
  0.0000118468
 -0.0001851454
  0.0000034580
  0.0000021682
  0.0000032855
 -0.0000061682
  0.0000071654
  0.0000011920
  0.0001234919
  0.0000016148
  0.0000000043
  0.0000000226
 -0.0000132520
  0.0000015897
  0.0000040500
  0.0000700760
  0.0000032407
 -0.0000062389
  0.0000010773
  0.0000178224
 -0.0000007262
  0.0000006758
 -0.0000596830
 -0.0000033099
  0.0000025938
  0.0000148147
  0.0000016598
 -0.0000010810
  0.0000199381
 -0.0000150453
 -0.0000019985
 -0.0000508491
 -0.0000562522
 -0.0000171865
  0.0000177998
 -0.0000137294
  0.0000152506
  0.0000376008
 -0.0000477781
 -0.0000029136
 -0.0000047672
  0.0000367733
 -0.0000409041
 -0.0000029028
 -0.0000015621
  0.0000018199
  0.0000072772
  0.0000035100
  0.0000005994
  0.0000182917
 -0.0001554965
  0.0000069270
  0.0000001161
  0.0000030233
  0.0000006494
  0.0000066641
  0.0000014258
  0.0001547488
 -0.0000010057
  0.0000009259
  0.0000007214
 -0.0000092345
  0.0000031320
  0.0000047778
  0.0000637299
  0.0000031979
 -0.0000061850
  0.0000020643
  0.0000295209
 -0.0000019962
 -0.0000029160
 -0.0000715673
  0.0000031073
  0.0000049482
  0.0000127467
  0.0000025889
  0.0000017314
  0.0000140849
 -0.0000024789
 -0.0000008152
  0.0000222810
 -0.0000458949
 -0.0000547034
 -0.0000098084
  0.0000173086
  0.0000002570
  0.0000022695
  0.0000091107
 -0.0000599367
  0.0000050420
  0.0000324868
 -0.0000191916
  0.0000005360
 -0.0000035060
  0.0000009819
  0.0000069743
  0.0000004563
  0.0000014645
  0.0000091797
 -0.0001579618
  0.0000080225
  0.0000015093
  0.0000035787
  0.0000006763
  0.0000064830
 -0.0000008015
  0.0001494203
 -0.0000000054
  0.0000009516
  0.0000029867
 -0.0000148874
  0.0000025412
  0.0000043810
  0.0000583548
  0.0000026349
 -0.0000052617
 -0.0000032143
  0.0000186717
  0.0000016704
  0.0000018028
 -0.0000704988
  0.0000012581
  0.0000041970
  0.0000118531
  0.0000032183
  0.0000007257
 -0.0000380398
  0.0000052691
  0.0000011544
 -0.0000270354
 -0.0000028112
 -0.0000019346
 -0.0000298371
  0.0000292049
  0.0000131932
 -0.0000547542
  0.0000046618
  0.0000156256
 -0.0000031400
  0.0001028713
  0.0000231930
 -0.0000018072
 -0.0000033933
  0.0000017021
  0.0000057707
  0.0000023458
  0.0000002075
  0.0000107823
 -0.0001867521
  0.0000099151
  0.0000008876
  0.0000021054
 -0.0000069505
  0.0000053154
 -0.0000009051
  0.0001200458
 -0.0000012039
 -0.0000009948
 -0.0000003595
 -0.0000217969
 -0.0000013350
  0.0000030774
  0.0000437237
  0.0000021867
 -0.0000064244
 -0.0000004900
  0.0000166454
 -0.0000010772
 -0.0000000766
 -0.0000976476
 -0.0000031738
  0.0000022351
  0.0000119980
  0.0000008575
 -0.0000030274
 -0.0000043612
 -0.0000037188
  0.0000041870
  0.0000108206
 -0.0000825700
  0.0000092727
 -0.0000803098
  0.0000044592
  0.0000024111
 -0.0000145016
  0.0000063836
  0.0000056265
 -0.0000077939
  0.0000224635
  0.0000364086
 -0.0000048719
  0.0000007067
 -0.0000002377
  0.0000101398
  0.0000013292
 -0.0000000957
  0.0000382425
 -0.0001616686
  0.0000180986
 -0.0000012544
 -0.0000043560
 -0.0000025338
  0.0000033996
  0.0000007884
  0.0001703704
 -0.0000010489
  0.0000054265
 -0.0000005590
 -0.0000093516
  0.0000003698
 -0.0000037518
  0.0000150352
 -0.0000054208
 -0.0000084290
 -0.0000004299
  0.0000447258
  0.0000026503
 -0.0000035261
 -0.0000666135
  0.0000021641
  0.0000026499
  0.0000096947
 -0.0000000102
  0.0000014339
 -0.0000004217
 -0.0000001565
  0.0000010637
 -0.0000082640
 -0.0000136158
  0.0000007879
 -0.0001138392
  0.0000081126
  0.0000115599
 -0.0000589215
  0.0000244839
  0.0000008348
  0.0000209579
  0.0000288361
 -0.0000019694
 -0.0000059429
 -0.0000056998
 -0.0000027577
  0.0000080906
 -0.0000011454
 -0.0000041546
  0.0000223032
 -0.0001865110
  0.0000174261
  0.0000002312
 -0.0000006954
 -0.0000107865
  0.0000087020
 -0.0000016905
  0.0002344111
 -0.0000033260
 -0.0000039722
 -0.0000083504
 -0.0000196735
 -0.0000044673
 -0.0000010745
  0.0000039047
  0.0000019987
 -0.0000096007
 -0.0000029550
  0.0000347336
  0.0000041733
 -0.0000041255
 -0.0001313827
 -0.0000113367
  0.0000007474
  0.0000017097
 -0.0000024478
 -0.0000027117
  0.0000122481
  0.0000044847
  0.0000077164
 -0.0000484761
 -0.0000109345
  0.0000027975
 -0.0000272834
 -0.0000149673
  0.0000024192
 -0.0000667795
  0.0000031138
  0.0000016238
 -0.0000066642
  0.0000604495
 -0.0000196389
 -0.0000021468
 -0.0000051702
  0.0000004409
  0.0000053772
 -0.0000028527
  0.0000001303
  0.0000082669
 -0.0001756675
  0.0000066266
 -0.0000006386
  0.0000017849
 -0.0000002871
  0.0000050237
  0.0000001635
  0.0001352801
 -0.0000017949
 -0.0000011159
 -0.0000006413
 -0.0000130308
  0.0000030743
  0.0000038426
  0.0000751880
  0.0000024836
 -0.0000075966
  0.0000011825
  0.0000169883
  0.0000015789
 -0.0000016071
 -0.0000651066
 -0.0000015086
 -0.0000001021
  0.0000125147
 -0.0000017124
  0.0000004716
  0.0000061974
  0.0000005533
 -0.0000008764
 -0.0000206971
 -0.0000026670
  0.0000002193
 -0.0001102994
  0.0000083134
  0.0000115658
 -0.0000660760
  0.0000309196
  0.0000010720
  0.0000203069
  0.0000382905
 -0.0000013812
 -0.0000010052
  0.0000019435
 -0.0000017842
  0.0000081438
 -0.0000017014
  0.0000029626
  0.0000346495
 -0.0001706953
  0.0000316555
 -0.0000029321
 -0.0000007024
 -0.0000025682
  0.0000010028
 -0.0000011103
  0.0001853563
  0.0000006564
  0.0000030431
 -0.0000025762
 -0.0000096002
 -0.0000021311
 -0.0000017108
  0.0000128819
 -0.0000041531
 -0.0000101073
 -0.0000025118
  0.0000497531
  0.0000051776
 -0.0000001390
 -0.0000891126
  0.0000040702
 -0.0000009601
  0.0000076865
 -0.0000022972
 -0.0000000398
  0.0000150238
  0.0000072154
 -0.0000100939
  0.0000167589
 -0.0000184153
 -0.0000074924
 -0.0000736208
  0.0000044174
  0.0000467764
 -0.0000515165
  0.0000054045
  0.0000009288
 -0.0000032501
  0.0001169522
  0.0000206795
  0.0000020026
 -0.0000002075
  0.0000024358
  0.0000020341
  0.0000001975
  0.0000016673
  0.0000099811
 -0.0001610567
  0.0000019164
 -0.0000019911
 -0.0000006512
 -0.0000163196
  0.0000054923
  0.0000018735
  0.0001178040
 -0.0000004392
  0.0000009957
 -0.0000084765
 -0.0000172608
 -0.0000009060
  0.0000039643
  0.0000391556
  0.0000030529
 -0.0000090400
 -0.0000023343
  0.0000094585
 -0.0000030693
  0.0000005382
 -0.0001199409
  0.0000012278
  0.0000003225
  0.0000117162
 -0.0000012897
 -0.0000018929
  0.0000039962
 -0.0000044148
 -0.0000059568
 -0.0000421530
  0.0000182567
  0.0000068766
 -0.0000531466
 -0.0000120541
  0.0000057876
  0.0000061922
 -0.0000666006
  0.0000045239
 -0.0000072199
  0.0000655735
 -0.0000093497
 -0.0000006362
 -0.0000008900
  0.0000004497
  0.0000073441
  0.0000019330
  0.0000001980
  0.0000114881
 -0.0001850043
  0.0000085199
 -0.0000001559
  0.0000002457
 -0.0000070960
  0.0000050131
 -0.0000002429
  0.0001233532
  0.0000000158
 -0.0000010828
 -0.0000027831
 -0.0000201622
  0.0000021966
  0.0000023495
  0.0000746586
  0.0000007326
 -0.0000064376
  0.0000004210
  0.0000174773
 -0.0000020375
 -0.0000006820
 -0.0000615636
 -0.0000012581
  0.0000021117
  0.0000133539
  0.0000008860
 -0.0000036664
 -0.0000222862
 -0.0000028369
 -0.0000156764
  0.0000083794
 -0.0000780269
  0.0000151313
 -0.0000654627
  0.0000150141
  0.0000111365
 -0.0000445352
  0.0000013417
  0.0000028003
  0.0000194332
  0.0000533666
 -0.0000043755
  0.0000036138
  0.0000051772
  0.0000017191
  0.0000114126
  0.0000038568
  0.0000036456
  0.0000263718
 -0.0001638033
  0.0000122008
 -0.0000003335
  0.0000029624
  0.0000017356
  0.0000058318
  0.0000011366
  0.0001659469
  0.0000013791
 -0.0000002557
  0.0000028558
 -0.0000136021
  0.0000038969
  0.0000035848
  0.0000224607
 -0.0000004766
 -0.0000062888
  0.0000019079
  0.0000355887
  0.0000023782
  0.0000017541
 -0.0000688641
  0.0000099761
  0.0000011712
  0.0000129472
 -0.0000008602
  0.0000014286
 -0.0000286272
 -0.0000010352
 -0.0000045097
 -0.0000049498
 -0.0000087422
 -0.0000396584
  0.0000196178
 -0.0000871155
  0.0000043897
  0.0000132697
 -0.0000455650
 -0.0000022939
  0.0000160398
  0.0000505735
 -0.0000010313
 -0.0000004110
 -0.0000011451
 -0.0000004847
  0.0000086527
 -0.0000016405
  0.0000039705
  0.0000421473
 -0.0001723215
  0.0000226138
 -0.0000034235
  0.0000016041
 -0.0000042458
  0.0000020238
  0.0000001424
  0.0001741762
  0.0000017392
  0.0000035875
 -0.0000011017
 -0.0000108976
 -0.0000007744
 -0.0000009419
  0.0000189328
 -0.0000033492
 -0.0000089990
 -0.0000014010
  0.0000474004
  0.0000055349
  0.0000003483
 -0.0000828507
  0.0000004517
  0.0000023139
  0.0000089764
  0.0000006367
  0.0000012694
  0.0000449797
  0.0000040758
  0.0000257104
  0.0000067222
 -0.0000223128
  0.0000306495
 -0.0000758577
 -0.0000104709
  0.0001219666
 -0.0000509434
  0.0000021983
  0.0000136723
 -0.0000125457
  0.0001135479
  0.0000219602
  0.0000054669
  0.0000021449
  0.0000011284
  0.0000033068
  0.0000064975
  0.0000027463
  0.0000037187
  0.0000090152
 -0.0001618450
  0.0000031597
  0.0000014184
  0.0000022075
 -0.0000137976
  0.0000063025
  0.0000045725
  0.0001187208
  0.0000030214
  0.0000018738
 -0.0000049907
 -0.0000169861
  0.0000014862
  0.0000049676
  0.0000590066
  0.0000032274
 -0.0000059538
 -0.0000003113
  0.0000116273
  0.0000002945
  0.0000015877
 -0.0001178895
  0.0000022174
  0.0000033664
  0.0000140070
  0.0000021145
 -0.0000000785
 -0.0000003160
 -0.0000088745
 -0.0000062821
 -0.0000082107
 -0.0000263838
 -0.0000594759
  0.0000041634
  0.0000021035
  0.0000025002
 -0.0000032754
 -0.0000004246
 -0.0000510193
  0.0000401004
  0.0000103731
 -0.0000087047
 -0.0000015038
 -0.0000057208
  0.0000012204
  0.0000051659
 -0.0000018376
  0.0000033285
  0.0000091183
 -0.0001533422
  0.0000076535
  0.0000026086
  0.0000041990
  0.0000006971
  0.0000072605
 -0.0000003603
  0.0001538170
  0.0000009870
  0.0000005488
  0.0000019578
 -0.0000150473
  0.0000038244
  0.0000043373
  0.0000437933
  0.0000035236
 -0.0000052034
 -0.0000024309
  0.0000197722
 -0.0000015388
  0.0000005719
 -0.0000719596
  0.0000000592
 -0.0000015259
  0.0000137495
 -0.0000027547
  0.0000006688
 -0.0000053339
  0.0000016226
 -0.0000009920
  0.0000221280
 -0.0000201782
 -0.0000394122
  0.0000035930
 -0.0000380142
  0.0000036708
 -0.0000001395
  0.0000018162
 -0.0000360804
  0.0000044579
  0.0000450979
  0.0000095621
 -0.0000022850
  0.0000003904
  0.0000015977
  0.0000086229
 -0.0000045981
  0.0000033807
  0.0000260655
 -0.0001460817
  0.0000107004
 -0.0000003477
  0.0000031529
  0.0000005852
  0.0000060784
  0.0000010599
  0.0001576864
  0.0000020843
 -0.0000005330
  0.0000010564
 -0.0000111099
  0.0000025052
  0.0000033898
  0.0000398045
  0.0000007128
 -0.0000063303
  0.0000017259
  0.0000373777
 -0.0000025525
 -0.0000023980
 -0.0000720641
  0.0000052084
  0.0000019354
  0.0000121923
  0.0000014598
  0.0000013706
 -0.0000094234
 -0.0000065309
  0.0000024646
 -0.0000043722
  0.0000104980
  0.0000176941
 -0.0000114539
  0.0000014049
  0.0000192452
  0.0000268934
  0.0000083398
  0.0000981627
  0.0000073044
  0.0000198273
 -0.0000372953
  0.0000140727
 -0.0000013686
 -0.0002589159
  0.0000064456
  0.0000003931
  0.0000025176
  0.0000334147
  0.0000293608
  0.0000060059
 -0.0000375689
  0.0000165744
 -0.0000229497
  0.0000038457
  0.0000261904
 -0.0000241218
  0.0000125864
  0.0000343382
 -0.0000039818
  0.0000003054
 -0.0000698501
  0.0000064621
 -0.0001354389
  0.0000197259
  0.0000144380
  0.0000095968
  0.0000018483
  0.0000546017
 -0.0000010042
  0.0000045116
  0.0000021741
  0.0000643956
  0.0000184754
 -0.0000024256
 -0.0001615249
  0.0000000892
  0.0000113099
 -0.0000000678
 -0.0001291160
  0.0000018153
  0.0000026476
  0.0000005286
 -0.0000762584
  0.0000596233
  0.0000805310
 -0.0000002952
 -0.0000861524
 -0.0000087326
 -0.0000143246
  0.0000120488
 -0.0000241371
 -0.0000051056
  0.0000017751
 -0.0000085852
  0.0000020198
 -0.0000015289
  0.0000055739
  0.0000098444
 -0.0001194114
  0.0000009739
 -0.0000937523
  0.0000126667
  0.0000164518
  0.0000084204
  0.0000089453
  0.0000685739
 -0.0000043533
  0.0000006689
  0.0000109791
 -0.0000150613
  0.0000272788
  0.0000008883
 -0.0000869806
  0.0000218480
  0.0000025262
  0.0000130269
 -0.0000871464
  0.0000240443
 -0.0000123839
 -0.0000303529
  0.0000174970
  0.0001418424
  0.0000378639
  0.0000925382
  0.0000031253
 -0.0000337161
  0.0000132344
  0.0000092937
  0.0000060269
 -0.0000483064
 -0.0000110146
 -0.0000143071
 -0.0000018721
 -0.0000018509
 -0.0000523060
 -0.0000157786
 -0.0000047610
 -0.0000042130
  0.0000068274
 -0.0000148838
  0.0000046257
 -0.0000009968
  0.0000016398
 -0.0001234398
 -0.0000340047
 -0.0000030321
 -0.0001535778
 -0.0000038919
 -0.0000046048
 -0.0000009667
 -0.0001545676
  0.0000030091
 -0.0000018235
 -0.0000102568
 -0.0002786353
 -0.0001193302
  0.0000301728
 -0.0000005242
 -0.0000590985
 -0.0000021854
 -0.0000134621
 -0.0000095292
 -0.0000032712
  0.0000018168
 -0.0000167192
 -0.0000070779
 -0.0000072210
 -0.0000192729
  0.0000226507
  0.0000475153
  0.0000282679
  0.0000020080
  0.0000043583
  0.0000153991
  0.0000036853
 -0.0001019017
  0.0000234541
  0.0000089516
 -0.0002639487
  0.0000071986
  0.0000111290
  0.0000106978
  0.0000061526
  0.0000066461
  0.0000095513
 -0.0000434603
  0.0000033053
  0.0000216175
  0.0000110171
 -0.0000001405
  0.0000021940
  0.0000105758
 -0.0000084505
 -0.0000074650
 -0.0000021822
  0.0000100166
  0.0000014875
 -0.0000231454
  0.0000062918
  0.0000044652
 -0.0000015394
  0.0001274558
  0.0000079346
  0.0000071601
 -0.0000823931
 -0.0000277908
  0.0000020106
 -0.0001903854
  0.0000079287
  0.0000072231
  0.0000098091
  0.0000923003
 -0.0000095681
 -0.0000003602
  0.0000279567
  0.0000073255
  0.0000481059
  0.0000478150
  0.0000125705
  0.0000074732
  0.0000084115
 -0.0000086979
  0.0000076454
 -0.0000176516
  0.0000607566
  0.0000077316
 -0.0000236507
  0.0000002372
 -0.0000052274
 -0.0000069828
  0.0000124792
  0.0000030075
  0.0000046921
  0.0000029897
 -0.0001618090
 -0.0000021659
  0.0000054669
 -0.0002022504
  0.0000005464
  0.0000057991
  0.0000039184
 -0.0002272417
  0.0000046557
  0.0000039162
 -0.0000032726
 -0.0002302945
 -0.0001470165
  0.0000652874
  0.0000041512
 -0.0000309994
  0.0000042006
 -0.0000029444
  0.0000396425
  0.0000056150
  0.0000117221
 -0.0000032743
 -0.0000057384
  0.0000055690
  0.0000138273
 -0.0000116218
  0.0000115613
 -0.0000031991
 -0.0000117681
 -0.0000102331
 -0.0000001033
 -0.0000051063
 -0.0001162957
  0.0000055518
  0.0000004748
 -0.0001958073
 -0.0000025487
  0.0000012232
  0.0000025137
  0.0000946492
 -0.0000049500
 -0.0000082378
 -0.0000010749
  0.0000766903
  0.0000693871
  0.0000208823
 -0.0000027896
 -0.0000160296
 -0.0000148393
 -0.0000030475
 -0.0000095723
 -0.0000033507
  0.0000306607
  0.0000003474
 -0.0001378288
  0.0000031594
 -0.0000077779
 -0.0000097105
  0.0000132272
  0.0000537819
 -0.0000017541
 -0.0000013006
  0.0000068185
  0.0002193187
  0.0000044698
  0.0000057334
 -0.0002471015
  0.0000127027
  0.0000012892
  0.0000008635
 -0.0002678716
  0.0000098626
  0.0000031934
  0.0000142095
  0.0000085690
 -0.0001289108
  0.0001158697
  0.0000770561
  0.0000050333
 -0.0001747619
 -0.0000002006
 -0.0000037873
  0.0000060914
  0.0000177529
  0.0000053654
  0.0000118426
 -0.0000801446
  0.0000053094
 -0.0001612809
  0.0000290061
  0.0000175582
  0.0000156978
  0.0000137732
  0.0000125389
  0.0000148989
  0.0000102768
  0.0001731950
  0.0000087513
  0.0000096524
 -0.0002083493
  0.0000131183
  0.0000035940
  0.0000151704
 -0.0001235014
  0.0000197137
  0.0000111645
  0.0000161613
 -0.0001542496
  0.0000640485
  0.0000743442
  0.0000074140
 -0.0000821816
  0.0000104511
  0.0000004116
 -0.0000294163
  0.0000093331
  0.0000156260
  0.0000013515
  0.0000074282
  0.0000129548
  0.0000022878
  0.0000661201
  0.0000217610
 -0.0000060117
 -0.0000012844
 -0.0000035710
 -0.0000048078
  0.0000179432
  0.0000032865
 -0.0000011978
  0.0000033881
  0.0000046090
 -0.0000701891
 -0.0000052612
 -0.0000000181
 -0.0000054509
 -0.0000197928
  0.0000782891
 -0.0000045910
  0.0000666911
  0.0000024450
  0.0000132263
  0.0000042063
 -0.0000046052
  0.0000053058
 -0.0000014886
 -0.0000004087
  0.0000013172
 -0.0000125038
 -0.0000093627
 -0.0000039716
 -0.0000066105
  0.0000385483
 -0.0000045519
 -0.0000008253
 -0.0002017541
 -0.0000063567
  0.0000009298
  0.0000452877
 -0.0000078385
 -0.0000055882
  0.0000130997
  0.0000295626
 -0.0000055276
 -0.0000153008
 -0.0000059172
 -0.0000106109
  0.0000194598
  0.0000194629
 -0.0000680001
  0.0000098014
 -0.0001006414
  0.0000311993
  0.0000195406
  0.0000147636
  0.0000057410
  0.0000354035
  0.0000036673
  0.0000205356
  0.0000085618
  0.0000377905
  0.0000073291
 -0.0000072948
 -0.0001444679
  0.0000062788
  0.0000011141
  0.0000097699
 -0.0001406740
  0.0000118666
  0.0000092424
 -0.0000062035
  0.0000184713
  0.0000430750
  0.0000560504
  0.0000873071
  0.0000301804
 -0.0000276612
  0.0000111306
  0.0000071438
 -0.0000510461
 -0.0000593324
  0.0000250693
  0.0000333242
  0.0000057140
 -0.0000705129
  0.0000158501
 -0.0001254970
  0.0000267988
  0.0000162229
  0.0000146142
  0.0000014879
  0.0000161938
  0.0000061182
  0.0000122147
 -0.0000073806
  0.0000606268
  0.0000051403
  0.0000125793
 -0.0001345940
 -0.0000144408
  0.0000013303
  0.0000048869
 -0.0000893077
 -0.0000072429
  0.0000057747
  0.0000035807
 -0.0000077772
 -0.0000761375
  0.0000812211
  0.0000618029
 -0.0000020510
 -0.0000354042
 -0.0000134456
  0.0000010364
  0.0000074990
 -0.0000472783
 -0.0000001479
  0.0000060526
  0.0000066146
 -0.0001037516
  0.0000079223
 -0.0000461878
  0.0001525069
 -0.0000068405
  0.0000098947
  0.0000021650
  0.0000492293
 -0.0000217263
 -0.0000089660
 -0.0000261654
 -0.0000161746
 -0.0000031398
 -0.0000220666
 -0.0001168945
 -0.0000224908
  0.0000059425
 -0.0000042550
 -0.0000704464
  0.0000002805
  0.0001646944
 -0.0000095888
 -0.0000060303
  0.0000125484
 -0.0000165338
  0.0001943136
  0.0000598261
  0.0000595883
 -0.0000109801
 -0.0000208066
 -0.0000369300
 -0.0000799746
  0.0001461796
  0.0000797424
  0.0000059142
  0.0000115024
 -0.0000114658
 -0.0000080464
  0.0000030174
  0.0000009436
  0.0000054277
  0.0000064762
 -0.0000233176
 -0.0000032425
  0.0000057797
  0.0000094217
  0.0000089142
 -0.0001598753
  0.0000086440
  0.0000102525
  0.0000017552
 -0.0002011786
 -0.0002678505
  0.0000069299
 -0.0000058981
 -0.0000014363
 -0.0000140199
 -0.0000050633
  0.0000067955
  0.0000142341
 -0.0000092115
  0.0000019123
  0.0000080490
  0.0000451096
  0.0000034191
 -0.0000047812
 -0.0000146874
  0.0000119882
  0.0000095607
  0.0000089094
  0.0000078804
 -0.0000097532
  0.0000021930
  0.0000057651
  0.0000001479
  0.0000041843
 -0.0000392944
  0.0000024604
 -0.0000113524
  0.0000071350
  0.0000210703
  0.0000682457
  0.0000082374
  0.0000271073
  0.0000064341
 -0.0000306638
 -0.0000223274
  0.0000066680
 -0.0000193456
 -0.0000782213
  0.0000126027
 -0.0000909907
  0.0000862405
  0.0000361909
  0.0000614163
  0.0000170667
  0.0000616515
  0.0000021293
  0.0000112219
  0.0000351212
 -0.0000224902
  0.0000084022
  0.0000085554
 -0.0001150159
  0.0000365142
  0.0000093808
  0.0000064379
 -0.0001248744
  0.0000294331
  0.0000779124
  0.0000202334
  0.0000544144
  0.0000358857
  0.0001219309
  0.0000410945
 -0.0000110156
  0.0000000927
  0.0000077958
 -0.0000616449
 -0.0000655591
  0.0000411586
  0.0000377223
 -0.0000086798
 -0.0000656139
 -0.0000032067
 -0.0000051729
 -0.0000044188
  0.0000798508
 -0.0000047880
 -0.0000090852
  0.0000724913
 -0.0000245258
 -0.0000260601
 -0.0000026173
 -0.0000072891
 -0.0000046459
 -0.0000047095
  0.0000023646
 -0.0000215621
 -0.0000031630
 -0.0000065515
  0.0000036576
 -0.0000032533
 -0.0000072790
  0.0000000294
 -0.0000020019
  0.0000150504
 -0.0000111803
  0.0000019590
  0.0000007107
  0.0000002065
  0.0000010176
 -0.0000028953
 -0.0000292857
  0.0000072590
  0.0000118185
 -0.0000048445
 -0.0000117601
 -0.0000058905
 -0.0000062470
 -0.0000110760
  0.0000074695
 -0.0000050786
 -0.0000148960
 -0.0000087041
 -0.0000724703
 -0.0000073810
 -0.0000007162
  0.0000129309
  0.0000868530
 -0.0000013486
 -0.0000030377
  0.0000247644
 -0.0000054998
  0.0000316301
  0.0000105108
 -0.0000570817
 -0.0000136431
 -0.0000034532
  0.0000011640
 -0.0000096424
 -0.0000702584
 -0.0000043630
 -0.0000037536
  0.0000743444
  0.0000190081
  0.0000304368
  0.0000032629
 -0.0000593602
 -0.0000154712
 -0.0000059191
  0.0000185340
 -0.0000029200
  0.0000030512
  0.0000023326
  0.0000105091
  0.0000077319
  0.0000009992
 -0.0000232999
 -0.0000081257
 -0.0000011661
  0.0000028906
  0.0000150880
 -0.0000077449
  0.0000085741
 -0.0000478844
  0.0000113057
 -0.0001116366
 -0.0000184031
 -0.0000814404
  0.0000134659
 -0.0000825560
 -0.0000425293
  0.0000108577
 -0.0001341063
 -0.0000030429
  0.0000025840
 -0.0000028968
 -0.0000028803
 -0.0000033965
  0.0000147673
 -0.0000106034
 -0.0000009617
 -0.0000096962
 -0.0000024468
  0.0000076731
  0.0000124291
  0.0000043967
  0.0000200765
  0.0000025282
  0.0000028275
 -0.0000003303
  0.0000002779
  0.0000053809
  0.0000370376
  0.0000044392
  0.0000029517
  0.0000012317
 -0.0000042421
  0.0000133176
  0.0000048227
  0.0000038464
  0.0000069581
  0.0000089797
  0.0000088865
  0.0000050478
  0.0000035361
 -0.0001051869
  0.0000026296
  0.0000137356
  0.0000066475
 -0.0000046050
 -0.0000079083
  0.0000278645
 -0.0000253626
 -0.0000064468
 -0.0000153802
 -0.0000016466
 -0.0000008213
  0.0000027750
  0.0000032172
 -0.0000069004
 -0.0000006474
  0.0000007586
 -0.0000075049
  0.0000515876
  0.0000096955
 -0.0000206895
  0.0000612176
  0.0000570284
 -0.0000467325
  0.0000962594
  0.0000664449
  0.0000359429
 -0.0000042412
  0.0000021717
 -0.0000442380
  0.0000005454
 -0.0000031811
 -0.0000004524
  0.0000030599
  0.0000274443
  0.0000020881
  0.0000005379
 -0.0000006948
  0.0000050352
 -0.0000023714
 -0.0000071610
 -0.0000039097
  0.0000024399
  0.0000024577
 -0.0000106611
 -0.0000018569
 -0.0000113660
 -0.0000037642
  0.0000001306
 -0.0000052663
  0.0000261302
  0.0000112809
  0.0000030660
  0.0000043373
 -0.0000065952
 -0.0000057684
 -0.0000030779
  0.0000401530
  0.0000006655
 -0.0000085084
  0.0000276355
 -0.0001147636
  0.0000406065
 -0.0000259849
  0.0000316488
  0.0000397948
  0.0000454541
 -0.0000002338
 -0.0000030156
 -0.0000231816
  0.0000002742
 -0.0000052492
 -0.0000066825
 -0.0000029314
  0.0000051828
  0.0000004059
  0.0000187074
  0.0000088631
 -0.0001364362
 -0.0000018568
  0.0000009491
  0.0000025882
 -0.0000451272
 -0.0000096685
 -0.0000545806
 -0.0000595692
 -0.0000044714
 -0.0000014820
  0.0000064692
 -0.0000072887
 -0.0000019010
 -0.0000137424
 -0.0000059882
 -0.0000009081
 -0.0000116761
 -0.0000023550
 -0.0000133472
