 -0.0000068744
 -0.0000040363
  0.0000086816
 -0.0000030781
  0.0000050842
  0.0000036589
  0.0000328020
  0.0000106059
  0.0000264646
 -0.0000150978
  0.0000020591
  0.0000397279
  0.0000364253
 -0.0001255197
  0.0000039722
 -0.0000961650
 -0.0000001078
  0.0000603823
  0.0000184435
  0.0000117883
 -0.0000255305
  0.0000212674
  0.0000196128
 -0.0000058645
 -0.0000068058
  0.0000118862
 -0.0001124038
  0.0000530829
  0.0000423259
  0.0000466754
 -0.0001576621
  0.0000046870
  0.0000122055
 -0.0001105927
 -0.0000001795
 -0.0000091732
  0.0000032488
  0.0000028480
  0.0000093346
 -0.0000093649
  0.0000366833
 -0.0000012121
  0.0000302423
  0.0000344060
 -0.0000017070
  0.0000018275
  0.0000046845
  0.0000028774
  0.0000043632
  0.0000020705
  0.0000036818
  0.0000052804
 -0.0000012434
  0.0000051720
  0.0000012785
  0.0000034214
  0.0000157208
  0.0000100045
 -0.0000003157
  0.0000131036
  0.0000101457
 -0.0000003160
  0.0000007628
  0.0000115874
 -0.0000071667
 -0.0000112171
  0.0000058672
 -0.0000026503
 -0.0000081892
  0.0000451790
  0.0000036584
  0.0000101235
 -0.0000029511
 -0.0000024460
  0.0000024358
 -0.0000019467
 -0.0000013534
 -0.0000020872
 -0.0000028024
 -0.0000012263
 -0.0000007628
 -0.0000005003
 -0.0000016460
 -0.0000034975
 -0.0000024015
 -0.0000019999
 -0.0000002757
 -0.0000020250
 -0.0000015832
 -0.0000010388
 -0.0000001904
  0.0000045964
 -0.0000005640
 -0.0000025366
  0.0000000541
  0.0000054396
 -0.0000042165
  0.0000015407
 -0.0000029656
  0.0000048301
 -0.0000000592
 -0.0000034370
 -0.0000017537
 -0.0000019021
 -0.0000001953
 -0.0000016305
 -0.0000027472
 -0.0000043715
 -0.0000047576
  0.0000001409
 -0.0000000638
  0.0000046833
  0.0000002301
  0.0000049420
  0.0000006501
 -0.0000033214
 -0.0000053771
 -0.0000010305
 -0.0000037667
  0.0000031415
  0.0000004426
  0.0000062463
 -0.0000031162
  0.0000032465
  0.0000036540
  0.0000003178
  0.0000008750
  0.0000035506
  0.0000018144
 -0.0000071891
 -0.0000019094
  0.0000095919
  0.0000000482
  0.0000028784
 -0.0000017246
  0.0000041044
  0.0000019568
 -0.0000029583
  0.0000032800
  0.0000037234
  0.0000045094
  0.0000020884
  0.0000045885
 -0.0000001764
 -0.0001042295
  0.0000119770
 -0.0000051516
 -0.0000167657
 -0.0000059229
  0.0000350618
 -0.0000143441
  0.0000341580
  0.0000262174
  0.0000092857
 -0.0000675062
  0.0000443048
  0.0000622651
 -0.0001082057
  0.0000278233
  0.0000098981
 -0.0000880020
  0.0000234660
 -0.0000006859
 -0.0001462324
  0.0000003647
  0.0000157480
  0.0000416177
 -0.0000865139
  0.0000144965
 -0.0000045504
  0.0000034089
  0.0000020194
 -0.0000046732
  0.0000018938
  0.0000023724
  0.0000036961
 -0.0000010100
  0.0000016385
  0.0000044898
 -0.0000018076
 -0.0000064103
  0.0000026543
  0.0000013940
  0.0000031345
 -0.0000051248
  0.0000028123
 -0.0000009587
  0.0000055879
 -0.0000009025
 -0.0000056181
  0.0000011529
  0.0000017711
 -0.0000026877
  0.0000026458
 -0.0000002050
 -0.0000024776
 -0.0001098861
  0.0000020319
  0.0000678799
 -0.0000007001
  0.0000027594
  0.0000022103
 -0.0000023190
 -0.0000018966
 -0.0000023429
 -0.0000016053
 -0.0000013834
  0.0000003615
 -0.0000007541
 -0.0000017837
 -0.0000043490
 -0.0000019530
 -0.0000019767
 -0.0000006962
 -0.0000021165
 -0.0000018956
 -0.0000018323
 -0.0000066013
  0.0000044068
  0.0000035783
  0.0000059785
 -0.0000022923
  0.0000009204
 -0.0000046101
 -0.0000025297
 -0.0000040524
  0.0000035331
 -0.0000015374
 -0.0000061264
  0.0000018273
 -0.0000013352
 -0.0000064313
  0.0000003086
 -0.0000061306
  0.0000009011
 -0.0000037136
  0.0000005661
 -0.0000001376
 -0.0000033457
  0.0000003734
 -0.0000034483
  0.0000012851
 -0.0000012656
 -0.0000017950
  0.0000008403
 -0.0000046217
 -0.0000038572
 -0.0000049249
 -0.0000009149
  0.0000008990
  0.0000041657
  0.0000044277
 -0.0000004522
  0.0000023225
 -0.0000024250
  0.0000025308
  0.0000018025
  0.0000030724
 -0.0000019287
  0.0000074758
  0.0000018195
 -0.0000026895
  0.0000394541
  0.0000226516
 -0.0000276599
 -0.0001295556
 -0.0000111243
  0.0000070357
  0.0000887965
  0.0000187413
 -0.0000708708
  0.0000198467
  0.0000534057
 -0.0001019632
  0.0000147983
  0.0000030868
  0.0000223990
 -0.0001087016
 -0.0000771010
  0.0000043620
 -0.0000058877
  0.0000182113
 -0.0000027236
  0.0000049065
 -0.0000085906
 -0.0000072617
  0.0000047877
  0.0000040553
 -0.0000075471
 -0.0000051999
 -0.0000029007
  0.0000039725
  0.0000043895
 -0.0000011117
 -0.0000020590
  0.0000023858
  0.0000040288
 -0.0000021083
  0.0000023239
  0.0000016839
  0.0000040927
  0.0000066269
 -0.0000028425
  0.0000136876
 -0.0000031147
  0.0000172226
  0.0000082105
  0.0000061426
 -0.0000030371
  0.0000128562
  0.0000031446
 -0.0000020372
 -0.0000059860
  0.0000018622
  0.0000017522
  0.0000024644
  0.0000017290
  0.0000028434
 -0.0000000161
  0.0000009940
  0.0000026978
  0.0000021002
  0.0000024788
  0.0000026320
  0.0000017818
  0.0000022483
  0.0000021497
  0.0000023357
  0.0000023521
 -0.0000001370
  0.0000056054
 -0.0000003495
  0.0000011003
  0.0000035122
  0.0000058633
 -0.0000009134
  0.0000016707
  0.0000009267
  0.0000055097
  0.0000030713
 -0.0000023498
  0.0000003697
  0.0000009499
 -0.0000038829
  0.0000016862
 -0.0000019656
 -0.0000004865
  0.0000035980
  0.0000045088
  0.0000043889
  0.0000052521
  0.0000064917
 -0.0000031184
 -0.0000000334
 -0.0000026305
 -0.0000001203
  0.0000066304
  0.0000032413
 -0.0000066604
  0.0000054338
  0.0000012444
  0.0000037053
  0.0000057401
  0.0000029233
  0.0000018398
  0.0000029660
 -0.0000036880
  0.0000064678
 -0.0000006973
  0.0000040515
 -0.0000012917
  0.0000054454
 -0.0000042958
 -0.0000097424
 -0.0000003957
 -0.0000009714
 -0.0000029475
  0.0000174359
  0.0000164292
 -0.0000117023
 -0.0000094602
  0.0000012751
  0.0000027736
  0.0000313236
 -0.0000061008
 -0.0000975981
 -0.0000149216
 -0.0000090554
  0.0000078474
  0.0000056636
 -0.0000856311
 -0.0000030189
  0.0000150178
  0.0000142613
 -0.0001219022
 -0.0001065373
 -0.0000095033
  0.0000036202
  0.0000024062
 -0.0000055177
  0.0000146609
  0.0000034546
  0.0000053898
  0.0000108760
  0.0000038627
 -0.0000066073
  0.0000068720
  0.0000066834
  0.0000083176
  0.0000073640
  0.0000077528
  0.0000086659
 -0.0000011542
 -0.0000027532
  0.0000019840
 -0.0000067666
  0.0000086025
 -0.0000074356
  0.0000046041
  0.0000116761
 -0.0000009516
  0.0000030752
 -0.0000077816
  0.0000003621
  0.0000048669
  0.0000002094
 -0.0000053915
  0.0000022335
 -0.0000075877
  0.0000053093
 -0.0000109114
  0.0000009270
  0.0000040619
 -0.0000069389
  0.0000008760
  0.0000001010
  0.0000007372
  0.0000002293
 -0.0000001897
  0.0000002713
  0.0000003739
 -0.0000000704
  0.0000005866
  0.0000006075
  0.0000008246
  0.0000005100
  0.0000007442
  0.0000011346
  0.0000012238
  0.0000036808
 -0.0000080306
 -0.0000101485
  0.0000018319
  0.0000004780
 -0.0000017681
  0.0000064622
  0.0000056624
  0.0000074232
 -0.0000073042
  0.0000060229
  0.0000071552
  0.0000051990
  0.0000059934
  0.0000036880
  0.0000100048
  0.0000072067
  0.0000103856
  0.0000000151
  0.0000070861
  0.0000044992
  0.0000061857
  0.0000009792
 -0.0000009164
  0.0000089673
  0.0000040302
  0.0000037407
  0.0000035016
  0.0000025429
  0.0000015367
  0.0000082623
 -0.0000025330
  0.0000065588
  0.0000020302
  0.0000040032
  0.0000082957
 -0.0000012797
 -0.0000058769
  0.0000003873
 -0.0000011427
  0.0000033536
  0.0000095555
 -0.0000010827
  0.0000055665
 -0.0000053465
  0.0000023884
  0.0000025723
  0.0000011911
 -0.0000069821
 -0.0000046113
 -0.0000150410
  0.0000126927
 -0.0000052231
 -0.0001399451
 -0.0000163409
  0.0000174252
  0.0000287471
  0.0000390248
  0.0000180185
 -0.0000234442
  0.0000014939
 -0.0000245453
  0.0000620759
  0.0000177759
  0.0000324594
  0.0000228239
 -0.0000036351
  0.0000081344
  0.0000282611
 -0.0000070416
  0.0000415248
  0.0000265458
  0.0000003938
  0.0000011447
  0.0000026690
  0.0000084586
  0.0000165636
  0.0000092556
  0.0000083748
  0.0000066486
  0.0000107255
  0.0000080402
  0.0000074596
  0.0000078525
  0.0000074972
 -0.0000004650
  0.0000088726
  0.0000077050
  0.0000050369
  0.0000084268
 -0.0000036789
  0.0000067276
  0.0000169021
  0.0000020592
  0.0000090617
 -0.0000041371
  0.0000022963
  0.0000045609
  0.0000029192
  0.0000071385
  0.0000080871
 -0.0000039195
 -0.0001161544
  0.0000072374
 -0.0000058149
  0.0000067051
  0.0000094480
  0.0000033594
  0.0000003956
  0.0000004456
  0.0000003639
  0.0000009276
 -0.0000017623
  0.0000017341
  0.0000008355
  0.0000002021
  0.0000008639
  0.0000018063
  0.0000008109
  0.0000007490
  0.0000013035
  0.0000008754
  0.0000005801
  0.0000015036
  0.0000059579
  0.0000008668
  0.0000038271
  0.0000068258
  0.0000106708
  0.0000013899
  0.0000031590
  0.0000030230
  0.0000085033
  0.0000071949
 -0.0000006545
  0.0000029382
  0.0000028434
  0.0000003923
  0.0000039292
 -0.0000008058
  0.0000011492
 -0.0000020329
  0.0000068772
  0.0000052965
  0.0000085547
  0.0000025476
  0.0000033222
 -0.0000003257
  0.0000011158
 -0.0000016012
  0.0000087066
  0.0000040133
  0.0000066654
 -0.0000036493
  0.0000045149
  0.0000006105
  0.0000045372
  0.0000008078
  0.0000081817
 -0.0000019412
  0.0000054657
 -0.0000010641
  0.0000008443
  0.0000005022
 -0.0000045062
  0.0000053411
 -0.0000075756
 -0.0000032949
  0.0000013617
  0.0000021205
  0.0000119863
  0.0000026758
 -0.0000211623
  0.0000089906
 -0.0000017492
  0.0000096273
 -0.0000081934
 -0.0000047722
 -0.0001580443
  0.0000081446
  0.0000326004
 -0.0000218941
  0.0000050203
  0.0000014136
  0.0000022488
  0.0000050710
  0.0000204724
 -0.0000124326
 -0.0000045976
  0.0000420930
 -0.0000001976
  0.0000038105
 -0.0000195724
  0.0000488603
 -0.0000088682
 -0.0000182393
  0.0000075878
 -0.0000134094
  0.0000022941
 -0.0000031689
  0.0000076749
 -0.0000015531
 -0.0000031857
 -0.0000100879
  0.0000013619
 -0.0000017466
  0.0000036282
 -0.0000027869
  0.0000002380
 -0.0000046296
  0.0000003563
 -0.0000106564
  0.0000073181
 -0.0000001968
  0.0000038185
 -0.0000056041
 -0.0000051995
  0.0000085758
 -0.0000075919
 -0.0000082168
  0.0000048305
  0.0000010586
 -0.0000051631
  0.0000038253
 -0.0000022874
  0.0000266854
 -0.0000057763
 -0.0000025729
  0.0000011835
 -0.0000041381
 -0.0000039553
 -0.0000038016
 -0.0000043969
 -0.0000043146
 -0.0000041209
 -0.0000044178
 -0.0000038648
 -0.0000042898
 -0.0000036421
 -0.0000039017
 -0.0000037433
 -0.0000040086
 -0.0000039523
 -0.0000042284
 -0.0000018297
 -0.0000046928
 -0.0000024095
 -0.0000033968
  0.0000030115
 -0.0000017323
 -0.0000013937
  0.0000017833
 -0.0000008562
 -0.0000050738
  0.0000040849
 -0.0000004959
  0.0000004736
  0.0000019243
 -0.0000031879
 -0.0000035186
 -0.0000018264
  0.0000006622
 -0.0000037551
  0.0000015621
  0.0000001543
 -0.0000003523
 -0.0000007299
  0.0000007483
 -0.0000040754
 -0.0000015983
 -0.0000011897
  0.0000009557
 -0.0000013838
 -0.0000019797
  0.0000002104
 -0.0000016687
  0.0000007072
 -0.0000034741
 -0.0000038500
 -0.0000055002
  0.0000008356
  0.0000038452
 -0.0000042369
  0.0000001802
 -0.0000007813
 -0.0000014680
 -0.0000022193
 -0.0000016876
  0.0000018389
 -0.0000030877
 -0.0000039928
  0.0000015984
 -0.0000024699
 -0.0000044758
 -0.0000004014
 -0.0000034343
  0.0000014663
  0.0000905031
  0.0000442113
 -0.0000044124
  0.0000242988
  0.0000005669
  0.0000164030
  0.0000025902
  0.0000024935
  0.0000010032
  0.0000244437
 -0.0000049911
 -0.0000094718
  0.0000308069
  0.0000345569
 -0.0000884318
  0.0000678886
 -0.0000135647
  0.0000049227
  0.0000010002
 -0.0000859573
  0.0000176046
  0.0000064342
 -0.0001110140
 -0.0000968284
 -0.0000140624
 -0.0000096078
  0.0000000438
  0.0000020636
 -0.0000100829
 -0.0000095735
  0.0000118208
  0.0000010114
 -0.0000023599
  0.0000057264
  0.0000033026
 -0.0000004037
  0.0000026627
  0.0000013082
 -0.0000017581
 -0.0000016357
  0.0000024414
  0.0000068249
 -0.0000012105
  0.0000010226
  0.0000012363
  0.0000003531
 -0.0000057940
  0.0000124960
  0.0000041427
  0.0000050489
  0.0000048231
 -0.0000005204
  0.0000075495
  0.0000025514
 -0.0000068164
 -0.0000018779
  0.0000009977
  0.0000000269
  0.0000117253
  0.0001015873
  0.0000018707
 -0.0000002501
  0.0000037691
  0.0000012539
  0.0000002299
  0.0000013649
  0.0000016628
  0.0000015599
  0.0000002954
  0.0000005905
  0.0000004584
  0.0000002999
  0.0000008468
 -0.0000021949
  0.0000030100
  0.0000041240
 -0.0000007724
 -0.0000018395
 -0.0000019248
  0.0000011750
  0.0000021822
 -0.0000004163
  0.0000022752
 -0.0000008461
 -0.0000010771
 -0.0000049839
 -0.0000057542
  0.0000010495
  0.0000021512
 -0.0000018686
 -0.0000023791
 -0.0000020792
  0.0000011360
 -0.0000019621
 -0.0000049095
 -0.0000008581
  0.0000005012
 -0.0000012870
  0.0000039251
 -0.0000033590
  0.0000020555
 -0.0000030745
  0.0000005505
  0.0000006825
  0.0000059272
 -0.0000027783
  0.0000004379
  0.0000028883
 -0.0000014473
 -0.0000029078
  0.0000030238
 -0.0000034391
 -0.0000067572
  0.0000029803
  0.0000016009
  0.0000011724
  0.0000020702
  0.0000012922
  0.0000009155
  0.0000003024
  0.0000017531
 -0.0000008206
 -0.0000061722
  0.0000001875
 -0.0000021756
  0.0000010626
  0.0000015950
  0.0000142168
 -0.0000945622
  0.0000152196
 -0.0000033236
 -0.0000065944
 -0.0000034915
  0.0000434370
  0.0000072729
  0.0000267250
  0.0000296596
  0.0000017724
 -0.0000225898
  0.0000651992
  0.0000077880
 -0.0000922214
 -0.0000092264
 -0.0000781205
  0.0000401843
  0.0000017982
  0.0000055472
 -0.0001060893
 -0.0000067876
  0.0000292094
  0.0000093802
  0.0000580911
  0.0000186661
  0.0000925689
  0.0000095181
  0.0000315716
 -0.0000036246
 -0.0000004916
 -0.0000029792
  0.0000035333
 -0.0000013056
 -0.0000004960
  0.0000038364
  0.0000068342
 -0.0000005359
 -0.0000005850
 -0.0000002889
  0.0000006054
 -0.0000027793
  0.0000021271
 -0.0000008942
  0.0000054297
 -0.0000041744
 -0.0000005336
  0.0000017070
  0.0000097598
  0.0000036972
 -0.0000044919
  0.0000062201
  0.0000049602
 -0.0000044180
 -0.0000003156
  0.0000029479
  0.0000013531
 -0.0000668489
  0.0000001628
  0.0000201285
  0.0000008024
  0.0000041913
 -0.0000000383
  0.0000009464
  0.0000003871
  0.0000006713
  0.0000008493
  0.0000009235
  0.0000010107
  0.0000016939
  0.0000007650
 -0.0000000368
  0.0000002470
  0.0000007255
  0.0000003745
  0.0000007316
  0.0000012469
  0.0000012090
 -0.0000014442
  0.0000009995
  0.0000021358
 -0.0000019321
  0.0000035495
 -0.0000031284
 -0.0000039339
  0.0000022046
 -0.0000039219
  0.0000001388
  0.0000045065
 -0.0000001464
 -0.0000021146
  0.0000039902
  0.0000017654
 -0.0000042694
 -0.0000014047
  0.0000017254
 -0.0000016039
  0.0000019140
  0.0000025328
  0.0000012632
 -0.0000037675
 -0.0000024970
 -0.0000013815
 -0.0000019636
 -0.0000011531
 -0.0000012805
  0.0000017691
 -0.0000028684
 -0.0000002195
 -0.0000041739
  0.0000020092
  0.0000009659
  0.0000043210
 -0.0000039210
  0.0000028798
  0.0000016337
  0.0000022597
  0.0000027142
 -0.0000011492
  0.0000021567
 -0.0000004489
 -0.0000038566
 -0.0000000295
  0.0000000423
 -0.0000022235
 -0.0000022766
  0.0000025647
  0.0000008613
  0.0000208349
 -0.0001239241
 -0.0000080089
 -0.0000270417
 -0.0000039271
 -0.0000167514
  0.0000292418
  0.0000027239
  0.0000141560
 -0.0000125751
  0.0000016218
  0.0000057145
 -0.0000043637
  0.0000020655
  0.0000292476
  0.0000519252
  0.0000351556
  0.0000492054
 -0.0000138086
  0.0000165081
 -0.0000272439
 -0.0001213792
 -0.0000190291
  0.0000381248
  0.0000063062
  0.0000403674
  0.0000041493
  0.0000499135
 -0.0000033687
  0.0000044827
  0.0000003819
  0.0000005887
  0.0000003843
 -0.0000033142
 -0.0000064407
  0.0000047632
 -0.0000021083
  0.0000018789
 -0.0000013454
  0.0000038558
  0.0000002826
 -0.0000000050
 -0.0000054633
 -0.0000033771
 -0.0000068743
  0.0000005008
 -0.0000037702
  0.0000033388
 -0.0000023589
  0.0000039810
  0.0000021827
 -0.0000043793
  0.0000024421
  0.0000063060
 -0.0000025670
 -0.0000038688
 -0.0000000759
  0.0000026147
 -0.0000990228
  0.0000052263
  0.0000302721
 -0.0000051489
  0.0000015312
 -0.0000054412
 -0.0000021050
 -0.0000012103
 -0.0000016953
 -0.0000010650
 -0.0000000787
 -0.0000024811
 -0.0000015311
  0.0000041807
  0.0000022064
 -0.0000013333
  0.0000012709
 -0.0000007930
  0.0000017242
 -0.0000010964
 -0.0000035461
  0.0000027925
 -0.0000003344
 -0.0000008846
 -0.0000008013
  0.0000001450
 -0.0000010878
  0.0000045652
  0.0000039307
 -0.0000006509
 -0.0000021442
  0.0000073466
  0.0000014395
 -0.0000011502
 -0.0000006890
  0.0000013081
 -0.0000017883
 -0.0000020636
 -0.0000018310
  0.0000001544
  0.0000036053
 -0.0000009971
  0.0000020436
 -0.0000003305
 -0.0000000061
 -0.0000004229
 -0.0000030607
 -0.0000058648
 -0.0000009205
 -0.0000037052
 -0.0000014055
 -0.0000018003
 -0.0000021561
  0.0000010888
 -0.0000003571
  0.0000007633
 -0.0000005310
 -0.0000010602
 -0.0000021443
  0.0000004243
 -0.0000000122
 -0.0000002741
 -0.0000009160
  0.0000024662
 -0.0000075001
  0.0000063690
 -0.0000042605
 -0.0000010284
  0.0000041640
  0.0000336959
 -0.0000190890
 -0.0001174469
 -0.0000981596
  0.0000409915
 -0.0000883457
  0.0000185062
  0.0000567976
  0.0000011438
  0.0000395391
 -0.0000100908
  0.0000375029
 -0.0001230719
 -0.0000907288
  0.0000599807
  0.0000150110
  0.0000264927
  0.0000317023
  0.0000087830
  0.0000074669
 -0.0000031065
  0.0000101158
  0.0000108622
  0.0000177577
 -0.0000019495
 -0.0000031106
  0.0000026635
  0.0000166272
 -0.0000024371
 -0.0000011153
  0.0000088311
  0.0000057588
 -0.0000008521
  0.0000257223
  0.0000026362
  0.0000111336
 -0.0000013152
  0.0000059499
  0.0000011588
 -0.0000028039
  0.0000012672
  0.0000076278
 -0.0000002153
 -0.0000023519
  0.0000028885
  0.0000058329
  0.0000009459
 -0.0000008581
 -0.0000008331
 -0.0000008590
 -0.0000003103
  0.0000000852
 -0.0000012950
 -0.0000002447
 -0.0000004254
 -0.0000008481
  0.0000001454
 -0.0000003426
 -0.0000005108
 -0.0000003597
 -0.0000007478
 -0.0000006614
 -0.0000001685
  0.0000072388
  0.0000130872
 -0.0000010541
 -0.0000010827
 -0.0000018801
  0.0000110897
  0.0000044140
  0.0000076557
 -0.0000002087
 -0.0000091441
 -0.0000021464
 -0.0000022159
  0.0000083042
  0.0000014956
  0.0000152883
  0.0000045506
 -0.0000001219
  0.0000034037
  0.0000132599
  0.0000033563
 -0.0000005387
  0.0000066136
  0.0000005318
  0.0000054583
 -0.0000001700
  0.0000100306
 -0.0000004691
  0.0000057844
  0.0000018275
  0.0000022975
  0.0000011124
  0.0000007186
  0.0000055410
  0.0000046098
 -0.0000046514
  0.0000022826
  0.0000021341
  0.0000010377
  0.0000000913
 -0.0000022639
 -0.0000016669
  0.0000028621
 -0.0000135762
  0.0000524499
  0.0000284270
 -0.0000050968
  0.0000355280
 -0.0000065167
  0.0000003759
  0.0000133035
 -0.0001321539
 -0.0000012975
 -0.0000020098
  0.0000748035
 -0.0000080859
  0.0000051606
  0.0000189264
  0.0000168206
 -0.0000905055
  0.0000337850
 -0.0000127783
  0.0000131278
  0.0000022240
  0.0000372728
  0.0000280330
 -0.0000030817
  0.0000121355
 -0.0001275673
 -0.0000012480
 -0.0000924805
 -0.0000090761
 -0.0000107204
 -0.0000073140
 -0.0000015250
 -0.0000006055
 -0.0000090883
 -0.0000110510
  0.0000043554
 -0.0000011538
  0.0000026644
  0.0000037032
  0.0000015873
 -0.0000097356
  0.0000033438
  0.0000023768
  0.0000103202
  0.0000035452
  0.0000016872
  0.0000012633
  0.0000065545
 -0.0000091851
  0.0000042069
 -0.0000035388
  0.0000114213
 -0.0000104497
  0.0000058692
  0.0000064816
  0.0000035219
  0.0000033882
 -0.0000117425
  0.0000044303
 -0.0000024362
 -0.0000051807
 -0.0000000843
  0.0000028981
 -0.0000112086
  0.0000502282
  0.0000067819
  0.0000025078
  0.0000020843
 -0.0000009137
  0.0000044487
  0.0000042260
  0.0000042488
  0.0000040296
  0.0000048485
  0.0000050191
  0.0000048673
  0.0000042213
  0.0000021058
  0.0000029802
  0.0000039459
  0.0000045155
  0.0000037933
  0.0000034645
  0.0000040793
 -0.0000013969
  0.0000041823
  0.0000051439
  0.0000025400
 -0.0000057332
 -0.0000016625
 -0.0000045704
  0.0000038023
 -0.0000052155
  0.0000031292
 -0.0000054416
 -0.0000064914
 -0.0000018350
  0.0000019285
  0.0000040139
 -0.0000019773
 -0.0000116991
  0.0000007578
 -0.0000000715
 -0.0000086463
  0.0000053753
  0.0000021469
  0.0000022586
  0.0000028903
 -0.0000023311
 -0.0000002517
 -0.0000104153
  0.0000054381
 -0.0000045451
  0.0000011209
  0.0000036278
  0.0000112064
  0.0000027594
 -0.0000003964
  0.0000057494
 -0.0000029998
  0.0000034389
  0.0000023940
 -0.0000026540
  0.0000033903
  0.0000004471
  0.0000033965
  0.0000049481
  0.0000016392
 -0.0000034062
 -0.0000014261
 -0.0000018425
  0.0000023649
  0.0000021498
  0.0000021764
 -0.0000045007
  0.0000000253
 -0.0000052882
  0.0000195807
  0.0000018636
 -0.0000017819
  0.0000175587
  0.0000017664
  0.0000216696
 -0.0000039097
  0.0000019282
  0.0000121924
  0.0000048754
  0.0000183268
 -0.0000049858
  0.0000004733
 -0.0001274353
  0.0000045207
  0.0000224376
 -0.0000139045
  0.0000077257
  0.0000119050
  0.0000085393
  0.0000111047
  0.0000210768
 -0.0000100115
  0.0000216270
  0.0000324967
 -0.0001347669
 -0.0000175183
  0.0000015928
  0.0000028588
 -0.0000162633
 -0.0000064944
  0.0000091602
 -0.0000044909
  0.0000044303
 -0.0000025166
  0.0000033119
 -0.0000050185
 -0.0000010125
  0.0000039483
  0.0000055593
 -0.0000033747
 -0.0000018586
  0.0000050680
 -0.0000031191
  0.0000016962
  0.0000012852
  0.0000057615
  0.0000066958
 -0.0000059540
  0.0000003937
 -0.0000060418
  0.0000049725
 -0.0000023988
 -0.0000060679
 -0.0000013341
  0.0000082015
 -0.0000010899
  0.0000023592
 -0.0000005349
 -0.0000064403
 -0.0000009146
  0.0000097578
  0.0000006899
  0.0000043274
  0.0000071456
  0.0000005670
 -0.0000003808
 -0.0000006728
 -0.0000001722
 -0.0000000285
  0.0000000033
 -0.0000002841
 -0.0000003224
 -0.0000001302
  0.0000047925
  0.0000013561
  0.0000073315
 -0.0000007854
  0.0000054300
 -0.0000067451
  0.0000022312
  0.0000037523
  0.0000040222
 -0.0000018607
  0.0000069848
  0.0000045438
  0.0000016400
 -0.0000041091
 -0.0000041002
 -0.0000023690
 -0.0000021702
  0.0000024179
 -0.0000007870
  0.0000020019
  0.0000009718
 -0.0000028622
  0.0000009051
  0.0000024982
  0.0000010836
 -0.0000031975
  0.0000043175
 -0.0000012127
  0.0000010821
  0.0000000432
  0.0000030560
 -0.0000065827
 -0.0000015927
  0.0000024522
 -0.0000070153
 -0.0000042379
 -0.0000027935
 -0.0000013695
 -0.0000004971
  0.0000041763
 -0.0000012591
  0.0000003667
  0.0000014839
  0.0000048322
  0.0000017777
 -0.0000011447
  0.0000004624
  0.0000064809
  0.0000008530
 -0.0000008667
 -0.0000007714
  0.0000033764
  0.0000164018
 -0.0000953439
  0.0000136710
 -0.0000080948
 -0.0000014376
 -0.0000022117
  0.0000423902
  0.0000087310
  0.0000230386
  0.0000426929
 -0.0000024637
  0.0000245724
 -0.0000009317
 -0.0000224415
  0.0000592032
 -0.0000071684
 -0.0000933193
 -0.0000179401
  0.0000142419
 -0.0000775871
  0.0000304029
  0.0000009423
  0.0000032107
 -0.0001101607
 -0.0000061518
  0.0000372134
  0.0000050324
  0.0000512078
  0.0000184954
  0.0000837213
  0.0000065000
  0.0000186943
  0.0000351975
  0.0000037390
 -0.0000060156
 -0.0000100820
 -0.0000035142
 -0.0000015458
  0.0000049486
 -0.0000026598
  0.0000012937
 -0.0000013594
  0.0000040720
  0.0000026975
 -0.0000030537
 -0.0000000554
 -0.0000028589
 -0.0000058094
  0.0000035976
 -0.0000004234
  0.0000053141
  0.0000013740
  0.0000027719
  0.0000027097
  0.0000002407
  0.0000032005
 -0.0000012455
  0.0000006076
 -0.0000042478
  0.0000006024
  0.0000044115
 -0.0000686094
  0.0000053976
  0.0000128877
 -0.0000043597
  0.0000006034
 -0.0000032889
 -0.0000003681
 -0.0000007709
 -0.0000004952
 -0.0000006451
 -0.0000008707
 -0.0000005496
 -0.0000001461
 -0.0000003344
 -0.0000009392
 -0.0000003557
  0.0000000996
 -0.0000006651
  0.0000021911
 -0.0000053286
 -0.0000002320
 -0.0000024044
  0.0000059196
 -0.0000050219
  0.0000001764
  0.0000028152
  0.0000020554
 -0.0000061172
  0.0000053943
  0.0000015267
  0.0000050059
 -0.0000021732
  0.0000004442
 -0.0000035450
 -0.0000048266
  0.0000060565
 -0.0000008811
  0.0000072521
  0.0000000475
 -0.0000042140
  0.0000010966
 -0.0000005522
 -0.0000027451
  0.0000010164
  0.0000008491
  0.0000027727
 -0.0000011508
  0.0000020424
  0.0000044677
 -0.0000044674
  0.0000005860
 -0.0000004452
 -0.0000050361
 -0.0000034591
 -0.0000043385
 -0.0000018149
  0.0000047975
 -0.0000016912
 -0.0000010185
 -0.0000000985
  0.0000047145
  0.0000001433
 -0.0000013176
 -0.0000011773
  0.0000020401
 -0.0000002781
 -0.0000035571
 -0.0000003321
  0.0000027039
 -0.0000027149
 -0.0000185647
  0.0000581414
  0.0000425995
 -0.0000035231
  0.0000410427
  0.0000060550
 -0.0000009298
  0.0000191401
 -0.0000888591
  0.0000076988
  0.0000052739
  0.0000683323
 -0.0000044232
 -0.0000068772
  0.0000308827
  0.0000274371
 -0.0000706937
  0.0000415882
 -0.0000069517
  0.0000228773
  0.0000071636
  0.0000143955
 -0.0000997837
  0.0000044290
  0.0000167506
 -0.0001065608
  0.0000022145
 -0.0000771252
 -0.0000051743
 -0.0000092705
 -0.0000015994
  0.0000019059
  0.0000006664
 -0.0000082420
 -0.0000134453
 -0.0000074000
  0.0000160878
 -0.0000044242
  0.0000050455
  0.0000061804
 -0.0000020892
  0.0000021777
  0.0000007346
 -0.0000050892
 -0.0000018510
 -0.0000073890
  0.0000005402
  0.0000058215
  0.0000003852
  0.0000042792
 -0.0000020206
 -0.0000002623
 -0.0000065536
  0.0000071745
  0.0000023373
  0.0000052789
  0.0000050506
 -0.0000019569
  0.0000014449
  0.0000025212
 -0.0000013817
 -0.0000052753
  0.0000008365
 -0.0000014104
  0.0000111696
  0.0000612748
 -0.0000003518
 -0.0000024854
 -0.0000018467
  0.0000006592
  0.0000028434
  0.0000017663
  0.0000007686
  0.0000012966
  0.0000009086
  0.0000014727
  0.0000025122
  0.0000016330
 -0.0000013573
  0.0000014057
 -0.0000019476
 -0.0000011535
 -0.0000032742
 -0.0000021511
 -0.0000026746
  0.0000033420
 -0.0000047362
  0.0000021166
 -0.0000026007
 -0.0000003091
  0.0000016612
  0.0000004239
  0.0000045273
  0.0000017192
  0.0000024653
  0.0000032870
  0.0000001494
  0.0000020924
  0.0000016709
 -0.0000059028
 -0.0000008875
  0.0000000936
 -0.0000006688
  0.0000032125
 -0.0000014684
  0.0000012664
 -0.0000011536
  0.0000028276
  0.0000014548
  0.0000050300
 -0.0000026563
 -0.0000014996
  0.0000010983
 -0.0000036675
 -0.0000016175
  0.0000032274
 -0.0000031378
 -0.0000024285
  0.0000015345
  0.0000026620
  0.0000051378
  0.0000052473
  0.0000026803
  0.0000022391
  0.0000010549
  0.0000011109
 -0.0000007181
 -0.0000063692
  0.0000011388
 -0.0000013830
 -0.0000107418
  0.0000555810
  0.0000273277
 -0.0000027903
  0.0000389650
 -0.0000019838
 -0.0000005554
  0.0000234623
 -0.0001224706
  0.0000003289
  0.0000017510
 -0.0000438084
 -0.0000042053
  0.0000199467
  0.0000194530
  0.0000115793
 -0.0000929484
  0.0000331515
 -0.0000086428
  0.0000030718
  0.0000131761
  0.0000626265
  0.0000467005
  0.0000129829
  0.0000229912
 -0.0001272749
 -0.0000003896
 -0.0000949994
 -0.0000038174
 -0.0000183341
 -0.0000035839
  0.0000019124
 -0.0000003466
 -0.0000085051
  0.0000330351
  0.0000052578
  0.0000020415
 -0.0000129784
  0.0000045978
 -0.0000024233
  0.0000027380
  0.0000030541
 -0.0000038480
  0.0000026264
  0.0000033579
  0.0000039052
 -0.0000049185
 -0.0000055618
  0.0000012899
 -0.0000091365
 -0.0000050325
 -0.0000113099
  0.0000001571
  0.0000004580
 -0.0000068415
  0.0000036867
 -0.0000034803
 -0.0000083294
  0.0000085525
 -0.0000009823
 -0.0000080199
  0.0000025956
 -0.0000013214
  0.0000318066
  0.0000011575
  0.0000008535
  0.0000049548
 -0.0000102795
 -0.0000008223
 -0.0000006180
 -0.0000010456
 -0.0000003966
 -0.0000005725
 -0.0000003035
 -0.0000009054
 -0.0000007744
 -0.0000008999
 -0.0000012611
 -0.0000010252
 -0.0000011397
 -0.0000005078
 -0.0000003087
 -0.0000009888
  0.0000009215
 -0.0000028647
 -0.0000061906
  0.0000017717
  0.0000003810
 -0.0000027340
 -0.0000003948
  0.0000027418
  0.0000002727
  0.0000004595
  0.0000033179
  0.0000055974
  0.0000045084
 -0.0000032781
 -0.0000057233
  0.0000031373
  0.0000059357
  0.0000011943
 -0.0000008537
  0.0000052128
  0.0000014292
  0.0000006336
 -0.0000032132
 -0.0000006424
 -0.0000058507
  0.0000012676
  0.0000020005
  0.0000011825
 -0.0000009810
 -0.0000035630
 -0.0000002136
 -0.0000010829
 -0.0000045248
  0.0000007827
  0.0000051202
 -0.0000003899
 -0.0000022539
  0.0000031339
 -0.0000030291
  0.0000003322
 -0.0000021992
  0.0000028714
 -0.0000003097
  0.0000023890
 -0.0000029290
 -0.0000009089
 -0.0000011955
 -0.0000090184
  0.0000015010
 -0.0000000464
 -0.0000023542
  0.0000009756
  0.0000394414
  0.0000073352
  0.0000014729
 -0.0000032557
 -0.0000027250
  0.0000025471
  0.0000129051
  0.0000135926
 -0.0000209109
  0.0000124084
 -0.0000010976
  0.0000115818
 -0.0000074359
 -0.0000025849
  0.0000175811
  0.0000183345
 -0.0000210612
  0.0000055222
  0.0000026665
  0.0000004750
  0.0000052178
 -0.0000134693
 -0.0000115673
 -0.0000020554
  0.0000332739
 -0.0000002389
  0.0000042191
  0.0000561339
 -0.0000090582
 -0.0000187833
  0.0000029874
 -0.0000116185
  0.0000040863
 -0.0000021737
  0.0000054152
 -0.0000064685
 -0.0000043541
 -0.0000001891
  0.0000013788
 -0.0000068787
 -0.0000044915
 -0.0000024686
  0.0000017627
  0.0000008887
 -0.0000000593
 -0.0000035934
  0.0000127501
 -0.0000058454
  0.0000048119
  0.0000059122
 -0.0000000696
  0.0000082946
  0.0000034915
 -0.0000098123
  0.0000080999
  0.0000021945
 -0.0000000769
  0.0000122448
 -0.0000043205
  0.0000158209
 -0.0000008930
 -0.0000017461
  0.0000010514
  0.0000014467
  0.0000014665
  0.0000013275
  0.0000018360
  0.0000008013
  0.0000009769
  0.0000008491
  0.0000013525
  0.0000015151
  0.0000013540
  0.0000013637
  0.0000009225
  0.0000018536
  0.0000023602
  0.0000012629
 -0.0000094539
  0.0000036407
  0.0000045507
  0.0000031938
  0.0000001763
  0.0000012475
 -0.0000039490
 -0.0000051837
 -0.0000045444
  0.0000026231
  0.0000001075
 -0.0000096857
 -0.0000021354
  0.0000019560
  0.0000012710
 -0.0000011966
 -0.0000074334
 -0.0000006509
 -0.0000007399
 -0.0000062929
  0.0000029815
  0.0000014630
  0.0000022317
 -0.0000016036
 -0.0000007970
 -0.0000040836
 -0.0000005101
 -0.0000006540
  0.0000001215
  0.0000031421
  0.0000060907
  0.0000003484
 -0.0000036838
  0.0000024393
 -0.0000085957
  0.0000013012
  0.0000048024
 -0.0000026994
  0.0000029097
 -0.0000031250
  0.0000040356
  0.0000050648
  0.0000012779
  0.0000004030
  0.0000021381
 -0.0000012637
  0.0000016464
  0.0000008439
  0.0000026412
  0.0000004293
 -0.0000013575
  0.0000194044
 -0.0000064029
 -0.0000168224
  0.0000025400
 -0.0000130272
  0.0000016947
  0.0000046032
  0.0000282872
 -0.0000076135
 -0.0000081592
  0.0000099496
  0.0000330098
 -0.0000017631
  0.0000009973
 -0.0000001849
 -0.0000021534
  0.0000530154
  0.0000083199
  0.0000233063
 -0.0000104775
  0.0000106596
 -0.0000134918
  0.0000189784
 -0.0000153040
  0.0000143666
  0.0000124187
  0.0000622263
  0.0000061393
  0.0000037614
  0.0000360450
 -0.0000030260
  0.0000011849
 -0.0000015109
  0.0000028811
 -0.0000045962
  0.0000021961
 -0.0000098707
 -0.0000034057
  0.0000028590
  0.0000077010
  0.0000017460
 -0.0000040813
  0.0000002101
 -0.0000022769
  0.0000030016
  0.0000000843
  0.0000031302
  0.0000054844
 -0.0000028859
 -0.0000018144
 -0.0000039035
  0.0000093720
 -0.0000027158
 -0.0000028736
  0.0000036106
  0.0000028994
  0.0000033107
  0.0000036367
 -0.0000004115
 -0.0000033332
 -0.0000032880
 -0.0000041950
 -0.0000005530
  0.0000032371
  0.0000030543
  0.0000005934
 -0.0000002814
 -0.0000013747
 -0.0000007371
 -0.0000005798
 -0.0000004431
 -0.0000004713
 -0.0000000679
 -0.0000030705
 -0.0000064212
 -0.0000007812
 -0.0000034870
 -0.0000042841
 -0.0000063738
 -0.0000019702
 -0.0000059067
 -0.0000020821
 -0.0000023962
 -0.0000013906
  0.0000017575
  0.0000039119
  0.0000021168
 -0.0000013923
  0.0000013962
  0.0000034164
 -0.0000019601
 -0.0000019496
 -0.0000010950
 -0.0000063336
 -0.0000018074
 -0.0000004258
 -0.0000007276
  0.0000001964
  0.0000019129
 -0.0000031951
 -0.0000024312
 -0.0000014967
  0.0000014090
 -0.0000050058
 -0.0000053670
  0.0000014441
 -0.0000042916
 -0.0000051779
 -0.0000042915
 -0.0000021392
 -0.0000035887
  0.0000011270
 -0.0000021592
 -0.0000013521
 -0.0000004650
  0.0000069454
 -0.0000001244
 -0.0000016422
  0.0000001145
  0.0000022784
 -0.0000011987
 -0.0000064575
 -0.0000023049
 -0.0000007298
  0.0000188687
 -0.0001081294
  0.0000103069
 -0.0000128744
 -0.0000013532
 -0.0000048432
  0.0000374366
  0.0000070688
  0.0000110150
 -0.0000036959
  0.0000193993
 -0.0000017312
  0.0000029794
 -0.0000051288
 -0.0000382322
  0.0000005005
  0.0000564944
  0.0000778174
 -0.0000017195
 -0.0000007202
 -0.0001078127
 -0.0000094672
  0.0000415862
  0.0000043418
  0.0000598557
  0.0000064269
  0.0000442401
 -0.0000005504
  0.0000018667
 -0.0000048036
  0.0000007581
 -0.0000008669
 -0.0000022276
  0.0000012601
  0.0000049262
  0.0000016209
 -0.0000028699
  0.0000009233
  0.0000022541
 -0.0000007703
 -0.0000007258
  0.0000029457
  0.0000024879
 -0.0000013042
 -0.0000006340
  0.0000021552
  0.0000077688
 -0.0000027352
 -0.0000019837
  0.0000064999
  0.0000069004
 -0.0000025822
  0.0000055675
 -0.0000012622
  0.0000058269
 -0.0000809504
 -0.0000020805
 -0.0000015354
 -0.0000008705
  0.0000015768
  0.0000031306
 -0.0000004908
 -0.0000007117
 -0.0000000084
 -0.0000002231
 -0.0000008243
 -0.0000005288
 -0.0000005633
 -0.0000008830
  0.0000011190
  0.0000009027
  0.0000002199
 -0.0000005805
  0.0000004452
  0.0000004214
 -0.0000001874
 -0.0000024182
  0.0000014501
  0.0000039274
  0.0000007373
 -0.0000030761
  0.0000007779
  0.0000028276
 -0.0000000175
  0.0000015490
  0.0000007373
 -0.0000026356
 -0.0000019963
 -0.0000022283
 -0.0000055896
 -0.0000029322
  0.0000040618
  0.0000064300
 -0.0000014202
 -0.0000013859
  0.0000004455
  0.0000013497
 -0.0000026895
  0.0000020523
  0.0000008260
  0.0000028052
  0.0000007506
 -0.0000020181
 -0.0000011207
  0.0000006952
  0.0000014912
 -0.0000004515
  0.0000041134
  0.0000006354
 -0.0000013687
 -0.0000045772
  0.0000026641
  0.0000024930
 -0.0000016472
 -0.0000054428
 -0.0000023309
  0.0000014675
  0.0000016527
  0.0000020447
  0.0000021475
  0.0000004123
  0.0000023311
  0.0000026026
 -0.0000002166
 -0.0000049102
  0.0000000627
  0.0000006438
 -0.0001268850
 -0.0000021460
  0.0000363283
  0.0000154362
  0.0000217016
  0.0000151056
 -0.0000788666
  0.0000517066
  0.0000309434
 -0.0001160390
  0.0000552176
 -0.0001193123
  0.0000168747
  0.0000294347
 -0.0001519488
  0.0000197277
  0.0000275858
  0.0000345252
 -0.0001054213
  0.0000227737
  0.0000020451
  0.0000002187
  0.0000008715
  0.0000011093
 -0.0000007790
 -0.0000011777
 -0.0000052990
  0.0000039448
 -0.0000015585
 -0.0000017393
  0.0000039089
 -0.0000012868
  0.0000036472
 -0.0000070307
 -0.0000054282
  0.0000001293
  0.0000002548
  0.0000059652
 -0.0000028485
  0.0000033817
  0.0000003110
 -0.0000051670
  0.0000050503
 -0.0000027367
 -0.0000043306
  0.0000031807
 -0.0000021719
  0.0000690634
  0.0000009387
  0.0000325074
  0.0000022609
  0.0000011976
 -0.0000046709
 -0.0000005588
 -0.0000013816
 -0.0000004509
 -0.0000002051
 -0.0000027516
 -0.0000023374
 -0.0000016699
 -0.0000016811
 -0.0000013338
 -0.0000001056
 -0.0000002709
 -0.0000018591
 -0.0000004189
 -0.0000007713
 -0.0000010545
  0.0000052650
  0.0000081938
  0.0000058812
 -0.0000035745
 -0.0000012537
 -0.0000053865
  0.0000036974
  0.0000075514
  0.0000022587
  0.0000048980
  0.0000052208
  0.0000069528
 -0.0000049465
  0.0000075397
 -0.0000049469
  0.0000058189
  0.0000061031
 -0.0000047305
 -0.0000018062
  0.0000050686
  0.0000042692
  0.0000090004
 -0.0000030146
  0.0000021606
 -0.0000020007
 -0.0000029527
  0.0000023056
 -0.0000047100
 -0.0000010279
  0.0000055958
  0.0000002022
 -0.0000004772
  0.0000074548
 -0.0000018609
  0.0000096061
 -0.0000014405
 -0.0000014193
 -0.0000046790
 -0.0000109243
  0.0000469154
 -0.0001487164
  0.0000494420
 -0.0001752635
  0.0000558760
 -0.0002000249
 -0.0001660264
  0.0000618857
 -0.0000784521
  0.0000363301
  0.0000828146
  0.0000586700
  0.0000623204
  0.0000102981
  0.0000552034
 -0.0000075765
  0.0000168206
  0.0000104633
  0.0000759980
  0.0000575749
  0.0000691143
  0.0000654025
  0.0000737360
  0.0000847671
  0.0000751044
  0.0000800421
 -0.0000639942
  0.0000294587
  0.0000739691
  0.0000596117
  0.0000553202
  0.0000599464
  0.0000535387
 -0.0000071866
  0.0000016866
  0.0000026456
  0.0000013997
  0.0000013667
 -0.0000009414
 -0.0000010437
  0.0000015782
 -0.0000003331
 -0.0000015699
 -0.0000008326
  0.0000016716
 -0.0000004043
 -0.0000016943
  0.0000023810
  0.0000023843
  0.0000355744
  0.0000017030
 -0.0000074199
 -0.0000068422
 -0.0000026450
  0.0000569523
  0.0000038849
  0.0000142682
 -0.0000119110
  0.0000217030
 -0.0000044781
 -0.0000096436
  0.0000098609
 -0.0000125479
  0.0000086723
  0.0000115807
  0.0000324094
  0.0000141081
 -0.0000043010
  0.0000089128
  0.0000073473
 -0.0000011934
  0.0000024014
  0.0000106933
  0.0000120871
  0.0000120492
  0.0000049759
  0.0000077178
  0.0000005591
  0.0000151912
  0.0000166634
  0.0000172259
 -0.0000010300
  0.0000033036
  0.0000028088
  0.0000019230
  0.0000186356
 -0.0000041347
 -0.0000007699
  0.0000087063
  0.0000148076
 -0.0000028887
  0.0000117372
 -0.0000019560
  0.0000125471
 -0.0000684576
  0.0000504330
 -0.0001233517
 -0.0001101167
  0.0000214379
  0.0000248250
 -0.0000093685
 -0.0001216148
  0.0000040145
  0.0000020510
  0.0000038069
  0.0000015171
 -0.0000087115
  0.0000083554
  0.0000049171
  0.0000036730
  0.0000068902
  0.0000032190
  0.0000083711
 -0.0000028573
  0.0000060016
  0.0000063272
  0.0000055743
  0.0000064597
  0.0000037806
  0.0000026608
  0.0000061292
  0.0000040704
 -0.0000005765
  0.0000088772
  0.0000063875
  0.0000046444
  0.0000048965
  0.0000052057
  0.0000064553
  0.0000068560
  0.0000015936
  0.0000038949
  0.0000069867
  0.0000030941
  0.0000021283
 -0.0000035462
  0.0000083488
  0.0000007652
 -0.0000012621
  0.0000040034
  0.0000040577
  0.0000037820
  0.0000113205
 -0.0000000086
  0.0000019649
  0.0000016764
  0.0000773557
  0.0000226736
 -0.0000009287
 -0.0000005600
  0.0000038756
  0.0000032604
  0.0000042344
  0.0000128976
  0.0000031022
  0.0000032992
  0.0000602051
  0.0000025897
 -0.0000001169
  0.0000033454
  0.0000008869
  0.0000056628
 -0.0000115838
  0.0000204319
  0.0000038167
  0.0000026700
 -0.0000022888
  0.0000237685
  0.0000041686
 -0.0000102690
  0.0000032278
  0.0000370119
  0.0000102279
  0.0000733442
  0.0000039079
  0.0000394902
 -0.0002051334
  0.0000259147
 -0.0000876831
  0.0000129609
 -0.0001165846
  0.0000628980
 -0.0002020500
 -0.0001797531
  0.0000334318
 -0.0000723806
 -0.0000114129
  0.0000691885
  0.0000287780
  0.0000601252
 -0.0000089615
  0.0000128418
  0.0000038121
  0.0000681616
 -0.0000097493
 -0.0000085757
  0.0000761491
  0.0000281461
  0.0000413458
  0.0000644698
  0.0000732142
  0.0000688262
  0.0000635201
  0.0000688068
  0.0000486886
 -0.0000558733
 -0.0000087285
  0.0000498176
  0.0000569230
  0.0000329135
  0.0000127143
  0.0000277565
  0.0000131247
  0.0000008198
  0.0000044281
  0.0000023813
  0.0000040565
  0.0000042455
  0.0000050940
  0.0000062194
  0.0000021074
  0.0000031477
  0.0000026997
  0.0000033229
  0.0000025446
  0.0000029770
  0.0000031094
  0.0000037742
  0.0000019253
 -0.0000085273
  0.0000146207
  0.0000229998
  0.0000029832
  0.0000221674
  0.0000147752
  0.0000275121
 -0.0000090595
  0.0000103168
  0.0000054430
  0.0000010755
  0.0000058230
  0.0000120636
  0.0000116426
 -0.0000052421
  0.0000180018
 -0.0000102671
 -0.0000041189
 -0.0000011634
  0.0000126786
  0.0000066253
  0.0000115412
  0.0000107095
  0.0000052074
  0.0000327461
  0.0000000255
  0.0000083947
  0.0000097568
  0.0000085765
  0.0000088049
  0.0000108376
  0.0000062380
  0.0000083483
  0.0000076747
  0.0000174505
  0.0000006838
  0.0000095949
  0.0000062010
  0.0000031650
  0.0000035210
  0.0000083656
  0.0000249619
  0.0000105455
  0.0000034869
  0.0000097279
  0.0000070070
 -0.0000064731
 -0.0001232231
 -0.0001129096
  0.0000271064
 -0.0001090918
 -0.0000359474
  0.0000401695
  0.0000575138
  0.0000574308
 -0.0000128615
  0.0000542890
 -0.0000119723
  0.0000080885
 -0.0000121059
  0.0000410066
 -0.0000044441
 -0.0000128511
  0.0000144478
 -0.0000077726
 -0.0000022061
  0.0000299313
 -0.0000119237
  0.0000441964
  0.0000320209
  0.0000049129
  0.0000110859
  0.0000121121
  0.0000576463
 -0.0000064252
 -0.0000086663
  0.0000380038
 -0.0000122280
  0.0000308658
 -0.0000117851
 -0.0000120858
  0.0000124275
  0.0000038437
  0.0000030301
  0.0000026054
  0.0000034067
 -0.0000000047
  0.0000026297
  0.0000022430
  0.0000009585
  0.0000020009
  0.0000046846
  0.0000017641
  0.0000010115
  0.0000032482
  0.0000050361
  0.0000031933
 -0.0000066496
  0.0000181529
  0.0000245833
  0.0000135480
  0.0000240806
 -0.0000132897
  0.0000271552
 -0.0000019928
  0.0000150009
  0.0000122444
  0.0000130118
  0.0000143816
  0.0000196461
  0.0000158665
 -0.0000085983
  0.0000224501
 -0.0000082344
 -0.0000035825
 -0.0000036004
  0.0000023831
  0.0000099390
  0.0000089177
  0.0000026476
  0.0000079929
  0.0000084717
  0.0000099005
  0.0000050506
  0.0000083273
  0.0000072333
  0.0000132743
  0.0000137348
  0.0000012787
  0.0000049698
  0.0000050250
  0.0000038663
  0.0000156037
 -0.0000018810
  0.0000000903
 -0.0000014366
  0.0000265958
  0.0000012322
  0.0000090703
  0.0000013399
  0.0000110965
  0.0000018492
  0.0000768430
 -0.0000242013
  0.0000391722
  0.0000932677
 -0.0000837887
  0.0000606972
 -0.0001782923
  0.0000001211
 -0.0001790991
  0.0000305423
 -0.0001576750
 -0.0000778439
 -0.0001599549
 -0.0001579442
 -0.0001632336
  0.0000196154
 -0.0001645445
 -0.0000054776
  0.0000209875
  0.0000163220
  0.0000076136
 -0.0000906595
 -0.0000303211
  0.0000498076
 -0.0001782035
 -0.0000111169
  0.0000377048
 -0.0000993833
 -0.0000790789
 -0.0001785415
 -0.0001608951
  0.0000282816
  0.0000282536
  0.0000297490
  0.0000284136
  0.0000249953
  0.0000298315
  0.0000267075
  0.0000244807
  0.0000289413
  0.0000348177
  0.0000319185
  0.0000245169
  0.0000365672
  0.0000283383
  0.0000299868
 -0.0001261201
 -0.0001626316
 -0.0001483382
 -0.0001617207
 -0.0001631007
 -0.0000403445
 -0.0001615818
 -0.0001787993
 -0.0001460739
 -0.0001748672
 -0.0001550847
 -0.0001610354
 -0.0001629751
 -0.0001500072
 -0.0001813485
 -0.0001695085
 -0.0001157734
 -0.0001799323
  0.0000223858
  0.0000721642
  0.0000403754
  0.0000998510
  0.0000196931
  0.0000376094
  0.0000717175
  0.0000713556
  0.0000842343
  0.0000473518
  0.0000599324
  0.0000366054
  0.0001167299
  0.0000304161
  0.0000894942
  0.0001063044
  0.0000227894
  0.0000152281
  0.0000280266
  0.0000269712
  0.0000889397
  0.0000275148
  0.0000294443
  0.0000304621
  0.0000743207
  0.0000181965
  0.0000654422
 -0.0000202910
  0.0000520752
 -0.0001263096
 -0.0000479606
 -0.0000345106
  0.0000168129
  0.0000609204
  0.0000272805
 -0.0001314498
  0.0000097593
 -0.0000079734
  0.0000009335
  0.0000012966
 -0.0000017666
 -0.0000000806
  0.0000015891
  0.0000023677
  0.0000090634
 -0.0000008034
 -0.0000005699
 -0.0000029319
 -0.0000006330
 -0.0000027860
  0.0000077673
 -0.0000021114
  0.0000104246
  0.0000112268
  0.0000041950
  0.0000109820
  0.0000051476
 -0.0000062474
 -0.0000038147
  0.0000005313
  0.0000021737
  0.0000129724
  0.0000628196
 -0.0000011045
 -0.0001234897
 -0.0000006928
  0.0000010746
 -0.0000036658
  0.0000007841
  0.0000015745
 -0.0000001573
  0.0000005218
 -0.0000003578
 -0.0000001040
  0.0000008818
 -0.0000004880
 -0.0000030919
  0.0000011124
 -0.0000002097
 -0.0000005226
 -0.0000004769
  0.0000017963
  0.0000014532
 -0.0000051995
 -0.0000021069
 -0.0000066723
  0.0000018281
 -0.0000005003
  0.0000002682
 -0.0000068394
 -0.0000023399
 -0.0000025887
  0.0000035594
 -0.0000016841
 -0.0000012069
  0.0000000458
 -0.0000051820
  0.0000083911
 -0.0000013243
 -0.0000035692
  0.0000094984
 -0.0000056549
  0.0000045048
  0.0000002356
  0.0000054777
  0.0000064889
 -0.0000015399
 -0.0000070327
  0.0000020606
  0.0000001951
  0.0000008261
 -0.0000011832
  0.0000127832
 -0.0000011297
 -0.0000034223
 -0.0000014890
  0.0000102661
 -0.0000000939
  0.0000045729
 -0.0000039998
 -0.0000001856
 -0.0001581506
  0.0000457271
 -0.0001107735
  0.0000295743
 -0.0000258976
 -0.0001315238
  0.0000138455
  0.0000648385
  0.0000286228
 -0.0000270667
 -0.0001725399
  0.0000542062
 -0.0001120127
 -0.0000610246
 -0.0000019709
  0.0000577744
  0.0000209981
 -0.0000024277
 -0.0000013062
  0.0000564505
  0.0000177652
  0.0000105549
 -0.0000031441
  0.0000364094
  0.0000203581
  0.0000133854
  0.0000376006
 -0.0000025134
 -0.0000003943
  0.0000605197
  0.0000425848
 -0.0000032305
  0.0000086592
  0.0000075997
  0.0000659437
  0.0000605345
  0.0000213787
 -0.0000038135
  0.0000550547
  0.0000194101
  0.0000101849
  0.0000027665
  0.0000061232
  0.0000001058
  0.0000009740
  0.0000007470
  0.0000014979
  0.0000013641
 -0.0000017599
 -0.0000018517
  0.0000002898
  0.0000003630
 -0.0000031146
 -0.0000015307
  0.0000015389
 -0.0000002332
 -0.0000018948
 -0.0000004907
  0.0000012559
  0.0000186758
  0.0000072514
  0.0000045820
 -0.0000101902
  0.0000021315
  0.0000112903
  0.0000061888
  0.0000103453
  0.0000013057
 -0.0000031027
 -0.0000097116
 -0.0000089392
  0.0000009805
  0.0000028047
  0.0000071388
  0.0000099912
  0.0000130386
  0.0000045607
  0.0000000429
  0.0000028444
  0.0000020437
  0.0000008042
  0.0000029748
  0.0000062351
 -0.0000008089
  0.0000053115
  0.0000027577
  0.0000025268
  0.0000033401
  0.0000144950
 -0.0000015851
  0.0000057383
 -0.0000057946
 -0.0000025724
 -0.0000028342
  0.0000113460
  0.0000052247
  0.0000062412
  0.0000074918
  0.0000027370
  0.0000019212
  0.0000087805
 -0.0000009289
 -0.0000003147
  0.0000027224
 -0.0000025745
 -0.0001488097
 -0.0001355465
  0.0000374100
  0.0000304150
  0.0000504862
  0.0000364467
  0.0000465169
  0.0000628966
  0.0000366405
  0.0000477143
  0.0000502565
  0.0000389763
  0.0000474008
  0.0000477809
  0.0000526731
  0.0000557000
  0.0000504255
  0.0000653243
  0.0000595420
  0.0000480653
  0.0000578120
  0.0000338417
  0.0000507477
  0.0000506433
  0.0000488653
  0.0000397598
 -0.0000039175
  0.0000046006
  0.0000002046
 -0.0000030927
  0.0000181197
  0.0000255396
  0.0000060883
  0.0000139290
 -0.0000177170
 -0.0000148752
  0.0000028603
  0.0000136670
 -0.0000127643
 -0.0000048087
  0.0000040407
  0.0000507900
  0.0000262235
  0.0000325748
  0.0000531193
  0.0000336493
  0.0000507627
  0.0000320146
  0.0000467368
  0.0000441564
  0.0000252492
  0.0000548141
  0.0000369765
  0.0000207712
  0.0000449642
  0.0000233609
  0.0000190779
  0.0000504165
  0.0000271346
 -0.0000299385
  0.0000322286
  0.0000434846
  0.0000274495
 -0.0000115267
  0.0000302514
  0.0000398082
  0.0000130902
  0.0000305880
  0.0000355775
  0.0000273821
  0.0000479434
  0.0000567120
  0.0000535526
  0.0000054068
  0.0000263058
  0.0000257559
  0.0000585071
 -0.0000353771
 -0.0000083532
  0.0000129742
  0.0000432891
  0.0000225169
  0.0000352018
  0.0000003790
 -0.0001225934
 -0.0001017310
  0.0000502034
 -0.0000940287
 -0.0000057349
  0.0000171345
 -0.0000854379
  0.0000426060
 -0.0000211889
  0.0000434903
 -0.0001291022
 -0.0000967527
  0.0000592182
  0.0000274585
  0.0000360421
  0.0000374220
  0.0000063331
 -0.0000067512
  0.0000155877
 -0.0000014019
  0.0000028267
  0.0000289312
  0.0000137168
  0.0000148870
  0.0000043473
  0.0000252367
  0.0000158119
  0.0000095783
  0.0000078114
 -0.0000019636
  0.0000098974
  0.0000279979
  0.0000093420
  0.0000080673
  0.0000042896
  0.0000009952
  0.0000055961
  0.0000034903
  0.0000142995
  0.0000088064
  0.0000207422
  0.0000125087
  0.0000095290
  0.0000092155
  0.0000041644
  0.0000027723
  0.0000027751
  0.0000028499
  0.0000030388
  0.0000036520
  0.0000036764
  0.0000032677
  0.0000030691
  0.0000045617
  0.0000045921
  0.0000030530
  0.0000033222
  0.0000043899
  0.0000027640
  0.0000026608
  0.0000049145
 -0.0000001275
 -0.0000028732
  0.0000091604
  0.0000072083
  0.0000154202
 -0.0000017285
  0.0000055895
  0.0000028045
  0.0000052049
  0.0000068202
  0.0000070829
  0.0000031037
 -0.0000001949
 -0.0000002149
 -0.0000008764
  0.0000039880
  0.0000037683
 -0.0000019628
  0.0000012615
  0.0000058019
  0.0000090057
  0.0000052448
  0.0000011680
  0.0000024374
  0.0000084491
 -0.0000002879
  0.0000002545
  0.0000060741
  0.0000042179
  0.0000153427
  0.0000069384
  0.0000038399
  0.0000038115
  0.0000034032
 -0.0000018156
  0.0000057957
 -0.0000011679
  0.0000068965
  0.0000081340
  0.0000037882
  0.0000195686
 -0.0000802736
  0.0000514821
  0.0000274835
 -0.0001121487
  0.0000567880
 -0.0001121275
  0.0000227651
  0.0000365132
 -0.0001500710
  0.0000223208
  0.0000419495
 -0.0000987802
  0.0000231962
 -0.0000051569
  0.0000011606
 -0.0000062186
  0.0000041336
  0.0000043079
  0.0000038638
  0.0000057839
  0.0000101797
 -0.0000056998
  0.0000034863
  0.0000041526
 -0.0000002562
 -0.0000019973
  0.0000040726
  0.0000043636
  0.0000113771
 -0.0000011096
  0.0000035461
  0.0000024552
  0.0000087012
  0.0000048894
 -0.0000044400
  0.0000068737
  0.0000038466
 -0.0000008499
  0.0000065803
  0.0000039963
 -0.0000000811
 -0.0000411417
  0.0000043439
  0.0000289986
  0.0000027671
  0.0000045654
  0.0000022799
  0.0000015957
 -0.0000006937
  0.0000011737
  0.0000010989
 -0.0000025313
 -0.0000041107
 -0.0000009366
 -0.0000008845
 -0.0000002661
  0.0000018158
  0.0000018519
 -0.0000013679
  0.0000015486
  0.0000014170
  0.0000001984
  0.0000007521
 -0.0000045051
 -0.0000015673
  0.0000045960
  0.0000057042
  0.0000075217
  0.0000001286
  0.0000026210
 -0.0000004642
 -0.0000005943
  0.0000044458
 -0.0000008575
 -0.0000006022
  0.0000002925
  0.0000068451
  0.0000025146
 -0.0000017321
  0.0000046852
 -0.0000036017
  0.0000045817
  0.0000006491
  0.0000028297
  0.0000036481
  0.0000014442
  0.0000021519
 -0.0000045909
  0.0000055814
  0.0000041835
  0.0000030449
  0.0000047072
  0.0000002635
 -0.0000033452
 -0.0000044093
 -0.0000028774
 -0.0000030791
 -0.0000006604
 -0.0000019810
  0.0000524127
 -0.0000059867
  0.0000133058
  0.0000080180
  0.0000236982
  0.0000126713
  0.0000117778
  0.0000148646
  0.0000122222
  0.0000105251
  0.0000198504
  0.0000085936
  0.0000262686
  0.0000087277
  0.0000208146
 -0.0000062871
  0.0000115923
  0.0000133870
  0.0000153482
  0.0000105091
  0.0000043322
  0.0000066641
  0.0000108040
  0.0000013216
 -0.0000003581
  0.0000040237
  0.0000021316
  0.0000167430
  0.0000142774
  0.0000044272
  0.0000023664
  0.0000121234
  0.0000097755
  0.0000043757
  0.0000137175
  0.0000132018
  0.0000168249
  0.0000209581
  0.0000121745
  0.0000141123
  0.0000135941
  0.0000074090
  0.0000218372
  0.0000143467
  0.0000223607
  0.0000118393
  0.0000145945
  0.0000243348
  0.0000191920
  0.0000127978
  0.0000144156
  0.0000186868
  0.0000303224
 -0.0000140997
 -0.0000069152
 -0.0000222061
  0.0000075587
  0.0000099105
 -0.0000118548
 -0.0000119739
 -0.0000033267
  0.0000024726
 -0.0000048346
 -0.0000021707
  0.0000070730
 -0.0000076777
 -0.0000161299
  0.0000205224
 -0.0000027125
 -0.0000049581
 -0.0000239200
  0.0000208845
  0.0000210291
  0.0000117984
 -0.0000052078
  0.0000049056
 -0.0000091289
  0.0000332650
 -0.0001535761
  0.0000215008
  0.0000180849
  0.0000524119
 -0.0000115716
  0.0000050929
 -0.0001705086
 -0.0000297618
 -0.0000023297
  0.0000032816
 -0.0000003122
  0.0000005422
  0.0000060875
  0.0000007880
  0.0000016972
  0.0000013121
 -0.0000069252
  0.0000003938
 -0.0000007486
 -0.0000040554
  0.0000027670
 -0.0000001921
 -0.0000003850
 -0.0000025055
 -0.0000011563
  0.0000011358
  0.0000051539
  0.0000001762
  0.0000166055
  0.0000195248
  0.0000136445
  0.0000172468
  0.0000224556
  0.0000192386
  0.0000204077
  0.0000224073
  0.0000389357
  0.0000282249
  0.0000178831
  0.0000217889
  0.0000313106
  0.0000154902
  0.0000188912
  0.0000018114
 -0.0000003304
  0.0000043802
 -0.0000009097
  0.0000121779
 -0.0000030879
  0.0000075249
  0.0000008067
  0.0000003256
 -0.0000026542
 -0.0000004257
 -0.0000038530
  0.0000695595
  0.0000001424
  0.0000170712
  0.0000079956
 -0.0000573795
 -0.0000568582
 -0.0000030336
 -0.0000044020
 -0.0000008989
  0.0000173251
  0.0000152205
  0.0000275476
  0.0000182984
  0.0000109658
  0.0000080401
 -0.0001615164
  0.0000388490
  0.0000039024
  0.0000147604
  0.0000073265
  0.0000504662
 -0.0000095170
  0.0000671079
  0.0000189979
  0.0000179606
 -0.0000025045
  0.0000325366
  0.0000485739
 -0.0000127263
 -0.0000003543
 -0.0001842332
  0.0000232449
 -0.0000189880
  0.0000191452
 -0.0001643770
 -0.0001594506
  0.0000293289
 -0.0000101219
 -0.0000104861
 -0.0000081577
 -0.0000095337
 -0.0000102163
 -0.0000049226
 -0.0000093282
 -0.0000091417
 -0.0000067008
 -0.0000078448
 -0.0000010636
 -0.0000005408
 -0.0000010744
 -0.0000004692
 -0.0000025988
 -0.0000041030
 -0.0000006296
 -0.0000023811
 -0.0000042644
  0.0000028410
 -0.0000002219
 -0.0000020826
  0.0000007072
 -0.0000014588
 -0.0000002364
 -0.0000085024
 -0.0000106937
 -0.0000106712
 -0.0000100793
 -0.0000082238
 -0.0000078935
 -0.0000075031
 -0.0000068594
 -0.0000101992
 -0.0000098339
 -0.0000104194
  0.0000050272
 -0.0000039014
 -0.0000044824
 -0.0000030178
  0.0000032117
 -0.0000015105
 -0.0000061693
 -0.0000061507
  0.0000112187
 -0.0000029799
 -0.0000017044
  0.0000081639
 -0.0000034006
  0.0000017966
  0.0000027484
 -0.0000012011
 -0.0000032490
  0.0000005856
 -0.0000020633
  0.0000037854
 -0.0000026051
 -0.0000039387
 -0.0000061441
  0.0000049703
  0.0000000215
 -0.0000023766
  0.0000003105
  0.0000035664
  0.0000048022
  0.0000032324
 -0.0000024723
  0.0000264802
  0.0000061755
  0.0000023601
  0.0000077686
  0.0000035095
  0.0000019012
  0.0000065754
  0.0000120158
  0.0000485630
  0.0000585515
  0.0000496171
  0.0000085025
 -0.0000055525
  0.0000030341
 -0.0000079205
 -0.0000000494
  0.0000058248
 -0.0000041971
  0.0000039869
  0.0000051826
 -0.0000033054
 -0.0000034533
 -0.0000055079
  0.0000014645
 -0.0000044294
 -0.0000062525
 -0.0000029860
  0.0000112316
  0.0000063696
 -0.0000063302
  0.0000015132
  0.0000072403
  0.0000025876
 -0.0000004144
  0.0000072090
  0.0000139257
  0.0000059810
 -0.0000005137
  0.0000001443
 -0.0000092722
 -0.0000064863
  0.0000052331
 -0.0000038817
 -0.0000010008
 -0.0000014259
 -0.0000036842
 -0.0000025660
 -0.0000035271
 -0.0000030364
 -0.0000015245
 -0.0000017802
 -0.0000020927
 -0.0000022818
 -0.0000032983
 -0.0000031229
 -0.0000031273
 -0.0000020144
 -0.0000033100
 -0.0000041213
 -0.0000028530
 -0.0000026932
  0.0000076556
  0.0000021367
 -0.0000104355
 -0.0000101709
 -0.0000031185
 -0.0000006930
  0.0000017556
 -0.0000050577
  0.0000084723
 -0.0000101889
 -0.0000031497
  0.0000070655
 -0.0000040144
 -0.0000038488
  0.0000039655
  0.0000033112
  0.0000013544
 -0.0000068123
  0.0000041266
 -0.0000039294
  0.0000065877
 -0.0000035649
  0.0000004220
  0.0000063294
 -0.0000100069
  0.0000028744
  0.0000047640
 -0.0000056015
  0.0000002411
  0.0000010851
  0.0000011372
  0.0000019664
 -0.0000036706
 -0.0000057030
  0.0000036246
 -0.0000059455
  0.0000094960
 -0.0000002595
 -0.0000025177
 -0.0000001735
  0.0001065604
  0.0000965646
  0.0000432507
  0.0001013297
 -0.0001185430
  0.0000370545
  0.0000008527
 -0.0000772254
 -0.0000149531
  0.0000504042
 -0.0001890095
 -0.0000135598
 -0.0001622659
  0.0000578867
 -0.0000530351
  0.0000503665
  0.0000576240
  0.0000568312
 -0.0002352483
  0.0000532470
 -0.0001547913
 -0.0002094030
 -0.0002435872
 -0.0001967356
 -0.0001153722
 -0.0001696998
 -0.0001621346
 -0.0000460860
  0.0000516987
 -0.0001587202
 -0.0001300424
  0.0000189550
 -0.0000360415
 -0.0000691573
  0.0000163480
  0.0000509618
 -0.0000108197
 -0.0000114860
 -0.0000125312
 -0.0000120325
 -0.0000173485
 -0.0000183999
 -0.0000130438
 -0.0000159798
 -0.0000093047
 -0.0000115530
 -0.0000127343
 -0.0000161230
 -0.0000114346
 -0.0000102045
 -0.0000115232
  0.0000405939
  0.0000327478
  0.0000463139
  0.0000650761
  0.0000431583
 -0.0000818895
  0.0000400823
  0.0000523914
  0.0000572064
  0.0000300938
  0.0000663185
  0.0000485258
  0.0000259453
  0.0000586915
  0.0000148109
  0.0000255055
  0.0000389256
  0.0000214395
 -0.0000182223
 -0.0000113733
  0.0000054218
  0.0000016411
 -0.0000077621
  0.0000072369
  0.0000047981
 -0.0000079675
 -0.0000077053
 -0.0000141979
  0.0000404460
  0.0000017921
 -0.0000100258
 -0.0000082698
 -0.0000060102
 -0.0000213241
 -0.0000217957
 -0.0000187868
 -0.0000198802
  0.0000135836
 -0.0000212145
 -0.0000154747
  0.0000145763
  0.0000203407
 -0.0000051238
 -0.0000138044
 -0.0000003952
 -0.0000149704
 -0.0001304688
  0.0000360749
  0.0000275114
 -0.0000170138
  0.0000123644
 -0.0000017275
  0.0000012832
  0.0000002376
  0.0000050852
  0.0000046900
  0.0000139019
  0.0000097353
  0.0000041011
  0.0000142765
  0.0000068324
  0.0000112712
  0.0000114124
  0.0000029128
  0.0000089543
  0.0000037629
  0.0000068390
 -0.0000026058
  0.0000093219
  0.0000021757
  0.0000104891
  0.0000710739
  0.0000046209
 -0.0001330566
  0.0000035281
  0.0000040998
  0.0000152832
 -0.0000102013
 -0.0000058149
 -0.0000064362
 -0.0000093833
  0.0000013469
  0.0000090251
 -0.0000052956
 -0.0000014584
 -0.0000176341
 -0.0000163059
 -0.0000055789
 -0.0000015042
 -0.0000137391
 -0.0000110874
 -0.0000057144
  0.0000088033
  0.0000088467
  0.0000156254
  0.0000110798
  0.0000158929
  0.0000036241
  0.0000146773
  0.0000119028
  0.0000098277
  0.0000170686
  0.0000140335
  0.0000115335
  0.0000150754
  0.0000103024
  0.0000072389
  0.0000145906
  0.0000073585
  0.0000117541
 -0.0000294132
  0.0000087756
  0.0000049275
  0.0000058659
 -0.0000198472
  0.0000089727
  0.0000052390
 -0.0000004181
  0.0000043563
  0.0000029107
  0.0000148621
  0.0000078010
 -0.0000041092
  0.0000099368
  0.0000030531
  0.0000020340
  0.0000132244
 -0.0000118389
  0.0000110180
  0.0000154535
 -0.0000049921
  0.0000059566
  0.0000056381
  0.0000030187
 -0.0001089483
 -0.0001241124
 -0.0001221818
  0.0000461369
  0.0000403029
  0.0000335179
  0.0000400141
 -0.0000014585
 -0.0000003516
 -0.0000002610
 -0.0000010496
 -0.0000052460
 -0.0000015230
  0.0000020550
 -0.0000014458
  0.0000015087
 -0.0000001331
  0.0000000675
  0.0000034697
 -0.0000009699
  0.0000005576
  0.0000040976
 -0.0000016988
 -0.0000013184
 -0.0000008079
 -0.0000020237
 -0.0000032075
  0.0000038231
 -0.0000012823
 -0.0000013305
 -0.0000027992
  0.0000010916
 -0.0000010182
 -0.0000050176
  0.0000010236
 -0.0000060468
  0.0000017160
  0.0000005982
 -0.0000017716
 -0.0000032131
 -0.0000005375
  0.0000062325
 -0.0000008441
  0.0000052888
 -0.0000087440
 -0.0000008546
  0.0000056559
 -0.0000037948
  0.0000006548
 -0.0000027837
  0.0000006623
  0.0000116767
 -0.0000060238
  0.0000011742
  0.0000035319
  0.0000046260
  0.0000021457
 -0.0000040560
  0.0000011644
  0.0000094993
 -0.0000061740
  0.0000047353
  0.0000030963
  0.0000018478
 -0.0000053316
 -0.0000022997
  0.0000108454
 -0.0000045885
  0.0000075703
  0.0000052180
  0.0000000710
 -0.0000071628
  0.0000145825
  0.0000064231
 -0.0000047280
 -0.0000022699
  0.0000018172
 -0.0000022583
  0.0000047215
  0.0000014579
  0.0000028520
  0.0000356359
 -0.0001147416
  0.0000545019
 -0.0000972110
  0.0000130615
  0.0000425587
  0.0000217390
 -0.0000978265
  0.0000015615
  0.0000042782
  0.0000071445
  0.0000098859
  0.0000011277
 -0.0000024966
 -0.0000013073
  0.0000024445
  0.0000031766
  0.0000041011
 -0.0000007881
 -0.0000025608
  0.0000023386
 -0.0000033253
 -0.0000030011
 -0.0000008374
  0.0000099643
  0.0000094353
 -0.0000041217
  0.0000055869
  0.0000151721
  0.0000032372
  0.0000151326
  0.0000076883
  0.0000034221
  0.0000014003
  0.0000019980
  0.0000008586
  0.0000131390
 -0.0001118004
 -0.0000033208
  0.0000360393
 -0.0000023828
  0.0000000864
 -0.0000001465
  0.0000008633
  0.0000005765
  0.0000005801
  0.0000005923
  0.0000012471
  0.0000039309
 -0.0000004426
  0.0000013405
 -0.0000023564
 -0.0000007232
 -0.0000005907
  0.0000013641
 -0.0000005752
  0.0000009210
 -0.0000009339
 -0.0000016787
 -0.0000040690
 -0.0000073581
  0.0000013428
 -0.0000005708
 -0.0000004732
 -0.0000066367
  0.0000017139
 -0.0000046827
  0.0000017875
  0.0000029695
  0.0000046412
 -0.0000005704
 -0.0000065644
 -0.0000048502
 -0.0000045992
  0.0000022989
 -0.0000009142
 -0.0000034615
 -0.0000021097
  0.0000007693
 -0.0000041018
  0.0000029512
 -0.0000068714
  0.0000048378
  0.0000006183
  0.0000035836
 -0.0000077645
 -0.0000020344
 -0.0000025394
 -0.0000015928
 -0.0000012551
 -0.0000003691
  0.0000049917
  0.0000009222
  0.0000031829
  0.0000049772
  0.0000015766
 -0.0000002930
  0.0000413148
  0.0000323678
  0.0000462824
  0.0000196338
  0.0000131609
  0.0000190003
  0.0000006336
 -0.0000013677
 -0.0000030713
 -0.0000017744
 -0.0000026602
 -0.0000007202
  0.0000061586
  0.0000058006
  0.0000051524
  0.0000058259
  0.0000034721
  0.0000052086
  0.0000059047
  0.0000038356
  0.0000062711
  0.0000050870
  0.0000057689
  0.0000038882
  0.0000086707
  0.0000062293
  0.0000058402
  0.0000013708
 -0.0000021519
 -0.0000000991
 -0.0000013525
  0.0000002517
 -0.0000091182
 -0.0000042527
 -0.0000063108
 -0.0000013062
 -0.0000006614
 -0.0000015995
  0.0000035773
  0.0000010348
  0.0000032377
  0.0000056034
 -0.0000061817
 -0.0000059524
 -0.0000047042
 -0.0000045942
  0.0000010449
 -0.0000013345
 -0.0000014557
  0.0000087921
  0.0000035534
  0.0000033037
  0.0000032353
  0.0000044116
  0.0000046187
  0.0000046605
 -0.0000054503
  0.0000000844
  0.0000059935
  0.0000049301
 -0.0000054422
 -0.0000007018
  0.0000031924
 -0.0000062964
 -0.0000026447
 -0.0000054375
  0.0000051293
  0.0000060672
  0.0000066702
 -0.0001014941
  0.0000177708
  0.0000161618
  0.0000335356
  0.0000395298
 -0.0001070370
  0.0000433603
  0.0000031113
  0.0000337192
  0.0000348925
 -0.0000004685
 -0.0000017349
 -0.0000093679
  0.0000041229
  0.0000014228
  0.0000056385
 -0.0000045399
 -0.0000098419
  0.0000006601
  0.0000068240
 -0.0000089805
 -0.0000041661
  0.0000209141
  0.0000042834
 -0.0000012447
  0.0000050673
  0.0000160236
  0.0000036938
  0.0000146174
  0.0000110942
  0.0000064194
  0.0000059300
 -0.0000024797
  0.0000012421
  0.0000108149
 -0.0000087906
 -0.0000016683
 -0.0000015376
 -0.0000017434
 -0.0000014227
 -0.0000000830
 -0.0000009250
 -0.0000004249
 -0.0000002955
  0.0000024748
  0.0000062382
  0.0000013020
  0.0000005983
  0.0000001227
 -0.0000001495
 -0.0000003353
  0.0000009323
  0.0000001295
 -0.0000009595
  0.0000000926
 -0.0000048650
 -0.0000045172
 -0.0000059414
  0.0000048965
  0.0000054353
 -0.0000108186
 -0.0000053869
 -0.0000025772
  0.0000038197
 -0.0000021021
  0.0000024952
  0.0000032313
 -0.0000068754
 -0.0000004598
  0.0000017787
 -0.0000020044
 -0.0000064519
  0.0000054095
  0.0000003282
  0.0000023964
 -0.0000011834
  0.0000007141
  0.0000035881
  0.0000067594
 -0.0000023668
 -0.0000058139
 -0.0000032263
  0.0000010870
 -0.0000038918
 -0.0000006402
  0.0000034734
 -0.0000052559
 -0.0000038912
 -0.0000045348
  0.0000067808
 -0.0000031824
 -0.0000034779
  0.0000044392
  0.0000075505
  0.0000042120
  0.0000046760
 -0.0000050727
  0.0000048708
 -0.0000419095
  0.0000101942
  0.0000254005
  0.0000048230
  0.0000328422
  0.0000091096
  0.0000097281
  0.0000459328
  0.0000261610
  0.0000647662
  0.0000549915
  0.0000392890
  0.0000056251
  0.0000113923
  0.0000043065
  0.0000077456
  0.0000140757
  0.0000320091
  0.0000112582
  0.0000090067
  0.0000281129
  0.0000262572
  0.0000331871
  0.0000735313
 -0.0001723218
 -0.0001741211
 -0.0001733974
 -0.0001721397
 -0.0001734289
 -0.0001757309
 -0.0001736178
 -0.0001726210
 -0.0001451897
 -0.0001758735
 -0.0001755296
 -0.0001725849
 -0.0001661620
 -0.0001722738
 -0.0001746394
  0.0000331065
  0.0000512693
  0.0000502849
  0.0000370243
  0.0000525713
  0.0000196662
  0.0000492900
  0.0000309694
  0.0000489196
  0.0000948597
  0.0000425940
  0.0000522779
  0.0000593403
  0.0000412401
  0.0000781191
  0.0000312714
 -0.0001682318
 -0.0002045923
 -0.0001812133
 -0.0002178452
 -0.0001318128
 -0.0002100091
 -0.0002031594
 -0.0002028962
 -0.0001952951
 -0.0001831668
 -0.0001823017
 -0.0001810660
 -0.0001976260
 -0.0001611672
 -0.0002055006
 -0.0001955532
 -0.0002107789
 -0.0001769488
 -0.0002518403
 -0.0001735314
 -0.0001764937
 -0.0001770730
 -0.0002172528
 -0.0001969363
 -0.0001676460
 -0.0002544309
 -0.0001865682
 -0.0001884876
 -0.0001303719
 -0.0001929601
  0.0000398574
  0.0000480697
  0.0000256460
  0.0000269168
  0.0000029660
  0.0000054768
  0.0000048390
  0.0000019045
  0.0000043208
  0.0000038287
  0.0000044665
  0.0000059725
  0.0000048597
  0.0000064251
  0.0000009762
  0.0000034971
  0.0000034678
  0.0000005746
  0.0000025472
  0.0000045351
  0.0000036139
  0.0000027178
 -0.0000022096
  0.0000003168
  0.0000035912
  0.0000028719
 -0.0000004184
  0.0000030557
  0.0000034181
  0.0000036758
  0.0000057562
  0.0000058440
  0.0000032380
  0.0000058016
  0.0000026172
  0.0000099293
  0.0000055204
  0.0000071584
  0.0000022564
  0.0000027747
  0.0000030081
  0.0000096212
 -0.0000021908
  0.0000009266
  0.0000069735
  0.0000174066
  0.0000065494
 -0.0000021309
  0.0000000564
  0.0000098071
 -0.0000031713
 -0.0000026678
  0.0000104908
 -0.0000036194
 -0.0000026017
  0.0000198871
  0.0000016628
  0.0000069378
  0.0000058265
  0.0000063077
  0.0000086495
  0.0000029110
  0.0000126555
  0.0000035772
  0.0000034688
 -0.0000084055
  0.0000130078
  0.0000021977
  0.0000036925
 -0.0000021553
  0.0000074401
  0.0000056313
  0.0000320469
  0.0000022878
 -0.0000537358
  0.0000262870
  0.0000426597
  0.0000162334
  0.0000127178
 -0.0001306953
  0.0000116008
  0.0000470341
  0.0000022234
  0.0000031785
  0.0000010974
  0.0000117886
  0.0000046649
  0.0000047699
 -0.0000000986
 -0.0000003072
  0.0000000246
  0.0000100080
  0.0000015921
  0.0000045750
  0.0000050191
  0.0000061344
 -0.0000025159
  0.0000045611
  0.0000051111
  0.0000008173
  0.0000045125
  0.0000086734
  0.0000029111
  0.0000036430
  0.0000034529
  0.0000032472
  0.0000014844
 -0.0000013975
  0.0000037145
  0.0000016225
  0.0000025220
  0.0000070729
  0.0000037228
  0.0000018684
  0.0000080483
  0.0000029846
  0.0000037364
 -0.0000019452
  0.0000110053
  0.0000000320
  0.0000018537
  0.0000025806
 -0.0000055527
 -0.0000000580
  0.0000088354
 -0.0000009414
  0.0000022179
 -0.0000016548
 -0.0000040113
  0.0000120704
  0.0000080780
  0.0000008978
  0.0000027982
 -0.0000768276
  0.0000363213
  0.0000015080
  0.0000045582
  0.0000160602
  0.0000029032
  0.0000047953
  0.0000021051
  0.0000016172
 -0.0000008103
  0.0000106008
  0.0000144226
  0.0000046559
  0.0000035156
  0.0000006474
  0.0000016055
  0.0000077957
  0.0000019614
  0.0000240690
  0.0000025422
  0.0000019931
 -0.0000015574
  0.0000310242
  0.0000070550
  0.0000070434
  0.0000024572
  0.0000637699
 -0.0000040901
 -0.0001354358
  0.0000027129
  0.0000047189
  0.0000071994
 -0.0001505179
 -0.0001135949
  0.0000044823
  0.0000105016
  0.0000059538
  0.0000034239
  0.0000038026
  0.0000053243
  0.0000027820
  0.0000041831
  0.0000042484
  0.0000039516
  0.0000125718
  0.0000040496
  0.0000030501
  0.0000083176
  0.0000071045
  0.0000228055
  0.0000120241
  0.0000172262
  0.0000233175
  0.0000091846
  0.0000084692
  0.0000114471
  0.0000094762
  0.0000402417
  0.0000322195
  0.0000132254
  0.0000099177
  0.0000333562
  0.0000214246
  0.0000125868
  0.0000045757
  0.0000078598
  0.0000070352
  0.0000082409
  0.0000052716
  0.0000099613
  0.0000101096
  0.0000099183
  0.0000087366
  0.0000087297
  0.0000060139
  0.0000652111
  0.0000224001
  0.0000041545
  0.0000138182
 -0.0001422418
  0.0000618801
  0.0000196708
  0.0000172072
  0.0000277009
  0.0000044617
  0.0000074747
  0.0000226525
  0.0000056005
  0.0000229093
 -0.0000949806
  0.0000191594
  0.0000149704
  0.0000151501
  0.0000483465
  0.0000141946
  0.0000610682
  0.0000071282
  0.0000052847
  0.0000173711
  0.0000652105
  0.0000474300
  0.0000118506
  0.0000216909
  0.0000137430
  0.0000152953
 -0.0001553512
  0.0000065104
  0.0000277824
 -0.0000041146
 -0.0000585840
 -0.0000101856
  0.0000015363
  0.0000001912
  0.0000078314
  0.0000029597
  0.0000094593
  0.0000000726
  0.0000074155
  0.0000019671
  0.0000018502
  0.0000004543
  0.0000006759
  0.0000067092
  0.0000023119
  0.0000150682
  0.0000130332
  0.0000071492
  0.0000373341
  0.0000204881
  0.0000300610
  0.0000378303
  0.0000116543
  0.0000102385
  0.0000190899
  0.0000129609
  0.0000629002
  0.0000474242
  0.0000227207
  0.0000139571
  0.0000496954
  0.0000358630
  0.0000217054
  0.0000083886
  0.0000116857
  0.0000123868
  0.0000040505
  0.0000047460
  0.0000121786
 -0.0000048990
  0.0000052806
  0.0000110298
 -0.0000059100
 -0.0000022782
  0.0000086930
 -0.0000062473
  0.0000679262
  0.0000180734
  0.0000040479
  0.0000179090
 -0.0000864258
 -0.0000913590
  0.0000080288
  0.0000033102
  0.0000223721
  0.0000044450
  0.0000112771
  0.0000251932
  0.0000077564
  0.0000190072
  0.0000273742
 -0.0001566062
  0.0000422391
  0.0000196981
  0.0000184665
  0.0000190019
  0.0000612019
  0.0000095226
  0.0000320061
  0.0000080815
  0.0000055112
  0.0000161834
 -0.0000166572
  0.0000637064
  0.0000093090
  0.0000080629
 -0.0001783875
  0.0000176533
 -0.0000565358
  0.0000073218
 -0.0001101568
 -0.0001110300
  0.0000215894
  0.0000195066
  0.0000076838
  0.0000029349
 -0.0000004489
  0.0000214963
 -0.0000045696
  0.0000001718
  0.0000002465
  0.0000209743
 -0.0000026444
 -0.0000050771
 -0.0000074995
 -0.0000041799
 -0.0000027220
  0.0000094294
  0.0000001173
  0.0000248854
  0.0000084603
  0.0000024274
  0.0000041648
  0.0000035555
  0.0000137914
 -0.0000007647
  0.0000011400
  0.0000109697
 -0.0001171929
 -0.0000043448
 -0.0000486458
  0.0000000395
  0.0000000468
 -0.0000059349
  0.0000005799
  0.0000002803
 -0.0000007709
  0.0000001133
 -0.0000018390
  0.0000007225
 -0.0000000862
 -0.0000012205
 -0.0000024076
  0.0000028397
  0.0000002925
 -0.0000011879
  0.0000009740
  0.0000018973
  0.0000003600
 -0.0000027749
  0.0000054692
  0.0000014776
 -0.0000047736
  0.0000037959
 -0.0000055735
  0.0000013331
 -0.0000027328
  0.0000034684
  0.0000065919
 -0.0000090890
 -0.0000079340
  0.0000063582
  0.0000034410
  0.0000074946
  0.0000064605
 -0.0000058993
  0.0000102302
 -0.0000059947
  0.0000111878
  0.0000043396
  0.0000064248
  0.0000036647
  0.0000061305
  0.0000132436
  0.0000014130
  0.0000061747
  0.0000049396
  0.0000092291
  0.0000010193
 -0.0000015403
  0.0000171976
  0.0000012971
  0.0000003553
 -0.0000026655
  0.0000140018
  0.0000006069
  0.0000055371
 -0.0000027605
 -0.0000027751
 -0.0000134597
 -0.0000175052
 -0.0000972031
  0.0000740215
  0.0000861817
  0.0000437138
 -0.0000955355
  0.0000203822
  0.0000022674
  0.0000038295
  0.0000074447
  0.0000034877
 -0.0000002203
  0.0000050137
  0.0000017024
  0.0000016666
 -0.0000001094
 -0.0000009194
  0.0000006810
 -0.0000032925
  0.0000032800
  0.0000067085
  0.0000000877
  0.0000011905
  0.0000012205
  0.0000000693
 -0.0000015206
 -0.0000024381
  0.0000012610
 -0.0000013987
  0.0000054151
  0.0000039700
  0.0000012060
 -0.0000004868
  0.0000082132
  0.0000001602
  0.0000012643
 -0.0000020470
  0.0000008565
  0.0000000746
 -0.0000003887
 -0.0000085275
  0.0000012303
  0.0000084379
 -0.0000018216
 -0.0000091749
 -0.0000010648
 -0.0000061434
  0.0000106345
  0.0000044473
 -0.0000012443
  0.0000051247
  0.0000535382
  0.0000089612
 -0.0000030558
 -0.0000004659
  0.0000108600
  0.0000047159
  0.0000062574
  0.0000063944
 -0.0000007833
 -0.0000017998
  0.0000058244
  0.0000449497
 -0.0000004705
  0.0000043241
  0.0000035475
  0.0000035822
  0.0000079809
  0.0000020062
  0.0000118658
 -0.0000000503
 -0.0000020142
 -0.0000060017
  0.0000133545
  0.0000087283
  0.0000048740
 -0.0000012143
  0.0000144859
 -0.0000012401
  0.0000816557
  0.0000006821
  0.0000010521
  0.0000044406
 -0.0000041723
 -0.0000040099
 -0.0000064392
  0.0000030226
 -0.0000067589
 -0.0000046385
 -0.0000140126
 -0.0000065071
  0.0000070941
 -0.0000031875
  0.0000057337
  0.0000035336
 -0.0000049575
 -0.0000015813
  0.0000057958
 -0.0000115943
 -0.0000040235
 -0.0000034727
 -0.0000130509
  0.0000239480
  0.0000185755
  0.0000214133
  0.0000241807
  0.0000167114
  0.0000156335
  0.0000188108
  0.0000171950
  0.0000299637
  0.0000256222
  0.0000187923
  0.0000174757
  0.0000226643
  0.0000233972
  0.0000184975
 -0.0000037549
 -0.0000236292
 -0.0000219741
 -0.0000071115
 -0.0000168367
 -0.0000048761
 -0.0000173912
 -0.0000069833
 -0.0000162098
 -0.0000223441
 -0.0000048419
 -0.0000166296
 -0.0000281125
 -0.0000164209
 -0.0000255933
 -0.0000278177
 -0.0000051113
 -0.0000216899
  0.0000354578
  0.0000117341
 -0.0000116283
  0.0000099931
  0.0000112293
 -0.0000143275
 -0.0000165794
  0.0000104721
  0.0000201722
  0.0000111482
  0.0000008774
  0.0000134942
 -0.0000084347
  0.0000284201
  0.0000147771
  0.0000143387
 -0.0000170067
  0.0000221700
  0.0000305002
  0.0000120654
  0.0000154727
  0.0000176958
  0.0000066830
 -0.0001593287
 -0.0001545223
  0.0000190578
  0.0000119541
  0.0000346840
 -0.0000001016
 -0.0000011586
 -0.0000046238
 -0.0000018919
 -0.0000005655
 -0.0000031917
  0.0000014252
 -0.0000018582
 -0.0000015176
 -0.0000013997
 -0.0000008536
 -0.0000014526
  0.0000010703
 -0.0000014193
 -0.0000010438
  0.0000075953
  0.0000003299
 -0.0000016550
 -0.0000013952
  0.0000063998
 -0.0000023651
 -0.0000014898
  0.0000015217
 -0.0000015083
  0.0000006237
 -0.0000009453
  0.0000030661
 -0.0000026110
  0.0000043895
 -0.0000007187
  0.0000011179
 -0.0000032036
 -0.0000024134
 -0.0000022904
  0.0000004695
 -0.0000053799
 -0.0000033059
 -0.0000029258
 -0.0000102794
 -0.0000123260
  0.0000024338
  0.0000029192
  0.0000077219
 -0.0000029560
 -0.0000028512
 -0.0000011199
  0.0000033817
 -0.0000030267
 -0.0000074197
 -0.0000159459
 -0.0000019426
 -0.0000054166
 -0.0000020071
  0.0000014750
 -0.0000030014
 -0.0000071978
 -0.0000012160
 -0.0000013751
 -0.0000048590
 -0.0000070359
  0.0000037201
 -0.0000008530
 -0.0000001184
 -0.0000121251
 -0.0000012306
 -0.0000140338
  0.0000036292
  0.0000267958
  0.0000223582
  0.0000145456
  0.0000206065
  0.0000047142
 -0.0000002973
  0.0000011312
 -0.0000074410
 -0.0000053135
 -0.0000026560
  0.0000007825
  0.0000034445
  0.0000016182
 -0.0000001470
 -0.0000064372
 -0.0000064379
  0.0000008620
 -0.0000017080
 -0.0000012763
  0.0000004182
 -0.0000033711
 -0.0000011913
 -0.0000015913
 -0.0000029872
 -0.0000027500
 -0.0000012605
 -0.0000019520
 -0.0000034731
  0.0000003320
 -0.0000001813
 -0.0000016756
 -0.0000026445
 -0.0000047689
 -0.0000005428
  0.0000001940
 -0.0000064852
 -0.0000012334
  0.0000076505
 -0.0000040072
  0.0000024814
 -0.0000072467
 -0.0000049179
 -0.0000041972
 -0.0000064830
 -0.0000026542
 -0.0000044959
  0.0000083108
 -0.0000009010
 -0.0000006746
 -0.0000039413
  0.0000001139
 -0.0000147661
 -0.0000145823
 -0.0000024715
 -0.0000047615
 -0.0000117368
 -0.0000038454
  0.0000110507
 -0.0000057502
 -0.0000034612
 -0.0000070443
 -0.0000037088
 -0.0000047863
 -0.0000108131
  0.0000051209
 -0.0000011651
 -0.0000024535
 -0.0000048693
  0.0000050695
 -0.0000104958
 -0.0000107172
 -0.0000010773
 -0.0000016680
 -0.0000027969
  0.0000208472
  0.0000002209
  0.0000656320
  0.0000590400
 -0.0001515113
  0.0000066464
 -0.0001673067
  0.0000182474
  0.0000506678
  0.0000524292
  0.0000107582
  0.0000530900
 -0.0000064025
  0.0000143083
  0.0000130233
  0.0000169640
 -0.0000032863
 -0.0000005457
  0.0000055680
 -0.0000021601
 -0.0000061816
 -0.0000023942
  0.0000088953
  0.0000150545
  0.0000095959
  0.0000212980
  0.0000048633
  0.0000166568
  0.0000062372
  0.0000113682
  0.0000511744
  0.0000585337
 -0.0000011939
  0.0000129948
  0.0000083803
  0.0000426821
  0.0000021866
  0.0000086970
  0.0000079887
  0.0000029388
 -0.0000022460
 -0.0000021827
 -0.0000021871
 -0.0000019875
 -0.0000011052
 -0.0000013241
 -0.0000016117
 -0.0000018111
 -0.0000018939
 -0.0000007264
 -0.0000017258
 -0.0000015402
 -0.0000009868
 -0.0000024584
 -0.0000019924
 -0.0000031026
 -0.0000006638
 -0.0000041331
  0.0000054237
  0.0000040329
 -0.0000051707
 -0.0000044983
  0.0000003143
  0.0000021718
  0.0000094668
  0.0000033662
  0.0000042106
  0.0000046742
 -0.0000007949
  0.0000046399
 -0.0000010350
 -0.0000041696
  0.0000111507
 -0.0000068720
  0.0000090937
  0.0000065806
 -0.0000017641
 -0.0000035843
  0.0000010080
  0.0000017646
 -0.0000046375
  0.0000005098
  0.0000024332
  0.0000006061
 -0.0000045843
  0.0000037358
  0.0000071555
 -0.0000020669
  0.0000013667
  0.0000071063
  0.0000008485
 -0.0000020038
  0.0000031537
  0.0000034431
 -0.0000066759
  0.0000156147
  0.0000044426
 -0.0000010805
  0.0000699922
  0.0000089570
  0.0000242263
 -0.0000039368
 -0.0000020587
 -0.0000031435
 -0.0000069870
 -0.0000042930
 -0.0000028589
 -0.0000012560
 -0.0000039364
 -0.0000008717
 -0.0000022569
 -0.0000040976
 -0.0000009798
 -0.0000035641
 -0.0000007556
 -0.0000007683
 -0.0000031272
 -0.0000026819
 -0.0000009077
 -0.0000007164
 -0.0000002791
 -0.0000023794
 -0.0000008533
  0.0000004576
  0.0000013085
 -0.0000059313
 -0.0000082638
 -0.0000030742
 -0.0000072689
 -0.0000058877
 -0.0000051067
  0.0000022986
 -0.0000089781
 -0.0000001208
  0.0000064138
 -0.0000003141
 -0.0000027279
 -0.0000065355
  0.0000045199
 -0.0000019801
  0.0000014161
  0.0000009267
  0.0000133906
 -0.0000016585
 -0.0000007520
 -0.0000018447
 -0.0000050510
  0.0000033348
  0.0000053398
 -0.0000075634
 -0.0000071853
  0.0000049668
  0.0000008593
  0.0000040323
 -0.0000011709
 -0.0000008086
 -0.0000025338
  0.0000038446
  0.0000037000
  0.0000003123
  0.0000004190
 -0.0000034826
  0.0000018487
 -0.0000015737
  0.0000059621
  0.0000623607
 -0.0000115901
  0.0000084815
  0.0000192093
  0.0000103156
  0.0000215548
  0.0000107661
  0.0000069158
  0.0000065906
  0.0000076253
  0.0000120582
  0.0000050335
  0.0000045005
  0.0000096553
  0.0000039160
  0.0000045984
  0.0000105471
  0.0000058135
  0.0000098938
  0.0000118521
  0.0000075007
  0.0000078515
  0.0000095030
  0.0000085676
  0.0000182308
  0.0000334555
  0.0000395975
  0.0000403871
  0.0000346332
  0.0000188261
 -0.0000060104
  0.0000369100
  0.0000247619
  0.0000084218
  0.0000145073
  0.0000479827
  0.0000253430
  0.0000131514
  0.0000322079
  0.0000427986
  0.0000092560
  0.0000131733
  0.0000074447
  0.0000073987
  0.0000095750
  0.0000094158
  0.0000159487
  0.0000095821
  0.0000072196
  0.0000077299
  0.0000152891
  0.0000073098
  0.0000080132
 -0.0000039724
  0.0000349992
 -0.0000772647
 -0.0001803405
  0.0000537541
  0.0000455065
  0.0000266258
  0.0000267937
  0.0000546718
 -0.0001661723
 -0.0000824627
 -0.0001532683
 -0.0000656869
  0.0000335380
 -0.0001189291
  0.0000647883
 -0.0000607034
  0.0000343229
 -0.0001597732
 -0.0001346735
  0.0000443286
  0.0000284237
  0.0000302329
 -0.0000543864
 -0.0000564560
 -0.0000048264
 -0.0000027562
  0.0000235966
  0.0000257042
  0.0000372952
  0.0000655210
 -0.0001548089
  0.0000510986
 -0.0001642020
  0.0000623770
  0.0000064105
  0.0000156707
  0.0000100924
  0.0000226921
  0.0000152772
  0.0000197516
 -0.0000080409
  0.0000141704
  0.0000089437
  0.0000157551
  0.0000138466
 -0.0000094332
  0.0000169184
  0.0000152107
 -0.0000025709
 -0.0000014782
 -0.0000026440
 -0.0000022164
 -0.0000043637
 -0.0000073641
 -0.0000013593
 -0.0000035352
 -0.0000076453
  0.0000003110
 -0.0000015212
 -0.0000025715
 -0.0000033187
 -0.0000032483
 -0.0000015269
  0.0000210678
  0.0000175681
  0.0000305962
  0.0000178748
  0.0000197739
  0.0000159090
  0.0000180593
  0.0000136402
  0.0000276525
  0.0000228204
  0.0000233206
  0.0000196354
  0.0000206968
  0.0000205969
  0.0000040556
 -0.0000021865
 -0.0000070467
 -0.0000041189
  0.0000000091
 -0.0000029247
 -0.0000031667
 -0.0000043949
  0.0000053812
 -0.0000045178
  0.0000071836
 -0.0000052415
  0.0000019438
  0.0000017250
 -0.0000003799
 -0.0000042283
 -0.0000007252
 -0.0000158345
 -0.0000051543
 -0.0000078635
 -0.0000065630
  0.0000034183
 -0.0000020408
 -0.0000165186
  0.0000028946
  0.0000006305
  0.0000113969
 -0.0000056642
 -0.0001466342
 -0.0000045148
 -0.0000017924
  0.0000025061
 -0.0000033921
 -0.0000015635
 -0.0000009437
 -0.0000072861
 -0.0000021124
 -0.0000091011
 -0.0000063656
  0.0000049269
 -0.0000015021
 -0.0000058714
 -0.0000001118
 -0.0000019772
  0.0000032962
  0.0000148134
  0.0000047193
  0.0000097327
  0.0000152915
 -0.0000008593
 -0.0000020362
  0.0000038614
  0.0000004140
  0.0000284110
  0.0000220745
  0.0000058994
  0.0000011186
  0.0000219794
  0.0000135157
  0.0000054890
  0.0000014685
  0.0000016893
  0.0000017430
  0.0000000957
 -0.0000050767
 -0.0000017470
  0.0000022894
  0.0000015661
  0.0000014956
  0.0000013544
  0.0000024877
 -0.0000006702
 -0.0000004295
  0.0000486003
 -0.0000012221
 -0.0000072745
 -0.0000082129
  0.0000264271
  0.0000372821
  0.0000009327
  0.0000007632
  0.0000198336
 -0.0000084786
 -0.0000029042
 -0.0000003865
 -0.0000051930
  0.0000036217
  0.0000414737
 -0.0000037496
 -0.0000072580
 -0.0000067287
  0.0000341737
 -0.0000017264
  0.0000428262
 -0.0000037513
 -0.0000066049
 -0.0000087204
  0.0000433672
  0.0000340456
 -0.0000034762
  0.0000051512
  0.0000464134
 -0.0000074868
 -0.0000058610
 -0.0000089652
  0.0000194269
 -0.0000209803
 -0.0001650505
  0.0000033091
  0.0000573498
  0.0000584592
 -0.0000027386
  0.0000425835
 -0.0000004699
  0.0000056524
  0.0000007510
  0.0000041386
  0.0000067667
 -0.0000060607
 -0.0000002098
  0.0000007774
 -0.0000013775
  0.0000077991
  0.0000196669
  0.0000059460
 -0.0000071366
  0.0000077978
  0.0000137070
  0.0000028874
  0.0000146824
  0.0000162908
  0.0000422349
  0.0000507655
  0.0000111662
 -0.0000009619
  0.0000013054
  0.0000322315
 -0.0000071982
 -0.0000067991
 -0.0000065600
  0.0000025014
  0.0000004731
  0.0000012507
  0.0000005142
  0.0000011491
 -0.0000000274
  0.0000012589
  0.0000009809
  0.0000008529
 -0.0000003749
  0.0000005393
  0.0000011545
  0.0000007603
  0.0000001631
 -0.0000001207
  0.0000012610
  0.0000052204
 -0.0000058996
 -0.0000041701
  0.0000042572
  0.0000015878
 -0.0000030202
 -0.0000031855
  0.0000054766
 -0.0000000811
 -0.0000009068
  0.0000004513
  0.0000009247
 -0.0000031128
 -0.0000015206
 -0.0000064584
 -0.0000029366
  0.0000034480
 -0.0000025863
  0.0000032623
 -0.0000036902
  0.0000037835
  0.0000074808
  0.0000008838
  0.0000015440
 -0.0000029110
  0.0000037634
 -0.0000020979
 -0.0000059381
  0.0000001294
 -0.0000011237
 -0.0000003323
 -0.0000023217
  0.0000015929
 -0.0000038429
 -0.0000024697
 -0.0000050882
 -0.0000019973
  0.0000017390
  0.0000013926
  0.0000022156
  0.0000007576
  0.0000020695
  0.0000016022
 -0.0000003103
  0.0000059082
  0.0000634178
 -0.0000037362
  0.0000147620
  0.0000177160
  0.0000282890
  0.0000156326
  0.0000090061
  0.0000129981
  0.0000115981
  0.0000114443
  0.0000073208
  0.0000104969
  0.0000102772
  0.0000134488
  0.0000156910
  0.0000095147
  0.0000139008
  0.0000182468
  0.0000172690
 -0.0000878218
 -0.0000681827
 -0.0000841740
 -0.0000875819
 -0.0000492849
 -0.0000373911
 -0.0000655372
 -0.0000520825
 -0.0001053092
 -0.0001056437
 -0.0000744906
 -0.0000529457
 -0.0001122332
 -0.0000875481
 -0.0000705678
  0.0000133461
  0.0000204365
  0.0000113504
  0.0000108897
  0.0000109122
  0.0000198874
  0.0000129978
  0.0000140355
  0.0000140170
  0.0000212630
  0.0000111506
  0.0000132794
 -0.0001284497
  0.0000137784
 -0.0000213333
  0.0000220030
  0.0000675498
 -0.0001242429
  0.0000191261
  0.0000194403
  0.0000472293
  0.0000064603
 -0.0000394255
  0.0000555242
 -0.0000339445
  0.0000251160
  0.0000278937
 -0.0000884240
  0.0000103453
  0.0000369163
  0.0000193835
 -0.0001007702
  0.0000294436
 -0.0001374398
 -0.0000251955
 -0.0000213174
  0.0000064951
 -0.0001400160
 -0.0001090033
  0.0000261044
  0.0000308226
 -0.0000341997
  0.0000470953
  0.0000568024
  0.0000103966
 -0.0002047932
 -0.0001079191
 -0.0001760400
 -0.0001623610
 -0.0001770006
 -0.0002045957
 -0.0001763641
 -0.0002269450
 -0.0001447246
 -0.0001738055
 -0.0000974805
 -0.0001397011
 -0.0001564032
 -0.0002517399
 -0.0001922196
 -0.0002503920
 -0.0002111653
 -0.0001965405
 -0.0001692651
 -0.0001760354
 -0.0001928542
 -0.0002136491
 -0.0001737492
 -0.0001746729
 -0.0001766348
 -0.0000913240
  0.0000116500
  0.0000170349
  0.0000152205
  0.0000126429
  0.0000269899
  0.0000404593
  0.0000178485
  0.0000223764
  0.0000092727
  0.0000102808
  0.0000164830
  0.0000223039
  0.0000135625
  0.0000107697
  0.0000169309
 -0.0001725917
 -0.0000707114
 -0.0001266480
 -0.0001416558
 -0.0000910317
 -0.0001782418
 -0.0000815335
 -0.0001775825
 -0.0001296757
  0.0000312377
 -0.0001394766
 -0.0001105500
 -0.0000561076
 -0.0001293390
  0.0000380653
 -0.0000219258
 -0.0001721848
  0.0000372097
 -0.0000007870
  0.0000586413
  0.0000562995
  0.0000940916
  0.0000326548
  0.0000363458
  0.0000573450
  0.0000540067
  0.0000860034
  0.0000569452
  0.0000691085
  0.0000513943
  0.0001005044
  0.0000427610
  0.0000983372
  0.0000900765
  0.0000192792
  0.0000115119
  0.0000478943
  0.0000468867
  0.0000747711
  0.0000039995
  0.0000112757
  0.0000461963
  0.0000814629
  0.0000297859
  0.0000693794
  0.0000412869
  0.0000053404
  0.0000047244
  0.0000028064
  0.0000043427
 -0.0000003706
  0.0000047724
  0.0000034482
  0.0000034256
  0.0000041915
  0.0000043904
  0.0000010964
  0.0000027460
  0.0000017353
  0.0000014090
  0.0000017240
 -0.0000014457
  0.0000028373
  0.0000019411
  0.0000054068
  0.0000057110
  0.0000027610
  0.0000014643
  0.0000087953
  0.0000013369
  0.0000028049
  0.0000066096
  0.0000027343
  0.0000036163
  0.0000030270
  0.0000036428
  0.0000020152
 -0.0000014976
  0.0000114547
  0.0000020402
  0.0000006494
  0.0000054498
  0.0000060067
  0.0000059110
  0.0000140547
  0.0000065771
  0.0000003987
 -0.0000043951
  0.0000107044
  0.0000029119
  0.0000085021
  0.0000041015
  0.0000058011
  0.0000047256
  0.0000062084
 -0.0000018081
  0.0000000237
  0.0000107676
  0.0000106449
 -0.0000021914
 -0.0000032000
 -0.0000058695
 -0.0000050734
  0.0000111603
 -0.0000026123
  0.0000074757
  0.0000019466
  0.0000018435
  0.0000044972
  0.0000081719
  0.0000095753
 -0.0000033450
  0.0000110385
  0.0000109187
 -0.0000030004
  0.0000089787
  0.0000020898
  0.0000131019
  0.0000241156
  0.0000181125
 -0.0000064831
 -0.0000011980
 -0.0000017596
  0.0000157624
  0.0000033831
 -0.0000053386
 -0.0000043311
  0.0000199162
  0.0000059030
  0.0000002838
  0.0000074985
  0.0000029537
  0.0000084645
  0.0000038683
 -0.0000046393
 -0.0000001351
  0.0000248471
  0.0000036699
 -0.0000003353
 -0.0000007108
 -0.0000020041
  0.0000101254
  0.0000067335
  0.0000087551
  0.0000000491
  0.0000074403
 -0.0000941187
 -0.0000001431
  0.0000467833
 -0.0000000780
  0.0000000164
  0.0000091319
  0.0000015964
  0.0000007030
  0.0000005688
  0.0000008614
  0.0000039963
  0.0000050639
  0.0000024777
  0.0000023054
 -0.0000006671
 -0.0000002529
 -0.0000002872
  0.0000029068
 -0.0000001394
  0.0000008465
  0.0000000253
  0.0000075744
  0.0000000077
 -0.0000007919
  0.0000084584
  0.0000080473
  0.0000018348
 -0.0000004936
  0.0000111206
  0.0000061830
  0.0000020753
  0.0000059539
  0.0000066057
 -0.0000025632
  0.0000022073
  0.0000078941
  0.0000024555
  0.0000079859
  0.0000106808
 -0.0000022713
  0.0000070414
  0.0000028803
  0.0000039179
  0.0000029382
  0.0000079515
  0.0000059606
 -0.0000009845
  0.0000081806
  0.0000056353
  0.0000040594
  0.0000069186
  0.0000012743
  0.0000032276
  0.0000104967
  0.0000040463
  0.0000015730
  0.0000023759
  0.0000128580
  0.0000074931
  0.0000024173
  0.0000002009
  0.0000019488
  0.0000626316
  0.0000830417
 -0.0001240784
  0.0000742293
 -0.0000044337
 -0.0000075999
  0.0000034752
  0.0000041540
  0.0000026467
  0.0000020075
 -0.0000085070
 -0.0000054812
 -0.0000017470
 -0.0000046004
 -0.0000006770
  0.0000011321
  0.0000038311
  0.0000047248
  0.0000048788
  0.0000046436
  0.0000053387
  0.0000048857
  0.0000044416
  0.0000051863
  0.0000049936
  0.0000010419
  0.0000088017
  0.0000052129
  0.0000044290
  0.0000063559
  0.0000043167
  0.0000049854
 -0.0000029883
 -0.0000036874
 -0.0000067142
 -0.0000050536
 -0.0000004397
 -0.0000118246
 -0.0000018841
 -0.0000037764
 -0.0000071512
 -0.0000123308
 -0.0000054152
 -0.0000127427
  0.0000103908
  0.0000034185
  0.0000026629
 -0.0000078856
  0.0000661752
  0.0000282078
  0.0000087817
  0.0000026155
  0.0000072715
  0.0000028777
  0.0000040502
  0.0000029531
  0.0000022829
  0.0000020063
  0.0000057539
  0.0000795886
  0.0000028887
 -0.0000074118
 -0.0000062621
 -0.0000089727
  0.0000045826
  0.0000006147
  0.0000215042
  0.0000047240
  0.0000041798
  0.0000026260
  0.0000268617
  0.0000045854
 -0.0000003026
  0.0000113864
  0.0000470381
  0.0000041618
 -0.0000251266
  0.0000043458
  0.0000182822
  0.0000011120
  0.0000028670
 -0.0000055399
  0.0000101248
  0.0000165939
  0.0000064589
  0.0000070161
  0.0000079847
  0.0000031291
  0.0000047636
  0.0000065493
 -0.0000008542
  0.0000041871
  0.0000067820
  0.0000010912
  0.0000063134
  0.0000030073
  0.0000081693
  0.0000106028
  0.0000001985
  0.0000131314
 -0.0000037245
  0.0000031956
  0.0000211942
  0.0000142925
  0.0000057213
  0.0000122257
 -0.0000043604
  0.0000066868
  0.0000214791
  0.0000104378
  0.0000113144
 -0.0000014115
  0.0000017107
  0.0000012688
  0.0000015736
  0.0000016784
  0.0000013385
  0.0000030722
  0.0000004574
  0.0000002931
  0.0000027115
  0.0000027806
  0.0000005893
  0.0000010779
  0.0000029335
  0.0000014548
 -0.0000007436
 -0.0000026496
 -0.0000020946
 -0.0000008991
  0.0000050218
  0.0000027333
  0.0000063945
 -0.0000006684
 -0.0000000616
  0.0000009888
  0.0000027429
  0.0000019699
  0.0000023790
 -0.0000003910
 -0.0000004490
 -0.0000039964
  0.0000015987
 -0.0000013580
  0.0000008995
  0.0000021755
  0.0000014210
  0.0000018541
  0.0000020165
  0.0000043382
 -0.0000045842
  0.0000041697
 -0.0000010462
 -0.0000010843
  0.0000003936
  0.0000022076
 -0.0000014979
 -0.0000017656
 -0.0000027084
 -0.0000007823
  0.0000037309
  0.0000020100
  0.0000008050
  0.0000048874
  0.0000050769
  0.0000033934
  0.0000062599
 -0.0000006192
 -0.0000067031
 -0.0000077632
 -0.0000010555
  0.0000015685
 -0.0000071054
  0.0000007597
  0.0000014834
 -0.0000051811
  0.0000018694
 -0.0000007567
 -0.0000031393
  0.0000009517
  0.0000058886
  0.0000008287
  0.0000030497
  0.0000045277
  0.0000019169
 -0.0000025640
  0.0000038447
  0.0000032821
 -0.0000045225
  0.0000440183
 -0.0000006725
 -0.0000240950
  0.0000012528
  0.0000016823
 -0.0000021265
 -0.0000088228
 -0.0000045541
 -0.0000049716
 -0.0000079036
 -0.0000013459
  0.0000061910
 -0.0000046374
 -0.0000031528
 -0.0000137682
 -0.0000117514
 -0.0000031154
 -0.0000031340
 -0.0000090379
 -0.0000096029
 -0.0000042156
  0.0000003149
  0.0000017667
  0.0000006417
 -0.0000023296
  0.0000040695
 -0.0000002819
 -0.0000011133
  0.0000004082
  0.0000038547
 -0.0000009805
 -0.0000054247
 -0.0000043444
  0.0000008428
  0.0000031560
  0.0000009238
  0.0000033549
 -0.0000021890
  0.0000022242
 -0.0000235657
  0.0000063825
  0.0000046843
  0.0000042343
  0.0000026905
 -0.0000151496
 -0.0000021895
 -0.0000050294
  0.0000007269
 -0.0000005041
  0.0000051660
 -0.0000035997
  0.0000113331
 -0.0000003879
 -0.0000012348
 -0.0000089741
  0.0000096336
  0.0000011013
 -0.0000041578
 -0.0000015810
 -0.0000020610
 -0.0000068074
  0.0000010534
 -0.0000001184
  0.0000057018
  0.0000050722
 -0.0000004254
 -0.0000001835
 -0.0000066221
  0.0000041004
  0.0000054906
  0.0000041092
  0.0000040942
  0.0000031337
  0.0000011380
 -0.0000059287
  0.0000032388
  0.0000028021
 -0.0000008204
  0.0000029302
 -0.0000073400
 -0.0000019443
 -0.0000004080
 -0.0000015943
  0.0000055674
  0.0000019754
 -0.0000058403
  0.0000495662
  0.0000053116
 -0.0001271602
  0.0000012221
  0.0000006854
  0.0000030204
  0.0000023027
  0.0000033508
  0.0000013930
  0.0000022293
  0.0000040889
  0.0000048506
  0.0000042949
  0.0000046852
  0.0000007891
  0.0000004719
  0.0000009428
  0.0000047359
 -0.0000000401
  0.0000022112
  0.0000024035
  0.0000030791
  0.0000040422
 -0.0000010988
 -0.0000064044
 -0.0000063216
  0.0000053174
 -0.0000023463
  0.0000064074
 -0.0000041031
  0.0000067146
 -0.0000074916
 -0.0000014231
  0.0000050548
 -0.0000044130
 -0.0000003052
  0.0000018492
  0.0000056858
  0.0000038653
 -0.0000018468
  0.0000038617
  0.0000038294
  0.0000014272
  0.0000100246
 -0.0000076919
  0.0000035512
 -0.0000002376
  0.0000004585
  0.0000027806
  0.0000037080
  0.0000011431
  0.0000000313
  0.0000034158
  0.0000024497
  0.0000075727
  0.0000022413
  0.0000025296
  0.0000021852
  0.0000065901
  0.0000009702
  0.0000131599
  0.0000122335
  0.0000153102
 -0.0000025817
 -0.0000006801
  0.0000060791
 -0.0000034546
 -0.0000021672
  0.0000144140
  0.0000056342
  0.0000064327
  0.0000038060
  0.0000028109
  0.0000057205
  0.0000055326
  0.0000000636
 -0.0000048822
  0.0000049569
  0.0000149672
 -0.0000009450
  0.0000013559
  0.0000019965
 -0.0000030124
  0.0000073727
  0.0000056221
  0.0000077204
  0.0000007937
  0.0000030172
 -0.0000999531
  0.0000061914
  0.0000170876
  0.0000008776
 -0.0000015338
  0.0000059957
  0.0000012462
  0.0000015017
  0.0000012986
  0.0000014601
  0.0000023247
  0.0000024326
  0.0000018630
  0.0000015799
  0.0000019815
  0.0000023939
  0.0000016979
  0.0000018893
  0.0000021742
  0.0000009975
  0.0000015793
  0.0000049337
 -0.0000022149
  0.0000010301
  0.0000097424
  0.0000099243
  0.0000074544
  0.0000021839
  0.0000068145
  0.0000034320
 -0.0000018650
  0.0000043264
 -0.0000021606
 -0.0000020228
  0.0000024546
  0.0000068573
  0.0000040960
  0.0000026924
  0.0000038425
  0.0000001591
  0.0000084104
  0.0000041049
  0.0000037233
  0.0000029510
  0.0000011500
  0.0000063319
 -0.0000014511
  0.0000015093
 -0.0000020317
  0.0000010602
  0.0000062560
  0.0000027910
  0.0000038506
 -0.0000002129
  0.0000024875
 -0.0000045186
  0.0000019287
 -0.0000019597
  0.0000026170
  0.0000023303
 -0.0000015733
  0.0000537288
  0.0000588667
  0.0000489168
  0.0000515525
  0.0000525935
  0.0000462886
  0.0000553764
  0.0000515414
  0.0000759845
  0.0000464990
  0.0000930862
  0.0000628068
  0.0000467632
  0.0000470183
  0.0000436915
  0.0000446564
  0.0000434838
  0.0000534175
  0.0000484879
  0.0000519785
  0.0000509436
  0.0000482864
  0.0000546154
 -0.0000057239
 -0.0000152376
 -0.0000063817
 -0.0000055112
 -0.0000237885
 -0.0000377766
 -0.0000157456
 -0.0000202245
 -0.0000020449
 -0.0000090767
 -0.0000121482
 -0.0000198457
 -0.0000043022
 -0.0000057328
 -0.0000143803
  0.0000535329
  0.0000701625
  0.0000617983
  0.0000515657
  0.0000734713
  0.0000472269
  0.0000711692
  0.0000501246
  0.0000588792
  0.0001240600
  0.0000574042
  0.0000764204
  0.0000730071
  0.0000521518
  0.0001043565
  0.0000506539
 -0.0000221312
 -0.0001728037
 -0.0000864220
 -0.0002028731
  0.0000283060
  0.0000004840
 -0.0001654263
 -0.0001656726
 -0.0001718369
 -0.0000909626
 -0.0001594534
 -0.0000787653
 -0.0001868737
  0.0000380398
 -0.0001713731
 -0.0001658054
 -0.0001987166
 -0.0000126181
 -0.0000298059
 -0.0000188767
 -0.0000701167
 -0.0000712994
 -0.0002000897
 -0.0000314056
 -0.0000069173
 -0.0000300844
  0.0000353450
 -0.0001606382
  0.0000234650
 -0.0001681509
 -0.0000004700
 -0.0000060575
  0.0000002973
 -0.0000015742
  0.0000031057
 -0.0000009764
  0.0000012756
  0.0000060234
  0.0000012873
  0.0000039258
  0.0000063198
  0.0000046940
  0.0000023764
  0.0000019627
  0.0000024551
  0.0000072735
  0.0000017582
 -0.0000031369
 -0.0000100268
  0.0000016877
  0.0000570127
  0.0000023531
  0.0000049092
  0.0000302303
  0.0000262709
  0.0000286261
  0.0000303488
  0.0000283601
  0.0000254360
  0.0000270086
  0.0000280749
  0.0000426058
  0.0000264890
  0.0000256739
  0.0000279547
  0.0000275821
  0.0000302370
  0.0000258646
  0.0000061842
 -0.0000017937
  0.0000058246
  0.0000004136
  0.0000058657
  0.0000008848
  0.0000037375
  0.0000066591
  0.0000006667
  0.0000071334
  0.0000027359
  0.0000011683
  0.0000043605
  0.0000013786
 -0.0000022112
  0.0000039714
  0.0000041557
  0.0000028352
  0.0000313741
  0.0000260485
  0.0000188685
  0.0000012047
 -0.0000020646
 -0.0000013494
  0.0000193022
  0.0000219611
  0.0000190641
  0.0000360779
  0.0000197080
  0.0000260838
  0.0000013718
  0.0000255913
  0.0000263383
  0.0000209013
  0.0000304954
  0.0000039970
  0.0000015584
  0.0000243519
  0.0000069665
  0.0000168292
 -0.0000021443
 -0.0000044749
 -0.0000048866
 -0.0000024864
  0.0000031339
  0.0000008857
 -0.0000043328
  0.0000019767
 -0.0000001023
  0.0000014775
  0.0000019261
 -0.0000000876
 -0.0000008739
 -0.0000003039
 -0.0000010938
 -0.0000058527
 -0.0000001005
  0.0000001286
  0.0000002963
 -0.0000058597
  0.0000019563
  0.0000000987
 -0.0000029974
 -0.0000040389
 -0.0000012986
 -0.0000011658
 -0.0000058402
 -0.0000015813
  0.0000045306
 -0.0000040774
  0.0000019579
 -0.0000064197
 -0.0000023633
 -0.0000041135
 -0.0000005816
 -0.0000027587
 -0.0000022751
 -0.0000023974
  0.0000025787
  0.0000063093
 -0.0000061525
 -0.0000058550
 -0.0000021477
 -0.0000019603
 -0.0000035750
 -0.0000027912
 -0.0000028863
 -0.0000025056
 -0.0000013566
 -0.0000033945
 -0.0000007457
 -0.0000044815
 -0.0000018008
  0.0000034381
 -0.0000091120
  0.0000073899
  0.0000034738
  0.0000013752
 -0.0000041848
  0.0000115862
  0.0000021838
 -0.0000082671
  0.0000004745
  0.0000031823
 -0.0000011996
  0.0000081438
 -0.0000025308
 -0.0000030676
 -0.0000035829
 -0.0000023218
 -0.0000037242
 -0.0000019023
 -0.0000021647
 -0.0000027542
  0.0000004287
 -0.0000056910
 -0.0000039711
 -0.0000053536
 -0.0000011218
 -0.0000047944
 -0.0000023331
 -0.0000041719
 -0.0000049386
 -0.0000081727
  0.0000015340
  0.0000000595
 -0.0000020493
 -0.0000002272
  0.0000083697
  0.0000003376
  0.0000058615
 -0.0000095473
  0.0000020678
  0.0000023533
 -0.0000004396
 -0.0000008943
 -0.0000015776
  0.0000039966
 -0.0000009763
 -0.0000015169
  0.0000026083
  0.0000001387
 -0.0000032193
 -0.0000012313
 -0.0000036078
  0.0000015088
 -0.0000000588
 -0.0000045023
 -0.0000032081
  0.0000000771
  0.0000054567
  0.0000014291
 -0.0000017407
 -0.0000043605
  0.0000017281
 -0.0000006102
  0.0000007979
 -0.0000008081
  0.0000012414
 -0.0000001352
 -0.0000050374
 -0.0000004689
 -0.0000006431
 -0.0000050330
 -0.0000011321
 -0.0000037351
 -0.0000010777
 -0.0000018746
 -0.0000017533
 -0.0000031826
 -0.0000032804
 -0.0000007840
  0.0000003009
 -0.0000035943
 -0.0000028625
 -0.0000015440
 -0.0000022960
 -0.0000009793
 -0.0000034011
 -0.0000060465
 -0.0000011210
 -0.0000089557
 -0.0000005993
 -0.0000024023
 -0.0000056764
 -0.0000017203
  0.0000062840
 -0.0000028911
  0.0000036898
 -0.0000117730
 -0.0000018360
  0.0000083252
 -0.0000025571
  0.0000043691
 -0.0000022409
 -0.0000013463
  0.0000023547
 -0.0000039141
 -0.0000059337
 -0.0000011618
 -0.0000016198
  0.0000033135
 -0.0000021361
  0.0000056800
 -0.0000051146
 -0.0000000023
 -0.0000028141
 -0.0000005017
 -0.0000012377
 -0.0000022037
 -0.0000023757
 -0.0000007019
  0.0000004348
 -0.0000049633
  0.0000060397
 -0.0000028745
 -0.0000093493
  0.0000003089
 -0.0000003255
 -0.0000031893
  0.0000025397
 -0.0000069498
 -0.0000033397
 -0.0000024967
  0.0000021100
 -0.0000003789
  0.0000007551
  0.0000023562
 -0.0000001564
 -0.0000004817
 -0.0000005249
 -0.0000010274
 -0.0000060206
  0.0000013929
 -0.0000006388
  0.0000002356
 -0.0000052213
  0.0000012200
 -0.0000003258
 -0.0000000795
 -0.0000006169
  0.0000015857
 -0.0000027826
 -0.0000004154
 -0.0000008640
  0.0000033058
 -0.0000020541
 -0.0000000205
 -0.0000028301
 -0.0000037369
 -0.0000003761
 -0.0000049964
 -0.0000019887
 -0.0000017375
 -0.0000021363
  0.0000034013
  0.0000012297
 -0.0000017271
 -0.0000032061
  0.0000009409
 -0.0000078758
 -0.0000074327
 -0.0000022020
 -0.0000015661
  0.0000001721
 -0.0000039818
 -0.0000020693
 -0.0000060572
 -0.0000106227
  0.0000055712
  0.0000037195
  0.0000006714
 -0.0000011720
  0.0000067435
  0.0000015568
 -0.0000088510
  0.0000001933
 -0.0000017289
 -0.0000015106
  0.0000051667
 -0.0000020403
 -0.0000021355
 -0.0000021261
 -0.0000014693
 -0.0000019230
  0.0000011070
 -0.0000016732
 -0.0000018821
  0.0000014232
 -0.0000030975
 -0.0000021207
 -0.0000019208
  0.0000020275
 -0.0000021138
 -0.0000013883
 -0.0000021667
 -0.0000012333
 -0.0000008727
  0.0000026040
 -0.0000015716
 -0.0000004302
  0.0000001646
  0.0000038492
 -0.0000014855
  0.0000031196
 -0.0000000728
  0.0000027768
  0.0000001861
 -0.0000011644
 -0.0000004656
 -0.0000010173
 -0.0000026719
 -0.0000032862
 -0.0000006625
  0.0000020305
 -0.0000037066
  0.0000002370
 -0.0000022151
 -0.0000027044
 -0.0000009438
 -0.0000028680
 -0.0000004769
 -0.0000006826
  0.0000002818
 -0.0000038632
  0.0000038783
  0.0000027664
 -0.0000051119
 -0.0000008761
 -0.0000006572
  0.0000025824
 -0.0000002080
  0.0000016658
  0.0000003425
  0.0000006851
 -0.0000029963
  0.0000003361
  0.0000017388
 -0.0000010415
 -0.0000009130
  0.0000005329
 -0.0000006047
 -0.0000023838
  0.0000000493
  0.0000001417
  0.0000015026
 -0.0000042847
 -0.0000004576
 -0.0000089144
  0.0000012290
  0.0000006509
 -0.0000003066
  0.0000005021
  0.0000081673
 -0.0000012229
  0.0000065959
 -0.0000099247
  0.0000044146
  0.0000001826
  0.0000006104
 -0.0000001831
  0.0000019759
  0.0000056813
 -0.0000041572
 -0.0000031737
  0.0000003778
 -0.0000000938
  0.0000001299
 -0.0000026171
 -0.0000002863
 -0.0000073314
 -0.0000032474
 -0.0000010444
 -0.0000012279
  0.0000006701
  0.0000044593
  0.0000009755
  0.0000024084
 -0.0000073548
  0.0000088322
  0.0000000872
 -0.0000018783
 -0.0000020735
  0.0000005381
 -0.0000000894
  0.0000065305
  0.0000000821
  0.0000017612
 -0.0000007675
 -0.0000000675
  0.0000005064
 -0.0000002569
  0.0000003988
 -0.0000005030
  0.0000001277
 -0.0000030332
  0.0000007846
 -0.0000011745
  0.0000000624
 -0.0000032570
 -0.0000002191
 -0.0000012045
  0.0000006080
 -0.0000019996
 -0.0000000400
 -0.0000036706
 -0.0000025973
  0.0000002490
 -0.0000034947
  0.0000038836
 -0.0000036981
  0.0000012606
 -0.0000017767
 -0.0000043810
  0.0000022108
 -0.0000033767
  0.0000004231
  0.0000002153
  0.0000016114
 -0.0000034305
  0.0000019149
 -0.0000011552
  0.0000016102
 -0.0000024284
  0.0000015557
 -0.0000003442
  0.0000002784
 -0.0000006193
  0.0000010955
  0.0000003700
  0.0000019339
  0.0000000516
 -0.0000021365
 -0.0000037885
 -0.0000010247
  0.0000021700
  0.0000010486
 -0.0000000751
  0.0000021679
 -0.0000010306
  0.0000001139
  0.0000016844
  0.0000016411
  0.0000007905
 -0.0000011268
 -0.0000006163
 -0.0000002784
  0.0000003975
 -0.0000014034
  0.0000022054
 -0.0000004582
 -0.0000014660
 -0.0000011618
 -0.0000077512
  0.0000036648
 -0.0000038116
 -0.0000030348
 -0.0000007194
  0.0000034279
 -0.0000097696
  0.0000005335
 -0.0000014031
  0.0000042478
  0.0000040954
 -0.0000000529
 -0.0000004933
  0.0000035880
 -0.0000008674
 -0.0000025917
  0.0000023955
 -0.0000017436
  0.0000037559
  0.0000004637
 -0.0000023852
 -0.0000019877
 -0.0000008213
  0.0000079714
  0.0000003749
 -0.0000010561
  0.0000022719
  0.0000013828
  0.0000040273
  0.0000023247
 -0.0000000263
 -0.0000012156
  0.0000004573
  0.0000025359
  0.0000012065
 -0.0000008598
  0.0000002640
  0.0000000419
  0.0000012204
 -0.0000017090
 -0.0000019175
 -0.0000024585
  0.0000006138
 -0.0000004748
  0.0000001914
 -0.0000036086
 -0.0000011301
 -0.0000017218
 -0.0000016370
  0.0000012806
 -0.0000001307
  0.0000041559
 -0.0000031056
 -0.0000007541
 -0.0000043571
  0.0000004758
 -0.0000009983
 -0.0000012950
 -0.0000020478
 -0.0000050191
  0.0000044127
  0.0000014829
  0.0000035815
 -0.0000004213
 -0.0000013074
 -0.0000006746
 -0.0000011303
  0.0000005507
 -0.0000022938
  0.0000012127
 -0.0000002575
  0.0000019179
 -0.0000028388
  0.0000001324
 -0.0000027737
  0.0000028614
 -0.0000001343
  0.0000022855
 -0.0000013554
 -0.0000010415
 -0.0000026411
 -0.0000000317
 -0.0000019824
 -0.0000020651
  0.0000006266
  0.0000017655
  0.0000024821
  0.0000005805
  0.0000023672
  0.0000015455
  0.0000022552
  0.0000017481
  0.0000012355
 -0.0000026976
  0.0000022920
  0.0000028716
  0.0000016597
 -0.0000011015
  0.0000004826
  0.0000028796
 -0.0000001501
 -0.0000001698
 -0.0000047313
 -0.0000007988
 -0.0000002020
 -0.0000055905
  0.0000075007
 -0.0000037511
 -0.0000001326
  0.0000010821
 -0.0000076853
 -0.0000021684
 -0.0000038963
  0.0000008578
  0.0000008382
  0.0000011771
  0.0000017663
  0.0000072097
 -0.0000015986
 -0.0000023295
  0.0000017149
 -0.0000004927
 -0.0000004195
  0.0000006930
  0.0000001132
 -0.0000036043
  0.0000016749
  0.0000019691
  0.0000015679
 -0.0000005932
 -0.0000009869
 -0.0000046849
 -0.0000002746
  0.0000035883
 -0.0000034143
 -0.0000000065
 -0.0000077759
  0.0000032388
 -0.0000001049
  0.0000010760
  0.0000003090
  0.0000014306
 -0.0000050008
 -0.0000010433
 -0.0000009233
 -0.0000004593
 -0.0000011656
  0.0000018249
  0.0000000338
 -0.0000008940
  0.0000030170
 -0.0000012772
 -0.0000013778
 -0.0000009238
  0.0000027089
 -0.0000007403
 -0.0000003884
 -0.0000010228
 -0.0000034084
  0.0000080647
  0.0000082314
 -0.0000025836
  0.0000110006
  0.0000093996
 -0.0000024304
  0.0000127029
 -0.0000019752
  0.0000025467
  0.0000018371
 -0.0000007855
 -0.0000024769
  0.0000004541
  0.0000011343
 -0.0000012242
  0.0000003791
 -0.0000020779
 -0.0000031108
 -0.0000014026
 -0.0000015503
 -0.0000036785
  0.0000000540
 -0.0000017136
  0.0000015177
 -0.0000029379
  0.0000027179
  0.0000017124
 -0.0000064607
 -0.0000012689
 -0.0000014209
  0.0000060815
 -0.0000037451
 -0.0000013580
  0.0000004690
  0.0000002989
  0.0000000744
  0.0000008636
  0.0000016006
  0.0000003280
 -0.0000001236
  0.0000008274
 -0.0000004045
  0.0000006452
  0.0000015144
  0.0000017082
 -0.0000001520
  0.0000002779
  0.0000009097
 -0.0000050588
 -0.0000006302
  0.0000015141
  0.0000038592
 -0.0000019619
  0.0000011642
  0.0000058748
  0.0000066967
  0.0000027331
  0.0000008068
 -0.0000039328
  0.0000020688
  0.0000022099
 -0.0000008712
  0.0000013196
  0.0000037860
 -0.0000002034
 -0.0000041246
  0.0000018977
 -0.0000000986
  0.0000018352
  0.0000034818
  0.0000031959
 -0.0000014836
  0.0000012482
  0.0000007013
  0.0000056253
  0.0000018500
  0.0000034868
  0.0000010879
  0.0000031426
 -0.0000006636
  0.0000009490
  0.0000006931
 -0.0000002948
  0.0000034723
 -0.0000069373
  0.0000003535
 -0.0000008138
 -0.0000004805
  0.0000010535
  0.0000009244
  0.0000001185
 -0.0000004300
  0.0000003611
 -0.0000001604
  0.0000006687
  0.0000002897
  0.0000009541
  0.0000004863
 -0.0000004352
 -0.0000003876
 -0.0000010054
 -0.0000067249
 -0.0000011418
 -0.0000015156
 -0.0000044082
  0.0000005399
 -0.0000046880
  0.0000023069
 -0.0000008873
  0.0000023917
 -0.0000006457
  0.0000011553
  0.0000006491
  0.0000013289
  0.0000067122
  0.0000010146
 -0.0000017193
 -0.0000000424
  0.0000041672
 -0.0000003045
 -0.0000004024
 -0.0000011899
  0.0000007335
 -0.0000010539
 -0.0000047738
 -0.0000011530
  0.0000005686
  0.0000089706
  0.0000130906
  0.0000011782
  0.0000026011
  0.0000018331
  0.0000020635
  0.0000023569
 -0.0000005324
 -0.0000006930
  0.0000019594
 -0.0000004587
  0.0000050213
  0.0000018048
  0.0000016884
 -0.0000000752
  0.0000065404
  0.0000027438
  0.0000019153
  0.0000090729
  0.0000011895
  0.0000063625
 -0.0000014741
  0.0000073290
  0.0000018089
 -0.0000021005
  0.0000042580
  0.0000018559
  0.0000020127
 -0.0000008005
  0.0000092561
  0.0000020031
 -0.0000006799
  0.0000015345
  0.0000003572
  0.0000016734
  0.0000033022
  0.0000024665
  0.0000166372
 -0.0000009917
  0.0000053633
  0.0000014754
  0.0000094928
  0.0000008779
  0.0000008146
  0.0000057705
  0.0000041266
  0.0000018325
  0.0000005661
  0.0000019841
  0.0000066971
  0.0000047084
  0.0000031823
 -0.0000016031
  0.0000001012
  0.0000035101
  0.0000010097
 -0.0000026480
  0.0000018177
 -0.0000004941
 -0.0000005956
  0.0000021690
  0.0000004829
 -0.0000026099
 -0.0000007102
  0.0000012527
 -0.0000029407
  0.0000017599
  0.0000002098
  0.0000006868
 -0.0000016939
 -0.0000002124
 -0.0000002947
  0.0000015685
 -0.0000073118
  0.0000061363
  0.0000087553
 -0.0000069381
  0.0000097973
  0.0000097927
 -0.0000049953
  0.0000118698
 -0.0000005786
  0.0000030960
  0.0000001323
  0.0000008261
  0.0000003601
 -0.0000008126
 -0.0000004065
  0.0000001415
 -0.0000008382
  0.0000003011
 -0.0000007916
 -0.0000022638
 -0.0000003158
  0.0000032110
 -0.0000013932
  0.0000045606
  0.0000031399
 -0.0000022457
 -0.0000005314
 -0.0000014011
  0.0000010926
  0.0000060814
 -0.0000017199
 -0.0000005077
  0.0000001600
  0.0000001855
 -0.0000003095
 -0.0000001201
 -0.0000010159
  0.0000002306
 -0.0000011218
  0.0000017748
 -0.0000008808
 -0.0000000876
 -0.0000001235
  0.0000018304
  0.0000002483
  0.0000000978
  0.0000096351
  0.0000055339
  0.0000105901
  0.0000089895
 -0.0000052717
 -0.0000059558
 -0.0000009886
 -0.0000013523
 -0.0000035417
 -0.0000012415
 -0.0000038867
 -0.0000002782
  0.0000007359
 -0.0000000093
 -0.0000001213
  0.0000008969
  0.0000001804
 -0.0000015893
  0.0000007395
 -0.0000002759
 -0.0000004350
 -0.0000012443
  0.0000007581
 -0.0000011993
  0.0000011090
  0.0000005245
 -0.0000050750
 -0.0000008253
  0.0000026527
  0.0000006854
  0.0000008168
  0.0000029874
  0.0000027566
  0.0000014556
  0.0000008906
  0.0000019456
 -0.0000027185
  0.0000035131
  0.0000021046
  0.0000028385
 -0.0000023595
  0.0000009154
  0.0000010329
 -0.0000027794
 -0.0000003536
 -0.0000040527
  0.0000021084
  0.0000043543
 -0.0000006319
  0.0000013999
  0.0000053259
 -0.0000004553
  0.0000060799
  0.0000038419
  0.0000001803
  0.0000023932
 -0.0000021089
  0.0000015139
  0.0000036978
 -0.0000008506
 -0.0000039264
  0.0000019602
 -0.0000021270
  0.0000003329
  0.0000024302
  0.0000004241
  0.0000002994
 -0.0000016686
 -0.0000012417
  0.0000070244
  0.0000013238
 -0.0000017845
  0.0000015267
  0.0000024620
  0.0000029367
  0.0000014084
  0.0000023546
 -0.0000038586
  0.0000034740
  0.0000011532
 -0.0000008710
 -0.0000075481
  0.0000097064
  0.0000012710
  0.0000025361
  0.0000029118
  0.0000011996
  0.0000036661
  0.0000045235
  0.0000028831
  0.0000040530
 -0.0000037396
 -0.0000009805
  0.0000017962
  0.0000037552
 -0.0000041909
  0.0000024880
  0.0000024433
  0.0000022953
 -0.0000086972
  0.0000101734
  0.0000024644
 -0.0000083316
 -0.0000008838
 -0.0000075200
 -0.0000050182
  0.0000112656
  0.0000066744
 -0.0000081311
  0.0000090376
  0.0000029085
  0.0000056574
 -0.0000011577
  0.0000019368
  0.0000023922
  0.0000007236
 -0.0000004235
  0.0000003591
  0.0000035678
  0.0000005219
  0.0000037299
 -0.0000004614
 -0.0000000548
 -0.0000010477
 -0.0000001216
  0.0000034324
  0.0000029192
 -0.0000026497
  0.0000072045
  0.0000020163
 -0.0000013640
  0.0000006737
  0.0000026612
  0.0000004629
 -0.0000032629
  0.0000018003
 -0.0000014425
 -0.0000002461
 -0.0000005650
 -0.0000009009
  0.0000007536
  0.0000052696
 -0.0000009591
  0.0000026531
 -0.0000006418
 -0.0000012528
  0.0000006920
  0.0000011786
 -0.0000005337
 -0.0000001513
  0.0000006571
 -0.0000021144
 -0.0000001993
 -0.0000016151
 -0.0000008728
  0.0000030861
 -0.0000008251
 -0.0000010499
  0.0000002967
  0.0000002796
  0.0000045350
  0.0000029688
 -0.0000024493
  0.0000028280
  0.0000002300
  0.0000021350
  0.0000009345
  0.0000043579
 -0.0000005084
 -0.0000040462
 -0.0000005774
 -0.0000005402
 -0.0000004372
  0.0000017140
  0.0000038677
  0.0000034944
 -0.0000029693
  0.0000007634
  0.0000013880
  0.0000010001
  0.0000014853
  0.0000048357
  0.0000046244
  0.0000024678
  0.0000034778
  0.0000023072
  0.0000001557
  0.0000004911
 -0.0000010306
  0.0000029217
  0.0000019614
 -0.0000015609
  0.0000005925
  0.0000010317
  0.0000031251
  0.0000003595
  0.0000039106
 -0.0000007881
  0.0000026239
  0.0000008500
  0.0000055228
  0.0000010698
  0.0000028940
  0.0000025766
 -0.0000024700
 -0.0000003642
  0.0000026562
  0.0000007048
 -0.0000009717
 -0.0000022454
  0.0000048205
 -0.0000013477
  0.0000026297
 -0.0000033178
  0.0000018070
 -0.0000029641
  0.0000084184
  0.0000007703
  0.0000021034
  0.0000014183
  0.0000003677
 -0.0000009175
 -0.0000006771
  0.0000033746
 -0.0000025050
  0.0000025316
 -0.0000005569
  0.0000030279
  0.0000002705
 -0.0000012651
  0.0000005208
 -0.0000014709
 -0.0000068453
  0.0000033734
  0.0000040591
 -0.0000010509
  0.0000060422
 -0.0000031726
 -0.0000054757
 -0.0000006338
  0.0000001440
  0.0000007493
 -0.0000025167
  0.0000011368
  0.0000020329
  0.0000019623
  0.0000004027
  0.0000032320
 -0.0000014516
  0.0000022508
  0.0000008348
 -0.0000001195
  0.0000002523
  0.0000024624
  0.0000030704
  0.0000006719
  0.0000019617
  0.0000019353
 -0.0000053312
 -0.0000069672
  0.0000034441
 -0.0000025233
 -0.0000010710
  0.0000067117
 -0.0000086711
  0.0000002133
  0.0000009945
  0.0000036619
  0.0000017151
  0.0000017769
  0.0000007058
 -0.0000005798
  0.0000024067
 -0.0000004916
  0.0000030589
  0.0000030919
  0.0000010030
  0.0000045420
  0.0000016023
  0.0000005385
  0.0000007496
 -0.0000004828
  0.0000073809
  0.0000059630
  0.0000009138
  0.0000029655
 -0.0000005869
  0.0000048081
  0.0000008124
  0.0000009164
  0.0000013788
  0.0000050675
 -0.0000040902
  0.0000021821
  0.0000002797
 -0.0000004947
 -0.0000007378
  0.0000003799
  0.0000009782
 -0.0000005041
 -0.0000009217
  0.0000001959
 -0.0000024066
  0.0000004622
  0.0000009653
  0.0000010318
 -0.0000020269
 -0.0000005363
  0.0000001775
 -0.0000011713
 -0.0000005851
 -0.0000027951
 -0.0000020998
  0.0000012411
  0.0000029105
 -0.0000008516
  0.0000015169
  0.0000004614
 -0.0000021304
 -0.0000013586
 -0.0000024799
  0.0000010201
  0.0000001956
 -0.0000022132
  0.0000013789
 -0.0000010913
 -0.0000016676
  0.0000000504
  0.0000013758
 -0.0000021162
  0.0000002813
  0.0000009804
  0.0000003944
  0.0000007734
 -0.0000012177
  0.0000015950
 -0.0000012172
  0.0000033677
 -0.0000003122
  0.0000026686
  0.0000028665
 -0.0000025225
 -0.0000023774
 -0.0000048566
 -0.0000026697
 -0.0000040525
 -0.0000008675
  0.0000007457
 -0.0000012079
  0.0000000060
  0.0000001316
  0.0000014152
  0.0000004054
 -0.0000000931
 -0.0000001862
  0.0000012323
  0.0000015106
  0.0000004360
  0.0000026675
 -0.0000011499
  0.0000010052
  0.0000063182
 -0.0000004311
 -0.0000020369
  0.0000034329
 -0.0000012947
 -0.0000009245
 -0.0000004566
 -0.0000009041
 -0.0000025746
 -0.0000075429
  0.0000055926
 -0.0000076775
  0.0000077386
  0.0000004821
 -0.0000002273
  0.0000022261
  0.0000022207
  0.0000001223
  0.0000038655
 -0.0000007954
  0.0000025364
  0.0000013216
 -0.0000001819
 -0.0000022837
 -0.0000007745
  0.0000008976
 -0.0000012536
  0.0000032167
  0.0000009672
 -0.0000004671
  0.0000080069
 -0.0000031602
 -0.0000007112
 -0.0000042881
 -0.0000014156
 -0.0000012821
  0.0000005738
  0.0000051194
 -0.0000022481
  0.0000008960
  0.0000024148
  0.0000008123
  0.0000017843
  0.0000008832
  0.0000016785
  0.0000017854
  0.0000006791
 -0.0000008658
  0.0000016898
  0.0000025509
  0.0000010507
 -0.0000005034
  0.0000007771
  0.0000028510
  0.0000024453
  0.0000014374
  0.0000021537
  0.0000033032
  0.0000020631
 -0.0000009485
  0.0000000950
  0.0000037415
 -0.0000021827
  0.0000018668
 -0.0000014982
  0.0000031744
 -0.0000000020
  0.0000019516
 -0.0000036336
 -0.0000006262
  0.0000008088
  0.0000012158
  0.0000002196
 -0.0000001334
 -0.0000029472
  0.0000020356
  0.0000011485
 -0.0000010749
  0.0000015166
 -0.0000067464
  0.0000025678
  0.0000010292
  0.0000032255
 -0.0000028742
  0.0000018232
 -0.0000059671
  0.0000005700
 -0.0000021565
  0.0000006243
 -0.0000050964
 -0.0000015244
 -0.0000028623
 -0.0000059825
 -0.0000012484
  0.0000006699
 -0.0000014659
 -0.0000007644
 -0.0000010250
 -0.0000073517
 -0.0000016813
 -0.0000012005
 -0.0000036294
 -0.0000031055
 -0.0000014813
 -0.0000027656
 -0.0000030989
 -0.0000030591
 -0.0000014542
 -0.0000021379
 -0.0000039835
 -0.0000053370
 -0.0000002329
 -0.0000027549
 -0.0000008172
  0.0000006103
 -0.0000025460
 -0.0000010301
  0.0000003809
 -0.0000046179
 -0.0000060806
 -0.0000023293
  0.0000036514
  0.0000030958
 -0.0000027162
 -0.0000035363
  0.0000029607
 -0.0000015690
 -0.0000020404
 -0.0000008670
 -0.0000023618
 -0.0000029015
 -0.0000044808
 -0.0000023918
  0.0000028566
 -0.0000032989
  0.0000070151
 -0.0000024970
 -0.0000021683
 -0.0000072076
  0.0000082956
  0.0000050633
 -0.0000037065
  0.0000006357
 -0.0000016846
 -0.0000018618
 -0.0000001800
  0.0000024227
  0.0000029936
 -0.0000009874
 -0.0000007513
 -0.0000016017
  0.0000026659
  0.0000005888
  0.0000065519
 -0.0000013440
  0.0000015621
 -0.0000005638
  0.0000052073
  0.0000029840
  0.0000022777
  0.0000012523
  0.0000009521
 -0.0000018871
 -0.0000000050
  0.0000008432
 -0.0000055214
  0.0000080046
 -0.0000023801
  0.0000005525
 -0.0000004448
 -0.0000040610
 -0.0000008496
 -0.0000039805
  0.0000080064
  0.0000002422
  0.0000037212
  0.0000011317
 -0.0000032269
 -0.0000004160
 -0.0000000427
  0.0000034091
  0.0000058325
 -0.0000031420
  0.0000007421
 -0.0000012027
  0.0000032938
 -0.0000020126
 -0.0000017025
  0.0000014338
 -0.0000031046
 -0.0000047991
 -0.0000018985
  0.0000035394
  0.0000040116
 -0.0000021966
  0.0000039721
 -0.0000034372
 -0.0000044690
 -0.0000028672
  0.0000003458
  0.0000008115
  0.0000073229
  0.0000008342
  0.0000007952
  0.0000006744
  0.0000004316
  0.0000011022
  0.0000023055
  0.0000014634
  0.0000002264
  0.0000018638
 -0.0000004036
  0.0000009526
  0.0000022532
  0.0000023408
 -0.0000001668
  0.0000006395
  0.0000013519
 -0.0000036493
 -0.0000044835
 -0.0000021522
 -0.0000069277
 -0.0000050333
 -0.0000018451
 -0.0000053025
  0.0000013722
  0.0000054431
  0.0000006224
 -0.0000009991
  0.0000017425
  0.0000017995
  0.0000009082
 -0.0000005163
 -0.0000003266
  0.0000025902
  0.0000039996
  0.0000028384
  0.0000040571
 -0.0000018843
 -0.0000004193
  0.0000022485
  0.0000049716
  0.0000047720
  0.0000013887
 -0.0000004825
 -0.0000013988
  0.0000019927
 -0.0000001401
  0.0000000696
  0.0000001745
  0.0000016668
 -0.0000000687
  0.0000005551
  0.0000007439
 -0.0000007473
  0.0000001686
  0.0000008951
 -0.0000006020
  0.0000033932
  0.0000011339
 -0.0000005300
 -0.0000005278
  0.0000031877
  0.0000003253
 -0.0000002681
 -0.0000047471
  0.0000007107
  0.0000031917
 -0.0000000799
  0.0000038138
 -0.0000029135
  0.0000057213
  0.0000037713
  0.0000014904
 -0.0000003845
  0.0000017571
  0.0000034324
  0.0000001212
  0.0000017727
  0.0000007709
  0.0000014088
 -0.0000006830
 -0.0000014830
  0.0000001570
 -0.0000016959
 -0.0000006109
  0.0000002396
  0.0000023107
  0.0000037387
  0.0000019009
  0.0000015616
  0.0000006643
  0.0000016776
  0.0000042058
  0.0000013752
  0.0000027865
 -0.0000045755
 -0.0000020763
 -0.0000017698
  0.0000035803
  0.0000003045
  0.0000004976
  0.0000014060
 -0.0000015727
 -0.0000003859
  0.0000012328
  0.0000013156
 -0.0000000028
  0.0000002805
 -0.0000018905
 -0.0000009466
 -0.0000004282
  0.0000004911
  0.0000014354
 -0.0000004197
 -0.0000033797
 -0.0000017249
 -0.0000063663
  0.0000008440
 -0.0000038234
  0.0000032237
 -0.0000028732
 -0.0000010900
  0.0000041945
 -0.0000020968
  0.0000049928
  0.0000037760
  0.0000020331
  0.0000024296
  0.0000004369
  0.0000002898
  0.0000031776
 -0.0000018583
  0.0000044930
  0.0000017469
  0.0000037927
  0.0000005238
  0.0000034793
  0.0000023896
  0.0000017798
 -0.0000009321
  0.0000009883
 -0.0000005311
  0.0000074503
  0.0000037770
 -0.0000011055
  0.0000030812
  0.0000008706
  0.0000047776
 -0.0000003414
 -0.0000001540
 -0.0000016538
  0.0000042920
  0.0000062425
  0.0000067275
  0.0000013878
  0.0000001519
 -0.0000033749
 -0.0000015126
 -0.0000024411
 -0.0000038269
 -0.0000032402
 -0.0000012522
 -0.0000014243
 -0.0000028835
 -0.0000071411
 -0.0000040513
 -0.0000014443
 -0.0000032108
 -0.0000057380
 -0.0000025235
 -0.0000015050
 -0.0000053350
  0.0000019996
  0.0000002422
  0.0000048790
  0.0000023733
  0.0000001658
  0.0000009043
 -0.0000001482
  0.0000135477
  0.0000016268
  0.0000062266
 -0.0000029177
  0.0000027182
  0.0000040969
 -0.0000060810
 -0.0000051571
 -0.0000033687
  0.0000027111
 -0.0000040299
  0.0000014867
 -0.0000001534
  0.0000042476
 -0.0000107771
 -0.0000102676
 -0.0000008442
 -0.0000088003
 -0.0000113821
 -0.0000029969
  0.0000025633
 -0.0000080534
 -0.0000028789
 -0.0000055647
 -0.0000030528
  0.0000026162
 -0.0000009392
  0.0000027077
 -0.0000013161
 -0.0000024058
 -0.0000036364
  0.0000030665
 -0.0000050900
 -0.0000026834
 -0.0000000843
  0.0000037569
 -0.0000022177
  0.0000114516
 -0.0000028582
  0.0000018253
  0.0000015300
  0.0000021120
  0.0000013369
  0.0000012162
  0.0000007672
  0.0000022244
  0.0000000517
  0.0000038116
  0.0000011298
  0.0000012203
  0.0000011149
  0.0000038255
  0.0000020796
  0.0000011274
 -0.0000033156
 -0.0000004783
 -0.0000051632
 -0.0000040937
  0.0000007946
 -0.0000103717
 -0.0000034157
  0.0000032142
  0.0000013236
 -0.0000040606
  0.0000027325
 -0.0000012334
  0.0000010270
  0.0000012114
  0.0000019277
  0.0000012863
 -0.0000007194
  0.0000010971
  0.0000005179
  0.0000041938
  0.0000088750
  0.0000009797
  0.0000015468
  0.0000011320
  0.0000025100
  0.0000019991
  0.0000000141
  0.0000012176
 -0.0000024423
 -0.0000006734
 -0.0000003982
 -0.0000045284
 -0.0000002605
  0.0000108522
  0.0000103602
  0.0000103717
  0.0000112767
  0.0000097116
  0.0000094446
  0.0000104326
  0.0000096810
  0.0000047173
  0.0000144271
  0.0000108626
  0.0000092056
  0.0000106523
  0.0000101109
  0.0000107526
 -0.0000001289
  0.0000006823
  0.0000022436
  0.0000012219
 -0.0000016790
  0.0000044083
 -0.0000025248
  0.0000021096
 -0.0000033230
  0.0000033061
 -0.0000018460
  0.0000246383
  0.0000120268
  0.0000075199
 -0.0000034014
 -0.0001309635
  0.0000543944
  0.0000045426
 -0.0000010758
  0.0000022324
  0.0000083376
  0.0000096724
  0.0000055941
  0.0000077546
  0.0000067539
  0.0000157315
 -0.0000439788
  0.0000180921
 -0.0000012424
 -0.0000032757
 -0.0000043276
  0.0000144171
 -0.0000036653
  0.0000462810
  0.0000095658
  0.0000090614
  0.0000107666
  0.0000545606
  0.0000109932
 -0.0000039180
  0.0000084866
  0.0000793797
  0.0000080216
 -0.0001351172
  0.0000092899
  0.0000014256
 -0.0000004269
  0.0000009912
 -0.0000000277
  0.0000002179
  0.0000013473
  0.0000004739
  0.0000008437
 -0.0000023870
  0.0000004394
 -0.0000005167
  0.0000006075
 -0.0000025760
  0.0000008535
 -0.0000006723
 -0.0000021688
 -0.0000007609
 -0.0000009261
 -0.0000067924
 -0.0000033641
 -0.0000023526
 -0.0000087295
  0.0000016392
 -0.0000052696
  0.0000034494
  0.0000025536
 -0.0000017152
  0.0000004957
 -0.0000001419
  0.0000031423
 -0.0000017549
 -0.0000002144
  0.0000021564
 -0.0000018100
  0.0000030843
 -0.0000024313
 -0.0000016089
 -0.0000022233
 -0.0000010563
  0.0000044508
  0.0000005161
 -0.0000015849
  0.0000013781
  0.0000011234
  0.0000037686
  0.0000005210
 -0.0000010795
 -0.0000027135
 -0.0000034183
 -0.0000017533
  0.0000000256
  0.0000025121
  0.0000008508
  0.0000007084
 -0.0000004404
  0.0000018581
  0.0000024830
  0.0000003307
 -0.0000001853
  0.0000006352
  0.0000015643
 -0.0000002891
  0.0000005010
  0.0000006646
  0.0000026726
  0.0000043232
 -0.0000009755
 -0.0000039970
 -0.0000013378
 -0.0000012855
 -0.0000046287
  0.0000005360
  0.0000046203
 -0.0000026388
  0.0000025515
  0.0000010669
  0.0000021731
  0.0000038005
 -0.0000009396
  0.0000015504
 -0.0000008010
  0.0000007879
 -0.0000034607
  0.0000007459
  0.0000003824
 -0.0000046908
  0.0000012947
  0.0000039821
  0.0000025588
 -0.0000034183
  0.0000015278
  0.0000030714
 -0.0000042246
  0.0000022342
  0.0000025697
  0.0000015678
 -0.0000018019
  0.0000000525
  0.0000006830
 -0.0000019493
  0.0000010212
 -0.0000026843
  0.0000005464
 -0.0000006768
 -0.0000011018
 -0.0000022293
  0.0000007554
  0.0000010149
 -0.0000011201
  0.0000007239
  0.0000001792
 -0.0000016683
 -0.0000076724
 -0.0000006131
 -0.0000016137
 -0.0000048553
 -0.0000002150
 -0.0000051201
  0.0000000802
  0.0000022107
 -0.0000058057
  0.0000011517
  0.0000009703
  0.0000010231
 -0.0000029684
 -0.0000029075
  0.0000025081
 -0.0000000640
 -0.0000018281
  0.0000028374
 -0.0000032533
  0.0000011308
 -0.0000016128
  0.0000016604
  0.0000000085
  0.0000011389
  0.0000011875
 -0.0000033060
  0.0000002329
 -0.0000018349
 -0.0000000533
 -0.0000001280
 -0.0000009144
 -0.0000027309
 -0.0000010100
 -0.0000003651
  0.0000002535
  0.0000002847
  0.0000005549
 -0.0000003231
 -0.0000003740
  0.0000003286
  0.0000000046
 -0.0000001784
 -0.0000009127
  0.0000026641
  0.0000021739
  0.0000009587
  0.0000006312
 -0.0000001984
 -0.0000006653
 -0.0000008580
  0.0000001952
 -0.0000011580
  0.0000008578
  0.0000018814
  0.0000000466
 -0.0000004956
  0.0000011230
 -0.0000004810
 -0.0000000288
  0.0000133096
 -0.0000010510
  0.0000005432
 -0.0000021365
  0.0000045658
  0.0000005572
  0.0000127907
 -0.0000017948
 -0.0000007292
  0.0000003989
  0.0000027513
 -0.0000026494
  0.0000002363
  0.0000000643
 -0.0000005561
 -0.0000022873
 -0.0000000135
 -0.0000016286
 -0.0000015188
  0.0000004668
  0.0000003555
 -0.0000006849
 -0.0000004396
 -0.0000005697
 -0.0000003068
  0.0000012903
 -0.0000001192
 -0.0000001166
 -0.0000004134
 -0.0000001681
 -0.0000000221
 -0.0000004881
 -0.0000001298
  0.0000043439
 -0.0000005793
  0.0000019502
  0.0000000006
 -0.0000002062
 -0.0000012514
 -0.0000011229
 -0.0000001222
 -0.0000034019
  0.0000032709
  0.0000031309
 -0.0000007965
  0.0000020372
  0.0000027838
 -0.0000006422
 -0.0000005461
  0.0000104798
  0.0000007081
  0.0000016036
  0.0000002270
  0.0000005940
  0.0000012973
  0.0000078943
 -0.0000003302
 -0.0000004235
 -0.0000002855
  0.0000056041
  0.0000002985
 -0.0000006434
 -0.0000024262
 -0.0000005712
 -0.0000012673
  0.0000001883
  0.0000001113
 -0.0000016025
 -0.0000015573
  0.0000002465
  0.0000004416
 -0.0000007128
 -0.0000004770
 -0.0000009716
 -0.0000003836
  0.0000010870
 -0.0000001923
  0.0000002862
 -0.0000004219
 -0.0000002014
 -0.0000001872
  0.0000001035
  0.0000027302
  0.0000012927
  0.0000015245
  0.0000006191
 -0.0000001795
 -0.0000013114
 -0.0000007615
 -0.0000001447
 -0.0000031397
  0.0000014353
  0.0000013031
 -0.0000001115
  0.0000004413
  0.0000018686
 -0.0000005995
 -0.0000001796
  0.0000108260
 -0.0000003563
  0.0000016959
 -0.0000008081
  0.0000037515
  0.0000012318
  0.0000127790
 -0.0000009087
 -0.0000003294
 -0.0000000154
  0.0000031051
 -0.0000015782
 -0.0000006482
 -0.0000021029
 -0.0000004246
 -0.0000012532
  0.0000001361
 -0.0000001626
 -0.0000004680
 -0.0000002967
  0.0000008170
  0.0000001153
 -0.0000040971
 -0.0000008180
  0.0000007524
  0.0000011426
  0.0000003220
 -0.0000000815
 -0.0000003112
  0.0000015916
 -0.0000000690
 -0.0000001586
 -0.0000016360
  0.0000027902
  0.0000020084
  0.0000010367
  0.0000004518
  0.0000002876
 -0.0000011035
 -0.0000017930
  0.0000005533
 -0.0000003114
  0.0000012925
  0.0000022114
 -0.0000002607
 -0.0000005066
  0.0000010123
  0.0000002224
  0.0000000913
  0.0000134284
 -0.0000010338
  0.0000000317
 -0.0000027414
  0.0000046825
  0.0000011062
  0.0000129645
 -0.0000019359
 -0.0000008153
 -0.0000004501
  0.0000028300
 -0.0000023459
  0.0000006011
  0.0000004341
 -0.0000001351
 -0.0000031168
  0.0000005652
 -0.0000018936
 -0.0000015459
  0.0000002043
  0.0000009339
 -0.0000006611
 -0.0000011319
 -0.0000007694
  0.0000004737
  0.0000009931
 -0.0000001189
  0.0000000561
  0.0000001108
 -0.0000002772
  0.0000001154
 -0.0000004910
  0.0000000482
  0.0000034924
 -0.0000007721
  0.0000020461
 -0.0000006168
 -0.0000015436
 -0.0000017568
 -0.0000001712
  0.0000001331
 -0.0000029391
  0.0000043142
  0.0000045753
 -0.0000001871
  0.0000023062
  0.0000024502
 -0.0000002694
  0.0000004708
  0.0000111996
 -0.0000004519
  0.0000011276
  0.0000021081
  0.0000025596
  0.0000016758
  0.0000094135
  0.0000000071
 -0.0000001960
  0.0000005075
  0.0000040462
 -0.0000007760
 -0.0000008542
 -0.0000016297
 -0.0000008671
 -0.0000012872
  0.0000004294
 -0.0000001855
 -0.0000001451
 -0.0000013283
  0.0000008252
 -0.0000005007
 -0.0000011721
 -0.0000012156
  0.0000007300
 -0.0000005600
 -0.0000004441
  0.0000001059
 -0.0000015260
  0.0000006915
 -0.0000011987
  0.0000000736
  0.0000020906
  0.0000048348
  0.0000004445
  0.0000024045
  0.0000014647
  0.0000018080
 -0.0000011506
 -0.0000011085
  0.0000006886
 -0.0000032842
  0.0000027682
  0.0000050507
  0.0000000886
  0.0000033412
  0.0000014494
 -0.0000006198
  0.0000034972
  0.0000089999
  0.0000005891
  0.0000023838
  0.0000021567
  0.0000061557
  0.0000025082
  0.0000142262
  0.0000006969
 -0.0000001204
 -0.0000000126
  0.0000048034
  0.0000003305
  0.0000004935
 -0.0000038894
 -0.0000007735
 -0.0000020667
  0.0000010028
 -0.0000029354
 -0.0000019879
 -0.0000001850
  0.0000002253
 -0.0000011522
 -0.0000017850
 -0.0000007890
 -0.0000007896
  0.0000009144
  0.0000006989
 -0.0000003522
 -0.0000002477
  0.0000005709
 -0.0000001022
 -0.0000000876
 -0.0000008249
  0.0000040669
 -0.0000000836
  0.0000020556
  0.0000002393
  0.0000008142
 -0.0000012733
 -0.0000006964
 -0.0000000325
 -0.0000031102
  0.0000034997
  0.0000034382
 -0.0000002615
  0.0000020974
  0.0000028948
 -0.0000004812
 -0.0000007381
  0.0000105443
  0.0000008334
  0.0000016935
  0.0000002187
  0.0000008014
  0.0000007144
  0.0000076067
 -0.0000002359
 -0.0000003289
  0.0000000711
  0.0000049476
 -0.0000000168
 -0.0000002650
 -0.0000025702
 -0.0000004716
 -0.0000011654
  0.0000005121
  0.0000002123
 -0.0000013264
 -0.0000014054
  0.0000008537
 -0.0000009999
 -0.0000019528
 -0.0000011650
 -0.0000001706
 -0.0000006395
 -0.0000005107
  0.0000000462
 -0.0000012158
  0.0000006381
 -0.0000012097
  0.0000002887
  0.0000019969
  0.0000036613
  0.0000004156
  0.0000022237
 -0.0000003551
 -0.0000002196
 -0.0000019150
 -0.0000007600
  0.0000000756
 -0.0000032351
  0.0000045603
  0.0000048995
  0.0000008468
  0.0000022598
  0.0000026236
 -0.0000006935
 -0.0000006780
  0.0000117435
 -0.0000001476
  0.0000023206
  0.0000022420
  0.0000018316
  0.0000018260
  0.0000083175
  0.0000002060
  0.0000000182
  0.0000000856
  0.0000044290
 -0.0000003008
 -0.0000004289
 -0.0000007717
 -0.0000006174
 -0.0000011731
  0.0000001746
 -0.0000000337
  0.0000004992
  0.0000000478
  0.0000003017
  0.0000006288
 -0.0000034616
 -0.0000006960
  0.0000005079
  0.0000008730
  0.0000001959
 -0.0000003169
  0.0000000498
  0.0000007429
  0.0000003355
  0.0000002113
 -0.0000016403
  0.0000194721
 -0.0000015456
  0.0000004223
 -0.0000030734
 -0.0000008217
 -0.0000041979
 -0.0000006594
  0.0000024721
 -0.0000028293
  0.0000000372
 -0.0000015533
 -0.0000005845
  0.0000022666
  0.0000018756
 -0.0000001529
 -0.0000013009
  0.0000150980
 -0.0000064161
 -0.0000011622
  0.0000008468
  0.0000036421
  0.0000007526
  0.0000283491
 -0.0000026509
 -0.0000020489
 -0.0000018693
  0.0000088496
 -0.0000009438
 -0.0000000834
 -0.0000027784
 -0.0000017948
 -0.0000047571
 -0.0000009492
  0.0000022671
 -0.0000020483
  0.0000004334
  0.0000004298
 -0.0000010395
 -0.0000026978
 -0.0000008271
 -0.0000003995
  0.0000013255
 -0.0000001543
  0.0000008017
 -0.0000003234
  0.0000000332
  0.0000003350
 -0.0000004602
 -0.0000010882
  0.0000078718
  0.0000015249
  0.0000008101
  0.0000000804
  0.0000003299
 -0.0000024769
 -0.0000014169
  0.0000001586
 -0.0000007690
  0.0000035459
  0.0000045591
 -0.0000002582
  0.0000002841
  0.0000002496
 -0.0000005286
 -0.0000008446
  0.0000116283
 -0.0000027560
 -0.0000001066
 -0.0000029531
  0.0000001155
  0.0000005396
  0.0000094146
 -0.0000021688
 -0.0000011144
 -0.0000000641
  0.0000073140
 -0.0000060251
  0.0000002132
  0.0000003248
 -0.0000003238
 -0.0000039651
  0.0000002343
 -0.0000019483
 -0.0000014152
 -0.0000012987
  0.0000006465
 -0.0000008361
 -0.0000011712
 -0.0000013677
  0.0000004177
 -0.0000001622
 -0.0000004782
  0.0000002220
  0.0000000604
  0.0000005893
 -0.0000008024
 -0.0000000359
  0.0000021281
  0.0000034398
 -0.0000011187
  0.0000019161
 -0.0000001193
  0.0000002767
 -0.0000021008
 -0.0000006964
  0.0000001007
 -0.0000036261
  0.0000030254
  0.0000027114
 -0.0000013491
  0.0000019128
  0.0000027548
 -0.0000003315
 -0.0000012163
  0.0000099582
  0.0000001035
  0.0000008142
  0.0000002372
  0.0000016408
  0.0000017384
  0.0000097429
 -0.0000003475
 -0.0000005533
 -0.0000000374
  0.0000055803
  0.0000000714
 -0.0000008806
 -0.0000019912
 -0.0000000402
 -0.0000014871
  0.0000004433
  0.0000000995
 -0.0000013320
 -0.0000013103
 -0.0000001794
  0.0000007098
 -0.0000006667
 -0.0000012010
 -0.0000013336
  0.0000006376
  0.0000001834
 -0.0000003836
  0.0000002987
 -0.0000001753
 -0.0000006584
 -0.0000000301
  0.0000021470
  0.0000037990
 -0.0000005804
  0.0000021123
 -0.0000004317
  0.0000006720
 -0.0000013905
 -0.0000001194
  0.0000004711
 -0.0000028137
  0.0000041586
  0.0000049033
  0.0000001842
  0.0000021266
  0.0000021064
 -0.0000003064
  0.0000001192
  0.0000117190
 -0.0000002806
  0.0000013816
  0.0000023139
  0.0000018515
  0.0000018688
  0.0000083321
  0.0000001483
 -0.0000000678
  0.0000005858
  0.0000044412
 -0.0000002084
 -0.0000003208
 -0.0000014014
 -0.0000006680
 -0.0000010482
  0.0000004211
 -0.0000001778
  0.0000008836
 -0.0000001522
  0.0000003980
  0.0000013029
 -0.0000035902
 -0.0000000247
  0.0000005106
  0.0000016820
  0.0000005411
 -0.0000002364
 -0.0000003507
  0.0000010155
 -0.0000003459
  0.0000010447
 -0.0000006476
  0.0000011604
  0.0000120702
 -0.0000014245
  0.0000010710
 -0.0000019778
  0.0000000116
 -0.0000032093
 -0.0000006675
  0.0000025122
 -0.0000022595
  0.0000048305
  0.0000031750
 -0.0000004485
  0.0000021683
  0.0000033312
 -0.0000000727
 -0.0000008270
  0.0000076580
 -0.0000063835
 -0.0000009224
  0.0000002938
 -0.0000034417
  0.0000009627
  0.0000150766
 -0.0000020384
 -0.0000016356
 -0.0000017572
  0.0000105965
 -0.0000061109
 -0.0000000289
 -0.0000027033
 -0.0000005476
 -0.0000043011
  0.0000000064
  0.0000017517
 -0.0000015042
 -0.0000014932
 -0.0000002891
  0.0000011938
 -0.0000010828
 -0.0000000868
 -0.0000006395
  0.0000000318
  0.0000006099
 -0.0000004416
  0.0000001212
 -0.0000003347
 -0.0000006505
 -0.0000002976
  0.0000019012
  0.0000032107
  0.0000015773
  0.0000012425
  0.0000007076
 -0.0000002978
 -0.0000006607
 -0.0000007378
  0.0000000334
 -0.0000031096
  0.0000008115
  0.0000012926
 -0.0000000979
 -0.0000000940
  0.0000010976
 -0.0000005659
  0.0000002328
  0.0000130188
 -0.0000004027
  0.0000017339
 -0.0000012479
  0.0000045610
  0.0000011035
  0.0000127187
 -0.0000010802
 -0.0000003620
 -0.0000000072
  0.0000027866
 -0.0000028905
 -0.0000005032
 -0.0000017653
 -0.0000007955
 -0.0000013996
 -0.0000002813
 -0.0000006421
 -0.0000013038
 -0.0000013153
  0.0000002288
  0.0000007562
 -0.0000011879
 -0.0000005951
 -0.0000007522
  0.0000001617
  0.0000011378
  0.0000000265
  0.0000001664
 -0.0000000410
 -0.0000002949
 -0.0000006096
 -0.0000002791
  0.0000042053
 -0.0000006238
  0.0000019819
  0.0000000075
  0.0000000184
 -0.0000023155
 -0.0000008006
  0.0000001763
 -0.0000038235
  0.0000031397
  0.0000030147
 -0.0000009169
  0.0000020150
  0.0000028129
 -0.0000003750
 -0.0000016193
  0.0000103770
  0.0000007161
  0.0000014344
  0.0000003109
  0.0000010139
  0.0000012894
  0.0000085467
 -0.0000003004
 -0.0000003918
 -0.0000001781
  0.0000060849
  0.0000006732
 -0.0000004405
 -0.0000022361
 -0.0000005417
 -0.0000012455
  0.0000003699
  0.0000001570
 -0.0000005470
  0.0000021290
 -0.0000023676
 -0.0000026305
  0.0000006703
 -0.0000030940
  0.0000021130
 -0.0000001850
  0.0000039400
 -0.0000022087
  0.0000018550
  0.0000003181
 -0.0000000068
 -0.0000007017
 -0.0000002528
 -0.0000001668
 -0.0000021353
  0.0000018288
  0.0000049457
 -0.0000013139
 -0.0000012996
  0.0000001257
  0.0000002684
  0.0000034857
  0.0000000481
 -0.0000008353
  0.0000048726
  0.0000022702
  0.0000058154
  0.0000034048
 -0.0000030752
  0.0000012098
  0.0000018516
 -0.0000054997
  0.0000062381
 -0.0000028939
 -0.0000004815
  0.0000009787
 -0.0000001159
  0.0000011093
  0.0000000823
 -0.0000000297
  0.0000045494
  0.0000039184
  0.0000060144
  0.0000021349
  0.0000014827
 -0.0000154846
  0.0000009233
  0.0000048465
 -0.0000019843
 -0.0000034980
  0.0000001936
 -0.0000002559
  0.0000049664
 -0.0000010667
  0.0000011801
  0.0000015030
 -0.0000018919
 -0.0000023859
  0.0000045239
 -0.0000029574
 -0.0000062505
  0.0000016593
 -0.0000001096
 -0.0000022153
 -0.0000010742
 -0.0000010735
 -0.0000026890
  0.0000015042
 -0.0000043190
 -0.0000016457
  0.0000048744
 -0.0000042906
 -0.0000042625
  0.0000022734
  0.0000004040
  0.0000024846
 -0.0000030646
  0.0000010518
  0.0000010817
  0.0000028821
  0.0000030204
 -0.0000012947
  0.0000025117
 -0.0000101489
 -0.0000030657
  0.0000000473
 -0.0000030774
 -0.0000030385
 -0.0000033334
 -0.0000031963
  0.0000053658
  0.0000005729
  0.0000007034
 -0.0000024700
  0.0000010419
 -0.0000002314
 -0.0000032906
  0.0000005866
 -0.0000049752
  0.0000010413
  0.0000005275
  0.0000005240
 -0.0000046507
 -0.0000018378
 -0.0000023052
 -0.0000019023
 -0.0000016122
 -0.0000001407
  0.0000002374
  0.0000002218
 -0.0000000182
 -0.0000038751
  0.0000044132
  0.0000033728
  0.0000044328
 -0.0000012937
  0.0000009157
 -0.0000079710
 -0.0000010225
 -0.0000044863
  0.0000045439
  0.0000007986
 -0.0000018993
  0.0000008112
  0.0000016098
  0.0000035927
 -0.0000017514
 -0.0000019723
 -0.0000047316
  0.0000078104
 -0.0000024140
  0.0000014738
 -0.0000031515
 -0.0000021898
  0.0000066344
 -0.0000006817
  0.0000003133
 -0.0000015140
 -0.0000006481
 -0.0000026806
  0.0000025757
  0.0000016003
 -0.0000013686
 -0.0000037629
  0.0000028646
  0.0000042661
 -0.0000002970
  0.0000001575
 -0.0000044282
 -0.0000079911
  0.0000010539
 -0.0000006242
  0.0000023534
  0.0000019744
 -0.0000016452
  0.0000019299
  0.0000069252
  0.0000001272
  0.0000011409
  0.0000020222
 -0.0000016314
  0.0000003395
 -0.0000008830
  0.0000018524
 -0.0000033368
  0.0000011438
  0.0000013214
  0.0000002926
  0.0000005835
  0.0000034379
 -0.0000030143
  0.0000003931
 -0.0000039146
 -0.0000054998
  0.0000006911
 -0.0000018613
 -0.0000018677
  0.0000002293
 -0.0000039868
 -0.0000052689
  0.0000031028
  0.0000023139
  0.0000015581
 -0.0000002821
 -0.0000024537
 -0.0000039981
 -0.0000047571
  0.0000014937
  0.0000005141
 -0.0000023880
  0.0000009962
 -0.0000056083
  0.0000008760
  0.0000006183
 -0.0000031594
 -0.0000003756
 -0.0000031128
 -0.0000044046
  0.0000008118
 -0.0000001449
  0.0000021701
  0.0000027820
 -0.0000019503
  0.0000011119
  0.0000012945
  0.0000044320
 -0.0000023590
  0.0000006154
 -0.0000088702
 -0.0000007076
 -0.0000020080
 -0.0000031544
 -0.0000053820
 -0.0000000709
 -0.0000014219
 -0.0000005793
  0.0000018947
 -0.0000007700
 -0.0000034550
 -0.0000037840
  0.0000045286
  0.0000009896
 -0.0000011630
  0.0000012918
 -0.0000028330
 -0.0000019602
 -0.0000049257
 -0.0000009568
  0.0000026422
 -0.0000024932
  0.0000060215
  0.0000052736
  0.0000014151
 -0.0000028582
  0.0000041211
 -0.0000049597
  0.0000027487
  0.0000016188
  0.0000007236
 -0.0000009312
 -0.0000018310
  0.0000003920
  0.0000077062
  0.0000015323
  0.0000013940
  0.0000003632
  0.0000006295
  0.0000004081
  0.0000062636
  0.0000000242
 -0.0000003349
  0.0000017169
  0.0000015443
  0.0000026842
  0.0000046858
  0.0000008022
  0.0000037361
 -0.0000024822
 -0.0000051322
 -0.0000033059
 -0.0000027126
 -0.0000001800
  0.0000026217
  0.0000031404
 -0.0000026803
 -0.0000028207
  0.0000024538
  0.0000005142
  0.0000038274
  0.0000000875
 -0.0000003111
 -0.0000128039
  0.0000017881
 -0.0000021733
  0.0000004695
  0.0000016295
 -0.0000007336
 -0.0000016255
 -0.0000009061
 -0.0000020607
  0.0000025117
  0.0000015997
 -0.0000003212
 -0.0000042691
  0.0000039435
 -0.0000003388
 -0.0000039127
  0.0000034165
  0.0000020761
 -0.0000045157
 -0.0000018716
 -0.0000054913
  0.0000048020
 -0.0000013221
 -0.0000007558
  0.0000004767
 -0.0000013541
  0.0000004994
  0.0000005318
  0.0000093600
  0.0000045710
  0.0000051451
 -0.0000002104
  0.0000010511
 -0.0000110412
  0.0000001745
  0.0000055730
 -0.0000035241
  0.0000005182
 -0.0000002480
  0.0000012626
  0.0000049332
 -0.0000003792
 -0.0000000611
 -0.0000011602
 -0.0000023441
 -0.0000056872
  0.0000040972
  0.0000061316
  0.0000018455
 -0.0000006109
 -0.0000004339
 -0.0000017541
  0.0000003458
 -0.0000001799
 -0.0000013548
  0.0000026051
  0.0000016898
 -0.0000013766
 -0.0000032176
  0.0000037853
  0.0000042699
  0.0000008208
 -0.0000032368
 -0.0000049358
  0.0000050708
  0.0000010898
 -0.0000022264
  0.0000005751
 -0.0000013297
  0.0000026411
  0.0000094240
  0.0000005070
  0.0000003936
  0.0000020379
  0.0000052806
 -0.0000009763
 -0.0000019473
  0.0000008823
  0.0000001269
  0.0000024900
 -0.0000047195
 -0.0000028397
  0.0000026825
  0.0000027220
 -0.0000036556
 -0.0000004790
 -0.0000001557
 -0.0000011678
  0.0000004545
 -0.0000089314
  0.0000002832
  0.0000051602
  0.0000020446
  0.0000007013
  0.0000008746
  0.0000031769
  0.0000020376
 -0.0000016923
  0.0000003769
  0.0000043738
 -0.0000010188
  0.0000032603
 -0.0000014999
 -0.0000020759
  0.0000026824
 -0.0000036066
 -0.0000004923
  0.0000002792
 -0.0000026152
 -0.0000038293
 -0.0000014937
 -0.0000014938
  0.0000053672
  0.0000030391
  0.0000010446
  0.0000027338
 -0.0000001575
 -0.0000175862
  0.0000025163
  0.0000006869
 -0.0000050444
 -0.0000017019
  0.0000012976
 -0.0000008741
  0.0000044981
 -0.0000023015
 -0.0000010918
  0.0000046268
  0.0000012863
 -0.0000032093
 -0.0000073296
  0.0000041487
 -0.0000031097
 -0.0000031185
 -0.0000040277
 -0.0000001274
  0.0000075589
 -0.0000010540
 -0.0000007139
  0.0000022552
 -0.0000050310
 -0.0000030046
  0.0000005067
  0.0000035745
  0.0000035184
  0.0000019251
 -0.0000007209
  0.0000012796
 -0.0000002323
  0.0000075792
  0.0000035037
  0.0000009421
 -0.0000140999
 -0.0000003463
  0.0000009095
 -0.0000013398
  0.0000007955
 -0.0000022203
  0.0000008997
  0.0000043074
 -0.0000002405
  0.0000021803
 -0.0000000677
  0.0000015769
 -0.0000024969
  0.0000062175
  0.0000021948
  0.0000002933
  0.0000022726
  0.0000046403
 -0.0000024306
 -0.0000025552
 -0.0000008427
  0.0000013525
  0.0000027956
 -0.0000021108
 -0.0000026886
  0.0000026314
  0.0000003904
 -0.0000064082
 -0.0000032649
 -0.0000007702
  0.0000089124
 -0.0000000528
  0.0000006810
 -0.0000008205
 -0.0000026276
 -0.0000181857
 -0.0000003354
 -0.0000054541
  0.0000039105
 -0.0000057458
 -0.0000014240
 -0.0000033291
  0.0000046643
 -0.0000029152
  0.0000006191
 -0.0000010201
 -0.0000006542
 -0.0000017521
 -0.0000026340
  0.0000017668
 -0.0000063492
  0.0000032950
 -0.0000027972
  0.0000001834
  0.0000114930
  0.0000011439
 -0.0000001148
 -0.0000015981
  0.0000001496
  0.0000009244
  0.0000012213
  0.0000024484
  0.0000044493
  0.0000067355
  0.0000024028
 -0.0000152427
  0.0000004487
 -0.0000001839
 -0.0000005246
 -0.0000012014
  0.0000010553
  0.0000000215
  0.0000043968
 -0.0000018220
 -0.0000021141
  0.0000072257
  0.0000002880
 -0.0000013630
 -0.0000014073
  0.0000006216
  0.0000016184
 -0.0000023785
  0.0000005039
  0.0000019861
 -0.0000032010
  0.0000005912
 -0.0000023323
  0.0000003242
 -0.0000027109
 -0.0000012564
  0.0000000871
 -0.0000011230
 -0.0000003799
 -0.0000066169
 -0.0000041707
  0.0000041293
  0.0000013827
  0.0000011989
 -0.0000009377
 -0.0000005222
 -0.0000018066
  0.0000025097
 -0.0000006259
 -0.0000031056
 -0.0000002143
  0.0000012856
  0.0000023135
  0.0000022982
 -0.0000006086
 -0.0000020535
  0.0000029663
  0.0000033919
 -0.0000002797
 -0.0000010553
  0.0000016237
 -0.0000005807
 -0.0000021155
 -0.0000005881
  0.0000002137
  0.0000111374
  0.0000029951
  0.0000014005
  0.0000002739
  0.0000005964
 -0.0000135595
  0.0000008799
 -0.0000011988
  0.0000025116
 -0.0000023744
  0.0000004343
 -0.0000012859
  0.0000054587
  0.0000014592
  0.0000015372
  0.0000000542
 -0.0000010710
 -0.0000037286
  0.0000026998
 -0.0000029940
  0.0000062967
 -0.0000019218
  0.0000016486
  0.0000108792
  0.0000011698
  0.0000029455
 -0.0000020531
  0.0000033944
  0.0000013990
  0.0000016679
  0.0000000885
  0.0000166052
  0.0000042561
 -0.0000025268
  0.0000021258
 -0.0000040277
  0.0000007098
 -0.0000001116
  0.0000084855
  0.0000005846
 -0.0000008796
  0.0000042321
  0.0000040113
 -0.0000018561
  0.0000011146
  0.0000035194
  0.0000020731
  0.0000005950
  0.0000015452
  0.0000009516
 -0.0000001711
 -0.0000009959
  0.0000008411
  0.0000004368
  0.0000110523
 -0.0000031876
  0.0000021447
  0.0000091098
  0.0000027430
 -0.0000009579
  0.0000010596
 -0.0000003288
  0.0000058751
  0.0000032277
  0.0000020763
 -0.0000023967
  0.0000088198
 -0.0000006671
 -0.0000024276
  0.0000031747
  0.0000020776
  0.0000002584
 -0.0000007807
  0.0000009862
 -0.0000003339
  0.0000010655
 -0.0000009749
  0.0000022331
  0.0000011489
 -0.0000011167
  0.0000002160
 -0.0000027837
  0.0000014114
  0.0000004349
 -0.0000022736
 -0.0000029340
  0.0000013831
 -0.0000039364
  0.0000009679
  0.0000025283
  0.0000009556
 -0.0000004670
  0.0000014815
  0.0000034757
 -0.0000011352
  0.0000074808
  0.0000058603
  0.0000024109
  0.0000029460
  0.0000047752
  0.0000026318
  0.0000015433
 -0.0000012852
 -0.0000033848
 -0.0000017996
  0.0000074269
 -0.0000038800
  0.0000020312
  0.0000053411
  0.0000092427
  0.0000005437
 -0.0000008251
  0.0000015728
 -0.0000039507
  0.0000029388
  0.0000110447
 -0.0000015229
 -0.0000030520
  0.0000012211
 -0.0000038407
 -0.0000036638
  0.0000003257
  0.0000044867
 -0.0000016172
 -0.0000022673
  0.0000003580
  0.0000027048
 -0.0000011524
  0.0000117659
 -0.0000026430
  0.0000187363
  0.0000029858
  0.0000017582
  0.0000006504
  0.0000035804
  0.0000057176
 -0.0000054805
  0.0000031106
  0.0000070823
  0.0000077318
  0.0000038693
  0.0000072502
  0.0000097914
  0.0000003536
  0.0000022097
  0.0000034953
  0.0000036050
 -0.0000002693
  0.0000065163
 -0.0000004239
 -0.0000001510
 -0.0000030366
 -0.0000024163
  0.0000025541
 -0.0000014585
  0.0000068851
  0.0000013159
  0.0000023311
  0.0000004818
  0.0000079738
  0.0000014290
  0.0000043515
  0.0000024850
  0.0000029061
 -0.0000043227
  0.0000029033
  0.0000005211
  0.0000049035
  0.0000015157
  0.0000001283
  0.0000048902
  0.0000093043
  0.0000034401
 -0.0000009658
  0.0000012831
  0.0000020363
  0.0000022904
 -0.0000004174
  0.0000011137
  0.0000047507
  0.0000020150
  0.0000040883
  0.0000040069
  0.0000165432
  0.0000125229
  0.0000106247
  0.0000114436
  0.0000141499
  0.0000079764
 -0.0000012175
  0.0000060623
 -0.0000014040
  0.0000004420
 -0.0000004943
 -0.0000035864
 -0.0000044087
 -0.0000004449
 -0.0000036378
  0.0000045022
 -0.0000032840
  0.0000018067
  0.0000015010
  0.0000009642
  0.0000011551
  0.0000028408
  0.0000006097
  0.0000046612
  0.0000043238
  0.0000007088
  0.0000004523
  0.0000025476
 -0.0000004244
 -0.0000060317
  0.0000011563
  0.0000051776
  0.0000000955
 -0.0000011012
  0.0000057004
  0.0000055630
  0.0000041524
  0.0000125515
  0.0000001161
  0.0000016271
  0.0000029272
 -0.0000003302
 -0.0000018989
 -0.0000002609
  0.0000035337
  0.0000013124
  0.0000015369
  0.0000021157
 -0.0000027367
  0.0000079800
  0.0000053589
  0.0000082332
  0.0000130493
  0.0000059768
  0.0000027878
  0.0000033668
  0.0000017974
  0.0000006350
 -0.0000019690
 -0.0000003880
 -0.0000043934
 -0.0000013056
  0.0000004529
  0.0000015005
