 -0.0000005375
  0.0000006839
 -0.0000009134
  0.0000001021
  0.0000002941
 -0.0000003019
 -0.0000004256
 -0.0000008827
  0.0000002305
 -0.0000008039
  0.0000002666
 -0.0000001418
  0.0000000035
  0.0000001923
  0.0000003595
 -0.0000005363
 -0.0000002004
  0.0000002029
 -0.0000001202
 -0.0000004629
 -0.0000001635
 -0.0000002192
 -0.0000006245
 -0.0000004796
 -0.0000001415
 -0.0000004002
  0.0000006190
 -0.0000000225
 -0.0000002506
 -0.0000000848
  0.0000002468
 -0.0000004739
 -0.0000005828
  0.0000000036
 -0.0000001956
  0.0000000662
  0.0000002727
 -0.0000004833
 -0.0000005519
  0.0000003768
  0.0000013969
  0.0000000293
  0.0000000040
  0.0000001376
 -0.0000003223
 -0.0000006731
  0.0000000856
  0.0000001014
  0.0000009020
  0.0000007478
  0.0000005163
 -0.0000006292
 -0.0000025381
  0.0000000690
  0.0000009858
 -0.0000014636
 -0.0000000240
  0.0000005190
  0.0000006396
  0.0000000806
 -0.0000000120
 -0.0000011595
  0.0000009475
  0.0000007336
 -0.0000001099
  0.0000004754
 -0.0000026303
 -0.0000002777
 -0.0000000457
 -0.0000000620
 -0.0000007850
 -0.0000011821
 -0.0000000170
  0.0000011379
 -0.0000010505
 -0.0000028590
  0.0000000787
 -0.0000004706
  0.0000017593
 -0.0000000925
 -0.0000037429
  0.0000000994
 -0.0000033976
 -0.0000030991
 -0.0000007464
 -0.0000012144
  0.0000014809
  0.0000042235
  0.0000036750
  0.0000080316
 -0.0000002252
  0.0000071078
  0.0000056308
 -0.0000034374
  0.0000041918
  0.0000036111
  0.0000011675
  0.0000009442
  0.0000027566
 -0.0000042912
  0.0000018691
 -0.0000024670
  0.0000214305
 -0.0000154683
  0.0000204076
  0.0000074700
  0.0000062948
  0.0000134612
 -0.0000118310
 -0.0000018702
 -0.0000008312
  0.0000019078
 -0.0000022245
 -0.0000030756
 -0.0000002347
 -0.0000029587
 -0.0000019531
 -0.0000039634
  0.0000236048
 -0.0000058523
 -0.0000000294
 -0.0000463796
 -0.0000037329
  0.0000002670
 -0.0000013478
  0.0000008367
 -0.0000018676
  0.0000034668
  0.0000080805
 -0.0000017807
 -0.0000042788
 -0.0000075225
  0.0000018117
 -0.0000016920
 -0.0000003234
 -0.0000119014
  0.0000025774
  0.0000017780
  0.0000004478
  0.0000008334
  0.0000008816
  0.0000008591
  0.0000008549
  0.0000005075
  0.0000008928
 -0.0000000998
  0.0000004590
  0.0000006171
  0.0000012814
  0.0000000916
  0.0000006090
  0.0000006393
 -0.0000004105
  0.0000006686
  0.0000001188
  0.0000010158
 -0.0000000645
  0.0000003888
  0.0000001269
  0.0000001285
  0.0000009242
  0.0000006532
  0.0000006846
  0.0000004496
  0.0000008017
  0.0000006953
  0.0000007577
  0.0000004125
  0.0000004512
  0.0000000117
 -0.0000001509
 -0.0000008114
 -0.0000003236
 -0.0000007213
 -0.0000010438
  0.0000000877
  0.0000002467
 -0.0000001190
 -0.0000024211
 -0.0000023593
 -0.0000003050
  0.0000002712
 -0.0000023823
 -0.0000013633
  0.0000001219
  0.0000012488
 -0.0000002327
 -0.0000007141
 -0.0000015138
  0.0000002092
  0.0000001011
 -0.0000005575
  0.0000002470
 -0.0000037218
 -0.0000017578
 -0.0000017891
  0.0000009944
 -0.0000009847
 -0.0000000103
 -0.0000011135
  0.0000003922
 -0.0000013441
 -0.0000006850
 -0.0000006358
 -0.0000005773
  0.0000037976
 -0.0000007930
  0.0000008458
 -0.0000040655
 -0.0000003339
 -0.0000049103
  0.0000036587
  0.0000016674
 -0.0000008106
  0.0000044748
  0.0000026361
 -0.0000053808
  0.0000068952
  0.0000065479
 -0.0000095738
 -0.0000008821
 -0.0000004063
  0.0000039382
  0.0000056110
 -0.0000009975
  0.0000027057
  0.0000030940
  0.0000043484
 -0.0000031198
  0.0000158335
 -0.0000001828
  0.0000851784
  0.0000096060
  0.0000028532
  0.0000369848
 -0.0000003611
 -0.0000016519
 -0.0000087102
 -0.0000053194
 -0.0000120566
 -0.0000023412
 -0.0000012010
 -0.0000033269
  0.0000241744
 -0.0000049104
 -0.0000009295
 -0.0000389456
 -0.0000000036
 -0.0000007420
  0.0000022996
 -0.0000032791
  0.0000060890
 -0.0000014178
 -0.0000202374
 -0.0000034417
 -0.0000003280
 -0.0000103964
 -0.0000066694
  0.0000007670
  0.0000005079
 -0.0000003645
  0.0000001121
 -0.0000005721
  0.0000001655
  0.0000000934
  0.0000002330
  0.0000001988
  0.0000001705
 -0.0000001067
 -0.0000001253
  0.0000006246
 -0.0000005435
  0.0000001414
  0.0000004541
 -0.0000003950
  0.0000003502
 -0.0000001427
  0.0000002594
  0.0000003381
 -0.0000003499
  0.0000001493
  0.0000003159
 -0.0000001932
  0.0000003042
  0.0000002491
 -0.0000004827
 -0.0000006057
 -0.0000002958
 -0.0000002823
  0.0000007181
  0.0000006640
  0.0000001549
 -0.0000008617
 -0.0000022935
  0.0000002404
  0.0000007907
 -0.0000017941
 -0.0000000071
 -0.0000001125
  0.0000001716
  0.0000002509
 -0.0000009177
 -0.0000009651
 -0.0000004171
  0.0000004837
 -0.0000002927
  0.0000002588
 -0.0000031103
 -0.0000001833
 -0.0000011641
 -0.0000011064
  0.0000000378
  0.0000009832
 -0.0000010281
 -0.0000011053
  0.0000026365
 -0.0000013952
  0.0000045717
 -0.0000019006
 -0.0000022846
 -0.0000013390
  0.0000014409
 -0.0000041150
  0.0000025310
 -0.0000004537
  0.0000039435
  0.0000041102
  0.0000029584
  0.0000022583
  0.0000002277
  0.0000092644
  0.0000092339
 -0.0000020289
  0.0000054356
  0.0000029874
  0.0000028066
  0.0000013537
  0.0000049948
 -0.0000028355
  0.0000030594
 -0.0000017764
  0.0000113303
 -0.0000130797
  0.0000133511
  0.0000093053
  0.0000072528
  0.0000032907
 -0.0000006181
  0.0000037907
 -0.0000013480
 -0.0000026243
 -0.0000024699
 -0.0000037868
 -0.0000017771
 -0.0000008597
 -0.0000038814
  0.0000318922
 -0.0000021633
 -0.0000002444
 -0.0000449713
  0.0000001149
 -0.0000013485
 -0.0000005879
 -0.0000008723
  0.0000035843
  0.0000070116
 -0.0000005033
 -0.0000104993
 -0.0000004918
 -0.0000007161
 -0.0000000658
 -0.0000092037
 -0.0000012734
  0.0000012643
  0.0000015833
 -0.0000002442
  0.0000001789
 -0.0000008025
 -0.0000000093
 -0.0000005027
 -0.0000000232
 -0.0000000589
  0.0000003309
 -0.0000007118
 -0.0000002510
  0.0000003013
  0.0000004248
 -0.0000005284
 -0.0000006329
 -0.0000001864
  0.0000001436
 -0.0000002471
 -0.0000003785
 -0.0000003424
 -0.0000000896
 -0.0000000807
 -0.0000005767
  0.0000000570
 -0.0000010749
  0.0000004139
  0.0000003845
 -0.0000010733
 -0.0000002989
  0.0000004578
  0.0000001292
  0.0000007220
 -0.0000000982
 -0.0000002069
  0.0000006930
 -0.0000003035
  0.0000007412
 -0.0000003084
 -0.0000008297
  0.0000002946
  0.0000001034
  0.0000002151
  0.0000001641
 -0.0000004478
  0.0000001012
 -0.0000003619
 -0.0000007702
 -0.0000010037
 -0.0000004394
  0.0000004183
 -0.0000001243
  0.0000009466
 -0.0000011038
 -0.0000007132
 -0.0000014204
 -0.0000012712
  0.0000003065
 -0.0000006588
  0.0000014250
  0.0000009867
 -0.0000016724
 -0.0000017471
  0.0000004272
  0.0000022428
 -0.0000007302
 -0.0000043315
 -0.0000006904
 -0.0000053368
  0.0000002671
  0.0000005194
 -0.0000002378
  0.0000002137
  0.0000032607
  0.0000023570
  0.0000062492
  0.0000034415
  0.0000098259
 -0.0000068028
  0.0000066827
  0.0000038300
  0.0000054335
  0.0000078084
  0.0000013591
  0.0000041290
  0.0000045173
  0.0000063946
 -0.0000027373
  0.0000092925
  0.0000010222
  0.0000698449
  0.0000112661
  0.0000059459
  0.0000304839
 -0.0000094054
 -0.0000004995
 -0.0000057920
 -0.0000090003
 -0.0000047574
 -0.0000004476
 -0.0000106154
 -0.0000019444
 -0.0000005356
 -0.0000003145
  0.0000311009
 -0.0000098947
 -0.0000002776
 -0.0000419525
  0.0000004415
  0.0000006456
  0.0000002309
  0.0000010672
 -0.0000077316
  0.0000098001
 -0.0000007017
 -0.0000019994
 -0.0000032755
 -0.0000191908
  0.0000001828
  0.0000011132
  0.0000016557
 -0.0000028144
 -0.0000149489
 -0.0000046941
 -0.0000001439
 -0.0000017285
 -0.0000006893
 -0.0000003299
 -0.0000009629
  0.0000000843
 -0.0000000203
 -0.0000001823
 -0.0000001215
 -0.0000003785
 -0.0000003470
  0.0000001513
  0.0000001628
  0.0000001919
 -0.0000001021
 -0.0000005328
 -0.0000001474
 -0.0000004531
  0.0000001410
 -0.0000005130
  0.0000004480
 -0.0000000156
  0.0000001583
  0.0000000841
  0.0000000647
  0.0000000503
 -0.0000001241
 -0.0000001966
  0.0000002808
  0.0000004048
  0.0000001853
 -0.0000001651
 -0.0000001870
  0.0000008225
  0.0000004805
  0.0000002392
 -0.0000005915
 -0.0000013437
 -0.0000000508
  0.0000012247
 -0.0000012206
  0.0000003240
  0.0000003383
  0.0000003731
 -0.0000001156
 -0.0000002256
  0.0000000110
  0.0000003908
  0.0000008498
  0.0000000879
  0.0000006490
 -0.0000025576
  0.0000004045
 -0.0000006004
  0.0000003503
 -0.0000008291
  0.0000000390
  0.0000005322
  0.0000018426
 -0.0000002192
 -0.0000027669
  0.0000062025
 -0.0000021643
  0.0000019932
 -0.0000027970
 -0.0000071854
 -0.0000028155
  0.0000008903
 -0.0000015143
  0.0000034812
  0.0000030889
 -0.0000016390
  0.0000038753
 -0.0000008492
 -0.0000049682
  0.0000013838
  0.0000112304
  0.0000106699
 -0.0000012650
  0.0000058215
  0.0000034318
  0.0000037166
  0.0000022653
  0.0000059478
 -0.0000010488
  0.0000043609
 -0.0000008323
  0.0000058894
 -0.0000116223
  0.0000108551
  0.0000103507
  0.0000091599
 -0.0000009291
  0.0000021664
  0.0000000583
 -0.0000047908
 -0.0000010705
 -0.0000054513
 -0.0000009604
  0.0000001318
 -0.0000035846
 -0.0000037328
 -0.0000001306
 -0.0000527470
 -0.0000006798
 -0.0000058350
  0.0000004462
 -0.0000011817
  0.0000074100
  0.0000036244
 -0.0000135306
 -0.0000043720
  0.0000005660
  0.0000009065
 -0.0000122020
 -0.0000040343
 -0.0000016925
 -0.0000005829
 -0.0000003195
 -0.0000011317
 -0.0000016211
 -0.0000013759
  0.0000004631
 -0.0000006297
 -0.0000007069
 -0.0000003598
 -0.0000004956
 -0.0000006605
 -0.0000004730
 -0.0000005183
 -0.0000002424
 -0.0000005794
 -0.0000005379
 -0.0000006481
  0.0000000788
 -0.0000000829
 -0.0000013120
 -0.0000003219
 -0.0000009265
 -0.0000011684
 -0.0000000473
 -0.0000004734
 -0.0000011558
 -0.0000014062
 -0.0000010168
 -0.0000008688
 -0.0000012133
 -0.0000006475
 -0.0000002476
 -0.0000009719
 -0.0000000896
 -0.0000008630
 -0.0000008952
 -0.0000008654
 -0.0000006026
 -0.0000001481
  0.0000003317
 -0.0000002829
 -0.0000030177
 -0.0000031926
 -0.0000002543
  0.0000000584
 -0.0000032892
 -0.0000002677
 -0.0000001762
  0.0000009863
 -0.0000002067
 -0.0000011390
 -0.0000014442
 -0.0000000302
 -0.0000001821
 -0.0000010881
  0.0000004102
 -0.0000044050
 -0.0000014742
 -0.0000015759
 -0.0000009795
 -0.0000003621
 -0.0000010114
  0.0000005437
 -0.0000022342
  0.0000010935
 -0.0000003955
  0.0000020518
  0.0000008090
  0.0000028831
  0.0000029978
 -0.0000048905
 -0.0000008487
  0.0000002728
 -0.0000004793
  0.0000012434
 -0.0000015587
  0.0000039696
 -0.0000015033
  0.0000025509
  0.0000075379
  0.0000088053
  0.0000133351
 -0.0000002848
 -0.0000018014
  0.0000036808
  0.0000025417
 -0.0000032218
 -0.0000036061
  0.0000009922
  0.0000002005
 -0.0000038813
  0.0000118528
  0.0000251319
  0.0000262702
  0.0000125173
  0.0000040033
  0.0000273473
 -0.0000036740
 -0.0000002831
 -0.0000022838
 -0.0000102360
  0.0000009967
 -0.0000042813
 -0.0000044118
 -0.0000186322
 -0.0000008085
 -0.0000021542
 -0.0000009633
  0.0000262078
 -0.0000028173
 -0.0000010818
 -0.0000339151
 -0.0000008033
 -0.0000006955
 -0.0000007273
 -0.0000021883
 -0.0000020411
 -0.0000014407
  0.0000041139
 -0.0000018023
  0.0000124963
 -0.0000104767
 -0.0000249980
 -0.0000000590
 -0.0000020035
 -0.0000029055
 -0.0000012358
 -0.0000019903
 -0.0000037002
 -0.0000016725
 -0.0000025506
 -0.0000006083
 -0.0000002968
 -0.0000002039
  0.0000007071
 -0.0000007436
 -0.0000017495
 -0.0000000715
 -0.0000002125
 -0.0000005744
  0.0000002299
 -0.0000006023
 -0.0000008941
 -0.0000003122
 -0.0000009580
 -0.0000004921
  0.0000004631
  0.0000000449
 -0.0000005998
 -0.0000004821
 -0.0000001140
 -0.0000002947
 -0.0000002340
 -0.0000002938
  0.0000005021
  0.0000001032
 -0.0000006066
 -0.0000008120
  0.0000004641
 -0.0000015623
 -0.0000001992
  0.0000008711
  0.0000003041
 -0.0000007166
  0.0000002606
  0.0000002815
  0.0000005718
  0.0000012554
 -0.0000002332
  0.0000003551
  0.0000007463
 -0.0000007336
  0.0000003540
 -0.0000024644
 -0.0000014980
  0.0000014135
  0.0000007195
 -0.0000015999
  0.0000000825
 -0.0000005318
  0.0000015966
  0.0000000478
 -0.0000002420
 -0.0000007048
 -0.0000004187
  0.0000007054
  0.0000008673
  0.0000015483
 -0.0000030194
 -0.0000008449
 -0.0000014192
  0.0000002920
 -0.0000003064
 -0.0000004824
  0.0000018525
 -0.0000006079
  0.0000014877
 -0.0000005341
 -0.0000030605
 -0.0000035810
  0.0000013576
  0.0000006727
 -0.0000016936
  0.0000036456
  0.0000006916
  0.0000092316
  0.0000130332
  0.0000194299
 -0.0000032151
 -0.0000001132
  0.0000049593
 -0.0000028629
 -0.0000020565
 -0.0000097613
  0.0000033307
  0.0000020103
 -0.0000038848
  0.0000287358
  0.0000193178
  0.0000374883
  0.0000064915
 -0.0000005887
  0.0000282647
 -0.0000050582
  0.0000000270
 -0.0000036784
 -0.0000086049
  0.0000019291
 -0.0000044115
 -0.0000076435
 -0.0000267584
 -0.0000034144
 -0.0000010385
 -0.0000034196
  0.0000221443
 -0.0000029010
 -0.0000003883
 -0.0000283146
 -0.0000000515
  0.0000001001
 -0.0000000112
 -0.0000058369
 -0.0000022542
 -0.0000013393
  0.0000056504
 -0.0000011460
  0.0000174333
 -0.0000083936
 -0.0000267076
 -0.0000007920
 -0.0000015939
 -0.0000071482
  0.0000002528
 -0.0000014914
 -0.0000044421
 -0.0000003281
 -0.0000029404
  0.0000009300
  0.0000010514
 -0.0000004708
 -0.0000009073
 -0.0000009545
 -0.0000013640
 -0.0000002939
  0.0000011672
 -0.0000012992
 -0.0000002950
  0.0000000576
 -0.0000011543
 -0.0000004280
 -0.0000013424
 -0.0000003123
 -0.0000009997
 -0.0000009588
 -0.0000004563
 -0.0000010844
 -0.0000005492
  0.0000011765
 -0.0000003192
 -0.0000007356
  0.0000004012
  0.0000005448
 -0.0000012193
 -0.0000002582
 -0.0000015659
 -0.0000012452
 -0.0000015780
  0.0000002080
 -0.0000000980
 -0.0000002727
 -0.0000001314
 -0.0000008602
  0.0000000836
 -0.0000011295
 -0.0000011130
 -0.0000001470
 -0.0000001107
 -0.0000004655
 -0.0000029579
 -0.0000026581
 -0.0000009835
 -0.0000000454
 -0.0000021826
 -0.0000015537
  0.0000000109
  0.0000004746
  0.0000001729
 -0.0000009424
 -0.0000016388
  0.0000000015
 -0.0000001790
 -0.0000010347
 -0.0000001931
 -0.0000035929
 -0.0000022984
 -0.0000020852
 -0.0000006502
 -0.0000013981
 -0.0000013318
 -0.0000017520
  0.0000003072
 -0.0000010629
 -0.0000010614
 -0.0000028943
  0.0000015110
  0.0000006076
  0.0000025360
 -0.0000018077
  0.0000023605
 -0.0000059127
 -0.0000024251
 -0.0000034418
  0.0000012430
 -0.0000042182
  0.0000027988
  0.0000025367
  0.0000059483
  0.0000083284
  0.0000052015
 -0.0000008908
 -0.0000008015
 -0.0000030624
  0.0000049353
  0.0000041011
 -0.0000032479
 -0.0000011506
  0.0000018737
 -0.0000011199
 -0.0000044299
  0.0000129842
  0.0000196941
  0.0000546291
  0.0000122348
  0.0000018095
  0.0000226994
 -0.0000029255
 -0.0000006977
  0.0000008233
 -0.0000110891
 -0.0000052674
 -0.0000195722
 -0.0000026381
 -0.0000011069
 -0.0000025997
  0.0000298952
 -0.0000100926
 -0.0000011868
 -0.0000308601
 -0.0000001752
 -0.0000009367
  0.0000023745
 -0.0000033214
 -0.0000025985
  0.0000038147
 -0.0000016539
  0.0000110027
 -0.0000097508
 -0.0000266390
 -0.0000013312
 -0.0000052377
 -0.0000034565
 -0.0000001313
 -0.0000087869
 -0.0000041428
  0.0000004880
  0.0000009244
 -0.0000013264
  0.0000000541
  0.0000012037
  0.0000006058
  0.0000000046
  0.0000005954
  0.0000001606
 -0.0000001438
  0.0000003913
  0.0000003618
  0.0000001887
  0.0000009924
 -0.0000000756
 -0.0000000428
  0.0000004746
 -0.0000000051
  0.0000006365
 -0.0000001069
  0.0000001803
 -0.0000000671
 -0.0000001970
  0.0000002606
  0.0000002785
  0.0000002682
  0.0000001661
  0.0000007357
 -0.0000001313
  0.0000001606
 -0.0000003813
  0.0000007672
  0.0000004071
  0.0000010459
  0.0000005877
  0.0000007464
  0.0000000277
  0.0000013707
 -0.0000009357
 -0.0000002556
  0.0000013243
  0.0000013229
 -0.0000001888
 -0.0000005489
 -0.0000024965
  0.0000004653
  0.0000016752
 -0.0000011384
 -0.0000007640
  0.0000010363
  0.0000021389
  0.0000014811
  0.0000006532
 -0.0000008448
  0.0000011064
  0.0000011546
 -0.0000009403
  0.0000009365
 -0.0000027854
 -0.0000018946
 -0.0000004522
 -0.0000001640
 -0.0000011301
  0.0000000258
 -0.0000010487
  0.0000007486
  0.0000013214
  0.0000014881
  0.0000010013
 -0.0000026787
 -0.0000020335
  0.0000016998
 -0.0000001156
  0.0000234214
  0.0000298075
  0.0000317912
 -0.0000061627
 -0.0000012429
  0.0000059737
  0.0000143637
 -0.0000058564
  0.0000247424
 -0.0000052329
  0.0000108551
 -0.0000022901
 -0.0000030376
 -0.0000118824
 -0.0001172656
  0.0000006823
 -0.0000132583
 -0.0000255260
  0.0000045732
 -0.0000002360
  0.0000169893
  0.0000010861
  0.0000029890
  0.0000034705
 -0.0000059241
 -0.0000377626
  0.0000008152
 -0.0000008989
 -0.0000010474
 -0.0000032229
  0.0000053498
  0.0000003606
  0.0000243277
 -0.0000000129
  0.0000003067
  0.0000000651
  0.0000219100
  0.0000041584
  0.0000038817
  0.0000089652
 -0.0000012629
  0.0000076023
 -0.0000026713
 -0.0000248104
  0.0000014859
 -0.0000004214
 -0.0000024553
  0.0000020508
  0.0000026524
  0.0000010071
 -0.0000005256
 -0.0000047916
 -0.0000004312
 -0.0000002091
 -0.0000003045
  0.0000007591
 -0.0000002926
 -0.0000005015
 -0.0000004162
  0.0000000095
 -0.0000004896
 -0.0000005850
 -0.0000001434
 -0.0000008297
 -0.0000002413
 -0.0000003731
 -0.0000007104
 -0.0000002994
 -0.0000007039
 -0.0000002455
 -0.0000004102
  0.0000004066
 -0.0000006117
 -0.0000002018
 -0.0000002549
 -0.0000015236
 -0.0000010750
 -0.0000006030
 -0.0000007134
 -0.0000000889
  0.0000000729
 -0.0000000994
 -0.0000015840
 -0.0000024967
 -0.0000004988
  0.0000002515
 -0.0000010457
 -0.0000006074
 -0.0000001485
  0.0000001958
 -0.0000004982
 -0.0000006224
 -0.0000027589
  0.0000000915
  0.0000001388
 -0.0000004697
  0.0000001217
 -0.0000022847
 -0.0000016439
 -0.0000009973
 -0.0000013572
 -0.0000013176
 -0.0000000056
 -0.0000007731
 -0.0000003762
  0.0000046432
  0.0000005602
  0.0000035219
 -0.0000041511
 -0.0000029917
 -0.0000027990
 -0.0000013248
 -0.0000011811
  0.0000047098
  0.0000057424
 -0.0000018223
  0.0000049052
 -0.0000014560
 -0.0000041074
 -0.0000011176
 -0.0000002443
  0.0000095465
  0.0000032962
  0.0000063568
  0.0000025273
  0.0000040719
  0.0000002247
  0.0000000561
 -0.0000027148
  0.0000012693
 -0.0000025788
  0.0000026579
  0.0000012121
 -0.0000115207
  0.0000092207
  0.0000020112
  0.0000183401
  0.0000056285
 -0.0000008229
 -0.0000015135
  0.0000008197
  0.0000013048
 -0.0000005185
  0.0000039410
 -0.0000013185
 -0.0000012315
  0.0000003265
 -0.0000012159
 -0.0000471983
 -0.0000017091
 -0.0000002046
  0.0000061727
  0.0000139337
  0.0000006016
 -0.0000062183
  0.0000051720
 -0.0000020693
 -0.0000006335
  0.0000010788
 -0.0000094516
 -0.0000003842
 -0.0000014383
  0.0000000277
 -0.0000001233
  0.0000000156
 -0.0000011676
 -0.0000002918
 -0.0000003094
 -0.0000003498
  0.0000014066
  0.0000004346
  0.0000010026
  0.0000004395
 -0.0000002277
 -0.0000012081
  0.0000008641
 -0.0000001350
 -0.0000004888
  0.0000000298
 -0.0000001535
 -0.0000001983
  0.0000001896
 -0.0000006892
 -0.0000002442
 -0.0000003997
  0.0000003087
  0.0000011398
 -0.0000001190
 -0.0000004193
  0.0000000007
  0.0000009363
 -0.0000000091
  0.0000004383
 -0.0000008351
 -0.0000012962
 -0.0000010387
 -0.0000004054
  0.0000009003
 -0.0000023025
  0.0000000061
  0.0000005614
 -0.0000001344
 -0.0000002060
 -0.0000009097
 -0.0000004073
  0.0000007614
 -0.0000015968
 -0.0000004641
 -0.0000017648
 -0.0000006705
 -0.0000003792
  0.0000004546
 -0.0000014442
  0.0000003222
 -0.0000005528
  0.0000005884
 -0.0000011923
 -0.0000003781
 -0.0000010378
 -0.0000010061
  0.0000009142
 -0.0000007744
  0.0000001107
 -0.0000025804
 -0.0000008285
 -0.0000017617
  0.0000000997
 -0.0000011007
 -0.0000006359
  0.0000011457
 -0.0000002717
 -0.0000010518
  0.0000007725
  0.0000003386
 -0.0000008723
  0.0000027956
  0.0000036467
 -0.0000065589
 -0.0000014420
 -0.0000002598
 -0.0000003174
  0.0000005112
  0.0000001272
  0.0000032966
 -0.0000008327
  0.0000006566
  0.0000053819
  0.0000062842
 -0.0000096621
 -0.0000011339
 -0.0000000106
  0.0000046377
  0.0000082617
 -0.0000005026
  0.0000044591
  0.0000030792
  0.0000053604
 -0.0000024494
  0.0000129797
  0.0000071665
  0.0000630192
  0.0000112373
  0.0000039520
  0.0000244295
 -0.0000043475
  0.0000008525
 -0.0000014396
 -0.0000092897
 -0.0000054917
 -0.0000081771
 -0.0000049784
 -0.0000171484
 -0.0000005115
  0.0000005024
 -0.0000031410
  0.0000289352
 -0.0000143186
 -0.0000001140
 -0.0000310095
  0.0000004738
  0.0000002511
 -0.0000014381
  0.0000016160
 -0.0000039392
 -0.0000023536
  0.0000077907
  0.0000001351
  0.0000135512
 -0.0000136504
 -0.0000246144
 -0.0000025881
 -0.0000049314
 -0.0000031095
  0.0000011566
  0.0000004294
 -0.0000126503
 -0.0000023365
 -0.0000041439
 -0.0000016617
  0.0000005966
 -0.0000011365
  0.0000002914
  0.0000000103
 -0.0000016997
 -0.0000003384
  0.0000003818
  0.0000001773
 -0.0000005104
  0.0000004734
  0.0000002032
 -0.0000000262
 -0.0000002520
  0.0000000006
 -0.0000003057
  0.0000001261
  0.0000000219
 -0.0000005804
 -0.0000000521
  0.0000000959
 -0.0000006719
 -0.0000007910
  0.0000002585
 -0.0000002747
  0.0000000268
 -0.0000003783
 -0.0000000229
  0.0000002687
 -0.0000010498
 -0.0000003518
  0.0000010708
  0.0000015732
 -0.0000007572
 -0.0000007701
  0.0000012841
  0.0000001453
 -0.0000007024
 -0.0000001897
  0.0000001129
  0.0000004640
 -0.0000004268
  0.0000008598
 -0.0000027920
 -0.0000034437
 -0.0000001554
  0.0000005297
 -0.0000021566
 -0.0000005462
 -0.0000005093
  0.0000007171
 -0.0000005087
 -0.0000006012
  0.0000011734
 -0.0000004962
  0.0000003207
 -0.0000010190
  0.0000003135
 -0.0000037630
 -0.0000000147
 -0.0000011902
 -0.0000002371
 -0.0000000551
  0.0000000419
  0.0000015374
 -0.0000009916
  0.0000011473
  0.0000003473
 -0.0000008174
 -0.0000001995
 -0.0000020471
 -0.0000030836
 -0.0000027952
 -0.0000005680
  0.0000027160
  0.0000166964
  0.0000116975
  0.0000373308
 -0.0000033670
  0.0000027500
  0.0000052260
  0.0000099256
 -0.0000028822
  0.0000160729
 -0.0000104232
  0.0000095765
 -0.0000034699
 -0.0000201570
 -0.0000128900
 -0.0000480232
  0.0000049445
 -0.0000052916
 -0.0000322442
  0.0000023699
  0.0000026073
  0.0000067877
 -0.0000011778
  0.0000013695
 -0.0000005661
 -0.0000055195
 -0.0000306343
 -0.0000020842
 -0.0000002331
  0.0000015084
  0.0000053368
  0.0000047587
 -0.0000006757
  0.0000037097
  0.0000004211
 -0.0000002130
  0.0000014863
  0.0000077356
 -0.0000035531
 -0.0000012781
  0.0000104380
 -0.0000000721
  0.0000150348
 -0.0000018257
 -0.0000206461
 -0.0000010922
  0.0000058151
 -0.0000052863
 -0.0000002347
  0.0000050470
  0.0000007583
  0.0000009582
 -0.0000016810
 -0.0000012961
  0.0000001354
  0.0000008690
  0.0000007829
 -0.0000003737
 -0.0000003386
 -0.0000001741
  0.0000006583
 -0.0000009400
  0.0000002061
 -0.0000003659
  0.0000005043
 -0.0000010281
  0.0000003704
  0.0000004855
  0.0000009477
  0.0000004150
  0.0000008161
 -0.0000002802
  0.0000001816
  0.0000004947
 -0.0000005359
  0.0000006539
  0.0000005333
 -0.0000001427
  0.0000004562
  0.0000010548
  0.0000005443
 -0.0000005739
  0.0000006358
  0.0000004236
  0.0000004014
  0.0000001492
  0.0000008047
 -0.0000001187
 -0.0000001434
  0.0000009240
  0.0000000422
 -0.0000013287
  0.0000007513
  0.0000002121
  0.0000003164
 -0.0000003758
 -0.0000012863
 -0.0000025051
 -0.0000006144
  0.0000019264
 -0.0000008022
  0.0000001487
 -0.0000000139
  0.0000009792
  0.0000000202
 -0.0000003796
 -0.0000006866
  0.0000000774
  0.0000004049
 -0.0000004686
 -0.0000002731
 -0.0000024392
 -0.0000017711
 -0.0000006642
  0.0000005332
 -0.0000015425
  0.0000011109
 -0.0000010280
  0.0000017709
  0.0000005502
 -0.0000000843
  0.0000038183
  0.0000010552
 -0.0000006583
 -0.0000014520
 -0.0000000756
 -0.0000007301
  0.0000014404
 -0.0000005302
  0.0000038235
 -0.0000006952
  0.0000003554
  0.0000148069
  0.0000036138
  0.0000246323
 -0.0000064517
  0.0000023939
  0.0000056692
  0.0000054131
 -0.0000092651
  0.0000102711
 -0.0000123619
  0.0000103462
 -0.0000070240
 -0.0000158411
 -0.0000068436
  0.0000378601
  0.0000012179
 -0.0000059167
 -0.0000195047
 -0.0000027741
 -0.0000034724
 -0.0000010198
 -0.0000052197
  0.0000000541
 -0.0000084050
 -0.0000313849
 -0.0000047852
 -0.0000007490
 -0.0000039461
  0.0000145620
  0.0000005081
 -0.0000004661
 -0.0000182358
  0.0000011682
  0.0000002958
  0.0000000453
 -0.0000020002
 -0.0000011275
  0.0000004051
  0.0000050748
 -0.0000002117
  0.0000108904
 -0.0000056013
 -0.0000261272
  0.0000009641
 -0.0000045772
 -0.0000083964
  0.0000011950
  0.0000011704
 -0.0000020256
  0.0000003924
 -0.0000014305
 -0.0000002071
  0.0000002220
 -0.0000000320
 -0.0000004548
 -0.0000006545
  0.0000006230
 -0.0000001142
 -0.0000002429
  0.0000002680
  0.0000007894
 -0.0000009373
  0.0000009470
 -0.0000005054
 -0.0000005361
  0.0000005017
 -0.0000007706
 -0.0000006879
 -0.0000000108
  0.0000000084
  0.0000002836
 -0.0000000903
 -0.0000002151
 -0.0000009928
  0.0000001755
  0.0000003743
  0.0000004423
 -0.0000000565
 -0.0000002547
 -0.0000002559
 -0.0000008725
  0.0000002236
 -0.0000010613
 -0.0000012281
  0.0000004492
 -0.0000001073
 -0.0000003338
 -0.0000008517
  0.0000003144
 -0.0000002726
  0.0000000060
  0.0000007168
  0.0000009840
  0.0000008693
  0.0000003008
  0.0000006374
  0.0000004969
  0.0000012491
  0.0000008825
 -0.0000020506
 -0.0000012947
  0.0000002855
  0.0000014256
 -0.0000012103
 -0.0000000691
 -0.0000008737
  0.0000021061
  0.0000020958
 -0.0000005270
 -0.0000002501
 -0.0000007986
  0.0000004534
 -0.0000003849
 -0.0000000304
 -0.0000028913
 -0.0000002808
 -0.0000019608
  0.0000002325
  0.0000002715
  0.0000001883
  0.0000022328
 -0.0000002279
  0.0000018761
 -0.0000003278
  0.0000028120
 -0.0000010204
 -0.0000002200
 -0.0000000721
  0.0000001397
  0.0000022046
  0.0000085752
  0.0000094848
  0.0000137182
 -0.0000042308
  0.0000022133
  0.0000054450
 -0.0000033214
 -0.0000030402
 -0.0000035145
 -0.0000024750
  0.0000049062
 -0.0000050218
  0.0000094079
  0.0000132365
  0.0000372647
  0.0000063516
 -0.0000006293
  0.0000053372
 -0.0000049047
 -0.0000009208
 -0.0000023871
 -0.0000076584
  0.0000021134
 -0.0000037191
 -0.0000078125
 -0.0000282719
 -0.0000045755
 -0.0000005808
 -0.0000042012
  0.0000122980
 -0.0000015992
 -0.0000006915
 -0.0000219159
  0.0000004575
 -0.0000000633
  0.0000005514
 -0.0000036844
  0.0000002145
 -0.0000020664
  0.0000057553
 -0.0000006846
  0.0000110468
 -0.0000026449
 -0.0000267254
 -0.0000015368
 -0.0000038704
 -0.0000068170
  0.0000006534
  0.0000002683
 -0.0000015916
 -0.0000001045
 -0.0000042927
 -0.0000004559
 -0.0000003666
 -0.0000002375
  0.0000012993
 -0.0000004062
 -0.0000001482
 -0.0000007639
  0.0000003138
  0.0000003806
 -0.0000005550
 -0.0000002956
  0.0000000032
  0.0000004710
  0.0000000220
 -0.0000002517
 -0.0000001078
  0.0000002462
 -0.0000001729
 -0.0000011129
 -0.0000002225
 -0.0000007484
  0.0000002813
  0.0000002494
 -0.0000005395
 -0.0000000056
  0.0000001131
 -0.0000004004
 -0.0000000865
 -0.0000006284
  0.0000000426
 -0.0000010194
  0.0000006100
 -0.0000013183
  0.0000008551
  0.0000008199
  0.0000009302
 -0.0000001863
 -0.0000001058
 -0.0000005649
  0.0000001818
 -0.0000014192
 -0.0000013592
 -0.0000001262
  0.0000016721
 -0.0000007589
 -0.0000018096
 -0.0000015862
  0.0000009849
 -0.0000000473
 -0.0000008781
 -0.0000002611
  0.0000014371
 -0.0000009923
  0.0000010753
  0.0000003475
 -0.0000007824
  0.0000018934
  0.0000009476
 -0.0000004445
  0.0000002337
 -0.0000021716
 -0.0000004641
  0.0000009816
 -0.0000005624
 -0.0000022391
 -0.0000004707
  0.0000009750
  0.0000001037
 -0.0000013887
 -0.0000002663
  0.0000007390
 -0.0000013372
  0.0000007016
 -0.0000030628
  0.0000012676
 -0.0000008353
 -0.0000004371
 -0.0000020660
  0.0000003202
 -0.0000021849
  0.0000042174
  0.0000026057
  0.0000024355
  0.0000023337
  0.0000041119
 -0.0000091506
  0.0000040170
  0.0000016983
  0.0000041519
  0.0000058462
  0.0000003272
  0.0000017057
  0.0000022434
  0.0000043234
 -0.0000041241
  0.0000110876
 -0.0000000101
  0.0000865636
  0.0000092883
  0.0000042977
  0.0000346811
 -0.0000047463
 -0.0000023331
 -0.0000030632
 -0.0000111269
 -0.0000000933
  0.0000002430
 -0.0000044802
 -0.0000141065
 -0.0000038323
 -0.0000017931
 -0.0000029984
  0.0000347437
 -0.0000028305
 -0.0000012076
 -0.0000388436
 -0.0000023806
 -0.0000000660
 -0.0000007212
 -0.0000020595
 -0.0000017525
 -0.0000080526
  0.0000046766
 -0.0000019628
  0.0000060060
 -0.0000187250
 -0.0000221141
 -0.0000028068
 -0.0000075361
 -0.0000024207
  0.0000007250
 -0.0000022057
 -0.0000077026
 -0.0000055117
 -0.0000082491
 -0.0000004994
 -0.0000007381
 -0.0000008555
 -0.0000001790
 -0.0000006248
 -0.0000019686
  0.0000003585
 -0.0000011338
 -0.0000003521
 -0.0000007780
 -0.0000006096
 -0.0000007177
 -0.0000008232
 -0.0000008227
 -0.0000002838
 -0.0000000926
 -0.0000006730
 -0.0000003920
 -0.0000000900
 -0.0000007549
 -0.0000007497
 -0.0000009915
 -0.0000012632
 -0.0000004669
 -0.0000000919
 -0.0000001382
 -0.0000019977
 -0.0000003995
 -0.0000000574
 -0.0000008675
 -0.0000007973
  0.0000001110
  0.0000006904
 -0.0000007788
 -0.0000009975
  0.0000005819
 -0.0000014628
  0.0000001091
 -0.0000005065
  0.0000011427
 -0.0000003411
 -0.0000019213
 -0.0000006132
  0.0000002572
 -0.0000010149
 -0.0000007281
 -0.0000008098
  0.0000022620
 -0.0000013266
 -0.0000008994
 -0.0000014476
 -0.0000006232
  0.0000000698
 -0.0000002603
 -0.0000005518
 -0.0000027504
 -0.0000013841
 -0.0000018791
  0.0000000377
  0.0000000627
 -0.0000009812
  0.0000004061
 -0.0000001063
 -0.0000019027
  0.0000002541
  0.0000001959
 -0.0000001064
  0.0000016345
 -0.0000019235
  0.0000029770
 -0.0000005709
 -0.0000002084
 -0.0000026830
 -0.0000002559
 -0.0000013969
  0.0000035743
  0.0000027140
  0.0000033370
  0.0000072516
  0.0000082056
 -0.0000077223
 -0.0000006024
 -0.0000026454
  0.0000047329
  0.0000091861
 -0.0000004331
  0.0000054090
  0.0000047679
  0.0000017476
 -0.0000022927
  0.0000210663
  0.0000085958
  0.0000754334
  0.0000118812
  0.0000028364
  0.0000331271
 -0.0000044850
 -0.0000000945
 -0.0000011142
 -0.0000076378
 -0.0000060871
 -0.0000042281
 -0.0000134753
 -0.0000028245
 -0.0000004266
 -0.0000045386
  0.0000286757
 -0.0000143969
 -0.0000010559
 -0.0000352282
  0.0000004315
 -0.0000004820
  0.0000002682
  0.0000005190
 -0.0000036103
 -0.0000015203
  0.0000090462
  0.0000000742
  0.0000101307
 -0.0000110523
 -0.0000214063
 -0.0000037461
 -0.0000044505
 -0.0000025192
  0.0000008000
 -0.0000017504
 -0.0000172523
 -0.0000032996
 -0.0000016470
 -0.0000001316
  0.0000009001
 -0.0000000748
  0.0000007533
  0.0000000036
 -0.0000008744
 -0.0000006916
  0.0000010033
 -0.0000002682
  0.0000005965
  0.0000009313
  0.0000002351
 -0.0000006714
  0.0000007580
 -0.0000003043
  0.0000003081
 -0.0000001179
  0.0000003432
  0.0000005715
  0.0000006358
  0.0000007350
  0.0000005778
 -0.0000002820
  0.0000000838
  0.0000001321
  0.0000001385
 -0.0000000281
  0.0000003949
 -0.0000009919
 -0.0000000184
 -0.0000002372
  0.0000007671
 -0.0000000956
 -0.0000000682
  0.0000004193
 -0.0000001981
  0.0000006355
  0.0000003680
 -0.0000001780
  0.0000006646
 -0.0000002408
  0.0000011316
 -0.0000023258
 -0.0000039626
 -0.0000000121
  0.0000002058
 -0.0000026911
 -0.0000005944
  0.0000001897
  0.0000008458
  0.0000005169
 -0.0000001136
  0.0000003485
  0.0000001189
  0.0000006879
 -0.0000001364
  0.0000006967
 -0.0000041860
 -0.0000007857
 -0.0000008640
  0.0000001594
  0.0000004326
 -0.0000007356
  0.0000012702
 -0.0000012960
  0.0000006761
  0.0000019834
  0.0000000519
 -0.0000004686
  0.0000007995
  0.0000037839
 -0.0000005485
  0.0000155048
  0.0000061537
  0.0000137834
 -0.0000033470
 -0.0000012591
  0.0000045989
 -0.0000031022
 -0.0000035590
  0.0000014209
 -0.0000069767
  0.0000036743
 -0.0000032305
  0.0000010553
  0.0000061944
  0.0000381958
  0.0000026283
  0.0000008620
 -0.0000033021
 -0.0000050139
  0.0000006542
 -0.0000018074
 -0.0000086473
  0.0000014087
 -0.0000031981
 -0.0000074623
 -0.0000304889
 -0.0000000682
 -0.0000001251
 -0.0000000020
  0.0000129103
 -0.0000019739
  0.0000003452
 -0.0000213963
  0.0000001587
  0.0000003455
  0.0000008001
 -0.0000031586
 -0.0000015615
 -0.0000037434
  0.0000036978
 -0.0000006687
  0.0000090949
 -0.0000033065
 -0.0000283856
 -0.0000018073
 -0.0000064078
 -0.0000069711
  0.0000000062
 -0.0000008225
 -0.0000018425
  0.0000007274
 -0.0000052288
  0.0000005629
 -0.0000003679
 -0.0000003374
 -0.0000001910
  0.0000004339
 -0.0000004913
 -0.0000005360
 -0.0000003554
  0.0000007236
 -0.0000008090
 -0.0000006309
 -0.0000003532
 -0.0000000085
 -0.0000006040
  0.0000000287
 -0.0000005896
  0.0000000515
 -0.0000001018
 -0.0000005308
  0.0000002281
 -0.0000000712
 -0.0000000389
  0.0000000610
 -0.0000008411
  0.0000002163
 -0.0000000691
 -0.0000003501
 -0.0000003228
 -0.0000001061
 -0.0000002358
 -0.0000015636
  0.0000002023
 -0.0000002683
 -0.0000015960
  0.0000008477
  0.0000001582
  0.0000004847
 -0.0000027748
 -0.0000047019
 -0.0000008143
 -0.0000003568
 -0.0000028365
 -0.0000009768
 -0.0000001737
  0.0000004707
  0.0000002723
  0.0000001241
  0.0000001839
 -0.0000000505
  0.0000010899
 -0.0000010863
 -0.0000001539
 -0.0000044220
 -0.0000007865
 -0.0000005573
  0.0000000360
 -0.0000004947
 -0.0000011624
 -0.0000005778
 -0.0000001022
 -0.0000015238
  0.0000004485
  0.0000000043
  0.0000007037
  0.0000004693
  0.0000023071
  0.0000000500
 -0.0000021137
  0.0000007437
 -0.0000005743
 -0.0000017923
  0.0000014490
  0.0000001451
  0.0000045086
 -0.0000001057
  0.0000002318
  0.0000099852
  0.0000157846
  0.0000216226
 -0.0000052949
  0.0000016342
  0.0000040148
 -0.0000031133
 -0.0000059906
 -0.0000101002
  0.0000056394
  0.0000049318
 -0.0000061098
  0.0000123872
  0.0000215145
  0.0000182462
  0.0000060514
  0.0000027427
  0.0000373703
 -0.0000054320
 -0.0000022087
 -0.0000046711
 -0.0000089309
 -0.0000046045
 -0.0000088017
 -0.0000238213
 -0.0000029027
 -0.0000006304
 -0.0000028465
  0.0000277383
 -0.0000032301
 -0.0000013522
 -0.0000313973
 -0.0000006658
 -0.0000002032
  0.0000004928
 -0.0000030165
  0.0000010525
 -0.0000025918
  0.0000056865
 -0.0000008333
  0.0000148929
 -0.0000101254
 -0.0000261945
 -0.0000029267
 -0.0000001679
 -0.0000074663
 -0.0000003172
 -0.0000026987
 -0.0000059396
 -0.0000046126
 -0.0000020108
 -0.0000009412
 -0.0000018420
 -0.0000012962
 -0.0000012501
 -0.0000011338
 -0.0000023109
 -0.0000010362
 -0.0000005858
 -0.0000010264
 -0.0000008820
 -0.0000014310
 -0.0000010082
 -0.0000008449
 -0.0000017988
 -0.0000011522
 -0.0000009081
 -0.0000009334
 -0.0000007944
 -0.0000008978
 -0.0000009852
 -0.0000003016
  0.0000002315
 -0.0000002189
 -0.0000001228
 -0.0000005577
 -0.0000004268
  0.0000007431
  0.0000001601
 -0.0000000132
 -0.0000012978
 -0.0000021271
 -0.0000001359
  0.0000002408
 -0.0000021788
 -0.0000000481
 -0.0000001951
  0.0000009056
  0.0000000053
 -0.0000002147
 -0.0000015175
 -0.0000000941
  0.0000006838
 -0.0000004315
  0.0000004411
 -0.0000035482
 -0.0000014123
 -0.0000011137
 -0.0000008050
 -0.0000010079
 -0.0000009661
 -0.0000010316
  0.0000010385
 -0.0000012810
 -0.0000015452
  0.0000031404
  0.0000000319
  0.0000003751
 -0.0000004845
  0.0000040302
 -0.0000036998
 -0.0000033148
 -0.0000066038
  0.0000016559
  0.0000014706
 -0.0000017158
  0.0000025421
 -0.0000041749
 -0.0000029026
  0.0000033284
  0.0000091560
 -0.0000005459
  0.0000038172
  0.0000032715
  0.0000038039
  0.0000037690
 -0.0000000042
  0.0000031697
 -0.0000010191
  0.0000060752
 -0.0000031754
  0.0000263381
 -0.0000103182
  0.0000168931
  0.0000087948
  0.0000050029
  0.0000122466
  0.0000045418
 -0.0000009565
 -0.0000016989
 -0.0000011093
 -0.0000024406
 -0.0000024077
 -0.0000037381
 -0.0000005917
 -0.0000507819
 -0.0000009353
 -0.0000079436
 -0.0000001494
  0.0000097655
  0.0000010022
 -0.0000104815
  0.0000016984
  0.0000002493
 -0.0000002423
 -0.0000110258
 -0.0000004695
 -0.0000002606
  0.0000000690
  0.0000004959
  0.0000002831
  0.0000010010
  0.0000003666
 -0.0000001967
  0.0000011693
 -0.0000006236
  0.0000008084
 -0.0000005399
 -0.0000009029
  0.0000000316
  0.0000018825
 -0.0000001616
 -0.0000034386
 -0.0000011301
  0.0000004473
 -0.0000008531
  0.0000001105
 -0.0000001598
  0.0000015905
  0.0000012937
  0.0000000153
 -0.0000024765
 -0.0000000240
  0.0000001437
  0.0000009944
 -0.0000012406
 -0.0000005069
  0.0000009720
 -0.0000022331
 -0.0000010517
  0.0000000958
 -0.0000002225
 -0.0000000568
  0.0000000505
  0.0000006914
 -0.0000023219
 -0.0000005389
  0.0000066692
 -0.0000003287
 -0.0000006143
 -0.0000018561
 -0.0000008972
  0.0000021297
 -0.0000005869
  0.0000026531
  0.0000025987
 -0.0000005845
  0.0000017866
 -0.0000150777
 -0.0000010862
 -0.0000000029
  0.0000021995
  0.0000002120
  0.0000055967
  0.0000001949
 -0.0000007751
 -0.0000060787
  0.0000083871
  0.0000004349
  0.0000046731
  0.0000053920
  0.0000005048
  0.0000038010
  0.0000042373
  0.0000010368
 -0.0000016779
 -0.0000006130
  0.0000060705
 -0.0000004629
 -0.0000013402
 -0.0000015551
  0.0000021689
  0.0000015725
  0.0000080058
 -0.0000002329
 -0.0000426015
 -0.0000025238
 -0.0000164287
  0.0000018473
 -0.0000019059
  0.0000160531
  0.0000009625
  0.0000002753
 -0.0000038673
 -0.0000006612
 -0.0000017931
  0.0000047796
  0.0000012330
 -0.0000012204
 -0.0000060008
  0.0000011613
  0.0000018347
  0.0000007931
  0.0000001449
  0.0000000874
  0.0000005864
  0.0000001765
 -0.0000003001
  0.0000001568
 -0.0000000484
  0.0000000310
  0.0000003071
 -0.0000010858
 -0.0000012523
  0.0000011920
 -0.0000004988
 -0.0000002723
 -0.0000004522
 -0.0000010612
  0.0000000951
 -0.0000004956
  0.0000000604
  0.0000025142
  0.0000017616
  0.0000023705
  0.0000006375
  0.0000006465
 -0.0000022427
 -0.0000008477
 -0.0000034409
 -0.0000006287
 -0.0000003965
 -0.0000003918
 -0.0000016448
  0.0000037083
  0.0000036499
  0.0000006223
  0.0000036710
  0.0000014294
  0.0000010592
  0.0000037873
  0.0000009388
 -0.0000062170
 -0.0000039956
 -0.0000016603
 -0.0000056941
  0.0000119937
  0.0000039887
 -0.0000022479
 -0.0000033698
 -0.0000012049
  0.0000020852
 -0.0000006912
 -0.0000020451
 -0.0000000339
 -0.0000007910
 -0.0000007794
 -0.0000006114
 -0.0000022902
  0.0000000031
  0.0000007293
  0.0000154349
 -0.0000001946
 -0.0000373468
  0.0000007457
  0.0000002797
  0.0000004825
 -0.0000113492
 -0.0000006208
  0.0000010816
  0.0000069902
  0.0000003380
  0.0000044268
  0.0000070790
 -0.0000013821
  0.0000003875
 -0.0000038924
 -0.0000007751
  0.0000012042
 -0.0000001379
 -0.0000027585
  0.0000002553
  0.0000015636
 -0.0000000447
  0.0000005513
  0.0000004569
  0.0000003621
  0.0000001912
  0.0000009144
  0.0000003275
 -0.0000003566
  0.0000010992
 -0.0000013407
  0.0000006964
 -0.0000006178
 -0.0000012612
 -0.0000006940
  0.0000016840
 -0.0000003272
 -0.0000040389
 -0.0000011633
 -0.0000004577
  0.0000003095
 -0.0000011160
 -0.0000006224
 -0.0000008764
  0.0000011076
  0.0000009379
 -0.0000006138
 -0.0000028328
 -0.0000004637
 -0.0000002892
  0.0000004249
  0.0000008865
 -0.0000013735
 -0.0000009470
  0.0000008428
  0.0000004263
 -0.0000028717
 -0.0000019111
 -0.0000003939
 -0.0000002347
  0.0000017276
 -0.0000003580
  0.0000010075
 -0.0000014200
 -0.0000046693
  0.0000033213
 -0.0000018360
  0.0000004644
 -0.0000026191
  0.0000007489
  0.0000000428
  0.0000014734
  0.0000034937
 -0.0000005811
  0.0000003752
  0.0000009868
 -0.0000139581
  0.0000002107
  0.0000010763
  0.0000023617
 -0.0000011173
  0.0000065079
 -0.0000003905
  0.0000019767
 -0.0000058027
  0.0000061434
  0.0000004416
  0.0000101770
  0.0000064781
 -0.0000115289
  0.0000063658
  0.0000035784
  0.0000102594
 -0.0000013919
 -0.0000013947
 -0.0000012488
  0.0000049714
 -0.0000007560
 -0.0000013435
  0.0000014581
 -0.0000000852
  0.0000005368
  0.0000073073
 -0.0000022309
 -0.0000001053
 -0.0000451110
 -0.0000004390
 -0.0000138591
 -0.0000008710
  0.0000162464
 -0.0000004096
  0.0000003630
  0.0000052735
  0.0000005812
 -0.0000015000
  0.0000056356
  0.0000021409
  0.0000003755
 -0.0000055184
  0.0000009369
 -0.0000000394
  0.0000000953
 -0.0000002404
  0.0000005194
 -0.0000001077
  0.0000004756
  0.0000010115
  0.0000001970
  0.0000000433
  0.0000007426
 -0.0000009086
  0.0000000646
  0.0000000694
 -0.0000011447
 -0.0000000649
  0.0000009033
  0.0000001749
 -0.0000028943
 -0.0000007246
  0.0000008682
 -0.0000006698
 -0.0000009540
  0.0000012785
  0.0000001849
 -0.0000011314
 -0.0000027216
 -0.0000004368
 -0.0000002335
  0.0000006744
 -0.0000009662
 -0.0000007931
 -0.0000002140
 -0.0000018382
  0.0000000219
 -0.0000012389
  0.0000004003
  0.0000002456
 -0.0000011562
 -0.0000002706
  0.0000007289
 -0.0000025954
  0.0000006137
  0.0000047016
 -0.0000002703
 -0.0000006002
 -0.0000009981
 -0.0000005718
  0.0000034075
 -0.0000006942
  0.0000034067
  0.0000015617
 -0.0000001012
  0.0000009650
 -0.0000147292
  0.0000005995
  0.0000017457
  0.0000026096
 -0.0000001773
  0.0000066997
 -0.0000000087
  0.0000017821
 -0.0000045502
  0.0000060051
  0.0000008445
  0.0000103382
  0.0000061915
 -0.0000154335
  0.0000061727
  0.0000035202
  0.0000085325
 -0.0000015646
 -0.0000026650
 -0.0000002232
  0.0000066221
 -0.0000001293
 -0.0000006718
 -0.0000001952
  0.0000016038
  0.0000079290
  0.0000000344
 -0.0000424373
 -0.0000006141
 -0.0000163243
 -0.0000015196
  0.0000171089
  0.0000014779
  0.0000007149
 -0.0000030728
 -0.0000003376
 -0.0000016063
  0.0000055734
  0.0000022037
 -0.0000011184
 -0.0000059763
  0.0000015929
  0.0000018117
 -0.0000005233
  0.0000006232
 -0.0000002661
 -0.0000013669
 -0.0000005236
 -0.0000007516
  0.0000003407
 -0.0000022352
 -0.0000014659
 -0.0000004683
 -0.0000007290
 -0.0000000432
 -0.0000024518
 -0.0000010171
  0.0000005366
 -0.0000004941
 -0.0000005537
 -0.0000001618
 -0.0000012380
 -0.0000006876
 -0.0000006364
 -0.0000023741
 -0.0000005680
 -0.0000006052
  0.0000015168
 -0.0000021892
 -0.0000015289
 -0.0000014914
 -0.0000016877
 -0.0000009623
 -0.0000002920
  0.0000001866
  0.0000014931
  0.0000004612
  0.0000040176
  0.0000005651
 -0.0000008771
 -0.0000020216
  0.0000023865
 -0.0000031355
 -0.0000021101
 -0.0000015947
 -0.0000003862
 -0.0000023748
  0.0000023470
  0.0000006939
 -0.0000015365
  0.0000018826
  0.0000012501
 -0.0000011113
  0.0000012318
  0.0000047833
  0.0000021888
 -0.0000002671
 -0.0000001029
  0.0000005986
 -0.0000074760
  0.0000065111
  0.0000000376
  0.0000069006
 -0.0000030501
  0.0000137361
  0.0000039325
  0.0000049733
 -0.0000020045
 -0.0000014526
  0.0000050707
  0.0000006790
  0.0000019232
 -0.0000002508
 -0.0000001690
  0.0000003121
  0.0000021706
  0.0000002524
  0.0000003253
  0.0000088811
 -0.0000002989
 -0.0000463187
 -0.0000002091
 -0.0000144424
  0.0000006751
  0.0000007106
  0.0000011748
  0.0000057591
  0.0000050986
 -0.0000032543
  0.0000004232
 -0.0000018638
 -0.0000011074
 -0.0000054837
  0.0000015200
  0.0000011288
  0.0000008599
  0.0000011963
  0.0000007481
  0.0000009756
  0.0000007211
  0.0000009221
  0.0000010135
  0.0000008809
  0.0000007850
 -0.0000001230
  0.0000007660
  0.0000008507
 -0.0000004151
  0.0000008626
  0.0000003530
  0.0000001322
  0.0000009276
  0.0000006870
  0.0000009695
 -0.0000006718
 -0.0000003722
  0.0000012294
  0.0000004360
  0.0000001881
  0.0000012865
  0.0000003827
 -0.0000002912
 -0.0000014300
  0.0000005065
  0.0000008729
  0.0000006414
  0.0000011518
 -0.0000010826
 -0.0000004262
 -0.0000003624
  0.0000010615
 -0.0000003554
  0.0000008745
 -0.0000001419
  0.0000011475
  0.0000010474
 -0.0000013334
 -0.0000001332
  0.0000004973
 -0.0000028231
 -0.0000009092
  0.0000093194
 -0.0000002816
 -0.0000005101
 -0.0000014342
 -0.0000009214
  0.0000030131
 -0.0000004554
  0.0000028855
  0.0000012838
 -0.0000004273
  0.0000002502
  0.0000054980
 -0.0000052598
 -0.0000011698
  0.0000046373
  0.0000033476
  0.0000025493
  0.0000018504
  0.0000006161
 -0.0000074811
  0.0000064743
  0.0000005068
 -0.0000033615
  0.0000054181
 -0.0000089091
  0.0000097614
  0.0000011137
  0.0000042945
 -0.0000017201
  0.0000011394
 -0.0000021471
 -0.0000023504
  0.0000035918
  0.0000042196
  0.0000001561
  0.0000064862
 -0.0000029201
 -0.0000501139
 -0.0000132055
  0.0000086391
 -0.0000002658
  0.0000010425
 -0.0000017420
  0.0000051128
  0.0000018782
 -0.0000013422
 -0.0000059820
  0.0000000249
  0.0000004553
  0.0000001185
  0.0000007863
  0.0000008061
  0.0000001038
  0.0000007393
  0.0000003899
  0.0000003931
  0.0000004169
  0.0000002862
  0.0000012600
  0.0000004913
  0.0000001936
  0.0000011515
  0.0000002646
  0.0000004452
  0.0000014566
 -0.0000005633
  0.0000011024
  0.0000013743
  0.0000010810
 -0.0000010084
  0.0000001930
 -0.0000001748
  0.0000020144
  0.0000004317
 -0.0000005867
  0.0000007244
  0.0000023049
  0.0000005975
 -0.0000007894
 -0.0000018815
  0.0000000068
  0.0000002225
  0.0000004838
  0.0000008843
 -0.0000004766
  0.0000001158
  0.0000003677
  0.0000002713
 -0.0000001029
  0.0000000468
  0.0000018237
  0.0000014752
  0.0000004886
  0.0000007661
  0.0000025458
 -0.0000010061
 -0.0000029822
 -0.0000029779
 -0.0000024922
 -0.0000022424
 -0.0000009944
  0.0000007897
 -0.0000033790
 -0.0000008108
  0.0000022928
 -0.0000050545
  0.0000008634
  0.0000003203
 -0.0000048548
  0.0000094864
  0.0000051612
  0.0000022470
  0.0000016752
  0.0000018113
  0.0000013266
 -0.0000061627
 -0.0000157699
  0.0000043935
  0.0000013282
  0.0000051342
  0.0000036270
 -0.0000107473
  0.0000052967
  0.0000044565
  0.0000077503
  0.0000012322
  0.0000012549
 -0.0000037074
 -0.0000016669
  0.0000003737
  0.0000047007
  0.0000035155
 -0.0000011287
 -0.0000008149
  0.0000045235
 -0.0000067266
  0.0000011951
 -0.0000399068
 -0.0000009551
 -0.0000074809
 -0.0000015566
 -0.0000032662
  0.0000108314
 -0.0000024099
  0.0000045205
 -0.0000073554
 -0.0000021015
  0.0000010358
  0.0000068744
  0.0000012767
 -0.0000007510
 -0.0000040482
 -0.0000004577
  0.0000001618
  0.0000002319
  0.0000007916
  0.0000001297
  0.0000000015
  0.0000006050
 -0.0000000302
 -0.0000005074
  0.0000020400
  0.0000005613
 -0.0000025480
 -0.0000002012
  0.0000010817
  0.0000000354
  0.0000003282
  0.0000018803
  0.0000002108
 -0.0000020860
  0.0000005805
 -0.0000004248
 -0.0000000142
  0.0000012187
 -0.0000013924
 -0.0000003770
  0.0000008141
  0.0000007208
  0.0000003466
  0.0000039311
  0.0000018667
 -0.0000010460
 -0.0000024400
  0.0000005914
  0.0000022086
 -0.0000051453
 -0.0000012241
 -0.0000012648
 -0.0000030312
 -0.0000043804
  0.0000008784
  0.0000007214
  0.0000006632
  0.0000029389
 -0.0000059090
 -0.0000002432
  0.0000034416
  0.0000040141
  0.0000015939
  0.0000045741
  0.0000014087
 -0.0000048039
 -0.0000022273
  0.0000103965
  0.0000013824
  0.0000031261
 -0.0000032991
 -0.0000005378
  0.0000039059
  0.0000053148
  0.0000035752
 -0.0000022567
 -0.0000013896
  0.0000005022
 -0.0000022945
 -0.0000004451
 -0.0000072268
  0.0000007817
  0.0000025538
 -0.0000006714
  0.0000081575
 -0.0000018027
 -0.0000486954
 -0.0000151419
 -0.0000012168
 -0.0000001134
  0.0000042615
  0.0000034123
 -0.0000058850
 -0.0000002136
 -0.0000035470
 -0.0000012737
 -0.0000061651
  0.0000006979
  0.0000004746
  0.0000001484
  0.0000005881
  0.0000000697
  0.0000001478
  0.0000003168
  0.0000005088
  0.0000004527
  0.0000002792
 -0.0000001855
  0.0000002946
 -0.0000000461
  0.0000002242
  0.0000000625
  0.0000010701
 -0.0000001952
  0.0000000122
  0.0000002064
 -0.0000003430
 -0.0000002931
 -0.0000002745
  0.0000003259
  0.0000008301
  0.0000005157
  0.0000003762
 -0.0000015514
 -0.0000005955
 -0.0000000169
  0.0000005076
  0.0000000027
  0.0000001170
  0.0000006221
  0.0000008254
 -0.0000001351
  0.0000001001
 -0.0000015065
  0.0000007616
  0.0000009394
  0.0000000686
  0.0000005907
 -0.0000015670
 -0.0000006974
 -0.0000004528
 -0.0000010286
 -0.0000006765
  0.0000008609
  0.0000008059
  0.0000012052
  0.0000037796
  0.0000030354
 -0.0000000046
 -0.0000029133
 -0.0000049404
 -0.0000013732
 -0.0000016001
 -0.0000034125
  0.0000015985
 -0.0000015704
  0.0000000507
  0.0000027504
 -0.0000038023
  0.0000007322
 -0.0000001041
  0.0000003642
 -0.0000054313
 -0.0000007999
  0.0000043360
  0.0000024028
  0.0000023917
  0.0000015136
  0.0000013230
 -0.0000014796
  0.0000060635
  0.0000000917
  0.0000029120
  0.0000034247
 -0.0000051633
  0.0000116518
  0.0000005843
  0.0000113197
  0.0000002704
 -0.0000000969
 -0.0000026631
 -0.0000002735
 -0.0000014981
 -0.0000005334
  0.0000021704
  0.0000038302
 -0.0000007730
 -0.0000003601
  0.0000010273
  0.0000128389
 -0.0000005550
  0.0000000029
  0.0000003969
  0.0000060828
  0.0000038294
  0.0000047564
 -0.0000005305
 -0.0000026219
  0.0000016823
  0.0000014736
 -0.0000005319
 -0.0000003525
  0.0000000181
  0.0000005001
  0.0000000416
  0.0000002007
 -0.0000003909
  0.0000000583
  0.0000000696
 -0.0000003023
 -0.0000000905
  0.0000000261
  0.0000002032
  0.0000002197
 -0.0000000161
  0.0000002267
  0.0000002872
  0.0000007040
 -0.0000000304
  0.0000000670
 -0.0000004490
 -0.0000004956
  0.0000006441
  0.0000006432
 -0.0000000269
 -0.0000009055
 -0.0000018724
  0.0000003618
  0.0000006683
 -0.0000014990
  0.0000002025
  0.0000005703
 -0.0000000682
  0.0000001195
 -0.0000001283
 -0.0000005538
  0.0000007108
  0.0000008360
 -0.0000000302
  0.0000009841
 -0.0000028364
 -0.0000001603
 -0.0000005131
  0.0000004921
 -0.0000012503
  0.0000001029
 -0.0000000283
  0.0000013362
 -0.0000006885
  0.0000021242
  0.0000019418
  0.0000030947
 -0.0000002540
 -0.0000026571
 -0.0000034160
 -0.0000016342
 -0.0000014588
 -0.0000027386
 -0.0000003166
 -0.0000026247
 -0.0000001124
  0.0000013256
 -0.0000041115
  0.0000026905
  0.0000004903
  0.0000051708
  0.0000162310
  0.0000008307
  0.0000069403
  0.0000030024
  0.0000018461
  0.0000016635
  0.0000045156
  0.0000013011
  0.0000022458
 -0.0000013546
  0.0000033471
 -0.0000068934
 -0.0000046961
  0.0000079826
  0.0000069882
  0.0000195050
  0.0000023747
 -0.0000007622
 -0.0000017744
 -0.0000022048
  0.0000017615
  0.0000044832
 -0.0000014337
  0.0000197533
 -0.0000488349
 -0.0000010349
  0.0000018461
  0.0000101180
  0.0000056413
  0.0000053950
 -0.0000064608
  0.0000015350
 -0.0000012113
  0.0000003448
 -0.0000013672
  0.0000004536
  0.0000001569
 -0.0000006353
 -0.0000013344
 -0.0000013422
 -0.0000000685
 -0.0000028948
 -0.0000009409
 -0.0000005560
 -0.0000003657
  0.0000007292
 -0.0000005141
 -0.0000029142
 -0.0000014685
 -0.0000009266
  0.0000003696
 -0.0000018730
 -0.0000009431
  0.0000000550
  0.0000024895
  0.0000029836
  0.0000028102
  0.0000007856
 -0.0000025494
 -0.0000036304
  0.0000005990
 -0.0000012247
 -0.0000005371
 -0.0000004433
 -0.0000005087
  0.0000008095
  0.0000025632
  0.0000034345
  0.0000007149
  0.0000005337
  0.0000014887
 -0.0000076022
  0.0000012137
  0.0000041944
  0.0000018393
  0.0000009461
  0.0000007059
 -0.0000048138
 -0.0000069275
  0.0000080068
  0.0000001051
  0.0000074164
 -0.0000032284
  0.0000180375
  0.0000046028
  0.0000023877
 -0.0000005349
 -0.0000018875
  0.0000030087
 -0.0000000817
  0.0000009906
  0.0000002696
 -0.0000009022
 -0.0000005554
  0.0000008966
  0.0000014514
  0.0000110315
 -0.0000001301
 -0.0000416184
  0.0000003108
 -0.0000086677
  0.0000004204
  0.0000007007
  0.0000038705
  0.0000064830
 -0.0000023664
  0.0000002714
 -0.0000038364
 -0.0000001969
 -0.0000032105
  0.0000011186
  0.0000028112
  0.0000001063
  0.0000009849
 -0.0000001004
  0.0000002383
  0.0000001445
  0.0000006680
  0.0000001351
 -0.0000000060
  0.0000003683
 -0.0000001727
  0.0000005200
 -0.0000002164
 -0.0000002174
  0.0000004560
  0.0000011035
 -0.0000000197
 -0.0000018164
  0.0000016138
 -0.0000005930
 -0.0000011265
  0.0000008429
 -0.0000021491
 -0.0000013901
 -0.0000016148
  0.0000010433
 -0.0000000656
 -0.0000005175
  0.0000013571
  0.0000002339
  0.0000028261
  0.0000029466
  0.0000032640
  0.0000010597
 -0.0000011310
 -0.0000037263
  0.0000011561
 -0.0000047770
 -0.0000004542
 -0.0000001690
  0.0000015563
 -0.0000036818
  0.0000027654
  0.0000039486
  0.0000025290
  0.0000041115
 -0.0000050801
  0.0000045492
  0.0000019705
  0.0000046410
 -0.0000109448
 -0.0000011508
 -0.0000007612
  0.0000037150
  0.0000084059
  0.0000020002
 -0.0000004235
 -0.0000021212
  0.0000019294
 -0.0000000921
 -0.0000019229
 -0.0000018412
 -0.0000007278
 -0.0000006165
 -0.0000003496
 -0.0000018745
  0.0000003391
  0.0000012603
  0.0000146212
 -0.0000001068
 -0.0000009686
 -0.0000376988
  0.0000005550
 -0.0000001163
  0.0000004101
 -0.0000111371
 -0.0000006886
  0.0000006024
  0.0000066881
  0.0000000514
  0.0000040614
  0.0000080695
 -0.0000016706
 -0.0000000737
 -0.0000039225
 -0.0000002259
  0.0000014149
 -0.0000000686
 -0.0000026619
  0.0000011329
  0.0000021240
  0.0000004597
  0.0000001253
  0.0000002797
 -0.0000000050
 -0.0000009635
 -0.0000003745
 -0.0000003626
 -0.0000008896
 -0.0000004134
  0.0000000256
 -0.0000002521
 -0.0000009441
 -0.0000004299
  0.0000020020
  0.0000011087
  0.0000019780
  0.0000001249
  0.0000004006
 -0.0000021127
 -0.0000010420
 -0.0000031824
 -0.0000007593
 -0.0000007159
 -0.0000005529
 -0.0000020193
  0.0000028091
  0.0000032130
  0.0000003329
  0.0000058940
 -0.0000035827
 -0.0000083915
 -0.0000028980
  0.0000035488
  0.0000023792
 -0.0000066203
  0.0000105078
  0.0000019415
 -0.0000004112
  0.0000005045
 -0.0000016210
  0.0000014361
 -0.0000008009
 -0.0000021518
 -0.0000001951
 -0.0000001085
 -0.0000011211
 -0.0000007659
 -0.0000022038
 -0.0000001490
  0.0000005039
  0.0000151955
 -0.0000002866
 -0.0000381157
 -0.0000001200
 -0.0000114423
 -0.0000008860
  0.0000007330
  0.0000059699
  0.0000005924
  0.0000043548
  0.0000070383
 -0.0000023632
  0.0000008216
 -0.0000043433
 -0.0000000966
  0.0000006259
  0.0000000895
 -0.0000027914
  0.0000009130
  0.0000014676
 -0.0000002947
 -0.0000002357
  0.0000006166
  0.0000005842
  0.0000001482
 -0.0000003194
  0.0000004155
 -0.0000001714
  0.0000007133
  0.0000002202
  0.0000004023
  0.0000006083
  0.0000000962
  0.0000003873
  0.0000004252
 -0.0000008768
 -0.0000007187
 -0.0000001029
 -0.0000003190
  0.0000003904
  0.0000007995
  0.0000004611
 -0.0000009741
 -0.0000017677
  0.0000002021
  0.0000009261
 -0.0000004467
 -0.0000003073
  0.0000001962
  0.0000008963
  0.0000002630
 -0.0000003448
 -0.0000019206
  0.0000005916
  0.0000004458
 -0.0000002022
  0.0000004172
 -0.0000017015
 -0.0000008820
 -0.0000001473
 -0.0000006669
  0.0000005782
 -0.0000005392
  0.0000006937
 -0.0000000883
  0.0000006134
  0.0000041189
  0.0000026461
 -0.0000005561
 -0.0000029786
 -0.0000047371
 -0.0000014474
 -0.0000016344
 -0.0000008277
  0.0000021767
 -0.0000019560
  0.0000000272
  0.0000033377
 -0.0000034934
  0.0000019329
 -0.0000004434
 -0.0000006819
  0.0000057263
  0.0000029760
  0.0000064164
  0.0000031136
  0.0000041387
  0.0000009109
  0.0000010375
  0.0000006754
  0.0000024783
 -0.0000018894
  0.0000027826
  0.0000023657
 -0.0000050559
  0.0000105276
  0.0000022806
  0.0000132609
  0.0000003357
 -0.0000001191
 -0.0000015076
 -0.0000031047
 -0.0000005029
  0.0000003993
  0.0000030866
 -0.0000006850
 -0.0000005748
 -0.0000009341
  0.0000181443
 -0.0000005354
 -0.0000010185
 -0.0000001452
  0.0000053089
  0.0000066749
  0.0000045537
 -0.0000049620
 -0.0000025173
  0.0000002883
  0.0000000530
 -0.0000003790
 -0.0000047541
  0.0000005419
  0.0000006875
  0.0000006274
  0.0000014838
 -0.0000017872
 -0.0000013983
  0.0000002804
  0.0000005981
  0.0000008731
  0.0000000752
 -0.0000000673
  0.0000011774
  0.0000000510
  0.0000011647
 -0.0000015396
  0.0000000848
  0.0000016271
  0.0000006325
  0.0000011363
  0.0000010780
  0.0000010666
  0.0000005387
  0.0000009344
 -0.0000014452
  0.0000008820
  0.0000009583
 -0.0000001989
  0.0000010812
  0.0000000146
 -0.0000000477
 -0.0000017401
  0.0000001146
 -0.0000005882
  0.0000003295
  0.0000013459
  0.0000010080
  0.0000003457
  0.0000000366
  0.0000007732
 -0.0000022133
 -0.0000006899
  0.0000062733
 -0.0000003989
 -0.0000007288
 -0.0000018427
 -0.0000014720
  0.0000017324
 -0.0000006799
  0.0000020369
  0.0000025479
 -0.0000007073
  0.0000018516
 -0.0000053809
 -0.0000036314
  0.0000055282
  0.0000043925
  0.0000036556
  0.0000049827
  0.0000020015
 -0.0000050017
 -0.0000008796
  0.0000109181
  0.0000016949
  0.0000036221
 -0.0000045884
 -0.0000040749
  0.0000049144
  0.0000035499
 -0.0000002065
 -0.0000017072
  0.0000004426
  0.0000040485
 -0.0000004542
 -0.0000015222
  0.0000029129
  0.0000012379
  0.0000020799
  0.0000097769
  0.0000007216
  0.0000040418
 -0.0000449841
 -0.0000010055
 -0.0000161359
 -0.0000003563
 -0.0000019085
 -0.0000000114
  0.0000017111
  0.0000006292
 -0.0000068698
 -0.0000007686
 -0.0000018785
  0.0000149213
  0.0000056650
 -0.0000008007
 -0.0000058498
  0.0000010993
  0.0000024154
  0.0000006040
  0.0000005310
  0.0000008769
 -0.0000000555
 -0.0000008160
  0.0000001481
 -0.0000003525
 -0.0000010031
  0.0000000512
 -0.0000003377
 -0.0000001094
 -0.0000002581
 -0.0000021947
 -0.0000011401
  0.0000006476
 -0.0000010292
 -0.0000005680
  0.0000013950
 -0.0000007788
 -0.0000016081
  0.0000003053
  0.0000002462
 -0.0000015391
 -0.0000003672
 -0.0000012348
  0.0000009811
 -0.0000012889
  0.0000006401
 -0.0000008762
  0.0000007970
 -0.0000001417
  0.0000018583
  0.0000038776
  0.0000027367
  0.0000002769
 -0.0000013190
  0.0000001618
  0.0000036956
 -0.0000035693
 -0.0000005053
 -0.0000004180
 -0.0000015444
 -0.0000026809
  0.0000015786
  0.0000022105
 -0.0000003441
 -0.0000002385
 -0.0000161797
 -0.0000000976
  0.0000018597
  0.0000019517
  0.0000004814
  0.0000062349
 -0.0000003259
  0.0000005565
 -0.0000036401
  0.0000048939
  0.0000003885
  0.0000093423
  0.0000052449
 -0.0000083269
  0.0000047533
  0.0000028946
  0.0000048508
 -0.0000013398
  0.0000018194
  0.0000034199
 -0.0000012613
  0.0000002781
 -0.0000011778
  0.0000011602
  0.0000103746
  0.0000006360
 -0.0000458072
 -0.0000155051
  0.0000012640
  0.0000009766
  0.0000164816
  0.0000062716
  0.0000055922
 -0.0000046789
 -0.0000023748
  0.0000049645
  0.0000013357
 -0.0000005503
 -0.0000057157
  0.0000008017
  0.0000017186
  0.0000002441
 -0.0000000884
 -0.0000004552
 -0.0000003360
  0.0000002289
  0.0000002925
 -0.0000003935
 -0.0000013316
 -0.0000017675
 -0.0000035705
 -0.0000029887
  0.0000030155
 -0.0000014406
 -0.0000021968
 -0.0000009987
 -0.0000021590
 -0.0000015036
 -0.0000025613
  0.0000017114
  0.0000068756
  0.0000050470
 -0.0000006629
  0.0000068098
 -0.0000161482
  0.0000053936
  0.0000064096
 -0.0000045782
  0.0000001354
  0.0000040372
  0.0000028088
  0.0000003892
  0.0000035706
  0.0000055320
 -0.0000002439
 -0.0000039849
  0.0000050028
  0.0000004894
 -0.0000006980
 -0.0000016998
 -0.0000058992
  0.0000072800
 -0.0000020036
  0.0000072588
  0.0000005841
  0.0000004340
 -0.0000041419
 -0.0000032710
  0.0000042593
 -0.0000020606
  0.0000017146
  0.0000012489
 -0.0000008904
 -0.0000018775
  0.0000020052
 -0.0000050120
  0.0000000949
  0.0000005428
  0.0000258888
 -0.0000016701
 -0.0000011561
 -0.0000471304
 -0.0000000493
  0.0000002404
  0.0000000170
 -0.0000106540
  0.0000020047
  0.0000000688
  0.0000080964
  0.0000004059
  0.0000018023
  0.0000025065
 -0.0000060041
  0.0000001956
 -0.0000016103
 -0.0000031165
  0.0000035749
  0.0000000416
 -0.0000008129
  0.0000003074
  0.0000003006
  0.0000001240
  0.0000003047
  0.0000004393
 -0.0000000648
  0.0000005692
  0.0000001036
  0.0000003589
  0.0000002384
  0.0000005007
  0.0000005515
  0.0000000404
  0.0000000393
  0.0000007934
 -0.0000004764
  0.0000007307
  0.0000003054
 -0.0000000059
  0.0000007968
  0.0000008665
  0.0000008855
 -0.0000005985
 -0.0000008836
  0.0000006793
  0.0000012824
  0.0000001238
  0.0000000191
  0.0000003256
  0.0000012994
  0.0000005307
 -0.0000005025
 -0.0000014150
  0.0000003015
  0.0000006943
  0.0000003818
  0.0000011035
 -0.0000012079
 -0.0000004412
 -0.0000004669
  0.0000007635
 -0.0000003063
  0.0000003709
 -0.0000000873
  0.0000010988
  0.0000005770
  0.0000011345
 -0.0000010893
  0.0000004163
 -0.0000019724
 -0.0000046194
 -0.0000026212
 -0.0000025564
 -0.0000004650
 -0.0000030496
 -0.0000007593
 -0.0000005781
  0.0000005441
  0.0000026289
 -0.0000008329
  0.0000001551
 -0.0000000893
  0.0000005961
 -0.0000051422
  0.0000004895
  0.0000049922
  0.0000034799
  0.0000025817
  0.0000015556
  0.0000018309
 -0.0000027451
  0.0000048799
 -0.0000006473
  0.0000023093
  0.0000031803
 -0.0000066816
  0.0000116938
  0.0000016011
  0.0000106596
 -0.0000020486
 -0.0000000658
 -0.0000025961
  0.0000020610
  0.0000029182
 -0.0000007003
  0.0000051904
 -0.0000057680
 -0.0000002420
 -0.0000078790
 -0.0000008151
 -0.0000019467
  0.0000049433
 -0.0000006834
  0.0000064338
 -0.0000011626
 -0.0000021871
  0.0000017906
  0.0000010166
 -0.0000007166
 -0.0000050404
  0.0000003872
  0.0000002104
 -0.0000000523
  0.0000002754
  0.0000001786
 -0.0000000969
 -0.0000009840
 -0.0000025793
 -0.0000002197
 -0.0000010653
  0.0000000761
 -0.0000004818
  0.0000015424
  0.0000039664
  0.0000019636
 -0.0000010518
  0.0000015962
 -0.0000084896
  0.0000018915
 -0.0000015503
 -0.0000039410
 -0.0000036981
  0.0000020939
 -0.0000008692
 -0.0000012619
  0.0000026514
  0.0000029582
  0.0000028135
 -0.0000008964
  0.0000012714
  0.0000022203
 -0.0000073514
 -0.0000042027
  0.0000082117
  0.0000109142
  0.0000032515
  0.0000004581
 -0.0000038890
 -0.0000025553
  0.0000024856
 -0.0000014043
 -0.0000007418
  0.0000014635
 -0.0000001141
 -0.0000015051
 -0.0000004443
 -0.0000025720
  0.0000002560
  0.0000008698
  0.0000204616
  0.0000002250
 -0.0000370237
  0.0000004337
 -0.0000093598
  0.0000004885
 -0.0000001677
  0.0000047596
  0.0000005904
  0.0000034151
  0.0000038960
 -0.0000019516
  0.0000008472
 -0.0000032032
 -0.0000016159
  0.0000010594
  0.0000004281
 -0.0000027601
  0.0000007116
  0.0000015144
  0.0000009435
  0.0000007643
  0.0000007051
  0.0000005372
  0.0000001315
  0.0000006778
  0.0000012439
 -0.0000000273
  0.0000001484
  0.0000004918
  0.0000002519
 -0.0000001913
  0.0000000504
  0.0000006915
  0.0000012882
  0.0000006552
  0.0000000349
 -0.0000010605
 -0.0000010708
 -0.0000000183
  0.0000008200
 -0.0000004850
  0.0000004766
  0.0000011517
  0.0000015195
  0.0000000603
  0.0000001796
 -0.0000008666
  0.0000010424
  0.0000014148
  0.0000001467
  0.0000006229
 -0.0000020047
  0.0000001212
 -0.0000005680
 -0.0000005584
  0.0000007782
 -0.0000002341
  0.0000014294
  0.0000004127
  0.0000027631
 -0.0000000085
  0.0000017282
 -0.0000010430
 -0.0000032370
 -0.0000028347
 -0.0000022939
  0.0000001057
 -0.0000046797
  0.0000005247
 -0.0000009327
  0.0000017091
  0.0000025375
 -0.0000009087
  0.0000030372
 -0.0000009543
  0.0000042594
  0.0000041794
  0.0000015198
  0.0000031404
  0.0000013029
  0.0000033794
  0.0000004607
 -0.0000025462
 -0.0000121122
  0.0000042908
 -0.0000002481
  0.0000003408
  0.0000049522
 -0.0000119463
  0.0000072602
  0.0000013337
  0.0000063188
 -0.0000016590
  0.0000012221
 -0.0000022492
 -0.0000011149
 -0.0000011628
  0.0000033688
  0.0000028914
 -0.0000002587
 -0.0000011613
  0.0000054002
 -0.0000048567
 -0.0000424667
 -0.0000006402
 -0.0000072708
 -0.0000016499
 -0.0000015461
  0.0000097967
 -0.0000006197
  0.0000066255
 -0.0000017662
  0.0000058636
  0.0000010029
 -0.0000003544
 -0.0000029109
 -0.0000003458
 -0.0000001612
 -0.0000015594
 -0.0000004251
  0.0000010762
 -0.0000019431
 -0.0000007585
 -0.0000003780
 -0.0000000560
 -0.0000022362
 -0.0000007146
  0.0000008623
 -0.0000006176
 -0.0000000926
 -0.0000006395
 -0.0000000981
 -0.0000017488
 -0.0000000134
 -0.0000019165
 -0.0000008654
 -0.0000017494
 -0.0000012120
 -0.0000007328
  0.0000000977
  0.0000012583
  0.0000014231
  0.0000032300
  0.0000023888
 -0.0000002057
  0.0000018584
 -0.0000027864
  0.0000001369
 -0.0000009378
 -0.0000007019
 -0.0000008676
  0.0000008438
 -0.0000005646
  0.0000017626
  0.0000020388
  0.0000009732
  0.0000027674
  0.0000051644
  0.0000082239
  0.0000022049
  0.0000073062
  0.0000028787
  0.0000048890
  0.0000003365
 -0.0000048697
 -0.0000059284
  0.0000068471
  0.0000003740
 -0.0000083073
 -0.0000045267
  0.0000095431
  0.0000059787
 -0.0000019266
  0.0000025371
 -0.0000011115
  0.0000015620
 -0.0000018008
  0.0000001387
 -0.0000011325
  0.0000004688
  0.0000008400
  0.0000009210
  0.0000112322
 -0.0000007474
 -0.0000422532
  0.0000003889
  0.0000017277
 -0.0000093272
  0.0000007950
  0.0000005014
  0.0000134232
  0.0000004463
  0.0000038446
  0.0000033822
 -0.0000023374
  0.0000003699
 -0.0000034147
 -0.0000014217
 -0.0000006312
 -0.0000037299
  0.0000011642
  0.0000027346
  0.0000001864
 -0.0000001532
  0.0000001669
  0.0000006140
  0.0000004063
 -0.0000004526
 -0.0000001140
 -0.0000018565
  0.0000008632
 -0.0000013270
 -0.0000016159
 -0.0000017581
 -0.0000020942
 -0.0000006171
  0.0000002780
  0.0000048201
  0.0000022277
 -0.0000018778
  0.0000017621
 -0.0000078693
  0.0000026679
 -0.0000015749
 -0.0000002032
 -0.0000021576
  0.0000028313
 -0.0000005843
  0.0000006278
  0.0000027776
  0.0000037270
  0.0000002582
 -0.0000015346
  0.0000056564
  0.0000021249
  0.0000038063
 -0.0000072384
 -0.0000024341
  0.0000005142
  0.0000098776
  0.0000043549
  0.0000032702
 -0.0000043435
 -0.0000024039
  0.0000026083
 -0.0000009877
 -0.0000009625
  0.0000005033
 -0.0000000950
 -0.0000013957
  0.0000000014
 -0.0000028458
  0.0000006083
  0.0000012019
  0.0000199789
  0.0000008781
 -0.0000378813
  0.0000004520
  0.0000004585
  0.0000003292
 -0.0000096190
  0.0000002591
  0.0000003761
  0.0000075293
  0.0000006564
  0.0000041248
  0.0000044342
 -0.0000026583
  0.0000008790
 -0.0000033230
 -0.0000024725
  0.0000011838
  0.0000003421
 -0.0000029289
  0.0000010750
  0.0000020195
  0.0000009237
 -0.0000002756
  0.0000003674
 -0.0000000463
 -0.0000001857
  0.0000002353
 -0.0000001760
  0.0000006854
 -0.0000010021
 -0.0000011829
 -0.0000020604
  0.0000009075
 -0.0000002931
 -0.0000015651
 -0.0000024110
 -0.0000028579
  0.0000009862
  0.0000009034
 -0.0000007235
  0.0000007148
 -0.0000000346
  0.0000006217
  0.0000014733
 -0.0000008583
 -0.0000014838
 -0.0000002802
  0.0000003116
 -0.0000015678
  0.0000010279
  0.0000020938
  0.0000009423
 -0.0000004945
  0.0000017719
 -0.0000029903
  0.0000001567
 -0.0000017127
 -0.0000006632
 -0.0000006478
 -0.0000003081
 -0.0000001808
  0.0000025080
  0.0000021703
  0.0000007073
 -0.0000035966
 -0.0000049824
  0.0000056265
  0.0000018489
 -0.0000003833
 -0.0000056742
  0.0000055628
 -0.0000019266
  0.0000027988
  0.0000070534
  0.0000022016
 -0.0000008848
 -0.0000013748
  0.0000027757
 -0.0000010083
 -0.0000004337
 -0.0000012804
 -0.0000009125
 -0.0000012976
  0.0000000765
 -0.0000029404
 -0.0000004068
  0.0000002847
  0.0000182102
 -0.0000004697
 -0.0000004956
 -0.0000361994
  0.0000003849
  0.0000002363
  0.0000014311
 -0.0000096802
  0.0000010276
  0.0000008780
  0.0000075905
  0.0000002712
  0.0000050320
  0.0000059225
 -0.0000017279
  0.0000003192
 -0.0000043704
 -0.0000034320
  0.0000014013
 -0.0000001022
 -0.0000018974
  0.0000006431
  0.0000014263
  0.0000003999
 -0.0000000190
  0.0000001982
  0.0000002543
 -0.0000003197
 -0.0000001047
 -0.0000008668
  0.0000001165
 -0.0000007450
 -0.0000004706
  0.0000000501
 -0.0000003778
 -0.0000007898
  0.0000010645
 -0.0000002069
  0.0000001433
 -0.0000002772
 -0.0000006742
 -0.0000001211
  0.0000024142
  0.0000033954
  0.0000027005
  0.0000006913
 -0.0000027770
 -0.0000046264
  0.0000013245
 -0.0000057913
 -0.0000007245
 -0.0000004667
  0.0000008604
 -0.0000027662
  0.0000025028
  0.0000034412
  0.0000024199
  0.0000058119
 -0.0000032592
 -0.0000085934
 -0.0000027412
  0.0000029250
  0.0000026021
 -0.0000065917
  0.0000106601
  0.0000011469
 -0.0000005909
  0.0000004517
 -0.0000021360
  0.0000013150
 -0.0000002231
 -0.0000015336
 -0.0000014608
 -0.0000010591
 -0.0000015746
 -0.0000012006
 -0.0000017948
  0.0000002461
  0.0000012639
  0.0000124088
 -0.0000001701
 -0.0000399967
  0.0000001618
  0.0000003491
 -0.0000106143
 -0.0000011240
  0.0000005028
  0.0000083412
  0.0000000440
  0.0000036732
  0.0000077430
 -0.0000026547
  0.0000000530
 -0.0000040310
  0.0000013653
 -0.0000000382
 -0.0000001203
 -0.0000033041
  0.0000005908
  0.0000022025
  0.0000003100
 -0.0000000423
  0.0000004870
 -0.0000002900
  0.0000002195
  0.0000005589
 -0.0000003968
  0.0000008074
 -0.0000005628
 -0.0000012913
  0.0000006997
 -0.0000008285
  0.0000003521
 -0.0000000260
 -0.0000010274
 -0.0000002103
 -0.0000001715
 -0.0000000740
  0.0000002016
 -0.0000004857
  0.0000021922
  0.0000033654
  0.0000025486
  0.0000004926
 -0.0000031541
 -0.0000041788
  0.0000007256
 -0.0000049802
 -0.0000011039
 -0.0000008355
 -0.0000007609
 -0.0000017391
  0.0000020510
  0.0000031559
  0.0000021990
  0.0000027775
 -0.0000015186
  0.0000006083
  0.0000018600
  0.0000021469
 -0.0000069641
 -0.0000069711
  0.0000122311
  0.0000043846
  0.0000095001
  0.0000054491
 -0.0000014040
 -0.0000013725
 -0.0000022795
  0.0000012513
 -0.0000002390
 -0.0000015656
 -0.0000016994
 -0.0000004937
 -0.0000013103
 -0.0000008210
 -0.0000023179
  0.0000002413
  0.0000012262
  0.0000127736
 -0.0000001452
 -0.0000011267
 -0.0000392195
  0.0000005148
 -0.0000003409
  0.0000003852
 -0.0000107158
 -0.0000009398
  0.0000001868
  0.0000054296
 -0.0000000517
  0.0000036238
  0.0000077109
 -0.0000026836
 -0.0000000702
 -0.0000042067
 -0.0000003944
  0.0000005883
 -0.0000001376
 -0.0000032567
  0.0000012494
  0.0000022006
  0.0000005688
  0.0000006013
  0.0000008158
  0.0000001511
  0.0000008399
  0.0000008988
  0.0000001918
 -0.0000002690
  0.0000002898
  0.0000006025
  0.0000012192
  0.0000008735
  0.0000002415
 -0.0000009426
 -0.0000004969
  0.0000010406
 -0.0000003455
  0.0000004332
  0.0000015254
  0.0000003281
  0.0000003866
 -0.0000009820
  0.0000010584
  0.0000013019
  0.0000009869
 -0.0000017698
  0.0000000131
 -0.0000001680
  0.0000008262
 -0.0000004685
  0.0000009706
 -0.0000002000
  0.0000014422
  0.0000007142
 -0.0000019553
 -0.0000007756
  0.0000001960
 -0.0000030768
  0.0000004378
  0.0000041443
 -0.0000004322
 -0.0000011978
 -0.0000018006
 -0.0000009243
  0.0000030708
 -0.0000007276
  0.0000024750
 -0.0000000157
 -0.0000006345
 -0.0000009744
 -0.0000083970
  0.0000102933
  0.0000045482
  0.0000021885
  0.0000014886
  0.0000015135
  0.0000006861
 -0.0000059823
 -0.0000145677
  0.0000041938
  0.0000006064
  0.0000096453
  0.0000036113
 -0.0000057663
  0.0000055474
  0.0000022437
  0.0000055038
 -0.0000019465
 -0.0000002877
 -0.0000016053
  0.0000041393
 -0.0000017161
 -0.0000009861
  0.0000046685
 -0.0000011357
  0.0000065036
 -0.0000014098
 -0.0000444416
 -0.0000163637
 -0.0000019449
  0.0000128698
  0.0000005537
  0.0000001192
 -0.0000020362
  0.0000064919
  0.0000011147
 -0.0000015283
 -0.0000067369
  0.0000000906
  0.0000005028
  0.0000002303
  0.0000006107
  0.0000001573
 -0.0000000568
  0.0000000395
  0.0000001543
  0.0000004982
 -0.0000008552
 -0.0000011421
  0.0000008854
 -0.0000007907
 -0.0000029891
  0.0000009701
 -0.0000010025
  0.0000007187
  0.0000006862
 -0.0000009197
 -0.0000017750
 -0.0000005386
  0.0000009068
 -0.0000006929
  0.0000019795
  0.0000042147
  0.0000012657
 -0.0000005214
  0.0000029668
 -0.0000039518
  0.0000021936
 -0.0000006307
 -0.0000007729
 -0.0000018218
  0.0000020055
  0.0000007701
  0.0000037279
  0.0000024632
  0.0000029329
 -0.0000045506
  0.0000055821
  0.0000011102
  0.0000012467
 -0.0000042764
  0.0000055282
 -0.0000019763
  0.0000033596
  0.0000022174
  0.0000032647
 -0.0000004256
 -0.0000020723
  0.0000027455
 -0.0000000697
 -0.0000003764
  0.0000004298
 -0.0000001588
 -0.0000013352
  0.0000000965
 -0.0000027947
  0.0000000483
  0.0000006175
  0.0000189340
  0.0000008744
  0.0000002764
 -0.0000367068
  0.0000006389
  0.0000005537
  0.0000013599
 -0.0000094096
  0.0000010435
  0.0000004250
  0.0000077122
  0.0000007060
  0.0000059791
  0.0000065356
 -0.0000018271
  0.0000009321
 -0.0000042157
 -0.0000024935
  0.0000013896
 -0.0000004076
 -0.0000016960
  0.0000003764
  0.0000024711
 -0.0000005309
 -0.0000003806
 -0.0000005868
 -0.0000006483
 -0.0000000551
 -0.0000006658
  0.0000002265
 -0.0000031504
 -0.0000006586
 -0.0000004296
 -0.0000006702
  0.0000016898
 -0.0000008689
 -0.0000022097
 -0.0000008277
 -0.0000003856
 -0.0000009923
 -0.0000003003
 -0.0000019708
 -0.0000010082
  0.0000002617
  0.0000023481
  0.0000013354
  0.0000029548
  0.0000006670
 -0.0000007114
 -0.0000058399
 -0.0000016382
 -0.0000001250
 -0.0000010134
 -0.0000009560
 -0.0000002826
  0.0000004787
  0.0000020252
  0.0000031330
  0.0000001836
  0.0000020627
 -0.0000070129
  0.0000031424
  0.0000023720
  0.0000031708
 -0.0000002753
  0.0000039466
  0.0000006635
 -0.0000043535
 -0.0000036567
  0.0000094899
  0.0000009719
  0.0000017744
 -0.0000014132
 -0.0000001874
  0.0000029890
  0.0000045685
  0.0000019937
 -0.0000021481
 -0.0000012659
  0.0000010790
 -0.0000000925
 -0.0000009941
 -0.0000022848
  0.0000000378
  0.0000008606
  0.0000106381
 -0.0000007469
 -0.0000445793
 -0.0000103041
  0.0000002226
  0.0000003124
  0.0000033301
  0.0000040970
 -0.0000041163
  0.0000001251
 -0.0000040949
 -0.0000004123
 -0.0000043406
  0.0000006066
  0.0000022595
  0.0000007498
  0.0000004298
  0.0000006726
  0.0000006690
  0.0000000495
 -0.0000005247
 -0.0000006709
 -0.0000024664
 -0.0000012665
 -0.0000011836
 -0.0000015103
 -0.0000008962
  0.0000031314
  0.0000054936
  0.0000035642
  0.0000019190
  0.0000033431
 -0.0000108141
  0.0000034239
  0.0000004610
 -0.0000045764
 -0.0000037469
  0.0000035699
  0.0000005071
 -0.0000007212
  0.0000041185
  0.0000044539
  0.0000038790
 -0.0000046644
  0.0000054014
  0.0000013181
  0.0000040759
 -0.0000076087
 -0.0000024497
 -0.0000013523
  0.0000102309
  0.0000042428
 -0.0000016709
 -0.0000047151
 -0.0000023270
  0.0000036153
 -0.0000009742
  0.0000009810
  0.0000012432
 -0.0000000228
 -0.0000013143
  0.0000002714
 -0.0000027817
  0.0000005327
  0.0000011996
  0.0000247792
  0.0000005253
 -0.0000397217
  0.0000001665
  0.0000003397
  0.0000015658
 -0.0000088670
  0.0000019891
 -0.0000000091
  0.0000077083
  0.0000007213
  0.0000037753
  0.0000045823
 -0.0000033900
  0.0000009375
 -0.0000026049
 -0.0000030714
  0.0000015308
  0.0000005928
 -0.0000013373
  0.0000008127
  0.0000019839
  0.0000005995
  0.0000002903
  0.0000000199
  0.0000004894
  0.0000005051
 -0.0000009968
 -0.0000014724
 -0.0000004667
 -0.0000030438
  0.0000018154
 -0.0000015661
 -0.0000010090
 -0.0000011221
 -0.0000005490
  0.0000015854
 -0.0000010101
  0.0000020109
  0.0000052561
  0.0000029063
 -0.0000002975
  0.0000032478
 -0.0000099053
  0.0000027519
  0.0000002752
 -0.0000028749
 -0.0000034753
  0.0000035269
  0.0000003248
 -0.0000009137
  0.0000032994
  0.0000041812
 -0.0000033461
  0.0000070642
  0.0000021961
  0.0000000165
 -0.0000075302
  0.0000056042
 -0.0000025751
  0.0000041525
  0.0000056753
  0.0000036260
 -0.0000032699
 -0.0000025135
  0.0000046219
 -0.0000009343
  0.0000016552
  0.0000000805
 -0.0000002687
 -0.0000008189
  0.0000008228
 -0.0000026960
  0.0000004097
  0.0000009994
  0.0000252380
  0.0000004790
 -0.0000002853
 -0.0000400244
  0.0000000327
  0.0000001908
  0.0000018967
 -0.0000080505
  0.0000025062
  0.0000002084
  0.0000080226
  0.0000004752
  0.0000039270
  0.0000047656
 -0.0000033779
  0.0000006830
 -0.0000033471
 -0.0000040533
  0.0000022359
  0.0000000636
 -0.0000011291
  0.0000007433
  0.0000017900
  0.0000004561
  0.0000004782
  0.0000003425
 -0.0000000320
  0.0000011957
  0.0000002712
 -0.0000000434
  0.0000008142
  0.0000005156
  0.0000003706
  0.0000002199
  0.0000006340
  0.0000015175
  0.0000009238
  0.0000000134
 -0.0000010281
 -0.0000012143
 -0.0000002650
  0.0000009401
 -0.0000005318
 -0.0000002188
  0.0000013232
  0.0000018092
  0.0000002973
 -0.0000006431
 -0.0000005307
  0.0000005511
  0.0000010022
  0.0000006331
  0.0000009765
 -0.0000020211
  0.0000004844
 -0.0000005684
  0.0000005654
 -0.0000004893
 -0.0000001279
  0.0000015948
  0.0000003048
  0.0000012138
  0.0000034859
  0.0000033272
  0.0000005444
 -0.0000033172
 -0.0000054309
 -0.0000015218
 -0.0000017416
 -0.0000052048
  0.0000013924
 -0.0000010172
 -0.0000001390
  0.0000024688
 -0.0000041193
  0.0000004216
 -0.0000010129
  0.0000057296
 -0.0000010059
  0.0000007518
  0.0000037754
  0.0000015310
  0.0000030393
  0.0000004041
 -0.0000005525
 -0.0000068496
  0.0000047999
 -0.0000001613
 -0.0000038517
  0.0000044724
 -0.0000056809
  0.0000090685
  0.0000012328
  0.0000059081
  0.0000008446
  0.0000006349
 -0.0000055295
 -0.0000018155
 -0.0000000729
  0.0000021413
  0.0000025905
  0.0000000345
 -0.0000009493
  0.0000053695
 -0.0000114912
 -0.0000000367
 -0.0000003485
 -0.0000171035
 -0.0000011073
 -0.0000053389
  0.0000053320
  0.0000004825
  0.0000043620
 -0.0000003386
 -0.0000043205
 -0.0000017855
  0.0000033788
  0.0000012535
 -0.0000005233
  0.0000002773
  0.0000001058
 -0.0000002114
 -0.0000012651
 -0.0000017628
 -0.0000001685
 -0.0000010820
 -0.0000011443
 -0.0000001913
 -0.0000008548
  0.0000013925
  0.0000034359
  0.0000003221
 -0.0000012837
  0.0000018237
 -0.0000039260
  0.0000013990
 -0.0000017316
 -0.0000006819
 -0.0000017383
  0.0000012633
 -0.0000002945
  0.0000030174
  0.0000014397
  0.0000021697
  0.0000041295
 -0.0000004611
 -0.0000034544
  0.0000020433
  0.0000039506
  0.0000014692
 -0.0000047507
  0.0000097289
  0.0000052862
  0.0000034231
  0.0000034492
 -0.0000029518
  0.0000019217
 -0.0000009536
 -0.0000016310
  0.0000008539
 -0.0000003778
 -0.0000010691
 -0.0000006197
 -0.0000022693
 -0.0000000911
  0.0000005084
  0.0000165670
  0.0000004065
 -0.0000373398
  0.0000000206
 -0.0000107574
 -0.0000000338
 -0.0000001744
  0.0000056837
  0.0000003014
  0.0000050621
  0.0000056333
 -0.0000016087
  0.0000005721
 -0.0000042410
 -0.0000003271
 -0.0000000523
 -0.0000025319
  0.0000005300
  0.0000017044
  0.0000001528
  0.0000003824
 -0.0000001848
 -0.0000008271
  0.0000013823
 -0.0000003244
 -0.0000010298
 -0.0000014356
 -0.0000002517
 -0.0000002472
 -0.0000011434
 -0.0000016963
 -0.0000008800
 -0.0000003114
 -0.0000000507
 -0.0000009136
 -0.0000012411
  0.0000002047
  0.0000006712
  0.0000004353
 -0.0000012476
 -0.0000002265
 -0.0000007528
 -0.0000009818
 -0.0000004879
  0.0000003796
  0.0000015133
  0.0000044014
  0.0000023307
  0.0000001093
 -0.0000000857
 -0.0000013564
  0.0000019551
 -0.0000045812
 -0.0000005310
 -0.0000004259
 -0.0000001214
 -0.0000037883
  0.0000017350
  0.0000016496
  0.0000024123
  0.0000059041
 -0.0000033629
 -0.0000033649
  0.0000002065
  0.0000061327
  0.0000027403
  0.0000011352
  0.0000014191
 -0.0000051196
  0.0000096323
  0.0000000957
  0.0000018058
  0.0000003661
 -0.0000013888
  0.0000019242
 -0.0000007144
  0.0000023853
 -0.0000001025
  0.0000003985
 -0.0000018777
 -0.0000000152
 -0.0000040830
  0.0000013058
  0.0000011275
  0.0000116686
 -0.0000005809
 -0.0000016281
 -0.0000411884
  0.0000004645
  0.0000003847
  0.0000011106
 -0.0000091751
  0.0000014923
  0.0000007751
  0.0000123078
  0.0000008109
  0.0000044252
  0.0000030157
 -0.0000021718
  0.0000006045
 -0.0000028323
  0.0000007614
 -0.0000024084
 -0.0000003318
 -0.0000033684
  0.0000019629
  0.0000030740
  0.0000002793
 -0.0000002164
 -0.0000016007
 -0.0000005655
  0.0000001256
 -0.0000016269
 -0.0000003642
  0.0000008979
  0.0000001555
 -0.0000019638
 -0.0000015810
 -0.0000006326
 -0.0000000597
 -0.0000009012
 -0.0000001157
  0.0000022726
  0.0000020148
  0.0000025290
  0.0000004451
 -0.0000011523
 -0.0000042547
  0.0000000122
 -0.0000034253
 -0.0000009030
 -0.0000005085
 -0.0000003965
 -0.0000030955
  0.0000033574
  0.0000036305
  0.0000005654
  0.0000027894
  0.0000009425
  0.0000069855
  0.0000025601
  0.0000089125
  0.0000031713
  0.0000022641
  0.0000006358
 -0.0000049766
  0.0000070678
  0.0000002323
 -0.0000008540
 -0.0000038998
  0.0000058351
 -0.0000016558
  0.0000008679
 -0.0000004953
 -0.0000018297
  0.0000000148
 -0.0000003696
 -0.0000023430
 -0.0000007272
 -0.0000039815
  0.0000005527
  0.0000134574
 -0.0000004603
 -0.0000402600
 -0.0000000023
 -0.0000111332
 -0.0000012564
  0.0000006788
  0.0000115276
  0.0000040466
  0.0000076244
 -0.0000029355
  0.0000005508
 -0.0000042880
  0.0000012414
  0.0000002319
 -0.0000032518
  0.0000004557
  0.0000016700
 -0.0000000313
 -0.0000006127
  0.0000000687
 -0.0000014056
  0.0000000005
 -0.0000016894
 -0.0000011782
 -0.0000000238
 -0.0000000463
  0.0000002244
 -0.0000008951
 -0.0000016820
 -0.0000000976
 -0.0000007064
 -0.0000006566
 -0.0000002613
  0.0000005392
  0.0000021804
  0.0000032879
  0.0000024692
  0.0000004688
 -0.0000035667
 -0.0000030986
  0.0000006456
 -0.0000044285
 -0.0000008016
 -0.0000006720
 -0.0000006247
 -0.0000013944
  0.0000023054
  0.0000032087
  0.0000022942
  0.0000038150
 -0.0000060886
 -0.0000033239
  0.0000045393
  0.0000059433
  0.0000040146
  0.0000007949
  0.0000009742
 -0.0000062964
  0.0000077046
  0.0000073960
  0.0000030310
  0.0000047709
 -0.0000022135
  0.0000006827
 -0.0000003258
 -0.0000014703
 -0.0000008569
 -0.0000011095
 -0.0000027132
 -0.0000007076
 -0.0000038160
  0.0000002780
  0.0000011406
  0.0000113357
 -0.0000002587
 -0.0000416085
  0.0000002921
 -0.0000001056
 -0.0000103611
 -0.0000014107
  0.0000003893
  0.0000110068
 -0.0000000457
  0.0000035630
  0.0000074867
 -0.0000032034
  0.0000000590
 -0.0000041424
  0.0000012535
 -0.0000019568
 -0.0000002563
 -0.0000036684
  0.0000000311
  0.0000021742
 -0.0000004288
  0.0000004350
  0.0000008438
 -0.0000003603
 -0.0000001551
  0.0000006304
 -0.0000001666
  0.0000000161
 -0.0000004969
  0.0000003878
  0.0000009285
  0.0000003363
 -0.0000002920
 -0.0000015915
 -0.0000009774
 -0.0000005103
  0.0000003369
 -0.0000004743
  0.0000000659
  0.0000008515
  0.0000010169
 -0.0000002549
 -0.0000003605
 -0.0000012447
  0.0000006699
  0.0000011021
  0.0000001673
  0.0000006987
 -0.0000023167
 -0.0000003248
 -0.0000010437
  0.0000003233
 -0.0000010353
 -0.0000006783
  0.0000009463
  0.0000004115
 -0.0000003785
  0.0000028431
  0.0000007668
  0.0000020216
  0.0000016496
  0.0000060643
 -0.0000032172
 -0.0000028131
 -0.0000031805
  0.0000002903
  0.0000040507
 -0.0000015466
  0.0000010048
 -0.0000032635
 -0.0000037545
 -0.0000006105
  0.0000003230
 -0.0000073043
 -0.0000019298
  0.0000040336
  0.0000013291
  0.0000017209
  0.0000007562
  0.0000006668
 -0.0000020302
  0.0000059412
  0.0000000028
  0.0000024269
  0.0000037553
 -0.0000052152
  0.0000111507
 -0.0000002678
  0.0000111243
 -0.0000041950
 -0.0000003492
 -0.0000040079
 -0.0000025304
  0.0000004864
 -0.0000048659
  0.0000016100
  0.0000031821
 -0.0000009939
 -0.0000006896
 -0.0000009453
  0.0000232802
 -0.0000005660
  0.0000007636
 -0.0000002135
 -0.0000000500
  0.0000057947
 -0.0000001854
  0.0000055962
 -0.0000034775
 -0.0000025915
 -0.0000049834
  0.0000013680
  0.0000013607
  0.0000016996
 -0.0000047216
  0.0000002607
  0.0000003768
 -0.0000000544
 -0.0000005461
 -0.0000001163
 -0.0000007780
 -0.0000012442
  0.0000000485
  0.0000000195
 -0.0000007738
 -0.0000006145
  0.0000000305
 -0.0000007835
 -0.0000011563
  0.0000009793
 -0.0000003866
  0.0000000775
 -0.0000004654
 -0.0000008218
 -0.0000002458
  0.0000015616
  0.0000025944
  0.0000041637
 -0.0000000694
  0.0000009634
 -0.0000050032
 -0.0000010369
 -0.0000008310
 -0.0000005730
 -0.0000006355
  0.0000004441
 -0.0000000616
  0.0000019377
  0.0000022344
  0.0000007785
  0.0000058111
 -0.0000001688
 -0.0000054939
 -0.0000030433
  0.0000027367
 -0.0000000753
  0.0000023862
 -0.0000039439
  0.0000099326
  0.0000053402
  0.0000005884
  0.0000003899
 -0.0000018062
  0.0000004929
 -0.0000008502
 -0.0000006625
 -0.0000015646
  0.0000002410
 -0.0000027894
 -0.0000008396
 -0.0000026940
  0.0000005687
  0.0000010630
  0.0000106398
 -0.0000004877
 -0.0000424478
  0.0000005060
  0.0000000238
 -0.0000003302
 -0.0000092178
 -0.0000013414
  0.0000005680
  0.0000102579
  0.0000005831
  0.0000036220
  0.0000045719
 -0.0000034841
  0.0000004657
 -0.0000033718
  0.0000015426
 -0.0000012261
 -0.0000008037
 -0.0000035875
  0.0000011366
  0.0000025205
 -0.0000017795
 -0.0000013736
 -0.0000001124
  0.0000011764
 -0.0000010877
 -0.0000006372
  0.0000003840
  0.0000000689
  0.0000003008
 -0.0000020671
 -0.0000008902
  0.0000007882
 -0.0000001330
  0.0000008171
  0.0000002142
  0.0000005755
 -0.0000019837
  0.0000002650
  0.0000009430
 -0.0000011860
 -0.0000007486
 -0.0000015838
 -0.0000012217
 -0.0000003363
  0.0000005378
  0.0000000225
  0.0000021599
  0.0000034718
  0.0000024234
  0.0000005322
 -0.0000017321
  0.0000011656
  0.0000034025
 -0.0000041628
 -0.0000014754
 -0.0000012314
 -0.0000015730
 -0.0000033432
  0.0000012426
  0.0000022546
 -0.0000008503
  0.0000009861
  0.0000012940
 -0.0000071778
  0.0000014897
  0.0000037129
  0.0000031651
  0.0000018539
  0.0000011822
 -0.0000047146
 -0.0000036203
  0.0000082937
  0.0000004265
  0.0000049202
 -0.0000030055
  0.0000071591
  0.0000048284
  0.0000037578
 -0.0000034124
 -0.0000016607
  0.0000044032
 -0.0000004124
  0.0000018809
 -0.0000013636
  0.0000001243
 -0.0000007969
  0.0000014810
  0.0000003156
  0.0000001351
  0.0000092284
 -0.0000009122
 -0.0000462595
  0.0000003246
 -0.0000137709
  0.0000004762
  0.0000006511
  0.0000008284
  0.0000051817
  0.0000043985
 -0.0000036417
  0.0000003724
 -0.0000023698
 -0.0000004833
 -0.0000050652
  0.0000012443
  0.0000014749
  0.0000005295
 -0.0000005537
 -0.0000004491
 -0.0000008786
 -0.0000022620
  0.0000010979
 -0.0000013918
  0.0000000141
 -0.0000011374
  0.0000000562
 -0.0000001724
  0.0000013951
  0.0000031402
  0.0000011126
 -0.0000007753
  0.0000019898
 -0.0000030543
  0.0000011398
 -0.0000015330
 -0.0000009266
 -0.0000020682
  0.0000008612
  0.0000000111
  0.0000034623
  0.0000022749
  0.0000018213
  0.0000029287
  0.0000029718
  0.0000008795
  0.0000042947
  0.0000015819
 -0.0000064887
 -0.0000065205
 -0.0000019163
 -0.0000042688
  0.0000086172
  0.0000059673
 -0.0000022929
 -0.0000033198
 -0.0000024800
  0.0000026773
 -0.0000006871
 -0.0000009172
  0.0000001275
 -0.0000001669
 -0.0000011571
 -0.0000002482
 -0.0000019040
 -0.0000001545
  0.0000004592
  0.0000173971
  0.0000003312
 -0.0000362333
  0.0000001898
  0.0000004066
  0.0000012465
 -0.0000101015
  0.0000006260
  0.0000001709
  0.0000056061
  0.0000005435
  0.0000053356
  0.0000060433
 -0.0000006092
  0.0000007242
 -0.0000043631
 -0.0000007246
  0.0000013222
  0.0000005927
 -0.0000020724
  0.0000010567
  0.0000018612
  0.0000006845
  0.0000010341
  0.0000001697
  0.0000008898
  0.0000007652
  0.0000000129
 -0.0000002725
 -0.0000000544
  0.0000005386
  0.0000011286
  0.0000008796
  0.0000001389
 -0.0000011786
 -0.0000008967
  0.0000007759
 -0.0000002893
  0.0000003700
  0.0000008910
  0.0000012577
  0.0000003280
  0.0000003501
 -0.0000011505
  0.0000010129
  0.0000012026
  0.0000003324
  0.0000009632
 -0.0000019030
 -0.0000002433
 -0.0000001174
  0.0000007674
 -0.0000005751
  0.0000004598
 -0.0000003499
  0.0000012278
  0.0000005100
  0.0000011067
 -0.0000005504
  0.0000002379
 -0.0000022255
 -0.0000057444
  0.0000053683
 -0.0000019153
  0.0000005358
 -0.0000027293
 -0.0000016470
  0.0000001621
  0.0000007293
  0.0000024312
  0.0000005205
 -0.0000004788
 -0.0000005697
  0.0000046756
  0.0000040370
  0.0000013036
  0.0000037100
  0.0000018094
  0.0000036378
  0.0000006084
 -0.0000015670
 -0.0000122592
  0.0000050435
  0.0000001280
  0.0000008781
  0.0000049777
 -0.0000113051
  0.0000076942
  0.0000006912
  0.0000070049
 -0.0000017258
  0.0000016312
 -0.0000021078
 -0.0000004781
 -0.0000018426
  0.0000049163
  0.0000051874
  0.0000000681
  0.0000054394
 -0.0000037414
 -0.0000488086
 -0.0000002041
 -0.0000102184
 -0.0000015286
  0.0000109124
 -0.0000001052
  0.0000055059
 -0.0000018729
  0.0000064513
  0.0000014370
 -0.0000008796
 -0.0000052492
  0.0000005622
  0.0000000256
 -0.0000001477
  0.0000002986
 -0.0000001698
 -0.0000003033
 -0.0000001265
  0.0000012854
 -0.0000007840
 -0.0000026367
  0.0000010020
 -0.0000011592
 -0.0000009288
 -0.0000020012
 -0.0000016294
 -0.0000008988
  0.0000013003
  0.0000002491
  0.0000021274
  0.0000012294
  0.0000019958
  0.0000001548
  0.0000000741
 -0.0000039735
 -0.0000006289
 -0.0000034988
 -0.0000006062
 -0.0000005810
 -0.0000007528
 -0.0000018587
  0.0000035185
  0.0000032580
 -0.0000001657
  0.0000045226
 -0.0000022873
  0.0000044630
  0.0000020642
  0.0000044553
 -0.0000105924
 -0.0000019242
  0.0000016052
  0.0000067994
  0.0000062666
  0.0000027753
 -0.0000047535
 -0.0000011840
  0.0000026799
 -0.0000010046
 -0.0000015485
 -0.0000005981
 -0.0000008042
 -0.0000010217
 -0.0000001462
 -0.0000022365
 -0.0000000454
  0.0000006629
  0.0000161039
 -0.0000001873
 -0.0000009230
 -0.0000363827
  0.0000006034
  0.0000003174
  0.0000010024
 -0.0000108377
  0.0000000796
  0.0000011056
  0.0000054028
  0.0000003582
  0.0000044087
  0.0000060193
 -0.0000005910
  0.0000004148
 -0.0000039419
 -0.0000012749
  0.0000014689
 -0.0000000402
 -0.0000025871
  0.0000003112
  0.0000013729
  0.0000010055
  0.0000003147
  0.0000008323
  0.0000008125
 -0.0000003686
 -0.0000004284
  0.0000001434
  0.0000003782
  0.0000009683
  0.0000010243
  0.0000008229
 -0.0000010082
 -0.0000003740
  0.0000004141
  0.0000009630
  0.0000003510
  0.0000003464
  0.0000008139
  0.0000009170
  0.0000004573
  0.0000003228
 -0.0000015781
  0.0000010403
  0.0000011016
  0.0000003195
  0.0000009500
 -0.0000012526
 -0.0000007231
 -0.0000000132
 -0.0000006429
  0.0000001537
 -0.0000005533
  0.0000009139
  0.0000010296
  0.0000032127
  0.0000015014
  0.0000023522
 -0.0000006747
 -0.0000015886
 -0.0000017526
 -0.0000021817
 -0.0000015292
 -0.0000042685
 -0.0000001148
 -0.0000019151
  0.0000009707
  0.0000016504
 -0.0000019963
  0.0000035768
  0.0000002117
  0.0000015997
 -0.0000070169
 -0.0000008871
  0.0000045141
  0.0000030812
  0.0000018922
  0.0000018184
  0.0000011943
 -0.0000033572
  0.0000063240
  0.0000002934
  0.0000015998
  0.0000041825
 -0.0000058427
  0.0000112669
  0.0000010773
  0.0000100842
 -0.0000005967
  0.0000002829
 -0.0000040097
 -0.0000012224
 -0.0000004409
  0.0000023184
  0.0000036381
 -0.0000005486
  0.0000043690
 -0.0000089067
  0.0000002043
 -0.0000102490
 -0.0000003441
 -0.0000037178
  0.0000050192
 -0.0000023817
  0.0000048230
 -0.0000004880
 -0.0000005463
  0.0000022234
  0.0000016892
 -0.0000007128
 -0.0000075965
  0.0000001741
  0.0000004659
  0.0000006521
 -0.0000004804
  0.0000005839
 -0.0000003361
  0.0000001004
  0.0000009189
 -0.0000001524
 -0.0000015021
 -0.0000008903
 -0.0000006416
 -0.0000000671
  0.0000008383
 -0.0000001750
 -0.0000016672
  0.0000007019
  0.0000008285
 -0.0000022033
 -0.0000008223
 -0.0000002411
  0.0000001623
 -0.0000009001
 -0.0000001625
 -0.0000007237
  0.0000008121
  0.0000003330
  0.0000018847
  0.0000015910
  0.0000020775
  0.0000003189
 -0.0000014349
 -0.0000030418
  0.0000033773
 -0.0000035031
 -0.0000013333
 -0.0000013149
 -0.0000014745
 -0.0000027085
  0.0000008618
  0.0000019150
 -0.0000020644
 -0.0000011047
 -0.0000091377
  0.0000107197
  0.0000040452
  0.0000017756
  0.0000014455
  0.0000006985
  0.0000003316
 -0.0000065149
 -0.0000134337
  0.0000038560
  0.0000001476
  0.0000115544
  0.0000031029
 -0.0000035254
  0.0000053912
  0.0000013589
  0.0000061924
 -0.0000019219
 -0.0000017991
  0.0000026422
  0.0000052052
 -0.0000006332
 -0.0000001325
 -0.0000015099
  0.0000108858
  0.0000014550
 -0.0000436251
 -0.0000165924
  0.0000003569
  0.0000132726
  0.0000057070
  0.0000049697
 -0.0000026828
  0.0000050048
  0.0000007646
 -0.0000006505
 -0.0000065111
  0.0000016757
  0.0000002970
  0.0000004610
 -0.0000003305
  0.0000001800
  0.0000001501
 -0.0000004190
  0.0000008046
  0.0000007846
  0.0000007013
 -0.0000005935
 -0.0000016174
  0.0000010306
 -0.0000005657
  0.0000003330
  0.0000006604
  0.0000005557
  0.0000003567
 -0.0000000122
 -0.0000007683
  0.0000007889
  0.0000009854
  0.0000002640
  0.0000010611
 -0.0000018110
 -0.0000000881
 -0.0000003299
  0.0000004361
 -0.0000007523
  0.0000003680
  0.0000001503
  0.0000011494
 -0.0000001334
  0.0000008965
 -0.0000003255
  0.0000012567
 -0.0000017483
 -0.0000055644
  0.0000090802
 -0.0000002594
  0.0000003122
 -0.0000016599
 -0.0000011556
  0.0000010631
  0.0000001493
  0.0000023563
  0.0000023457
 -0.0000005964
 -0.0000001885
  0.0000002548
  0.0000027527
  0.0000033992
  0.0000068236
  0.0000036716
  0.0000039205
  0.0000012594
  0.0000018288
 -0.0000000917
  0.0000026283
 -0.0000014704
  0.0000041226
  0.0000021333
 -0.0000058557
  0.0000113327
  0.0000042680
  0.0000113879
 -0.0000013365
  0.0000002167
 -0.0000021835
  0.0000021045
  0.0000034978
 -0.0000003161
  0.0000049550
 -0.0000049503
 -0.0000079092
 -0.0000003504
  0.0000058942
  0.0000000918
  0.0000060015
 -0.0000014182
 -0.0000015590
  0.0000015738
  0.0000004390
 -0.0000014178
 -0.0000039494
 -0.0000003452
  0.0000003339
 -0.0000005236
 -0.0000002737
  0.0000005093
 -0.0000007730
  0.0000004968
 -0.0000002238
 -0.0000005700
  0.0000006017
  0.0000001974
  0.0000002445
 -0.0000008677
 -0.0000019631
  0.0000001793
  0.0000006233
 -0.0000012519
  0.0000001224
  0.0000005311
  0.0000001261
 -0.0000000672
 -0.0000002389
 -0.0000013224
  0.0000004687
  0.0000007817
  0.0000000800
  0.0000006829
 -0.0000025038
 -0.0000005821
 -0.0000004367
  0.0000001349
 -0.0000011166
  0.0000000393
 -0.0000002990
  0.0000006592
 -0.0000008031
  0.0000022686
  0.0000046872
  0.0000043629
  0.0000016646
  0.0000003115
 -0.0000003788
  0.0000007207
  0.0000002198
 -0.0000018361
  0.0000024314
  0.0000003801
  0.0000025549
  0.0000035755
 -0.0000029881
  0.0000012747
 -0.0000001259
  0.0000039483
  0.0000160663
  0.0000027075
  0.0000071679
  0.0000033149
  0.0000023627
  0.0000012114
  0.0000031242
  0.0000000293
  0.0000020281
 -0.0000014224
  0.0000025974
 -0.0000037938
 -0.0000063343
  0.0000084167
  0.0000056410
  0.0000196606
 -0.0000024044
 -0.0000006177
 -0.0000041326
 -0.0000015814
  0.0000015352
  0.0000049308
 -0.0000010869
  0.0000011859
  0.0000258288
 -0.0000004710
 -0.0000473518
 -0.0000011804
  0.0000016911
  0.0000095880
  0.0000068405
 -0.0000008582
 -0.0000060875
 -0.0000057515
 -0.0000013751
  0.0000002425
  0.0000006051
 -0.0000005252
  0.0000002259
  0.0000003975
 -0.0000000492
  0.0000001079
 -0.0000016167
  0.0000002652
  0.0000002143
  0.0000006913
 -0.0000000990
 -0.0000016805
 -0.0000007549
 -0.0000004116
  0.0000003237
  0.0000002789
  0.0000004463
 -0.0000006168
  0.0000006416
 -0.0000017511
  0.0000000862
  0.0000002659
 -0.0000007441
 -0.0000003266
  0.0000003701
  0.0000013709
  0.0000035091
  0.0000014790
 -0.0000002271
  0.0000004827
 -0.0000019777
  0.0000010397
 -0.0000051138
 -0.0000007386
 -0.0000011354
  0.0000011278
 -0.0000043136
  0.0000015845
  0.0000018356
  0.0000016200
  0.0000036893
  0.0000000837
  0.0000009160
  0.0000032107
  0.0000087425
  0.0000041003
  0.0000022085
  0.0000009521
 -0.0000072032
 -0.0000057465
  0.0000069349
  0.0000000677
 -0.0000008595
 -0.0000013638
  0.0000095911
  0.0000055036
 -0.0000020099
  0.0000027987
 -0.0000013067
  0.0000017273
 -0.0000016587
 -0.0000001036
 -0.0000008819
  0.0000007218
  0.0000005703
  0.0000005453
  0.0000109288
 -0.0000011484
 -0.0000429155
  0.0000003533
  0.0000019825
 -0.0000103351
  0.0000009727
  0.0000002512
  0.0000127735
  0.0000003337
  0.0000038263
  0.0000023803
 -0.0000021360
  0.0000001269
 -0.0000034045
 -0.0000018214
 -0.0000007553
 -0.0000041327
  0.0000009802
  0.0000024118
  0.0000000877
  0.0000004309
 -0.0000001686
  0.0000003557
  0.0000001823
  0.0000002119
  0.0000008124
 -0.0000000200
 -0.0000015414
 -0.0000005609
 -0.0000006944
  0.0000000489
  0.0000011626
 -0.0000000134
 -0.0000013585
 -0.0000016504
 -0.0000003223
 -0.0000003029
  0.0000003731
 -0.0000008756
  0.0000007568
 -0.0000006222
  0.0000004567
  0.0000010390
  0.0000030339
  0.0000018358
 -0.0000005762
  0.0000018285
 -0.0000021462
  0.0000004685
 -0.0000040548
 -0.0000010540
 -0.0000010941
  0.0000006790
 -0.0000037885
  0.0000015149
  0.0000016667
  0.0000008087
 -0.0000007817
 -0.0000154001
  0.0000010012
  0.0000029961
  0.0000025869
  0.0000012038
  0.0000066960
  0.0000000814
 -0.0000001646
 -0.0000024668
  0.0000046010
  0.0000009665
  0.0000100006
  0.0000049852
 -0.0000024451
  0.0000055230
  0.0000032835
  0.0000048839
 -0.0000023454
 -0.0000015117
  0.0000015389
 -0.0000000089
 -0.0000010091
 -0.0000001878
  0.0000099258
 -0.0000014911
 -0.0000482384
 -0.0000140559
  0.0000000458
  0.0000001322
  0.0000186974
  0.0000037108
  0.0000024385
 -0.0000052594
 -0.0000038416
  0.0000070133
 -0.0000002447
 -0.0000051465
  0.0000007096
  0.0000015750
 -0.0000003881
 -0.0000010791
 -0.0000023763
 -0.0000003799
 -0.0000010128
 -0.0000009856
 -0.0000016476
  0.0000006518
  0.0000065024
  0.0000030733
 -0.0000004155
  0.0000044863
 -0.0000160228
  0.0000045414
  0.0000033568
 -0.0000057142
  0.0000001540
  0.0000026683
  0.0000012676
 -0.0000006565
  0.0000016564
  0.0000051316
 -0.0000041447
  0.0000068086
  0.0000017028
  0.0000006750
 -0.0000075684
  0.0000053479
 -0.0000016363
  0.0000042226
  0.0000056228
  0.0000031094
  0.0000038354
 -0.0000026533
 -0.0000025364
  0.0000025475
 -0.0000023413
  0.0000002289
  0.0000013877
 -0.0000002139
 -0.0000011187
  0.0000017431
 -0.0000036204
  0.0000009778
  0.0000012921
  0.0000242029
 -0.0000011757
 -0.0000473107
  0.0000002078
  0.0000001655
 -0.0000000865
 -0.0000118576
  0.0000007868
  0.0000011929
  0.0000082947
  0.0000005209
  0.0000016032
  0.0000016078
 -0.0000058613
  0.0000007159
 -0.0000010634
 -0.0000046639
  0.0000015589
  0.0000002464
 -0.0000021544
  0.0000003573
  0.0000007203
  0.0000026218
  0.0000039839
  0.0000007719
 -0.0000033437
  0.0000311656
  0.0000471255
  0.0000000626
  0.0000211978
 -0.0000092924
 -0.0000027160
  0.0000166539
  0.0000290393
 -0.0000008862
  0.0000006844
  0.0000053943
 -0.0000001529
  0.0000030939
 -0.0000030146
  0.0000002259
 -0.0000059714
  0.0000079929
 -0.0000006459
  0.0000070324
  0.0000061244
  0.0000024428
 -0.0000051954
 -0.0000034089
 -0.0000018468
 -0.0000081085
 -0.0000048160
 -0.0000027865
 -0.0000053395
  0.0000094858
 -0.0000054095
 -0.0000001941
  0.0000187163
 -0.0000038685
 -0.0000492499
  0.0000007817
  0.0000000453
 -0.0000245191
 -0.0000010751
 -0.0000001931
  0.0000091535
 -0.0000058905
 -0.0000072040
 -0.0000139350
 -0.0000085537
  0.0000018496
 -0.0000017309
 -0.0000055694
  0.0000004677
 -0.0000008167
 -0.0000037977
 -0.0000029885
 -0.0000025651
 -0.0000040522
  0.0000039981
  0.0000063835
  0.0000052191
  0.0000026290
  0.0000047026
  0.0000393545
  0.0000006666
  0.0000055564
 -0.0000040459
  0.0000025478
  0.0000150029
  0.0000010183
  0.0000011473
  0.0000027199
  0.0000092083
  0.0000009364
 -0.0000050496
  0.0000030743
 -0.0000034387
 -0.0000006132
 -0.0000071486
  0.0000077391
 -0.0000026881
  0.0000075668
  0.0000042918
 -0.0000020335
 -0.0000058890
 -0.0000042155
  0.0000013961
 -0.0000045371
 -0.0000007200
  0.0000013027
 -0.0000013347
 -0.0000071132
  0.0000041608
 -0.0000072106
  0.0000002733
  0.0000005400
  0.0000224131
 -0.0000021302
 -0.0000546522
 -0.0000001853
 -0.0000166728
  0.0000008491
  0.0000011280
  0.0000069356
  0.0000008809
  0.0000001277
 -0.0000024983
 -0.0000148920
  0.0000003950
 -0.0000025531
 -0.0000009381
 -0.0000001134
  0.0000004047
 -0.0000009495
  0.0000007310
 -0.0000024471
 -0.0000003996
 -0.0000003715
  0.0000013305
  0.0000065935
  0.0000040175
 -0.0000009344
  0.0000046928
 -0.0000158603
  0.0000048263
  0.0000036324
 -0.0000038888
  0.0000003322
  0.0000028273
  0.0000016003
  0.0000006963
  0.0000022217
  0.0000052719
  0.0000047825
 -0.0000031081
  0.0000053383
  0.0000011618
  0.0000039492
 -0.0000069489
 -0.0000013840
  0.0000009226
  0.0000083373
  0.0000038470
 -0.0000032131
 -0.0000036734
 -0.0000032890
  0.0000023215
 -0.0000019632
  0.0000002924
  0.0000017675
 -0.0000002475
 -0.0000016178
  0.0000007965
 -0.0000034499
  0.0000009364
  0.0000012339
  0.0000241453
 -0.0000012397
 -0.0000476003
 -0.0000118248
  0.0000010831
  0.0000015114
  0.0000081528
  0.0000004470
  0.0000017527
  0.0000019244
 -0.0000060483
  0.0000006387
 -0.0000008730
 -0.0000043989
  0.0000004220
 -0.0000017764
  0.0000008551
  0.0000001932
  0.0000002024
 -0.0000005561
  0.0000105347
  0.0000018032
 -0.0000028271
  0.0000255928
  0.0000611311
  0.0000018096
  0.0000177089
 -0.0000002939
 -0.0000015263
  0.0000275510
  0.0000179470
  0.0000022372
  0.0000015525
  0.0000163028
 -0.0000018186
 -0.0000016265
  0.0000054561
 -0.0000117970
 -0.0000077228
 -0.0000003633
  0.0000105916
  0.0000041248
  0.0000065760
 -0.0000042976
 -0.0000010905
 -0.0000092687
 -0.0000037964
 -0.0000005907
 -0.0000041116
  0.0000080545
 -0.0000002359
  0.0000187764
 -0.0000036940
 -0.0000483156
 -0.0000003501
 -0.0000002766
 -0.0000249463
 -0.0000009158
  0.0000096012
  0.0000003106
 -0.0000046616
 -0.0000103031
 -0.0000124063
 -0.0000001144
 -0.0000073945
  0.0000009423
 -0.0000055670
  0.0000002157
  0.0000002867
  0.0000024066
  0.0000054492
  0.0000039528
 -0.0000040554
  0.0000227959
  0.0000295242
  0.0000034086
  0.0000388522
 -0.0000039002
 -0.0000025084
  0.0000025789
  0.0000232708
 -0.0000038206
  0.0000030079
  0.0000047022
 -0.0000001331
 -0.0000036636
  0.0000022670
 -0.0000053329
 -0.0000011715
 -0.0000071054
  0.0000091936
 -0.0000016001
  0.0000120348
  0.0000045614
  0.0000031375
 -0.0000074764
 -0.0000042314
 -0.0000013029
 -0.0000059096
 -0.0000042402
 -0.0000018259
 -0.0000073417
  0.0000072501
 -0.0000068308
  0.0000001104
 -0.0000000687
  0.0000208418
 -0.0000028344
 -0.0000530354
 -0.0000005797
 -0.0000234815
 -0.0000004030
  0.0000002933
  0.0000074648
 -0.0000039811
 -0.0000058662
 -0.0000154897
 -0.0000001170
 -0.0000055398
  0.0000008176
  0.0000000644
 -0.0000038009
  0.0000001577
 -0.0000004672
 -0.0000005346
  0.0000081158
  0.0000007063
  0.0000083825
 -0.0000043674
  0.0000270114
 -0.0000062518
  0.0000085715
  0.0000253832
 -0.0000017628
  0.0000023163
  0.0000055444
  0.0000242466
  0.0000018999
  0.0000086224
 -0.0000066642
 -0.0000027457
  0.0000060216
 -0.0000034437
 -0.0000102778
  0.0000047943
  0.0000064748
  0.0000057550
  0.0000056013
 -0.0000058499
 -0.0000115778
 -0.0000033158
 -0.0000015141
 -0.0000022980
  0.0000126235
 -0.0000005391
 -0.0000003166
 -0.0000009049
 -0.0000041576
 -0.0000373666
  0.0000001704
 -0.0000002502
 -0.0000274984
  0.0000001056
  0.0000096411
  0.0000000831
 -0.0000012313
 -0.0000252063
 -0.0000073831
 -0.0000001687
 -0.0000053442
 -0.0000012383
 -0.0000058620
 -0.0000005471
 -0.0000016711
  0.0000018731
  0.0000148361
  0.0000083770
 -0.0000063824
  0.0000277847
 -0.0000063541
  0.0000091913
  0.0000295501
 -0.0000118263
 -0.0000020558
 -0.0000066942
  0.0000267545
 -0.0000080451
  0.0000085827
  0.0000048658
 -0.0000023655
 -0.0000039813
  0.0000041137
  0.0000052302
 -0.0000045464
  0.0000053967
 -0.0000013358
  0.0000003625
  0.0000009692
 -0.0000009443
 -0.0000026766
 -0.0000026132
 -0.0000117961
 -0.0000037646
 -0.0000008234
 -0.0000017613
  0.0000148877
 -0.0000003521
  0.0000028965
 -0.0000042161
 -0.0000374582
 -0.0000005555
 -0.0000007155
 -0.0000277237
 -0.0000014039
  0.0000146098
  0.0000000996
 -0.0000032828
 -0.0000257799
 -0.0000084397
 -0.0000002710
 -0.0000053863
  0.0000031306
 -0.0000059135
 -0.0000000069
 -0.0000006057
  0.0000013028
  0.0000006732
  0.0000062565
  0.0000035851
  0.0000014125
  0.0000025872
  0.0000101737
  0.0000014356
  0.0000046126
  0.0000046249
 -0.0000034926
  0.0000023781
  0.0000074580
  0.0000067071
  0.0000015896
  0.0000005175
  0.0000030440
  0.0000008973
 -0.0000005995
 -0.0000031972
  0.0000030673
  0.0000006115
 -0.0000071621
  0.0000070178
  0.0000043535
 -0.0000004028
  0.0000035968
 -0.0000033398
 -0.0000039627
 -0.0000002642
  0.0000005243
 -0.0000027641
 -0.0000007100
  0.0000008072
  0.0000236464
 -0.0000015402
 -0.0000496301
  0.0000006461
 -0.0000143008
  0.0000006512
  0.0000050453
  0.0000009306
  0.0000007197
 -0.0000012327
 -0.0000080327
 -0.0000033809
 -0.0000031056
 -0.0000003781
 -0.0000004636
  0.0000004589
  0.0000013931
  0.0000024887
  0.0000111020
  0.0000048464
 -0.0000018795
  0.0000067891
  0.0000341818
  0.0000089590
  0.0000251209
  0.0000000022
  0.0000000001
  0.0000074375
  0.0000046471
  0.0000019942
  0.0000044475
  0.0000110281
 -0.0000041052
 -0.0000014174
  0.0000067691
  0.0000009070
  0.0000011525
 -0.0000065377
 -0.0000022749
  0.0000001243
  0.0000016447
  0.0000057238
  0.0000027251
 -0.0000033541
 -0.0000016458
 -0.0000032796
  0.0000007807
 -0.0000040785
 -0.0000016390
 -0.0000008869
 -0.0000065815
  0.0000046059
 -0.0000065838
  0.0000011725
  0.0000009168
  0.0000226169
 -0.0000016866
 -0.0000535548
  0.0000009182
  0.0000004638
 -0.0000195330
  0.0000012304
  0.0000010945
  0.0000086743
 -0.0000013560
 -0.0000035498
 -0.0000143552
 -0.0000042056
 -0.0000010667
  0.0000004688
 -0.0000013793
  0.0000006317
  0.0000012426
 -0.0000012580
 -0.0000011274
 -0.0000011433
  0.0000125622
  0.0000032758
 -0.0000031306
  0.0000299141
  0.0000528090
  0.0000032212
  0.0000196562
 -0.0000012088
 -0.0000017061
  0.0000289403
  0.0000222578
 -0.0000030076
  0.0000030115
  0.0000180851
 -0.0000019033
 -0.0000043492
  0.0000022581
  0.0000027686
 -0.0000018150
  0.0000088013
  0.0000072059
 -0.0000005517
  0.0000033302
 -0.0000028757
 -0.0000101119
 -0.0000027065
 -0.0000000242
 -0.0000013464
  0.0000055187
  0.0000002086
  0.0000201278
 -0.0000031394
 -0.0000491086
  0.0000007457
 -0.0000239898
  0.0000093689
  0.0000006902
 -0.0000030555
 -0.0000115565
 -0.0000115256
  0.0000009586
 -0.0000044186
 -0.0000007466
 -0.0000046918
  0.0000001248
 -0.0000020576
 -0.0000011000
 -0.0000021532
 -0.0000438285
 -0.0000105169
 -0.0000264896
 -0.0000189050
  0.0000077830
  0.0000313263
 -0.0000416748
  0.0000105552
  0.0000016629
 -0.0000357558
  0.0000020299
  0.0000149682
  0.0000054436
 -0.0000195087
 -0.0000003253
 -0.0000030221
 -0.0000005172
 -0.0000033314
 -0.0000083096
  0.0000063125
  0.0000000539
  0.0000045799
 -0.0000051279
 -0.0000159364
  0.0000017842
 -0.0000030409
 -0.0000030294
  0.0000009709
  0.0000222235
 -0.0000021399
 -0.0000016440
  0.0000082074
 -0.0000020303
 -0.0000331899
 -0.0000010659
 -0.0000010440
 -0.0000231333
 -0.0000036624
  0.0000272332
 -0.0000012130
 -0.0000039822
 -0.0000128538
  0.0000068565
 -0.0000020289
 -0.0000049537
 -0.0000062976
 -0.0000077143
 -0.0000020377
 -0.0000057959
 -0.0000027369
 -0.0000026455
 -0.0000024912
 -0.0000041623
 -0.0000014265
 -0.0000091996
 -0.0000035165
  0.0000161838
  0.0000064531
 -0.0000102333
 -0.0000046338
  0.0000019136
 -0.0000036864
  0.0000176133
  0.0000073520
  0.0000009579
 -0.0000091797
  0.0000164544
  0.0000015052
  0.0000010470
  0.0000016893
  0.0000008449
 -0.0000027638
 -0.0000027050
  0.0000011552
  0.0000049190
 -0.0000120615
 -0.0000028696
 -0.0000025879
 -0.0000014070
 -0.0000081066
 -0.0000335319
 -0.0000012084
 -0.0000014931
 -0.0000244008
 -0.0000021727
 -0.0000012754
  0.0000066403
 -0.0000182421
 -0.0000024274
 -0.0000083920
 -0.0000057689
 -0.0000058993
 -0.0000012116
 -0.0000037140
  0.0000007858
 -0.0000024986
 -0.0000016539
  0.0000013698
  0.0000043693
  0.0000018594
 -0.0000012073
  0.0000016042
 -0.0000074271
  0.0000021341
 -0.0000017979
 -0.0000046404
 -0.0000038099
  0.0000024145
 -0.0000007719
 -0.0000013862
  0.0000025727
  0.0000031948
  0.0000023222
 -0.0000055720
  0.0000021966
  0.0000027222
  0.0000030883
  0.0000010513
  0.0000007362
 -0.0000067234
  0.0000067442
  0.0000081986
 -0.0000029346
  0.0000052752
 -0.0000023598
 -0.0000013363
 -0.0000013745
  0.0000016266
 -0.0000004365
 -0.0000013579
 -0.0000008779
 -0.0000023727
  0.0000008980
  0.0000181941
  0.0000000913
 -0.0000370983
 -0.0000103997
  0.0000000441
  0.0000000698
  0.0000064882
  0.0000035828
  0.0000041842
 -0.0000015548
  0.0000005180
 -0.0000027321
 -0.0000000255
  0.0000002823
 -0.0000030154
  0.0000014527
  0.0000014646
  0.0000013217
  0.0000021368
  0.0000117252
  0.0000072077
 -0.0000009151
  0.0000053110
  0.0000264747
  0.0000050759
  0.0000046738
  0.0000006752
  0.0000012622
  0.0000144040
  0.0000016783
  0.0000028495
  0.0000074991
  0.0000143373
 -0.0000001651
  0.0000037480
 -0.0000086497
  0.0000021298
  0.0000032217
 -0.0000053858
  0.0000083322
 -0.0000060319
 -0.0000047293
  0.0000027491
 -0.0000012342
 -0.0000037964
 -0.0000005054
  0.0000001517
 -0.0000009991
  0.0000233673
 -0.0000015746
 -0.0000507935
  0.0000007293
 -0.0000158963
  0.0000049152
 -0.0000008726
 -0.0000025841
 -0.0000090828
  0.0000006772
 -0.0000063545
 -0.0000023962
 -0.0000006354
  0.0000012088
  0.0000013908
 -0.0000003827
 -0.0000012464
 -0.0000120524
  0.0000256068
 -0.0000002377
 -0.0000122972
 -0.0000198093
  0.0000458804
 -0.0000022416
 -0.0000122103
  0.0000003348
 -0.0000095876
 -0.0000035753
 -0.0000289510
 -0.0000009831
  0.0000043748
  0.0000201950
  0.0000097749
  0.0000021606
 -0.0000010434
 -0.0000026990
  0.0000083824
  0.0000015977
 -0.0000117385
  0.0000007322
 -0.0000025803
 -0.0000028351
  0.0000173036
 -0.0000014271
 -0.0000014407
 -0.0000139988
 -0.0000289452
 -0.0000011531
 -0.0000006171
 -0.0000243981
 -0.0000028412
 -0.0000011995
  0.0000064471
 -0.0000161771
 -0.0000030209
 -0.0000018697
 -0.0000076889
 -0.0000057929
 -0.0000056712
 -0.0000011211
  0.0000003242
 -0.0000046970
 -0.0000100907
  0.0000024129
  0.0000096243
  0.0000332102
 -0.0000116393
 -0.0000148155
  0.0000008520
  0.0000047181
  0.0000154922
 -0.0000056846
  0.0000010485
 -0.0000107995
  0.0000103180
  0.0000017040
 -0.0000037206
  0.0000110662
 -0.0000034518
 -0.0000113041
  0.0000077884
  0.0000190940
 -0.0000019106
  0.0000134743
 -0.0000105024
 -0.0000028581
 -0.0000003088
 -0.0000117554
 -0.0000035661
 -0.0000003088
  0.0000002334
  0.0000197958
 -0.0000001392
 -0.0000057795
 -0.0000033431
 -0.0000003782
 -0.0000300792
 -0.0000007137
  0.0000002501
 -0.0000278815
 -0.0000008355
  0.0000191887
 -0.0000000979
 -0.0000011766
 -0.0000252940
 -0.0000047674
  0.0000000443
 -0.0000046300
  0.0000002894
 -0.0000059402
 -0.0000003267
 -0.0000002655
  0.0000015493
  0.0000020051
  0.0000007968
  0.0000018810
  0.0000055653
  0.0000034088
  0.0000020511
  0.0000027756
 -0.0000131554
  0.0000026467
  0.0000000864
 -0.0000055301
  0.0000003305
  0.0000040389
  0.0000005568
 -0.0000013108
  0.0000036739
  0.0000049434
  0.0000010920
 -0.0000002663
  0.0000070461
  0.0000014106
  0.0000079674
  0.0000003218
  0.0000019898
  0.0000007423
 -0.0000012515
  0.0000066969
 -0.0000005474
 -0.0000043051
  0.0000029613
 -0.0000041418
 -0.0000019489
 -0.0000004571
 -0.0000007558
 -0.0000019201
 -0.0000013283
  0.0000008729
  0.0000236819
 -0.0000013247
 -0.0000375112
  0.0000005727
 -0.0000104881
  0.0000014726
  0.0000057662
  0.0000026662
  0.0000032527
 -0.0000020156
  0.0000007866
 -0.0000009506
 -0.0000006284
  0.0000009025
 -0.0000023323
  0.0000007916
 -0.0000001937
 -0.0000002603
 -0.0000241457
 -0.0000237351
 -0.0000244319
 -0.0000443631
 -0.0000226479
 -0.0000462114
 -0.0000280036
 -0.0000446339
 -0.0000577316
 -0.0000279566
 -0.0000267657
 -0.0000360349
 -0.0000575260
 -0.0000253310
 -0.0000272516
 -0.0000003131
 -0.0000056270
 -0.0000063410
 -0.0000147899
 -0.0000063221
  0.0000055576
  0.0000000804
 -0.0000111795
 -0.0000015908
 -0.0000144143
  0.0000051769
 -0.0000001860
  0.0000004626
  0.0000177035
  0.0000227463
  0.0000009827
  0.0000018704
  0.0000312974
  0.0000002272
 -0.0000501611
  0.0000020489
  0.0000001477
  0.0000016980
 -0.0000008153
 -0.0000004845
  0.0000403393
  0.0000020998
  0.0000129744
  0.0000129095
  0.0000269021
  0.0000007123
  0.0000025033
  0.0000005473
 -0.0000030958
 -0.0000047265
  0.0000010205
 -0.0000009812
  0.0000037789
  0.0000079905
  0.0000039264
 -0.0000025993
  0.0000091570
 -0.0000127179
  0.0000054717
  0.0000077779
  0.0000016431
  0.0000024688
  0.0000044915
  0.0000059482
  0.0000018265
  0.0000056791
  0.0000057439
  0.0000017960
  0.0000010125
 -0.0000004937
  0.0000037758
  0.0000022720
 -0.0000084134
 -0.0000110663
 -0.0000027791
  0.0000022022
  0.0000064810
  0.0000052093
 -0.0000002552
 -0.0000066815
 -0.0000035182
  0.0000024524
 -0.0000020105
  0.0000004986
 -0.0000004027
 -0.0000026454
  0.0000002455
 -0.0000044745
  0.0000010975
  0.0000012605
  0.0000242852
 -0.0000012018
 -0.0000492322
 -0.0000129724
  0.0000019574
  0.0000019358
  0.0000074712
  0.0000020735
  0.0000013405
 -0.0000077962
  0.0000011334
 -0.0000014505
 -0.0000051988
  0.0000011977
 -0.0000003580
  0.0000014269
 -0.0000004312
 -0.0000023377
  0.0000172260
  0.0000005750
 -0.0000061290
  0.0000025992
  0.0000461575
  0.0000051403
  0.0000298456
 -0.0000022703
 -0.0000047293
  0.0000248456
  0.0000000591
 -0.0000041825
  0.0000004215
  0.0000219569
 -0.0000038311
  0.0000039172
  0.0000039124
 -0.0000053730
  0.0000038132
  0.0000046523
  0.0000018801
  0.0000009802
 -0.0000040749
 -0.0000023990
 -0.0000015815
 -0.0000098326
 -0.0000044690
 -0.0000002536
 -0.0000028884
  0.0000116393
  0.0000126130
 -0.0000045781
 -0.0000431097
 -0.0000000975
 -0.0000003471
 -0.0000264145
 -0.0000013908
 -0.0000010131
  0.0000113431
  0.0000002467
 -0.0000052537
 -0.0000132767
 -0.0000108615
 -0.0000089529
  0.0000028048
 -0.0000062508
 -0.0000001605
 -0.0000009433
 -0.0000011988
 -0.0000023814
 -0.0000253513
 -0.0000150439
 -0.0000322240
 -0.0000005728
  0.0000111790
  0.0000324138
 -0.0000468336
  0.0000128797
 -0.0000051186
 -0.0000164072
  0.0000052477
  0.0000156072
 -0.0000029883
 -0.0000252108
 -0.0000006229
  0.0000098362
 -0.0000011264
  0.0000012772
 -0.0000001552
 -0.0000154776
  0.0000019169
  0.0000070816
  0.0000099074
 -0.0000072343
 -0.0000128321
  0.0000000520
 -0.0000007588
 -0.0000031186
  0.0000005150
  0.0000242948
 -0.0000001730
 -0.0000010748
  0.0000006929
 -0.0000022172
 -0.0000303584
 -0.0000009808
 -0.0000008166
 -0.0000006250
 -0.0000248741
  0.0000001371
  0.0000349320
 -0.0000003967
 -0.0000001009
 -0.0000154287
  0.0000039142
  0.0000002268
 -0.0000085691
  0.0000016419
 -0.0000015937
 -0.0000061080
 -0.0000006328
  0.0000009563
 -0.0000004540
  0.0000058866
  0.0000055559
 -0.0000001711
  0.0000079663
 -0.0000174560
  0.0000037755
  0.0000052624
  0.0000007658
  0.0000009155
  0.0000048407
  0.0000044224
  0.0000032088
  0.0000067137
  0.0000054020
  0.0000030163
 -0.0000042590
  0.0000039303
  0.0000029439
  0.0000006186
 -0.0000048417
  0.0000090928
  0.0000010628
  0.0000047954
  0.0000089114
  0.0000061770
 -0.0000018018
 -0.0000039566
 -0.0000020224
  0.0000002579
 -0.0000006307
 -0.0000022805
 -0.0000005561
  0.0000009117
  0.0000239661
 -0.0000017109
 -0.0000461994
  0.0000007309
 -0.0000123706
  0.0000014267
  0.0000016180
  0.0000044408
  0.0000015432
  0.0000014494
 -0.0000058755
  0.0000007312
 -0.0000018697
 -0.0000023768
  0.0000012249
 -0.0000011216
  0.0000004021
  0.0000008782
  0.0000011182
  0.0000005726
  0.0000034854
  0.0000104120
  0.0000063110
 -0.0000020094
  0.0000079806
  0.0000356741
  0.0000084677
  0.0000268377
 -0.0000012687
 -0.0000001965
  0.0000065361
  0.0000061447
  0.0000001267
  0.0000062629
  0.0000105145
  0.0000055341
  0.0000020295
  0.0000002196
  0.0000036097
 -0.0000089858
 -0.0000108682
  0.0000031923
  0.0000072217
  0.0000045215
  0.0000008889
 -0.0000075696
 -0.0000021022
 -0.0000045732
 -0.0000019165
  0.0000009206
 -0.0000061723
  0.0000024375
  0.0000009055
  0.0000231417
 -0.0000019583
 -0.0000536660
  0.0000008561
 -0.0000194491
  0.0000009247
  0.0000010151
  0.0000075126
  0.0000011048
 -0.0000020997
 -0.0000036020
 -0.0000138857
 -0.0000060393
 -0.0000041021
 -0.0000017952
  0.0000005924
  0.0000011454
  0.0000033265
  0.0000051114
  0.0000029176
  0.0000026870
  0.0000031453
 -0.0000123011
  0.0000029585
  0.0000003765
 -0.0000045499
 -0.0000004982
  0.0000046270
  0.0000006755
 -0.0000027713
  0.0000023531
  0.0000042279
  0.0000053328
 -0.0000004403
 -0.0000014437
  0.0000037711
  0.0000016615
 -0.0000122198
 -0.0000072110
  0.0000113025
  0.0000005238
  0.0000054103
  0.0000026747
  0.0000002161
 -0.0000025868
 -0.0000024021
  0.0000026312
 -0.0000015573
  0.0000001297
  0.0000020106
 -0.0000001198
 -0.0000018692
 -0.0000005739
 -0.0000026767
  0.0000009397
  0.0000013576
  0.0000244538
 -0.0000001779
 -0.0000394249
 -0.0000100575
  0.0000012885
  0.0000011368
  0.0000045850
  0.0000006742
  0.0000033046
  0.0000043197
 -0.0000033703
  0.0000008101
 -0.0000012615
 -0.0000019540
  0.0000005938
 -0.0000018257
  0.0000015032
  0.0000073551
  0.0000059821
  0.0000018832
 -0.0000013049
  0.0000108490
  0.0000037530
  0.0000058212
  0.0000051509
 -0.0000001963
  0.0000003998
  0.0000048651
  0.0000074436
  0.0000004243
  0.0000035208
  0.0000035442
 -0.0000007729
 -0.0000022381
  0.0000056050
  0.0000008396
  0.0000009924
 -0.0000067173
 -0.0000032280
  0.0000005160
  0.0000000533
  0.0000049606
  0.0000021291
 -0.0000012593
 -0.0000019068
 -0.0000036637
  0.0000020131
 -0.0000027839
 -0.0000001233
  0.0000017524
 -0.0000005928
 -0.0000055319
  0.0000005289
 -0.0000068943
  0.0000009376
  0.0000010412
  0.0000236783
 -0.0000013198
 -0.0000525700
 -0.0000142809
  0.0000015861
  0.0000016708
  0.0000069266
  0.0000005885
  0.0000014902
  0.0000000695
 -0.0000113221
  0.0000009004
 -0.0000015896
 -0.0000046781
  0.0000010432
 -0.0000005745
  0.0000013620
 -0.0000016898
 -0.0000013578
 -0.0000424704
 -0.0000136978
 -0.0000293272
 -0.0000195542
  0.0000099740
  0.0000496834
 -0.0000437114
  0.0000200596
  0.0000044401
 -0.0000349718
  0.0000036913
  0.0000112490
  0.0000079197
 -0.0000227466
 -0.0000012287
 -0.0000034516
  0.0000012725
 -0.0000043142
 -0.0000026834
  0.0000040064
  0.0000074225
  0.0000018222
 -0.0000056669
 -0.0000193168
 -0.0000032589
 -0.0000024351
  0.0000233230
 -0.0000028505
 -0.0000016918
  0.0000103613
 -0.0000028351
 -0.0000323107
 -0.0000025851
 -0.0000018924
 -0.0000213536
 -0.0000029775
 -0.0000019023
 -0.0000026219
 -0.0000000682
 -0.0000100845
  0.0000082876
 -0.0000030988
 -0.0000054678
 -0.0000100850
 -0.0000024751
 -0.0000040808
 -0.0000009123
 -0.0000034902
 -0.0000043699
  0.0000062252
 -0.0000183297
 -0.0000187455
  0.0000941163
  0.0000086625
  0.0000262272
 -0.0000112710
 -0.0000094859
 -0.0000407734
 -0.0000133446
 -0.0000143925
  0.0000025414
 -0.0000145881
  0.0000034115
 -0.0000023808
 -0.0000078471
  0.0000093256
  0.0000016970
  0.0000136632
 -0.0000060599
 -0.0000118803
 -0.0000022954
 -0.0000015236
 -0.0000030439
 -0.0000014695
  0.0000218191
 -0.0000015208
 -0.0000013365
 -0.0000217435
 -0.0000053545
 -0.0000013200
 -0.0000244958
 -0.0000012614
 -0.0000003344
 -0.0000266927
 -0.0000008490
  0.0000224490
 -0.0000010447
  0.0000039644
 -0.0000182588
 -0.0000041798
 -0.0000007665
 -0.0000061848
 -0.0000005713
 -0.0000021807
 -0.0000074718
 -0.0000015802
  0.0000001247
  0.0000018397
  0.0000186375
  0.0000104016
 -0.0000083227
  0.0000219852
 -0.0000046113
  0.0000087106
  0.0000306769
 -0.0000149434
 -0.0000038853
 -0.0000117152
  0.0000297012
 -0.0000119208
  0.0000100445
  0.0000151790
 -0.0000000305
 -0.0000020086
  0.0000084813
 -0.0000047810
 -0.0000009974
 -0.0000117109
  0.0000085217
  0.0000104112
 -0.0000032619
  0.0000125994
 -0.0000111453
 -0.0000024896
 -0.0000018326
 -0.0000112695
 -0.0000041021
  0.0000000284
 -0.0000019005
  0.0000169748
 -0.0000037685
  0.0000050251
 -0.0000045720
 -0.0000013895
 -0.0000370423
 -0.0000004419
 -0.0000010027
 -0.0000276622
 -0.0000017926
 -0.0000012660
  0.0000188147
  0.0000000955
 -0.0000042709
 -0.0000214977
 -0.0000087215
 -0.0000083153
  0.0000024502
 -0.0000061632
 -0.0000006016
 -0.0000009187
 -0.0000023326
 -0.0000013566
  0.0000010935
 -0.0000013872
  0.0000000734
  0.0000036239
  0.0000012456
 -0.0000025730
  0.0000018397
 -0.0000092942
  0.0000015472
 -0.0000012425
 -0.0000010652
 -0.0000033020
  0.0000013655
 -0.0000008562
 -0.0000006734
  0.0000019920
  0.0000026237
 -0.0000039131
 -0.0000042424
  0.0000065855
  0.0000041592
 -0.0000001749
 -0.0000009090
 -0.0000033315
  0.0000061980
 -0.0000019771
  0.0000062506
 -0.0000005932
  0.0000024600
  0.0000011668
 -0.0000027028
  0.0000045738
 -0.0000019247
  0.0000009497
 -0.0000001034
 -0.0000004184
 -0.0000009405
  0.0000009945
 -0.0000030596
  0.0000001104
  0.0000007090
  0.0000240232
 -0.0000000030
 -0.0000006205
 -0.0000401275
 -0.0000000144
  0.0000002203
  0.0000010425
 -0.0000084616
  0.0000017376
  0.0000000698
  0.0000077889
  0.0000003623
  0.0000029224
  0.0000036770
 -0.0000033941
  0.0000005574
 -0.0000038006
 -0.0000050690
  0.0000023462
  0.0000004405
 -0.0000022084
  0.0000012495
  0.0000010422
 -0.0000103894
  0.0000166404
  0.0000144353
 -0.0000157492
 -0.0000325605
  0.0000817660
  0.0000086193
 -0.0000049683
 -0.0000004791
 -0.0000151004
 -0.0000289837
 -0.0000169554
 -0.0000027180
  0.0000199821
  0.0000078663
 -0.0000021976
  0.0000027269
 -0.0000004954
  0.0000085552
  0.0000047259
  0.0000009616
  0.0000025184
 -0.0000108084
 -0.0000006886
 -0.0000017800
 -0.0000019356
  0.0000213637
 -0.0000007719
 -0.0000002451
 -0.0000161805
 -0.0000264893
 -0.0000001586
 -0.0000011035
 -0.0000246600
 -0.0000004471
  0.0000190852
 -0.0000002355
  0.0000051216
 -0.0000168543
 -0.0000031069
 -0.0000004578
 -0.0000062070
 -0.0000016021
 -0.0000061844
 -0.0000008503
 -0.0000010920
  0.0000012066
 -0.0000010812
  0.0000023554
  0.0000010478
  0.0000021810
  0.0000006910
 -0.0000003007
 -0.0000040952
 -0.0000008129
 -0.0000032703
 -0.0000005997
 -0.0000004543
 -0.0000004978
 -0.0000022613
  0.0000037623
  0.0000034826
  0.0000001797
  0.0000034223
  0.0000056502
  0.0000033347
  0.0000031572
 -0.0000072064
 -0.0000022328
  0.0000019845
  0.0000087436
  0.0000042877
  0.0000033732
 -0.0000040198
 -0.0000011344
  0.0000026584
 -0.0000009948
 -0.0000014627
 -0.0000013724
 -0.0000008181
 -0.0000011353
 -0.0000002045
 -0.0000019489
 -0.0000000171
  0.0000007304
  0.0000161453
 -0.0000001971
 -0.0000009743
 -0.0000362754
  0.0000003311
  0.0000001956
  0.0000010172
 -0.0000107631
  0.0000001886
  0.0000011685
  0.0000061771
  0.0000003300
  0.0000043714
  0.0000060346
 -0.0000005396
  0.0000003941
 -0.0000037691
 -0.0000016281
  0.0000013335
 -0.0000000107
 -0.0000026155
  0.0000007815
  0.0000013636
  0.0000070093
  0.0000050992
  0.0000080850
 -0.0000056889
  0.0000273250
 -0.0000060594
  0.0000084345
  0.0000252131
 -0.0000064463
 -0.0000016157
  0.0000014469
  0.0000243288
 -0.0000025294
  0.0000082635
 -0.0000036264
 -0.0000018421
  0.0000004582
 -0.0000075143
 -0.0000061070
  0.0000069851
  0.0000053088
  0.0000038221
  0.0000053993
 -0.0000015134
 -0.0000042981
 -0.0000120662
 -0.0000038900
 -0.0000020575
 -0.0000025159
 -0.0000015310
  0.0000138323
 -0.0000013117
  0.0000003372
 -0.0000041428
 -0.0000372609
 -0.0000006849
 -0.0000001715
 -0.0000278917
 -0.0000020047
  0.0000105033
 -0.0000005023
 -0.0000016075
 -0.0000261774
 -0.0000080004
 -0.0000011209
 -0.0000056463
  0.0000030699
 -0.0000013641
 -0.0000062554
 -0.0000009217
  0.0000054771
  0.0000093781
  0.0000066728
 -0.0000009726
  0.0000141493
  0.0000312759
  0.0000069430
  0.0000351257
 -0.0000050757
 -0.0000002166
  0.0000054549
  0.0000143587
 -0.0000030538
  0.0000057449
  0.0000090726
  0.0000009037
 -0.0000034804
  0.0000040332
 -0.0000060658
  0.0000079442
  0.0000016321
  0.0000073729
  0.0000033076
 -0.0000029481
 -0.0000010844
 -0.0000054991
 -0.0000019706
  0.0000008972
 -0.0000050691
  0.0000017481
  0.0000244127
 -0.0000020796
 -0.0000527272
  0.0000008596
 -0.0000197269
  0.0000078055
  0.0000012987
 -0.0000025959
 -0.0000035283
 -0.0000127604
  0.0000012165
 -0.0000067402
 -0.0000052201
 -0.0000021193
  0.0000011920
  0.0000013006
  0.0000041509
  0.0000198762
  0.0000093723
 -0.0000074209
  0.0000029519
  0.0000557880
  0.0000133701
  0.0000272214
 -0.0000131434
 -0.0000049327
  0.0000249296
  0.0000018857
 -0.0000101712
  0.0000092201
  0.0000238124
  0.0000012203
  0.0000002627
  0.0000006419
  0.0000006700
 -0.0000039378
  0.0000026978
 -0.0000004683
  0.0000001523
 -0.0000105810
 -0.0000014193
 -0.0000005136
  0.0000064962
  0.0000116163
 -0.0000032057
 -0.0000465855
 -0.0000002012
 -0.0000000752
 -0.0000260238
  0.0000001457
  0.0000078852
 -0.0000002551
 -0.0000012160
 -0.0000224749
 -0.0000004558
 -0.0000043453
 -0.0000017539
 -0.0000048046
 -0.0000000085
 -0.0000255116
  0.0000000154
  0.0000745412
 -0.0000249875
 -0.0000102057
  0.0000061291
 -0.0000466924
  0.0000081528
  0.0000095389
 -0.0000177569
 -0.0000484020
  0.0000119048
 -0.0000336658
  0.0000009313
  0.0000522505
  0.0000028695
  0.0000009496
  0.0000005697
  0.0000048737
  0.0000026160
  0.0000002469
  0.0000019353
 -0.0000057619
 -0.0001075158
  0.0000011796
  0.0000017622
  0.0000016849
 -0.0000017069
  0.0000029274
  0.0000012938
  0.0000199157
  0.0000021910
  0.0000014205
  0.0000012909
  0.0000230970
  0.0000018155
  0.0000014141
 -0.0000487081
  0.0000007618
 -0.0000052787
 -0.0000011967
  0.0000028049
  0.0000005122
  0.0000015072
 -0.0000393204
  0.0000021023
  0.0000009534
  0.0000144148
  0.0000006337
 -0.0000012828
 -0.0000017037
 -0.0000312438
  0.0000081436
 -0.0000396232
 -0.0000165948
 -0.0000057520
 -0.0000045631
 -0.0000003919
  0.0000288260
 -0.0000344222
 -0.0000087692
 -0.0000176079
 -0.0000176092
  0.0000158631
 -0.0000048580
  0.0000014080
  0.0000023927
  0.0000056204
  0.0000036740
  0.0000052300
  0.0000000091
  0.0000170583
 -0.0000814267
 -0.0000046818
  0.0000017857
  0.0000020311
  0.0000035463
  0.0000038334
  0.0000037689
  0.0000425087
  0.0000002476
  0.0000026848
  0.0000036840
  0.0000249319
  0.0000047739
  0.0000046292
 -0.0000422707
  0.0000035303
 -0.0000047853
 -0.0000009322
  0.0000282987
 -0.0000004626
 -0.0000015487
 -0.0000404878
  0.0000099334
  0.0000031381
  0.0000129051
  0.0000041689
  0.0000018883
  0.0000025181
 -0.0000025246
  0.0000031071
  0.0000069135
 -0.0000396588
 -0.0000165846
 -0.0000117828
 -0.0000069969
  0.0000115164
  0.0000169504
 -0.0000553411
 -0.0000116227
  0.0000064650
  0.0000199446
  0.0000194373
  0.0000033896
  0.0000056173
  0.0000043341
  0.0000071223
  0.0000014311
  0.0000010606
  0.0000003017
 -0.0000823104
  0.0000013702
  0.0000018752
  0.0000018128
 -0.0000006232
  0.0000030269
  0.0000009697
  0.0000368550
  0.0000013896
  0.0000040078
  0.0000032477
  0.0000229700
  0.0000039514
  0.0000019096
 -0.0000413626
  0.0000010597
 -0.0000040878
 -0.0000040084
  0.0000123634
  0.0000032455
  0.0000028694
 -0.0000409004
  0.0000071870
  0.0000030597
  0.0000107869
  0.0000027638
  0.0000003480
 -0.0000107183
  0.0000115518
 -0.0000101225
 -0.0000264125
 -0.0000555724
  0.0000280399
 -0.0000086772
  0.0000557717
  0.0000280841
 -0.0000659558
  0.0000092144
  0.0000103776
  0.0000035058
  0.0000702213
  0.0000098332
 -0.0000001135
 -0.0000020667
  0.0000041264
 -0.0000003341
  0.0000030118
 -0.0000013411
 -0.0000146761
 -0.0000986947
  0.0000020142
 -0.0000002468
 -0.0000001281
 -0.0000042562
  0.0000003429
 -0.0000015357
  0.0000053185
 -0.0000008947
 -0.0000002328
  0.0000012120
  0.0000158083
 -0.0000044154
 -0.0000001993
 -0.0000594619
 -0.0000008166
 -0.0000063069
 -0.0000045542
 -0.0000043963
 -0.0000004593
  0.0000001310
 -0.0000512752
 -0.0000010174
  0.0000003078
  0.0000093105
 -0.0000003271
 -0.0000037009
 -0.0000232276
 -0.0000012717
  0.0000039277
 -0.0000305608
 -0.0000743014
  0.0000163135
 -0.0000442228
  0.0000191427
  0.0000120531
 -0.0000385981
 -0.0000039436
  0.0000076996
 -0.0000094196
  0.0000275399
  0.0000655301
 -0.0000033579
  0.0000088452
  0.0000007581
  0.0000084598
 -0.0000007507
 -0.0000023440
  0.0000234720
 -0.0000698408
  0.0000303762
 -0.0000018163
 -0.0000039758
 -0.0000035688
 -0.0000005897
  0.0000020509
  0.0000513391
 -0.0000023012
  0.0000019645
  0.0000014680
  0.0000180580
  0.0000032102
 -0.0000012730
 -0.0000188246
 -0.0000027029
 -0.0000100548
 -0.0000076876
  0.0000234455
  0.0000008354
 -0.0000060167
 -0.0000338610
  0.0000065429
 -0.0000018651
  0.0000106551
  0.0000012245
 -0.0000013169
 -0.0000791225
 -0.0000055573
  0.0000263160
 -0.0000862099
 -0.0000329955
 -0.0000296586
 -0.0000829791
  0.0000153141
 -0.0000131732
 -0.0000222508
  0.0000056242
 -0.0000017612
  0.0000258330
 -0.0000137261
  0.0000079717
 -0.0000011505
 -0.0000149289
 -0.0000044482
 -0.0000158736
 -0.0000038506
 -0.0000021368
  0.0000092655
 -0.0000530054
  0.0000193124
 -0.0000055817
 -0.0000066991
 -0.0000298337
 -0.0000025628
 -0.0000024201
  0.0001051320
 -0.0000015857
 -0.0000017417
 -0.0000107964
 -0.0000032917
 -0.0000135939
 -0.0000025427
 -0.0001225642
 -0.0000042378
 -0.0000153070
 -0.0000144485
  0.0000343379
  0.0000088398
 -0.0000035774
 -0.0000283745
  0.0000090401
 -0.0000002179
 -0.0000005578
  0.0000029366
 -0.0000048956
 -0.0000238378
  0.0000079034
  0.0000331799
 -0.0000345005
  0.0000028620
 -0.0000213473
 -0.0000368496
 -0.0000032982
 -0.0000206290
 -0.0000225773
  0.0000042341
 -0.0000221919
 -0.0000058987
  0.0000476630
 -0.0000007665
  0.0000012365
  0.0000001213
  0.0000034711
  0.0000032001
 -0.0000018816
 -0.0000017177
 -0.0000011837
 -0.0000937144
 -0.0000011544
 -0.0000001854
  0.0000001664
 -0.0000014024
  0.0000015265
  0.0000017252
  0.0000311750
 -0.0000014185
 -0.0000007447
  0.0000014067
  0.0000219373
  0.0000032418
  0.0000029060
 -0.0000492329
  0.0000021291
 -0.0000069368
 -0.0000027094
  0.0000089488
  0.0000008203
 -0.0000013446
 -0.0000466836
  0.0000037047
 -0.0000024084
  0.0000112444
  0.0000000264
 -0.0000001770
 -0.0000553072
 -0.0000004144
  0.0000303234
 -0.0000336236
 -0.0000297769
 -0.0000267568
 -0.0001011734
  0.0000154516
 -0.0000059416
 -0.0000129519
 -0.0000004033
  0.0000041180
  0.0000308637
 -0.0000076360
  0.0000128304
  0.0000017879
  0.0000041953
 -0.0000023611
  0.0000053953
 -0.0000005390
  0.0000007853
  0.0000217293
 -0.0000728574
  0.0000342019
 -0.0000052692
 -0.0000036312
 -0.0000065877
 -0.0000034826
 -0.0000014404
  0.0000639386
  0.0000010020
 -0.0000010344
 -0.0000014722
  0.0000152206
  0.0000005513
 -0.0000036073
 -0.0000738430
 -0.0000049010
 -0.0000133003
 -0.0000112110
  0.0000308629
 -0.0000002421
 -0.0000012888
 -0.0000440387
  0.0000023644
 -0.0000029554
  0.0000077737
 -0.0000004714
 -0.0000043559
  0.0000218731
  0.0000070304
  0.0000140039
  0.0000033777
  0.0000258663
  0.0000785432
 -0.0000576309
  0.0000292362
  0.0000101280
 -0.0000439796
  0.0000034106
 -0.0000205226
 -0.0000064044
  0.0000702734
  0.0000008092
  0.0000009366
 -0.0000012421
  0.0000033078
 -0.0000052900
 -0.0000054933
 -0.0000014337
 -0.0000217083
 -0.0000413008
  0.0000030688
 -0.0000010776
 -0.0000005131
 -0.0000111979
 -0.0000027728
 -0.0000004467
  0.0000093724
 -0.0000014171
 -0.0000008482
 -0.0000050299
  0.0000273292
 -0.0000040014
 -0.0000007003
 -0.0000277370
 -0.0000014459
 -0.0000067413
  0.0000000275
 -0.0000154607
 -0.0000016543
 -0.0000003351
 -0.0000848661
 -0.0000000871
 -0.0000023280
  0.0000081922
 -0.0000005786
 -0.0000057591
 -0.0000235858
 -0.0000035969
  0.0000389231
 -0.0000272021
 -0.0000070435
  0.0000105837
 -0.0000461227
 -0.0000008735
  0.0000109304
 -0.0000178097
 -0.0000509797
  0.0000045061
 -0.0000112704
  0.0000336847
 -0.0000142588
 -0.0000003228
  0.0000003461
  0.0000023946
  0.0000015615
  0.0000021210
 -0.0000013009
 -0.0000093204
 -0.0001070776
  0.0000033120
 -0.0000005896
 -0.0000012078
 -0.0000026147
 -0.0000004593
 -0.0000015711
  0.0000190639
 -0.0000003305
 -0.0000008939
 -0.0000004519
  0.0000176355
 -0.0000002848
 -0.0000009295
 -0.0000475580
 -0.0000013239
 -0.0000054753
 -0.0000029258
  0.0000004339
 -0.0000023061
 -0.0000004184
 -0.0000396619
  0.0000008552
  0.0000011775
  0.0000100483
  0.0000018357
 -0.0000046548
 -0.0000661122
 -0.0000067438
  0.0000199748
 -0.0000112064
 -0.0000814963
 -0.0000091285
 -0.0000562790
  0.0000485755
  0.0000090943
 -0.0000194269
 -0.0000090578
  0.0000017368
  0.0000355757
  0.0000287779
  0.0000071321
  0.0000048170
  0.0000096770
  0.0000036119
  0.0000048658
  0.0000052200
  0.0000007795
  0.0000214623
 -0.0000745123
  0.0000127340
 -0.0000008352
  0.0000003061
  0.0000018089
  0.0000014740
  0.0000016047
  0.0000437904
  0.0000004724
  0.0000002746
  0.0000032935
  0.0000228737
  0.0000031338
  0.0000006100
 -0.0000302573
 -0.0000033443
 -0.0000068485
 -0.0000037797
  0.0000189189
  0.0000020268
  0.0000009420
 -0.0000384922
  0.0000154507
 -0.0000005533
  0.0000105986
 -0.0000017340
 -0.0000002714
 -0.0000697582
 -0.0000048270
 -0.0000063554
  0.0000184145
 -0.0000015730
 -0.0000590536
  0.0000008313
 -0.0000757518
  0.0000215457
  0.0000245786
 -0.0000197865
 -0.0000134989
  0.0000366590
  0.0000359133
  0.0000112762
  0.0000019359
  0.0000053899
 -0.0000004000
  0.0000053813
 -0.0000008190
  0.0000018310
  0.0000225930
 -0.0000791411
  0.0000283173
 -0.0000042161
 -0.0000014931
 -0.0000069903
 -0.0000018873
  0.0000001718
  0.0000542549
  0.0000019851
 -0.0000005449
 -0.0000011604
  0.0000143954
  0.0000004630
 -0.0000027454
 -0.0000356764
 -0.0000040121
 -0.0000115421
 -0.0000097540
  0.0000235986
  0.0000000490
 -0.0000012819
 -0.0000459935
  0.0000028464
 -0.0000005294
  0.0000084553
  0.0000021462
 -0.0000023385
  0.0000278316
  0.0000153356
  0.0000997202
  0.0000021244
  0.0000221603
  0.0001444038
 -0.0000594534
  0.0000196645
 -0.0000066853
 -0.0000456918
  0.0000077551
  0.0000303176
 -0.0000131050
  0.0000816951
  0.0000268077
  0.0000063721
  0.0000025593
  0.0000008519
  0.0000053118
 -0.0000009868
  0.0000029597
  0.0000025993
 -0.0000214326
 -0.0000398864
  0.0000021349
  0.0000028506
  0.0000021513
 -0.0000090834
  0.0000009152
  0.0000016476
  0.0000111675
  0.0000034442
  0.0000021051
 -0.0000007757
  0.0000267431
 -0.0000003896
  0.0000021862
 -0.0000085805
  0.0000008819
 -0.0000034691
  0.0000008417
 -0.0000115643
  0.0000011991
  0.0000021185
 -0.0000821579
  0.0000019064
  0.0000025315
  0.0000106775
  0.0000032398
 -0.0000024244
  0.0000220943
 -0.0000190810
 -0.0000064670
 -0.0000084860
 -0.0000411770
 -0.0000348449
  0.0000088540
 -0.0000099733
  0.0000274985
  0.0000026000
 -0.0000424157
 -0.0000108579
  0.0000132492
  0.0000412628
 -0.0000014933
  0.0000007204
  0.0000037745
  0.0000048785
  0.0000055395
 -0.0000014533
  0.0000021293
  0.0000008185
 -0.0000835406
 -0.0000002591
  0.0000029678
  0.0000029663
 -0.0000008435
  0.0000038216
  0.0000014324
  0.0000404192
  0.0000006391
  0.0000024222
  0.0000019092
  0.0000228574
  0.0000059316
  0.0000019998
 -0.0000321058
  0.0000012034
 -0.0000040134
 -0.0000034383
  0.0000148969
 -0.0000001562
  0.0000016018
 -0.0000431772
  0.0000074396
 -0.0000037241
  0.0000120568
 -0.0000038183
  0.0000004494
  0.0000284366
  0.0000050654
  0.0000024310
  0.0000145108
 -0.0000429212
 -0.0000557319
  0.0000088400
 -0.0000172983
  0.0000185114
  0.0000076861
 -0.0000394866
 -0.0000133410
  0.0000057703
  0.0000173193
  0.0000422041
  0.0000009381
  0.0000039461
  0.0000045107
  0.0000032274
 -0.0000034390
  0.0000012488
  0.0000304356
 -0.0000770960
 -0.0000027591
  0.0000003549
  0.0000013316
  0.0000040307
  0.0000024940
  0.0000025176
  0.0000416544
  0.0000015845
  0.0000007155
  0.0000029435
  0.0000245429
  0.0000034364
  0.0000023107
 -0.0000226954
  0.0000001825
 -0.0000058310
 -0.0000020915
  0.0000271807
 -0.0000017509
 -0.0000019799
 -0.0000439418
  0.0000122952
 -0.0000010296
  0.0000116732
  0.0000010406
  0.0000006547
 -0.0000142320
 -0.0000085257
  0.0000001560
 -0.0000165405
  0.0000059194
  0.0000094069
 -0.0000127430
  0.0000008700
  0.0000155531
  0.0000209202
  0.0000044000
  0.0000536413
  0.0000037219
  0.0000135255
 -0.0001084141
  0.0000179085
 -0.0000019869
 -0.0000826984
  0.0000044274
 -0.0000006649
  0.0000001848
  0.0000231602
  0.0000222636
  0.0000037122
  0.0000889178
  0.0000100508
 -0.0000088796
  0.0000002148
  0.0000174132
 -0.0000143300
  0.0000077751
  0.0000259041
 -0.0000067092
  0.0000013298
  0.0000300095
  0.0000010740
 -0.0000520448
  0.0000139690
  0.0000088169
  0.0000102109
  0.0000103786
  0.0000247910
 -0.0000073816
 -0.0000005318
  0.0000101479
 -0.0001660174
  0.0000171342
 -0.0000101842
 -0.0000267227
  0.0000120436
  0.0000022785
 -0.0000087806
 -0.0000756975
  0.0000117006
  0.0000127325
  0.0000052531
 -0.0002294097
 -0.0000561218
  0.0000370881
  0.0000116059
 -0.0000365427
  0.0000038552
 -0.0000176817
  0.0000087769
  0.0000106231
  0.0000100990
  0.0000123842
 -0.0000040044
 -0.0000038823
 -0.0000075507
 -0.0000020445
  0.0000022323
  0.0000308494
  0.0000032035
 -0.0000503229
  0.0000025438
  0.0000027069
  0.0000036326
 -0.0000025630
  0.0000313191
 -0.0000012013
  0.0000093774
  0.0000026787
 -0.0001281646
  0.0000252178
 -0.0000029735
 -0.0000249355
  0.0000104306
  0.0000000986
  0.0000116305
 -0.0000477466
  0.0000096016
 -0.0000035237
 -0.0000309571
  0.0000162275
 -0.0001878889
  0.0000001424
  0.0000410255
 -0.0000070777
 -0.0000778224
  0.0000038243
  0.0000078662
  0.0000147534
  0.0000251554
 -0.0000032208
 -0.0000030492
 -0.0000131102
 -0.0000000092
 -0.0000058497
 -0.0000078657
 -0.0000037594
 -0.0000015569
  0.0000046890
  0.0000141819
  0.0000043218
  0.0000011900
  0.0000056293
 -0.0001943542
 -0.0000197129
  0.0000002907
 -0.0000227472
  0.0000030721
 -0.0000023455
  0.0000007443
 -0.0000470665
  0.0000034746
  0.0000003074
 -0.0000018039
 -0.0000821894
 -0.0001754228
  0.0000203449
  0.0000032697
  0.0000095296
  0.0000002781
 -0.0000082779
 -0.0000051328
  0.0000026893
  0.0000019375
 -0.0000111804
 -0.0000003197
  0.0000014580
 -0.0000103858
  0.0000061714
 -0.0000002568
  0.0000155419
  0.0000001625
  0.0000017335
  0.0000071321
  0.0000022758
 -0.0001507467
  0.0000122392
  0.0000012435
 -0.0000875185
  0.0000043095
  0.0000031581
  0.0000031546
  0.0000010138
  0.0000029324
  0.0000054841
  0.0000939514
  0.0000015781
  0.0000067949
  0.0000057054
  0.0000052130
  0.0000019116
  0.0000049781
 -0.0000115035
 -0.0000117777
  0.0000020248
  0.0000100503
 -0.0000075875
 -0.0000193409
  0.0000048916
  0.0000051246
  0.0000035857
  0.0000649985
  0.0000046964
  0.0000066820
  0.0000087130
 -0.0000179416
  0.0000008928
 -0.0000563516
  0.0000048735
  0.0000031595
  0.0000039253
 -0.0000020540
 -0.0000057444
  0.0000017833
  0.0000427675
  0.0000048235
  0.0000256954
  0.0000099594
  0.0000145537
  0.0000062634
  0.0000041552
 -0.0000064961
  0.0000060575
 -0.0000092413
  0.0000190075
  0.0000045340
 -0.0000000525
  0.0000059264
  0.0000003057
  0.0000018404
  0.0000139698
  0.0000032243
  0.0000041455
  0.0000072786
 -0.0002260289
  0.0000083059
  0.0000034814
 -0.0000628275
  0.0000039538
  0.0000021107
  0.0000012680
 -0.0000629631
  0.0000056366
  0.0000083744
  0.0000016383
 -0.0000243770
 -0.0001803662
  0.0000511642
  0.0000085712
  0.0000234474
  0.0000028430
  0.0000045813
  0.0000180027
  0.0000090421
  0.0000122749
 -0.0000065083
 -0.0000088685
  0.0000067035
  0.0000074247
 -0.0000059677
  0.0000019511
 -0.0000003242
 -0.0000074677
 -0.0000067948
  0.0000007846
 -0.0000038694
  0.0000078839
  0.0000029962
 -0.0000008329
 -0.0000637716
  0.0000001511
  0.0000009134
  0.0000015499
 -0.0000017657
 -0.0000054458
 -0.0000063709
  0.0000009922
  0.0000428860
  0.0000034447
  0.0000181708
 -0.0000028416
 -0.0000193567
 -0.0000130782
 -0.0000013866
 -0.0000065413
 -0.0000032063
  0.0000044697
  0.0000024392
 -0.0000093414
  0.0000060959
 -0.0000059785
 -0.0000045028
  0.0000103191
  0.0000233361
  0.0000024509
  0.0000029638
  0.0000044317
 -0.0001423648
  0.0000137218
  0.0000010558
 -0.0000846287
  0.0000053604
 -0.0000015447
 -0.0000039060
 -0.0001114785
  0.0000037567
  0.0000036366
  0.0000031309
  0.0000075917
 -0.0001971993
 -0.0001528460
  0.0000487683
  0.0000042733
 -0.0000011984
 -0.0000007144
 -0.0000071432
  0.0000077794
  0.0000084765
  0.0000061894
  0.0000082403
 -0.0000021985
 -0.0000093602
 -0.0000220589
  0.0000126830
  0.0000034027
  0.0000076149
  0.0000017496
 -0.0000027161
  0.0000002462
  0.0000002867
 -0.0001871707
  0.0000061272
 -0.0000056346
 -0.0000539912
  0.0000006124
 -0.0000162929
 -0.0000034358
 -0.0001108580
  0.0000016582
  0.0000080532
 -0.0000001859
 -0.0002030630
 -0.0001659486
  0.0000286437
  0.0000029908
 -0.0000774207
 -0.0000060045
 -0.0000039334
 -0.0000087214
  0.0000078441
  0.0000106526
 -0.0000082222
  0.0000020710
  0.0000170550
  0.0000067215
  0.0000077071
  0.0000266716
  0.0000044152
  0.0000077636
  0.0000033499
  0.0000060261
  0.0000224403
  0.0000050959
  0.0000071050
  0.0000052363
  0.0000056346
  0.0000070946
  0.0000030025
  0.0000081619
  0.0000038989
  0.0000570135
  0.0000405158
  0.0000056841
  0.0000342239
  0.0000044748
  0.0000178895
  0.0000111521
  0.0000063294
  0.0000113585
 -0.0000001294
  0.0000009318
 -0.0000022364
 -0.0000057098
 -0.0000040495
 -0.0000017497
 -0.0000033207
  0.0000177380
 -0.0000011432
 -0.0000003439
 -0.0000458146
 -0.0000026091
 -0.0000007442
 -0.0000142996
 -0.0000036840
 -0.0000018887
  0.0000176862
  0.0000018698
 -0.0000033533
 -0.0000107687
 -0.0000028047
 -0.0000044449
  0.0000085163
  0.0000210605
 -0.0000244259
 -0.0000039020
 -0.0000170866
  0.0000279472
  0.0000165390
  0.0000238882
  0.0000011964
  0.0000210974
  0.0000112741
  0.0000040720
  0.0000110607
 -0.0001410712
  0.0000190211
 -0.0000004536
  0.0000015774
  0.0000076343
  0.0000008694
  0.0000099224
 -0.0000269079
  0.0000010884
  0.0000222917
 -0.0000119167
  0.0000025417
 -0.0001140469
  0.0000010194
  0.0000454628
  0.0000287056
 -0.0001759405
 -0.0000036142
  0.0000040899
  0.0000276305
  0.0000354361
  0.0000130233
  0.0000192490
 -0.0000105943
 -0.0000083433
  0.0000024553
 -0.0000086956
  0.0000356886
  0.0000253045
  0.0000273707
  0.0000057938
  0.0000053911
  0.0000047074
  0.0000009122
 -0.0000052653
 -0.0001439017
  0.0000119350
  0.0000083165
 -0.0000040924
 -0.0000121070
  0.0000034505
  0.0000049446
 -0.0000709723
 -0.0000096091
  0.0000137308
  0.0000029037
 -0.0000098229
 -0.0001947880
 -0.0000491645
  0.0000348099
  0.0000016817
 -0.0000366665
 -0.0000079384
  0.0000017776
  0.0000067561
 -0.0000153307
  0.0000047380
  0.0000061614
  0.0000196993
  0.0000443451
 -0.0000073887
 -0.0000501827
  0.0000565369
  0.0000806456
  0.0000976624
 -0.0000036665
  0.0000033353
 -0.0000074707
 -0.0000053999
  0.0000125348
 -0.0002005067
  0.0000908815
 -0.0000039486
  0.0000120355
  0.0000144277
 -0.0000114498
  0.0000064071
 -0.0000783593
 -0.0000076980
  0.0000784444
 -0.0000236344
 -0.0000080400
 -0.0002319803
  0.0000094863
  0.0000646256
  0.0000162166
 -0.0002003878
 -0.0000189144
 -0.0000033249
  0.0000234044
  0.0000428917
  0.0000651435
  0.0000183292
 -0.0000021753
  0.0000112157
  0.0000035076
  0.0000045555
  0.0000087365
  0.0000098703
  0.0000099672
  0.0000114091
 -0.0000070588
  0.0000022110
  0.0000099236
  0.0000062969
  0.0000075248
 -0.0000282205
  0.0000102861
  0.0000152383
  0.0000088154
 -0.0000196048
 -0.0001604835
  0.0000120408
  0.0000217520
  0.0000025766
 -0.0000010505
  0.0000022067
  0.0000133342
  0.0000166548
 -0.0000123175
 -0.0000014285
  0.0000031771
  0.0000038396
  0.0000066662
 -0.0000015099
 -0.0000082787
  0.0000133669
  0.0000054124
  0.0000080124
  0.0000041431
 -0.0000014301
  0.0000022529
  0.0000053920
  0.0000008231
  0.0000035581
  0.0000103958
  0.0000005219
 -0.0000065937
  0.0000075397
  0.0000589558
  0.0000291060
  0.0000042639
  0.0000091312
  0.0000049306
 -0.0000195932
 -0.0000012287
  0.0000045385
 -0.0000119401
 -0.0000326219
  0.0000062316
 -0.0000463890
  0.0000446831
  0.0000275061
  0.0000409529
  0.0000176152
  0.0000298130
 -0.0000046653
  0.0000111396
  0.0000052942
 -0.0001563269
  0.0000310786
 -0.0000007297
 -0.0000331937
  0.0000029119
  0.0000047482
  0.0000039141
 -0.0000503014
  0.0000191131
  0.0000431045
  0.0000190093
 -0.0002068018
 -0.0000837033
  0.0000562632
  0.0000145207
 -0.0001619944
 -0.0000047893
 -0.0000016438
  0.0000386211
  0.0000449997
  0.0000343890
  0.0000227813
 -0.0000155098
 -0.0000352379
 -0.0000045754
 -0.0000031672
 -0.0000020656
 -0.0000240418
 -0.0000019492
 -0.0000047210
 -0.0000020295
 -0.0000272524
 -0.0000191708
  0.0000002322
 -0.0000061627
 -0.0000016145
  0.0000000792
  0.0000220555
 -0.0000383824
 -0.0000000679
 -0.0000152214
 -0.0000025655
 -0.0000041223
 -0.0000040466
 -0.0000028269
  0.0000005250
 -0.0000026391
 -0.0000134839
 -0.0000009148
 -0.0000005846
 -0.0000031972
 -0.0000010907
 -0.0000027870
 -0.0000110207
 -0.0000001380
 -0.0000198693
 -0.0000045829
 -0.0000091061
 -0.0000010260
 -0.0000030603
  0.0000034452
 -0.0000021320
 -0.0000053601
 -0.0000032853
 -0.0000066895
 -0.0000162229
 -0.0000031881
 -0.0000007728
  0.0000320617
 -0.0000381536
  0.0000013344
 -0.0000010039
 -0.0000006354
 -0.0000020756
  0.0000054085
  0.0000015084
 -0.0000236762
 -0.0000053225
 -0.0000005011
 -0.0000113885
 -0.0000053180
 -0.0000108666
 -0.0000022410
 -0.0000005055
 -0.0000410289
  0.0000019934
  0.0000083303
 -0.0000014130
 -0.0000188449
 -0.0000040499
 -0.0000008914
 -0.0000165368
  0.0000001687
  0.0000005693
  0.0000009642
  0.0000138878
 -0.0000097552
 -0.0000006614
 -0.0000179429
 -0.0000071026
 -0.0000006394
  0.0000028664
  0.0000017160
 -0.0000015287
 -0.0000018674
 -0.0000053074
  0.0000035321
 -0.0000130257
 -0.0000027381
 -0.0000161402
 -0.0000013918
 -0.0000291092
 -0.0000052181
 -0.0000034678
 -0.0000396473
 -0.0000015096
 -0.0000012575
 -0.0000239165
 -0.0000019019
 -0.0000016332
  0.0000048030
 -0.0000176191
 -0.0000009165
 -0.0000090802
 -0.0000010110
  0.0000099116
 -0.0000469923
 -0.0000134339
  0.0000050817
  0.0000030285
  0.0000069474
 -0.0000041285
  0.0000014201
  0.0000096132
  0.0000108970
  0.0000029605
  0.0000020961
 -0.0000043666
  0.0000020335
  0.0000161219
  0.0000149495
  0.0000094371
  0.0000180720
  0.0000200378
  0.0000091797
  0.0000070868
  0.0000075423
 -0.0000530195
  0.0000232554
  0.0000364090
  0.0000088673
  0.0000007559
 -0.0000010773
  0.0000071407
 -0.0000103781
 -0.0000020457
 -0.0000393334
 -0.0000104993
  0.0000004981
  0.0000054423
  0.0000061981
 -0.0000014940
 -0.0000029884
  0.0000006458
 -0.0000019282
 -0.0000502412
 -0.0000456305
 -0.0000389877
 -0.0000553217
 -0.0000504004
 -0.0000456954
 -0.0000333150
 -0.0000468223
  0.0000099408
  0.0000000287
  0.0000057747
 -0.0000115122
 -0.0000004357
  0.0000016998
  0.0000008212
 -0.0000152779
  0.0000112205
  0.0000040584
  0.0000027532
 -0.0000039140
  0.0000059468
 -0.0000001710
 -0.0000054723
 -0.0000110793
  0.0000018789
  0.0000028154
 -0.0000033112
 -0.0000029419
 -0.0000034371
 -0.0000004066
 -0.0000118833
 -0.0000153996
  0.0000011667
 -0.0000033354
  0.0000000979
  0.0000006966
 -0.0000038332
 -0.0000060720
  0.0000000435
  0.0000119669
  0.0000037585
 -0.0000008015
  0.0000075376
 -0.0000089809
  0.0000116577
  0.0000063156
  0.0000049183
  0.0000113073
  0.0000132361
  0.0000029692
  0.0000024059
 -0.0000016083
 -0.0000040542
 -0.0000009950
 -0.0000048542
  0.0000001886
 -0.0000013580
  0.0000046733
 -0.0000140482
  0.0000064971
 -0.0000029412
 -0.0000026612
 -0.0000053661
  0.0000062821
 -0.0000105645
 -0.0000084035
 -0.0000277098
 -0.0000128572
  0.0000006830
  0.0000006552
 -0.0000087934
 -0.0000062861
 -0.0000034775
 -0.0000068031
  0.0000007766
  0.0000001296
 -0.0000009046
  0.0000009109
 -0.0000126593
