 -0.0000022911
 -0.0000002281
 -0.0000022608
  0.0000001254
 -0.0000009832
 -0.0000000076
 -0.0000006329
 -0.0000011331
  0.0000000789
 -0.0000022718
 -0.0000002245
  0.0000000648
  0.0000000200
 -0.0000000623
  0.0000002059
 -0.0000000433
 -0.0000000364
 -0.0000001241
  0.0000000786
 -0.0000009038
 -0.0000000287
 -0.0000008485
 -0.0000026803
  0.0000002284
 -0.0000010782
  0.0000002460
 -0.0000000298
 -0.0000000949
 -0.0000002362
 -0.0000003935
 -0.0000001448
 -0.0000022892
 -0.0000002061
  0.0000002419
  0.0000002024
 -0.0000010892
 -0.0000001448
 -0.0000000136
 -0.0000017254
  0.0000000987
 -0.0000001994
  0.0000001351
  0.0000000768
  0.0000000168
  0.0000000387
  0.0000001579
  0.0000000763
  0.0000000568
  0.0000000451
  0.0000002515
 -0.0000002806
  0.0000000499
 -0.0000000297
 -0.0000000855
 -0.0000003446
  0.0000002315
 -0.0000004915
 -0.0000005811
 -0.0000003869
 -0.0000000729
 -0.0000005115
  0.0000002327
 -0.0000001187
 -0.0000004084
  0.0000002913
  0.0000003647
 -0.0000000302
  0.0000001232
 -0.0000001280
 -0.0000003529
  0.0000001317
 -0.0000046100
  0.0000001971
  0.0000002676
  0.0000000436
  0.0000038040
  0.0000046971
  0.0000001457
 -0.0000036699
  0.0000063559
  0.0000059617
 -0.0000107811
  0.0000056317
 -0.0000048521
 -0.0000019672
  0.0000004108
 -0.0000005472
  0.0000002118
  0.0000004531
 -0.0000029393
 -0.0000016735
  0.0000013107
 -0.0000009531
 -0.0000033777
 -0.0000017786
 -0.0000009914
 -0.0000092539
 -0.0000015040
  0.0000019953
 -0.0000020954
 -0.0000035029
  0.0000012983
  0.0000020558
 -0.0000002279
  0.0000320923
 -0.0000076472
 -0.0000013507
  0.0000072772
 -0.0000022449
  0.0000009817
 -0.0000002115
 -0.0000009265
 -0.0000015410
 -0.0000031483
 -0.0000047689
  0.0000005268
  0.0000014854
 -0.0000027228
  0.0000028864
 -0.0000010066
  0.0000001721
  0.0000012221
 -0.0000013769
 -0.0000000896
  0.0000004094
  0.0000007044
 -0.0000008633
  0.0000004953
 -0.0000055141
  0.0000017154
  0.0000003298
 -0.0000031781
 -0.0000027915
 -0.0000019408
  0.0000004141
 -0.0000004727
  0.0000000240
 -0.0000026537
  0.0000007450
  0.0000012510
  0.0000004571
  0.0000011278
  0.0000009276
  0.0000001161
  0.0000000943
  0.0000004102
  0.0000004098
  0.0000002804
  0.0000002125
  0.0000001167
  0.0000001916
  0.0000000512
  0.0000004103
 -0.0000000370
 -0.0000004289
 -0.0000000103
 -0.0000002324
  0.0000001481
 -0.0000002345
  0.0000001540
  0.0000000680
  0.0000002011
 -0.0000001235
 -0.0000003399
  0.0000005527
  0.0000001581
  0.0000000088
 -0.0000000120
 -0.0000002117
 -0.0000001913
  0.0000000711
 -0.0000006606
 -0.0000002941
 -0.0000004868
 -0.0000005623
 -0.0000005587
 -0.0000000927
 -0.0000007731
 -0.0000008803
 -0.0000013821
 -0.0000002988
 -0.0000001874
 -0.0000010823
 -0.0000010793
 -0.0000003691
 -0.0000010407
 -0.0000004855
 -0.0000007730
 -0.0000002780
 -0.0000001195
 -0.0000006217
 -0.0000001110
 -0.0000000059
 -0.0000013310
 -0.0000000012
 -0.0000005491
 -0.0000000905
 -0.0000003365
 -0.0000000174
  0.0000001299
 -0.0000005650
 -0.0000013099
  0.0000039111
  0.0000043804
  0.0000025240
 -0.0000048110
  0.0000065742
  0.0000057354
 -0.0000090858
  0.0000047150
 -0.0000069819
  0.0000019776
  0.0000017923
 -0.0000003080
  0.0000002706
  0.0000003242
 -0.0000004309
 -0.0000025527
 -0.0000005394
  0.0000009698
 -0.0000073658
 -0.0000027866
 -0.0000019325
 -0.0000130625
 -0.0000009606
  0.0000032101
 -0.0000062448
 -0.0000071610
 -0.0000007105
  0.0000113243
 -0.0000065249
  0.0000410429
 -0.0000094401
 -0.0000044385
 -0.0000067611
 -0.0000010526
  0.0000013563
 -0.0000013206
 -0.0000016207
 -0.0000039057
 -0.0000017282
 -0.0000008692
 -0.0000005417
  0.0000030863
  0.0000011042
 -0.0000002528
  0.0000032641
 -0.0000002501
 -0.0000003774
  0.0000016574
 -0.0000004810
 -0.0000033756
  0.0000015029
 -0.0000034057
 -0.0000014928
 -0.0000010391
  0.0000013156
 -0.0000002636
 -0.0000001721
 -0.0000004202
 -0.0000001765
  0.0000003684
 -0.0000002238
  0.0000000091
 -0.0000014279
  0.0000000224
 -0.0000007024
 -0.0000002212
 -0.0000000487
 -0.0000001751
 -0.0000002435
 -0.0000002634
 -0.0000002783
 -0.0000003592
 -0.0000005590
 -0.0000012361
 -0.0000004739
 -0.0000006708
 -0.0000003120
 -0.0000001997
 -0.0000004151
 -0.0000002539
 -0.0000003530
 -0.0000001668
 -0.0000002035
 -0.0000001112
 -0.0000005597
  0.0000004936
  0.0000001847
  0.0000003244
 -0.0000002957
  0.0000003230
  0.0000004392
  0.0000001854
 -0.0000006802
 -0.0000001651
  0.0000008079
  0.0000000599
 -0.0000001634
 -0.0000001066
 -0.0000006540
 -0.0000001977
 -0.0000000907
  0.0000002765
  0.0000000483
 -0.0000003746
 -0.0000003383
  0.0000005654
 -0.0000001337
  0.0000000608
  0.0000004287
  0.0000000418
  0.0000000223
  0.0000004227
  0.0000050133
  0.0000065029
  0.0000032642
 -0.0000021946
  0.0000062907
  0.0000044277
 -0.0000090590
  0.0000065788
 -0.0000097132
 -0.0000019532
  0.0000038315
  0.0000001385
 -0.0000011223
 -0.0000001652
  0.0000012029
 -0.0000015706
  0.0000023018
  0.0000036846
 -0.0000037289
 -0.0000022054
 -0.0000001626
 -0.0000085399
 -0.0000013820
  0.0000019689
  0.0000009866
 -0.0000041293
  0.0000012537
  0.0000051200
  0.0000013234
  0.0000249816
 -0.0000070665
 -0.0000010143
  0.0000123866
  0.0000005574
  0.0000020551
 -0.0000015363
 -0.0000005008
 -0.0000011987
 -0.0000053797
  0.0000000384
  0.0000008969
 -0.0000011679
  0.0000060767
 -0.0000000764
  0.0000001480
  0.0000020211
  0.0000001092
  0.0000008266
  0.0000014015
  0.0000007556
 -0.0000001788
 -0.0000034552
  0.0000013071
 -0.0000039275
 -0.0000021883
 -0.0000001486
  0.0000006398
  0.0000003816
 -0.0000025586
  0.0000009653
 -0.0000001525
 -0.0000007861
 -0.0000004760
 -0.0000003497
  0.0000000259
 -0.0000014864
 -0.0000005141
 -0.0000009843
 -0.0000000938
 -0.0000003210
 -0.0000000395
 -0.0000002933
 -0.0000003423
  0.0000002710
 -0.0000003210
 -0.0000003560
 -0.0000006212
 -0.0000004422
 -0.0000010948
 -0.0000003938
 -0.0000007978
 -0.0000003803
 -0.0000001498
 -0.0000010026
 -0.0000003978
 -0.0000010898
 -0.0000001721
 -0.0000003700
 -0.0000003669
 -0.0000003935
 -0.0000007304
 -0.0000009069
  0.0000001657
 -0.0000004647
 -0.0000001960
 -0.0000003009
  0.0000000908
  0.0000002721
 -0.0000009607
 -0.0000011111
 -0.0000008703
 -0.0000001094
 -0.0000003805
 -0.0000008180
 -0.0000004898
 -0.0000008677
 -0.0000006005
 -0.0000008618
 -0.0000003892
 -0.0000003132
 -0.0000007440
 -0.0000010075
 -0.0000003779
 -0.0000008222
 -0.0000006163
 -0.0000000299
  0.0000007295
 -0.0000006889
 -0.0000005535
 -0.0000005568
  0.0000040710
  0.0000050334
  0.0000004831
 -0.0000029600
  0.0000071282
  0.0000066790
 -0.0000100490
  0.0000060467
 -0.0000037180
 -0.0000012129
  0.0000009936
  0.0000000060
 -0.0000000645
  0.0000002048
 -0.0000023900
 -0.0000024872
  0.0000035351
 -0.0000018771
 -0.0000042924
 -0.0000028168
 -0.0000005984
 -0.0000105640
 -0.0000019704
  0.0000061965
 -0.0000031257
 -0.0000066009
  0.0000000236
  0.0000160741
 -0.0000030340
  0.0000414616
 -0.0000067590
 -0.0000019567
 -0.0000003098
 -0.0000010431
 -0.0000002418
  0.0000004468
 -0.0000000496
 -0.0000006869
  0.0000002476
 -0.0000020963
 -0.0000010157
 -0.0000002914
  0.0000011356
  0.0000065305
 -0.0000000628
 -0.0000002590
  0.0000026474
 -0.0000005426
  0.0000003593
  0.0000013883
  0.0000014225
 -0.0000007788
 -0.0000021596
  0.0000000210
 -0.0000017080
 -0.0000053197
 -0.0000024506
  0.0000013513
  0.0000001901
 -0.0000004603
 -0.0000014693
  0.0000004049
  0.0000009017
 -0.0000010093
 -0.0000001234
  0.0000001736
  0.0000003252
 -0.0000006002
 -0.0000002557
 -0.0000001519
 -0.0000005811
 -0.0000004260
  0.0000003057
  0.0000000105
 -0.0000002969
 -0.0000002217
  0.0000000886
 -0.0000004089
  0.0000001876
  0.0000001720
 -0.0000001704
 -0.0000002258
 -0.0000001691
 -0.0000001645
 -0.0000002142
 -0.0000004197
 -0.0000009046
  0.0000001682
  0.0000000044
 -0.0000000935
  0.0000002781
  0.0000000876
  0.0000000447
  0.0000002752
 -0.0000000282
  0.0000002033
  0.0000002238
  0.0000000582
 -0.0000002935
 -0.0000001143
 -0.0000008130
 -0.0000000319
 -0.0000002675
 -0.0000001190
  0.0000000369
 -0.0000004166
 -0.0000002925
 -0.0000001315
 -0.0000001947
 -0.0000000320
 -0.0000001418
  0.0000000928
  0.0000002472
  0.0000000822
 -0.0000003400
 -0.0000000381
 -0.0000003153
 -0.0000003759
  0.0000001004
 -0.0000002171
  0.0000000608
  0.0000002071
 -0.0000005111
  0.0000037179
  0.0000054362
  0.0000017984
 -0.0000032409
  0.0000064643
  0.0000011932
 -0.0000063232
  0.0000051892
 -0.0000050235
  0.0000021917
  0.0000016778
  0.0000003441
 -0.0000002074
  0.0000004504
  0.0000026709
 -0.0000025867
  0.0000022007
  0.0000062574
 -0.0000042580
 -0.0000029196
 -0.0000007074
 -0.0000088353
 -0.0000022683
  0.0000015721
  0.0000027974
 -0.0000049010
  0.0000001503
  0.0000072530
  0.0000013354
  0.0000253703
 -0.0000073892
 -0.0000017858
  0.0000161590
  0.0000012756
 -0.0000001083
 -0.0000016005
 -0.0000001679
 -0.0000044801
 -0.0000006574
 -0.0000000057
 -0.0000003050
 -0.0000003373
  0.0000001629
  0.0000029060
 -0.0000000761
 -0.0000012642
  0.0000013227
 -0.0000006213
 -0.0000020803
  0.0000002875
 -0.0000039293
 -0.0000028300
  0.0000003418
 -0.0000003523
 -0.0000001814
 -0.0000021128
 -0.0000004483
 -0.0000000863
  0.0000000227
 -0.0000002726
  0.0000001310
 -0.0000004348
 -0.0000001214
 -0.0000018843
 -0.0000001623
 -0.0000013469
  0.0000002974
  0.0000000326
 -0.0000001053
 -0.0000007415
 -0.0000006539
 -0.0000008027
 -0.0000003149
  0.0000001549
 -0.0000000407
 -0.0000001037
  0.0000004958
 -0.0000008265
 -0.0000013556
 -0.0000002386
 -0.0000004835
 -0.0000003253
 -0.0000001521
 -0.0000006515
  0.0000007261
 -0.0000013182
 -0.0000003686
 -0.0000001107
  0.0000003708
 -0.0000003707
 -0.0000000799
 -0.0000013410
 -0.0000007624
 -0.0000004797
 -0.0000008323
 -0.0000007255
 -0.0000000825
 -0.0000007701
 -0.0000008157
 -0.0000003965
 -0.0000009558
 -0.0000013815
 -0.0000005797
 -0.0000009752
  0.0000007900
 -0.0000009994
 -0.0000006343
 -0.0000004596
 -0.0000009259
  0.0000009190
 -0.0000002719
 -0.0000004627
 -0.0000003617
 -0.0000006750
 -0.0000008060
  0.0000006835
 -0.0000003385
 -0.0000001268
 -0.0000007575
 -0.0000010490
 -0.0000008241
  0.0000009025
  0.0000010149
  0.0000024920
 -0.0000008739
  0.0000051288
 -0.0000014956
 -0.0000053479
  0.0000023801
 -0.0000027096
 -0.0000020213
  0.0000008708
  0.0000025314
  0.0000011994
 -0.0000048229
  0.0000014006
 -0.0000021291
 -0.0000026515
  0.0000025100
 -0.0000075256
 -0.0000019230
 -0.0000012635
 -0.0000136724
  0.0000000379
  0.0000038582
 -0.0000105563
 -0.0000064828
  0.0000004098
  0.0000026262
 -0.0000114520
  0.0000356634
 -0.0000078877
 -0.0000021364
 -0.0000095292
 -0.0000013866
  0.0000005899
 -0.0000009031
  0.0000005788
 -0.0000002615
 -0.0000007448
  0.0000005410
 -0.0000040239
  0.0000002840
 -0.0000005473
  0.0000007186
  0.0000058197
 -0.0000005961
  0.0000003233
  0.0000044519
 -0.0000005465
  0.0000001085
 -0.0000004655
  0.0000026523
  0.0000006361
  0.0000007861
 -0.0000031546
 -0.0000003134
  0.0000032503
 -0.0000055574
 -0.0000022853
  0.0000013082
 -0.0000008481
  0.0000009478
 -0.0000005961
  0.0000002215
  0.0000024975
  0.0000006843
  0.0000013831
  0.0000003928
  0.0000006173
 -0.0000002295
 -0.0000008790
  0.0000003400
  0.0000002348
 -0.0000006502
 -0.0000002111
 -0.0000004373
  0.0000002983
 -0.0000000743
  0.0000001129
  0.0000001441
 -0.0000000270
 -0.0000001608
  0.0000002407
  0.0000001445
 -0.0000003128
  0.0000001088
 -0.0000005298
 -0.0000001387
 -0.0000000493
 -0.0000008665
 -0.0000006672
  0.0000001535
 -0.0000003708
 -0.0000002845
 -0.0000009952
  0.0000000120
  0.0000005221
 -0.0000010414
 -0.0000007613
 -0.0000014021
 -0.0000006915
 -0.0000001252
 -0.0000002852
  0.0000008871
 -0.0000000222
 -0.0000001041
  0.0000004074
 -0.0000007444
 -0.0000003116
 -0.0000001885
  0.0000000522
  0.0000003616
 -0.0000009866
  0.0000003986
 -0.0000001234
 -0.0000026134
 -0.0000005383
  0.0000002055
  0.0000000881
 -0.0000006354
 -0.0000019551
  0.0000002358
 -0.0000010089
 -0.0000003337
  0.0000001255
 -0.0000005458
 -0.0000012980
  0.0000007801
  0.0000000952
 -0.0000005323
 -0.0000000825
  0.0000001497
  0.0000066177
  0.0000023392
  0.0000005786
 -0.0000066774
 -0.0000013996
 -0.0000004980
 -0.0000048715
  0.0000044157
 -0.0000027641
 -0.0000031545
 -0.0000031279
  0.0000018036
 -0.0000079609
 -0.0000014314
 -0.0000006289
 -0.0000138260
  0.0000000672
  0.0000044310
 -0.0000117484
 -0.0000064428
 -0.0000001641
 -0.0000019962
 -0.0000100583
  0.0000216147
 -0.0000074563
 -0.0000032730
 -0.0000137646
  0.0000021015
  0.0000000797
  0.0000008266
  0.0000028939
  0.0000007387
  0.0000005872
  0.0000009943
  0.0000004792
 -0.0000009184
  0.0000001897
 -0.0000003248
  0.0000040776
  0.0000038531
 -0.0000001179
  0.0000060068
 -0.0000001266
  0.0000001351
 -0.0000000390
  0.0000038934
  0.0000011325
  0.0000009426
 -0.0000017984
  0.0000001906
  0.0000042663
 -0.0000044343
  0.0000018173
  0.0000005084
 -0.0000002322
  0.0000017203
  0.0000003220
  0.0000021913
  0.0000027341
  0.0000008310
  0.0000015705
 -0.0000000729
  0.0000008348
 -0.0000001871
 -0.0000006156
 -0.0000002743
 -0.0000001290
  0.0000002400
 -0.0000006655
 -0.0000003974
 -0.0000003266
 -0.0000007968
 -0.0000004271
 -0.0000001572
 -0.0000009298
 -0.0000005780
 -0.0000008011
 -0.0000000754
 -0.0000002524
 -0.0000003075
 -0.0000009275
 -0.0000005618
 -0.0000001180
 -0.0000008726
  0.0000007477
 -0.0000004662
 -0.0000003571
 -0.0000011726
 -0.0000004343
 -0.0000008421
 -0.0000004130
 -0.0000012299
 -0.0000002160
  0.0000000646
 -0.0000004023
  0.0000002597
 -0.0000000605
 -0.0000002883
  0.0000003384
 -0.0000003254
 -0.0000003015
 -0.0000005619
 -0.0000004864
 -0.0000005541
 -0.0000006770
  0.0000000128
  0.0000000144
 -0.0000005822
 -0.0000003880
 -0.0000008831
 -0.0000003049
 -0.0000005310
 -0.0000004552
 -0.0000001694
 -0.0000003759
 -0.0000004174
 -0.0000002781
 -0.0000003447
 -0.0000002167
 -0.0000003653
 -0.0000005834
 -0.0000002107
 -0.0000005110
 -0.0000000266
  0.0000002886
 -0.0000001983
  0.0000047183
  0.0000065653
  0.0000004938
 -0.0000011970
  0.0000079820
  0.0000076739
 -0.0000094786
  0.0000042892
 -0.0000043655
 -0.0000025662
  0.0000002020
  0.0000031323
  0.0000005651
  0.0000005948
 -0.0000028898
 -0.0000033120
 -0.0000001877
  0.0000049762
 -0.0000082511
 -0.0000026110
 -0.0000012373
 -0.0000130640
 -0.0000004122
  0.0000043515
 -0.0000080649
 -0.0000071752
 -0.0000003829
 -0.0000010356
 -0.0000102540
  0.0000348557
 -0.0000079372
 -0.0000031871
 -0.0000060344
  0.0000002543
 -0.0000002020
  0.0000023856
  0.0000017556
  0.0000001712
 -0.0000026173
 -0.0000008238
 -0.0000002179
 -0.0000002710
  0.0000034847
 -0.0000026261
 -0.0000001721
  0.0000056152
 -0.0000002848
 -0.0000002022
  0.0000043060
 -0.0000000495
  0.0000006765
 -0.0000019607
  0.0000001254
  0.0000023930
 -0.0000056501
 -0.0000011875
  0.0000003046
 -0.0000016225
  0.0000005779
 -0.0000000242
 -0.0000014056
  0.0000010180
  0.0000006352
  0.0000005769
  0.0000006779
 -0.0000001951
  0.0000005885
  0.0000002849
  0.0000005230
  0.0000011437
  0.0000005480
  0.0000005970
  0.0000008526
 -0.0000002630
  0.0000001711
 -0.0000003835
 -0.0000004973
  0.0000003549
  0.0000004294
 -0.0000000484
  0.0000008752
  0.0000001632
  0.0000004745
  0.0000011959
 -0.0000007877
 -0.0000006183
 -0.0000000230
  0.0000014562
  0.0000003186
  0.0000007539
 -0.0000001680
  0.0000005535
 -0.0000005912
  0.0000003741
 -0.0000006897
  0.0000006207
  0.0000009523
  0.0000004979
 -0.0000002901
  0.0000012012
 -0.0000001064
  0.0000000577
  0.0000003491
  0.0000007907
 -0.0000002076
  0.0000006598
  0.0000006210
  0.0000005107
 -0.0000003136
  0.0000005901
 -0.0000001473
  0.0000004179
 -0.0000001215
  0.0000010242
 -0.0000000079
  0.0000002186
  0.0000006702
  0.0000004253
  0.0000004039
  0.0000008439
  0.0000004008
  0.0000003545
  0.0000005023
  0.0000001651
 -0.0000001180
  0.0000002093
  0.0000000242
  0.0000000516
  0.0000005699
  0.0000038926
  0.0000042576
  0.0000034554
 -0.0000046163
 -0.0000037031
  0.0000020919
 -0.0000030306
 -0.0000111939
 -0.0000112968
 -0.0000081299
 -0.0000013474
  0.0000001390
 -0.0000145206
  0.0000017892
 -0.0000006512
 -0.0000158340
 -0.0000070579
  0.0000020775
  0.0000140958
 -0.0000096573
 -0.0000534848
 -0.0000061275
  0.0000041055
 -0.0000064403
  0.0000055579
  0.0000023390
  0.0000048515
  0.0000084638
  0.0000017625
  0.0000031929
  0.0000052683
  0.0000051232
  0.0000026140
  0.0000007771
  0.0000021706
 -0.0000072174
  0.0000068610
  0.0000005455
  0.0000131288
  0.0000006512
  0.0000005938
 -0.0000000813
  0.0000089082
  0.0000047725
  0.0000045645
 -0.0000017020
  0.0000002686
  0.0000001217
 -0.0000125020
  0.0000049268
  0.0000010989
 -0.0000002398
  0.0000063169
  0.0000004218
  0.0000046232
  0.0000100653
  0.0000002784
  0.0000046478
  0.0000001234
 -0.0000002063
 -0.0000003085
  0.0000005893
 -0.0000005112
 -0.0000000543
 -0.0000012212
 -0.0000000962
  0.0000000165
 -0.0000000580
 -0.0000002251
  0.0000000349
 -0.0000004398
 -0.0000003735
 -0.0000003715
 -0.0000007612
 -0.0000004520
 -0.0000005988
 -0.0000002645
 -0.0000004141
 -0.0000001284
 -0.0000000629
 -0.0000001508
 -0.0000002077
 -0.0000000532
 -0.0000000201
 -0.0000001089
 -0.0000000608
 -0.0000000322
 -0.0000002281
 -0.0000000439
 -0.0000003882
 -0.0000003365
 -0.0000004686
 -0.0000000427
 -0.0000002971
 -0.0000003621
 -0.0000005714
 -0.0000003368
 -0.0000002331
 -0.0000000724
  0.0000000891
 -0.0000002077
  0.0000000526
  0.0000001252
 -0.0000002438
 -0.0000001122
 -0.0000001282
  0.0000000230
  0.0000000205
 -0.0000000267
 -0.0000003465
  0.0000031495
  0.0000030687
  0.0000010925
 -0.0000040611
  0.0000020843
 -0.0000027212
 -0.0000079996
  0.0000023406
 -0.0000046429
  0.0000027794
  0.0000006193
 -0.0000011013
  0.0000004040
  0.0000005424
  0.0000014963
 -0.0000013560
  0.0000018767
  0.0000049400
 -0.0000044118
 -0.0000024772
 -0.0000013311
 -0.0000100032
 -0.0000013778
  0.0000006925
  0.0000012267
 -0.0000049305
  0.0000001435
  0.0000097926
  0.0000054164
  0.0000279253
 -0.0000102745
 -0.0000028817
  0.0000040744
  0.0000023002
 -0.0000002887
 -0.0000004892
 -0.0000004789
  0.0000005894
 -0.0000028809
 -0.0000034153
 -0.0000007993
 -0.0000002304
 -0.0000008277
 -0.0000000953
  0.0000018965
  0.0000001581
 -0.0000015763
 -0.0000039833
  0.0000052974
  0.0000011731
 -0.0000023479
 -0.0000002573
 -0.0000032310
 -0.0000000448
 -0.0000013453
 -0.0000014934
 -0.0000006651
 -0.0000000840
  0.0000000818
 -0.0000002219
 -0.0000001443
 -0.0000005672
 -0.0000000801
  0.0000001537
  0.0000005355
 -0.0000006071
  0.0000001753
 -0.0000006325
 -0.0000000515
  0.0000003352
  0.0000002497
 -0.0000009481
 -0.0000000533
 -0.0000007632
 -0.0000001403
 -0.0000006027
 -0.0000001118
 -0.0000006686
  0.0000004371
  0.0000002636
 -0.0000003823
 -0.0000007567
 -0.0000012414
 -0.0000005201
 -0.0000000466
 -0.0000001990
 -0.0000007083
 -0.0000008814
 -0.0000006567
  0.0000000055
  0.0000001249
 -0.0000000557
  0.0000001271
 -0.0000002370
  0.0000001818
  0.0000003799
  0.0000000023
 -0.0000001287
  0.0000000502
 -0.0000005838
 -0.0000000690
  0.0000003426
  0.0000001501
 -0.0000009764
 -0.0000009102
 -0.0000011194
 -0.0000004912
 -0.0000004311
 -0.0000004657
  0.0000001566
 -0.0000002228
 -0.0000007867
 -0.0000006982
 -0.0000000264
 -0.0000003804
  0.0000000554
  0.0000003041
  0.0000008095
  0.0000007564
 -0.0000006041
 -0.0000002954
 -0.0000001007
 -0.0000003542
 -0.0000002927
 -0.0000001529
  0.0000000449
 -0.0000006129
  0.0000013948
  0.0000014956
  0.0000024310
 -0.0000006518
  0.0000041995
 -0.0000019270
 -0.0000067462
  0.0000030016
 -0.0000023185
 -0.0000015891
  0.0000011805
  0.0000032232
  0.0000012590
 -0.0000040846
  0.0000016905
 -0.0000025789
  0.0000002212
  0.0000038861
 -0.0000050826
  0.0000001945
 -0.0000011984
 -0.0000116654
 -0.0000018031
  0.0000052232
 -0.0000066515
 -0.0000043866
 -0.0000001591
  0.0000008286
 -0.0000058848
  0.0000319667
 -0.0000075120
 -0.0000030238
 -0.0000027950
 -0.0000013772
 -0.0000000203
  0.0000005497
  0.0000015542
 -0.0000024995
 -0.0000011158
  0.0000003657
 -0.0000015558
 -0.0000002464
 -0.0000002428
  0.0000025994
  0.0000048795
 -0.0000039526
  0.0000003612
  0.0000046761
 -0.0000000899
  0.0000000278
 -0.0000010058
  0.0000033586
  0.0000024617
  0.0000005943
 -0.0000025153
  0.0000003968
  0.0000024151
 -0.0000066788
 -0.0000004445
  0.0000028957
 -0.0000028348
  0.0000006358
 -0.0000001066
 -0.0000002144
 -0.0000040330
  0.0000026126
  0.0000012522
 -0.0000006103
  0.0000004517
  0.0000011430
 -0.0000000521
  0.0000004944
 -0.0000008655
  0.0000008071
 -0.0000012990
  0.0000002134
 -0.0000006795
  0.0000001618
  0.0000002065
  0.0000005947
 -0.0000000491
 -0.0000010515
 -0.0000003921
  0.0000003255
  0.0000002717
  0.0000000267
  0.0000003439
  0.0000006765
 -0.0000003018
 -0.0000014232
 -0.0000003681
  0.0000004066
  0.0000003673
 -0.0000004970
 -0.0000000164
  0.0000001564
 -0.0000006701
  0.0000009774
  0.0000005183
  0.0000000419
 -0.0000009100
 -0.0000005786
  0.0000002912
  0.0000002567
 -0.0000005680
  0.0000002426
  0.0000005827
 -0.0000004335
 -0.0000011722
 -0.0000000761
  0.0000004513
  0.0000000851
 -0.0000003654
 -0.0000003405
  0.0000002333
 -0.0000005143
 -0.0000008506
 -0.0000001644
 -0.0000009997
 -0.0000007747
 -0.0000000913
 -0.0000007449
 -0.0000006933
 -0.0000006008
 -0.0000006014
 -0.0000001414
  0.0000001530
 -0.0000006051
  0.0000002653
  0.0000007634
  0.0000001548
  0.0000005350
  0.0000001278
  0.0000025880
  0.0000002990
 -0.0000004374
  0.0000008903
  0.0000024308
 -0.0000080426
  0.0000028850
 -0.0000005572
  0.0000000273
 -0.0000046369
 -0.0000076882
 -0.0000080427
 -0.0000096458
  0.0000007389
 -0.0000009762
 -0.0000110657
  0.0000011198
  0.0000034799
 -0.0000165288
 -0.0000054937
  0.0000008928
  0.0000076044
 -0.0000121253
 -0.0000306699
 -0.0000058953
 -0.0000011771
 -0.0000101034
  0.0000032154
  0.0000014487
  0.0000022343
  0.0000077519
  0.0000011433
  0.0000022701
  0.0000015782
  0.0000010516
  0.0000003048
  0.0000004073
  0.0000015692
 -0.0000050993
  0.0000068257
 -0.0000003776
  0.0000086164
  0.0000003684
 -0.0000003980
  0.0000002346
  0.0000057392
  0.0000010935
  0.0000032560
 -0.0000007649
  0.0000003863
  0.0000007389
 -0.0000090329
  0.0000043865
  0.0000012328
  0.0000000336
  0.0000029932
  0.0000003817
  0.0000055761
  0.0000060705
  0.0000008057
  0.0000047935
 -0.0000002418
  0.0000000024
  0.0000006408
  0.0000004656
  0.0000004104
 -0.0000000950
  0.0000002497
  0.0000005250
 -0.0000001390
 -0.0000000649
  0.0000003833
  0.0000002747
  0.0000002144
 -0.0000003074
 -0.0000002087
 -0.0000000721
  0.0000005903
  0.0000005577
 -0.0000000350
  0.0000003947
  0.0000001148
 -0.0000001177
  0.0000002128
 -0.0000005843
 -0.0000008692
  0.0000005784
 -0.0000000015
 -0.0000002503
  0.0000001727
 -0.0000001653
  0.0000004212
  0.0000004274
 -0.0000001842
  0.0000003855
  0.0000007752
  0.0000006221
  0.0000001640
  0.0000003917
  0.0000004768
  0.0000005214
 -0.0000001116
  0.0000005589
  0.0000004014
  0.0000003976
  0.0000000684
  0.0000004543
  0.0000000875
  0.0000003060
  0.0000004074
  0.0000002340
 -0.0000001271
  0.0000001666
 -0.0000002537
  0.0000007631
  0.0000004927
 -0.0000002090
  0.0000006082
  0.0000006232
  0.0000000407
  0.0000008960
 -0.0000001105
  0.0000000624
  0.0000004704
 -0.0000002714
  0.0000005783
  0.0000005478
  0.0000000547
  0.0000028099
  0.0000004017
  0.0000037078
  0.0000004063
  0.0000054179
 -0.0000011928
 -0.0000008150
  0.0000033293
  0.0000030939
  0.0000032256
 -0.0000027722
  0.0000028382
 -0.0000058638
 -0.0000087182
 -0.0000074548
 -0.0000113312
 -0.0000006949
 -0.0000008791
 -0.0000134185
  0.0000002641
  0.0000020801
 -0.0000179807
 -0.0000071370
 -0.0000000409
  0.0000083742
 -0.0000121401
 -0.0000094086
 -0.0000082290
  0.0000009969
 -0.0000078204
  0.0000004012
  0.0000008796
 -0.0000027493
  0.0000052290
  0.0000015267
  0.0000002686
 -0.0000004451
 -0.0000002050
  0.0000013177
  0.0000008987
  0.0000017014
  0.0000044880
  0.0000004019
  0.0000025414
  0.0000008517
  0.0000004542
  0.0000004459
  0.0000002077
  0.0000022353
  0.0000030279
 -0.0000025802
  0.0000008092
  0.0000020472
 -0.0000051329
  0.0000022100
  0.0000008951
 -0.0000012698
  0.0000014852
  0.0000003356
  0.0000031075
  0.0000036990
  0.0000007884
  0.0000040184
  0.0000005952
 -0.0000004332
 -0.0000004194
 -0.0000004481
 -0.0000004511
 -0.0000011079
 -0.0000006713
  0.0000006249
 -0.0000001471
 -0.0000004220
 -0.0000005446
 -0.0000004807
 -0.0000001477
  0.0000004963
 -0.0000003987
 -0.0000003335
 -0.0000013104
 -0.0000002791
 -0.0000006305
  0.0000000277
 -0.0000009270
  0.0000005201
 -0.0000006383
 -0.0000008668
 -0.0000009357
 -0.0000004475
 -0.0000008851
 -0.0000000777
 -0.0000003765
 -0.0000003871
 -0.0000010914
 -0.0000004774
  0.0000003049
  0.0000001581
  0.0000008331
 -0.0000027359
  0.0000002376
 -0.0000004530
  0.0000004708
  0.0000002934
  0.0000004278
 -0.0000002058
 -0.0000014118
  0.0000003189
  0.0000001347
 -0.0000003709
  0.0000002047
  0.0000000298
  0.0000001992
  0.0000005240
 -0.0000016489
 -0.0000004311
  0.0000007728
 -0.0000003682
 -0.0000001420
 -0.0000001835
 -0.0000012198
 -0.0000008516
 -0.0000002580
  0.0000006622
 -0.0000006727
  0.0000003802
 -0.0000002351
  0.0000004445
 -0.0000000448
 -0.0000005692
 -0.0000008115
  0.0000004207
  0.0000000169
  0.0000000253
  0.0000005272
  0.0000018681
 -0.0000011092
  0.0000034701
  0.0000026812
 -0.0000054198
  0.0000011896
 -0.0000002124
  0.0000004451
 -0.0000031916
 -0.0000046686
 -0.0000006623
 -0.0000061478
 -0.0000002931
 -0.0000002545
 -0.0000135116
  0.0000003740
  0.0000039233
 -0.0000132656
 -0.0000053969
  0.0000000444
  0.0000026563
 -0.0000099966
  0.0000032093
 -0.0000070426
 -0.0000020413
 -0.0000097522
  0.0000010983
  0.0000003243
 -0.0000020701
  0.0000029135
  0.0000020172
  0.0000020664
  0.0000034037
  0.0000006383
 -0.0000002472
  0.0000006685
  0.0000004390
  0.0000005643
  0.0000042035
 -0.0000008190
  0.0000033433
  0.0000001759
 -0.0000005643
  0.0000002697
  0.0000011261
  0.0000027249
  0.0000020479
 -0.0000016449
  0.0000005443
  0.0000021017
 -0.0000085167
  0.0000024233
  0.0000008391
 -0.0000010566
  0.0000037237
  0.0000007274
  0.0000026652
  0.0000033874
  0.0000013156
  0.0000028149
 -0.0000000605
 -0.0000008260
 -0.0000001539
  0.0000000635
 -0.0000001808
  0.0000000197
  0.0000001139
  0.0000004434
 -0.0000000862
  0.0000003524
  0.0000004369
 -0.0000000130
  0.0000002503
  0.0000003579
 -0.0000000890
 -0.0000011110
 -0.0000003511
 -0.0000008678
  0.0000004756
  0.0000003299
  0.0000002358
 -0.0000001903
 -0.0000006181
  0.0000000450
  0.0000000169
 -0.0000007097
 -0.0000003214
 -0.0000003535
  0.0000004673
  0.0000002674
  0.0000003323
  0.0000001140
 -0.0000001437
 -0.0000000981
 -0.0000000511
 -0.0000000060
  0.0000004843
  0.0000004287
 -0.0000004387
 -0.0000002741
 -0.0000000385
 -0.0000002197
 -0.0000000934
  0.0000001131
 -0.0000000052
  0.0000000991
 -0.0000002587
 -0.0000003140
 -0.0000007973
  0.0000005973
 -0.0000002064
 -0.0000002901
 -0.0000008121
 -0.0000002415
 -0.0000002912
 -0.0000004686
  0.0000002235
 -0.0000000784
  0.0000000721
 -0.0000000156
  0.0000003399
 -0.0000004875
  0.0000001532
 -0.0000003991
 -0.0000003079
 -0.0000004258
 -0.0000002366
  0.0000001712
  0.0000021148
  0.0000053996
 -0.0000000241
 -0.0000001336
  0.0000060226
  0.0000055808
 -0.0000093818
  0.0000011005
 -0.0000025969
 -0.0000020013
  0.0000000445
  0.0000035320
  0.0000017184
 -0.0000003244
 -0.0000001184
 -0.0000018748
  0.0000003809
 -0.0000009759
 -0.0000039376
 -0.0000017832
  0.0000000834
 -0.0000120844
 -0.0000013438
  0.0000051318
 -0.0000066611
 -0.0000058573
  0.0000007581
  0.0000123466
 -0.0000036581
  0.0000396119
 -0.0000080979
 -0.0000013324
 -0.0000077134
 -0.0000010358
  0.0000004738
  0.0000007761
 -0.0000026677
 -0.0000007587
 -0.0000004401
 -0.0000013514
 -0.0000052579
 -0.0000003147
  0.0000003140
  0.0000007714
  0.0000041740
  0.0000007467
 -0.0000001244
  0.0000011711
  0.0000009073
 -0.0000002744
  0.0000006446
  0.0000022433
  0.0000009902
 -0.0000026926
 -0.0000040943
  0.0000006246
  0.0000012078
 -0.0000066989
 -0.0000048699
  0.0000004110
 -0.0000013001
 -0.0000010523
  0.0000001957
 -0.0000009011
  0.0000011220
 -0.0000011665
 -0.0000010312
 -0.0000001773
  0.0000014195
  0.0000012652
  0.0000000216
  0.0000003286
 -0.0000000260
 -0.0000000912
 -0.0000001656
  0.0000004251
  0.0000003671
  0.0000003079
  0.0000002648
 -0.0000001744
 -0.0000005064
  0.0000002758
  0.0000001580
  0.0000002265
 -0.0000002054
 -0.0000000791
  0.0000008597
 -0.0000008261
  0.0000003346
 -0.0000002344
  0.0000000639
  0.0000006865
  0.0000001679
 -0.0000003674
 -0.0000006588
 -0.0000000044
 -0.0000000101
 -0.0000008829
  0.0000001142
  0.0000001172
 -0.0000001154
 -0.0000002501
  0.0000007835
  0.0000000857
  0.0000003378
 -0.0000005707
  0.0000005294
  0.0000008743
 -0.0000010696
 -0.0000002394
 -0.0000001226
 -0.0000001868
  0.0000001879
 -0.0000013279
  0.0000003396
 -0.0000006450
 -0.0000001529
 -0.0000000016
 -0.0000009515
  0.0000000146
 -0.0000000543
 -0.0000000285
 -0.0000006559
  0.0000001211
 -0.0000007558
  0.0000007741
  0.0000003996
  0.0000002203
  0.0000000679
 -0.0000004802
  0.0000019290
  0.0000052943
 -0.0000011725
 -0.0000002874
  0.0000065643
  0.0000056719
 -0.0000087760
  0.0000009446
 -0.0000034412
 -0.0000037664
 -0.0000011712
  0.0000034417
  0.0000004938
 -0.0000015641
 -0.0000003166
 -0.0000017666
  0.0000005110
  0.0000039870
 -0.0000074500
 -0.0000022376
 -0.0000012377
 -0.0000125676
 -0.0000004221
  0.0000044101
 -0.0000061287
 -0.0000066473
  0.0000000668
  0.0000037737
 -0.0000063047
  0.0000361727
 -0.0000087562
 -0.0000037701
  0.0000003797
 -0.0000008327
 -0.0000003518
  0.0000006943
  0.0000020863
  0.0000004947
 -0.0000006319
 -0.0000000824
 -0.0000010090
 -0.0000003430
  0.0000001265
  0.0000023630
 -0.0000013731
 -0.0000001571
  0.0000031814
  0.0000005541
  0.0000000833
  0.0000006605
  0.0000024507
  0.0000001571
  0.0000004417
 -0.0000023935
  0.0000007532
  0.0000014678
 -0.0000068281
  0.0000008360
  0.0000003543
 -0.0000027751
 -0.0000004718
 -0.0000002803
 -0.0000007517
 -0.0000030375
  0.0000006804
  0.0000004075
 -0.0000003460
  0.0000005373
  0.0000002211
  0.0000007653
  0.0000002820
  0.0000008045
  0.0000003101
  0.0000011359
 -0.0000014602
  0.0000006944
  0.0000010389
  0.0000011656
  0.0000003289
  0.0000010049
  0.0000004320
 -0.0000000459
 -0.0000000182
  0.0000011352
  0.0000008790
  0.0000006660
  0.0000008484
 -0.0000003217
 -0.0000005039
 -0.0000000759
  0.0000007250
 -0.0000002958
 -0.0000006208
  0.0000007026
  0.0000007011
 -0.0000008870
  0.0000001644
  0.0000002411
  0.0000005109
  0.0000006931
  0.0000000125
  0.0000005668
  0.0000005953
  0.0000004787
  0.0000009197
  0.0000001941
  0.0000002115
  0.0000001620
  0.0000008521
 -0.0000000115
 -0.0000001822
 -0.0000000241
  0.0000003353
  0.0000000150
  0.0000002973
  0.0000000936
  0.0000003567
 -0.0000000402
  0.0000000529
  0.0000005839
  0.0000000662
  0.0000005400
  0.0000002729
 -0.0000001738
  0.0000003226
  0.0000000942
  0.0000005002
  0.0000002446
  0.0000003223
  0.0000008790
  0.0000003411
  0.0000051521
  0.0000061113
 -0.0000030904
 -0.0000019918
 -0.0000018079
  0.0000038004
 -0.0000046147
 -0.0000032311
 -0.0000071329
 -0.0000044049
 -0.0000093798
 -0.0000014901
 -0.0000010016
 -0.0000159113
  0.0000012942
  0.0000008501
 -0.0000158020
 -0.0000072859
  0.0000014916
  0.0000044991
 -0.0000114179
 -0.0000007320
 -0.0000112281
 -0.0000022551
 -0.0000088928
  0.0000005743
  0.0000015089
 -0.0000020418
  0.0000018442
  0.0000008178
  0.0000013027
  0.0000017514
 -0.0000005451
  0.0000011094
  0.0000007094
  0.0000018400
  0.0000014585
  0.0000034680
  0.0000003477
  0.0000033057
  0.0000007240
  0.0000003548
  0.0000003794
  0.0000010630
  0.0000003996
  0.0000017124
 -0.0000027530
  0.0000005871
  0.0000017050
 -0.0000050279
  0.0000016491
  0.0000012266
 -0.0000016155
  0.0000006990
  0.0000008230
  0.0000017082
  0.0000029791
  0.0000010386
  0.0000033624
 -0.0000002427
 -0.0000003062
 -0.0000003489
  0.0000003231
  0.0000006808
 -0.0000005163
 -0.0000000932
 -0.0000003036
 -0.0000007864
 -0.0000003192
 -0.0000009520
 -0.0000002527
 -0.0000009138
 -0.0000004577
 -0.0000000894
 -0.0000001469
 -0.0000005281
 -0.0000000218
 -0.0000002529
  0.0000000971
 -0.0000006325
 -0.0000007059
 -0.0000001443
 -0.0000000768
 -0.0000003591
 -0.0000004399
 -0.0000009899
  0.0000001044
 -0.0000000539
 -0.0000007561
 -0.0000001606
 -0.0000001539
 -0.0000001272
  0.0000001678
 -0.0000000436
  0.0000000278
 -0.0000004279
  0.0000001567
 -0.0000010800
 -0.0000007059
 -0.0000005175
 -0.0000002183
  0.0000001370
 -0.0000000950
 -0.0000005448
 -0.0000004112
 -0.0000002516
 -0.0000003692
  0.0000001384
 -0.0000000763
 -0.0000008426
 -0.0000003949
 -0.0000008847
 -0.0000000522
 -0.0000000176
 -0.0000003593
 -0.0000000947
 -0.0000003040
 -0.0000000041
  0.0000001361
 -0.0000002564
  0.0000018198
  0.0000070473
  0.0000022736
  0.0000026788
  0.0000088193
  0.0000039198
 -0.0000065595
  0.0000016307
 -0.0000033130
 -0.0000022744
  0.0000014329
  0.0000071966
  0.0000020644
 -0.0000024198
  0.0000035213
 -0.0000040853
 -0.0000042987
  0.0000013248
 -0.0000087581
 -0.0000024496
 -0.0000018977
 -0.0000151373
 -0.0000004738
  0.0000030391
 -0.0000128829
 -0.0000076906
 -0.0000000730
  0.0000019242
 -0.0000120203
  0.0000257678
 -0.0000085407
 -0.0000018367
 -0.0000126250
 -0.0000008189
 -0.0000001622
 -0.0000010190
  0.0000012459
 -0.0000003101
  0.0000005568
 -0.0000016606
  0.0000001578
  0.0000000862
  0.0000006256
  0.0000069216
  0.0000018492
  0.0000000834
  0.0000047041
  0.0000002909
 -0.0000000053
 -0.0000000458
  0.0000029183
  0.0000011542
  0.0000000626
 -0.0000035915
  0.0000002011
  0.0000043718
 -0.0000049917
 -0.0000003063
  0.0000001056
  0.0000000579
  0.0000012255
  0.0000001970
  0.0000005981
  0.0000021388
  0.0000007930
  0.0000000338
 -0.0000002379
  0.0000000777
 -0.0000002666
 -0.0000002691
 -0.0000001431
 -0.0000000679
 -0.0000007079
 -0.0000002650
 -0.0000004987
 -0.0000002208
 -0.0000004063
 -0.0000002312
 -0.0000000629
 -0.0000002764
 -0.0000005827
  0.0000002491
  0.0000000363
 -0.0000002696
 -0.0000004178
 -0.0000004512
 -0.0000001327
  0.0000001850
 -0.0000004711
  0.0000000058
 -0.0000002917
 -0.0000002407
 -0.0000001419
 -0.0000001181
 -0.0000005619
 -0.0000003442
 -0.0000007975
 -0.0000001622
 -0.0000006530
 -0.0000004610
 -0.0000003740
 -0.0000003101
 -0.0000006702
 -0.0000001666
 -0.0000003059
 -0.0000005903
 -0.0000000561
 -0.0000001551
 -0.0000000283
  0.0000001180
 -0.0000007093
 -0.0000004644
 -0.0000000694
 -0.0000003670
 -0.0000001748
 -0.0000002864
 -0.0000003486
 -0.0000002699
 -0.0000007249
  0.0000022684
  0.0000030045
  0.0000000163
 -0.0000043622
  0.0000030874
  0.0000006514
 -0.0000071559
  0.0000016593
 -0.0000044903
  0.0000020784
  0.0000003584
  0.0000000956
 -0.0000003852
  0.0000006171
  0.0000012553
 -0.0000021388
  0.0000037263
 -0.0000039937
 -0.0000053485
 -0.0000039068
 -0.0000012052
 -0.0000103902
 -0.0000015089
  0.0000035135
 -0.0000009834
 -0.0000071218
 -0.0000001075
  0.0000042805
 -0.0000027986
  0.0000304393
 -0.0000078207
 -0.0000023078
  0.0000096677
  0.0000021797
 -0.0000007773
 -0.0000001160
 -0.0000016793
 -0.0000033061
 -0.0000015581
  0.0000005633
 -0.0000000354
  0.0000037108
 -0.0000004254
 -0.0000007335
 -0.0000003720
 -0.0000034733
 -0.0000006054
 -0.0000022402
 -0.0000007468
 -0.0000016538
 -0.0000003780
  0.0000007744
 -0.0000008206
 -0.0000000476
 -0.0000002160
 -0.0000000962
 -0.0000000849
 -0.0000002175
 -0.0000000952
  0.0000000493
  0.0000000167
 -0.0000004135
  0.0000000704
 -0.0000003498
 -0.0000006359
 -0.0000002429
  0.0000002058
 -0.0000000654
  0.0000000644
 -0.0000008622
 -0.0000004986
  0.0000002149
 -0.0000006327
 -0.0000006961
 -0.0000011781
 -0.0000000897
 -0.0000006185
 -0.0000005606
 -0.0000003917
 -0.0000006517
 -0.0000001334
 -0.0000003434
 -0.0000007650
 -0.0000000051
  0.0000000532
 -0.0000000064
 -0.0000002355
 -0.0000009573
  0.0000014270
  0.0000015512
 -0.0000008309
 -0.0000041048
  0.0000038392
  0.0000014058
 -0.0000041699
  0.0000029447
 -0.0000021006
  0.0000034197
 -0.0000003911
  0.0000013817
 -0.0000011525
 -0.0000007514
  0.0000016809
 -0.0000013430
  0.0000053942
  0.0000057426
 -0.0000018745
 -0.0000016604
 -0.0000015133
 -0.0000086367
  0.0000000371
  0.0000008953
  0.0000024184
 -0.0000043549
 -0.0000006054
  0.0000084087
  0.0000009205
  0.0000129119
 -0.0000034400
 -0.0000033350
  0.0000139131
 -0.0000004892
  0.0000005333
 -0.0000008544
 -0.0000000741
 -0.0000005537
 -0.0000010862
 -0.0000006647
 -0.0000007250
  0.0000017354
 -0.0000007453
  0.0000018645
  0.0000001688
  0.0000007487
 -0.0000006181
 -0.0000003645
 -0.0000022737
 -0.0000002167
 -0.0000007720
 -0.0000005662
  0.0000007208
  0.0000000027
 -0.0000019675
 -0.0000006249
 -0.0000003412
  0.0000000849
  0.0000001858
 -0.0000010155
 -0.0000001328
 -0.0000004734
 -0.0000000964
 -0.0000000181
  0.0000002749
 -0.0000001568
 -0.0000000069
  0.0000002573
 -0.0000007348
 -0.0000003209
 -0.0000007772
  0.0000002429
  0.0000001461
  0.0000002678
 -0.0000009452
 -0.0000003915
 -0.0000004626
 -0.0000009080
 -0.0000002590
  0.0000005829
  0.0000027388
  0.0000027171
  0.0000004520
 -0.0000033762
  0.0000012249
 -0.0000011561
 -0.0000040658
 -0.0000012083
 -0.0000018256
  0.0000042685
  0.0000015427
 -0.0000005801
 -0.0000009834
 -0.0000000706
  0.0000014883
 -0.0000035416
 -0.0000029582
 -0.0000027479
 -0.0000041513
 -0.0000015210
  0.0000069125
  0.0000088243
 -0.0000026205
  0.0000067039
  0.0000116800
 -0.0000036369
 -0.0000001001
  0.0000033857
  0.0000000393
  0.0000000122
  0.0000007062
 -0.0000005967
  0.0000000314
 -0.0000002033
 -0.0000007503
 -0.0000035440
  0.0000009002
 -0.0000002123
 -0.0000003634
  0.0000026163
 -0.0000004618
  0.0000006570
 -0.0000001707
 -0.0000001594
 -0.0000003878
 -0.0000005748
 -0.0000007721
 -0.0000002045
 -0.0000021686
 -0.0000003548
  0.0000004731
  0.0000003563
 -0.0000018064
 -0.0000004892
 -0.0000006444
 -0.0000021883
  0.0000003297
  0.0000001798
 -0.0000002354
 -0.0000001783
 -0.0000003128
  0.0000002009
  0.0000005192
  0.0000001903
  0.0000002084
  0.0000002740
  0.0000001373
  0.0000002956
  0.0000005843
  0.0000005425
 -0.0000001571
  0.0000004844
 -0.0000000372
 -0.0000003230
 -0.0000000220
  0.0000005092
 -0.0000000693
  0.0000003070
 -0.0000008745
 -0.0000006044
 -0.0000004065
  0.0000002068
 -0.0000005479
 -0.0000004363
 -0.0000008388
  0.0000001603
 -0.0000005036
 -0.0000002356
 -0.0000001336
 -0.0000003854
  0.0000002264
  0.0000002711
 -0.0000000883
 -0.0000003806
  0.0000003182
  0.0000009806
  0.0000003148
  0.0000001960
  0.0000000634
 -0.0000008832
  0.0000017126
  0.0000020641
 -0.0000000330
 -0.0000033513
 -0.0000005176
 -0.0000000464
 -0.0000053907
  0.0000022032
 -0.0000028377
  0.0000013828
  0.0000007629
  0.0000003266
 -0.0000024006
  0.0000009329
  0.0000021744
 -0.0000007110
  0.0000020578
  0.0000007174
 -0.0000026635
 -0.0000019858
 -0.0000012282
 -0.0000073638
 -0.0000001149
 -0.0000002426
 -0.0000016529
 -0.0000036610
 -0.0000007458
  0.0000086643
  0.0000027455
  0.0000083612
 -0.0000041354
 -0.0000027840
  0.0000141169
 -0.0000009863
  0.0000007313
  0.0000016979
 -0.0000002437
 -0.0000003532
 -0.0000007115
 -0.0000015464
 -0.0000013708
  0.0000005219
  0.0000023106
 -0.0000000488
 -0.0000000249
  0.0000024757
 -0.0000003304
  0.0000014987
  0.0000007478
 -0.0000009320
  0.0000004167
 -0.0000002183
  0.0000033375
  0.0000007023
 -0.0000012776
 -0.0000015623
 -0.0000007947
  0.0000002807
  0.0000011458
 -0.0000001381
  0.0000002387
 -0.0000001968
  0.0000000806
  0.0000000619
 -0.0000006336
 -0.0000001061
 -0.0000002532
 -0.0000002029
 -0.0000001003
 -0.0000001205
 -0.0000001419
  0.0000000537
 -0.0000000122
 -0.0000001381
  0.0000000150
 -0.0000001062
 -0.0000001397
  0.0000002721
 -0.0000008264
 -0.0000004499
  0.0000001569
 -0.0000005674
 -0.0000007672
 -0.0000004071
 -0.0000006724
 -0.0000000883
 -0.0000000175
 -0.0000002031
 -0.0000000327
 -0.0000001694
 -0.0000002456
 -0.0000003437
  0.0000002968
 -0.0000002281
  0.0000002673
  0.0000000875
 -0.0000008313
  0.0000013135
  0.0000022077
 -0.0000009611
 -0.0000043516
  0.0000040140
  0.0000009755
 -0.0000034801
  0.0000030926
 -0.0000012841
  0.0000032179
  0.0000002925
  0.0000015839
 -0.0000011530
 -0.0000010440
  0.0000023703
 -0.0000006091
  0.0000023526
  0.0000005910
 -0.0000027989
 -0.0000018764
 -0.0000012774
 -0.0000072321
 -0.0000002519
 -0.0000000405
 -0.0000010808
 -0.0000033948
 -0.0000007060
  0.0000081957
  0.0000032943
  0.0000095835
 -0.0000038582
 -0.0000028198
  0.0000139522
 -0.0000002372
  0.0000008757
  0.0000007486
 -0.0000007049
  0.0000002251
 -0.0000000755
 -0.0000011601
 -0.0000004531
  0.0000019570
 -0.0000005191
  0.0000020036
 -0.0000000788
  0.0000009892
 -0.0000002801
 -0.0000014443
  0.0000000487
 -0.0000005738
 -0.0000003170
  0.0000007761
  0.0000003888
 -0.0000015278
 -0.0000006191
 -0.0000003638
  0.0000003434
  0.0000004112
 -0.0000007211
  0.0000001950
  0.0000002767
 -0.0000000839
 -0.0000008438
 -0.0000003292
 -0.0000004357
 -0.0000002511
 -0.0000002292
 -0.0000008801
  0.0000001013
 -0.0000007188
  0.0000007542
 -0.0000000571
  0.0000009862
  0.0000001326
  0.0000005343
 -0.0000005958
 -0.0000003011
 -0.0000013995
 -0.0000007734
 -0.0000007398
 -0.0000006187
 -0.0000002517
 -0.0000008009
 -0.0000003948
 -0.0000003130
 -0.0000011633
 -0.0000011027
  0.0000003791
 -0.0000000244
  0.0000000773
  0.0000006202
  0.0000030924
  0.0000014655
  0.0000006601
 -0.0000023991
  0.0000016344
  0.0000003013
 -0.0000038615
 -0.0000002263
 -0.0000046480
  0.0000024867
  0.0000013961
 -0.0000011121
 -0.0000027502
  0.0000004475
  0.0000019694
 -0.0000021619
  0.0000095099
  0.0000095796
 -0.0000024176
 -0.0000000408
 -0.0000025741
 -0.0000092974
  0.0000005746
 -0.0000033588
  0.0000074987
 -0.0000037673
  0.0000015724
  0.0000061611
 -0.0000014030
  0.0000260735
 -0.0000016476
 -0.0000031471
  0.0000124209
 -0.0000006277
  0.0000001303
  0.0000014099
 -0.0000009298
  0.0000002479
  0.0000003675
  0.0000003887
 -0.0000027188
 -0.0000000472
 -0.0000002296
  0.0000013648
  0.0000000170
  0.0000011859
 -0.0000000467
  0.0000012352
 -0.0000011219
 -0.0000006729
 -0.0000001691
  0.0000021541
  0.0000022753
 -0.0000023973
  0.0000001979
 -0.0000001694
 -0.0000004073
  0.0000008210
  0.0000004536
 -0.0000001094
 -0.0000005439
 -0.0000001494
 -0.0000001623
 -0.0000001023
 -0.0000000816
  0.0000000452
 -0.0000003330
 -0.0000001507
 -0.0000002023
 -0.0000001218
  0.0000000603
 -0.0000001050
 -0.0000000955
  0.0000000650
  0.0000001033
  0.0000000734
  0.0000001263
  0.0000000003
 -0.0000001249
  0.0000001047
 -0.0000003976
 -0.0000003260
  0.0000000507
 -0.0000002532
 -0.0000004532
 -0.0000003010
 -0.0000003524
  0.0000000618
  0.0000000788
 -0.0000001845
 -0.0000000183
 -0.0000001503
 -0.0000001257
 -0.0000000089
 -0.0000000161
 -0.0000001427
  0.0000001587
  0.0000000444
  0.0000001203
  0.0000000828
 -0.0000004142
  0.0000011894
  0.0000017461
 -0.0000011475
 -0.0000044520
  0.0000038500
  0.0000021872
 -0.0000040307
  0.0000029473
 -0.0000015998
  0.0000028791
 -0.0000000260
  0.0000013574
 -0.0000016139
 -0.0000011937
  0.0000019805
 -0.0000010970
 -0.0000052486
  0.0000020124
 -0.0000026125
 -0.0000015574
 -0.0000013059
 -0.0000038481
 -0.0000011485
 -0.0000010352
  0.0000009752
 -0.0000036294
  0.0000003036
  0.0000116275
  0.0000017471
  0.0000104283
 -0.0000067061
 -0.0000024000
  0.0000126624
 -0.0000004413
  0.0000000211
  0.0000011146
 -0.0000002303
 -0.0000024447
 -0.0000032651
 -0.0000006179
  0.0000019221
 -0.0000004362
  0.0000015028
  0.0000009533
 -0.0000024128
 -0.0000003005
  0.0000009348
  0.0000000815
 -0.0000014888
  0.0000002168
 -0.0000005174
  0.0000008803
  0.0000003315
  0.0000001312
 -0.0000002023
 -0.0000004907
 -0.0000002823
 -0.0000000922
 -0.0000000208
 -0.0000002273
 -0.0000009508
 -0.0000003368
 -0.0000000606
 -0.0000001713
 -0.0000003712
 -0.0000003953
 -0.0000005145
  0.0000000175
 -0.0000004041
  0.0000000956
 -0.0000000584
  0.0000001719
 -0.0000002664
  0.0000000933
  0.0000004384
 -0.0000006303
 -0.0000007573
 -0.0000002640
  0.0000002959
 -0.0000007009
 -0.0000002236
 -0.0000005206
 -0.0000005938
 -0.0000008479
  0.0000000092
 -0.0000000073
 -0.0000001679
 -0.0000004154
 -0.0000005540
  0.0000000142
 -0.0000001152
 -0.0000005030
 -0.0000000276
  0.0000004780
  0.0000004185
  0.0000002611
 -0.0000005527
  0.0000021578
  0.0000017044
 -0.0000003370
 -0.0000034282
  0.0000010934
 -0.0000003830
 -0.0000069037
  0.0000019207
 -0.0000024381
  0.0000002539
  0.0000007013
  0.0000007437
 -0.0000017977
  0.0000017260
  0.0000001022
 -0.0000002362
 -0.0000021248
  0.0000000140
 -0.0000039734
 -0.0000015327
 -0.0000011342
 -0.0000049306
 -0.0000003896
  0.0000007502
  0.0000011543
 -0.0000026996
 -0.0000005555
  0.0000166148
  0.0000036994
  0.0000088981
 -0.0000039964
 -0.0000031052
  0.0000136377
  0.0000028579
  0.0000001080
  0.0000000066
 -0.0000000286
  0.0000010211
 -0.0000026773
 -0.0000034082
 -0.0000004970
 -0.0000000794
  0.0000027385
 -0.0000000408
  0.0000002063
 -0.0000015148
  0.0000002627
 -0.0000004350
 -0.0000002824
 -0.0000003607
 -0.0000026084
 -0.0000015526
  0.0000023079
  0.0000001904
 -0.0000003282
  0.0000019854
 -0.0000014954
 -0.0000001635
 -0.0000004475
  0.0000003093
 -0.0000007305
  0.0000002404
  0.0000001786
  0.0000001045
 -0.0000001052
 -0.0000003512
  0.0000001476
 -0.0000004690
 -0.0000005049
  0.0000003060
 -0.0000001317
  0.0000001710
 -0.0000009656
 -0.0000006912
  0.0000001046
 -0.0000005108
 -0.0000010900
 -0.0000005038
 -0.0000004331
 -0.0000005047
 -0.0000005562
 -0.0000006548
  0.0000001205
  0.0000001488
  0.0000000381
 -0.0000002201
 -0.0000011615
  0.0000026586
  0.0000024561
  0.0000000799
 -0.0000030814
  0.0000022340
  0.0000002266
 -0.0000042743
  0.0000002330
 -0.0000016386
  0.0000036841
  0.0000006102
 -0.0000005555
 -0.0000005862
  0.0000003882
  0.0000014176
 -0.0000018457
  0.0000066159
  0.0000063297
 -0.0000022061
 -0.0000023388
 -0.0000015073
 -0.0000107618
  0.0000000518
  0.0000022491
  0.0000047007
 -0.0000047492
 -0.0000005088
  0.0000101579
 -0.0000008704
  0.0000160168
 -0.0000054919
 -0.0000038344
  0.0000107256
 -0.0000007962
  0.0000012928
 -0.0000005470
 -0.0000002077
  0.0000004622
  0.0000008972
 -0.0000031578
 -0.0000034135
 -0.0000002016
  0.0000015918
 -0.0000000287
  0.0000018141
  0.0000013668
 -0.0000004768
 -0.0000005625
  0.0000019379
  0.0000019293
 -0.0000020035
 -0.0000001293
 -0.0000005260
 -0.0000005650
  0.0000009328
  0.0000000839
 -0.0000000038
 -0.0000007629
 -0.0000000750
  0.0000000219
 -0.0000001998
 -0.0000001916
 -0.0000001880
 -0.0000003603
 -0.0000001593
 -0.0000004075
 -0.0000003043
 -0.0000005353
 -0.0000005707
 -0.0000002346
 -0.0000004396
 -0.0000002121
 -0.0000001276
 -0.0000001698
 -0.0000001234
  0.0000001341
  0.0000000936
 -0.0000000531
  0.0000000022
 -0.0000000998
 -0.0000000900
  0.0000001236
 -0.0000003607
 -0.0000003820
 -0.0000003245
  0.0000000728
 -0.0000002464
 -0.0000003040
 -0.0000004790
 -0.0000003582
 -0.0000002430
 -0.0000000434
  0.0000000638
 -0.0000001143
  0.0000000421
  0.0000000992
 -0.0000001162
 -0.0000000901
 -0.0000002326
  0.0000001632
  0.0000001461
  0.0000000542
 -0.0000003938
  0.0000026222
  0.0000036330
 -0.0000003093
 -0.0000039509
  0.0000009726
 -0.0000015529
 -0.0000058954
  0.0000027180
 -0.0000029813
  0.0000012617
  0.0000007534
  0.0000010176
 -0.0000010077
  0.0000012504
  0.0000016917
 -0.0000009995
 -0.0000030973
  0.0000042204
 -0.0000030336
 -0.0000019791
 -0.0000014609
 -0.0000056220
 -0.0000010849
 -0.0000018862
  0.0000003930
 -0.0000039378
  0.0000003865
  0.0000095047
  0.0000043934
  0.0000183805
 -0.0000089689
 -0.0000022945
  0.0000068975
  0.0000011299
 -0.0000004528
 -0.0000007521
  0.0000000650
  0.0000002276
 -0.0000011526
 -0.0000025383
 -0.0000023739
 -0.0000008924
 -0.0000005601
 -0.0000000841
  0.0000020264
  0.0000000155
  0.0000003967
 -0.0000006475
 -0.0000036063
 -0.0000001264
  0.0000008478
 -0.0000012923
 -0.0000022121
 -0.0000026436
  0.0000002489
 -0.0000001605
 -0.0000002890
 -0.0000005434
 -0.0000000011
 -0.0000003415
 -0.0000000687
 -0.0000003413
 -0.0000001171
  0.0000001707
 -0.0000001508
 -0.0000004518
  0.0000002674
 -0.0000000171
 -0.0000002580
 -0.0000003792
 -0.0000001824
 -0.0000000321
 -0.0000001860
 -0.0000002909
 -0.0000001930
 -0.0000002167
 -0.0000000754
  0.0000001275
 -0.0000000997
 -0.0000004609
 -0.0000002897
 -0.0000010878
 -0.0000003611
 -0.0000005438
 -0.0000002193
 -0.0000000457
 -0.0000002905
 -0.0000005323
 -0.0000003732
 -0.0000000479
 -0.0000003389
 -0.0000000711
  0.0000001030
 -0.0000000923
 -0.0000000304
 -0.0000004335
 -0.0000003380
 -0.0000001472
 -0.0000002000
 -0.0000001125
 -0.0000001303
 -0.0000002296
 -0.0000001141
 -0.0000007018
  0.0000022722
  0.0000019303
 -0.0000002028
 -0.0000033605
  0.0000008052
 -0.0000013204
 -0.0000068114
  0.0000019499
 -0.0000022630
  0.0000002791
  0.0000005280
  0.0000006754
 -0.0000017312
  0.0000024030
  0.0000003950
 -0.0000027575
 -0.0000011078
  0.0000108053
 -0.0000054645
 -0.0000034915
 -0.0000009468
 -0.0000120606
 -0.0000026037
  0.0000000842
  0.0000030838
 -0.0000054462
 -0.0000003146
  0.0000108351
  0.0000012775
  0.0000297396
 -0.0000116857
 -0.0000028352
  0.0000065699
  0.0000023416
 -0.0000010814
 -0.0000007996
  0.0000005706
 -0.0000014476
 -0.0000020086
 -0.0000013939
  0.0000027931
  0.0000035422
 -0.0000002280
 -0.0000003664
 -0.0000024092
  0.0000007620
  0.0000016908
 -0.0000011264
  0.0000009658
 -0.0000032055
 -0.0000006390
  0.0000003433
 -0.0000000076
  0.0000004059
  0.0000003476
  0.0000003939
 -0.0000000241
  0.0000012559
  0.0000009722
  0.0000014937
  0.0000011969
 -0.0000000565
 -0.0000005569
 -0.0000000693
  0.0000000450
  0.0000002760
 -0.0000001518
  0.0000004003
  0.0000010736
  0.0000007722
  0.0000011941
  0.0000027011
  0.0000027642
  0.0000000428
 -0.0000032956
  0.0000003601
 -0.0000013093
 -0.0000037135
 -0.0000011556
 -0.0000017814
  0.0000037101
  0.0000008804
 -0.0000011725
 -0.0000014606
  0.0000000886
  0.0000008878
 -0.0000012516
  0.0000093437
  0.0000102512
 -0.0000002578
  0.0000006385
 -0.0000009216
 -0.0000088893
  0.0000011389
  0.0000011126
  0.0000092036
 -0.0000030197
  0.0000020284
  0.0000096244
 -0.0000066463
  0.0000307260
 -0.0000007496
 -0.0000030935
  0.0000151010
 -0.0000004824
 -0.0000001380
  0.0000002361
 -0.0000010692
 -0.0000000113
 -0.0000004449
 -0.0000002517
 -0.0000027981
 -0.0000005931
  0.0000019418
 -0.0000006733
  0.0000012362
 -0.0000003910
 -0.0000006790
 -0.0000009907
 -0.0000004980
  0.0000004821
 -0.0000005015
 -0.0000019875
 -0.0000006680
 -0.0000009398
 -0.0000002435
 -0.0000004462
 -0.0000003295
 -0.0000004328
 -0.0000003216
 -0.0000001011
 -0.0000003314
 -0.0000002232
 -0.0000008689
 -0.0000000462
 -0.0000002399
  0.0000000339
 -0.0000003227
 -0.0000002058
 -0.0000003848
  0.0000002833
 -0.0000005655
  0.0000010215
 -0.0000007861
 -0.0000005096
 -0.0000000460
 -0.0000000294
 -0.0000001765
  0.0000003194
  0.0000003213
 -0.0000011098
 -0.0000005597
 -0.0000006992
 -0.0000006371
 -0.0000009988
 -0.0000013245
 -0.0000005046
  0.0000003439
  0.0000026573
  0.0000028594
  0.0000003202
 -0.0000033756
  0.0000011424
 -0.0000015892
 -0.0000036005
 -0.0000005313
 -0.0000019033
  0.0000039231
  0.0000008590
 -0.0000004358
 -0.0000013722
 -0.0000000120
  0.0000012322
 -0.0000036753
 -0.0000020974
 -0.0000029915
 -0.0000021279
 -0.0000028251
  0.0000076051
 -0.0000018707
 -0.0000005322
  0.0000088723
 -0.0000042493
 -0.0000029578
  0.0000029207
 -0.0000005273
 -0.0000001352
  0.0000004097
 -0.0000007349
 -0.0000005450
 -0.0000002914
 -0.0000009073
 -0.0000036632
  0.0000007503
 -0.0000004458
 -0.0000005649
  0.0000026019
 -0.0000006455
 -0.0000006342
  0.0000006348
 -0.0000001553
 -0.0000003572
 -0.0000006275
 -0.0000003939
 -0.0000009238
 -0.0000004501
 -0.0000023917
 -0.0000005339
  0.0000001812
 -0.0000001399
 -0.0000018345
 -0.0000005998
 -0.0000009143
 -0.0000023368
  0.0000002054
 -0.0000000684
 -0.0000003614
 -0.0000004143
 -0.0000003677
  0.0000000361
 -0.0000000597
  0.0000001053
 -0.0000002881
 -0.0000003283
 -0.0000003068
 -0.0000005938
 -0.0000002068
 -0.0000001442
 -0.0000005863
 -0.0000007147
  0.0000003247
  0.0000000559
  0.0000028487
  0.0000027340
  0.0000005837
 -0.0000033011
  0.0000013178
 -0.0000009479
 -0.0000038303
 -0.0000008724
 -0.0000017370
  0.0000044351
  0.0000015723
 -0.0000006645
 -0.0000010255
  0.0000000904
  0.0000014402
 -0.0000024555
 -0.0000039693
  0.0000085080
 -0.0000004280
 -0.0000021216
  0.0000009021
 -0.0000063822
 -0.0000046566
 -0.0000046870
 -0.0000022232
 -0.0000015567
  0.0000001068
  0.0000002461
  0.0000008518
 -0.0000003806
 -0.0000000126
 -0.0000001655
 -0.0000004827
 -0.0000029637
  0.0000021318
 -0.0000000965
 -0.0000002781
  0.0000028569
 -0.0000003382
  0.0000010399
 -0.0000002598
 -0.0000002315
 -0.0000005620
 -0.0000000973
 -0.0000010214
 -0.0000002127
  0.0000006216
  0.0000005144
 -0.0000012971
 -0.0000003706
 -0.0000004326
 -0.0000009003
  0.0000007151
 -0.0000001211
 -0.0000000534
 -0.0000001157
 -0.0000001592
  0.0000002159
 -0.0000002526
 -0.0000000958
  0.0000002074
  0.0000000367
 -0.0000003688
 -0.0000000487
 -0.0000005019
  0.0000000880
 -0.0000002459
 -0.0000006956
 -0.0000001070
 -0.0000002398
  0.0000001176
  0.0000000494
 -0.0000002265
 -0.0000001366
  0.0000001007
 -0.0000000872
 -0.0000000641
 -0.0000001034
 -0.0000001202
  0.0000000694
 -0.0000002650
 -0.0000002864
 -0.0000003562
  0.0000000618
 -0.0000004568
 -0.0000004953
 -0.0000005068
 -0.0000002652
 -0.0000004668
 -0.0000000606
 -0.0000001240
 -0.0000003544
  0.0000000361
  0.0000000896
 -0.0000001396
 -0.0000001118
 -0.0000003370
  0.0000001257
  0.0000001556
  0.0000000378
 -0.0000000196
 -0.0000002453
  0.0000021796
  0.0000035373
 -0.0000007520
 -0.0000038660
  0.0000007678
 -0.0000015284
 -0.0000061953
  0.0000024123
 -0.0000023036
  0.0000010396
  0.0000008645
  0.0000007668
 -0.0000012034
  0.0000012438
  0.0000019064
 -0.0000012318
  0.0000025070
  0.0000048128
 -0.0000041168
 -0.0000023419
 -0.0000011921
 -0.0000084466
 -0.0000012593
 -0.0000008871
  0.0000009546
 -0.0000047359
  0.0000002971
  0.0000082969
  0.0000071303
  0.0000256838
 -0.0000095756
 -0.0000027166
  0.0000059586
  0.0000011617
 -0.0000000884
 -0.0000017747
  0.0000007599
 -0.0000011970
 -0.0000015084
 -0.0000020355
 -0.0000006819
  0.0000001016
  0.0000000289
  0.0000017368
 -0.0000000758
  0.0000002863
 -0.0000000366
 -0.0000027556
  0.0000002157
  0.0000007726
 -0.0000017848
 -0.0000022797
 -0.0000022841
  0.0000000912
 -0.0000002253
  0.0000004611
 -0.0000001434
 -0.0000000712
  0.0000000516
 -0.0000001075
 -0.0000004378
 -0.0000004306
 -0.0000003910
  0.0000001154
 -0.0000001806
 -0.0000004552
  0.0000001534
  0.0000001454
  0.0000000022
 -0.0000003709
  0.0000006022
 -0.0000013740
 -0.0000009886
 -0.0000001239
  0.0000003808
 -0.0000006405
 -0.0000005711
  0.0000001364
  0.0000003055
  0.0000003011
  0.0000003225
  0.0000001415
 -0.0000000812
 -0.0000003004
 -0.0000006018
 -0.0000001768
 -0.0000005598
 -0.0000004672
  0.0000006995
  0.0000005096
  0.0000000318
 -0.0000016045
  0.0000016186
  0.0000012578
 -0.0000008186
 -0.0000040887
  0.0000036007
  0.0000010521
 -0.0000044943
  0.0000027170
 -0.0000022760
  0.0000033751
 -0.0000006798
  0.0000011295
 -0.0000015372
 -0.0000003606
  0.0000014503
 -0.0000019480
  0.0000060912
  0.0000063217
 -0.0000027027
 -0.0000027538
 -0.0000012466
 -0.0000113856
  0.0000000359
  0.0000016104
  0.0000048513
 -0.0000050417
 -0.0000008470
  0.0000091964
 -0.0000028509
  0.0000162838
 -0.0000059314
 -0.0000038156
  0.0000118576
 -0.0000006185
  0.0000000746
 -0.0000011081
  0.0000002658
 -0.0000007104
 -0.0000028643
 -0.0000006356
 -0.0000011484
  0.0000012506
 -0.0000011576
 -0.0000007824
  0.0000016686
 -0.0000004257
  0.0000003210
 -0.0000005680
 -0.0000008842
 -0.0000009919
 -0.0000005188
 -0.0000011734
 -0.0000007108
  0.0000004597
 -0.0000002225
 -0.0000018272
 -0.0000024333
  0.0000000458
 -0.0000002369
  0.0000004535
 -0.0000013183
 -0.0000002284
 -0.0000001061
  0.0000000703
 -0.0000003692
 -0.0000002113
  0.0000000511
 -0.0000000691
 -0.0000000709
 -0.0000000394
 -0.0000000227
 -0.0000001007
 -0.0000000688
  0.0000002664
 -0.0000007150
 -0.0000004444
  0.0000001929
 -0.0000001890
 -0.0000005281
 -0.0000002588
 -0.0000000099
 -0.0000000865
  0.0000000684
 -0.0000001750
 -0.0000001360
 -0.0000002749
 -0.0000001256
  0.0000003098
 -0.0000000724
  0.0000002846
  0.0000001252
 -0.0000007057
  0.0000026484
  0.0000021727
 -0.0000000896
 -0.0000031564
  0.0000016937
  0.0000002316
 -0.0000040065
 -0.0000003541
 -0.0000020132
  0.0000036470
  0.0000004641
 -0.0000010740
 -0.0000009328
  0.0000003835
  0.0000007203
 -0.0000004470
  0.0000031980
  0.0000007647
 -0.0000030329
 -0.0000017167
 -0.0000013076
 -0.0000071418
 -0.0000003153
  0.0000001746
 -0.0000003458
 -0.0000030770
 -0.0000006060
  0.0000075153
  0.0000037587
  0.0000114258
 -0.0000034831
 -0.0000029740
  0.0000138204
 -0.0000009296
  0.0000012719
 -0.0000005957
 -0.0000001301
  0.0000002994
 -0.0000009564
 -0.0000004030
  0.0000009627
 -0.0000001494
  0.0000020919
  0.0000010679
 -0.0000003109
 -0.0000007741
 -0.0000020106
  0.0000019719
  0.0000020529
 -0.0000003070
 -0.0000005980
 -0.0000017582
 -0.0000004190
 -0.0000003485
  0.0000005730
 -0.0000000131
 -0.0000004043
  0.0000001531
  0.0000002176
  0.0000000911
 -0.0000000985
  0.0000000713
  0.0000002063
 -0.0000003405
  0.0000003290
 -0.0000005404
 -0.0000005637
 -0.0000005554
  0.0000001107
  0.0000002902
 -0.0000008430
 -0.0000013463
 -0.0000009424
 -0.0000006487
 -0.0000000803
  0.0000036452
  0.0000040270
  0.0000017625
 -0.0000036508
  0.0000031487
 -0.0000063997
 -0.0000022161
  0.0000012152
 -0.0000034716
  0.0000039811
  0.0000020862
  0.0000006745
 -0.0000021884
  0.0000006166
  0.0000023509
  0.0000051379
 -0.0000023634
 -0.0000015043
 -0.0000039386
 -0.0000020061
 -0.0000043368
  0.0000064398
 -0.0000071388
 -0.0000009110
  0.0000056952
  0.0000045393
 -0.0000062710
  0.0000014239
 -0.0000006690
 -0.0000000446
  0.0000004711
  0.0000000565
  0.0000003388
 -0.0000002438
 -0.0000010752
 -0.0000027321
  0.0000003519
 -0.0000002984
 -0.0000004040
  0.0000036172
 -0.0000005962
 -0.0000002054
  0.0000007687
 -0.0000004570
 -0.0000000840
 -0.0000001920
 -0.0000000665
 -0.0000003010
 -0.0000005452
 -0.0000026964
  0.0000000386
  0.0000005467
 -0.0000012774
 -0.0000015823
 -0.0000001203
  0.0000011072
 -0.0000034585
  0.0000003907
  0.0000000301
 -0.0000007680
 -0.0000003823
 -0.0000004058
 -0.0000003734
 -0.0000002682
  0.0000000734
 -0.0000002896
 -0.0000000741
 -0.0000005556
 -0.0000001417
  0.0000002543
 -0.0000000947
 -0.0000004772
 -0.0000001365
 -0.0000000706
 -0.0000001911
 -0.0000000283
 -0.0000000331
  0.0000001838
  0.0000001364
  0.0000001880
 -0.0000000298
 -0.0000000431
  0.0000001689
 -0.0000002121
 -0.0000003005
 -0.0000002537
  0.0000001144
 -0.0000002078
 -0.0000002812
 -0.0000003901
 -0.0000003350
 -0.0000002952
  0.0000001253
  0.0000001286
 -0.0000001327
 -0.0000000834
 -0.0000001335
 -0.0000000676
  0.0000000439
 -0.0000000142
 -0.0000000113
  0.0000002299
 -0.0000000520
  0.0000001747
  0.0000001424
 -0.0000002393
  0.0000020054
  0.0000026425
  0.0000001867
 -0.0000031612
  0.0000000004
 -0.0000021359
 -0.0000049809
  0.0000030049
 -0.0000031820
  0.0000017131
  0.0000009042
  0.0000012637
 -0.0000021912
  0.0000011789
  0.0000025578
 -0.0000011128
 -0.0000030932
  0.0000044558
 -0.0000034085
 -0.0000021353
 -0.0000011408
 -0.0000056341
 -0.0000011431
 -0.0000019398
  0.0000005697
 -0.0000042301
  0.0000004756
  0.0000106449
  0.0000050524
  0.0000152646
 -0.0000087722
 -0.0000025431
  0.0000071541
 -0.0000004908
 -0.0000002116
  0.0000007970
 -0.0000024520
 -0.0000027916
 -0.0000008004
  0.0000032042
  0.0000001291
  0.0000003915
 -0.0000005269
 -0.0000006229
 -0.0000000706
 -0.0000031809
 -0.0000009435
  0.0000034410
 -0.0000012354
 -0.0000009323
 -0.0000022415
  0.0000002356
 -0.0000000045
  0.0000002148
 -0.0000001654
  0.0000001057
 -0.0000000548
 -0.0000002704
 -0.0000002485
 -0.0000005770
  0.0000000350
  0.0000000636
 -0.0000003395
 -0.0000001125
 -0.0000002531
  0.0000004220
  0.0000021976
  0.0000026741
  0.0000012236
 -0.0000045154
  0.0000028469
 -0.0000034640
 -0.0000037624
  0.0000007632
 -0.0000031878
  0.0000044759
  0.0000010719
  0.0000010017
 -0.0000012666
  0.0000012270
  0.0000011848
 -0.0000022671
 -0.0000058387
 -0.0000011822
 -0.0000014554
  0.0000014167
  0.0000086524
 -0.0000049468
  0.0000117268
 -0.0000036778
 -0.0000000875
  0.0000033283
 -0.0000003339
 -0.0000000343
  0.0000007259
 -0.0000002373
  0.0000003830
 -0.0000004299
 -0.0000008870
 -0.0000032531
  0.0000004896
 -0.0000002139
 -0.0000004897
  0.0000021891
 -0.0000006573
 -0.0000000446
 -0.0000003464
 -0.0000004079
 -0.0000005387
 -0.0000002363
 -0.0000024655
 -0.0000001772
  0.0000006142
 -0.0000002696
 -0.0000020501
 -0.0000002811
  0.0000000699
 -0.0000024390
  0.0000002277
 -0.0000002464
 -0.0000006107
 -0.0000002799
 -0.0000004736
  0.0000000421
 -0.0000000818
  0.0000002894
 -0.0000003064
 -0.0000003708
 -0.0000000254
 -0.0000003396
 -0.0000001443
 -0.0000000903
 -0.0000001261
 -0.0000001412
  0.0000000376
 -0.0000000267
 -0.0000000434
  0.0000000280
 -0.0000000421
 -0.0000001334
  0.0000000326
 -0.0000007584
 -0.0000003538
 -0.0000004139
 -0.0000000045
 -0.0000001905
 -0.0000002853
 -0.0000005344
 -0.0000003176
 -0.0000002414
 -0.0000000420
  0.0000001036
 -0.0000000876
 -0.0000000500
 -0.0000000021
 -0.0000001756
 -0.0000001535
 -0.0000002667
  0.0000000990
  0.0000004795
  0.0000001580
  0.0000000338
 -0.0000006850
  0.0000016064
  0.0000029875
 -0.0000004288
 -0.0000036513
  0.0000011644
 -0.0000009727
 -0.0000040160
  0.0000049859
 -0.0000022662
  0.0000010662
  0.0000005138
  0.0000033153
 -0.0000016754
  0.0000022413
  0.0000026841
 -0.0000007105
 -0.0000047201
  0.0000009478
 -0.0000032998
 -0.0000013731
 -0.0000015228
 -0.0000043377
 -0.0000009381
 -0.0000001080
  0.0000007214
 -0.0000032553
 -0.0000003209
  0.0000140190
  0.0000020843
  0.0000088297
 -0.0000050820
 -0.0000028153
  0.0000134759
  0.0000004895
  0.0000000603
  0.0000008144
 -0.0000000536
  0.0000000520
 -0.0000023443
 -0.0000030054
 -0.0000004405
  0.0000000746
  0.0000030935
 -0.0000000647
  0.0000000149
  0.0000002530
 -0.0000009761
 -0.0000001297
 -0.0000001339
 -0.0000022972
 -0.0000010861
  0.0000031543
  0.0000001147
 -0.0000013874
 -0.0000000689
  0.0000005021
  0.0000004812
 -0.0000004094
 -0.0000002838
 -0.0000000461
  0.0000006172
  0.0000004737
  0.0000008032
  0.0000003496
  0.0000002806
  0.0000021426
  0.0000009063
  0.0000034812
  0.0000018657
  0.0000015386
  0.0000004386
 -0.0000001700
  0.0000003428
  0.0000005548
  0.0000003786
  0.0000008225
  0.0000000397
 -0.0000002804
  0.0000014295
  0.0000010131
  0.0000012019
  0.0000035104
  0.0000023664
  0.0000027527
 -0.0000008837
 -0.0000035676
  0.0000007708
 -0.0000018381
 -0.0000040361
  0.0000006194
 -0.0000008054
  0.0000028679
  0.0000016652
  0.0000001647
 -0.0000014303
 -0.0000000116
  0.0000006039
 -0.0000009891
  0.0000121211
  0.0000069588
 -0.0000026213
  0.0000013303
 -0.0000015111
 -0.0000088824
  0.0000016035
 -0.0000022284
  0.0000171673
 -0.0000028440
  0.0000033614
  0.0000001098
  0.0000064288
  0.0000026386
 -0.0000018461
 -0.0000011289
 -0.0000008318
  0.0000003666
 -0.0000013752
 -0.0000005578
 -0.0000002187
 -0.0000012992
 -0.0000037399
 -0.0000005385
 -0.0000007022
  0.0000020733
 -0.0000005649
  0.0000010445
 -0.0000004901
 -0.0000018312
 -0.0000004393
 -0.0000012409
 -0.0000007829
 -0.0000117880
 -0.0000006321
  0.0000010935
  0.0000003678
 -0.0000023896
 -0.0000006081
 -0.0000011127
 -0.0000108293
 -0.0000005624
 -0.0000000288
 -0.0000003012
 -0.0000004628
  0.0000001753
  0.0000000526
 -0.0000001628
  0.0000000060
  0.0000005214
  0.0000011264
  0.0000001775
  0.0000003875
 -0.0000001214
  0.0000003874
  0.0000005271
 -0.0000008066
 -0.0000003128
  0.0000007162
  0.0000020261
  0.0000027933
  0.0000012487
 -0.0000038965
  0.0000026414
 -0.0000034190
 -0.0000037305
  0.0000005771
 -0.0000024395
  0.0000047156
  0.0000011554
  0.0000008056
 -0.0000009590
  0.0000006231
  0.0000012971
  0.0000077248
 -0.0000018857
 -0.0000017486
 -0.0000018542
  0.0000006145
  0.0000044436
 -0.0000011611
  0.0000000118
  0.0000091410
 -0.0000032850
 -0.0000028933
 -0.0000010608
 -0.0000002550
 -0.0000001079
  0.0000009184
 -0.0000003618
 -0.0000004246
 -0.0000004434
 -0.0000011659
 -0.0000030616
  0.0000004559
  0.0000000237
 -0.0000001818
  0.0000020248
 -0.0000005009
 -0.0000002490
 -0.0000003828
 -0.0000001985
 -0.0000004997
 -0.0000005431
 -0.0000006710
 -0.0000002961
 -0.0000029949
 -0.0000003154
  0.0000007142
 -0.0000001562
 -0.0000021034
 -0.0000004657
  0.0000001816
 -0.0000020596
  0.0000000580
 -0.0000003958
 -0.0000006825
 -0.0000001040
 -0.0000002695
 -0.0000001139
 -0.0000000052
 -0.0000001303
 -0.0000005572
 -0.0000002740
 -0.0000000560
 -0.0000003797
 -0.0000000227
 -0.0000003894
  0.0000002491
 -0.0000003665
 -0.0000001673
 -0.0000005561
  0.0000001340
 -0.0000004962
  0.0000001669
  0.0000001308
 -0.0000001198
 -0.0000000718
  0.0000002003
 -0.0000001007
 -0.0000002638
 -0.0000001294
 -0.0000010735
 -0.0000015706
 -0.0000010564
  0.0000003005
  0.0000007892
  0.0000026027
  0.0000026987
  0.0000003484
 -0.0000034973
  0.0000018120
 -0.0000020908
 -0.0000038771
 -0.0000002830
 -0.0000021356
  0.0000041598
  0.0000011658
 -0.0000002388
 -0.0000011897
 -0.0000000967
  0.0000012241
  0.0000049157
  0.0000004465
 -0.0000017442
 -0.0000035216
 -0.0000022551
  0.0000044975
 -0.0000064096
 -0.0000014031
  0.0000039695
  0.0000097147
 -0.0000051961
 -0.0000024942
 -0.0000000312
 -0.0000000932
  0.0000007597
 -0.0000003421
 -0.0000002237
 -0.0000001895
 -0.0000011458
 -0.0000030652
  0.0000004895
 -0.0000003602
 -0.0000005104
  0.0000021730
 -0.0000006501
 -0.0000003177
  0.0000000082
 -0.0000004775
 -0.0000002020
 -0.0000002772
 -0.0000005037
 -0.0000004930
 -0.0000002448
 -0.0000035176
 -0.0000003955
  0.0000005195
  0.0000002064
 -0.0000021111
 -0.0000005037
 -0.0000006187
 -0.0000018263
  0.0000000985
  0.0000000954
 -0.0000000117
 -0.0000000870
 -0.0000003805
 -0.0000001715
 -0.0000005562
  0.0000001315
  0.0000005357
 -0.0000002742
 -0.0000000276
 -0.0000004036
 -0.0000000043
  0.0000000845
 -0.0000002182
 -0.0000003328
 -0.0000003576
 -0.0000001915
  0.0000000921
  0.0000005956
 -0.0000003035
 -0.0000004770
  0.0000009031
  0.0000006452
  0.0000029516
  0.0000029272
  0.0000005389
 -0.0000030650
  0.0000011355
 -0.0000003974
 -0.0000034568
 -0.0000008989
 -0.0000015547
  0.0000041287
  0.0000011414
 -0.0000011709
 -0.0000011087
  0.0000003135
  0.0000013557
 -0.0000020050
 -0.0000039125
  0.0000098307
  0.0000002463
 -0.0000016776
  0.0000016141
 -0.0000055595
 -0.0000038593
 -0.0000072777
 -0.0000018385
 -0.0000008745
 -0.0000002171
  0.0000003083
  0.0000004739
 -0.0000000555
  0.0000000079
 -0.0000001527
 -0.0000007115
 -0.0000030387
  0.0000024277
 -0.0000001854
 -0.0000002876
  0.0000027050
 -0.0000003803
  0.0000010083
 -0.0000001707
 -0.0000002630
 -0.0000000574
 -0.0000002931
 -0.0000001745
 -0.0000013657
 -0.0000002257
  0.0000004440
 -0.0000003575
 -0.0000010801
 -0.0000003211
 -0.0000006269
 -0.0000007506
  0.0000005289
  0.0000000065
 -0.0000002540
  0.0000001170
 -0.0000000721
 -0.0000002606
 -0.0000000155
  0.0000001116
  0.0000000322
  0.0000003046
 -0.0000000637
 -0.0000008074
 -0.0000004810
 -0.0000006458
  0.0000003082
  0.0000004730
 -0.0000000791
 -0.0000011602
 -0.0000006013
 -0.0000006404
 -0.0000011134
 -0.0000003172
  0.0000009148
  0.0000007625
  0.0000010131
  0.0000029592
  0.0000029537
  0.0000003404
 -0.0000030418
  0.0000007954
 -0.0000002387
 -0.0000036958
 -0.0000010334
 -0.0000013181
  0.0000039277
  0.0000009705
 -0.0000012229
 -0.0000012318
  0.0000003260
  0.0000015721
 -0.0000030997
 -0.0000081696
 -0.0000018255
 -0.0000018516
  0.0000019635
  0.0000015725
  0.0000103639
 -0.0000047837
 -0.0000017828
  0.0000136022
 -0.0000035877
 -0.0000001514
  0.0000044211
 -0.0000004685
 -0.0000000569
  0.0000003577
 -0.0000001946
 -0.0000001099
  0.0000000293
 -0.0000009329
 -0.0000032703
  0.0000014636
 -0.0000002778
 -0.0000003524
  0.0000026327
 -0.0000004328
 -0.0000003769
  0.0000007793
  0.0000000899
 -0.0000001438
 -0.0000004734
 -0.0000001478
 -0.0000005107
 -0.0000002535
 -0.0000016852
 -0.0000003130
  0.0000003996
 -0.0000004941
 -0.0000014299
 -0.0000002822
 -0.0000006391
 -0.0000016106
  0.0000003174
  0.0000001336
 -0.0000003293
  0.0000000554
 -0.0000001548
 -0.0000001332
 -0.0000002191
 -0.0000003873
 -0.0000002463
 -0.0000000093
 -0.0000000794
 -0.0000001987
 -0.0000002069
 -0.0000000702
 -0.0000000986
 -0.0000000338
 -0.0000001294
 -0.0000001375
 -0.0000000048
 -0.0000007848
 -0.0000004534
  0.0000000452
 -0.0000002869
 -0.0000005908
 -0.0000003919
 -0.0000002715
 -0.0000000992
  0.0000000362
 -0.0000001659
 -0.0000000226
 -0.0000001779
 -0.0000001989
 -0.0000002645
 -0.0000001147
  0.0000000638
  0.0000000725
  0.0000000901
 -0.0000000300
 -0.0000006905
  0.0000012759
  0.0000022977
 -0.0000009153
 -0.0000042758
  0.0000040260
  0.0000009419
 -0.0000033331
  0.0000030497
 -0.0000018962
  0.0000027498
  0.0000008042
  0.0000017887
 -0.0000019685
 -0.0000012453
  0.0000024660
 -0.0000005579
 -0.0000011765
  0.0000000060
 -0.0000039558
 -0.0000015710
 -0.0000015617
 -0.0000050723
 -0.0000008052
  0.0000006803
  0.0000005337
 -0.0000030239
 -0.0000005612
  0.0000151658
  0.0000035204
  0.0000063769
 -0.0000039368
 -0.0000029459
  0.0000156367
 -0.0000002103
  0.0000006104
  0.0000008411
 -0.0000005268
 -0.0000002030
  0.0000001397
 -0.0000021813
 -0.0000004774
  0.0000020156
 -0.0000004190
  0.0000022170
  0.0000011163
 -0.0000001453
 -0.0000014935
 -0.0000000676
 -0.0000005208
  0.0000003591
 -0.0000011567
 -0.0000002166
 -0.0000004357
  0.0000006113
 -0.0000004133
  0.0000008805
 -0.0000001549
  0.0000000142
 -0.0000002939
  0.0000000928
  0.0000000391
  0.0000003737
  0.0000000263
  0.0000001230
  0.0000008603
 -0.0000000391
  0.0000003671
  0.0000005170
  0.0000000454
  0.0000005524
  0.0000003373
  0.0000004622
 -0.0000002767
 -0.0000011556
 -0.0000005800
  0.0000005395
  0.0000009992
  0.0000027650
  0.0000031912
  0.0000008696
 -0.0000032363
  0.0000025393
 -0.0000025208
 -0.0000033687
  0.0000004061
 -0.0000021849
  0.0000044036
  0.0000016300
  0.0000006606
 -0.0000008674
  0.0000003914
  0.0000016894
  0.0000082089
 -0.0000015470
 -0.0000016569
 -0.0000022535
  0.0000047081
 -0.0000064572
 -0.0000008449
  0.0000022674
  0.0000137556
 -0.0000045399
 -0.0000021919
 -0.0000000691
  0.0000000381
  0.0000011877
 -0.0000002635
  0.0000004014
 -0.0000002082
 -0.0000009903
 -0.0000029249
  0.0000006371
 -0.0000001535
 -0.0000003661
  0.0000021692
 -0.0000002540
 -0.0000000109
  0.0000000373
  0.0000000780
 -0.0000000630
 -0.0000001963
 -0.0000004454
 -0.0000004314
 -0.0000002643
 -0.0000029144
 -0.0000002484
  0.0000011233
  0.0000005210
 -0.0000019455
 -0.0000004067
 -0.0000003137
 -0.0000017193
  0.0000002434
 -0.0000001935
  0.0000000075
 -0.0000000073
 -0.0000000248
  0.0000001248
 -0.0000002345
 -0.0000001609
 -0.0000001137
 -0.0000001404
 -0.0000001114
  0.0000000647
  0.0000002896
 -0.0000008187
  0.0000003424
 -0.0000003284
 -0.0000008107
 -0.0000004150
 -0.0000000759
 -0.0000001852
 -0.0000002642
 -0.0000003730
 -0.0000004081
  0.0000002995
  0.0000002145
 -0.0000009628
  0.0000030194
  0.0000028177
  0.0000003488
 -0.0000029362
  0.0000008804
 -0.0000020759
 -0.0000036697
 -0.0000003038
 -0.0000012422
  0.0000039747
  0.0000018646
 -0.0000004245
 -0.0000011290
  0.0000004279
  0.0000010919
 -0.0000010810
  0.0000068731
  0.0000055622
 -0.0000021049
 -0.0000020740
 -0.0000012422
 -0.0000102885
  0.0000001761
  0.0000023004
  0.0000049230
 -0.0000044449
 -0.0000004431
  0.0000096387
  0.0000005971
  0.0000160678
 -0.0000051232
 -0.0000031085
  0.0000108563
 -0.0000001792
  0.0000007755
 -0.0000007357
  0.0000000667
 -0.0000001155
  0.0000014696
 -0.0000017329
 -0.0000001474
  0.0000026230
 -0.0000001102
  0.0000017725
  0.0000002602
 -0.0000005655
 -0.0000001237
  0.0000012372
  0.0000003901
 -0.0000016136
 -0.0000003204
 -0.0000005110
  0.0000000036
  0.0000005450
  0.0000000391
  0.0000000779
 -0.0000001340
 -0.0000002053
 -0.0000000680
  0.0000000287
 -0.0000004444
  0.0000011389
  0.0000001948
  0.0000003696
  0.0000004155
 -0.0000010662
 -0.0000003443
  0.0000008363
  0.0000029435
  0.0000036996
  0.0000007014
 -0.0000039624
  0.0000029132
 -0.0000041543
 -0.0000028081
  0.0000010149
 -0.0000033714
  0.0000037015
  0.0000021742
  0.0000012611
 -0.0000010197
  0.0000011083
  0.0000021428
 -0.0000035838
 -0.0000018135
 -0.0000017296
 -0.0000018787
  0.0000011189
  0.0000044341
 -0.0000011117
 -0.0000002139
  0.0000087171
 -0.0000032658
 -0.0000011637
 -0.0000009215
 -0.0000005057
 -0.0000000730
  0.0000006502
  0.0000000638
  0.0000002400
 -0.0000005823
 -0.0000011286
 -0.0000027807
  0.0000006629
 -0.0000003727
 -0.0000006519
  0.0000027801
 -0.0000007779
 -0.0000003994
 -0.0000006108
 -0.0000002120
 -0.0000002207
 -0.0000000185
 -0.0000002190
 -0.0000003795
 -0.0000030949
 -0.0000003357
  0.0000007051
 -0.0000001716
 -0.0000020104
 -0.0000004574
  0.0000001343
 -0.0000018064
  0.0000000614
 -0.0000004141
 -0.0000004832
 -0.0000005085
 -0.0000006099
  0.0000004079
 -0.0000000710
  0.0000000787
  0.0000002005
 -0.0000000412
 -0.0000000759
  0.0000005306
  0.0000002232
  0.0000000692
  0.0000001186
  0.0000002744
 -0.0000006041
 -0.0000008307
 -0.0000005963
  0.0000004282
  0.0000008323
  0.0000022801
  0.0000031031
  0.0000010220
 -0.0000045413
  0.0000028295
 -0.0000040731
 -0.0000036111
  0.0000009185
 -0.0000029864
  0.0000043380
  0.0000017153
  0.0000013295
 -0.0000013690
  0.0000012339
  0.0000015420
  0.0000056655
 -0.0000012055
 -0.0000028431
 -0.0000014759
  0.0000055046
 -0.0000054533
 -0.0000009915
  0.0000051102
  0.0000101080
 -0.0000048708
 -0.0000011049
 -0.0000001549
 -0.0000000460
  0.0000006226
  0.0000000817
 -0.0000002769
 -0.0000003299
 -0.0000011389
 -0.0000023683
  0.0000009208
 -0.0000000328
 -0.0000002769
  0.0000027702
 -0.0000007033
 -0.0000002316
 -0.0000004225
 -0.0000002413
 -0.0000000774
 -0.0000002557
 -0.0000000009
 -0.0000002352
 -0.0000001791
 -0.0000034157
 -0.0000001858
  0.0000005685
 -0.0000002662
 -0.0000019892
 -0.0000003467
  0.0000001240
 -0.0000015898
  0.0000000632
 -0.0000002864
 -0.0000005153
  0.0000000360
 -0.0000005526
 -0.0000000308
 -0.0000002031
 -0.0000002584
 -0.0000000326
 -0.0000001897
  0.0000001011
  0.0000002204
  0.0000002091
 -0.0000000425
  0.0000003764
  0.0000000547
  0.0000000580
  0.0000001218
  0.0000001974
 -0.0000000087
  0.0000001345
 -0.0000005679
 -0.0000002137
 -0.0000003245
  0.0000001207
 -0.0000000721
 -0.0000002015
 -0.0000004458
 -0.0000000832
 -0.0000001823
  0.0000000465
  0.0000002456
  0.0000000249
  0.0000002047
  0.0000002976
 -0.0000000486
 -0.0000000786
 -0.0000001214
  0.0000009204
  0.0000002107
  0.0000002658
  0.0000001345
 -0.0000005186
  0.0000029546
  0.0000037164
  0.0000001938
 -0.0000036757
  0.0000009557
 -0.0000015488
 -0.0000057363
  0.0000028754
 -0.0000033666
  0.0000019052
  0.0000009960
  0.0000011400
 -0.0000004177
  0.0000016448
  0.0000018201
 -0.0000005773
 -0.0000050748
  0.0000023982
 -0.0000028146
 -0.0000012086
 -0.0000014427
 -0.0000034591
 -0.0000008120
 -0.0000003338
  0.0000014771
 -0.0000031129
 -0.0000000591
  0.0000118684
  0.0000012800
  0.0000132083
 -0.0000059199
 -0.0000026809
  0.0000106377
  0.0000014119
  0.0000004397
 -0.0000007515
  0.0000005457
 -0.0000007425
 -0.0000021926
 -0.0000027898
 -0.0000001808
  0.0000002520
  0.0000006546
 -0.0000000102
  0.0000000947
  0.0000004784
 -0.0000006365
 -0.0000003968
 -0.0000011155
 -0.0000021666
 -0.0000001245
  0.0000015046
 -0.0000012191
 -0.0000006864
 -0.0000015475
 -0.0000012182
  0.0000001926
  0.0000000805
 -0.0000001651
 -0.0000003646
 -0.0000007429
 -0.0000004535
  0.0000000450
 -0.0000005111
  0.0000001608
  0.0000001969
 -0.0000004076
  0.0000006724
  0.0000025662
  0.0000030908
  0.0000006477
 -0.0000033890
  0.0000021833
 -0.0000021604
 -0.0000034688
  0.0000000673
 -0.0000023024
  0.0000046525
  0.0000015253
  0.0000003350
 -0.0000009101
  0.0000004978
  0.0000016022
 -0.0000018996
 -0.0000022744
 -0.0000060169
 -0.0000020756
 -0.0000022505
  0.0000011520
 -0.0000089242
 -0.0000039227
 -0.0000049243
  0.0000015694
 -0.0000020663
 -0.0000002604
  0.0000001550
  0.0000010492
 -0.0000002578
  0.0000003813
 -0.0000004015
 -0.0000006799
 -0.0000032795
  0.0000017111
 -0.0000000078
 -0.0000002000
  0.0000024020
 -0.0000003040
  0.0000007100
 -0.0000003913
 -0.0000004961
 -0.0000004165
 -0.0000002958
 -0.0000013579
 -0.0000002095
  0.0000009267
  0.0000003721
 -0.0000016506
 -0.0000003643
  0.0000001060
 -0.0000013161
 -0.0000003204
 -0.0000000054
 -0.0000003030
 -0.0000001211
 -0.0000003262
 -0.0000001465
 -0.0000005040
 -0.0000002738
 -0.0000003336
  0.0000009633
 -0.0000003682
  0.0000012636
  0.0000004829
 -0.0000001911
  0.0000008640
  0.0000022605
 -0.0000001981
  0.0000000365
  0.0000005223
 -0.0000002052
  0.0000000204
  0.0000019546
  0.0000008573
 -0.0000002581
  0.0000016799
  0.0000001786
 -0.0000005119
  0.0000017507
  0.0000014329
  0.0000021376
  0.0000025673
  0.0000019039
 -0.0000007433
 -0.0000032306
  0.0000021020
 -0.0000012368
 -0.0000042070
  0.0000004324
 -0.0000022070
  0.0000033775
  0.0000010930
 -0.0000002779
 -0.0000008346
  0.0000001398
  0.0000010105
 -0.0000011752
  0.0000039099
 -0.0000026419
  0.0000000461
  0.0000019085
 -0.0000012133
 -0.0000093087
  0.0000026577
 -0.0000075699
 -0.0000022623
  0.0000038415
  0.0000021367
 -0.0000004254
 -0.0000010615
 -0.0000005993
  0.0000011242
 -0.0000004257
 -0.0000003806
  0.0000003235
 -0.0000016891
 -0.0000040597
 -0.0000018356
  0.0000001896
 -0.0000001642
  0.0000026469
 -0.0000000271
 -0.0000015478
  0.0000019353
 -0.0000003396
  0.0000000377
 -0.0000013743
  0.0000005443
 -0.0000003247
 -0.0000007713
 -0.0000074201
 -0.0000004643
  0.0000017399
  0.0000013709
 -0.0000017710
 -0.0000003625
 -0.0000008343
 -0.0000059052
 -0.0000030604
 -0.0000007912
  0.0000009243
 -0.0000001093
  0.0000002359
 -0.0000003456
 -0.0000008299
  0.0000008462
  0.0000004507
  0.0000021129
  0.0000012164
  0.0000014492
  0.0000006418
 -0.0000001827
  0.0000005794
  0.0000008430
  0.0000001493
  0.0000004668
  0.0000015735
  0.0000012066
  0.0000022342
  0.0000025758
 -0.0000000971
 -0.0000038587
 -0.0000000475
 -0.0000017884
 -0.0000042338
 -0.0000011314
 -0.0000023423
  0.0000036833
  0.0000009078
 -0.0000009831
 -0.0000015877
 -0.0000005844
  0.0000010995
 -0.0000009509
  0.0000106467
  0.0000051535
 -0.0000027298
  0.0000002615
 -0.0000010486
 -0.0000085982
  0.0000016429
 -0.0000021459
 -0.0000028447
  0.0000030705
 -0.0000005220
  0.0000069557
 -0.0000019450
 -0.0000004534
 -0.0000011173
  0.0000001678
 -0.0000009983
 -0.0000007537
 -0.0000007166
 -0.0000022829
 -0.0000046479
 -0.0000020358
 -0.0000008826
  0.0000020362
 -0.0000009899
 -0.0000000762
 -0.0000007382
 -0.0000008412
 -0.0000013174
 -0.0000006709
 -0.0000074015
 -0.0000000452
 -0.0000004174
 -0.0000023587
 -0.0000009116
 -0.0000010890
 -0.0000054286
 -0.0000006116
 -0.0000009117
 -0.0000005128
 -0.0000007783
 -0.0000004071
  0.0000003051
  0.0000008937
  0.0000010503
  0.0000006783
  0.0000010127
  0.0000015808
  0.0000006863
  0.0000002653
  0.0000006261
  0.0000008360
  0.0000011856
  0.0000003603
  0.0000000407
  0.0000016727
  0.0000013251
  0.0000016009
  0.0000023192
  0.0000023128
 -0.0000002118
 -0.0000036867
 -0.0000000624
 -0.0000005881
 -0.0000043095
 -0.0000016606
 -0.0000020555
  0.0000034425
  0.0000003611
 -0.0000018452
 -0.0000017604
 -0.0000002961
  0.0000009887
 -0.0000007869
  0.0000061824
 -0.0000010626
 -0.0000020839
  0.0000013637
 -0.0000014507
 -0.0000096611
  0.0000020528
 -0.0000032339
 -0.0000021922
  0.0000084530
  0.0000066695
 -0.0000011904
 -0.0000007916
 -0.0000012155
 -0.0000002517
 -0.0000011755
 -0.0000005731
 -0.0000006098
 -0.0000023502
 -0.0000046473
 -0.0000013385
 -0.0000009380
 -0.0000009812
  0.0000013868
 -0.0000010767
  0.0000002436
 -0.0000008171
 -0.0000017369
 -0.0000012815
 -0.0000014703
 -0.0000007812
 -0.0000068461
 -0.0000007879
 -0.0000001473
 -0.0000012697
 -0.0000024836
 -0.0000008147
 -0.0000012258
 -0.0000048407
 -0.0000025775
 -0.0000004861
 -0.0000013468
 -0.0000005886
 -0.0000009268
 -0.0000001821
 -0.0000001287
 -0.0000001873
 -0.0000001041
  0.0000000929
  0.0000000769
 -0.0000000572
  0.0000001645
  0.0000001628
  0.0000000296
  0.0000001086
 -0.0000000030
  0.0000000038
  0.0000001916
 -0.0000003639
 -0.0000003607
 -0.0000002431
  0.0000001286
 -0.0000001264
 -0.0000002125
 -0.0000004472
 -0.0000002659
 -0.0000002191
  0.0000000395
  0.0000001669
 -0.0000000327
 -0.0000000091
  0.0000001200
 -0.0000000386
 -0.0000000616
 -0.0000002754
  0.0000002292
  0.0000002288
  0.0000002279
  0.0000001142
 -0.0000003832
  0.0000025662
  0.0000027206
  0.0000003596
 -0.0000045694
  0.0000037124
  0.0000018582
 -0.0000071718
  0.0000017500
 -0.0000054414
  0.0000014519
  0.0000000969
 -0.0000000101
 -0.0000010669
  0.0000001323
  0.0000010866
 -0.0000008187
 -0.0000032698
  0.0000039839
 -0.0000024472
 -0.0000016177
 -0.0000013899
 -0.0000049324
 -0.0000009407
 -0.0000014237
  0.0000003844
 -0.0000033788
  0.0000004418
  0.0000097288
  0.0000035829
  0.0000191053
 -0.0000084773
 -0.0000022217
  0.0000067602
  0.0000019245
 -0.0000003410
 -0.0000010113
  0.0000001314
 -0.0000001734
 -0.0000008133
 -0.0000023965
 -0.0000022860
 -0.0000007094
 -0.0000005639
 -0.0000004660
  0.0000038684
  0.0000001181
  0.0000001679
  0.0000005726
 -0.0000004444
 -0.0000036011
  0.0000000000
  0.0000012065
  0.0000004022
 -0.0000012796
 -0.0000010447
 -0.0000026299
  0.0000003973
  0.0000002820
  0.0000004068
  0.0000002437
 -0.0000001339
  0.0000002948
  0.0000000316
  0.0000007910
  0.0000000984
  0.0000007644
  0.0000004864
 -0.0000000265
  0.0000007470
  0.0000000005
  0.0000000828
 -0.0000001195
  0.0000000420
  0.0000007998
  0.0000015734
  0.0000001811
 -0.0000001774
  0.0000016133
  0.0000013501
  0.0000027271
  0.0000027980
  0.0000000504
 -0.0000032165
  0.0000006756
 -0.0000022622
 -0.0000040456
 -0.0000003678
 -0.0000005891
  0.0000034195
  0.0000020177
 -0.0000003597
 -0.0000012327
  0.0000003099
  0.0000008701
 -0.0000013319
 -0.0000001743
  0.0000059959
  0.0000012259
 -0.0000011549
 -0.0000104860
  0.0000025412
 -0.0000062029
 -0.0000027964
 -0.0000027025
  0.0000000404
 -0.0000002760
 -0.0000008252
 -0.0000005478
  0.0000004597
 -0.0000010212
 -0.0000004780
  0.0000000446
 -0.0000014438
 -0.0000036950
  0.0000014385
 -0.0000004704
 -0.0000004302
  0.0000018355
 -0.0000003736
  0.0000006673
 -0.0000004568
 -0.0000002303
 -0.0000011839
 -0.0000008603
 -0.0000011646
 -0.0000004811
 -0.0000034908
 -0.0000003290
  0.0000009500
  0.0000000530
 -0.0000019851
 -0.0000003524
 -0.0000008107
 -0.0000021168
 -0.0000005739
 -0.0000006750
 -0.0000005641
 -0.0000001377
 -0.0000004072
 -0.0000002480
 -0.0000003992
  0.0000003340
  0.0000001644
  0.0000002948
  0.0000000938
  0.0000006434
  0.0000001603
  0.0000008622
  0.0000008901
  0.0000004699
  0.0000002217
  0.0000008846
  0.0000003806
 -0.0000005991
  0.0000002850
  0.0000002485
  0.0000000828
 -0.0000000636
  0.0000001782
 -0.0000002314
 -0.0000003354
  0.0000010919
  0.0000007658
  0.0000006308
  0.0000000934
  0.0000027708
  0.0000021715
 -0.0000001625
 -0.0000030123
  0.0000019479
  0.0000003987
 -0.0000039616
 -0.0000001708
 -0.0000035517
  0.0000033913
  0.0000006661
 -0.0000009801
 -0.0000013887
  0.0000005282
  0.0000006853
 -0.0000013969
  0.0000077452
  0.0000094284
 -0.0000007162
 -0.0000004395
 -0.0000011607
 -0.0000103953
  0.0000009714
  0.0000008019
  0.0000031490
 -0.0000033744
  0.0000011583
  0.0000116193
 -0.0000070760
  0.0000197155
 -0.0000036371
 -0.0000030117
  0.0000105246
 -0.0000008830
  0.0000008342
  0.0000012121
 -0.0000008776
 -0.0000002353
  0.0000005080
  0.0000011057
 -0.0000022499
 -0.0000000677
 -0.0000003048
  0.0000014986
 -0.0000001195
  0.0000012889
 -0.0000000574
  0.0000011779
 -0.0000008984
 -0.0000006977
 -0.0000002653
  0.0000018864
  0.0000019300
 -0.0000020743
 -0.0000000781
 -0.0000005190
 -0.0000005949
  0.0000007862
  0.0000001141
 -0.0000001302
 -0.0000000412
 -0.0000007419
 -0.0000004284
 -0.0000006338
  0.0000000659
 -0.0000000075
 -0.0000001370
 -0.0000010169
 -0.0000005031
 -0.0000009333
  0.0000004464
  0.0000025761
  0.0000029001
  0.0000005468
 -0.0000034203
  0.0000019488
 -0.0000020921
 -0.0000036707
 -0.0000001520
 -0.0000022985
  0.0000042532
  0.0000013587
  0.0000001325
 -0.0000010258
  0.0000001899
  0.0000014160
 -0.0000033910
 -0.0000045039
 -0.0000027249
 -0.0000035658
 -0.0000016312
  0.0000063755
  0.0000092939
 -0.0000024174
  0.0000054541
  0.0000122036
 -0.0000041778
 -0.0000000505
  0.0000034444
 -0.0000002762
  0.0000000284
  0.0000008892
 -0.0000003226
 -0.0000002005
 -0.0000004318
 -0.0000007301
 -0.0000033755
  0.0000008014
 -0.0000002894
 -0.0000004900
  0.0000022764
 -0.0000004769
  0.0000005313
 -0.0000003818
 -0.0000002487
 -0.0000002472
 -0.0000005295
 -0.0000004827
 -0.0000004354
 -0.0000023823
 -0.0000004378
  0.0000006967
  0.0000002683
 -0.0000020411
 -0.0000006043
 -0.0000003717
 -0.0000023408
  0.0000002811
 -0.0000002708
 -0.0000000631
 -0.0000002901
 -0.0000002628
 -0.0000001782
 -0.0000001909
 -0.0000001959
  0.0000000568
 -0.0000000686
 -0.0000001711
 -0.0000001401
  0.0000000254
 -0.0000000507
 -0.0000000070
 -0.0000000846
 -0.0000001346
  0.0000000690
 -0.0000006845
 -0.0000003767
  0.0000000072
 -0.0000002379
 -0.0000003073
 -0.0000005282
 -0.0000003536
 -0.0000002261
 -0.0000000650
  0.0000000747
 -0.0000001143
 -0.0000000346
  0.0000000359
 -0.0000001764
 -0.0000001479
 -0.0000002043
 -0.0000001293
  0.0000001042
  0.0000001443
  0.0000001237
  0.0000000218
 -0.0000006030
  0.0000023737
  0.0000013943
  0.0000004392
 -0.0000029427
 -0.0000003990
  0.0000013516
 -0.0000061931
  0.0000016066
 -0.0000033184
  0.0000022940
  0.0000004393
 -0.0000001157
 -0.0000017146
  0.0000009217
  0.0000015337
 -0.0000008221
 -0.0000047197
  0.0000011726
 -0.0000030972
 -0.0000013564
 -0.0000015221
 -0.0000042035
 -0.0000009631
 -0.0000004113
  0.0000007201
 -0.0000032678
 -0.0000001994
  0.0000141806
  0.0000018094
  0.0000087736
 -0.0000051349
 -0.0000025860
  0.0000135500
 -0.0000008906
  0.0000000959
  0.0000015685
 -0.0000000046
 -0.0000007680
 -0.0000024291
 -0.0000034383
 -0.0000004043
  0.0000022481
 -0.0000002679
  0.0000015945
  0.0000002935
  0.0000005959
  0.0000005487
 -0.0000023207
 -0.0000004166
  0.0000037193
 -0.0000011342
 -0.0000013966
  0.0000000016
 -0.0000001527
  0.0000012768
  0.0000002627
 -0.0000001698
 -0.0000002659
 -0.0000000522
 -0.0000001298
  0.0000005400
  0.0000012377
 -0.0000004125
 -0.0000002104
  0.0000000995
 -0.0000000503
  0.0000001745
  0.0000005780
 -0.0000008316
 -0.0000003957
 -0.0000008973
  0.0000000380
  0.0000005220
  0.0000027268
  0.0000027752
  0.0000004416
 -0.0000034385
  0.0000009991
 -0.0000024454
 -0.0000038347
 -0.0000009181
 -0.0000017690
  0.0000043240
  0.0000012148
 -0.0000008088
 -0.0000009200
 -0.0000000449
  0.0000011572
 -0.0000032679
 -0.0000019780
 -0.0000020807
 -0.0000018733
  0.0000002254
  0.0000061953
 -0.0000013787
 -0.0000006136
  0.0000068127
 -0.0000036055
 -0.0000028004
  0.0000020989
  0.0000000338
  0.0000000809
  0.0000007236
 -0.0000004299
 -0.0000002319
 -0.0000001772
 -0.0000006493
 -0.0000032797
  0.0000006079
 -0.0000002330
 -0.0000003943
  0.0000024119
 -0.0000004943
 -0.0000004088
  0.0000006553
 -0.0000004200
 -0.0000001582
 -0.0000002451
 -0.0000006553
 -0.0000005688
 -0.0000002018
 -0.0000024724
 -0.0000003551
  0.0000004882
  0.0000003577
 -0.0000019744
 -0.0000004686
 -0.0000006036
 -0.0000023748
  0.0000003632
  0.0000002146
 -0.0000002015
 -0.0000002074
 -0.0000003224
 -0.0000001219
  0.0000000088
  0.0000001276
  0.0000000527
 -0.0000001185
 -0.0000000858
  0.0000001244
 -0.0000000312
  0.0000000176
  0.0000001313
 -0.0000000913
  0.0000001383
 -0.0000003016
 -0.0000001739
 -0.0000003000
  0.0000000977
 -0.0000002374
 -0.0000002924
 -0.0000004364
 -0.0000001468
 -0.0000002134
  0.0000000099
  0.0000001143
 -0.0000001397
  0.0000000278
  0.0000001085
 -0.0000000913
 -0.0000000367
 -0.0000000728
  0.0000001844
 -0.0000001188
  0.0000001593
  0.0000000789
 -0.0000003503
  0.0000015206
  0.0000032235
 -0.0000003967
 -0.0000036277
  0.0000025755
  0.0000005510
 -0.0000045795
  0.0000045052
 -0.0000018890
  0.0000007545
  0.0000002351
  0.0000034064
 -0.0000016678
  0.0000027617
  0.0000018111
 -0.0000010176
 -0.0000036853
  0.0000038489
 -0.0000028015
 -0.0000017858
 -0.0000013593
 -0.0000046437
 -0.0000010796
 -0.0000015340
  0.0000006839
 -0.0000038253
  0.0000004396
  0.0000105892
  0.0000036246
  0.0000146762
 -0.0000080252
 -0.0000023279
  0.0000076326
  0.0000017505
 -0.0000001255
 -0.0000002033
 -0.0000000700
  0.0000007774
 -0.0000025536
 -0.0000027891
 -0.0000007060
  0.0000024987
 -0.0000003724
  0.0000004449
 -0.0000004512
 -0.0000007063
 -0.0000005021
 -0.0000030965
 -0.0000015577
  0.0000020166
 -0.0000014912
  0.0000012525
 -0.0000021419
  0.0000003029
  0.0000004828
  0.0000011462
 -0.0000001889
  0.0000000910
 -0.0000000652
 -0.0000001367
  0.0000000109
  0.0000000213
 -0.0000000508
 -0.0000000673
 -0.0000001134
  0.0000000752
 -0.0000007521
  0.0000000372
 -0.0000002910
 -0.0000005112
 -0.0000002773
 -0.0000000139
 -0.0000001882
 -0.0000001482
 -0.0000001548
 -0.0000001001
 -0.0000001562
 -0.0000001545
  0.0000001104
 -0.0000000937
  0.0000001271
  0.0000000339
 -0.0000006524
  0.0000028115
  0.0000015973
 -0.0000001630
 -0.0000029721
  0.0000015530
  0.0000001521
 -0.0000035347
 -0.0000003347
 -0.0000024085
  0.0000035385
  0.0000012044
 -0.0000011517
 -0.0000011283
  0.0000005596
  0.0000006255
 -0.0000006753
 -0.0000012003
  0.0000000212
 -0.0000038828
 -0.0000015661
 -0.0000015172
 -0.0000053171
 -0.0000008558
  0.0000006925
  0.0000000263
 -0.0000030219
 -0.0000004952
  0.0000132923
  0.0000037621
  0.0000048546
 -0.0000039247
 -0.0000028020
  0.0000162115
 -0.0000008627
  0.0000008894
  0.0000013156
 -0.0000004082
  0.0000000986
  0.0000003302
 -0.0000004953
  0.0000015133
 -0.0000000491
  0.0000023333
  0.0000010562
 -0.0000007711
 -0.0000010252
  0.0000017675
  0.0000014616
 -0.0000004869
 -0.0000008659
 -0.0000002021
 -0.0000001040
  0.0000005037
 -0.0000005449
 -0.0000000486
  0.0000000361
 -0.0000000910
 -0.0000000174
  0.0000002512
  0.0000000798
  0.0000001912
  0.0000000500
 -0.0000000223
  0.0000002178
 -0.0000002936
 -0.0000002393
  0.0000001571
  0.0000000323
 -0.0000002431
 -0.0000002552
 -0.0000001682
 -0.0000000813
 -0.0000000070
  0.0000000021
  0.0000001493
  0.0000000405
  0.0000001152
 -0.0000000603
 -0.0000000393
 -0.0000001183
 -0.0000000059
  0.0000002827
  0.0000001566
  0.0000000830
  0.0000000917
 -0.0000002048
  0.0000020364
  0.0000006430
 -0.0000002575
 -0.0000034356
  0.0000003821
  0.0000030411
 -0.0000057922
  0.0000020688
 -0.0000021220
  0.0000034322
 -0.0000003315
  0.0000001836
 -0.0000015221
 -0.0000000094
  0.0000009913
 -0.0000014202
 -0.0000007901
  0.0000042424
 -0.0000041584
 -0.0000023908
 -0.0000008617
 -0.0000076169
 -0.0000013714
 -0.0000012234
  0.0000008289
 -0.0000047990
  0.0000002158
  0.0000091243
  0.0000075428
  0.0000183585
 -0.0000094357
 -0.0000028698
  0.0000072074
 -0.0000006998
 -0.0000002025
  0.0000016523
 -0.0000021468
 -0.0000021822
 -0.0000007796
  0.0000029191
 -0.0000000245
 -0.0000007287
 -0.0000004181
 -0.0000031580
 -0.0000004917
  0.0000040199
 -0.0000012168
 -0.0000008685
 -0.0000023554
  0.0000000067
 -0.0000006155
  0.0000005966
 -0.0000004940
 -0.0000006443
 -0.0000003130
 -0.0000003151
 -0.0000004259
 -0.0000005625
 -0.0000001663
 -0.0000002982
 -0.0000003268
 -0.0000001794
 -0.0000001842
 -0.0000006243
 -0.0000003335
 -0.0000011732
 -0.0000004922
 -0.0000007388
 -0.0000004397
 -0.0000003223
 -0.0000005944
 -0.0000007452
 -0.0000005042
 -0.0000005809
 -0.0000004993
 -0.0000001738
 -0.0000003219
 -0.0000003032
 -0.0000003706
 -0.0000006550
 -0.0000005399
 -0.0000002993
  0.0000002224
 -0.0000002287
  0.0000000545
 -0.0000004173
 -0.0000004067
 -0.0000007990
  0.0000033081
  0.0000042023
  0.0000005463
 -0.0000032551
  0.0000033815
  0.0000009194
 -0.0000045295
  0.0000040007
 -0.0000022551
  0.0000017465
  0.0000014997
  0.0000027321
 -0.0000005300
  0.0000018525
  0.0000023159
 -0.0000025034
 -0.0000008826
  0.0000086645
 -0.0000059357
 -0.0000034931
 -0.0000013602
 -0.0000120802
 -0.0000024580
  0.0000004453
  0.0000018794
 -0.0000057249
 -0.0000006246
  0.0000102781
  0.0000017796
  0.0000292452
 -0.0000118942
 -0.0000034073
  0.0000055286
  0.0000015626
 -0.0000013254
 -0.0000004586
  0.0000000888
 -0.0000023669
 -0.0000026068
 -0.0000015976
 -0.0000000006
  0.0000039787
 -0.0000003277
  0.0000023039
 -0.0000004087
 -0.0000011813
 -0.0000032901
  0.0000018089
  0.0000004243
 -0.0000016332
 -0.0000025455
 -0.0000037054
 -0.0000008066
  0.0000005461
 -0.0000000939
  0.0000007175
  0.0000008528
  0.0000008369
  0.0000008890
  0.0000009905
  0.0000008754
  0.0000016330
  0.0000008893
  0.0000021958
  0.0000010351
  0.0000033268
  0.0000015070
  0.0000010015
  0.0000004945
  0.0000009401
  0.0000010791
  0.0000007463
  0.0000010886
  0.0000005190
  0.0000004450
  0.0000016151
  0.0000012762
  0.0000014602
  0.0000021489
  0.0000017111
 -0.0000014109
 -0.0000038213
  0.0000015537
 -0.0000019566
 -0.0000044823
 -0.0000001106
 -0.0000014553
  0.0000026720
  0.0000013257
 -0.0000007900
 -0.0000011755
 -0.0000000693
  0.0000001248
 -0.0000008452
  0.0000106825
  0.0000032284
 -0.0000022985
  0.0000004044
 -0.0000013600
 -0.0000086594
  0.0000018965
 -0.0000012007
  0.0000174176
 -0.0000024915
  0.0000031935
 -0.0000000573
  0.0000101522
  0.0000026964
 -0.0000013100
 -0.0000015281
 -0.0000006553
  0.0000003046
 -0.0000014287
 -0.0000007343
 -0.0000002271
 -0.0000011124
 -0.0000035513
 -0.0000007029
 -0.0000009729
  0.0000016862
 -0.0000008226
  0.0000011048
 -0.0000006875
 -0.0000016515
 -0.0000002463
 -0.0000012273
 -0.0000012157
 -0.0000114892
 -0.0000009475
  0.0000009453
  0.0000005530
 -0.0000023196
 -0.0000009112
 -0.0000014698
 -0.0000104696
 -0.0000013449
  0.0000000786
 -0.0000004032
 -0.0000006280
 -0.0000001276
  0.0000001379
 -0.0000001323
  0.0000000211
 -0.0000000593
 -0.0000000407
 -0.0000000070
 -0.0000000928
  0.0000000832
 -0.0000007567
  0.0000001286
 -0.0000002305
 -0.0000005196
 -0.0000002357
 -0.0000000393
 -0.0000001684
 -0.0000001417
 -0.0000001588
 -0.0000004996
  0.0000001481
 -0.0000000439
  0.0000001842
 -0.0000007267
  0.0000028379
  0.0000031353
 -0.0000004715
 -0.0000031024
  0.0000024325
 -0.0000011690
 -0.0000032871
  0.0000009074
 -0.0000005571
  0.0000035612
  0.0000019896
  0.0000001728
 -0.0000010951
  0.0000004518
  0.0000010633
 -0.0000004239
  0.0000031166
  0.0000000642
 -0.0000033935
 -0.0000017656
 -0.0000015155
 -0.0000071109
 -0.0000004799
  0.0000003416
 -0.0000000796
 -0.0000028602
 -0.0000006735
  0.0000074865
  0.0000045216
  0.0000121010
 -0.0000035237
 -0.0000032270
  0.0000135440
 -0.0000005585
  0.0000011757
 -0.0000004862
  0.0000001637
 -0.0000000260
 -0.0000010239
  0.0000017539
 -0.0000000867
  0.0000020466
  0.0000013284
 -0.0000002733
 -0.0000003160
 -0.0000022679
  0.0000017182
  0.0000014243
 -0.0000012389
 -0.0000006315
 -0.0000019087
  0.0000001294
  0.0000009160
  0.0000000601
  0.0000000112
  0.0000003614
 -0.0000001731
 -0.0000003045
  0.0000001806
 -0.0000007835
 -0.0000010438
  0.0000004029
  0.0000034864
  0.0000044533
  0.0000007275
 -0.0000036940
  0.0000027845
 -0.0000059495
 -0.0000016335
  0.0000014518
 -0.0000032945
  0.0000040819
  0.0000018497
  0.0000006172
 -0.0000019979
  0.0000001204
  0.0000026467
  0.0000070937
 -0.0000013386
 -0.0000029570
 -0.0000017281
  0.0000053740
 -0.0000060067
 -0.0000010634
  0.0000045370
  0.0000097914
 -0.0000050999
 -0.0000042527
 -0.0000012860
 -0.0000006488
 -0.0000001177
  0.0000006217
  0.0000000005
  0.0000002727
 -0.0000002999
 -0.0000008114
 -0.0000022484
  0.0000008756
 -0.0000002771
 -0.0000003834
  0.0000034016
 -0.0000005680
  0.0000004988
 -0.0000003131
 -0.0000000040
 -0.0000001414
 -0.0000001123
 -0.0000003626
 -0.0000005467
 -0.0000034787
 -0.0000000379
  0.0000006874
 -0.0000011329
 -0.0000014705
 -0.0000001503
  0.0000011173
 -0.0000023109
  0.0000002960
 -0.0000000762
 -0.0000008197
 -0.0000002362
 -0.0000003943
  0.0000068917
  0.0000061829
  0.0000014825
 -0.0000030026
  0.0000068826
 -0.0000036187
 -0.0000032478
  0.0000066069
 -0.0000042039
  0.0000040344
  0.0000012079
  0.0000049151
 -0.0000041117
  0.0000021219
  0.0000054195
  0.0000067586
 -0.0000007800
 -0.0000019485
 -0.0000011039
  0.0000086929
 -0.0000057908
 -0.0000009794
  0.0000055686
  0.0000063030
 -0.0000075241
  0.0000020057
 -0.0000017798
 -0.0000001183
 -0.0000020595
 -0.0000002372
 -0.0000008421
 -0.0000010609
 -0.0000026980
  0.0000006745
 -0.0000002999
  0.0000027661
  0.0000003631
  0.0000015596
 -0.0000000286
  0.0000000520
 -0.0000011220
 -0.0000004456
 -0.0000005512
 -0.0000035092
  0.0000021547
 -0.0000051094
 -0.0000024407
  0.0000001269
 -0.0000037137
  0.0000004003
 -0.0000011515
 -0.0000005317
 -0.0000001638
  0.0000001417
  0.0000005660
 -0.0000003913
  0.0000003182
  0.0000046200
  0.0000036633
  0.0000023665
 -0.0000020305
  0.0000038618
  0.0000001250
 -0.0000026483
  0.0000013847
 -0.0000024075
  0.0000047401
  0.0000026318
  0.0000020829
 -0.0000005857
  0.0000018101
  0.0000025160
  0.0000056462
  0.0000001340
 -0.0000009733
 -0.0000024019
 -0.0000013991
  0.0000078981
 -0.0000063756
 -0.0000009456
  0.0000073346
  0.0000055220
 -0.0000061427
  0.0000018342
 -0.0000002678
 -0.0000000798
 -0.0000006689
 -0.0000001729
  0.0000001271
 -0.0000012234
 -0.0000010025
 -0.0000024768
  0.0000006480
 -0.0000002256
 -0.0000002679
  0.0000043970
  0.0000004438
  0.0000013791
 -0.0000001375
 -0.0000000431
 -0.0000001818
 -0.0000004157
 -0.0000023273
 -0.0000000460
  0.0000008231
 -0.0000024257
 -0.0000017029
 -0.0000004033
 -0.0000001114
 -0.0000035771
  0.0000003202
  0.0000008379
 -0.0000008365
  0.0000000627
  0.0000002690
  0.0000004637
 -0.0000009569
  0.0000035933
  0.0000043028
  0.0000011388
 -0.0000036693
  0.0000028088
 -0.0000058965
 -0.0000018085
  0.0000014871
 -0.0000034564
  0.0000039820
  0.0000018006
  0.0000006225
 -0.0000021662
  0.0000000825
  0.0000024824
 -0.0000039659
 -0.0000019105
 -0.0000018653
 -0.0000015721
  0.0000008425
  0.0000044063
 -0.0000009446
 -0.0000000810
  0.0000109933
 -0.0000039892
 -0.0000003561
 -0.0000022123
 -0.0000005833
 -0.0000001433
  0.0000005213
 -0.0000000030
  0.0000001142
 -0.0000002114
 -0.0000009403
 -0.0000022104
  0.0000009670
 -0.0000001842
 -0.0000002922
  0.0000033628
 -0.0000005976
  0.0000001638
 -0.0000001156
 -0.0000003437
 -0.0000005029
 -0.0000033901
  0.0000000657
  0.0000006152
 -0.0000011617
 -0.0000016549
 -0.0000002377
  0.0000009504
 -0.0000015913
  0.0000000806
 -0.0000007986
 -0.0000003882
 -0.0000004584
  0.0000004778
  0.0000060710
  0.0000059212
  0.0000032559
 -0.0000004893
  0.0000067887
 -0.0000044643
 -0.0000005435
  0.0000072973
 -0.0000037780
  0.0000069065
  0.0000023779
  0.0000050289
 -0.0000035956
  0.0000037823
  0.0000034898
  0.0000027387
 -0.0000002137
 -0.0000022838
 -0.0000009239
  0.0000038638
 -0.0000047346
  0.0000067753
 -0.0000042442
 -0.0000022726
 -0.0000018514
 -0.0000021427
 -0.0000023933
 -0.0000002170
 -0.0000001217
 -0.0000010851
 -0.0000026869
 -0.0000003964
  0.0000027002
  0.0000010167
  0.0000014672
 -0.0000001309
 -0.0000001630
 -0.0000012167
 -0.0000002973
 -0.0000021112
 -0.0000002956
  0.0000030798
 -0.0000056591
 -0.0000024033
 -0.0000002800
 -0.0000001249
 -0.0000036630
 -0.0000010727
 -0.0000005634
  0.0000003623
  0.0000048147
  0.0000017538
  0.0000038436
 -0.0000049122
  0.0000050874
 -0.0000019363
 -0.0000034727
  0.0000050084
 -0.0000000032
  0.0000027263
  0.0000045264
  0.0000043065
 -0.0000029895
  0.0000036930
  0.0000022213
  0.0000054072
 -0.0000000899
 -0.0000013435
 -0.0000023017
 -0.0000015960
  0.0000086261
 -0.0000070672
 -0.0000013810
  0.0000107428
  0.0000085370
 -0.0000086724
  0.0000016316
 -0.0000010397
 -0.0000005582
 -0.0000018696
 -0.0000005888
 -0.0000006867
 -0.0000017070
 -0.0000030786
  0.0000001661
 -0.0000000242
 -0.0000004116
  0.0000031679
  0.0000000439
  0.0000006688
 -0.0000002871
 -0.0000009080
 -0.0000006710
 -0.0000005784
 -0.0000034800
  0.0000009364
 -0.0000044097
 -0.0000027957
 -0.0000002843
  0.0000003408
 -0.0000040279
  0.0000005441
 -0.0000016175
 -0.0000000562
  0.0000000927
  0.0000011756
  0.0000042167
  0.0000074955
  0.0000012444
 -0.0000049200
  0.0000070240
 -0.0000069029
 -0.0000037755
  0.0000064791
  0.0000024964
  0.0000029113
  0.0000010545
  0.0000056030
  0.0000041731
  0.0000021824
  0.0000050213
 -0.0000081173
 -0.0000029498
 -0.0000065421
  0.0000050359
  0.0000056719
  0.0000057535
 -0.0000040097
 -0.0000031211
  0.0000003054
 -0.0000028854
 -0.0000009877
  0.0000002843
 -0.0000002684
 -0.0000035616
 -0.0000001016
 -0.0000002339
  0.0000007532
 -0.0000005847
  0.0000032111
  0.0000000887
  0.0000001970
 -0.0000013502
 -0.0000002178
 -0.0000028549
 -0.0000000721
  0.0000039868
 -0.0000053761
 -0.0000022262
 -0.0000000216
 -0.0000022083
  0.0000010684
 -0.0000018844
 -0.0000005765
 -0.0000004354
  0.0000037625
  0.0000065883
  0.0000003488
 -0.0000052727
  0.0000071441
 -0.0000074868
 -0.0000045375
  0.0000073941
 -0.0000011065
  0.0000014792
  0.0000011879
  0.0000057449
  0.0000005052
  0.0000012645
  0.0000061315
  0.0000064291
 -0.0000006733
 -0.0000008928
 -0.0000040458
  0.0000073200
  0.0000032524
  0.0000009609
  0.0000057183
 -0.0000066565
  0.0000007781
  0.0000018301
 -0.0000024081
 -0.0000024964
 -0.0000005852
  0.0000002445
 -0.0000007584
 -0.0000040392
 -0.0000000241
  0.0000012913
  0.0000008390
  0.0000034162
  0.0000000905
 -0.0000000103
 -0.0000012959
 -0.0000006208
 -0.0000047371
  0.0000000377
  0.0000036323
 -0.0000062490
 -0.0000020779
  0.0000000697
 -0.0000021190
 -0.0000032866
 -0.0000014350
 -0.0000002220
  0.0000004907
 -0.0000000689
 -0.0000003331
  0.0000051702
  0.0000035573
  0.0000017919
 -0.0000022160
  0.0000036444
 -0.0000032347
 -0.0000019585
  0.0000009546
 -0.0000022983
  0.0000042231
  0.0000026075
  0.0000017835
 -0.0000006924
  0.0000016406
  0.0000013674
 -0.0000020492
 -0.0000028801
 -0.0000005477
 -0.0000038923
 -0.0000012447
 -0.0000040476
 -0.0000040381
 -0.0000053668
  0.0000072970
 -0.0000036120
 -0.0000009999
 -0.0000007252
 -0.0000001840
 -0.0000000100
 -0.0000010613
 -0.0000024257
 -0.0000001361
  0.0000040245
  0.0000004002
  0.0000005995
 -0.0000001527
 -0.0000002063
 -0.0000004310
 -0.0000023526
 -0.0000002739
  0.0000007851
 -0.0000021291
 -0.0000016306
  0.0000006793
 -0.0000018648
  0.0000004938
 -0.0000008115
 -0.0000004697
  0.0000002888
  0.0000039058
  0.0000034020
  0.0000023778
 -0.0000040372
  0.0000035886
 -0.0000008851
 -0.0000010680
  0.0000053495
  0.0000010197
  0.0000040232
  0.0000035456
  0.0000016135
 -0.0000006361
  0.0000022290
  0.0000012393
  0.0000077697
 -0.0000016271
 -0.0000011966
 -0.0000011485
 -0.0000022959
  0.0000054087
 -0.0000009305
  0.0000037015
 -0.0000001135
  0.0000100220
 -0.0000052040
  0.0000000173
 -0.0000011159
 -0.0000009108
 -0.0000002844
 -0.0000013832
 -0.0000003915
 -0.0000004844
 -0.0000013982
 -0.0000027410
  0.0000003332
  0.0000001967
 -0.0000001737
  0.0000040344
  0.0000002729
  0.0000010201
  0.0000001110
  0.0000002025
 -0.0000004058
 -0.0000003551
 -0.0000004216
 -0.0000022805
  0.0000010051
 -0.0000036241
 -0.0000021520
  0.0000005842
 -0.0000036894
  0.0000008555
 -0.0000013012
 -0.0000001626
  0.0000001753
 -0.0000000532
 -0.0000000157
  0.0000051309
  0.0000057073
  0.0000036866
  0.0000001058
  0.0000068342
 -0.0000036927
 -0.0000002042
  0.0000071873
 -0.0000034671
  0.0000075365
  0.0000023252
  0.0000049044
 -0.0000044034
  0.0000043374
  0.0000033402
  0.0000051550
  0.0000095042
 -0.0000014427
 -0.0000122307
 -0.0000018141
 -0.0000043931
  0.0000040933
 -0.0000077807
 -0.0000030690
 -0.0000023767
 -0.0000023934
 -0.0000003344
 -0.0000000256
 -0.0000006175
 -0.0000024532
 -0.0000006570
  0.0000026759
  0.0000005794
  0.0000012019
 -0.0000002014
 -0.0000013014
 -0.0000037709
 -0.0000003608
  0.0000034368
 -0.0000060610
 -0.0000023187
 -0.0000003779
 -0.0000022272
  0.0000002159
 -0.0000011885
 -0.0000008920
  0.0000008003
  0.0000001372
 -0.0000005480
  0.0000035402
  0.0000051159
  0.0000026555
 -0.0000002676
  0.0000117732
  0.0000051862
 -0.0000031625
  0.0000157290
 -0.0000071294
  0.0000025079
  0.0000066657
  0.0000142164
 -0.0000064549
  0.0000040747
  0.0000031771
  0.0000079800
 -0.0000000306
 -0.0000016027
  0.0000099622
  0.0000046154
  0.0000013702
  0.0000116704
  0.0000029417
 -0.0000031434
 -0.0000005470
 -0.0000000520
 -0.0000001138
 -0.0000006006
 -0.0000046181
 -0.0000001483
 -0.0000001555
 -0.0000016110
 -0.0000000931
 -0.0000025067
 -0.0000000624
  0.0000001652
 -0.0000017116
  0.0000001706
 -0.0000060912
 -0.0000001824
  0.0000033751
 -0.0000004147
 -0.0000014800
 -0.0000001209
 -0.0000019458
  0.0000009863
 -0.0000020476
 -0.0000003557
 -0.0000001596
  0.0000001747
 -0.0000003241
  0.0000003397
  0.0000000625
  0.0000072859
  0.0000040489
 -0.0000055596
  0.0000070900
  0.0000007095
 -0.0000010573
  0.0000030409
 -0.0000004265
  0.0000016954
  0.0000021357
  0.0000053570
 -0.0000017143
  0.0000057069
  0.0000042983
  0.0000103567
  0.0000071192
 -0.0000015969
 -0.0000103902
  0.0000028779
 -0.0000011664
  0.0000019199
 -0.0000025454
 -0.0000022709
 -0.0000003483
 -0.0000004232
 -0.0000007934
 -0.0000007682
  0.0000035258
 -0.0000009195
 -0.0000002883
 -0.0000020152
 -0.0000009202
 -0.0000009022
  0.0000041502
 -0.0000040106
 -0.0000010114
 -0.0000020056
 -0.0000004875
 -0.0000013218
 -0.0000008054
 -0.0000002996
 -0.0000006419
  0.0000000932
  0.0000002827
  0.0000020613
  0.0000028756
  0.0000011359
 -0.0000046252
  0.0000025826
 -0.0000033977
 -0.0000036493
  0.0000005508
 -0.0000033920
  0.0000043229
  0.0000011754
  0.0000007636
 -0.0000013021
  0.0000010463
  0.0000013277
 -0.0000015479
  0.0000055139
  0.0000028915
 -0.0000034737
 -0.0000011565
 -0.0000107107
  0.0000010785
 -0.0000022684
 -0.0000033737
  0.0000077242
  0.0000080959
 -0.0000027061
 -0.0000007603
  0.0000006770
 -0.0000006482
 -0.0000001256
 -0.0000004709
 -0.0000011949
 -0.0000038883
  0.0000009442
 -0.0000006681
  0.0000017842
 -0.0000007816
  0.0000002341
 -0.0000008300
 -0.0000008164
 -0.0000006263
 -0.0000024197
  0.0000005528
 -0.0000002724
 -0.0000022797
 -0.0000004011
  0.0000002629
 -0.0000021106
 -0.0000001133
 -0.0000006838
 -0.0000005808
 -0.0000000108
 -0.0000000277
  0.0000037261
  0.0000041801
  0.0000024270
 -0.0000036546
  0.0000035472
 -0.0000007582
 -0.0000023339
  0.0000011937
  0.0000009488
  0.0000044091
  0.0000016189
  0.0000017673
 -0.0000005956
  0.0000025938
  0.0000030883
 -0.0000002277
  0.0000092780
  0.0000101591
 -0.0000010960
 -0.0000108158
  0.0000002769
 -0.0000038826
 -0.0000040373
 -0.0000075158
 -0.0000024235
 -0.0000018384
 -0.0000016400
 -0.0000004553
 -0.0000001196
 -0.0000028031
  0.0000040701
  0.0000004413
  0.0000005299
 -0.0000000992
 -0.0000003262
 -0.0000025043
  0.0000009968
 -0.0000034018
 -0.0000018759
 -0.0000002596
  0.0000002143
 -0.0000024927
 -0.0000013389
 -0.0000006867
 -0.0000000774
 -0.0000000558
  0.0000004183
  0.0000008358
  0.0000073465
  0.0000053073
 -0.0000063797
  0.0000053340
  0.0000080880
 -0.0000000979
  0.0000087737
 -0.0000028308
 -0.0000003239
  0.0000021127
  0.0000009039
 -0.0000041905
  0.0000065208
  0.0000044317
  0.0000057125
 -0.0000022878
 -0.0000037665
  0.0000000099
  0.0000121267
  0.0000032109
 -0.0000023893
 -0.0000006219
 -0.0000002238
 -0.0000002269
 -0.0000042986
 -0.0000001860
 -0.0000005727
 -0.0000015160
  0.0000036014
 -0.0000003462
  0.0000000947
 -0.0000024953
 -0.0000004394
 -0.0000003953
  0.0000040256
 -0.0000036398
 -0.0000021255
 -0.0000006780
 -0.0000020077
  0.0000002486
 -0.0000014510
 -0.0000001830
  0.0000031871
  0.0000068158
  0.0000021331
 -0.0000046497
  0.0000066274
  0.0000062541
 -0.0000028308
  0.0000038244
  0.0000037310
  0.0000025196
  0.0000017208
  0.0000034976
  0.0000032003
  0.0000036155
  0.0000039429
  0.0000061815
 -0.0000005296
 -0.0000043869
 -0.0000038227
  0.0000111732
 -0.0000073306
  0.0000090901
  0.0000159097
 -0.0000126500
  0.0000043053
 -0.0000026543
 -0.0000004000
 -0.0000030289
 -0.0000011539
 -0.0000001424
 -0.0000014163
 -0.0000052617
 -0.0000003940
 -0.0000004188
  0.0000003250
 -0.0000002835
  0.0000031862
 -0.0000003275
 -0.0000000974
 -0.0000015008
 -0.0000009843
 -0.0000043422
 -0.0000002648
  0.0000034626
 -0.0000054117
 -0.0000025425
 -0.0000002333
 -0.0000026127
 -0.0000029880
 -0.0000020616
 -0.0000004070
  0.0000001651
 -0.0000004195
  0.0000001457
  0.0000004414
  0.0000030126
  0.0000041288
  0.0000007238
 -0.0000040134
  0.0000027572
 -0.0000048237
 -0.0000023456
  0.0000008781
 -0.0000033014
  0.0000042114
  0.0000024991
  0.0000008056
 -0.0000021638
  0.0000014486
  0.0000025264
 -0.0000013358
  0.0000092394
  0.0000071548
 -0.0000021499
 -0.0000007208
 -0.0000008324
 -0.0000099008
  0.0000009730
 -0.0000032082
 -0.0000035030
  0.0000002485
  0.0000007701
 -0.0000032373
 -0.0000005750
  0.0000005695
 -0.0000002353
 -0.0000010472
 -0.0000011288
 -0.0000039956
 -0.0000003908
  0.0000025264
 -0.0000008028
 -0.0000003283
 -0.0000002051
 -0.0000003205
 -0.0000004840
 -0.0000025992
  0.0000006750
 -0.0000004450
 -0.0000023588
 -0.0000002541
  0.0000004827
 -0.0000023940
  0.0000009712
 -0.0000007250
 -0.0000005971
 -0.0000002759
 -0.0000015374
  0.0000025688
  0.0000053974
  0.0000018062
 -0.0000052830
  0.0000102156
  0.0000332360
 -0.0000071493
  0.0000260273
 -0.0000024578
  0.0000001949
  0.0000066245
  0.0000166628
 -0.0000037464
  0.0000045820
  0.0000046903
  0.0000057095
  0.0000013024
 -0.0000028207
  0.0000173660
  0.0000153885
  0.0000176015
 -0.0000098207
  0.0000007351
 -0.0000006217
 -0.0000057311
 -0.0000015510
 -0.0000004951
 -0.0000009070
 -0.0000041584
 -0.0000010775
 -0.0000006207
 -0.0000009039
 -0.0000078914
 -0.0000006599
 -0.0000059892
 -0.0000003792
 -0.0000002841
 -0.0000003687
 -0.0000057847
 -0.0000004095
 -0.0000139262
 -0.0000005659
  0.0000004822
 -0.0000032421
 -0.0000061953
 -0.0000005272
 -0.0000035713
 -0.0000006285
  0.0000003936
 -0.0000042431
 -0.0000009877
 -0.0000008411
  0.0000041213
  0.0000054310
  0.0000015666
 -0.0000049382
  0.0000036535
 -0.0000050627
 -0.0000012911
  0.0000013700
 -0.0000041252
  0.0000044537
  0.0000028120
  0.0000014556
 -0.0000024685
  0.0000026487
  0.0000032160
 -0.0000026900
 -0.0000081932
 -0.0000022070
 -0.0000022848
 -0.0000019047
  0.0000039859
  0.0000055837
 -0.0000014406
 -0.0000008167
  0.0000065158
 -0.0000034502
 -0.0000005284
  0.0000011557
 -0.0000001628
 -0.0000001396
 -0.0000001620
 -0.0000000631
 -0.0000009461
 -0.0000009917
 -0.0000023591
  0.0000007944
 -0.0000000223
 -0.0000001611
  0.0000037520
  0.0000002304
  0.0000006514
 -0.0000001925
 -0.0000001821
 -0.0000002548
 -0.0000036094
  0.0000003567
 -0.0000014666
 -0.0000016088
 -0.0000000994
  0.0000001447
 -0.0000017982
  0.0000010642
 -0.0000006308
  0.0000000372
 -0.0000004567
  0.0000040385
  0.0000039616
  0.0000052964
  0.0000002014
  0.0000064032
 -0.0000083926
 -0.0000007976
  0.0000079774
 -0.0000035420
  0.0000073297
  0.0000048774
  0.0000050986
 -0.0000043103
  0.0000060273
  0.0000023209
  0.0000077073
 -0.0000009990
 -0.0000039006
  0.0000078246
  0.0000042919
  0.0000048940
 -0.0000072027
 -0.0000016374
  0.0000017310
 -0.0000021295
 -0.0000001880
 -0.0000025177
 -0.0000003029
 -0.0000001305
 -0.0000009073
 -0.0000033490
  0.0000022693
  0.0000006137
  0.0000026189
 -0.0000003878
 -0.0000000991
 -0.0000013027
 -0.0000004667
 -0.0000009955
 -0.0000042654
 -0.0000003202
  0.0000030788
 -0.0000060321
 -0.0000024542
 -0.0000000818
 -0.0000037166
 -0.0000011664
 -0.0000006208
  0.0000002220
  0.0000001967
 -0.0000020461
  0.0000042165
  0.0000046195
  0.0000022165
 -0.0000006803
  0.0000115936
  0.0000042288
 -0.0000035023
  0.0000149424
 -0.0000072413
  0.0000035491
  0.0000062774
  0.0000131216
 -0.0000077489
  0.0000035908
  0.0000010463
 -0.0000001505
 -0.0000006212
 -0.0000051857
 -0.0000017738
  0.0000156369
  0.0000129829
  0.0000149444
 -0.0000121918
  0.0000058467
 -0.0000031508
 -0.0000011738
 -0.0000001546
 -0.0000005726
 -0.0000009981
 -0.0000053157
 -0.0000005375
 -0.0000005441
 -0.0000015503
 -0.0000001543
 -0.0000026740
 -0.0000001381
 -0.0000001026
 -0.0000003852
 -0.0000021495
 -0.0000004030
 -0.0000093323
 -0.0000003681
  0.0000031166
 -0.0000016167
 -0.0000017029
 -0.0000005088
 -0.0000024921
 -0.0000025837
  0.0000007784
 -0.0000022176
 -0.0000009616
 -0.0000002522
  0.0000021000
  0.0000043959
  0.0000025861
 -0.0000039093
  0.0000037370
 -0.0000063892
 -0.0000022535
  0.0000020262
 -0.0000040021
  0.0000046036
  0.0000032621
  0.0000015706
 -0.0000028284
  0.0000032209
  0.0000028873
 -0.0000019065
 -0.0000087314
 -0.0000031318
 -0.0000016350
  0.0000007803
 -0.0000087727
 -0.0000040728
 -0.0000055043
  0.0000023069
  0.0000150711
 -0.0000026761
  0.0000055969
 -0.0000002058
  0.0000000250
  0.0000000404
 -0.0000007045
 -0.0000009730
 -0.0000026567
 -0.0000001234
  0.0000035201
  0.0000001162
 -0.0000000352
  0.0000001468
 -0.0000000925
 -0.0000002138
 -0.0000002043
 -0.0000021185
  0.0000004246
 -0.0000013442
 -0.0000017903
 -0.0000000878
  0.0000001378
 -0.0000019931
  0.0000006849
 -0.0000006776
 -0.0000001661
 -0.0000000256
 -0.0000002545
  0.0000004658
  0.0000045002
  0.0000028846
  0.0000029364
 -0.0000043853
  0.0000035604
 -0.0000008064
 -0.0000013954
  0.0000055406
  0.0000005072
  0.0000036030
  0.0000042451
  0.0000015627
 -0.0000016676
  0.0000027779
  0.0000007746
 -0.0000020526
 -0.0000034878
 -0.0000011077
 -0.0000024153
  0.0000001658
  0.0000048914
 -0.0000059307
  0.0000061853
 -0.0000035357
 -0.0000017082
  0.0000001925
 -0.0000015702
 -0.0000016882
 -0.0000003023
 -0.0000001350
 -0.0000012397
 -0.0000025860
 -0.0000002633
  0.0000040836
  0.0000003283
  0.0000011099
 -0.0000002108
 -0.0000003908
 -0.0000004299
 -0.0000004754
 -0.0000033402
 -0.0000003673
  0.0000012089
 -0.0000037824
 -0.0000019738
  0.0000002452
 -0.0000027899
 -0.0000012990
 -0.0000005850
 -0.0000000021
  0.0000031989
  0.0000042271
  0.0000012519
 -0.0000035769
  0.0000030393
 -0.0000043957
 -0.0000023221
  0.0000011534
 -0.0000024942
  0.0000043175
  0.0000023761
  0.0000012580
 -0.0000014547
  0.0000011348
  0.0000026526
 -0.0000019862
  0.0000016522
 -0.0000000580
 -0.0000018096
  0.0000019635
 -0.0000008093
  0.0000096788
 -0.0000048011
 -0.0000053572
  0.0000134128
 -0.0000035430
 -0.0000009853
  0.0000030170
 -0.0000007156
 -0.0000000680
  0.0000008022
  0.0000000501
  0.0000000204
 -0.0000003727
 -0.0000010641
 -0.0000031702
  0.0000004653
 -0.0000003367
 -0.0000004665
  0.0000028350
 -0.0000006809
 -0.0000003055
 -0.0000000274
 -0.0000001798
 -0.0000006032
 -0.0000024640
 -0.0000000009
  0.0000009757
  0.0000001203
 -0.0000020207
 -0.0000003442
  0.0000009211
 -0.0000023644
 -0.0000000285
 -0.0000004115
 -0.0000004788
  0.0000058257
  0.0000040087
  0.0000014307
 -0.0000040803
  0.0000036228
 -0.0000031104
 -0.0000014442
  0.0000007279
 -0.0000041302
  0.0000032902
  0.0000020639
  0.0000017641
 -0.0000023280
  0.0000018179
  0.0000016419
  0.0000063546
 -0.0000015137
 -0.0000014680
 -0.0000017198
 -0.0000019730
  0.0000046957
 -0.0000011591
  0.0000024598
  0.0000002650
  0.0000108619
 -0.0000051092
 -0.0000014364
 -0.0000023173
 -0.0000003476
 -0.0000003865
 -0.0000005177
 -0.0000003558
  0.0000001059
 -0.0000011241
 -0.0000013279
 -0.0000027645
  0.0000003086
 -0.0000002139
 -0.0000003782
  0.0000038398
  0.0000001251
  0.0000008202
 -0.0000004217
 -0.0000003864
 -0.0000004802
 -0.0000031758
 -0.0000002393
  0.0000002477
 -0.0000019556
 -0.0000019016
 -0.0000003719
 -0.0000000196
 -0.0000031187
  0.0000009179
 -0.0000008997
 -0.0000000960
 -0.0000010373
  0.0000000769
  0.0000034855
  0.0000051276
  0.0000026306
 -0.0000005485
  0.0000128574
  0.0000056207
 -0.0000031970
  0.0000163980
 -0.0000065879
  0.0000024172
  0.0000072796
  0.0000137772
 -0.0000060083
  0.0000040632
  0.0000018769
  0.0000013814
 -0.0000022852
 -0.0000080133
  0.0000049495
  0.0000002161
  0.0000101044
 -0.0000012540
 -0.0000023732
 -0.0000041307
 -0.0000004870
 -0.0000007714
 -0.0000058040
 -0.0000004666
 -0.0000011686
 -0.0000020779
 -0.0000003224
 -0.0000018147
 -0.0000006155
 -0.0000001108
 -0.0000022781
 -0.0000009741
 -0.0000012167
 -0.0000006559
  0.0000024225
 -0.0000007354
 -0.0000019973
 -0.0000010973
 -0.0000007250
 -0.0000027270
 -0.0000006123
 -0.0000004845
 -0.0000012723
  0.0000038052
  0.0000080747
  0.0000063724
 -0.0000063180
  0.0000053943
  0.0000181052
  0.0000010506
  0.0000198948
 -0.0000050185
  0.0000019238
  0.0000008685
  0.0000105731
 -0.0000071775
  0.0000073189
  0.0000055052
  0.0000057696
 -0.0000020880
  0.0000097263
  0.0000049511
  0.0000145067
 -0.0000118928
  0.0000032138
 -0.0000022233
 -0.0000004091
  0.0000001582
 -0.0000004048
 -0.0000011960
 -0.0000055606
 -0.0000001324
 -0.0000003704
 -0.0000019404
 -0.0000008471
 -0.0000002272
  0.0000044102
  0.0000000976
 -0.0000001099
 -0.0000024923
 -0.0000004375
 -0.0000043152
 -0.0000000760
  0.0000042406
 -0.0000034702
 -0.0000016236
 -0.0000001839
 -0.0000018699
 -0.0000023531
  0.0000005688
 -0.0000010635
 -0.0000005928
 -0.0000022758
  0.0000023072
  0.0000052297
  0.0000013167
 -0.0000036041
  0.0000066118
 -0.0000080696
 -0.0000056048
  0.0000073927
 -0.0000042525
  0.0000031519
  0.0000012856
  0.0000054625
 -0.0000027394
  0.0000019286
  0.0000057565
  0.0000033170
 -0.0000045253
 -0.0000041698
 -0.0000057948
 -0.0000059840
  0.0000098911
 -0.0000092183
  0.0000077352
  0.0000144684
 -0.0000131170
  0.0000030006
 -0.0000024663
 -0.0000002330
 -0.0000025822
 -0.0000005888
 -0.0000002237
 -0.0000010784
 -0.0000048228
  0.0000004519
  0.0000012155
  0.0000006392
 -0.0000001819
  0.0000031200
 -0.0000001968
  0.0000000832
 -0.0000015038
 -0.0000005745
 -0.0000012272
 -0.0000050215
 -0.0000003742
  0.0000032947
 -0.0000068586
 -0.0000024010
 -0.0000003831
 -0.0000035534
 -0.0000014237
 -0.0000006171
 -0.0000000641
 -0.0000012835
 -0.0000009048
  0.0000002220
  0.0000006263
  0.0000017937
  0.0000025428
  0.0000010185
 -0.0000046328
  0.0000026265
 -0.0000041262
 -0.0000039014
  0.0000006095
 -0.0000024578
  0.0000046283
  0.0000007050
  0.0000009079
 -0.0000013730
  0.0000007344
  0.0000010608
  0.0000067834
 -0.0000027520
 -0.0000015152
 -0.0000047062
 -0.0000020872
 -0.0000051386
  0.0000045277
 -0.0000066429
 -0.0000013394
  0.0000039892
  0.0000068941
 -0.0000056382
 -0.0000012719
 -0.0000004134
 -0.0000002239
  0.0000005292
 -0.0000001557
 -0.0000002564
 -0.0000006970
 -0.0000012922
 -0.0000024271
  0.0000007906
 -0.0000001249
 -0.0000003305
  0.0000024640
 -0.0000007418
 -0.0000002757
 -0.0000006146
 -0.0000005244
 -0.0000004422
 -0.0000004934
 -0.0000002390
 -0.0000004843
 -0.0000004626
 -0.0000037282
 -0.0000006011
  0.0000003708
 -0.0000004827
 -0.0000021797
 -0.0000007624
  0.0000000323
 -0.0000018755
 -0.0000001299
 -0.0000004796
 -0.0000007596
 -0.0000002285
 -0.0000005571
  0.0000016841
  0.0000072800
  0.0000057633
 -0.0000064978
  0.0000038409
  0.0000137583
  0.0000003114
  0.0000152288
 -0.0000029727
  0.0000000548
  0.0000011073
  0.0000021574
 -0.0000044560
  0.0000069019
  0.0000050433
 -0.0000090836
 -0.0000005665
  0.0000059016
 -0.0000060691
  0.0000095073
 -0.0000055325
  0.0000006795
 -0.0000022189
 -0.0000003783
  0.0000002632
 -0.0000002698
 -0.0000049315
 -0.0000000771
 -0.0000002778
 -0.0000015856
  0.0000041239
  0.0000001806
  0.0000002257
 -0.0000023293
  0.0000002473
 -0.0000046529
 -0.0000000076
  0.0000042408
 -0.0000036452
 -0.0000020028
 -0.0000000577
 -0.0000019579
  0.0000011812
 -0.0000010909
 -0.0000005644
 -0.0000005779
  0.0000002675
  0.0000004974
  0.0000027927
  0.0000026272
  0.0000005026
 -0.0000033400
  0.0000010587
 -0.0000023640
 -0.0000037917
 -0.0000008187
 -0.0000017703
  0.0000043358
  0.0000014305
 -0.0000010108
 -0.0000009019
 -0.0000000001
  0.0000012866
  0.0000054082
 -0.0000017771
 -0.0000032995
 -0.0000003342
  0.0000044319
 -0.0000011264
  0.0000019721
  0.0000102590
 -0.0000032667
 -0.0000037660
 -0.0000014473
  0.0000001136
  0.0000001277
  0.0000007716
 -0.0000003187
 -0.0000000431
 -0.0000000623
 -0.0000007217
 -0.0000032079
  0.0000005203
 -0.0000001655
 -0.0000003114
  0.0000024234
 -0.0000004270
 -0.0000003617
  0.0000006247
 -0.0000002696
 -0.0000001471
 -0.0000001848
 -0.0000005968
 -0.0000004609
 -0.0000001516
 -0.0000028811
 -0.0000002577
  0.0000005389
  0.0000004219
 -0.0000019530
 -0.0000003075
 -0.0000005997
 -0.0000022727
  0.0000003432
 -0.0000000097
 -0.0000001493
  0.0000000900
 -0.0000002673
  0.0000044517
  0.0000074865
  0.0000011851
 -0.0000053360
  0.0000073709
 -0.0000060360
 -0.0000037768
  0.0000069021
  0.0000011614
  0.0000027985
  0.0000014219
  0.0000059371
  0.0000029078
  0.0000021100
  0.0000056921
 -0.0000077487
 -0.0000026473
  0.0000015949
  0.0000058118
 -0.0000062639
  0.0000123367
 -0.0000047345
 -0.0000025974
 -0.0000010025
 -0.0000022426
 -0.0000025602
 -0.0000006554
  0.0000002221
 -0.0000005906
 -0.0000005721
 -0.0000035800
 -0.0000001010
  0.0000012442
  0.0000004184
  0.0000036358
  0.0000001817
  0.0000000212
 -0.0000010754
 -0.0000006818
 -0.0000034391
  0.0000000105
  0.0000038537
 -0.0000055312
 -0.0000018769
 -0.0000000890
 -0.0000022103
 -0.0000032905
  0.0000002627
 -0.0000015538
 -0.0000004192
  0.0000054411
  0.0000018994
  0.0000041652
 -0.0000042746
  0.0000033903
 -0.0000008052
 -0.0000026744
  0.0000057434
 -0.0000012914
  0.0000030084
  0.0000053844
  0.0000024761
 -0.0000036387
  0.0000040366
  0.0000018429
 -0.0000018750
 -0.0000036531
 -0.0000035983
 -0.0000050031
 -0.0000036397
  0.0000063659
  0.0000135846
 -0.0000035766
  0.0000043524
 -0.0000016904
 -0.0000018590
 -0.0000000805
  0.0000001162
 -0.0000010740
 -0.0000023949
  0.0000041453
  0.0000006528
  0.0000012315
  0.0000000280
 -0.0000003650
 -0.0000037034
 -0.0000000385
  0.0000018877
 -0.0000041351
 -0.0000018269
  0.0000000213
  0.0000002982
 -0.0000019189
 -0.0000010668
 -0.0000002508
  0.0000001082
  0.0000017414
  0.0000026283
  0.0000044796
 -0.0000029323
  0.0000061396
 -0.0000067400
 -0.0000028612
  0.0000076695
 -0.0000031587
  0.0000039181
  0.0000044080
  0.0000048329
 -0.0000017773
  0.0000052409
  0.0000033365
  0.0000088419
  0.0000072883
 -0.0000012282
 -0.0000100629
  0.0000031542
  0.0000026098
  0.0000019057
 -0.0000019887
 -0.0000029249
 -0.0000005142
 -0.0000006102
 -0.0000027941
  0.0000017732
 -0.0000006967
  0.0000011707
 -0.0000005972
 -0.0000002703
 -0.0000014181
 -0.0000003011
 -0.0000036556
 -0.0000006453
  0.0000035031
 -0.0000067657
 -0.0000006783
 -0.0000021621
  0.0000009542
 -0.0000018776
 -0.0000003622
 -0.0000181391
  0.0000831833
 -0.0000448097
  0.0000056412
 -0.0000028240
  0.0000005892
 -0.0000048260
 -0.0001754486
 -0.0000448324
 -0.0000008029
  0.0000025766
  0.0000192138
 -0.0000267245
 -0.0001421516
  0.0000017449
 -0.0000065801
  0.0000020425
  0.0000042562
  0.0000023956
  0.0000047905
  0.0000028247
  0.0000025138
  0.0000035111
  0.0000006804
  0.0000025958
  0.0000030034
  0.0000031441
  0.0000002052
  0.0000029180
  0.0000027260
  0.0000038076
  0.0000024879
  0.0000028021
  0.0000032171
  0.0000040564
  0.0000039843
  0.0000031594
 -0.0000020660
  0.0000032872
  0.0000013656
  0.0000009563
  0.0000064220
  0.0000025652
  0.0000021871
  0.0000044684
  0.0000037646
  0.0000020773
  0.0000063391
  0.0000025856
  0.0000022224
 -0.0000178226
  0.0000914432
 -0.0000716781
 -0.0000002918
  0.0000136347
 -0.0000652477
  0.0000083313
 -0.0000931969
 -0.0000728518
  0.0000044251
  0.0000057718
  0.0001145919
 -0.0001074089
 -0.0000015894
 -0.0000153203
  0.0000013216
  0.0000032846
  0.0000020491
  0.0000042979
  0.0000038428
  0.0000028820
  0.0000089687
  0.0000094590
  0.0000067757
  0.0000033519
  0.0000033807
  0.0000000360
  0.0000031404
  0.0000031637
  0.0000094633
  0.0000035149
  0.0000030227
  0.0000042953
  0.0000050282
  0.0000042462
  0.0000029344
  0.0000024433
  0.0000028329
  0.0000003122
 -0.0000001744
  0.0000096137
  0.0000017903
  0.0000008171
  0.0000086197
  0.0000039986
  0.0000026444
  0.0000044905
  0.0000038722
  0.0000031163
 -0.0000192834
 -0.0000660152
 -0.0000222435
 -0.0000505670
 -0.0000032693
  0.0000113552
 -0.0000486284
  0.0000051838
 -0.0000513342
 -0.0000444998
  0.0000042623
  0.0000021076
  0.0000282257
 -0.0000026445
 -0.0000235951
 -0.0000001405
  0.0000026789
  0.0000001762
  0.0000033395
  0.0000006098
  0.0000004922
  0.0000067741
  0.0000073283
  0.0000014211
  0.0000007040
  0.0000007673
 -0.0000022762
  0.0000009105
  0.0000007057
  0.0000065859
  0.0000006232
 -0.0000001093
  0.0000015491
  0.0000025542
  0.0000024025
 -0.0000000870
  0.0000006773
 -0.0000003546
 -0.0000011508
 -0.0000023448
  0.0000078205
  0.0000005536
 -0.0000004786
  0.0000061635
  0.0000025493
 -0.0000007824
  0.0000020182
 -0.0000003112
  0.0000011498
 -0.0000193070
  0.0000076066
 -0.0000237573
 -0.0000063105
 -0.0000258732
 -0.0001039514
 -0.0000159768
 -0.0001407114
 -0.0000416807
 -0.0000057214
 -0.0000322676
  0.0000167656
 -0.0000293078
 -0.0000184521
 -0.0000205306
 -0.0000035374
 -0.0000031189
 -0.0000043931
 -0.0000029520
 -0.0000041696
 -0.0000028545
 -0.0000051335
 -0.0000127786
 -0.0000052313
 -0.0000031788
 -0.0000029440
 -0.0000060568
 -0.0000031100
 -0.0000033664
 -0.0000053296
 -0.0000026820
 -0.0000031562
 -0.0000037262
 -0.0000019204
 -0.0000050218
 -0.0000027690
 -0.0000126340
 -0.0000026450
 -0.0000055126
 -0.0000070562
 -0.0000018158
 -0.0000029492
 -0.0000035882
 -0.0000143496
 -0.0000037403
 -0.0000041480
 -0.0000018449
 -0.0000034304
 -0.0000040706
  0.0000128263
  0.0000191307
 -0.0000186999
  0.0000169740
  0.0000189079
 -0.0000256078
  0.0000275472
 -0.0000509759
 -0.0000286781
  0.0000280094
  0.0000129122
  0.0000661804
 -0.0000257125
  0.0000151225
 -0.0000227986
  0.0000000189
  0.0000039412
  0.0000003269
  0.0000034868
  0.0000054346
  0.0000008248
  0.0000085676
  0.0000191456
  0.0000066113
  0.0000016191
  0.0000009644
  0.0000007498
  0.0000016305
  0.0000021458
  0.0000145108
  0.0000012265
  0.0000014198
  0.0000030524
  0.0000036103
  0.0000031902
  0.0000023646
  0.0000261311
  0.0000020031
 -0.0000014552
 -0.0000023799
  0.0000093023
  0.0000033005
 -0.0000002296
  0.0000132552
  0.0000034128
  0.0000027726
  0.0000031888
  0.0000040080
  0.0000012776
  0.0001330679
 -0.0000159413
  0.0000036684
  0.0000742340
  0.0000433122
  0.0000521659
  0.0000395338
 -0.0000593773
 -0.0000462790
  0.0000750205
  0.0000069313
 -0.0001362693
  0.0000722751
  0.0000602624
 -0.0000113316
 -0.0000021278
 -0.0000049007
 -0.0000016760
 -0.0000051644
  0.0000006414
 -0.0000007337
 -0.0000072625
  0.0000266621
 -0.0000107677
 -0.0000003321
 -0.0000019206
 -0.0000088020
 -0.0000012209
 -0.0000020972
  0.0000075774
 -0.0000006270
 -0.0000010418
 -0.0000037850
 -0.0000056525
 -0.0000045324
  0.0000008049
  0.0000904680
  0.0000005438
 -0.0000032288
 -0.0000058454
 -0.0000090287
  0.0000011304
 -0.0000022089
  0.0000272450
 -0.0000022392
 -0.0000006793
 -0.0000031493
  0.0000017341
 -0.0000009798
 -0.0000286007
 -0.0000017473
  0.0000131659
 -0.0000047920
 -0.0000011330
 -0.0000278790
 -0.0000069023
 -0.0000857134
 -0.0000107561
 -0.0000022437
 -0.0000428797
  0.0000214067
 -0.0000478980
 -0.0000099223
 -0.0000185343
 -0.0000052294
 -0.0000024194
 -0.0000044822
 -0.0000013867
 -0.0000068638
 -0.0000044256
  0.0000014528
 -0.0000015510
 -0.0000035641
 -0.0000034258
 -0.0000030959
 -0.0000078161
 -0.0000036159
 -0.0000033960
 -0.0000017668
 -0.0000039819
 -0.0000037994
 -0.0000022330
 -0.0000025287
 -0.0000021551
 -0.0000036527
 -0.0000100824
 -0.0000037829
 -0.0000061872
 -0.0000065393
  0.0000024295
 -0.0000035833
 -0.0000053274
 -0.0000019864
 -0.0000024551
 -0.0000069266
 -0.0000019073
 -0.0000050412
 -0.0000034471
  0.0000747650
 -0.0000295499
 -0.0000110106
  0.0000340413
  0.0000288023
  0.0000323134
  0.0000350130
 -0.0000712279
 -0.0000532886
  0.0000457078
  0.0000134494
 -0.0000939688
  0.0000404218
  0.0000329161
 -0.0000234807
  0.0000023301
  0.0000011569
 -0.0000016086
  0.0000026732
  0.0000033677
  0.0000041760
  0.0000070238
  0.0000278501
  0.0000069920
 -0.0000001005
 -0.0000006344
 -0.0000007081
  0.0000000845
  0.0000000468
  0.0000162977
  0.0000041747
  0.0000010643
  0.0000011614
  0.0000009764
  0.0000013463
  0.0000004734
  0.0000528165
  0.0000000779
 -0.0000034275
 -0.0000047478
  0.0000087114
  0.0000025169
  0.0000018516
  0.0000256063
  0.0000012422
  0.0000013215
  0.0000012853
  0.0000035299
 -0.0000006247
 -0.0000127993
  0.0000076535
 -0.0000556519
 -0.0000159034
 -0.0000236185
 -0.0001361183
 -0.0000009555
 -0.0001340357
 -0.0000411628
 -0.0000004879
 -0.0000194461
  0.0000397005
 -0.0000729145
 -0.0000157733
 -0.0000188826
 -0.0000001231
  0.0000008732
 -0.0000039920
 -0.0000020905
 -0.0000047169
 -0.0000020047
 -0.0000066523
 -0.0000155173
  0.0000001565
 -0.0000019614
 -0.0000015508
 -0.0000068266
 -0.0000027068
 -0.0000024011
  0.0000050729
 -0.0000026448
 -0.0000011939
 -0.0000033725
  0.0000051182
 -0.0000025790
 -0.0000009750
  0.0000061444
 -0.0000000460
 -0.0000028978
 -0.0000041709
 -0.0000055388
 -0.0000026836
 -0.0000018053
  0.0000037717
  0.0000006353
 -0.0000025997
  0.0000016551
 -0.0000016883
 -0.0000026645
 -0.0000202625
  0.0000083715
 -0.0000889555
  0.0000036315
 -0.0000042851
 -0.0000269481
 -0.0000066602
 -0.0000870834
 -0.0000693524
  0.0000007280
  0.0000007241
  0.0000592699
 -0.0000417663
  0.0000007595
 -0.0000088875
  0.0000034555
  0.0000047888
  0.0000036056
  0.0000048995
  0.0000020635
  0.0000031609
  0.0000023067
 -0.0000011473
  0.0000019772
  0.0000045693
  0.0000046774
  0.0000006053
  0.0000049194
  0.0000047154
  0.0000018155
  0.0000027061
  0.0000038216
  0.0000044426
  0.0000051630
  0.0000038800
  0.0000038253
 -0.0000026126
  0.0000036430
  0.0000025443
  0.0000006368
  0.0000053633
  0.0000029052
  0.0000029191
  0.0000024083
  0.0000042713
  0.0000002131
  0.0000050943
  0.0000012382
  0.0000050254
  0.0000411825
 -0.0000222865
 -0.0000505811
  0.0000246280
  0.0000210519
  0.0000212940
  0.0000283611
 -0.0000669627
 -0.0000871021
  0.0000354637
  0.0000076347
 -0.0001157708
  0.0000257752
 -0.0000137495
 -0.0000147360
  0.0000004518
  0.0000034452
  0.0000004577
  0.0000029708
  0.0000004857
  0.0000009635
  0.0000036773
  0.0000172046
  0.0000007450
  0.0000017173
  0.0000014564
 -0.0000020984
  0.0000018577
  0.0000016110
  0.0000088681
  0.0000012930
  0.0000021313
  0.0000024122
  0.0000049365
  0.0000026349
  0.0000022388
  0.0000406704
  0.0000009439
 -0.0000013789
 -0.0000023415
  0.0000043879
  0.0000011919
  0.0000001234
  0.0000108870
  0.0000022317
  0.0000005782
  0.0000024829
  0.0000011861
  0.0000015766
  0.0000399187
 -0.0001492851
  0.0000010616
 -0.0000445216
  0.0000258244
  0.0000271100
  0.0000034812
  0.0000356976
 -0.0000597171
 -0.0000794483
  0.0000298982
  0.0000151285
  0.0000216723
 -0.0000334246
 -0.0001641690
  0.0000004869
  0.0000020836
 -0.0000011938
  0.0000012699
 -0.0000000208
  0.0000022979
  0.0000071743
  0.0000269381
  0.0000051826
  0.0000000656
 -0.0000006936
 -0.0000009388
  0.0000000302
  0.0000003207
  0.0000155303
  0.0000022964
  0.0000006076
  0.0000013718
  0.0000017858
  0.0000009395
 -0.0000002670
  0.0000410116
 -0.0000006510
 -0.0000029977
 -0.0000039535
  0.0000079255
  0.0000011281
 -0.0000000226
  0.0000223933
  0.0000015872
  0.0000002983
  0.0000011976
  0.0000022141
 -0.0000002049
 -0.0000207188
 -0.0000073279
 -0.0000774744
 -0.0000216219
 -0.0000245842
 -0.0001395176
 -0.0000023227
 -0.0001029631
 -0.0000458902
 -0.0000016764
 -0.0000277883
 -0.0000331930
  0.0000037654
 -0.0000206517
 -0.0000278352
 -0.0001129316
 -0.0000006493
 -0.0000007636
 -0.0000028017
 -0.0000029067
 -0.0000004330
 -0.0000015733
 -0.0000066473
 -0.0000174291
 -0.0000010048
 -0.0000007034
 -0.0000007223
 -0.0000073773
 -0.0000008457
 -0.0000005754
  0.0000030082
 -0.0000013005
 -0.0000011892
 -0.0000019689
  0.0000046427
 -0.0000013549
 -0.0000009931
  0.0000000114
 -0.0000005486
 -0.0000028560
 -0.0000047297
 -0.0000059415
 -0.0000015779
 -0.0000016844
  0.0000019554
 -0.0000011103
 -0.0000019309
  0.0000004934
 -0.0000009804
 -0.0000005097
 -0.0000089467
 -0.0000954677
  0.0000023868
 -0.0000066404
 -0.0000017479
  0.0000122044
 -0.0000198610
  0.0000104334
 -0.0000592265
 -0.0000331681
  0.0000119222
  0.0000045730
  0.0000131301
 -0.0000199748
 -0.0001075611
 -0.0000002206
  0.0000022147
  0.0000003548
  0.0000029532
  0.0000006821
  0.0000010567
  0.0000079755
  0.0000086517
  0.0000024941
  0.0000002181
  0.0000003649
 -0.0000014935
  0.0000005491
  0.0000006044
  0.0000084385
  0.0000015858
  0.0000003799
  0.0000015506
  0.0000030123
  0.0000035208
  0.0000007991
  0.0000087867
  0.0000010510
 -0.0000009154
 -0.0000021096
  0.0000089765
  0.0000000653
 -0.0000000871
  0.0000077989
  0.0000027014
  0.0000014141
  0.0000028589
  0.0000019156
  0.0000005302
 -0.0000094978
 -0.0000741484
 -0.0000062843
 -0.0000392028
 -0.0000030719
  0.0000091931
 -0.0000385622
  0.0000127061
 -0.0000492572
 -0.0000342306
  0.0000075274
  0.0000046421
  0.0000360618
  0.0000086971
 -0.0000253762
  0.0000018095
  0.0000018224
  0.0000005370
  0.0000022101
  0.0000018531
  0.0000024944
  0.0000058100
  0.0000070750
  0.0000042736
  0.0000018847
  0.0000017893
 -0.0000008599
  0.0000018143
  0.0000016778
  0.0000076272
  0.0000029514
  0.0000010425
  0.0000026811
  0.0000048848
  0.0000025242
  0.0000019980
  0.0000095468
  0.0000016766
 -0.0000012172
 -0.0000018546
  0.0000063935
  0.0000019918
  0.0000011617
  0.0000050876
  0.0000028908
  0.0000008776
  0.0000027864
  0.0000020967
  0.0000016358
  0.0000191064
  0.0000199359
  0.0000204692
  0.0000024811
  0.0000001327
 -0.0000031702
 -0.0000044067
 -0.0000037476
 -0.0000062783
 -0.0000063409
  0.0000000901
 -0.0000056900
 -0.0000021573
 -0.0000046856
  0.0000007843
 -0.0000034191
 -0.0000006133
 -0.0000149600
 -0.0000023404
 -0.0000011612
 -0.0000018011
 -0.0000073393
 -0.0000067846
 -0.0000023576
  0.0000040905
 -0.0000038411
 -0.0000004640
 -0.0000020003
 -0.0000038757
 -0.0000011564
 -0.0000029258
 -0.0000072554
  0.0000153098
  0.0000078275
 -0.0000200732
 -0.0000032472
 -0.0000151732
 -0.0000012037
 -0.0000006414
 -0.0000002755
  0.0000053305
 -0.0000001456
 -0.0000006033
  0.0000024200
  0.0000044058
 -0.0000025997
 -0.0000071389
  0.0000058297
 -0.0000143955
  0.0000026859
 -0.0000043124
  0.0000000548
 -0.0000145563
  0.0000001665
 -0.0000010594
  0.0000001051
 -0.0000105803
  0.0000271760
 -0.0000027018
  0.0000036680
 -0.0000010844
  0.0000013364
  0.0000042788
 -0.0000078336
 -0.0000134271
  0.0000019017
  0.0000006795
  0.0000048126
  0.0000061569
  0.0000011928
  0.0000070573
  0.0000179278
 -0.0000154394
  0.0000045444
 -0.0000046303
  0.0000032335
  0.0000055881
  0.0000047078
 -0.0000036562
  0.0000076094
  0.0000027027
  0.0000051991
 -0.0000025320
 -0.0000726534
 -0.0000011728
  0.0000052178
 -0.0000089520
  0.0000018532
  0.0000019970
 -0.0000002988
  0.0000060787
  0.0000010513
  0.0000008164
  0.0000135501
  0.0000122628
 -0.0000211521
 -0.0001158829
  0.0000041273
 -0.0000044642
  0.0000082739
  0.0000046301
  0.0000005149
 -0.0000026223
 -0.0000099633
  0.0000001016
  0.0000011593
 -0.0000145859
 -0.0000044439
 -0.0000268385
 -0.0000166088
 -0.0000084712
 -0.0000089071
 -0.0000095292
 -0.0000195274
 -0.0000041559
 -0.0000046780
 -0.0000062447
 -0.0000289124
 -0.0000170956
 -0.0000027260
 -0.0000415287
 -0.0000047303
 -0.0000026354
 -0.0000033520
 -0.0000247137
 -0.0000067901
 -0.0000088095
 -0.0000050558
 -0.0000289825
 -0.0000000096
 -0.0000186186
 -0.0000065161
 -0.0000166136
 -0.0000030821
 -0.0000135540
 -0.0000207855
 -0.0000066376
 -0.0000094758
 -0.0000019168
  0.0000073750
  0.0000092199
  0.0000008132
 -0.0000018889
 -0.0000061886
 -0.0000055616
 -0.0000029321
 -0.0000023083
 -0.0000028076
 -0.0000023070
  0.0000017968
 -0.0000057754
 -0.0000019274
 -0.0000119314
 -0.0000037441
 -0.0000014649
 -0.0000017170
 -0.0000027573
 -0.0000028393
 -0.0000034242
  0.0000076607
 -0.0000024527
 -0.0000009871
 -0.0000029602
 -0.0000035664
 -0.0000023458
 -0.0000041748
  0.0000040852
  0.0000119479
  0.0000143020
  0.0000138219
 -0.0000047355
  0.0000009564
 -0.0000015178
 -0.0000011892
 -0.0000013042
 -0.0000073329
 -0.0000010536
 -0.0000016021
 -0.0000083230
  0.0000004508
 -0.0000016898
 -0.0000086086
 -0.0000011539
 -0.0000009766
 -0.0000006566
 -0.0000079954
 -0.0000006661
 -0.0000011421
 -0.0000137331
 -0.0000011890
  0.0000069676
  0.0000003866
 -0.0000037515
 -0.0000020495
 -0.0000007214
  0.0000009063
 -0.0000014741
 -0.0000000019
 -0.0000270658
 -0.0000085622
 -0.0000361366
 -0.0000177608
 -0.0000140282
 -0.0000146050
 -0.0000118587
 -0.0000032674
 -0.0000100462
 -0.0000112082
 -0.0000293816
 -0.0000200870
 -0.0000095379
 -0.0000482329
 -0.0000090797
 -0.0000038394
 -0.0000059750
 -0.0000588628
 -0.0000110535
 -0.0000134847
 -0.0000113870
 -0.0000508145
  0.0000037984
 -0.0000256767
 -0.0000124458
 -0.0000306554
 -0.0000061693
 -0.0000167043
 -0.0000312914
 -0.0000122508
 -0.0000133215
 -0.0000057942
  0.0000110423
 -0.0000010751
  0.0000082426
  0.0000038429
 -0.0000019395
 -0.0000049023
 -0.0000003010
 -0.0000005355
 -0.0000015151
 -0.0000003921
 -0.0000047628
 -0.0000035471
 -0.0000006908
 -0.0000038142
 -0.0000015912
 -0.0000011797
 -0.0000016959
 -0.0000068294
 -0.0000014873
 -0.0000008554
 -0.0000017392
  0.0000059310
  0.0000010448
 -0.0000032241
 -0.0000007947
 -0.0000082083
  0.0000014735
 -0.0000008173
 -0.0000013836
  0.0000023668
 -0.0000101202
  0.0000018635
 -0.0000224442
 -0.0000001598
  0.0000037318
  0.0000032208
  0.0000049453
 -0.0000059390
 -0.0000008882
  0.0000018100
  0.0000050719
  0.0000027040
 -0.0000037589
 -0.0000003271
  0.0000076241
  0.0000032276
 -0.0000006965
  0.0000004331
 -0.0000251878
  0.0000044692
  0.0000039209
  0.0000089099
 -0.0000000102
  0.0000127630
  0.0000371213
 -0.0000056184
  0.0000045658
 -0.0000143817
  0.0000057450
  0.0000009839
 -0.0000007066
 -0.0000121066
  0.0000040526
  0.0000038655
 -0.0000272562
  0.0000009034
 -0.0000338945
 -0.0000084486
 -0.0000082025
 -0.0000080470
  0.0000037285
  0.0000015332
  0.0000009053
  0.0000014854
 -0.0000292827
 -0.0000159282
  0.0000055096
 -0.0000265488
  0.0000024251
  0.0000012462
 -0.0000008931
 -0.0000311977
  0.0000038088
 -0.0000055910
  0.0000032047
 -0.0000174638
  0.0000135307
 -0.0000111932
 -0.0000020769
 -0.0000227383
  0.0000059004
 -0.0000166851
 -0.0000230176
 -0.0000045132
 -0.0000054876
  0.0000087737
  0.0000246971
 -0.0000065013
 -0.0000055773
 -0.0000171572
 -0.0000085227
 -0.0000085149
 -0.0000084899
 -0.0000048669
 -0.0000067559
 -0.0000081725
 -0.0000036193
 -0.0000068086
 -0.0000036527
 -0.0000038021
 -0.0000194731
 -0.0000073724
 -0.0000088118
 -0.0000054547
 -0.0000109233
 -0.0000153732
 -0.0000069032
 -0.0000109365
 -0.0000034751
 -0.0000086599
 -0.0000140322
 -0.0000067828
 -0.0000103354
 -0.0000008536
  0.0000017434
 -0.0000001736
 -0.0000006201
 -0.0000004820
  0.0000001514
 -0.0000003952
 -0.0000051563
 -0.0000012231
 -0.0000008431
 -0.0000034934
 -0.0000001521
  0.0000003635
 -0.0000043518
 -0.0000006650
 -0.0000000827
  0.0000015121
 -0.0000001522
 -0.0000006277
  0.0000020950
 -0.0000007004
 -0.0000004608
  0.0000154209
  0.0000235392
  0.0000050048
  0.0000111304
  0.0000113473
  0.0000098105
  0.0000007158
  0.0000021762
  0.0000106760
  0.0000114177
  0.0000121835
  0.0000089268
  0.0000071996
 -0.0000918942
  0.0000012642
  0.0000069039
 -0.0000197693
  0.0000075029
  0.0000155148
  0.0000103221
  0.0000091337
  0.0000100361
  0.0000121216
  0.0000177856
  0.0000118634
 -0.0000725019
 -0.0001979775
  0.0000056628
  0.0000065601
 -0.0000271468
  0.0000113486
  0.0000088473
 -0.0000032141
 -0.0000042760
  0.0000161187
  0.0000129363
  0.0000147888
 -0.0000237607
  0.0000059257
 -0.0000231612
 -0.0000123497
 -0.0000106124
 -0.0000112482
 -0.0000021661
 -0.0000093994
  0.0000045336
  0.0000045834
 -0.0000028770
 -0.0000061292
 -0.0000145097
  0.0000007007
 -0.0000133358
 -0.0000004386
  0.0000009634
  0.0000026634
 -0.0000142109
 -0.0000025282
 -0.0000070894
  0.0000010333
  0.0000015188
 -0.0000122033
  0.0000136168
 -0.0000127233
 -0.0000040436
 -0.0000039959
 -0.0000024003
  0.0000046446
 -0.0000135081
 -0.0000197376
 -0.0000036718
 -0.0000061880
  0.0000297211
 -0.0000057196
  0.0000069015
 -0.0000321962
  0.0000396338
  0.0000366125
  0.0000375093
  0.0000241857
  0.0000414474
  0.0000195424
  0.0000147371
  0.0000274995
 -0.0002130413
  0.0000374074
  0.0000159204
 -0.0000673972
  0.0000265337
  0.0000090073
  0.0000133801
 -0.0000426456
  0.0000273827
  0.0000423176
  0.0000252633
  0.0000277796
 -0.0001237616
 -0.0003369490
  0.0000416498
  0.0000300527
 -0.0000951875
  0.0000089314
  0.0000186057
  0.0000268826
  0.0000366229
  0.0000410992
  0.0000332935
 -0.0000122785
 -0.0000092507
 -0.0000316964
 -0.0000133438
 -0.0000084402
 -0.0000089764
 -0.0000100313
 -0.0000077608
 -0.0000139268
 -0.0000046282
 -0.0000071932
 -0.0000050757
 -0.0000043732
 -0.0000333118
 -0.0000079822
 -0.0000084481
 -0.0000106243
 -0.0000288938
 -0.0000278758
 -0.0000087370
 -0.0000233282
 -0.0000025848
 -0.0000106342
 -0.0000185790
 -0.0000087991
 -0.0000091252
  0.0000001446
 -0.0000034381
 -0.0000031051
 -0.0000045831
 -0.0000074318
 -0.0000033045
 -0.0000007369
 -0.0000049165
 -0.0000024945
 -0.0000016540
 -0.0000029220
 -0.0000069856
 -0.0000034323
 -0.0000023639
 -0.0000025607
 -0.0000031339
 -0.0000085718
 -0.0000029373
 -0.0000016173
 -0.0000019680
 -0.0000001165
 -0.0000036197
 -0.0000034285
  0.0000004273
 -0.0000026821
  0.0000010620
 -0.0000022657
 -0.0000041120
 -0.0000006875
 -0.0000119467
  0.0000138193
 -0.0000096438
 -0.0000038778
 -0.0000018858
 -0.0000008860
  0.0000072026
  0.0000031168
  0.0000158442
  0.0000074734
  0.0000139450
 -0.0000968209
 -0.0000067783
  0.0000106238
 -0.0000256057
  0.0000151944
  0.0000146043
  0.0000135076
 -0.0000112988
  0.0000060941
 -0.0000044863
  0.0000055178
 -0.0000605205
 -0.0001176361
 -0.0000033012
  0.0000087717
 -0.0000135847
  0.0000156662
  0.0000132677
 -0.0000155164
 -0.0000159202
  0.0000003321
  0.0000044361
  0.0000005555
 -0.0000019657
 -0.0000007685
 -0.0000003488
 -0.0000003899
  0.0000039483
 -0.0000000832
 -0.0000005955
 -0.0000076067
  0.0000026109
  0.0000009575
 -0.0000028069
 -0.0000020086
  0.0000005176
  0.0000001340
  0.0000038442
  0.0000002895
 -0.0000006189
 -0.0000000474
  0.0000015827
 -0.0000028134
 -0.0000020051
  0.0000001910
 -0.0000007661
  0.0000005268
 -0.0000033238
  0.0000006747
  0.0000011218
 -0.0000012382
  0.0000010970
  0.0000008071
 -0.0000124920
  0.0000011317
 -0.0000045088
 -0.0000019315
  0.0000019531
 -0.0000000604
 -0.0000008135
 -0.0000005932
 -0.0000023419
  0.0000027956
  0.0000006814
  0.0000004542
 -0.0000018009
 -0.0000009268
  0.0000003013
  0.0000059623
  0.0000024715
  0.0000001579
  0.0000001665
  0.0000033375
 -0.0000004465
 -0.0000016430
  0.0000018142
 -0.0000005694
  0.0000008571
  0.0000002606
 -0.0000012845
  0.0000004429
 -0.0000015009
 -0.0000002989
 -0.0000002792
  0.0000023139
  0.0000016569
 -0.0000021073
 -0.0000000493
 -0.0000004850
  0.0000006932
 -0.0000002573
 -0.0000002504
  0.0000011173
 -0.0000004432
 -0.0000013555
  0.0000047608
  0.0000005356
 -0.0000010145
 -0.0000039445
  0.0000012428
 -0.0000008877
 -0.0000024849
 -0.0000013981
 -0.0000032926
 -0.0000016983
 -0.0000024563
 -0.0000020567
  0.0000050506
 -0.0000028477
  0.0000063360
 -0.0000037159
 -0.0000023319
 -0.0000014844
 -0.0000005499
  0.0000020404
 -0.0000013806
 -0.0000003290
 -0.0000022814
 -0.0000004927
 -0.0000011428
  0.0000038232
 -0.0000042767
 -0.0000008908
  0.0000022450
 -0.0000011859
  0.0000024650
  0.0000021985
  0.0000011842
 -0.0000027188
  0.0000006554
 -0.0000003059
  0.0000002040
 -0.0000021895
  0.0000017301
 -0.0000018432
  0.0000018546
  0.0000013109
  0.0000004124
 -0.0000008135
  0.0000030679
  0.0000021250
  0.0000013206
  0.0000023430
  0.0000025534
  0.0000024810
  0.0000020995
  0.0000018437
 -0.0000058997
  0.0000040585
  0.0000053978
  0.0000017366
 -0.0000002989
 -0.0000001594
 -0.0000065264
 -0.0000020447
  0.0000007012
  0.0000013275
  0.0000001047
 -0.0000003114
  0.0000009365
  0.0000004801
 -0.0000008060
  0.0000002732
  0.0000008599
  0.0000001619
  0.0000026970
  0.0000021108
  0.0000012001
  0.0000034233
  0.0000037326
 -0.0000002088
  0.0000046447
  0.0000009858
 -0.0000018287
 -0.0000009109
  0.0000016778
 -0.0000025350
  0.0000005107
 -0.0000003688
 -0.0000003125
  0.0000011001
 -0.0000014808
  0.0000016417
  0.0000013227
 -0.0000005543
 -0.0000010718
 -0.0000002626
  0.0000006807
 -0.0000003148
  0.0000009638
  0.0000001091
 -0.0000008542
  0.0000000290
 -0.0000003378
 -0.0000005571
  0.0000009264
 -0.0000002341
  0.0000032749
  0.0000003890
  0.0000006617
 -0.0000011817
 -0.0000015184
  0.0000025499
  0.0000000357
 -0.0000029583
  0.0000009342
  0.0000001970
 -0.0000024604
 -0.0000091268
 -0.0000030446
 -0.0000031712
 -0.0000046876
 -0.0000025586
 -0.0000031210
  0.0000011092
  0.0000007522
 -0.0000012625
 -0.0000004318
 -0.0000021907
  0.0000010343
 -0.0000007046
  0.0000013049
 -0.0000007579
  0.0000035371
  0.0000037297
  0.0000065303
 -0.0000033765
 -0.0000015491
  0.0000003081
 -0.0000020357
  0.0000047511
 -0.0000003464
 -0.0000014767
 -0.0000011436
 -0.0000000804
  0.0000002390
 -0.0000000804
 -0.0000012761
  0.0000009908
 -0.0000007916
  0.0000006727
 -0.0000012683
 -0.0000001416
 -0.0000000277
