 -0.0000019159
 -0.0000002565
 -0.0000010911
 -0.0000006172
 -0.0000012403
 -0.0000002963
 -0.0000008105
 -0.0000013547
 -0.0000000536
 -0.0000023903
  0.0000002344
 -0.0000001586
  0.0000003535
  0.0000000063
  0.0000000153
  0.0000002399
  0.0000000487
  0.0000000591
  0.0000001896
 -0.0000002005
 -0.0000003330
 -0.0000005621
 -0.0000026389
 -0.0000001935
 -0.0000008866
 -0.0000001888
 -0.0000002427
 -0.0000004507
  0.0000002501
  0.0000005402
  0.0000000600
 -0.0000022322
 -0.0000002921
 -0.0000002367
  0.0000001447
 -0.0000009231
  0.0000003324
 -0.0000001722
 -0.0000008582
  0.0000001501
 -0.0000003846
  0.0000000536
 -0.0000005111
 -0.0000004165
 -0.0000005359
  0.0000003272
 -0.0000006379
 -0.0000007512
 -0.0000004097
 -0.0000005751
 -0.0000005125
  0.0000002095
 -0.0000006965
 -0.0000001108
 -0.0000007358
  0.0000004101
  0.0000009570
  0.0000001774
  0.0000004666
 -0.0000002766
  0.0000003613
 -0.0000003695
  0.0000001741
 -0.0000002071
 -0.0000000197
 -0.0000004715
  0.0000001515
 -0.0000002506
 -0.0000002941
 -0.0000007321
 -0.0000004197
 -0.0000048081
  0.0000000553
 -0.0000005884
 -0.0000006137
  0.0000014678
  0.0000093522
  0.0000051732
 -0.0000131708
  0.0000236985
  0.0000204479
 -0.0000169245
  0.0000142569
 -0.0000082522
 -0.0000040823
  0.0000027712
  0.0000006335
 -0.0000021234
  0.0000005317
 -0.0000010742
  0.0000007243
  0.0000029166
 -0.0000047378
  0.0000014231
  0.0000023424
  0.0000011510
 -0.0000003549
  0.0000019638
  0.0000011943
  0.0000103395
  0.0000024841
 -0.0000012631
 -0.0000021839
  0.0000033582
 -0.0000071745
  0.0000002282
  0.0000006109
  0.0000095030
 -0.0000056954
 -0.0000009756
 -0.0000073904
 -0.0000000656
 -0.0000049279
 -0.0000004875
 -0.0000007360
 -0.0000000612
  0.0000002634
 -0.0000017119
 -0.0000081952
 -0.0000044753
 -0.0000003601
 -0.0000050242
 -0.0000016472
 -0.0000003862
 -0.0000000402
 -0.0000087020
 -0.0000020344
 -0.0000008064
 -0.0000007583
 -0.0000002204
 -0.0000033378
  0.0000008402
  0.0000010069
  0.0000000775
 -0.0000016157
 -0.0000076685
 -0.0000014552
  0.0000008737
  0.0000007675
  0.0000028572
  0.0000020474
  0.0000012860
  0.0000019465
 -0.0000002568
 -0.0000005555
 -0.0000006143
 -0.0000000628
 -0.0000000197
 -0.0000001575
 -0.0000005226
 -0.0000002509
 -0.0000004522
 -0.0000007328
 -0.0000006831
 -0.0000001707
 -0.0000008521
 -0.0000006753
 -0.0000002223
 -0.0000003178
 -0.0000005900
 -0.0000006352
 -0.0000006252
 -0.0000001749
 -0.0000003388
  0.0000001809
  0.0000000045
 -0.0000008281
 -0.0000005005
  0.0000000770
 -0.0000010621
 -0.0000012408
 -0.0000005441
 -0.0000010343
 -0.0000010550
 -0.0000004456
 -0.0000018350
 -0.0000010217
 -0.0000012566
 -0.0000011747
 -0.0000005721
 -0.0000010320
 -0.0000010033
 -0.0000005803
 -0.0000002540
 -0.0000008509
  0.0000001440
 -0.0000010073
 -0.0000012244
 -0.0000005545
 -0.0000008568
 -0.0000016633
 -0.0000009638
 -0.0000011220
 -0.0000002030
 -0.0000010199
 -0.0000008260
 -0.0000010269
 -0.0000005122
 -0.0000004912
 -0.0000006375
 -0.0000007091
 -0.0000010913
  0.0000012502
  0.0000119779
  0.0000029676
 -0.0000094817
  0.0000252385
  0.0000086133
 -0.0000086172
  0.0000108510
 -0.0000137508
 -0.0000042938
  0.0000005738
  0.0000055354
 -0.0000019976
  0.0000066393
  0.0000139557
  0.0000016351
  0.0000049675
  0.0000038521
 -0.0000017953
 -0.0000000361
  0.0000013350
  0.0000002976
 -0.0000000372
  0.0000043914
  0.0000171439
  0.0000029641
 -0.0000008654
  0.0000045737
  0.0000040686
  0.0000032513
  0.0000009040
  0.0000005643
  0.0000088526
 -0.0000005476
 -0.0000046526
 -0.0000024245
 -0.0000017327
 -0.0000021304
 -0.0000000938
 -0.0000008878
 -0.0000024552
 -0.0000065812
 -0.0000015056
 -0.0000009027
  0.0000000710
 -0.0000007371
 -0.0000009848
 -0.0000022602
 -0.0000044147
 -0.0000021270
 -0.0000045804
 -0.0000007959
 -0.0000011949
 -0.0000016301
 -0.0000049202
 -0.0000023728
 -0.0000006431
 -0.0000017635
 -0.0000003687
 -0.0000008053
 -0.0000001908
  0.0000001981
 -0.0000008708
 -0.0000000318
 -0.0000004591
  0.0000002039
 -0.0000000145
 -0.0000001856
 -0.0000000810
  0.0000000646
 -0.0000000049
 -0.0000002174
 -0.0000001122
 -0.0000010330
  0.0000002479
  0.0000000487
 -0.0000000057
  0.0000003471
  0.0000004186
 -0.0000004707
  0.0000004031
 -0.0000004173
 -0.0000002558
 -0.0000002240
  0.0000000617
 -0.0000004545
 -0.0000006606
 -0.0000005415
 -0.0000002123
 -0.0000001294
  0.0000004321
 -0.0000009957
  0.0000002893
 -0.0000010799
  0.0000000584
  0.0000003734
 -0.0000000947
  0.0000000661
  0.0000002178
  0.0000001641
 -0.0000001512
  0.0000000701
 -0.0000006000
  0.0000001685
 -0.0000003101
 -0.0000000381
 -0.0000001738
 -0.0000002722
 -0.0000007277
 -0.0000001201
 -0.0000003416
 -0.0000010307
  0.0000051055
  0.0000118272
  0.0000062066
 -0.0000047160
  0.0000254125
  0.0000076144
 -0.0000130373
  0.0000113600
 -0.0000162503
 -0.0000076593
  0.0000048134
  0.0000011447
 -0.0000029235
  0.0000048911
  0.0000124214
  0.0000005477
  0.0000047014
 -0.0000067553
  0.0000017770
  0.0000025615
  0.0000014046
  0.0000000146
  0.0000017291
  0.0000019592
  0.0000081498
  0.0000027514
 -0.0000009860
 -0.0000007464
  0.0000030312
 -0.0000044334
  0.0000006096
  0.0000010377
  0.0000046329
 -0.0000007534
 -0.0000058277
 -0.0000006898
 -0.0000007547
 -0.0000007825
 -0.0000019570
  0.0000001363
  0.0000005231
 -0.0000022379
 -0.0000106688
  0.0000007324
 -0.0000001205
  0.0000008418
 -0.0000004119
 -0.0000003337
 -0.0000043904
 -0.0000020766
  0.0000018766
 -0.0000018710
  0.0000000064
 -0.0000003991
 -0.0000003547
  0.0000000559
 -0.0000018812
 -0.0000030826
 -0.0000005635
 -0.0000008834
  0.0000020098
  0.0000004902
  0.0000001508
 -0.0000000480
 -0.0000000122
 -0.0000008490
  0.0000003568
 -0.0000003134
  0.0000000304
  0.0000002583
 -0.0000004079
 -0.0000000346
  0.0000001121
 -0.0000003114
 -0.0000000930
  0.0000003208
 -0.0000000471
 -0.0000000457
 -0.0000007116
 -0.0000000764
  0.0000001805
  0.0000000856
  0.0000001187
  0.0000003494
 -0.0000000630
  0.0000004178
 -0.0000006344
  0.0000002503
 -0.0000001817
 -0.0000004890
 -0.0000000839
  0.0000000526
 -0.0000006837
 -0.0000003536
 -0.0000003739
 -0.0000002169
 -0.0000006970
  0.0000003141
  0.0000013819
  0.0000002676
 -0.0000012342
 -0.0000000472
  0.0000001929
 -0.0000001918
 -0.0000000807
  0.0000000400
  0.0000001695
 -0.0000006759
 -0.0000002136
 -0.0000004617
  0.0000004569
 -0.0000002903
  0.0000000320
 -0.0000008180
 -0.0000004676
 -0.0000008905
  0.0000010274
 -0.0000006926
 -0.0000003298
 -0.0000000251
 -0.0000024193
  0.0000087686
  0.0000012635
 -0.0000149220
  0.0000229896
  0.0000195632
 -0.0000171844
  0.0000138056
 -0.0000077499
 -0.0000054026
 -0.0000012907
  0.0000003630
 -0.0000041412
 -0.0000011975
 -0.0000011590
  0.0000021300
  0.0000009519
 -0.0000011971
  0.0000038883
  0.0000021859
  0.0000007583
  0.0000019594
  0.0000026350
  0.0000013687
  0.0000166491
  0.0000032605
 -0.0000012501
 -0.0000082180
  0.0000082133
 -0.0000048424
  0.0000013933
  0.0000002630
  0.0000110245
 -0.0000064046
 -0.0000012649
 -0.0000008786
 -0.0000028279
  0.0000024263
 -0.0000003299
 -0.0000032988
 -0.0000006147
  0.0000001759
 -0.0000005272
 -0.0000098824
 -0.0000000680
  0.0000000282
  0.0000033471
 -0.0000000629
 -0.0000007544
  0.0000015653
 -0.0000010363
 -0.0000021645
 -0.0000011231
  0.0000001028
 -0.0000065221
 -0.0000261334
 -0.0000009342
 -0.0000003880
  0.0000006232
  0.0000003331
 -0.0000019406
 -0.0000032034
 -0.0000018086
  0.0000004547
 -0.0000004934
  0.0000000912
 -0.0000007363
  0.0000008484
  0.0000002591
  0.0000004299
 -0.0000000826
  0.0000001282
  0.0000002428
 -0.0000002799
  0.0000000026
  0.0000004621
  0.0000004460
  0.0000000920
  0.0000000158
  0.0000000989
 -0.0000001261
  0.0000000913
  0.0000003401
  0.0000005799
  0.0000002101
  0.0000002325
  0.0000004605
 -0.0000000457
 -0.0000005004
 -0.0000003000
 -0.0000001882
 -0.0000004679
 -0.0000000737
 -0.0000003759
  0.0000001567
 -0.0000005201
 -0.0000005094
 -0.0000007732
  0.0000000618
  0.0000011291
 -0.0000006462
 -0.0000000622
 -0.0000006632
 -0.0000010868
  0.0000000918
 -0.0000003579
  0.0000006359
 -0.0000003787
  0.0000000019
 -0.0000002618
 -0.0000004116
 -0.0000006295
 -0.0000001871
 -0.0000007060
 -0.0000011841
 -0.0000003390
 -0.0000006108
 -0.0000000251
 -0.0000000645
  0.0000002129
 -0.0000001806
 -0.0000002156
 -0.0000018362
  0.0000025228
  0.0000056006
  0.0000040799
 -0.0000072388
  0.0000159079
 -0.0000063713
 -0.0000067066
  0.0000064031
 -0.0000075619
 -0.0000002156
  0.0000028163
  0.0000059995
 -0.0000000558
  0.0000065900
  0.0000153753
  0.0000012016
  0.0000066698
 -0.0000071618
  0.0000015886
  0.0000023340
  0.0000005789
  0.0000003947
  0.0000021873
  0.0000022440
  0.0000072011
  0.0000026215
 -0.0000002664
  0.0000017610
  0.0000032749
 -0.0000038982
  0.0000009890
  0.0000016821
  0.0000032544
 -0.0000007767
 -0.0000008863
 -0.0000031359
 -0.0000006049
 -0.0000031276
 -0.0000000122
  0.0000007204
 -0.0000026438
 -0.0000014802
 -0.0000001134
 -0.0000033486
 -0.0000009498
 -0.0000032665
 -0.0000018206
 -0.0000015293
 -0.0000019764
 -0.0000147273
 -0.0000025285
 -0.0000084128
  0.0000003983
 -0.0000019001
 -0.0000060801
 -0.0000021142
  0.0000010506
  0.0000010940
  0.0000012446
  0.0000002876
  0.0000007497
  0.0000000504
  0.0000006274
 -0.0000004865
  0.0000006828
 -0.0000000238
  0.0000005862
  0.0000005535
  0.0000004219
 -0.0000000660
  0.0000002367
  0.0000003750
  0.0000009857
  0.0000003136
  0.0000005127
  0.0000004054
  0.0000011599
  0.0000002676
 -0.0000003346
  0.0000006808
  0.0000004995
  0.0000010790
  0.0000001062
  0.0000000563
  0.0000002628
  0.0000007224
 -0.0000000544
 -0.0000001631
  0.0000006978
 -0.0000004320
 -0.0000001019
 -0.0000000387
 -0.0000001259
 -0.0000001251
 -0.0000001975
 -0.0000001518
  0.0000007096
 -0.0000003429
 -0.0000003164
 -0.0000008254
 -0.0000002966
 -0.0000004539
  0.0000000535
  0.0000004237
  0.0000001176
  0.0000010737
  0.0000002890
 -0.0000001708
 -0.0000001824
  0.0000002428
 -0.0000008381
 -0.0000000561
 -0.0000001362
  0.0000002891
 -0.0000004429
  0.0000003803
  0.0000004512
  0.0000010590
 -0.0000000364
 -0.0000002654
 -0.0000004706
  0.0000019818
  0.0000070296
  0.0000013143
 -0.0000073189
  0.0000157601
 -0.0000031585
 -0.0000084130
  0.0000021846
 -0.0000084571
 -0.0000093348
 -0.0000005140
  0.0000111805
 -0.0000028389
 -0.0000056884
  0.0000026027
  0.0000007617
  0.0000017330
 -0.0000067381
  0.0000030628
  0.0000004895
  0.0000018581
  0.0000008789
 -0.0000017194
  0.0000072119
  0.0000127690
  0.0000023105
 -0.0000022348
 -0.0000004801
 -0.0000014097
  0.0000023974
 -0.0000001694
 -0.0000006110
  0.0000140996
 -0.0000060387
 -0.0000018848
 -0.0000053177
 -0.0000024665
  0.0000008586
 -0.0000000019
 -0.0000022961
  0.0000006885
 -0.0000005297
 -0.0000001638
 -0.0000009967
 -0.0000145283
 -0.0000008711
  0.0000000790
 -0.0000021809
  0.0000001655
 -0.0000000170
 -0.0000001490
 -0.0000061686
 -0.0000007586
 -0.0000004438
 -0.0000005669
  0.0000000082
 -0.0000058682
 -0.0000128833
 -0.0000000864
 -0.0000008336
 -0.0000025245
 -0.0000028361
 -0.0000010238
 -0.0000008328
 -0.0000048269
 -0.0000012751
 -0.0000012468
  0.0000003938
  0.0000006380
  0.0000001266
  0.0000002482
 -0.0000008021
 -0.0000011744
  0.0000004230
 -0.0000000295
  0.0000002343
 -0.0000000969
  0.0000003074
  0.0000000875
 -0.0000003891
 -0.0000001994
  0.0000011747
 -0.0000004448
  0.0000007628
 -0.0000000680
 -0.0000001367
  0.0000003442
 -0.0000003917
 -0.0000002466
  0.0000000166
  0.0000006638
 -0.0000003204
  0.0000003584
  0.0000001799
  0.0000001240
 -0.0000011341
 -0.0000000948
  0.0000000906
 -0.0000004132
 -0.0000004309
  0.0000000001
 -0.0000004146
 -0.0000004151
 -0.0000011507
 -0.0000004846
 -0.0000004880
 -0.0000014664
 -0.0000015163
 -0.0000006982
 -0.0000005124
 -0.0000010782
 -0.0000004742
 -0.0000007782
 -0.0000002765
 -0.0000005305
 -0.0000000784
  0.0000007092
 -0.0000010260
 -0.0000008072
 -0.0000005789
 -0.0000002415
 -0.0000014895
  0.0000000524
 -0.0000005852
 -0.0000000769
 -0.0000008120
 -0.0000000266
  0.0000008680
  0.0000000806
 -0.0000003966
 -0.0000006577
 -0.0000008515
  0.0000133610
  0.0000089785
  0.0000096579
 -0.0000064697
 -0.0000035873
 -0.0000049285
 -0.0000068506
  0.0000064400
 -0.0000050475
  0.0000034950
  0.0000019047
 -0.0000080561
  0.0000005226
 -0.0000001640
  0.0000013879
  0.0000013744
 -0.0000001352
  0.0000082736
  0.0000149686
  0.0000020436
 -0.0000004196
 -0.0000021704
 -0.0000004620
 -0.0000057798
  0.0000000966
 -0.0000013389
  0.0000139335
 -0.0000045011
 -0.0000001334
 -0.0000031723
 -0.0000036105
  0.0000005520
 -0.0000007456
 -0.0000029733
 -0.0000023320
  0.0000002700
 -0.0000007225
 -0.0000006389
 -0.0000163922
 -0.0000033569
 -0.0000004055
 -0.0000012294
 -0.0000001962
 -0.0000008131
 -0.0000005091
 -0.0000047254
 -0.0000019592
 -0.0000004655
 -0.0000012936
 -0.0000002870
 -0.0000076911
 -0.0000119769
 -0.0000027649
  0.0000004522
 -0.0000005449
 -0.0000033439
 -0.0000014931
 -0.0000014201
 -0.0000072258
 -0.0000010806
 -0.0000014458
 -0.0000001473
  0.0000007894
 -0.0000005680
 -0.0000010738
 -0.0000005979
 -0.0000005569
 -0.0000002476
  0.0000005545
 -0.0000009147
 -0.0000005703
 -0.0000008284
 -0.0000009052
 -0.0000004627
 -0.0000004511
 -0.0000018932
 -0.0000010373
 -0.0000005725
 -0.0000005352
 -0.0000008174
 -0.0000005978
  0.0000009041
 -0.0000007168
 -0.0000012326
 -0.0000000062
 -0.0000003277
 -0.0000007107
 -0.0000010035
 -0.0000009338
 -0.0000008201
 -0.0000005803
 -0.0000004326
 -0.0000000392
 -0.0000006817
 -0.0000008399
 -0.0000003096
 -0.0000002044
 -0.0000018972
 -0.0000003083
 -0.0000004449
 -0.0000005373
 -0.0000021241
 -0.0000016363
 -0.0000009441
 -0.0000005793
 -0.0000009363
 -0.0000004320
  0.0000006337
  0.0000001288
 -0.0000006692
 -0.0000001677
  0.0000000639
 -0.0000013390
  0.0000000549
 -0.0000003969
 -0.0000003504
 -0.0000007995
  0.0000000093
 -0.0000018564
  0.0000004591
 -0.0000013987
 -0.0000015784
 -0.0000008014
 -0.0000013729
 -0.0000005484
 -0.0000010016
  0.0000045589
  0.0000155060
  0.0000077695
 -0.0000048957
  0.0000217623
  0.0000215672
 -0.0000163627
  0.0000164911
 -0.0000087675
 -0.0000043322
  0.0000056639
  0.0000125807
 -0.0000018144
  0.0000000407
  0.0000032647
  0.0000024279
  0.0000031216
 -0.0000057538
  0.0000037284
 -0.0000002826
  0.0000016560
 -0.0000005258
 -0.0000009051
  0.0000052482
  0.0000113342
  0.0000015532
 -0.0000013446
  0.0000027093
 -0.0000018531
  0.0000017164
 -0.0000007109
 -0.0000008751
  0.0000126109
 -0.0000013419
 -0.0000010352
 -0.0000023556
 -0.0000032629
 -0.0000024377
 -0.0000008240
 -0.0000004902
 -0.0000012025
 -0.0000011324
 -0.0000100184
 -0.0000006002
  0.0000001874
  0.0000002990
  0.0000001578
 -0.0000019345
 -0.0000038305
 -0.0000015280
 -0.0000011376
 -0.0000012025
 -0.0000013829
 -0.0000077430
 -0.0000148426
 -0.0000012888
 -0.0000005245
 -0.0000011358
 -0.0000029015
 -0.0000017191
 -0.0000025481
 -0.0000017625
 -0.0000001633
 -0.0000011132
  0.0000021029
 -0.0000000697
  0.0000010151
  0.0000008821
  0.0000003119
  0.0000003156
 -0.0000006049
  0.0000007914
  0.0000000732
 -0.0000006944
  0.0000001086
  0.0000000447
 -0.0000002734
  0.0000001006
  0.0000008862
 -0.0000002815
  0.0000008373
  0.0000002402
  0.0000002745
 -0.0000002507
 -0.0000000686
 -0.0000000278
  0.0000009986
 -0.0000006258
  0.0000002675
  0.0000000760
 -0.0000002529
 -0.0000001185
  0.0000001408
  0.0000000326
 -0.0000005248
  0.0000001283
  0.0000011969
  0.0000002981
  0.0000003829
  0.0000002022
  0.0000007925
  0.0000004410
  0.0000006216
  0.0000004803
  0.0000005658
  0.0000005044
 -0.0000009716
  0.0000013457
  0.0000007436
 -0.0000000490
  0.0000009323
  0.0000007707
  0.0000013338
  0.0000002667
  0.0000009554
  0.0000011845
  0.0000006752
  0.0000005166
  0.0000014705
  0.0000013471
 -0.0000002667
  0.0000005075
  0.0000013262
  0.0000002774
  0.0000012194
  0.0000002074
  0.0000010711
 -0.0000000206
 -0.0000002470
  0.0000043217
  0.0000103948
  0.0000130276
 -0.0000045713
  0.0000021743
  0.0000069635
  0.0000088416
  0.0000019679
  0.0000182518
  0.0000023800
  0.0000028025
  0.0000013186
 -0.0000019408
 -0.0000019101
  0.0000063981
  0.0000173432
  0.0000062040
 -0.0000008427
  0.0000003882
  0.0000023159
  0.0000192889
  0.0000005364
 -0.0000042777
  0.0000196772
 -0.0000071277
 -0.0000016018
  0.0000003383
 -0.0000066984
 -0.0000001444
  0.0000008050
 -0.0000025987
 -0.0000078387
 -0.0000004609
  0.0000008742
 -0.0000013204
 -0.0000146191
 -0.0000047501
  0.0000005092
 -0.0000042059
  0.0000013081
  0.0000012013
  0.0000012865
 -0.0000029288
 -0.0000014877
 -0.0000001565
 -0.0000008067
  0.0000003478
 -0.0000078582
 -0.0000397846
 -0.0000048619
  0.0000006016
  0.0000002553
 -0.0000041446
 -0.0000003271
 -0.0000002408
 -0.0000112706
  0.0000009248
  0.0000000608
 -0.0000001182
 -0.0000014261
 -0.0000006262
 -0.0000007688
 -0.0000012300
  0.0000001473
 -0.0000010480
  0.0000001668
  0.0000000640
  0.0000000076
 -0.0000001843
 -0.0000002217
  0.0000000583
 -0.0000002519
 -0.0000000160
 -0.0000008707
  0.0000003271
  0.0000000891
 -0.0000001934
 -0.0000006212
  0.0000000113
 -0.0000007462
 -0.0000006562
  0.0000000134
  0.0000003009
 -0.0000000472
 -0.0000001290
  0.0000001813
 -0.0000006344
 -0.0000002904
  0.0000004976
 -0.0000000351
 -0.0000001688
 -0.0000007511
 -0.0000003536
  0.0000006949
  0.0000000072
  0.0000003599
 -0.0000003556
 -0.0000000690
 -0.0000001502
 -0.0000001956
 -0.0000004396
 -0.0000000872
 -0.0000005426
 -0.0000004748
 -0.0000000333
 -0.0000004497
 -0.0000003025
 -0.0000002014
 -0.0000004329
 -0.0000011970
  0.0000010472
  0.0000026710
  0.0000026300
 -0.0000090419
  0.0000132654
 -0.0000085556
 -0.0000072009
  0.0000041579
 -0.0000075188
 -0.0000001443
  0.0000011586
  0.0000075776
 -0.0000000887
  0.0000049930
  0.0000121850
 -0.0000005436
 -0.0000054779
  0.0000039072
  0.0000027369
  0.0000018228
  0.0000012796
  0.0000011826
  0.0000015011
  0.0000055777
  0.0000069560
  0.0000021632
  0.0000006720
 -0.0000115352
 -0.0000063862
 -0.0000120853
  0.0000026799
  0.0000017695
  0.0000055815
 -0.0000002695
 -0.0000013662
 -0.0000002392
 -0.0000024043
 -0.0000013664
  0.0000021318
  0.0000006415
 -0.0000000282
 -0.0000005588
  0.0000011792
 -0.0000001714
 -0.0000002046
 -0.0000004223
  0.0000011146
  0.0000025057
 -0.0000066047
 -0.0000107828
 -0.0000002393
 -0.0000031740
  0.0000030943
 -0.0000002920
 -0.0000021979
 -0.0000050038
  0.0000006513
 -0.0000000264
 -0.0000005748
 -0.0000006563
  0.0000000153
 -0.0000003150
 -0.0000001507
  0.0000001176
 -0.0000001719
  0.0000002180
  0.0000000440
  0.0000002582
  0.0000006920
  0.0000000981
 -0.0000003316
 -0.0000002337
  0.0000000778
  0.0000001017
 -0.0000002606
 -0.0000004395
  0.0000003891
 -0.0000008255
  0.0000004160
  0.0000002249
 -0.0000000936
  0.0000003424
  0.0000002355
  0.0000000529
 -0.0000002607
 -0.0000001005
  0.0000002675
 -0.0000007819
  0.0000002340
 -0.0000003228
 -0.0000007566
 -0.0000005879
 -0.0000002034
 -0.0000004785
 -0.0000009899
 -0.0000000292
  0.0000002737
  0.0000004974
 -0.0000005411
  0.0000003162
  0.0000002601
 -0.0000002911
 -0.0000014994
  0.0000000512
  0.0000008605
 -0.0000000474
 -0.0000004612
 -0.0000006169
 -0.0000003128
  0.0000001792
 -0.0000009314
  0.0000015357
 -0.0000007966
 -0.0000002298
 -0.0000003438
 -0.0000011515
 -0.0000006538
  0.0000002613
 -0.0000006326
 -0.0000000962
 -0.0000004709
 -0.0000012713
 -0.0000008641
  0.0000005995
 -0.0000001729
  0.0000002752
 -0.0000006436
  0.0000063073
  0.0000062682
  0.0000056457
 -0.0000027788
  0.0000135877
 -0.0000044294
 -0.0000086435
  0.0000054946
 -0.0000035825
 -0.0000066655
  0.0000035914
  0.0000093826
  0.0000003405
 -0.0000043795
  0.0000071574
  0.0000010915
  0.0000048590
  0.0000020555
 -0.0000006027
  0.0000000066
  0.0000010973
  0.0000003622
  0.0000003917
  0.0000051743
  0.0000122283
  0.0000034112
 -0.0000006804
  0.0000034751
 -0.0000005245
  0.0000006297
  0.0000018786
  0.0000008624
  0.0000078682
 -0.0000049318
 -0.0000000392
 -0.0000034375
 -0.0000048348
 -0.0000010877
 -0.0000030671
 -0.0000013023
 -0.0000037929
  0.0000007770
 -0.0000003157
 -0.0000025269
 -0.0000168141
 -0.0000021032
  0.0000000224
  0.0000017983
  0.0000000399
  0.0000003862
 -0.0000001977
 -0.0000037294
 -0.0000049558
 -0.0000023584
 -0.0000023645
 -0.0000002537
 -0.0000083448
 -0.0000129687
 -0.0000037222
 -0.0000019737
 -0.0000020780
 -0.0000008784
 -0.0000009762
  0.0000033105
 -0.0000025085
 -0.0000011693
 -0.0000018660
  0.0000006514
  0.0000008117
  0.0000009391
  0.0000006626
  0.0000005105
  0.0000008906
  0.0000001672
 -0.0000005993
 -0.0000003394
 -0.0000000370
 -0.0000000238
  0.0000000290
 -0.0000002443
 -0.0000006497
 -0.0000008441
 -0.0000004166
  0.0000007640
 -0.0000002216
 -0.0000005806
 -0.0000001084
  0.0000020673
 -0.0000005545
 -0.0000015899
  0.0000001428
  0.0000003270
  0.0000007640
 -0.0000007562
 -0.0000005534
  0.0000005472
  0.0000012019
 -0.0000002896
  0.0000009205
 -0.0000007125
  0.0000000961
  0.0000002295
  0.0000000744
 -0.0000001533
  0.0000011211
 -0.0000009396
 -0.0000000334
 -0.0000003920
  0.0000005269
 -0.0000009122
 -0.0000011630
 -0.0000005315
  0.0000007160
 -0.0000004107
  0.0000001620
  0.0000014703
 -0.0000001101
 -0.0000003624
  0.0000015068
  0.0000000309
  0.0000011139
  0.0000000217
 -0.0000006038
  0.0000006578
  0.0000006418
  0.0000004838
  0.0000004647
 -0.0000001041
 -0.0000004154
  0.0000008328
  0.0000002909
 -0.0000002727
 -0.0000005830
  0.0000063557
  0.0000011505
  0.0000004389
  0.0000060678
  0.0000121458
 -0.0000092211
  0.0000064162
  0.0000053445
  0.0000054469
  0.0000069694
  0.0000021979
  0.0000090932
  0.0000029139
  0.0000006137
  0.0000020350
 -0.0000009909
 -0.0000013856
  0.0000064141
  0.0000169349
  0.0000038592
 -0.0000011577
 -0.0000050517
  0.0000045814
  0.0000064517
  0.0000012511
 -0.0000034547
  0.0000146085
 -0.0000070495
 -0.0000005976
 -0.0000042317
 -0.0000055391
  0.0000003958
  0.0000003494
 -0.0000023315
 -0.0000042839
 -0.0000004629
 -0.0000007331
 -0.0000004522
 -0.0000199492
 -0.0000040385
 -0.0000004974
 -0.0000049243
 -0.0000000215
 -0.0000003708
  0.0000005700
 -0.0000072822
 -0.0000008930
 -0.0000003793
 -0.0000011474
  0.0000008657
 -0.0000137131
 -0.0000312045
 -0.0000042368
  0.0000001702
 -0.0000052421
 -0.0000033673
 -0.0000015743
 -0.0000008399
 -0.0000088166
  0.0000004899
 -0.0000019986
 -0.0000012072
 -0.0000006135
 -0.0000003092
 -0.0000000649
 -0.0000006166
 -0.0000013377
 -0.0000006273
 -0.0000005241
 -0.0000014486
 -0.0000012803
 -0.0000009403
 -0.0000006577
 -0.0000010344
  0.0000001757
 -0.0000016406
 -0.0000009045
  0.0000000344
 -0.0000004925
 -0.0000013755
 -0.0000002157
 -0.0000007401
 -0.0000011530
 -0.0000009385
 -0.0000007434
 -0.0000011869
 -0.0000004997
 -0.0000004622
 -0.0000011390
 -0.0000003607
 -0.0000001789
  0.0000001444
 -0.0000001584
 -0.0000006055
 -0.0000010997
 -0.0000008982
 -0.0000004554
 -0.0000003703
 -0.0000003194
 -0.0000009671
 -0.0000002264
 -0.0000019285
 -0.0000010555
 -0.0000012364
 -0.0000004418
 -0.0000010942
 -0.0000004897
 -0.0000008179
 -0.0000005560
  0.0000000804
 -0.0000008912
  0.0000000622
 -0.0000002908
 -0.0000015208
 -0.0000005133
 -0.0000010926
 -0.0000018504
 -0.0000004823
 -0.0000002647
 -0.0000003250
 -0.0000012468
 -0.0000007948
 -0.0000013126
 -0.0000005448
 -0.0000006332
 -0.0000007852
 -0.0000005903
 -0.0000011131
  0.0000044256
  0.0000080381
  0.0000073372
 -0.0000006096
  0.0000116896
  0.0000012596
 -0.0000009757
  0.0000085274
  0.0000181641
  0.0000053864
  0.0000005279
  0.0000103342
  0.0000075212
  0.0000021531
  0.0000055454
  0.0000028739
 -0.0000007379
  0.0000015076
 -0.0000002541
 -0.0000025858
  0.0000070746
  0.0000175298
  0.0000026476
 -0.0000016373
 -0.0000079064
  0.0000016487
 -0.0000029668
  0.0000013537
 -0.0000067289
  0.0000126017
 -0.0000047179
 -0.0000017449
 -0.0000035904
 -0.0000053829
 -0.0000016275
 -0.0000028606
 -0.0000036269
 -0.0000009223
 -0.0000008240
 -0.0000014274
 -0.0000179551
 -0.0000033604
 -0.0000011128
 -0.0000039978
 -0.0000002545
 -0.0000002255
 -0.0000006110
 -0.0000063466
 -0.0000025369
 -0.0000026956
 -0.0000007294
 -0.0000002633
 -0.0000086133
 -0.0000173393
 -0.0000033225
 -0.0000004793
 -0.0000012866
 -0.0000036851
 -0.0000014340
 -0.0000004868
 -0.0000079590
  0.0000000821
 -0.0000036954
  0.0000005169
 -0.0000007190
 -0.0000007397
 -0.0000004823
  0.0000008996
 -0.0000007924
 -0.0000004153
 -0.0000003323
 -0.0000003982
 -0.0000000800
 -0.0000011425
 -0.0000001432
 -0.0000005647
 -0.0000005001
 -0.0000003858
 -0.0000003520
 -0.0000004855
 -0.0000003962
 -0.0000004953
 -0.0000002673
 -0.0000011482
 -0.0000014231
 -0.0000008992
 -0.0000007523
 -0.0000002500
 -0.0000001558
 -0.0000003533
 -0.0000003322
 -0.0000003245
 -0.0000006461
 -0.0000016124
 -0.0000007678
  0.0000003046
  0.0000000492
 -0.0000005179
 -0.0000021580
  0.0000003163
 -0.0000012319
 -0.0000006606
 -0.0000004424
 -0.0000019020
 -0.0000001953
  0.0000004440
 -0.0000000199
 -0.0000003669
 -0.0000013936
 -0.0000006370
 -0.0000002350
  0.0000000421
  0.0000001209
  0.0000008696
 -0.0000005148
  0.0000004817
 -0.0000009595
 -0.0000009571
  0.0000011960
  0.0000005640
 -0.0000000353
 -0.0000002179
 -0.0000011811
 -0.0000007895
 -0.0000001947
 -0.0000000962
  0.0000006304
 -0.0000004559
 -0.0000003881
 -0.0000009861
  0.0000005175
 -0.0000000882
 -0.0000004392
 -0.0000000997
  0.0000010604
 -0.0000038964
  0.0000077515
  0.0000107491
 -0.0000072253
  0.0000010366
  0.0000025794
 -0.0000008999
  0.0000050146
  0.0000016666
 -0.0000022930
 -0.0000003146
  0.0000010551
  0.0000022347
  0.0000014805
  0.0000009676
  0.0000088890
  0.0000153489
  0.0000032526
  0.0000007365
 -0.0000052909
  0.0000001239
  0.0000006431
  0.0000010661
 -0.0000020780
  0.0000135437
 -0.0000013569
  0.0000010491
  0.0000003100
 -0.0000033326
  0.0000004367
 -0.0000007028
 -0.0000033480
 -0.0000031530
 -0.0000003330
 -0.0000000634
 -0.0000009097
 -0.0000163757
 -0.0000034820
  0.0000000085
  0.0000005726
  0.0000001851
 -0.0000004610
 -0.0000001130
 -0.0000020054
 -0.0000013642
 -0.0000007987
 -0.0000012784
  0.0000001946
 -0.0000055100
 -0.0000278636
 -0.0000032547
  0.0000016251
  0.0000024249
 -0.0000031726
 -0.0000007688
 -0.0000008358
 -0.0000064219
  0.0000000582
 -0.0000019442
  0.0000000370
 -0.0000005062
 -0.0000004335
 -0.0000002013
 -0.0000004100
 -0.0000002911
  0.0000006553
 -0.0000000348
 -0.0000001687
  0.0000001342
  0.0000001935
 -0.0000002671
 -0.0000002982
 -0.0000003524
 -0.0000002678
 -0.0000003499
 -0.0000004250
 -0.0000003243
 -0.0000000214
  0.0000003890
  0.0000000174
 -0.0000003133
 -0.0000006787
 -0.0000002818
  0.0000000503
 -0.0000001833
 -0.0000001839
 -0.0000004822
  0.0000000449
  0.0000004826
  0.0000000319
 -0.0000000564
  0.0000002476
  0.0000001715
 -0.0000008444
 -0.0000001420
 -0.0000004126
 -0.0000003264
  0.0000006666
 -0.0000000411
 -0.0000001898
  0.0000001297
 -0.0000001223
 -0.0000008225
 -0.0000004994
  0.0000005577
  0.0000011652
  0.0000001384
 -0.0000001096
 -0.0000006220
  0.0000004968
 -0.0000004537
  0.0000009703
 -0.0000002131
 -0.0000000615
  0.0000005685
 -0.0000005584
 -0.0000005315
  0.0000001219
 -0.0000003838
 -0.0000005989
  0.0000004672
 -0.0000009908
 -0.0000001272
  0.0000001378
  0.0000005766
  0.0000005480
 -0.0000004990
  0.0000010112
  0.0000073745
  0.0000035038
 -0.0000066184
  0.0000162548
  0.0000175248
 -0.0000182107
  0.0000051058
 -0.0000075136
 -0.0000047352
  0.0000010493
  0.0000062785
 -0.0000022697
 -0.0000012906
 -0.0000007069
  0.0000017320
  0.0000032954
 -0.0000022511
  0.0000024436
  0.0000010663
  0.0000002113
  0.0000008766
  0.0000022804
  0.0000023673
  0.0000164759
  0.0000022526
 -0.0000019741
  0.0000015887
  0.0000039554
  0.0000056571
  0.0000007698
 -0.0000005447
  0.0000095179
 -0.0000083296
 -0.0000022195
 -0.0000118080
 -0.0000021363
 -0.0000030677
  0.0000005764
 -0.0000018707
 -0.0000018738
 -0.0000015869
 -0.0000003269
 -0.0000013760
 -0.0000109247
 -0.0000008862
  0.0000003410
 -0.0000021711
 -0.0000011592
  0.0000007008
 -0.0000010596
 -0.0000082929
 -0.0000021076
 -0.0000013370
 -0.0000023747
 -0.0000003941
 -0.0000063750
 -0.0000086528
 -0.0000003271
 -0.0000014068
  0.0000022473
 -0.0000007187
 -0.0000000390
 -0.0000030357
 -0.0000050095
 -0.0000016438
 -0.0000026896
  0.0000000191
  0.0000002541
  0.0000004623
  0.0000004300
  0.0000002222
 -0.0000004377
  0.0000005217
 -0.0000009979
  0.0000005193
 -0.0000003498
  0.0000004693
  0.0000004355
  0.0000002046
 -0.0000001641
 -0.0000001811
  0.0000004959
  0.0000002050
  0.0000002813
  0.0000002920
  0.0000005770
  0.0000000331
 -0.0000009574
  0.0000005595
  0.0000003850
  0.0000005828
  0.0000002779
 -0.0000004843
  0.0000004365
  0.0000001645
 -0.0000002693
  0.0000003236
 -0.0000002001
 -0.0000000316
 -0.0000007043
 -0.0000007786
  0.0000011358
 -0.0000010813
 -0.0000010847
 -0.0000004770
  0.0000008826
  0.0000009638
  0.0000001852
 -0.0000006016
 -0.0000007891
  0.0000002500
 -0.0000010251
  0.0000002880
  0.0000024408
 -0.0000006364
  0.0000001485
 -0.0000001220
  0.0000002629
 -0.0000005829
 -0.0000000027
 -0.0000005453
  0.0000005386
 -0.0000004250
  0.0000004384
  0.0000016388
  0.0000005032
 -0.0000001370
 -0.0000009650
 -0.0000002030
  0.0000021102
  0.0000092937
  0.0000033712
 -0.0000059988
  0.0000195045
  0.0000199682
 -0.0000159181
  0.0000069450
 -0.0000067068
 -0.0000047606
  0.0000008654
  0.0000081885
 -0.0000030704
 -0.0000023519
  0.0000004943
  0.0000024902
  0.0000055548
  0.0000028451
  0.0000013971
 -0.0000012865
  0.0000019763
  0.0000006421
  0.0000009338
  0.0000054296
  0.0000132691
  0.0000017085
  0.0000002632
  0.0000052267
 -0.0000002046
 -0.0000015304
  0.0000022158
  0.0000015187
  0.0000062495
 -0.0000011311
  0.0000004950
 -0.0000031862
 -0.0000044009
 -0.0000032987
 -0.0000008106
 -0.0000037013
  0.0000007220
 -0.0000000812
 -0.0000025454
 -0.0000092902
 -0.0000044293
  0.0000002838
 -0.0000004226
  0.0000006571
 -0.0000001829
  0.0000007195
 -0.0000041248
 -0.0000038124
 -0.0000018440
 -0.0000018339
  0.0000004333
 -0.0000076231
 -0.0000157148
 -0.0000035018
 -0.0000016392
 -0.0000016681
 -0.0000004840
 -0.0000006706
  0.0000033096
 -0.0000060988
 -0.0000014586
 -0.0000006662
 -0.0000010512
 -0.0000001647
 -0.0000001848
  0.0000012986
 -0.0000007061
 -0.0000012841
  0.0000010485
  0.0000015189
 -0.0000017258
 -0.0000012029
  0.0000014831
  0.0000014015
  0.0000011989
  0.0000007052
 -0.0000014484
 -0.0000005588
 -0.0000008049
  0.0000008609
  0.0000013483
 -0.0000003989
  0.0000009166
 -0.0000015489
  0.0000013388
 -0.0000010912
 -0.0000005478
 -0.0000003711
 -0.0000006089
  0.0000009684
 -0.0000002858
 -0.0000005425
  0.0000005893
  0.0000004469
 -0.0000010122
 -0.0000008205
  0.0000002167
 -0.0000004455
 -0.0000010352
 -0.0000002566
 -0.0000004728
  0.0000000614
 -0.0000012001
 -0.0000003818
 -0.0000006705
 -0.0000014286
  0.0000000868
 -0.0000008620
 -0.0000007676
  0.0000008662
 -0.0000007637
  0.0000001239
 -0.0000012881
  0.0000005204
  0.0000006740
 -0.0000009423
  0.0000000136
 -0.0000001930
 -0.0000003599
 -0.0000002951
 -0.0000003353
  0.0000006282
  0.0000001804
 -0.0000005619
 -0.0000004317
 -0.0000006987
 -0.0000011558
  0.0000061874
  0.0000123416
 -0.0000043102
 -0.0000051095
  0.0000028750
  0.0000062209
 -0.0000052290
  0.0000061756
  0.0000035443
  0.0000021590
  0.0000017050
 -0.0000006186
  0.0000012052
  0.0000011095
 -0.0000011094
  0.0000087271
  0.0000176677
  0.0000021987
 -0.0000006638
 -0.0000066811
  0.0000020509
  0.0000007761
  0.0000030627
 -0.0000019923
  0.0000129036
 -0.0000018045
 -0.0000005539
 -0.0000008534
 -0.0000035122
 -0.0000000511
 -0.0000010846
 -0.0000024650
 -0.0000018799
  0.0000002505
 -0.0000002899
 -0.0000002746
 -0.0000143809
 -0.0000024017
 -0.0000000545
 -0.0000005484
 -0.0000004102
 -0.0000005217
  0.0000002531
 -0.0000031087
 -0.0000009525
 -0.0000019276
 -0.0000005672
  0.0000002052
 -0.0000050829
 -0.0000174099
 -0.0000024133
 -0.0000007508
  0.0000022271
 -0.0000018190
 -0.0000015236
  0.0000005682
 -0.0000057417
  0.0000005882
 -0.0000032192
 -0.0000001980
 -0.0000003218
 -0.0000002987
 -0.0000001363
 -0.0000000905
 -0.0000011435
 -0.0000002110
 -0.0000005737
 -0.0000005364
 -0.0000003851
 -0.0000006559
 -0.0000002154
 -0.0000000207
 -0.0000006347
 -0.0000000771
 -0.0000002005
 -0.0000003457
  0.0000002459
 -0.0000009018
 -0.0000009873
  0.0000001422
 -0.0000009795
  0.0000000254
 -0.0000004399
 -0.0000003928
 -0.0000002280
 -0.0000001428
  0.0000005130
 -0.0000001931
 -0.0000005603
  0.0000002023
  0.0000001930
 -0.0000005423
  0.0000001237
 -0.0000009712
  0.0000003514
 -0.0000007158
 -0.0000007010
 -0.0000018849
 -0.0000002059
 -0.0000006178
 -0.0000003524
  0.0000001179
  0.0000007366
  0.0000001075
  0.0000002578
 -0.0000005002
  0.0000005004
  0.0000007103
 -0.0000010023
  0.0000001220
 -0.0000004659
 -0.0000001445
 -0.0000002090
 -0.0000000717
 -0.0000005144
 -0.0000001461
 -0.0000004923
  0.0000000025
 -0.0000002035
 -0.0000008363
  0.0000056322
  0.0000171762
  0.0000034480
 -0.0000009435
  0.0000287673
  0.0000200282
 -0.0000067993
  0.0000069664
 -0.0000071008
 -0.0000059706
  0.0000007926
  0.0000179714
 -0.0000024569
 -0.0000010971
  0.0000080701
  0.0000031783
  0.0000025913
 -0.0000073060
  0.0000003509
  0.0000016910
  0.0000011016
  0.0000020577
 -0.0000027938
  0.0000089928
  0.0000151793
  0.0000040946
 -0.0000026355
 -0.0000017724
  0.0000003314
  0.0000010039
  0.0000008612
 -0.0000018047
  0.0000160442
 -0.0000048783
 -0.0000023102
 -0.0000039481
 -0.0000027592
 -0.0000002373
 -0.0000027147
 -0.0000005904
 -0.0000013884
 -0.0000004016
 -0.0000021266
 -0.0000144394
 -0.0000022030
  0.0000003837
 -0.0000003367
  0.0000000471
  0.0000008436
 -0.0000000393
 -0.0000052064
 -0.0000001621
 -0.0000002564
 -0.0000004301
  0.0000004973
 -0.0000057418
 -0.0000120077
 -0.0000013418
 -0.0000018319
 -0.0000023031
 -0.0000029529
 -0.0000013348
 -0.0000003721
 -0.0000057537
 -0.0000013632
 -0.0000003934
 -0.0000002036
 -0.0000001904
 -0.0000004269
 -0.0000003752
 -0.0000003147
 -0.0000003859
 -0.0000000998
 -0.0000007540
 -0.0000005574
 -0.0000000836
 -0.0000002371
 -0.0000001543
 -0.0000003015
 -0.0000001766
 -0.0000002056
  0.0000001589
  0.0000000532
 -0.0000004435
 -0.0000003097
  0.0000002477
 -0.0000004615
 -0.0000009241
 -0.0000007722
 -0.0000006233
  0.0000003692
 -0.0000008274
 -0.0000007785
 -0.0000004330
  0.0000001278
  0.0000007358
 -0.0000000670
 -0.0000005805
 -0.0000013487
 -0.0000001976
 -0.0000005211
 -0.0000004835
  0.0000015778
 -0.0000006598
 -0.0000004999
 -0.0000009384
 -0.0000004652
 -0.0000012005
 -0.0000005538
 -0.0000008528
 -0.0000000835
 -0.0000011717
 -0.0000008385
 -0.0000007636
  0.0000005241
 -0.0000003917
 -0.0000008468
 -0.0000009821
 -0.0000005668
  0.0000006919
  0.0000029836
  0.0000024974
 -0.0000083956
  0.0000118868
 -0.0000072175
 -0.0000059676
  0.0000046245
 -0.0000071233
  0.0000005595
  0.0000037321
  0.0000090922
 -0.0000008448
  0.0000026769
  0.0000099333
  0.0000006658
  0.0000013398
  0.0000007168
  0.0000030765
  0.0000020825
  0.0000011228
  0.0000005075
  0.0000008796
  0.0000001327
  0.0000134605
  0.0000031053
 -0.0000017441
 -0.0000035441
  0.0000066306
 -0.0000060122
  0.0000007931
 -0.0000002353
  0.0000088173
 -0.0000003604
 -0.0000013851
 -0.0000007593
  0.0000001841
 -0.0000014481
 -0.0000007400
 -0.0000000735
 -0.0000008489
 -0.0000014166
 -0.0000002154
 -0.0000025523
 -0.0000010148
 -0.0000000952
 -0.0000113783
 -0.0000001722
 -0.0000039102
  0.0000010283
 -0.0000009299
 -0.0000044482
 -0.0000000094
 -0.0000001370
 -0.0000002160
 -0.0000001347
 -0.0000001533
 -0.0000006050
  0.0000009286
  0.0000004090
 -0.0000007066
 -0.0000003376
 -0.0000007814
 -0.0000002533
 -0.0000004840
 -0.0000002566
 -0.0000001228
 -0.0000002607
  0.0000003380
  0.0000002651
 -0.0000007365
 -0.0000000095
  0.0000005870
 -0.0000002712
  0.0000000325
  0.0000001166
 -0.0000000587
 -0.0000007945
 -0.0000002715
 -0.0000009292
 -0.0000007015
  0.0000000779
 -0.0000007051
 -0.0000000336
 -0.0000001034
  0.0000001084
 -0.0000003936
 -0.0000001198
  0.0000012490
 -0.0000009225
  0.0000049877
 -0.0000083036
  0.0000115792
  0.0000040892
 -0.0000092526
  0.0000105911
 -0.0000066320
 -0.0000005317
  0.0000030568
  0.0000088125
 -0.0000027926
 -0.0000011442
  0.0000069826
 -0.0000003577
  0.0000062330
 -0.0000043266
  0.0000010062
  0.0000003388
  0.0000009346
 -0.0000012776
  0.0000008771
  0.0000034962
  0.0000132470
  0.0000017399
  0.0000012999
 -0.0000021292
 -0.0000003232
 -0.0000169396
  0.0000013612
  0.0000009253
 -0.0000018222
 -0.0000017282
 -0.0000018634
 -0.0000007012
 -0.0000004950
  0.0000000259
  0.0000002250
  0.0000005112
  0.0000002008
 -0.0000057828
  0.0000002676
 -0.0000017842
 -0.0000009213
 -0.0000059805
  0.0000002997
  0.0000000816
  0.0000025352
 -0.0000029802
 -0.0000068345
 -0.0000006496
 -0.0000007953
 -0.0000025058
  0.0000031517
 -0.0000003959
 -0.0000010043
 -0.0000027809
 -0.0000003892
  0.0000002564
  0.0000004159
 -0.0000003758
 -0.0000000213
 -0.0000001250
  0.0000001837
 -0.0000003465
 -0.0000000699
 -0.0000001681
 -0.0000003014
 -0.0000008748
  0.0000003669
 -0.0000001821
 -0.0000009550
  0.0000001754
  0.0000006695
  0.0000000472
  0.0000002919
  0.0000002319
 -0.0000001156
 -0.0000003917
  0.0000018957
  0.0000025676
  0.0000037788
 -0.0000106254
  0.0000085207
  0.0000232243
 -0.0000068500
  0.0000094558
 -0.0000040672
 -0.0000026885
  0.0000060147
  0.0000086362
 -0.0000041719
  0.0000045331
  0.0000039500
  0.0000007126
 -0.0000016468
  0.0000001970
 -0.0000003578
  0.0000001950
  0.0000076805
  0.0000070401
 -0.0000003206
 -0.0000025615
 -0.0000024853
  0.0000000041
 -0.0000030671
  0.0000026391
 -0.0000013066
 -0.0000010062
 -0.0000031679
 -0.0000021654
 -0.0000002717
 -0.0000005817
  0.0000006818
  0.0000030499
 -0.0000005521
 -0.0000000266
  0.0000004929
 -0.0000076839
 -0.0000001387
  0.0000008104
 -0.0000000052
 -0.0000005410
 -0.0000003654
 -0.0000036233
 -0.0000013257
 -0.0000001900
  0.0000005052
 -0.0000004647
 -0.0000032629
 -0.0000061399
  0.0000010246
 -0.0000007363
 -0.0000004555
  0.0000022985
 -0.0000012947
  0.0000001034
 -0.0000022076
  0.0000000153
 -0.0000010906
 -0.0000000912
 -0.0000000695
 -0.0000000882
  0.0000000038
 -0.0000001044
 -0.0000004927
  0.0000009491
  0.0000006665
 -0.0000005516
 -0.0000002295
 -0.0000005967
 -0.0000000704
 -0.0000004887
 -0.0000002414
 -0.0000002619
 -0.0000000689
  0.0000003303
  0.0000005696
 -0.0000007200
 -0.0000005555
  0.0000001143
  0.0000003905
 -0.0000001852
  0.0000004132
  0.0000000103
 -0.0000002780
 -0.0000008474
 -0.0000002586
 -0.0000009180
  0.0000005666
 -0.0000005185
  0.0000002836
 -0.0000005784
 -0.0000002558
  0.0000004710
 -0.0000001037
  0.0000001431
 -0.0000003722
  0.0000000800
  0.0000006993
  0.0000025112
  0.0000057504
 -0.0000071883
  0.0000100743
 -0.0000018037
 -0.0000073610
  0.0000105653
 -0.0000055540
  0.0000010405
  0.0000030068
  0.0000102669
 -0.0000022349
  0.0000009109
  0.0000055234
 -0.0000003162
  0.0000068592
 -0.0000031039
  0.0000026690
  0.0000010763
  0.0000008720
 -0.0000010238
  0.0000008305
  0.0000042592
  0.0000176467
  0.0000008011
  0.0000017187
 -0.0000049077
 -0.0000013309
 -0.0000067724
  0.0000025478
  0.0000008527
 -0.0000088552
 -0.0000014249
 -0.0000010688
 -0.0000026630
 -0.0000000287
 -0.0000002846
 -0.0000007607
  0.0000012076
  0.0000005249
  0.0000003456
 -0.0000038020
 -0.0000004860
  0.0000002909
 -0.0000006258
 -0.0000002378
 -0.0000050016
 -0.0000003881
  0.0000017110
  0.0000002074
 -0.0000019303
 -0.0000104343
  0.0000000668
 -0.0000021519
  0.0000026097
  0.0000001429
 -0.0000015840
 -0.0000018177
 -0.0000002028
  0.0000002721
 -0.0000002354
  0.0000001814
 -0.0000000779
 -0.0000003915
 -0.0000000895
 -0.0000005283
 -0.0000006141
 -0.0000001816
 -0.0000005918
  0.0000000378
  0.0000001626
  0.0000002559
  0.0000003704
 -0.0000000030
 -0.0000013121
  0.0000000482
  0.0000004862
  0.0000006408
 -0.0000003843
  0.0000002042
  0.0000008126
  0.0000009379
 -0.0000007720
  0.0000000381
 -0.0000002528
  0.0000006090
  0.0000000617
 -0.0000002398
  0.0000003543
 -0.0000000536
 -0.0000012601
  0.0000000649
 -0.0000000941
  0.0000003815
 -0.0000001609
  0.0000001453
  0.0000018856
 -0.0000016621
  0.0000045505
 -0.0000085493
  0.0000128796
  0.0000049193
 -0.0000094430
  0.0000104789
 -0.0000072488
 -0.0000008629
  0.0000026518
  0.0000088445
 -0.0000029263
 -0.0000001822
  0.0000053583
 -0.0000003398
  0.0000067686
 -0.0000030242
  0.0000030774
  0.0000010546
  0.0000009852
 -0.0000010790
  0.0000009638
  0.0000038234
  0.0000170398
  0.0000005300
  0.0000016753
 -0.0000052304
 -0.0000018363
 -0.0000040758
  0.0000024207
  0.0000006618
 -0.0000061909
 -0.0000020013
 -0.0000016545
 -0.0000017801
 -0.0000004317
 -0.0000001383
  0.0000001474
  0.0000004551
  0.0000003029
 -0.0000057014
  0.0000003622
 -0.0000011331
 -0.0000003625
 -0.0000057945
  0.0000003759
  0.0000019626
 -0.0000029027
 -0.0000067042
 -0.0000005114
 -0.0000005206
 -0.0000026832
  0.0000028330
  0.0000000679
 -0.0000005958
 -0.0000026421
  0.0000000842
  0.0000001638
  0.0000000035
 -0.0000003497
  0.0000001100
  0.0000008448
  0.0000001436
 -0.0000006857
 -0.0000008404
 -0.0000001929
 -0.0000003823
 -0.0000004515
  0.0000002526
 -0.0000000200
 -0.0000002519
 -0.0000003257
 -0.0000010693
  0.0000003204
  0.0000003109
 -0.0000005026
  0.0000001009
 -0.0000004067
 -0.0000004552
 -0.0000006829
  0.0000000752
 -0.0000007845
 -0.0000014967
  0.0000004314
 -0.0000002832
  0.0000003834
 -0.0000004020
 -0.0000005045
 -0.0000004767
 -0.0000007425
  0.0000015584
 -0.0000010035
  0.0000041735
 -0.0000093191
  0.0000125472
  0.0000010720
 -0.0000060792
  0.0000145406
 -0.0000074355
 -0.0000002436
  0.0000064652
  0.0000135584
 -0.0000026602
  0.0000027137
  0.0000043883
 -0.0000000436
  0.0000049208
 -0.0000028574
 -0.0000013717
  0.0000015872
  0.0000003438
 -0.0000029801
  0.0000011584
  0.0000046848
  0.0000076398
  0.0000008541
  0.0000007893
 -0.0000013265
  0.0000016616
 -0.0000125046
  0.0000015711
  0.0000025251
 -0.0000024285
 -0.0000012645
 -0.0000004295
 -0.0000025508
 -0.0000013201
  0.0000000856
 -0.0000000162
 -0.0000013110
  0.0000015701
  0.0000003017
  0.0000004189
 -0.0000055127
  0.0000000593
 -0.0000026433
  0.0000005678
 -0.0000042291
 -0.0000005207
 -0.0000003651
 -0.0000005033
 -0.0000045369
 -0.0000099615
 -0.0000005750
  0.0000004585
 -0.0000005127
 -0.0000003835
 -0.0000013964
  0.0000003230
  0.0000010666
  0.0000000187
 -0.0000000413
  0.0000002564
  0.0000003824
  0.0000005976
  0.0000003247
  0.0000002175
  0.0000001879
  0.0000002801
  0.0000004215
 -0.0000002352
 -0.0000004648
 -0.0000002829
 -0.0000002269
  0.0000001214
 -0.0000005516
 -0.0000002589
 -0.0000002696
  0.0000002403
  0.0000006457
 -0.0000007029
 -0.0000005739
  0.0000004827
  0.0000007564
  0.0000004736
 -0.0000001246
  0.0000002459
 -0.0000003720
  0.0000000509
 -0.0000003484
  0.0000000187
 -0.0000005239
  0.0000000583
 -0.0000002249
 -0.0000003623
 -0.0000000430
 -0.0000001508
  0.0000003293
 -0.0000001634
 -0.0000005262
 -0.0000008324
  0.0000018103
 -0.0000011478
  0.0000046022
 -0.0000085386
  0.0000111629
  0.0000034090
 -0.0000092820
  0.0000107675
 -0.0000078611
 -0.0000009769
  0.0000027210
  0.0000089686
 -0.0000031133
 -0.0000002292
  0.0000062995
 -0.0000002771
 -0.0000008822
 -0.0000033101
  0.0000018829
  0.0000005988
  0.0000016644
 -0.0000038339
  0.0000014604
  0.0000048594
  0.0000110972
  0.0000015001
  0.0000001061
 -0.0000011641
  0.0000020971
  0.0000006538
  0.0000018047
  0.0000002872
 -0.0000010012
 -0.0000018598
 -0.0000018511
 -0.0000028994
 -0.0000010380
  0.0000010566
  0.0000022376
 -0.0000008802
 -0.0000040858
 -0.0000006037
 -0.0000014576
 -0.0000047155
  0.0000008753
 -0.0000031063
 -0.0000081514
 -0.0000025078
  0.0000000235
 -0.0000009973
 -0.0000006143
 -0.0000020408
 -0.0000005186
  0.0000002022
 -0.0000001790
 -0.0000001254
 -0.0000002723
 -0.0000002513
 -0.0000000687
 -0.0000004055
  0.0000000683
 -0.0000001657
 -0.0000002582
 -0.0000005439
 -0.0000004443
  0.0000002857
 -0.0000006715
  0.0000000405
 -0.0000003063
  0.0000005277
  0.0000005405
  0.0000000261
 -0.0000013931
 -0.0000000673
  0.0000006184
  0.0000002810
 -0.0000003375
 -0.0000002744
  0.0000002413
  0.0000007450
  0.0000002619
  0.0000009601
 -0.0000008863
 -0.0000001087
 -0.0000002014
  0.0000008116
  0.0000003110
  0.0000000974
 -0.0000005084
  0.0000000382
  0.0000000312
 -0.0000014444
 -0.0000003106
  0.0000001878
  0.0000004225
 -0.0000000517
  0.0000001372
 -0.0000009984
  0.0000034231
  0.0000013985
 -0.0000086367
  0.0000117942
 -0.0000018044
 -0.0000052497
  0.0000110208
 -0.0000055324
 -0.0000007836
  0.0000062896
  0.0000135096
 -0.0000028022
  0.0000005208
  0.0000028462
 -0.0000010039
  0.0000033074
 -0.0000057410
  0.0000053457
  0.0000011741
  0.0000011188
 -0.0000021928
  0.0000014637
  0.0000014064
  0.0000117031
 -0.0000010006
  0.0000008612
 -0.0000017155
 -0.0000006493
 -0.0000031932
  0.0000005425
  0.0000005730
  0.0000030813
 -0.0000024254
 -0.0000023490
 -0.0000017583
 -0.0000007523
 -0.0000003494
  0.0000000651
  0.0000015029
 -0.0000000987
 -0.0000017377
 -0.0000051317
 -0.0000012179
  0.0000002169
  0.0000016990
 -0.0000002375
 -0.0000034035
 -0.0000022090
 -0.0000004534
  0.0000001733
 -0.0000025569
 -0.0000103426
 -0.0000027117
  0.0000004713
 -0.0000041448
 -0.0000000655
 -0.0000004298
 -0.0000015060
 -0.0000004254
 -0.0000002724
  0.0000000912
 -0.0000004615
  0.0000006384
  0.0000000485
 -0.0000003448
 -0.0000000695
 -0.0000000636
 -0.0000003416
 -0.0000004882
  0.0000002167
  0.0000005278
  0.0000004739
 -0.0000005051
  0.0000005302
  0.0000005898
  0.0000001094
 -0.0000000737
 -0.0000006110
 -0.0000008172
  0.0000002232
 -0.0000005663
 -0.0000005068
  0.0000000844
  0.0000000688
 -0.0000001853
  0.0000000216
  0.0000003004
 -0.0000003120
  0.0000036369
 -0.0000107085
  0.0000085541
 -0.0000008020
 -0.0000060525
  0.0000097774
 -0.0000039681
 -0.0000006720
  0.0000044137
  0.0000089320
 -0.0000022622
  0.0000014567
  0.0000012349
  0.0000000023
  0.0000034650
 -0.0000004974
  0.0000018232
  0.0000020546
  0.0000009897
 -0.0000010448
  0.0000012304
  0.0000021344
  0.0000079732
  0.0000027396
  0.0000015767
  0.0000023728
 -0.0000017947
 -0.0000114801
  0.0000028527
  0.0000014410
 -0.0000008214
 -0.0000009167
 -0.0000024351
 -0.0000014921
 -0.0000010596
  0.0000000148
 -0.0000031136
  0.0000014935
  0.0000019227
  0.0000004534
 -0.0000057830
  0.0000001442
 -0.0000033611
 -0.0000045774
 -0.0000009721
 -0.0000006493
 -0.0000040873
 -0.0000094987
 -0.0000012858
  0.0000006753
 -0.0000006530
 -0.0000005234
 -0.0000017086
 -0.0000002249
  0.0000008561
 -0.0000008010
  0.0000001523
  0.0000000887
 -0.0000001055
 -0.0000002987
 -0.0000002724
  0.0000000164
 -0.0000003399
  0.0000001031
 -0.0000004625
  0.0000003504
 -0.0000000073
 -0.0000002886
 -0.0000005478
 -0.0000000653
 -0.0000005513
 -0.0000005375
  0.0000000958
  0.0000002273
  0.0000001798
 -0.0000008227
 -0.0000002785
 -0.0000006863
  0.0000003887
  0.0000004936
 -0.0000007932
 -0.0000001030
 -0.0000004881
  0.0000008489
  0.0000000666
 -0.0000006603
  0.0000008073
 -0.0000003060
 -0.0000004064
 -0.0000002604
 -0.0000005449
 -0.0000011918
 -0.0000000288
 -0.0000004054
  0.0000003756
  0.0000001870
 -0.0000002783
 -0.0000002927
  0.0000002416
 -0.0000001424
 -0.0000006783
  0.0000006498
  0.0000009594
  0.0000019921
 -0.0000083154
  0.0000109159
 -0.0000023701
 -0.0000080656
  0.0000061075
 -0.0000052355
  0.0000004273
  0.0000056724
  0.0000094019
 -0.0000013188
  0.0000014431
  0.0000049749
  0.0000000278
 -0.0000083207
  0.0000021846
  0.0000016227
  0.0000004315
  0.0000016315
 -0.0000016878
  0.0000016733
  0.0000068966
  0.0000116567
  0.0000018026
 -0.0000000328
 -0.0000010996
 -0.0000025560
 -0.0000072738
  0.0000037506
  0.0000004082
  0.0000028724
 -0.0000022377
 -0.0000010431
 -0.0000007354
 -0.0000009515
 -0.0000008118
 -0.0000001899
  0.0000021351
  0.0000016963
 -0.0000006823
  0.0000001541
  0.0000001860
 -0.0000049515
  0.0000000591
 -0.0000010476
  0.0000001407
  0.0000021637
 -0.0000022326
 -0.0000059887
  0.0000000217
 -0.0000042682
  0.0000021146
 -0.0000011405
 -0.0000012500
 -0.0000003804
  0.0000000977
 -0.0000003916
 -0.0000003742
  0.0000000618
 -0.0000000927
 -0.0000000480
 -0.0000001351
  0.0000001281
  0.0000000797
  0.0000002013
 -0.0000003514
 -0.0000001824
  0.0000003551
 -0.0000000212
 -0.0000007079
 -0.0000007315
 -0.0000000101
 -0.0000004948
  0.0000001959
 -0.0000003995
 -0.0000004631
 -0.0000006304
  0.0000003043
  0.0000011855
 -0.0000005020
 -0.0000005763
 -0.0000007408
  0.0000000616
  0.0000000512
 -0.0000001835
  0.0000006466
 -0.0000003372
  0.0000001383
 -0.0000002794
 -0.0000000526
 -0.0000005153
 -0.0000002856
 -0.0000007882
 -0.0000000494
 -0.0000003633
 -0.0000003527
 -0.0000004652
 -0.0000000657
 -0.0000002092
 -0.0000002184
 -0.0000002174
 -0.0000008337
 -0.0000010043
  0.0000039336
  0.0000022311
 -0.0000083266
  0.0000114556
 -0.0000009654
 -0.0000053029
  0.0000109195
 -0.0000066457
 -0.0000013549
  0.0000065386
  0.0000132924
 -0.0000038383
 -0.0000001881
  0.0000034986
  0.0000009475
  0.0000053905
 -0.0000005292
  0.0000031519
  0.0000027119
  0.0000013327
  0.0000029607
  0.0000022067
  0.0000047418
  0.0000037539
  0.0000017350
 -0.0000014728
 -0.0000050553
  0.0000009696
 -0.0000132011
  0.0000040841
  0.0000010544
  0.0000089674
 -0.0000021342
 -0.0000004774
  0.0000000676
 -0.0000005008
  0.0000029595
 -0.0000000800
 -0.0000000682
 -0.0000046390
  0.0000008211
 -0.0000002219
  0.0000013228
  0.0000034231
 -0.0000022904
 -0.0000062561
 -0.0000007337
 -0.0000041059
  0.0000038796
 -0.0000014170
  0.0000004358
  0.0000000912
 -0.0000001526
 -0.0000009135
 -0.0000006222
 -0.0000005774
 -0.0000002859
 -0.0000000454
 -0.0000006661
  0.0000000138
  0.0000002338
 -0.0000002435
 -0.0000004391
 -0.0000007801
 -0.0000002875
 -0.0000008371
 -0.0000011160
 -0.0000003577
 -0.0000005794
 -0.0000012554
  0.0000010126
  0.0000020126
  0.0000045385
 -0.0000108979
  0.0000118068
  0.0000099272
 -0.0000054448
  0.0000099354
 -0.0000045663
 -0.0000025527
  0.0000044995
  0.0000083293
 -0.0000041882
  0.0000033341
  0.0000017831
 -0.0000007863
  0.0000047517
 -0.0000031297
 -0.0000007119
  0.0000009653
  0.0000001745
 -0.0000029916
  0.0000004519
  0.0000018408
  0.0000070043
  0.0000011898
  0.0000004949
 -0.0000030782
  0.0000004321
 -0.0000136771
  0.0000011880
  0.0000007491
 -0.0000031676
 -0.0000002483
 -0.0000005074
 -0.0000020175
 -0.0000016436
 -0.0000003834
  0.0000001076
 -0.0000007525
  0.0000012954
 -0.0000001410
 -0.0000076153
 -0.0000006293
 -0.0000005788
  0.0000000710
 -0.0000042787
 -0.0000008058
  0.0000007739
 -0.0000037206
 -0.0000056949
  0.0000004383
 -0.0000001536
 -0.0000000584
  0.0000003795
 -0.0000023784
  0.0000001704
  0.0000004011
 -0.0000004067
 -0.0000000951
 -0.0000004219
 -0.0000001844
 -0.0000003023
  0.0000001823
 -0.0000004703
 -0.0000001787
 -0.0000004543
 -0.0000003657
  0.0000001279
 -0.0000008006
 -0.0000018012
 -0.0000004227
 -0.0000015839
 -0.0000010056
 -0.0000003842
 -0.0000012843
 -0.0000003462
 -0.0000007337
 -0.0000001546
  0.0000002265
 -0.0000005610
 -0.0000001777
 -0.0000011632
  0.0000006306
 -0.0000024242
 -0.0000013442
 -0.0000006052
 -0.0000003051
  0.0000027585
  0.0000027974
 -0.0000123923
  0.0000078561
  0.0000220396
 -0.0000069804
  0.0000084503
 -0.0000055632
 -0.0000039258
  0.0000028232
  0.0000081454
 -0.0000053413
  0.0000021956
  0.0000023538
  0.0000005373
  0.0000007188
 -0.0000002961
 -0.0000000497
 -0.0000029740
  0.0000057254
 -0.0000001348
 -0.0000000111
 -0.0000043493
  0.0000017387
 -0.0000003354
  0.0000029927
 -0.0000006424
 -0.0000011715
 -0.0000021165
 -0.0000025068
 -0.0000011438
  0.0000004009
  0.0000004633
  0.0000028840
 -0.0000008312
 -0.0000007756
 -0.0000012122
 -0.0000079576
 -0.0000008790
 -0.0000009676
  0.0000001625
  0.0000007540
 -0.0000003712
 -0.0000006313
 -0.0000039697
 -0.0000016412
  0.0000001090
 -0.0000000360
 -0.0000002519
 -0.0000026052
 -0.0000042192
  0.0000006730
 -0.0000002714
 -0.0000007828
  0.0000020845
 -0.0000014321
 -0.0000015723
 -0.0000026632
 -0.0000004080
 -0.0000006879
  0.0000005652
  0.0000003365
 -0.0000001400
 -0.0000005678
 -0.0000006082
  0.0000006688
  0.0000003959
  0.0000001486
 -0.0000009818
 -0.0000004654
 -0.0000006823
 -0.0000007676
 -0.0000005813
  0.0000018065
  0.0000029156
  0.0000034010
 -0.0000110222
  0.0000085691
  0.0000234176
 -0.0000072639
  0.0000091904
 -0.0000037197
 -0.0000026955
  0.0000061545
  0.0000089512
 -0.0000042187
  0.0000040784
  0.0000032721
  0.0000005970
  0.0000003926
  0.0000051084
 -0.0000007969
 -0.0000003812
 -0.0000000062
  0.0000026392
 -0.0000003707
 -0.0000030696
 -0.0000026035
 -0.0000002853
 -0.0000011172
 -0.0000008190
 -0.0000030821
 -0.0000019850
 -0.0000006719
 -0.0000008713
  0.0000007150
  0.0000026511
  0.0000002209
 -0.0000000806
  0.0000004237
 -0.0000075061
 -0.0000001625
  0.0000005998
 -0.0000001638
 -0.0000034578
 -0.0000011869
  0.0000002385
  0.0000011899
 -0.0000000588
 -0.0000031564
 -0.0000059384
  0.0000007411
 -0.0000004211
 -0.0000000746
  0.0000028041
 -0.0000010529
  0.0000002129
 -0.0000020245
  0.0000000386
 -0.0000009477
  0.0000000652
 -0.0000004549
 -0.0000002322
  0.0000001876
  0.0000001808
 -0.0000000988
 -0.0000001921
  0.0000000480
  0.0000002668
 -0.0000003225
  0.0000001454
 -0.0000005803
  0.0000001994
 -0.0000005279
 -0.0000003018
 -0.0000003431
  0.0000000676
 -0.0000001189
 -0.0000004035
 -0.0000000951
 -0.0000004545
 -0.0000003434
  0.0000005936
 -0.0000002898
 -0.0000000906
 -0.0000007757
 -0.0000003979
  0.0000009075
  0.0000001200
  0.0000002309
 -0.0000001594
  0.0000002708
 -0.0000004716
  0.0000000887
 -0.0000002692
 -0.0000000071
 -0.0000004940
 -0.0000005190
 -0.0000003643
 -0.0000002679
 -0.0000003147
  0.0000000700
 -0.0000003395
 -0.0000006684
 -0.0000012898
 -0.0000001825
  0.0000008929
  0.0000012038
 -0.0000085156
  0.0000110192
 -0.0000021963
 -0.0000077606
  0.0000066731
 -0.0000046282
 -0.0000002473
  0.0000056845
  0.0000098496
 -0.0000020994
  0.0000008393
  0.0000042378
 -0.0000006682
 -0.0000100080
  0.0000042548
  0.0000025503
  0.0000016371
  0.0000011959
  0.0000007610
  0.0000013003
  0.0000082071
  0.0000096327
  0.0000021771
  0.0000005419
 -0.0000056463
 -0.0000075584
 -0.0000092151
  0.0000034169
  0.0000013190
  0.0000042739
 -0.0000022608
 -0.0000010348
  0.0000001141
 -0.0000007310
 -0.0000002177
  0.0000018790
  0.0000005258
  0.0000000826
 -0.0000002697
  0.0000004997
 -0.0000042640
 -0.0000003082
 -0.0000005998
  0.0000003480
  0.0000022103
 -0.0000020012
 -0.0000053057
 -0.0000008275
 -0.0000042875
  0.0000022241
 -0.0000004872
 -0.0000013988
 -0.0000002046
 -0.0000005529
 -0.0000004865
 -0.0000002984
 -0.0000011385
  0.0000009265
  0.0000006561
 -0.0000004921
 -0.0000005167
 -0.0000013541
 -0.0000000501
  0.0000000691
 -0.0000002222
 -0.0000005612
 -0.0000000604
  0.0000002803
  0.0000005303
 -0.0000008577
  0.0000003468
 -0.0000002627
 -0.0000002333
  0.0000004503
 -0.0000007108
 -0.0000008352
  0.0000000026
  0.0000000585
 -0.0000005104
 -0.0000004785
 -0.0000013014
  0.0000002810
 -0.0000000752
  0.0000002716
 -0.0000003771
  0.0000001108
 -0.0000002209
 -0.0000002924
  0.0000000781
  0.0000009567
 -0.0000007249
  0.0000048862
 -0.0000083978
  0.0000114354
  0.0000040982
 -0.0000092232
  0.0000106549
 -0.0000064873
 -0.0000004186
  0.0000031970
  0.0000088029
 -0.0000025030
 -0.0000012460
  0.0000073195
 -0.0000002502
  0.0000035241
 -0.0000008491
  0.0000016328
  0.0000020919
  0.0000003322
 -0.0000009469
  0.0000012194
  0.0000015860
  0.0000081712
  0.0000022558
  0.0000016107
  0.0000026706
 -0.0000023018
 -0.0000124396
  0.0000029501
  0.0000012110
 -0.0000021798
 -0.0000017029
 -0.0000020568
 -0.0000006650
 -0.0000003114
 -0.0000000132
  0.0000017082
  0.0000004195
  0.0000001758
 -0.0000060716
  0.0000004738
  0.0000008112
 -0.0000023742
  0.0000002722
 -0.0000058092
 -0.0000003836
  0.0000001809
  0.0000002978
 -0.0000032359
 -0.0000069421
 -0.0000014905
 -0.0000008706
 -0.0000025109
  0.0000054529
  0.0000007122
 -0.0000012371
 -0.0000029061
 -0.0000003767
  0.0000004581
 -0.0000001882
  0.0000002438
  0.0000001531
 -0.0000007469
 -0.0000000000
 -0.0000006206
 -0.0000006892
  0.0000002938
 -0.0000000075
 -0.0000007906
 -0.0000006144
 -0.0000004027
  0.0000001451
  0.0000002790
 -0.0000006937
 -0.0000001208
  0.0000007897
  0.0000004325
  0.0000002786
 -0.0000014630
 -0.0000006787
 -0.0000006379
 -0.0000001908
 -0.0000008610
 -0.0000001740
 -0.0000003978
 -0.0000002785
 -0.0000000964
 -0.0000001066
 -0.0000005366
 -0.0000001760
  0.0000004229
 -0.0000006104
  0.0000039998
 -0.0000104635
  0.0000102881
  0.0000000835
 -0.0000062581
  0.0000111141
 -0.0000039755
 -0.0000005010
  0.0000056337
  0.0000104830
 -0.0000021472
  0.0000014531
  0.0000019579
 -0.0000011030
  0.0000063238
 -0.0000034382
  0.0000031368
  0.0000006496
  0.0000006552
 -0.0000015131
  0.0000007964
  0.0000030752
  0.0000162183
 -0.0000001385
  0.0000012012
 -0.0000060541
 -0.0000024468
 -0.0000101064
  0.0000016959
  0.0000001322
 -0.0000029536
 -0.0000008381
 -0.0000025281
 -0.0000010319
 -0.0000004509
  0.0000001181
  0.0000001876
  0.0000003095
 -0.0000055511
  0.0000000976
 -0.0000028418
 -0.0000041134
  0.0000000207
 -0.0000005834
  0.0000020756
 -0.0000045121
 -0.0000098144
 -0.0000010108
 -0.0000005040
  0.0000028807
 -0.0000003889
 -0.0000010946
 -0.0000018127
 -0.0000000660
  0.0000007260
  0.0000000479
  0.0000002295
 -0.0000000349
 -0.0000002908
  0.0000001329
  0.0000000388
  0.0000002143
 -0.0000001132
  0.0000000712
  0.0000000544
  0.0000006176
 -0.0000029396
 -0.0000000815
  0.0000004635
 -0.0000007003
 -0.0000000606
  0.0000002681
  0.0000003977
 -0.0000021835
  0.0000002455
 -0.0000057967
 -0.0000173697
  0.0000024107
  0.0000472927
 -0.0000118997
  0.0000124478
 -0.0000008279
 -0.0000004719
  0.0000070939
  0.0000007859
 -0.0000032649
 -0.0000026589
  0.0000016936
 -0.0000009202
  0.0000030833
  0.0000006655
 -0.0000003964
  0.0000000121
 -0.0000013960
  0.0000038323
  0.0000015171
  0.0000010883
 -0.0000054482
 -0.0000041330
 -0.0000003846
 -0.0000006771
 -0.0000018554
 -0.0000034142
 -0.0000030045
 -0.0000029386
 -0.0000002378
 -0.0000005360
  0.0000010698
  0.0000020319
  0.0000000774
 -0.0000005305
 -0.0000006141
 -0.0000103708
 -0.0000017112
  0.0000001446
  0.0000007189
  0.0000002181
 -0.0000007908
 -0.0000003635
 -0.0000060096
 -0.0000025437
 -0.0000003872
  0.0000019095
 -0.0000001137
 -0.0000057081
 -0.0000049063
  0.0000020354
 -0.0000001925
 -0.0000020901
  0.0000032488
 -0.0000037712
 -0.0000005016
 -0.0000029925
 -0.0000001996
 -0.0000013153
 -0.0000003884
 -0.0000002971
  0.0000001634
 -0.0000000623
 -0.0000002106
 -0.0000001502
  0.0000003669
  0.0000001051
 -0.0000000960
 -0.0000009134
  0.0000001410
  0.0000000707
 -0.0000005326
 -0.0000006351
 -0.0000002763
 -0.0000001713
 -0.0000008647
 -0.0000005691
 -0.0000005886
 -0.0000003824
  0.0000004726
 -0.0000009461
 -0.0000000606
 -0.0000008623
 -0.0000003021
  0.0000005246
 -0.0000002176
  0.0000001374
 -0.0000002503
  0.0000000493
 -0.0000006726
 -0.0000001168
 -0.0000005850
 -0.0000000051
 -0.0000007513
 -0.0000005432
 -0.0000005863
 -0.0000005253
 -0.0000003459
 -0.0000003986
 -0.0000001324
 -0.0000004531
 -0.0000008607
 -0.0000014859
  0.0000008252
  0.0000027152
  0.0000058392
 -0.0000071688
  0.0000085019
 -0.0000031317
 -0.0000071190
  0.0000105684
 -0.0000057745
  0.0000012858
  0.0000031608
  0.0000107557
 -0.0000017094
  0.0000008012
  0.0000053643
 -0.0000009380
 -0.0000078537
  0.0000021942
  0.0000016926
  0.0000006068
  0.0000011740
 -0.0000016578
  0.0000008385
  0.0000076496
  0.0000121370
  0.0000018847
 -0.0000000416
 -0.0000018594
 -0.0000034006
 -0.0000074796
  0.0000035675
  0.0000001075
  0.0000009725
 -0.0000019893
 -0.0000012575
 -0.0000015504
  0.0000018170
  0.0000016881
 -0.0000006435
 -0.0000058814
 -0.0000014826
 -0.0000010851
 -0.0000035156
  0.0000000348
  0.0000001438
  0.0000011382
 -0.0000017031
 -0.0000109271
 -0.0000006142
 -0.0000029400
  0.0000015049
 -0.0000011252
 -0.0000012350
 -0.0000006085
 -0.0000000719
 -0.0000001378
 -0.0000003599
 -0.0000002865
 -0.0000004664
 -0.0000002084
  0.0000002105
  0.0000000982
  0.0000008690
  0.0000008436
 -0.0000000820
 -0.0000002605
 -0.0000024299
  0.0000022413
  0.0000009226
 -0.0000145902
  0.0000071527
  0.0000400414
 -0.0000089167
  0.0000104527
 -0.0000033268
 -0.0000032002
  0.0000082781
  0.0000071489
 -0.0000050338
  0.0000008514
  0.0000035027
  0.0000007314
  0.0000024567
  0.0000004521
 -0.0000004461
  0.0000043205
  0.0000074447
 -0.0000095102
 -0.0000023794
  0.0000000944
 -0.0000012061
  0.0000027169
 -0.0000014960
 -0.0000010852
 -0.0000037016
 -0.0000018246
 -0.0000001884
 -0.0000006089
  0.0000010972
  0.0000025750
 -0.0000002997
 -0.0000004270
 -0.0000005015
 -0.0000069199
  0.0000001417
  0.0000014325
  0.0000003239
 -0.0000031100
 -0.0000013819
 -0.0000001659
  0.0000000043
 -0.0000003415
 -0.0000045111
 -0.0000057623
  0.0000015932
 -0.0000001571
 -0.0000022994
  0.0000023636
 -0.0000016324
 -0.0000007786
 -0.0000024867
 -0.0000000602
 -0.0000004747
  0.0000000027
 -0.0000000116
  0.0000004345
  0.0000001171
  0.0000001863
  0.0000000808
 -0.0000004869
 -0.0000000477
 -0.0000003497
 -0.0000004341
 -0.0000003723
  0.0000003384
 -0.0000005815
 -0.0000010623
 -0.0000006163
 -0.0000006245
 -0.0000006408
  0.0000000011
  0.0000000367
  0.0000002105
 -0.0000011909
  0.0000000739
  0.0000006571
 -0.0000006993
  0.0000009205
 -0.0000002576
  0.0000002874
 -0.0000010993
 -0.0000000336
 -0.0000009203
  0.0000001043
 -0.0000002246
 -0.0000007462
 -0.0000004092
 -0.0000000589
 -0.0000004463
  0.0000003746
  0.0000002298
 -0.0000002379
 -0.0000000234
  0.0000008031
  0.0000043244
  0.0000055816
 -0.0000064362
  0.0000061303
 -0.0000042351
 -0.0000062491
  0.0000114793
 -0.0000058944
  0.0000000547
  0.0000068719
  0.0000120447
 -0.0000030573
  0.0000018232
  0.0000058123
 -0.0000010778
  0.0000021275
 -0.0000056352
  0.0000040862
  0.0000012907
  0.0000005965
 -0.0000027444
  0.0000017648
  0.0000026970
  0.0000109274
  0.0000003791
  0.0000007590
 -0.0000019676
  0.0000021086
  0.0000031923
  0.0000008592
  0.0000005160
 -0.0000003137
 -0.0000030052
 -0.0000021511
 -0.0000016776
 -0.0000002681
 -0.0000008860
  0.0000002020
  0.0000008445
 -0.0000004247
 -0.0000011736
 -0.0000060869
 -0.0000015094
  0.0000000888
 -0.0000004824
 -0.0000034158
 -0.0000018564
  0.0000001462
 -0.0000000307
 -0.0000017595
 -0.0000111684
 -0.0000043131
 -0.0000003760
 -0.0000004847
 -0.0000016316
 -0.0000007115
  0.0000001714
  0.0000002179
  0.0000009063
 -0.0000010934
 -0.0000013721
 -0.0000004364
 -0.0000006416
 -0.0000001174
 -0.0000007880
 -0.0000005662
 -0.0000014185
 -0.0000019535
 -0.0000003685
 -0.0000000382
 -0.0000001586
 -0.0000007459
 -0.0000009167
 -0.0000011197
  0.0000001970
 -0.0000005617
  0.0000004969
 -0.0000008440
 -0.0000008451
 -0.0000005938
 -0.0000023351
  0.0000012290
  0.0000027876
  0.0000033460
 -0.0000102108
  0.0000108852
  0.0000091316
 -0.0000044084
  0.0000105651
 -0.0000042885
 -0.0000029763
  0.0000055877
  0.0000091685
 -0.0000036990
  0.0000030158
  0.0000017680
 -0.0000001644
  0.0000045558
 -0.0000005640
 -0.0000024753
  0.0000018104
 -0.0000000194
 -0.0000023498
  0.0000011500
  0.0000008740
  0.0000056939
 -0.0000002068
  0.0000005525
 -0.0000021915
  0.0000005131
  0.0000012073
  0.0000024725
 -0.0000012881
 -0.0000002081
 -0.0000021162
 -0.0000010776
 -0.0000005653
  0.0000005187
 -0.0000002871
  0.0000016310
  0.0000003255
  0.0000006542
 -0.0000068696
  0.0000000633
 -0.0000001844
  0.0000012436
  0.0000008474
 -0.0000038647
 -0.0000002386
  0.0000001302
  0.0000053173
 -0.0000005211
 -0.0000043923
 -0.0000084531
  0.0000006575
  0.0000003297
 -0.0000009149
  0.0000038446
 -0.0000009606
 -0.0000018819
  0.0000002201
  0.0000009875
  0.0000001834
 -0.0000001288
 -0.0000004865
 -0.0000004965
 -0.0000010095
 -0.0000002137
 -0.0000009667
 -0.0000003783
 -0.0000011879
  0.0000002276
  0.0000004466
  0.0000005008
  0.0000010273
 -0.0000003684
  0.0000000524
  0.0000025873
  0.0000016249
 -0.0000131912
  0.0000075559
  0.0000354140
 -0.0000082803
  0.0000098315
 -0.0000023875
 -0.0000020420
  0.0000081637
  0.0000075893
 -0.0000052325
  0.0000014259
  0.0000038531
  0.0000014600
  0.0000010675
 -0.0000000810
  0.0000003899
 -0.0000041814
  0.0000064557
  0.0000009145
  0.0000006578
 -0.0000072715
 -0.0000000576
  0.0000005649
  0.0000016719
 -0.0000019486
 -0.0000013552
 -0.0000036471
 -0.0000018066
 -0.0000007463
 -0.0000014303
  0.0000010996
  0.0000013780
 -0.0000003805
 -0.0000008619
 -0.0000008662
 -0.0000069177
  0.0000004517
  0.0000012117
 -0.0000001815
 -0.0000006277
 -0.0000004960
 -0.0000031031
 -0.0000013558
 -0.0000005363
  0.0000014724
 -0.0000006330
 -0.0000039951
 -0.0000055696
  0.0000013468
 -0.0000007791
 -0.0000021006
  0.0000018647
 -0.0000020608
 -0.0000002589
 -0.0000025141
 -0.0000002545
 -0.0000000968
 -0.0000002757
 -0.0000003735
 -0.0000001261
 -0.0000004950
 -0.0000002509
 -0.0000001634
 -0.0000002673
  0.0000001451
 -0.0000003140
 -0.0000003672
 -0.0000009744
 -0.0000014542
 -0.0000011525
 -0.0000000617
 -0.0000000983
  0.0000002065
 -0.0000004138
 -0.0000013452
 -0.0000004049
 -0.0000003936
 -0.0000003649
 -0.0000009926
 -0.0000016701
 -0.0000007756
 -0.0000007615
 -0.0000015307
 -0.0000004253
 -0.0000000297
  0.0000002872
  0.0000013970
  0.0000015170
 -0.0000122091
  0.0000079197
  0.0000261315
 -0.0000088140
  0.0000090337
 -0.0000038260
 -0.0000032175
  0.0000053117
  0.0000082922
 -0.0000045010
  0.0000022292
  0.0000023186
  0.0000008513
  0.0000058635
  0.0000004226
 -0.0000011578
 -0.0000007415
  0.0000014381
  0.0000015492
  0.0000004107
 -0.0000041983
  0.0000051009
  0.0000000345
 -0.0000031609
 -0.0000012559
 -0.0000012512
 -0.0000038492
 -0.0000022461
 -0.0000004347
 -0.0000003790
  0.0000009521
  0.0000012028
 -0.0000005017
 -0.0000008094
 -0.0000001794
 -0.0000073142
 -0.0000012920
 -0.0000005864
  0.0000011703
  0.0000001545
 -0.0000004735
 -0.0000007199
 -0.0000037911
 -0.0000015994
  0.0000000139
  0.0000029664
 -0.0000003949
 -0.0000035238
 -0.0000059973
  0.0000013022
 -0.0000006431
 -0.0000002516
  0.0000016380
 -0.0000020951
 -0.0000002380
 -0.0000020292
 -0.0000002408
 -0.0000013542
  0.0000003038
 -0.0000001616
  0.0000002109
  0.0000001602
 -0.0000003996
 -0.0000010041
 -0.0000010652
 -0.0000005680
 -0.0000005579
  0.0000003263
  0.0000003754
  0.0000002289
  0.0000004493
 -0.0000012142
 -0.0000008721
 -0.0000004404
 -0.0000008211
 -0.0000007730
 -0.0000006410
  0.0000007381
  0.0000030213
  0.0000039050
 -0.0000112506
  0.0000090482
  0.0000152295
 -0.0000056043
  0.0000104118
 -0.0000047955
 -0.0000029264
  0.0000022011
  0.0000091847
 -0.0000044597
  0.0000030968
  0.0000023923
  0.0000003427
  0.0000006784
  0.0000051867
 -0.0000007061
 -0.0000005990
  0.0000000578
  0.0000026735
 -0.0000002248
 -0.0000006560
 -0.0000019490
 -0.0000003334
 -0.0000001851
 -0.0000008210
 -0.0000016872
 -0.0000017863
 -0.0000001333
  0.0000006981
  0.0000002453
  0.0000017279
  0.0000001228
 -0.0000003936
 -0.0000005706
 -0.0000077683
 -0.0000006740
  0.0000004676
  0.0000007001
 -0.0000001754
 -0.0000037091
 -0.0000010261
  0.0000007191
  0.0000020711
  0.0000001870
 -0.0000027306
 -0.0000038303
  0.0000001765
  0.0000000888
 -0.0000001392
  0.0000027928
 -0.0000013986
 -0.0000008155
 -0.0000025381
  0.0000001516
 -0.0000000524
  0.0000002176
 -0.0000001384
 -0.0000000778
  0.0000000017
 -0.0000001851
 -0.0000009118
 -0.0000000782
 -0.0000008325
 -0.0000006707
 -0.0000003299
 -0.0000005549
  0.0000003492
  0.0000003134
 -0.0000004337
  0.0000001603
  0.0000002121
 -0.0000002565
 -0.0000008691
 -0.0000006916
  0.0000000916
  0.0000008967
  0.0000023332
  0.0000042760
 -0.0000110223
  0.0000095699
  0.0000139969
 -0.0000053758
  0.0000102902
 -0.0000038891
 -0.0000024527
  0.0000028567
  0.0000089772
 -0.0000039210
  0.0000032073
  0.0000015177
 -0.0000002942
  0.0000032047
 -0.0000002687
 -0.0000007835
  0.0000007752
  0.0000042143
  0.0000073640
  0.0000019698
 -0.0000041233
 -0.0000014892
  0.0000012254
 -0.0000023581
  0.0000041609
 -0.0000002333
 -0.0000014167
 -0.0000019520
 -0.0000022154
 -0.0000007376
  0.0000006141
 -0.0000000810
  0.0000018520
 -0.0000005408
 -0.0000006404
 -0.0000006294
 -0.0000079629
 -0.0000009092
 -0.0000007070
  0.0000000155
  0.0000010362
  0.0000003539
 -0.0000006324
 -0.0000038486
 -0.0000014540
  0.0000011650
  0.0000001579
  0.0000000542
 -0.0000030967
 -0.0000041512
 -0.0000001875
  0.0000000683
  0.0000003966
  0.0000020035
 -0.0000015932
 -0.0000012827
 -0.0000027718
  0.0000000053
 -0.0000002972
  0.0000000133
  0.0000000521
 -0.0000005468
  0.0000002150
 -0.0000004235
 -0.0000001860
 -0.0000000341
  0.0000004128
 -0.0000001807
 -0.0000007492
 -0.0000003140
 -0.0000004277
 -0.0000003646
  0.0000003354
  0.0000003080
 -0.0000008039
  0.0000002087
  0.0000004355
  0.0000012157
 -0.0000001234
 -0.0000000303
 -0.0000006582
 -0.0000001694
 -0.0000008770
 -0.0000004470
 -0.0000005142
 -0.0000000240
 -0.0000000641
 -0.0000001991
 -0.0000001319
 -0.0000001153
  0.0000005274
  0.0000000608
  0.0000001193
  0.0000014191
 -0.0000020894
  0.0000037419
 -0.0000093478
  0.0000129594
  0.0000047306
 -0.0000096217
  0.0000101863
 -0.0000083264
 -0.0000012324
  0.0000021924
  0.0000088013
 -0.0000034876
  0.0000001671
  0.0000046177
 -0.0000011504
  0.0000044674
 -0.0000051664
  0.0000054340
  0.0000015062
  0.0000009734
 -0.0000017227
  0.0000017514
  0.0000017788
  0.0000146013
 -0.0000003446
  0.0000009983
  0.0000012715
 -0.0000001775
 -0.0000093161
  0.0000013221
  0.0000005437
  0.0000001635
 -0.0000024064
 -0.0000012472
 -0.0000019595
 -0.0000004951
 -0.0000008005
 -0.0000003409
  0.0000008466
  0.0000003998
 -0.0000054930
  0.0000002053
 -0.0000011005
 -0.0000050364
 -0.0000000744
  0.0000022131
 -0.0000033195
 -0.0000069594
 -0.0000028371
  0.0000014744
 -0.0000001456
 -0.0000008698
 -0.0000021774
  0.0000000140
  0.0000008490
 -0.0000000059
  0.0000002258
 -0.0000002095
 -0.0000001713
  0.0000000805
 -0.0000000809
  0.0000000158
  0.0000000291
 -0.0000000027
 -0.0000011560
 -0.0000003079
  0.0000007424
 -0.0000011490
 -0.0000001003
 -0.0000002672
 -0.0000008976
  0.0000003704
  0.0000004446
 -0.0000000548
 -0.0000005596
 -0.0000002907
 -0.0000004338
  0.0000021184
  0.0000011143
 -0.0000128298
  0.0000085007
  0.0000279694
 -0.0000083429
  0.0000102266
 -0.0000051036
 -0.0000037104
  0.0000066805
  0.0000083961
 -0.0000051525
  0.0000018482
  0.0000031330
 -0.0000012289
  0.0000012216
 -0.0000010267
 -0.0000000874
  0.0000048391
  0.0000024539
  0.0000006759
 -0.0000017814
 -0.0000047494
  0.0000008442
  0.0000011699
 -0.0000015888
 -0.0000011069
 -0.0000034499
 -0.0000020703
 -0.0000005156
 -0.0000010405
  0.0000011598
  0.0000014354
 -0.0000003177
 -0.0000013398
 -0.0000010229
 -0.0000072853
 -0.0000008153
 -0.0000003961
  0.0000013654
 -0.0000000824
 -0.0000004111
 -0.0000006302
 -0.0000035965
 -0.0000015372
 -0.0000000983
  0.0000021331
 -0.0000003014
 -0.0000034262
 -0.0000052849
  0.0000013892
 -0.0000007004
 -0.0000009867
  0.0000016200
 -0.0000019388
  0.0000000742
 -0.0000023265
 -0.0000000024
 -0.0000007819
 -0.0000000034
 -0.0000001543
 -0.0000002103
  0.0000002770
 -0.0000001483
 -0.0000000313
 -0.0000000785
  0.0000003322
  0.0000001930
  0.0000002013
  0.0000011115
  0.0000006589
  0.0000004349
 -0.0000006788
  0.0000001694
 -0.0000003940
 -0.0000003314
 -0.0000006843
 -0.0000001007
  0.0000001637
 -0.0000002596
  0.0000014079
  0.0000025573
  0.0000038357
 -0.0000104048
  0.0000110991
  0.0000096571
 -0.0000057733
  0.0000091757
 -0.0000042686
 -0.0000023960
  0.0000061579
  0.0000094429
 -0.0000040582
  0.0000035467
  0.0000028592
 -0.0000003016
  0.0000027119
 -0.0000001323
  0.0000013386
  0.0000016631
  0.0000008615
 -0.0000010455
  0.0000010590
  0.0000023176
  0.0000076426
  0.0000019367
  0.0000012824
  0.0000025664
 -0.0000016192
 -0.0000114283
  0.0000024928
  0.0000009727
 -0.0000012953
 -0.0000004046
 -0.0000025137
 -0.0000015430
 -0.0000004273
 -0.0000001071
 -0.0000020882
  0.0000008561
 -0.0000000053
 -0.0000074507
 -0.0000005780
 -0.0000016530
 -0.0000045033
 -0.0000009579
  0.0000008214
 -0.0000045156
 -0.0000076666
 -0.0000009358
 -0.0000002829
  0.0000000407
  0.0000005105
 -0.0000024555
  0.0000001400
  0.0000004482
  0.0000003642
  0.0000001395
  0.0000001958
  0.0000001010
  0.0000001804
 -0.0000000537
 -0.0000003422
  0.0000003576
  0.0000002808
  0.0000003456
  0.0000003729
 -0.0000000908
 -0.0000014078
  0.0000006968
  0.0000002064
 -0.0000174199
  0.0000047648
  0.0000397544
 -0.0000107613
  0.0000094841
 -0.0000041813
 -0.0000032151
  0.0000076111
  0.0000043450
 -0.0000067945
  0.0000007752
  0.0000021311
  0.0000007981
  0.0000014482
  0.0000002076
 -0.0000000286
 -0.0000042987
  0.0000068819
  0.0000010726
  0.0000006685
 -0.0000071650
  0.0000001630
 -0.0000019391
  0.0000018805
 -0.0000017594
 -0.0000021615
 -0.0000043212
 -0.0000025124
 -0.0000010264
 -0.0000008897
  0.0000017638
  0.0000012009
 -0.0000003405
 -0.0000007002
 -0.0000008717
 -0.0000074656
 -0.0000008441
  0.0000010137
 -0.0000003230
 -0.0000002467
 -0.0000012694
 -0.0000038862
 -0.0000022022
 -0.0000003972
  0.0000022302
 -0.0000005827
 -0.0000056631
 -0.0000063640
  0.0000014438
 -0.0000004192
 -0.0000026776
  0.0000018381
 -0.0000021901
 -0.0000010077
 -0.0000031169
 -0.0000004050
 -0.0000014722
  0.0000002353
 -0.0000002596
 -0.0000000809
 -0.0000001748
  0.0000000854
  0.0000000023
  0.0000001165
 -0.0000007696
  0.0000005184
 -0.0000013514
  0.0000003537
  0.0000003040
 -0.0000000587
 -0.0000004452
 -0.0000012325
 -0.0000002986
 -0.0000026845
  0.0000008250
  0.0000006618
 -0.0000156809
  0.0000049775
  0.0000389639
 -0.0000100624
  0.0000094001
 -0.0000034007
 -0.0000035055
  0.0000069928
  0.0000059345
 -0.0000051155
  0.0000002510
  0.0000022070
  0.0000025451
  0.0000001192
 -0.0000002661
  0.0000001973
  0.0000019967
  0.0000025533
  0.0000009510
 -0.0000023782
  0.0000062280
 -0.0000007178
 -0.0000027261
 -0.0000017767
 -0.0000028679
 -0.0000043031
 -0.0000030170
 -0.0000004301
 -0.0000013487
  0.0000018790
  0.0000010451
 -0.0000004484
 -0.0000006278
 -0.0000006620
 -0.0000079817
 -0.0000000134
  0.0000000399
  0.0000008134
  0.0000001190
 -0.0000005062
 -0.0000015438
 -0.0000044120
 -0.0000026228
 -0.0000003265
  0.0000024957
 -0.0000005866
 -0.0000054402
 -0.0000064387
  0.0000014687
 -0.0000007211
 -0.0000022326
  0.0000013474
 -0.0000024901
 -0.0000001658
 -0.0000034093
  0.0000000566
 -0.0000008150
  0.0000002734
  0.0000004686
  0.0000003779
  0.0000002091
 -0.0000001410
 -0.0000001641
  0.0000000123
 -0.0000004838
 -0.0000002973
  0.0000004363
 -0.0000003831
 -0.0000005348
 -0.0000004779
 -0.0000007679
 -0.0000005993
  0.0000002843
  0.0000001416
  0.0000004445
 -0.0000010258
  0.0000001324
  0.0000015338
 -0.0000004311
  0.0000010092
 -0.0000002615
  0.0000009517
 -0.0000011886
  0.0000006496
 -0.0000002036
  0.0000003705
 -0.0000000003
 -0.0000007232
 -0.0000004227
 -0.0000003851
  0.0000006671
 -0.0000001202
  0.0000003312
 -0.0000001212
  0.0000000864
  0.0000009425
  0.0000010150
  0.0000024901
 -0.0000080950
  0.0000109394
 -0.0000022085
 -0.0000081002
  0.0000060403
 -0.0000059231
  0.0000007308
  0.0000057591
  0.0000093842
 -0.0000009582
  0.0000020344
  0.0000053210
 -0.0000010377
 -0.0000004843
 -0.0000051144
  0.0000036700
  0.0000011583
  0.0000008495
 -0.0000038734
  0.0000018900
  0.0000035029
  0.0000108835
  0.0000007023
  0.0000007277
 -0.0000012881
  0.0000032037
 -0.0000045574
  0.0000011633
  0.0000005994
  0.0000009414
 -0.0000021009
 -0.0000020392
 -0.0000017841
 -0.0000008847
 -0.0000000704
  0.0000013386
  0.0000018166
 -0.0000009414
 -0.0000005746
 -0.0000051742
 -0.0000031280
 -0.0000003372
 -0.0000004336
 -0.0000056582
  0.0000000401
 -0.0000010607
  0.0000007639
 -0.0000020423
 -0.0000072333
  0.0000003995
 -0.0000001238
 -0.0000040814
  0.0000003678
 -0.0000004653
 -0.0000011361
  0.0000000911
 -0.0000001247
 -0.0000000468
 -0.0000004800
 -0.0000001824
 -0.0000000748
 -0.0000006518
 -0.0000002399
 -0.0000002722
 -0.0000008110
 -0.0000002249
  0.0000025828
  0.0000020804
 -0.0000121593
  0.0000087591
  0.0000268807
 -0.0000078899
  0.0000102457
 -0.0000030376
 -0.0000016472
  0.0000071560
  0.0000085581
 -0.0000047517
  0.0000019844
  0.0000036322
  0.0000002968
 -0.0000028234
  0.0000001979
  0.0000027884
  0.0000003877
  0.0000009475
 -0.0000002441
  0.0000006985
 -0.0000062159
 -0.0000017765
  0.0000019223
 -0.0000016028
 -0.0000006408
 -0.0000030540
 -0.0000016534
 -0.0000007926
 -0.0000009093
  0.0000007796
  0.0000030110
  0.0000001768
 -0.0000007679
 -0.0000007177
 -0.0000067439
  0.0000000512
  0.0000013066
  0.0000000706
 -0.0000031166
 -0.0000008289
 -0.0000001659
  0.0000010315
 -0.0000002335
 -0.0000029091
 -0.0000050660
  0.0000013680
 -0.0000003163
 -0.0000016747
  0.0000027645
 -0.0000002406
 -0.0000014715
 -0.0000001855
 -0.0000002911
 -0.0000001577
 -0.0000002891
 -0.0000000796
 -0.0000005287
 -0.0000022918
 -0.0000008235
 -0.0000004303
 -0.0000002012
 -0.0000005421
 -0.0000003881
 -0.0000004248
  0.0000010444
 -0.0000000329
  0.0000003390
 -0.0000001850
  0.0000002380
  0.0000004711
  0.0000001245
 -0.0000009006
 -0.0000013911
 -0.0000002111
 -0.0000004242
 -0.0000009669
 -0.0000005719
 -0.0000003691
  0.0000000747
  0.0000003775
  0.0000009018
  0.0000042570
 -0.0000107372
  0.0000094081
  0.0000073355
 -0.0000056215
  0.0000091983
 -0.0000037597
 -0.0000004497
  0.0000042578
  0.0000084178
 -0.0000019758
  0.0000016628
  0.0000015376
  0.0000009416
 -0.0000003831
  0.0000020890
  0.0000021421
  0.0000031885
 -0.0000004180
 -0.0000022605
  0.0000009708
  0.0000004399
  0.0000008503
 -0.0000002429
 -0.0000048367
 -0.0000001484
 -0.0000006361
 -0.0000009910
 -0.0000023469
 -0.0000013564
  0.0000000246
 -0.0000002341
 -0.0000009843
  0.0000008259
 -0.0000019246
  0.0000000669
  0.0000005437
 -0.0000069344
  0.0000000813
 -0.0000004280
 -0.0000005755
  0.0000003429
  0.0000000863
 -0.0000000448
 -0.0000041983
 -0.0000006840
 -0.0000003138
  0.0000026971
 -0.0000002301
 -0.0000042712
 -0.0000095725
  0.0000004840
  0.0000009013
 -0.0000003968
  0.0000011522
 -0.0000018703
 -0.0000004457
 -0.0000021779
  0.0000004034
  0.0000009018
  0.0000002777
  0.0000003847
  0.0000000768
  0.0000001660
  0.0000001990
 -0.0000001209
  0.0000002575
  0.0000003390
  0.0000005889
  0.0000000758
  0.0000006791
  0.0000001010
 -0.0000003455
 -0.0000002172
 -0.0000003861
  0.0000018451
  0.0000037001
  0.0000042938
 -0.0000105944
  0.0000104303
  0.0000249597
 -0.0000059242
  0.0000094655
 -0.0000040754
 -0.0000028734
  0.0000062110
  0.0000093494
 -0.0000042092
  0.0000047450
  0.0000044305
  0.0000002536
  0.0000030656
  0.0000001024
 -0.0000018479
  0.0000034868
  0.0000005108
 -0.0000031235
  0.0000016458
  0.0000009435
  0.0000004240
  0.0000016228
  0.0000015150
  0.0000014941
  0.0000027612
 -0.0000012612
 -0.0000010406
 -0.0000017228
 -0.0000017963
 -0.0000003280
 -0.0000009859
 -0.0000000567
  0.0000016667
 -0.0000011455
  0.0000003888
 -0.0000074317
  0.0000003282
  0.0000005199
  0.0000001670
 -0.0000033567
 -0.0000010057
  0.0000000387
  0.0000033901
 -0.0000019869
 -0.0000038666
  0.0000001819
 -0.0000004184
 -0.0000003129
  0.0000018509
  0.0000000317
 -0.0000021742
 -0.0000000794
 -0.0000001310
  0.0000001048
  0.0000008106
 -0.0000006383
  0.0000004417
 -0.0000005236
  0.0000000094
  0.0000009592
  0.0000009005
 -0.0000001205
  0.0000000707
 -0.0000004355
  0.0000006267
 -0.0000002840
  0.0000003246
 -0.0000005821
 -0.0000003287
  0.0000003445
  0.0000007861
  0.0000024062
  0.0000040807
 -0.0000111784
  0.0000102778
  0.0000120747
 -0.0000053174
  0.0000103622
 -0.0000047836
 -0.0000028449
  0.0000027067
  0.0000091031
 -0.0000044237
  0.0000031506
  0.0000015307
  0.0000002588
  0.0000023491
 -0.0000035936
  0.0000030185
  0.0000026589
  0.0000005047
 -0.0000017469
  0.0000019010
 -0.0000007665
  0.0000011147
  0.0000028746
  0.0000038110
  0.0000024740
 -0.0000003006
 -0.0000011439
 -0.0000019654
 -0.0000020230
  0.0000000453
  0.0000004591
 -0.0000006738
  0.0000011034
 -0.0000017649
 -0.0000005009
 -0.0000005434
 -0.0000082044
 -0.0000008407
 -0.0000002390
  0.0000003849
 -0.0000001404
 -0.0000041547
 -0.0000012181
  0.0000006718
  0.0000027114
  0.0000000445
 -0.0000033179
 -0.0000043677
  0.0000002691
 -0.0000000628
 -0.0000001821
  0.0000012044
 -0.0000019676
 -0.0000004158
 -0.0000028828
  0.0000000490
 -0.0000000830
 -0.0000000770
 -0.0000000060
 -0.0000004350
 -0.0000002532
 -0.0000002101
 -0.0000006465
 -0.0000005119
  0.0000003393
 -0.0000006151
 -0.0000011963
 -0.0000007667
 -0.0000008755
 -0.0000001338
 -0.0000001766
 -0.0000004963
  0.0000001716
 -0.0000012320
  0.0000007863
  0.0000007804
 -0.0000008319
  0.0000006409
 -0.0000003878
  0.0000004218
 -0.0000012040
  0.0000000157
 -0.0000009346
  0.0000001085
 -0.0000001103
 -0.0000000447
 -0.0000005176
 -0.0000003097
 -0.0000000712
 -0.0000007617
 -0.0000000253
 -0.0000004814
 -0.0000001849
  0.0000008415
  0.0000031088
  0.0000025081
 -0.0000088294
  0.0000123991
 -0.0000060607
 -0.0000053854
  0.0000052290
 -0.0000077535
 -0.0000000539
  0.0000021517
  0.0000096442
 -0.0000008773
  0.0000038352
  0.0000112101
  0.0000000969
 -0.0000077088
  0.0000009398
  0.0000014540
  0.0000003071
  0.0000005371
 -0.0000025624
  0.0000022272
  0.0000059031
  0.0000116813
  0.0000012338
  0.0000000175
 -0.0000013302
 -0.0000014108
 -0.0000076165
  0.0000033036
  0.0000009463
  0.0000029006
 -0.0000027239
 -0.0000011845
  0.0000006678
 -0.0000006117
 -0.0000013901
 -0.0000011569
  0.0000018737
  0.0000011344
 -0.0000010398
  0.0000000634
  0.0000007081
 -0.0000046070
 -0.0000004633
 -0.0000007751
 -0.0000010290
  0.0000002597
  0.0000020388
  0.0000002628
 -0.0000044903
 -0.0000069020
 -0.0000006600
 -0.0000045858
  0.0000019939
 -0.0000011400
 -0.0000005425
 -0.0000001440
  0.0000000086
 -0.0000002750
  0.0000001087
 -0.0000001973
 -0.0000006708
  0.0000000458
 -0.0000005598
 -0.0000003562
 -0.0000001757
 -0.0000003356
  0.0000001908
  0.0000005915
  0.0000005284
  0.0000008721
 -0.0000009001
 -0.0000001698
 -0.0000002256
 -0.0000006227
 -0.0000004134
 -0.0000003004
  0.0000014624
  0.0000034099
  0.0000036851
 -0.0000100722
  0.0000097683
  0.0000099487
 -0.0000043804
  0.0000118092
 -0.0000044757
 -0.0000030356
  0.0000058389
  0.0000112321
 -0.0000039003
  0.0000033321
  0.0000026677
  0.0000006711
 -0.0000024932
  0.0000057833
  0.0000001838
 -0.0000004250
 -0.0000026878
  0.0000007901
  0.0000043513
  0.0000002518
 -0.0000057346
 -0.0000034521
 -0.0000000753
 -0.0000015616
 -0.0000007745
 -0.0000020973
 -0.0000017415
 -0.0000009737
  0.0000003034
 -0.0000003566
  0.0000014395
 -0.0000009225
  0.0000000648
  0.0000004171
 -0.0000075383
 -0.0000001834
 -0.0000003938
  0.0000010529
  0.0000001605
  0.0000002643
 -0.0000042340
 -0.0000010002
  0.0000001527
  0.0000026979
 -0.0000007368
 -0.0000041166
 -0.0000071031
  0.0000004588
  0.0000001653
 -0.0000009300
  0.0000017365
 -0.0000015925
 -0.0000005113
 -0.0000023181
 -0.0000002643
  0.0000006339
  0.0000006868
  0.0000008395
 -0.0000005950
 -0.0000016551
 -0.0000002552
  0.0000000754
 -0.0000001949
 -0.0000006511
  0.0000000724
  0.0000001159
 -0.0000001649
 -0.0000007278
  0.0000002853
 -0.0000001589
  0.0000004562
 -0.0000007402
 -0.0000000030
 -0.0000005190
 -0.0000012985
  0.0000001387
 -0.0000000572
 -0.0000000577
 -0.0000000182
 -0.0000003304
 -0.0000002705
 -0.0000006298
  0.0000004518
 -0.0000006584
  0.0000041636
 -0.0000103435
  0.0000095856
 -0.0000006654
 -0.0000062876
  0.0000107239
 -0.0000050863
 -0.0000000019
  0.0000058427
  0.0000098826
 -0.0000019302
  0.0000017755
  0.0000020690
 -0.0000003347
  0.0000059283
 -0.0000024447
 -0.0000004597
  0.0000014091
  0.0000001928
 -0.0000018389
  0.0000005210
  0.0000021381
  0.0000088115
  0.0000014789
  0.0000008832
 -0.0000044535
  0.0000007436
 -0.0000113558
  0.0000022087
  0.0000016589
 -0.0000021740
 -0.0000007144
 -0.0000007041
 -0.0000023048
 -0.0000015114
 -0.0000008349
 -0.0000003786
 -0.0000016571
  0.0000011114
  0.0000001810
  0.0000006112
 -0.0000056720
  0.0000002747
 -0.0000025717
  0.0000002617
 -0.0000044727
 -0.0000006450
 -0.0000006291
 -0.0000004549
 -0.0000040574
 -0.0000094978
 -0.0000006646
  0.0000005672
 -0.0000004074
 -0.0000004722
 -0.0000016122
 -0.0000002230
  0.0000010164
 -0.0000003969
  0.0000002488
 -0.0000006608
  0.0000001026
  0.0000000221
 -0.0000010272
  0.0000007601
  0.0000006549
  0.0000003138
  0.0000001552
 -0.0000003282
 -0.0000003179
  0.0000018622
  0.0000014276
 -0.0000129419
  0.0000081077
  0.0000262893
 -0.0000084920
  0.0000093998
 -0.0000050325
 -0.0000040600
  0.0000061319
  0.0000080522
 -0.0000050834
  0.0000018374
  0.0000028429
  0.0000008952
 -0.0000037998
  0.0000001959
 -0.0000004055
 -0.0000004695
  0.0000074012
  0.0000067766
  0.0000000429
 -0.0000016042
 -0.0000031552
  0.0000013263
 -0.0000027030
  0.0000026008
 -0.0000018043
 -0.0000010548
 -0.0000036013
 -0.0000020193
 -0.0000007383
 -0.0000012460
  0.0000008311
  0.0000026520
 -0.0000005925
 -0.0000012725
 -0.0000009988
 -0.0000071061
 -0.0000010119
  0.0000008775
 -0.0000002688
 -0.0000004070
 -0.0000003812
 -0.0000034997
 -0.0000012729
 -0.0000002535
  0.0000000723
 -0.0000002944
 -0.0000033297
 -0.0000056905
  0.0000014328
 -0.0000005054
 -0.0000011579
  0.0000023862
 -0.0000014901
 -0.0000001382
 -0.0000018486
 -0.0000002159
 -0.0000009937
  0.0000001551
 -0.0000004785
  0.0000001044
 -0.0000004761
 -0.0000003614
  0.0000001010
  0.0000003362
 -0.0000002300
 -0.0000007685
 -0.0000002804
 -0.0000005368
 -0.0000000071
  0.0000002555
  0.0000003442
 -0.0000008303
  0.0000008073
  0.0000002725
 -0.0000005002
  0.0000009463
 -0.0000002322
 -0.0000002273
 -0.0000004015
 -0.0000003512
 -0.0000009961
 -0.0000000965
 -0.0000005545
 -0.0000000240
  0.0000001940
 -0.0000002512
 -0.0000001108
 -0.0000003183
  0.0000000892
  0.0000003271
 -0.0000000904
  0.0000003737
  0.0000003292
  0.0000026695
  0.0000048912
 -0.0000082426
  0.0000107679
 -0.0000014851
 -0.0000073973
  0.0000108749
 -0.0000060923
  0.0000008212
  0.0000027488
  0.0000106458
 -0.0000014912
 -0.0000000910
  0.0000068173
 -0.0000000818
  0.0000024869
 -0.0000051179
  0.0000041075
  0.0000015305
  0.0000009664
 -0.0000024982
  0.0000026012
  0.0000033254
  0.0000114051
  0.0000009317
  0.0000009512
 -0.0000015822
  0.0000027582
  0.0000021378
  0.0000012650
  0.0000013178
  0.0000009725
 -0.0000011483
 -0.0000016620
 -0.0000028376
 -0.0000004511
 -0.0000004533
  0.0000006592
  0.0000026121
 -0.0000000703
 -0.0000039025
 -0.0000011138
 -0.0000014418
 -0.0000001694
 -0.0000043424
 -0.0000006652
  0.0000004677
 -0.0000022802
 -0.0000112854
 -0.0000017869
  0.0000002689
 -0.0000001974
 -0.0000012242
 -0.0000022819
 -0.0000008782
 -0.0000004536
 -0.0000000761
 -0.0000002518
 -0.0000001671
 -0.0000002020
 -0.0000000919
 -0.0000016685
 -0.0000003945
  0.0000002107
 -0.0000011392
  0.0000000938
 -0.0000003030
  0.0000006167
  0.0000004008
 -0.0000015882
 -0.0000010586
 -0.0000006336
  0.0000016846
  0.0000020206
  0.0000030929
 -0.0000111534
  0.0000080655
  0.0000240119
 -0.0000080771
  0.0000081296
 -0.0000039162
 -0.0000027346
  0.0000055660
  0.0000082810
 -0.0000041759
  0.0000038543
  0.0000032668
  0.0000011929
  0.0000010193
  0.0000001240
  0.0000004292
 -0.0000038311
  0.0000061485
  0.0000007795
  0.0000006561
 -0.0000038239
  0.0000011354
  0.0000003248
  0.0000015487
 -0.0000012080
 -0.0000010490
 -0.0000037336
 -0.0000020359
 -0.0000001187
 -0.0000004019
  0.0000007853
  0.0000026013
 -0.0000004573
 -0.0000002385
  0.0000003939
 -0.0000072638
 -0.0000004681
 -0.0000006441
  0.0000009192
  0.0000001111
 -0.0000004444
 -0.0000002973
 -0.0000034512
 -0.0000011817
 -0.0000000599
 -0.0000002544
 -0.0000003692
 -0.0000037012
 -0.0000068266
  0.0000013581
 -0.0000006171
 -0.0000002706
  0.0000021470
 -0.0000015632
  0.0000000130
 -0.0000019723
 -0.0000001909
 -0.0000014037
 -0.0000006102
  0.0000000134
 -0.0000005638
 -0.0000003471
  0.0000002801
  0.0000002296
  0.0000000848
 -0.0000001701
  0.0000001855
 -0.0000006280
  0.0000002737
  0.0000005471
 -0.0000009345
 -0.0000001570
 -0.0000005678
  0.0000005498
  0.0000006639
 -0.0000000382
  0.0000006280
 -0.0000003016
 -0.0000000373
  0.0000000951
 -0.0000001519
 -0.0000004842
 -0.0000000990
 -0.0000005740
  0.0000001594
  0.0000003375
 -0.0000003741
 -0.0000002002
 -0.0000001452
  0.0000002123
 -0.0000000633
 -0.0000009465
  0.0000001001
  0.0000050762
  0.0000048538
 -0.0000067696
  0.0000069542
 -0.0000038205
 -0.0000053564
  0.0000122337
 -0.0000062528
 -0.0000004157
  0.0000072487
  0.0000135143
 -0.0000033881
  0.0000014220
  0.0000060156
 -0.0000002777
 -0.0000063093
  0.0000001424
  0.0000015755
  0.0000003670
  0.0000016343
 -0.0000029149
  0.0000013640
  0.0000061572
  0.0000124602
  0.0000016766
 -0.0000000857
 -0.0000011616
 -0.0000014183
 -0.0000074520
  0.0000029839
  0.0000001628
  0.0000011258
 -0.0000029641
 -0.0000015028
 -0.0000018100
 -0.0000002753
 -0.0000007142
  0.0000018928
  0.0000018847
 -0.0000009991
 -0.0000053306
 -0.0000019253
 -0.0000011009
 -0.0000038078
  0.0000002471
 -0.0000006386
  0.0000010165
 -0.0000026038
 -0.0000108122
  0.0000002703
 -0.0000043400
  0.0000014216
 -0.0000011915
 -0.0000017299
 -0.0000010958
  0.0000000796
 -0.0000003176
 -0.0000005705
  0.0000001188
 -0.0000002476
 -0.0000003103
 -0.0000004559
 -0.0000005710
 -0.0000002533
  0.0000001997
  0.0000003103
  0.0000003784
  0.0000005885
  0.0000008284
 -0.0000000603
 -0.0000001543
 -0.0000005848
 -0.0000007364
 -0.0000003442
  0.0000002009
 -0.0000004695
 -0.0000003665
 -0.0000003755
 -0.0000002025
  0.0000002373
 -0.0000001532
  0.0000001202
  0.0000004886
 -0.0000007077
  0.0000042580
 -0.0000103326
  0.0000121267
  0.0000016690
 -0.0000062694
  0.0000134981
 -0.0000041518
 -0.0000001896
  0.0000061243
  0.0000126424
 -0.0000019926
  0.0000018497
  0.0000031844
 -0.0000007581
  0.0000058965
 -0.0000048634
  0.0000052950
  0.0000013411
  0.0000008846
 -0.0000016588
  0.0000019332
  0.0000015923
  0.0000150553
 -0.0000002835
  0.0000009301
  0.0000007615
 -0.0000006223
 -0.0000105330
  0.0000014820
  0.0000007619
 -0.0000043937
 -0.0000007653
 -0.0000015918
 -0.0000025453
 -0.0000010477
 -0.0000000294
  0.0000001143
  0.0000003383
 -0.0000063082
 -0.0000001034
 -0.0000022077
 -0.0000058230
 -0.0000003604
  0.0000015829
 -0.0000049262
 -0.0000093817
 -0.0000003973
  0.0000016892
 -0.0000002782
 -0.0000013529
 -0.0000031055
  0.0000001355
 -0.0000000538
 -0.0000006850
 -0.0000001462
 -0.0000003289
 -0.0000005961
 -0.0000005827
 -0.0000004613
 -0.0000006254
 -0.0000006968
  0.0000002284
  0.0000003120
 -0.0000008836
 -0.0000001643
  0.0000002026
 -0.0000001779
  0.0000002898
 -0.0000002686
  0.0000001079
 -0.0000001411
 -0.0000000578
 -0.0000005517
 -0.0000002631
 -0.0000006433
 -0.0000004526
 -0.0000001473
 -0.0000003654
 -0.0000006597
 -0.0000005053
 -0.0000001081
 -0.0000000446
 -0.0000003351
 -0.0000007235
  0.0000008149
  0.0000022897
  0.0000049444
 -0.0000081570
  0.0000112725
 -0.0000007900
 -0.0000077158
  0.0000128724
 -0.0000064456
 -0.0000002432
  0.0000037583
  0.0000115528
 -0.0000024878
 -0.0000009699
  0.0000087496
  0.0000004237
 -0.0000095667
  0.0000043236
  0.0000024064
  0.0000014827
  0.0000006899
  0.0000000339
  0.0000023681
  0.0000082989
  0.0000110396
  0.0000020276
  0.0000004626
 -0.0000013625
 -0.0000072745
 -0.0000074440
  0.0000036259
  0.0000027044
  0.0000027387
 -0.0000007519
 -0.0000011220
 -0.0000025328
  0.0000020350
  0.0000012468
 -0.0000001046
 -0.0000050467
 -0.0000010735
 -0.0000034050
 -0.0000001029
  0.0000018747
 -0.0000020011
 -0.0000114003
 -0.0000001358
 -0.0000013857
  0.0000022973
 -0.0000003296
 -0.0000004948
 -0.0000005918
  0.0000000333
 -0.0000004647
  0.0000003165
  0.0000002241
 -0.0000004210
 -0.0000001385
 -0.0000002239
 -0.0000004862
 -0.0000006090
 -0.0000004948
 -0.0000003241
 -0.0000003822
  0.0000003549
  0.0000004579
 -0.0000000025
 -0.0000008597
  0.0000004178
  0.0000003174
 -0.0000003327
  0.0000003079
 -0.0000002013
 -0.0000000562
 -0.0000000547
 -0.0000002461
 -0.0000006618
  0.0000000852
 -0.0000006897
  0.0000001475
 -0.0000000591
 -0.0000006394
 -0.0000003669
 -0.0000004842
  0.0000000827
  0.0000000393
 -0.0000002531
  0.0000000233
  0.0000008066
  0.0000014921
  0.0000023446
 -0.0000081548
  0.0000103836
 -0.0000036184
 -0.0000084256
  0.0000052144
 -0.0000050814
  0.0000003023
  0.0000057334
  0.0000084016
 -0.0000014556
  0.0000015635
  0.0000060777
  0.0000015519
  0.0000026933
  0.0000024045
  0.0000027849
  0.0000017991
  0.0000012308
  0.0000022405
  0.0000029914
  0.0000038844
  0.0000046230
  0.0000012627
 -0.0000007924
 -0.0000071959
 -0.0000011866
 -0.0000133411
  0.0000037099
  0.0000025506
  0.0000086649
 -0.0000032089
 -0.0000012037
  0.0000011160
 -0.0000005828
  0.0000030942
  0.0000000891
 -0.0000006170
  0.0000009737
 -0.0000039371
 -0.0000000845
  0.0000003445
  0.0000004279
  0.0000015377
  0.0000036065
 -0.0000049457
 -0.0000061250
 -0.0000005831
 -0.0000053061
  0.0000037276
 -0.0000004993
 -0.0000011780
  0.0000003577
 -0.0000000742
 -0.0000002699
 -0.0000010637
 -0.0000004390
 -0.0000002538
 -0.0000008953
 -0.0000003188
 -0.0000000250
 -0.0000004736
 -0.0000003826
 -0.0000009289
 -0.0000001192
  0.0000006853
 -0.0000004845
  0.0000000321
 -0.0000005197
 -0.0000009824
  0.0000000520
 -0.0000006692
 -0.0000006801
 -0.0000010337
 -0.0000007388
 -0.0000004444
  0.0000002954
  0.0000012231
  0.0000041683
 -0.0000107590
  0.0000098416
  0.0000082597
 -0.0000053653
  0.0000089624
 -0.0000034773
 -0.0000011393
  0.0000042892
  0.0000082022
 -0.0000022781
  0.0000016082
  0.0000017304
 -0.0000003672
  0.0000019779
 -0.0000025525
 -0.0000002675
  0.0000026874
  0.0000001659
 -0.0000036693
  0.0000014045
 -0.0000010762
  0.0000053836
  0.0000003092
  0.0000009049
  0.0000006430
  0.0000033719
  0.0000015417
  0.0000023106
 -0.0000006951
 -0.0000004001
 -0.0000022772
 -0.0000010396
 -0.0000008431
  0.0000002910
 -0.0000005107
  0.0000014055
  0.0000001923
  0.0000006060
 -0.0000067206
  0.0000001223
 -0.0000003418
  0.0000006437
  0.0000006405
 -0.0000041318
 -0.0000001735
 -0.0000002320
  0.0000042872
 -0.0000002779
 -0.0000042546
 -0.0000095421
  0.0000003371
  0.0000009493
 -0.0000007223
  0.0000027560
 -0.0000001856
 -0.0000020261
 -0.0000001777
  0.0000010036
  0.0000001352
 -0.0000002621
 -0.0000001140
 -0.0000001970
  0.0000001153
 -0.0000007227
 -0.0000005061
 -0.0000003092
  0.0000004711
  0.0000004202
  0.0000000421
  0.0000004112
  0.0000011214
 -0.0000001264
 -0.0000007148
 -0.0000002792
 -0.0000001288
 -0.0000003629
 -0.0000004256
  0.0000000384
  0.0000000688
  0.0000004276
 -0.0000000082
  0.0000011272
  0.0000020535
  0.0000032095
 -0.0000103202
  0.0000102839
  0.0000084445
 -0.0000048334
  0.0000089959
 -0.0000042835
 -0.0000030340
  0.0000052231
  0.0000079851
 -0.0000038321
  0.0000029066
  0.0000015369
 -0.0000012595
  0.0000065332
 -0.0000029572
  0.0000037526
  0.0000008699
  0.0000010034
 -0.0000013059
  0.0000010991
  0.0000026533
  0.0000162187
 -0.0000004401
  0.0000012562
 -0.0000055895
 -0.0000027838
 -0.0000130973
  0.0000019002
  0.0000003357
 -0.0000011956
 -0.0000011343
 -0.0000024309
 -0.0000011169
 -0.0000005087
  0.0000002887
  0.0000005149
 -0.0000060215
  0.0000001286
 -0.0000031934
 -0.0000045193
 -0.0000006364
  0.0000000655
  0.0000035780
 -0.0000041926
 -0.0000094872
 -0.0000011299
 -0.0000007939
  0.0000036298
 -0.0000000583
 -0.0000017239
  0.0000001208
  0.0000009042
 -0.0000007748
 -0.0000006027
 -0.0000000927
 -0.0000006641
  0.0000005244
  0.0000000032
 -0.0000003412
 -0.0000013546
  0.0000010737
 -0.0000024709
 -0.0000159253
  0.0000036506
  0.0000478425
 -0.0000111270
  0.0000108103
 -0.0000011108
  0.0000010436
  0.0000089958
  0.0000015207
 -0.0000030316
 -0.0000001210
  0.0000030086
  0.0000032349
  0.0000007270
 -0.0000004327
  0.0000001417
  0.0000025646
  0.0000023176
 -0.0000000036
 -0.0000022605
  0.0000059085
 -0.0000001498
 -0.0000011575
 -0.0000019035
 -0.0000022160
 -0.0000017157
 -0.0000024927
 -0.0000015305
 -0.0000001413
 -0.0000006867
  0.0000012835
  0.0000008916
 -0.0000007271
 -0.0000009096
 -0.0000009211
 -0.0000080911
 -0.0000017132
  0.0000018037
  0.0000003719
 -0.0000002354
  0.0000000430
 -0.0000039994
 -0.0000012893
 -0.0000008690
  0.0000021094
 -0.0000001527
 -0.0000047882
 -0.0000038092
  0.0000027550
 -0.0000005063
 -0.0000022972
  0.0000015764
 -0.0000020819
 -0.0000006522
 -0.0000018307
  0.0000002185
 -0.0000013909
 -0.0000096938
 -0.0000061640
 -0.0000030663
 -0.0000221635
 -0.0000095649
  0.0000081898
 -0.0000195527
  0.0000155527
  0.0000026473
 -0.0000064560
  0.0000075514
 -0.0000064256
 -0.0000050505
 -0.0000049151
  0.0000007181
  0.0000005075
  0.0000002282
 -0.0000011116
  0.0000005107
  0.0000028983
  0.0000030421
  0.0000017555
 -0.0000027324
 -0.0000017043
  0.0000010176
  0.0000046144
 -0.0000004539
  0.0000021487
  0.0000020317
  0.0000008447
  0.0000004262
  0.0000021120
  0.0000036454
  0.0000003493
 -0.0000012035
 -0.0000000826
 -0.0000019209
 -0.0000000641
 -0.0000005676
 -0.0000002356
  0.0000008141
  0.0000013747
 -0.0000015747
  0.0000026717
 -0.0000064887
  0.0000018987
  0.0000041107
 -0.0000031757
  0.0000039871
 -0.0000001329
  0.0000016257
 -0.0000014321
  0.0000000038
  0.0000011713
  0.0000008208
  0.0000007032
  0.0000012063
 -0.0000027310
 -0.0000046570
 -0.0000043524
 -0.0000180431
  0.0000024619
  0.0000336153
 -0.0000139310
 -0.0000009015
 -0.0000036946
 -0.0000025912
  0.0000031224
  0.0000010728
 -0.0000089020
 -0.0000062976
 -0.0000039717
  0.0000006161
  0.0000063199
  0.0000004580
 -0.0000008908
  0.0000006926
  0.0000028861
  0.0000027293
  0.0000021704
 -0.0000036265
 -0.0000021654
 -0.0000004239
  0.0000026165
 -0.0000027152
  0.0000008994
 -0.0000015789
  0.0000002182
 -0.0000008183
 -0.0000002705
  0.0000040656
  0.0000037499
  0.0000013746
 -0.0000005452
 -0.0000010617
 -0.0000050053
 -0.0000036337
  0.0000036876
 -0.0000006482
 -0.0000014105
 -0.0000006329
 -0.0000008219
  0.0000025007
 -0.0000009729
 -0.0000059280
 -0.0000010225
  0.0000062815
 -0.0000001851
 -0.0000029186
  0.0000049194
  0.0000010328
 -0.0000009153
 -0.0000000299
 -0.0000020632
  0.0000001927
 -0.0000004339
  0.0000004027
 -0.0000016316
  0.0000010635
 -0.0000036975
 -0.0000168293
  0.0000036150
  0.0000477576
 -0.0000112890
  0.0000107744
 -0.0000006255
  0.0000002119
  0.0000086023
  0.0000014705
 -0.0000031909
 -0.0000007177
  0.0000030270
  0.0000006418
  0.0000010116
  0.0000008355
 -0.0000001383
 -0.0000041288
  0.0000066125
  0.0000003305
  0.0000013701
 -0.0000069252
  0.0000002620
 -0.0000026267
  0.0000032590
 -0.0000021417
 -0.0000013423
 -0.0000027454
 -0.0000014507
 -0.0000000618
 -0.0000001410
  0.0000024246
  0.0000012359
 -0.0000002300
 -0.0000005957
 -0.0000007200
 -0.0000077501
 -0.0000021473
  0.0000024226
 -0.0000037156
 -0.0000014216
 -0.0000005323
  0.0000025337
  0.0000001361
 -0.0000051188
 -0.0000039955
  0.0000032473
  0.0000000874
 -0.0000018375
  0.0000016732
 -0.0000002846
 -0.0000019944
 -0.0000016032
 -0.0000015957
 -0.0000009515
 -0.0000093742
 -0.0000026252
 -0.0000028856
 -0.0000238168
 -0.0000049664
  0.0000083879
 -0.0000208513
  0.0000132952
 -0.0000028608
 -0.0000080742
 -0.0000005481
 -0.0000019703
 -0.0000095666
 -0.0000037362
  0.0000060601
 -0.0000012046
  0.0000004377
  0.0000009114
  0.0000026706
  0.0000075102
  0.0000046110
 -0.0000062695
  0.0000005948
  0.0000036356
  0.0000027993
  0.0000013279
  0.0000012339
  0.0000004998
 -0.0000013561
  0.0000022752
  0.0000036002
 -0.0000013179
  0.0000011660
 -0.0000022472
  0.0000002375
  0.0000000521
  0.0000000114
  0.0000019505
  0.0000011478
  0.0000017676
 -0.0000001702
 -0.0000078033
  0.0000024816
  0.0000042943
 -0.0000007591
 -0.0000029266
  0.0000042231
  0.0000008257
 -0.0000008846
  0.0000002488
 -0.0000046860
 -0.0000048852
 -0.0000048771
 -0.0000182779
 -0.0000096990
  0.0000101361
 -0.0000176802
  0.0000116321
 -0.0000011574
 -0.0000030693
  0.0000101255
 -0.0000114214
 -0.0000024041
 -0.0000060284
 -0.0000013533
 -0.0000008764
  0.0000060575
 -0.0000000041
 -0.0000012156
 -0.0000003630
  0.0000028892
  0.0000016209
  0.0000016477
 -0.0000054462
 -0.0000033691
  0.0000013599
  0.0000060112
 -0.0000014317
  0.0000028951
  0.0000015773
  0.0000024594
  0.0000002213
  0.0000026240
  0.0000040462
  0.0000007263
 -0.0000002982
 -0.0000012011
 -0.0000007915
 -0.0000021668
  0.0000010185
  0.0000000021
  0.0000012135
  0.0000013813
 -0.0000011299
  0.0000021361
 -0.0000045002
  0.0000022621
  0.0000046464
 -0.0000000378
 -0.0000031462
  0.0000042995
 -0.0000005115
  0.0000027943
 -0.0000007654
 -0.0000014274
 -0.0000002264
 -0.0000093282
 -0.0000039968
  0.0000008571
 -0.0000204289
 -0.0000033961
  0.0000200409
 -0.0000139316
  0.0000007054
 -0.0000094620
 -0.0000065997
 -0.0000031579
 -0.0000060348
 -0.0000134030
  0.0000000603
 -0.0000057837
 -0.0000039083
  0.0000022647
 -0.0000012131
  0.0000061824
  0.0000032778
 -0.0000028890
  0.0000007486
  0.0000013557
  0.0000011012
 -0.0000002766
  0.0000013583
 -0.0000015279
 -0.0000011797
  0.0000038291
 -0.0000004195
  0.0000001569
  0.0000049728
 -0.0000012625
 -0.0000030320
  0.0000000456
 -0.0000002104
  0.0000034037
 -0.0000001643
  0.0000016422
 -0.0000002741
 -0.0000067224
  0.0000024764
  0.0000034358
 -0.0000004176
 -0.0000015890
 -0.0000024875
  0.0000016432
 -0.0000008834
 -0.0000011788
 -0.0000093719
 -0.0000027963
 -0.0000008962
 -0.0000179008
 -0.0000025956
  0.0000201681
 -0.0000150237
  0.0000020670
 -0.0000078409
 -0.0000033245
  0.0000002431
 -0.0000053893
 -0.0000102325
 -0.0000017334
 -0.0000061043
  0.0000027419
  0.0000012892
 -0.0000001120
  0.0000002922
  0.0000030532
 -0.0000022193
  0.0000005937
 -0.0000039418
 -0.0000002804
 -0.0000023320
 -0.0000004010
  0.0000010863
  0.0000008934
  0.0000010013
 -0.0000016013
  0.0000015247
  0.0000046715
 -0.0000013450
  0.0000046115
 -0.0000030738
 -0.0000032074
  0.0000000091
 -0.0000003234
  0.0000034546
  0.0000009034
  0.0000042358
 -0.0000000296
 -0.0000067784
  0.0000027712
  0.0000034554
 -0.0000009583
 -0.0000010250
  0.0000037598
  0.0000011096
 -0.0000007316
  0.0000005694
 -0.0000014753
 -0.0000011917
 -0.0000041313
 -0.0000019398
 -0.0000039627
 -0.0000178035
  0.0000097569
  0.0000524001
 -0.0000142756
  0.0000038336
 -0.0000039894
 -0.0000027236
  0.0000048450
  0.0000100181
 -0.0000091898
 -0.0000052729
 -0.0000019278
 -0.0000000142
 -0.0000034788
 -0.0000040296
  0.0000004107
  0.0000012727
 -0.0000011000
  0.0000006552
 -0.0000062413
  0.0000029763
  0.0000019879
 -0.0000018389
 -0.0000016880
 -0.0000007524
 -0.0000012064
  0.0000035561
  0.0000022609
 -0.0000016670
 -0.0000085507
 -0.0000034897
  0.0000038652
 -0.0000006196
 -0.0000038464
 -0.0000020214
  0.0000018682
 -0.0000006727
 -0.0000063031
 -0.0000020851
  0.0000048500
 -0.0000038078
  0.0000032093
 -0.0000009142
 -0.0000006447
 -0.0000009549
 -0.0000018976
 -0.0000039300
 -0.0000069064
 -0.0000038658
 -0.0000173907
 -0.0000056206
  0.0000206095
 -0.0000187939
  0.0000005746
 -0.0000037163
 -0.0000024265
  0.0000083273
 -0.0000069455
 -0.0000065056
 -0.0000061982
 -0.0000029699
 -0.0000017188
  0.0000016094
  0.0000012712
  0.0000002218
 -0.0000007657
  0.0000033887
  0.0000013395
 -0.0000033389
  0.0000011268
  0.0000061679
  0.0000002422
 -0.0000023356
 -0.0000010959
 -0.0000017299
  0.0000020193
  0.0000002824
  0.0000015428
 -0.0000001026
  0.0000034266
  0.0000033718
  0.0000009303
 -0.0000006684
 -0.0000014936
 -0.0000027832
 -0.0000028290
  0.0000026388
 -0.0000005134
 -0.0000003536
  0.0000002722
  0.0000004259
 -0.0000016045
  0.0000019999
 -0.0000053236
  0.0000010676
  0.0000054827
 -0.0000036424
  0.0000042463
 -0.0000005413
  0.0000017717
 -0.0000012827
 -0.0000013673
 -0.0000007177
 -0.0000003706
 -0.0000081363
 -0.0000023635
 -0.0000033138
 -0.0000243726
 -0.0000063075
  0.0000082552
 -0.0000212453
  0.0000143026
 -0.0000052220
 -0.0000086997
 -0.0000005078
 -0.0000021858
 -0.0000091276
 -0.0000040418
  0.0000062173
  0.0000026392
 -0.0000038253
  0.0000000266
 -0.0000023324
  0.0000032054
  0.0000016886
  0.0000020453
  0.0000020808
  0.0000004597
 -0.0000008810
  0.0000003728
  0.0000003415
 -0.0000012870
 -0.0000017911
  0.0000025853
 -0.0000008272
  0.0000010261
 -0.0000034241
  0.0000005995
 -0.0000001831
  0.0000020860
  0.0000030280
 -0.0000004754
 -0.0000083126
  0.0000027504
  0.0000041134
 -0.0000003676
 -0.0000013744
 -0.0000031066
  0.0000005401
 -0.0000011405
  0.0000001902
 -0.0000001029
 -0.0000004385
 -0.0000061182
 -0.0000035437
 -0.0000027621
 -0.0000128468
 -0.0000167297
  0.0000063862
 -0.0000216051
 -0.0000164470
  0.0000058521
 -0.0000036910
 -0.0000081573
 -0.0000217382
  0.0000020247
 -0.0000038737
 -0.0000138852
 -0.0000017934
  0.0000003318
 -0.0000027378
  0.0000042230
 -0.0000035674
 -0.0000005616
 -0.0000053007
  0.0000090169
  0.0000019396
  0.0000034549
 -0.0000005982
  0.0000000858
  0.0000015183
  0.0000059230
 -0.0000004628
  0.0000008372
  0.0000072479
  0.0000002061
  0.0000100408
  0.0000000279
  0.0000005687
  0.0000047666
 -0.0000001048
  0.0000037842
 -0.0000000990
 -0.0000053833
  0.0000008481
  0.0000033444
  0.0000002893
  0.0000001693
 -0.0000022197
  0.0000036846
 -0.0000006043
 -0.0000006227
  0.0000003732
 -0.0000002562
 -0.0000002396
 -0.0000076102
 -0.0000072713
 -0.0000022955
 -0.0000190776
 -0.0000055621
  0.0000147111
 -0.0000185221
 -0.0000057720
 -0.0000041376
 -0.0000039621
 -0.0000067617
 -0.0000094618
 -0.0000061185
 -0.0000045669
 -0.0000057820
  0.0000043052
 -0.0000009912
  0.0000015227
 -0.0000028000
  0.0000019179
 -0.0000013354
 -0.0000020860
  0.0000018662
 -0.0000002845
 -0.0000004677
 -0.0000012661
  0.0000004653
  0.0000066693
 -0.0000034639
  0.0000000600
 -0.0000003530
  0.0000046368
 -0.0000003358
  0.0000004214
 -0.0000054769
  0.0000033115
 -0.0000002049
 -0.0000003750
 -0.0000019963
  0.0000015121
  0.0000000322
 -0.0000024541
  0.0000004286
 -0.0000001620
  0.0000009286
 -0.0000021544
  0.0000018963
  0.0000009677
 -0.0000143798
  0.0000075280
  0.0000335653
 -0.0000091026
  0.0000101999
 -0.0000034778
 -0.0000031387
  0.0000079973
  0.0000075198
 -0.0000052310
  0.0000010982
  0.0000031724
  0.0000002924
  0.0000024574
 -0.0000014125
 -0.0000010059
  0.0000003686
 -0.0000018480
  0.0000020325
  0.0000000916
  0.0000008513
  0.0000029297
  0.0000031129
  0.0000026891
 -0.0000015387
 -0.0000036507
 -0.0000018868
 -0.0000001071
 -0.0000001952
  0.0000005586
  0.0000027543
 -0.0000002473
 -0.0000005560
 -0.0000071106
  0.0000000200
  0.0000009933
 -0.0000033884
 -0.0000013375
 -0.0000003005
  0.0000010088
 -0.0000042706
 -0.0000055668
  0.0000013308
 -0.0000000946
 -0.0000023416
  0.0000023821
 -0.0000004618
 -0.0000024357
 -0.0000004865
 -0.0000014159
 -0.0000014410
 -0.0000044879
 -0.0000075374
 -0.0000055904
 -0.0000181072
  0.0000015955
  0.0000412653
 -0.0000169136
 -0.0000021950
 -0.0000047743
 -0.0000033259
  0.0000037749
  0.0000003622
 -0.0000078442
 -0.0000077867
 -0.0000061767
 -0.0000001471
  0.0000060948
 -0.0000031747
  0.0000011952
 -0.0000009169
  0.0000027959
  0.0000025781
  0.0000018767
  0.0000008496
  0.0000010417
 -0.0000008813
 -0.0000000490
 -0.0000000059
 -0.0000019272
  0.0000019440
 -0.0000068706
 -0.0000030537
  0.0000034858
 -0.0000003716
 -0.0000026947
  0.0000010651
 -0.0000063906
 -0.0000006690
  0.0000047022
 -0.0000012235
 -0.0000043082
  0.0000031473
  0.0000005979
 -0.0000016538
 -0.0000008486
 -0.0000013698
  0.0000000286
 -0.0000067043
 -0.0000067433
 -0.0000067910
 -0.0000180130
 -0.0000098782
  0.0000039183
 -0.0000228613
 -0.0000059630
 -0.0000011840
 -0.0000044814
  0.0000019497
 -0.0000158391
 -0.0000034022
 -0.0000082345
 -0.0000084203
  0.0000001214
 -0.0000010413
  0.0000029915
  0.0000013135
 -0.0000030895
  0.0000037451
  0.0000003433
  0.0000022116
 -0.0000004694
 -0.0000002813
  0.0000052463
  0.0000002449
  0.0000007621
  0.0000074051
 -0.0000025394
 -0.0000000086
 -0.0000000442
  0.0000056722
  0.0000000870
  0.0000000917
 -0.0000049132
  0.0000036079
  0.0000028750
  0.0000004775
  0.0000002152
 -0.0000019183
  0.0000021386
  0.0000004158
 -0.0000072282
 -0.0000055317
  0.0000024482
 -0.0000204535
 -0.0000055497
  0.0000062250
 -0.0000146195
 -0.0000059957
 -0.0000094650
 -0.0000053978
 -0.0000050445
 -0.0000098910
 -0.0000119853
 -0.0000003794
 -0.0000053404
 -0.0000006443
  0.0000059632
  0.0000018800
  0.0000029193
  0.0000052947
  0.0000013685
 -0.0000056773
  0.0000004108
  0.0000024626
  0.0000051494
  0.0000011282
  0.0000022164
  0.0000010461
  0.0000017235
 -0.0000000466
  0.0000020294
  0.0000068831
 -0.0000004741
  0.0000064496
 -0.0000023072
  0.0000000856
 -0.0000023070
  0.0000001609
 -0.0000001011
  0.0000037097
  0.0000016930
  0.0000038481
  0.0000006366
 -0.0000058812
  0.0000027642
  0.0000035558
  0.0000001588
 -0.0000002662
  0.0000039955
  0.0000019576
  0.0000001329
  0.0000010472
  0.0000007877
 -0.0000017127
 -0.0000002978
 -0.0000008597
  0.0000011731
 -0.0000013326
 -0.0000148060
  0.0000046238
  0.0000424908
 -0.0000100206
  0.0000101312
 -0.0000020584
  0.0000004885
  0.0000080402
  0.0000028322
 -0.0000039723
 -0.0000011682
  0.0000024736
  0.0000000436
  0.0000035072
  0.0000004564
 -0.0000008759
  0.0000040782
  0.0000011976
 -0.0000021654
  0.0000012596
  0.0000042305
  0.0000012997
  0.0000017600
  0.0000017826
  0.0000015129
 -0.0000022446
 -0.0000031007
 -0.0000014754
 -0.0000004178
  0.0000009939
  0.0000029648
 -0.0000008699
 -0.0000064013
 -0.0000022865
  0.0000016376
  0.0000000923
 -0.0000028397
 -0.0000005591
  0.0000005639
 -0.0000049062
 -0.0000048150
  0.0000018097
 -0.0000002656
 -0.0000017180
  0.0000021508
 -0.0000010186
 -0.0000021220
 -0.0000017297
  0.0000002036
 -0.0000005523
 -0.0000143721
 -0.0000103123
 -0.0000053531
 -0.0000179693
 -0.0000234888
 -0.0000149138
 -0.0000236379
 -0.0000297700
  0.0000094388
 -0.0000104959
 -0.0000120463
 -0.0000358253
  0.0000067928
 -0.0000097831
 -0.0000228378
 -0.0000036708
  0.0000058065
  0.0000024058
  0.0000145768
  0.0000002043
 -0.0000091062
 -0.0000038960
  0.0000037375
  0.0000020308
  0.0000039339
  0.0000030556
 -0.0000001329
  0.0000006765
  0.0000049226
 -0.0000030121
  0.0000005338
  0.0000013014
  0.0000135915
  0.0000004969
  0.0000095253
  0.0000013184
  0.0000005091
  0.0000017351
  0.0000088472
  0.0000004102
  0.0000080169
  0.0000010240
 -0.0000036197
  0.0000025792
  0.0000090846
  0.0000008128
  0.0000021957
 -0.0000038027
 -0.0000017107
  0.0000051734
  0.0000002590
  0.0000001848
 -0.0000036061
 -0.0000021277
 -0.0000045253
 -0.0000155441
  0.0000075757
  0.0000499609
 -0.0000139443
  0.0000126346
 -0.0000052653
 -0.0000054260
  0.0000082900
  0.0000069013
 -0.0000073939
 -0.0000051814
 -0.0000006532
  0.0000009641
 -0.0000011022
  0.0000006629
  0.0000004542
 -0.0000000831
  0.0000064579
  0.0000066668
  0.0000011122
 -0.0000015426
 -0.0000039166
  0.0000013573
 -0.0000006679
  0.0000015287
 -0.0000029862
 -0.0000014481
 -0.0000030437
 -0.0000017639
 -0.0000008768
  0.0000027990
  0.0000020422
  0.0000004754
 -0.0000011029
 -0.0000014843
 -0.0000094600
 -0.0000040612
  0.0000032017
 -0.0000048591
 -0.0000019732
 -0.0000012762
  0.0000032579
 -0.0000066734
 -0.0000039303
  0.0000042581
 -0.0000005746
 -0.0000032339
  0.0000023307
 -0.0000014114
 -0.0000020775
 -0.0000027862
 -0.0000016078
 -0.0000072044
  0.0000016127
 -0.0000041862
 -0.0000241670
 -0.0000006605
  0.0000138956
 -0.0000204930
  0.0000080331
 -0.0000045669
 -0.0000081744
 -0.0000076283
 -0.0000002167
 -0.0000090524
 -0.0000051028
  0.0000077088
 -0.0000004121
  0.0000001632
  0.0000003705
  0.0000025983
 -0.0000032231
 -0.0000033203
  0.0000004279
 -0.0000010014
  0.0000020649
  0.0000009725
  0.0000013572
  0.0000011583
  0.0000004307
 -0.0000011373
  0.0000023130
  0.0000039014
  0.0000027058
 -0.0000028452
 -0.0000013486
 -0.0000001564
  0.0000000608
  0.0000027279
  0.0000010560
 -0.0000018837
  0.0000036106
 -0.0000004441
 -0.0000079384
  0.0000029154
  0.0000046284
 -0.0000040119
  0.0000040748
  0.0000007391
 -0.0000003194
  0.0000001256
 -0.0000000164
 -0.0000014745
 -0.0000063297
 -0.0000033774
 -0.0000026975
 -0.0000161184
 -0.0000159136
  0.0000067520
 -0.0000213640
 -0.0000154810
  0.0000035422
 -0.0000029998
 -0.0000097590
 -0.0000209304
 -0.0000002931
 -0.0000037710
 -0.0000122678
  0.0000004005
  0.0000057281
  0.0000041565
  0.0000013178
  0.0000119749
  0.0000032059
 -0.0000019074
 -0.0000024338
  0.0000030163
  0.0000019640
  0.0000036931
 -0.0000002384
 -0.0000000033
  0.0000016947
  0.0000057479
  0.0000002670
  0.0000013640
  0.0000059695
 -0.0000002438
  0.0000098207
  0.0000000825
 -0.0000001077
  0.0000005794
  0.0000050038
  0.0000016351
  0.0000053494
 -0.0000000005
 -0.0000040289
  0.0000022219
  0.0000028038
  0.0000006648
  0.0000009507
  0.0000016204
 -0.0000009717
  0.0000038438
 -0.0000006697
 -0.0000011144
 -0.0000001333
  0.0000000554
 -0.0000054647
 -0.0000165798
  0.0000041717
  0.0000492535
 -0.0000117664
  0.0000151792
 -0.0000018135
 -0.0000046044
  0.0000083964
  0.0000025382
 -0.0000063948
 -0.0000058522
  0.0000012677
  0.0000001057
 -0.0000019586
  0.0000042040
  0.0000003315
  0.0000013410
 -0.0000008185
  0.0000009866
 -0.0000011261
  0.0000022525
  0.0000005225
  0.0000028563
  0.0000059452
 -0.0000025131
 -0.0000024576
 -0.0000011308
 -0.0000002453
  0.0000029667
  0.0000021900
 -0.0000009423
 -0.0000078981
 -0.0000033106
  0.0000027881
 -0.0000000415
 -0.0000037023
 -0.0000013816
 -0.0000007376
  0.0000009994
 -0.0000058591
 -0.0000035817
  0.0000033562
 -0.0000003124
 -0.0000025833
  0.0000030547
 -0.0000010889
 -0.0000016875
 -0.0000007419
 -0.0000021241
 -0.0000016661
 -0.0000005258
 -0.0000050593
 -0.0000071055
 -0.0000041659
 -0.0000185537
 -0.0000066720
  0.0000204587
 -0.0000195594
  0.0000002835
 -0.0000028436
 -0.0000034832
  0.0000082765
 -0.0000079155
 -0.0000049123
 -0.0000065717
 -0.0000029143
  0.0000015871
 -0.0000030976
  0.0000007159
  0.0000002297
  0.0000039085
  0.0000066994
 -0.0000004254
 -0.0000048881
  0.0000008930
  0.0000016831
  0.0000011172
 -0.0000011133
  0.0000007842
  0.0000012065
 -0.0000013046
  0.0000033264
  0.0000030928
 -0.0000018192
 -0.0000033115
 -0.0000028057
  0.0000026499
 -0.0000006956
 -0.0000001783
  0.0000006231
 -0.0000021640
  0.0000029833
 -0.0000007297
 -0.0000055556
  0.0000008649
  0.0000052151
 -0.0000038940
  0.0000030397
  0.0000016483
 -0.0000011094
 -0.0000009195
 -0.0000003182
  0.0000016754
 -0.0000018528
 -0.0000146350
  0.0000047666
  0.0000417342
 -0.0000099416
  0.0000099855
 -0.0000043484
 -0.0000041194
  0.0000079604
  0.0000033230
 -0.0000063392
  0.0000003946
  0.0000031189
  0.0000008885
 -0.0000026389
  0.0000001483
  0.0000000478
  0.0000013832
  0.0000023449
  0.0000072269
  0.0000004443
  0.0000038435
 -0.0000033313
  0.0000008883
  0.0000001549
  0.0000044591
 -0.0000021482
 -0.0000012983
 -0.0000036732
 -0.0000017326
 -0.0000004455
 -0.0000002916
  0.0000016385
  0.0000021912
 -0.0000000221
 -0.0000008177
 -0.0000009326
 -0.0000066451
 -0.0000015361
  0.0000016051
 -0.0000031087
 -0.0000015023
 -0.0000006953
  0.0000002306
 -0.0000002941
 -0.0000051821
 -0.0000055695
  0.0000018325
 -0.0000002110
 -0.0000025991
  0.0000024682
 -0.0000005972
 -0.0000024008
 -0.0000016348
 -0.0000054945
 -0.0000020012
 -0.0000040314
 -0.0000156050
  0.0000094131
  0.0000519750
 -0.0000142531
  0.0000044701
 -0.0000047128
 -0.0000039503
  0.0000067113
  0.0000095156
 -0.0000072479
 -0.0000046686
 -0.0000005292
  0.0000001462
  0.0000021002
  0.0000018134
  0.0000005887
 -0.0000007174
  0.0000036916
  0.0000015930
 -0.0000016355
  0.0000017118
  0.0000044145
  0.0000010725
 -0.0000007765
 -0.0000009095
 -0.0000027899
 -0.0000005552
 -0.0000027032
 -0.0000011997
 -0.0000005446
 -0.0000006717
  0.0000037666
  0.0000037760
  0.0000018224
 -0.0000008626
 -0.0000013526
 -0.0000085914
 -0.0000040298
  0.0000035179
 -0.0000040037
 -0.0000016023
 -0.0000010962
  0.0000032286
 -0.0000004494
 -0.0000065421
 -0.0000030283
  0.0000052980
 -0.0000003857
 -0.0000031624
  0.0000039538
 -0.0000012628
 -0.0000014626
 -0.0000027208
 -0.0000003212
  0.0000002778
 -0.0000066032
 -0.0000041652
 -0.0000033808
 -0.0000131007
 -0.0000171835
  0.0000049484
 -0.0000221358
 -0.0000143289
  0.0000057995
 -0.0000041293
 -0.0000115198
 -0.0000214871
  0.0000020682
 -0.0000044793
 -0.0000136552
  0.0000055928
  0.0000018948
  0.0000038948
  0.0000036190
 -0.0000032627
  0.0000059146
 -0.0000009889
  0.0000009647
  0.0000024571
  0.0000002994
  0.0000002148
  0.0000072609
  0.0000005509
  0.0000015545
  0.0000072716
 -0.0000006018
  0.0000087425
  0.0000002523
 -0.0000002609
  0.0000047354
  0.0000009941
  0.0000008753
  0.0000003388
 -0.0000050141
  0.0000003161
  0.0000034045
  0.0000007819
 -0.0000008384
  0.0000035723
  0.0000008073
 -0.0000012548
 -0.0000004714
 -0.0000072460
 -0.0000070492
 -0.0000080847
 -0.0000174655
 -0.0000172685
 -0.0000131407
 -0.0000248342
 -0.0000058634
  0.0000013515
 -0.0000038520
 -0.0000102267
 -0.0000301687
  0.0000006088
 -0.0000094024
 -0.0000120611
  0.0000003741
  0.0000009368
  0.0000052549
 -0.0000031758
 -0.0000064283
  0.0000034421
  0.0000102558
  0.0000002693
  0.0000019653
 -0.0000010029
 -0.0000017706
  0.0000024372
  0.0000087251
 -0.0000006454
 -0.0000004378
  0.0000083870
 -0.0000009548
 -0.0000001400
 -0.0000000864
 -0.0000003645
 -0.0000001818
  0.0000064659
 -0.0000006169
  0.0000036566
 -0.0000006475
 -0.0000047432
  0.0000042868
  0.0000031502
 -0.0000001402
 -0.0000004237
  0.0000044338
 -0.0000027492
  0.0000019546
 -0.0000014144
 -0.0000036639
 -0.0000078158
  0.0000006747
 -0.0000029506
 -0.0000181992
 -0.0000017826
  0.0000203868
 -0.0000158903
  0.0000029174
 -0.0000060624
 -0.0000033260
 -0.0000001587
 -0.0000046568
 -0.0000089693
 -0.0000037920
 -0.0000051647
 -0.0000025127
  0.0000031604
  0.0000011419
  0.0000014678
 -0.0000018663
  0.0000044270
  0.0000004741
 -0.0000091777
 -0.0000002508
  0.0000023724
  0.0000041590
  0.0000012352
  0.0000014749
  0.0000006998
  0.0000008251
  0.0000000378
  0.0000018297
  0.0000058054
  0.0000002654
  0.0000044919
 -0.0000024403
 -0.0000000216
 -0.0000029952
  0.0000001594
  0.0000000212
  0.0000034957
  0.0000010922
 -0.0000019005
  0.0000050139
  0.0000003276
 -0.0000077880
  0.0000035657
  0.0000037868
 -0.0000030916
  0.0000041888
  0.0000009604
 -0.0000001515
 -0.0000000696
 -0.0000007183
 -0.0000006641
 -0.0000013777
 -0.0000006733
 -0.0000006672
  0.0000019832
  0.0000009454
 -0.0000133087
  0.0000060530
  0.0000397369
 -0.0000091542
  0.0000098781
 -0.0000027408
 -0.0000027684
  0.0000083340
  0.0000066848
 -0.0000047721
  0.0000015498
  0.0000032113
 -0.0000018782
  0.0000023377
  0.0000001604
 -0.0000007834
 -0.0000012717
 -0.0000024210
  0.0000044408
  0.0000014640
 -0.0000005782
 -0.0000044135
 -0.0000021930
 -0.0000009156
  0.0000000005
 -0.0000021138
 -0.0000031329
 -0.0000037334
 -0.0000029505
 -0.0000011103
 -0.0000014422
  0.0000017145
  0.0000006677
 -0.0000007992
 -0.0000008682
 -0.0000008767
 -0.0000079312
  0.0000004864
  0.0000000879
  0.0000005200
 -0.0000005797
 -0.0000006151
 -0.0000013220
 -0.0000043197
 -0.0000024815
 -0.0000006463
  0.0000022402
 -0.0000005603
 -0.0000045826
 -0.0000061336
  0.0000012262
 -0.0000007429
 -0.0000021206
  0.0000011409
 -0.0000028101
 -0.0000003853
 -0.0000031456
 -0.0000002403
 -0.0000002003
 -0.0000066310
 -0.0000050485
 -0.0000071462
 -0.0000174953
 -0.0000119321
 -0.0000050761
 -0.0000236067
 -0.0000038195
 -0.0000006686
 -0.0000032595
 -0.0000025434
 -0.0000244678
 -0.0000027427
 -0.0000085455
 -0.0000124915
  0.0000054777
 -0.0000014006
  0.0000054686
 -0.0000089313
  0.0000010327
 -0.0000007684
  0.0000000766
  0.0000002032
  0.0000019086
 -0.0000009925
 -0.0000005139
  0.0000071287
 -0.0000000190
  0.0000007271
  0.0000078805
 -0.0000016633
  0.0000005213
 -0.0000002144
  0.0000059806
  0.0000001333
  0.0000049659
  0.0000001348
 -0.0000049999
  0.0000040545
  0.0000031901
 -0.0000000242
  0.0000003073
 -0.0000018738
  0.0000018905
 -0.0000005528
 -0.0000000161
 -0.0000011515
  0.0000001444
  0.0000016809
  0.0000026212
  0.0000034693
 -0.0000106748
  0.0000079187
  0.0000239040
 -0.0000078338
  0.0000081255
 -0.0000040036
 -0.0000026072
  0.0000058749
  0.0000087199
 -0.0000040874
  0.0000042649
  0.0000033012
  0.0000017462
 -0.0000000022
 -0.0000015456
 -0.0000031239
  0.0000064233
  0.0000006555
  0.0000002453
 -0.0000071122
 -0.0000002267
 -0.0000008214
  0.0000019816
 -0.0000012626
 -0.0000011476
 -0.0000036666
 -0.0000020622
 -0.0000004890
 -0.0000001709
  0.0000008323
  0.0000024939
 -0.0000005722
 -0.0000001031
  0.0000005382
 -0.0000072465
 -0.0000003296
 -0.0000006677
  0.0000007920
  0.0000002963
 -0.0000006291
 -0.0000003805
 -0.0000034928
 -0.0000012133
 -0.0000002101
  0.0000010947
 -0.0000004731
 -0.0000036570
 -0.0000068464
  0.0000014343
 -0.0000006635
 -0.0000004505
  0.0000018665
 -0.0000016691
 -0.0000006385
 -0.0000019795
 -0.0000001032
 -0.0000013702
 -0.0000097705
 -0.0000037383
  0.0000000627
 -0.0000191907
 -0.0000033886
  0.0000197214
 -0.0000144775
  0.0000006940
 -0.0000088540
 -0.0000058503
 -0.0000022961
 -0.0000060537
 -0.0000119814
 -0.0000007593
 -0.0000059980
  0.0000038105
  0.0000004487
  0.0000053422
  0.0000025762
 -0.0000072995
  0.0000017162
 -0.0000001758
  0.0000029167
 -0.0000020904
 -0.0000012391
  0.0000003580
  0.0000010814
 -0.0000009887
 -0.0000008859
  0.0000014119
  0.0000042117
 -0.0000003861
  0.0000047057
 -0.0000026158
 -0.0000033065
  0.0000000061
 -0.0000000741
  0.0000032869
  0.0000008247
  0.0000028136
 -0.0000004144
 -0.0000063968
  0.0000025042
  0.0000032948
 -0.0000000697
 -0.0000015117
  0.0000038221
 -0.0000017446
  0.0000012949
 -0.0000011637
 -0.0000062517
 -0.0000061868
 -0.0000059383
 -0.0000200218
 -0.0000083571
  0.0000169220
 -0.0000191523
  0.0000033605
  0.0000003025
 -0.0000046947
  0.0000087546
 -0.0000101190
 -0.0000027926
 -0.0000071568
 -0.0000030998
 -0.0000002950
 -0.0000041420
  0.0000013137
 -0.0000012844
  0.0000005783
  0.0000031378
 -0.0000004817
  0.0000014855
  0.0000049374
  0.0000000935
  0.0000014853
  0.0000009817
 -0.0000005275
  0.0000029834
  0.0000026341
 -0.0000031531
 -0.0000024359
  0.0000022738
 -0.0000002588
 -0.0000002361
  0.0000033436
 -0.0000002491
 -0.0000061233
  0.0000011077
  0.0000047525
 -0.0000007568
 -0.0000036946
  0.0000022786
  0.0000016778
 -0.0000008978
  0.0000000590
 -0.0000081157
  0.0000036874
 -0.0000039064
 -0.0000196778
 -0.0000012845
  0.0000099271
 -0.0000197693
  0.0000071015
 -0.0000077113
 -0.0000038430
 -0.0000081373
 -0.0000008392
 -0.0000102125
 -0.0000050026
  0.0000028398
  0.0000055909
 -0.0000004155
  0.0000014990
 -0.0000019132
  0.0000024099
 -0.0000005460
 -0.0000016291
  0.0000010054
 -0.0000000511
 -0.0000011204
 -0.0000006356
  0.0000023048
  0.0000026333
 -0.0000015128
 -0.0000002094
 -0.0000004218
 -0.0000008707
  0.0000025861
 -0.0000005187
  0.0000015416
 -0.0000003065
 -0.0000069924
  0.0000025411
 -0.0000001499
 -0.0000020946
 -0.0000021633
  0.0000009528
 -0.0000001448
 -0.0000216483
  0.0000341784
  0.0000344175
 -0.0000502644
  0.0000076488
 -0.0000084578
  0.0000078771
 -0.0001046348
 -0.0000237762
  0.0000108618
 -0.0000090091
  0.0000745173
 -0.0000646347
  0.0001419809
 -0.0000584204
 -0.0000087834
  0.0000031117
 -0.0000043571
  0.0000033798
 -0.0000043063
  0.0000024757
  0.0000011212
 -0.0000094622
  0.0000062990
 -0.0000074833
  0.0000017300
  0.0000014861
 -0.0000082871
  0.0000013239
 -0.0000009097
 -0.0000254867
  0.0000008990
  0.0000010402
 -0.0000002140
 -0.0000082826
 -0.0000010247
  0.0000016940
 -0.0000249381
  0.0000004733
  0.0000081519
  0.0000159522
 -0.0000105573
  0.0000013203
  0.0000035066
 -0.0000143560
 -0.0000050197
  0.0000021942
 -0.0000023963
  0.0000000067
  0.0000004231
  0.0000059328
 -0.0000322235
 -0.0000255974
 -0.0000146357
 -0.0000284203
 -0.0000722001
 -0.0000170064
 -0.0000552404
 -0.0000618390
 -0.0000516871
 -0.0000065525
 -0.0000148097
  0.0000418647
 -0.0000529886
 -0.0000013345
  0.0000016839
 -0.0000039484
  0.0000059365
 -0.0000014015
  0.0000053822
  0.0000040993
 -0.0000099886
 -0.0000136094
 -0.0000038941
  0.0000033825
  0.0000039821
  0.0000074526
  0.0000035202
  0.0000025021
 -0.0000166522
  0.0000030628
  0.0000029012
  0.0000023306
 -0.0000057236
  0.0000023997
  0.0000012562
 -0.0000081128
  0.0000000807
  0.0000116361
  0.0000227165
 -0.0000096207
 -0.0000014745
  0.0000032793
 -0.0000089735
 -0.0000071503
  0.0000045191
  0.0000041640
  0.0000018630
  0.0000031286
  0.0000051327
 -0.0000576025
  0.0000758623
 -0.0000174763
 -0.0000117729
 -0.0000255076
 -0.0000521616
 -0.0000120381
  0.0000238934
 -0.0000436585
 -0.0000459511
 -0.0000043643
 -0.0000048149
 -0.0000393925
  0.0000022603
  0.0000061452
 -0.0000053842
  0.0000049604
 -0.0000046033
  0.0000041603
  0.0000059217
 -0.0000080479
 -0.0000077892
  0.0000034097
  0.0000035665
  0.0000043956
  0.0000001709
  0.0000035760
  0.0000022272
 -0.0000110827
  0.0000058832
  0.0000035725
 -0.0000014085
 -0.0000019030
 -0.0000032930
  0.0000047120
 -0.0000082286
  0.0000046418
  0.0000077938
  0.0000177222
 -0.0000100381
  0.0000043118
  0.0000070200
 -0.0000023690
 -0.0000059336
  0.0000037310
 -0.0000008864
  0.0000014983
  0.0000024914
 -0.0000726913
  0.0000187492
 -0.0000369307
 -0.0000327661
 -0.0000036491
 -0.0000787115
 -0.0000268014
  0.0000046801
 -0.0000167275
 -0.0000108533
 -0.0000069335
  0.0000139663
 -0.0000347986
 -0.0000171870
  0.0000324283
 -0.0000076798
 -0.0000182519
 -0.0000111115
 -0.0000185456
 -0.0000072645
 -0.0000073115
 -0.0000203175
 -0.0000226520
 -0.0000198680
 -0.0000108269
 -0.0000108955
 -0.0000198234
 -0.0000110868
 -0.0000127099
 -0.0000276738
 -0.0000071740
 -0.0000106235
 -0.0000143296
 -0.0000207419
 -0.0000127275
 -0.0000096827
 -0.0001060025
 -0.0000105844
 -0.0000071695
  0.0000006034
 -0.0000213213
 -0.0000096095
 -0.0000073710
 -0.0000258986
 -0.0000187609
 -0.0000061671
 -0.0000148926
 -0.0000081474
 -0.0000125206
 -0.0000611846
 -0.0000386324
 -0.0000381694
 -0.0000008748
 -0.0000258688
 -0.0000597507
 -0.0000502876
  0.0000097554
 -0.0000218455
 -0.0000057453
 -0.0000229771
 -0.0000279063
 -0.0000099518
 -0.0000287698
 -0.0000117896
  0.0000114153
  0.0000101790
  0.0000115681
  0.0000089026
  0.0000179079
  0.0000075535
 -0.0000070314
 -0.0000296962
 -0.0000033935
  0.0000085773
  0.0000120736
 -0.0000028986
  0.0000100222
  0.0000084939
 -0.0000296326
  0.0000065058
  0.0000102916
  0.0000059382
  0.0000007705
  0.0000054301
  0.0000131120
 -0.0000329419
  0.0000116117
  0.0000172463
  0.0000292539
 -0.0000078911
  0.0000135609
  0.0000146329
 -0.0000231158
  0.0000057436
  0.0000141824
  0.0000082789
  0.0000107887
  0.0000095297
 -0.0000606090
 -0.0000552556
 -0.0000792550
 -0.0000353660
 -0.0000350432
 -0.0000925276
 -0.0000251169
 -0.0000119349
 -0.0000391988
 -0.0000185884
  0.0000028496
 -0.0000057213
 -0.0000498266
 -0.0001069124
 -0.0000599340
 -0.0000010199
  0.0000516201
  0.0000214414
  0.0000489145
 -0.0000035982
 -0.0000026318
  0.0000176079
 -0.0000133345
  0.0000192441
  0.0000162238
  0.0000097592
  0.0000678144
  0.0000111548
  0.0000262343
  0.0000005200
 -0.0000037986
  0.0000081182
  0.0000410366
  0.0000568267
  0.0000444695
  0.0000053455
 -0.0000489734
  0.0000021738
  0.0000250191
  0.0000439774
  0.0000147044
  0.0000047912
  0.0000022403
 -0.0000091713
  0.0000507034
 -0.0000053777
  0.0000444679
 -0.0000053774
  0.0000254619
 -0.0000186779
  0.0000027428
 -0.0000044391
 -0.0000453462
 -0.0000403322
 -0.0000504087
 -0.0000145028
 -0.0000071310
 -0.0000199710
 -0.0000250847
 -0.0000155637
 -0.0000275791
 -0.0000488601
 -0.0000811607
 -0.0000318995
 -0.0000071374
 -0.0000145074
 -0.0000048176
 -0.0000134461
 -0.0000048778
 -0.0000056015
 -0.0000242425
 -0.0000178000
 -0.0000140505
 -0.0000061642
 -0.0000052068
 -0.0000143520
 -0.0000059663
 -0.0000079709
 -0.0000341379
 -0.0000067455
 -0.0000049045
 -0.0000092485
 -0.0000187235
 -0.0000095781
 -0.0000048177
 -0.0000310145
 -0.0000057365
  0.0000005593
  0.0000104011
 -0.0000265772
 -0.0000088475
 -0.0000043278
 -0.0000181491
 -0.0000167069
 -0.0000044553
 -0.0000079859
 -0.0000077311
 -0.0000072656
 -0.0000281897
 -0.0000447922
 -0.0000624443
 -0.0000222685
 -0.0000150618
 -0.0000512401
  0.0000020747
  0.0000117689
 -0.0000158667
 -0.0000103712
 -0.0000142543
  0.0000148584
 -0.0000450970
 -0.0000409208
 -0.0000483877
  0.0000131190
  0.0000067324
  0.0000118275
  0.0000175285
  0.0000069149
  0.0000124577
 -0.0000034338
 -0.0000252262
  0.0000023615
  0.0000090614
  0.0000107204
  0.0000094200
  0.0000104333
  0.0000096812
 -0.0000081501
  0.0000109647
  0.0000099351
  0.0000107952
  0.0000026736
  0.0000118357
  0.0000132117
 -0.0000364045
  0.0000120350
  0.0000176673
  0.0000307156
 -0.0000028308
  0.0000115683
  0.0000170854
 -0.0000240511
 -0.0000017674
  0.0000064121
  0.0000138996
  0.0000057313
  0.0000097581
  0.0000298913
  0.0000574701
 -0.0000193059
  0.0000305532
  0.0000204195
 -0.0000708211
  0.0000102317
 -0.0000233374
 -0.0000313440
  0.0000073637
  0.0000352464
  0.0000007041
  0.0000031832
 -0.0000185244
  0.0000268646
 -0.0000025458
 -0.0000046140
 -0.0000007754
  0.0000013173
 -0.0000059196
 -0.0000065962
  0.0000040873
  0.0000134486
 -0.0000054371
 -0.0000038191
 -0.0000035811
  0.0000029922
 -0.0000023940
 -0.0000024157
 -0.0000004771
 -0.0000062919
 -0.0000045146
 -0.0000003753
 -0.0000118522
 -0.0000027011
 -0.0000042657
 -0.0000284495
 -0.0000037132
  0.0000060946
  0.0000113516
  0.0000015790
 -0.0000048528
 -0.0000012936
  0.0000083136
 -0.0000043686
 -0.0000038255
 -0.0000029052
 -0.0000056539
 -0.0000025881
 -0.0000024114
 -0.0000341457
 -0.0000085945
 -0.0000401590
  0.0000053391
 -0.0000583085
  0.0000092617
 -0.0000595719
 -0.0000674593
 -0.0000163614
 -0.0000105585
 -0.0000252481
 -0.0000071364
 -0.0000517966
 -0.0000048867
  0.0000009633
 -0.0000035789
  0.0000039668
 -0.0000038852
  0.0000018794
  0.0000002652
 -0.0000062980
  0.0000077750
 -0.0000049727
 -0.0000024643
 -0.0000030244
 -0.0000052074
 -0.0000005636
 -0.0000013123
 -0.0000245371
  0.0000011607
 -0.0000026197
  0.0000012055
 -0.0000049022
 -0.0000024947
 -0.0000022553
 -0.0000126522
 -0.0000017346
  0.0000057623
  0.0000152193
 -0.0000075137
 -0.0000004017
  0.0000015617
 -0.0000134856
 -0.0000039569
  0.0000015173
 -0.0000005653
 -0.0000001739
 -0.0000026141
 -0.0000501533
  0.0000215047
 -0.0000056912
 -0.0000166474
 -0.0000124950
  0.0000217182
 -0.0000457145
  0.0000377011
 -0.0000200041
 -0.0000117117
 -0.0000116461
  0.0000305217
 -0.0000470073
 -0.0000829341
  0.0000138481
  0.0000047281
  0.0000029646
  0.0000112522
  0.0000075101
  0.0000035453
  0.0000035610
 -0.0000089996
 -0.0000201575
 -0.0000038939
  0.0000061114
  0.0000041935
  0.0000061873
  0.0000071580
  0.0000071160
 -0.0000206255
  0.0000034096
  0.0000054966
  0.0000086605
  0.0000108028
  0.0000099634
  0.0000051526
 -0.0000434603
  0.0000046444
  0.0000176275
  0.0000306354
 -0.0000083529
  0.0000036513
  0.0000077155
 -0.0000131263
  0.0000022770
  0.0000078223
  0.0000117674
  0.0000059991
  0.0000076251
 -0.0000609271
  0.0001021140
 -0.0000123958
  0.0000208474
 -0.0000325735
 -0.0000180480
  0.0000223138
 -0.0000540395
 -0.0001923980
 -0.0000760114
 -0.0000233716
 -0.0000231876
 -0.0000556272
 -0.0000887074
  0.0000883733
  0.0000122065
  0.0000103461
  0.0000114691
  0.0000079970
  0.0000090505
  0.0000131039
 -0.0000096379
 -0.0000439978
 -0.0000058771
  0.0000088980
  0.0000091346
 -0.0000037105
  0.0000099325
  0.0000085140
 -0.0000279697
  0.0000114778
  0.0000085928
  0.0000048681
 -0.0000001911
  0.0000031292
  0.0000125051
 -0.0000582448
  0.0000113778
  0.0000170333
  0.0000291636
 -0.0000103863
  0.0000102645
  0.0000152361
 -0.0000394246
  0.0000051994
  0.0000109957
  0.0000062766
  0.0000086442
  0.0000094631
  0.0000281696
 -0.0000566740
  0.0000204624
  0.0000313369
  0.0000195169
 -0.0000474575
  0.0000089624
 -0.0000708427
 -0.0000505766
  0.0000042450
 -0.0000595316
 -0.0000287228
 -0.0000510574
 -0.0000184529
  0.0000237465
 -0.0000242420
 -0.0000011255
 -0.0000074107
 -0.0000042674
 -0.0000037187
  0.0000006308
 -0.0000022140
  0.0000007073
  0.0000128374
 -0.0000075269
 -0.0000039790
 -0.0000042853
 -0.0000011659
 -0.0000039090
 -0.0000053817
 -0.0000017019
 -0.0000014570
 -0.0000043208
 -0.0000028471
 -0.0000146675
 -0.0000070535
 -0.0000040427
 -0.0000219608
 -0.0000029931
  0.0000012332
  0.0000089523
 -0.0000032000
 -0.0000025087
 -0.0000003377
  0.0000069013
 -0.0000069995
 -0.0000007337
 -0.0000066531
 -0.0000024489
 -0.0000051037
 -0.0000003271
 -0.0000365836
 -0.0000015237
 -0.0000411246
 -0.0000140795
 -0.0000360614
 -0.0000619105
 -0.0000285706
 -0.0000853494
 -0.0000542887
 -0.0000205138
 -0.0000053474
 -0.0000264125
 -0.0000034001
  0.0000120192
  0.0000039566
 -0.0000074164
  0.0000053744
 -0.0000067143
  0.0000046008
  0.0000001924
 -0.0000097127
 -0.0000150592
  0.0000007504
  0.0000040656
  0.0000042555
 -0.0000008192
  0.0000038308
  0.0000018570
 -0.0000157315
  0.0000006787
  0.0000030075
 -0.0000004011
 -0.0000031080
 -0.0000039212
  0.0000033997
 -0.0000115479
  0.0000017966
  0.0000084224
  0.0000161888
 -0.0000113730
  0.0000024677
  0.0000045853
 -0.0000124874
 -0.0000081592
  0.0000032794
 -0.0000012418
  0.0000011813
  0.0000023638
 -0.0000139137
 -0.0000657730
  0.0000536169
 -0.0000290222
 -0.0000115653
 -0.0000456173
 -0.0000513165
 -0.0000421073
 -0.0000014180
 -0.0000086204
 -0.0000220228
 -0.0000180761
 -0.0000221297
 -0.0000273942
 -0.0000018148
  0.0000086394
 -0.0000033390
  0.0000071292
 -0.0000009478
  0.0000143130
  0.0000064624
 -0.0000073482
 -0.0000279378
 -0.0000064588
  0.0000040515
  0.0000036033
  0.0000098476
  0.0000048107
  0.0000035640
 -0.0000267043
  0.0000053688
  0.0000021652
  0.0000036933
  0.0000004612
  0.0000039363
  0.0000024483
 -0.0000127367
  0.0000018278
  0.0000129324
  0.0000244656
 -0.0000082487
  0.0000051753
  0.0000096053
 -0.0000242954
 -0.0000059193
  0.0000094605
  0.0000057855
  0.0000059588
  0.0000041586
  0.0000034563
 -0.0000064482
 -0.0000166754
  0.0000000670
 -0.0000000392
  0.0000037895
  0.0000047229
  0.0000058697
  0.0000072134
  0.0000089539
  0.0000014979
  0.0000075398
  0.0000014275
  0.0000058856
  0.0000152806
  0.0000056328
 -0.0000014145
  0.0000230797
  0.0000009783
 -0.0000003474
  0.0000009198
  0.0000113054
  0.0000101309
  0.0000016057
 -0.0000340843
  0.0000037533
 -0.0000050581
  0.0000022709
  0.0000073460
 -0.0000007413
  0.0000021782
  0.0000113081
  0.0000063886
  0.0000015681
  0.0000129307
 -0.0000055042
  0.0000202084
  0.0000088120
  0.0000020779
  0.0000045699
  0.0000017578
  0.0000022652
  0.0000045246
 -0.0000098755
  0.0000033465
  0.0000759823
  0.0000061117
  0.0000042965
  0.0000315849
  0.0000066383
  0.0000026991
  0.0000071164
  0.0000225121
  0.0000100085
  0.0000082011
  0.0000036189
  0.0000578369
  0.0000587308
  0.0000033548
 -0.0000007600
  0.0000060169
  0.0000067283
  0.0000067360
  0.0000031333
  0.0000116533
  0.0000042914
  0.0000072312
 -0.0000049945
  0.0000068915
 -0.0000035247
 -0.0000024542
 -0.0000111458
  0.0000239220
  0.0000055415
  0.0000207602
  0.0000031549
 -0.0000072415
 -0.0000036852
  0.0000010142
 -0.0000090803
 -0.0000041754
  0.0000042378
  0.0000011579
  0.0000495885
 -0.0000042298
 -0.0000047197
  0.0000120901
 -0.0000043741
 -0.0000051497
 -0.0000048072
  0.0000171990
 -0.0000038035
  0.0000062021
 -0.0000039814
 -0.0000030321
  0.0000361663
  0.0000832652
 -0.0000066272
  0.0000009122
  0.0000044186
 -0.0000075236
 -0.0000035884
 -0.0000019974
  0.0000121924
 -0.0000010196
  0.0000051097
  0.0000050832
  0.0000037620
  0.0000221264
  0.0000089263
  0.0000001342
  0.0000009039
  0.0000029184
  0.0000118703
  0.0000033437
  0.0000028287
  0.0000028587
  0.0000652293
  0.0000072583
  0.0000022024
  0.0000245312
  0.0000030152
  0.0000026193
  0.0000041444
  0.0000003034
  0.0000032368
  0.0000023045
  0.0000024199
  0.0000016012
  0.0000083618
  0.0000131861
  0.0000013741
  0.0000072194
  0.0000043770
  0.0000050382
  0.0000142527
 -0.0000000888
  0.0000032045
 -0.0000017463
 -0.0000039215
 -0.0000035729
  0.0000017645
 -0.0000022181
  0.0000028356
  0.0000041064
  0.0000004042
  0.0000009048
  0.0000025257
  0.0000019405
  0.0000188538
  0.0000030658
  0.0000005179
  0.0000220574
  0.0000026178
  0.0000011872
  0.0000018394
  0.0000018539
  0.0000017606
  0.0000024985
 -0.0000322870
  0.0000015140
 -0.0000074365
  0.0000010577
 -0.0000006099
  0.0000009263
  0.0000029471
 -0.0000009770
  0.0000193166
 -0.0000019461
 -0.0000122444
  0.0000057165
 -0.0000065432
  0.0000022186
  0.0000017908
 -0.0000006942
  0.0000059584
  0.0000020056
  0.0000025863
  0.0000138675
 -0.0000053715
  0.0000009358
  0.0000151793
  0.0000016036
  0.0000011380
  0.0000012115
  0.0000064122
 -0.0000008379
  0.0000001374
  0.0000087175
  0.0000016667
 -0.0000157365
 -0.0000101230
  0.0000034939
  0.0000023827
  0.0000024547
 -0.0000036092
  0.0000024510
 -0.0000036276
 -0.0000012848
  0.0000020759
 -0.0000057218
  0.0000046892
  0.0000008495
  0.0000021001
  0.0000019707
 -0.0000028918
  0.0000015442
  0.0000024197
  0.0000777981
  0.0000036287
 -0.0000013268
  0.0000536861
  0.0000012818
 -0.0000028912
 -0.0000012336
  0.0000252016
  0.0000027263
  0.0000010906
  0.0000023317
  0.0000390084
  0.0000219193
  0.0000060252
  0.0000025444
 -0.0000187247
 -0.0000012022
  0.0000005882
  0.0000068106
  0.0000016450
  0.0000014322
  0.0000032694
  0.0000055623
 -0.0000039530
 -0.0000018436
  0.0000094775
  0.0000001458
  0.0000042745
 -0.0000020073
 -0.0000017915
  0.0000015665
 -0.0000007221
  0.0000109934
  0.0000029673
  0.0000010751
  0.0000093985
  0.0000008529
  0.0000014659
  0.0000025623
  0.0000077808
  0.0000009408
 -0.0000004688
  0.0000018233
 -0.0000103394
 -0.0000074010
  0.0000057875
 -0.0000003810
  0.0000014324
 -0.0000035981
  0.0000000394
 -0.0000006015
  0.0000011503
  0.0000020633
  0.0000054628
  0.0000250931
  0.0000126636
  0.0000074605
  0.0000088679
  0.0000064279
  0.0000054137
  0.0000085939
  0.0000039554
  0.0000019716
  0.0000352931
  0.0000114875
  0.0000045344
  0.0000215179
  0.0000017276
  0.0000043728
  0.0000023754
  0.0000633444
  0.0000026350
  0.0000066210
 -0.0000029912
  0.0000038257
  0.0000317022
  0.0000035420
  0.0000107097
  0.0000045334
  0.0000317238
  0.0000049546
  0.0000018281
  0.0000080062
  0.0000085300
  0.0000051981
  0.0000063928
  0.0000298203
  0.0000131156
  0.0000342363
  0.0000158550
  0.0000113921
  0.0000126087
  0.0000063622
  0.0000151193
  0.0000109297
  0.0000111430
  0.0000510905
  0.0000192936
  0.0000073248
  0.0000217294
  0.0000094694
  0.0000117121
  0.0000172336
  0.0000360958
  0.0000049682
  0.0000186605
  0.0000040761
  0.0000299421
  0.0000209838
  0.0000156465
  0.0000169410
  0.0000218293
  0.0000101475
  0.0000170222
  0.0000265331
  0.0000177505
  0.0000192608
  0.0000016771
 -0.0000086063
  0.0000007605
  0.0000039812
  0.0000126507
  0.0000053677
  0.0000030118
  0.0000040588
  0.0000021005
  0.0000041541
  0.0000034699
  0.0000002607
  0.0000036608
  0.0000020114
  0.0000019419
  0.0000082477
  0.0000038401
  0.0000046635
  0.0000023185
 -0.0000095046
  0.0000108947
  0.0000039402
  0.0000039418
  0.0000019590
  0.0000050129
  0.0000097698
  0.0000036957
  0.0000061432
 -0.0000012938
 -0.0000029295
 -0.0000018880
 -0.0000011945
 -0.0000009027
 -0.0000007045
 -0.0000002148
  0.0000109936
  0.0000001653
  0.0000012992
  0.0000093191
 -0.0000011531
  0.0000005440
  0.0000075753
  0.0000001412
 -0.0000006107
 -0.0000056745
 -0.0000000282
 -0.0000004440
 -0.0000036833
 -0.0000006293
 -0.0000011248
 -0.0000114171
 -0.0000109566
  0.0000008300
  0.0000011719
  0.0000043891
  0.0000087047
  0.0000035968
  0.0000081475
  0.0000022562
  0.0000087171
 -0.0000032062
 -0.0000022345
  0.0000034380
  0.0000727644
  0.0000025060
  0.0000044252
  0.0000187937
  0.0000042734
 -0.0000016348
 -0.0000041010
  0.0000108886
  0.0000018007
  0.0000070021
 -0.0000072883
 -0.0000101559
  0.0000366520
  0.0001111224
  0.0000109330
 -0.0000065602
  0.0000280337
 -0.0000091130
 -0.0000027472
  0.0000009507
  0.0000067958
 -0.0000059112
 -0.0000069572
 -0.0000119217
  0.0000114609
 -0.0000052621
  0.0000068257
  0.0000021901
 -0.0000015739
 -0.0000001011
  0.0000050632
  0.0000069089
 -0.0000006179
 -0.0000039015
  0.0000081407
  0.0000637266
  0.0000049429
  0.0000005734
  0.0000089465
  0.0000057616
  0.0000037869
  0.0000011063
  0.0000058539
  0.0000081839
  0.0000018315
 -0.0000087394
  0.0000018187
  0.0000374098
  0.0000492206
  0.0000041735
  0.0000079219
 -0.0000097330
  0.0000070804
 -0.0000011702
  0.0000022733
  0.0000139793
  0.0000046622
  0.0000033801
 -0.0000079086
  0.0000029439
 -0.0000071474
  0.0000121365
 -0.0000047857
  0.0000008430
  0.0000071253
 -0.0000105090
 -0.0000088722
 -0.0000145266
 -0.0000072870
 -0.0000055967
  0.0001080832
  0.0000034043
 -0.0000119758
  0.0000126156
 -0.0000023215
 -0.0000080468
 -0.0000184936
  0.0000187317
 -0.0000105572
 -0.0000020389
 -0.0000165030
 -0.0000110327
  0.0000511602
  0.0001737946
 -0.0000063398
 -0.0000052694
  0.0000357913
 -0.0000108184
 -0.0000118272
  0.0000027639
  0.0000057697
 -0.0000045161
 -0.0000070343
  0.0000063638
  0.0000048460
  0.0000375015
  0.0000070214
 -0.0000000682
  0.0000013146
  0.0000031418
  0.0000019496
  0.0000062296
  0.0000018749
  0.0000018172
  0.0000012928
  0.0000025703
  0.0000470086
  0.0000025766
  0.0000006430
  0.0000032006
  0.0000449055
  0.0000163390
  0.0000023820
  0.0000262849
  0.0000015220
  0.0000025780
  0.0000158565
  0.0000019963
  0.0000019933
 -0.0000086571
  0.0000081010
  0.0000012277
  0.0000168263
  0.0000138911
 -0.0000027643
 -0.0000050096
  0.0000115716
  0.0000002188
  0.0000011951
  0.0000002304
  0.0000106901
  0.0000002787
  0.0000003176
  0.0000006276
  0.0000024012
  0.0000204747
 -0.0000015057
 -0.0000037972
  0.0000012088
  0.0000033155
  0.0000152180
  0.0000006860
  0.0000060670
  0.0000032100
 -0.0000042577
  0.0000110934
  0.0000008827
 -0.0000039036
  0.0000205671
  0.0000066691
  0.0000239613
  0.0000122655
  0.0000108736
  0.0000104594
  0.0000025191
  0.0000092150
 -0.0000046780
  0.0000016413
  0.0000072242
  0.0000838198
  0.0000150322
 -0.0000015011
  0.0000391474
  0.0000059819
  0.0000050382
 -0.0000005075
  0.0000282899
  0.0000063594
  0.0000116316
  0.0000045704
  0.0000653197
  0.0001010049
  0.0000095212
  0.0000100228
  0.0000389971
  0.0000006252
 -0.0000016903
  0.0000167900
  0.0000225310
  0.0000126224
  0.0000130972
 -0.0000029660
 -0.0000043174
 -0.0000012928
 -0.0000012537
 -0.0000015475
  0.0000036215
 -0.0000006734
 -0.0000017204
 -0.0000017663
 -0.0000065721
 -0.0000046449
  0.0000004750
  0.0000002821
 -0.0000011347
 -0.0000018746
 -0.0000076396
  0.0000023109
 -0.0000007678
 -0.0000032275
 -0.0000072318
 -0.0000011873
 -0.0000021863
 -0.0000021074
 -0.0000002295
 -0.0000052876
  0.0000001977
 -0.0000014057
 -0.0000031382
 -0.0000004305
 -0.0000027499
 -0.0000026192
  0.0000143882
 -0.0000022391
  0.0000034688
  0.0000003141
 -0.0000033501
 -0.0000015896
 -0.0000006408
 -0.0000012701
 -0.0000003752
 -0.0000044500
 -0.0000015368
 -0.0000029798
 -0.0000009423
 -0.0000005754
 -0.0000004464
 -0.0000093584
  0.0000000316
 -0.0000002033
 -0.0000011554
 -0.0000048193
 -0.0000009510
 -0.0000014474
 -0.0000038946
 -0.0000013176
 -0.0000032262
 -0.0000018486
 -0.0000040029
 -0.0000020472
 -0.0000002028
 -0.0000006666
 -0.0000003390
  0.0000009648
 -0.0000034356
 -0.0000001691
 -0.0000072495
 -0.0000002592
 -0.0000021413
 -0.0000019553
  0.0000053463
 -0.0000007679
  0.0000012485
  0.0000015570
 -0.0000097346
 -0.0000008699
  0.0000003456
 -0.0000011315
 -0.0000025722
 -0.0000004522
 -0.0000008239
  0.0000011998
 -0.0000011117
  0.0000007056
 -0.0000000124
  0.0000006537
 -0.0000044091
 -0.0000012885
 -0.0000072947
  0.0000040903
 -0.0000018734
 -0.0000022925
  0.0000059915
 -0.0000019166
 -0.0000001314
 -0.0000001856
  0.0000043656
  0.0000002650
 -0.0000001919
 -0.0000060182
  0.0000030696
  0.0000005575
 -0.0000034996
  0.0000001923
 -0.0000070454
 -0.0000031577
 -0.0000047035
  0.0000011409
 -0.0000023702
 -0.0000037775
 -0.0000015736
  0.0000022852
 -0.0000059391
  0.0000006312
 -0.0000049945
 -0.0000096168
 -0.0000014078
  0.0000017120
 -0.0000070596
 -0.0000043645
 -0.0000059721
 -0.0000065673
 -0.0000051606
 -0.0000037129
 -0.0000048530
 -0.0000046777
  0.0000132009
 -0.0000082418
 -0.0000097612
 -0.0000068169
  0.0000002434
 -0.0000002190
  0.0000032998
 -0.0000006732
 -0.0000035291
  0.0000007019
 -0.0000030374
 -0.0000003395
 -0.0000029083
 -0.0000056319
  0.0000006108
 -0.0000024456
 -0.0000006168
 -0.0000014778
 -0.0000004295
 -0.0000030495
  0.0000007575
 -0.0000016800
 -0.0000002291
  0.0000035597
 -0.0000014168
 -0.0000005951
  0.0000003221
 -0.0000017302
 -0.0000086463
 -0.0000014298
 -0.0000039495
  0.0000019322
 -0.0000008150
 -0.0000044301
  0.0000014108
 -0.0000045840
 -0.0000098699
 -0.0000003168
  0.0000008802
  0.0000000170
 -0.0000017112
 -0.0000028658
 -0.0000044464
 -0.0000049360
  0.0000003663
 -0.0000020391
 -0.0000018099
 -0.0000012559
 -0.0000044629
 -0.0000035591
 -0.0000061570
 -0.0000053910
 -0.0000047578
 -0.0000019431
 -0.0000016779
 -0.0000035090
 -0.0000026970
  0.0000007211
 -0.0000072724
 -0.0000017670
  0.0000019039
  0.0000107154
  0.0000004585
  0.0000009681
 -0.0000001353
 -0.0000006696
  0.0000005411
 -0.0000039989
 -0.0000082856
 -0.0000003821
 -0.0000006461
  0.0000027730
 -0.0000017672
 -0.0000021744
 -0.0000068882
 -0.0000046343
 -0.0000061797
 -0.0000113409
 -0.0000221687
 -0.0000009872
 -0.0000119264
 -0.0000035538
 -0.0000002954
 -0.0000069514
 -0.0000023489
  0.0000001896
  0.0000012594
 -0.0000007982
 -0.0000057008
 -0.0000046769
 -0.0000043000
 -0.0000027392
  0.0000001019
 -0.0000032726
  0.0000003503
 -0.0000008413
 -0.0000047640
