 -0.0005150789
 -0.0000594530
  0.0002413178
 -0.0000093520
 -0.0001476999
 -0.0000045964
 -0.0000094343
  0.0000185488
 -0.0000100223
  0.0000320244
  0.0000035278
 -0.0000075296
 -0.0000013441
  0.0000012699
  0.0000318608
 -0.0000040003
 -0.0000084503
 -0.0000319257
 -0.0000316474
 -0.0000270826
 -0.0000391453
  0.0000168073
  0.0000369013
  0.0000201705
 -0.0000091351
  0.0000278524
  0.0000073428
  0.0000132627
 -0.0000046876
 -0.0000018157
 -0.0000248914
  0.0000114217
 -0.0000075912
 -0.0000350116
  0.0000186071
 -0.0000141900
  0.0000003379
 -0.0000072306
 -0.0000049564
 -0.0000006221
 -0.0000150791
  0.0000022964
 -0.0000030893
  0.0000010463
 -0.0000052374
  0.0000118380
 -0.0000123204
 -0.0000091581
 -0.0000155161
  0.0000028054
 -0.0000171090
 -0.0000096935
  0.0000046548
  0.0000059611
 -0.0000004955
 -0.0000132288
 -0.0000052946
 -0.0000027179
 -0.0000097212
  0.0000009549
 -0.0000054984
 -0.0000032712
 -0.0000019805
 -0.0000108347
  0.0000236485
  0.0000098221
 -0.0000187058
 -0.0000069273
 -0.0000035985
 -0.0000066754
 -0.0000090479
  0.0001086622
 -0.0000035261
 -0.0000025810
 -0.0000026610
 -0.0001532251
 -0.0000830611
 -0.0000332900
 -0.0001328253
 -0.0000197848
  0.0000868363
 -0.0001044627
  0.0000600177
  0.0000485488
  0.0006925636
 -0.0000085077
 -0.0002483888
  0.0002644405
  0.0001804507
 -0.0006445919
  0.0000176309
  0.0000331740
  0.0000343631
  0.0000511951
  0.0000077710
 -0.0000158768
  0.0000255139
  0.0000110219
  0.0000140373
  0.0000277170
  0.0000418628
  0.0000275933
 -0.0000210398
  0.0000273524
 -0.0000847115
  0.0000152200
  0.0000281929
 -0.0000581696
 -0.0001641091
  0.0000132032
  0.0002984922
 -0.0000845798
  0.0001097487
  0.0000127344
 -0.0000790551
  0.0000178684
  0.0000458531
  0.0000107151
 -0.0002472624
  0.0000829348
 -0.0000148583
  0.0001533409
  0.0000415451
 -0.0000172153
 -0.0000043462
  0.0002322837
  0.0000102065
 -0.0000970662
 -0.0000038322
  0.0000361504
  0.0000134397
 -0.0000631928
 -0.0000768855
  0.0000145595
  0.0000183368
  0.0000703097
 -0.0000111469
 -0.0001143770
  0.0000501255
  0.0002851473
 -0.0000592149
  0.0000247062
  0.0001714594
 -0.0000508864
 -0.0000444997
 -0.0000774050
 -0.0000381838
 -0.0000750577
 -0.0001319271
 -0.0000416103
 -0.0000321193
 -0.0000632714
 -0.0000338457
 -0.0000903313
 -0.0000419016
 -0.0000504136
 -0.0000391029
 -0.0000376840
 -0.0000295024
 -0.0000545495
 -0.0000331103
 -0.0000483356
 -0.0000489728
 -0.0000490437
 -0.0000362767
 -0.0000260358
 -0.0000481218
 -0.0000284789
 -0.0000316773
 -0.0000742385
 -0.0001225204
 -0.0000803837
 -0.0000946974
 -0.0000684406
 -0.0000754037
 -0.0000570311
 -0.0000747888
 -0.0000682849
 -0.0000647570
 -0.0001023741
 -0.0001112150
 -0.0000881263
 -0.0000749898
 -0.0000607713
 -0.0000613138
 -0.0000749903
 -0.0001000974
 -0.0000493678
 -0.0000907299
 -0.0000683585
 -0.0000571138
 -0.0000706572
 -0.0001416480
 -0.0000902722
 -0.0000945718
 -0.0000598242
 -0.0000522157
 -0.0000711610
 -0.0000417345
 -0.0000906577
 -0.0000766696
 -0.0000748244
  0.0004096214
 -0.0001647533
  0.0005099483
 -0.0002394433
 -0.0007204634
 -0.0007716693
 -0.0004476763
 -0.0002206900
  0.0007290247
  0.0003057830
  0.0001796445
 -0.0003119141
  0.0000938934
  0.0003073893
 -0.0002119515
 -0.0000967863
 -0.0000757899
 -0.0000781197
 -0.0001162676
 -0.0001139133
 -0.0001042573
 -0.0000350829
 -0.0000930876
 -0.0000281829
 -0.0000668873
 -0.0001278579
 -0.0000853993
 -0.0000785824
 -0.0000444001
 -0.0000896377
 -0.0000513730
 -0.0000904850
 -0.0001042716
 -0.0000806572
 -0.0002395770
 -0.0001042330
 -0.0000705332
 -0.0000768756
 -0.0001050627
 -0.0000677565
 -0.0000927415
 -0.0001900693
 -0.0000452698
 -0.0000622313
  0.0000099450
 -0.0000938875
 -0.0000726820
 -0.0001191292
 -0.0001326315
 -0.0000842747
  0.0001707044
 -0.0000876119
 -0.0000634040
 -0.0000673777
 -0.0000022326
 -0.0001165842
 -0.0001466479
  0.0000796419
  0.0000224089
  0.0000472008
 -0.0000358099
 -0.0000225839
 -0.0001382439
 -0.0000236176
 -0.0001660414
 -0.0000223286
 -0.0000270781
 -0.0000484791
 -0.0000265185
 -0.0000279870
 -0.0000188542
 -0.0000257175
 -0.0000356052
 -0.0001448921
 -0.0000218646
 -0.0000287574
 -0.0000309194
 -0.0000242329
 -0.0000295677
 -0.0000477304
 -0.0000285094
 -0.0000412650
 -0.0000310475
 -0.0000290746
 -0.0000419030
 -0.0000308222
 -0.0000323532
 -0.0000398266
 -0.0000286956
 -0.0000289036
 -0.0000287082
 -0.0000100044
 -0.0000321827
 -0.0000264675
 -0.0000147471
 -0.0000341029
 -0.0000272549
 -0.0000362976
 -0.0000370853
 -0.0000322744
 -0.0000285817
 -0.0000255623
 -0.0000379591
 -0.0000314233
 -0.0000476681
 -0.0000196465
 -0.0000325645
 -0.0000288696
 -0.0000332473
 -0.0000280751
 -0.0000272564
 -0.0000095125
 -0.0003936330
 -0.0004110948
 -0.0004818784
 -0.0007701973
  0.0003888266
  0.0001777560
  0.0000196858
 -0.0002709930
  0.0003500294
 -0.0000079711
 -0.0003447023
 -0.0000254000
  0.0002768512
  0.0000734248
 -0.0010795710
  0.0000052345
 -0.0000095087
 -0.0000257321
  0.0000063445
 -0.0000406803
 -0.0000195375
 -0.0000208782
 -0.0000034565
 -0.0000254118
  0.0000274317
 -0.0000159859
 -0.0000057267
  0.0000118789
 -0.0000220959
  0.0000076309
 -0.0000320842
 -0.0000016058
  0.0000112674
 -0.0000351892
 -0.0001303655
 -0.0000179522
 -0.0002097701
 -0.0000124032
  0.0000004060
 -0.0000346156
 -0.0000091967
 -0.0000041621
 -0.0000177226
 -0.0001302254
 -0.0000406151
 -0.0001267214
 -0.0000405901
 -0.0000113794
 -0.0001245530
 -0.0000450673
 -0.0000900791
  0.0000150644
 -0.0000115676
  0.0000109901
 -0.0000144053
 -0.0000448212
  0.0000032311
 -0.0001157774
 -0.0000363922
 -0.0001951017
 -0.0001459279
 -0.0000224063
 -0.0000262770
  0.0000407577
  0.0000817862
 -0.0000039836
  0.0000652609
 -0.0000328099
  0.0000644258
  0.0000590060
  0.0000477206
  0.0000434338
 -0.0000602194
  0.0000734581
  0.0000178777
  0.0000666916
  0.0000387481
  0.0000465517
 -0.0000020133
  0.0000800741
  0.0000361909
  0.0000375346
  0.0000555030
 -0.0000390081
  0.0000040037
 -0.0000440791
  0.0000430048
 -0.0000299998
 -0.0000064455
  0.0000234060
  0.0000333512
 -0.0000478528
 -0.0000183072
  0.0000330298
  0.0000020339
 -0.0000313932
 -0.0000202043
 -0.0000181950
 -0.0000470512
 -0.0000417635
  0.0000114262
 -0.0000362963
  0.0000070513
 -0.0000081439
 -0.0000206242
 -0.0000436262
 -0.0000077406
  0.0000170699
 -0.0000187629
 -0.0000085010
 -0.0000097534
 -0.0000479073
 -0.0000428219
  0.0000133580
 -0.0000213795
 -0.0000163910
 -0.0000286965
  0.0000150286
  0.0000323680
 -0.0000386755
 -0.0004057072
 -0.0001108323
 -0.0004175173
 -0.0005467068
  0.0001261287
  0.0002561406
 -0.0000125463
 -0.0000051715
  0.0003266973
 -0.0001294443
 -0.0003692774
 -0.0001993792
 -0.0004347384
 -0.0005426697
 -0.0002001658
 -0.0000315116
 -0.0000691685
 -0.0000623444
 -0.0000450988
 -0.0000351046
 -0.0000350493
 -0.0000324064
 -0.0000361185
  0.0000017430
 -0.0000723549
 -0.0000394927
 -0.0000371393
 -0.0000573590
 -0.0000322664
 -0.0000314683
 -0.0000334195
 -0.0000367920
 -0.0000658023
 -0.0000797321
 -0.0000304348
 -0.0004438188
 -0.0000536428
 -0.0002439381
 -0.0000675068
 -0.0000326953
 -0.0000386186
 -0.0000207138
 -0.0000349670
 -0.0000708167
 -0.0001859719
  0.0000028986
 -0.0001163386
  0.0000135208
 -0.0000283497
 -0.0003824586
 -0.0000617828
 -0.0001089838
 -0.0000855294
 -0.0000120303
 -0.0004408648
  0.0018154996
 -0.0000200082
 -0.0000518489
 -0.0000664447
 -0.0000341940
 -0.0009878474
 -0.0001561064
 -0.0001140897
  0.0000700851
  0.0001330970
  0.0002018500
 -0.0000366994
  0.0000308670
  0.0000184506
 -0.0000211827
  0.0000339864
  0.0000360481
 -0.0000236964
 -0.0000416526
  0.0000164712
  0.0000165415
  0.0000152483
  0.0000327367
 -0.0000099202
 -0.0000087634
 -0.0000263302
  0.0000164977
 -0.0000036942
  0.0000117556
  0.0000229404
  0.0000353101
  0.0000209216
 -0.0000199869
 -0.0000527557
 -0.0000255843
 -0.0000263044
 -0.0000102358
 -0.0000142358
 -0.0000255475
 -0.0000160142
 -0.0000188947
 -0.0000320233
 -0.0000248187
 -0.0000141403
 -0.0000134662
 -0.0000366808
 -0.0000216419
 -0.0000139724
 -0.0000134890
 -0.0000257236
 -0.0000201077
 -0.0000242250
 -0.0000304133
 -0.0000281147
 -0.0000139326
 -0.0000240846
 -0.0000327279
 -0.0000098737
 -0.0000338604
 -0.0000179651
 -0.0000171919
 -0.0000288027
  0.0000161063
 -0.0000198594
  0.0000142419
 -0.0000143154
 -0.0000123640
 -0.0000172245
  0.0002052743
 -0.0001086725
  0.0001987730
 -0.0000121387
 -0.0004512564
 -0.0006186780
 -0.0001204206
 -0.0001012604
  0.0004338848
  0.0001695377
  0.0000825074
 -0.0001003039
  0.0000653645
  0.0001155468
 -0.0001250884
 -0.0000216986
 -0.0000575955
 -0.0000610448
 -0.0000172860
 -0.0000670706
 -0.0000105412
 -0.0000409649
 -0.0000331665
 -0.0000483163
 -0.0000260293
 -0.0000568710
 -0.0000466663
 -0.0000271401
 -0.0000432044
 -0.0000336530
 -0.0000527338
 -0.0000417682
 -0.0000273167
  0.0002095171
 -0.0000615846
 -0.0000447918
 -0.0000587803
 -0.0000523708
 -0.0000668963
 -0.0000414295
 -0.0000439844
 -0.0000548760
 -0.0000309067
 -0.0000327320
 -0.0000122675
  0.0000185137
 -0.0000812108
 -0.0000743018
 -0.0000244930
 -0.0002569502
 -0.0000266621
  0.0001303816
 -0.0000790803
 -0.0000199193
 -0.0000223121
 -0.0000723466
  0.0001033153
  0.0000981487
  0.0001111592
  0.0000146445
  0.0000920891
 -0.0000186324
  0.0000279516
  0.0001426761
  0.0000720318
  0.0001115437
  0.0000387472
  0.0000164712
  0.0000588697
  0.0000427678
  0.0000864707
  0.0001348889
  0.0001270386
  0.0000205186
  0.0000282210
  0.0000223160
  0.0000529356
  0.0000464140
  0.0001415632
  0.0000326265
  0.0000916456
  0.0001255373
  0.0000010495
 -0.0000254535
  0.0000159600
  0.0001390166
 -0.0000103369
 -0.0000080275
  0.0000325921
 -0.0000205222
  0.0000091472
  0.0001968627
 -0.0000369604
  0.0001145163
  0.0001832168
  0.0001114263
  0.0000166409
  0.0001142907
  0.0000822625
  0.0000086589
 -0.0000361545
  0.0001972031
  0.0000365631
  0.0001362713
  0.0000777343
  0.0001008304
 -0.0000280346
  0.0001108870
  0.0001770734
  0.0000499576
  0.0001048174
 -0.0000012033
 -0.0000413321
  0.0000036899
  0.0001813773
  0.0000857648
  0.0001237830
  0.0001146183
  0.0001929147
  0.0001931872
  0.0000383280
 -0.0001702263
  0.0002808127
 -0.0000619801
 -0.0006332505
 -0.0008857272
 -0.0000571026
  0.0005956564
  0.0001139521
  0.0000618325
 -0.0000148978
 -0.0001444817
  0.0002498540
 -0.0001104010
 -0.0002490827
 -0.0003038365
 -0.0000241973
 -0.0001408269
 -0.0001560558
  0.0000426972
 -0.0001086868
 -0.0000153527
 -0.0000908243
  0.0000241429
 -0.0001096323
 -0.0001603841
 -0.0001231579
 -0.0000290872
 -0.0002282275
 -0.0001809865
 -0.0001319432
 -0.0000375861
 -0.0001605865
 -0.0001973781
 -0.0002190546
 -0.0000310903
 -0.0001015195
 -0.0001960607
 -0.0002646509
 -0.0002179047
 -0.0000522576
 -0.0001975447
 -0.0001477593
  0.0000524246
 -0.0000882857
  0.0003230396
 -0.0002673336
  0.0000981358
 -0.0000730667
  0.0001357097
  0.0000881509
  0.0001304086
 -0.0000498740
 -0.0001287326
 -0.0000707037
 -0.0001600914
  0.0001043008
  0.0000182258
 -0.0000491201
 -0.0002031453
 -0.0000665987
 -0.0003541655
 -0.0000546333
  0.0000475852
 -0.0004407811
 -0.0001229043
  0.0000925197
 -0.0000387787
 -0.0000847726
 -0.0000372544
 -0.0000003559
  0.0000855765
 -0.0000237210
  0.0000523552
 -0.0000171390
  0.0000224595
  0.0000213443
 -0.0000035880
  0.0000549128
 -0.0000012675
 -0.0000436563
  0.0000148451
 -0.0000347476
 -0.0000243435
 -0.0000407914
 -0.0000225246
 -0.0000273794
  0.0000337514
  0.0000157888
 -0.0000362564
 -0.0000107491
 -0.0000292698
 -0.0000298398
  0.0000248136
  0.0000427970
  0.0000625501
  0.0000448929
 -0.0000295789
  0.0000620383
 -0.0000574506
  0.0000066974
  0.0000192033
 -0.0000125740
 -0.0000506244
  0.0000521936
  0.0000014938
 -0.0000649052
 -0.0000320597
  0.0000082760
  0.0000013308
 -0.0000403017
  0.0000467071
  0.0000448385
  0.0000428525
 -0.0000127303
 -0.0000524343
  0.0000233693
 -0.0000147733
  0.0000402086
  0.0000042819
  0.0000746474
  0.0000156615
 -0.0000002241
  0.0000596838
  0.0000431383
 -0.0000005789
  0.0000691406
  0.0000030080
 -0.0000506405
  0.0000135108
  0.0000712231
 -0.0000533913
 -0.0000163441
 -0.0000667657
 -0.0002517883
  0.0000161707
  0.0001398534
  0.0000121386
  0.0000274822
  0.0001335088
  0.0000685036
  0.0001161430
  0.0000378277
 -0.0000852421
 -0.0001080384
  0.0000492750
  0.0001419756
 -0.0000020075
 -0.0000484159
  0.0000380826
 -0.0000555334
 -0.0000864102
  0.0001558491
  0.0000556654
 -0.0000394211
  0.0000093445
 -0.0001425962
 -0.0000728697
 -0.0000031087
 -0.0000597104
  0.0002766909
  0.0000598554
 -0.0001635918
 -0.0000326266
 -0.0000041929
 -0.0001051996
 -0.0000463449
 -0.0001071897
  0.0000311959
 -0.0000302265
  0.0000749788
 -0.0000891947
 -0.0001501584
  0.0000018201
  0.0001542002
  0.0000300823
 -0.0000079907
  0.0000225054
  0.0000668158
  0.0002080668
 -0.0000642970
  0.0000229668
 -0.0000080267
 -0.0000441023
 -0.0001332580
 -0.0000716025
  0.0001024939
 -0.0000981735
 -0.0000789354
 -0.0000129286
 -0.0004579987
 -0.0000637337
  0.0001364461
 -0.0000627786
 -0.0002753542
 -0.0000728328
  0.0000021565
 -0.0000407546
  0.0000835248
 -0.0000099678
 -0.0000363295
  0.0001016930
 -0.0000383102
  0.0000951453
  0.0000265909
  0.0001111114
 -0.0000049197
 -0.0000587274
 -0.0000652105
  0.0000053305
 -0.0000503464
  0.0000054124
 -0.0000355269
 -0.0000903959
  0.0000523671
  0.0000303247
 -0.0000224973
  0.0002284015
  0.0000057690
  0.0000068679
 -0.0000934550
 -0.0000500940
 -0.0000352765
 -0.0000206383
  0.0000142608
  0.0000909272
  0.0000529097
  0.0000968773
  0.0000871221
  0.0000607888
  0.0001877028
  0.0000893219
  0.0001056549
  0.0000963559
  0.0001863947
  0.0001848655
  0.0000557406
  0.0000639659
  0.0000985067
  0.0001135429
  0.0001012840
  0.0001040565
  0.0001844515
  0.0000574758
  0.0001147102
  0.0001416770
  0.0000981343
  0.0001075117
  0.0000915935
  0.0000358421
  0.0000765777
  0.0001290136
  0.0001054340
 -0.0000303591
  0.0001842218
 -0.0000003905
  0.0001227850
  0.0000895664
  0.0001218313
 -0.0000622924
  0.0000531022
 -0.0000512695
  0.0006790842
  0.0001766565
  0.0004762233
 -0.0001422196
 -0.0002023168
 -0.0009988275
 -0.0007125834
  0.0000045888
  0.0006383452
 -0.0003716735
 -0.0004387619
  0.0005331506
 -0.0000396453
 -0.0001423456
 -0.0001305272
 -0.0000281902
 -0.0000972656
  0.0000464673
 -0.0000051016
 -0.0000107351
 -0.0000153295
 -0.0001463374
 -0.0001090350
 -0.0000288645
 -0.0001530966
 -0.0000937684
 -0.0000380940
  0.0000070233
 -0.0000760497
 -0.0001245740
  0.0000563969
 -0.0000187325
 -0.0000065712
 -0.0001939455
 -0.0000334338
 -0.0001599189
 -0.0000632263
  0.0001719473
 -0.0000148492
  0.0001207685
 -0.0001371714
  0.0001032710
 -0.0003344298
  0.0000746792
  0.0001662090
 -0.0002150449
 -0.0001162818
 -0.0000433402
 -0.0001499850
  0.0001686002
 -0.0000604994
  0.0005718592
 -0.0001696653
  0.0000053339
  0.0009398761
 -0.0000201261
  0.0001405577
  0.0000243656
 -0.0000464711
 -0.0000281886
 -0.0002695583
  0.0002354409
 -0.0001379722
  0.0000723607
 -0.0000039131
  0.0000841365
 -0.0001347953
 -0.0001625851
  0.0000586217
 -0.0000694763
 -0.0001293336
  0.0000215590
 -0.0000310917
  0.0000722108
 -0.0001040720
  0.0000857126
 -0.0001191257
  0.0000903262
 -0.0000887151
  0.0001174246
 -0.0002040482
  0.0001255396
 -0.0000400371
  0.0000598852
 -0.0002158649
 -0.0001340451
 -0.0000930157
  0.0000638500
 -0.0000814805
 -0.0000860530
 -0.0000665962
  0.0000774265
 -0.0000793704
  0.0001908085
  0.0000914472
 -0.0000960999
  0.0001521573
 -0.0002094471
 -0.0000829484
  0.0000722856
 -0.0000433458
 -0.0002561379
 -0.0002445294
  0.0001187884
  0.0001896788
 -0.0002276683
 -0.0000996163
  0.0000602984
 -0.0000544409
 -0.0001239448
  0.0001429997
  0.0000488981
 -0.0003518424
 -0.0000623218
  0.0001484094
  0.0002426863
  0.0001516912
  0.0001349391
 -0.0003196707
  0.0002140813
  0.0000662716
 -0.0002064048
 -0.0000809661
 -0.0002464029
 -0.0000109844
 -0.0002954534
  0.0000952367
  0.0000256838
 -0.0003447489
  0.0000076561
 -0.0000436654
 -0.0000613080
  0.0001857628
 -0.0002682576
 -0.0002881880
 -0.0003064508
  0.0006146865
  0.0001185524
  0.0001224009
  0.0002586229
 -0.0000610869
 -0.0001277387
  0.0005393346
  0.0002479042
 -0.0000941382
  0.0000758614
 -0.0000116724
  0.0000841974
  0.0004017987
 -0.0001152463
 -0.0004634988
  0.0002515732
 -0.0000586392
 -0.0003397901
  0.0001926252
  0.0001639621
  0.0001072224
  0.0000442761
  0.0002219500
 -0.0003636878
  0.0001706844
 -0.0001746802
  0.0001226647
 -0.0000706026
 -0.0000275523
  0.0001795669
 -0.0000570101
 -0.0002105317
 -0.0000734052
  0.0001467489
  0.0001836287
 -0.0000555555
 -0.0000254724
  0.0005670466
 -0.0002936160
 -0.0000519808
 -0.0002533429
  0.0003822235
 -0.0001892358
 -0.0001549592
 -0.0003294032
  0.0000415394
 -0.0000129994
  0.0005531098
  0.0000753319
  0.0001533226
  0.0000571950
 -0.0000874540
  0.0000210047
  0.0000096185
 -0.0000185438
  0.0000115904
  0.0000083154
 -0.0000093312
 -0.0000054886
  0.0000097737
  0.0000155583
 -0.0000121539
  0.0000006553
 -0.0000311996
  0.0000126406
 -0.0000061082
 -0.0000084049
 -0.0000087972
  0.0000015022
 -0.0000055441
  0.0000023308
  0.0000084088
 -0.0000089395
  0.0000064886
  0.0000066084
  0.0000004163
  0.0000008473
  0.0000097338
  0.0000080974
  0.0000063437
  0.0000005576
  0.0000097699
  0.0000131543
  0.0000053431
  0.0000065553
  0.0000022513
 -0.0000053358
  0.0000012079
  0.0000093473
  0.0000029390
 -0.0000003136
  0.0000023595
 -0.0000118272
  0.0000114411
  0.0000056049
 -0.0000007998
  0.0000046127
  0.0000082521
  0.0000096533
  0.0000149405
  0.0001508503
 -0.0001391810
  0.0001248251
 -0.0001557634
  0.0000911076
  0.0000278105
 -0.0001124415
 -0.0002117987
  0.0004083077
  0.0001872149
 -0.0001139724
 -0.0000772043
  0.0003878030
  0.0000929436
 -0.0000286089
  0.0000145654
  0.0000170045
  0.0000109655
  0.0000022150
 -0.0000068712
  0.0000114600
 -0.0000115572
  0.0000108941
 -0.0000000851
  0.0000019752
  0.0000175122
 -0.0000009863
 -0.0000096976
 -0.0000060255
  0.0000302709
 -0.0000070770
  0.0000301547
  0.0000073137
  0.0001937806
 -0.0000027327
  0.0000016211
 -0.0005409225
 -0.0000438314
 -0.0000023157
 -0.0000094598
 -0.0000003722
  0.0000049233
 -0.0000151084
 -0.0000001728
 -0.0000625908
  0.0000163576
 -0.0000207756
  0.0000140372
  0.0000828856
 -0.0003151982
 -0.0000041232
  0.0000629275
 -0.0000158630
  0.0000135997
  0.0000607280
 -0.0000379202
 -0.0000221828
  0.0000623083
 -0.0000440330
 -0.0000022967
  0.0000125026
  0.0000304253
 -0.0000157315
  0.0000355132
  0.0000590007
 -0.0000075309
 -0.0000099328
 -0.0000177598
  0.0000041980
 -0.0000313464
  0.0000372610
 -0.0000288675
 -0.0000090876
  0.0000423882
  0.0000280147
  0.0000099898
 -0.0000054443
  0.0001298453
  0.0000150016
 -0.0000397017
  0.0000369182
 -0.0000149889
 -0.0000021241
  0.0000324764
  0.0000027427
  0.0000204785
 -0.0000167872
  0.0000993342
 -0.0000170706
  0.0000326285
  0.0000846586
  0.0000112455
  0.0000327394
 -0.0000593731
  0.0000571514
 -0.0000025277
 -0.0000017828
 -0.0000239670
  0.0000236744
  0.0000320817
 -0.0000137890
  0.0000114910
  0.0000574150
  0.0000375239
  0.0000458606
 -0.0000226205
  0.0000208659
 -0.0000044739
  0.0000460322
  0.0000179363
  0.0000823504
  0.0000168046
  0.0000111310
  0.0000678741
 -0.0000107780
  0.0000710390
  0.0000493933
  0.0000467432
  0.0000365164
  0.0000298992
 -0.0000134439
  0.0000708038
  0.0000131764
  0.0000196856
 -0.0000086648
 -0.0000220956
  0.0000375701
 -0.0000058471
  0.0002657510
 -0.0002974529
 -0.0001234128
 -0.0007396183
  0.0001660191
  0.0007091569
  0.0004555850
  0.0002126427
 -0.0000133691
 -0.0000613212
  0.0000048810
  0.0000171852
  0.0000633430
 -0.0001241412
 -0.0000534636
 -0.0000133004
 -0.0000087788
  0.0000491879
  0.0000415460
  0.0000358723
 -0.0000041426
 -0.0000459516
  0.0000044539
 -0.0000214878
  0.0000114757
 -0.0000425204
  0.0001045692
 -0.0000207324
 -0.0000628966
  0.0000126617
 -0.0000294533
  0.0000244403
  0.0001817236
 -0.0000209273
  0.0002319853
 -0.0000669876
 -0.0002616201
  0.0000614607
 -0.0000394415
  0.0001681040
 -0.0000178736
  0.0000050674
  0.0000729756
 -0.0004858204
 -0.0000750665
  0.0000223454
 -0.0004210176
  0.0000095946
 -0.0000247734
  0.0000460002
 -0.0002011251
  0.0000470897
 -0.0000732355
 -0.0000156340
  0.0000288217
 -0.0002821263
  0.0006609324
  0.0001345995
  0.0000987789
 -0.0001590083
 -0.0000233075
  0.0000315659
 -0.0007605668
  0.0000300958
  0.0001467543
 -0.0000518148
 -0.0000968544
 -0.0000594340
 -0.0000709078
 -0.0000126889
 -0.0000528801
  0.0000799671
  0.0001756690
 -0.0000163832
 -0.0000958574
 -0.0000041195
  0.0002055144
  0.0000909036
  0.0001212218
  0.0000755417
 -0.0000171873
 -0.0000497382
 -0.0000316454
  0.0000991927
  0.0000861300
  0.0001351442
 -0.0000599603
  0.0000884832
  0.0000163350
  0.0001853132
 -0.0000830054
 -0.0000328955
 -0.0000153265
 -0.0001189662
 -0.0000393901
  0.0000149531
  0.0001528446
 -0.0000727499
  0.0000939869
 -0.0001093120
  0.0000023860
 -0.0000446776
 -0.0000339797
 -0.0001277522
 -0.0000602226
 -0.0000528559
 -0.0001406561
 -0.0000391310
 -0.0000841590
  0.0000270534
  0.0002956942
 -0.0000202533
 -0.0000230538
  0.0001858962
 -0.0000821494
 -0.0001354808
 -0.0000366490
 -0.0001645223
 -0.0001516483
 -0.0001044526
 -0.0001177296
 -0.0001784298
  0.0000228326
 -0.0000130316
  0.0002161910
 -0.0001033003
 -0.0002115972
 -0.0000757545
 -0.0000560932
 -0.0000670188
 -0.0000539241
  0.0001757964
  0.0001205654
 -0.0001589059
 -0.0000553377
  0.0001115114
 -0.0001488442
  0.0002627015
 -0.0000224234
  0.0000694246
  0.0000312506
  0.0000242999
 -0.0000685444
 -0.0000176190
  0.0001463527
 -0.0001805886
  0.0002458861
  0.0000535332
  0.0002118078
  0.0001356497
 -0.0001015236
 -0.0002174555
  0.0000423659
  0.0000630540
 -0.0000998465
  0.0000478618
 -0.0000853238
  0.0002043473
  0.0000446551
 -0.0000072067
  0.0001932016
  0.0000369328
 -0.0001500985
  0.0002375181
 -0.0001519409
  0.0000567941
 -0.0001049086
  0.0001084242
 -0.0000425203
  0.0002329933
 -0.0002220086
  0.0001239271
 -0.0002332545
  0.0003381609
 -0.0000342139
 -0.0002147744
 -0.0000996266
  0.0001003871
  0.0003196350
 -0.0001334322
 -0.0000513964
 -0.0000569033
 -0.0005740519
  0.0000541342
 -0.0001984309
  0.0003392493
  0.0001750642
  0.0001365629
  0.0001195260
 -0.0003735642
 -0.0001295178
 -0.0001034236
 -0.0001856980
 -0.0000342418
 -0.0000791207
 -0.0000483150
  0.0000401965
 -0.0000743620
  0.0001188987
 -0.0000710599
 -0.0000442409
 -0.0000432991
 -0.0001076041
 -0.0000791470
 -0.0000127271
 -0.0000662840
 -0.0000248226
 -0.0000888405
 -0.0000164382
 -0.0000516117
 -0.0000333755
 -0.0001582706
 -0.0000478028
 -0.0000882938
  0.0000874364
 -0.0000307754
 -0.0001031070
  0.0000292063
 -0.0000761101
  0.0000215886
 -0.0000814141
 -0.0000919329
  0.0000221043
  0.0000625216
 -0.0000460706
 -0.0000635185
 -0.0000474145
  0.0001485198
 -0.0000388309
  0.0001660737
  0.0001993326
  0.0003665522
  0.0001553759
 -0.0001538201
  0.0001156306
  0.0003613024
  0.0004687491
  0.0001929279
  0.0002654134
  0.0003007619
  0.0003117094
  0.0000594874
  0.0000949180
  0.0004003390
  0.0001978581
 -0.0001265398
  0.0004107813
  0.0000757349
 -0.0001616486
 -0.0000193464
  0.0003499087
  0.0001996551
  0.0004033467
 -0.0001626051
 -0.0000573539
  0.0003657161
  0.0000027934
  0.0004037779
  0.0000799406
  0.0004229910
  0.0000534238
 -0.0000428582
 -0.0000709032
  0.0004349513
  0.0001930960
 -0.0002280793
 -0.0000438272
  0.0000235165
 -0.0000577786
 -0.0000728978
 -0.0000278323
  0.0004302964
  0.0001460109
 -0.0001864865
 -0.0001645762
  0.0000601907
 -0.0000111349
  0.0001622130
 -0.0002343904
  0.0001590865
 -0.0002250477
 -0.0002021009
 -0.0000335244
  0.0001508372
 -0.0002609367
 -0.0001854466
 -0.0000363805
 -0.0001731129
  0.0001406403
 -0.0002685184
 -0.0002673693
  0.0002390975
 -0.0000502600
 -0.0002401959
  0.0001338757
  0.0000868519
 -0.0002434210
  0.0001603760
  0.0004050427
  0.0002674161
 -0.0001851970
 -0.0001552657
  0.0000363446
 -0.0001285746
 -0.0002067198
  0.0001298719
  0.0004041019
 -0.0000515254
  0.0002203916
  0.0001436440
 -0.0000729378
  0.0000953588
 -0.0003363649
 -0.0005126345
 -0.0000284093
  0.0004701186
 -0.0002602423
  0.0000929881
  0.0004517036
 -0.0005856901
 -0.0002450597
  0.0000332649
 -0.0000170947
 -0.0000838128
 -0.0001137149
 -0.0000056752
 -0.0000084049
  0.0000020940
 -0.0000519228
  0.0000546375
  0.0000305578
  0.0000746585
 -0.0000295874
  0.0000756840
 -0.0000071987
  0.0000129313
 -0.0000375463
 -0.0000100680
 -0.0000246914
  0.0000559448
 -0.0000163154
 -0.0000007811
  0.0000306489
  0.0000101148
 -0.0000464326
  0.0000853936
  0.0000660922
 -0.0000350896
  0.0000619588
  0.0000007635
 -0.0000143916
 -0.0000241768
  0.0000641745
 -0.0000448027
  0.0000608640
 -0.0000314318
  0.0000152553
 -0.0000508409
  0.0000552019
 -0.0000380999
  0.0000435494
  0.0000162308
 -0.0000558886
 -0.0000490792
 -0.0000788318
  0.0000058080
 -0.0000148665
 -0.0000677933
  0.0000458500
  0.0000101865
 -0.0000152428
 -0.0000661035
  0.0000522556
  0.0000177659
 -0.0000310243
 -0.0000136610
  0.0000276627
  0.0000384323
 -0.0000324910
 -0.0000169696
  0.0000288289
  0.0000120010
  0.0000327560
  0.0000255159
 -0.0000353311
 -0.0000395023
  0.0000073076
 -0.0000085004
  0.0000283694
 -0.0000922840
  0.0000001476
 -0.0000145017
 -0.0000758819
 -0.0000188781
  0.0003169519
  0.0000381452
  0.0000536539
 -0.0001790989
  0.0000331019
 -0.0002182116
 -0.0000345681
 -0.0000396580
  0.0001007905
 -0.0000842794
 -0.0000279680
 -0.0000292087
  0.0000039262
  0.0000027346
  0.0000717547
  0.0000750706
  0.0000115279
 -0.0001273624
 -0.0000061574
  0.0001163831
  0.0000959277
 -0.0000637927
 -0.0000274783
 -0.0000358821
  0.0000618301
  0.0001946923
 -0.0003121091
  0.0001179203
  0.0001022035
  0.0000038452
  0.0000326968
 -0.0000377007
 -0.0000522616
 -0.0001098823
  0.0000365798
 -0.0000521023
  0.0000882474
  0.0002109819
 -0.0001563202
  0.0000257454
  0.0000142632
  0.0000136262
  0.0000222466
  0.0000095103
 -0.0000143065
  0.0000316623
  0.0000815790
 -0.0000346199
 -0.0000291653
  0.0000757585
  0.0003153488
 -0.0001102804
  0.0001545031
  0.0001107149
 -0.0000074267
 -0.0000207933
 -0.0005093024
 -0.0000382435
  0.0001355280
  0.0000462258
  0.0000465682
  0.0000871732
  0.0000286638
  0.0000561652
  0.0000086809
  0.0000200840
 -0.0000156058
 -0.0000321424
  0.0000221364
 -0.0000262168
 -0.0000146535
  0.0000084295
  0.0000407144
 -0.0000573795
  0.0000007717
  0.0000861058
  0.0000212671
  0.0000852356
 -0.0000216901
 -0.0000220944
 -0.0000094031
 -0.0000020453
  0.0000740675
 -0.0000390585
 -0.0000316984
  0.0000215687
  0.0000824276
  0.0000215425
 -0.0000347518
 -0.0000304121
 -0.0000302666
  0.0000341930
 -0.0000245208
  0.0000203267
 -0.0000394878
  0.0000413275
 -0.0000333097
 -0.0000272686
 -0.0000329257
 -0.0000026939
  0.0000034351
 -0.0000380625
 -0.0000349874
  0.0000387163
  0.0000014345
  0.0000042741
 -0.0000046918
  0.0000193024
 -0.0000004703
  0.0000016550
 -0.0000206094
  0.0000139944
  0.0000018807
  0.0000213724
 -0.0000000942
 -0.0000130249
  0.0000303311
 -0.0000142211
 -0.0000088866
 -0.0000203883
 -0.0000037252
 -0.0000147660
  0.0000308866
  0.0000323690
  0.0000053377
 -0.0000089665
 -0.0000274832
  0.0000009172
  0.0002026300
 -0.0000372951
 -0.0000183972
  0.0000962660
 -0.0003023692
 -0.0004055113
  0.0000284070
 -0.0001680178
  0.0002118408
  0.0002430072
  0.0001602898
 -0.0006331688
  0.0000690741
 -0.0002171885
 -0.0005955501
  0.0000217752
  0.0000317859
  0.0000226598
  0.0000374064
  0.0000573237
 -0.0000008563
 -0.0000060671
  0.0000152375
  0.0000218002
  0.0000396684
  0.0000518631
  0.0000272290
  0.0000453894
  0.0000294954
  0.0000208135
 -0.0000078413
  0.0000302410
  0.0000192698
 -0.0000456772
  0.0000524176
 -0.0002020524
  0.0000194809
 -0.0001075482
 -0.0001471185
 -0.0000081651
  0.0000471047
  0.0000458860
  0.0000365987
  0.0000187778
  0.0003480543
 -0.0000734751
 -0.0000391075
  0.0000489358
  0.0000660522
 -0.0000454600
  0.0000002551
  0.0002048875
 -0.0000125962
 -0.0000319269
  0.0000262328
  0.0000454283
  0.0009781635
 -0.0002669917
  0.0000335602
  0.0000053219
 -0.0005554951
 -0.0000236680
  0.0000089824
 -0.0005304527
 -0.0001066923
  0.0000636145
 -0.0000079805
  0.0001978200
  0.0001152385
  0.0001282342
  0.0000173150
  0.0000735526
 -0.0000123064
  0.0000520622
  0.0001909105
  0.0000551737
  0.0000891684
  0.0000617366
  0.0000330653
  0.0000824150
  0.0000469292
  0.0001405381
  0.0001423487
  0.0000390390
  0.0000591008
  0.0000407294
  0.0000232528
  0.0000689121
  0.0001179731
  0.0000549262
  0.0000541719
  0.0001375610
  0.0000052620
 -0.0000238577
  0.0001753882
 -0.0000061548
  0.0000097813
 -0.0000281256
 -0.0000134283
  0.0000204001
  0.0000121334
 -0.0000287042
 -0.0000990510
  0.0000340564
  0.0000314111
 -0.0000367018
 -0.0000974433
 -0.0000876104
 -0.0000512310
 -0.0000173056
 -0.0000480511
 -0.0000553445
  0.0000568303
 -0.0000028090
 -0.0001069796
 -0.0000393429
  0.0000127533
 -0.0000714868
 -0.0000140445
  0.0000095092
  0.0000047927
 -0.0000274399
 -0.0000600886
 -0.0000702190
 -0.0000087101
 -0.0001037486
  0.0001322322
 -0.0000624692
  0.0000151830
 -0.0000540684
  0.0004485455
  0.0003639183
  0.0000735238
  0.0002426992
  0.0005993789
  0.0006325206
  0.0003900530
  0.0003087158
 -0.0003029282
  0.0000849505
  0.0002267432
 -0.0002153862
  0.0002322873
  0.0000507783
 -0.0001849096
 -0.0000124870
 -0.0001543254
 -0.0001492097
 -0.0001060660
 -0.0000346452
 -0.0000676117
 -0.0001278032
 -0.0000240643
 -0.0001247317
 -0.0001730800
 -0.0000287464
  0.0000150413
 -0.0001148117
 -0.0001506813
 -0.0001970727
 -0.0001407417
  0.0000148429
 -0.0000341322
  0.0001103443
  0.0000267139
 -0.0000105465
 -0.0002399327
 -0.0001615717
 -0.0001741859
 -0.0001520499
  0.0000003733
 -0.0000368984
  0.0000062176
  0.0000632616
 -0.0002103505
  0.0000073673
 -0.0002352946
 -0.0000785918
  0.0000060294
 -0.0000982624
 -0.0001303905
 -0.0001041876
 -0.0002120707
 -0.0001590096
 -0.0000658713
 -0.0001605204
 -0.0002396021
 -0.0001715549
  0.0000343425
  0.0007295809
 -0.0001687304
 -0.0000440384
 -0.0005832776
 -0.0001926930
 -0.0002086520
 -0.0000015176
  0.0000107343
 -0.0001521783
 -0.0001198303
  0.0002001672
 -0.0000390041
 -0.0000303768
  0.0002717486
  0.0000555383
 -0.0000626730
 -0.0001172964
  0.0000961506
  0.0000032490
  0.0002200875
  0.0001027107
 -0.0000591226
 -0.0000437259
 -0.0000385996
  0.0001468471
  0.0000572391
 -0.0000941596
  0.0001181117
 -0.0001275532
  0.0002289095
 -0.0000423428
 -0.0000553471
 -0.0000740421
 -0.0000593843
  0.0001973675
  0.0002360038
 -0.0000120909
  0.0002083331
  0.0001346418
 -0.0000183394
  0.0002415541
  0.0002542479
  0.0001407150
  0.0000883945
  0.0000620705
  0.0001321062
  0.0001128393
 -0.0000253387
  0.0000638486
  0.0001094460
  0.0001911423
  0.0000934152
  0.0001430594
  0.0001066150
  0.0001252136
  0.0000051899
  0.0001006668
  0.0000630724
  0.0001184703
  0.0000926358
 -0.0000103595
  0.0001071577
  0.0002659912
  0.0000915974
  0.0001368460
  0.0001025196
  0.0000857638
  0.0000614449
 -0.0000549210
  0.0001249485
  0.0001301226
  0.0001052475
  0.0002294794
  0.0001481821
 -0.0000163254
  0.0000543735
  0.0000113210
 -0.0000209974
 -0.0002620403
  0.0001783136
 -0.0001316233
 -0.0000799090
 -0.0001687163
 -0.0001340968
  0.0001442694
 -0.0002112655
  0.0001589715
 -0.0001604714
 -0.0001536125
 -0.0001480984
  0.0001801118
 -0.0000182381
 -0.0002127040
 -0.0002375463
 -0.0001593462
  0.0001090307
 -0.0000266163
 -0.0004048070
  0.0001864692
  0.0000762704
 -0.0002340907
 -0.0001740706
  0.0000247187
 -0.0001590404
 -0.0001734985
  0.0002709492
  0.0000965245
  0.0002155774
  0.0001121756
 -0.0002745201
  0.0000488047
 -0.0000058570
  0.0001436800
 -0.0000006578
  0.0000932965
 -0.0000261859
  0.0000205981
 -0.0001245931
 -0.0002142015
  0.0001319177
 -0.0001064409
  0.0003228840
 -0.0002367745
  0.0002588988
 -0.0000198640
 -0.0001609669
  0.0001124905
 -0.0006057159
 -0.0001429076
  0.0000686385
 -0.0000033702
 -0.0000205579
 -0.0000244929
 -0.0000292507
 -0.0000920569
 -0.0000549662
 -0.0000150677
 -0.0000208514
 -0.0000282693
 -0.0000128619
 -0.0000376321
 -0.0000073256
 -0.0000336940
 -0.0000410593
 -0.0000271834
 -0.0000303353
 -0.0000278994
 -0.0000213123
  0.0000076727
 -0.0000679328
 -0.0000016824
 -0.0000167158
 -0.0001484061
 -0.0000372196
 -0.0000487916
 -0.0000480353
 -0.0000493707
 -0.0000240055
  0.0000170117
  0.0000306747
  0.0001069820
  0.0000036727
  0.0000082039
  0.0000300298
  0.0000017756
  0.0000158707
  0.0000221951
  0.0000299371
  0.0000820792
  0.0000626666
  0.0000281873
  0.0000211372
  0.0000744026
 -0.0000102033
  0.0000303728
  0.0000607143
  0.0000038322
  0.0000257600
  0.0000251665
  0.0000237290
  0.0000190716
  0.0000793651
 -0.0000005905
  0.0000595894
  0.0000154025
  0.0000236190
 -0.0000236627
  0.0000287010
 -0.0000291035
  0.0000128262
  0.0000008242
  0.0000766790
 -0.0001233932
 -0.0003174163
 -0.0002325622
 -0.0000198653
 -0.0003117857
  0.0000612173
  0.0011307893
 -0.0001745136
  0.0001024948
  0.0001734116
 -0.0000332515
  0.0004430886
  0.0001483903
  0.0003804253
 -0.0005465276
  0.0000068299
 -0.0000755734
 -0.0001435251
 -0.0001251908
 -0.0000146135
  0.0000570470
 -0.0001457229
 -0.0000071836
 -0.0001577678
 -0.0000772333
 -0.0000317857
  0.0000181255
 -0.0002622566
 -0.0000820563
  0.0000480327
 -0.0001658597
 -0.0001357094
 -0.0002488207
  0.0001426951
  0.0000023502
  0.0002105539
 -0.0001447813
 -0.0001910930
 -0.0001869404
 -0.0001481801
 -0.0000083280
  0.0000613034
  0.0000873251
 -0.0002852073
 -0.0002574006
  0.0000263901
 -0.0000410228
 -0.0000039368
 -0.0000023776
  0.0000304611
 -0.0001205435
 -0.0001287807
  0.0000015728
 -0.0000899969
  0.0000265434
 -0.0003748826
 -0.0002763818
 -0.0000802184
  0.0000511675
 -0.0009404792
 -0.0001797497
  0.0000851346
 -0.0004621616
 -0.0002688937
 -0.0000260150
  0.0000258065
  0.0000036125
  0.0000040663
  0.0000091323
  0.0000221255
 -0.0000039997
  0.0000477634
  0.0000123352
  0.0000074697
  0.0000149257
  0.0000104448
  0.0000201063
  0.0000127030
  0.0000097896
  0.0000320441
  0.0000025413
  0.0000179928
  0.0000265266
  0.0000101797
  0.0000181872
  0.0000255879
 -0.0000024162
 -0.0000300556
  0.0000177668
 -0.0000194411
 -0.0000012206
  0.0000220223
  0.0000148464
 -0.0000039327
 -0.0000004280
  0.0000017821
 -0.0000166982
 -0.0000206746
  0.0000022237
 -0.0000005726
  0.0000256419
  0.0000099966
 -0.0000085213
 -0.0000233080
  0.0000166132
 -0.0000061718
  0.0000037224
  0.0000104203
  0.0000128328
 -0.0000468088
 -0.0000083851
 -0.0000080720
  0.0000061573
  0.0000003107
 -0.0000037593
  0.0000134996
 -0.0000030108
  0.0000188704
 -0.0000019337
  0.0002052379
  0.0001720690
  0.0001430018
  0.0000538457
  0.0002184808
 -0.0000082268
  0.0001498368
  0.0001493209
 -0.0004506774
  0.0000783273
  0.0000815438
  0.0002119856
  0.0001090271
  0.0002271671
  0.0001742190
 -0.0000167948
 -0.0000096935
 -0.0000133227
 -0.0000041857
 -0.0000172737
 -0.0000071792
  0.0000039890
 -0.0000183153
  0.0000324888
  0.0000068523
 -0.0000256360
 -0.0000206703
 -0.0000149787
 -0.0000022266
 -0.0000134739
 -0.0000027338
 -0.0000204299
 -0.0000153548
  0.0002627610
 -0.0000152055
 -0.0000126092
 -0.0000307675
 -0.0000116403
 -0.0000234377
 -0.0000108716
  0.0000108517
  0.0000003539
  0.0000000445
  0.0000604736
 -0.0000379413
 -0.0000082014
 -0.0002607695
  0.0000080689
  0.0000881807
 -0.0000361175
  0.0000036320
  0.0000191706
 -0.0000440911
  0.0000173601
  0.0000131099
  0.0000229454
  0.0000177864
  0.0000086040
  0.0000085211
  0.0000024712
  0.0000125260
  0.0000042110
  0.0000115834
  0.0000020322
  0.0000038910
  0.0000010876
  0.0000090701
  0.0000005360
  0.0000078667
 -0.0000022846
  0.0000032745
  0.0000004477
  0.0000089711
  0.0000059987
  0.0000009954
  0.0000030103
  0.0000045463
  0.0000057204
  0.0000037152
 -0.0000008692
  0.0000071580
  0.0000039783
  0.0000026734
  0.0000110535
  0.0000028748
  0.0000048432
  0.0000072304
 -0.0000022797
  0.0000265339
  0.0000604564
 -0.0000339712
 -0.0000085184
 -0.0000002947
 -0.0000225536
 -0.0000254295
 -0.0000244442
 -0.0000362945
  0.0000720430
  0.0000297616
 -0.0000047524
  0.0000229956
 -0.0000323660
 -0.0000260180
  0.0000154189
  0.0000182940
  0.0000404874
  0.0000074002
 -0.0000055504
  0.0000121189
  0.0000036693
 -0.0000085173
 -0.0000052381
  0.0000101881
 -0.0000050784
 -0.0000101542
 -0.0000093372
 -0.0000157589
 -0.0000127626
 -0.0000128660
  0.0000085064
  0.0000047104
  0.0000401896
  0.0000076781
 -0.0000155132
 -0.0001570934
 -0.0000318990
 -0.0000066628
 -0.0000033746
 -0.0000057105
  0.0000100861
  0.0000262996
 -0.0000074489
  0.0000075677
 -0.0000056122
 -0.0000194403
 -0.0000293204
 -0.0000064267
 -0.0000075469
  0.0000285393
  0.0000020916
 -0.0000326112
 -0.0000307795
 -0.0000115361
  0.0000037152
  0.0000994797
 -0.0000087823
  0.0000115904
 -0.0000124512
  0.0000100569
 -0.0000192061
  0.0000116678
  0.0000122398
 -0.0000151819
 -0.0000177655
 -0.0000030555
  0.0000167889
  0.0000006437
  0.0000020935
  0.0000013852
  0.0000017484
  0.0000038518
  0.0000057510
  0.0000008151
 -0.0000037737
 -0.0000023817
 -0.0000025853
  0.0000036859
  0.0000033413
  0.0000084194
 -0.0000054584
  0.0000027786
 -0.0000088986
  0.0000005400
 -0.0000047231
 -0.0000115734
 -0.0000157851
 -0.0000246137
  0.0000181899
 -0.0000042772
  0.0000002943
  0.0000070355
 -0.0000043664
  0.0000235214
 -0.0000005750
 -0.0000118317
 -0.0000011644
 -0.0000087879
 -0.0000039776
  0.0000028133
  0.0000047215
 -0.0000009148
  0.0000097575
  0.0000057329
 -0.0000046273
 -0.0000007008
  0.0000044158
  0.0000145303
 -0.0000084470
  0.0000102930
 -0.0000161023
 -0.0000409001
 -0.0000303066
 -0.0000040983
 -0.0000089649
 -0.0000040637
 -0.0000058213
 -0.0000069073
  0.0000038216
  0.0000151797
  0.0000067600
 -0.0000001111
  0.0000029787
 -0.0000039243
 -0.0000069774
 -0.0000120792
 -0.0000201558
  0.0000042404
  0.0000051173
 -0.0000260081
  0.0000011150
 -0.0000008715
 -0.0000164685
  0.0000127809
 -0.0000081863
 -0.0000006382
  0.0000211029
  0.0000196465
  0.0000154561
 -0.0000192619
 -0.0000027255
  0.0000043744
 -0.0000166805
  0.0000091635
 -0.0000225733
 -0.0000028703
  0.0000055777
 -0.0000002773
  0.0000100550
  0.0000002367
  0.0000090950
 -0.0000020650
  0.0000009436
 -0.0000034910
  0.0000055526
 -0.0000004717
  0.0000019373
  0.0000029471
 -0.0000003177
  0.0000015452
 -0.0000007201
  0.0000038772
  0.0000012956
 -0.0000035223
 -0.0000007722
 -0.0000004440
  0.0000032853
  0.0000002872
 -0.0000041837
  0.0000111750
  0.0000046780
  0.0000015940
 -0.0000007033
  0.0000075436
 -0.0000357455
 -0.0000025958
  0.0000008743
  0.0000020386
  0.0000024851
 -0.0000365354
 -0.0000932169
 -0.0000145182
 -0.0000397156
  0.0000623757
 -0.0000020845
  0.0000892648
  0.0000094492
  0.0000331812
 -0.0000274757
 -0.0000054994
 -0.0000237421
  0.0000177479
 -0.0000481040
 -0.0000284123
  0.0000113211
  0.0000007662
 -0.0000023145
  0.0000048722
 -0.0000014466
  0.0000075683
  0.0000119285
 -0.0000130387
 -0.0000108403
  0.0000269256
 -0.0000008763
 -0.0000044344
  0.0000159663
 -0.0000130772
  0.0000026776
 -0.0000023493
  0.0000034815
 -0.0000095282
  0.0001038766
 -0.0000020913
  0.0000030046
 -0.0000131838
 -0.0001748133
  0.0000138428
 -0.0000024905
 -0.0000022813
 -0.0000112461
  0.0000099883
  0.0000138221
 -0.0000005403
  0.0000220575
  0.0000099576
 -0.0000080460
 -0.0000340421
  0.0000022052
 -0.0000019841
  0.0000217529
  0.0000243011
 -0.0000272183
  0.0000033408
 -0.0000150671
  0.0000108948
  0.0001593835
 -0.0000131194
  0.0000362614
 -0.0000175331
  0.0000051573
  0.0000092716
  0.0000033262
  0.0000090066
  0.0000168354
 -0.0000037276
 -0.0000012561
 -0.0000018554
  0.0000067050
  0.0000016045
 -0.0000000674
 -0.0000006191
  0.0000020918
 -0.0000027328
 -0.0000015668
 -0.0000002725
  0.0000012873
  0.0000021846
  0.0000022177
 -0.0000007517
  0.0000019755
 -0.0000040134
 -0.0000077193
 -0.0000029793
  0.0000052618
  0.0000012632
 -0.0000029231
 -0.0000031160
  0.0000024720
 -0.0000008125
 -0.0000010808
 -0.0000026811
  0.0000049589
  0.0000018100
  0.0000027331
  0.0000019517
  0.0000398531
  0.0000642618
 -0.0000469304
 -0.0000193446
 -0.0000173536
 -0.0000145318
 -0.0000498085
  0.0000031422
  0.0000184823
 -0.0000070917
  0.0000269762
  0.0000141700
  0.0000799398
 -0.0000095317
  0.0000007238
  0.0000117931
 -0.0000014914
 -0.0000075183
  0.0000025155
 -0.0000044499
  0.0000063715
  0.0000082410
 -0.0000133118
 -0.0000145830
  0.0000167447
 -0.0000013489
 -0.0000059705
  0.0000149538
 -0.0000122908
 -0.0000018973
 -0.0000065341
  0.0000004498
 -0.0000092584
  0.0000405162
 -0.0000064489
  0.0000068760
 -0.0000158472
 -0.0001338811
 -0.0000382492
 -0.0000065563
 -0.0000074091
  0.0000087828
  0.0000248332
 -0.0000033898
  0.0000060789
 -0.0000059657
 -0.0000287976
 -0.0000083583
 -0.0000091313
  0.0000272946
  0.0000001298
 -0.0000295539
 -0.0000256889
 -0.0000135254
  0.0000075072
  0.0000770476
 -0.0000102290
  0.0000038674
 -0.0000154791
  0.0000006368
  0.0000060196
 -0.0000161694
 -0.0000098426
 -0.0000201601
 -0.0000015827
 -0.0000110470
 -0.0000071964
 -0.0000033941
 -0.0000100031
 -0.0000083242
 -0.0000069241
 -0.0000002676
 -0.0000072589
 -0.0000054985
 -0.0000041817
  0.0000025054
 -0.0000051414
 -0.0000011400
 -0.0000089040
 -0.0000025799
 -0.0000065508
 -0.0000036550
 -0.0000085667
 -0.0000098162
 -0.0000072167
 -0.0000047350
 -0.0000076258
 -0.0000039690
 -0.0000017771
 -0.0000049982
 -0.0000061014
  0.0000103647
 -0.0000822538
  0.0000424449
 -0.0000116357
 -0.0000057773
 -0.0000180405
 -0.0000319417
  0.0000069724
  0.0001582829
 -0.0000281366
 -0.0000543655
  0.0000109407
 -0.0000699728
  0.0000040479
  0.0000497148
 -0.0000011719
  0.0000018376
 -0.0000067088
 -0.0000049588
 -0.0000108326
 -0.0000029713
 -0.0000080097
 -0.0000060323
 -0.0000152375
 -0.0000048444
  0.0000014756
 -0.0000156343
 -0.0000012253
  0.0000053021
 -0.0000141548
 -0.0000046186
 -0.0000098255
 -0.0000010355
  0.0000277962
 -0.0000172466
  0.0000177075
 -0.0000176647
 -0.0001328762
 -0.0000410943
 -0.0000183259
 -0.0000043972
 -0.0000074813
 -0.0000108236
 -0.0000004410
  0.0000196867
 -0.0000161180
 -0.0000091468
 -0.0000035529
 -0.0000193943
 -0.0000263224
 -0.0000021670
 -0.0000187369
  0.0000100478
 -0.0000026932
 -0.0000304180
 -0.0000324610
  0.0000489449
 -0.0000027129
 -0.0000020042
 -0.0000158863
  0.0000095921
  0.0000285329
  0.0000105794
  0.0000082993
  0.0000181205
  0.0000268528
  0.0000205472
  0.0000261264
  0.0000155786
 -0.0000089775
 -0.0000230930
 -0.0000044850
 -0.0000037035
 -0.0000153481
 -0.0000070130
 -0.0000056577
 -0.0000126922
 -0.0000093537
 -0.0000064602
 -0.0000049740
 -0.0000121401
 -0.0000032197
 -0.0000059003
 -0.0000071543
 -0.0000105049
 -0.0000171901
 -0.0000092974
 -0.0000031470
 -0.0000064362
 -0.0000126322
 -0.0000032774
 -0.0000265344
 -0.0000067479
 -0.0000070882
 -0.0000098153
  0.0000126253
 -0.0000082364
  0.0000096283
 -0.0000041450
 -0.0000028596
 -0.0000073014
  0.0000398284
  0.0000644770
 -0.0000461253
 -0.0000187086
  0.0000106422
 -0.0000237222
 -0.0000289062
 -0.0000253387
  0.0000690491
 -0.0000354504
  0.0000295857
 -0.0000061790
  0.0000718355
 -0.0000087315
 -0.0000120540
 -0.0000130207
 -0.0000115581
 -0.0000032788
 -0.0000173959
 -0.0000294525
 -0.0000036005
 -0.0000100544
 -0.0000118685
 -0.0000077127
 -0.0000065958
  0.0000073426
 -0.0000222393
 -0.0000098458
  0.0000029474
 -0.0000083583
 -0.0000059820
  0.0000080521
  0.0000064370
  0.0000417069
 -0.0000129708
  0.0000032425
 -0.0000771676
 -0.0000183927
  0.0000047106
 -0.0000145728
  0.0000060938
  0.0000094646
  0.0000184046
 -0.0000188262
 -0.0000014873
  0.0000043106
  0.0000304633
 -0.0000285131
 -0.0000161716
 -0.0000047297
  0.0000396224
 -0.0000255377
 -0.0000318076
  0.0000203749
  0.0000093525
  0.0000084917
 -0.0000090996
 -0.0000256844
  0.0000253335
 -0.0000172481
  0.0000174688
 -0.0000034362
 -0.0000301818
  0.0000114154
  0.0000031091
  0.0000054631
  0.0000145884
  0.0000016877
  0.0000105971
 -0.0000050604
  0.0000032773
 -0.0000028600
  0.0000026137
 -0.0000069511
 -0.0000041715
 -0.0000042096
  0.0000007210
 -0.0000026779
 -0.0000074233
  0.0000038237
  0.0000029186
 -0.0000042373
 -0.0000036100
 -0.0000011606
  0.0000062787
  0.0000030411
 -0.0000011268
  0.0000116885
  0.0000066449
 -0.0000035930
 -0.0000003265
  0.0000036457
 -0.0000153426
 -0.0000074801
  0.0000001205
 -0.0000002519
 -0.0000000952
 -0.0000627274
  0.0000167449
 -0.0000947636
 -0.0001063484
 -0.0000666295
  0.0001540718
  0.0000776380
  0.0000886426
 -0.0002759336
 -0.0000775637
 -0.0000448328
  0.0000997233
 -0.0000383998
  0.0000244963
 -0.0000237495
 -0.0000014348
  0.0000038592
 -0.0000078577
  0.0000166452
 -0.0000171385
  0.0000002093
 -0.0000076734
 -0.0000175075
 -0.0000051944
  0.0000117791
 -0.0000154564
 -0.0000163611
 -0.0000068598
  0.0000066991
  0.0000027232
  0.0000058339
 -0.0000159254
  0.0000144406
  0.0001330346
 -0.0000032090
  0.0000280151
 -0.0002371127
  0.0000127776
 -0.0000124179
  0.0000106750
 -0.0000099040
 -0.0000034190
 -0.0000148969
  0.0000133086
 -0.0000100440
  0.0000052687
 -0.0000059029
  0.0000246096
 -0.0000179799
 -0.0000263614
  0.0000033072
  0.0000100463
 -0.0000675395
  0.0000089689
 -0.0000195427
 -0.0000250040
 -0.0000122619
 -0.0000070691
  0.0002045456
 -0.0000122200
  0.0000201195
  0.0000083066
  0.0000028813
 -0.0000001411
 -0.0000050996
 -0.0000029787
  0.0000010097
 -0.0000032048
 -0.0000031447
 -0.0000000409
 -0.0000029079
 -0.0000001549
 -0.0000029808
 -0.0000007976
 -0.0000023253
  0.0000013067
 -0.0000050276
 -0.0000032379
 -0.0000017394
 -0.0000077724
 -0.0000019999
 -0.0000036847
  0.0000020495
 -0.0000048662
 -0.0000035372
  0.0000005785
 -0.0000028538
  0.0000094201
 -0.0000054114
 -0.0000182424
  0.0000018912
 -0.0000383201
 -0.0000389577
 -0.0000021205
  0.0000163940
  0.0000043047
  0.0000388935
  0.0000385451
  0.0000246202
  0.0000508764
 -0.0000198119
 -0.0000363738
  0.0000115875
  0.0000037933
 -0.0000079306
 -0.0000030545
 -0.0000185790
  0.0000028257
 -0.0000000683
 -0.0000080327
  0.0000163458
 -0.0000103828
 -0.0000200968
 -0.0000096345
  0.0000000040
  0.0000158357
  0.0000030052
 -0.0000001412
  0.0000063436
 -0.0000047541
  0.0000188726
  0.0000155087
 -0.0000142930
 -0.0000717505
 -0.0000400537
 -0.0000085888
  0.0000097183
 -0.0000155957
 -0.0000080537
  0.0000022316
  0.0000208763
 -0.0000162186
  0.0000009043
 -0.0000179429
 -0.0000224034
 -0.0000076200
  0.0000268410
  0.0000071119
 -0.0000296359
 -0.0000220937
  0.0000211312
  0.0000017039
  0.0000097625
 -0.0000101666
  0.0000291811
  0.0000240799
  0.0000203015
 -0.0000022031
  0.0000140737
 -0.0000346463
  0.0000254595
  0.0000190044
  0.0000064677
  0.0000029837
  0.0000179731
  0.0000136227
  0.0000102529
  0.0000005759
 -0.0000022698
 -0.0000012942
  0.0000073319
  0.0000013896
 -0.0000134234
 -0.0000000981
  0.0000009518
 -0.0000044824
 -0.0000030989
  0.0000005969
  0.0000022441
 -0.0000062518
 -0.0000032290
  0.0000034487
 -0.0000000581
  0.0000011418
  0.0000017915
 -0.0000041522
 -0.0000100738
 -0.0000013173
  0.0000026352
  0.0000001133
 -0.0000046360
 -0.0000005244
 -0.0000131135
  0.0000009817
 -0.0000014039
 -0.0000023638
 -0.0000012753
  0.0000017902
  0.0000030710
 -0.0000022130
  0.0000169750
 -0.0000185797
  0.0000417146
  0.0000765565
  0.0000508955
  0.0000426177
  0.0000084244
  0.0000170458
 -0.0002381806
 -0.0000744295
  0.0000925035
  0.0000696429
 -0.0000334097
  0.0000510855
  0.0000673642
 -0.0000080244
  0.0000095842
  0.0000092421
 -0.0000204053
 -0.0000228549
  0.0000034384
  0.0000074739
 -0.0000075008
  0.0000133160
  0.0000073424
  0.0000187675
 -0.0000144593
  0.0000035493
  0.0000152051
 -0.0000242141
 -0.0000085160
  0.0000117056
  0.0000142065
  0.0001571015
  0.0000005359
  0.0000252528
 -0.0000114443
 -0.0002529976
  0.0000067731
 -0.0000190683
 -0.0000079323
 -0.0000032205
 -0.0000027682
 -0.0000262625
 -0.0000191835
 -0.0000055105
  0.0000033967
 -0.0000204923
 -0.0000040124
  0.0000331388
 -0.0001299722
 -0.0000211064
 -0.0000625687
 -0.0000196550
  0.0000029561
  0.0001748595
  0.0000190804
  0.0000139860
  0.0000294967
  0.0000157561
  0.0000148868
  0.0000181860
  0.0000208775
  0.0000267987
  0.0000278705
  0.0000118485
  0.0000136666
  0.0000271943
  0.0000229831
  0.0000188220
 -0.0000182675
 -0.0000303638
 -0.0000041599
  0.0000012003
 -0.0000217183
 -0.0000076157
 -0.0000034802
 -0.0000231278
 -0.0000164967
 -0.0000054533
 -0.0000052187
 -0.0000148867
 -0.0000195203
 -0.0000024519
 -0.0000043368
 -0.0000165217
 -0.0000140735
 -0.0000143104
 -0.0000233318
 -0.0000219306
 -0.0000014411
 -0.0000173097
 -0.0000257575
 -0.0000061769
 -0.0000365829
 -0.0000085375
 -0.0000048089
 -0.0000234029
  0.0000109222
 -0.0000105740
  0.0000143035
 -0.0000021727
  0.0000020254
 -0.0000049122
 -0.0001442349
  0.0000138204
 -0.0001339345
 -0.0001275680
 -0.0000598005
  0.0001041013
  0.0000620986
  0.0000749184
  0.0000534858
 -0.0001617038
  0.0000189185
  0.0000829474
 -0.0001310001
 -0.0001044406
 -0.0000728706
 -0.0000010100
 -0.0000128908
  0.0000132793
  0.0000191514
 -0.0000095242
 -0.0000020227
  0.0000005355
 -0.0000099652
 -0.0000277906
 -0.0000080752
  0.0000087364
 -0.0000116766
 -0.0000114635
  0.0000030307
  0.0000256361
 -0.0000022332
 -0.0000068376
 -0.0000094640
  0.0001425003
 -0.0000158088
  0.0000469509
 -0.0000068843
 -0.0000188787
 -0.0000318983
 -0.0000087274
 -0.0000231985
 -0.0000226153
 -0.0000031156
 -0.0000343654
  0.0000033329
  0.0000373681
 -0.0001310007
 -0.0000158713
 -0.0000575335
 -0.0000332308
 -0.0000011844
 -0.0000355642
  0.0000114451
 -0.0000093284
 -0.0000079031
 -0.0000081641
 -0.0000084512
 -0.0000069643
 -0.0000073935
 -0.0000074449
 -0.0000071050
 -0.0000052799
 -0.0000092534
 -0.0000100467
 -0.0000074917
 -0.0000068753
 -0.0000090998
 -0.0000065625
 -0.0000124974
 -0.0000085225
 -0.0000075028
 -0.0000002959
 -0.0000159662
 -0.0000158964
 -0.0000197140
  0.0000101238
 -0.0000179092
 -0.0000295290
 -0.0000275359
 -0.0000167649
 -0.0000003520
  0.0000051835
 -0.0000244873
 -0.0000081536
 -0.0000163546
  0.0000001200
  0.0000028885
  0.0000008251
  0.0000009627
  0.0000063722
 -0.0000125358
 -0.0000033158
 -0.0000081074
 -0.0000080545
 -0.0000093690
 -0.0000056036
 -0.0000088834
 -0.0000151754
 -0.0000073597
 -0.0000143214
 -0.0000136256
 -0.0000069456
 -0.0000019819
  0.0000021945
  0.0000000282
 -0.0000163843
  0.0000036893
 -0.0000308543
 -0.0000375496
 -0.0000429093
 -0.0000153254
 -0.0000126983
 -0.0000124295
 -0.0000133832
  0.0000067123
 -0.0000069846
 -0.0000125096
  0.0000185649
 -0.0000257861
 -0.0000327263
 -0.0000393918
  0.0000004135
 -0.0000093490
 -0.0000281016
 -0.0000044396
  0.0000085785
 -0.0000081532
 -0.0000038618
 -0.0000200661
  0.0000281284
  0.0000053604
  0.0000117141
  0.0000177415
  0.0000092010
  0.0000056752
  0.0000120874
  0.0000103087
 -0.0000001312
  0.0000169380
  0.0000071064
  0.0000051576
 -0.0000048896
  0.0000020056
 -0.0000036398
 -0.0000000235
 -0.0000004526
  0.0000033916
  0.0000002044
  0.0000063233
 -0.0000006672
  0.0000041951
  0.0000009339
  0.0000019332
  0.0000005141
  0.0000015051
 -0.0000014953
  0.0000017486
  0.0000025849
  0.0000083935
 -0.0000102084
 -0.0000150232
 -0.0000100693
  0.0000054436
  0.0000360892
 -0.0000267419
 -0.0000076927
 -0.0000133963
  0.0000093998
  0.0000038327
 -0.0000101825
  0.0000007390
 -0.0000063932
  0.0000184525
  0.0000018784
  0.0000036144
 -0.0000075455
  0.0000076720
 -0.0000043956
 -0.0000045122
 -0.0000016667
 -0.0000010846
 -0.0000053234
  0.0000048982
  0.0000032870
  0.0000062557
  0.0000117809
 -0.0000090046
  0.0000158726
 -0.0000193072
 -0.0000663126
 -0.0000356866
 -0.0000058025
 -0.0000096245
 -0.0000048902
 -0.0000085383
 -0.0000085502
  0.0000184548
  0.0000128597
 -0.0000028170
  0.0000003665
 -0.0000042191
  0.0000067620
 -0.0000051473
 -0.0000065442
 -0.0000108721
 -0.0000231613
  0.0000014405
  0.0000082091
 -0.0000233286
  0.0000066548
 -0.0000002159
 -0.0000168177
  0.0000059235
 -0.0000069822
 -0.0000021153
  0.0000232580
  0.0000243550
  0.0000132616
 -0.0000191409
  0.0000195579
 -0.0000027499
 -0.0000064530
 -0.0000042013
 -0.0000009913
 -0.0000029181
 -0.0000024670
 -0.0000033928
 -0.0000039021
 -0.0000043072
 -0.0000024536
 -0.0000042065
 -0.0000020663
  0.0000049439
 -0.0000067163
 -0.0000022034
 -0.0000164420
 -0.0000017503
 -0.0000075706
 -0.0000182143
 -0.0000161995
 -0.0000389766
  0.0000141375
 -0.0000010689
 -0.0000090544
  0.0000045470
 -0.0000090889
  0.0000087937
 -0.0000066504
 -0.0000108616
  0.0000049318
  0.0000023039
 -0.0000023754
 -0.0000043736
  0.0000021102
 -0.0000215933
  0.0000001932
 -0.0000020508
 -0.0000000530
  0.0000166973
 -0.0000093552
  0.0000066546
 -0.0000208814
 -0.0000166477
 -0.0000273772
 -0.0000070168
 -0.0000039902
 -0.0000083467
 -0.0000104344
 -0.0000128123
  0.0000065573
  0.0000109235
 -0.0000028674
 -0.0000006246
 -0.0000106200
 -0.0000143051
 -0.0000241892
 -0.0000058152
  0.0000009990
 -0.0000295896
 -0.0000021588
  0.0000011671
 -0.0000186328
  0.0000156938
 -0.0000061614
  0.0000001597
  0.0000255148
  0.0000180269
  0.0000095318
 -0.0000229202
  0.0000150331
 -0.0000106016
  0.0000104078
  0.0000096967
  0.0000211399
  0.0000008513
  0.0000102086
  0.0000192608
  0.0000032264
  0.0000341006
  0.0000142785
 -0.0000127448
  0.0000007397
 -0.0000061531
  0.0000049034
  0.0000059358
 -0.0000095110
  0.0000026665
  0.0000043464
 -0.0000021394
  0.0000001737
  0.0000050527
  0.0000040863
 -0.0000013902
 -0.0000018616
  0.0000057372
  0.0000070071
  0.0000050199
  0.0000064242
 -0.0000014838
 -0.0000073849
  0.0000021106
  0.0000065339
  0.0000044794
 -0.0000009232
  0.0000024083
 -0.0000140244
  0.0000057121
  0.0000025374
  0.0000008159
  0.0000005885
  0.0000085094
  0.0000055561
  0.0000067568
  0.0000079529
  0.0000351809
 -0.0000568571
  0.0000615934
  0.0000560238
  0.0000353111
  0.0000489018
  0.0000171540
  0.0000285221
 -0.0003109904
 -0.0002384700
  0.0000566576
  0.0000782972
 -0.0001914572
  0.0000591402
  0.0000367230
  0.0000073862
 -0.0000025932
 -0.0000091654
 -0.0000139677
 -0.0000162561
  0.0000073754
 -0.0000202037
  0.0000037351
 -0.0000033651
  0.0000019931
  0.0000148250
 -0.0000075764
 -0.0000075826
 -0.0000080180
 -0.0000009538
 -0.0000221764
  0.0000234730
 -0.0000233992
  0.0001617530
 -0.0000127720
  0.0000490147
 -0.0000042569
  0.0000105520
 -0.0000211719
 -0.0000049373
 -0.0000069232
 -0.0000067553
 -0.0000168276
 -0.0000243619
 -0.0000032373
  0.0000083348
 -0.0000310810
 -0.0000167928
  0.0000559052
 -0.0001372387
 -0.0000166658
 -0.0000611331
 -0.0000178517
  0.0000062254
  0.0001808765
 -0.0000231145
  0.0000088172
  0.0000090087
 -0.0000185737
 -0.0000009678
  0.0000006331
 -0.0000086625
  0.0000020800
  0.0000039159
  0.0000040418
  0.0000000971
  0.0000060993
 -0.0000041421
  0.0000032455
 -0.0000027825
  0.0000038012
 -0.0000037178
 -0.0000010045
 -0.0000018492
  0.0000116285
  0.0000014123
  0.0000039988
 -0.0000001022
  0.0000060010
  0.0000060266
  0.0000038488
  0.0000004885
  0.0000081520
  0.0000008296
  0.0000009207
  0.0000031799
  0.0000033643
 -0.0000302447
 -0.0000021749
  0.0000032034
  0.0000016706
 -0.0000035771
  0.0000394724
  0.0000580609
 -0.0000231231
 -0.0000093684
 -0.0000008688
 -0.0000236449
 -0.0000209287
 -0.0000291255
 -0.0000304922
  0.0000704135
  0.0000168980
 -0.0000088578
 -0.0000184995
 -0.0000556617
 -0.0000341526
  0.0000119840
  0.0000030393
 -0.0000088818
 -0.0000066618
 -0.0000182707
  0.0000083917
 -0.0000017280
 -0.0000036461
  0.0000132802
 -0.0000053140
 -0.0000171886
 -0.0000108140
  0.0000002015
  0.0000103675
 -0.0000067331
 -0.0000035933
  0.0000077544
  0.0000139409
  0.0000388678
  0.0000072927
 -0.0000189006
 -0.0001615136
 -0.0000245781
 -0.0000150458
 -0.0000072326
 -0.0000080277
  0.0000065846
  0.0000245535
 -0.0000101189
 -0.0000201304
  0.0000086803
 -0.0000060330
 -0.0000134585
 -0.0000323318
 -0.0000009883
 -0.0000159430
  0.0000211804
  0.0000063004
 -0.0000342357
 -0.0000323023
 -0.0000179252
 -0.0000052037
  0.0001212666
 -0.0000102342
  0.0000311535
 -0.0000117506
  0.0000071399
  0.0000168179
  0.0000349322
 -0.0000540697
 -0.0000090368
 -0.0000190598
 -0.0000058699
 -0.0000206675
 -0.0000062805
 -0.0000061926
 -0.0000099136
 -0.0000065022
 -0.0000069985
 -0.0000033182
 -0.0000036081
 -0.0000069242
 -0.0000046174
 -0.0000115533
 -0.0000089253
 -0.0000036725
 -0.0000110378
 -0.0000239300
 -0.0000035687
 -0.0000084903
 -0.0000095477
  0.0000131376
 -0.0000104692
  0.0000070566
 -0.0000057619
 -0.0000048214
 -0.0000032084
  0.0000032500
 -0.0000379257
 -0.0000489685
 -0.0000111052
  0.0000018015
 -0.0000294655
 -0.0000099064
  0.0000241390
  0.0000094383
  0.0000455226
  0.0000305596
  0.0000277148
  0.0000521380
 -0.0000290263
 -0.0000478934
  0.0000038092
 -0.0000037678
 -0.0000141180
 -0.0000018949
 -0.0000112715
 -0.0000021037
 -0.0000002871
 -0.0000187560
 -0.0000205014
 -0.0000021212
 -0.0000075570
 -0.0000121951
  0.0000096214
 -0.0000172676
 -0.0000119446
 -0.0000161689
 -0.0000105948
 -0.0000104117
  0.0000139290
  0.0000182950
 -0.0000216714
 -0.0000680612
 -0.0000449669
 -0.0000122832
 -0.0000093703
  0.0000132602
  0.0000189300
 -0.0000230896
 -0.0000021784
 -0.0000184673
 -0.0000270080
 -0.0000154457
 -0.0000209567
  0.0000083954
 -0.0000039717
 -0.0000330566
 -0.0000192968
  0.0000005474
  0.0000128011
 -0.0000075173
  0.0000000172
 -0.0000181875
  0.0000166524
  0.0000206599
 -0.0000045860
  0.0000080923
  0.0000070938
  0.0000105130
  0.0000055332
  0.0000020909
  0.0000014199
  0.0000047487
  0.0000031260
  0.0000090658
  0.0000022139
 -0.0000011273
 -0.0000003345
 -0.0000023084
  0.0000036613
  0.0000011928
 -0.0000146864
 -0.0000160064
  0.0000545751
 -0.0000207921
  0.0000035948
  0.0000005307
 -0.0000372848
 -0.0000072239
 -0.0000218026
  0.0000326114
  0.0000184587
  0.0000041439
  0.0000266678
  0.0000128345
  0.0000115934
 -0.0000063363
 -0.0000031239
 -0.0000026953
 -0.0000099058
 -0.0000045271
 -0.0000049400
 -0.0000092883
 -0.0000158371
 -0.0000019383
  0.0000069519
  0.0000117115
  0.0000037135
 -0.0000090761
  0.0000177321
 -0.0000073985
  0.0000107282
 -0.0000145952
 -0.0000037992
 -0.0000239621
 -0.0000055331
  0.0000047399
 -0.0000083596
 -0.0000160608
 -0.0000274318
 -0.0000091775
 -0.0000066110
 -0.0000171052
  0.0000128006
 -0.0000385094
 -0.0000374615
 -0.0000116121
  0.0000010498
 -0.0000083021
 -0.0000316567
  0.0000166960
 -0.0000125344
 -0.0000160802
 -0.0000075954
  0.0000230661
 -0.0000304832
  0.0000216229
 -0.0000103194
  0.0000080395
  0.0000699198
  0.0000146752
 -0.0000164789
 -0.0000375519
 -0.0000457950
  0.0000107861
  0.0000135856
  0.0000112928
  0.0000214084
 -0.0000289040
  0.0000171836
  0.0000056342
  0.0000219087
 -0.0000616095
 -0.0000104276
 -0.0000232402
 -0.0000095552
 -0.0000051055
 -0.0000177341
 -0.0000082395
 -0.0000069256
 -0.0000139981
 -0.0000105441
 -0.0000063389
 -0.0000068382
 -0.0000105150
 -0.0000121393
 -0.0000050231
 -0.0000048343
 -0.0000082454
 -0.0000053101
 -0.0000128227
 -0.0000180371
 -0.0000102983
 -0.0000047177
 -0.0000073498
 -0.0000136794
 -0.0000070291
 -0.0000279588
 -0.0000058309
 -0.0000087668
 -0.0000108713
  0.0000151228
 -0.0000102101
  0.0000092836
 -0.0000053143
 -0.0000044028
 -0.0000037213
 -0.0000613668
 -0.0001086330
 -0.0000376765
 -0.0000576622
  0.0000826534
 -0.0000649807
  0.0000540330
 -0.0000037943
  0.0000540845
 -0.0000710909
 -0.0000304505
 -0.0000284653
 -0.0000400274
 -0.0000740077
 -0.0000176784
 -0.0000076277
  0.0000009029
  0.0000002938
 -0.0000339617
 -0.0000287853
 -0.0000039973
 -0.0000017372
 -0.0000072483
  0.0000086898
  0.0000036848
  0.0000107618
 -0.0000199114
  0.0000012045
  0.0000067330
 -0.0000087088
 -0.0000172189
  0.0000156892
  0.0000020355
  0.0000925423
 -0.0000082137
  0.0000099287
 -0.0000150340
  0.0000010375
 -0.0000108283
 -0.0000328779
 -0.0000017960
 -0.0000021246
  0.0000165024
 -0.0000224455
 -0.0000417710
  0.0000024792
 -0.0000018299
 -0.0000677062
 -0.0000028237
 -0.0000190567
 -0.0000190999
 -0.0000040469
  0.0001107949
 -0.0000148067
 -0.0000015586
 -0.0000018024
 -0.0000116608
 -0.0000147773
 -0.0000123775
 -0.0000168454
  0.0000046089
  0.0000024964
  0.0000040621
  0.0000022290
  0.0000035105
  0.0000045468
 -0.0000006327
 -0.0000005194
  0.0000063532
  0.0000034177
 -0.0000040966
  0.0000093879
 -0.0000094271
 -0.0000138131
 -0.0000561919
 -0.0000197224
  0.0000006506
 -0.0000091983
  0.0000354682
  0.0000108200
  0.0000192775
  0.0000080480
  0.0000030172
 -0.0000023945
  0.0000055639
  0.0000048060
  0.0000076262
  0.0000166579
  0.0000072183
 -0.0000024439
 -0.0000002472
  0.0000067561
  0.0000499735
 -0.0000057014
  0.0000126682
 -0.0000091894
  0.0000286818
 -0.0000007571
 -0.0000016851
 -0.0000039171
 -0.0000034307
 -0.0000023266
 -0.0000081066
  0.0000051177
  0.0000254467
  0.0000034993
  0.0000021888
  0.0000066022
 -0.0000060218
 -0.0000188588
  0.0000022301
  0.0000093092
 -0.0000205166
 -0.0000073248
  0.0000104624
 -0.0000076825
  0.0000232691
 -0.0000019916
  0.0000045103
  0.0000829719
  0.0000133948
  0.0000271206
 -0.0000097906
  0.0000133939
 -0.0000042812
 -0.0000045126
  0.0000229969
  0.0000082280
  0.0000094332
 -0.0000012241
 -0.0000017753
  0.0000012573
  0.0000093597
  0.0000010074
 -0.0000065780
  0.0000011990
 -0.0000000046
 -0.0000046438
 -0.0000028013
  0.0000008865
  0.0000020980
 -0.0000015396
 -0.0000026389
  0.0000037157
  0.0000039994
  0.0000015315
  0.0000010364
 -0.0000048207
 -0.0000095191
 -0.0000025529
  0.0000025674
 -0.0000004168
 -0.0000052321
  0.0000040642
 -0.0000074889
  0.0000021994
 -0.0000017966
 -0.0000028852
 -0.0000021943
 -0.0000090707
  0.0000008596
  0.0000021474
  0.0000053813
 -0.0000225377
 -0.0000436128
  0.0000024598
 -0.0000226597
  0.0000771963
  0.0000243488
  0.0000390372
  0.0000536261
  0.0001244880
 -0.0001412041
 -0.0001682435
 -0.0000022103
 -0.0001588176
 -0.0000277742
  0.0000652992
  0.0000011686
 -0.0000128163
  0.0000085329
  0.0000072889
 -0.0000124528
  0.0000081445
 -0.0000030456
 -0.0000030074
  0.0000049630
  0.0000015888
 -0.0000038089
 -0.0000155320
  0.0000091877
 -0.0000039449
 -0.0000057676
  0.0000029733
  0.0000024178
  0.0000133398
  0.0001063280
 -0.0000060762
  0.0000217379
 -0.0001922739
  0.0000091815
 -0.0000167692
  0.0000080288
 -0.0000080624
 -0.0000025307
 -0.0000185270
  0.0000083017
 -0.0000077866
  0.0000013949
  0.0000143839
 -0.0000177776
 -0.0000303977
  0.0000020721
  0.0000076550
 -0.0000548308
 -0.0000206493
 -0.0000141077
 -0.0000000747
  0.0001676718
 -0.0000125974
 -0.0000090628
  0.0000106672
 -0.0000035161
  0.0000030231
  0.0000002868
 -0.0000021971
  0.0000026789
 -0.0000016322
 -0.0000002428
  0.0000035910
 -0.0000031884
 -0.0000001862
 -0.0000000919
  0.0000087427
  0.0000052741
  0.0000031804
 -0.0000006194
 -0.0000028743
 -0.0000030783
  0.0000012850
 -0.0000016681
  0.0000011359
  0.0000025052
  0.0000005308
 -0.0000025405
  0.0000069679
  0.0000136439
 -0.0000002171
 -0.0000137223
 -0.0000093632
  0.0000341334
  0.0000058360
  0.0000059806
  0.0000252380
 -0.0000073860
 -0.0000392608
  0.0000068048
  0.0000120921
 -0.0000102914
  0.0000038285
  0.0000060553
  0.0000142140
 -0.0000095041
 -0.0000214270
 -0.0000006089
  0.0000022646
  0.0000041504
 -0.0000020189
  0.0000128283
  0.0000029753
 -0.0000036171
 -0.0000090009
 -0.0000077934
  0.0000113492
 -0.0000024182
 -0.0000054487
  0.0000173273
 -0.0000090697
  0.0000057198
 -0.0000165848
 -0.0000679940
 -0.0000389452
 -0.0000098862
 -0.0000066369
 -0.0000022697
 -0.0000051917
 -0.0000072005
  0.0000131840
 -0.0000026429
 -0.0000079855
 -0.0000017252
  0.0000212483
 -0.0000182700
 -0.0000220986
 -0.0000019588
  0.0000048830
 -0.0000308228
  0.0000083112
 -0.0000030164
 -0.0000246518
 -0.0000048201
 -0.0000094078
  0.0000199260
 -0.0000028804
  0.0000094853
 -0.0000042903
  0.0000149720
 -0.0000090932
  0.0000145732
  0.0000006493
  0.0000010722
 -0.0000022476
 -0.0000011049
 -0.0000014054
  0.0000031368
 -0.0000042772
  0.0000016696
  0.0000008956
 -0.0000047504
 -0.0000014715
  0.0000067320
  0.0000042964
  0.0000105771
 -0.0000129064
 -0.0000078900
  0.0000021411
 -0.0000059221
 -0.0000205111
 -0.0000048670
 -0.0000061157
  0.0000040550
 -0.0000122225
  0.0000089029
  0.0000054198
  0.0000231725
  0.0000042040
 -0.0000041414
 -0.0000108449
  0.0000037009
  0.0000167887
 -0.0000063705
 -0.0000069850
 -0.0000042937
 -0.0000026028
 -0.0000017304
  0.0000009507
 -0.0000044012
  0.0000296670
 -0.0000108962
  0.0000065357
 -0.0000158984
  0.0000010389
 -0.0000162958
 -0.0000120248
  0.0000028621
 -0.0000082189
 -0.0000141416
 -0.0000191783
 -0.0000008652
  0.0000177318
 -0.0000029161
  0.0000033611
 -0.0000063808
 -0.0000053606
  0.0000000224
 -0.0000128171
 -0.0000320675
 -0.0000040554
  0.0000011517
 -0.0000263637
 -0.0000117740
  0.0000082194
 -0.0000159633
  0.0000160929
 -0.0000094533
 -0.0000018255
  0.0000462197
  0.0000052560
  0.0000166759
 -0.0000174017
  0.0000067958
  0.0000065490
  0.0000032514
  0.0000092200
  0.0000096645
  0.0000001374
  0.0000143965
  0.0000036404
  0.0000046429
  0.0000041972
  0.0000073664
  0.0000007247
  0.0000004252
  0.0000036321
  0.0000080751
  0.0000050168
  0.0000014400
  0.0000080850
  0.0000069090
  0.0000000975
  0.0000010503
  0.0000029660
  0.0000063846
  0.0000008443
 -0.0000002129
  0.0000049449
  0.0000063408
  0.0000039526
  0.0000096947
 -0.0000032896
  0.0000017124
 -0.0000165285
  0.0000047330
 -0.0000073729
 -0.0000128416
 -0.0000052446
 -0.0000314410
  0.0000183252
 -0.0000024246
  0.0000037939
  0.0000202044
 -0.0000053930
  0.0000155006
 -0.0000046959
 -0.0000099007
 -0.0000016488
  0.0000048391
  0.0000019391
  0.0000030212
 -0.0000081613
  0.0000037412
 -0.0000076893
  0.0000004820
  0.0000039302
  0.0000058061
  0.0000183554
 -0.0000108682
  0.0000110640
 -0.0000124762
 -0.0000518978
 -0.0000316795
 -0.0000088481
  0.0000070405
 -0.0000037838
 -0.0000064435
 -0.0000084450
 -0.0000030334
  0.0000146553
 -0.0000022382
 -0.0000005461
 -0.0000019234
  0.0000030116
 -0.0000029344
  0.0000027791
 -0.0000117166
 -0.0000185027
 -0.0000001038
  0.0000047786
 -0.0000233180
  0.0000014221
  0.0000066496
 -0.0000172552
  0.0000208331
 -0.0000048388
  0.0000004090
  0.0000241745
  0.0000081834
  0.0000119268
 -0.0000176815
 -0.0000108886
 -0.0000215780
 -0.0000010835
  0.0000161239
 -0.0000016366
 -0.0000014910
 -0.0000020225
 -0.0000019795
  0.0000006970
 -0.0000002290
  0.0000002184
 -0.0000049453
 -0.0000017849
 -0.0000041041
 -0.0000026041
 -0.0000017476
  0.0000014658
 -0.0000026042
 -0.0000005110
  0.0000089453
 -0.0000048703
  0.0000094113
 -0.0000098671
  0.0000074930
  0.0000388728
 -0.0000245185
 -0.0000058698
 -0.0000135540
  0.0000084062
 -0.0000006055
 -0.0000161143
  0.0000001760
 -0.0000061108
  0.0000237431
 -0.0000032328
 -0.0000124209
  0.0000065777
  0.0000027777
 -0.0000002627
 -0.0000031889
  0.0000035562
 -0.0000199385
 -0.0000207021
 -0.0000015507
  0.0000001059
  0.0000100648
 -0.0000089056
  0.0000137992
 -0.0000277276
 -0.0000542276
 -0.0000355614
 -0.0000042113
 -0.0000021533
 -0.0000094253
 -0.0000087951
 -0.0000075576
  0.0000248660
  0.0000129485
 -0.0000014536
 -0.0000027043
 -0.0000040682
  0.0000099523
 -0.0000119410
 -0.0000239589
 -0.0000010222
  0.0000066463
 -0.0000280275
  0.0000096527
 -0.0000016977
 -0.0000184002
  0.0000047391
 -0.0000085274
 -0.0000020427
  0.0000241180
  0.0000158516
  0.0000111904
 -0.0000194736
  0.0000072533
  0.0000053409
 -0.0000015022
  0.0000101959
  0.0000016170
 -0.0000000753
 -0.0000005338
 -0.0000018803
  0.0000013045
  0.0000007173
  0.0000021106
  0.0000041870
  0.0000040572
 -0.0000018917
 -0.0000031442
 -0.0000023397
  0.0000037213
 -0.0000025479
 -0.0000002804
  0.0000009615
  0.0000091424
 -0.0000007915
 -0.0000008317
 -0.0000096687
  0.0000106338
  0.0000348183
 -0.0000198794
 -0.0000070334
 -0.0000006337
  0.0000094256
 -0.0000135234
 -0.0000172251
  0.0000026383
 -0.0000061837
  0.0000244750
  0.0000073229
  0.0000065564
 -0.0000027552
 -0.0000021398
 -0.0000045195
 -0.0000017305
  0.0000041099
 -0.0000297983
 -0.0000057470
  0.0000068883
  0.0000048621
 -0.0000015040
  0.0000076806
  0.0000136259
 -0.0000076331
  0.0000151808
 -0.0000247455
 -0.0000659407
 -0.0000363185
 -0.0000031760
 -0.0000014026
 -0.0000046167
 -0.0000074810
 -0.0000052570
  0.0000279735
  0.0000143384
 -0.0000024479
 -0.0000008475
 -0.0000049258
  0.0000089558
 -0.0000034712
  0.0000084287
 -0.0000110899
 -0.0000206973
 -0.0000043653
  0.0000087091
 -0.0000274317
  0.0000109382
  0.0000017334
 -0.0000178960
  0.0000042935
 -0.0000028479
  0.0000040648
  0.0000228632
  0.0000178709
  0.0000116471
 -0.0000182801
  0.0000162313
  0.0000164510
 -0.0000334714
 -0.0000066090
 -0.0000136251
 -0.0000035485
 -0.0000031583
 -0.0000160871
 -0.0000032834
 -0.0000044060
 -0.0000089202
 -0.0000072779
 -0.0000047595
 -0.0000025255
 -0.0000041588
 -0.0000009268
 -0.0000031197
 -0.0000037462
 -0.0000091043
 -0.0000139104
 -0.0000065714
 -0.0000016369
 -0.0000049573
 -0.0000093310
 -0.0000197965
 -0.0000032775
 -0.0000059771
 -0.0000073725
  0.0000086510
 -0.0000067659
  0.0000054937
 -0.0000033673
 -0.0000020715
  0.0000002887
  0.0000490074
  0.0000481960
 -0.0000420755
 -0.0000100422
 -0.0000231548
 -0.0000165766
 -0.0000502401
  0.0000061169
  0.0001157455
 -0.0001247964
  0.0000034889
  0.0000216555
  0.0000562506
  0.0000056467
  0.0000051052
 -0.0000049329
  0.0000097533
 -0.0000109307
  0.0000144021
 -0.0000162713
  0.0000035092
 -0.0000070871
 -0.0000100303
 -0.0000021743
  0.0000079517
 -0.0000115874
 -0.0000168173
 -0.0000193928
  0.0000063783
 -0.0000074717
 -0.0000009055
 -0.0000098713
 -0.0000065632
  0.0000383698
 -0.0000118843
 -0.0000009650
 -0.0000178348
 -0.0000862917
 -0.0000418696
 -0.0000146054
 -0.0000124175
  0.0000058428
  0.0000147433
  0.0000210248
 -0.0000052352
 -0.0000322024
 -0.0000136400
 -0.0000074913
  0.0000263404
 -0.0000249730
 -0.0000240537
 -0.0000063224
  0.0000452744
 -0.0000134275
 -0.0000197683
 -0.0000469544
 -0.0000225512
  0.0000173883
  0.0000221575
  0.0000189827
  0.0000047902
  0.0000295923
  0.0000137393
  0.0000050217
  0.0000041268
 -0.0000008561
  0.0000023752
  0.0000011324
  0.0000072066
  0.0000067165
  0.0000015056
  0.0000037166
  0.0000030584
 -0.0000040818
  0.0000066842
  0.0000048912
  0.0000030462
  0.0000016835
  0.0000028406
  0.0000036717
  0.0000007219
  0.0000055742
 -0.0000085719
 -0.0000063466
 -0.0000060190
  0.0000150591
  0.0000099451
  0.0000033636
  0.0000025359
 -0.0000046333
 -0.0000028514
  0.0000219337
  0.0000136457
  0.0000053882
  0.0000086180
 -0.0000037976
 -0.0000017264
 -0.0000169082
  0.0000044805
 -0.0000118045
  0.0000186239
  0.0000030927
  0.0000043067
  0.0000290199
 -0.0000094074
  0.0000127031
 -0.0000115814
 -0.0000244181
 -0.0000161817
 -0.0000082730
  0.0000058168
 -0.0000044400
 -0.0000072059
 -0.0000099366
  0.0000012370
  0.0000166469
 -0.0000017656
  0.0000001147
  0.0000109624
  0.0000095255
 -0.0000023147
  0.0000046567
 -0.0000105364
 -0.0000178791
  0.0000007919
  0.0000127295
 -0.0000203298
 -0.0000008788
  0.0000088035
 -0.0000067526
  0.0000288722
 -0.0000047331
  0.0000012573
  0.0000353639
  0.0000063757
  0.0000249991
 -0.0000157051
  0.0000105172
 -0.0000034525
 -0.0000016311
 -0.0000129305
 -0.0000044604
 -0.0000012527
 -0.0000045812
 -0.0000003912
 -0.0000053787
 -0.0000045499
  0.0000002552
 -0.0000072582
 -0.0000041771
  0.0000019742
 -0.0000020054
 -0.0000037977
 -0.0000046290
  0.0000055193
 -0.0000048867
 -0.0000011799
 -0.0000050792
  0.0000110655
  0.0000042851
 -0.0000101619
 -0.0000084328
 -0.0000022134
 -0.0000282546
 -0.0000413411
 -0.0000273960
 -0.0000064461
  0.0000043034
  0.0000037085
  0.0000004940
 -0.0000022618
 -0.0000071390
  0.0000460954
  0.0000089525
  0.0000003993
  0.0000076019
  0.0000032820
 -0.0000171793
  0.0000051249
  0.0000012037
 -0.0000130167
  0.0000084706
 -0.0000099187
 -0.0000139619
 -0.0000123183
  0.0000007640
  0.0000054158
  0.0000036595
 -0.0000027576
  0.0000019609
 -0.0000063675
  0.0000072651
  0.0000044978
 -0.0000152633
 -0.0000144493
 -0.0000345654
 -0.0000149065
 -0.0000016045
 -0.0000063076
 -0.0000095834
  0.0000128592
 -0.0000100743
  0.0000180160
 -0.0000175488
 -0.0000258474
 -0.0000327504
  0.0000038418
 -0.0000055260
 -0.0000207084
 -0.0000005525
  0.0000169850
 -0.0000050375
  0.0000100413
 -0.0000079564
  0.0000241659
  0.0000024422
  0.0000164857
  0.0000194706
  0.0000209253
 -0.0000056757
 -0.0000061281
 -0.0000066316
 -0.0000070950
 -0.0000019539
 -0.0000058388
 -0.0000059217
  0.0000160474
 -0.0000023687
  0.0000077226
 -0.0000064218
 -0.0000046322
  0.0000035405
 -0.0000107650
 -0.0000161504
 -0.0000267926
 -0.0000062390
 -0.0000085716
 -0.0000158263
 -0.0000042498
 -0.0000131107
  0.0000162700
 -0.0000034953
 -0.0000049844
 -0.0000148149
 -0.0000047746
  0.0000174501
 -0.0000110907
 -0.0000101273
 -0.0000069545
 -0.0000075463
 -0.0000053694
 -0.0000095398
 -0.0000084314
  0.0000355093
 -0.0000116170
 -0.0000009711
 -0.0000183666
 -0.0000071647
 -0.0000209718
 -0.0000160329
  0.0000082773
 -0.0000134975
 -0.0000146911
 -0.0000202166
 -0.0000091999
  0.0000130871
 -0.0000045036
 -0.0000266502
 -0.0000303221
 -0.0000078097
 -0.0000031801
 -0.0000146027
 -0.0000332030
 -0.0000078975
 -0.0000117827
 -0.0000321481
 -0.0000150590
  0.0000100651
 -0.0000273448
  0.0000111503
 -0.0000145606
 -0.0000050611
  0.0000583442
  0.0000079825
 -0.0000063179
 -0.0000208421
  0.0000035612
 -0.0000138795
  0.0000179377
  0.0000044843
  0.0000049413
 -0.0000048136
 -0.0000060324
 -0.0000009549
 -0.0000060666
  0.0000053348
 -0.0000056644
 -0.0000087360
 -0.0000083059
 -0.0000043652
  0.0000021188
 -0.0000003372
  0.0000007723
  0.0000048133
  0.0000099160
 -0.0000026456
  0.0000013416
  0.0000102243
 -0.0000090492
 -0.0000102999
 -0.0000464226
 -0.0000232199
  0.0000065263
 -0.0000086797
  0.0000379488
  0.0000027729
  0.0000235727
 -0.0000174066
 -0.0000090080
 -0.0000042409
 -0.0000078349
  0.0000006562
 -0.0000167882
 -0.0000080031
 -0.0000053976
 -0.0000126227
 -0.0000024380
  0.0000048033
  0.0000389217
 -0.0000022441
  0.0000097307
 -0.0000094939
  0.0000043777
 -0.0000116126
 -0.0000086019
  0.0000069846
 -0.0000120771
 -0.0000090052
 -0.0000143136
 -0.0000000830
  0.0000224147
 -0.0000026639
  0.0000045140
  0.0000076187
 -0.0000033118
  0.0000008415
  0.0000058284
 -0.0000057434
 -0.0000284445
 -0.0000042802
  0.0000046312
 -0.0000232076
 -0.0000080814
  0.0000195389
 -0.0000122826
  0.0000177616
 -0.0000084248
  0.0000035607
  0.0000524529
  0.0000154664
  0.0000196779
 -0.0000127037
  0.0000126775
  0.0000192315
  0.0000171811
  0.0000141463
  0.0000051291
  0.0000087550
 -0.0000009223
  0.0000087614
  0.0000114242
  0.0000070184
  0.0000107775
  0.0000110260
  0.0000062760
  0.0000087361
  0.0000092347
  0.0000112098
  0.0000037452
  0.0000091670
  0.0000130048
  0.0000120850
  0.0000136192
  0.0000117662
  0.0000057090
  0.0000022496
  0.0000093185
  0.0000134184
  0.0000114758
  0.0000066970
  0.0000142573
  0.0000036952
  0.0000105879
  0.0000087526
  0.0000089738
 -0.0000280617
  0.0000070391
  0.0000110836
  0.0000120340
  0.0000116404
  0.0000023052
 -0.0000050919
  0.0000339264
  0.0000952004
  0.0000487908
  0.0000547130
  0.0000146042
  0.0000224720
 -0.0002720530
  0.0000125794
  0.0001170324
  0.0000754116
  0.0000454015
  0.0000623133
  0.0000814093
  0.0000093125
 -0.0000047468
  0.0000077448
  0.0000082686
 -0.0000135440
  0.0000175027
 -0.0000018594
  0.0000046630
 -0.0000032835
  0.0000009562
  0.0000034442
 -0.0000114026
 -0.0000018425
 -0.0000058889
 -0.0000003067
  0.0000027959
  0.0000106540
  0.0000115210
  0.0001561169
 -0.0000054873
  0.0000352907
 -0.0002487391
  0.0000091848
  0.0000003694
  0.0000214392
 -0.0000053188
  0.0000040824
 -0.0000207474
  0.0000085258
  0.0000050208
  0.0000053980
  0.0000689191
 -0.0000024670
 -0.0000473144
  0.0000037851
  0.0000269354
 -0.0001099749
  0.0000068859
 -0.0000235092
 -0.0000571741
 -0.0000049596
  0.0000043950
  0.0001797498
  0.0000062121
 -0.0000003838
 -0.0000020567
 -0.0000003429
  0.0000031138
  0.0000065241
 -0.0000010653
 -0.0000017222
  0.0000029003
  0.0000003680
  0.0000036402
  0.0000023951
  0.0000076116
 -0.0000060868
  0.0000067140
 -0.0000072724
 -0.0000071842
 -0.0000040683
  0.0000446397
  0.0000247290
  0.0000031019
  0.0000024026
  0.0000031031
 -0.0000051813
  0.0000210743
  0.0000020163
  0.0000078559
 -0.0000112271
  0.0000001096
  0.0000035589
 -0.0000023160
 -0.0000122370
 -0.0000089611
  0.0000092819
 -0.0000011083
 -0.0000029357
  0.0000339406
 -0.0000074019
  0.0000118939
 -0.0000116905
  0.0000178470
 -0.0000072891
 -0.0000032565
 -0.0000002928
 -0.0000051627
 -0.0000091450
 -0.0000135782
 -0.0000026583
  0.0000182332
  0.0000093518
  0.0000016664
 -0.0000033599
 -0.0000116618
 -0.0000272485
 -0.0000045878
  0.0000053597
 -0.0000214967
  0.0000006156
  0.0000005055
 -0.0000104578
  0.0000229721
 -0.0000038945
  0.0000658883
  0.0000110871
  0.0000235545
 -0.0000163639
  0.0000072999
  0.0000135302
  0.0000106992
 -0.0000030640
 -0.0000008094
 -0.0000003210
 -0.0000066642
 -0.0000014821
 -0.0000037772
 -0.0000071380
 -0.0000002157
 -0.0000021479
 -0.0000003726
 -0.0000009539
 -0.0000085445
 -0.0000062200
 -0.0000029283
 -0.0000000563
 -0.0000044662
 -0.0000064553
 -0.0000014670
 -0.0000036653
  0.0000001624
 -0.0000027178
 -0.0000006732
  0.0000016120
  0.0000414256
  0.0000008758
 -0.0000224125
  0.0000151768
 -0.0000455223
  0.0000163061
 -0.0000089946
 -0.0000168562
  0.0000226153
  0.0000399836
  0.0000199460
 -0.0000012786
  0.0000564597
  0.0000012963
 -0.0000067634
 -0.0000063234
  0.0000033031
 -0.0000088598
  0.0000024829
 -0.0000069982
 -0.0000021567
 -0.0000009933
 -0.0000016530
 -0.0000111342
 -0.0000103181
 -0.0000050705
  0.0000015614
  0.0000005483
  0.0000251356
 -0.0000056728
  0.0000071645
 -0.0000131056
 -0.0000867954
 -0.0000294576
 -0.0000127826
 -0.0000075766
 -0.0000103220
  0.0000015349
 -0.0000038427
 -0.0000002449
  0.0000170965
 -0.0000022007
  0.0000009658
  0.0000039080
  0.0000083016
  0.0000006104
  0.0000225684
 -0.0000157170
 -0.0000186738
 -0.0000032365
  0.0000079950
 -0.0000192301
  0.0000190539
 -0.0000004797
 -0.0000226888
 -0.0000129347
 -0.0000075101
 -0.0000005301
  0.0000462318
 -0.0000000573
  0.0000241789
 -0.0000005125
  0.0000134830
  0.0000238154
 -0.0000068581
 -0.0000027704
 -0.0000053022
  0.0000003622
 -0.0000043125
  0.0000013942
 -0.0000029799
 -0.0000037087
 -0.0000076031
 -0.0000048083
 -0.0000039095
 -0.0000035915
 -0.0000013326
  0.0000001671
 -0.0000084686
 -0.0000051396
 -0.0000166014
 -0.0000075584
  0.0000171134
 -0.0000105197
 -0.0000013624
 -0.0000335048
  0.0000079354
 -0.0000114377
 -0.0000065531
 -0.0000037115
 -0.0000126065
 -0.0000005562
  0.0000000661
 -0.0000067357
 -0.0000093688
 -0.0000265722
  0.0000002667
 -0.0000005209
 -0.0000136469
 -0.0000065344
  0.0000082658
 -0.0000095414
 -0.0000118601
 -0.0000004824
  0.0000008341
 -0.0000092272
  0.0000103369
 -0.0000149311
  0.0000075240
 -0.0000300825
 -0.0000123307
 -0.0000308316
 -0.0000110099
 -0.0000049596
 -0.0000133872
 -0.0000152253
  0.0000183130
  0.0000078936
 -0.0000060449
 -0.0000100789
 -0.0000027874
 -0.0000167756
 -0.0000289348
 -0.0000082649
 -0.0000297575
 -0.0000016003
 -0.0000067707
 -0.0000242757
  0.0000064274
 -0.0000125087
  0.0000233860
  0.0000169310
  0.0000029602
 -0.0000255011
 -0.0000086192
 -0.0000037799
  0.0000029375
  0.0000006169
  0.0000037554
  0.0000028749
  0.0000019516
  0.0000050330
  0.0000065807
  0.0000019291
 -0.0000009495
 -0.0000017420
  0.0000034010
 -0.0000014379
  0.0000008328
  0.0000022279
  0.0000028940
  0.0000072190
 -0.0000018847
  0.0000023999
 -0.0000118111
  0.0000116226
  0.0000213386
 -0.0000215291
 -0.0000097372
 -0.0000074506
  0.0000082638
 -0.0000144931
 -0.0000180733
  0.0000005876
 -0.0000070061
  0.0000245405
  0.0000047331
 -0.0000029493
  0.0000094797
 -0.0000051867
 -0.0000093722
  0.0000039244
 -0.0000020853
 -0.0000018747
  0.0000090172
 -0.0000029425
  0.0000035678
 -0.0000075095
 -0.0000046906
  0.0000099061
 -0.0000083651
  0.0000134576
 -0.0000333105
 -0.0000472970
 -0.0000344512
 -0.0000083900
  0.0000002464
 -0.0000098116
 -0.0000080009
 -0.0000062875
  0.0000152865
  0.0000134202
 -0.0000007398
 -0.0000014719
 -0.0000012039
  0.0000204492
 -0.0000137911
 -0.0000239164
 -0.0000030513
  0.0000063801
 -0.0000302262
  0.0000108807
 -0.0000005103
 -0.0000183500
  0.0000043130
 -0.0000069196
 -0.0000010004
  0.0000242041
  0.0000107777
  0.0000149339
 -0.0000178991
 -0.0000134162
 -0.0000282177
 -0.0000158358
  0.0000032771
 -0.0000079890
  0.0000018217
  0.0000022431
  0.0000022849
  0.0000016050
  0.0000013558
 -0.0000034318
  0.0000026309
  0.0000021894
  0.0000031882
 -0.0000071554
  0.0000015771
  0.0000043000
  0.0000052650
  0.0000034249
  0.0000023946
 -0.0000034757
 -0.0000036228
 -0.0000000268
  0.0000038135
  0.0000013335
 -0.0000035373
  0.0000096716
 -0.0000007304
  0.0000043326
 -0.0000005692
  0.0000012968
 -0.0000089600
 -0.0000013743
  0.0000022834
  0.0000035690
 -0.0000005547
  0.0000023870
  0.0000987775
 -0.0000205896
 -0.0001332173
  0.0001383182
 -0.0001616853
  0.0000927904
  0.0001056864
  0.0001785922
  0.0001230239
 -0.0001054350
  0.0001506354
  0.0001164072
  0.0001333504
  0.0000239593
 -0.0000013185
  0.0000137961
  0.0000137857
 -0.0000133922
 -0.0000223856
  0.0000065793
  0.0000096994
 -0.0000058195
  0.0000102947
  0.0000134214
  0.0000135678
 -0.0000159145
  0.0000104794
  0.0000177302
 -0.0000186777
 -0.0000023513
  0.0000086731
  0.0000184831
  0.0001400159
  0.0000045891
  0.0000103230
 -0.0000086387
 -0.0004916342
 -0.0000534957
 -0.0000123163
 -0.0000024286
 -0.0000018177
  0.0000021588
 -0.0000205408
 -0.0000487532
 -0.0000038804
 -0.0000016314
  0.0000025825
 -0.0000169049
 -0.0000000083
 -0.0000016760
  0.0000692732
 -0.0001998534
 -0.0000129844
 -0.0000791443
 -0.0000143599
  0.0000018443
  0.0000654363
 -0.0000408434
 -0.0000008369
 -0.0000053656
  0.0000027429
  0.0000017564
  0.0000020744
 -0.0000019450
  0.0000042855
  0.0000019794
 -0.0000025288
  0.0000039593
  0.0000044120
  0.0000044840
 -0.0000022154
  0.0000012361
 -0.0000012069
  0.0000022432
  0.0000023459
  0.0000050550
  0.0000003140
  0.0000022881
  0.0000183362
  0.0000254547
  0.0000063402
 -0.0000010839
 -0.0000211486
 -0.0000074137
  0.0000131974
  0.0000189146
  0.0000249160
  0.0000088064
 -0.0000219451
  0.0000343549
  0.0000201331
  0.0000053353
  0.0000212430
 -0.0000004949
  0.0000121803
  0.0000076132
  0.0000097089
  0.0000039798
 -0.0000002880
  0.0000014769
  0.0000056107
 -0.0000130090
  0.0000129077
  0.0000048076
  0.0000035422
  0.0000194671
 -0.0000036908
  0.0000103240
 -0.0000266032
 -0.0000776607
 -0.0000384080
 -0.0000043860
  0.0000036520
 -0.0000080370
 -0.0000025323
 -0.0000014426
 -0.0000035938
  0.0000177794
  0.0000029627
 -0.0000102683
  0.0000086310
  0.0000038073
  0.0000273641
 -0.0000133382
 -0.0000197333
 -0.0000029134
  0.0000072976
 -0.0000277437
  0.0000086839
  0.0000026019
 -0.0000233512
 -0.0000015116
 -0.0000046604
  0.0000011677
  0.0000190230
  0.0000016960
  0.0000095235
 -0.0000075119
  0.0000002652
 -0.0000087216
  0.0000044624
  0.0000048264
  0.0000003668
  0.0000044063
 -0.0000031779
  0.0000018229
  0.0000020696
  0.0000054284
  0.0000012268
  0.0000043398
  0.0000018970
  0.0000097522
  0.0000029112
  0.0000040945
  0.0000039961
 -0.0000012472
 -0.0000002650
  0.0000012499
  0.0000017001
  0.0000027741
 -0.0000001191
  0.0000041707
  0.0000020452
  0.0000011900
  0.0000140944
 -0.0000315113
 -0.0000514255
 -0.0000015089
 -0.0000059835
 -0.0000280970
 -0.0000016036
  0.0000260838
  0.0000615539
  0.0000544477
  0.0000400861
  0.0000334468
  0.0000344642
 -0.0000218782
 -0.0000358508
  0.0000080739
  0.0000075877
  0.0000107832
  0.0000152456
 -0.0000049634
  0.0000079611
 -0.0000000018
  0.0000020233
  0.0000002709
 -0.0000020389
  0.0000007496
 -0.0000060827
  0.0000050890
 -0.0000050048
 -0.0000037331
 -0.0000029895
 -0.0000003743
  0.0000031717
  0.0000241917
 -0.0000114006
  0.0000195937
 -0.0000115411
 -0.0000751735
 -0.0000341144
 -0.0000122766
  0.0000029106
 -0.0000004924
 -0.0000053309
  0.0000044244
  0.0000243959
 -0.0000099439
 -0.0000058919
  0.0000038659
 -0.0000138680
 -0.0000188575
  0.0000056678
 -0.0000054346
  0.0000280789
  0.0000030076
 -0.0000252353
 -0.0000255177
  0.0000341592
  0.0000042746
  0.0000169282
 -0.0000070097
  0.0000041334
 -0.0000036437
 -0.0000018848
  0.0000007395
 -0.0000022940
  0.0000012606
  0.0000006082
  0.0000008246
 -0.0000053928
 -0.0000038470
  0.0000006583
 -0.0000048602
 -0.0000038744
 -0.0000007424
 -0.0000130255
  0.0000020789
 -0.0000101745
 -0.0000133270
 -0.0000084722
  0.0000094829
 -0.0000044405
 -0.0000031243
 -0.0000014800
 -0.0000077866
 -0.0000090314
  0.0000150392
 -0.0000014067
 -0.0000062315
 -0.0000034702
 -0.0000106078
 -0.0000045221
  0.0000004648
 -0.0000002905
 -0.0000039997
 -0.0000002934
  0.0000000226
 -0.0000029791
 -0.0000019472
 -0.0000038840
  0.0000234251
 -0.0000109622
  0.0000082950
 -0.0000154771
 -0.0000073663
 -0.0000189180
 -0.0000038504
 -0.0000098482
 -0.0000059371
 -0.0000121371
 -0.0000153092
 -0.0000054006
  0.0000111281
  0.0000059811
  0.0000055896
 -0.0000005475
 -0.0000054688
 -0.0000038375
 -0.0000149910
 -0.0000264307
 -0.0000018852
  0.0000042741
 -0.0000256113
 -0.0000017988
 -0.0000036774
 -0.0000147420
  0.0000228621
 -0.0000071997
 -0.0000003359
  0.0000341973
  0.0000077376
  0.0000161801
 -0.0000203287
  0.0000138092
 -0.0000177653
 -0.0000038707
 -0.0000072700
  0.0000016646
 -0.0000012940
 -0.0000127032
 -0.0000023432
 -0.0000021922
 -0.0000071727
 -0.0000045427
 -0.0000024769
 -0.0000002194
 -0.0000079528
  0.0000004580
  0.0000011295
 -0.0000017606
 -0.0000010170
 -0.0000070917
 -0.0000109501
 -0.0000043308
  0.0000001614
 -0.0000029186
 -0.0000074579
 -0.0000005249
 -0.0000156364
 -0.0000009376
 -0.0000042159
 -0.0000052636
  0.0000039879
 -0.0000044428
  0.0000005618
 -0.0000012357
  0.0000000576
 -0.0000011310
 -0.0000497443
 -0.0000427503
  0.0000538824
  0.0000208358
  0.0000156696
 -0.0000022120
  0.0000789860
 -0.0000319523
  0.0000308030
 -0.0000464796
 -0.0000364802
 -0.0000244257
 -0.0001229474
 -0.0000866874
 -0.0000928061
 -0.0000031523
 -0.0000171126
  0.0000036382
  0.0000011467
 -0.0000180659
  0.0000026939
 -0.0000071674
 -0.0000071079
 -0.0000034882
 -0.0000011895
 -0.0000059142
 -0.0000210863
  0.0000059332
 -0.0000112499
 -0.0000073810
 -0.0000014271
  0.0000023904
  0.0000088797
  0.0000824259
 -0.0000095229
 -0.0000029968
 -0.0001543506
 -0.0000089572
 -0.0000192094
  0.0000041307
 -0.0000122898
 -0.0000150948
 -0.0000011278
  0.0000113686
 -0.0000028576
 -0.0000054324
 -0.0000395633
 -0.0000019494
  0.0000213334
  0.0000013632
 -0.0000099149
 -0.0000179034
 -0.0000042007
  0.0001125704
 -0.0000299376
 -0.0000362986
  0.0000219795
  0.0000139088
  0.0000028478
  0.0000248910
  0.0000023939
 -0.0000007082
 -0.0000008893
  0.0000006973
 -0.0000007129
  0.0000064997
 -0.0000030037
  0.0000050345
  0.0000020798
 -0.0000008621
 -0.0000047284
  0.0000017520
  0.0000029564
  0.0000117352
 -0.0000035657
  0.0000048270
 -0.0000103832
  0.0000098012
 -0.0000032396
 -0.0000144277
  0.0000008170
 -0.0000259215
  0.0000214370
 -0.0000010714
 -0.0000064742
  0.0000132217
 -0.0000022208
  0.0000176718
  0.0000020501
 -0.0000052240
 -0.0000086601
  0.0000054246
  0.0000090982
 -0.0000044469
 -0.0000043059
 -0.0000053415
 -0.0000056634
  0.0000007092
  0.0000020677
 -0.0000004003
  0.0000187826
 -0.0000056935
  0.0000119951
 -0.0000095883
 -0.0000424726
 -0.0000273771
  0.0000018734
 -0.0000046919
 -0.0000021880
 -0.0000034853
 -0.0000051034
  0.0000021506
  0.0000174263
 -0.0000002438
  0.0000119948
  0.0000034750
  0.0000061606
 -0.0000001382
 -0.0000024661
 -0.0000089761
 -0.0000161246
  0.0000018106
  0.0000081984
 -0.0000236740
 -0.0000016240
  0.0000005570
 -0.0000134974
  0.0000181392
 -0.0000012230
  0.0000053906
  0.0000268923
  0.0000198712
  0.0000184555
 -0.0000171110
 -0.0000143931
 -0.0000033970
 -0.0000063905
  0.0000038509
  0.0000026149
 -0.0000106735
 -0.0000004052
  0.0000012674
 -0.0000047582
 -0.0000039332
  0.0000007040
  0.0000018032
 -0.0000061877
 -0.0000044887
  0.0000032680
 -0.0000002180
  0.0000013852
  0.0000023202
 -0.0000036522
 -0.0000104146
 -0.0000019583
  0.0000034566
 -0.0000002358
 -0.0000044384
  0.0000018026
 -0.0000143962
 -0.0000004555
  0.0000000451
 -0.0000045494
 -0.0000013869
  0.0000054817
  0.0000026776
  0.0000040800
 -0.0000017467
  0.0000066394
  0.0000086792
  0.0000363489
  0.0000281932
 -0.0000022983
  0.0001297441
 -0.0000055558
  0.0000948999
  0.0001042353
 -0.0002029529
 -0.0000820052
  0.0000450852
 -0.0001741993
 -0.0000767188
  0.0000449170
 -0.0000077794
  0.0000056785
  0.0000092002
 -0.0000197451
 -0.0000246106
  0.0000030698
  0.0000048692
 -0.0000064341
  0.0000083081
  0.0000116867
  0.0000175669
 -0.0000149920
  0.0000078708
  0.0000138141
 -0.0000010881
 -0.0000046083
  0.0000135340
  0.0000057334
  0.0001103515
 -0.0000018757
  0.0000222581
 -0.0001959970
  0.0000030238
 -0.0000046744
  0.0000080424
 -0.0000057445
 -0.0000275524
  0.0000226740
  0.0000028969
  0.0000380706
 -0.0000145659
 -0.0000340594
  0.0000093494
  0.0000014047
 -0.0000706621
 -0.0000000186
 -0.0000297025
 -0.0000080090
  0.0000022759
  0.0001725899
 -0.0000068375
 -0.0000031205
 -0.0000141582
  0.0000066313
 -0.0000000004
 -0.0000092163
 -0.0000012095
 -0.0000003949
 -0.0000032415
 -0.0000015365
  0.0000009794
 -0.0000018207
  0.0000011111
  0.0000001492
 -0.0000057475
 -0.0000031022
  0.0000010527
 -0.0000057518
 -0.0000191094
 -0.0000003753
 -0.0000027494
 -0.0000042314
  0.0000125287
 -0.0000031322
  0.0000101439
  0.0000001955
  0.0000015218
  0.0000027054
  0.0000105387
 -0.0000571800
 -0.0000543315
 -0.0000038014
 -0.0000009783
 -0.0000111756
 -0.0000112444
  0.0000231841
  0.0000275981
  0.0000578619
  0.0000391305
  0.0000262981
  0.0000524090
 -0.0000246432
 -0.0000163077
 -0.0000016948
  0.0000045734
 -0.0000107571
  0.0000164510
 -0.0000134280
  0.0000040654
 -0.0000032313
 -0.0000063663
 -0.0000004492
  0.0000145040
 -0.0000085372
 -0.0000146650
 -0.0000176113
  0.0000107729
 -0.0000083976
 -0.0000027885
 -0.0000015886
 -0.0000033205
  0.0000194662
 -0.0000099492
  0.0000225721
 -0.0000196169
 -0.0000494786
 -0.0000394392
 -0.0000109928
  0.0000207656
  0.0000228377
 -0.0000128336
 -0.0000053629
 -0.0000226086
 -0.0000086850
 -0.0000263699
  0.0000037878
 -0.0000294720
 -0.0000258396
 -0.0000034214
  0.0000193686
 -0.0000099972
 -0.0000135673
 -0.0000046915
 -0.0000122364
  0.0000051522
 -0.0000089274
  0.0000011524
  0.0000016774
 -0.0000091864
 -0.0000036537
  0.0000020860
  0.0000029703
 -0.0000125762
  0.0000064036
  0.0000004052
 -0.0000037504
 -0.0000000862
 -0.0000031808
 -0.0000121124
 -0.0000079828
  0.0000055816
 -0.0000030118
 -0.0000116385
  0.0000158569
 -0.0000217922
 -0.0000015335
  0.0000022782
 -0.0000086067
 -0.0000021717
 -0.0000011990
 -0.0000006550
  0.0000057826
  0.0000067119
 -0.0000013475
  0.0000539875
  0.0000366068
  0.0000198554
  0.0000352838
 -0.0000073064
  0.0000119922
  0.0000540511
 -0.0000349322
 -0.0000258655
  0.0000745745
 -0.0000665938
 -0.0000066651
  0.0000128569
 -0.0000693341
 -0.0000450460
 -0.0000008359
 -0.0000053084
 -0.0000156753
 -0.0000194986
 -0.0000216345
  0.0000049264
 -0.0000152636
 -0.0000070985
 -0.0000011885
 -0.0000063234
  0.0000058319
 -0.0000162714
 -0.0000127013
 -0.0000043203
 -0.0000272785
 -0.0000258658
  0.0000065674
  0.0000076022
  0.0000663331
 -0.0000130401
  0.0000070767
 -0.0000250008
  0.0000000784
 -0.0000105083
 -0.0000261414
 -0.0000030608
  0.0000110562
 -0.0000228947
 -0.0000086084
  0.0000262574
 -0.0000076611
 -0.0000061917
 -0.0000174252
 -0.0000274842
 -0.0000028669
  0.0000601576
 -0.0000210067
  0.0000102231
 -0.0000261078
  0.0000002615
 -0.0000042992
  0.0000104144
  0.0000057434
 -0.0000017399
 -0.0000020192
  0.0000014297
 -0.0000077925
  0.0000005770
 -0.0000039747
  0.0000002278
 -0.0000243574
  0.0000017938
  0.0000054877
 -0.0000088351
 -0.0000029737
  0.0000016492
 -0.0000045009
 -0.0000056877
 -0.0000043389
  0.0000065138
  0.0000001829
 -0.0000083618
  0.0000110195
 -0.0000113082
 -0.0000110739
  0.0000029324
 -0.0000039135
  0.0000194751
 -0.0000027609
  0.0000113076
  0.0000061308
  0.0000076464
 -0.0000124525
 -0.0000086514
  0.0000076127
  0.0000196245
  0.0000773620
  0.0000480545
 -0.0000690768
 -0.0000161193
 -0.0000087031
 -0.0002443515
 -0.0000981231
  0.0001047186
  0.0000195349
 -0.0000578519
  0.0000392378
  0.0000771634
 -0.0000126221
 -0.0000048176
  0.0000165343
  0.0000203580
 -0.0000052238
 -0.0000018192
 -0.0000041948
 -0.0000198437
 -0.0000281369
 -0.0000059817
 -0.0000007077
 -0.0000224699
 -0.0000097736
 -0.0000067620
  0.0000301294
 -0.0000063431
 -0.0000134754
 -0.0000033494
  0.0001668039
 -0.0000116502
  0.0000743564
 -0.0000034543
 -0.0000136538
 -0.0000295643
 -0.0000050182
 -0.0000280163
 -0.0000010080
 -0.0000069295
 -0.0000554787
 -0.0000108300
 -0.0000294697
  0.0000070641
  0.0001179368
 -0.0001366551
 -0.0000141770
 -0.0000623824
 -0.0000302965
 -0.0000117053
  0.0001593538
 -0.0000270781
 -0.0000054794
 -0.0000091546
  0.0000020024
 -0.0000088105
 -0.0000026655
  0.0000022759
 -0.0000052289
 -0.0000073887
 -0.0000013010
  0.0000020198
 -0.0000029250
  0.0000008116
  0.0000005474
  0.0000046655
 -0.0000013538
 -0.0000026903
 -0.0000019084
 -0.0000028200
  0.0000023222
 -0.0000024377
  0.0000000271
  0.0000015026
  0.0000002960
  0.0000274606
 -0.0000085720
 -0.0000236299
 -0.0000069640
 -0.0000306505
  0.0000209274
 -0.0000158528
 -0.0000461733
  0.0000029153
  0.0000039072
 -0.0000119700
 -0.0000300715
  0.0000259170
  0.0000186591
 -0.0000073876
  0.0000043057
 -0.0000059687
  0.0000013958
 -0.0000140090
  0.0000036773
  0.0000029974
 -0.0000087214
 -0.0000031766
  0.0000136702
  0.0000003759
 -0.0000080768
 -0.0000083237
  0.0000019965
 -0.0000137800
  0.0000026370
 -0.0000066460
  0.0000162010
 -0.0000100332
  0.0000023310
 -0.0000149489
 -0.0000775485
 -0.0000417485
 -0.0000107166
 -0.0000074667
 -0.0000031227
 -0.0000086076
 -0.0000044800
  0.0000120339
 -0.0000049061
 -0.0000101044
 -0.0000025798
  0.0000164917
 -0.0000185183
 -0.0000239238
 -0.0000017208
  0.0000018719
 -0.0000251645
  0.0000133084
 -0.0000046779
 -0.0000310127
 -0.0000131450
 -0.0000094064
  0.0000259110
 -0.0000035014
  0.0000136049
 -0.0000051489
  0.0000011343
 -0.0000050588
  0.0000021752
 -0.0000040842
  0.0000013392
  0.0000016100
  0.0000009020
 -0.0000005630
  0.0000009939
  0.0000031996
 -0.0000008530
  0.0000029816
 -0.0000039132
  0.0000004220
  0.0000039670
  0.0000024230
 -0.0000005969
 -0.0000007270
 -0.0000000043
 -0.0000027686
  0.0000046726
  0.0000015316
  0.0000038260
  0.0000073609
  0.0000018608
  0.0000018034
 -0.0000133016
 -0.0000007543
  0.0000273459
  0.0000033060
 -0.0000373319
  0.0000185039
  0.0000046775
 -0.0000451710
 -0.0000362382
  0.0000204444
 -0.0000098902
 -0.0000031201
  0.0000048659
  0.0000003034
 -0.0000159314
  0.0000081688
 -0.0000073369
  0.0000067009
  0.0000054070
 -0.0000120909
 -0.0000146595
  0.0000001174
 -0.0000022342
 -0.0000064785
  0.0000129233
 -0.0000083767
 -0.0000118135
 -0.0000120216
 -0.0000085176
 -0.0000053591
  0.0000141876
  0.0000053082
 -0.0000142956
 -0.0000108420
 -0.0000351294
 -0.0000080288
  0.0000008147
  0.0000154817
 -0.0000189673
  0.0000016456
 -0.0000146629
 -0.0000216442
 -0.0000036318
 -0.0000181005
  0.0000199800
  0.0000130849
 -0.0000031837
 -0.0000136924
  0.0000241850
  0.0000022398
  0.0000188037
 -0.0000074091
  0.0000035614
  0.0000003597
  0.0000001176
  0.0000047781
 -0.0000019334
 -0.0000012106
  0.0000011155
 -0.0000045443
 -0.0000139406
  0.0000326116
 -0.0000036409
  0.0000048963
  0.0000031456
 -0.0000245134
 -0.0000035329
 -0.0000064173
  0.0000490489
  0.0000159500
  0.0000087561
  0.0000249844
 -0.0000037217
  0.0000098792
  0.0000111830
 -0.0000045298
  0.0000019553
 -0.0000013683
  0.0000074249
 -0.0000128764
  0.0000003511
  0.0000102758
 -0.0000062419
  0.0000006391
  0.0000032146
  0.0000098161
  0.0000311589
 -0.0000084155
  0.0000122552
 -0.0000124122
  0.0000077565
 -0.0000061332
 -0.0000060404
  0.0000048428
 -0.0000061313
 -0.0000004745
 -0.0000133569
 -0.0000078636
  0.0000048108
  0.0000135922
 -0.0000086148
 -0.0000159215
 -0.0000051042
  0.0000017661
 -0.0000073406
 -0.0000140844
  0.0000043632
  0.0000090002
 -0.0000119791
 -0.0000030433
  0.0000219276
 -0.0000107097
  0.0000335120
 -0.0000085309
  0.0000047664
  0.0000919617
  0.0000167104
  0.0000153056
 -0.0000268672
  0.0000369921
 -0.0000002973
  0.0000115291
 -0.0000204262
 -0.0000039210
 -0.0000162007
  0.0000115379
 -0.0000153566
  0.0000037050
 -0.0000129971
 -0.0000159113
 -0.0000274093
 -0.0000586078
  0.0000016053
 -0.0000141840
 -0.0000033674
  0.0000155576
 -0.0000039402
 -0.0000042093
 -0.0000082132
 -0.0000143656
 -0.0000013173
  0.0000063789
 -0.0000216994
  0.0000134589
  0.0000081666
  0.0000544389
 -0.0000172776
 -0.0000190183
 -0.0000085795
  0.0000341611
 -0.0000107549
  0.0000048543
 -0.0000021681
  0.0000110727
  0.0000010605
  0.0000122259
 -0.0000255773
  0.0000089045
  0.0000170308
  0.0000107469
 -0.0000189853
  0.0000055481
 -0.0000016816
  0.0000004250
 -0.0000004980
 -0.0000084238
 -0.0000443948
 -0.0000202451
  0.0001047787
  0.0000196502
  0.0000154368
 -0.0000386517
  0.0000056310
  0.0000039801
  0.0000042692
  0.0000018231
  0.0000321411
  0.0000189864
 -0.0000147563
 -0.0000095302
  0.0000207182
  0.0000103970
 -0.0000222371
 -0.0000145125
 -0.0000122865
 -0.0000358721
 -0.0000349512
  0.0000123136
  0.0000637638
  0.0000045167
  0.0000435145
 -0.0000060624
 -0.0000001926
  0.0000085483
 -0.0000018247
 -0.0000022147
 -0.0000097981
 -0.0000139022
 -0.0000012195
  0.0000093332
 -0.0000069711
  0.0000204478
  0.0000039527
  0.0000054870
 -0.0000095968
  0.0000259620
 -0.0000180360
 -0.0000633839
 -0.0000003063
 -0.0000130790
  0.0000131634
 -0.0000058440
 -0.0000053845
 -0.0000202902
 -0.0000020918
 -0.0000098184
 -0.0000072673
  0.0000079913
  0.0000066010
 -0.0000046663
 -0.0000275403
  0.0000116947
  0.0000271173
 -0.0000152903
 -0.0000058052
  0.0000072610
 -0.0000154882
  0.0000208987
 -0.0000121376
  0.0000048255
  0.0000733591
  0.0000108771
 -0.0000271237
 -0.0000004202
  0.0000017898
  0.0000020833
 -0.0000093081
 -0.0000147921
  0.0000421475
 -0.0000112946
  0.0000030435
  0.0000015350
 -0.0000285066
 -0.0000054982
 -0.0000184829
  0.0000372666
  0.0000175767
  0.0000067162
  0.0000318817
 -0.0000002915
  0.0000083876
  0.0000010207
 -0.0000021939
 -0.0000106045
 -0.0000019182
  0.0000195720
 -0.0000036578
 -0.0000004737
 -0.0000075394
 -0.0000034529
 -0.0000041310
 -0.0000055380
 -0.0000007830
  0.0000131880
 -0.0000113239
  0.0000147702
 -0.0000145616
 -0.0000408805
 -0.0000201249
 -0.0000122363
  0.0000032675
 -0.0000112443
 -0.0000060485
 -0.0000205401
 -0.0000099755
 -0.0000008503
  0.0000086421
 -0.0000004848
 -0.0000089118
 -0.0000189782
 -0.0000021542
 -0.0000007033
 -0.0000129920
 -0.0000050908
  0.0000190652
 -0.0000245860
  0.0000357986
 -0.0000076532
  0.0000790914
  0.0000151326
 -0.0000305221
  0.0000043789
  0.0000012825
  0.0000236566
 -0.0000121349
  0.0000085970
 -0.0000163230
 -0.0000190154
 -0.0000264843
  0.0000020524
  0.0000002730
 -0.0000015466
 -0.0000144497
 -0.0000012854
 -0.0000396070
  0.0000002984
 -0.0000000438
 -0.0000285241
 -0.0000036502
 -0.0000008511
 -0.0000118024
  0.0000020742
 -0.0000078795
  0.0000078728
 -0.0000105734
 -0.0000037996
 -0.0000101020
 -0.0000052221
  0.0000996143
 -0.0000027900
 -0.0000055588
 -0.0001321280
 -0.0000137510
  0.0000071625
  0.0000075207
  0.0000001836
  0.0000088742
 -0.0000283928
 -0.0000111606
  0.0000225075
  0.0000062698
 -0.0000278193
  0.0000154845
 -0.0000074452
  0.0000056479
 -0.0000085796
 -0.0000098021
  0.0000194269
 -0.0000261813
 -0.0000173459
  0.0000291805
  0.0000109711
 -0.0000492639
  0.0000408415
  0.0000274500
 -0.0000053664
  0.0000033146
  0.0000198017
  0.0000045087
  0.0000222348
 -0.0000327284
 -0.0000045101
  0.0000144360
 -0.0000381394
  0.0000067694
 -0.0000068935
 -0.0000179624
  0.0000109721
  0.0000053668
 -0.0000008282
  0.0000159630
  0.0000022886
 -0.0000008544
  0.0000017236
 -0.0000177179
 -0.0000011131
  0.0000011059
 -0.0000150364
  0.0000095616
  0.0000197885
  0.0000582741
 -0.0000098203
 -0.0000012369
 -0.0000130472
  0.0000059590
 -0.0000151310
  0.0000097376
 -0.0000028192
  0.0000040142
  0.0000058271
  0.0000071549
  0.0000076852
 -0.0000260281
  0.0000236514
  0.0000170009
 -0.0000083467
 -0.0000019458
 -0.0000018240
 -0.0000131322
 -0.0000039528
 -0.0000042935
 -0.0000320864
 -0.0000326367
 -0.0000157613
  0.0000790381
  0.0000118996
 -0.0000306531
  0.0000021251
 -0.0000014944
  0.0000253733
 -0.0000144495
  0.0000335594
  0.0000046566
 -0.0000256306
 -0.0000219935
  0.0000220447
  0.0000585317
 -0.0000523967
 -0.0000048658
  0.0000422855
 -0.0000204055
  0.0000043367
  0.0000299275
  0.0000149389
 -0.0000099708
 -0.0000070596
 -0.0000074022
 -0.0000045221
 -0.0000084818
 -0.0000028854
  0.0000021039
  0.0000081733
 -0.0000018725
 -0.0000030534
 -0.0000251904
 -0.0000971709
 -0.0000563810
 -0.0000011094
  0.0000008274
 -0.0000284363
  0.0000092734
  0.0000409968
 -0.0000015188
 -0.0000035164
  0.0000083478
  0.0000435606
 -0.0000252154
  0.0000061037
  0.0000034121
 -0.0000194218
  0.0000168196
  0.0000065926
 -0.0000240095
  0.0000133981
  0.0000457646
  0.0000034391
  0.0000006291
  0.0000030750
  0.0000232814
 -0.0000258969
  0.0000231701
  0.0000111307
 -0.0000287538
 -0.0000258145
  0.0000160558
  0.0000519220
 -0.0000358545
  0.0000145081
  0.0000320206
 -0.0000240882
 -0.0000336175
  0.0000180756
  0.0000090414
 -0.0000004691
  0.0000013565
  0.0000075318
 -0.0000048051
 -0.0000133375
 -0.0000039390
  0.0000011696
  0.0000159424
  0.0000133476
 -0.0000010547
 -0.0000126469
  0.0001036203
  0.0000181048
 -0.0000131939
 -0.0001307941
  0.0000015319
 -0.0000102667
  0.0000053697
  0.0000079930
  0.0000062733
 -0.0000036044
 -0.0000091365
  0.0000231845
  0.0000259088
 -0.0000192576
 -0.0000063164
 -0.0000075382
 -0.0000173341
 -0.0000101696
  0.0000042693
  0.0000116579
  0.0000078907
 -0.0000255321
  0.0000193082
  0.0000109092
 -0.0000467475
 -0.0000013550
 -0.0000057224
  0.0000332583
  0.0000095985
  0.0000170858
 -0.0000271933
 -0.0000016176
 -0.0000090051
 -0.0000315736
 -0.0000034399
 -0.0000107295
 -0.0000531754
 -0.0000128989
 -0.0000106573
  0.0000639308
  0.0000302402
  0.0000463197
  0.0000088004
  0.0000103828
  0.0000140196
 -0.0000105505
  0.0000094887
  0.0000126532
 -0.0000040617
  0.0000090282
 -0.0000133103
  0.0000004822
  0.0000544697
  0.0000223121
 -0.0000177610
 -0.0001942187
 -0.0000097294
  0.0000098019
  0.0000074626
 -0.0000118937
 -0.0000021945
  0.0000092913
 -0.0000002117
 -0.0000020051
  0.0000008001
 -0.0000027839
 -0.0000183714
 -0.0000149001
 -0.0000063226
  0.0000195346
 -0.0000279714
 -0.0000047026
  0.0000891141
  0.0000116659
  0.0000070165
 -0.0000349567
  0.0000495372
  0.0000409565
 -0.0000363233
 -0.0000033161
  0.0000255110
  0.0000124410
  0.0000073887
 -0.0000176154
  0.0000024233
  0.0000061943
 -0.0000472802
  0.0000125737
  0.0000577415
 -0.0000443011
  0.0000240981
  0.0000070724
 -0.0000033170
 -0.0000070397
  0.0000006325
  0.0000069804
  0.0000058968
 -0.0000032276
 -0.0000030795
 -0.0000028609
 -0.0000049196
 -0.0000040418
 -0.0000022025
  0.0000083384
  0.0000581683
 -0.0000091695
  0.0000030340
 -0.0000158470
  0.0000207728
 -0.0000160735
  0.0000109004
 -0.0000080375
  0.0000186447
  0.0000085708
  0.0000069429
  0.0000043283
 -0.0000136984
  0.0000347975
  0.0000284093
  0.0000126660
 -0.0000083292
  0.0000012158
  0.0000170917
 -0.0000162595
 -0.0000060334
  0.0000025865
 -0.0000323113
 -0.0000145154
  0.0000981929
  0.0000105436
  0.0000470850
 -0.0000323701
  0.0000003920
 -0.0000027419
  0.0000234086
 -0.0000094599
  0.0000114390
 -0.0000071804
 -0.0000140471
 -0.0000155363
  0.0000053426
 -0.0000027872
  0.0000198082
 -0.0000034922
  0.0000011565
 -0.0000367826
 -0.0000048536
  0.0000022417
 -0.0000258560
  0.0000025211
  0.0000034665
  0.0000112609
  0.0000013407
 -0.0000078158
 -0.0000051306
  0.0000061496
 -0.0000115084
 -0.0000055688
  0.0001350107
  0.0000160338
 -0.0000002524
 -0.0001050298
 -0.0000468467
  0.0000076051
 -0.0000177620
  0.0000031118
  0.0000097766
 -0.0000264017
 -0.0000031437
  0.0000086816
 -0.0000036644
  0.0000035836
  0.0000064790
 -0.0000113599
 -0.0000063509
 -0.0000198146
  0.0000105449
  0.0000684525
  0.0000340712
  0.0000031907
  0.0000062860
  0.0000016717
  0.0000158376
  0.0000075177
 -0.0000195055
  0.0000085761
 -0.0000214336
 -0.0000376313
 -0.0000038646
 -0.0000058451
  0.0000185812
  0.0000105498
 -0.0000140978
 -0.0000323676
  0.0000191405
  0.0000477704
 -0.0000047743
  0.0000568211
 -0.0000010456
 -0.0000040876
 -0.0000057439
  0.0000135159
 -0.0000036280
  0.0000022069
 -0.0000090520
 -0.0000041358
 -0.0000017046
 -0.0000025351
 -0.0000827179
 -0.0000377388
 -0.0000037292
  0.0000189990
 -0.0000010058
 -0.0000315637
  0.0000104321
  0.0000010270
  0.0000074101
  0.0000002263
  0.0000102632
  0.0000153015
 -0.0000394731
 -0.0000381734
  0.0000050294
 -0.0000179617
  0.0000243833
  0.0000231395
 -0.0000426987
  0.0000390726
  0.0000281732
  0.0000118206
 -0.0000194981
  0.0000173353
 -0.0000009712
 -0.0000000673
 -0.0000030084
 -0.0000032825
 -0.0000172269
  0.0000485626
 -0.0000407774
 -0.0000232545
 -0.0000132955
  0.0000252648
  0.0000744294
 -0.0000474100
 -0.0000308348
  0.0000583186
 -0.0000151148
  0.0000139544
  0.0000307032
 -0.0000026288
  0.0000082198
 -0.0000035732
  0.0000039229
  0.0000006364
  0.0000036418
 -0.0000025605
 -0.0000017080
  0.0000230623
  0.0000084829
 -0.0000265404
 -0.0000222240
 -0.0000119082
  0.0000001600
 -0.0000008103
 -0.0000280529
 -0.0000002540
  0.0000421186
 -0.0000187489
 -0.0000206453
  0.0000081267
  0.0000469180
 -0.0000381336
  0.0000262891
  0.0000605828
  0.0000195048
 -0.0000855299
  0.0000320058
  0.0000017589
  0.0000038153
 -0.0000014764
  0.0000003644
  0.0000065195
  0.0000038821
  0.0000029262
 -0.0000029010
  0.0000045647
 -0.0000029627
 -0.0000137598
 -0.0000607093
 -0.0000216538
  0.0000032072
 -0.0000073829
  0.0000274715
  0.0000134275
  0.0000262303
  0.0000055013
 -0.0000021491
  0.0000022133
 -0.0000192347
  0.0000082329
 -0.0000006636
 -0.0000006770
  0.0000145516
 -0.0000071410
  0.0000058055
 -0.0000041220
 -0.0000036024
  0.0000471944
  0.0000120705
 -0.0000093850
 -0.0000249119
 -0.0000057185
 -0.0000016156
  0.0000003453
 -0.0000057424
 -0.0000082003
  0.0000054143
  0.0000237692
  0.0000104305
  0.0000069997
 -0.0000081937
 -0.0000160507
 -0.0000013387
 -0.0000212373
 -0.0000065410
 -0.0000005034
 -0.0000091141
  0.0000227399
 -0.0000043206
  0.0000937568
  0.0000093630
 -0.0000109629
  0.0000069741
  0.0000021650
  0.0000432606
  0.0000275136
 -0.0000503990
 -0.0000136142
  0.0000143162
 -0.0000007604
 -0.0000177174
 -0.0000177848
 -0.0000055427
 -0.0000038583
 -0.0000454577
  0.0000058413
  0.0000505316
 -0.0000443592
  0.0000367329
  0.0000093132
  0.0000121106
  0.0000031487
  0.0000057586
  0.0000009679
 -0.0000046892
 -0.0000092609
  0.0000009706
 -0.0000080089
  0.0000007122
  0.0000513160
 -0.0000100983
 -0.0000246118
 -0.0001310723
  0.0000075731
 -0.0000109198
  0.0000080291
  0.0000031543
 -0.0000140470
 -0.0000002630
 -0.0000018622
 -0.0000231144
 -0.0000135755
  0.0000142068
  0.0000210667
 -0.0000477350
 -0.0000082585
  0.0000031277
  0.0000131912
 -0.0000421635
  0.0000037295
 -0.0000029232
 -0.0000100554
 -0.0000289933
  0.0000196546
 -0.0000589399
 -0.0000230712
  0.0000038838
  0.0000055427
  0.0000451368
 -0.0000548965
 -0.0000464618
  0.0000365924
 -0.0000168685
  0.0000045799
 -0.0000030098
 -0.0000096839
 -0.0000113585
  0.0000085884
  0.0000037953
  0.0000160480
 -0.0000013497
  0.0000050431
  0.0000030486
 -0.0000137831
 -0.0000752869
 -0.0000396884
 -0.0000113058
 -0.0000118462
 -0.0000288887
 -0.0000126667
 -0.0000081098
 -0.0000058746
  0.0000077540
  0.0000298215
 -0.0000332182
 -0.0000024595
  0.0000043690
  0.0000381677
 -0.0000019439
 -0.0000511239
  0.0000132651
  0.0000386357
  0.0000137761
 -0.0000574548
 -0.0000052273
 -0.0000248332
  0.0000375107
 -0.0000230285
 -0.0000314123
 -0.0000085572
  0.0000174280
  0.0000551589
 -0.0000617878
 -0.0000362757
  0.0000479536
 -0.0000203151
  0.0000111026
  0.0000280066
 -0.0000095212
  0.0000171229
 -0.0000024160
  0.0000024162
  0.0000030989
 -0.0000047209
 -0.0000124005
 -0.0000105288
  0.0000178221
 -0.0000056607
 -0.0000171958
  0.0001009541
 -0.0000135568
  0.0000010625
 -0.0000292449
 -0.0001418078
 -0.0000082780
 -0.0000224274
  0.0000040382
 -0.0000069318
  0.0000064040
 -0.0000004962
 -0.0000143285
 -0.0000040797
  0.0000187343
  0.0000404509
 -0.0000162996
 -0.0000191689
 -0.0000097661
 -0.0000283499
  0.0000118042
 -0.0000041978
  0.0000169746
  0.0000099754
 -0.0000016118
 -0.0000002850
  0.0000095092
 -0.0000482486
 -0.0000058254
  0.0000075828
  0.0000041779
 -0.0000099413
 -0.0000114081
  0.0000233472
  0.0000005835
  0.0000053287
  0.0000070169
 -0.0000136771
 -0.0000054757
 -0.0000031489
  0.0000590776
 -0.0000095657
 -0.0000088822
  0.0000171054
  0.0000150406
  0.0000041244
  0.0000116896
 -0.0000036864
 -0.0000126955
  0.0000000058
  0.0000023569
  0.0000064897
 -0.0000067657
  0.0000006350
  0.0000004349
  0.0000053864
 -0.0000017969
  0.0000189264
  0.0000076465
 -0.0000032003
  0.0000065324
 -0.0000149257
 -0.0000116579
 -0.0000041802
 -0.0000101750
 -0.0000257080
 -0.0000062221
  0.0000009530
 -0.0000012082
  0.0000516845
 -0.0000000032
 -0.0000279306
 -0.0000051982
 -0.0000151241
 -0.0000079880
  0.0000035969
 -0.0000433870
  0.0000447586
 -0.0000052542
  0.0000583750
  0.0000154839
 -0.0000285004
  0.0000010879
  0.0000002427
  0.0000021568
 -0.0000255094
 -0.0000032484
 -0.0000681859
 -0.0000336901
  0.0000287763
  0.0000078199
 -0.0000409088
  0.0000136301
 -0.0000216011
 -0.0000525997
  0.0000385348
  0.0000448783
 -0.0000161681
  0.0000511510
 -0.0000029937
 -0.0000062055
 -0.0000122022
  0.0000083558
 -0.0000064167
  0.0000041837
  0.0000117364
 -0.0000047508
 -0.0000135417
  0.0000064736
 -0.0000217918
 -0.0000999733
 -0.0000551275
 -0.0000140194
  0.0000148302
 -0.0000101481
 -0.0000487074
 -0.0000213873
 -0.0000048444
 -0.0000030901
 -0.0000109355
  0.0000050784
 -0.0000079269
  0.0000179906
 -0.0000555720
  0.0000304611
 -0.0000043672
 -0.0000148291
  0.0000317974
  0.0000150809
 -0.0000503419
  0.0000563251
  0.0000011361
  0.0000116621
  0.0000152335
 -0.0000174004
  0.0000012215
  0.0000023319
 -0.0000021682
  0.0000342539
 -0.0000712192
 -0.0000011299
 -0.0000031051
 -0.0000229157
 -0.0000007617
 -0.0000544058
 -0.0000399330
  0.0000038703
 -0.0000056980
  0.0000159061
  0.0000441462
  0.0000321984
  0.0000081938
  0.0000109744
  0.0000009870
 -0.0000060828
  0.0000033829
  0.0000051265
 -0.0000020144
 -0.0000013921
 -0.0000081923
 -0.0000040085
  0.0000053333
 -0.0000002654
  0.0000013154
  0.0000027118
 -0.0000076579
  0.0000380907
 -0.0000131177
 -0.0000019497
 -0.0000086424
  0.0000038975
 -0.0000084966
 -0.0000065765
 -0.0000196185
 -0.0000116327
 -0.0000047534
  0.0000098818
 -0.0000000712
 -0.0000002737
 -0.0000262846
 -0.0000011427
 -0.0000035683
  0.0000025953
  0.0000202433
 -0.0000306479
  0.0000317358
 -0.0000061046
  0.0000687565
  0.0000205952
 -0.0000247907
  0.0000130267
  0.0000207723
 -0.0000112177
  0.0000143811
 -0.0000051075
 -0.0000213279
 -0.0000351583
  0.0000062400
  0.0000267598
  0.0000157973
 -0.0000015025
  0.0000295869
 -0.0000330438
 -0.0000046591
  0.0000055303
 -0.0000232032
 -0.0000018864
  0.0000126417
 -0.0000088393
 -0.0000145587
 -0.0000151405
  0.0000025123
  0.0000156432
 -0.0000019560
 -0.0000016400
  0.0000793594
 -0.0000195019
 -0.0000023691
 -0.0000026158
 -0.0001451052
 -0.0000008508
 -0.0000000396
  0.0000069707
  0.0000165064
 -0.0000083554
  0.0000109196
  0.0000126457
  0.0000109158
 -0.0000258288
 -0.0000088461
 -0.0000015581
 -0.0000010204
  0.0000080866
 -0.0000113448
 -0.0000001881
 -0.0000247305
 -0.0000211087
  0.0000317838
  0.0000217388
 -0.0000399640
 -0.0000029815
  0.0000080040
  0.0000176721
 -0.0000208937
  0.0000073135
 -0.0000183817
 -0.0000372498
 -0.0000075607
 -0.0000076086
  0.0000179344
  0.0000037755
 -0.0000044336
 -0.0000284311
  0.0000166648
  0.0000432905
 -0.0000057581
  0.0000569477
 -0.0000186932
 -0.0000036908
 -0.0000374223
 -0.0000037430
  0.0000036595
 -0.0000001179
 -0.0000330152
 -0.0000152668
  0.0000254618
  0.0000081334
 -0.0000080599
 -0.0001060353
 -0.0000502479
 -0.0000111281
  0.0000132524
  0.0000009158
 -0.0000219432
  0.0000060959
  0.0000032343
  0.0000087834
 -0.0000183117
  0.0000172700
 -0.0000051896
  0.0000105809
 -0.0000263674
 -0.0000191693
 -0.0000047628
  0.0000060842
  0.0000187276
  0.0000154552
 -0.0000183607
  0.0000220627
 -0.0000018081
  0.0000501524
  0.0000224537
  0.0000119239
 -0.0000013183
 -0.0000298600
  0.0000022338
  0.0000498689
 -0.0000447350
  0.0000058894
  0.0000014245
 -0.0000207738
 -0.0000068507
 -0.0000356392
 -0.0000006890
  0.0000114301
  0.0000054879
  0.0000072834
  0.0000602874
  0.0000278869
  0.0000052234
 -0.0000156169
 -0.0000014472
  0.0000056546
 -0.0000037366
 -0.0000153072
 -0.0000078119
 -0.0000061670
 -0.0000026998
  0.0000065543
 -0.0000062042
  0.0000081397
  0.0000047517
  0.0000356458
 -0.0000132329
  0.0000003537
 -0.0000106936
  0.0000101513
 -0.0000201407
 -0.0000084565
 -0.0000058639
  0.0000080078
  0.0000366120
  0.0000015948
 -0.0000023237
 -0.0000257629
 -0.0000007089
 -0.0000016091
 -0.0000018513
  0.0000192540
 -0.0000359085
  0.0000304005
 -0.0000017542
  0.0000733960
  0.0000193395
  0.0000554861
 -0.0000267266
 -0.0000002085
 -0.0000051762
  0.0000406610
  0.0000339378
 -0.0000308650
 -0.0000028050
  0.0000216872
  0.0000100738
  0.0000087300
 -0.0000203931
 -0.0000058232
  0.0000062192
 -0.0000508002
  0.0000092507
  0.0000118456
 -0.0000458347
  0.0000168081
 -0.0000040868
 -0.0000038346
  0.0000014802
 -0.0000080640
  0.0000064183
 -0.0000038740
  0.0000070852
 -0.0000078137
  0.0000031841
  0.0000016895
 -0.0000024020
  0.0000521172
 -0.0000079903
 -0.0000181728
 -0.0001804698
 -0.0000165065
  0.0000045123
  0.0000019274
  0.0000044765
  0.0000055842
 -0.0000115113
  0.0000024390
  0.0000108373
 -0.0000147643
 -0.0000034183
  0.0000039101
 -0.0000131115
 -0.0000179162
 -0.0000093382
  0.0000028535
 -0.0000476526
 -0.0000120115
  0.0000075716
  0.0000099156
 -0.0000393953
  0.0000000332
  0.0000014950
  0.0000249765
  0.0000180977
  0.0000035390
  0.0000084084
 -0.0000049897
 -0.0000072312
  0.0000371033
  0.0000371943
 -0.0000178944
 -0.0000130727
 -0.0000104154
  0.0000038813
  0.0000183734
 -0.0000022054
 -0.0000029183
  0.0000003024
  0.0000008375
 -0.0000027057
  0.0000033204
 -0.0000017185
 -0.0000341315
  0.0000088504
 -0.0000064685
 -0.0000027070
  0.0000020193
  0.0000131527
  0.0000317407
 -0.0000078598
  0.0000035107
 -0.0000138574
 -0.0000336483
 -0.0000149179
 -0.0000097959
 -0.0000027523
 -0.0000062996
 -0.0000025014
 -0.0000141116
 -0.0000053577
  0.0000137269
 -0.0000006342
  0.0000010563
 -0.0000097980
 -0.0000163107
 -0.0000014748
  0.0000049780
 -0.0000228463
 -0.0000078730
  0.0000114451
 -0.0000178495
  0.0000273990
 -0.0000039667
  0.0000850535
  0.0000146540
 -0.0000216654
  0.0000341056
  0.0000025415
  0.0000325141
 -0.0000596776
 -0.0000024060
 -0.0000069968
 -0.0000331219
 -0.0000021505
 -0.0000387563
 -0.0000546000
 -0.0000026657
 -0.0000108043
  0.0000612513
  0.0000352759
  0.0000399758
  0.0000040597
 -0.0000007060
 -0.0000025982
  0.0000031601
  0.0000117699
  0.0000009573
 -0.0000013114
 -0.0000080917
 -0.0000014835
  0.0000043123
  0.0000035616
 -0.0000005694
  0.0000036506
  0.0000048118
 -0.0000086762
  0.0000385478
 -0.0000154914
 -0.0000729254
  0.0000063093
 -0.0000120783
  0.0000026558
 -0.0000106065
  0.0000009117
 -0.0000166011
 -0.0000106322
 -0.0000034491
  0.0000049740
 -0.0000010042
  0.0000007107
 -0.0000221102
  0.0000102188
  0.0000310307
 -0.0000056014
 -0.0000011356
  0.0000129170
 -0.0000100430
  0.0000339295
 -0.0000113023
  0.0000791995
  0.0000184448
 -0.0000229334
 -0.0000104306
 -0.0000042143
  0.0000107789
 -0.0000177701
  0.0000103970
 -0.0000192607
 -0.0000320078
  0.0000052818
 -0.0000040273
  0.0000314352
  0.0000128075
 -0.0000111797
 -0.0000231433
  0.0000195471
  0.0000496763
 -0.0000029121
  0.0000599621
  0.0000012145
  0.0000018770
  0.0000017838
 -0.0000010894
 -0.0000008280
 -0.0000043091
  0.0000020365
  0.0002020296
  0.0000158520
 -0.0000614565
 -0.0000370991
  0.0000261917
 -0.0000243903
 -0.0000296194
  0.0000119647
 -0.0000008485
  0.0000121749
 -0.0000171032
  0.0000066448
  0.0000206651
 -0.0000235077
 -0.0000309825
 -0.0000131540
  0.0000054453
  0.0000334092
  0.0000243893
 -0.0000579316
  0.0000487466
  0.0000247443
 -0.0000829115
  0.0000052730
  0.0000061094
 -0.0000011296
 -0.0000348015
  0.0000103036
 -0.0000660692
 -0.0000278356
  0.0000367876
 -0.0000003279
  0.0000156864
 -0.0000503679
 -0.0000380899
  0.0000023656
 -0.0000271671
  0.0000068996
  0.0000000620
  0.0000152474
 -0.0000109896
  0.0000027496
  0.0000120145
 -0.0000010950
  0.0000064990
 -0.0000040291
 -0.0000068077
  0.0000081294
 -0.0000130463
 -0.0001151299
 -0.0000526259
 -0.0000130715
  0.0000098825
 -0.0000031239
 -0.0000251772
 -0.0000199880
  0.0000233072
 -0.0000008273
 -0.0000064426
 -0.0000215451
  0.0000135516
  0.0000285648
 -0.0000285979
 -0.0000337556
 -0.0000092169
  0.0000093235
  0.0000384912
 -0.0000019705
 -0.0000197946
  0.0000279917
  0.0000261426
  0.0000568688
  0.0000176031
  0.0000106775
  0.0000024691
  0.0000148145
 -0.0000210811
  0.0000217665
  0.0000138319
 -0.0000275764
 -0.0000275213
  0.0000155456
  0.0000494982
 -0.0000059062
  0.0000176472
  0.0000334114
 -0.0000248657
 -0.0000409080
  0.0000153588
  0.0000048035
  0.0000112220
 -0.0000036055
 -0.0000029918
  0.0000026328
 -0.0000027006
 -0.0000060736
 -0.0000177649
  0.0000130755
  0.0000195841
 -0.0000082185
 -0.0000188149
  0.0000935343
 -0.0000164336
  0.0000129296
  0.0000013181
 -0.0001448204
  0.0000009648
 -0.0000211205
  0.0000009270
  0.0000104515
  0.0000143132
 -0.0000105994
 -0.0000052656
  0.0000070343
  0.0000090772
  0.0000231358
 -0.0000234879
 -0.0000077835
 -0.0000171325
 -0.0000012826
  0.0000024443
 -0.0000111082
  0.0000039519
 -0.0000228889
 -0.0000301212
  0.0000357931
  0.0000175439
 -0.0000422781
 -0.0000104023
 -0.0000043601
  0.0000046479
  0.0000028721
  0.0000079257
 -0.0000024017
 -0.0000010983
 -0.0000025504
 -0.0000061947
  0.0000072903
 -0.0000113377
 -0.0000146234
 -0.0000137200
 -0.0000108074
 -0.0000061567
 -0.0000122950
  0.0000230626
  0.0000183801
  0.0000174335
  0.0000116933
  0.0000030278
 -0.0000153455
  0.0000006750
  0.0000031562
  0.0000074550
 -0.0000116285
 -0.0000037528
 -0.0000027404
  0.0000117990
  0.0000006952
 -0.0000130486
 -0.0000093641
  0.0000256275
  0.0000002880
  0.0000084002
 -0.0000091660
 -0.0000159851
 -0.0000237510
 -0.0000057073
  0.0000079830
 -0.0000079830
 -0.0000148745
 -0.0000199676
  0.0000007340
  0.0000196205
 -0.0000061740
  0.0000080275
  0.0000015248
 -0.0000086265
  0.0000001717
  0.0000061590
 -0.0000059179
 -0.0000340772
  0.0000011188
 -0.0000031341
 -0.0000247713
 -0.0000111138
  0.0000236825
 -0.0000212666
  0.0000152112
 -0.0000070708
  0.0000073795
  0.0000299782
  0.0000133954
  0.0000149698
 -0.0000157655
 -0.0000120024
 -0.0000381143
  0.0000094933
 -0.0000664174
 -0.0000248138
  0.0000135228
 -0.0000000430
  0.0000236976
 -0.0000549078
 -0.0000473834
  0.0000208460
 -0.0000289295
  0.0000045174
 -0.0000079209
 -0.0000040977
  0.0000075741
  0.0000112806
 -0.0000031654
  0.0000132461
 -0.0000087389
  0.0000127741
  0.0000002805
  0.0000058023
 -0.0000139886
 -0.0000959336
 -0.0000540796
 -0.0000164035
  0.0000007359
 -0.0000309237
 -0.0000161554
 -0.0000138760
 -0.0000052597
  0.0000070702
  0.0000324825
 -0.0000379472
 -0.0000040499
  0.0000024092
  0.0000052755
  0.0000414039
 -0.0000053284
 -0.0000251485
  0.0000161543
  0.0000420525
  0.0000147871
  0.0000019486
 -0.0000014622
  0.0000007898
 -0.0000025514
  0.0000081590
 -0.0000022284
  0.0000037938
 -0.0000075415
  0.0000092248
 -0.0000036626
 -0.0000144707
 -0.0000022815
 -0.0000225593
  0.0000193052
  0.0000029773
 -0.0000109911
  0.0000083853
 -0.0000030147
  0.0000159499
  0.0000035906
 -0.0000106137
  0.0000023930
  0.0000128313
 -0.0000051981
 -0.0000049582
 -0.0000090479
 -0.0000022269
 -0.0000007411
  0.0000006728
 -0.0000041601
  0.0000128525
 -0.0000056711
  0.0000108823
 -0.0000094060
 -0.0000539084
 -0.0000320171
 -0.0000012356
 -0.0000075891
 -0.0000075660
 -0.0000046580
 -0.0000058707
  0.0000010566
  0.0000163124
 -0.0000010920
  0.0000113922
 -0.0000019039
  0.0000038185
 -0.0000004000
 -0.0000027224
 -0.0000094714
 -0.0000204371
 -0.0000064947
  0.0000057683
 -0.0000248904
 -0.0000026168
  0.0000027560
 -0.0000170666
  0.0000117376
 -0.0000050527
  0.0000028424
  0.0000244821
  0.0000188513
  0.0000114273
 -0.0000182918
  0.0000248312
 -0.0000198558
  0.0000287017
  0.0000084723
 -0.0000277239
 -0.0000232682
  0.0000184589
  0.0000561326
 -0.0000474198
  0.0000047080
  0.0000383864
 -0.0000226847
 -0.0000156212
  0.0000245204
  0.0000120571
  0.0000029262
 -0.0000020447
  0.0000012552
  0.0000027526
  0.0000128844
  0.0000050577
 -0.0000069026
 -0.0000070163
  0.0000059986
  0.0001501964
  0.0000051383
 -0.0000232621
 -0.0001172968
 -0.0000536290
  0.0000018410
 -0.0000067783
  0.0000015485
  0.0000076049
  0.0000314675
 -0.0000031542
 -0.0000170072
  0.0000159357
  0.0000343479
 -0.0000022675
 -0.0000037023
 -0.0000055016
 -0.0000219921
  0.0000015653
  0.0000045981
 -0.0000114198
  0.0000124448
 -0.0000237523
  0.0000504419
  0.0000061062
  0.0000153074
  0.0000342758
  0.0000248591
 -0.0000131726
 -0.0000048141
  0.0000186714
  0.0000071293
  0.0000160253
 -0.0000280998
 -0.0000140580
  0.0000113780
 -0.0000534489
  0.0000070985
 -0.0000467564
 -0.0000255271
  0.0000081241
  0.0000078937
  0.0000053018
 -0.0000114437
  0.0000051818
 -0.0000042887
 -0.0000135602
  0.0000065838
  0.0000010685
  0.0000067373
  0.0000560386
 -0.0000190625
 -0.0000165357
 -0.0001439510
 -0.0000169842
  0.0000003178
  0.0000035772
  0.0000126824
 -0.0000115956
 -0.0000084686
  0.0000103098
 -0.0000057860
 -0.0000071581
 -0.0000126267
 -0.0000076228
  0.0000021362
  0.0000275615
 -0.0000365696
 -0.0000106768
  0.0000100724
  0.0000118698
 -0.0000404187
  0.0000079432
 -0.0000173842
  0.0000144070
  0.0000094919
 -0.0000239337
 -0.0000378882
  0.0000087377
  0.0000211765
 -0.0000217469
  0.0000145294
  0.0000283475
 -0.0000351410
 -0.0000450971
  0.0000065146
 -0.0000165057
  0.0000079716
 -0.0000045805
  0.0000059653
 -0.0000008134
  0.0000062958
  0.0000014343
  0.0000012729
  0.0000149444
  0.0000030092
 -0.0000817783
 -0.0000414351
  0.0000082101
  0.0000057521
  0.0000349362
 -0.0000266463
 -0.0000074441
  0.0000071714
  0.0000180413
 -0.0000532064
 -0.0000031572
 -0.0000041209
 -0.0000199311
 -0.0000132097
 -0.0000476897
  0.0000129265
  0.0000207072
  0.0000073013
 -0.0000517733
  0.0000628612
  0.0000419929
 -0.0000324085
  0.0000673657
  0.0000273365
 -0.0000003460
  0.0000252048
  0.0000170468
 -0.0000016141
 -0.0000157032
  0.0000006244
  0.0000117740
  0.0000270473
  0.0000373814
 -0.0000044604
 -0.0000096095
 -0.0001361213
  0.0000568399
 -0.0000029704
  0.0000556059
  0.0005461399
 -0.0000140850
  0.0000063546
  0.0000337634
 -0.0000012380
  0.0000048601
  0.0000177596
  0.0000073144
 -0.0000117084
  0.0000025555
  0.0000223895
 -0.0000689591
  0.0000225452
 -0.0000054150
  0.0000049847
 -0.0000044545
  0.0000199023
  0.0000520651
  0.0000370965
 -0.0000403360
  0.0000728371
  0.0000042546
  0.0000465626
  0.0000487922
  0.0000362789
  0.0000461490
 -0.0001496035
  0.0000251343
  0.0000249646
  0.0000238401
 -0.0000217977
  0.0000004909
 -0.0000100394
 -0.0000521838
  0.0000094185
 -0.0000412036
 -0.0000263796
 -0.0000108897
  0.0000325878
  0.0000891104
 -0.0000111205
 -0.0000016160
  0.0000141151
  0.0000671618
  0.0000872410
 -0.0001051512
  0.0000245911
 -0.0000038333
  0.0000163161
  0.0004265451
 -0.0000883927
 -0.0000120897
 -0.0000296997
 -0.0000174316
 -0.0000011959
  0.0000028869
 -0.0000125503
 -0.0000178509
  0.0000037762
 -0.0000187523
 -0.0001036182
  0.0000266169
  0.0000018892
 -0.0000038387
 -0.0000026116
  0.0000199633
 -0.0000329122
 -0.0000103807
 -0.0000245629
  0.0000061979
 -0.0000275185
  0.0000498411
  0.0000905543
 -0.0000164525
  0.0000244600
 -0.0000421190
 -0.0000194764
  0.0000021920
  0.0000170642
  0.0000611852
  0.0000112535
 -0.0000124560
  0.0000274449
 -0.0000152733
  0.0000276025
  0.0000263950
 -0.0000243545
 -0.0000538058
 -0.0000024579
  0.0000362974
  0.0000207444
 -0.0000132732
  0.0000136491
  0.0000441369
 -0.0001471752
 -0.0000171754
  0.0000061681
 -0.0000186938
  0.0005324312
  0.0000607242
  0.0000376662
 -0.0000276433
  0.0000383979
  0.0000018675
  0.0000168268
  0.0000254192
 -0.0000097448
  0.0000129316
  0.0000112185
 -0.0000318394
  0.0000032052
  0.0000308476
  0.0000038157
  0.0000437643
  0.0000327203
  0.0000379488
 -0.0000299371
  0.0000026039
  0.0000484187
  0.0000157929
  0.0000775437
  0.0000574254
 -0.0000092466
 -0.0000476177
 -0.0001278100
  0.0000179573
  0.0000477268
  0.0000358232
 -0.0000769507
  0.0000289131
 -0.0000304850
 -0.0001019735
 -0.0001097308
 -0.0000307595
 -0.0000361004
 -0.0000218706
  0.0000228958
 -0.0000530206
  0.0000379676
  0.0000445896
  0.0000438051
  0.0000393265
  0.0000580136
 -0.0001754696
  0.0000007925
  0.0000048403
 -0.0000005012
  0.0003681943
  0.0000313808
 -0.0000499201
 -0.0000435164
 -0.0000280521
 -0.0000054967
  0.0000004020
 -0.0000371032
 -0.0000164598
 -0.0000166986
 -0.0000705693
 -0.0000748736
  0.0000022377
  0.0000049817
 -0.0000078776
 -0.0000798710
 -0.0000009554
 -0.0000506711
  0.0000040690
 -0.0000664081
  0.0000243382
 -0.0000503813
  0.0000103956
  0.0000389805
 -0.0000319578
 -0.0000109475
 -0.0001053027
 -0.0000435479
  0.0000418511
  0.0000088874
 -0.0000436820
  0.0000321919
 -0.0000192592
 -0.0000888758
 -0.0000333363
  0.0000088677
 -0.0000593839
  0.0000206098
  0.0000254831
 -0.0000391990
 -0.0000308571
  0.0000230870
  0.0000146291
 -0.0000116725
  0.0000020087
 -0.0001426947
  0.0000071710
 -0.0000031039
  0.0000007745
  0.0002800935
  0.0000135608
 -0.0000209230
 -0.0000356233
 -0.0000289000
  0.0000070310
  0.0000249098
  0.0000240031
 -0.0000040134
  0.0000054510
 -0.0000402986
  0.0000699775
 -0.0000029489
  0.0000037510
  0.0000176142
  0.0000111731
  0.0000173431
 -0.0000774009
  0.0000092664
 -0.0000160981
  0.0000168445
 -0.0000314540
  0.0000183020
  0.0000601539
 -0.0000271200
  0.0000095473
  0.0000885147
 -0.0000082197
 -0.0000540387
  0.0000259342
  0.0000083043
 -0.0000120104
 -0.0000055930
  0.0000082461
  0.0000295998
 -0.0000082509
  0.0000404122
  0.0000224164
 -0.0000096346
  0.0000122509
 -0.0000084465
  0.0000069860
  0.0000050620
 -0.0000144481
  0.0000092277
 -0.0002387008
  0.0000047308
  0.0000285222
  0.0000053254
  0.0000464443
  0.0001485506
 -0.0000252268
  0.0000204086
 -0.0000358278
  0.0000440551
 -0.0000199017
  0.0000150320
 -0.0000302443
 -0.0000091282
  0.0000259092
  0.0000115187
  0.0000370876
  0.0000072052
 -0.0000023786
  0.0000129011
  0.0000574807
  0.0000193466
 -0.0000085963
  0.0000214895
  0.0000206333
 -0.0000376303
  0.0000112932
  0.0000117873
  0.0000310741
 -0.0000083019
 -0.0000734387
 -0.0000021708
 -0.0000705031
  0.0000374289
 -0.0000647061
 -0.0000144341
 -0.0000207099
 -0.0000038419
 -0.0000364620
 -0.0000121965
 -0.0000283076
 -0.0000472041
 -0.0000316064
  0.0000103353
  0.0000029377
 -0.0000190256
  0.0000311655
 -0.0000295444
 -0.0000326848
 -0.0001282004
 -0.0000139982
 -0.0000138707
 -0.0000220635
  0.0002891837
  0.0000419264
  0.0000211398
 -0.0000076452
  0.0000218244
 -0.0000026471
 -0.0000143641
  0.0000165048
 -0.0000253646
 -0.0000059052
  0.0000117242
  0.0000330384
  0.0000133905
 -0.0000043750
  0.0000009102
 -0.0000271909
  0.0000166735
 -0.0000651120
 -0.0000000166
 -0.0000344129
 -0.0000122650
  0.0000046984
 -0.0000143706
  0.0000217471
  0.0000142134
 -0.0000190536
  0.0000013273
 -0.0000423296
 -0.0000248979
  0.0000072881
 -0.0000063634
 -0.0000192751
 -0.0000336094
 -0.0000705645
 -0.0000684333
 -0.0000115254
 -0.0000715869
 -0.0000112391
 -0.0000348033
  0.0000311091
  0.0000021929
 -0.0000123365
  0.0000288554
 -0.0000217834
 -0.0000003271
 -0.0002228844
  0.0000079172
 -0.0000122244
 -0.0000043936
  0.0003759426
  0.0000276862
  0.0000664809
 -0.0000435091
  0.0000494376
 -0.0000060492
 -0.0000069532
 -0.0000132730
 -0.0000176723
 -0.0000048926
  0.0000221085
 -0.0000182894
  0.0000105174
 -0.0000081320
 -0.0000118971
  0.0000007908
  0.0000500120
 -0.0000578499
  0.0000325988
 -0.0000251627
  0.0000102717
  0.0000517817
  0.0000446929
  0.0000006245
 -0.0000401618
 -0.0000082249
 -0.0000131833
 -0.0000194672
 -0.0000072395
  0.0000155633
 -0.0000037571
 -0.0000239961
  0.0000658678
  0.0000236614
 -0.0000065746
 -0.0000075463
  0.0000027027
 -0.0000242616
 -0.0000231048
  0.0000210576
 -0.0000459493
 -0.0000640292
 -0.0000769421
 -0.0000732316
 -0.0000409601
 -0.0001282218
  0.0000096671
 -0.0000788136
 -0.0000165016
 -0.0001293196
  0.0000339603
 -0.0000217059
  0.0000158826
 -0.0000488568
  0.0000150641
  0.0000021641
  0.0000079381
 -0.0000782436
  0.0000018528
 -0.0000023079
  0.0000091064
  0.0000032696
 -0.0000106566
 -0.0000977911
 -0.0000161771
  0.0000164691
 -0.0000061375
  0.0000253379
 -0.0000404709
  0.0000325758
 -0.0000154384
  0.0000764935
  0.0000096395
  0.0000094743
 -0.0000052839
 -0.0001580778
 -0.0000080222
 -0.0002727822
  0.0000383729
 -0.0000031186
 -0.0000271818
  0.0000611575
  0.0000396976
  0.0000278845
  0.0000945536
  0.0000168732
  0.0000102859
  0.0000208147
 -0.0000128999
 -0.0000183096
 -0.0000283446
 -0.0000109737
 -0.0000470426
 -0.0000503076
 -0.0001053414
  0.0000108853
  0.0000542319
  0.0000100380
  0.0004794774
  0.0000939266
 -0.0000280265
  0.0000258630
 -0.0000287536
  0.0000184656
  0.0000282320
 -0.0000243530
 -0.0000046371
  0.0000140731
  0.0000134822
 -0.0000896564
  0.0000099579
  0.0000663696
 -0.0000023308
 -0.0000534157
  0.0000175376
 -0.0000195229
  0.0000033206
 -0.0000415326
  0.0000358514
 -0.0000265684
  0.0000546513
  0.0000218920
  0.0000225869
 -0.0000002845
 -0.0002925880
 -0.0000541645
 -0.0001044912
 -0.0000092006
  0.0000642659
 -0.0000031693
  0.0000338394
 -0.0000056191
  0.0000054707
 -0.0000108087
 -0.0000461209
 -0.0000333777
  0.0000512973
 -0.0000104073
 -0.0000373676
  0.0000068556
 -0.0000096572
  0.0000042823
  0.0000197175
 -0.0001429469
 -0.0000119771
 -0.0000035590
 -0.0000017517
  0.0003913596
  0.0000135531
  0.0000635115
 -0.0000434901
  0.0000419903
 -0.0000064617
  0.0000148961
  0.0000052284
 -0.0000108565
  0.0000042959
 -0.0000276856
 -0.0000476406
 -0.0000183972
 -0.0000141942
 -0.0000575810
  0.0000182512
  0.0000263621
  0.0000454077
  0.0000334201
 -0.0000250218
  0.0000249994
  0.0000510839
 -0.0000082608
 -0.0000130914
 -0.0000387442
 -0.0000406086
 -0.0000651343
  0.0000064436
  0.0000568909
  0.0000177506
  0.0000304587
 -0.0000026933
 -0.0000324149
  0.0000258199
  0.0000271293
  0.0000565179
  0.0000040943
  0.0000323354
  0.0000198146
  0.0000211705
 -0.0000095403
  0.0000283234
 -0.0000030584
 -0.0000263756
  0.0000211686
 -0.0002019326
 -0.0000014142
 -0.0000093123
 -0.0000027360
  0.0002959353
 -0.0000224799
 -0.0000150105
  0.0000339410
 -0.0000241822
 -0.0000073610
 -0.0000094153
  0.0000130455
 -0.0000210152
  0.0000030240
 -0.0000030634
 -0.0000646603
  0.0000132237
 -0.0000101369
  0.0000091541
  0.0000132772
  0.0000529116
  0.0000542504
  0.0000354609
 -0.0000208172
  0.0000115915
 -0.0000258429
  0.0000528767
  0.0000208360
  0.0000402885
  0.0000004845
  0.0000489553
 -0.0000198267
  0.0000238387
  0.0000148529
  0.0000246115
 -0.0000305633
 -0.0000093307
  0.0000365214
  0.0000042346
 -0.0000149607
  0.0000182084
  0.0000413488
  0.0000336206
  0.0000527499
 -0.0000133298
 -0.0000069827
 -0.0000323367
 -0.0000076976
  0.0000348114
 -0.0000306012
 -0.0000868767
  0.0000520841
 -0.0000314071
 -0.0000435135
  0.0005123089
  0.0000378455
  0.0000313018
  0.0000272301
  0.0000137082
 -0.0000003837
  0.0000264495
  0.0000464068
  0.0000224155
  0.0000219946
  0.0000137927
 -0.0001246804
  0.0000046466
  0.0000323551
 -0.0000316699
  0.0000646244
  0.0000154163
  0.0000226240
  0.0000108602
  0.0000393698
  0.0000142511
  0.0000231186
  0.0000493444
  0.0000344165
  0.0000253190
  0.0000307693
 -0.0002648843
  0.0000506121
 -0.0001123897
  0.0000147094
  0.0000380606
 -0.0000282231
  0.0000470769
 -0.0000272868
  0.0000417939
  0.0000551675
 -0.0000181445
  0.0000114887
 -0.0000177377
 -0.0000160537
 -0.0000683720
  0.0000009251
 -0.0000391183
 -0.0000120820
  0.0000022302
 -0.0001197462
 -0.0000022310
 -0.0000101500
 -0.0000065437
  0.0005713818
 -0.0000948701
  0.0000162895
  0.0000000760
  0.0000354603
 -0.0000052022
  0.0000045603
  0.0000193944
 -0.0000170516
  0.0000000222
 -0.0000110995
 -0.0001019338
  0.0000053402
  0.0000177720
 -0.0000038003
  0.0000519867
  0.0000018226
  0.0000546177
  0.0000268700
 -0.0000131942
  0.0000510318
 -0.0000049085
  0.0000403146
  0.0000110924
  0.0000041287
 -0.0000418161
 -0.0001357373
  0.0000247505
  0.0000427622
  0.0000199406
  0.0000107541
  0.0000432363
 -0.0000121724
 -0.0000085087
  0.0000423131
  0.0000553557
  0.0000090259
  0.0001073490
  0.0000512243
 -0.0000219988
 -0.0000400008
  0.0000583215
  0.0000059764
 -0.0000085169
  0.0000268904
 -0.0001746366
  0.0000529467
  0.0000152289
  0.0000509982
  0.0005587812
  0.0000004714
 -0.0000013132
  0.0000708541
  0.0000072476
  0.0000079259
  0.0000291841
 -0.0000171693
  0.0000086207
  0.0000225682
  0.0000509193
  0.0000166964
  0.0000235024
  0.0000176794
 -0.0000165991
  0.0000257564
  0.0000055012
  0.0000324946
 -0.0000375767
 -0.0000053726
  0.0000295955
 -0.0000135673
  0.0000439332
  0.0000358413
  0.0000724914
  0.0000405719
 -0.0000356265
  0.0000073861
  0.0000636032
  0.0000361456
 -0.0000079793
  0.0000038401
  0.0000166061
  0.0000032192
  0.0001391579
 -0.0000221900
  0.0000145665
  0.0000392754
 -0.0000475228
 -0.0000167438
  0.0000036962
  0.0000130380
 -0.0000187357
 -0.0000648671
 -0.0000103618
  0.0000450359
 -0.0000003036
  0.0000085411
 -0.0000278999
  0.0000048014
 -0.0000006997
 -0.0000201463
 -0.0000113336
 -0.0000153877
  0.0000243529
 -0.0000490531
 -0.0000357628
  0.0000009486
  0.0000915816
  0.0000353371
 -0.0000779627
  0.0000192750
 -0.0000117784
  0.0000075843
  0.0000966259
  0.0000095316
  0.0000612974
  0.0000519324
  0.0001894642
  0.0000854762
  0.0000199193
  0.0000240871
  0.0000197644
 -0.0000037128
  0.0000146515
  0.0000018924
  0.0000642799
  0.0000001935
  0.0000329439
 -0.0000109034
 -0.0000092624
 -0.0000086838
  0.0000297854
  0.0000133946
  0.0000796550
 -0.0000100778
  0.0000073195
  0.0000419532
  0.0000330808
  0.0000143894
  0.0000148235
  0.0000092517
  0.0000015878
  0.0004277962
  0.0000572567
 -0.0000339023
  0.0000396645
  0.0000161548
  0.0000049125
  0.0000176701
  0.0000008196
  0.0000008596
  0.0001164555
 -0.0000021925
  0.0000319445
  0.0000595383
  0.0002077957
  0.0000984831
  0.0000201312
  0.0000362957
  0.0000125800
 -0.0000038303
  0.0000098636
  0.0000046439
  0.0000745810
  0.0000347967
  0.0000263291
 -0.0000175754
  0.0000094925
 -0.0000076686
  0.0000289741
  0.0000171168
  0.0000810575
  0.0000331686
  0.0000124976
 -0.0000210497
 -0.0000048752
  0.0000408125
  0.0000149184
  0.0000213378
  0.0000156044
 -0.0000220926
  0.0004432053
  0.0000783416
 -0.0000421636
  0.0000339375
  0.0000725015
  0.0000355857
  0.0000104954
  0.0000279422
  0.0000894736
  0.0000162521
  0.0000323006
 -0.0000295207
  0.0000231803
  0.0000142743
 -0.0000221030
 -0.0000208716
  0.0000331148
  0.0000003820
 -0.0000061770
  0.0000001624
 -0.0000027138
  0.0000026430
  0.0000009307
  0.0000090685
  0.0000380779
  0.0000202408
 -0.0000196248
  0.0000208924
 -0.0000293954
 -0.0000364601
 -0.0000113200
  0.0000070462
  0.0003395213
 -0.0000000024
 -0.0001020880
  0.0000388047
  0.0000033309
  0.0000295729
  0.0000048299
  0.0000073061
  0.0001046209
  0.0000103605
  0.0000144881
  0.0000945907
 -0.0000109181
 -0.0000185916
 -0.0000202026
  0.0000127794
  0.0000302731
 -0.0000061541
  0.0000331985
 -0.0000248025
 -0.0000166760
 -0.0000121371
  0.0000110222
  0.0000159347
 -0.0000252147
  0.0000525160
 -0.0000399846
 -0.0000291930
  0.0001374316
  0.0000304432
 -0.0000989759
 -0.0000003097
  0.0000051508
 -0.0000070702
  0.0000144768
  0.0000106930
 -0.0000096353
  0.0000870506
 -0.0000109747
 -0.0000416282
 -0.0000389118
 -0.0000188824
 -0.0000339068
 -0.0000331217
 -0.0000148838
 -0.0000311292
  0.0000043806
 -0.0000155218
 -0.0000212548
  0.0000117065
  0.0000011589
  0.0000069029
 -0.0000468091
 -0.0000417585
 -0.0000105890
 -0.0000164396
 -0.0000269573
  0.0000215140
  0.0000023945
 -0.0000765380
 -0.0000219146
  0.0000314408
 -0.0001055261
 -0.0000270882
  0.0000714436
 -0.0000087208
  0.0000174437
  0.0000280240
  0.0001045558
  0.0000373909
  0.0000401944
  0.0000046769
 -0.0000194579
  0.0000093306
 -0.0000062282
  0.0000270299
  0.0000057449
  0.0000066034
 -0.0000066643
  0.0000010827
  0.0000019964
  0.0000083929
  0.0000313960
  0.0000503309
  0.0000092919
 -0.0000151711
  0.0000333084
 -0.0000129411
 -0.0000075537
 -0.0000071092
  0.0000037431
  0.0003565675
  0.0000166168
 -0.0000455139
  0.0000503734
  0.0000063913
  0.0000170675
 -0.0000005318
 -0.0000223709
  0.0000063238
  0.0001103067
  0.0000043736
 -0.0000507962
 -0.0000497022
 -0.0000220364
 -0.0000409231
  0.0000310849
  0.0000059429
 -0.0000139236
  0.0000051953
 -0.0000291663
  0.0000033486
 -0.0000064354
  0.0000362241
 -0.0000439516
 -0.0000489068
 -0.0000183184
  0.0000035740
  0.0000471067
  0.0000298039
 -0.0000214444
  0.0000155349
  0.0000352181
 -0.0000642331
 -0.0000154413
  0.0000078115
  0.0000680653
 -0.0000109199
  0.0000196914
  0.0000053589
  0.0000932097
  0.0000252132
  0.0000466343
 -0.0000190606
  0.0000185897
 -0.0000331971
  0.0000388261
 -0.0000363982
  0.0000042782
 -0.0000106410
  0.0000268222
  0.0000017482
 -0.0000031337
  0.0000123910
  0.0000258863
  0.0000600997
  0.0000474956
 -0.0000157479
 -0.0000205223
  0.0000057766
  0.0000216506
 -0.0000296613
  0.0000106303
  0.0000102207
  0.0000338668
  0.0000040291
  0.0003366321
  0.0000120161
 -0.0000405365
  0.0000523114
  0.0000741127
  0.0000064436
  0.0000477739
  0.0000460871
  0.0001885614
  0.0000838059
  0.0000299312
  0.0000086495
 -0.0000030475
  0.0000328311
 -0.0000097925
  0.0000556736
  0.0000001059
  0.0000256016
  0.0000135665
  0.0000147858
  0.0000046956
  0.0000174033
  0.0000299579
  0.0000878534
 -0.0000077153
  0.0000130008
  0.0000211626
  0.0000246258
  0.0000321402
  0.0000118110
  0.0000072371
  0.0004166569
  0.0000484608
 -0.0000265822
  0.0000455241
  0.0000230282
  0.0000149915
  0.0000832807
 -0.0000090196
  0.0000398682
 -0.0000108677
  0.0000796038
 -0.0000376053
 -0.0000060232
 -0.0000344633
  0.0000146514
 -0.0000045121
 -0.0000355897
  0.0000184612
  0.0000071844
  0.0000356475
  0.0000053941
 -0.0000047185
 -0.0000220282
  0.0000129021
  0.0000144498
 -0.0000549512
 -0.0000087347
  0.0000092770
  0.0001241940
  0.0000378498
 -0.0001130291
 -0.0000259238
  0.0000021131
  0.0000017814
  0.0001133309
 -0.0000439438
 -0.0000284583
 -0.0000214740
 -0.0000456680
 -0.0000085073
  0.0000050333
 -0.0000102948
  0.0000074346
 -0.0000320267
 -0.0000107901
  0.0000331445
 -0.0000295475
 -0.0000208961
 -0.0000145159
  0.0000424325
 -0.0000345011
  0.0000500327
 -0.0000661371
 -0.0000023663
 -0.0000048658
 -0.0000103320
  0.0000206793
  0.0000041990
  0.0000310418
  0.0000187699
  0.0002119682
  0.0000853440
  0.0000229834
 -0.0000134590
  0.0000106673
 -0.0000107864
  0.0000202558
  0.0000047434
  0.0000557135
  0.0000083761
  0.0000179292
  0.0000063422
  0.0000146740
  0.0000016661
  0.0000362559
  0.0000268363
  0.0000681307
  0.0000170545
 -0.0000134748
  0.0000301012
  0.0000032020
 -0.0000167481
  0.0000124230
 -0.0000070304
  0.0000065206
 -0.0000093647
  0.0004347733
  0.0000411460
 -0.0000111786
  0.0000445986
  0.0000061497
  0.0000636690
 -0.0000012338
  0.0000354996
  0.0000355946
  0.0001204319
  0.0000492027
  0.0000424952
  0.0000158386
  0.0000191849
 -0.0000229478
  0.0000137725
 -0.0000386559
  0.0000536767
 -0.0000234325
  0.0000062236
 -0.0000081212
 -0.0000034028
  0.0000055112
  0.0000026592
  0.0000299722
  0.0000665126
  0.0000265232
  0.0000155248
 -0.0000175879
 -0.0000156626
  0.0000193937
  0.0000177965
 -0.0000091218
  0.0000295490
  0.0000161914
  0.0004022004
  0.0000483009
 -0.0000141472
  0.0000461109
  0.0000136321
  0.0000750305
  0.0000058627
  0.0000248183
  0.0000158031
  0.0002390826
  0.0000831309
  0.0000036410
  0.0000063177
  0.0000098455
 -0.0000115273
  0.0000325487
 -0.0000081960
  0.0000088692
  0.0000106672
  0.0000182766
  0.0000184519
  0.0000071217
 -0.0000218276
  0.0000142054
  0.0000354342
  0.0000727594
  0.0000085608
  0.0000171002
 -0.0000079346
 -0.0000069760
 -0.0000130707
  0.0000140031
 -0.0000016409
  0.0000137915
  0.0000073023
  0.0003829360
 -0.0000160928
  0.0000214286
  0.0000305326
  0.0001038844
 -0.0000124782
  0.0000154274
  0.0000449351
  0.0001084680
  0.0000400080
 -0.0000197832
  0.0000050823
  0.0000484787
 -0.0000032857
 -0.0000161920
  0.0000058876
 -0.0000096925
 -0.0000063167
  0.0000257896
  0.0000490783
  0.0000031369
 -0.0000094403
  0.0000210723
 -0.0000162305
 -0.0000086953
 -0.0000211091
  0.0003668604
  0.0000329023
 -0.0000662701
  0.0000486647
  0.0000100631
  0.0000612448
 -0.0000056131
  0.0000175362
 -0.0000297427
  0.0000092872
 -0.0000241572
 -0.0000634107
 -0.0000028376
 -0.0000218328
 -0.0000604641
  0.0000012335
 -0.0000115694
 -0.0000314239
  0.0000257931
  0.0000129843
 -0.0000250404
 -0.0000438300
 -0.0000190361
 -0.0000208594
 -0.0000423103
 -0.0000056242
 -0.0000603902
 -0.0000531982
  0.0000011375
  0.0000899058
 -0.0000173256
 -0.0000845652
 -0.0000140158
  0.0000140962
  0.0000170413
  0.0000091117
  0.0000009931
  0.0002333483
  0.0000957664
  0.0000097297
 -0.0000153354
  0.0000273558
  0.0000035666
  0.0000182470
 -0.0000188955
  0.0000572208
 -0.0000015140
 -0.0000076644
  0.0000094712
  0.0000147207
 -0.0000058084
  0.0000129347
  0.0000227606
  0.0000505776
  0.0000000662
 -0.0000274548
  0.0000014006
 -0.0000174610
  0.0000075450
 -0.0000318826
  0.0000236871
  0.0000005164
  0.0004224250
  0.0000321440
 -0.0000234646
  0.0000246169
  0.0001195909
  0.0000991728
  0.0001306160
  0.0000374957
  0.0000448039
  0.0000193627
  0.0000146873
  0.0000269705
  0.0000814557
  0.0000932878
  0.0001039301
  0.0001108648
 -0.0000029835
 -0.0000214048
 -0.0000293718
 -0.0000030088
  0.0000132369
 -0.0000250738
  0.0000077222
 -0.0000020549
  0.0000044416
  0.0000205300
  0.0000531936
 -0.0000639415
  0.0004778771
  0.0000146823
  0.0000149951
  0.0000127750
  0.0000262630
  0.0000102673
  0.0000112255
  0.0000419664
  0.0000091529
  0.0000275045
 -0.0000144344
  0.0001009730
 -0.0000203760
  0.0000125752
 -0.0000122622
 -0.0000017627
  0.0003203694
 -0.0000087131
  0.0000592684
  0.0002101498
 -0.0000232325
 -0.0001377908
  0.0003647019
  0.0003376554
  0.0000196849
 -0.0001275537
  0.0003535203
  0.0000532248
  0.0001278692
  0.0007374696
  0.0001908280
  0.0000821195
 -0.0000858827
  0.0003055741
 -0.0000114532
  0.0000948942
 -0.0000187227
 -0.0000160275
  0.0001212547
  0.0001182544
  0.0000485234
 -0.0001988400
  0.0000810715
  0.0000139032
 -0.0000474317
 -0.0000015013
 -0.0000089187
 -0.0000201843
 -0.0000097053
 -0.0000120430
  0.0000331660
 -0.0000099998
 -0.0000263357
  0.0002611658
 -0.0000587411
 -0.0000000638
 -0.0000058119
 -0.0000013283
 -0.0000044662
  0.0000782224
 -0.0000005665
  0.0000038420
  0.0000134467
  0.0000251229
 -0.0000024233
  0.0004090798
  0.0000071763
  0.0000004265
 -0.0000119639
 -0.0000332977
 -0.0000044075
  0.0000412893
 -0.0000196114
 -0.0000268445
  0.0000134704
  0.0000453227
 -0.0000547712
  0.0000565785
 -0.0000928440
 -0.0000096123
 -0.0000188521
  0.0000000254
 -0.0000011110
 -0.0000264548
  0.0000109812
  0.0000217569
 -0.0000243105
  0.0000307258
  0.0000221756
 -0.0000235414
  0.0000166868
  0.0000349277
 -0.0000164890
  0.0000111770
 -0.0000391376
  0.0000094555
  0.0000064053
  0.0000080157
 -0.0000054513
  0.0000097821
 -0.0000185898
 -0.0000001919
 -0.0000131814
  0.0003863006
  0.0000059991
  0.0000216121
  0.0000200344
  0.0000396115
  0.0000658300
  0.0000193035
 -0.0000010374
 -0.0000065439
 -0.0000186957
 -0.0000212745
  0.0000013486
 -0.0000021052
  0.0000201407
  0.0000703971
  0.0000209855
 -0.0000582437
 -0.0000132487
  0.0000028676
 -0.0000035126
 -0.0000235534
  0.0000054801
  0.0004899203
  0.0000005678
  0.0000077497
  0.0000128395
 -0.0001064818
  0.0000015335
 -0.0000417511
 -0.0000360600
 -0.0000018211
  0.0000057993
 -0.0000017325
 -0.0000150308
  0.0000234703
  0.0000065427
 -0.0000112036
  0.0000718717
  0.0000074237
  0.0000067782
 -0.0000139034
 -0.0000055051
  0.0000011361
  0.0000211657
  0.0000144823
  0.0000200523
 -0.0000075949
 -0.0000013556
  0.0005406302
  0.0000318816
 -0.0000118259
 -0.0000028615
  0.0000241000
  0.0000741163
 -0.0001176521
  0.0000652854
  0.0000623812
  0.0000197223
  0.0000063217
 -0.0000185764
  0.0000160207
  0.0000165999
  0.0003840988
 -0.0000385710
  0.0000333925
 -0.0000194133
  0.0000146681
 -0.0000047755
 -0.0000079723
 -0.0000313921
 -0.0000195478
  0.0000373186
 -0.0000178701
  0.0002377852
  0.0000205243
  0.0000024846
  0.0000430340
 -0.0000116894
 -0.0002376230
  0.0000229751
  0.0000334472
 -0.0000226021
  0.0003778933
  0.0000243298
 -0.0000221001
 -0.0000310719
 -0.0000226621
 -0.0000215448
  0.0000472852
  0.0003313323
 -0.0000649533
  0.0000683684
  0.0000068211
 -0.0000364894
 -0.0000177029
