 -0.0000018409
  0.0000015729
  0.0000005574
 -0.0000016058
  0.0000005269
  0.0000006741
 -0.0000040529
  0.0000019728
 -0.0000005683
  0.0000009062
 -0.0000004085
  0.0000015193
 -0.0000001844
 -0.0000011556
  0.0000014530
  0.0000018392
 -0.0000010449
 -0.0000025789
  0.0000009354
  0.0000002418
  0.0000034534
 -0.0000025042
 -0.0000026058
  0.0000019425
 -0.0000001375
  0.0000021798
 -0.0000038599
 -0.0000005251
  0.0000020813
  0.0000006324
  0.0000002778
  0.0000000557
  0.0000021730
  0.0000005393
  0.0000003198
  0.0000003917
 -0.0000017700
  0.0000011178
 -0.0000000198
  0.0000006111
 -0.0000022602
 -0.0000001040
  0.0000015410
  0.0000004632
  0.0000004125
  0.0000008691
  0.0000063608
 -0.0000076710
  0.0000027990
 -0.0000014766
  0.0000042172
  0.0000139108
 -0.0000034761
  0.0000007050
 -0.0000016114
 -0.0000071068
  0.0000107938
 -0.0000012092
 -0.0000055399
 -0.0000031842
 -0.0000087382
  0.0000184248
  0.0000013374
 -0.0000070350
 -0.0000011156
 -0.0000022617
  0.0000079449
 -0.0000055383
  0.0000058665
  0.0000005646
  0.0000030965
  0.0000006142
 -0.0000064798
  0.0000020608
  0.0000025215
 -0.0000025646
  0.0000017330
 -0.0000015871
 -0.0000022971
  0.0000015436
 -0.0000037373
  0.0000050477
  0.0000008558
  0.0000006107
  0.0000064355
 -0.0000013004
  0.0000020349
  0.0000030524
  0.0000031623
  0.0000010546
 -0.0001668699
  0.0000152480
 -0.0000065567
 -0.0000034248
 -0.0000299507
 -0.0000144001
  0.0000008204
  0.0000888053
  0.0000061671
  0.0000041695
  0.0000284028
  0.0000401868
 -0.0000065789
 -0.0000088345
  0.0000146278
 -0.0000064079
  0.0000343086
 -0.0000106810
  0.0000174070
 -0.0000030177
  0.0000056744
  0.0000093108
 -0.0000038400
  0.0000054011
  0.0000111983
  0.0000057040
  0.0000001684
 -0.0000022392
 -0.0000010226
 -0.0000123866
  0.0000005226
  0.0000091326
  0.0000001906
  0.0000000855
  0.0000016646
 -0.0000099888
  0.0000016365
 -0.0000012683
 -0.0000112281
 -0.0000018488
 -0.0000219289
 -0.0000076670
 -0.0000023126
  0.0000014313
 -0.0000005211
 -0.0000033871
 -0.0000021158
  0.0000013052
  0.0000020981
 -0.0000047186
 -0.0000004782
  0.0000017666
 -0.0000005193
  0.0000003791
 -0.0000009810
 -0.0000014185
 -0.0000009369
  0.0000005798
  0.0000029459
  0.0000011756
 -0.0000006033
 -0.0000001044
  0.0000005695
  0.0000015900
  0.0000010378
 -0.0000013926
  0.0000024495
 -0.0000020883
 -0.0000024263
 -0.0000003377
  0.0000012516
  0.0000023215
  0.0000000848
 -0.0000004639
 -0.0000018124
 -0.0000001220
 -0.0000027944
 -0.0000013495
 -0.0000014924
 -0.0000014656
  0.0000010833
  0.0000025348
  0.0000020974
  0.0000005356
 -0.0000019759
  0.0000028487
 -0.0000029092
  0.0000014609
  0.0000084556
 -0.0000025897
  0.0000016851
  0.0000002650
 -0.0000088637
  0.0000018211
  0.0000008062
 -0.0000125690
 -0.0000013613
 -0.0000057775
  0.0000127029
  0.0000036030
 -0.0000061851
  0.0000003195
  0.0000004675
  0.0000071376
  0.0000006958
  0.0000069329
 -0.0000022363
  0.0000023933
  0.0000028648
 -0.0000008530
  0.0000047490
  0.0000046933
  0.0000026583
  0.0000033504
  0.0000036710
  0.0000029687
 -0.0000058096
  0.0000001170
 -0.0000018940
  0.0000068592
 -0.0000027841
  0.0000026794
  0.0000030459
  0.0000029471
  0.0000047002
  0.0000090442
  0.0000000351
 -0.0000484259
  0.0000048807
  0.0000055201
 -0.0000044746
 -0.0000170888
 -0.0000774247
  0.0000000175
  0.0000177550
 -0.0000139303
  0.0000079954
  0.0000257461
  0.0000547919
  0.0000173658
  0.0000098089
  0.0000001977
  0.0000018606
  0.0000497989
  0.0000010972
  0.0000010422
  0.0000000044
  0.0000135951
 -0.0000066409
  0.0000026866
  0.0000069335
  0.0000026774
 -0.0000019181
  0.0000043671
 -0.0000047204
  0.0000015204
 -0.0000084828
  0.0000005410
  0.0000024181
 -0.0000018918
  0.0000023958
  0.0000025615
 -0.0000278678
 -0.0000196739
  0.0000112963
  0.0000032241
  0.0000070791
  0.0000039380
  0.0000011604
  0.0000007362
 -0.0000002467
  0.0000006609
  0.0000011218
  0.0000009801
 -0.0000003056
 -0.0000015180
  0.0000005517
  0.0000010616
  0.0000037966
 -0.0000020117
  0.0000029002
  0.0000014211
 -0.0000024387
 -0.0000001023
  0.0000016608
  0.0000009702
  0.0000010037
 -0.0000005353
 -0.0000004148
 -0.0000012514
  0.0000003718
 -0.0000022879
  0.0000013414
  0.0000012981
 -0.0000001135
  0.0000000434
  0.0000012633
  0.0000044065
 -0.0000047057
  0.0000045246
 -0.0000002770
  0.0000008777
  0.0000115761
 -0.0000057617
 -0.0000001778
  0.0000002275
 -0.0000114665
  0.0000091278
 -0.0000003065
 -0.0000014863
 -0.0000038622
 -0.0000072553
  0.0000165550
  0.0000014555
 -0.0000058410
 -0.0000012829
 -0.0000029897
  0.0000031466
 -0.0000049326
  0.0000033197
  0.0000051919
 -0.0000042132
  0.0000017962
 -0.0000006570
 -0.0000037109
  0.0000006299
 -0.0000033614
 -0.0000051083
  0.0000011167
 -0.0000020175
  0.0000016096
  0.0000010257
  0.0000013540
  0.0000029151
 -0.0000036214
  0.0000014151
 -0.0000002061
 -0.0000006266
 -0.0000000910
 -0.0001691337
  0.0000077578
 -0.0000107129
 -0.0000031753
 -0.0000290335
 -0.0000222726
  0.0000033188
  0.0000839258
  0.0000035890
  0.0000137501
  0.0000295698
  0.0000414961
 -0.0000076897
 -0.0000060975
 -0.0000000185
 -0.0000048820
  0.0000448330
 -0.0000139610
 -0.0000021016
  0.0000141906
  0.0000061913
 -0.0000071963
  0.0000070922
  0.0000073975
  0.0000067376
  0.0000016276
 -0.0000018664
  0.0000082832
 -0.0000107623
  0.0000015377
  0.0000049799
 -0.0000000615
 -0.0000015663
 -0.0000121215
  0.0000008306
 -0.0000028846
 -0.0000093418
 -0.0000009580
 -0.0000006299
 -0.0000028220
 -0.0000012769
 -0.0000028436
  0.0000001381
  0.0000017274
  0.0000002098
  0.0000019201
  0.0000006729
  0.0000000411
  0.0000027318
  0.0000003270
 -0.0000013303
  0.0000004447
 -0.0000006838
  0.0000016317
  0.0000034128
 -0.0000034861
  0.0000043769
  0.0000002039
  0.0000016595
  0.0000019505
 -0.0000010516
  0.0000001778
  0.0000019824
  0.0000000952
 -0.0000009099
  0.0000002315
  0.0000002832
  0.0000009499
  0.0000007671
 -0.0000001982
  0.0000021099
  0.0000005691
 -0.0000010390
  0.0000011159
  0.0000005158
  0.0000007167
  0.0000004649
  0.0000008079
 -0.0000032565
  0.0000025313
 -0.0000011779
 -0.0000004386
  0.0000055747
 -0.0000017396
  0.0000011577
  0.0000015975
 -0.0000069738
  0.0000042042
  0.0000002196
 -0.0000032846
 -0.0000023178
 -0.0000063880
  0.0000170458
  0.0000016935
 -0.0000056879
 -0.0000006341
 -0.0000009364
  0.0000069215
 -0.0000006707
  0.0000050973
  0.0000042302
  0.0000015326
 -0.0000005108
  0.0000036746
  0.0000048489
 -0.0000000564
  0.0000006706
 -0.0000016733
 -0.0000004432
 -0.0000002169
 -0.0000050495
  0.0000023059
  0.0000002973
 -0.0000007888
 -0.0000014056
 -0.0000007788
 -0.0000013231
 -0.0000052499
 -0.0000055301
 -0.0000006512
 -0.0001212735
  0.0000044146
  0.0000014401
  0.0000026959
 -0.0000160113
 -0.0000415772
  0.0000030901
  0.0000538284
 -0.0000071681
  0.0000020850
  0.0000260295
  0.0000388879
 -0.0000124933
  0.0000075552
 -0.0000231106
  0.0000007618
  0.0000651303
  0.0000192462
  0.0000102680
 -0.0000020560
  0.0000017132
  0.0000148206
 -0.0000014662
 -0.0000090616
  0.0000149649
  0.0000065077
 -0.0000036737
 -0.0000008262
 -0.0000048085
 -0.0000055857
  0.0000000097
 -0.0000067329
  0.0000000747
  0.0000026192
 -0.0000005193
  0.0000028270
 -0.0000073230
 -0.0000023835
 -0.0000055630
 -0.0000222751
  0.0000114545
 -0.0000124024
 -0.0000013363
  0.0000092529
  0.0000028927
 -0.0000126090
  0.0000059438
 -0.0000027182
 -0.0000010233
 -0.0000016840
 -0.0000011436
 -0.0000015974
  0.0000001324
 -0.0000018840
 -0.0000003355
  0.0000027528
 -0.0000009028
  0.0000008190
 -0.0000041862
  0.0000010042
 -0.0000012892
 -0.0000029780
  0.0000001703
 -0.0000002041
 -0.0000028014
  0.0000003612
  0.0000004116
 -0.0000025638
 -0.0000034325
 -0.0000003948
 -0.0000011111
 -0.0000018346
  0.0000000201
 -0.0000028355
 -0.0000003865
 -0.0000001355
 -0.0000016981
 -0.0000014567
 -0.0000019543
  0.0000004248
 -0.0000053162
  0.0000025023
 -0.0000005204
 -0.0000018774
  0.0000061332
  0.0000003315
 -0.0000010037
 -0.0000001335
 -0.0000095927
  0.0000047174
  0.0000004233
 -0.0000032506
 -0.0000029241
 -0.0000064184
  0.0000151534
  0.0000026578
 -0.0000056139
 -0.0000009467
 -0.0000020629
  0.0000046670
 -0.0000034849
  0.0000059259
 -0.0000018482
  0.0000031254
  0.0000016554
 -0.0000030857
  0.0000012627
  0.0000022298
 -0.0000001625
  0.0000003839
 -0.0000003861
 -0.0000048013
  0.0000047018
 -0.0000083055
  0.0000056838
  0.0000036346
  0.0000071814
 -0.0000073180
 -0.0000037194
  0.0000052942
 -0.0000077862
 -0.0000030560
 -0.0000137975
 -0.0001656228
  0.0000060833
 -0.0000088387
  0.0000006676
 -0.0000266930
 -0.0000293866
  0.0000059052
  0.0000822580
  0.0000052841
  0.0000174877
  0.0000318624
  0.0000488019
  0.0000052074
 -0.0000033130
 -0.0000031436
 -0.0000028547
  0.0000720562
 -0.0000162921
 -0.0000244508
  0.0000001481
  0.0000090337
  0.0000096978
  0.0000009957
  0.0000092508
  0.0000058615
  0.0000000365
 -0.0000033997
 -0.0000001839
  0.0000097754
 -0.0000000284
 -0.0000121983
  0.0000026208
 -0.0000004703
 -0.0000011262
  0.0000116791
  0.0000026873
  0.0000058336
 -0.0000006189
  0.0000024896
  0.0000011042
  0.0000029429
  0.0000005804
 -0.0000004100
  0.0000007994
 -0.0000002811
 -0.0000004698
  0.0000015046
  0.0000012717
 -0.0000013259
  0.0000010168
 -0.0000000324
  0.0000000565
  0.0000025132
  0.0000007570
 -0.0000016291
  0.0000011343
  0.0000008147
 -0.0000030122
  0.0000023453
  0.0000012876
 -0.0000007759
  0.0000001329
  0.0000024485
  0.0000003068
 -0.0000019788
  0.0000002805
 -0.0000017777
 -0.0000012238
  0.0000012385
 -0.0000015444
 -0.0000002242
  0.0000005548
 -0.0000022026
 -0.0000025982
 -0.0000001808
 -0.0000008599
 -0.0000000991
  0.0000016602
  0.0000002346
 -0.0000032671
  0.0000036990
 -0.0000010097
  0.0000011350
  0.0000097344
  0.0000000989
  0.0000010825
 -0.0000017252
 -0.0000047149
  0.0000020123
  0.0000014329
 -0.0000130024
 -0.0000010204
 -0.0000055773
  0.0000100664
  0.0000038579
 -0.0000047374
 -0.0000001341
 -0.0000041266
  0.0000113096
 -0.0000030281
  0.0000077252
  0.0000015851
  0.0000010011
 -0.0000042500
  0.0000024134
  0.0000087601
  0.0000046382
 -0.0000016689
  0.0000040706
  0.0000030476
  0.0000009809
  0.0000009430
 -0.0000066782
  0.0000041056
 -0.0000019289
 -0.0000002746
  0.0000007407
 -0.0000005554
 -0.0000003274
 -0.0000012253
  0.0000029813
 -0.0000193960
  0.0000006380
 -0.0000050809
  0.0000325460
 -0.0000266085
 -0.0000751292
  0.0000003443
  0.0000036141
 -0.0000042199
  0.0000031935
  0.0000206995
  0.0000525881
 -0.0000045481
 -0.0000045044
 -0.0000106174
 -0.0000111572
  0.0000390393
 -0.0000004065
  0.0000040653
 -0.0000029526
 -0.0000226801
  0.0000174570
 -0.0000038014
 -0.0000078768
 -0.0000160992
  0.0000074474
  0.0000017668
  0.0000062242
 -0.0000050304
 -0.0000019230
 -0.0000078753
  0.0000017048
  0.0000076013
  0.0000009550
  0.0000002945
  0.0000013955
 -0.0000266564
 -0.0000011027
 -0.0000089805
  0.0000038468
  0.0000009510
  0.0000067428
 -0.0000035801
 -0.0000072123
 -0.0000028600
  0.0000031676
  0.0000081197
  0.0000071837
 -0.0000066677
 -0.0000037642
  0.0000016470
  0.0000009681
 -0.0000002548
 -0.0000038048
 -0.0000003322
  0.0000008253
  0.0000013093
 -0.0000013501
  0.0000008297
  0.0000001962
  0.0000009115
  0.0000007544
  0.0000041996
 -0.0000017884
 -0.0000036425
  0.0000001697
 -0.0000005869
  0.0000032263
 -0.0000007416
  0.0000024556
  0.0000002624
 -0.0000001947
  0.0000002517
  0.0000012388
 -0.0000004270
 -0.0000003799
 -0.0000006184
  0.0000017851
  0.0000019676
  0.0000000795
 -0.0000018381
 -0.0000018847
  0.0000017349
  0.0000003610
 -0.0000020110
  0.0000005558
 -0.0000023721
  0.0000005871
 -0.0000022136
  0.0000013770
 -0.0000029800
  0.0000028720
 -0.0000002271
  0.0000022860
  0.0000122721
 -0.0000017232
 -0.0000012884
 -0.0000009610
 -0.0000040920
 -0.0000003031
 -0.0000007645
 -0.0000115639
 -0.0000047793
 -0.0000061372
  0.0000100884
  0.0000020970
 -0.0000052261
  0.0000006176
 -0.0000020069
  0.0000111696
 -0.0000027252
  0.0000063222
  0.0000000739
  0.0000024367
 -0.0000035551
  0.0000029157
  0.0000096139
  0.0000010423
  0.0000012092
 -0.0000005874
  0.0000007550
 -0.0000017913
 -0.0000003513
  0.0000001924
  0.0000006503
  0.0000011669
 -0.0000055465
 -0.0000013308
 -0.0000091646
  0.0000325416
 -0.0000261339
 -0.0000755906
  0.0000033203
 -0.0000065338
  0.0000027437
  0.0000035691
  0.0000154457
  0.0000496006
  0.0000081210
 -0.0000034255
  0.0000204448
 -0.0000121086
  0.0000415749
  0.0000066591
  0.0000083209
 -0.0000057910
 -0.0000102943
  0.0000190287
 -0.0000039628
 -0.0000095398
 -0.0000157210
  0.0000004924
  0.0000005586
  0.0000077762
 -0.0000051798
 -0.0000048494
 -0.0000138140
  0.0000009379
 -0.0000133173
  0.0000014113
 -0.0000001424
  0.0000020207
 -0.0000366277
  0.0000006218
 -0.0000071477
  0.0000026713
  0.0000022433
  0.0000093565
  0.0000000416
 -0.0000123044
 -0.0000034650
  0.0000062692
  0.0000103806
  0.0000083824
 -0.0000077989
 -0.0000011347
  0.0000021963
  0.0000040869
 -0.0000017874
  0.0000009996
 -0.0000010255
  0.0000010576
 -0.0000019612
  0.0000006233
 -0.0000012633
  0.0000000581
  0.0000022955
 -0.0000005852
  0.0000032379
 -0.0000000027
  0.0000003327
  0.0000035074
  0.0000001826
  0.0000021511
 -0.0000004795
 -0.0000008427
  0.0000015578
  0.0000049451
  0.0000003650
 -0.0000011867
  0.0000002275
 -0.0000017795
  0.0000001056
  0.0000000460
 -0.0000033981
  0.0000028506
  0.0000022057
  0.0000013924
  0.0000015269
 -0.0000013458
  0.0000016096
  0.0000001589
  0.0000026248
  0.0000035331
  0.0000031496
 -0.0000017165
  0.0000054968
 -0.0000032833
  0.0000043909
  0.0000121818
 -0.0000072986
  0.0000013810
  0.0000015035
 -0.0000106426
  0.0000031523
  0.0000008693
 -0.0000035944
 -0.0000004065
 -0.0000031672
  0.0000117839
  0.0000032649
 -0.0000037715
  0.0000023349
  0.0000001313
  0.0000058066
  0.0000013254
  0.0000087112
 -0.0000000436
  0.0000048938
  0.0000018322
  0.0000001823
  0.0000050002
  0.0000033660
  0.0000047880
  0.0000009061
  0.0000024090
  0.0000052590
 -0.0000006489
 -0.0000030040
  0.0000037581
  0.0000006105
 -0.0000033764
 -0.0000022613
  0.0000030308
 -0.0000018430
 -0.0000002483
 -0.0000001274
  0.0000047080
 -0.0000097880
 -0.0000054455
 -0.0000156346
  0.0000305249
 -0.0000262621
 -0.0000837092
 -0.0000017956
 -0.0000088014
 -0.0000085460
 -0.0000048890
  0.0000207268
  0.0000487616
 -0.0000091183
 -0.0000052117
 -0.0000032995
 -0.0000105918
  0.0000391905
 -0.0000042273
  0.0000112612
 -0.0000067485
 -0.0000036432
  0.0000124053
 -0.0000159147
  0.0000009493
  0.0000003710
  0.0000039796
 -0.0000056124
 -0.0000134340
 -0.0000027196
  0.0000024313
  0.0000010056
  0.0000006315
  0.0000031559
 -0.0000109078
 -0.0000009263
 -0.0000095381
  0.0000013872
  0.0000020951
  0.0000137642
  0.0000027997
 -0.0000127229
 -0.0000043549
  0.0000004439
  0.0000074643
  0.0000026286
 -0.0000039988
  0.0000004480
  0.0000015940
  0.0000004535
 -0.0000050614
 -0.0000004805
 -0.0000016047
  0.0000010217
  0.0000001635
 -0.0000005808
 -0.0000006670
 -0.0000000281
  0.0000007727
  0.0000007268
 -0.0000001756
  0.0000018236
 -0.0000004780
  0.0000000413
  0.0000012422
  0.0000032482
 -0.0000010487
 -0.0000025667
 -0.0000000954
 -0.0000000027
  0.0000036053
  0.0000007084
 -0.0000012185
 -0.0000020931
  0.0000000162
 -0.0000006763
 -0.0000004701
  0.0000060472
  0.0000007971
  0.0000059026
  0.0000019639
 -0.0000016958
 -0.0000027998
  0.0000000714
  0.0000008187
 -0.0000029080
  0.0000011753
 -0.0000047101
  0.0000020256
 -0.0000046676
  0.0000012301
  0.0000116891
  0.0000137424
 -0.0000042903
  0.0000006291
  0.0000070618
 -0.0000025784
  0.0000003816
  0.0000187374
 -0.0000062965
 -0.0000059147
  0.0000122503
  0.0000032753
 -0.0000047696
 -0.0000029275
 -0.0000053190
  0.0000357338
  0.0000033994
  0.0000118306
 -0.0000017436
  0.0000028725
  0.0000005608
 -0.0000018471
  0.0000014266
  0.0000168154
  0.0000005845
  0.0000000733
 -0.0000002965
 -0.0000002968
  0.0000010779
 -0.0000001517
  0.0000490237
  0.0000119107
  0.0000170602
 -0.0000249962
 -0.0000100101
 -0.0001776968
  0.0000045860
 -0.0000641224
  0.0000011963
  0.0000160180
  0.0000132654
  0.0000603433
 -0.0000070904
  0.0000058818
  0.0000170390
 -0.0000230413
  0.0000325421
 -0.0000062328
  0.0000123440
  0.0000051656
 -0.0000149559
  0.0000255509
  0.0000211751
 -0.0000303257
 -0.0000069620
  0.0000034316
  0.0000066005
  0.0000013276
  0.0000202027
 -0.0000105048
 -0.0000118369
  0.0000026610
  0.0000117061
  0.0000033477
 -0.0000051345
  0.0000018167
 -0.0000214492
 -0.0000198433
 -0.0000288843
  0.0000066516
  0.0000001496
  0.0000026125
 -0.0000019643
 -0.0000137736
  0.0000117184
 -0.0000028320
  0.0000173029
  0.0000094941
 -0.0000022741
 -0.0000004522
 -0.0000025357
 -0.0000081056
  0.0000007986
  0.0000016703
  0.0000012288
  0.0000007073
 -0.0000001782
 -0.0000002089
 -0.0000015500
 -0.0000009798
  0.0000014524
 -0.0000021052
  0.0000023551
  0.0000021949
 -0.0000030721
  0.0000003309
  0.0000016499
 -0.0000001725
  0.0000003758
 -0.0000004193
 -0.0000005848
 -0.0000022092
  0.0000000473
  0.0000009000
 -0.0000003855
  0.0000016926
  0.0000007810
  0.0000046245
 -0.0000097502
  0.0000034973
 -0.0000010864
  0.0000025065
  0.0000108138
 -0.0000006677
  0.0000011273
  0.0000000257
 -0.0000059301
  0.0000132396
 -0.0000002941
 -0.0000049929
 -0.0000027335
 -0.0000073444
  0.0000255269
  0.0000029816
 -0.0000061285
 -0.0000013432
 -0.0000024982
  0.0000089824
 -0.0000012540
  0.0000065286
  0.0000016411
 -0.0000017769
  0.0000057528
  0.0000050335
  0.0000004639
  0.0000087729
  0.0000001449
 -0.0000022060
  0.0000001233
  0.0000014980
 -0.0000039637
 -0.0000001817
  0.0000004158
 -0.0000088083
 -0.0000016383
 -0.0000046085
 -0.0000071637
  0.0000011381
  0.0000019126
 -0.0001666831
 -0.0000142570
  0.0000151441
 -0.0000140896
 -0.0000186348
 -0.0000000545
  0.0000007307
  0.0001121336
  0.0000012895
  0.0000043694
  0.0000232570
  0.0000472095
 -0.0000086457
 -0.0000136903
 -0.0000115469
 -0.0000024871
 -0.0000751340
  0.0000072663
 -0.0000133749
  0.0000054245
  0.0000122844
 -0.0000031054
  0.0000048302
 -0.0000000427
  0.0000020842
  0.0000130944
  0.0000057041
  0.0000022177
  0.0000031972
  0.0000088893
  0.0000036434
 -0.0000008139
 -0.0000025576
  0.0000069635
 -0.0000032349
  0.0000036054
  0.0000097177
  0.0000094490
  0.0000027450
  0.0000067192
 -0.0000113920
  0.0000018374
  0.0000004432
  0.0000006409
 -0.0000024315
 -0.0000010707
  0.0000002713
  0.0000012533
  0.0000004181
 -0.0000000679
  0.0000011224
 -0.0000014897
  0.0000000012
  0.0000014666
  0.0000035006
 -0.0000002079
 -0.0000030234
  0.0000001049
 -0.0000000364
  0.0000015596
 -0.0000002052
  0.0000019740
 -0.0000001365
  0.0000018782
 -0.0000032172
  0.0000008730
  0.0000016761
  0.0000006868
 -0.0000011715
  0.0000021372
 -0.0000012584
  0.0000009712
 -0.0000003990
  0.0000010819
 -0.0000008271
 -0.0000000467
 -0.0000005617
  0.0000002584
 -0.0000011754
 -0.0000020840
  0.0000016744
  0.0000005404
  0.0000004557
 -0.0000008501
 -0.0000005739
 -0.0000011546
  0.0000024881
 -0.0000020656
 -0.0000002187
  0.0000051955
 -0.0000016172
  0.0000005649
 -0.0000000500
 -0.0000072992
  0.0000028754
  0.0000003310
 -0.0000071828
 -0.0000025538
 -0.0000062353
  0.0000155009
  0.0000020863
 -0.0000063144
 -0.0000019294
 -0.0000037972
  0.0000072611
 -0.0000011045
  0.0000057207
 -0.0000001662
  0.0000028661
 -0.0000014080
  0.0000029560
  0.0000057901
 -0.0000020118
  0.0000002952
 -0.0000016878
 -0.0000026381
  0.0000009102
 -0.0000002378
  0.0000009933
 -0.0000008234
 -0.0000011847
 -0.0000028757
 -0.0000000819
  0.0000039852
  0.0000003813
 -0.0000025077
 -0.0000024007
 -0.0000781964
  0.0000045734
 -0.0000011931
 -0.0000002271
 -0.0000220739
 -0.0000618260
 -0.0000026761
  0.0000311761
 -0.0000145647
  0.0000027343
  0.0000205610
  0.0000524386
  0.0000028519
 -0.0000004025
  0.0000122785
 -0.0000039126
  0.0000560111
 -0.0000167318
  0.0000101670
 -0.0000000733
 -0.0000075166
  0.0000136895
 -0.0000021487
 -0.0000051281
 -0.0000120890
  0.0000031753
  0.0000048450
  0.0000027861
 -0.0000070024
 -0.0000011491
 -0.0000023746
 -0.0000000938
  0.0000107629
  0.0000045257
  0.0000003953
  0.0000026658
 -0.0000026377
 -0.0000020714
 -0.0000068979
  0.0000111723
  0.0000015597
  0.0000043377
 -0.0000011957
 -0.0000112922
 -0.0000057003
 -0.0000004114
  0.0000085263
  0.0000041795
 -0.0000007742
 -0.0000017881
 -0.0000053153
  0.0000014874
 -0.0000014472
 -0.0000000790
 -0.0000000843
  0.0000005248
  0.0000010907
  0.0000005253
 -0.0000018871
 -0.0000004222
  0.0000003850
  0.0000012706
  0.0000015645
  0.0000030786
 -0.0000005592
 -0.0000041024
  0.0000003161
 -0.0000002534
 -0.0000022552
  0.0000026376
  0.0000016967
 -0.0000018632
  0.0000020200
  0.0000004772
 -0.0000011697
 -0.0000000409
  0.0000001724
 -0.0000007241
  0.0000000734
  0.0000012750
 -0.0000005674
 -0.0000011323
 -0.0000011377
 -0.0000003995
 -0.0000007218
 -0.0000031859
 -0.0000000258
 -0.0000007716
  0.0000004962
  0.0000026732
  0.0000047968
 -0.0000043228
  0.0000015720
 -0.0000022546
  0.0000053531
  0.0000129488
 -0.0000029824
  0.0000003414
 -0.0000011383
 -0.0000053735
  0.0000015305
 -0.0000009444
  0.0000072898
  0.0000002330
 -0.0000078246
  0.0000093552
  0.0000019642
 -0.0000083359
  0.0000000800
 -0.0000029119
  0.0000148644
 -0.0000019635
  0.0000078560
  0.0000057276
  0.0000020591
 -0.0000039643
  0.0000024096
  0.0000088493
 -0.0000003185
  0.0000000671
 -0.0000007081
  0.0000003941
 -0.0000015194
  0.0000002807
  0.0000000886
  0.0000011579
  0.0000004732
  0.0000658444
  0.0000061967
  0.0000232986
  0.0000053587
 -0.0000160555
 -0.0000884437
 -0.0000030884
 -0.0000544825
  0.0000014928
  0.0000038626
  0.0000208152
  0.0000445819
 -0.0000005973
 -0.0000018941
 -0.0000048231
 -0.0000150944
  0.0000399763
 -0.0000002045
  0.0000185443
 -0.0000145736
 -0.0000143564
  0.0000211183
 -0.0000089698
 -0.0000153005
 -0.0000157559
  0.0000039196
  0.0000019312
  0.0000068320
 -0.0000117206
 -0.0000119857
 -0.0000173813
  0.0000038744
 -0.0000049771
  0.0000009926
  0.0000013679
  0.0000017212
 -0.0000267591
 -0.0000039380
 -0.0000143916
  0.0000040349
 -0.0000008896
  0.0000057295
  0.0000031753
 -0.0000126851
  0.0000043596
  0.0000099471
  0.0000215458
  0.0000082673
 -0.0000112994
  0.0000020386
  0.0000008039
 -0.0000039256
  0.0000010276
  0.0000011462
  0.0000017510
 -0.0000014649
  0.0000026461
  0.0000017798
  0.0000017308
  0.0000033966
  0.0000036892
  0.0000003249
 -0.0000004434
  0.0000033702
  0.0000011346
  0.0000016363
 -0.0000003255
  0.0000022563
 -0.0000014097
 -0.0000019708
  0.0000016726
  0.0000008541
  0.0000039473
  0.0000022024
  0.0000023026
 -0.0000000684
 -0.0000009190
 -0.0000036969
 -0.0000001268
 -0.0000028416
  0.0000033007
 -0.0000006304
 -0.0000023450
 -0.0000000518
 -0.0000019864
 -0.0000042709
  0.0000030865
 -0.0000075892
  0.0000015867
  0.0000012350
 -0.0000076937
 -0.0000038709
  0.0000029195
 -0.0000052847
 -0.0000061958
 -0.0000037625
 -0.0000034323
  0.0000031806
 -0.0000013641
 -0.0000129022
 -0.0000002576
 -0.0000018813
  0.0000051084
 -0.0000025111
 -0.0000037400
  0.0000076455
  0.0000009874
 -0.0000053494
 -0.0000017707
  0.0000024900
  0.0000144030
 -0.0000008416
  0.0000105518
 -0.0000012123
 -0.0000061075
  0.0000026310
 -0.0000054238
  0.0000039007
 -0.0000011540
 -0.0000025580
 -0.0000003273
  0.0000004386
 -0.0000001505
  0.0000006739
  0.0000036220
  0.0000015918
  0.0000014936
 -0.0000013574
  0.0000007297
  0.0000020497
 -0.0000001109
  0.0000661419
 -0.0000005011
  0.0000114874
  0.0000075059
 -0.0000054295
 -0.0001547950
  0.0000018089
 -0.0000482826
  0.0000008658
  0.0000039366
  0.0000230656
  0.0000656443
  0.0000043797
 -0.0000002110
  0.0000047506
 -0.0000104444
  0.0000402955
  0.0000073951
  0.0000181290
  0.0000040066
 -0.0000061080
  0.0000263313
 -0.0000102975
 -0.0000084705
  0.0000055298
  0.0000144820
 -0.0000032481
  0.0000111417
 -0.0000041410
 -0.0000155542
 -0.0000002617
 -0.0000022040
 -0.0000000426
 -0.0000020949
 -0.0000015399
 -0.0000215693
  0.0000017978
 -0.0000094033
  0.0000049459
  0.0000016047
  0.0000054277
  0.0000022954
 -0.0000118052
 -0.0000037773
  0.0000030756
  0.0000254157
 -0.0000043044
 -0.0000066478
  0.0000029857
 -0.0000004524
  0.0000004206
 -0.0000001115
  0.0000009759
 -0.0000026299
 -0.0000011271
  0.0000011731
  0.0000022366
  0.0000004431
  0.0000000766
 -0.0000004698
 -0.0000014017
 -0.0000015104
  0.0000010960
  0.0000036911
 -0.0000003222
 -0.0000038760
 -0.0000004555
  0.0000001614
  0.0000019519
  0.0000000310
  0.0000010511
 -0.0000003166
  0.0000001959
 -0.0000040320
 -0.0000012015
  0.0000016661
 -0.0000016944
 -0.0000007572
  0.0000024724
 -0.0000014429
 -0.0000000772
 -0.0000006804
  0.0000001245
 -0.0000014346
 -0.0000003311
 -0.0000010045
  0.0000011280
  0.0000001415
 -0.0000004682
 -0.0000012413
  0.0000001751
 -0.0000015222
  0.0000010246
  0.0000032864
  0.0000005774
 -0.0000027645
  0.0000044312
 -0.0000008445
  0.0000014899
  0.0000118620
 -0.0000033912
  0.0000035699
 -0.0000004411
 -0.0000044649
  0.0000003750
  0.0000000676
 -0.0000124663
 -0.0000001645
 -0.0000066922
  0.0000106945
  0.0000027908
 -0.0000055028
 -0.0000011288
 -0.0000008581
  0.0000107820
 -0.0000023012
  0.0000062245
  0.0000007999
  0.0000014834
 -0.0000029862
  0.0000033367
  0.0000092781
  0.0000022657
 -0.0000002033
 -0.0000004439
  0.0000005497
 -0.0000008180
 -0.0000013394
  0.0000015963
 -0.0000007528
 -0.0000013313
 -0.0000006182
 -0.0000039909
  0.0000249386
 -0.0000243019
 -0.0000763506
  0.0000025643
 -0.0000112879
  0.0000062184
  0.0000038777
  0.0000157816
  0.0000471828
  0.0000076264
 -0.0000018535
  0.0000004530
 -0.0000129880
  0.0000385214
  0.0000109140
  0.0000114485
 -0.0000079961
 -0.0000049047
  0.0000222901
 -0.0000065229
 -0.0000124955
 -0.0000210742
  0.0000028486
  0.0000004201
  0.0000074907
 -0.0000063756
 -0.0000065507
 -0.0000133337
  0.0000006670
 -0.0000005773
  0.0000006754
  0.0000002177
  0.0000011044
 -0.0000230257
 -0.0000023446
 -0.0000105935
  0.0000039011
  0.0000016861
  0.0000085212
  0.0000015743
 -0.0000116834
 -0.0000051600
  0.0000057840
  0.0000085236
  0.0000080563
 -0.0000049867
  0.0000005178
  0.0000012931
  0.0000012119
  0.0000013259
 -0.0000033041
 -0.0000005861
  0.0000012127
  0.0000006139
  0.0000006703
 -0.0000014593
  0.0000007235
 -0.0000021017
 -0.0000013989
  0.0000003680
  0.0000008648
  0.0000006424
 -0.0000019075
 -0.0000000952
  0.0000003082
  0.0000026147
  0.0000009045
  0.0000008829
 -0.0000008054
  0.0000013725
 -0.0000024152
  0.0000007756
  0.0000016411
  0.0000008972
 -0.0000001889
  0.0000033138
 -0.0000004038
  0.0000004738
 -0.0000010625
  0.0000000410
 -0.0000006019
 -0.0000009082
  0.0000009180
 -0.0000021110
  0.0000022635
  0.0000005495
 -0.0000005633
 -0.0000020558
  0.0000014541
  0.0000007189
 -0.0000066471
  0.0000028221
  0.0000011773
 -0.0000007473
  0.0000057255
 -0.0000021854
  0.0000000120
  0.0000005718
 -0.0000071508
  0.0000066566
  0.0000004107
 -0.0000031149
 -0.0000027864
 -0.0000065093
  0.0000147236
  0.0000028720
 -0.0000055625
 -0.0000009731
 -0.0000022420
  0.0000067610
 -0.0000035716
  0.0000046444
 -0.0000010443
  0.0000038631
 -0.0000026704
  0.0000007693
  0.0000046964
  0.0000020245
  0.0000023697
  0.0000008895
 -0.0000009522
 -0.0000021482
 -0.0000036647
  0.0000044016
  0.0000002595
  0.0000000290
  0.0000027428
  0.0000014547
 -0.0000029072
  0.0000024310
  0.0000011034
 -0.0000053307
 -0.0001224396
 -0.0000015477
  0.0000005372
 -0.0000063270
 -0.0000153745
 -0.0000386259
 -0.0000041714
  0.0000530531
 -0.0000083488
  0.0000023419
  0.0000290445
  0.0000379930
  0.0000181946
  0.0000021629
  0.0000038550
 -0.0000003211
  0.0000634849
  0.0000069415
  0.0000121548
 -0.0000011485
  0.0000233939
  0.0000147202
 -0.0000020853
 -0.0000074316
 -0.0000112926
  0.0000057292
  0.0000078666
 -0.0000048250
 -0.0000036615
  0.0000013374
 -0.0000096633
 -0.0000005958
  0.0000025573
 -0.0000015786
 -0.0000018013
  0.0000023604
 -0.0000105056
 -0.0000000489
 -0.0000042176
 -0.0000034123
 -0.0000066758
 -0.0000132464
  0.0000043829
 -0.0000188457
 -0.0000034747
 -0.0000049154
  0.0000077968
  0.0000026633
 -0.0000046799
  0.0000019371
 -0.0000032757
  0.0000001453
  0.0000001111
 -0.0000021468
 -0.0000002149
 -0.0000003570
 -0.0000011209
  0.0000003171
  0.0000013784
 -0.0000009392
  0.0000012205
 -0.0000012532
  0.0000001890
  0.0000024017
  0.0000010409
 -0.0000022464
  0.0000005767
 -0.0000037967
  0.0000025196
  0.0000016579
 -0.0000005136
 -0.0000003628
  0.0000026282
 -0.0000022636
 -0.0000018178
 -0.0000013957
 -0.0000008720
 -0.0000013472
  0.0000001662
  0.0000016973
  0.0000003788
 -0.0000024254
 -0.0000018255
 -0.0000003934
 -0.0000005047
  0.0000000151
 -0.0000005770
  0.0000008632
 -0.0000035453
  0.0000041220
  0.0000004299
  0.0000014553
  0.0000069260
 -0.0000063278
 -0.0000015103
  0.0000016940
 -0.0000122105
  0.0000001819
 -0.0000003518
 -0.0000100534
 -0.0000016026
 -0.0000066247
  0.0000157458
  0.0000024961
 -0.0000055302
 -0.0000002274
 -0.0000040486
  0.0000034339
  0.0000013816
  0.0000065178
  0.0000031349
  0.0000006148
  0.0000004446
  0.0000025251
  0.0000014352
 -0.0000002382
  0.0000021969
 -0.0000011025
 -0.0000038809
 -0.0000006997
 -0.0000009660
  0.0000008777
  0.0000000182
 -0.0000004182
  0.0000011044
 -0.0000005803
 -0.0000030713
  0.0000011464
 -0.0000001936
 -0.0000064284
 -0.0000563831
  0.0000061630
  0.0000009157
  0.0000099983
 -0.0000192592
 -0.0000749915
  0.0000000621
  0.0000179425
 -0.0000120468
  0.0000043151
  0.0000250369
  0.0000515966
  0.0000049542
  0.0000010945
  0.0000112627
 -0.0000022321
  0.0000468219
 -0.0000164712
  0.0000110314
 -0.0000016300
 -0.0000046314
  0.0000140639
 -0.0000041296
 -0.0000101935
  0.0000037862
  0.0000049500
 -0.0000014843
 -0.0000026671
 -0.0000144021
 -0.0000020172
  0.0000007794
 -0.0000020257
  0.0000010582
 -0.0000000155
  0.0000031568
 -0.0000205888
  0.0000024941
 -0.0000058474
  0.0000119387
 -0.0000013562
  0.0000146334
 -0.0000001092
 -0.0000108179
 -0.0000012035
 -0.0000007100
  0.0000107583
 -0.0000000539
 -0.0000062308
  0.0000073709
  0.0000031877
 -0.0000008498
  0.0000003539
 -0.0000003359
  0.0000009809
 -0.0000003439
 -0.0000000188
 -0.0000002392
 -0.0000002836
 -0.0000001790
 -0.0000003149
 -0.0000008996
  0.0000009936
  0.0000036650
  0.0000002918
 -0.0000031754
 -0.0000002986
 -0.0000035283
  0.0000006186
  0.0000016135
 -0.0000002407
  0.0000010575
  0.0000013852
  0.0000002217
  0.0000002360
 -0.0000004880
 -0.0000007193
  0.0000005153
 -0.0000003459
 -0.0000009805
  0.0000006021
  0.0000021428
  0.0000023720
 -0.0000012669
 -0.0000020940
  0.0000008751
  0.0000002086
 -0.0000004185
 -0.0000006913
 -0.0000005692
 -0.0000051175
  0.0000029107
  0.0000001271
  0.0000008868
  0.0000086501
 -0.0000048396
  0.0000010958
 -0.0000023034
 -0.0000076169
  0.0000002985
 -0.0000001383
  0.0000000727
 -0.0000045795
 -0.0000061630
  0.0000068034
  0.0000028555
 -0.0000071311
  0.0000000402
 -0.0000006967
  0.0000121216
 -0.0000035318
  0.0000062406
  0.0000010680
  0.0000009074
 -0.0000049693
  0.0000016060
  0.0000056285
 -0.0000007097
  0.0000003325
 -0.0000014589
  0.0000005053
 -0.0000004260
 -0.0000000496
 -0.0000009970
  0.0000516621
 -0.0000019705
 -0.0000026875
  0.0000151785
 -0.0000220537
 -0.0000878985
  0.0000059993
 -0.0000328485
  0.0000050025
  0.0000025673
  0.0000157415
  0.0000513273
  0.0000074529
 -0.0000019078
  0.0000002238
 -0.0000060330
  0.0000500594
  0.0000095472
  0.0000120512
 -0.0000046239
 -0.0000032115
  0.0000239320
 -0.0000034810
 -0.0000098807
 -0.0000187037
  0.0000026970
  0.0000078064
  0.0000018242
 -0.0000026061
 -0.0000080917
 -0.0000154655
  0.0000015409
  0.0000009652
  0.0000001640
  0.0000000805
 -0.0000009099
 -0.0000214166
  0.0000005880
 -0.0000095486
  0.0000035035
 -0.0000022282
  0.0000009109
  0.0000025565
 -0.0000126389
  0.0000014127
 -0.0000012747
  0.0000118693
  0.0000035525
 -0.0000065590
  0.0000001932
 -0.0000028922
  0.0000015073
 -0.0000007327
 -0.0000026537
 -0.0000013647
 -0.0000012857
  0.0000010224
 -0.0000000353
 -0.0000004684
  0.0000001146
  0.0000005295
 -0.0000003084
  0.0000003843
  0.0000008836
  0.0000014539
  0.0000004796
 -0.0000026091
 -0.0000033332
  0.0000005425
  0.0000036018
  0.0000004089
 -0.0000012586
 -0.0000017265
 -0.0000019950
 -0.0000014600
 -0.0000006158
 -0.0000012714
  0.0000005612
 -0.0000011792
 -0.0000007785
 -0.0000001038
 -0.0000021228
  0.0000008944
  0.0000017913
 -0.0000004370
 -0.0000040088
  0.0000049453
 -0.0000031644
  0.0000012341
  0.0000074338
 -0.0000054196
 -0.0000000622
 -0.0000017894
 -0.0000107922
 -0.0000007627
  0.0000014127
 -0.0000010284
 -0.0000020769
 -0.0000031573
  0.0000082203
  0.0000041304
 -0.0000034235
  0.0000003045
 -0.0000015409
  0.0000092012
 -0.0000023182
  0.0000090634
 -0.0000025434
  0.0000013695
  0.0000013682
 -0.0000049010
  0.0000027256
  0.0000027744
 -0.0000029545
  0.0000024900
 -0.0000055368
 -0.0000023860
 -0.0000022096
 -0.0000008077
  0.0000049180
  0.0000017778
  0.0000028389
  0.0000007324
 -0.0000033767
  0.0000029266
 -0.0000038846
 -0.0000012401
  0.0000003786
  0.0000324464
  0.0000039394
 -0.0000072372
  0.0000312990
 -0.0000208000
 -0.0000875625
  0.0000053187
 -0.0000229948
  0.0000047081
  0.0000082267
  0.0000190608
  0.0000525706
  0.0000033058
 -0.0000004525
 -0.0000029862
 -0.0000100182
  0.0000463175
  0.0000074364
  0.0000126339
 -0.0000040924
 -0.0000133569
  0.0000211203
 -0.0000083430
 -0.0000161696
  0.0000028615
  0.0000058445
  0.0000013004
 -0.0000017978
 -0.0000082356
 -0.0000119204
  0.0000017025
  0.0000070695
  0.0000011103
  0.0000008923
  0.0000005603
 -0.0000249950
  0.0000009547
 -0.0000065293
  0.0000052602
 -0.0000019280
  0.0000044825
 -0.0000017659
 -0.0000090398
  0.0000005889
  0.0000039017
  0.0000109774
  0.0000012380
 -0.0000065773
 -0.0000008041
  0.0000050995
 -0.0000009590
 -0.0000030725
  0.0000002354
  0.0000001680
 -0.0000026961
 -0.0000021113
  0.0000004969
 -0.0000011024
 -0.0000028219
  0.0000000712
 -0.0000030517
 -0.0000049031
 -0.0000008944
  0.0000005165
  0.0000007049
 -0.0000021025
 -0.0000038190
 -0.0000027270
 -0.0000051116
 -0.0000020701
 -0.0000024954
 -0.0000035202
  0.0000000195
 -0.0000010584
  0.0000013900
 -0.0000010258
 -0.0000044364
  0.0000019755
 -0.0000014171
 -0.0000007080
  0.0000043507
 -0.0000039101
 -0.0000000132
 -0.0000002512
 -0.0000100270
 -0.0000005271
 -0.0000020110
 -0.0000100717
 -0.0000025468
 -0.0000070940
  0.0000140102
  0.0000013580
 -0.0000064771
 -0.0000001858
 -0.0000015646
  0.0000038701
 -0.0000007150
  0.0000066942
 -0.0000015425
  0.0000016870
  0.0000002799
 -0.0000015761
  0.0000014527
  0.0000025647
 -0.0000011442
 -0.0000004778
 -0.0000003949
  0.0000017046
  0.0000075975
  0.0000098868
 -0.0000049458
 -0.0000059770
  0.0000047535
  0.0000076607
  0.0000020530
 -0.0000026255
  0.0000070836
 -0.0000030037
  0.0000013562
 -0.0001136241
  0.0000140444
  0.0000048298
  0.0000073215
 -0.0000197201
 -0.0000617938
 -0.0000054422
  0.0000440296
 -0.0000022209
 -0.0000026133
  0.0000238052
  0.0000413477
 -0.0000022375
  0.0000009736
  0.0000095318
 -0.0000089781
  0.0000652213
 -0.0000106551
 -0.0000167152
 -0.0000021022
  0.0000063092
 -0.0000001097
  0.0000096482
  0.0000060897
 -0.0000081879
 -0.0000001727
  0.0000066160
  0.0000014468
 -0.0000192987
  0.0000020423
 -0.0000100272
 -0.0000006010
 -0.0000032793
  0.0000107208
  0.0000061942
  0.0000006967
 -0.0000023848
  0.0000012911
  0.0000026716
  0.0000018368
 -0.0000033688
 -0.0000012048
 -0.0000049329
  0.0000023639
 -0.0000024319
 -0.0000021701
 -0.0000095802
 -0.0000022711
  0.0000043738
 -0.0000085526
  0.0000041106
 -0.0000007903
  0.0000025246
  0.0000038001
 -0.0000120732
 -0.0000032198
  0.0000020842
  0.0000276779
 -0.0000013204
 -0.0000107333
 -0.0000039020
 -0.0000033753
  0.0000280124
  0.0000033910
 -0.0000070746
 -0.0000024334
  0.0000125929
 -0.0000087492
 -0.0000010665
 -0.0000063603
 -0.0000135302
  0.0000048361
 -0.0000005152
 -0.0000003146
 -0.0000060688
  0.0000023787
  0.0000012061
  0.0000020268
 -0.0000039026
  0.0000041762
  0.0000073925
 -0.0000033267
 -0.0000010714
  0.0000047743
  0.0000071048
 -0.0000006999
 -0.0000009591
 -0.0000046205
 -0.0001789051
  0.0000035658
  0.0000005388
  0.0000778565
 -0.0000386169
  0.0000360248
  0.0000263740
  0.0002309742
  0.0000005575
  0.0000065824
  0.0000498247
  0.0000341310
 -0.0000179019
 -0.0000130724
 -0.0000035136
 -0.0000118427
 -0.0001289562
  0.0000065069
 -0.0000111958
 -0.0000035314
  0.0000204290
 -0.0000016641
  0.0000014140
  0.0000107896
 -0.0000039196
  0.0000034790
 -0.0000017188
 -0.0000055928
 -0.0000066824
  0.0000029264
 -0.0000071252
 -0.0000041102
 -0.0000032545
 -0.0000090869
 -0.0000026554
  0.0000068336
 -0.0000464790
  0.0000005830
  0.0000006090
 -0.0000033436
  0.0000029415
 -0.0000061515
  0.0000106563
  0.0000013934
  0.0000041868
 -0.0000028644
 -0.0000021946
 -0.0000004875
 -0.0000009566
 -0.0000037681
 -0.0000016341
 -0.0000003546
 -0.0000011278
  0.0000125896
 -0.0000203533
  0.0000329206
 -0.0000331783
 -0.0000066425
  0.0000472550
  0.0000709789
  0.0000165695
  0.0000017197
  0.0000115812
 -0.0000216787
 -0.0000082858
 -0.0000004728
 -0.0000002518
 -0.0000002991
 -0.0000008513
  0.0000019614
 -0.0000014563
 -0.0000005699
  0.0000006332
 -0.0000016261
 -0.0000018098
  0.0000006690
  0.0000010111
 -0.0000045901
 -0.0000004313
 -0.0000003947
 -0.0000922605
 -0.0000226369
 -0.0000604746
 -0.0000408683
  0.0000104365
 -0.0000281104
 -0.0000006524
  0.0000436536
 -0.0000738137
  0.0000169723
 -0.0000179471
 -0.0000793546
  0.0000321253
 -0.0000044909
 -0.0000110842
 -0.0000010821
  0.0000212533
 -0.0000003074
 -0.0000018081
  0.0000006951
 -0.0000044943
  0.0000042421
  0.0000009828
  0.0000017285
 -0.0000014976
 -0.0000164841
 -0.0000199532
  0.0000021699
 -0.0000019902
 -0.0000034103
 -0.0000171464
  0.0000027803
  0.0000041604
 -0.0000057879
 -0.0000017385
 -0.0000024978
  0.0000014377
 -0.0000157623
 -0.0000032537
  0.0000017957
 -0.0000001232
 -0.0000102438
 -0.0000052216
  0.0000020759
  0.0000000804
  0.0000024743
  0.0000043698
 -0.0000044212
 -0.0000005034
 -0.0000014709
  0.0000001167
 -0.0000027302
  0.0000042734
  0.0000000489
  0.0000001731
 -0.0000079484
  0.0000002203
  0.0000047233
 -0.0000088849
  0.0000047339
  0.0000003252
  0.0000028230
  0.0000070023
 -0.0000101781
  0.0000030280
 -0.0000021756
  0.0000013694
  0.0000281568
 -0.0000006075
 -0.0000134925
 -0.0000023580
 -0.0000020735
  0.0000282167
  0.0000040592
 -0.0000067234
  0.0000014023
  0.0000000697
  0.0000136683
 -0.0000092632
  0.0000003834
  0.0000018799
 -0.0000032417
 -0.0000106636
  0.0000055074
  0.0000001483
 -0.0000008804
 -0.0000021436
 -0.0000024535
 -0.0000021758
 -0.0000003102
  0.0000146058
  0.0000022694
  0.0000046013
  0.0000043378
  0.0000003941
 -0.0000013424
  0.0000044070
 -0.0000006576
 -0.0000010947
 -0.0000011534
 -0.0001858129
 -0.0000085151
 -0.0000148868
  0.0000591169
 -0.0000346296
  0.0000355059
  0.0000350175
  0.0002295937
 -0.0000069138
  0.0000044604
  0.0000445436
  0.0000386064
 -0.0000077618
  0.0000075235
 -0.0000035813
 -0.0000123194
 -0.0001483843
  0.0000033002
 -0.0000068280
  0.0000062666
 -0.0000071163
  0.0000243492
 -0.0000082994
 -0.0000004173
  0.0000489337
  0.0000102895
  0.0000033514
  0.0000031715
 -0.0000128895
  0.0000019995
 -0.0000058498
  0.0000041325
 -0.0000092999
 -0.0000055977
 -0.0000096254
  0.0000012689
 -0.0000016689
 -0.0000069992
 -0.0000007666
  0.0000024315
 -0.0000023848
  0.0000048934
 -0.0000036412
  0.0000136366
 -0.0000035501
  0.0000036005
 -0.0000003188
  0.0000019864
  0.0000031631
  0.0000010061
 -0.0000029988
 -0.0000027352
 -0.0000017802
  0.0000027003
  0.0000018846
 -0.0000062971
  0.0000007257
  0.0000037903
 -0.0000110919
  0.0000042931
 -0.0000031349
  0.0000028790
  0.0000077417
 -0.0000095378
 -0.0000021016
  0.0000010563
  0.0000212958
 -0.0000140677
 -0.0000052134
 -0.0000051109
  0.0000273308
  0.0000023226
 -0.0000083959
 -0.0000003321
  0.0000139576
 -0.0000102798
  0.0000017618
 -0.0000024356
  0.0000013653
 -0.0000088485
  0.0000054350
  0.0000005776
  0.0000019414
 -0.0000019568
  0.0000013561
  0.0000022602
 -0.0000027537
 -0.0000046910
  0.0000082946
  0.0000087629
 -0.0000019172
 -0.0000017610
  0.0000016140
  0.0000083442
 -0.0000004683
  0.0000004631
 -0.0000060490
 -0.0001907971
 -0.0000059636
 -0.0000151257
  0.0000564427
 -0.0000339882
  0.0000304573
  0.0000356594
  0.0002224279
 -0.0000054676
  0.0000026984
  0.0000422833
  0.0000401584
 -0.0000092217
  0.0000103982
  0.0000067569
 -0.0000112991
 -0.0001648619
  0.0000001891
 -0.0000115722
  0.0000046795
 -0.0000036588
  0.0000208711
 -0.0000018047
  0.0000016584
  0.0000114322
  0.0000026770
 -0.0000024905
 -0.0000060562
 -0.0000137121
  0.0000051881
 -0.0000078988
 -0.0000034713
 -0.0000097930
 -0.0000036741
  0.0000051961
 -0.0000628033
  0.0000004755
  0.0000005966
 -0.0000015276
  0.0000054950
 -0.0000067757
  0.0000102122
  0.0000007386
  0.0000033755
  0.0000028041
  0.0000006180
  0.0000005826
  0.0000017994
 -0.0000022189
 -0.0000189746
 -0.0000066637
  0.0000103312
 -0.0000090644
  0.0000106781
 -0.0000022734
  0.0000140620
 -0.0000149712
 -0.0000184588
  0.0000020831
  0.0000228344
  0.0000299824
  0.0000056812
  0.0000193334
 -0.0000082820
 -0.0000068266
  0.0000197544
  0.0000017482
 -0.0000122252
 -0.0000047385
  0.0000109941
 -0.0000060344
 -0.0000109647
 -0.0000252682
 -0.0000259045
  0.0000061986
 -0.0000086916
  0.0000049699
  0.0000023611
  0.0000043236
  0.0000058061
  0.0000022031
  0.0000015715
 -0.0000007005
 -0.0000106447
 -0.0000000253
  0.0000025627
  0.0000112689
 -0.0000105809
 -0.0000002095
  0.0000030598
  0.0000115051
 -0.0000973882
  0.0000155721
  0.0000873608
 -0.0000694830
 -0.0000612855
  0.0000224520
 -0.0000136476
  0.0002407310
  0.0000763809
  0.0000215722
 -0.0001559205
  0.0000304646
  0.0000047769
 -0.0000625671
 -0.0000040087
 -0.0000275434
  0.0000569369
 -0.0000033210
 -0.0000081750
 -0.0000103695
  0.0000056041
  0.0000161756
  0.0000020012
  0.0000017686
  0.0000004129
  0.0000181447
  0.0000006508
 -0.0000005728
  0.0000042761
 -0.0000101297
  0.0000007489
  0.0000049231
 -0.0000083477
  0.0000030128
 -0.0000021162
  0.0000020825
 -0.0000020038
 -0.0000074094
 -0.0000288746
  0.0000038852
  0.0000056150
 -0.0000022357
  0.0000049607
  0.0000044634
  0.0000013420
 -0.0000014675
 -0.0000035279
 -0.0000022432
 -0.0000045880
 -0.0000004258
 -0.0000000027
 -0.0000037296
 -0.0000060019
 -0.0000024542
 -0.0000007504
 -0.0000013798
 -0.0000018436
  0.0000000867
 -0.0000029024
  0.0000005599
 -0.0000093813
  0.0000017351
 -0.0000014559
 -0.0000029322
  0.0000064211
 -0.0000048312
 -0.0000041867
 -0.0000123036
  0.0000086027
 -0.0000089463
 -0.0000040797
 -0.0000093837
  0.0000215360
 -0.0000001338
 -0.0000080222
 -0.0000015241
 -0.0000028925
  0.0000054988
 -0.0000043986
  0.0000012550
 -0.0000026313
 -0.0000026205
 -0.0000016265
 -0.0000056361
  0.0000024784
 -0.0000008743
  0.0000038537
 -0.0000023545
  0.0000038179
  0.0000043698
  0.0000069796
  0.0000026781
  0.0000072390
  0.0000096032
 -0.0000000983
 -0.0000002071
  0.0000047638
  0.0000093371
  0.0000007295
  0.0000024604
 -0.0000039807
 -0.0001699747
 -0.0000298857
  0.0000165960
 -0.0000219853
 -0.0000267249
 -0.0000004218
  0.0000127158
  0.0001185267
  0.0000260675
  0.0000042624
  0.0000229350
  0.0000460196
  0.0000073233
 -0.0000116487
  0.0000055811
 -0.0000080339
 -0.0000454549
 -0.0000062956
 -0.0000092149
  0.0000012327
 -0.0000041649
 -0.0000006171
  0.0000169493
  0.0000107365
  0.0000089200
  0.0000081908
 -0.0000072782
  0.0000016254
 -0.0000058873
 -0.0000125302
  0.0000060167
  0.0000051582
  0.0000028920
 -0.0000088669
 -0.0000002231
 -0.0000030786
  0.0000169087
  0.0000118047
 -0.0000010348
  0.0000041839
 -0.0000060556
 -0.0000011605
  0.0000007323
 -0.0000019138
  0.0000008182
  0.0000010297
 -0.0000014959
  0.0000007745
 -0.0000039304
 -0.0000023087
 -0.0000013298
 -0.0000018412
 -0.0000044263
 -0.0000012858
  0.0000050874
 -0.0000111555
  0.0000050659
 -0.0000042515
  0.0000049738
  0.0000093848
 -0.0000079291
  0.0000001502
 -0.0000000276
  0.0000007197
  0.0000209207
 -0.0000000276
 -0.0000117557
 -0.0000063057
 -0.0000056974
  0.0000269155
  0.0000019116
 -0.0000087892
 -0.0000021530
 -0.0000021264
  0.0000146772
 -0.0000086081
 -0.0000010731
  0.0000014428
 -0.0000003329
 -0.0000055957
  0.0000068817
 -0.0000004875
 -0.0000006314
 -0.0000016864
 -0.0000006603
  0.0000001245
  0.0000165188
  0.0000013421
 -0.0000069553
 -0.0000059645
 -0.0000033160
  0.0000038876
  0.0000026588
 -0.0000021660
  0.0000029010
 -0.0000013775
  0.0000042515
 -0.0002097177
 -0.0000085356
  0.0000050115
  0.0000318678
 -0.0000382452
  0.0000251092
  0.0000128627
  0.0001844959
  0.0000273355
  0.0000021867
  0.0000356560
  0.0000451667
  0.0000071514
  0.0000157702
 -0.0000021640
 -0.0000039618
 -0.0001095501
 -0.0000006833
 -0.0000055473
  0.0000045157
 -0.0000032813
 -0.0000001173
  0.0000035215
  0.0000254957
  0.0000176929
  0.0000061534
 -0.0000002666
 -0.0000001070
 -0.0000079545
  0.0000032639
 -0.0000128412
 -0.0000026916
 -0.0000090452
 -0.0000122336
 -0.0000047385
 -0.0000106892
 -0.0000086445
 -0.0000014208
 -0.0000132769
  0.0000010421
  0.0000033762
 -0.0000024086
 -0.0000011699
  0.0000017899
  0.0000171798
  0.0000027833
  0.0000001302
  0.0000001471
 -0.0000005993
 -0.0000002545
 -0.0000118055
 -0.0000009544
  0.0000016012
 -0.0000094933
 -0.0000038029
 -0.0000021327
 -0.0000026928
 -0.0000194231
 -0.0000083010
 -0.0000008634
  0.0000254693
 -0.0000084896
 -0.0000055025
  0.0000270503
 -0.0000084814
  0.0000086783
 -0.0000095022
 -0.0000033601
 -0.0000126187
 -0.0000168523
  0.0000012736
 -0.0000073621
  0.0000029916
 -0.0000018677
  0.0000072280
  0.0000036056
  0.0000023006
  0.0000057488
 -0.0000063822
  0.0000029464
  0.0000033303
  0.0000043113
  0.0000004261
  0.0000030416
  0.0000012928
  0.0000022779
  0.0000003464
 -0.0001730116
  0.0000104258
 -0.0000231533
  0.0000855039
 -0.0000419434
  0.0000353655
  0.0000124133
  0.0002316548
  0.0000149633
  0.0000050732
  0.0000516697
  0.0000232634
 -0.0000146175
 -0.0000129599
  0.0000116270
 -0.0000076868
 -0.0001075251
 -0.0000099470
 -0.0000087167
  0.0000034760
  0.0000201820
 -0.0000004905
 -0.0000008581
  0.0000047204
  0.0000413941
  0.0000074446
  0.0000015202
  0.0000082633
 -0.0000104269
  0.0000016858
 -0.0000050216
  0.0000082988
 -0.0000014954
  0.0000019536
 -0.0000033830
 -0.0000176609
  0.0000039231
  0.0000027550
 -0.0000032664
  0.0000083526
  0.0000026238
  0.0000049026
 -0.0000001895
 -0.0000014103
  0.0000011058
 -0.0000034675
  0.0000016693
 -0.0000011503
 -0.0000035623
 -0.0000010993
  0.0000007416
 -0.0000009853
 -0.0000005684
 -0.0000011068
 -0.0000012813
 -0.0000030689
  0.0000001419
  0.0000001938
 -0.0000008614
 -0.0000022429
 -0.0000008673
  0.0000014832
 -0.0000117478
  0.0000027007
 -0.0000010601
 -0.0000018711
  0.0000068940
 -0.0000034297
  0.0000010159
 -0.0000033071
 -0.0000127015
  0.0000145258
 -0.0000004997
 -0.0000082575
 -0.0000029613
 -0.0000070963
  0.0000229848
  0.0000031340
 -0.0000066001
 -0.0000025212
 -0.0000034671
  0.0000060829
 -0.0000038103
  0.0000051954
 -0.0000021872
 -0.0000051421
  0.0000029132
 -0.0000003980
  0.0000039900
  0.0000063530
  0.0000029748
  0.0000004953
 -0.0000060938
 -0.0000037535
  0.0000031840
  0.0000030446
  0.0000009917
 -0.0000039419
 -0.0000022930
  0.0000001657
 -0.0000041128
 -0.0000010123
  0.0000008616
 -0.0001681018
  0.0000009422
  0.0000130517
 -0.0000243433
 -0.0000210407
  0.0000055645
  0.0000127087
  0.0001212379
  0.0000138821
  0.0000006176
  0.0000238390
  0.0000478383
 -0.0000059278
 -0.0000064026
 -0.0000017480
 -0.0000168287
 -0.0000307142
 -0.0000049250
 -0.0000094705
  0.0000055434
 -0.0000119021
  0.0000207779
 -0.0000037170
  0.0000045276
  0.0000117667
  0.0000072039
  0.0000116577
  0.0000068080
  0.0000007416
 -0.0000069090
 -0.0000001637
  0.0000025156
  0.0000013736
 -0.0000074133
  0.0000024862
 -0.0000112823
  0.0000008481
  0.0000036138
  0.0000050951
  0.0000019992
  0.0000021160
 -0.0000001845
  0.0000011906
 -0.0000003997
  0.0000024214
 -0.0000005288
 -0.0000021685
  0.0000018124
  0.0000026871
  0.0000026824
  0.0000001109
 -0.0000012778
 -0.0000022278
  0.0000004553
  0.0000000948
 -0.0000006108
  0.0000000620
 -0.0000005947
  0.0000003418
  0.0000008943
  0.0000036589
 -0.0000030234
  0.0000031514
  0.0000000073
  0.0000009875
  0.0000098324
 -0.0000002470
  0.0000011990
  0.0000019385
 -0.0000082048
  0.0000040610
  0.0000015679
 -0.0000004774
 -0.0000013432
 -0.0000062677
  0.0000170374
  0.0000036913
 -0.0000055799
  0.0000000590
 -0.0000020453
  0.0000061638
 -0.0000015532
  0.0000084410
 -0.0000013784
  0.0000057182
  0.0000026332
 -0.0000011313
  0.0000031756
  0.0000034729
  0.0000032093
 -0.0000045868
  0.0000031936
  0.0000023136
  0.0000108430
  0.0000045021
 -0.0000085265
 -0.0000078123
 -0.0000016578
 -0.0000024820
 -0.0000000525
 -0.0000049185
 -0.0000020698
 -0.0000030513
  0.0000002921
 -0.0001636568
  0.0000063186
 -0.0000103580
 -0.0000134353
 -0.0000260347
 -0.0000224209
  0.0000147282
  0.0000917589
 -0.0000156464
 -0.0000112884
  0.0000345817
  0.0000458577
 -0.0000214277
  0.0000023976
 -0.0000181081
  0.0000082439
  0.0000314105
  0.0000142860
 -0.0000079898
  0.0000026745
 -0.0000111456
  0.0000149634
 -0.0000005597
  0.0000052998
  0.0000112491
 -0.0000036577
  0.0000217515
  0.0000019558
 -0.0000011763
  0.0000079823
  0.0000014834
 -0.0000115499
  0.0000039772
  0.0000015780
  0.0000089036
  0.0000026755
  0.0000041585
  0.0000011794
 -0.0000015244
 -0.0000101628
  0.0000080017
 -0.0000067837
  0.0000035085
 -0.0000027132
 -0.0000227430
  0.0000097062
  0.0000261944
 -0.0000007278
 -0.0000049562
  0.0000296607
  0.0000132145
 -0.0000061517
 -0.0000023571
 -0.0000124895
 -0.0000153735
 -0.0000103404
 -0.0000020378
  0.0000013825
 -0.0000016941
 -0.0000022212
  0.0000008497
  0.0000110534
 -0.0000007131
  0.0000023273
  0.0000075341
  0.0000017728
  0.0000020915
  0.0000030064
  0.0000038364
 -0.0000018284
  0.0000028542
 -0.0001439142
  0.0000172600
  0.0000622728
 -0.0000421863
 -0.0000634386
  0.0000431406
 -0.0000106131
  0.0002402841
  0.0000788624
  0.0000205742
 -0.0000633399
  0.0000230936
  0.0000031535
  0.0000569938
 -0.0000055764
 -0.0000245970
 -0.0000550302
 -0.0000061462
 -0.0000097482
 -0.0000073104
  0.0000028267
  0.0000194488
 -0.0000009729
  0.0000004169
  0.0000033750
  0.0000036862
  0.0000050217
  0.0000023853
 -0.0000115901
 -0.0000038927
  0.0000014604
 -0.0000045503
  0.0000019002
  0.0000016267
 -0.0000008257
  0.0000005050
 -0.0000164738
 -0.0000002270
  0.0000042260
 -0.0000045002
  0.0000031181
  0.0000015624
  0.0000029438
  0.0000030156
 -0.0000027143
 -0.0000011291
  0.0000022328
  0.0000018834
 -0.0000014473
 -0.0000009364
 -0.0000023259
  0.0000006226
 -0.0000000311
  0.0000001269
  0.0000027465
 -0.0000056666
  0.0000055711
 -0.0000148915
 -0.0000156460
 -0.0000286574
 -0.0000053920
  0.0000128102
  0.0000271539
 -0.0000079225
  0.0000516959
 -0.0000013475
 -0.0000579959
 -0.0000085454
  0.0000066810
  0.0000081090
 -0.0000088525
 -0.0000091255
 -0.0000003313
 -0.0000011739
  0.0000001314
 -0.0000005127
  0.0000045831
 -0.0000035397
 -0.0000004872
  0.0000025439
  0.0000070701
  0.0000002650
  0.0000006087
  0.0000009193
  0.0000032042
 -0.0000004387
  0.0000003225
 -0.0001083529
  0.0000342617
 -0.0000272124
 -0.0000051319
  0.0000169436
  0.0000128290
  0.0000561247
 -0.0000352766
  0.0000287904
 -0.0000127033
  0.0000665795
  0.0000279282
 -0.0000084891
 -0.0000093605
 -0.0000005833
  0.0000276958
 -0.0000025862
  0.0000006981
  0.0000002233
 -0.0000054933
  0.0000044654
  0.0000012540
  0.0000030945
  0.0000048523
 -0.0000145879
  0.0000048238
 -0.0000135158
  0.0000002950
  0.0000009024
  0.0000012530
 -0.0000173792
  0.0000083564
  0.0000027438
 -0.0000021156
  0.0000027906
 -0.0000037829
 -0.0000010272
 -0.0000142314
  0.0000019122
  0.0000048428
  0.0000006263
 -0.0000109751
 -0.0000067114
  0.0000091778
  0.0000014906
  0.0000013559
 -0.0000019486
 -0.0000003184
  0.0000003369
 -0.0000091369
 -0.0000050230
  0.0000395107
  0.0000256886
  0.0000152277
 -0.0000497834
 -0.0000048177
 -0.0000160031
 -0.0000329139
 -0.0000293152
  0.0000010399
  0.0000008860
  0.0000008315
  0.0000007995
  0.0000027890
  0.0000004435
  0.0000012990
  0.0000022519
 -0.0000035544
 -0.0000008415
  0.0000016404
  0.0000020939
 -0.0000038372
  0.0000006768
  0.0000011335
  0.0000446456
 -0.0000316975
  0.0000986120
  0.0000494058
  0.0000153862
  0.0001626082
  0.0000353200
 -0.0000824289
  0.0000115922
 -0.0000745102
  0.0000666153
 -0.0000021629
 -0.0000036139
  0.0000004021
  0.0000253679
 -0.0000035391
 -0.0000017588
  0.0000066829
 -0.0000021535
  0.0000041299
  0.0000018616
  0.0000020264
  0.0000024216
 -0.0000155844
 -0.0000089717
 -0.0000012767
 -0.0000162677
  0.0000070942
  0.0000041272
 -0.0000066834
  0.0000003014
 -0.0000009605
  0.0000029160
 -0.0000085220
 -0.0000016397
  0.0000016067
 -0.0000064018
 -0.0000054871
 -0.0000031285
  0.0000058290
 -0.0000005475
  0.0000039038
  0.0000031921
 -0.0000031975
 -0.0000002099
 -0.0000040453
 -0.0000015789
  0.0000016912
  0.0000002453
  0.0000003075
 -0.0000032025
 -0.0000012617
 -0.0000022022
 -0.0000001440
  0.0000009422
  0.0000018328
  0.0000001861
  0.0000028609
  0.0000016287
  0.0000039776
 -0.0000078268
  0.0000041303
 -0.0000005087
  0.0000017879
  0.0000095346
 -0.0000006859
  0.0000006046
 -0.0000011876
 -0.0000065038
  0.0000126130
 -0.0000001918
 -0.0000056081
 -0.0000034661
 -0.0000077297
  0.0000247767
  0.0000022810
 -0.0000058797
 -0.0000004786
 -0.0000023908
  0.0000083245
 -0.0000012687
  0.0000059204
  0.0000006469
  0.0000005336
 -0.0000025920
  0.0000056058
  0.0000047351
  0.0000014920
  0.0000080569
  0.0000006141
 -0.0000012088
 -0.0000068103
 -0.0000029513
  0.0000008581
  0.0000005673
 -0.0000032276
 -0.0000016587
 -0.0000040612
 -0.0000020871
 -0.0000022774
  0.0000015975
  0.0000024491
 -0.0001672175
 -0.0000062750
  0.0000079517
 -0.0000157836
 -0.0000181548
 -0.0000019825
  0.0000028943
  0.0001129045
 -0.0000005572
  0.0000079840
  0.0000228299
  0.0000474674
 -0.0000012646
 -0.0000042354
  0.0000026523
 -0.0000079405
 -0.0000832953
 -0.0000034167
 -0.0000104925
  0.0000070173
 -0.0000118112
  0.0000202635
  0.0000039593
  0.0000063992
 -0.0000023437
  0.0000128268
  0.0000064449
  0.0000023228
 -0.0000034418
  0.0000028656
  0.0000035383
  0.0000000013
 -0.0000052905
  0.0000016927
 -0.0000161922
  0.0000035546
  0.0000033860
  0.0000084252
  0.0000026890
  0.0000018639
  0.0000055928
  0.0000020243
  0.0000019717
 -0.0000022563
  0.0000018402
  0.0000015126
 -0.0000002294
  0.0000009778
 -0.0000139202
 -0.0000008191
  0.0000021169
 -0.0000095172
  0.0000046128
 -0.0000045814
 -0.0000073814
 -0.0000072465
 -0.0000257970
 -0.0000142093
 -0.0000029833
  0.0000232649
 -0.0000044051
  0.0000055782
 -0.0000103271
 -0.0000110221
  0.0000251535
  0.0000026731
 -0.0000104658
 -0.0000066117
 -0.0000014022
  0.0000068582
 -0.0000075996
 -0.0000080764
  0.0000009549
 -0.0000171103
 -0.0000196040
  0.0000020621
 -0.0000135841
 -0.0000012183
 -0.0000074108
  0.0000013141
 -0.0000003283
  0.0000013418
 -0.0000051368
  0.0000026149
  0.0000063762
 -0.0000028324
 -0.0000009835
  0.0000052028
  0.0000061453
  0.0000008125
 -0.0000009447
 -0.0000039874
 -0.0001498972
  0.0000067543
 -0.0000093163
  0.0000883184
 -0.0000486015
  0.0000342124
  0.0000084881
  0.0002308884
  0.0000245613
  0.0000009658
  0.0000185850
  0.0000163983
 -0.0000176414
 -0.0000008756
  0.0000041757
 -0.0000107114
 -0.0000641477
  0.0000087066
 -0.0000116894
 -0.0000024222
  0.0000207427
 -0.0000001788
  0.0000016170
  0.0000074519
  0.0000002111
  0.0000029197
 -0.0000025923
 -0.0000052373
 -0.0000047823
  0.0000034893
  0.0000008279
 -0.0000074659
  0.0000052509
 -0.0000050125
  0.0000000392
 -0.0000066745
  0.0000019478
 -0.0000273506
 -0.0000004694
 -0.0000001067
 -0.0000064375
 -0.0000042067
 -0.0000028554
  0.0000090883
  0.0000037405
  0.0000041712
 -0.0000017343
  0.0000013344
  0.0000006623
 -0.0000024831
 -0.0000009786
  0.0000002355
 -0.0000044186
 -0.0000005436
  0.0000024355
 -0.0000110477
 -0.0000021881
  0.0000019696
  0.0000068964
 -0.0000114144
 -0.0000029232
 -0.0000009577
  0.0000154892
 -0.0000114643
 -0.0000073286
  0.0000240928
 -0.0000076637
 -0.0000038102
  0.0000122704
 -0.0000072426
  0.0000038009
 -0.0000014797
 -0.0000027008
 -0.0000010650
 -0.0000060047
  0.0000046613
 -0.0000015569
  0.0000033302
  0.0000008837
  0.0000058804
  0.0000035243
  0.0000038154
  0.0000048254
 -0.0000026879
  0.0000015225
  0.0000035842
  0.0000051006
  0.0000000830
  0.0000011155
  0.0000021376
  0.0000026303
 -0.0000001808
 -0.0002009440
 -0.0000065419
 -0.0000179670
  0.0000542857
 -0.0000367176
  0.0000217700
  0.0000332495
  0.0002059976
 -0.0000049235
 -0.0000071944
  0.0000389832
  0.0000390337
 -0.0000152899
  0.0000092370
 -0.0000048939
 -0.0000134903
 -0.0001510760
  0.0000004647
 -0.0000083094
  0.0000097457
  0.0000224622
 -0.0000009641
 -0.0000004903
  0.0000077861
  0.0000021121
  0.0000067533
 -0.0000066773
  0.0000017401
 -0.0000073050
  0.0000043288
 -0.0000015947
 -0.0000107757
 -0.0000005477
 -0.0000057716
 -0.0000306179
  0.0000039601
 -0.0000046101
  0.0000024231
 -0.0000042819
  0.0000069110
  0.0000008567
  0.0000033123
  0.0000006859
 -0.0000015231
 -0.0000000545
  0.0000051841
  0.0000011033
  0.0000022076
  0.0000024057
 -0.0000070848
  0.0000072306
  0.0000912109
 -0.0000047875
 -0.0000031136
 -0.0000060587
  0.0000225298
  0.0000590903
  0.0000231474
  0.0000081283
  0.0000066250
  0.0000027682
  0.0000015321
  0.0000049909
  0.0000007093
  0.0000053557
  0.0000222245
  0.0000032616
  0.0000049481
 -0.0000005825
  0.0000003346
 -0.0000022966
  0.0000041516
 -0.0000047790
  0.0000049144
 -0.0000004781
  0.0000233092
  0.0000480652
  0.0000289718
 -0.0001232334
 -0.0002136341
  0.0000209470
  0.0000003559
 -0.0000605528
  0.0000399175
 -0.0000646754
  0.0000837357
 -0.0000201220
  0.0000285989
 -0.0000117820
 -0.0000013904
 -0.0000015650
  0.0000252978
 -0.0000006622
 -0.0000052126
  0.0000277013
  0.0000075038
  0.0000210952
 -0.0000001149
 -0.0000015721
 -0.0000062486
 -0.0000173450
 -0.0000018998
  0.0000057741
  0.0000009456
  0.0000018287
  0.0000018623
 -0.0000118805
 -0.0000004040
  0.0000032521
  0.0000078010
 -0.0000001558
  0.0000012379
  0.0000048644
 -0.0000046821
 -0.0000018869
  0.0000015217
  0.0000014572
  0.0000005582
 -0.0000011151
 -0.0000015874
 -0.0000009011
  0.0000090316
 -0.0000034811
  0.0000013196
 -0.0000020450
 -0.0000031153
  0.0000013556
  0.0000010650
  0.0000007859
 -0.0000023754
 -0.0000011766
 -0.0000011880
  0.0000012944
  0.0000001614
 -0.0000010716
  0.0000019444
 -0.0000009804
  0.0000024099
 -0.0000072586
  0.0000035775
  0.0000000746
  0.0000002248
  0.0000082533
 -0.0000008688
 -0.0000003477
 -0.0000025772
 -0.0000086129
  0.0000103359
 -0.0000007119
 -0.0000070708
 -0.0000031092
 -0.0000079799
  0.0000223883
  0.0000012651
 -0.0000064109
 -0.0000010608
 -0.0000019506
  0.0000069919
 -0.0000029033
  0.0000032222
 -0.0000026008
 -0.0000007527
  0.0000015237
 -0.0000042547
  0.0000040768
  0.0000032028
  0.0000009816
 -0.0000012432
 -0.0000015086
 -0.0000010643
  0.0000046570
  0.0000025546
  0.0000024918
  0.0000054712
  0.0000007630
  0.0000003094
  0.0000001669
  0.0000056323
  0.0000014959
  0.0000008666
 -0.0000003777
 -0.0001689236
 -0.0000008079
  0.0000117185
 -0.0000275871
 -0.0000204147
 -0.0000022652
  0.0000115851
  0.0001160606
  0.0000092136
  0.0000018204
  0.0000216661
  0.0000473914
 -0.0000058352
 -0.0000058462
 -0.0000005433
 -0.0000172941
 -0.0000952240
 -0.0000002606
 -0.0000053609
  0.0000048746
 -0.0000020046
  0.0000145847
  0.0000086535
  0.0000113123
  0.0000058960
 -0.0000121348
  0.0000031765
 -0.0000109656
 -0.0000008644
 -0.0000045710
 -0.0000094658
 -0.0000077597
 -0.0000039582
  0.0000010571
  0.0000039941
  0.0000022683
  0.0000022631
 -0.0000033644
  0.0000150239
 -0.0000036730
 -0.0000036492
 -0.0000028460
 -0.0000046499
 -0.0000042403
 -0.0000024095
  0.0000269174
 -0.0000376471
  0.0000410168
  0.0000279569
  0.0000108792
 -0.0000156337
 -0.0000003178
 -0.0000017450
 -0.0000032343
 -0.0000011064
 -0.0000030127
 -0.0000079437
 -0.0000019902
 -0.0000035804
  0.0000020177
  0.0000019381
 -0.0000009849
 -0.0000037524
  0.0000003948
 -0.0000020341
 -0.0000016687
  0.0000101522
 -0.0000192234
 -0.0001010122
  0.0000301185
 -0.0000959965
 -0.0000126250
  0.0000404275
  0.0000059551
 -0.0000293932
  0.0000683900
  0.0000210850
 -0.0000093116
 -0.0000121424
 -0.0000041111
  0.0000179526
 -0.0000050433
 -0.0000095947
  0.0000093869
 -0.0000119028
  0.0000070544
 -0.0000015943
 -0.0000017304
  0.0000005144
 -0.0000217689
 -0.0000064791
 -0.0000027732
 -0.0000136726
 -0.0000026523
 -0.0000002691
 -0.0000062214
 -0.0000018906
 -0.0000037002
 -0.0000001503
 -0.0000141474
 -0.0000057853
 -0.0000016241
  0.0000002622
 -0.0000065879
 -0.0000033137
 -0.0000044803
 -0.0000046421
  0.0000013164
  0.0000026659
 -0.0000012720
 -0.0000047723
 -0.0000035632
  0.0000009058
 -0.0000005655
 -0.0000030540
 -0.0000007430
  0.0000004318
 -0.0000005798
 -0.0000027740
 -0.0000024745
  0.0000035987
 -0.0000104992
  0.0000038333
 -0.0000019552
  0.0000025935
  0.0000072089
 -0.0000098024
  0.0000002338
 -0.0000014791
 -0.0000068516
  0.0000157323
 -0.0000001238
 -0.0000079487
 -0.0000039176
 -0.0000065392
  0.0000243002
  0.0000029116
 -0.0000064790
 -0.0000039133
 -0.0000046591
  0.0000118575
 -0.0000051247
  0.0000041345
 -0.0000020797
  0.0000000407
 -0.0000044725
  0.0000040245
 -0.0000040782
  0.0000016869
 -0.0000007066
 -0.0000012060
 -0.0000016696
  0.0000027674
 -0.0000017410
  0.0000016341
  0.0000046596
  0.0000016490
  0.0000009793
 -0.0000004857
  0.0000042101
  0.0000023934
  0.0000033120
  0.0000053499
 -0.0002015600
 -0.0000281372
  0.0000057825
  0.0000022838
 -0.0000341149
  0.0000103270
  0.0000090707
  0.0001445910
  0.0000395357
  0.0000093928
  0.0000280179
  0.0000424904
  0.0000094601
  0.0000028274
  0.0000119224
 -0.0000016670
 -0.0000348630
 -0.0000093382
 -0.0000043859
  0.0000027892
 -0.0000012918
 -0.0000047039
  0.0000016313
  0.0000208180
  0.0000125639
  0.0000079790
  0.0000002180
  0.0000067224
 -0.0000119979
 -0.0000111859
 -0.0000013585
 -0.0000081146
 -0.0000110340
 -0.0000032782
 -0.0000115541
 -0.0000072604
 -0.0000029051
  0.0000049312
 -0.0000056632
 -0.0000020905
 -0.0000015984
  0.0000174023
  0.0000019024
  0.0000013512
  0.0000019631
 -0.0000219382
 -0.0000041135
  0.0000036020
 -0.0000101252
 -0.0000029279
  0.0000179627
 -0.0000165225
 -0.0000091823
  0.0000058550
  0.0000223022
  0.0000286819
  0.0000196615
 -0.0000077495
  0.0000186639
 -0.0000140863
  0.0000005190
 -0.0000071481
 -0.0000091523
 -0.0000298384
 -0.0000281480
  0.0000020428
 -0.0000039182
  0.0000023185
 -0.0000020449
  0.0000009190
  0.0000022868
  0.0000008097
  0.0000077796
 -0.0000019079
 -0.0000042457
 -0.0000000535
  0.0000028888
  0.0000009982
 -0.0000039507
  0.0000009231
  0.0000021536
 -0.0000038109
 -0.0000847062
  0.0000131277
 -0.0000420983
  0.0000155096
 -0.0000541599
  0.0000199456
 -0.0000163667
  0.0002273150
 -0.0001092277
  0.0000237372
 -0.0000799077
  0.0000415078
  0.0000215118
 -0.0000509531
 -0.0000230502
  0.0000912128
 -0.0000132735
 -0.0000065142
  0.0000004548
  0.0000206408
 -0.0000026495
 -0.0000011871
  0.0000047092
  0.0000045178
  0.0000051648
  0.0000030378
  0.0000055950
 -0.0000134621
 -0.0000047002
  0.0000014475
 -0.0000027277
 -0.0000005217
  0.0000027035
 -0.0000018210
  0.0000032805
 -0.0000003523
 -0.0000005685
 -0.0000059084
 -0.0000163700
  0.0000006824
  0.0000000227
  0.0000076475
 -0.0000062866
  0.0000051500
  0.0000007476
  0.0000071286
  0.0000019697
  0.0000037593
 -0.0000029198
 -0.0000011301
 -0.0000070817
 -0.0000112791
 -0.0000068254
 -0.0000179944
 -0.0000033100
 -0.0000007069
  0.0000364383
  0.0000629184
 -0.0000634084
 -0.0000075711
  0.0000009590
 -0.0000004623
  0.0000005915
  0.0000011821
 -0.0000005208
 -0.0000053606
 -0.0000007341
 -0.0000008567
 -0.0000012011
  0.0000017274
  0.0000003423
 -0.0000013049
  0.0000020323
  0.0000001699
 -0.0000003673
  0.0000395419
 -0.0000225456
 -0.0000639431
  0.0000066409
  0.0000241023
 -0.0000151826
  0.0000518608
 -0.0000151969
  0.0000313887
 -0.0000506951
  0.0001452331
 -0.0000101463
 -0.0000046395
 -0.0000090298
 -0.0000016862
  0.0000204598
 -0.0000013919
 -0.0000027730
  0.0000170693
 -0.0000114592
  0.0000128698
  0.0000015584
  0.0000021321
  0.0000028425
 -0.0000190650
 -0.0000011203
  0.0000001806
 -0.0000000121
 -0.0000018023
 -0.0000112076
  0.0000000453
  0.0000034403
 -0.0000268338
  0.0000014058
 -0.0000013959
  0.0000019819
 -0.0000089861
 -0.0000003596
  0.0000034208
  0.0000007035
 -0.0000012971
 -0.0000004343
 -0.0000017323
 -0.0000006446
  0.0000022496
  0.0000023609
 -0.0000006188
 -0.0000007758
  0.0000007725
 -0.0000000419
 -0.0000003646
  0.0000018139
  0.0000002882
 -0.0000019862
 -0.0000097570
  0.0000233648
 -0.0000050298
  0.0000149947
 -0.0000053811
  0.0000669117
 -0.0000142991
 -0.0000022147
 -0.0000037547
 -0.0000045337
 -0.0000026304
 -0.0000002940
 -0.0000019179
  0.0000012045
  0.0000118003
  0.0000186229
  0.0000079829
 -0.0000045180
 -0.0000069999
 -0.0000002840
 -0.0000002458
 -0.0000003250
 -0.0000002316
 -0.0000002286
 -0.0000038516
 -0.0000005057
 -0.0000010363
 -0.0000057119
 -0.0000013080
  0.0000005946
 -0.0000012008
 -0.0000026518
 -0.0000004163
 -0.0000001639
  0.0000004802
  0.0000352734
 -0.0000038871
  0.0000855730
 -0.0001811588
  0.0000072823
 -0.0000654542
  0.0000435333
  0.0000352611
 -0.0000446223
 -0.0000448666
  0.0000169305
 -0.0000019295
 -0.0000081535
 -0.0000016068
  0.0000226753
 -0.0000018435
 -0.0000002630
  0.0000141382
 -0.0000128370
  0.0000126636
  0.0000003397
  0.0000010492
  0.0000018540
 -0.0000182066
 -0.0000016390
 -0.0000045674
  0.0000025286
 -0.0000007986
 -0.0000001537
 -0.0000104446
  0.0000032522
  0.0000050672
 -0.0000322728
 -0.0000008181
 -0.0000013792
  0.0000021065
 -0.0000110651
 -0.0000021646
  0.0000013407
  0.0000010417
 -0.0000033750
 -0.0000033446
 -0.0000028200
 -0.0000006211
  0.0000018312
 -0.0000033037
 -0.0000018010
 -0.0000021476
 -0.0000023513
  0.0000017414
 -0.0000324800
 -0.0000387736
 -0.0000078879
 -0.0000029696
  0.0000431830
  0.0000267148
  0.0000019211
  0.0000176726
 -0.0000203932
 -0.0000523837
 -0.0000035892
 -0.0000223807
 -0.0000340812
 -0.0000309435
 -0.0000026519
 -0.0000019957
 -0.0000017768
 -0.0000028720
  0.0000010128
 -0.0000044150
 -0.0000031814
 -0.0000019821
  0.0000061305
 -0.0000005452
  0.0000003548
 -0.0000015747
  0.0000020308
 -0.0000026453
 -0.0000002086
  0.0000347145
 -0.0000355628
  0.0001043482
  0.0000329520
  0.0000173015
  0.0001595736
  0.0000355385
 -0.0000842109
 -0.0000093578
 -0.0001007218
  0.0000595777
 -0.0000104059
  0.0000001932
 -0.0000026316
  0.0000228993
 -0.0000039106
  0.0000008917
  0.0000112729
  0.0000022021
  0.0000006071
 -0.0000020418
  0.0000014507
  0.0000022619
 -0.0000162277
  0.0000034285
  0.0000002168
  0.0000034246
 -0.0000206602
  0.0000036849
  0.0000008000
 -0.0000141529
  0.0000008855
 -0.0000063528
 -0.0000032227
 -0.0000051571
  0.0000007460
  0.0000031477
 -0.0000120590
 -0.0000021751
 -0.0000054537
  0.0000029067
 -0.0000022373
 -0.0000035340
 -0.0000046023
 -0.0000032512
 -0.0000025592
 -0.0000023128
  0.0000107065
  0.0000068034
  0.0000161295
  0.0000115422
  0.0000339435
 -0.0000247012
 -0.0000026792
  0.0000503242
  0.0000694758
  0.0000185285
  0.0000137091
  0.0000178506
 -0.0000211893
  0.0000061559
  0.0000056328
 -0.0000006027
 -0.0000040496
 -0.0000013141
 -0.0000034018
 -0.0000043613
 -0.0000002418
 -0.0000038105
 -0.0000027533
 -0.0000030667
  0.0000057176
  0.0000004387
  0.0000007963
 -0.0000028618
  0.0000030789
 -0.0000038922
 -0.0000003869
 -0.0000405198
  0.0000353145
 -0.0000885736
  0.0000140435
  0.0002042623
 -0.0000757697
 -0.0000157547
 -0.0000305468
 -0.0000142534
 -0.0000140124
 -0.0000492694
  0.0000528787
 -0.0000272945
 -0.0000120784
 -0.0000017644
 -0.0000035691
  0.0000231405
 -0.0000059160
 -0.0000027522
  0.0000072540
 -0.0000030931
  0.0000006998
 -0.0000032451
  0.0000010925
  0.0000021758
 -0.0000167284
  0.0000008838
  0.0000008445
 -0.0000023734
 -0.0000015882
  0.0000030287
 -0.0000213707
  0.0000046366
 -0.0000002928
 -0.0000096895
 -0.0000008520
 -0.0000073707
 -0.0000041504
 -0.0000066187
 -0.0000016266
  0.0000025166
 -0.0000093607
 -0.0000062085
 -0.0000095609
  0.0000023549
 -0.0000019577
 -0.0000046868
  0.0000025024
  0.0000006253
 -0.0000011412
 -0.0000001305
  0.0000012368
 -0.0000003799
 -0.0000020306
  0.0000010150
  0.0000042123
 -0.0000106379
  0.0000040650
 -0.0000013048
  0.0000037585
  0.0000078553
 -0.0000086961
 -0.0000008143
 -0.0000034556
  0.0000152613
 -0.0000074591
 -0.0000030989
 -0.0000068370
  0.0000245203
  0.0000033414
 -0.0000059938
 -0.0000026687
  0.0000131931
 -0.0000042347
  0.0000057480
 -0.0000011028
 -0.0000014417
  0.0000026166
 -0.0000039923
  0.0000044689
 -0.0000021355
  0.0000018363
  0.0000013590
  0.0000004405
  0.0000011502
 -0.0000029260
 -0.0000038387
  0.0000108560
  0.0000098866
 -0.0000009324
 -0.0000024912
 -0.0000012274
  0.0000100503
 -0.0000017065
  0.0000024572
 -0.0000038321
 -0.0002100248
 -0.0000007697
  0.0000057352
  0.0000235501
 -0.0000376308
  0.0000115319
  0.0000160248
  0.0001579079
  0.0000293898
 -0.0000016608
  0.0000330327
  0.0000443380
 -0.0000040405
  0.0000162032
 -0.0000009306
 -0.0000074853
 -0.0000402556
 -0.0000039502
 -0.0000115163
  0.0000049390
 -0.0000054883
  0.0000281550
 -0.0000012789
  0.0000015836
  0.0000422427
  0.0000063444
 -0.0000002904
 -0.0000057265
 -0.0000007369
 -0.0000044808
 -0.0000024403
  0.0000033913
 -0.0000004052
  0.0000081086
  0.0000015447
  0.0000009845
 -0.0000007715
 -0.0000046093
  0.0000145932
  0.0000061674
 -0.0000011794
 -0.0000002137
 -0.0000017820
  0.0000008699
  0.0000025526
  0.0000024487
 -0.0000004746
  0.0000018713
 -0.0000003008
 -0.0000079074
 -0.0000038316
 -0.0000044973
 -0.0000142882
 -0.0000021377
 -0.0000019700
 -0.0000012123
  0.0000025398
 -0.0000006124
  0.0000119148
 -0.0000004153
 -0.0000031061
 -0.0000058817
  0.0000024995
  0.0000021159
  0.0000030811
  0.0000020930
  0.0000020255
 -0.0000006599
  0.0000018010
  0.0000014208
 -0.0000024719
  0.0000038239
  0.0000029181
  0.0000013028
  0.0000004214
  0.0000029320
  0.0000022100
 -0.0000480491
 -0.0000504633
  0.0000575087
 -0.0001097407
  0.0001175422
 -0.0000940376
  0.0000476676
  0.0000399415
 -0.0000424892
 -0.0000539440
  0.0001032833
 -0.0000041405
 -0.0000074842
  0.0000007926
  0.0000235649
  0.0000025878
 -0.0000000374
  0.0000166349
 -0.0000105248
  0.0000141395
  0.0000029940
  0.0000034608
  0.0000050994
 -0.0000168131
  0.0000006962
 -0.0000020776
  0.0000050646
  0.0000007096
  0.0000009879
 -0.0000088147
  0.0000039889
  0.0000014107
 -0.0000300654
  0.0000011836
  0.0000010645
  0.0000037974
 -0.0000090611
 -0.0000005958
  0.0000012435
  0.0000028339
 -0.0000012003
 -0.0000018510
  0.0000009922
  0.0000029751
  0.0000042920
  0.0000005854
 -0.0000011814
 -0.0000080376
 -0.0000006897
  0.0000028670
 -0.0000119557
  0.0000004648
  0.0000056625
 -0.0000155619
  0.0000003467
  0.0000171717
 -0.0000158436
 -0.0000074419
  0.0000263250
  0.0000111619
 -0.0000114204
  0.0000033914
 -0.0000050820
 -0.0000048269
 -0.0000110307
 -0.0000036818
 -0.0000013532
  0.0000018030
 -0.0000015347
 -0.0000012678
  0.0000003300
  0.0000095120
  0.0000006880
  0.0000006641
  0.0000079413
  0.0000037966
  0.0000019593
 -0.0000002432
  0.0000056839
 -0.0000016528
  0.0000014609
 -0.0001818138
  0.0000157706
 -0.0000247741
  0.0000827485
 -0.0000404082
  0.0000333013
  0.0000136555
  0.0002295904
  0.0000118626
  0.0000070821
  0.0000505600
  0.0000278472
 -0.0000127957
 -0.0000110494
  0.0000125128
 -0.0000060709
 -0.0001340507
 -0.0000098032
 -0.0000093160
  0.0000025275
  0.0000206798
 -0.0000006225
  0.0000009410
  0.0000047939
  0.0000237232
  0.0000052923
  0.0000059022
 -0.0000108877
 -0.0000025831
 -0.0000004851
  0.0000052081
  0.0000018849
  0.0000010619
 -0.0000019185
 -0.0000245241
  0.0000004520
  0.0000047698
 -0.0000035092
  0.0000055509
  0.0000010327
  0.0000070517
 -0.0000030737
 -0.0000014396
 -0.0000029509
 -0.0000021764
 -0.0000005643
 -0.0000095322
 -0.0000055088
 -0.0000160237
  0.0000001885
  0.0000632415
 -0.0000341043
 -0.0000068417
  0.0000004393
  0.0000013334
 -0.0000003397
  0.0000019686
  0.0000003657
 -0.0000004118
  0.0000012784
 -0.0000002150
  0.0000050617
  0.0000033509
  0.0000008246
  0.0000000559
  0.0000086780
  0.0000007212
  0.0000013538
 -0.0000967790
  0.0000562420
 -0.0000611037
  0.0000109218
  0.0000303963
 -0.0000140957
  0.0000521003
 -0.0000035328
  0.0000316398
 -0.0000486594
 -0.0002103693
 -0.0000074208
 -0.0000059283
 -0.0000056462
 -0.0000006100
  0.0000218193
 -0.0000032137
 -0.0000060179
  0.0000203745
 -0.0000131103
  0.0000130441
  0.0000017513
  0.0000013468
  0.0000051553
 -0.0000181613
  0.0000075515
 -0.0000003375
 -0.0000019982
 -0.0000004524
 -0.0000071755
  0.0000002850
  0.0000028173
 -0.0000312057
  0.0000011214
 -0.0000005340
  0.0000030680
 -0.0000016417
 -0.0000024626
  0.0000001675
  0.0000016256
  0.0000032205
 -0.0000005029
 -0.0000014667
 -0.0000015423
  0.0000058153
 -0.0000025849
 -0.0000028576
  0.0000016715
  0.0000031922
  0.0000014382
  0.0000044111
 -0.0000037538
 -0.0000017027
 -0.0000069390
 -0.0000038801
 -0.0000004173
  0.0000183539
  0.0000239482
  0.0000140565
 -0.0000018014
 -0.0000031536
  0.0000035308
  0.0000035266
  0.0000005420
  0.0000038749
  0.0000019966
  0.0000000148
  0.0000030752
  0.0000014023
  0.0000045957
  0.0000063189
  0.0000041467
  0.0000011642
  0.0000042263
  0.0000024236
  0.0000035637
 -0.0000031232
  0.0000372445
  0.0000916089
 -0.0001717796
 -0.0000546440
 -0.0000564918
  0.0000470125
  0.0000307358
 -0.0000305994
  0.0000035971
 -0.0000565366
 -0.0000047504
 -0.0000025820
  0.0000004688
  0.0000237334
  0.0000020028
  0.0000004875
  0.0000208779
 -0.0000135596
  0.0000109028
  0.0000015219
  0.0000017221
  0.0000072062
 -0.0000179223
 -0.0000008241
  0.0000129150
  0.0000035873
  0.0000032281
  0.0000011354
 -0.0000053796
  0.0000022722
  0.0000040291
 -0.0000181377
  0.0000047390
  0.0000011182
  0.0000048892
  0.0000008844
  0.0000028057
  0.0000032558
  0.0000004928
  0.0000052041
  0.0000028080
  0.0000003501
  0.0000027193
  0.0000055634
  0.0000038951
  0.0000021937
 -0.0000029174
 -0.0000007066
 -0.0000046394
 -0.0000013557
  0.0000019703
  0.0000014738
 -0.0000032552
  0.0000007764
  0.0000036697
 -0.0000105144
  0.0000041235
 -0.0000026896
  0.0000031336
  0.0000071824
 -0.0000091562
  0.0000001247
 -0.0000013253
 -0.0000063233
  0.0000169303
 -0.0000001180
 -0.0000085529
 -0.0000048473
 -0.0000070202
  0.0000246715
  0.0000021562
 -0.0000075040
 -0.0000014875
 -0.0000001247
  0.0000124974
 -0.0000059166
  0.0000034904
  0.0000004043
 -0.0000022324
 -0.0000042099
  0.0000045326
 -0.0000036570
  0.0000039140
  0.0000055097
  0.0000036305
  0.0000009914
 -0.0000068098
 -0.0000030379
  0.0000030019
  0.0000029183
  0.0000028288
 -0.0000029463
 -0.0000020115
 -0.0000001666
 -0.0000031320
 -0.0000035972
 -0.0000003316
 -0.0002019071
 -0.0000288220
  0.0000152259
 -0.0000046083
 -0.0000301165
  0.0000122832
  0.0000134859
  0.0001438903
  0.0000402421
  0.0000061718
  0.0000287384
  0.0000440043
  0.0000077550
 -0.0000086822
 -0.0000001888
 -0.0000033293
 -0.0000340247
  0.0000082342
 -0.0000081912
  0.0000039130
 -0.0000111448
 -0.0000050117
  0.0000046822
  0.0000177392
  0.0000097832
  0.0000109672
  0.0000053546
 -0.0000044418
 -0.0000166698
  0.0000012872
  0.0000000964
 -0.0000145155
 -0.0000021635
 -0.0000108229
 -0.0000104033
  0.0000022468
 -0.0000062419
  0.0000009895
 -0.0000017548
  0.0000033228
 -0.0000044040
 -0.0000006474
  0.0000015857
  0.0000045910
  0.0000007381
  0.0000021028
 -0.0000258847
 -0.0000137410
  0.0000244132
  0.0000164157
 -0.0000346042
 -0.0000043303
 -0.0000355673
  0.0000040137
  0.0000022309
  0.0000028576
  0.0000030856
  0.0000026121
 -0.0000015362
  0.0000019338
  0.0000019550
  0.0000011127
  0.0000036615
  0.0000030356
  0.0000020236
  0.0000014153
  0.0000032780
  0.0000023236
 -0.0000128872
 -0.0000041747
 -0.0000484867
  0.0000457151
  0.0000163875
  0.0001795146
 -0.0000179435
 -0.0000610288
  0.0000284466
  0.0000716277
  0.0001008092
 -0.0000036213
 -0.0000048728
  0.0000008822
  0.0000231406
 -0.0000013111
 -0.0000016959
  0.0000073166
 -0.0000002174
  0.0000070674
  0.0000036530
  0.0000044340
 -0.0000015355
 -0.0000166485
 -0.0000136390
  0.0000014680
 -0.0000091450
  0.0000046979
  0.0000042541
 -0.0000034867
  0.0000025154
  0.0000011349
  0.0000039682
 -0.0000092973
  0.0000008334
  0.0000043415
 -0.0000026596
 -0.0000005269
 -0.0000003467
  0.0000002022
  0.0000044047
  0.0000007759
 -0.0000011967
 -0.0000002733
 -0.0000024014
  0.0000080634
 -0.0000387045
 -0.0000029252
 -0.0000355959
 -0.0000170052
 -0.0000067378
 -0.0000152191
 -0.0000099603
  0.0000366025
  0.0000186363
 -0.0000180058
 -0.0000047267
  0.0000103507
 -0.0000183193
 -0.0000270733
 -0.0000074357
 -0.0000481662
 -0.0000126657
 -0.0000295448
 -0.0000432803
 -0.0000391500
 -0.0000274816
  0.0000037035
 -0.0000043695
  0.0000007729
  0.0000042458
  0.0000031369
  0.0000019863
 -0.0000010026
  0.0000003846
  0.0000021406
  0.0000029811
  0.0000004606
  0.0000001413
 -0.0000000884
  0.0000024630
 -0.0000019616
  0.0000398075
  0.0000347790
 -0.0000526126
  0.0000597728
 -0.0000608893
  0.0000077305
  0.0000104122
  0.0001646703
 -0.0000275133
 -0.0000722984
  0.0000738372
  0.0001050795
  0.0000570002
 -0.0000100090
 -0.0000070651
 -0.0000012420
  0.0000196533
 -0.0000014299
 -0.0000034131
  0.0000051057
  0.0000043631
  0.0000116414
  0.0000045565
  0.0000017206
  0.0000074445
 -0.0000138935
 -0.0000024774
 -0.0000053034
  0.0000008121
 -0.0000001881
 -0.0000032840
 -0.0000017847
  0.0000015107
 -0.0000016207
 -0.0000018945
  0.0000012051
 -0.0000010920
 -0.0000079943
 -0.0000145942
  0.0000024880
  0.0000009981
 -0.0000002089
  0.0000058849
 -0.0000052623
  0.0000045237
  0.0000010341
  0.0000060381
  0.0000026741
 -0.0000005593
  0.0000043495
 -0.0000076849
  0.0000197194
 -0.0000144244
  0.0000214588
  0.0000251335
  0.0000114832
  0.0000266987
  0.0000025485
 -0.0000061582
 -0.0000055317
 -0.0000252425
 -0.0000252186
 -0.0000004766
 -0.0000008196
 -0.0000003820
 -0.0000007458
  0.0000033155
 -0.0000056368
 -0.0000013933
  0.0000027154
 -0.0000016930
 -0.0000015537
 -0.0000005545
  0.0000014099
 -0.0000049752
 -0.0000004264
 -0.0000005584
 -0.0000958026
  0.0000144239
 -0.0001117599
  0.0000159367
 -0.0000514237
  0.0000248947
 -0.0000144472
  0.0002286138
 -0.0000839816
 -0.0000670642
  0.0000469581
  0.0000232470
 -0.0000272272
  0.0000592534
 -0.0000019839
  0.0000017838
 -0.0000015873
  0.0000256580
 -0.0000002577
 -0.0000016728
  0.0000146078
  0.0000102751
  0.0000117532
  0.0000021941
  0.0000047053
 -0.0000162076
  0.0000053120
  0.0000013657
 -0.0000186596
  0.0000063898
  0.0000045613
 -0.0000002110
 -0.0000041608
 -0.0000011213
 -0.0000040785
 -0.0000012761
  0.0000018938
 -0.0000034025
 -0.0000010213
  0.0000070832
  0.0000002171
  0.0000011262
 -0.0000014028
  0.0000013706
 -0.0000277152
 -0.0000156231
 -0.0000108544
 -0.0000171220
  0.0000112205
  0.0000321605
  0.0000228156
 -0.0000063800
  0.0000134694
 -0.0000229544
 -0.0000059845
 -0.0000120594
 -0.0000371582
 -0.0000324826
 -0.0000104198
 -0.0000013728
  0.0000016061
 -0.0000004005
 -0.0000014452
  0.0000027812
  0.0000046797
  0.0000002124
 -0.0000001153
  0.0000086272
  0.0000018295
  0.0000036524
 -0.0000000373
  0.0000041598
 -0.0000014036
  0.0000024349
 -0.0000360647
  0.0000382557
 -0.0000332501
  0.0000108073
 -0.0000607873
  0.0000145269
 -0.0000020267
  0.0001947030
 -0.0000009854
 -0.0000397234
  0.0000515769
  0.0000055227
  0.0001082335
 -0.0000089337
 -0.0000004457
  0.0000008653
  0.0000216171
  0.0000002404
  0.0000022935
  0.0000145280
  0.0000118211
  0.0000117690
  0.0000009002
  0.0000043012
  0.0000026662
 -0.0000129653
  0.0000040133
  0.0000033016
  0.0000018887
 -0.0000156479
  0.0000026262
  0.0000023809
  0.0000000301
  0.0000020536
 -0.0000030907
  0.0000009183
 -0.0000068098
  0.0000020629
  0.0000049830
 -0.0000048286
  0.0000059043
 -0.0000031543
  0.0000034885
  0.0000003052
 -0.0000006550
  0.0000011969
  0.0000001652
 -0.0000031922
 -0.0000013961
  0.0000030586
  0.0000024069
 -0.0000022890
 -0.0000001909
  0.0000037134
 -0.0000102429
  0.0000040545
 -0.0000025653
  0.0000001861
  0.0000075400
 -0.0000061254
 -0.0000001632
 -0.0000013891
 -0.0000118640
  0.0000161101
  0.0000001320
 -0.0000075823
 -0.0000049117
 -0.0000070102
  0.0000245073
  0.0000028538
 -0.0000063626
 -0.0000022589
 -0.0000008536
  0.0000079849
 -0.0000045482
  0.0000034198
  0.0000007006
 -0.0000015826
 -0.0000041804
  0.0000042183
 -0.0000036476
 -0.0000014212
  0.0000004229
 -0.0000022497
 -0.0000008512
  0.0000081305
  0.0000094216
 -0.0000071800
 -0.0000069477
 -0.0000093791
  0.0000002224
 -0.0000004179
 -0.0000053390
  0.0000017967
  0.0000066443
  0.0000031426
 -0.0001779572
 -0.0000010783
  0.0000176483
 -0.0000218284
 -0.0000238522
  0.0000098309
  0.0000140790
  0.0001255418
  0.0000185131
  0.0000001944
  0.0000241964
  0.0000465145
 -0.0000065099
 -0.0000088972
 -0.0000015707
 -0.0000159939
 -0.0000143160
 -0.0000052463
 -0.0000128246
  0.0000046027
 -0.0000053522
  0.0000190419
 -0.0000030143
  0.0000052543
  0.0000098566
  0.0000043422
  0.0000107852
  0.0000062379
  0.0000018319
  0.0000055522
  0.0000008956
 -0.0000029631
  0.0000011167
  0.0000003195
 -0.0000081246
  0.0000009585
  0.0000079104
 -0.0000081845
  0.0000009025
  0.0000040426
  0.0000043720
  0.0000005671
  0.0000040525
  0.0000053475
 -0.0000022861
  0.0000006763
 -0.0000014140
  0.0000024449
 -0.0000353986
  0.0000015038
 -0.0000369892
 -0.0000100234
 -0.0000012379
 -0.0000068910
  0.0000419348
  0.0000255442
  0.0000015159
  0.0000165013
 -0.0000239391
 -0.0000508584
 -0.0000056723
 -0.0000246001
 -0.0000380796
 -0.0000349146
  0.0000009951
 -0.0000023736
 -0.0000016903
  0.0000008897
 -0.0000013466
  0.0000082134
 -0.0000054974
 -0.0000024009
 -0.0000019172
  0.0000032702
 -0.0000047823
 -0.0000035710
 -0.0000004796
  0.0000008513
 -0.0000037657
  0.0000332066
 -0.0000078218
  0.0000374860
  0.0001104522
  0.0000153168
 -0.0000065725
  0.0001613556
 -0.0000111798
 -0.0000794515
  0.0000259742
 -0.0000197738
  0.0000567610
 -0.0000159376
 -0.0000046803
  0.0000013156
  0.0000176847
 -0.0000013309
 -0.0000031659
  0.0000107414
  0.0000075044
  0.0000064115
  0.0000027929
  0.0000031258
  0.0000012932
 -0.0000128065
 -0.0000034075
  0.0000016619
 -0.0000024610
 -0.0000024447
 -0.0000088513
 -0.0000017706
 -0.0000034701
 -0.0000052129
 -0.0000028883
 -0.0000005737
 -0.0000031666
 -0.0000110850
 -0.0000013939
 -0.0000018000
 -0.0000091017
  0.0000002521
 -0.0000065751
  0.0000019672
  0.0000013572
  0.0000033062
 -0.0000007800
 -0.0000018961
 -0.0000119388
 -0.0000042670
  0.0000091082
 -0.0000078775
  0.0000094015
 -0.0000056168
  0.0000024723
 -0.0000058582
 -0.0000236515
 -0.0000067995
  0.0000098904
  0.0000237804
  0.0000090624
 -0.0000101795
  0.0000262990
 -0.0000091372
 -0.0000044699
  0.0000133312
 -0.0000059104
 -0.0000091981
 -0.0000155720
 -0.0000179534
  0.0000069091
 -0.0000110805
  0.0000012780
 -0.0000010190
  0.0000031199
  0.0000017212
  0.0000011412
  0.0000041462
 -0.0000048230
  0.0000016653
  0.0000013466
  0.0000016027
 -0.0000001127
  0.0000011812
  0.0000015312
  0.0000011245
 -0.0000025253
 -0.0001294830
  0.0000234231
  0.0000613020
 -0.0000546706
 -0.0000622708
  0.0000296692
 -0.0000040380
  0.0002418822
  0.0000756766
  0.0000071414
 -0.0000712599
  0.0000205184
 -0.0000080840
  0.0000547292
 -0.0000122996
 -0.0000103734
 -0.0000163824
 -0.0000102113
 -0.0000094655
 -0.0000104490
  0.0000017878
  0.0000168559
 -0.0000021639
 -0.0000027622
  0.0000001280
  0.0000249112
  0.0000016321
 -0.0000009427
  0.0000060762
 -0.0000123815
  0.0000022675
  0.0000021328
 -0.0000075546
  0.0000041412
 -0.0000037301
  0.0000003866
 -0.0000006512
 -0.0000058978
 -0.0000268452
  0.0000022725
  0.0000025738
 -0.0000037232
  0.0000056717
  0.0000005076
  0.0000025885
 -0.0000029288
  0.0000113834
 -0.0000170051
  0.0000295089
 -0.0000302597
 -0.0000027851
  0.0000477148
  0.0000657090
  0.0000113613
  0.0000118409
 -0.0000085690
 -0.0000006186
 -0.0000012247
 -0.0000004599
 -0.0000005435
 -0.0000009769
 -0.0000053400
 -0.0000015102
 -0.0000017561
 -0.0000052776
  0.0000009040
 -0.0000003875
 -0.0000022611
 -0.0000021213
 -0.0000009808
 -0.0000011262
 -0.0000778860
  0.0000009806
 -0.0000652822
 -0.0000350678
  0.0000090954
 -0.0000344218
 -0.0000004061
  0.0000491623
 -0.0000735115
  0.0000143410
 -0.0000169807
 -0.0000150394
  0.0000319946
 -0.0000061967
 -0.0000094938
 -0.0000026938
  0.0000193274
 -0.0000057178
 -0.0000057332
  0.0000085861
 -0.0000036225
  0.0000104681
  0.0000002003
  0.0000009608
 -0.0000040962
 -0.0000196663
 -0.0000137580
 -0.0000037080
 -0.0000032331
 -0.0000035133
 -0.0000134658
  0.0000004384
 -0.0000007412
  0.0000012273
 -0.0000025339
 -0.0000025063
  0.0000005511
 -0.0000126387
 -0.0000046364
 -0.0000007378
  0.0000054064
 -0.0000041854
 -0.0000044234
 -0.0000045773
 -0.0000042463
  0.0000008665
 -0.0000021656
 -0.0000016350
 -0.0000012150
  0.0000000378
 -0.0000014727
 -0.0000031744
 -0.0000001582
  0.0000026105
 -0.0000123323
  0.0000022903
 -0.0000023767
  0.0000000406
  0.0000063606
 -0.0000106523
 -0.0000025423
 -0.0000107707
  0.0000134268
 -0.0000013024
 -0.0000088210
 -0.0000041084
 -0.0000082307
  0.0000226487
  0.0000021433
 -0.0000074868
 -0.0000022373
 -0.0000036936
  0.0000086395
 -0.0000051107
  0.0000047672
 -0.0000023852
 -0.0000029400
 -0.0000004282
 -0.0000055609
  0.0000026471
 -0.0000054403
 -0.0000006414
  0.0000040286
 -0.0000028846
 -0.0000026127
  0.0000022237
  0.0000233885
  0.0000061567
  0.0000066623
  0.0000011492
  0.0000004580
  0.0000032199
  0.0000067931
 -0.0000006075
  0.0000020316
  0.0000042664
 -0.0001914459
 -0.0000299014
  0.0000045291
 -0.0000036929
 -0.0000340013
  0.0000085027
  0.0000080365
  0.0001330979
  0.0000390005
  0.0000082350
  0.0000268981
  0.0000423347
  0.0000078965
 -0.0000016889
  0.0000053858
 -0.0000032224
 -0.0000286014
 -0.0000098687
 -0.0000047276
  0.0000009880
 -0.0000007775
 -0.0000004292
  0.0000027377
  0.0000208978
  0.0000163925
  0.0000066711
  0.0000020325
 -0.0000103935
  0.0000002761
 -0.0000021849
 -0.0000031662
 -0.0000027425
 -0.0000142432
 -0.0000011947
 -0.0000044562
  0.0000050298
 -0.0000073215
 -0.0000028314
 -0.0000028403
  0.0000143956
  0.0000097007
 -0.0000016344
  0.0000013207
 -0.0000002498
  0.0000001547
  0.0000118781
  0.0000023904
 -0.0000036351
 -0.0000035818
 -0.0000166871
  0.0000026384
  0.0000164134
  0.0000372947
  0.0000620800
 -0.0000515791
  0.0000127144
 -0.0000007028
 -0.0000036208
  0.0000015540
  0.0000018078
  0.0000012520
  0.0000013404
  0.0000006913
 -0.0000037861
  0.0000018658
 -0.0000003164
 -0.0000023057
 -0.0000004496
  0.0000020914
  0.0000025838
 -0.0000029568
  0.0000011375
  0.0000015845
 -0.0000852749
 -0.0000382478
 -0.0000384554
  0.0000053549
  0.0000244073
  0.0000055326
  0.0000669857
 -0.0000388438
  0.0000280877
 -0.0000181579
  0.0001153372
  0.0000167488
 -0.0000022077
 -0.0000071017
  0.0000007304
  0.0000201556
  0.0000008761
 -0.0000000598
  0.0000140887
  0.0000001258
  0.0000173259
  0.0000022706
  0.0000026907
 -0.0000034551
 -0.0000155216
 -0.0000002176
 -0.0000131420
  0.0000037851
 -0.0000004654
 -0.0000024915
 -0.0000129242
  0.0000015890
  0.0000064303
  0.0000032871
 -0.0000003702
 -0.0000001253
  0.0000032057
 -0.0000097853
 -0.0000016579
  0.0000034497
  0.0000117332
  0.0000009536
 -0.0000032358
 -0.0000008436
  0.0000003394
  0.0000040916
 -0.0000007436
 -0.0000008058
  0.0000008661
 -0.0000007485
 -0.0000015315
  0.0000005816
  0.0000019916
 -0.0000120053
  0.0000017303
 -0.0000021601
 -0.0000014714
  0.0000074461
 -0.0000026639
 -0.0000002605
 -0.0000028614
 -0.0000113250
  0.0000119761
 -0.0000016083
 -0.0000076363
 -0.0000042370
 -0.0000086061
  0.0000227784
  0.0000016996
 -0.0000074481
 -0.0000012539
 -0.0000031308
  0.0000065446
 -0.0000038284
  0.0000054004
 -0.0000017361
  0.0000012555
 -0.0000049874
  0.0000026721
  0.0000007482
  0.0000030022
  0.0000006966
  0.0000004718
 -0.0000001720
  0.0000042504
 -0.0000059426
  0.0000013553
  0.0000047245
  0.0000009176
  0.0000008894
 -0.0000042911
  0.0000074929
  0.0000003789
  0.0000030176
  0.0000047236
 -0.0001681939
 -0.0000048315
  0.0000196568
 -0.0000233432
 -0.0000219884
  0.0000041203
  0.0000157844
  0.0001204608
  0.0000178084
  0.0000037714
  0.0000242294
  0.0000480654
 -0.0000020271
 -0.0000081523
 -0.0000003046
 -0.0000137102
 -0.0000426737
  0.0000023102
 -0.0000058282
  0.0000050525
 -0.0000054351
 -0.0000048078
  0.0000014395
  0.0000151045
  0.0000083585
  0.0000114910
 -0.0000043751
 -0.0000095762
  0.0000027863
 -0.0000150347
 -0.0000004905
 -0.0000063420
 -0.0000096059
 -0.0000104082
 -0.0000013189
  0.0000008636
  0.0000032629
  0.0000014068
  0.0000021927
 -0.0000020325
  0.0000183345
  0.0000021780
  0.0000007558
  0.0000001071
 -0.0000001035
 -0.0000002501
  0.0000056439
 -0.0000102670
  0.0000007462
  0.0000041749
  0.0000092560
 -0.0000071991
 -0.0000046280
  0.0000136074
 -0.0000060989
 -0.0000072510
  0.0000247865
 -0.0000055708
 -0.0000004970
  0.0000134213
 -0.0000017274
  0.0000058747
  0.0000007602
 -0.0000001094
  0.0000003920
 -0.0000029654
  0.0000050698
 -0.0000009809
  0.0000008477
 -0.0000029172
  0.0000024352
  0.0000011737
  0.0000019392
 -0.0000006875
 -0.0000014898
 -0.0000088452
  0.0000018253
  0.0000021149
  0.0000061518
 -0.0000089682
  0.0000008462
  0.0000008456
 -0.0000037274
 -0.0001989945
 -0.0000045991
  0.0000076196
  0.0000245314
 -0.0000355540
  0.0000116214
  0.0000203399
  0.0001507988
  0.0000307492
  0.0000052886
  0.0000342093
  0.0000459676
 -0.0000105838
  0.0000188785
 -0.0000004753
 -0.0000087256
 -0.0000342252
 -0.0000005064
 -0.0000100350
  0.0000084904
  0.0000092300
  0.0000157542
 -0.0000015541
 -0.0000019915
  0.0000079966
 -0.0000002147
 -0.0000050415
 -0.0000101239
 -0.0000103236
 -0.0000037784
  0.0000026023
 -0.0000083769
 -0.0000122081
  0.0000022748
  0.0000022811
  0.0000014131
 -0.0000061226
  0.0000057334
  0.0000011029
 -0.0000011711
  0.0000006544
 -0.0000016032
  0.0000004116
  0.0000046112
 -0.0000052696
  0.0000034113
 -0.0000006443
  0.0000024275
  0.0000122377
 -0.0000019377
 -0.0000013497
 -0.0000073577
  0.0000061606
  0.0000005525
 -0.0000042675
 -0.0000018350
 -0.0000062372
  0.0000153870
  0.0000026213
 -0.0000052742
 -0.0000000275
 -0.0000019700
  0.0000076479
 -0.0000058102
  0.0000066854
 -0.0000000907
  0.0000030415
  0.0000003334
 -0.0000051709
  0.0000009882
  0.0000032933
 -0.0000008717
  0.0000023052
  0.0000004612
 -0.0000007816
  0.0000018532
  0.0000273593
  0.0000015069
  0.0000047421
 -0.0000022853
 -0.0000005004
  0.0000060871
  0.0000057492
  0.0000010270
 -0.0000006133
  0.0000040420
 -0.0001665882
  0.0000017493
  0.0000002768
 -0.0000167827
 -0.0000190398
 -0.0000111226
  0.0000050254
  0.0001049362
  0.0000007439
  0.0000002622
  0.0000221640
  0.0000463166
 -0.0000079135
 -0.0000029335
 -0.0000025737
 -0.0000146530
 -0.0000489404
 -0.0000059287
 -0.0000073295
  0.0000058530
 -0.0000045790
  0.0000119241
  0.0000051651
  0.0000117210
  0.0000017169
 -0.0000141035
 -0.0000112222
  0.0000000614
 -0.0000086618
 -0.0000052687
 -0.0000069347
  0.0000004928
  0.0000029927
  0.0000057512
  0.0000018550
 -0.0000057771
  0.0000151512
 -0.0000001510
 -0.0000008927
  0.0000009140
  0.0000007920
 -0.0000004539
 -0.0000000224
 -0.0000007730
  0.0000063509
 -0.0000041937
  0.0000049723
  0.0000003617
  0.0000038956
  0.0000140379
  0.0000012708
  0.0000005593
  0.0000000814
 -0.0000058734
  0.0000087980
  0.0000003553
 -0.0000024817
 -0.0000020119
 -0.0000063611
  0.0000166065
  0.0000023482
 -0.0000050848
 -0.0000002246
 -0.0000007280
  0.0000088630
 -0.0000050022
  0.0000043710
 -0.0000010037
  0.0000050415
  0.0000022866
 -0.0000042410
  0.0000018028
  0.0000051385
  0.0000045996
  0.0000038736
  0.0000042204
  0.0000017894
 -0.0000022466
 -0.0000077944
  0.0000079483
  0.0000074960
 -0.0000002051
 -0.0000036551
 -0.0000007791
  0.0000060713
 -0.0000039008
 -0.0000014870
 -0.0000015127
 -0.0001629281
  0.0000012706
 -0.0000018466
 -0.0000163156
 -0.0000220794
 -0.0000140766
  0.0000124742
  0.0000997081
 -0.0000128861
 -0.0000065948
  0.0000331945
  0.0000481841
 -0.0000187395
 -0.0000068079
 -0.0000171510
  0.0000067065
  0.0000028205
  0.0000133600
 -0.0000114903
  0.0000039543
 -0.0000039284
  0.0000130338
 -0.0000000401
  0.0000057178
  0.0000131220
  0.0000030704
  0.0000147048
  0.0000018033
  0.0000111778
  0.0000039897
 -0.0000009380
  0.0000053298
  0.0000069111
 -0.0000141113
  0.0000032650
  0.0000065651
  0.0000103517
  0.0000046652
  0.0000022809
  0.0000030384
 -0.0000006206
  0.0000017493
 -0.0000268769
 -0.0000090071
 -0.0000088240
 -0.0000115517
  0.0000044876
 -0.0000035473
  0.0000197785
 -0.0000180829
 -0.0000040935
  0.0000174745
  0.0000337310
  0.0000220705
 -0.0000062253
  0.0000128841
 -0.0000166900
 -0.0000162148
 -0.0000066118
 -0.0000175985
 -0.0000367359
 -0.0000320847
 -0.0000061226
  0.0000042093
 -0.0000009078
  0.0000017913
  0.0000029524
  0.0000009450
  0.0000017092
  0.0000015608
  0.0000020439
  0.0000023826
  0.0000029338
  0.0000013812
  0.0000018305
  0.0000015241
  0.0000048980
 -0.0000029566
 -0.0000506434
  0.0000144921
 -0.0000412183
  0.0000182398
 -0.0000515534
  0.0000142158
 -0.0000117586
  0.0002050424
  0.0000035189
  0.0000049809
 -0.0000332541
  0.0000472055
  0.0000234050
  0.0000058244
 -0.0000339474
  0.0001155521
 -0.0000096478
 -0.0000069973
 -0.0000008110
  0.0000207556
 -0.0000013055
 -0.0000010416
  0.0000041026
  0.0000039119
  0.0000049650
  0.0000021459
  0.0000082908
 -0.0000135977
 -0.0000049612
  0.0000034901
 -0.0000032591
 -0.0000014203
  0.0000032640
 -0.0000013016
 -0.0000002902
  0.0000015713
 -0.0000008593
 -0.0000078674
 -0.0000169992
  0.0000035909
  0.0000008901
  0.0000081925
 -0.0000027287
  0.0000055252
  0.0000011044
  0.0000065301
 -0.0000002994
 -0.0000010178
 -0.0000034958
 -0.0000014247
  0.0000020922
 -0.0000119410
 -0.0000016466
  0.0000019631
  0.0000062059
 -0.0000115141
 -0.0000020125
  0.0000131686
 -0.0000086793
 -0.0000082696
  0.0000233103
  0.0000116678
 -0.0000057772
  0.0000052182
 -0.0000057630
 -0.0000031835
  0.0000008850
 -0.0000050578
 -0.0000021608
  0.0000038900
 -0.0000003367
  0.0000027638
  0.0000037940
 -0.0000017093
  0.0000022388
 -0.0000009543
 -0.0000006057
  0.0000029926
  0.0000066477
  0.0000008897
  0.0000002709
  0.0000036094
  0.0000037163
  0.0000004365
 -0.0002126116
 -0.0000075032
 -0.0000204976
  0.0000529284
 -0.0000369214
  0.0000147763
  0.0000318475
  0.0001913009
  0.0000004765
 -0.0000084868
  0.0000372011
  0.0000400346
 -0.0000160115
  0.0000119245
 -0.0000084870
 -0.0000143005
 -0.0001200897
  0.0000033975
 -0.0000117526
 -0.0000006480
  0.0000203767
 -0.0000010556
  0.0000009445
  0.0000069066
  0.0000100546
 -0.0000128171
 -0.0000031820
 -0.0000051004
  0.0000091219
 -0.0000001938
 -0.0000110211
  0.0000000628
 -0.0000063305
 -0.0000163725
  0.0000020714
 -0.0000059506
 -0.0000042458
  0.0000081136
  0.0000006962
  0.0000057560
 -0.0000052747
  0.0000033658
 -0.0000053125
 -0.0000023572
  0.0000114885
  0.0000160422
  0.0000014841
 -0.0000009939
  0.0000007140
  0.0000039074
 -0.0000012282
  0.0000034257
  0.0000202431
  0.0000001494
  0.0000033863
  0.0000006980
 -0.0000031018
 -0.0000015681
  0.0000020894
 -0.0000052931
  0.0000029225
  0.0000005132
 -0.0000295393
  0.0000520071
  0.0000859164
 -0.0001686417
 -0.0000720313
 -0.0000931172
  0.0000434892
 -0.0000040688
 -0.0000367966
  0.0000288517
  0.0001034097
 -0.0000601180
 -0.0000119812
 -0.0000033124
 -0.0000040439
  0.0000229186
 -0.0000010032
 -0.0000054633
  0.0000173818
 -0.0000024613
  0.0000145046
  0.0000002513
 -0.0000015268
 -0.0000038208
 -0.0000179826
  0.0000056852
  0.0000002501
 -0.0000005887
  0.0000003150
 -0.0000114512
 -0.0000006897
  0.0000035057
 -0.0000057793
 -0.0000000927
 -0.0000001662
  0.0000038009
 -0.0000079324
 -0.0000018187
  0.0000010271
  0.0000003758
 -0.0000004483
 -0.0000004787
 -0.0000010913
 -0.0000017740
  0.0000083679
  0.0000153115
  0.0000057105
  0.0000029884
  0.0000088923
 -0.0000028317
  0.0000106630
  0.0000029664
 -0.0000055078
  0.0000071167
  0.0000066712
  0.0000114079
 -0.0000044635
  0.0000118023
  0.0000038480
  0.0000095985
  0.0000143473
 -0.0000660480
 -0.0000678532
 -0.0002396122
  0.0000544324
 -0.0000747393
  0.0000750249
 -0.0000948753
 -0.0000794413
 -0.0000820778
  0.0000875692
  0.0000163266
  0.0000051104
  0.0000022639
  0.0000237208
 -0.0000019321
  0.0000294260
  0.0000056363
  0.0000158508
 -0.0000021393
 -0.0000039834
 -0.0000260636
  0.0000006197
 -0.0000039758
 -0.0000022499
 -0.0000008193
  0.0000051176
  0.0000001556
 -0.0000010568
 -0.0000047170
 -0.0000107703
  0.0000022117
  0.0000265788
  0.0000206213
 -0.0000075410
 -0.0000010176
 -0.0000026629
  0.0000102666
 -0.0000057918
 -0.0000016688
  0.0000422770
  0.0000010459
  0.0000125965
  0.0000062616
  0.0000066989
  0.0000127203
 -0.0000032494
 -0.0000061335
  0.0000028390
  0.0000077140
 -0.0000038521
  0.0000100006
  0.0000045295
 -0.0000039977
  0.0000022744
  0.0000012092
  0.0000066866
 -0.0000160137
  0.0000417977
 -0.0000213732
 -0.0000739064
 -0.0002334684
  0.0000523240
 -0.0000993076
  0.0000526654
 -0.0000660690
  0.0000078507
 -0.0001032779
  0.0000821057
 -0.0000078391
  0.0000011354
  0.0000051274
  0.0000235909
 -0.0000020570
 -0.0000014377
  0.0000395369
 -0.0000099206
  0.0000146483
  0.0000093480
  0.0000054450
 -0.0000143005
 -0.0000271923
  0.0000109290
  0.0000039246
 -0.0000184659
  0.0000034737
  0.0000115521
 -0.0000019535
  0.0000019755
  0.0000026697
  0.0000022195
  0.0000035200
  0.0000037485
  0.0000256506
  0.0000015335
  0.0000022335
  0.0000016456
  0.0000058842
  0.0000076618
 -0.0000124515
 -0.0000031883
  0.0000646259
  0.0000001659
  0.0000003954
  0.0000036097
 -0.0000021275
  0.0000028489
  0.0000190298
  0.0000001426
  0.0000028645
 -0.0000029110
 -0.0000016795
 -0.0000030229
  0.0000016251
 -0.0000062600
  0.0000028596
  0.0000002990
 -0.0001074673
  0.0000475042
 -0.0000585407
  0.0000070445
  0.0000303066
  0.0000023888
  0.0000466409
  0.0001365982
  0.0000893899
 -0.0000530588
 -0.0002537490
  0.0000009797
 -0.0000152582
 -0.0000038692
 -0.0000034191
  0.0000223041
 -0.0000013763
 -0.0000073669
  0.0000155947
 -0.0000129283
  0.0000095587
  0.0000008748
 -0.0000016891
 -0.0000034653
 -0.0000182191
  0.0000081558
 -0.0000115335
 -0.0000012925
  0.0000049879
 -0.0000260458
 -0.0000008358
 -0.0000004680
  0.0000033026
 -0.0000061555
 -0.0000042494
  0.0000075456
 -0.0000014851
 -0.0000049019
 -0.0000018967
  0.0000082836
 -0.0000012951
 -0.0000089737
 -0.0000040699
 -0.0000011233
 -0.0000051847
  0.0000051305
 -0.0000110555
  0.0000042686
 -0.0000019398
 -0.0000122274
 -0.0000092909
  0.0000052064
 -0.0000113002
 -0.0000119647
 -0.0000161903
 -0.0000053409
 -0.0000017871
 -0.0001291114
 -0.0001237392
 -0.0000574808
 -0.0000769507
 -0.0000084954
 -0.0000262312
  0.0000328475
 -0.0000503136
  0.0001516211
 -0.0000034731
  0.0000065471
 -0.0000165823
  0.0000125326
 -0.0000011715
  0.0000215807
 -0.0000148058
 -0.0000010390
 -0.0000159705
 -0.0000209225
 -0.0000066973
  0.0000008571
 -0.0000001224
 -0.0000079932
 -0.0000029383
  0.0000102840
  0.0000019036
 -0.0000200659
 -0.0000143407
 -0.0000068762
  0.0000036638
  0.0000543886
 -0.0000009746
 -0.0000152765
  0.0000014293
 -0.0000046891
  0.0000045281
  0.0000081494
  0.0000046437
 -0.0000026013
  0.0000110520
  0.0000064467
  0.0000085990
  0.0000056615
  0.0000096164
 -0.0000010682
  0.0000073517
  0.0000087670
  0.0000080882
  0.0000032184
  0.0000065339
 -0.0000988520
  0.0000129880
 -0.0000582547
  0.0000107205
 -0.0002126519
  0.0000975811
 -0.0001244181
  0.0000874289
  0.0001033932
 -0.0001554740
 -0.0000534405
  0.0001011086
  0.0000032993
  0.0000075644
  0.0000103365
  0.0000275725
  0.0000016018
  0.0000365604
  0.0000035434
  0.0000182466
  0.0000113979
  0.0000064763
 -0.0000002480
 -0.0000291049
  0.0000068605
  0.0000063286
 -0.0000024407
  0.0000050343
  0.0000108910
  0.0000080225
  0.0000045516
  0.0000010260
  0.0000014255
  0.0000081179
  0.0000211414
  0.0000273821
 -0.0000018077
  0.0000079193
  0.0000064915
 -0.0000093374
 -0.0000128631
  0.0000004539
 -0.0000137540
  0.0000001982
  0.0000044445
 -0.0000002452
 -0.0000050230
 -0.0000015600
 -0.0000078033
  0.0000123117
  0.0000057753
  0.0000009193
 -0.0000038635
  0.0000168035
 -0.0000000955
 -0.0000173767
 -0.0000381308
  0.0000234855
  0.0000038351
  0.0000002550
  0.0000185291
  0.0000211479
 -0.0000362375
 -0.0001165265
  0.0000067563
 -0.0000271365
  0.0000208785
  0.0000027913
 -0.0000130555
  0.0000097326
  0.0000003267
  0.0000029011
 -0.0000000893
  0.0000424434
 -0.0000114176
 -0.0000002493
  0.0000050910
  0.0000107854
  0.0000020850
 -0.0000021696
  0.0000017651
 -0.0000044859
  0.0000015983
 -0.0000100120
  0.0000034112
  0.0000855172
  0.0000113021
 -0.0000068403
  0.0000022898
  0.0000325298
  0.0000026363
 -0.0000087731
  0.0000037747
 -0.0000059714
  0.0000003543
 -0.0000044718
  0.0000015475
 -0.0000096852
 -0.0000009340
 -0.0000024885
 -0.0000083420
 -0.0000019270
  0.0000030815
  0.0000036973
 -0.0000172918
 -0.0000450283
  0.0000553143
 -0.0000886202
 -0.0000579119
 -0.0000128258
 -0.0000057042
  0.0000296174
  0.0000469717
 -0.0001341864
  0.0000384670
  0.0000073449
 -0.0000140855
 -0.0000266092
  0.0000146741
 -0.0000069124
  0.0000137712
  0.0000076864
 -0.0000067604
 -0.0000025426
 -0.0000070017
 -0.0000097992
 -0.0000038761
 -0.0000024783
  0.0000027641
 -0.0000091829
 -0.0000215005
 -0.0000032931
 -0.0000124086
 -0.0000021471
 -0.0000106807
 -0.0000032300
  0.0000868811
  0.0000055597
 -0.0000165413
 -0.0000037944
 -0.0000092380
 -0.0000111046
 -0.0000058261
  0.0000140678
  0.0000069623
  0.0000009081
  0.0000085792
  0.0000056631
 -0.0000043767
  0.0000105453
  0.0000107813
 -0.0000053161
  0.0000066391
  0.0000124317
  0.0000048032
  0.0000011369
 -0.0000007673
  0.0000080021
 -0.0001309193
  0.0000070894
 -0.0000291063
  0.0000154164
  0.0000331627
 -0.0000007285
 -0.0000384760
  0.0000404766
  0.0000051603
 -0.0000161836
  0.0000022702
  0.0000047444
  0.0000259115
 -0.0000037461
  0.0000251449
 -0.0000063858
 -0.0000004037
 -0.0000156379
 -0.0000299139
  0.0000104085
  0.0000013313
 -0.0000159776
  0.0000027586
  0.0000010836
  0.0000006634
  0.0000018945
  0.0000068409
 -0.0000006421
  0.0000189277
  0.0000127069
 -0.0000084228
  0.0000048133
  0.0000027799
  0.0000046235
 -0.0000101213
 -0.0000059216
 -0.0000035318
 -0.0000093487
  0.0000017735
 -0.0000017469
 -0.0000076991
  0.0000004601
  0.0000012452
 -0.0000064541
 -0.0000080790
  0.0000017587
  0.0000028082
 -0.0000011857
 -0.0000059808
 -0.0000949876
 -0.0000328056
  0.0000785820
  0.0000053006
  0.0000627184
 -0.0000795250
  0.0000320049
 -0.0000177825
 -0.0000312562
 -0.0000492943
  0.0000730009
 -0.0002887415
 -0.0000677427
 -0.0000056535
 -0.0000047611
  0.0000003823
  0.0000159749
 -0.0000071757
  0.0000312318
 -0.0000172071
  0.0000063905
  0.0000028801
 -0.0000035949
 -0.0000121046
 -0.0000381474
  0.0000005282
 -0.0000028285
 -0.0000037315
 -0.0000152155
 -0.0000062374
  0.0000009161
  0.0000014877
 -0.0000085993
 -0.0000092073
 -0.0000061821
  0.0000120402
 -0.0000098814
 -0.0000116040
 -0.0000022216
 -0.0000011391
 -0.0000025462
 -0.0000097830
 -0.0000089051
 -0.0000030831
  0.0000021960
 -0.0000000076
  0.0000048372
 -0.0000081302
  0.0000065726
  0.0000023303
 -0.0000103785
 -0.0000073685
  0.0000046403
 -0.0000076024
 -0.0000091773
 -0.0000149824
 -0.0000001055
  0.0000015692
  0.0000167532
  0.0000646209
  0.0000012380
 -0.0000158417
  0.0000949928
 -0.0000363209
  0.0000325944
  0.0000702235
 -0.0001419700
 -0.0000419243
 -0.0000253740
  0.0000124960
  0.0000013206
 -0.0000090211
 -0.0000061209
  0.0000057103
 -0.0000124761
  0.0000010826
  0.0000015415
  0.0000005562
 -0.0000031253
 -0.0000259443
  0.0000027213
 -0.0000212881
 -0.0000078073
 -0.0000033581
  0.0000029906
  0.0000912397
  0.0000020812
 -0.0000172773
  0.0000037868
 -0.0000122664
  0.0000119377
  0.0000725671
  0.0000401815
  0.0000647035
  0.0000560449
  0.0000431201
  0.0000756357
  0.0001159167
  0.0000471191
  0.0000855403
  0.0000277272
  0.0000402816
  0.0000700481
  0.0000851190
  0.0000300058
  0.0000607887
  0.0000667539
 -0.0000776602
 -0.0001270979
 -0.0001180383
 -0.0001926548
 -0.0000651326
 -0.0000768211
 -0.0002197518
 -0.0002453651
  0.0001173827
  0.0001573388
  0.0000036948
 -0.0000127906
  0.0000270394
  0.0001584427
  0.0000087694
  0.0000004116
  0.0000528163
  0.0000075100
  0.0000794685
  0.0000070779
  0.0000125982
  0.0000691966
  0.0000093190
  0.0001181766
  0.0000093416
  0.0000682580
  0.0000310314
  0.0000169184
  0.0000034754
 -0.0000093816
  0.0000335968
  0.0001252623
  0.0000106207
 -0.0000149214
 -0.0000342951
 -0.0000148420
 -0.0000225495
 -0.0000035592
 -0.0000160515
 -0.0000137737
  0.0000017291
 -0.0000142228
 -0.0000161217
 -0.0000144260
 -0.0000078740
  0.0000082974
 -0.0000025558
 -0.0000095522
 -0.0000134985
  0.0000053167
 -0.0000144696
 -0.0000110951
  0.0000267672
 -0.0000141044
  0.0000675393
 -0.0000003209
  0.0000118766
  0.0000263478
 -0.0000072128
 -0.0000656251
  0.0000226138
 -0.0000117032
 -0.0000195083
 -0.0000139597
  0.0000011238
 -0.0000193090
 -0.0000044448
 -0.0000003459
  0.0000215335
 -0.0000023874
  0.0000001369
  0.0000053675
  0.0000051795
 -0.0000054143
 -0.0000429357
  0.0000334519
  0.0000283984
 -0.0000044948
 -0.0000342028
  0.0000003564
  0.0000266703
 -0.0000019095
  0.0000045637
  0.0000028770
  0.0000023193
  0.0000036888
  0.0000022750
 -0.0000018325
  0.0000024227
  0.0000017908
  0.0000070380
  0.0000069814
  0.0000040566
  0.0000014819
  0.0000060346
  0.0000031544
  0.0000026736
 -0.0001050938
  0.0000350470
 -0.0000655118
  0.0000155540
  0.0000262521
 -0.0000006167
  0.0002216293
 -0.0000182364
 -0.0000316847
  0.0000529600
  0.0000022576
  0.0000371764
 -0.0000044984
  0.0000009380
  0.0000238952
 -0.0000004151
 -0.0000044387
  0.0000085121
  0.0000012318
  0.0000058326
  0.0000020027
  0.0000049409
 -0.0000168055
 -0.0000095715
 -0.0000086717
  0.0000041294
  0.0000061049
 -0.0000080567
  0.0000013421
  0.0000048212
 -0.0000088165
 -0.0000012649
  0.0000001340
 -0.0000055860
 -0.0000006010
  0.0000014596
  0.0000063443
 -0.0000118815
 -0.0000003874
 -0.0000083990
 -0.0000001929
  0.0000091488
 -0.0000036233
 -0.0000055513
 -0.0000125834
 -0.0000023300
  0.0000040600
  0.0000054324
  0.0000004338
 -0.0000012025
 -0.0000062540
  0.0000067584
  0.0000096947
  0.0000003078
 -0.0001912085
  0.0000046414
  0.0000661583
  0.0000325671
 -0.0000238547
  0.0000827239
 -0.0000127623
  0.0000134476
  0.0000542285
 -0.0001560776
  0.0000179760
  0.0000036181
  0.0000194835
 -0.0000024033
 -0.0000138048
 -0.0000181366
 -0.0000340142
  0.0000059160
 -0.0000006888
 -0.0000217397
  0.0000011431
 -0.0000040673
 -0.0000059130
 -0.0000040267
  0.0000025354
  0.0000179478
  0.0000070580
  0.0000017070
 -0.0000000292
  0.0000017961
 -0.0000069650
 -0.0000005387
 -0.0000031058
 -0.0000020524
 -0.0000057273
  0.0000040283
 -0.0000046992
 -0.0000280260
 -0.0000062613
 -0.0000141206
  0.0000122377
  0.0000008900
 -0.0000124743
 -0.0000078488
  0.0000083395
 -0.0000050520
  0.0000016681
 -0.0000522580
 -0.0001437232
 -0.0000853773
 -0.0001495299
  0.0000054411
  0.0000093991
  0.0000394748
  0.0000754462
 -0.0000111849
 -0.0000363665
 -0.0000002753
 -0.0000104443
 -0.0000206980
  0.0000088095
 -0.0000165718
 -0.0000104990
 -0.0000065354
  0.0000375289
 -0.0000189346
 -0.0000081068
  0.0000214536
  0.0000196414
 -0.0000029490
 -0.0000094023
  0.0000143436
  0.0000088212
  0.0000459926
 -0.0000098643
  0.0000285068
  0.0000219398
  0.0000246272
  0.0000333059
  0.0000282320
  0.0000116747
  0.0000233410
  0.0000342143
  0.0000413751
  0.0000348544
  0.0000323551
  0.0000326828
  0.0000399208
  0.0000237114
  0.0000275816
  0.0001101150
  0.0000183105
 -0.0000565429
 -0.0001036614
 -0.0001242676
 -0.0001083661
  0.0001474884
 -0.0000930098
 -0.0000733237
 -0.0000783673
  0.0000029601
  0.0000213430
 -0.0000013254
  0.0000382334
  0.0000005167
  0.0000491190
  0.0000432257
  0.0000000315
  0.0000345261
  0.0000242502
  0.0000040880
  0.0000211290
 -0.0000004314
  0.0000020490
  0.0000384443
  0.0000158352
  0.0001098017
  0.0000015869
  0.0000138151
  0.0000267761
  0.0000280913
  0.0000045444
  0.0001202509
  0.0000682915
  0.0000079786
 -0.0000000680
  0.0000102969
 -0.0000133644
 -0.0000028592
  0.0000018158
 -0.0000030973
  0.0000006732
  0.0000039947
 -0.0000011360
  0.0000005826
  0.0000047212
 -0.0000000704
  0.0000000199
  0.0000016472
 -0.0000036970
  0.0000003276
  0.0000002819
 -0.0000034911
  0.0000011740
  0.0000009862
 -0.0001505450
  0.0000114190
  0.0000840540
 -0.0000734990
 -0.0000560802
  0.0000371346
 -0.0000161199
  0.0002412234
 -0.0000121231
 -0.0001512900
  0.0000196435
 -0.0001301167
 -0.0000699962
 -0.0000161906
 -0.0000034968
  0.0000222644
 -0.0000069915
  0.0000104736
  0.0000022745
 -0.0000000998
  0.0000053216
 -0.0000180319
 -0.0000007140
  0.0000000538
 -0.0000065805
  0.0000052624
 -0.0000074182
 -0.0000006101
  0.0000032797
 -0.0000090553
 -0.0000005564
  0.0000136139
 -0.0000048442
 -0.0000052336
 -0.0000016529
  0.0000085113
  0.0000343294
 -0.0000369847
  0.0001233265
  0.0000639495
  0.0000808371
  0.0001558879
  0.0000013319
 -0.0001079825
  0.0001035499
 -0.0000691417
  0.0001513100
  0.0001288072
  0.0000011145
 -0.0000342220
  0.0001526833
  0.0000654083
  0.0000305486
 -0.0000495998
  0.0000137798
  0.0000125301
 -0.0000220854
 -0.0001752478
 -0.0000325415
 -0.0003399078
 -0.0000110648
  0.0000427984
  0.0001718576
  0.0001593242
  0.0000179182
  0.0000119075
  0.0001452498
 -0.0000522471
 -0.0000018589
  0.0000222787
  0.0002125695
 -0.0000074417
  0.0001169754
 -0.0000129142
 -0.0000026374
 -0.0000130478
  0.0002075934
  0.0000399523
 -0.0006009778
 -0.0000113072
  0.0001891768
  0.0001705322
  0.0001649616
  0.0000152401
 -0.0000298649
 -0.0000412108
  0.0000635603
  0.0001743503
  0.0000002579
  0.0000385606
 -0.0000047343
  0.0000033744
 -0.0000028334
 -0.0000045447
  0.0000014635
  0.0000037570
 -0.0000005938
  0.0000070614
 -0.0000060387
  0.0000024898
  0.0000031767
  0.0000006200
 -0.0000096721
 -0.0000027915
  0.0000023955
 -0.0000046489
  0.0000297168
 -0.0000930353
 -0.0000488479
  0.0000254592
 -0.0000685641
 -0.0000055249
  0.0000534603
 -0.0000442725
  0.0000201482
 -0.0000371926
  0.0000571414
  0.0000018157
 -0.0000152907
 -0.0000049906
 -0.0000065952
  0.0000206967
 -0.0000078111
  0.0000158602
 -0.0000088811
  0.0000097774
  0.0000018888
 -0.0000020389
 -0.0000164989
 -0.0000329681
  0.0000007206
 -0.0000190973
 -0.0000063938
  0.0000035687
 -0.0000284066
 -0.0000054297
 -0.0000014093
 -0.0000103929
 -0.0000024026
  0.0000161211
 -0.0000022599
 -0.0000065819
 -0.0000074686
  0.0000006160
  0.0000208889
 -0.0000009400
  0.0000004774
  0.0000024729
  0.0000028478
 -0.0000043516
  0.0000017619
  0.0000008076
 -0.0000040650
 -0.0000078696
  0.0000026674
 -0.0000080345
 -0.0000078092
 -0.0000147764
  0.0000026432
  0.0000002921
 -0.0000232194
 -0.0000776322
 -0.0001824294
  0.0000245076
  0.0000119163
  0.0000493998
 -0.0001089753
 -0.0000939834
  0.0000526909
  0.0000190418
  0.0000047205
 -0.0000117855
  0.0000151062
 -0.0000072494
  0.0000166284
  0.0000155618
 -0.0000078508
 -0.0000220453
 -0.0000139858
 -0.0000065854
 -0.0000062637
  0.0000006845
  0.0000019863
  0.0000034093
 -0.0000138389
 -0.0000049763
 -0.0000178900
 -0.0000080228
 -0.0000053010
  0.0000447323
  0.0000151161
 -0.0000123649
 -0.0000041885
  0.0000024381
  0.0000236315
  0.0001222546
  0.0000249166
  0.0000496476
  0.0000382547
  0.0000387572
  0.0000698710
  0.0001266758
  0.0000278693
  0.0000885318
  0.0000194405
  0.0000296010
  0.0000638607
  0.0000843541
  0.0000234898
  0.0000438701
  0.0000576645
 -0.0000169455
 -0.0000849642
 -0.0000733542
 -0.0000692063
 -0.0001988922
 -0.0000981199
 -0.0000952829
 -0.0005152464
 -0.0001231104
  0.0000783584
  0.0000998074
  0.0000093884
  0.0000022223
  0.0000452554
  0.0001763948
  0.0000118154
  0.0000182807
  0.0000524853
  0.0000208313
  0.0000729249
  0.0000118387
  0.0000159364
  0.0000081187
  0.0000849447
  0.0000164186
 -0.0000757956
  0.0000112248
  0.0000709819
  0.0000516315
  0.0000353086
  0.0000114875
  0.0000354855
  0.0002031103
  0.0000283118
  0.0000822506
  0.0000122809
 -0.0000004611
 -0.0000015477
 -0.0000058430
  0.0000015393
  0.0000019673
  0.0000073686
  0.0000223723
 -0.0000065435
  0.0000061264
 -0.0000019410
  0.0000015615
  0.0000046365
  0.0000064471
 -0.0000009431
  0.0000034597
 -0.0000024212
 -0.0000729657
 -0.0000474695
  0.0000250878
  0.0000266406
  0.0001957061
 -0.0000096194
 -0.0000484825
  0.0000250797
  0.0000321558
  0.0000068447
  0.0000990594
 -0.0000003946
 -0.0000109262
 -0.0000011637
  0.0000255536
 -0.0000050793
  0.0000209845
 -0.0000103468
  0.0000012678
 -0.0000044063
 -0.0000273976
  0.0000127078
  0.0000023087
 -0.0000109779
 -0.0000018931
  0.0000065664
  0.0000031989
 -0.0000019650
 -0.0000012359
 -0.0000006973
  0.0000020980
  0.0000204708
  0.0000108705
 -0.0000062531
 -0.0000046923
  0.0000043138
  0.0000058049
 -0.0000021467
 -0.0000014592
 -0.0000047076
 -0.0000034500
 -0.0000061912
 -0.0000097020
  0.0000028982
 -0.0000015818
 -0.0000063146
  0.0000013239
  0.0000019426
 -0.0000071706
 -0.0000063712
  0.0000033693
 -0.0000000419
 -0.0000034935
 -0.0000025162
  0.0000671061
 -0.0001054648
 -0.0001291816
 -0.0000538752
 -0.0001195123
 -0.0000097398
  0.0000098675
  0.0000196756
 -0.0000456137
  0.0000994832
 -0.0000038978
  0.0000053005
  0.0000012083
  0.0000178146
 -0.0000102387
  0.0000329254
 -0.0000054841
 -0.0000096936
 -0.0000109691
 -0.0000364499
  0.0000037152
 -0.0000063113
 -0.0000133828
 -0.0000027279
 -0.0000076021
 -0.0000127148
 -0.0000072072
 -0.0000046119
 -0.0000073581
 -0.0000038562
  0.0000155708
 -0.0000062288
 -0.0000013227
 -0.0000051308
 -0.0000024880
 -0.0000035989
 -0.0000028011
 -0.0000058769
 -0.0000034407
 -0.0000030688
 -0.0000004967
 -0.0000024507
 -0.0000036489
  0.0000063573
 -0.0000029476
 -0.0000010595
 -0.0000032496
 -0.0000004968
 -0.0000078160
 -0.0000027466
  0.0000503645
 -0.0001389951
 -0.0001330789
  0.0000261673
  0.0001926757
 -0.0000626512
 -0.0000008726
 -0.0000555900
 -0.0000120122
  0.0000216544
 -0.0000231842
  0.0000778729
  0.0000248443
 -0.0000136867
 -0.0000098849
 -0.0000052371
  0.0000185080
 -0.0000027167
 -0.0000085890
  0.0000138183
 -0.0000114740
  0.0000087719
 -0.0000020287
 -0.0000038109
  0.0000014357
 -0.0000201791
  0.0000003028
 -0.0000100421
 -0.0000034575
  0.0000013793
 -0.0000060034
 -0.0000023309
 -0.0000053761
 -0.0000006751
 -0.0000095479
 -0.0000051800
 -0.0000039554
  0.0000019706
 -0.0000050224
 -0.0000051271
  0.0000051814
 -0.0000007969
  0.0000074691
 -0.0000019392
 -0.0000054447
  0.0000003458
 -0.0000121803
  0.0000091163
  0.0000062350
 -0.0000054036
  0.0000014202
  0.0000076337
 -0.0000006052
 -0.0000093221
  0.0000031647
  0.0000055950
 -0.0001528978
 -0.0000117364
  0.0000167729
  0.0000163856
  0.0000515042
  0.0000004241
  0.0000357706
 -0.0000160634
 -0.0000086018
 -0.0000657696
 -0.0000132301
 -0.0001302483
  0.0000105673
 -0.0000135632
 -0.0000032998
 -0.0000038173
  0.0000218779
 -0.0000078202
 -0.0000073183
  0.0000289034
  0.0000022367
  0.0000160876
  0.0000029819
  0.0000007214
 -0.0000220677
 -0.0000318222
  0.0000032841
 -0.0000216638
 -0.0000032904
  0.0000063578
 -0.0000042778
 -0.0000015636
 -0.0000010989
  0.0000027289
 -0.0000079221
 -0.0000012283
  0.0000178599
 -0.0000042060
 -0.0000039726
 -0.0000026074
  0.0000019324
  0.0000172448
 -0.0000231573
 -0.0000216960
 -0.0000083477
 -0.0000147561
 -0.0000141559
 -0.0000121466
 -0.0000005890
 -0.0000214324
 -0.0000124983
 -0.0000170420
 -0.0000203390
 -0.0000142506
 -0.0000012725
 -0.0000157367
 -0.0000113409
 -0.0000077918
  0.0000302496
  0.0000870496
  0.0000291826
 -0.0000971505
  0.0001021382
 -0.0000784478
 -0.0000857762
  0.0002960051
  0.0000641017
  0.0000123358
  0.0000115348
  0.0000531531
  0.0000054961
  0.0000121666
  0.0000127627
  0.0000119192
 -0.0000011789
  0.0000050126
  0.0000084611
  0.0000251156
  0.0000591533
  0.0000326186
  0.0000074087
  0.0000052354
 -0.0000118248
 -0.0000191319
  0.0000126966
  0.0000698625
  0.0000805735
  0.0000071637
  0.0000202206
  0.0000434142
  0.0000118838
  0.0000029307
  0.0000070436
  0.0000148434
 -0.0000027951
 -0.0000362258
  0.0000086738
 -0.0000065993
  0.0000223106
  0.0000132107
  0.0000043578
  0.0000016820
  0.0000168014
  0.0000051629
 -0.0000051498
 -0.0000790873
 -0.0000822184
 -0.0001980423
 -0.0001335981
 -0.0001257581
 -0.0001009251
 -0.0002090748
  0.0000252151
  0.0000615758
  0.0000053999
 -0.0000079894
  0.0000298123
  0.0000314502
  0.0000044154
  0.0000067270
  0.0000235809
  0.0000804833
 -0.0000038608
 -0.0000024801
 -0.0000000566
 -0.0000034505
  0.0000589126
  0.0000073524
  0.0001161690
  0.0000007036
  0.0000375601
  0.0000398337
  0.0000107611
  0.0000077120
  0.0000774729
  0.0000470738
  0.0000085650
  0.0000385528
  0.0000028830
  0.0000119577
  0.0000145396
  0.0000062019
  0.0000145189
  0.0000084764
  0.0000061636
  0.0000028359
  0.0000151580
 -0.0000001517
  0.0000092491
  0.0000110022
 -0.0000044956
  0.0000080444
  0.0000146956
  0.0000148886
 -0.0000032143
  0.0001027664
 -0.0000118180
 -0.0000778456
 -0.0000415692
 -0.0000604610
 -0.0000929740
 -0.0000602619
  0.0000604082
 -0.0000352825
 -0.0000342452
 -0.0000338590
  0.0000271680
  0.0000114082
 -0.0000134313
  0.0000248770
  0.0000173235
  0.0000211181
  0.0000012830
  0.0000235943
  0.0000076693
 -0.0000101957
  0.0000069078
 -0.0000033173
  0.0000094484
  0.0000078099
  0.0000162504
  0.0000082798
  0.0000117891
 -0.0000117680
  0.0000139047
 -0.0000068553
  0.0000129438
 -0.0000032034
  0.0000646355
 -0.0000034080
 -0.0000055389
  0.0000122194
  0.0000106247
  0.0000208496
  0.0000102423
 -0.0000106928
 -0.0000118561
 -0.0000002175
 -0.0000005202
 -0.0000008341
  0.0000004063
 -0.0000015735
 -0.0000059320
 -0.0000007503
 -0.0000022077
 -0.0000006069
  0.0000033611
  0.0000000743
 -0.0000024951
  0.0000024762
  0.0000000426
 -0.0000004182
  0.0000293002
  0.0000567184
  0.0001090660
 -0.0001038647
 -0.0002001135
  0.0000388875
 -0.0000470311
 -0.0000563659
  0.0000394041
 -0.0000888079
  0.0000281381
  0.0001097512
 -0.0000304325
 -0.0000028150
 -0.0000076284
 -0.0000029703
  0.0000195799
 -0.0000059725
 -0.0000030269
  0.0000134712
 -0.0000205600
  0.0000032711
  0.0000019915
  0.0000025805
  0.0000034149
 -0.0000195729
 -0.0000019558
  0.0000076489
 -0.0000034976
  0.0000000150
 -0.0000027534
 -0.0000101602
 -0.0000016386
  0.0000046239
 -0.0000181034
  0.0000012696
 -0.0000025039
  0.0000011413
 -0.0000051573
 -0.0000006607
  0.0000040316
 -0.0000093165
 -0.0000007157
 -0.0000015330
 -0.0000032967
  0.0000005322
  0.0000022205
 -0.0000026110
 -0.0000037442
 -0.0000036169
  0.0000026741
 -0.0000180084
 -0.0000339491
 -0.0000041261
 -0.0000222874
  0.0000133922
 -0.0000009326
 -0.0000156584
 -0.0000197294
  0.0000093373
 -0.0000032762
 -0.0000051453
  0.0000242030
  0.0000449509
 -0.0000611791
  0.0000329370
 -0.0000396663
 -0.0001170481
 -0.0000463017
  0.0000156680
  0.0000506939
  0.0000049252
 -0.0000108839
 -0.0000009713
  0.0000015985
  0.0000044321
  0.0000098208
 -0.0000168049
  0.0000016347
  0.0000039655
  0.0000396823
  0.0000028035
 -0.0000133641
  0.0000035564
  0.0000205406
  0.0000218444
 -0.0000032961
  0.0000054522
  0.0000530605
  0.0000178906
  0.0000275639
  0.0000038792
 -0.0000172275
 -0.0000065799
 -0.0000073795
  0.0000009166
  0.0000012393
  0.0000008360
  0.0000003505
 -0.0000002390
 -0.0000047077
  0.0000012735
  0.0000002919
 -0.0000004467
 -0.0000009119
  0.0000016257
  0.0000020035
 -0.0000033781
  0.0000007291
  0.0000008904
  0.0000544965
 -0.0000670866
 -0.0000548481
  0.0000265653
 -0.0000124217
  0.0000527750
 -0.0000242625
  0.0000534245
 -0.0000531803
  0.0001164903
 -0.0000131595
 -0.0000053810
 -0.0000052861
  0.0000003351
  0.0000199903
 -0.0000017702
  0.0000014139
  0.0000154265
 -0.0000036027
  0.0000156413
  0.0000020001
  0.0000026317
 -0.0000043269
 -0.0000157067
 -0.0000006972
 -0.0000098452
  0.0000027406
 -0.0000020950
 -0.0000018484
 -0.0000127712
  0.0000015826
  0.0000042313
 -0.0000150536
 -0.0000007884
 -0.0000005997
  0.0000028629
 -0.0000072518
 -0.0000009226
  0.0000024117
  0.0000072346
  0.0000004657
 -0.0000025405
 -0.0000015952
  0.0000002151
  0.0000037030
 -0.0000012269
 -0.0000153395
 -0.0000010933
 -0.0000008879
 -0.0000026504
 -0.0000081627
 -0.0000031552
 -0.0000108210
  0.0000031441
  0.0000026610
 -0.0000053737
 -0.0000063444
  0.0000087578
 -0.0000014211
 -0.0000209182
 -0.0000039297
 -0.0000932980
 -0.0000725154
 -0.0000391629
  0.0000361488
 -0.0000670707
  0.0000836278
  0.0001436366
 -0.0000327203
 -0.0000466802
 -0.0000285506
  0.0000116988
  0.0000000433
 -0.0000035972
  0.0000111831
  0.0000067658
 -0.0000004115
 -0.0000036795
  0.0000139550
 -0.0000127494
 -0.0000015127
 -0.0000030141
  0.0000043487
 -0.0000101796
 -0.0000270210
 -0.0000008282
 -0.0000133609
 -0.0000041122
 -0.0000129552
  0.0000033362
  0.0001001122
  0.0000024980
 -0.0000049400
 -0.0000186507
  0.0000003656
 -0.0000022714
  0.0000016842
 -0.0000030968
 -0.0000097154
  0.0000076798
  0.0000010522
  0.0000021059
  0.0000026008
 -0.0000028193
 -0.0000117680
 -0.0000024815
  0.0000066191
 -0.0000000581
 -0.0000042249
  0.0000014456
 -0.0001417684
 -0.0000230998
  0.0000230513
  0.0000100264
 -0.0000281425
  0.0000153387
  0.0000542565
 -0.0000422338
  0.0000419566
  0.0000182427
 -0.0000003298
  0.0000196116
  0.0000011550
  0.0000338195
  0.0000024930
 -0.0000072599
 -0.0000302144
  0.0000052744
  0.0000028582
 -0.0000096635
 -0.0000243219
  0.0000044156
 -0.0000050376
 -0.0000082584
 -0.0000025597
  0.0000065937
  0.0000237552
  0.0000025262
 -0.0000018040
  0.0000033584
  0.0000019928
  0.0000039047
  0.0000050508
 -0.0000021031
 -0.0000024135
 -0.0000043379
  0.0000033922
  0.0000013298
 -0.0000034411
 -0.0000003205
 -0.0000021960
 -0.0000048305
 -0.0000071977
  0.0000023041
 -0.0000018419
  0.0000009715
  0.0000263126
 -0.0000181615
  0.0000716907
  0.0000002688
  0.0000107492
  0.0000183231
 -0.0000105983
 -0.0000364542
 -0.0000243432
  0.0000058195
 -0.0000162690
 -0.0000032577
 -0.0000035850
  0.0000571147
 -0.0000004872
  0.0000031481
  0.0000041687
  0.0000041013
  0.0000002884
 -0.0000132230
  0.0000056095
 -0.0000092019
  0.0000005486
  0.0000046360
  0.0000923022
  0.0000170960
 -0.0000133003
  0.0000037778
  0.0000464499
  0.0000021166
  0.0000099089
 -0.0000355422
 -0.0000093928
  0.0000044981
  0.0000635776
  0.0000055978
 -0.0000022030
  0.0000107425
 -0.0001492352
  0.0000050109
 -0.0000031137
  0.0000059576
 -0.0000061801
 -0.0000169823
 -0.0000129167
 -0.0000020644
  0.0000016268
 -0.0000229499
 -0.0000008615
 -0.0000038389
  0.0000316685
 -0.0000017780
 -0.0000285082
  0.0000004833
 -0.0000023448
 -0.0000180545
 -0.0000004072
  0.0000035281
 -0.0000211010
  0.0000019108
 -0.0000009657
 -0.0000020949
 -0.0000268939
  0.0000084535
 -0.0000018300
 -0.0000233440
  0.0000048761
 -0.0000080963
 -0.0000114033
 -0.0000027178
 -0.0000002783
 -0.0000186854
 -0.0000237315
 -0.0000100053
 -0.0000014583
  0.0000061272
 -0.0000010253
  0.0000027048
  0.0000474773
  0.0000009901
 -0.0000005893
 -0.0000335228
  0.0000524749
 -0.0000123608
  0.0000178176
 -0.0000034466
 -0.0000057703
  0.0000132212
 -0.0001168963
 -0.0000003079
 -0.0000014913
  0.0000100381
 -0.0000120725
 -0.0000160992
  0.0000065589
  0.0000012867
 -0.0000138628
  0.0000110094
 -0.0000034650
  0.0000274892
 -0.0000225741
 -0.0000376683
 -0.0000001678
 -0.0000037709
 -0.0000063589
 -0.0000023017
  0.0000015051
 -0.0000078159
 -0.0000017650
 -0.0000012431
  0.0000011397
 -0.0000208633
  0.0000019536
 -0.0000066309
 -0.0000273685
 -0.0000020194
 -0.0000079576
 -0.0000112013
 -0.0000025495
  0.0000073903
 -0.0000177155
 -0.0000332937
  0.0000004583
 -0.0000067942
 -0.0000017077
  0.0000020281
  0.0000018568
  0.0000423157
  0.0000039609
  0.0000034994
 -0.0000100209
 -0.0000343114
  0.0000510053
  0.0000013795
  0.0000204669
 -0.0000001786
 -0.0000034251
  0.0000093938
 -0.0001194106
 -0.0000013301
 -0.0000052933
  0.0000035839
 -0.0000125054
  0.0000106133
  0.0000000287
 -0.0000087079
 -0.0000011247
 -0.0000052671
  0.0000281392
 -0.0000209629
 -0.0000276033
  0.0000002345
 -0.0000018194
 -0.0000074543
 -0.0000012129
  0.0000011358
 -0.0000058054
 -0.0000009551
 -0.0000044558
  0.0000034501
 -0.0000254038
  0.0000091963
 -0.0000006622
 -0.0000321710
 -0.0000010991
 -0.0000063374
 -0.0000139874
 -0.0000038091
  0.0000011538
 -0.0000189323
 -0.0000319507
  0.0000085370
 -0.0000018478
  0.0000046739
 -0.0000015496
  0.0000016844
  0.0000425269
 -0.0000022876
  0.0000070909
 -0.0000538794
 -0.0000089009
 -0.0000117196
  0.0000584721
  0.0000053564
  0.0000111632
 -0.0001536751
 -0.0000055669
  0.0000088317
 -0.0000009570
  0.0000184437
 -0.0000331651
 -0.0000129059
  0.0000020768
  0.0000019170
 -0.0000197775
  0.0000009929
 -0.0000051493
  0.0000344458
  0.0000002293
 -0.0000223725
  0.0000005875
 -0.0000025808
 -0.0000190881
 -0.0000006766
  0.0000022689
 -0.0000213071
 -0.0000006013
 -0.0000010780
 -0.0000005259
 -0.0000319951
  0.0000071193
 -0.0000019510
 -0.0000063507
  0.0000039224
 -0.0000057888
 -0.0000122277
 -0.0000004547
  0.0000001494
 -0.0000189027
 -0.0000451497
 -0.0000056503
 -0.0000031433
  0.0000030802
 -0.0000029461
  0.0000032535
  0.0000626990
 -0.0000008258
 -0.0000012364
 -0.0000559550
  0.0000813519
  0.0000055943
  0.0000202206
  0.0000000385
  0.0000045314
 -0.0000030984
 -0.0001054730
 -0.0000008097
 -0.0000010943
 -0.0000148664
  0.0000032539
 -0.0000132205
  0.0000053472
  0.0000001488
 -0.0000128531
  0.0000031427
  0.0000009898
  0.0000303379
 -0.0000054905
 -0.0000226498
  0.0000047082
 -0.0000037868
 -0.0000042231
  0.0000006311
  0.0000016100
 -0.0000135481
  0.0000031444
 -0.0000006569
  0.0000014080
 -0.0000113323
  0.0000094245
  0.0000008141
 -0.0000254570
  0.0000025017
 -0.0000098127
 -0.0000090549
 -0.0000016244
 -0.0000017968
 -0.0000182419
 -0.0000128519
 -0.0000031475
 -0.0000001100
  0.0000031387
  0.0000012300
  0.0000001752
  0.0000291718
  0.0000036348
 -0.0000075098
 -0.0000608673
  0.0001364510
  0.0000090984
 -0.0000596810
  0.0000007762
 -0.0000013730
  0.0000013925
 -0.0000787796
 -0.0000011105
 -0.0000231040
  0.0000020802
 -0.0000064897
 -0.0000159464
  0.0000103073
 -0.0000035366
 -0.0000001212
 -0.0000061531
 -0.0000079341
  0.0000362430
  0.0000073981
 -0.0000203070
 -0.0000018004
  0.0000046487
 -0.0000043908
  0.0000052452
 -0.0000000211
 -0.0000139843
 -0.0000012595
  0.0000008339
 -0.0000023965
 -0.0000073740
  0.0000130254
 -0.0000020802
 -0.0000499321
 -0.0000005072
 -0.0000119215
 -0.0000089884
  0.0000079563
 -0.0000022813
 -0.0000206408
 -0.0000002463
 -0.0000125204
 -0.0000015483
 -0.0000025769
 -0.0000029119
 -0.0000023629
  0.0000455503
 -0.0000016167
  0.0000124466
 -0.0000439243
  0.0000242194
 -0.0000065359
  0.0000324817
 -0.0000033494
  0.0000024164
 -0.0001334813
 -0.0000058538
 -0.0000124470
 -0.0000059916
 -0.0000058402
 -0.0000164134
 -0.0000131744
  0.0000045543
  0.0000009961
 -0.0000129859
  0.0000024193
 -0.0000005937
  0.0000277290
 -0.0000137441
 -0.0000294562
 -0.0000007725
 -0.0000028132
 -0.0000074420
 -0.0000029679
  0.0000012272
 -0.0000096190
  0.0000018412
 -0.0000039964
  0.0000012794
 -0.0000233196
  0.0000048020
 -0.0000098000
 -0.0000228464
 -0.0000060360
 -0.0000082211
 -0.0000108487
 -0.0000042940
  0.0000130455
 -0.0000134984
 -0.0000219950
 -0.0000019653
 -0.0000063161
  0.0000002734
  0.0000052277
  0.0000015830
  0.0000450857
  0.0000071272
 -0.0000079081
 -0.0000606086
  0.0001264767
  0.0000155706
 -0.0000105728
  0.0000049133
  0.0000017609
  0.0000069106
 -0.0001071141
  0.0000050777
 -0.0000166807
  0.0000151159
 -0.0000026610
 -0.0000096297
  0.0000120846
 -0.0000003791
 -0.0000119385
  0.0000059247
  0.0000031162
  0.0000313078
 -0.0000115519
 -0.0000296949
  0.0000032705
 -0.0000035356
 -0.0000018826
 -0.0000019715
  0.0000008955
 -0.0000061629
  0.0000049266
 -0.0000051263
  0.0000008477
 -0.0000031767
  0.0000085649
 -0.0000047514
 -0.0000459674
 -0.0000014807
 -0.0000106453
 -0.0000095204
 -0.0000005182
  0.0000089240
 -0.0000120373
 -0.0000184062
  0.0000037692
 -0.0000077613
  0.0000024244
  0.0000046853
  0.0000002130
  0.0000218928
  0.0000008424
 -0.0000011852
 -0.0000221705
 -0.0000335426
 -0.0000288687
  0.0000602880
 -0.0000015734
  0.0000041546
 -0.0001606195
  0.0000033968
 -0.0000114276
  0.0000011995
  0.0000426695
 -0.0000381053
 -0.0000121856
  0.0000074202
 -0.0000000799
 -0.0000172946
  0.0000052500
 -0.0000029197
  0.0000217616
  0.0000098175
 -0.0000189008
 -0.0000041628
 -0.0000067742
 -0.0000461274
  0.0000019639
  0.0000008738
 -0.0000140791
  0.0000005236
  0.0000052664
 -0.0000018549
 -0.0000216685
  0.0000009870
  0.0000000739
 -0.0000195953
  0.0000011342
 -0.0000104184
 -0.0000151926
 -0.0000209183
  0.0000007137
 -0.0000162954
 -0.0000468151
  0.0000031010
 -0.0000024019
  0.0000052264
 -0.0000063246
  0.0000070517
  0.0000426938
 -0.0000014086
 -0.0000145103
 -0.0000382109
 -0.0000066725
 -0.0000068330
  0.0000636735
 -0.0000073026
 -0.0000051202
 -0.0000124443
 -0.0001517316
 -0.0000022127
 -0.0000014529
  0.0000145042
  0.0000155381
 -0.0000116125
  0.0000059785
 -0.0000004058
 -0.0000178673
  0.0000115915
 -0.0000015500
  0.0000329459
 -0.0000019029
 -0.0000233883
 -0.0000002568
 -0.0000030218
 -0.0000194007
  0.0000005125
  0.0000035845
 -0.0000225683
 -0.0000007108
  0.0000026595
 -0.0000034021
 -0.0000316537
  0.0000133732
 -0.0000001805
 -0.0000243184
  0.0000023352
 -0.0000053334
 -0.0000121887
 -0.0000018006
  0.0000012881
 -0.0000160042
 -0.0000243782
 -0.0000029821
  0.0000008788
  0.0000037298
 -0.0000002118
  0.0000049845
  0.0000326892
  0.0000048015
 -0.0000055428
 -0.0000452717
  0.0000910631
  0.0000041990
  0.0000065705
 -0.0000027691
  0.0000032004
  0.0000019337
 -0.0001082598
 -0.0000030866
 -0.0000121683
  0.0000087389
 -0.0000060296
 -0.0000107568
  0.0000133952
  0.0000020903
 -0.0000092969
  0.0000013628
 -0.0000018235
  0.0000347178
 -0.0000078967
 -0.0000219872
 -0.0000000014
 -0.0000018872
 -0.0000077384
 -0.0000014407
  0.0000023224
 -0.0000158121
  0.0000013510
 -0.0000035241
  0.0000030127
 -0.0000192048
  0.0000058886
 -0.0000031141
 -0.0000355954
 -0.0000001528
 -0.0000073233
 -0.0000107069
  0.0000011621
  0.0000018719
 -0.0000178765
 -0.0000145849
  0.0000006321
 -0.0000048152
  0.0000000634
 -0.0000054556
  0.0000026858
  0.0000293395
  0.0000034301
 -0.0000030295
 -0.0000059586
 -0.0000496150
  0.0001087722
  0.0000041196
 -0.0000170317
  0.0000022525
  0.0000059097
  0.0000056730
 -0.0001010268
 -0.0000081968
  0.0000219687
 -0.0000036056
 -0.0000095199
  0.0000044099
  0.0000007740
 -0.0000136397
  0.0000020594
  0.0000026924
  0.0000284869
 -0.0000201666
 -0.0000249774
  0.0000015870
 -0.0000026917
 -0.0000040920
 -0.0000022468
  0.0000006532
 -0.0000164966
  0.0000046623
 -0.0000047008
  0.0000012744
 -0.0000119379
  0.0000088121
 -0.0000049005
 -0.0000381868
 -0.0000017511
 -0.0000104235
 -0.0000101972
 -0.0000029135
  0.0000077330
 -0.0000122638
 -0.0000275941
 -0.0000040811
 -0.0000043733
  0.0000028458
  0.0000067578
  0.0000025065
  0.0000341334
  0.0000033394
  0.0000007422
 -0.0000038701
 -0.0000395576
  0.0000215998
  0.0000594204
  0.0000031877
  0.0000081301
 -0.0001593972
  0.0000030528
  0.0000133936
  0.0000044177
  0.0000368271
 -0.0000546726
 -0.0000058853
 -0.0000130358
  0.0000070808
  0.0000008606
 -0.0000142528
  0.0000111384
 -0.0000009921
  0.0000210346
  0.0000089858
 -0.0000214663
 -0.0000022920
 -0.0000040119
 -0.0000428566
  0.0000010594
  0.0000023005
 -0.0000145386
 -0.0000003703
  0.0000042342
 -0.0000054008
 -0.0000221727
  0.0000042912
 -0.0000001378
 -0.0000159439
  0.0000008457
 -0.0000085958
 -0.0000158564
 -0.0000172963
 -0.0000005325
 -0.0000168714
 -0.0000481744
  0.0000020565
  0.0000008520
  0.0000061879
 -0.0000010809
  0.0000070703
  0.0000397694
  0.0000017366
  0.0000000474
 -0.0000088893
 -0.0000502202
  0.0000685509
  0.0000031397
  0.0000190440
  0.0000020719
  0.0000050362
 -0.0000037395
 -0.0001157359
 -0.0000029249
  0.0000043319
 -0.0000076284
 -0.0000129611
  0.0000060092
  0.0000007067
 -0.0000124193
  0.0000054359
 -0.0000024138
  0.0000280275
 -0.0000247425
 -0.0000285574
  0.0000002562
 -0.0000023943
 -0.0000071599
 -0.0000009733
  0.0000024783
 -0.0000063287
  0.0000027131
 -0.0000015677
 -0.0000017860
 -0.0000255252
  0.0000103110
 -0.0000020737
 -0.0000447981
  0.0000052875
 -0.0000073131
 -0.0000133756
 -0.0000036236
 -0.0000013791
 -0.0000188999
 -0.0000324023
  0.0000090313
 -0.0000028352
  0.0000062338
 -0.0000017366
  0.0000016091
  0.0000477407
  0.0000027049
  0.0000006469
  0.0000057713
 -0.0000625894
  0.0000871824
  0.0000053359
  0.0000243544
 -0.0000004222
  0.0000064677
 -0.0000039649
 -0.0001209351
 -0.0000009680
 -0.0000017634
  0.0000056437
 -0.0000155172
  0.0000087520
  0.0000013721
 -0.0000124589
  0.0000047522
 -0.0000013632
  0.0000341372
 -0.0000239232
 -0.0000359755
  0.0000001636
 -0.0000027329
 -0.0000070189
 -0.0000023700
  0.0000015873
 -0.0000139049
  0.0000008920
 -0.0000028862
  0.0000014430
 -0.0000220078
  0.0000003866
 -0.0000049352
 -0.0000445014
 -0.0000005916
 -0.0000078516
 -0.0000114886
  0.0000017798
  0.0000035033
 -0.0000185528
 -0.0000328904
  0.0000014299
 -0.0000080647
 -0.0000027632
 -0.0000023488
  0.0000019566
  0.0000250027
  0.0000253851
  0.0000811185
  0.0001220489
  0.0001669547
  0.0000008453
  0.0001525791
  0.0000828146
  0.0000703779
  0.0000652977
  0.0002977599
 -0.0000333126
 -0.0001132112
  0.0000400951
 -0.0000506951
  0.0001056483
 -0.0002206251
 -0.0000059786
 -0.0001034401
 -0.0001677014
 -0.0001681701
  0.0000583968
  0.0000558736
 -0.0001122382
 -0.0000729462
  0.0000042806
  0.0002238601
 -0.0001665569
  0.0000263302
  0.0002292189
 -0.0000311421
  0.0000184590
 -0.0000366834
 -0.0000117555
 -0.0000080893
 -0.0000057985
  0.0000145109
 -0.0000144714
 -0.0000026755
  0.0000045754
  0.0000264213
 -0.0000083561
 -0.0000112863
 -0.0000107757
  0.0000193216
 -0.0000005427
 -0.0000058693
  0.0000187285
 -0.0000063468
  0.0000106050
 -0.0000210961
 -0.0000188512
 -0.0000351555
  0.0000110492
  0.0000105938
  0.0000040758
 -0.0000082329
 -0.0000011124
  0.0000103653
  0.0000074894
  0.0000104981
  0.0000048327
 -0.0000076228
  0.0000040328
  0.0000016930
  0.0000020444
  0.0000024509
  0.0000266505
  0.0002853501
  0.0000022488
 -0.0000243138
  0.0000210993
  0.0000014283
 -0.0000032082
  0.0000086175
 -0.0000205122
 -0.0000115129
 -0.0000041855
  0.0000191467
 -0.0000154797
  0.0000018953
  0.0000092491
  0.0000053747
 -0.0000057083
 -0.0000130718
 -0.0000018852
 -0.0000074923
 -0.0000072807
  0.0000156418
  0.0000073334
 -0.0000149282
 -0.0000008874
  0.0000074535
 -0.0000022401
 -0.0000144656
 -0.0000066380
 -0.0000011137
  0.0000026073
  0.0000041312
  0.0000334473
 -0.0000120442
 -0.0000089346
  0.0000001490
  0.0000042289
  0.0000041135
  0.0000035381
 -0.0000351807
 -0.0000079606
 -0.0000171883
 -0.0000523732
  0.0000346351
  0.0000361053
  0.0000498754
 -0.0000246280
 -0.0000325850
 -0.0000160737
 -0.0000095084
 -0.0000302284
 -0.0000474760
  0.0000584278
 -0.0000252130
  0.0000089618
 -0.0000169341
 -0.0000043672
 -0.0000508888
  0.0000007297
  0.0000393885
 -0.0000036449
  0.0000173368
  0.0000481109
 -0.0000093196
 -0.0000088071
 -0.0000272881
  0.0000017154
 -0.0000098129
 -0.0000088829
 -0.0000075759
  0.0000378101
  0.0000744889
  0.0000613320
  0.0000653631
  0.0000545474
 -0.0000130174
 -0.0000319830
 -0.0000390624
 -0.0000210065
 -0.0000025298
 -0.0000294203
 -0.0000152753
 -0.0000274661
 -0.0000010140
 -0.0000396284
 -0.0000147612
 -0.0000206765
 -0.0000241701
 -0.0000341484
 -0.0000130734
 -0.0000145348
 -0.0000271978
 -0.0000119902
 -0.0000158113
 -0.0000031678
  0.0000099828
 -0.0000068228
 -0.0000170577
 -0.0000062106
  0.0001106620
  0.0004561153
 -0.0000074504
  0.0002212702
  0.0003304966
 -0.0012468540
 -0.0003192923
 -0.0002035883
 -0.0004032856
 -0.0000420438
 -0.0000749949
 -0.0002273656
 -0.0002654637
 -0.0013666557
  0.0000093990
 -0.0001029168
 -0.0000693539
 -0.0000074201
 -0.0000326877
 -0.0007255627
 -0.0008036267
 -0.0004922427
  0.0002757594
 -0.0000659264
 -0.0010185262
 -0.0004395141
 -0.0009091757
 -0.0000915074
 -0.0000732969
 -0.0005772088
 -0.0000814755
 -0.0009189865
  0.0000075279
 -0.0000038359
 -0.0000550146
 -0.0000174376
  0.0000044858
  0.0000105937
  0.0000192604
 -0.0000002014
  0.0000007279
  0.0000046842
 -0.0000282547
 -0.0000010239
  0.0000202051
 -0.0000152069
 -0.0000013227
  0.0000152983
  0.0000233535
 -0.0000116179
  0.0000064616
  0.0000023519
  0.0000173214
  0.0000136097
  0.0000380897
  0.0000225453
  0.0000004334
 -0.0000437518
  0.0000285619
  0.0000072205
  0.0000247034
  0.0000007879
  0.0000007887
  0.0002976496
  0.0001946819
  0.0003033463
  0.0001493506
  0.0001958381
 -0.0001446837
 -0.0005659313
 -0.0000527476
 -0.0000623244
  0.0000493023
 -0.0000377228
  0.0001479760
 -0.0002166714
  0.0001889366
  0.0000733071
  0.0000380866
  0.0001170556
  0.0001038204
  0.0003399677
 -0.0000937743
 -0.0000727217
  0.0000532856
  0.0003569715
  0.0001953012
  0.0002165340
 -0.0000130629
 -0.0006973169
 -0.0001031945
  0.0000061422
 -0.0001494122
 -0.0000090257
 -0.0000295537
 -0.0000097007
 -0.0000160580
 -0.0000155012
  0.0000011957
  0.0000078475
  0.0000071483
 -0.0000358172
 -0.0000071419
 -0.0000144386
 -0.0000060090
 -0.0000035130
 -0.0000009873
 -0.0000031642
 -0.0000320270
  0.0000033579
  0.0000380565
  0.0000400944
 -0.0000154525
  0.0000005832
 -0.0000052992
 -0.0000101759
 -0.0000114323
 -0.0000288553
  0.0000082070
  0.0000115947
 -0.0000069057
  0.0000227668
 -0.0000277891
  0.0000294850
  0.0000073450
 -0.0000045963
 -0.0000097267
 -0.0000092462
 -0.0000027391
  0.0000048049
  0.0000371611
 -0.0000112554
  0.0000001659
  0.0000058938
  0.0000170815
 -0.0000159599
 -0.0000017992
  0.0000119173
  0.0000000101
 -0.0000019305
  0.0000059735
 -0.0000094266
  0.0000176090
  0.0000107830
 -0.0000043713
 -0.0000193053
  0.0000008249
  0.0000140235
 -0.0000053181
 -0.0000098692
  0.0000190743
  0.0000140367
  0.0000032579
  0.0000317866
  0.0000031496
  0.0000083964
  0.0000021514
  0.0000016697
  0.0000047370
  0.0000161077
  0.0000120062
 -0.0000120326
  0.0000289276
  0.0000420439
 -0.0000302736
  0.0000171076
  0.0000343862
  0.0000299650
  0.0000279368
  0.0000018677
  0.0000408388
  0.0000245732
  0.0000265735
  0.0000250281
  0.0000358668
  0.0000313154
  0.0000231622
  0.0000289104
  0.0001734980
  0.0000537261
  0.0000277622
  0.0000491444
  0.0000247372
  0.0000323149
  0.0000352618
  0.0000260470
  0.0000293920
 -0.0000029357
 -0.0000261825
  0.0003251377
  0.0000593848
  0.0000859423
  0.0000454608
  0.0000545166
 -0.0001078936
  0.0002277928
  0.0000360544
 -0.0001085634
  0.0000445528
  0.0000494964
 -0.0001530748
  0.0000842330
  0.0000472554
 -0.0002572688
 -0.0001761141
  0.0000543252
  0.0000910575
  0.0000540264
  0.0000657104
 -0.0000031994
  0.0000016415
 -0.0000242235
  0.0000028510
  0.0000050728
 -0.0000000845
 -0.0000043438
  0.0000093387
  0.0000165188
  0.0000004244
 -0.0000164022
 -0.0000101334
  0.0000022251
 -0.0000131804
 -0.0000139251
 -0.0000152533
  0.0000017222
  0.0000071423
  0.0000156849
 -0.0000073919
 -0.0000173320
  0.0000052881
  0.0000167174
  0.0000006754
 -0.0000166640
 -0.0000104992
 -0.0000008938
  0.0000200521
  0.0000054644
  0.0000355444
 -0.0000121793
 -0.0000184192
  0.0000111175
  0.0000078854
 -0.0000050230
 -0.0000072255
  0.0000082471
 -0.0000078270
 -0.0000167560
  0.0000223132
 -0.0000197555
 -0.0000025752
  0.0000030280
  0.0000264813
 -0.0000119659
 -0.0000220602
 -0.0000215723
  0.0000038605
 -0.0000131065
 -0.0000071000
 -0.0000127294
 -0.0000217010
 -0.0000069862
 -0.0000077773
  0.0000153418
 -0.0000418748
  0.0000093923
 -0.0000003822
 -0.0000080484
  0.0000068528
 -0.0000219115
 -0.0000124713
  0.0000082601
  0.0000091651
  0.0000051525
 -0.0000060277
  0.0000188703
  0.0000043493
  0.0000018922
  0.0000121436
  0.0000035216
  0.0000776653
 -0.0000160581
 -0.0000046185
  0.0000074798
 -0.0000116853
  0.0000120834
  0.0000072253
  0.0000147475
 -0.0000043870
 -0.0000059733
 -0.0000043339
 -0.0000066378
 -0.0000007686
 -0.0000022690
  0.0000163164
  0.0000035862
  0.0000017274
  0.0000023974
 -0.0000044630
 -0.0000153987
  0.0000060547
 -0.0000207789
  0.0000079795
 -0.0000064684
 -0.0000088388
 -0.0000000540
  0.0000081513
  0.0000114832
  0.0000270755
 -0.0000039489
  0.0000137131
  0.0000011000
 -0.0000156723
 -0.0000053071
  0.0000144441
 -0.0000184527
 -0.0000185436
 -0.0000011466
 -0.0000423600
 -0.0000083040
 -0.0000024835
 -0.0000062244
  0.0000000226
 -0.0000265836
 -0.0000091283
 -0.0000066026
  0.0000031883
 -0.0000178159
 -0.0000645440
  0.0000026551
 -0.0000066229
  0.0000069451
  0.0000152036
  0.0000572377
  0.0000030327
 -0.0000044783
 -0.0000148422
 -0.0000146024
  0.0000034556
  0.0000023722
 -0.0000056341
  0.0000110618
  0.0000280202
  0.0000545174
 -0.0000248354
 -0.0000020337
  0.0000520191
  0.0000529357
  0.0000870446
  0.0000343459
  0.0000791161
  0.0000460059
  0.0000730873
 -0.0001016917
  0.0000665814
 -0.0000874696
 -0.0000739165
 -0.0000783644
  0.0000590075
  0.0000465589
  0.0000786088
  0.0000730954
 -0.0000054707
  0.0000448532
 -0.0000016452
 -0.0000206223
  0.0000772850
 -0.0000096762
  0.0000455130
  0.0000524061
 -0.0000219014
 -0.0000024740
  0.0000045037
  0.0000003670
 -0.0000118218
 -0.0000075670
  0.0000182109
 -0.0000029225
 -0.0000028554
 -0.0000058795
 -0.0000186813
  0.0000001094
 -0.0000103364
 -0.0000085038
 -0.0000051758
 -0.0000166424
  0.0000062961
  0.0000042369
 -0.0000189774
  0.0000209293
  0.0000118835
  0.0000031501
  0.0000014564
 -0.0000008764
  0.0000147379
 -0.0000064271
  0.0000291156
 -0.0000039509
 -0.0000058770
  0.0000131160
  0.0000085770
  0.0000222492
 -0.0000038156
 -0.0000408650
 -0.0000080285
  0.0002959510
 -0.0000079293
 -0.0000049630
 -0.0000281972
 -0.0000105968
 -0.0000057846
  0.0000084886
 -0.0000215867
 -0.0000061251
 -0.0000080730
 -0.0000016200
 -0.0000094270
 -0.0000043984
 -0.0000081473
  0.0000019180
 -0.0000004765
 -0.0000125510
 -0.0000013357
 -0.0000019138
  0.0000925218
  0.0000447750
 -0.0000007655
  0.0000153702
 -0.0000131279
  0.0000014102
  0.0000001467
 -0.0000092553
 -0.0000028078
 -0.0000030302
 -0.0000093121
 -0.0000028140
  0.0000105319
 -0.0000023638
  0.0000170240
  0.0000234780
  0.0000152515
  0.0000160760
 -0.0000200915
  0.0000287235
  0.0000199189
 -0.0000133525
  0.0000048635
  0.0000107719
  0.0000007490
  0.0000019697
  0.0000133046
 -0.0000027622
  0.0000020170
 -0.0000098452
  0.0000026665
  0.0000041707
 -0.0000257844
 -0.0000083675
  0.0000136574
  0.0000037948
  0.0000066530
 -0.0000083272
  0.0000085323
  0.0000317786
 -0.0000054398
  0.0000010687
 -0.0000058283
  0.0000102182
 -0.0000083230
 -0.0000057310
  0.0000195258
 -0.0000130248
  0.0000427643
  0.0000064656
  0.0000098360
 -0.0000014175
  0.0001166657
  0.0000510087
 -0.0000065057
 -0.0001317467
 -0.0000041346
 -0.0000069572
  0.0000040871
  0.0000063940
  0.0000012433
  0.0000078597
  0.0000069969
  0.0000003197
  0.0000741522
  0.0000125505
 -0.0000099519
  0.0000042381
  0.0000080183
  0.0000202758
 -0.0000227781
 -0.0000280493
  0.0000075727
  0.0000132739
 -0.0000097021
  0.0000273161
  0.0000075659
 -0.0000331881
 -0.0000267724
  0.0000068277
  0.0000347804
  0.0000061082
  0.0000048366
  0.0000048488
 -0.0000073471
 -0.0000138025
 -0.0000027000
  0.0000015500
  0.0000029760
  0.0000017150
  0.0000013662
 -0.0000017935
 -0.0000033417
 -0.0000094959
  0.0000021005
  0.0000086456
  0.0000001004
 -0.0000002504
  0.0000048110
  0.0000044112
  0.0000107361
 -0.0000032966
 -0.0000002753
 -0.0000045229
 -0.0000332811
 -0.0000213759
  0.0000064508
  0.0000077228
 -0.0000173041
 -0.0000150099
 -0.0000008280
 -0.0000020378
 -0.0000250562
  0.0000047397
 -0.0000207062
  0.0000053875
  0.0000003897
  0.0000040048
 -0.0000074573
  0.0000024688
 -0.0000023145
  0.0000016878
  0.0000134499
 -0.0000017461
 -0.0000085048
  0.0000108936
  0.0000215748
  0.0000090546
  0.0000168813
  0.0000089465
  0.0000008930
  0.0000040366
 -0.0000006551
 -0.0000021710
  0.0000053802
  0.0000027014
  0.0000016176
 -0.0000096781
  0.0000072578
 -0.0000021959
 -0.0000087215
  0.0000023086
  0.0000059195
 -0.0000021094
  0.0000040798
 -0.0000092418
 -0.0000008231
  0.0000036968
 -0.0000080228
  0.0000212655
 -0.0000001893
  0.0000045558
 -0.0000118613
 -0.0000225906
 -0.0000030261
 -0.0000083340
  0.0000086155
  0.0000089203
  0.0000972944
  0.0000201416
  0.0000025181
  0.0000092687
  0.0000004278
  0.0000119088
 -0.0000045733
  0.0000363491
 -0.0000003837
 -0.0000164157
  0.0000084004
 -0.0000027111
 -0.0000001479
 -0.0000096758
 -0.0000061337
 -0.0000004189
  0.0000003390
  0.0000090136
  0.0000090575
 -0.0000072425
 -0.0000049706
 -0.0000271049
  0.0000048877
 -0.0000050926
 -0.0000632035
 -0.0000068422
 -0.0000087793
  0.0000014484
  0.0000054542
 -0.0000084510
 -0.0000069743
 -0.0000036722
  0.0000125765
  0.0000037616
  0.0000326138
  0.0000426904
  0.0000057331
  0.0000204734
  0.0000088722
  0.0000052611
 -0.0000011424
  0.0000027950
  0.0000002711
