  0.0000133655
 -0.0000007117
 -0.0000059470
 -0.0000130552
 -0.0000094303
 -0.0000089087
 -0.0000004735
 -0.0000048833
 -0.0000040455
 -0.0000022527
 -0.0000069107
  0.0000002597
 -0.0000024367
 -0.0000002227
 -0.0000021085
  0.0000011697
 -0.0000002427
 -0.0000002932
 -0.0000026442
  0.0000133703
  0.0000074382
 -0.0000016897
  0.0000018279
  0.0000007881
 -0.0000072945
 -0.0000002625
  0.0000019061
 -0.0000084338
 -0.0000020673
  0.0000027208
  0.0000015573
  0.0000010749
 -0.0000023193
  0.0000004354
  0.0000023594
 -0.0000008192
 -0.0000084041
  0.0000105008
  0.0000106574
 -0.0000012006
  0.0000014253
  0.0000040109
 -0.0000047204
  0.0000015573
 -0.0000053714
  0.0000022785
  0.0000017250
 -0.0000058193
 -0.0000023204
  0.0000063021
  0.0000071256
 -0.0000043715
  0.0000061343
  0.0000031996
  0.0000022938
 -0.0000020387
  0.0000084299
 -0.0000037897
  0.0000205878
  0.0000032646
 -0.0000174018
 -0.0000037291
 -0.0000001271
 -0.0000074697
  0.0000006889
 -0.0000010556
 -0.0000042965
 -0.0000157123
  0.0000039301
  0.0000070503
 -0.0000062544
 -0.0000012225
 -0.0000018193
 -0.0000026740
 -0.0000000894
 -0.0000088479
  0.0000044935
  0.0000059021
 -0.0000351947
 -0.0000016149
  0.0000232069
 -0.0000215314
  0.0000224383
  0.0000176635
 -0.0000128282
 -0.0000016950
 -0.0000182234
  0.0000276240
 -0.0000109089
 -0.0000091025
 -0.0000206065
 -0.0001879604
 -0.0000497532
 -0.0000261351
  0.0000155259
  0.0000077860
  0.0000611123
  0.0000003923
  0.0000632326
  0.0000018559
  0.0000428388
  0.0000019845
 -0.0002640804
 -0.0000461554
  0.0002062695
  0.0000577934
  0.0000372467
 -0.0001266458
 -0.0000137527
 -0.0000027740
 -0.0000122960
 -0.0000096966
  0.0000128304
  0.0000541174
 -0.0000090629
 -0.0000028488
  0.0000082720
  0.0000518603
 -0.0000201640
  0.0000294343
 -0.0000008189
 -0.0000010533
  0.0000245811
 -0.0000004034
 -0.0000037928
  0.0000067812
  0.0000572586
  0.0000047468
 -0.0000109145
  0.0000065203
  0.0000289319
 -0.0000008701
  0.0000013245
  0.0000409345
  0.0000048107
  0.0000374728
  0.0000049515
 -0.0000235051
 -0.0000031130
 -0.0000118585
 -0.0000063541
 -0.0000055503
 -0.0000055397
 -0.0000049961
 -0.0000009512
 -0.0000000634
 -0.0000083280
  0.0000013084
 -0.0000028296
 -0.0000027201
 -0.0000038260
 -0.0000009409
 -0.0000050611
 -0.0000009274
  0.0000026338
 -0.0000052871
  0.0000013554
 -0.0000017176
 -0.0000053352
 -0.0000063629
 -0.0000015048
  0.0000032787
  0.0000037801
 -0.0000029454
 -0.0000075829
 -0.0000044321
 -0.0000008380
 -0.0000037074
  0.0000027601
 -0.0000079255
 -0.0000063008
 -0.0000020873
  0.0000042672
 -0.0000029153
 -0.0000043866
  0.0000067475
  0.0000039549
  0.0000001353
 -0.0000149755
  0.0000082762
 -0.0000001911
  0.0000016169
  0.0000013799
 -0.0000070183
 -0.0000005459
  0.0000239388
  0.0000033508
 -0.0000022588
  0.0000078373
 -0.0000025256
  0.0000061778
 -0.0000011158
  0.0000012775
  0.0000107616
 -0.0000096534
  0.0000125955
 -0.0000082301
 -0.0000062640
 -0.0000012382
  0.0000029910
 -0.0000012685
  0.0000023482
  0.0000077021
  0.0000168339
  0.0000036246
 -0.0000250368
 -0.0000160451
  0.0000179531
 -0.0000206878
  0.0000316694
  0.0000128615
 -0.0000633606
 -0.0000062417
 -0.0000134988
  0.0000302835
  0.0000534512
 -0.0000132485
 -0.0000142618
 -0.0000834351
  0.0001145241
  0.0000116515
 -0.0000098936
  0.0000264832
 -0.0000093657
 -0.0000018413
  0.0000638848
 -0.0000831676
  0.0000560153
 -0.0000113969
 -0.0001490882
  0.0002017330
 -0.0000374866
 -0.0000048667
 -0.0000177533
 -0.0001309885
 -0.0000001773
 -0.0000087938
  0.0000126315
 -0.0000172924
  0.0000354271
  0.0000076015
  0.0000061628
  0.0000009380
 -0.0000181729
  0.0000290852
  0.0000025803
 -0.0000076575
 -0.0000040773
 -0.0000001380
 -0.0000032349
 -0.0000009891
 -0.0000079093
  0.0000299236
  0.0000279346
 -0.0000235343
  0.0000009671
  0.0000324491
  0.0000117544
  0.0000025791
  0.0000000502
 -0.0000024472
 -0.0000073094
 -0.0000022757
 -0.0000000629
  0.0000029629
 -0.0000030833
  0.0000021673
 -0.0000050514
  0.0000021085
  0.0000037627
  0.0000046325
 -0.0000051533
  0.0000006138
 -0.0000012680
  0.0000009258
 -0.0000007744
  0.0000062760
  0.0000044183
  0.0000031417
 -0.0000069321
 -0.0000069612
 -0.0000002571
  0.0000026169
 -0.0000044063
  0.0000018750
 -0.0000019568
 -0.0000019078
 -0.0000029200
 -0.0000029088
  0.0000017427
  0.0000051737
 -0.0000012264
 -0.0000077427
  0.0000018757
 -0.0000035321
  0.0000018062
 -0.0000083192
  0.0000179548
  0.0000090033
  0.0000188025
 -0.0000023733
 -0.0000068054
 -0.0000007451
  0.0000045389
  0.0000059968
 -0.0000031414
 -0.0000051662
 -0.0000110498
 -0.0000134676
  0.0000032125
 -0.0000088386
  0.0000001893
  0.0000007894
 -0.0000045761
 -0.0000040818
 -0.0000030555
 -0.0000094642
 -0.0000303872
  0.0000245586
  0.0000371728
 -0.0000248984
  0.0000066674
  0.0000203203
 -0.0000628093
 -0.0000128820
 -0.0000386981
  0.0000368650
  0.0000373155
 -0.0000342501
 -0.0000262622
 -0.0002296516
 -0.0001211656
 -0.0000315383
  0.0000112825
 -0.0000045556
  0.0000452975
 -0.0000038123
  0.0000472395
  0.0000103199
  0.0000412233
 -0.0000046021
 -0.0002667017
 -0.0000674251
  0.0004453722
  0.0000436478
  0.0000302207
 -0.0000126579
 -0.0000070600
 -0.0000091578
 -0.0000195043
  0.0000090970
  0.0000500346
 -0.0000113422
 -0.0000062923
  0.0000052694
  0.0000510401
 -0.0000558465
  0.0000222905
  0.0000015293
 -0.0000139752
 -0.0000034369
 -0.0000088314
 -0.0000028634
  0.0000449471
  0.0000017740
  0.0000068085
  0.0000019829
 -0.0000136883
  0.0000029481
  0.0000233212
 -0.0000000185
  0.0000284811
 -0.0000247734
 -0.0000012237
  0.0000030283
  0.0000028839
  0.0000025525
  0.0000005897
 -0.0000025637
  0.0000015205
 -0.0000021365
  0.0000019265
 -0.0000087773
  0.0000075082
 -0.0000016929
  0.0000032105
 -0.0000013572
 -0.0000064139
 -0.0000045796
  0.0000067363
  0.0000003652
 -0.0000045686
 -0.0000030542
  0.0000027190
  0.0000030766
  0.0000027264
  0.0000029421
 -0.0000002562
  0.0000067033
  0.0000016296
 -0.0000005117
  0.0000023698
 -0.0000039835
 -0.0000006584
  0.0000008767
  0.0000107015
 -0.0000008738
  0.0000028039
  0.0000033569
  0.0000058727
  0.0000003680
 -0.0000063486
  0.0000038161
  0.0000075098
  0.0000020337
 -0.0000037829
  0.0000101855
  0.0000026366
  0.0000234969
  0.0000045755
 -0.0000150705
 -0.0000017857
  0.0000069480
 -0.0000033023
  0.0000007788
  0.0000017308
 -0.0000033340
 -0.0000142607
  0.0000067726
 -0.0000043506
  0.0000023006
 -0.0000013197
  0.0000012286
 -0.0000011918
 -0.0000081976
  0.0000157045
  0.0000013935
 -0.0000126674
  0.0000079316
  0.0000338652
 -0.0000168146
  0.0000356746
  0.0000734197
 -0.0000076259
 -0.0000057254
 -0.0000092162
 -0.0000020514
 -0.0000408673
 -0.0000032508
 -0.0000206152
 -0.0001651114
  0.0001917484
 -0.0000060146
 -0.0000061686
 -0.0000013189
  0.0000213583
 -0.0000021782
  0.0000496256
 -0.0000945155
  0.0000646932
 -0.0000028211
 -0.0002323855
  0.0001128390
  0.0001475819
  0.0000062532
  0.0000078402
 -0.0001857663
  0.0000050770
 -0.0000076311
 -0.0000047533
  0.0000288599
  0.0000031855
 -0.0000366626
  0.0000493354
 -0.0000058687
  0.0000089861
 -0.0000132301
 -0.0000489267
  0.0000349507
  0.0000057548
 -0.0000066452
 -0.0000012153
 -0.0000041294
 -0.0000060668
 -0.0000060391
  0.0000159090
 -0.0000549152
  0.0000100301
  0.0000356446
  0.0000382847
  0.0000443322
 -0.0000164443
 -0.0000340376
  0.0000001118
  0.0000052371
  0.0000382745
 -0.0000038899
  0.0000044590
  0.0000013109
  0.0000057176
  0.0000034775
  0.0000005487
 -0.0000001615
 -0.0000008902
 -0.0000020468
 -0.0000063195
  0.0000030016
  0.0000017223
 -0.0000009731
 -0.0000012413
 -0.0000053744
 -0.0000016967
 -0.0000053688
  0.0000001304
 -0.0000015738
 -0.0000090937
  0.0000025032
  0.0000027691
 -0.0000015034
 -0.0000034634
  0.0000093297
 -0.0000029949
 -0.0000003490
 -0.0000030134
 -0.0000021427
 -0.0000000573
  0.0000010384
  0.0000012712
 -0.0000060296
  0.0000002894
 -0.0000021920
  0.0000001848
 -0.0000030483
 -0.0000094902
  0.0000048370
 -0.0000007433
 -0.0000021779
 -0.0000025135
  0.0000049174
 -0.0000022549
  0.0000158584
 -0.0000026376
 -0.0000192683
 -0.0000039010
  0.0000012484
 -0.0000081535
  0.0000003145
  0.0000025902
 -0.0000040466
 -0.0000163721
  0.0000013178
 -0.0000082877
 -0.0000107890
 -0.0000011026
 -0.0000040409
  0.0000019209
  0.0000011714
  0.0000004444
  0.0000007358
 -0.0000090422
 -0.0000204305
  0.0000046941
  0.0000445852
  0.0000035796
  0.0000179847
  0.0000311015
 -0.0000543897
 -0.0000112962
 -0.0000031511
  0.0000189363
  0.0000271154
 -0.0000129079
 -0.0000272596
 -0.0002608303
 -0.0001579109
 -0.0000321043
  0.0000143169
 -0.0000053534
  0.0000408379
 -0.0000023094
  0.0000445827
  0.0000050597
  0.0000478839
 -0.0000037443
 -0.0002829601
 -0.0000761290
  0.0003316109
  0.0000396674
  0.0000315255
  0.0001316609
  0.0000094184
 -0.0000042816
 -0.0000142672
  0.0000431115
  0.0000143244
 -0.0000043852
  0.0000052943
  0.0000538098
  0.0000065156
  0.0000006870
 -0.0000220269
 -0.0000043480
 -0.0000020104
  0.0000367695
  0.0000031971
  0.0000145256
  0.0000013518
 -0.0000022190
  0.0000092459
  0.0000120965
  0.0000030885
  0.0000307243
 -0.0000084001
  0.0000040234
  0.0000018935
 -0.0000010249
 -0.0000021394
  0.0000018727
  0.0000099620
 -0.0000032338
 -0.0000014820
  0.0000005423
  0.0000004136
 -0.0000033576
  0.0000032925
  0.0000042018
  0.0000047827
  0.0000070623
 -0.0000018610
 -0.0000003472
 -0.0000034785
 -0.0000043705
  0.0000015858
  0.0000014831
  0.0000006485
 -0.0000035512
  0.0000060249
  0.0000005849
  0.0000023961
 -0.0000047356
  0.0000109749
  0.0000052624
  0.0000101723
 -0.0000019795
  0.0000033391
 -0.0000008522
 -0.0000001703
  0.0000032063
  0.0000069203
  0.0000019290
  0.0000010197
  0.0000008523
  0.0000045596
  0.0000052182
  0.0000038876
 -0.0000138134
 -0.0000009061
  0.0000035864
  0.0000066409
  0.0000059275
  0.0000008223
 -0.0000052046
  0.0000273446
  0.0000048096
 -0.0000086809
  0.0000059955
 -0.0000037248
 -0.0000001750
  0.0000040346
  0.0000023657
  0.0000142819
 -0.0000105847
 -0.0000004077
 -0.0000014088
  0.0000031402
  0.0000017388
  0.0000065618
  0.0000061001
  0.0000144144
  0.0000353996
 -0.0000068431
  0.0000095512
  0.0000328081
 -0.0000161591
 -0.0000186637
 -0.0000071922
  0.0000251611
  0.0000014417
  0.0000054217
  0.0000334104
  0.0000053210
 -0.0000831414
 -0.0000218592
 -0.0000089389
 -0.0002007481
 -0.0001675338
  0.0000280390
 -0.0000180618
  0.0000271115
 -0.0000248495
  0.0000015660
  0.0000746347
  0.0001015576
  0.0000277803
 -0.0000046798
 -0.0003393503
  0.0001029475
  0.0002705368
 -0.0000172972
 -0.0000058369
 -0.0000015144
  0.0000149506
  0.0000038533
  0.0000081799
  0.0000408217
 -0.0000073207
  0.0000089674
 -0.0000105984
  0.0000841348
 -0.0000063003
  0.0000060470
 -0.0000153754
 -0.0000370345
 -0.0000074595
  0.0000006085
 -0.0000156214
  0.0000002643
 -0.0000033971
  0.0000040541
  0.0000071180
  0.0000001619
 -0.0000013155
  0.0000367618
  0.0000056933
  0.0000161566
  0.0000287376
  0.0000798269
 -0.0000056160
 -0.0000118993
 -0.0000150754
  0.0000035035
 -0.0000277223
 -0.0000622181
  0.0000008436
  0.0000003299
  0.0000014556
 -0.0000003628
 -0.0000061466
 -0.0000014347
  0.0000003169
  0.0000035476
  0.0000001158
 -0.0000014201
  0.0000051688
 -0.0000074685
  0.0000014468
  0.0000059107
  0.0000002914
 -0.0000033440
  0.0000037835
  0.0000026811
 -0.0000000432
 -0.0000030892
 -0.0000031565
  0.0000010270
 -0.0000011290
 -0.0000010002
  0.0000023649
  0.0000040208
  0.0000021730
 -0.0000012827
 -0.0000018101
 -0.0000025875
  0.0000042306
  0.0000043439
 -0.0000004531
  0.0000007118
  0.0000118092
  0.0000014428
  0.0000012821
  0.0000022442
 -0.0000079625
 -0.0000019219
 -0.0000016861
  0.0000008150
  0.0000106072
  0.0000010106
 -0.0000170845
 -0.0000132620
 -0.0000097401
  0.0000071135
 -0.0000000711
  0.0000012929
  0.0000124834
  0.0000239994
 -0.0000080955
 -0.0000127416
  0.0000053509
  0.0000131424
 -0.0000036296
  0.0000038765
 -0.0000014741
  0.0000066697
 -0.0000107802
  0.0000091601
  0.0000049823
 -0.0000037539
  0.0000020839
  0.0000029345
  0.0000005820
  0.0000142942
  0.0000142032
 -0.0000187384
 -0.0000100990
  0.0000366735
 -0.0000212290
 -0.0000028011
  0.0000169318
 -0.0000083978
 -0.0000159156
 -0.0002312782
 -0.0002023959
  0.0000341817
 -0.0000166086
  0.0000175949
 -0.0000309855
  0.0000027174
  0.0000856246
  0.0001788571
  0.0000317118
 -0.0000114221
 -0.0002146254
  0.0001459254
 -0.0000816390
 -0.0000034265
  0.0000133482
 -0.0000222874
  0.0000447340
 -0.0000010538
  0.0000505517
  0.0000173624
 -0.0000083240
  0.0000021619
  0.0000011018
  0.0000361994
 -0.0000085108
  0.0000016802
 -0.0000099019
 -0.0000137013
 -0.0000369054
  0.0000027124
  0.0000279442
 -0.0000011942
 -0.0000035400
  0.0000022546
  0.0000546959
  0.0000124842
  0.0000035134
  0.0000400782
  0.0000029992
  0.0000258049
  0.0000109164
  0.0000348561
 -0.0000055841
  0.0000227375
 -0.0000002831
 -0.0000013268
 -0.0000163683
 -0.0000564244
 -0.0000050154
  0.0000089335
 -0.0000008785
 -0.0000042755
 -0.0000046372
  0.0000021097
  0.0000032115
 -0.0000050080
 -0.0000049728
 -0.0000026463
 -0.0000011425
 -0.0000020687
 -0.0000020341
 -0.0000019124
 -0.0000033863
  0.0000091001
 -0.0000061215
  0.0000007035
  0.0000025457
 -0.0000062022
  0.0000016458
  0.0000076083
  0.0000001528
 -0.0000097777
  0.0000011403
 -0.0000105071
 -0.0000006539
 -0.0000014950
  0.0000017801
  0.0000008908
  0.0000022877
  0.0000016757
  0.0000066270
 -0.0000079701
 -0.0000022588
  0.0000030224
  0.0000032628
  0.0000020032
 -0.0000031024
  0.0000002182
  0.0000000236
  0.0000081961
 -0.0000000626
 -0.0000145564
 -0.0000072455
  0.0000017994
  0.0000092646
  0.0000057933
 -0.0000101676
 -0.0000004389
  0.0000224064
 -0.0000002025
 -0.0000083090
  0.0000043499
 -0.0000011664
  0.0000010561
  0.0000012798
  0.0000033324
  0.0000086633
 -0.0000110501
  0.0000093066
 -0.0000033638
 -0.0000078354
 -0.0000004935
  0.0000047821
  0.0000028625
  0.0000065674
  0.0000300061
 -0.0000026792
  0.0000228708
 -0.0000187252
  0.0000084154
  0.0000168918
 -0.0000256960
  0.0000107001
 -0.0000137827
 -0.0000757790
  0.0000162166
 -0.0000229658
  0.0000286816
 -0.0000166962
 -0.0000151612
 -0.0000069690
 -0.0001733687
 -0.0000576084
  0.0000331237
 -0.0000101343
  0.0000148357
 -0.0000225373
  0.0000107521
  0.0000705739
  0.0000914891
  0.0000361301
 -0.0000032471
 -0.0001358301
  0.0000579656
  0.0000202331
 -0.0000130115
  0.0000037080
 -0.0000668536
  0.0000089457
  0.0000064373
 -0.0000114277
  0.0000433889
 -0.0000049766
  0.0001050542
 -0.0000035719
  0.0000062346
 -0.0000085456
 -0.0000317771
  0.0000328358
  0.0000012166
 -0.0000390149
 -0.0000034971
 -0.0000048920
 -0.0000169906
  0.0000082440
  0.0000055873
  0.0000311664
  0.0000036696
  0.0000265394
 -0.0000168953
  0.0000942113
  0.0000003110
  0.0000111749
 -0.0000107249
  0.0000036295
 -0.0000110534
  0.0000092197
  0.0000030884
 -0.0000010688
  0.0000032800
 -0.0000046446
 -0.0000014706
  0.0000050950
 -0.0000067382
 -0.0000032155
  0.0000048483
 -0.0000037903
 -0.0000025494
 -0.0000003064
  0.0000003137
  0.0000007944
  0.0000011797
 -0.0000047860
  0.0000006187
 -0.0000039674
 -0.0000045337
  0.0000026338
 -0.0000047768
  0.0000045767
 -0.0000020082
  0.0000012074
  0.0000004312
 -0.0000032929
 -0.0000042729
 -0.0000036339
 -0.0000018984
  0.0000084688
  0.0000085422
 -0.0000037259
  0.0000004393
 -0.0000058160
 -0.0000079624
  0.0000049566
  0.0000067182
 -0.0000071429
  0.0000086874
  0.0000033670
 -0.0000003914
 -0.0000033245
  0.0000152056
 -0.0000109628
 -0.0000065435
 -0.0000034123
  0.0000134236
 -0.0000034444
 -0.0000113881
 -0.0000049024
  0.0000160632
 -0.0000091360
 -0.0000113871
  0.0000168730
 -0.0000067457
  0.0000001804
  0.0000059433
 -0.0000049253
 -0.0000100505
 -0.0000067025
  0.0000120387
 -0.0000064535
  0.0000048954
  0.0000082061
  0.0000045932
 -0.0000027674
  0.0000007946
 -0.0000127888
  0.0000119120
  0.0000127940
  0.0000179619
 -0.0000140347
  0.0000094183
 -0.0000332263
 -0.0003505071
  0.0002234490
  0.0000214069
 -0.0000142795
  0.0000042479
 -0.0000768764
  0.0000099317
  0.0000908512
  0.0003376027
  0.0000490746
 -0.0000001077
  0.0000791239
  0.0002921503
 -0.0001010860
 -0.0000600401
 -0.0000069388
 -0.0001207004
 -0.0000691978
 -0.0000015055
  0.0000181464
 -0.0000162954
 -0.0000121271
 -0.0000109101
 -0.0000045688
 -0.0000650220
 -0.0000001888
  0.0000232115
 -0.0000018017
 -0.0000142181
 -0.0000611593
  0.0000030204
 -0.0000074526
 -0.0000059167
 -0.0000052058
  0.0000011067
  0.0000513919
 -0.0000093608
 -0.0000038238
  0.0000242918
  0.0000052653
 -0.0000299304
  0.0000213179
 -0.0000398543
  0.0000006924
 -0.0000712740
 -0.0000085582
 -0.0000036005
 -0.0000130054
 -0.0000893405
  0.0000016414
 -0.0000004592
  0.0000059577
  0.0000037128
  0.0000050481
 -0.0000040713
  0.0000020806
 -0.0000041765
 -0.0000014432
 -0.0000012364
  0.0000002366
 -0.0000018663
  0.0000030854
 -0.0000049891
  0.0000018430
 -0.0000019316
 -0.0000036719
 -0.0000048404
  0.0000012982
  0.0000023254
  0.0000014661
 -0.0000015311
 -0.0000014131
 -0.0000068084
 -0.0000002871
 -0.0000028850
 -0.0000024861
 -0.0000055459
 -0.0000035579
 -0.0000001482
  0.0000011341
 -0.0000029526
 -0.0000108654
 -0.0000092520
 -0.0000019747
  0.0000004772
 -0.0000046274
  0.0000120638
 -0.0000008903
  0.0000191001
 -0.0000017802
 -0.0000117746
 -0.0000004602
  0.0000021956
 -0.0000053920
 -0.0000037272
 -0.0000055313
 -0.0000109876
 -0.0000151877
 -0.0000021399
 -0.0000080399
 -0.0000053882
 -0.0000020555
 -0.0000069330
  0.0000033493
  0.0000077846
 -0.0000065877
 -0.0000142098
 -0.0000142814
  0.0000302370
 -0.0000082087
  0.0000103823
  0.0000139501
 -0.0000617263
 -0.0000059254
 -0.0000096245
  0.0000129099
  0.0000190653
  0.0000046388
 -0.0000193812
 -0.0000495394
 -0.0001980533
 -0.0000043796
 -0.0000053577
  0.0000073571
  0.0000159620
 -0.0000115591
 -0.0000025779
 -0.0001343937
 -0.0000150831
 -0.0000083716
  0.0004858479
 -0.0001218757
  0.0001402459
  0.0000316004
  0.0000196118
  0.0002903413
 -0.0000135835
 -0.0000203485
 -0.0000117255
  0.0000032339
 -0.0000060257
 -0.0000221940
  0.0000070689
 -0.0000174158
  0.0000057751
 -0.0000042676
 -0.0000000117
 -0.0000115402
 -0.0000148367
 -0.0000216170
 -0.0000848761
 -0.0000090629
  0.0000020054
  0.0000008264
  0.0000011735
 -0.0000134719
 -0.0000123479
 -0.0000078452
  0.0000524457
 -0.0000090637
  0.0000001861
 -0.0000090567
 -0.0000038366
 -0.0000055156
  0.0000010844
 -0.0000035744
  0.0000043518
  0.0000011137
 -0.0000031082
 -0.0000038262
 -0.0000003528
  0.0000000479
  0.0000017902
  0.0000025121
  0.0000006466
 -0.0000025585
  0.0000039659
  0.0000052154
 -0.0000017504
  0.0000011695
 -0.0000080723
 -0.0000058566
  0.0000018441
 -0.0000019696
  0.0000010170
  0.0000021914
  0.0000046723
 -0.0000041677
  0.0000032982
 -0.0000023094
 -0.0000012593
  0.0000004664
 -0.0000064049
  0.0000024150
  0.0000056815
 -0.0000059499
  0.0000028514
 -0.0000012315
 -0.0000060842
  0.0000063810
 -0.0000043463
  0.0000027978
 -0.0000020794
 -0.0000041377
  0.0000009634
  0.0000023811
  0.0000031840
 -0.0000013628
 -0.0000082410
  0.0000037372
  0.0000068734
  0.0000008007
  0.0000073263
 -0.0000035606
  0.0000186563
  0.0000031356
 -0.0000160347
  0.0000047546
  0.0000013726
 -0.0000037791
 -0.0000069687
 -0.0000090898
  0.0000012638
 -0.0000087468
  0.0000001885
  0.0000036136
 -0.0000105557
  0.0000038514
 -0.0000028601
  0.0000000139
  0.0000085556
 -0.0000005759
  0.0000349533
  0.0000036481
  0.0000238535
 -0.0000176979
  0.0000012047
 -0.0000128543
 -0.0000050485
 -0.0000290191
  0.0000111646
  0.0000060808
  0.0000022717
 -0.0000161244
 -0.0000106863
 -0.0000073891
 -0.0001723300
 -0.0000230211
  0.0000072942
 -0.0000185448
  0.0000106456
 -0.0000194961
  0.0000018117
  0.0000599390
  0.0000141922
  0.0000518246
 -0.0000002213
 -0.0002516367
  0.0001212812
 -0.0000038889
 -0.0000071869
 -0.0000181733
 -0.0000889805
  0.0000094490
  0.0000033667
 -0.0000023370
  0.0000404657
  0.0000238835
  0.0000410265
 -0.0000078332
  0.0001077518
  0.0000049475
 -0.0000050302
 -0.0000091859
 -0.0000399374
  0.0000607464
  0.0000041679
 -0.0000280538
 -0.0000069378
 -0.0000057120
  0.0000019281
 -0.0000102567
 -0.0000128617
  0.0000089786
  0.0000201105
  0.0000017247
  0.0000346422
  0.0000047301
  0.0000973073
 -0.0000076780
  0.0000109969
 -0.0000146146
 -0.0000036187
 -0.0000005384
  0.0000121004
 -0.0000046578
  0.0000087515
  0.0000021526
  0.0000034415
  0.0000002160
 -0.0000054418
 -0.0000006171
  0.0000074985
 -0.0000009270
  0.0000026580
 -0.0000037941
 -0.0000033971
 -0.0000032922
  0.0000036480
  0.0000009344
  0.0000005123
  0.0000065826
 -0.0000013054
 -0.0000020893
 -0.0000043444
 -0.0000004461
  0.0000036152
 -0.0000004904
 -0.0000015449
 -0.0000016586
  0.0000047835
 -0.0000017099
  0.0000001925
  0.0000026788
 -0.0000012538
 -0.0000088255
  0.0000026938
  0.0000057116
 -0.0000080804
 -0.0000000437
 -0.0000029930
 -0.0000014887
 -0.0000022608
  0.0000046140
 -0.0000039527
 -0.0000081710
  0.0000028446
  0.0000054068
  0.0000078437
 -0.0000042198
 -0.0000062721
  0.0000033235
 -0.0000096357
  0.0000088282
 -0.0000037751
 -0.0000129598
  0.0000021164
  0.0000167496
 -0.0000035795
 -0.0000012766
  0.0000007984
  0.0000009412
  0.0000067809
  0.0000022848
 -0.0000072730
  0.0000038070
 -0.0000163321
  0.0000065137
 -0.0000118618
  0.0000025171
 -0.0000018760
  0.0000052913
  0.0000004034
  0.0000140471
 -0.0000205533
 -0.0000055873
 -0.0000145193
 -0.0000014776
 -0.0000098438
  0.0000239406
  0.0000122180
 -0.0000253762
 -0.0000190717
 -0.0002729086
  0.0001683287
  0.0000324869
 -0.0000033966
  0.0000167521
 -0.0000745172
 -0.0000043569
  0.0000324608
  0.0003025960
  0.0000519020
 -0.0000078652
 -0.0001252269
  0.0002509208
 -0.0000565780
 -0.0000259551
  0.0000176525
 -0.0001094046
 -0.0000391371
 -0.0000054565
 -0.0000052503
 -0.0000032931
 -0.0000136122
 -0.0000026671
 -0.0000028143
 -0.0000612178
  0.0000033403
  0.0000020841
 -0.0000025841
  0.0000059186
 -0.0000565151
  0.0000015557
  0.0000001755
  0.0000004175
 -0.0000039829
 -0.0000039235
  0.0000256610
 -0.0000133390
  0.0000049669
  0.0000449752
  0.0000028726
  0.0000349632
  0.0000148820
 -0.0000151784
  0.0000038241
  0.0000483315
  0.0000042884
  0.0000026755
 -0.0000230586
 -0.0000936476
  0.0000003681
  0.0000074713
  0.0000033278
  0.0000014358
 -0.0000036978
 -0.0000085861
 -0.0000036360
  0.0000001244
 -0.0000018003
 -0.0000015487
  0.0000045120
  0.0000010542
  0.0000041284
 -0.0000073067
  0.0000045197
  0.0000057781
 -0.0000032883
 -0.0000004206
  0.0000007906
 -0.0000054632
 -0.0000032490
  0.0000005431
  0.0000016650
  0.0000039049
  0.0000080131
  0.0000028568
  0.0000042082
  0.0000049770
 -0.0000031972
 -0.0000026786
  0.0000002576
 -0.0000020991
 -0.0000032931
  0.0000015066
  0.0000113176
 -0.0000098473
  0.0000005148
  0.0000050123
  0.0000022424
  0.0000014951
  0.0000004990
 -0.0000004112
 -0.0000028723
 -0.0000015757
  0.0000043277
 -0.0000158359
 -0.0000158379
  0.0000028289
  0.0000037927
 -0.0000034772
 -0.0000169838
 -0.0000001921
  0.0000111778
  0.0000026444
 -0.0000148165
  0.0000023493
 -0.0000015902
 -0.0000026777
  0.0000066854
  0.0000017575
 -0.0000083162
 -0.0000200075
  0.0000105679
 -0.0000038715
 -0.0000031204
 -0.0000015148
 -0.0000064866
 -0.0000042736
 -0.0000051302
 -0.0000050322
  0.0000097981
  0.0000322836
 -0.0000174297
  0.0000445324
  0.0000289645
 -0.0000334242
  0.0000131462
  0.0000014241
  0.0000096292
 -0.0000070513
 -0.0000274839
 -0.0000364929
 -0.0002331793
  0.0001134306
  0.0000337458
 -0.0000136518
 -0.0000016829
 -0.0000579966
 -0.0000062182
  0.0000545615
  0.0003097164
  0.0000429787
 -0.0000095107
 -0.0001703075
  0.0002697366
 -0.0001051753
 -0.0000195506
  0.0000126101
  0.0000147876
 -0.0000068083
 -0.0000145476
 -0.0000086665
  0.0000056138
 -0.0000120615
 -0.0000049576
  0.0000028724
 -0.0000060097
  0.0000087098
 -0.0000116591
 -0.0000063797
 -0.0000297342
  0.0000027778
 -0.0000283510
 -0.0000071499
 -0.0000046948
 -0.0000091654
  0.0000063778
 -0.0000132555
 -0.0000033358
  0.0000750228
 -0.0000002628
  0.0000170319
 -0.0000051994
  0.0000306616
 -0.0000036005
  0.0000074101
  0.0000043812
 -0.0000089732
 -0.0000066737
 -0.0000426318
 -0.0000035217
 -0.0000042414
 -0.0000034286
 -0.0000063277
  0.0000009863
 -0.0000075802
 -0.0000033011
 -0.0000039918
  0.0000004797
 -0.0000023946
  0.0000006817
 -0.0000041437
  0.0000029643
 -0.0000027687
  0.0000043503
  0.0000034388
  0.0000034243
 -0.0000036327
  0.0000043207
  0.0000028167
  0.0000024199
 -0.0000016837
 -0.0000046526
 -0.0000022877
 -0.0000021520
 -0.0000043780
  0.0000020004
  0.0000048679
  0.0000016192
 -0.0000005960
  0.0000014905
  0.0000063967
  0.0000004998
  0.0000077052
 -0.0000055325
 -0.0000019616
  0.0000022666
  0.0000088002
 -0.0000031064
  0.0000038019
 -0.0000020910
 -0.0000035686
  0.0000018450
 -0.0000026678
 -0.0000020845
 -0.0000036677
 -0.0000087670
  0.0000016943
 -0.0000042658
 -0.0000008015
 -0.0000193489
 -0.0000137371
 -0.0000033415
  0.0000022458
 -0.0000022462
  0.0000018420
  0.0000011792
  0.0000222123
 -0.0000082660
 -0.0000104177
  0.0000011115
  0.0000020155
 -0.0000012561
 -0.0000002075
  0.0000021458
  0.0000049807
 -0.0000157414
  0.0000035983
  0.0000071012
 -0.0000053137
 -0.0000028740
 -0.0000023939
 -0.0000015435
  0.0000044522
 -0.0000296136
 -0.0000063641
 -0.0000031133
 -0.0000014074
  0.0000440651
 -0.0000078069
 -0.0000025604
 -0.0000154863
 -0.0002260370
 -0.0000567684
  0.0000280219
 -0.0000212148
  0.0000146056
 -0.0000301867
  0.0000093880
  0.0000997921
  0.0002325973
  0.0000266477
 -0.0000091452
 -0.0003347371
  0.0001867349
 -0.0000939134
 -0.0000122349
  0.0000302036
  0.0000439811
  0.0000428927
  0.0000023281
  0.0000315044
  0.0000238864
 -0.0000097230
 -0.0000029969
 -0.0000018235
  0.0000292262
 -0.0000017311
 -0.0000010256
 -0.0000030636
 -0.0000401349
 -0.0000302068
  0.0000038090
  0.0000142899
 -0.0000034841
 -0.0000019704
  0.0000004131
  0.0000476446
  0.0000132334
  0.0000024756
  0.0000528743
  0.0000007094
  0.0000088766
  0.0000241317
  0.0000376395
 -0.0000005658
 -0.0000000354
 -0.0000086262
 -0.0000037061
  0.0000008282
 -0.0000268196
 -0.0000048617
  0.0000089709
 -0.0000077996
  0.0000050204
 -0.0000032437
 -0.0000046737
 -0.0000008223
  0.0000047936
  0.0000081761
 -0.0000026509
 -0.0000002191
 -0.0000010332
 -0.0000054039
  0.0000014257
  0.0000034859
  0.0000015797
 -0.0000008692
  0.0000060505
  0.0000041049
 -0.0000018848
 -0.0000034657
 -0.0000058062
 -0.0000039406
  0.0000007043
  0.0000014485
  0.0000011406
  0.0000039612
  0.0000035379
 -0.0000049486
  0.0000031163
  0.0000006702
 -0.0000001481
  0.0000004973
 -0.0000063078
  0.0000074569
 -0.0000036035
 -0.0000035472
 -0.0000016074
 -0.0000048869
  0.0000016974
  0.0000084464
  0.0000022052
  0.0000017671
  0.0000050605
 -0.0000016050
  0.0000031535
  0.0000035358
 -0.0000026045
  0.0000009477
  0.0000011566
  0.0000038065
 -0.0000043102
  0.0000049537
  0.0000034846
  0.0000233553
  0.0000018997
 -0.0000132594
  0.0000013064
 -0.0000006262
 -0.0000043329
 -0.0000009948
 -0.0000023860
 -0.0000039293
 -0.0000113545
 -0.0000008269
  0.0000112055
 -0.0000041711
  0.0000012659
  0.0000092386
 -0.0000028680
 -0.0000177102
  0.0000118137
  0.0000136367
 -0.0000109291
  0.0000045638
  0.0000229405
 -0.0000273443
  0.0000157981
  0.0000224568
 -0.0000229430
  0.0000130121
 -0.0000137597
  0.0000266104
 -0.0000107367
 -0.0000186096
 -0.0000233200
 -0.0001062830
  0.0001554184
  0.0000018872
 -0.0000171517
 -0.0000021619
  0.0000159469
 -0.0000050166
  0.0000505560
 -0.0000748879
  0.0000536785
 -0.0000077579
 -0.0001037022
  0.0001620226
 -0.0000667294
  0.0000055007
  0.0000002803
 -0.0001269350
 -0.0000005083
 -0.0000141024
 -0.0000028119
  0.0000181316
  0.0000063073
 -0.0000007574
 -0.0000256875
  0.0000401775
 -0.0000127436
  0.0000062928
 -0.0000095086
 -0.0000332481
  0.0000310270
  0.0000032061
 -0.0000189832
 -0.0000108441
  0.0000031823
 -0.0000022396
 -0.0000036241
 -0.0000045379
  0.0000079529
 -0.0000202196
  0.0000073543
  0.0000351117
  0.0000044504
  0.0000303270
 -0.0000054279
  0.0000325760
 -0.0000300874
 -0.0000023770
  0.0000010532
  0.0000366071
  0.0000092377
  0.0000101573
 -0.0000047308
 -0.0000028886
 -0.0000054670
 -0.0000046300
  0.0000017926
  0.0000068888
 -0.0000050311
 -0.0000045237
 -0.0000038181
 -0.0000022617
 -0.0000050567
  0.0000014072
  0.0000039794
  0.0000035438
 -0.0000044805
  0.0000053171
 -0.0000054730
 -0.0000043239
 -0.0000001467
  0.0000016994
  0.0000003446
 -0.0000050165
  0.0000043170
 -0.0000029625
 -0.0000052543
 -0.0000072902
  0.0000086866
  0.0000051113
 -0.0000046412
  0.0000016803
  0.0000102407
 -0.0000036023
  0.0000008880
 -0.0000033315
 -0.0000000524
  0.0000012924
 -0.0000046957
  0.0000004832
  0.0000121564
  0.0000041541
 -0.0000090261
  0.0000065044
 -0.0000015227
  0.0000017339
 -0.0000117984
  0.0000031270
  0.0000072561
  0.0000269948
  0.0000002235
 -0.0000113532
 -0.0000030234
  0.0000090725
 -0.0000021998
  0.0000010058
 -0.0000019522
 -0.0000030857
 -0.0000169038
  0.0000073671
 -0.0000059835
  0.0000054924
 -0.0000032766
 -0.0000021092
 -0.0000097732
 -0.0000155823
  0.0000149197
  0.0000030290
 -0.0000098316
  0.0000151419
  0.0000256272
 -0.0000110464
  0.0000196533
  0.0000535006
 -0.0000108697
  0.0000012058
 -0.0000121568
  0.0000138942
 -0.0000443827
 -0.0000194637
 -0.0000131435
 -0.0001779350
 -0.0000191380
  0.0000191712
 -0.0000174749
  0.0000093483
 -0.0000216173
  0.0000007598
  0.0000576393
 -0.0000053373
  0.0000441160
 -0.0000141751
 -0.0002581353
  0.0001138934
 -0.0001228049
 -0.0000052947
 -0.0000192396
 -0.0000729855
  0.0000219853
 -0.0000032097
 -0.0000039009
  0.0000292518
  0.0000311820
 -0.0000073347
  0.0000874536
  0.0000060062
  0.0000016425
 -0.0000012789
 -0.0000211939
  0.0000628446
  0.0000027335
 -0.0000252017
 -0.0000093900
 -0.0000028532
 -0.0000001865
 -0.0000062117
 -0.0000012731
  0.0000050961
  0.0000122853
 -0.0000023703
  0.0000363457
 -0.0000001900
  0.0000789938
  0.0000018887
  0.0000253246
 -0.0000134507
 -0.0000094138
  0.0000127066
  0.0000274444
  0.0000085526
  0.0000058853
 -0.0000039641
 -0.0000043143
 -0.0000024862
 -0.0000037876
 -0.0000043503
 -0.0000013132
  0.0000062577
 -0.0000066176
 -0.0000004359
 -0.0000080846
 -0.0000071173
  0.0000031776
  0.0000072353
  0.0000027154
 -0.0000020888
  0.0000062269
 -0.0000026175
 -0.0000039343
  0.0000005151
 -0.0000054686
 -0.0000004663
 -0.0000090878
  0.0000094255
 -0.0000032834
 -0.0000058287
 -0.0000041099
 -0.0000052996
 -0.0000040207
  0.0000024230
  0.0000056395
  0.0000028352
  0.0000028144
 -0.0000029201
 -0.0000072373
  0.0000095962
  0.0000037511
  0.0000041517
 -0.0000079086
  0.0000023323
  0.0000006843
  0.0000073727
 -0.0000030042
 -0.0000124015
  0.0000004630
  0.0000001792
  0.0000074461
 -0.0000019579
 -0.0000108969
  0.0000027795
  0.0000145239
  0.0000040811
 -0.0000064582
 -0.0000001771
  0.0000019732
  0.0000038434
 -0.0000011765
  0.0000011740
  0.0000009623
 -0.0000173473
  0.0000077988
 -0.0000109425
  0.0000059053
 -0.0000020366
  0.0000050464
  0.0000008090
  0.0000061944
  0.0000208895
  0.0000052260
 -0.0000004370
 -0.0000591943
  0.0000370109
 -0.0000231309
 -0.0000243061
 -0.0002186519
  0.0000320260
  0.0000095342
 -0.0000195487
  0.0000135546
 -0.0000237873
 -0.0000047875
  0.0000799956
  0.0002749222
  0.0000328081
 -0.0000153894
 -0.0003410490
  0.0002221684
 -0.0000900026
 -0.0000098491
  0.0000223526
  0.0000615330
  0.0000316572
 -0.0000051845
  0.0000261561
  0.0000187417
 -0.0000163718
 -0.0000106310
 -0.0000147455
  0.0000279392
  0.0000039743
  0.0000011442
 -0.0000031995
 -0.0000067189
 -0.0000316727
  0.0000010030
  0.0000080742
 -0.0000002491
 -0.0000017948
 -0.0000049837
  0.0000409752
 -0.0000139716
 -0.0000035464
  0.0000528041
  0.0000016347
  0.0000159411
 -0.0000306056
  0.0000371693
  0.0000028798
  0.0000069165
 -0.0000119076
  0.0000021240
 -0.0000016127
 -0.0000222585
  0.0000000193
  0.0000023482
 -0.0000045413
  0.0000028338
 -0.0000017770
 -0.0000062314
 -0.0000058799
 -0.0000003946
  0.0000003099
 -0.0000012657
  0.0000050054
  0.0000041673
 -0.0000027894
  0.0000017993
  0.0000051095
  0.0000051015
 -0.0000009179
  0.0000015948
 -0.0000011622
  0.0000027068
  0.0000017412
 -0.0000026214
 -0.0000001589
  0.0000013295
  0.0000044240
  0.0000016181
 -0.0000029414
  0.0000001403
  0.0000138177
 -0.0000105346
 -0.0000029466
 -0.0000008363
  0.0000056323
  0.0000029409
 -0.0000066616
  0.0000041800
  0.0000018729
  0.0000033759
 -0.0000019412
 -0.0000126092
 -0.0000000725
  0.0000016672
  0.0000080187
 -0.0000001505
 -0.0000004006
 -0.0000030814
  0.0000157726
  0.0000011860
 -0.0000078577
  0.0000012532
 -0.0000049894
 -0.0000005155
  0.0000005297
  0.0000038023
  0.0000012139
 -0.0000162229
  0.0000093554
 -0.0000027691
 -0.0000098302
  0.0000036860
 -0.0000016452
  0.0000070635
  0.0000027104
  0.0000221472
  0.0000114589
 -0.0000238994
 -0.0000126611
  0.0000306482
  0.0000124760
 -0.0000122625
 -0.0000146685
  0.0000384359
 -0.0000647864
 -0.0000330775
 -0.0000222596
  0.0000507461
 -0.0000369326
 -0.0000084978
 -0.0000221413
 -0.0002385559
 -0.0000952696
  0.0000301459
 -0.0000284861
  0.0000126754
 -0.0000308761
  0.0000085300
  0.0000853430
  0.0001474385
  0.0000189541
 -0.0000115174
 -0.0002567893
  0.0001419771
  0.0000610479
 -0.0000068108
  0.0000411764
 -0.0000280064
  0.0000269799
  0.0000046773
  0.0000260016
  0.0000208564
 -0.0000004603
 -0.0000000812
  0.0000436608
  0.0000094731
  0.0000024724
  0.0000033491
 -0.0000383756
 -0.0000348539
  0.0000018963
  0.0000133466
  0.0000024363
 -0.0000064035
 -0.0000034672
  0.0000321806
  0.0000000607
  0.0000005248
  0.0000439224
  0.0000027766
  0.0000167700
  0.0000372071
  0.0000404328
  0.0000056133
 -0.0000044348
 -0.0000024700
  0.0000037542
 -0.0000269408
 -0.0000723396
  0.0000071849
  0.0000048984
  0.0000028110
  0.0000034936
  0.0000017971
  0.0000036330
  0.0000037800
 -0.0000002674
  0.0000077595
  0.0000007381
  0.0000085643
  0.0000027520
  0.0000030184
  0.0000016927
  0.0000071892
  0.0000010666
  0.0000029021
  0.0000001520
  0.0000033730
  0.0000041242
  0.0000013769
  0.0000090047
 -0.0000028529
 -0.0000045639
  0.0000006121
  0.0000060828
  0.0000028036
 -0.0000032306
  0.0000013861
  0.0000044746
  0.0000072037
  0.0000015795
  0.0000043242
 -0.0000004936
  0.0000069511
  0.0000082390
  0.0000005213
  0.0000027468
  0.0000253693
  0.0000041161
 -0.0000099541
  0.0000035761
  0.0000012829
 -0.0000013049
 -0.0000004359
  0.0000023258
  0.0000101643
 -0.0000104267
  0.0000049726
  0.0000019802
 -0.0000059162
  0.0000053073
  0.0000027852
  0.0000013721
  0.0000093130
  0.0000012408
 -0.0000095352
 -0.0000091978
 -0.0000146440
 -0.0000304480
  0.0000276969
 -0.0000146960
 -0.0000030790
  0.0000084737
 -0.0000302613
 -0.0000060094
 -0.0000171945
  0.0000283532
  0.0000120035
 -0.0000125125
 -0.0000167403
 -0.0002016667
  0.0000974034
  0.0000012179
  0.0000081064
  0.0000171006
  0.0000574421
  0.0000003095
  0.0000782581
 -0.0000438281
  0.0000791032
 -0.0000039290
 -0.0002852378
  0.0000499485
  0.0003107339
  0.0000458374
  0.0000046680
 -0.0001368012
 -0.0000029116
  0.0000014030
 -0.0000262350
  0.0000117304
 -0.0000280695
  0.0000036121
  0.0000106114
  0.0000035992
 -0.0000285405
  0.0000041908
  0.0000007567
  0.0000269314
 -0.0000466171
 -0.0000080954
 -0.0000205417
  0.0000062422
  0.0000138182
  0.0000081283
  0.0000234935
 -0.0000376924
  0.0000031304
  0.0000085083
  0.0000054869
  0.0000004425
  0.0000013835
  0.0000067536
 -0.0000050552
  0.0000057851
  0.0000038852
  0.0000062836
  0.0000078615
 -0.0000004659
  0.0000045836
  0.0000033628
  0.0000100677
 -0.0000123722
  0.0000112866
  0.0000138799
  0.0000064123
  0.0000359892
  0.0000069120
  0.0000343456
  0.0000007600
 -0.0000071248
  0.0000085327
  0.0000098021
  0.0000051358
  0.0000022945
 -0.0000006716
  0.0000028350
 -0.0000069105
 -0.0000058403
 -0.0000001749
  0.0000034053
  0.0000132878
  0.0000075019
 -0.0000078202
 -0.0000039368
 -0.0000049418
 -0.0000255405
 -0.0000065369
 -0.0000106282
  0.0000107396
 -0.0000017433
 -0.0000203158
 -0.0000018325
 -0.0000074847
  0.0000168089
 -0.0000013551
  0.0000039330
  0.0000027778
  0.0003147686
 -0.0002119091
  0.0000611729
 -0.0000013603
  0.0000244496
  0.0000129833
 -0.0000147783
  0.0000099614
 -0.0000890857
  0.0000234346
  0.0000077689
 -0.0005919174
  0.0000760436
 -0.0003199895
 -0.0000179164
  0.0000544088
  0.0001060249
 -0.0000045421
 -0.0000305016
 -0.0000059028
 -0.0000012757
 -0.0000077745
  0.0000504623
  0.0000015886
  0.0000091174
 -0.0000179642
 -0.0000156259
 -0.0000112457
  0.0000334808
  0.0000093079
 -0.0000070445
  0.0000052385
 -0.0000812338
 -0.0000234458
 -0.0000172381
 -0.0000173771
  0.0000074198
 -0.0000056521
  0.0000115962
  0.0000185315
 -0.0000036496
  0.0000136174
 -0.0000086131
 -0.0000071729
  0.0000006351
  0.0000030702
 -0.0000053732
  0.0000002878
 -0.0000006324
 -0.0000019977
  0.0000031239
  0.0000017642
 -0.0000254728
 -0.0000080606
 -0.0000238330
 -0.0000124917
  0.0000006069
  0.0000481360
  0.0000300308
 -0.0000157416
 -0.0000226059
 -0.0000294905
 -0.0000412119
 -0.0000114175
  0.0000088141
  0.0000026199
 -0.0000050366
 -0.0000074287
 -0.0000038452
 -0.0000209076
  0.0000022005
  0.0000056756
 -0.0000071855
  0.0000131089
  0.0000057647
 -0.0000000121
  0.0000060012
 -0.0000058930
 -0.0000085327
  0.0000769207
  0.0000292910
  0.0000287759
  0.0000170904
 -0.0000202014
  0.0000748661
  0.0001710381
  0.0000014012
 -0.0002443968
  0.0001320078
  0.0000178142
 -0.0000493250
 -0.0002364198
  0.0000017355
  0.0000118424
  0.0000067331
 -0.0000038024
  0.0000035950
  0.0000087250
  0.0000020775
  0.0000306812
  0.0000044733
  0.0000090786
 -0.0000020685
 -0.0000294499
  0.0000016887
 -0.0000034902
 -0.0000054531
  0.0000105973
  0.0000110258
 -0.0000210759
  0.0000051150
 -0.0000043242
  0.0000161745
  0.0000020992
  0.0000102396
 -0.0000033734
 -0.0000000484
  0.0000026620
 -0.0000003246
  0.0000734727
  0.0000088289
 -0.0000090363
  0.0000135859
  0.0000035949
  0.0000066971
 -0.0000011063
 -0.0000102972
  0.0000080985
 -0.0000021559
 -0.0000033052
 -0.0000073783
 -0.0000026398
 -0.0000192305
 -0.0000075887
  0.0000000331
 -0.0000051167
  0.0000082007
 -0.0000033133
  0.0000014230
 -0.0000047689
  0.0000116338
 -0.0000125184
  0.0000082139
 -0.0000009702
  0.0000144056
  0.0000087021
  0.0000291525
  0.0000043695
  0.0000286805
 -0.0000067976
 -0.0000126198
  0.0000069288
  0.0000057033
  0.0000014685
 -0.0000058413
 -0.0000088904
 -0.0000009361
 -0.0000024491
 -0.0000150662
  0.0000050172
 -0.0000068229
 -0.0000039748
  0.0000015914
  0.0000093723
  0.0000124990
  0.0000036853
  0.0000012697
 -0.0000005281
 -0.0000315775
  0.0000026067
 -0.0000030318
  0.0000154737
  0.0000039125
 -0.0000157016
 -0.0000138792
 -0.0000025349
  0.0000153073
  0.0000048086
 -0.0000022862
 -0.0000034202
  0.0004529241
 -0.0000658000
  0.0000631302
  0.0000025034
  0.0000211321
  0.0000390006
 -0.0000086652
  0.0000222776
 -0.0001331143
  0.0000191427
  0.0000056022
 -0.0004049677
  0.0000916689
 -0.0003886363
  0.0000399997
  0.0000593484
  0.0002644552
  0.0000023831
  0.0000080137
 -0.0000013018
 -0.0000202861
  0.0000192016
 -0.0000027171
 -0.0000301478
  0.0000740352
 -0.0000089643
 -0.0000161956
 -0.0000083258
  0.0000111142
 -0.0000259783
  0.0000491948
  0.0000036569
  0.0000210885
 -0.0001219204
 -0.0000140454
  0.0000314009
  0.0000192692
 -0.0000035157
 -0.0000003874
 -0.0000020219
  0.0000409617
  0.0000039608
 -0.0000002599
  0.0000084394
 -0.0000137741
  0.0000052899
  0.0000068452
  0.0000092276
  0.0000075565
  0.0000066813
  0.0000046350
  0.0000082814
  0.0000004146
  0.0000087768
  0.0000022068
  0.0000086357
  0.0000118661
  0.0000028271
  0.0000040186
  0.0000085233
  0.0000138004
 -0.0000050794
  0.0000072105
  0.0000164367
  0.0000098683
  0.0000348180
  0.0000278820
  0.0000051965
 -0.0000022887
  0.0000145776
  0.0000123270
  0.0000084350
  0.0000052690
  0.0000010668
 -0.0000009516
 -0.0000008480
 -0.0000003689
  0.0000047497
 -0.0000007700
  0.0000060906
  0.0000085817
  0.0000134222
 -0.0000096379
 -0.0000064954
 -0.0000026807
 -0.0000261582
  0.0000079367
 -0.0000113181
  0.0000092010
 -0.0000014277
 -0.0000226469
 -0.0000086783
 -0.0000073671
  0.0000149528
  0.0000025304
  0.0000007538
 -0.0000053134
  0.0004487650
 -0.0000631419
  0.0000632601
  0.0000001214
  0.0000268988
  0.0000346337
 -0.0000053320
  0.0000240316
 -0.0001244042
  0.0000193898
  0.0000047105
 -0.0004595519
  0.0000923656
 -0.0004186579
  0.0000294012
  0.0000686055
  0.0002226087
 -0.0000049364
  0.0000192539
 -0.0000346868
 -0.0000179565
 -0.0000075348
 -0.0000064215
  0.0000668455
  0.0000018601
 -0.0000245311
 -0.0000201038
 -0.0000196112
  0.0000421275
  0.0000064623
 -0.0000008982
 -0.0001035768
 -0.0000289914
 -0.0000250126
 -0.0000248250
  0.0000043643
 -0.0000064114
  0.0000065210
  0.0000354222
 -0.0000029386
  0.0000087894
 -0.0000133132
 -0.0000128759
 -0.0000100870
  0.0000001332
  0.0000051321
  0.0000179663
  0.0000075607
  0.0000014137
  0.0000064267
 -0.0000044630
 -0.0000021018
 -0.0000001393
  0.0000105545
 -0.0000181062
 -0.0000151040
 -0.0000171751
 -0.0000128945
 -0.0000202259
  0.0000447487
 -0.0000076151
  0.0000316935
  0.0000082783
 -0.0000034317
 -0.0000033431
  0.0000060992
  0.0000027876
  0.0000057329
 -0.0000052737
 -0.0000009127
 -0.0000009334
 -0.0000064721
 -0.0000014765
 -0.0000017183
 -0.0000146659
  0.0000094686
  0.0000008314
 -0.0000037938
 -0.0000065774
  0.0000069339
 -0.0000140506
  0.0000086519
  0.0000015938
 -0.0000132469
 -0.0000074586
  0.0000086041
 -0.0000098018
  0.0000092434
  0.0000042764
 -0.0000008288
  0.0000172086
 -0.0000406231
 -0.0001909383
  0.0000101263
 -0.0000259489
  0.0000348001
  0.0000078417
 -0.0000389223
  0.0000664071
  0.0001093444
 -0.0000549710
 -0.0000237088
 -0.0000697595
 -0.0000230602
  0.0000836415
 -0.0000339391
  0.0000027667
 -0.0001204439
 -0.0000014417
  0.0000122124
  0.0000232933
  0.0000044644
 -0.0000097502
 -0.0000018940
 -0.0000011602
  0.0000277471
 -0.0000037935
  0.0000045659
 -0.0000260570
  0.0000218278
 -0.0000068635
 -0.0000091375
 -0.0000281646
  0.0000211037
 -0.0000116138
 -0.0000051819
  0.0000037782
 -0.0000091562
  0.0000287505
  0.0000043043
  0.0000013027
  0.0000025867
 -0.0000131022
 -0.0000151505
 -0.0000243159
  0.0000006386
 -0.0000051444
  0.0000053537
 -0.0000016645
 -0.0000006672
  0.0000010566
  0.0000056317
 -0.0000020414
 -0.0000013340
 -0.0000002474
 -0.0000008381
  0.0000040113
 -0.0000015331
  0.0000043843
 -0.0000030447
 -0.0000000834
  0.0000033472
  0.0000035675
  0.0000004666
 -0.0000085954
  0.0000018419
  0.0000026512
 -0.0000003698
  0.0000157789
  0.0000215641
  0.0000009753
 -0.0000128413
 -0.0000003272
  0.0000009555
  0.0000007766
  0.0000030540
  0.0000042447
 -0.0000090702
 -0.0000139086
  0.0000002672
 -0.0000056654
 -0.0000058106
  0.0000019347
 -0.0000024151
 -0.0000001339
  0.0000030834
  0.0000179469
 -0.0000049571
 -0.0000009470
  0.0000022237
 -0.0000235872
 -0.0000200352
 -0.0000076989
  0.0000128562
  0.0000016432
 -0.0000189431
 -0.0000032904
 -0.0000052946
  0.0000166830
  0.0000073356
  0.0000059266
 -0.0000067743
  0.0002494117
  0.0002084959
  0.0000105016
 -0.0000120212
  0.0000116569
 -0.0000149756
  0.0000012018
  0.0000081679
 -0.0002674913
  0.0000109073
  0.0000048660
  0.0004218646
 -0.0000489071
 -0.0000752846
  0.0000241164
  0.0000451782
  0.0002343314
 -0.0000009492
 -0.0000189763
 -0.0000048548
  0.0000063312
 -0.0000261213
 -0.0000027152
 -0.0000061205
 -0.0000104920
 -0.0000048967
 -0.0000200763
  0.0000145631
 -0.0001366971
  0.0000160960
  0.0000273064
 -0.0000025303
 -0.0000596287
  0.0000029356
  0.0000060154
  0.0000080694
 -0.0000083395
 -0.0000048923
 -0.0000010313
  0.0000078363
  0.0000105561
 -0.0000087353
 -0.0000035518
 -0.0000033306
  0.0000122447
  0.0000055831
 -0.0000022488
 -0.0000060677
  0.0000108925
 -0.0000005604
  0.0000119934
 -0.0000044639
  0.0000153330
  0.0000031030
 -0.0000017529
 -0.0000024641
  0.0000101698
 -0.0000030321
 -0.0000098703
 -0.0000002936
  0.0000062174
  0.0000051309
 -0.0000065606
  0.0000339579
  0.0000013756
  0.0000186710
  0.0000070514
 -0.0000029440
  0.0000092344
  0.0000094696
  0.0000050678
  0.0000105138
  0.0000115405
 -0.0000132651
 -0.0000086255
  0.0000001842
  0.0000062875
 -0.0000062235
 -0.0000065844
 -0.0000004956
 -0.0000022866
  0.0000017506
 -0.0000015638
 -0.0000087823
 -0.0000102369
 -0.0000559922
  0.0000202484
 -0.0000154714
  0.0000028659
 -0.0000020147
 -0.0000231433
 -0.0000020941
 -0.0000124690
  0.0000242994
  0.0000104701
 -0.0000133869
 -0.0000209333
  0.0003026176
  0.0001484244
  0.0000437140
 -0.0000109814
  0.0000208903
 -0.0000131000
 -0.0000126156
 -0.0000084233
 -0.0002478516
  0.0000210192
  0.0000017508
  0.0001106347
  0.0000097160
 -0.0001657241
 -0.0000090323
  0.0000702493
  0.0001460412
  0.0000132204
 -0.0000372673
 -0.0000235123
 -0.0000055772
 -0.0000055379
 -0.0000425715
 -0.0000105889
 -0.0000072208
 -0.0000180104
 -0.0000010650
 -0.0000023915
 -0.0000000400
 -0.0000449527
 -0.0000019894
 -0.0000078426
 -0.0000262640
 -0.0000162292
 -0.0001605863
  0.0000022206
 -0.0000139801
 -0.0000187215
 -0.0000223766
 -0.0000003560
 -0.0000745309
  0.0000132887
  0.0000071973
 -0.0000155209
  0.0000015152
  0.0000017119
  0.0000034937
  0.0000034176
 -0.0000033174
  0.0000010704
  0.0000044037
  0.0000021339
 -0.0000047671
  0.0000011993
  0.0000032308
 -0.0000151572
  0.0000144410
  0.0000078017
 -0.0000017233
  0.0000332097
  0.0000317208
 -0.0000096961
  0.0000032829
  0.0000012717
 -0.0000039955
 -0.0000002535
 -0.0000090378
 -0.0000085861
 -0.0000024583
 -0.0000005454
  0.0000153327
  0.0000150372
 -0.0000042927
 -0.0000044629
 -0.0000005501
 -0.0000035186
 -0.0000105942
  0.0000119974
 -0.0000116927
  0.0000030507
 -0.0000005574
  0.0000056400
 -0.0000227487
  0.0000153085
  0.0000058648
 -0.0000129664
  0.0000037442
  0.0001947702
 -0.0003014372
  0.0000613563
  0.0000080625
  0.0000248013
  0.0000361850
 -0.0000285786
 -0.0000164936
  0.0000612806
  0.0000213910
  0.0000120086
 -0.0005128188
  0.0000391804
 -0.0003040355
 -0.0000145923
  0.0000424775
  0.0000821270
 -0.0000019157
  0.0000205287
 -0.0000062942
  0.0000092396
 -0.0000032938
  0.0000278502
  0.0000596453
  0.0000520495
 -0.0000018131
 -0.0000312434
  0.0000187367
 -0.0000176627
 -0.0000318210
  0.0000040619
 -0.0000134268
  0.0000127005
  0.0000017494
  0.0000159955
  0.0000004998
  0.0000030640
  0.0000019919
 -0.0000165943
 -0.0000027860
 -0.0000285482
  0.0000015788
 -0.0000012620
  0.0000003190
 -0.0000012275
  0.0000034022
  0.0000045870
  0.0000012895
 -0.0000021210
 -0.0000040870
 -0.0000001550
  0.0000013842
  0.0000026505
  0.0000017404
 -0.0000014991
 -0.0000016821
 -0.0000077553
 -0.0000008734
 -0.0000028256
 -0.0000047103
 -0.0000113618
 -0.0000074571
 -0.0000025545
  0.0000006978
 -0.0000092695
 -0.0000168695
 -0.0000068436
 -0.0000028017
 -0.0000062288
 -0.0000078636
  0.0000120742
 -0.0000034476
  0.0000152731
 -0.0000027584
 -0.0000136950
  0.0000021943
 -0.0000012523
 -0.0000080663
 -0.0000044171
 -0.0000057205
 -0.0000178833
 -0.0000135024
 -0.0000055952
 -0.0000131544
 -0.0000070575
 -0.0000030217
 -0.0000058307
  0.0000015376
  0.0000013675
 -0.0000091383
 -0.0000105672
 -0.0000314427
  0.0000374414
 -0.0000049189
  0.0000131309
  0.0000071398
 -0.0000440947
  0.0000001536
 -0.0000039141
  0.0000102100
  0.0000074272
 -0.0000088164
 -0.0000160552
  0.0000914303
 -0.0000400664
  0.0000041438
 -0.0000161981
  0.0000072345
 -0.0000167515
 -0.0000076196
  0.0000060869
 -0.0002978692
 -0.0000062074
 -0.0000045582
  0.0006409130
 -0.0000923765
 -0.0000874756
  0.0000120819
  0.0000382358
  0.0002276945
 -0.0000031489
 -0.0000428856
  0.0000174549
 -0.0000135823
 -0.0000018279
 -0.0000123594
 -0.0000165748
  0.0000107975
 -0.0000180404
 -0.0000231953
 -0.0000008640
 -0.0000016448
 -0.0000048211
 -0.0000144332
 -0.0000094416
 -0.0001050222
  0.0000213530
 -0.0000105138
 -0.0000085806
 -0.0000123781
 -0.0000684624
 -0.0000071165
  0.0000063003
 -0.0000047376
 -0.0000007463
 -0.0000081841
 -0.0000000434
 -0.0000056767
 -0.0000057085
 -0.0000063441
 -0.0000002368
 -0.0000096229
 -0.0000063279
 -0.0000084466
 -0.0000045671
 -0.0000071225
 -0.0000002751
 -0.0000029923
 -0.0000074561
  0.0000013931
 -0.0000022766
 -0.0000069773
 -0.0000087794
 -0.0000022102
  0.0000000124
 -0.0000013284
 -0.0000070663
 -0.0000129141
 -0.0000018692
 -0.0000066663
 -0.0000039650
 -0.0000102074
  0.0000069121
 -0.0000025241
  0.0000127924
 -0.0000079044
 -0.0000146492
 -0.0000062958
 -0.0000002089
 -0.0000038042
 -0.0000034799
 -0.0000050329
 -0.0000128693
 -0.0000186957
 -0.0000027472
 -0.0000104882
 -0.0000140781
 -0.0000033111
 -0.0000061846
 -0.0000014926
 -0.0000072578
  0.0000079248
  0.0000013572
 -0.0000020142
 -0.0000032368
 -0.0000472631
  0.0000242729
 -0.0000110545
  0.0000076405
  0.0000183233
 -0.0000216597
  0.0000050892
 -0.0000071144
  0.0000231205
  0.0000059085
 -0.0000103344
 -0.0000290006
 -0.0002033734
 -0.0003663984
 -0.0000285739
  0.0000074232
 -0.0000094547
  0.0000279604
 -0.0000076984
  0.0000093206
 -0.0000953959
  0.0000165941
 -0.0000019439
  0.0001186024
 -0.0001093132
  0.0002383262
  0.0000405575
  0.0000287742
  0.0002305719
  0.0000016725
 -0.0000100996
  0.0000196812
 -0.0000064049
 -0.0000325948
  0.0000183884
 -0.0000087992
 -0.0000257942
 -0.0000110105
 -0.0000112696
 -0.0000256664
 -0.0000887182
  0.0000157507
 -0.0000069726
  0.0000070905
 -0.0000103079
 -0.0000374238
 -0.0000033300
 -0.0000087666
 -0.0000033664
 -0.0000014318
 -0.0000075015
 -0.0000140537
 -0.0000116609
 -0.0000196623
 -0.0000242014
 -0.0000209487
 -0.0000219032
  0.0000279591
  0.0000253781
 -0.0000150744
 -0.0000045749
 -0.0000184973
 -0.0000081587
 -0.0000128888
 -0.0000177979
 -0.0000109193
 -0.0000206335
  0.0000170381
  0.0000150636
  0.0000049693
  0.0000017897
 -0.0000120234
 -0.0000044322
  0.0000077056
  0.0000093121
  0.0000015397
  0.0000125175
  0.0000174273
  0.0000068081
  0.0000102810
  0.0000036926
  0.0000044048
 -0.0000069217
  0.0000078468
 -0.0002802919
  0.0000051361
 -0.0000283053
  0.0000203143
  0.0000003140
 -0.0000493861
  0.0000235734
  0.0000880369
 -0.0000415343
 -0.0000251190
 -0.0002466985
  0.0000923183
  0.0001435732
 -0.0000416750
  0.0000128419
 -0.0001705536
  0.0000067107
  0.0000139174
 -0.0000041230
  0.0000110727
  0.0000049446
  0.0000115443
  0.0000018070
  0.0000261078
  0.0000019774
  0.0000262876
  0.0000036892
 -0.0000241127
 -0.0000039425
  0.0000021724
  0.0000083884
 -0.0000038202
  0.0000001283
 -0.0000122418
  0.0000027629
  0.0000073205
  0.0000032043
 -0.0000054190
  0.0000394510
  0.0000028942
 -0.0000005738
 -0.0000027019
 -0.0000012212
  0.0000005795
  0.0000007799
  0.0000088823
  0.0000001544
  0.0000035241
 -0.0000011146
  0.0000027940
  0.0000028406
  0.0000020103
 -0.0000020672
 -0.0000094844
 -0.0000008823
 -0.0000150649
 -0.0000218337
 -0.0000259717
 -0.0000164562
 -0.0000012061
  0.0000173280
 -0.0000008375
  0.0000030059
 -0.0000379024
 -0.0000597528
 -0.0000126589
 -0.0000458952
 -0.0000290010
 -0.0000106257
 -0.0000259504
  0.0000142442
  0.0000052468
 -0.0000019196
 -0.0000012976
 -0.0000147376
 -0.0000103998
  0.0000011805
 -0.0000089307
 -0.0000022138
  0.0000119751
  0.0000077896
 -0.0000158611
  0.0000075076
  0.0000008699
 -0.0000007510
  0.0000483544
  0.0000921418
  0.0000123925
 -0.0000046718
  0.0000925068
  0.0001752662
 -0.0000014150
 -0.0000712090
  0.0001459542
  0.0000108433
  0.0000325732
 -0.0002324077
  0.0000033925
  0.0000024789
 -0.0000007724
 -0.0000148314
  0.0000107459
 -0.0000030936
 -0.0000100353
  0.0000190542
 -0.0000104353
  0.0000100917
 -0.0000014712
 -0.0000229901
 -0.0000016900
  0.0000024836
 -0.0000074156
 -0.0000118867
  0.0000094299
  0.0000047521
 -0.0000348403
 -0.0000041196
 -0.0000071513
 -0.0000087029
  0.0000001151
  0.0000022373
 -0.0000030225
 -0.0000093060
  0.0000029454
  0.0000003515
  0.0000548521
 -0.0000024069
 -0.0000003526
  0.0000154052
 -0.0000017398
  0.0000056544
  0.0000036338
  0.0000012832
  0.0000021901
 -0.0000053713
 -0.0000102122
  0.0000428284
  0.0000167500
 -0.0000088951
 -0.0000147262
 -0.0000030118
 -0.0000114986
 -0.0000101414
 -0.0000039713
  0.0000078662
  0.0000017643
 -0.0000054845
 -0.0000079090
 -0.0000047023
 -0.0000209382
  0.0000019175
  0.0000051569
 -0.0000061076
  0.0000112252
  0.0000058390
 -0.0000000668
  0.0000042927
 -0.0000062701
 -0.0000093228
  0.0000402269
 -0.0001850223
 -0.0000204334
 -0.0000220280
  0.0000276277
 -0.0000405474
  0.0002298972
 -0.0000521110
  0.0001863176
 -0.0001481626
 -0.0000729631
  0.0000000017
  0.0000110799
  0.0000059556
 -0.0000077306
  0.0000009397
  0.0000027807
 -0.0000085566
  0.0000170044
  0.0000065670
  0.0000079866
 -0.0000033831
 -0.0000306920
  0.0000011205
 -0.0000004867
 -0.0000069994
 -0.0000264903
  0.0000015006
 -0.0000036497
  0.0000277030
  0.0000029131
  0.0000094055
 -0.0000041996
 -0.0000000147
  0.0000016016
  0.0000010351
  0.0000751180
  0.0000003596
  0.0000005872
  0.0000135269
 -0.0000010443
  0.0000056687
  0.0000022254
  0.0000018037
  0.0000003269
 -0.0000031249
  0.0000001860
 -0.0000010629
 -0.0000039066
  0.0000034337
  0.0000022424
 -0.0000029468
  0.0000100322
 -0.0000019594
 -0.0000026091
 -0.0000041012
  0.0000013832
 -0.0000068347
 -0.0000000698
 -0.0000088881
 -0.0000064444
 -0.0000033872
 -0.0000001141
 -0.0000056150
 -0.0000139061
 -0.0000094467
 -0.0000043259
 -0.0000022192
 -0.0000067302
  0.0000067177
 -0.0000051332
  0.0000171255
 -0.0000042810
 -0.0000197085
 -0.0000056011
 -0.0000039933
 -0.0000092545
 -0.0000005070
 -0.0000030492
 -0.0000132154
 -0.0000194804
 -0.0000022152
 -0.0000109365
 -0.0000018566
 -0.0000073906
 -0.0000056985
 -0.0000084361
  0.0000089139
  0.0000043311
 -0.0000020468
 -0.0000019857
 -0.0000284292
  0.0000404148
 -0.0000015800
  0.0000165832
  0.0000059372
 -0.0000368683
  0.0000071242
 -0.0000002935
  0.0000148914
  0.0000157201
 -0.0000053810
 -0.0000203221
  0.0000306611
 -0.0001549378
  0.0000002282
 -0.0000075988
  0.0000039670
 -0.0000051687
 -0.0000126877
  0.0000063699
 -0.0001771466
 -0.0000167108
 -0.0000101279
  0.0006642795
 -0.0001344618
  0.0000251514
  0.0000167352
  0.0000203039
  0.0002953926
 -0.0000002936
 -0.0000326248
  0.0000160691
 -0.0000119469
 -0.0000091635
  0.0000029589
  0.0000101302
 -0.0000187484
 -0.0000009310
 -0.0000088285
 -0.0000173778
 -0.0000029996
 -0.0000153857
 -0.0000004873
 -0.0000661495
  0.0000080300
 -0.0000138717
  0.0000031446
 -0.0000091068
 -0.0000191290
 -0.0000135193
  0.0000126130
  0.0000052376
  0.0000002747
  0.0000028325
 -0.0000056265
 -0.0000025557
  0.0000094391
 -0.0000022090
  0.0000041940
  0.0000044667
  0.0000020022
  0.0000079662
 -0.0000071133
  0.0000075505
  0.0000024559
  0.0000151980
 -0.0000106597
  0.0000341976
  0.0000206932
  0.0000098403
  0.0000339941
  0.0000110887
  0.0000292213
 -0.0000005409
 -0.0000126694
 -0.0000037278
  0.0000069992
 -0.0000002289
  0.0000015544
 -0.0000006629
  0.0000054328
 -0.0000044936
 -0.0000070816
  0.0000049656
 -0.0000033964
  0.0000016706
  0.0000067469
  0.0000352621
  0.0000089447
 -0.0000003224
 -0.0000027410
 -0.0000048862
 -0.0000153194
  0.0000075808
 -0.0000028264
  0.0000191039
 -0.0000018063
 -0.0000159519
  0.0000048248
  0.0000014187
  0.0000223691
  0.0000012649
  0.0000127868
  0.0000115948
  0.0002143063
 -0.0003107083
  0.0000729552
  0.0000284421
  0.0000342045
  0.0000555688
 -0.0000202014
  0.0000076286
  0.0000709278
  0.0000233014
  0.0000310337
 -0.0004978123
  0.0000787394
 -0.0003680466
  0.0000029019
  0.0000323753
  0.0001342659
  0.0000024739
 -0.0000084944
  0.0000076370
 -0.0000061093
 -0.0000056594
  0.0000621680
  0.0000102700
  0.0000302050
  0.0000122301
  0.0000100782
  0.0000218011
  0.0000046027
 -0.0000168833
  0.0000177758
 -0.0000037532
  0.0000193093
  0.0000076179
 -0.0000077769
 -0.0000047856
 -0.0000234548
  0.0000186368
  0.0000022091
 -0.0000190426
  0.0000355892
 -0.0000072457
  0.0000274014
 -0.0000145713
  0.0000121100
  0.0000067392
  0.0000020290
  0.0000039890
  0.0000059814
  0.0000060853
  0.0000006399
  0.0000001469
  0.0000045805
  0.0000095939
 -0.0000033981
  0.0000084253
  0.0000075502
 -0.0000026786
  0.0000024883
  0.0000137514
  0.0000034538
  0.0000270985
  0.0000221250
 -0.0000042866
  0.0000070029
  0.0000024421
  0.0000016309
 -0.0000023561
 -0.0000077026
  0.0000016429
 -0.0000036193
  0.0000008430
  0.0000034314
 -0.0000006970
  0.0000054679
  0.0000035028
  0.0000127615
 -0.0000049038
  0.0000003630
 -0.0000016694
  0.0000033184
 -0.0000200648
  0.0000062149
 -0.0000133671
  0.0000006229
 -0.0000007907
  0.0000016788
 -0.0000235754
  0.0000150698
  0.0000030210
 -0.0000071276
 -0.0000112926
  0.0004146378
 -0.0000696633
  0.0000575254
 -0.0000062412
  0.0000278011
  0.0000274170
 -0.0000087843
  0.0000192644
 -0.0001124820
  0.0000154435
  0.0000002313
 -0.0005464246
  0.0000882048
 -0.0003705792
  0.0000109841
  0.0000731630
  0.0001489745
 -0.0000031431
  0.0000180022
 -0.0000174475
  0.0000048950
 -0.0000042996
  0.0000561837
  0.0000050002
 -0.0000210137
  0.0000166576
 -0.0000254364
 -0.0000286238
 -0.0000215654
 -0.0000154172
 -0.0000888048
 -0.0000013743
 -0.0000136485
 -0.0000412497
  0.0000015948
  0.0000056686
  0.0000256972
  0.0000023483
 -0.0000100858
  0.0000010383
 -0.0000206611
  0.0000026580
  0.0000069308
  0.0000054202
 -0.0000003056
  0.0000042155
  0.0000020060
  0.0000023555
 -0.0000188851
 -0.0000192895
  0.0000536673
 -0.0000227066
 -0.0000028981
 -0.0000195353
  0.0000351223
  0.0000328135
  0.0000408678
  0.0000144875
 -0.0000239497
  0.0000069274
 -0.0000030409
 -0.0000067360
 -0.0000152686
  0.0000006370
 -0.0000113044
 -0.0000048242
  0.0000174998
 -0.0000171663
  0.0000265522
 -0.0000007136
  0.0000118086
 -0.0000204445
  0.0000026160
 -0.0000170898
 -0.0000038162
  0.0000505885
 -0.0000001260
  0.0003020413
  0.0000573907
  0.0001662485
  0.0001440177
  0.0000446000
 -0.0000072046
 -0.0004713394
 -0.0001408777
  0.0000038015
 -0.0002997377
 -0.0000036015
 -0.0000019358
 -0.0000017450
 -0.0000047685
 -0.0000050124
 -0.0000172389
 -0.0000143083
 -0.0000056752
 -0.0000261629
 -0.0000020626
 -0.0000092467
 -0.0000182282
 -0.0000088060
 -0.0000086317
 -0.0000052321
 -0.0000119030
  0.0000015966
 -0.0000079818
  0.0000004344
 -0.0000036370
 -0.0000112422
 -0.0000477448
 -0.0000067008
  0.0000068188
 -0.0000071132
 -0.0000119570
 -0.0000115169
 -0.0000086064
  0.0000132255
 -0.0000040800
 -0.0000124978
 -0.0000010880
 -0.0000035172
 -0.0000063479
  0.0000021800
  0.0000050791
 -0.0000005587
 -0.0000007484
 -0.0000004686
 -0.0000008873
 -0.0000027992
 -0.0000030688
 -0.0000021989
  0.0000014941
  0.0000005498
 -0.0000030356
 -0.0000002911
 -0.0000032713
  0.0000029897
 -0.0000048854
 -0.0000015550
  0.0000021726
  0.0000039468
 -0.0000014632
 -0.0000102023
 -0.0000031977
  0.0000015765
  0.0000014788
 -0.0000022048
  0.0000146461
  0.0000015138
  0.0000209830
  0.0000012983
 -0.0000147103
 -0.0000019349
 -0.0000011295
 -0.0000007672
 -0.0000010335
 -0.0000015426
 -0.0000092061
 -0.0000153285
 -0.0000008429
 -0.0000057735
 -0.0000072534
  0.0000018301
 -0.0000029032
 -0.0000014507
 -0.0000020664
  0.0000160637
  0.0000094949
  0.0000031847
  0.0000015422
 -0.0000227705
  0.0000353822
 -0.0000020000
  0.0000201474
  0.0000009515
 -0.0000122520
 -0.0000103389
  0.0000047332
  0.0000209149
  0.0000095211
 -0.0000003863
 -0.0000104460
  0.0001161157
 -0.0000371763
  0.0000128829
 -0.0000068927
  0.0000085960
 -0.0000086334
 -0.0000055317
  0.0000130196
 -0.0003083166
 -0.0000073758
 -0.0000014063
  0.0006875787
 -0.0000919981
 -0.0000450557
  0.0000206649
  0.0000304095
  0.0002010873
  0.0000133626
 -0.0000331517
 -0.0000052528
 -0.0000209642
  0.0000006731
 -0.0000125369
  0.0000153643
  0.0000109094
 -0.0000094175
  0.0000023830
 -0.0000112274
 -0.0000008812
 -0.0001152587
  0.0000062191
 -0.0000224159
 -0.0000058289
  0.0000116132
 -0.0000665779
 -0.0000037668
  0.0000032307
 -0.0000017000
  0.0000025681
 -0.0000009159
 -0.0000008068
  0.0000033101
  0.0000018610
  0.0000002716
 -0.0000066192
 -0.0000194014
  0.0000068688
 -0.0000084965
 -0.0000101270
 -0.0000174438
  0.0000155557
  0.0000083457
 -0.0000019765
 -0.0000010870
 -0.0000071349
 -0.0000042015
  0.0000091546
 -0.0000004503
 -0.0000057485
  0.0000187241
  0.0000132670
  0.0000007956
  0.0000033966
  0.0000034387
 -0.0000047581
  0.0000598013
 -0.0000183883
  0.0000274236
  0.0000077183
  0.0001864626
  0.0001608960
  0.0000354155
  0.0001239399
  0.0000094706
 -0.0001159444
 -0.0002446376
  0.0000078606
  0.0000090917
  0.0000058430
  0.0000029830
  0.0000033206
 -0.0000001671
 -0.0000028800
  0.0000151523
 -0.0000113799
  0.0000100394
  0.0000037626
 -0.0000193662
  0.0000012977
 -0.0000090725
 -0.0000059611
 -0.0000006552
  0.0000080098
 -0.0000009282
 -0.0000101681
  0.0000025550
  0.0000105395
  0.0000016090
 -0.0000079095
  0.0000040530
 -0.0000056809
  0.0000529914
 -0.0000007749
 -0.0000013613
  0.0000090419
  0.0000018826
  0.0000058726
  0.0000063486
  0.0000055718
  0.0000010715
  0.0000045392
 -0.0000003556
  0.0000049313
  0.0000015560
  0.0000018232
 -0.0000043985
  0.0000028365
  0.0000005794
  0.0000011373
 -0.0000003590
 -0.0000079138
  0.0000002150
  0.0000041258
 -0.0000029528
 -0.0000033498
  0.0000018353
  0.0000010022
  0.0000038960
 -0.0000036031
  0.0000219200
 -0.0000001713
  0.0000244723
  0.0000002515
 -0.0000079773
  0.0000050522
  0.0000040184
 -0.0000026395
  0.0000004635
 -0.0000005096
 -0.0000146954
 -0.0000082485
 -0.0000025806
 -0.0000000872
  0.0000001494
  0.0000017789
  0.0000061074
  0.0000023672
  0.0000060910
  0.0000018027
 -0.0000070585
 -0.0000092634
 -0.0000296227
  0.0000466217
 -0.0000063420
  0.0000086012
  0.0000168846
 -0.0000278293
 -0.0000115570
 -0.0000107448
  0.0000097374
  0.0000040297
 -0.0000062413
 -0.0000153548
  0.0002798682
  0.0001616132
  0.0000287737
 -0.0000131287
  0.0000204054
 -0.0000238657
 -0.0000017076
 -0.0000047999
 -0.0002535492
  0.0000223324
  0.0000048808
  0.0002952372
 -0.0000316187
 -0.0001004651
 -0.0000032227
  0.0000631415
  0.0001977707
  0.0000242211
 -0.0000263888
 -0.0000081117
  0.0000127707
  0.0000003083
 -0.0000303003
 -0.0000048266
 -0.0000144726
 -0.0000154217
  0.0000106392
  0.0000058457
 -0.0000265699
 -0.0000069002
 -0.0000108689
 -0.0000185848
 -0.0000062063
 -0.0001441094
 -0.0000007661
 -0.0000316392
  0.0000217474
 -0.0000653030
  0.0000050406
  0.0000043426
 -0.0000048760
 -0.0000012550
  0.0000048177
  0.0000051049
 -0.0000139348
 -0.0000025463
 -0.0000175008
 -0.0000168263
 -0.0000026642
 -0.0000439786
 -0.0000309284
 -0.0000647742
 -0.0000459984
 -0.0000312760
  0.0000307345
  0.0000169136
 -0.0000171963
 -0.0000179106
 -0.0000118700
 -0.0000183272
 -0.0000155989
 -0.0000128127
 -0.0000218391
 -0.0000168839
 -0.0000155484
 -0.0000682275
  0.0000128273
  0.0000101381
 -0.0000018394
 -0.0000028696
 -0.0000047845
  0.0000368391
  0.0000124859
  0.0000102629
  0.0000144036
  0.0000048261
  0.0000088487
 -0.0000016017
  0.0000141157
  0.0000020162
 -0.0000032407
  0.0000048862
 -0.0002363812
  0.0000352274
  0.0000068724
 -0.0000720772
  0.0000216603
 -0.0000386662
 -0.0000480198
  0.0000752247
  0.0000211490
 -0.0000672537
 -0.0000578048
  0.0005504417
 -0.0001404787
 -0.0000913973
 -0.0000212813
  0.0000058593
  0.0000239255
  0.0000044130
  0.0000211424
  0.0000167052
  0.0000013833
  0.0000153716
  0.0000389734
  0.0000121854
  0.0000034136
  0.0000107291
  0.0000147736
 -0.0000126219
 -0.0000043878
  0.0000209360
  0.0000078862
  0.0000172839
 -0.0000056128
  0.0000258522
  0.0000015449
  0.0000157740
  0.0000017900
  0.0000096257
  0.0000052808
  0.0000040123
  0.0001210816
  0.0000087964
  0.0000299067
  0.0000037871
 -0.0000100386
  0.0000022730
 -0.0000009816
  0.0000008820
 -0.0000008172
 -0.0000222148
 -0.0000214730
 -0.0000112808
 -0.0000108233
 -0.0000113931
 -0.0000167526
  0.0000389715
  0.0000344686
 -0.0000568829
 -0.0000182433
  0.0000104725
  0.0000070756
 -0.0000005776
 -0.0000036902
 -0.0000086198
 -0.0000138667
  0.0000076742
 -0.0000046728
 -0.0000088795
  0.0000160638
  0.0000119457
 -0.0000006413
  0.0000004429
 -0.0000006981
 -0.0000057393
 -0.0001682522
  0.0001955030
 -0.0000099202
  0.0000262346
  0.0000766919
  0.0001864904
 -0.0000107428
 -0.0000002275
  0.0001003980
 -0.0000079886
  0.0000478146
 -0.0002342214
  0.0000073912
  0.0000037891
  0.0000041496
  0.0000002744
 -0.0000046709
 -0.0000004973
 -0.0000108712
  0.0000000802
 -0.0000177718
  0.0000024275
 -0.0000079808
 -0.0000221368
  0.0000008238
 -0.0000145749
 -0.0000098570
  0.0000104060
  0.0000036928
 -0.0000036515
  0.0000053773
 -0.0000033887
 -0.0000149131
  0.0000019501
  0.0000088415
 -0.0000003431
 -0.0000167233
  0.0000021230
 -0.0000249984
  0.0000380648
 -0.0000083119
  0.0000094985
  0.0000061210
 -0.0000064213
  0.0000029657
  0.0000110177
  0.0000026455
  0.0000053407
  0.0000028201
  0.0000092777
  0.0000076794
  0.0000019995
  0.0000053103
 -0.0000235757
 -0.0000269012
  0.0000207081
 -0.0000038097
  0.0000103167
 -0.0000065530
  0.0000486955
 -0.0000097812
 -0.0000005593
 -0.0000072105
 -0.0000234026
  0.0000026693
 -0.0000099965
 -0.0000034383
 -0.0000131105
 -0.0000180265
 -0.0000207022
 -0.0000149769
 -0.0000027623
 -0.0000136430
  0.0000066428
  0.0000024275
 -0.0000067051
 -0.0000106368
 -0.0000059852
 -0.0000268531
  0.0000027905
  0.0000002191
 -0.0000087788
  0.0000131806
  0.0000061503
  0.0000006487
 -0.0000028073
 -0.0000075419
 -0.0000096434
 -0.0000253645
  0.0000740286
 -0.0000359577
  0.0001702823
 -0.0000188588
  0.0001346864
  0.0000278661
 -0.0000208047
 -0.0000551049
 -0.0000386092
 -0.0000275564
 -0.0002777418
 -0.0000020448
  0.0000090000
  0.0000045524
 -0.0000004913
  0.0000094166
  0.0000103071
 -0.0000070146
  0.0000033201
 -0.0000135537
  0.0000052915
 -0.0000064278
 -0.0000256529
  0.0000000957
  0.0000058183
 -0.0000088544
 -0.0000008658
  0.0000100157
  0.0000054915
 -0.0000107779
  0.0000055196
 -0.0000054370
 -0.0000089746
  0.0000018000
  0.0000087798
  0.0000021136
 -0.0000096264
  0.0000029445
 -0.0000001971
  0.0000384524
 -0.0000038793
 -0.0000058017
  0.0000079414
  0.0000079872
  0.0000030739
  0.0000037566
  0.0000037329
  0.0000021032
 -0.0000018178
  0.0000104509
 -0.0000054454
 -0.0000084486
 -0.0000066648
 -0.0000069101
  0.0000456386
  0.0000079553
 -0.0000104038
 -0.0000071683
  0.0000017434
 -0.0000149829
 -0.0000046223
 -0.0000205374
 -0.0000089700
 -0.0000028355
  0.0000160048
  0.0000100629
  0.0000023403
  0.0000002989
 -0.0000196572
 -0.0000011632
  0.0000037781
 -0.0000061215
 -0.0000005856
  0.0000119176
  0.0000069444
 -0.0000062653
  0.0000085400
  0.0000037507
  0.0000001404
  0.0000467000
 -0.0002095561
 -0.0000278173
 -0.0000209853
  0.0000216127
 -0.0000407360
  0.0002290638
 -0.0000525801
  0.0001621463
 -0.0001659544
 -0.0000813540
  0.0000044516
  0.0000161625
 -0.0000023031
 -0.0000144256
  0.0000044948
  0.0000036292
 -0.0000047096
  0.0000180991
  0.0000020003
  0.0000118850
  0.0000002375
  0.0000137605
 -0.0000011828
 -0.0000144932
 -0.0000080824
  0.0000097141
 -0.0000215329
 -0.0000080346
 -0.0000059119
  0.0000175447
  0.0000015745
  0.0000000346
 -0.0000087194
  0.0000053342
  0.0000049810
  0.0000013462
  0.0000691520
 -0.0000031518
 -0.0000013303
  0.0000327864
  0.0000024980
  0.0000058154
  0.0000004425
 -0.0000040139
  0.0000005105
 -0.0000046097
  0.0000068187
 -0.0000004202
 -0.0000168580
 -0.0000070540
 -0.0000080617
 -0.0000167869
  0.0000031761
  0.0000509179
  0.0000306544
 -0.0000125130
 -0.0000180509
 -0.0000194235
 -0.0000411249
  0.0000044987
  0.0000110677
 -0.0000069932
  0.0000135155
  0.0000096956
  0.0000024463
 -0.0000017028
 -0.0000190658
 -0.0000029483
  0.0000038972
 -0.0000035076
 -0.0000001923
  0.0000083617
  0.0000097643
 -0.0000038452
  0.0000063396
  0.0000000299
 -0.0000024995
  0.0000694811
 -0.0000929062
  0.0000275539
 -0.0000221241
 -0.0000200471
  0.0001730362
  0.0001428889
 -0.0000315516
 -0.0001243662
  0.0001027333
 -0.0000188620
 -0.0001276479
 -0.0002651563
  0.0000032152
  0.0000142834
 -0.0000037765
 -0.0000167283
  0.0000095549
 -0.0000045315
 -0.0000082089
  0.0000141551
  0.0000055886
  0.0000109903
 -0.0000005349
  0.0000095100
 -0.0000018908
  0.0000067808
 -0.0000100597
 -0.0000127123
  0.0000093629
  0.0000096128
 -0.0000243720
 -0.0000067382
 -0.0000064861
  0.0000278893
 -0.0000008798
 -0.0000016498
 -0.0000102630
  0.0000042817
  0.0000008102
 -0.0000001914
  0.0000742234
 -0.0000011320
 -0.0000004848
  0.0000304989
 -0.0000033908
  0.0000047254
  0.0000060608
  0.0000048026
  0.0000053106
  0.0000063062
  0.0000017416
  0.0000073730
  0.0000072745
  0.0000071802
  0.0000072136
 -0.0000003391
  0.0000066997
  0.0000088320
  0.0000046788
  0.0000029557
  0.0000127405
  0.0000112547
  0.0000027508
  0.0000225270
  0.0000310544
  0.0000057584
 -0.0000043680
  0.0000116665
  0.0000081481
  0.0000020905
  0.0000033423
 -0.0000073817
 -0.0000016986
  0.0000034263
  0.0000013297
  0.0000059071
  0.0000075923
  0.0000081736
  0.0000122664
  0.0000105581
  0.0000149177
 -0.0000094327
 -0.0000066943
 -0.0000031162
 -0.0000250837
  0.0000101620
 -0.0000102327
  0.0000107823
 -0.0000033668
 -0.0000245215
 -0.0000056934
 -0.0000078228
  0.0000080247
  0.0000082765
 -0.0000001319
 -0.0000105522
  0.0003397519
  0.0001631745
  0.0000529900
  0.0000011990
  0.0000273852
  0.0000046261
  0.0000021856
  0.0000041173
 -0.0002107675
  0.0000330929
  0.0000145352
 -0.0000513297
  0.0000205682
 -0.0002937516
  0.0000142282
  0.0000725690
  0.0001620239
 -0.0000037163
 -0.0000260586
 -0.0000328692
 -0.0000163240
 -0.0000047017
 -0.0000032110
 -0.0000444995
  0.0000155163
 -0.0000321714
 -0.0000235554
 -0.0000140369
  0.0000058716
  0.0000024395
 -0.0001560332
 -0.0000217459
 -0.0000149013
 -0.0000058464
 -0.0000602458
  0.0000248709
  0.0000025671
  0.0000034494
 -0.0000165607
 -0.0000082379
 -0.0000068050
  0.0000003683
 -0.0000003736
  0.0000039805
  0.0000024313
 -0.0000024387
  0.0000044951
 -0.0000138117
 -0.0000151703
 -0.0000029174
 -0.0000050175
 -0.0000052208
 -0.0000061508
 -0.0000115016
  0.0000047068
 -0.0000047169
 -0.0000321156
 -0.0000269604
 -0.0000314476
 -0.0000002316
 -0.0000121437
  0.0000128222
  0.0000095076
 -0.0000011028
 -0.0000025409
 -0.0000008837
 -0.0000089523
  0.0000099125
  0.0000029332
 -0.0000047853
  0.0000215755
  0.0000137098
  0.0000060718
  0.0000053962
 -0.0000027731
 -0.0000030480
 -0.0000743901
 -0.0000243040
  0.0001357418
 -0.0000233921
  0.0001537805
 -0.0000139703
 -0.0000072405
  0.0002913182
 -0.0000343173
 -0.0000062291
 -0.0002532972
  0.0000068432
  0.0000111741
  0.0000097603
  0.0000036387
  0.0000037306
  0.0000065749
 -0.0000054697
  0.0000050684
 -0.0000124748
  0.0000077649
 -0.0000044940
 -0.0000209642
  0.0000053980
  0.0000092486
 -0.0000074653
 -0.0000057324
  0.0000135120
  0.0000082788
 -0.0000047788
  0.0000087778
  0.0000017084
 -0.0000084817
  0.0000060348
  0.0000136629
  0.0000057496
 -0.0000088748
  0.0000044625
 -0.0000035036
  0.0000421043
 -0.0000023156
  0.0000012184
  0.0000098236
  0.0000017955
  0.0000075138
 -0.0000059333
  0.0000033690
 -0.0000029280
  0.0000024896
  0.0000032519
 -0.0000033316
  0.0000043373
 -0.0000150070
  0.0000105531
  0.0000005261
  0.0000277762
  0.0000236628
 -0.0000064575
  0.0000086907
 -0.0000058298
 -0.0000064505
 -0.0000018328
 -0.0000040375
 -0.0000094325
 -0.0000067488
  0.0000113933
  0.0000114699
  0.0000138212
 -0.0000024978
 -0.0000042535
 -0.0000148110
  0.0000021073
  0.0000091786
  0.0000083599
 -0.0000027677
  0.0000049146
  0.0000060222
  0.0000029544
  0.0000040411
  0.0000002704
 -0.0000005085
 -0.0000036858
  0.0002097910
 -0.0002847440
  0.0000579208
  0.0000045050
  0.0000183933
  0.0000268089
 -0.0000213892
  0.0000020994
  0.0000597362
  0.0000201263
  0.0000082845
 -0.0005240561
  0.0000612480
 -0.0002792687
 -0.0000192148
  0.0000501576
  0.0000646529
  0.0000013571
 -0.0000087606
  0.0000122473
 -0.0000021232
  0.0000066795
 -0.0000161708
  0.0000123300
 -0.0000040358
  0.0000028935
  0.0000018924
 -0.0000115220
 -0.0000040127
  0.0000140491
 -0.0000085231
 -0.0000011505
 -0.0000152533
  0.0000102695
  0.0000022134
 -0.0000024689
 -0.0000080336
  0.0000205585
 -0.0000057359
 -0.0000159261
  0.0000045356
  0.0000017072
  0.0000022556
  0.0000002279
 -0.0000013302
 -0.0000127827
 -0.0000054858
 -0.0000050292
 -0.0000090883
  0.0000412551
 -0.0000343319
 -0.0000127671
  0.0000115833
  0.0000032747
  0.0000039779
 -0.0000033074
 -0.0000037219
 -0.0000041450
  0.0000053539
  0.0000051798
  0.0000028295
  0.0000212613
  0.0000068558
  0.0000020314
  0.0000013923
 -0.0000048179
 -0.0000106316
  0.0000838308
  0.0001301614
 -0.0000003211
  0.0000114747
  0.0000859426
  0.0001979805
 -0.0000036821
 -0.0000402672
  0.0001208907
  0.0000011753
  0.0001254897
 -0.0002263839
  0.0000105261
  0.0000028808
  0.0000061838
  0.0000027948
  0.0000066492
  0.0000028835
 -0.0000044381
  0.0000021220
 -0.0000124702
  0.0000132302
  0.0000074438
 -0.0000171883
  0.0000023548
 -0.0000139435
 -0.0000001898
  0.0000134010
  0.0000051243
  0.0000048791
  0.0000074095
  0.0000012476
 -0.0000089032
  0.0000050097
  0.0000090520
  0.0000021728
 -0.0000155764
  0.0000068308
  0.0000003774
  0.0000396576
 -0.0000055366
  0.0000009756
  0.0000096224
  0.0000036030
  0.0000064697
 -0.0000041867
  0.0000007921
  0.0000055417
  0.0000043639
  0.0000040458
 -0.0000108061
 -0.0000163195
 -0.0000088799
 -0.0000115755
 -0.0000107270
 -0.0000162441
 -0.0000053147
 -0.0000028522
 -0.0000038315
 -0.0000053574
 -0.0000154624
  0.0000133829
  0.0000052519
 -0.0000043436
 -0.0000023259
 -0.0000079040
 -0.0000064213
  0.0000058848
  0.0000004210
 -0.0000087923
  0.0000172909
  0.0000084861
 -0.0000002051
  0.0000025025
 -0.0000018216
 -0.0000081169
 -0.0000133816
 -0.0000195345
  0.0001922589
  0.0000031710
  0.0001323011
  0.0000627555
 -0.0000129973
  0.0000635869
 -0.0000408883
 -0.0000115788
 -0.0002872736
  0.0000070709
 -0.0000014603
  0.0000035809
 -0.0000003950
 -0.0000003222
  0.0000016058
 -0.0000107261
 -0.0000024394
 -0.0000190072
  0.0000051328
 -0.0000033165
 -0.0000207350
 -0.0000004242
  0.0000061223
 -0.0000173715
 -0.0000052231
  0.0000132828
  0.0000023000
  0.0000012521
  0.0000042758
 -0.0000025407
 -0.0000253849
  0.0000041287
  0.0000075206
  0.0000002759
 -0.0000198074
  0.0000042740
 -0.0000180735
  0.0000293826
 -0.0000101408
  0.0000126322
  0.0000064486
 -0.0000026396
  0.0000042072
 -0.0000047843
  0.0000010395
  0.0000095490
  0.0000042527
 -0.0000011959
 -0.0000022076
 -0.0000087985
 -0.0000001954
 -0.0000056279
 -0.0000007396
 -0.0000031174
 -0.0000114761
 -0.0000054664
 -0.0000008849
 -0.0000075137
 -0.0000074750
 -0.0000039774
 -0.0000034126
  0.0000006382
 -0.0000083075
  0.0000215612
 -0.0000047214
  0.0000175062
 -0.0000046513
 -0.0000116485
 -0.0000009849
  0.0000007920
 -0.0000049072
 -0.0000028604
 -0.0000040766
 -0.0000194533
 -0.0000142469
 -0.0000088663
  0.0000062887
 -0.0000045920
 -0.0000046163
  0.0000005842
 -0.0000031587
 -0.0000002989
 -0.0000001441
 -0.0000117694
 -0.0000144318
 -0.0000329540
  0.0000357776
 -0.0000063277
  0.0000116495
  0.0000130123
 -0.0000422451
 -0.0000033019
 -0.0000053408
  0.0000129531
  0.0000055801
 -0.0000114080
 -0.0000201672
  0.0002522066
  0.0001775125
  0.0000144388
 -0.0000214091
  0.0000183027
 -0.0000274021
 -0.0000063448
 -0.0000031241
 -0.0002810330
  0.0000146915
 -0.0000003561
  0.0004287026
 -0.0000442152
 -0.0000505854
  0.0000121481
  0.0000582263
  0.0002105430
 -0.0000045073
 -0.0000261435
  0.0000162478
 -0.0000006148
 -0.0000143824
 -0.0000311303
 -0.0000092711
 -0.0000168837
 -0.0000225766
 -0.0000114425
  0.0000210675
 -0.0000014687
 -0.0000142868
  0.0000094966
 -0.0000208966
 -0.0000065129
 -0.0001369216
  0.0000309340
 -0.0000035649
 -0.0000144756
 -0.0000092876
 -0.0000147511
 -0.0000711987
 -0.0000032697
  0.0000037608
 -0.0000047566
 -0.0000010506
 -0.0000030109
 -0.0000075909
 -0.0000237774
  0.0000233618
 -0.0000143456
 -0.0000142440
 -0.0000072175
 -0.0000165296
  0.0000078036
  0.0000063996
 -0.0000028936
 -0.0000068525
 -0.0000039028
 -0.0000232852
  0.0000067815
  0.0000007931
 -0.0000072123
  0.0000198750
  0.0000105813
  0.0000033303
  0.0000046710
 -0.0000043965
 -0.0000059893
  0.0000179968
 -0.0002541284
  0.0001926084
 -0.0000302455
  0.0000320203
 -0.0000407840
  0.0002784516
 -0.0000562672
  0.0000938590
 -0.0000491740
 -0.0000535529
  0.0000090578
  0.0000084766
  0.0000063691
 -0.0000032330
  0.0000022538
 -0.0000001230
 -0.0000067306
  0.0000200293
  0.0000044264
  0.0000028687
 -0.0000088189
 -0.0000279475
  0.0000012647
 -0.0000077351
 -0.0000046030
 -0.0000168764
  0.0000045530
 -0.0000016175
  0.0000271043
  0.0000022009
  0.0000105213
  0.0000020172
 -0.0000034420
  0.0000032777
 -0.0000228015
  0.0000734729
  0.0000027338
  0.0000094181
 -0.0000002270
  0.0000043740
  0.0000049719
  0.0000081436
  0.0000085453
  0.0000082874
  0.0000136514
 -0.0000091691
 -0.0000088516
 -0.0000079751
 -0.0000073750
 -0.0000026379
 -0.0000127847
 -0.0000013022
  0.0000456919
  0.0000070560
  0.0000034753
 -0.0000120038
 -0.0000083912
 -0.0000029927
 -0.0000014368
 -0.0000072842
 -0.0000159788
 -0.0000052060
 -0.0000266656
 -0.0000141226
 -0.0000075532
 -0.0000021211
  0.0000107165
  0.0000003300
 -0.0000101066
 -0.0000050535
 -0.0000213332
  0.0000209734
  0.0000104501
 -0.0000117549
  0.0000022966
 -0.0000004683
  0.0000014829
 -0.0000245057
  0.0000155710
  0.0000019904
 -0.0000143671
  0.0000349793
 -0.0003182189
  0.0001544706
 -0.0000320319
 -0.0000024389
  0.0000227436
  0.0000366373
 -0.0000427769
  0.0002832844
 -0.0000573757
  0.0000486747
 -0.0000102922
 -0.0000743827
 -0.0000014748
  0.0000098376
  0.0000001993
  0.0000031909
 -0.0000023249
  0.0000014336
  0.0000049702
  0.0000294045
  0.0000014741
 -0.0000047077
 -0.0000103787
 -0.0000148868
  0.0000059137
  0.0000089674
 -0.0000339577
  0.0000014620
 -0.0000014741
  0.0000042197
 -0.0000122544
 -0.0000029500
 -0.0000134896
 -0.0000099586
 -0.0000066995
  0.0000085758
 -0.0000019349
 -0.0000089803
  0.0000023686
  0.0000031888
  0.0000602741
  0.0000102412
  0.0000102215
  0.0000077889
 -0.0000081615
 -0.0000293868
  0.0000012580
  0.0000009871
 -0.0000086270
 -0.0000127997
 -0.0000251256
 -0.0000230666
 -0.0000167429
  0.0000295759
  0.0000214823
 -0.0000095434
 -0.0000098801
 -0.0000115049
 -0.0000122764
 -0.0000144833
 -0.0000097029
  0.0000125550
  0.0000066435
 -0.0000021344
 -0.0000029977
 -0.0000068319
 -0.0000077888
  0.0000061634
  0.0000032017
 -0.0000042140
  0.0000164761
  0.0000099257
 -0.0000073456
  0.0000101528
 -0.0000020551
 -0.0000080183
  0.0000101733
 -0.0002481731
  0.0000659625
  0.0000185542
 -0.0000555701
  0.0000247113
  0.0000011583
 -0.0000393607
  0.0000943984
 -0.0000563825
 -0.0000388349
  0.0005965700
 -0.0001397831
 -0.0000056522
  0.0000023274
  0.0000253474
  0.0000070254
 -0.0000116266
  0.0000011262
  0.0000055404
  0.0000102360
  0.0000345959
  0.0000214266
  0.0000012740
 -0.0000020808
  0.0000050098
 -0.0000093946
 -0.0000039969
 -0.0000240247
 -0.0000021104
 -0.0000009594
  0.0000126593
  0.0000097879
  0.0000047961
  0.0000121974
  0.0000057927
  0.0000032928
  0.0000755037
  0.0000063145
  0.0000267972
  0.0000023643
  0.0000113909
  0.0000083654
  0.0000100022
 -0.0000073189
  0.0000009228
 -0.0000087133
 -0.0000252265
 -0.0000008549
  0.0000391122
  0.0000226115
 -0.0000109016
 -0.0000136038
 -0.0000052387
 -0.0000065920
 -0.0000093179
 -0.0000154438
 -0.0000107597
  0.0000020281
  0.0000149553
  0.0000116107
  0.0000047785
 -0.0000005311
 -0.0000149456
 -0.0000029329
  0.0000059027
  0.0000010396
 -0.0000000621
  0.0000117607
  0.0000108989
  0.0000001873
  0.0000088475
  0.0000029273
 -0.0000009538
  0.0000163508
 -0.0003294103
  0.0001749078
 -0.0000032085
 -0.0000069659
  0.0000324050
  0.0000402600
 -0.0000306100
  0.0001777277
 -0.0000591725
  0.0002220718
 -0.0001349080
 -0.0000448936
  0.0000049051
  0.0000217791
 -0.0000040819
 -0.0000077257
  0.0000044670
  0.0000059888
  0.0000071202
  0.0000303948
  0.0000061586
  0.0000125324
  0.0000014647
  0.0000262554
  0.0000007323
 -0.0000230024
 -0.0000046367
  0.0000142558
 -0.0000088754
 -0.0000029594
 -0.0000053945
  0.0000035889
  0.0000021932
 -0.0000013137
 -0.0000113799
  0.0000080967
  0.0000052266
  0.0000016416
  0.0000642155
  0.0000065988
 -0.0000050680
  0.0000404519
  0.0000043424
  0.0000043530
  0.0000019074
 -0.0000003915
 -0.0000044775
 -0.0000018294
 -0.0000089564
 -0.0000004908
 -0.0000018590
 -0.0000003772
 -0.0000071732
 -0.0000111894
 -0.0000026969
  0.0000000799
 -0.0000072211
 -0.0000098994
 -0.0000041898
 -0.0000027586
 -0.0000020337
 -0.0000075724
  0.0000196988
 -0.0000034657
  0.0000220196
 -0.0000040049
 -0.0000114407
  0.0000021907
  0.0000007409
 -0.0000055124
 -0.0000023526
 -0.0000033830
 -0.0000188380
 -0.0000108106
 -0.0000075439
  0.0000079326
 -0.0000055481
 -0.0000009059
  0.0000030462
 -0.0000037698
  0.0000128050
 -0.0000055033
  0.0000013904
 -0.0000066686
 -0.0000286377
  0.0000285707
 -0.0000127177
  0.0000001880
 -0.0000000681
 -0.0000373905
  0.0000018669
 -0.0000146561
  0.0000329894
  0.0000386899
 -0.0000041297
 -0.0000161771
  0.0001068138
 -0.0000095458
  0.0000026971
 -0.0000187044
  0.0000127166
 -0.0000174240
 -0.0000048468
  0.0000041013
 -0.0003036218
  0.0000047724
 -0.0000025852
  0.0006464989
 -0.0000792858
 -0.0000931175
  0.0000131457
  0.0000490353
  0.0002282471
  0.0000117825
 -0.0000430263
  0.0000268673
 -0.0000260508
  0.0000036769
  0.0000010717
 -0.0000144882
  0.0000095029
 -0.0000154325
 -0.0000250102
 -0.0000112192
 -0.0000311588
 -0.0000012710
 -0.0000134277
 -0.0000126749
 -0.0000082719
 -0.0001034809
 -0.0000014210
 -0.0000005599
 -0.0000008085
  0.0000027440
  0.0000200627
 -0.0000708413
 -0.0000043831
 -0.0000015636
 -0.0000005755
 -0.0000019325
  0.0000028766
 -0.0000028932
  0.0000087656
 -0.0000072621
 -0.0000087843
 -0.0000097812
 -0.0000081434
 -0.0000021028
 -0.0000084003
  0.0000466058
  0.0000056869
 -0.0000113445
 -0.0000072295
  0.0000004340
 -0.0000165599
 -0.0000062412
 -0.0000257565
 -0.0000107792
 -0.0000045080
  0.0000039429
  0.0000025424
 -0.0000084664
 -0.0000115259
 -0.0000087789
  0.0000111145
  0.0000100572
  0.0000119529
  0.0000066168
 -0.0000019407
  0.0000034826
  0.0000044027
  0.0000066143
 -0.0000072306
 -0.0000125769
  0.0000442173
 -0.0002569437
  0.0000253729
 -0.0000294427
  0.0000188757
  0.0000415297
 -0.0000424001
  0.0002371088
 -0.0000554919
  0.0000888527
 -0.0001052975
 -0.0000819116
 -0.0000008402
  0.0000206492
 -0.0000076621
 -0.0000001002
  0.0000067078
 -0.0000038560
  0.0000047611
  0.0000277285
 -0.0000019559
  0.0000098387
 -0.0000025631
  0.0000239669
  0.0000037748
 -0.0000258097
 -0.0000071050
  0.0000062966
  0.0000137767
 -0.0000011921
 -0.0000002358
 -0.0000114443
  0.0000049096
 -0.0000053229
  0.0000001168
 -0.0000143513
  0.0000051715
 -0.0000010293
 -0.0000025669
  0.0000607661
 -0.0000010357
  0.0000025687
  0.0000372405
 -0.0000049860
 -0.0000068064
  0.0000074516
 -0.0000035972
 -0.0000046803
  0.0000036898
 -0.0000098564
 -0.0000117371
 -0.0000051480
  0.0000005469
 -0.0000120466
 -0.0000211888
 -0.0000037007
 -0.0000060778
 -0.0000162622
  0.0000313819
  0.0000229209
 -0.0000150840
 -0.0000083419
 -0.0000057830
 -0.0000005317
 -0.0000133408
 -0.0000103127
 -0.0000086918
 -0.0000145627
 -0.0000077774
 -0.0000068805
 -0.0000012002
  0.0000135084
 -0.0000007467
  0.0000039027
 -0.0000004339
  0.0000043142
 -0.0000175723
  0.0000100730
 -0.0000085144
 -0.0000013300
  0.0000021459
  0.0000061201
 -0.0000198187
  0.0000195921
  0.0000033073
 -0.0000023567
  0.0000012143
  0.0000875031
 -0.0002793577
  0.0000116489
 -0.0000072447
  0.0000257747
  0.0000204472
 -0.0000472715
  0.0000307493
  0.0001319428
 -0.0000360384
 -0.0000103750
 -0.0003871579
  0.0001014138
 -0.0000941679
  0.0000014950
  0.0000118177
 -0.0000367547
  0.0000007671
  0.0000037398
  0.0000237366
  0.0000038559
  0.0000010171
  0.0000011509
 -0.0000084546
  0.0000258407
 -0.0000045154
  0.0000013388
 -0.0000280518
  0.0000219487
 -0.0000096132
 -0.0000023260
 -0.0000266770
  0.0000164102
 -0.0000118684
 -0.0000038392
  0.0000136681
  0.0000023383
  0.0000221528
  0.0000053333
  0.0000036215
  0.0000058411
 -0.0000116591
 -0.0000070497
 -0.0000255769
  0.0000022808
 -0.0000255721
 -0.0000102572
 -0.0000241254
 -0.0000149459
 -0.0000048950
  0.0000499171
  0.0000267676
 -0.0000208121
 -0.0000274011
 -0.0000137453
  0.0000121700
  0.0000066517
 -0.0000040248
 -0.0000053778
 -0.0000020198
 -0.0000237271
  0.0000069857
  0.0000035279
 -0.0000070468
  0.0000172939
  0.0000106526
  0.0000034707
  0.0000041363
 -0.0000031552
 -0.0000056399
  0.0000700388
  0.0000904026
  0.0000264513
  0.0000207139
 -0.0000256044
  0.0000811253
  0.0001795339
  0.0000021273
 -0.0002501167
  0.0001432705
  0.0000156014
 -0.0000879096
 -0.0002274971
  0.0000062891
  0.0000108286
  0.0000075624
  0.0000013314
  0.0000006749
  0.0000034441
  0.0000041842
  0.0000246831
 -0.0000036072
  0.0000059752
 -0.0000065836
 -0.0000251094
  0.0000042242
 -0.0000074062
 -0.0000067182
  0.0000128352
  0.0000089958
 -0.0000117046
  0.0000082582
 -0.0000000677
 -0.0000021095
  0.0000064784
  0.0000118524
  0.0000042992
 -0.0000001678
  0.0000061320
 -0.0000085321
  0.0000613338
  0.0000068769
  0.0000043006
  0.0000113793
 -0.0000010604
  0.0000057979
 -0.0000001958
 -0.0000000577
  0.0000020879
 -0.0000026036
  0.0000032517
  0.0000037280
  0.0000026602
 -0.0000033027
 -0.0000029152
  0.0000032866
  0.0000046260
 -0.0000020652
 -0.0000069319
  0.0000019171
  0.0000017148
 -0.0000035147
  0.0000169439
  0.0000017773
  0.0000237967
  0.0000017213
 -0.0000087558
  0.0000080329
  0.0000038235
 -0.0000028384
  0.0000008519
 -0.0000009921
 -0.0000135121
 -0.0000055371
 -0.0000008236
 -0.0000030050
 -0.0000026999
  0.0000025468
  0.0000010847
  0.0000049900
  0.0000016462
  0.0000062879
  0.0000023386
 -0.0000101960
 -0.0000103397
 -0.0000310358
 -0.0000124098
 -0.0000018567
  0.0000104660
 -0.0000080846
 -0.0000154610
 -0.0000156267
 -0.0000075662
  0.0000186677
  0.0000036367
  0.0000007646
 -0.0000133033
  0.0002808670
  0.0001653095
  0.0000243736
 -0.0000134882
  0.0000163251
 -0.0000233027
  0.0000003952
 -0.0000023286
 -0.0002512233
  0.0000211396
  0.0000058375
  0.0002895485
 -0.0000343513
 -0.0001177231
 -0.0000008244
  0.0000599337
  0.0001874797
 -0.0000001349
 -0.0000262327
  0.0000092194
  0.0000007828
 -0.0000062122
 -0.0000333414
 -0.0000022588
 -0.0000135199
  0.0000114892
  0.0000079140
 -0.0000190961
 -0.0000069043
  0.0000150596
  0.0000174785
 -0.0001464260
  0.0000274899
  0.0000100459
 -0.0000031392
 -0.0000652183
  0.0000041715
 -0.0000011368
  0.0000170177
 -0.0000177237
 -0.0000012659
  0.0000034890
  0.0000007728
 -0.0000014094
  0.0000126779
 -0.0000066902
 -0.0000052357
 -0.0000102504
 -0.0000109411
 -0.0000058700
 -0.0000020388
  0.0000342086
  0.0000214193
 -0.0000479142
 -0.0000139923
 -0.0000011910
 -0.0000152571
  0.0000070380
  0.0000015248
 -0.0000059987
 -0.0000082782
 -0.0000069705
 -0.0000322071
  0.0000015039
  0.0000028819
 -0.0000079130
  0.0000108931
  0.0000053887
 -0.0000007792
  0.0000028333
 -0.0000067756
 -0.0000097412
  0.0000877783
  0.0001506241
  0.0000028466
  0.0000140447
  0.0000850184
  0.0001810897
  0.0000033279
 -0.0000249442
  0.0001626305
  0.0000130212
  0.0000419623
 -0.0002349279
 -0.0000009599
  0.0000111013
  0.0000038824
 -0.0000010154
  0.0000028006
  0.0000065717
  0.0000037806
  0.0000230966
 -0.0000072914
  0.0000073645
 -0.0000037997
 -0.0000263002
  0.0000008776
  0.0000075953
 -0.0000061178
 -0.0000063793
  0.0000082630
  0.0000099911
 -0.0000157497
  0.0000072315
 -0.0000063661
 -0.0000101785
 -0.0000003695
  0.0000072980
 -0.0000014687
 -0.0000002106
  0.0000003187
 -0.0000016588
  0.0000549277
  0.0000064422
 -0.0000115328
  0.0000123318
  0.0000021509
  0.0000035331
 -0.0000019221
 -0.0000012958
 -0.0000042309
  0.0000013095
 -0.0000038544
  0.0000014043
 -0.0000077537
 -0.0000042090
 -0.0000004854
  0.0000011066
 -0.0000046975
 -0.0000134800
 -0.0000025971
 -0.0000020100
 -0.0000024496
 -0.0000047000
  0.0000112836
 -0.0000016120
  0.0000157809
 -0.0000020196
 -0.0000129099
 -0.0000004144
  0.0000013895
 -0.0000061110
 -0.0000003008
 -0.0000025299
 -0.0000135638
 -0.0000157819
 -0.0000008723
 -0.0000105219
  0.0000000511
 -0.0000068917
 -0.0000032934
 -0.0000013585
  0.0000101539
  0.0000027353
 -0.0000026376
 -0.0000054032
 -0.0000413215
  0.0000358896
 -0.0000042932
  0.0000126179
  0.0000205688
 -0.0000260985
 -0.0000069810
 -0.0000055007
  0.0000129189
  0.0000048108
 -0.0000117394
 -0.0000117743
  0.0001545107
  0.0000313505
  0.0000075712
 -0.0000129140
  0.0000090912
 -0.0000117717
 -0.0000032526
  0.0000103626
 -0.0003174895
 -0.0000006755
 -0.0000001916
  0.0006300482
 -0.0000743743
 -0.0000398477
  0.0000217349
  0.0000409332
  0.0002000857
  0.0000267338
 -0.0000313785
 -0.0000157839
  0.0000143184
  0.0000036167
 -0.0000269323
 -0.0000034985
 -0.0000098489
 -0.0000014218
  0.0000092178
 -0.0000100778
 -0.0000159461
 -0.0000160069
 -0.0000085369
 -0.0001233226
  0.0000067758
 -0.0000175668
 -0.0000088770
  0.0000191550
 -0.0000715930
 -0.0000026726
  0.0000086880
  0.0000064111
  0.0000089261
  0.0000023984
  0.0000073590
  0.0000092291
  0.0000095316
  0.0000052448
  0.0000050336
  0.0000117614
  0.0000064112
  0.0000005989
  0.0000154730
  0.0000060526
  0.0000194922
  0.0000297541
 -0.0000066420
  0.0000135756
  0.0000027002
  0.0000067597
 -0.0000050849
 -0.0000012655
  0.0000082422
 -0.0000030729
  0.0000044157
  0.0000054058
  0.0000068930
  0.0000105254
  0.0000138131
  0.0000055681
 -0.0000055382
 -0.0000040904
 -0.0000085793
  0.0000016117
 -0.0000194784
 -0.0000004499
 -0.0000095247
 -0.0000039416
 -0.0000048772
  0.0000011460
 -0.0000201649
  0.0000121876
 -0.0000043080
 -0.0000063825
 -0.0000056473
  0.0003699947
  0.0001654976
  0.0000566289
  0.0000055487
  0.0000245758
  0.0000128920
  0.0000075633
  0.0000085486
 -0.0001843823
  0.0000361121
  0.0000176817
 -0.0000937518
  0.0000273503
 -0.0003777272
  0.0000270194
  0.0000733922
  0.0002002468
 -0.0000067328
 -0.0000132381
  0.0000053099
 -0.0000180161
 -0.0000029447
 -0.0000069830
  0.0000289998
 -0.0000116434
  0.0000086117
 -0.0000223595
 -0.0000121511
 -0.0000180051
 -0.0001413977
 -0.0000225230
 -0.0000338565
 -0.0000038797
 -0.0000445964
  0.0000295402
 -0.0000005924
 -0.0000014538
 -0.0000158556
 -0.0000022412
 -0.0000079603
 -0.0000021120
 -0.0000055184
 -0.0000054592
 -0.0000051775
 -0.0000043391
  0.0000003566
 -0.0000022293
 -0.0000111967
 -0.0000079831
 -0.0000002549
 -0.0000066452
  0.0000038674
 -0.0000017325
  0.0000174479
 -0.0000049704
 -0.0000179435
 -0.0000018496
  0.0000016449
 -0.0000076166
 -0.0000045719
 -0.0000057100
 -0.0000106444
 -0.0000147105
 -0.0000005944
 -0.0000041630
 -0.0000099042
  0.0000042455
 -0.0000017263
 -0.0000000663
 -0.0000075162
  0.0000091918
  0.0000089477
 -0.0000057966
 -0.0000056286
 -0.0000255819
 -0.0000252440
 -0.0000013092
  0.0000084116
  0.0000046914
 -0.0000129778
 -0.0000024498
 -0.0000095558
  0.0000242752
  0.0000013388
  0.0000156270
 -0.0000244226
  0.0000578493
 -0.0001127803
  0.0000048680
 -0.0000030758
  0.0000027878
 -0.0000049248
 -0.0000115664
  0.0000126635
 -0.0002543974
 -0.0000118217
 -0.0000050514
  0.0006278263
 -0.0001244226
 -0.0000701402
  0.0000170626
  0.0000184236
  0.0002449733
  0.0000020534
 -0.0000317261
  0.0000138473
 -0.0000065297
  0.0000119951
 -0.0000140858
  0.0000220069
  0.0000173291
  0.0000015401
 -0.0000021215
 -0.0000922304
  0.0000275772
  0.0000095285
  0.0000020989
 -0.0000023245
 -0.0000468317
 -0.0000081475
  0.0000064605
 -0.0000014837
  0.0000058879
 -0.0000018383
 -0.0000045461
 -0.0000053073
 -0.0000031758
 -0.0000077375
  0.0000027941
 -0.0000082874
 -0.0000103244
 -0.0000074331
 -0.0000005925
 -0.0000043788
 -0.0000138147
 -0.0000069620
 -0.0000001502
 -0.0000030456
 -0.0000111743
  0.0000053497
  0.0000030485
  0.0000145601
 -0.0000021740
 -0.0000136319
 -0.0000062362
  0.0000005482
 -0.0000048706
 -0.0000028225
 -0.0000014958
 -0.0000143099
 -0.0000190616
  0.0000009990
 -0.0000052729
 -0.0000131892
 -0.0000008044
 -0.0000056363
 -0.0000048555
 -0.0000118686
  0.0000058992
  0.0000023368
 -0.0000055007
 -0.0000083245
 -0.0000245321
  0.0000400399
 -0.0000021870
  0.0000153358
  0.0000112823
 -0.0000384651
  0.0000024035
 -0.0000022941
  0.0000155719
  0.0000124078
 -0.0000073253
 -0.0000306153
 -0.0001595123
 -0.0003152178
 -0.0000238789
  0.0000040193
 -0.0000028110
  0.0000277012
 -0.0000127686
  0.0000049138
 -0.0001116935
  0.0000054026
 -0.0000025098
  0.0002127249
 -0.0001097650
  0.0002232564
  0.0000433525
  0.0000244274
  0.0002399853
  0.0000079481
 -0.0000103809
  0.0000122949
 -0.0000045140
 -0.0000308697
  0.0000190841
 -0.0000100817
  0.0000039681
 -0.0000461959
 -0.0000053409
 -0.0000202393
 -0.0000150656
 -0.0000250243
 -0.0000893317
  0.0000001564
 -0.0000082620
  0.0000089745
  0.0000031828
 -0.0000307680
 -0.0000070886
  0.0000097141
 -0.0000020563
  0.0000040899
 -0.0000040657
 -0.0000159743
 -0.0000099728
 -0.0000130906
 -0.0000165314
 -0.0000119083
 -0.0000062123
 -0.0000364824
 -0.0000345331
 -0.0000644319
 -0.0000216613
  0.0000330951
  0.0000142714
 -0.0000176825
 -0.0000203578
 -0.0000125279
 -0.0000147500
 -0.0000145773
 -0.0000183106
 -0.0000239808
 -0.0000191504
 -0.0000122885
  0.0000142901
  0.0000090351
 -0.0000018212
 -0.0000009301
 -0.0000125585
  0.0000353380
  0.0000147604
 -0.0000002944
  0.0000139698
  0.0000087780
  0.0000033927
 -0.0000133337
  0.0000201546
  0.0000045718
 -0.0000066412
  0.0000066437
 -0.0002652720
  0.0000949472
 -0.0000071041
 -0.0000702925
  0.0000240622
 -0.0000117222
 -0.0000408090
  0.0001077042
  0.0000269350
 -0.0000686642
 -0.0000525634
  0.0005722041
 -0.0002063973
 -0.0000843316
 -0.0000466508
  0.0000050438
  0.0000181352
  0.0000121722
  0.0000196259
  0.0000078959
  0.0000031351
  0.0000093390
  0.0000329306
  0.0000086528
  0.0000021172
 -0.0000037085
  0.0000179559
 -0.0000108250
  0.0000009530
  0.0000150280
 -0.0000011736
  0.0000173475
 -0.0000053605
  0.0000241943
  0.0000011777
  0.0000204463
  0.0000099627
  0.0000063008
  0.0000066186
  0.0000076094
  0.0001134393
  0.0000089682
  0.0000183126
 -0.0000014721
 -0.0000171222
  0.0000053610
  0.0000001792
  0.0000047057
  0.0000062185
  0.0000073098
 -0.0000014149
  0.0000079850
  0.0000042703
  0.0000012411
  0.0000025716
  0.0000008076
  0.0000195529
  0.0000272294
 -0.0000062792
  0.0000097102
 -0.0000067796
 -0.0000040857
  0.0000049107
 -0.0000018725
  0.0000045157
  0.0000042627
  0.0000046546
  0.0000037302
  0.0000043558
  0.0000025846
 -0.0000101986
 -0.0000113064
 -0.0000226623
  0.0000262933
  0.0000016451
 -0.0000021097
  0.0000036621
 -0.0000036553
 -0.0000028380
 -0.0000151097
  0.0000046161
 -0.0000064627
 -0.0000131479
 -0.0000136627
  0.0004140614
 -0.0000562711
  0.0000537098
 -0.0000069089
  0.0000291996
  0.0000255217
 -0.0000082543
  0.0000205912
 -0.0001094276
  0.0000167957
  0.0000002764
 -0.0005575734
  0.0000912833
 -0.0003487839
  0.0000084522
  0.0000761485
  0.0001162932
 -0.0000000299
  0.0000105406
 -0.0000170248
 -0.0000044269
 -0.0000005687
  0.0000530309
 -0.0000334679
  0.0000113551
 -0.0000283295
 -0.0000339647
 -0.0000162205
 -0.0000138345
 -0.0000920452
  0.0000134120
  0.0000032647
 -0.0000226409
 -0.0000042467
  0.0000027095
 -0.0000130637
 -0.0000172329
 -0.0000078855
 -0.0000321835
 -0.0000110447
  0.0000016877
 -0.0000008098
 -0.0000106910
 -0.0000153848
 -0.0000143015
 -0.0000037887
  0.0000101140
 -0.0000003528
  0.0000051814
 -0.0000065165
  0.0000057419
 -0.0000037417
 -0.0000041210
  0.0000126617
 -0.0000080886
  0.0000294132
  0.0000037369
  0.0000129273
 -0.0000136689
  0.0000109241
 -0.0000126646
 -0.0000753947
 -0.0000305577
  0.0001727519
 -0.0000205560
  0.0001186978
  0.0000055768
 -0.0000094396
  0.0001423089
 -0.0000584198
 -0.0000256267
 -0.0000220551
 -0.0003014738
  0.0000073622
  0.0000013612
  0.0000037350
 -0.0000007809
 -0.0000005926
 -0.0000058507
 -0.0000031323
  0.0000125533
 -0.0000083702
  0.0000093421
  0.0000014922
 -0.0000143592
 -0.0000001508
 -0.0000041925
 -0.0000058616
  0.0000066491
 -0.0000003574
  0.0000046010
  0.0000015750
  0.0000012061
 -0.0000214789
  0.0000017305
  0.0000125984
 -0.0000008557
 -0.0000077349
 -0.0000034638
  0.0000009384
  0.0000384881
 -0.0000016239
 -0.0000067716
  0.0000043178
 -0.0000020341
  0.0000022430
 -0.0000012812
 -0.0000026251
  0.0000337869
  0.0000041091
  0.0000192438
  0.0000151503
  0.0000156975
 -0.0000233807
  0.0000035070
  0.0000265763
  0.0000051679
  0.0000427981
 -0.0000008909
  0.0000307762
  0.0000176907
  0.0000050307
 -0.0000052580
  0.0002883691
  0.0000271432
  0.0001152231
  0.0000564831
  0.0000331281
 -0.0003501061
 -0.0003510302
  0.0000100292
 -0.0003229093
  0.0000064820
 -0.0000030126
  0.0000079381
 -0.0000192639
  0.0000030540
 -0.0000055320
 -0.0000064519
 -0.0000092247
  0.0000031479
 -0.0000264911
 -0.0000054110
  0.0000007172
 -0.0000091902
 -0.0000037971
  0.0000097700
 -0.0000003723
 -0.0000012741
 -0.0000292915
 -0.0000222206
  0.0000021955
 -0.0000088311
  0.0000026451
  0.0000461378
  0.0000108597
 -0.0000090222
 -0.0000107090
  0.0000034271
 -0.0000230041
 -0.0000196495
  0.0000174316
 -0.0000217322
  0.0000138652
 -0.0000056657
  0.0000028911
 -0.0000157918
 -0.0000087942
 -0.0000194560
  0.0000103875
  0.0000074863
 -0.0000039892
 -0.0000101736
 -0.0000163683
  0.0000020715
 -0.0000005379
 -0.0000096015
 -0.0000281518
  0.0000208286
  0.0000986642
 -0.0000211929
  0.0002867748
  0.0000262129
  0.0001217451
  0.0000657243
  0.0000035246
 -0.0004598985
 -0.0002955159
 -0.0000159961
 -0.0003200469
 -0.0000035924
 -0.0000093135
  0.0000081871
 -0.0000178566
 -0.0000103258
 -0.0000148552
 -0.0000304624
 -0.0000032011
 -0.0000282701
 -0.0000082728
 -0.0000158254
 -0.0000240713
 -0.0000145926
 -0.0000286320
 -0.0000128019
 -0.0000063272
 -0.0000037605
 -0.0000088039
 -0.0000561324
 -0.0000073432
 -0.0000010050
  0.0000039682
 -0.0000354004
 -0.0000038707
 -0.0000137505
  0.0000092165
 -0.0000139169
 -0.0000041346
 -0.0000025560
 -0.0000112317
 -0.0000040049
 -0.0000077165
  0.0000340822
  0.0000126853
  0.0000012185
  0.0000037462
 -0.0000072903
  0.0000059718
 -0.0000039907
 -0.0000024413
  0.0000124411
 -0.0000095465
  0.0000333156
  0.0000027020
  0.0000134726
 -0.0000119558
  0.0000106147
 -0.0000110089
  0.0000902921
  0.0001013561
  0.0000006659
 -0.0000094000
  0.0000978000
  0.0001891508
 -0.0000033258
 -0.0000688874
  0.0000764452
  0.0000064374
  0.0000641953
 -0.0002178700
  0.0000075528
  0.0000005002
  0.0000056594
 -0.0000009780
 -0.0000006120
 -0.0000005997
 -0.0000043161
  0.0000066659
 -0.0000115152
  0.0000106602
  0.0000033435
 -0.0000147112
 -0.0000003349
 -0.0000074548
  0.0000042924
  0.0000017433
  0.0000029651
 -0.0000128681
  0.0000029551
  0.0000136381
 -0.0000007497
 -0.0000113590
  0.0000026066
  0.0000034244
  0.0000364360
 -0.0000026394
  0.0000045277
  0.0000016755
  0.0000082268
 -0.0000365830
 -0.0000064493
  0.0000060871
  0.0000325743
 -0.0000230949
  0.0000181394
  0.0000279780
 -0.0000000998
 -0.0000104815
 -0.0000034748
 -0.0000029103
 -0.0000428570
  0.0000288623
 -0.0000000586
  0.0000397176
  0.0000169200
  0.0001523535
  0.0000064465
  0.0000126802
  0.0002134877
  0.0002099870
 -0.0003189503
  0.0001580110
  0.0000141698
 -0.0000221688
 -0.0002090527
  0.0000015744
 -0.0000011194
 -0.0000199744
  0.0000012450
 -0.0000092471
  0.0000059146
  0.0000046344
 -0.0000356256
 -0.0000092045
 -0.0000031654
 -0.0000009117
  0.0000043479
  0.0000103003
 -0.0000048525
 -0.0000338522
  0.0000020615
 -0.0000149970
  0.0000076096
 -0.0000127231
 -0.0000017444
  0.0000049889
  0.0000240595
 -0.0000103470
 -0.0000008092
 -0.0000109844
  0.0000272625
  0.0000035722
 -0.0000146561
  0.0000014998
  0.0000091644
 -0.0000261925
  0.0000133578
  0.0000162371
 -0.0000031163
  0.0000221130
  0.0000565192
  0.0000379536
 -0.0000046128
 -0.0000132917
 -0.0000141749
 -0.0000023162
  0.0000454780
  0.0000114363
  0.0003203161
  0.0000514546
  0.0001352420
  0.0001089764
  0.0000475177
 -0.0005769002
 -0.0004550653
  0.0000312979
 -0.0002972647
  0.0000166119
  0.0000074178
  0.0000223179
 -0.0000055227
  0.0000112004
  0.0000036705
  0.0000138039
  0.0000012419
  0.0000060023
  0.0000021548
 -0.0000123526
  0.0000068077
  0.0000086957
  0.0000088559
  0.0000099515
  0.0000105012
  0.0000002425
 -0.0000198018
 -0.0000029948
  0.0000162477
 -0.0000005472
  0.0000069741
  0.0000109672
  0.0000472022
  0.0000069137
  0.0000055562
  0.0000101255
  0.0000008280
 -0.0000341091
 -0.0000125832
  0.0000376658
 -0.0000066227
 -0.0000122711
 -0.0000186593
 -0.0000366212
  0.0000170434
  0.0000764930
 -0.0000071585
  0.0000032000
  0.0000506354
  0.0000063078
 -0.0000147093
  0.0000043506
 -0.0000374069
  0.0002630822
 -0.0000014506
  0.0002401732
  0.0001900731
 -0.0001318019
  0.0001722055
  0.0000186643
  0.0000444620
 -0.0002313891
 -0.0000019216
 -0.0000051032
  0.0000006358
  0.0000067316
 -0.0000185040
 -0.0000067754
 -0.0000007866
 -0.0000356442
 -0.0000059921
 -0.0000014466
 -0.0000015724
  0.0000014236
  0.0000029702
 -0.0000045438
 -0.0000377646
 -0.0000037249
  0.0000083974
 -0.0000013536
 -0.0000134322
 -0.0000059874
 -0.0000116797
 -0.0000017791
  0.0000122511
 -0.0000079301
  0.0000304250
  0.0000166849
  0.0000444010
 -0.0000570225
 -0.0000011522
 -0.0000143325
 -0.0000354558
 -0.0000273449
  0.0000717878
  0.0000010810
  0.0000264499
  0.0000364187
  0.0000111750
 -0.0000006507
 -0.0000486779
 -0.0000270961
 -0.0000907692
  0.0001797379
 -0.0000547173
  0.0002020710
  0.0000727619
  0.0001924716
 -0.0000048445
 -0.0002259223
 -0.0000473082
 -0.0001148442
 -0.0003748803
  0.0000033830
 -0.0000062098
 -0.0000149095
 -0.0000020719
 -0.0000145418
 -0.0000088588
  0.0000026596
 -0.0000441584
 -0.0000060739
 -0.0000074460
 -0.0000024994
  0.0000033690
  0.0000100785
 -0.0000063381
 -0.0000576064
 -0.0000004164
  0.0000071616
  0.0000086156
 -0.0000159329
 -0.0000003626
  0.0000064723
  0.0000539724
 -0.0000016631
 -0.0000037747
 -0.0000095011
 -0.0000031244
 -0.0000149608
  0.0000198474
  0.0000173108
 -0.0000037748
 -0.0000126904
  0.0000060934
  0.0000013115
  0.0000361466
  0.0000145396
  0.0000056460
 -0.0000016328
  0.0000219135
  0.0000167719
  0.0000098789
 -0.0000096664
 -0.0000030333
  0.0000086126
 -0.0002629765
  0.0001444972
  0.0000042238
  0.0000215521
  0.0001537921
 -0.0000589562
  0.0000834286
 -0.0001745296
  0.0000160398
  0.0000054788
  0.0000184501
 -0.0000042142
  0.0000009951
 -0.0000034663
  0.0000065822
 -0.0000010478
 -0.0000137047
 -0.0000009637
 -0.0000032194
  0.0000029608
  0.0000038277
 -0.0000062100
 -0.0000055601
  0.0000000290
  0.0000093730
  0.0000135980
 -0.0000087149
  0.0000003520
  0.0000501234
  0.0000093092
  0.0000089734
  0.0000012147
  0.0000015287
  0.0000047093
 -0.0000248579
 -0.0000034631
 -0.0000085069
 -0.0000204492
 -0.0000349011
 -0.0000207044
  0.0000040538
 -0.0000189452
  0.0000158377
  0.0000231884
  0.0000005999
 -0.0000246568
  0.0000024390
 -0.0000362661
 -0.0000909479
  0.0002131755
 -0.0000384314
  0.0000023704
  0.0001445108
  0.0001060300
 -0.0000196723
  0.0002502754
  0.0000268254
 -0.0000658436
 -0.0000354660
  0.0001202195
 -0.0003173364
 -0.0000000811
 -0.0000095738
  0.0000071417
 -0.0000208189
 -0.0000098965
 -0.0000228856
  0.0000013548
 -0.0000230164
 -0.0000093922
 -0.0000111578
 -0.0000264780
 -0.0000086915
 -0.0000199979
 -0.0000032200
  0.0000070275
 -0.0000064254
 -0.0000049613
 -0.0000148467
 -0.0000517324
 -0.0000153672
  0.0000013211
 -0.0000273027
 -0.0000053880
  0.0000125152
 -0.0000027445
 -0.0000094042
 -0.0000048565
 -0.0000055774
  0.0000004356
 -0.0000205346
  0.0000025687
  0.0000076843
  0.0000310364
 -0.0000296473
  0.0000227678
  0.0000171627
  0.0000001826
 -0.0000173831
  0.0000044168
 -0.0000104417
 -0.0000400474
  0.0000373834
  0.0000014365
  0.0000384265
  0.0000190087
 -0.0002809600
 -0.0002055820
  0.0000304491
  0.0000336782
  0.0000602566
 -0.0000135800
  0.0003290372
  0.0000964226
  0.0000685344
  0.0000055123
 -0.0000020039
 -0.0000161119
  0.0000021226
  0.0000134932
  0.0000150930
  0.0000018839
 -0.0000330844
 -0.0000058940
 -0.0000017917
  0.0000012348
  0.0000131060
 -0.0000027675
 -0.0000006783
 -0.0000050483
  0.0000136336
 -0.0000099060
 -0.0000032813
  0.0000065510
  0.0000016904
 -0.0000049065
 -0.0000039936
 -0.0000159036
 -0.0000083557
  0.0000397829
 -0.0000433679
 -0.0000066606
 -0.0000251832
 -0.0000282583
 -0.0000779461
 -0.0000009784
 -0.0000199965
 -0.0000029626
 -0.0000093200
 -0.0000462499
 -0.0000340129
  0.0000157533
 -0.0000123540
 -0.0000182917
 -0.0000072217
 -0.0000775471
  0.0001242957
  0.0002483359
  0.0001008352
 -0.0000244305
 -0.0000646777
 -0.0006046962
 -0.0003081212
 -0.0000170388
 -0.0000312843
 -0.0000094935
 -0.0000055446
 -0.0000103030
 -0.0000565498
 -0.0000161447
 -0.0000106629
  0.0000259390
 -0.0000042638
  0.0000090689
 -0.0000117096
 -0.0000045126
 -0.0000058968
 -0.0000229478
 -0.0000419998
 -0.0000127434
 -0.0000246209
 -0.0000557177
 -0.0000038042
 -0.0000059969
 -0.0000060416
 -0.0000135209
 -0.0000085059
 -0.0000161298
 -0.0000170796
 -0.0000193149
  0.0000060007
 -0.0000200771
  0.0000000736
 -0.0000004648
  0.0000231258
 -0.0000014047
 -0.0000398989
 -0.0000504588
  0.0000318767
  0.0000879159
 -0.0000085997
  0.0000103604
  0.0000160604
 -0.0000143449
 -0.0000156771
  0.0000304421
 -0.0000312308
 -0.0000838412
 -0.0003049258
  0.0000561487
  0.0000259178
  0.0000024232
  0.0003712612
  0.0000633121
  0.0000300225
 -0.0000008988
  0.0000034613
 -0.0000055691
 -0.0000039773
 -0.0000038922
  0.0000064862
 -0.0000086739
  0.0000061014
  0.0000091722
 -0.0000213788
 -0.0000047420
 -0.0000297273
 -0.0000014727
  0.0000049790
 -0.0000007969
 -0.0000148661
  0.0000101650
 -0.0000086707
 -0.0000110349
  0.0000304234
  0.0000001613
 -0.0000017355
  0.0000136241
  0.0000073373
 -0.0000035364
 -0.0000029846
 -0.0000080929
 -0.0000110277
  0.0000080072
 -0.0000031167
 -0.0000045443
  0.0000172532
  0.0000122768
 -0.0000002300
  0.0000009964
  0.0000020046
 -0.0000056840
  0.0000154366
 -0.0003155060
  0.0001036572
  0.0000241703
  0.0000301460
  0.0000388652
 -0.0000295908
  0.0001185402
 -0.0000500710
  0.0002315791
 -0.0001653088
  0.0000063477
  0.0000096526
  0.0000040382
 -0.0000003703
 -0.0000009983
 -0.0000020875
 -0.0000063639
  0.0000191888
  0.0000033425
  0.0000047885
 -0.0000243312
 -0.0000002716
 -0.0000111632
 -0.0000083735
  0.0000050365
  0.0000017970
  0.0000241797
  0.0000090710
  0.0000002762
 -0.0000056712
  0.0000002539
  0.0000004462
  0.0000723638
 -0.0000056467
  0.0000067890
  0.0000041874
 -0.0000053716
 -0.0000161029
  0.0000157402
 -0.0000092479
  0.0000217620
  0.0000067190
  0.0000041911
  0.0000058548
  0.0000094483
  0.0000245933
 -0.0000088026
  0.0000301710
  0.0000070095
  0.0000153379
 -0.0000129013
  0.0000219283
 -0.0000323982
 -0.0000224641
 -0.0002034609
 -0.0002416816
  0.0000298605
  0.0000125499
  0.0000380334
 -0.0000149085
  0.0007179606
  0.0001119411
  0.0000474600
  0.0000046102
  0.0000150638
 -0.0000086542
  0.0000016603
  0.0000065834
 -0.0000102367
 -0.0000052608
 -0.0000033506
  0.0000024598
  0.0000064844
  0.0000078210
 -0.0000059671
  0.0000133767
 -0.0000091238
 -0.0000009061
  0.0000018712
  0.0000617341
  0.0000012256
  0.0000053113
  0.0000025516
  0.0000014808
 -0.0000270645
  0.0000117101
 -0.0000145737
 -0.0000005337
  0.0000014362
 -0.0000770867
  0.0000103057
  0.0000062463
  0.0000434315
 -0.0000196991
  0.0000147918
 -0.0000325906
 -0.0000321044
 -0.0000241857
  0.0000119120
 -0.0000619502
  0.0000586330
  0.0000324993
  0.0001030255
 -0.0000253047
  0.0001486981
 -0.0002248985
 -0.0000042846
 -0.0000113549
 -0.0000036160
  0.0000023628
  0.0000123849
 -0.0000014400
  0.0000003533
 -0.0000019276
  0.0000071187
 -0.0000096979
  0.0000051732
  0.0000070096
 -0.0000106207
 -0.0000063407
 -0.0000326855
 -0.0000004065
 -0.0000188301
  0.0000042004
 -0.0000100513
 -0.0000029035
  0.0000068934
  0.0000027433
 -0.0000064628
  0.0000191297
  0.0000365838
 -0.0000117887
 -0.0000426627
  0.0000034669
  0.0000441069
  0.0000768814
  0.0000047911
  0.0000066046
  0.0000169940
 -0.0000139150
 -0.0000032461
  0.0000410985
 -0.0000264627
 -0.0000344788
  0.0001277139
  0.0000351560
  0.0004024950
  0.0002721160
  0.0002001845
 -0.0004373583
 -0.0008046874
  0.0000891281
 -0.0001757344
  0.0000323568
  0.0000216097
  0.0000202459
  0.0000147632
  0.0000074038
 -0.0000018378
  0.0000632875
  0.0000081688
 -0.0000087550
  0.0000195682
  0.0000104144
  0.0000219386
 -0.0000080244
  0.0000086650
  0.0000153691
  0.0000196809
 -0.0000165036
 -0.0000052206
  0.0000330242
  0.0000133042
 -0.0000045371
  0.0000017715
  0.0000274452
  0.0000578173
  0.0000304485
 -0.0000132583
  0.0000196516
  0.0000204382
  0.0000001228
  0.0000027612
  0.0000041918
  0.0000016147
  0.0000077360
 -0.0000048128
 -0.0000029691
 -0.0000057059
  0.0000007983
  0.0000075769
 -0.0000085199
  0.0000252719
  0.0000098828
 -0.0000003152
 -0.0000097813
  0.0000100829
 -0.0000116685
  0.0000004270
 -0.0002334459
 -0.0000487919
  0.0000181433
 -0.0000262843
  0.0000174646
  0.0000233860
 -0.0000395820
  0.0000824952
 -0.0000460172
  0.0005662376
 -0.0000445264
  0.0000249417
  0.0000071314
  0.0000028522
  0.0000003413
 -0.0000021436
 -0.0000037377
  0.0000200860
  0.0000018156
 -0.0000189477
 -0.0000022187
 -0.0000122455
 -0.0000015334
  0.0000030908
  0.0000007912
  0.0000208124
  0.0000109225
 -0.0000011485
 -0.0000086223
  0.0000058009
 -0.0000014134
  0.0000676777
  0.0000042323
  0.0000073309
  0.0000001469
  0.0000199887
  0.0000060296
  0.0000614496
  0.0000060308
  0.0000049976
 -0.0000487981
 -0.0000919211
  0.0002723137
  0.0000683555
 -0.0000049574
 -0.0000162604
  0.0000428243
 -0.0000643722
  0.0000459211
 -0.0000218978
 -0.0000042086
 -0.0000491766
 -0.0003103990
 -0.0001090694
  0.0003491314
  0.0002543654
 -0.0001755741
 -0.0002213693
  0.0001189983
 -0.0003535363
  0.0000076316
  0.0000301924
  0.0000153500
  0.0000213424
  0.0000249485
  0.0000428493
 -0.0000353165
  0.0000170139
  0.0000197932
  0.0000521794
  0.0000246034
  0.0000372150
  0.0000252251
  0.0000233934
  0.0000265215
  0.0000377185
  0.0000032293
 -0.0000119939
  0.0000241392
  0.0000153175
 -0.0000362835
  0.0000163046
  0.0000218198
  0.0000234719
  0.0000203829
  0.0000130827
  0.0000396546
  0.0000144693
  0.0000020043
  0.0000093425
  0.0000328304
 -0.0000187260
 -0.0000177183
  0.0000083942
 -0.0000049009
  0.0000259536
  0.0000191431
  0.0000050907
  0.0000071120
  0.0000308082
  0.0000186575
  0.0000099376
 -0.0000136698
  0.0000101602
  0.0000527432
  0.0000313070
  0.0000117356
  0.0000093713
  0.0000151084
  0.0001124436
  0.0001906618
  0.0000050092
 -0.0001768144
  0.0001693166
  0.0000167330
 -0.0001160640
 -0.0002335881
  0.0000061001
  0.0000018701
  0.0000144732
 -0.0000019942
 -0.0000012595
 -0.0000056720
  0.0000083006
 -0.0000110217
  0.0000017858
 -0.0000054307
 -0.0000148196
 -0.0000073092
 -0.0000034337
  0.0000037154
  0.0000042283
  0.0000010310
 -0.0000093551
  0.0000141054
  0.0000022415
 -0.0000091181
  0.0000085367
 -0.0000067536
  0.0000374492
  0.0000038617
  0.0000076769
 -0.0000036482
  0.0000033384
  0.0000149930
 -0.0000017625
  0.0000077507
 -0.0000341383
 -0.0000011708
  0.0000435258
 -0.0000304877
  0.0000388897
  0.0000009311
 -0.0000121414
 -0.0000264535
  0.0000125433
 -0.0000004976
  0.0000140323
  0.0000062459
 -0.0000629978
 -0.0000307623
  0.0002513141
  0.0000946654
 -0.0001082230
 -0.0002527771
 -0.0000182050
  0.0000996937
 -0.0003460915
  0.0000036050
 -0.0000038197
  0.0000004683
 -0.0000188814
 -0.0000116564
 -0.0000048726
 -0.0000146677
 -0.0000354047
 -0.0000122229
  0.0000044397
 -0.0000060815
 -0.0000085292
  0.0000109149
 -0.0000012856
  0.0000066024
 -0.0000417476
 -0.0000083914
 -0.0000128551
  0.0000112837
 -0.0000085717
 -0.0000003461
  0.0000547865
 -0.0000091434
 -0.0000083353
 -0.0000069154
 -0.0000125142
  0.0002137606
 -0.0000128184
  0.0000037504
 -0.0000160152
 -0.0000064252
 -0.0000505180
  0.0000197565
 -0.0000116966
  0.0000202996
  0.0000262553
 -0.0000157289
 -0.0000134891
  0.0000324954
  0.0000161386
 -0.0000087255
  0.0000238121
 -0.0001998147
  0.0000004521
  0.0003626415
  0.0001442998
  0.0002177880
 -0.0003459448
 -0.0004130525
  0.0000877822
 -0.0003618284
  0.0000021788
  0.0000012904
  0.0000039758
  0.0000164975
  0.0000051665
 -0.0000373549
 -0.0000026418
  0.0000089605
  0.0000372852
  0.0000031706
  0.0000262139
  0.0000052754
  0.0000029099
  0.0000038961
  0.0000098368
  0.0000077197
 -0.0000220450
  0.0000026380
 -0.0000301282
 -0.0000288149
  0.0000066390
 -0.0000017982
 -0.0000029163
  0.0000005427
  0.0000108701
  0.0000101113
  0.0000025735
 -0.0000124391
  0.0000101948
  0.0000078801
 -0.0000225974
 -0.0000103182
  0.0000021157
 -0.0000065679
  0.0000040809
  0.0000225349
  0.0000018525
  0.0000230104
  0.0000195742
  0.0000113418
  0.0000099543
 -0.0000078672
 -0.0000058069
  0.0000152166
  0.0002469257
 -0.0000249386
  0.0000273247
 -0.0000346798
  0.0002724206
 -0.0000541371
  0.0001823208
 -0.0000895902
  0.0001085773
 -0.0000131856
 -0.0002611058
  0.0000064745
  0.0000130946
 -0.0000001301
 -0.0000011623
 -0.0000022672
  0.0000059436
 -0.0000070314
 -0.0000141841
 -0.0000075645
 -0.0000082459
 -0.0000028128
  0.0000046418
  0.0000034285
 -0.0000022721
 -0.0000072286
  0.0000138919
  0.0000005962
 -0.0000117060
  0.0000002021
 -0.0000067086
  0.0000538717
 -0.0000003275
  0.0000064055
 -0.0000048437
 -0.0000037534
  0.0000129365
 -0.0000273608
  0.0000165429
 -0.0000138473
 -0.0000057452
 -0.0000041823
 -0.0000111896
 -0.0000226076
 -0.0000088619
  0.0000141455
 -0.0000135299
  0.0000195212
  0.0000374824
  0.0000102569
 -0.0000170722
  0.0000008648
 -0.0000242200
  0.0000340383
  0.0001743891
  0.0000123250
  0.0000047803
  0.0001911763
  0.0001913718
 -0.0001948121
  0.0001659505
  0.0000123842
 -0.0000619372
 -0.0002361925
  0.0000056741
  0.0000125942
 -0.0000130394
  0.0000013725
 -0.0000136141
  0.0000104624
  0.0000044372
 -0.0000167783
 -0.0000030949
 -0.0000112325
  0.0000018129
  0.0000027376
  0.0000014414
  0.0000008723
 -0.0000249010
 -0.0000011438
 -0.0000108822
  0.0000094001
 -0.0000180420
  0.0000059816
  0.0000323855
 -0.0000024191
  0.0000000653
  0.0000026882
  0.0000108144
  0.0000024373
  0.0000054005
 -0.0000055010
 -0.0000025027
 -0.0000044185
  0.0000040693
  0.0000074973
 -0.0000028720
  0.0000178719
  0.0000141824
  0.0000059410
  0.0000038738
  0.0000002143
 -0.0000110664
  0.0000466227
  0.0001775754
  0.0000071527
  0.0000286913
 -0.0000343133
  0.0002132592
  0.0001650849
 -0.0000300863
 -0.0003166776
  0.0001335706
  0.0000045865
 -0.0000772959
 -0.0002579326
  0.0000095482
  0.0000035169
  0.0000033835
  0.0000015728
 -0.0000008560
 -0.0000005958
 -0.0000057140
  0.0000078992
 -0.0000125252
  0.0000113776
  0.0000033645
 -0.0000174445
  0.0000015616
 -0.0000132911
  0.0000048072
  0.0000063514
  0.0000035975
 -0.0000121401
  0.0000016821
  0.0000089013
 -0.0000008956
 -0.0000142491
  0.0000020152
  0.0000013370
  0.0000507804
 -0.0000037780
  0.0000090940
  0.0000050888
  0.0000074471
  0.0000216420
 -0.0000210477
 -0.0000228570
  0.0000000852
 -0.0000038225
  0.0000358217
  0.0000066070
  0.0000016067
 -0.0000035377
  0.0000303174
  0.0000104953
  0.0000061758
 -0.0000169030
 -0.0000045494
 -0.0001034216
  0.0002238903
 -0.0000443489
  0.0000278389
  0.0001260294
  0.0001209524
 -0.0000264288
  0.0002451328
  0.0000263249
 -0.0000509061
 -0.0000368152
  0.0001319772
 -0.0002901528
  0.0000018440
 -0.0000028604
  0.0000108796
 -0.0000077962
 -0.0000058735
 -0.0000057118
 -0.0000184382
 -0.0000009461
 -0.0000224330
  0.0000001703
 -0.0000078365
 -0.0000181017
 -0.0000110135
 -0.0000113250
 -0.0000010550
  0.0000004642
 -0.0000017584
 -0.0000419053
  0.0000013979
  0.0000079912
  0.0000041414
 -0.0000166618
  0.0000049792
 -0.0000106606
  0.0000200433
  0.0000048766
  0.0000041981
 -0.0000074135
  0.0000025444
 -0.0000758260
 -0.0000318748
 -0.0000001244
 -0.0000180358
 -0.0000185989
 -0.0000573673
 -0.0000023388
 -0.0000123220
  0.0000368525
  0.0000035746
 -0.0000350991
 -0.0000220345
  0.0000186541
 -0.0000008037
 -0.0000114954
  0.0000153764
  0.0000785400
 -0.0000055067
  0.0002610059
  0.0001287103
 -0.0000060609
 -0.0000135562
 -0.0003001754
  0.0000281165
  0.0000036639
  0.0000044952
 -0.0000071793
 -0.0000339985
  0.0000041893
 -0.0000014620
  0.0000372375
 -0.0000109419
  0.0000179894
 -0.0000061477
 -0.0000011334
  0.0000032193
 -0.0000025428
 -0.0000246286
 -0.0000025769
 -0.0000170752
 -0.0000445664
  0.0000083606
  0.0000090472
 -0.0000176529
  0.0000131706
  0.0000062885
 -0.0000077272
  0.0000674165
 -0.0000040241
 -0.0000441836
 -0.0000181632
  0.0000006423
 -0.0000160424
 -0.0000987354
  0.0000001007
  0.0000688952
 -0.0000100152
  0.0000042034
 -0.0000276418
 -0.0000184167
 -0.0000122880
 -0.0000352804
 -0.0000803807
 -0.0000286047
  0.0002525220
  0.0001208348
 -0.0003777660
 -0.0006909906
  0.0000043371
 -0.0002846944
 -0.0000102693
 -0.0000129188
 -0.0000262730
 -0.0000071145
 -0.0000187388
  0.0000033359
 -0.0000232524
 -0.0000163005
  0.0000031814
 -0.0000211719
 -0.0000098731
  0.0000381145
 -0.0000116282
 -0.0000092135
  0.0000002893
 -0.0000206926
 -0.0000424147
 -0.0000141082
 -0.0000436275
 -0.0000088813
 -0.0000179581
 -0.0000263513
 -0.0000330461
 -0.0000031595
 -0.0000172090
  0.0000031339
 -0.0000143084
  0.0000032278
  0.0000369388
  0.0000308757
 -0.0000672050
 -0.0000034477
 -0.0000187225
 -0.0000412199
 -0.0000468622
  0.0000616948
  0.0000066487
  0.0000269203
  0.0000190529
  0.0000089257
  0.0000064287
 -0.0000615966
 -0.0000195099
 -0.0001339275
  0.0000704641
 -0.0000388916
  0.0004793954
  0.0002092212
  0.0002785547
  0.0002134745
 -0.0002960767
 -0.0007193586
  0.0000355951
 -0.0001493810
 -0.0000001869
 -0.0000110936
 -0.0000036801
 -0.0000169811
  0.0000225446
 -0.0000239383
 -0.0000221314
 -0.0000276215
 -0.0000425139
 -0.0000138110
  0.0000069737
 -0.0000232005
  0.0000131944
  0.0000064318
  0.0000147589
 -0.0000098984
  0.0000017002
 -0.0001142709
  0.0000185355
 -0.0000013780
  0.0000169942
 -0.0000241373
  0.0000006294
  0.0000127151
 -0.0000060711
  0.0000146865
 -0.0000116533
  0.0000076578
 -0.0000005031
  0.0000034440
 -0.0000060303
  0.0000112674
  0.0000067742
 -0.0000035901
 -0.0000028561
 -0.0000087334
 -0.0000056841
  0.0000075578
 -0.0000006746
 -0.0000115659
  0.0000152590
  0.0000114956
 -0.0000008129
  0.0000016936
  0.0000020929
 -0.0000062417
 -0.0000145969
  0.0000495294
 -0.0000192211
  0.0002569931
  0.0000190247
  0.0001858977
  0.0001154384
  0.0000469423
  0.0000006917
 -0.0003392988
 -0.0001573493
 -0.0000168064
 -0.0003236644
  0.0000025005
  0.0000006696
  0.0000038760
  0.0000007050
 -0.0000049268
 -0.0000053516
 -0.0000068421
  0.0000049311
 -0.0000119110
  0.0000001854
 -0.0000102448
 -0.0000205683
  0.0000006026
  0.0000039673
 -0.0000148099
 -0.0000131880
  0.0000042617
  0.0000034482
  0.0000019086
  0.0000056862
 -0.0000078034
 -0.0000159225
 -0.0000033313
  0.0000087744
 -0.0000004952
 -0.0000169046
 -0.0000033619
 -0.0000277586
  0.0000369644
 -0.0000074168
 -0.0000014803
  0.0000072705
 -0.0000064120
  0.0000035957
  0.0000055430
 -0.0000270981
  0.0000041694
 -0.0000018118
 -0.0000578532
  0.0000123762
  0.0000054616
  0.0000360659
 -0.0000219603
  0.0000147847
 -0.0000449494
  0.0000026284
 -0.0000247830
  0.0000072532
 -0.0000803372
 -0.0001336435
  0.0001652685
  0.0001037838
  0.0000221009
 -0.0001163701
 -0.0000348341
 -0.0003370759
 -0.0000063526
 -0.0000087822
 -0.0000004678
  0.0000022231
  0.0000364154
 -0.0000105473
 -0.0000044889
 -0.0000012142
  0.0000274789
 -0.0000056012
 -0.0000037715
  0.0000032454
 -0.0000141453
 -0.0000581205
 -0.0000083362
 -0.0000373423
 -0.0000052349
 -0.0000199174
 -0.0000087549
 -0.0000220926
 -0.0000027249
  0.0000070859
 -0.0000117367
 -0.0000739247
 -0.0000142610
 -0.0000253959
  0.0000067177
  0.0000014357
 -0.0000064012
 -0.0000085363
 -0.0000072535
 -0.0000330271
  0.0000008012
  0.0000029711
 -0.0000086082
  0.0000114596
  0.0000050575
 -0.0000010451
  0.0000041762
 -0.0000072422
 -0.0000103972
 -0.0001692696
 -0.0000241305
 -0.0000026335
  0.0000716845
  0.0001668811
 -0.0000203375
  0.0002036655
  0.0000599788
 -0.0000217381
  0.0000115450
 -0.0002446046
  0.0000020536
  0.0000083132
  0.0000035973
 -0.0000021234
  0.0000067098
  0.0000095905
 -0.0000039115
  0.0000119952
 -0.0000194168
  0.0000073191
 -0.0000036434
 -0.0000268992
  0.0000003853
  0.0000067932
 -0.0000096449
 -0.0000054214
  0.0000111459
  0.0000079632
 -0.0000164313
  0.0000058431
 -0.0000051954
 -0.0000211097
  0.0000018803
  0.0000069759
 -0.0000025431
 -0.0000030447
  0.0000045343
 -0.0000021757
  0.0000392453
 -0.0000008031
 -0.0000047774
  0.0000115068
  0.0000049262
  0.0000032558
 -0.0000086285
  0.0000357914
 -0.0000306527
 -0.0000098554
 -0.0000220390
 -0.0000442123
 -0.0000041030
  0.0000705597
 -0.0000066365
  0.0000094095
  0.0000421024
  0.0000023861
 -0.0000113556
 -0.0000203508
 -0.0000381426
 -0.0000725727
  0.0000171822
  0.0001461344
  0.0001434799
 -0.0000252157
 -0.0000167377
 -0.0000152823
 -0.0000309502
 -0.0002719204
 -0.0000012531
 -0.0000077800
 -0.0000126583
 -0.0000059664
  0.0000084033
 -0.0000174882
 -0.0000173584
 -0.0000065556
 -0.0000445995
 -0.0000160352
 -0.0000090851
  0.0000015842
  0.0000034102
  0.0000022000
 -0.0000152726
 -0.0000525404
  0.0000004464
  0.0000084685
  0.0000012552
 -0.0000191192
 -0.0000069712
 -0.0000107730
  0.0000467318
 -0.0000024271
  0.0000029504
  0.0000018921
  0.0000196016
 -0.0000051215
 -0.0000217241
 -0.0000062156
 -0.0000119896
 -0.0000332325
  0.0000016220
  0.0000100212
 -0.0000070952
  0.0000103915
  0.0000499144
  0.0000176134
 -0.0000049551
 -0.0000207053
 -0.0000241676
  0.0000070649
  0.0001872403
  0.0000012293
  0.0001830166
 -0.0000621600
 -0.0001543569
  0.0001246780
  0.0000222230
 -0.0002480034
  0.0000026882
  0.0000090232
 -0.0000161943
  0.0000044071
 -0.0000132090
  0.0000077669
 -0.0000166668
 -0.0000094454
 -0.0000104458
  0.0000002156
  0.0000021192
 -0.0000092262
  0.0000006449
 -0.0000182697
  0.0000059568
 -0.0000170632
  0.0000016834
 -0.0000019565
  0.0000345756
 -0.0000060439
 -0.0000049735
 -0.0000004932
  0.0000522918
  0.0000093264
 -0.0000318971
 -0.0000043171
  0.0000019883
  0.0000425016
 -0.0000414659
  0.0000346330
  0.0000062308
  0.0000203646
 -0.0000106500
  0.0000168104
  0.0000078848
 -0.0000278669
  0.0000048953
 -0.0000253463
 -0.0003100296
  0.0000497221
  0.0000220304
 -0.0000028928
  0.0001147290
  0.0000572324
  0.0000431216
  0.0000021800
 -0.0000017374
  0.0000082665
  0.0000186289
 -0.0000310667
 -0.0000035757
  0.0000027805
 -0.0000084945
  0.0000057613
  0.0000181500
 -0.0000029233
  0.0000036792
 -0.0000048419
  0.0000168644
  0.0000180360
  0.0000039151
 -0.0000090841
  0.0000014744
  0.0000119154
  0.0000040949
  0.0000880521
  0.0000459022
  0.0005611212
 -0.0000264082
  0.0001538554
 -0.0001817412
 -0.0000336674
  0.0012311146
 -0.0005154590
 -0.0002966982
 -0.0000058929
 -0.0005320910
  0.0001026480
 -0.0001570192
  0.0002168102
  0.0003562399
 -0.0000118136
  0.0000181460
  0.0000075357
  0.0000206902
  0.0000048238
  0.0000102682
  0.0000209405
 -0.0000150519
 -0.0000049256
  0.0000060237
  0.0000113136
 -0.0000424212
  0.0000021090
  0.0000045486
  0.0000459922
  0.0000175268
  0.0000081317
  0.0000022157
  0.0000107205
  0.0000055504
  0.0000164238
  0.0001344870
  0.0000155040
  0.0000083494
  0.0000063729
  0.0000086556
  0.0000068239
  0.0000097017
  0.0000128706
  0.0000152445
  0.0000049643
  0.0000134078
  0.0000021420
  0.0000084053
  0.0000004563
 -0.0000600194
  0.0006959299
  0.0000424212
  0.0000461210
 -0.0005423921
  0.0000723877
 -0.0001031387
  0.0001903888
 -0.0000897619
  0.0000156912
 -0.0002105210
 -0.0001165560
  0.0001252745
  0.0004144659
 -0.0000240714
  0.0000124752
  0.0000016123
  0.0000176107
  0.0000027204
  0.0000052607
 -0.0000025759
 -0.0000284357
  0.0000419549
 -0.0000009225
  0.0000074365
  0.0000011012
 -0.0000036735
  0.0000015955
 -0.0000091022
  0.0000088453
 -0.0000004714
 -0.0000019426
 -0.0000198458
  0.0000012640
  0.0000069334
  0.0000781874
  0.0000029094
  0.0000072144
  0.0000080517
  0.0000038416
 -0.0000107421
 -0.0000032127
 -0.0000707432
 -0.0000042609
 -0.0000017609
  0.0000036758
 -0.0000044913
  0.0000026394
 -0.0000681190
 -0.0002916105
  0.0000425387
  0.0008627328
  0.0000411176
  0.0000189908
 -0.0003446831
  0.0000485315
 -0.0007734121
  0.0004681913
 -0.0002556437
  0.0000280570
  0.0002311208
  0.0000616221
  0.0000129818
 -0.0000306777
  0.0000190548
 -0.0000036084
  0.0000220878
 -0.0000055919
 -0.0000042276
  0.0000184409
 -0.0000480945
  0.0000352646
 -0.0000080442
 -0.0000014256
 -0.0000611620
 -0.0000118198
 -0.0000076129
 -0.0000117083
  0.0000036833
 -0.0000052075
  0.0000044287
  0.0000285542
 -0.0000258827
 -0.0000006968
  0.0000288786
 -0.0000027550
  0.0000061818
 -0.0000206939
  0.0000205777
 -0.0000102454
 -0.0000042358
 -0.0000904825
  0.0000224811
 -0.0000060664
 -0.0000211315
 -0.0000089618
 -0.0000038749
  0.0001443144
 -0.0001649288
  0.0004395544
  0.0000015326
  0.0000697913
 -0.0006519175
 -0.0000455296
 -0.0003679391
 -0.0004417950
 -0.0000707243
  0.0001884658
  0.0006137778
  0.0001367759
  0.0001672218
  0.0002873979
 -0.0000289869
  0.0000076150
 -0.0000067530
  0.0000095123
 -0.0000117657
 -0.0000049823
  0.0000206692
 -0.0000576734
 -0.0000067320
 -0.0000093062
 -0.0000043449
 -0.0000422097
 -0.0000135958
 -0.0000095180
  0.0000028083
  0.0000019276
 -0.0000073350
 -0.0000067957
 -0.0000273054
 -0.0000222576
  0.0000009439
 -0.0000367902
  0.0000003813
 -0.0000144314
 -0.0000107543
  0.0000061747
 -0.0000104351
 -0.0000053263
  0.0000356315
  0.0000057875
 -0.0000078210
 -0.0000177247
 -0.0000095881
 -0.0000046712
 -0.0000708516
  0.0001807463
 -0.0000604468
 -0.0000358620
 -0.0002269912
  0.0000780380
  0.0000016235
 -0.0007547846
  0.0004522661
  0.0000742107
 -0.0000872508
 -0.0000844475
  0.0002118958
 -0.0001405895
  0.0004030977
 -0.0000555604
  0.0000043464
 -0.0000106710
  0.0000096092
 -0.0000072567
 -0.0000410829
 -0.0000265901
 -0.0000856306
 -0.0000050197
 -0.0000182271
 -0.0000145776
 -0.0000275014
 -0.0000239493
 -0.0000094735
 -0.0000676919
 -0.0000242861
 -0.0000140700
 -0.0000095075
 -0.0000126436
 -0.0000024383
  0.0000157243
 -0.0001700403
  0.0000148849
 -0.0000041747
 -0.0000041415
 -0.0000250939
 -0.0000276500
 -0.0000302778
 -0.0001025382
  0.0000067022
 -0.0000159575
 -0.0000049285
 -0.0000337757
 -0.0000093206
  0.0003890179
 -0.0000735245
 -0.0010247002
 -0.0002044774
  0.0001281321
 -0.0001539700
  0.0001381274
 -0.0001107509
  0.0008130833
  0.0001592669
  0.0000065947
 -0.0000195435
  0.0001141088
 -0.0003640611
  0.0004308882
  0.0000042451
 -0.0000056924
 -0.0000050748
 -0.0000064083
  0.0000332968
  0.0000286413
 -0.0000029352
  0.0000556945
  0.0000251223
 -0.0000059913
  0.0000056821
 -0.0000378037
 -0.0000141954
 -0.0000350232
  0.0000086410
  0.0000465479
  0.0000294655
 -0.0000101365
 -0.0000132459
 -0.0000095446
  0.0000040270
 -0.0001780904
 -0.0000046958
  0.0000088251
 -0.0000086080
  0.0000464005
 -0.0000221465
  0.0000274267
  0.0001785848
  0.0000007309
  0.0000417541
 -0.0000073540
  0.0000242045
 -0.0000167778
  0.0000692366
 -0.0001898092
  0.0006644064
 -0.0000653366
  0.0000009125
  0.0000856306
  0.0000712863
 -0.0006696512
 -0.0002516651
  0.0000335658
  0.0001272277
  0.0007747679
  0.0002476933
  0.0001774385
  0.0003244219
 -0.0000277619
  0.0000236216
  0.0000020991
  0.0000330334
 -0.0000091521
 -0.0000061835
  0.0000253017
  0.0000004420
  0.0000423019
 -0.0000014948
  0.0000031405
 -0.0000463653
 -0.0000042961
  0.0000018944
  0.0000418362
 -0.0000020552
  0.0000067601
 -0.0000008630
  0.0000010030
  0.0000012222
  0.0000210965
  0.0000920050
  0.0000174669
  0.0000078940
  0.0000077961
  0.0000230686
 -0.0000076258
 -0.0000045758
 -0.0000567361
  0.0000132170
 -0.0000057039
  0.0000035307
 -0.0000107831
  0.0000029074
  0.0000218502
 -0.0001345672
 -0.0003436548
  0.0000758050
 -0.0000371187
 -0.0001277563
 -0.0001741230
 -0.0002741002
  0.0007759991
 -0.0001996926
  0.0000352535
 -0.0003117256
 -0.0000651271
 -0.0005999411
  0.0002958083
 -0.0000140958
  0.0000065800
 -0.0000007677
  0.0000214821
  0.0000125771
  0.0000082072
  0.0000909831
 -0.0000617849
  0.0000858472
 -0.0000112934
  0.0000042364
 -0.0000208680
 -0.0000140654
 -0.0000035517
  0.0000389997
  0.0000138128
  0.0000021854
 -0.0000007137
  0.0000192078
  0.0000112937
 -0.0000009192
  0.0000748217
 -0.0000028164
  0.0000047951
 -0.0000001760
  0.0000886027
  0.0000067393
  0.0000106133
 -0.0000311811
  0.0000304157
  0.0000071138
  0.0000043843
  0.0000071205
  0.0000007409
  0.0001979545
  0.0002917031
  0.0000209398
 -0.0001527493
  0.0000306190
 -0.0002496697
 -0.0000017783
 -0.0001965380
  0.0000603744
 -0.0000215860
  0.0001388470
  0.0007526230
  0.0001816732
 -0.0000446814
 -0.0000334378
 -0.0000146518
 -0.0000125782
 -0.0000108474
  0.0000126633
  0.0000071616
  0.0000054855
  0.0000171792
  0.0001040872
 -0.0000015272
 -0.0000079677
 -0.0000070128
 -0.0000545888
 -0.0000091784
 -0.0000120808
  0.0000256730
  0.0000002323
 -0.0000044444
 -0.0000106424
 -0.0000151475
  0.0000013112
  0.0000024898
 -0.0000680813
  0.0000156546
  0.0000026561
 -0.0000069442
  0.0000211559
  0.0000000459
  0.0000019116
 -0.0000054562
 -0.0000115775
  0.0000132520
 -0.0000047303
 -0.0000038265
  0.0000014703
  0.0000887069
  0.0000382968
  0.0008126075
 -0.0000420477
  0.0001334109
 -0.0004337767
 -0.0000425405
 -0.0003017598
 -0.0002070590
 -0.0000942239
 -0.0000294256
 -0.0000987662
  0.0001420492
  0.0000759845
  0.0001616699
 -0.0000226242
  0.0000291150
  0.0000234171
  0.0000322003
 -0.0000254303
 -0.0000102060
  0.0000275025
 -0.0000241581
  0.0000129969
  0.0000135298
  0.0000145641
 -0.0000354368
  0.0000112176
  0.0000131371
  0.0000243017
 -0.0000085161
  0.0000001874
  0.0000238599
 -0.0000058040
 -0.0000015161
  0.0000065014
  0.0001084434
  0.0000043232
  0.0000173368
  0.0000093301
  0.0000127225
 -0.0000008849
 -0.0000013023
  0.0000103352
  0.0000294427
 -0.0000205700
 -0.0000042173
 -0.0000284714
  0.0000133820
 -0.0001233959
 -0.0004186423
 -0.0007104799
 -0.0001148442
  0.0000863081
 -0.0001934953
  0.0000000663
  0.0004084148
  0.0010433513
 -0.0000349510
 -0.0000560258
 -0.0000212465
 -0.0001488852
  0.0000294788
  0.0001179120
 -0.0000255463
  0.0000045588
  0.0000063958
  0.0000333947
 -0.0000032000
 -0.0000141902
  0.0000233452
 -0.0000421707
  0.0000630787
  0.0000016803
  0.0000090678
 -0.0000518939
 -0.0000000709
  0.0000059275
 -0.0000299683
 -0.0000088059
  0.0000013388
  0.0000093943
  0.0000430548
  0.0000076030
  0.0000084227
  0.0000142010
  0.0000149431
  0.0000122203
  0.0000111872
  0.0000192251
  0.0000027952
  0.0000053054
 -0.0000630266
 -0.0000036219
  0.0000016210
  0.0000053092
 -0.0000007806
  0.0000069931
 -0.0001046095
 -0.0000705650
  0.0000826475
 -0.0000823108
 -0.0001492748
  0.0001342982
  0.0005170491
  0.0000825454
 -0.0003937278
  0.0007019723
 -0.0000160124
  0.0000463827
 -0.0001226743
 -0.0000746185
  0.0003494693
 -0.0000310863
  0.0000147650
 -0.0000042089
  0.0000194553
 -0.0000127410
 -0.0000107053
  0.0000033693
  0.0000589830
  0.0000214952
 -0.0000178886
  0.0000017576
 -0.0000008356
 -0.0000183503
 -0.0000035503
  0.0000129406
 -0.0000035202
 -0.0000096013
 -0.0000029405
 -0.0000000220
  0.0000035948
 -0.0000112181
  0.0000716920
 -0.0000129769
  0.0000020315
  0.0000031919
  0.0000063283
 -0.0000108273
 -0.0000068958
  0.0000601168
  0.0000175898
 -0.0000072709
 -0.0000015792
 -0.0000101850
 -0.0000026846
  0.0000692279
 -0.0001821063
  0.0001660302
 -0.0001716045
  0.0000185214
 -0.0001157374
 -0.0000118281
 -0.0000904542
  0.0000693220
 -0.0000292180
 -0.0000859923
 -0.0006607197
 -0.0002108428
 -0.0001159154
 -0.0000484082
 -0.0015623393
 -0.0000059559
 -0.0000156054
 -0.0000027021
  0.0000098825
  0.0000351756
  0.0000251878
  0.0000074767
  0.0000953847
 -0.0000084185
  0.0000021382
  0.0000045892
 -0.0000569380
 -0.0000025874
 -0.0000030500
  0.0000208887
  0.0000261246
  0.0000007101
 -0.0000157396
 -0.0000208192
  0.0000066513
  0.0000085427
 -0.0000253834
  0.0000172648
  0.0000083817
 -0.0000062116
  0.0000184074
  0.0000145950
  0.0000091577
 -0.0000071551
 -0.0000149352
  0.0000272829
 -0.0000056955
  0.0000181318
 -0.0000033369
 -0.0001775948
 -0.0006036139
  0.0000565974
 -0.0001487619
  0.0001162318
  0.0000018042
  0.0001229568
  0.0000637541
 -0.0000290975
  0.0002580724
 -0.0000999839
  0.0000135433
 -0.0001621366
  0.0002033415
  0.0000044377
 -0.0000160177
  0.0000095743
 -0.0000082245
  0.0000141369
  0.0000252832
  0.0000059578
  0.0000263901
 -0.0000320134
  0.0000385805
 -0.0000085147
 -0.0000027268
 -0.0000557132
 -0.0000122316
 -0.0000079898
 -0.0000199951
  0.0000126347
 -0.0000033566
  0.0000040783
  0.0000342763
 -0.0000168831
  0.0000060152
 -0.0000442116
  0.0000057911
  0.0000083156
 -0.0000181242
  0.0000299707
  0.0000024017
  0.0000008027
 -0.0000829663
  0.0000224268
  0.0000139825
 -0.0000149164
  0.0000112204
 -0.0000044828
 -0.0002651823
 -0.0002373753
 -0.0001097567
  0.0002685456
  0.0001140200
 -0.0002363569
 -0.0000256859
  0.0000931008
 -0.0007399545
  0.0005403591
 -0.0001455536
 -0.0000218341
 -0.0000285420
 -0.0002079008
  0.0000704715
 -0.0000147868
 -0.0000087623
 -0.0000111077
 -0.0000021784
 -0.0000015299
 -0.0000032908
 -0.0000204846
 -0.0000447744
 -0.0000316574
 -0.0000148161
 -0.0000002786
 -0.0000068875
 -0.0000151495
 -0.0000107672
 -0.0000331105
 -0.0000016231
 -0.0000148073
 -0.0000149611
 -0.0000169464
 -0.0000142457
 -0.0000046658
 -0.0001193785
 -0.0000039107
 -0.0000059568
 -0.0000058970
 -0.0000272867
 -0.0000008255
  0.0000039543
 -0.0000903627
 -0.0000252439
 -0.0000087444
 -0.0000113785
 -0.0000131270
 -0.0000095680
 -0.0007985832
 -0.0000578100
 -0.0000529297
 -0.0006728586
 -0.0000192535
 -0.0000131829
 -0.0000115004
 -0.0000339823
 -0.0000132191
 -0.0000289432
 -0.0000267346
 -0.0001835961
 -0.0000223749
 -0.0000245171
 -0.0000543548
 -0.0000208194
 -0.0000149795
 -0.0000386695
 -0.0000241556
 -0.0000041254
 -0.0000145800
 -0.0000304402
 -0.0000374915
 -0.0000258719
  0.0001396911
 -0.0000094935
  0.0000078621
 -0.0000274270
 -0.0000444633
 -0.0000024146
 -0.0000123191
 -0.0000443164
 -0.0005857363
 -0.0002031574
 -0.0002170524
  0.0001694889
 -0.0001860255
 -0.0002286746
 -0.0001697079
 -0.0001954802
 -0.0002167819
 -0.0003786645
  0.0003273811
  0.0000401940
 -0.0002204509
 -0.0002129960
 -0.0001997198
  0.0002815147
  0.0001379540
 -0.0002552421
  0.0002998625
  0.0003902403
  0.0000464122
 -0.0003113106
 -0.0001221585
 -0.0001828345
 -0.0002311290
  0.0000749707
 -0.0003116311
 -0.0001688746
  0.0000237945
 -0.0002490735
  0.0003675420
 -0.0002188012
 -0.0001992390
 -0.0001246615
 -0.0000998536
 -0.0001051569
  0.0000541791
  0.0001623218
 -0.0003118484
 -0.0000514558
  0.0002582344
 -0.0000883511
  0.0000097861
 -0.0000929622
 -0.0000884879
 -0.0000695043
  0.0001880378
 -0.0002210801
  0.0001920802
 -0.0001844231
  0.0000468519
  0.0001525293
 -0.0001105780
 -0.0001907161
 -0.0005189300
 -0.0001154883
  0.0001846559
  0.0001479650
 -0.0001221491
 -0.0001396775
  0.0000972004
  0.0002455417
 -0.0003750214
 -0.0000582076
  0.0007664406
 -0.0002118564
  0.0002419374
 -0.0003012552
 -0.0001332686
  0.0000549973
 -0.0000569938
  0.0001203428
  0.0001515899
  0.0000901432
  0.0000251753
 -0.0000194578
 -0.0000040199
  0.0000371189
  0.0000394354
  0.0000290859
  0.0000271604
 -0.0000195653
 -0.0000123666
 -0.0000266235
  0.0000155590
  0.0000267180
  0.0000725329
  0.0000567690
  0.0004124356
 -0.0000221252
  0.0000165563
  0.0000276878
  0.0002061254
  0.0000138563
  0.0000279662
 -0.0000293173
 -0.0000946916
 -0.0000802196
 -0.0000066217
  0.0000160933
  0.0000061489
  0.0000205916
  0.0000474302
  0.0000169017
  0.0000080431
  0.0000282368
  0.0007010339
  0.0000474369
  0.0001634871
 -0.0002193459
  0.0000273055
  0.0000497799
  0.0000113845
 -0.0000157347
 -0.0000007489
  0.0000102576
 -0.0000140828
 -0.0001770807
  0.0000287287
 -0.0000015364
 -0.0000555742
  0.0000018939
 -0.0000038362
 -0.0000078669
 -0.0000173934
 -0.0000151385
  0.0000124889
  0.0000838179
 -0.0000122006
  0.0000162749
  0.0000125570
  0.0000151642
 -0.0000154612
 -0.0000094178
  0.0001673069
  0.0005158624
 -0.0002913127
  0.0001351412
 -0.0004630570
  0.0000162991
  0.0000049566
  0.0000131276
  0.0000093842
 -0.0001044706
  0.0000168751
  0.0000043944
  0.0000421395
  0.0000046664
  0.0000206936
 -0.0000873712
  0.0000040075
  0.0000119011
 -0.0000008287
  0.0000374853
  0.0000324844
  0.0000071579
  0.0000003154
  0.0000069979
 -0.0000188113
 -0.0000309970
 -0.0000137359
  0.0000187550
  0.0000126690
  0.0000322900
  0.0000141044
  0.0000237281
  0.0000147679
  0.0000295763
  0.0001056886
 -0.0000447522
 -0.0000144969
 -0.0000265791
 -0.0000068486
 -0.0000141925
  0.0000202503
  0.0000386161
 -0.0007861606
 -0.0000143532
  0.0000082972
 -0.0003057467
  0.0000413311
 -0.0000106861
 -0.0000061242
 -0.0002366104
  0.0000330363
 -0.0000338228
  0.0000320635
 -0.0000031143
 -0.0008356470
 -0.0000126423
  0.0000235540
  0.0000779593
 -0.0000049451
 -0.0000455628
  0.0000562963
 -0.0000078438
 -0.0000314813
  0.0002822961
  0.0001189473
  0.0000560639
 -0.0004340827
 -0.0003036874
  0.0000092971
  0.0000045882
  0.0000083026
  0.0000014422
 -0.0000042869
 -0.0000029598
 -0.0000034185
 -0.0000018142
 -0.0000089184
 -0.0000250325
 -0.0000093674
  0.0000027501
 -0.0000002585
  0.0000367326
 -0.0000000444
 -0.0000034270
 -0.0000076999
 -0.0000001298
 -0.0000341127
 -0.0000084908
  0.0000128374
  0.0000180679
 -0.0000101472
 -0.0000022732
 -0.0000194611
  0.0000060001
  0.0000631513
  0.0000155540
  0.0002803234
  0.0000767569
  0.0000886653
  0.0000779355
  0.0000684945
  0.0000157581
  0.0000237865
  0.0000035681
  0.0000623816
  0.0008796269
  0.0000876470
  0.0000043156
  0.0006305703
  0.0000564622
  0.0000130805
 -0.0000056626
  0.0007426793
  0.0000576489
  0.0000563896
  0.0001790854
  0.0000219791
  0.0007953238
  0.0004025646
  0.0001332222
  0.0000555849
  0.0004677908
  0.0000919629
 -0.0000223815
  0.0000636917
  0.0001159951
  0.0000501641
  0.0000515275
  0.0004917574
 -0.0002431369
  0.0006131331
  0.0000002727
  0.0000946851
  0.0000664863
 -0.0000383996
 -0.0001606558
 -0.0002241061
 -0.0000421938
  0.0006350460
  0.0002210408
  0.0000538386
  0.0005082277
 -0.0000164910
 -0.0002272003
 -0.0001578093
  0.0003570378
 -0.0000403462
 -0.0000973642
 -0.0001125769
  0.0002604023
  0.0006886814
  0.0000473618
 -0.0000676544
  0.0003936236
 -0.0000306674
  0.0002541709
  0.0004114285
 -0.0000880785
 -0.0000847617
 -0.0001357545
 -0.0003943025
  0.0001086208
  0.0000762208
  0.0001332959
  0.0000832588
  0.0000337059
  0.0000535730
  0.0000373124
  0.0000436296
  0.0000991857
  0.0000138437
  0.0000714677
  0.0000165264
  0.0000215532
  0.0002041860
  0.0000284802
  0.0000366528
  0.0000539518
  0.0001777097
  0.0001097237
  0.0000473567
  0.0001133159
  0.0000117435
  0.0000794153
  0.0001327329
  0.0000488504
  0.0000455243
  0.0005639951
  0.0000681584
 -0.0000057898
  0.0000036294
 -0.0000023878
 -0.0000059887
 -0.0000132585
  0.0000322556
 -0.0000162611
 -0.0000001430
  0.0000238103
 -0.0000102492
  0.0000106163
  0.0000027194
 -0.0000054063
 -0.0000086803
 -0.0000088451
 -0.0000690349
 -0.0000027928
 -0.0000055875
 -0.0000089825
 -0.0000096048
 -0.0004722338
 -0.0000522781
 -0.0001068444
  0.0004714160
  0.0001899800
 -0.0001917984
 -0.0001860691
 -0.0002904230
 -0.0002378467
 -0.0004188895
 -0.0002873451
  0.0006495655
 -0.0003271789
  0.0007304895
 -0.0002680746
 -0.0005570273
  0.0003890333
 -0.0003110873
  0.0002463003
 -0.0003609136
  0.0002601732
 -0.0001399856
 -0.0001669487
 -0.0001572428
  0.0003096299
  0.0009823679
  0.0003210730
 -0.0002884245
 -0.0003003367
  0.0003771439
  0.0006947054
 -0.0006134221
 -0.0001797203
 -0.0001331093
 -0.0002081767
 -0.0002825845
 -0.0000344628
  0.0003425422
 -0.0001023340
 -0.0002522947
  0.0000883176
  0.0000869379
  0.0000601423
  0.0002016000
  0.0001953726
 -0.0000684514
 -0.0001141873
  0.0000747611
 -0.0003614190
  0.0002331997
  0.0000754758
  0.0004945986
 -0.0000460771
 -0.0000282043
  0.0000008559
 -0.0005833264
  0.0000206264
  0.0000806149
  0.0002100909
 -0.0001045738
  0.0000847717
 -0.0005753634
  0.0001737698
  0.0001435930
 -0.0005480041
  0.0001477259
  0.0000022553
  0.0002341868
  0.0003901875
  0.0001822077
  0.0001815493
  0.0001306512
 -0.0001041413
 -0.0002265741
 -0.0000519165
  0.0001026796
 -0.0000932397
 -0.0003484156
 -0.0001056157
  0.0000816672
 -0.0004246453
 -0.0000059496
  0.0002888424
  0.0000168791
 -0.0001551870
 -0.0002778946
 -0.0000320557
  0.0002920805
 -0.0001893352
 -0.0003400895
 -0.0001054820
  0.0000884239
  0.0001284543
  0.0002099459
  0.0000888027
  0.0001113849
  0.0004747667
  0.0000875299
  0.0003617938
 -0.0000637896
 -0.0001955733
 -0.0003002190
  0.0001597695
  0.0001443286
  0.0001286529
  0.0002768625
 -0.0000960240
  0.0000489102
 -0.0001667904
 -0.0000310002
  0.0000013473
 -0.0000061151
  0.0000330630
  0.0000217297
 -0.0000101987
 -0.0000252320
  0.0000350519
  0.0000149380
  0.0000117352
 -0.0001696543
  0.0000182592
 -0.0000225085
  0.0000419924
 -0.0003034980
  0.0001444501
  0.0000106789
 -0.0001890384
 -0.0000316674
 -0.0000188873
 -0.0000903082
 -0.0000102274
 -0.0000192850
 -0.0011706238
 -0.0001343435
 -0.0000218119
 -0.0001193084
 -0.0001306362
  0.0000312153
  0.0000181210
 -0.0001332141
 -0.0000110593
  0.0000168103
  0.0000124211
 -0.0000879469
  0.0000748358
 -0.0000060772
  0.0000400039
  0.0000326695
  0.0000650701
  0.0000331620
  0.0000106181
  0.0000106770
  0.0000472132
 -0.0001424697
  0.0000053722
 -0.0001548721
  0.0000271974
 -0.0000460838
 -0.0001769691
 -0.0000107284
 -0.0000166360
 -0.0000629373
  0.0001664877
 -0.0001298861
 -0.0001527431
 -0.0001162803
 -0.0001236702
  0.0003082947
 -0.0003150702
  0.0000658895
  0.0002342559
  0.0001309551
 -0.0013336048
 -0.0000484512
  0.0000773881
 -0.0001455023
  0.0001438724
  0.0001453630
  0.0000718347
 -0.0002099316
  0.0002879679
 -0.0001346869
  0.0003017676
 -0.0006031906
 -0.0015108112
 -0.0001813222
 -0.0001614678
 -0.0002970070
  0.0002559266
  0.0000595394
 -0.0000207294
  0.0000145822
 -0.0002081718
 -0.0002216454
  0.0000219010
 -0.0000224387
  0.0000086324
  0.0000034270
  0.0000041941
 -0.0000210739
 -0.0000018386
  0.0000091339
  0.0000937690
 -0.0000133594
  0.0000341631
  0.0000085080
  0.0000117651
  0.0000031829
  0.0000018712
 -0.0000155272
 -0.0000180409
 -0.0000065391
  0.0000027242
 -0.0000105076
  0.0000133472
  0.0000143527
 -0.0000077295
  0.0000018595
  0.0000011722
  0.0000093843
 -0.0000084091
  0.0000012200
  0.0000065352
  0.0000136911
  0.0000009475
  0.0000549063
 -0.0000162312
  0.0000646045
  0.0000139177
  0.0000455188
 -0.0000184027
 -0.0000116472
 -0.0000126064
  0.0000187366
  0.0000123451
  0.0000185150
  0.0000058755
  0.0000996688
  0.0000125545
 -0.0000025339
 -0.0000428218
 -0.0000270733
 -0.0000033410
 -0.0000104807
 -0.0000116900
 -0.0000025990
  0.0000397737
  0.0000361016
  0.0000896699
  0.0000033292
  0.0000040559
  0.0000181887
 -0.0000001122
  0.0000703234
  0.0000020033
 -0.0000068979
 -0.0000055561
 -0.0000067209
  0.0000199716
  0.0000097955
  0.0000622654
 -0.0000032465
  0.0000096002
  0.0000223389
 -0.0000149765
  0.0000227426
 -0.0000148298
 -0.0000061828
 -0.0000450229
 -0.0000167479
  0.0000324189
  0.0000124552
 -0.0000282162
  0.0000174818
  0.0000095668
  0.0000211290
  0.0000142836
  0.0000298587
  0.0000112468
 -0.0001380771
 -0.0000157812
 -0.0000279867
  0.0000175869
  0.0000347025
  0.0000378074
 -0.0000078255
  0.0000087658
 -0.0000043764
  0.0000006425
  0.0000159201
 -0.0000037775
 -0.0000049301
 -0.0000202655
  0.0000060443
  0.0000073682
 -0.0000051619
  0.0000084156
 -0.0000041005
 -0.0000014480
 -0.0000128031
 -0.0000961256
 -0.0000050611
 -0.0000163496
 -0.0000196934
 -0.0000313189
 -0.0000196585
 -0.0000384189
  0.0000133411
  0.0000025092
 -0.0000156675
 -0.0000076728
 -0.0000359233
 -0.0000197860
 -0.0000280129
 -0.0000287724
 -0.0000270188
 -0.0000090426
 -0.0000128007
 -0.0000033245
  0.0000826095
 -0.0000122855
 -0.0000347042
  0.0000001661
 -0.0000033560
  0.0000137817
  0.0000916506
  0.0000303020
 -0.0000049842
 -0.0000245995
 -0.0000345477
 -0.0000031007
  0.0000052716
 -0.0000024600
 -0.0000071842
 -0.0000128037
 -0.0000033010
  0.0000067076
 -0.0000168660
 -0.0000165387
 -0.0000130339
  0.0000002206
 -0.0000157083
 -0.0000074471
 -0.0000158717
 -0.0000139658
 -0.0000120351
  0.0000264195
 -0.0000084927
  0.0000044585
  0.0000218608
  0.0000052369
 -0.0000095173
 -0.0000300726
 -0.0001430253
  0.0000152771
  0.0000051939
 -0.0000051713
 -0.0000500019
  0.0000008097
 -0.0000140186
 -0.0000132789
  0.0000070624
 -0.0000054355
 -0.0000051831
 -0.0000047814
  0.0000030390
 -0.0000003779
  0.0000222018
  0.0000045509
 -0.0000020353
 -0.0000112741
  0.0000063850
 -0.0000023810
  0.0000158051
 -0.0000038078
 -0.0000050150
 -0.0000068923
  0.0000020977
 -0.0000185881
 -0.0000775867
  0.0000948042
 -0.0000564015
  0.0000664811
  0.0000732514
 -0.0000384223
 -0.0000294841
 -0.0000224614
 -0.0000254886
 -0.0000101724
  0.0000061405
 -0.0000248732
  0.0000190469
  0.0000219445
 -0.0000087859
  0.0000256451
 -0.0000644078
  0.0000050416
  0.0000397429
  0.0000137004
  0.0000092150
 -0.0000055074
 -0.0000152434
  0.0000012367
  0.0000477483
  0.0000340582
 -0.0000196814
  0.0000010045
  0.0000330417
  0.0000067292
  0.0000227966
  0.0000119227
 -0.0000328711
  0.0000001384
  0.0000007272
  0.0000011095
  0.0000330112
