 -0.0000125823
 -0.0000054830
  0.0000088009
 -0.0000019398
 -0.0000105851
  0.0000015768
  0.0000018814
  0.0000013926
 -0.0000088026
 -0.0000008943
 -0.0000022281
 -0.0000066008
  0.0000137945
 -0.0000116661
 -0.0000018877
 -0.0000099993
 -0.0000009101
  0.0000110181
  0.0000090496
  0.0000020023
 -0.0000015663
  0.0000033528
  0.0000016744
 -0.0000044712
  0.0000003292
 -0.0000030362
 -0.0000107820
  0.0000021339
  0.0000110822
  0.0000129579
 -0.0000062114
  0.0000008518
 -0.0000004492
 -0.0000032571
 -0.0000041880
 -0.0000010552
 -0.0000026216
  0.0000034514
  0.0000046812
  0.0000052500
 -0.0000064482
  0.0000052117
  0.0000152529
  0.0000098493
 -0.0000021902
 -0.0000112825
  0.0000018307
 -0.0000056578
  0.0000015977
  0.0000035048
  0.0000021269
  0.0000008949
 -0.0000039670
  0.0000004833
 -0.0000034651
 -0.0000017276
 -0.0000116901
 -0.0000059210
 -0.0000031080
 -0.0000005521
  0.0000009487
  0.0000008878
 -0.0000073105
 -0.0000052277
 -0.0000036927
 -0.0000073993
 -0.0000027224
  0.0000000108
  0.0000093455
  0.0000081785
 -0.0000016881
 -0.0000096507
 -0.0000011841
  0.0000096351
 -0.0000006436
 -0.0000196340
  0.0000074694
 -0.0000124492
 -0.0000043801
 -0.0000074960
 -0.0000179383
 -0.0000113607
  0.0000007113
  0.0000025508
 -0.0000099278
 -0.0000138630
  0.0000039496
 -0.0000041196
  0.0000004020
 -0.0000060897
 -0.0000046653
  0.0000075123
 -0.0000015363
  0.0000014177
  0.0000074317
 -0.0000027803
  0.0000014344
 -0.0000029816
  0.0000137664
  0.0000063509
 -0.0000060549
  0.0000021743
  0.0000284615
 -0.0000052489
  0.0000440912
  0.0000048662
  0.0000018335
  0.0000519328
 -0.0000152810
 -0.0000020750
  0.0000179445
  0.0000600219
  0.0000675518
  0.0000033298
  0.0000685555
 -0.0000034080
 -0.0000083535
 -0.0000346540
  0.0000862887
 -0.0001437667
  0.0000018137
 -0.0000466850
 -0.0000423376
  0.0000000680
  0.0000225101
  0.0000491537
 -0.0000090901
 -0.0001690437
  0.0000273482
  0.0000111123
  0.0000638386
  0.0000717698
  0.0000054853
 -0.0000042650
  0.0000046326
 -0.0001429929
 -0.0000081682
  0.0000465743
 -0.0000227016
 -0.0000050825
 -0.0000334060
 -0.0000226362
 -0.0000329560
  0.0000069311
  0.0000182462
 -0.0000043049
 -0.0000008302
  0.0000079546
 -0.0000032172
  0.0000158731
  0.0000000237
  0.0000109736
  0.0000027874
  0.0000165745
  0.0000111740
  0.0000115018
  0.0000049298
  0.0000163876
  0.0000007873
  0.0000145205
  0.0000183830
  0.0000157327
  0.0000057027
  0.0000161468
  0.0000045485
  0.0000001546
  0.0000159212
  0.0000135779
  0.0000025264
  0.0000113711
  0.0000101307
 -0.0000030357
  0.0000099680
  0.0000063567
  0.0000043058
  0.0000220203
  0.0000123617
  0.0000080916
  0.0000078379
  0.0000099378
  0.0000086769
  0.0000062020
  0.0000141867
  0.0000171814
  0.0000176109
  0.0000082240
  0.0000091608
  0.0000335727
 -0.0000001751
  0.0000143411
  0.0000217631
  0.0000085272
  0.0000044406
  0.0000096234
  0.0000004745
  0.0000271061
  0.0000134890
  0.0000060151
  0.0000057349
  0.0000027688
  0.0000231681
  0.0000147954
 -0.0000095440
  0.0000190105
 -0.0000127569
 -0.0000006648
  0.0000037731
  0.0000152337
 -0.0000023592
  0.0000075041
  0.0000304396
 -0.0000041449
 -0.0000081997
 -0.0000067630
 -0.0000164853
 -0.0000253006
 -0.0000135171
  0.0000039748
 -0.0000670075
 -0.0000696429
  0.0000469116
  0.0000315428
  0.0000060305
 -0.0000007065
  0.0000041895
 -0.0000027538
 -0.0000721182
  0.0000254226
  0.0000015377
 -0.0000717667
 -0.0000121978
 -0.0000496353
  0.0000032712
  0.0000140491
 -0.0000636625
  0.0000050955
  0.0000524159
 -0.0000798768
 -0.0000092918
 -0.0000716009
  0.0000102312
  0.0000239364
 -0.0000123230
 -0.0000067182
 -0.0000123996
  0.0000179963
  0.0000295238
  0.0000210054
  0.0000349995
  0.0001069508
  0.0000357753
 -0.0000650711
  0.0000911181
 -0.0000662305
 -0.0000032968
  0.0000234618
  0.0000000018
 -0.0000681208
 -0.0000097757
  0.0000065353
 -0.0000061990
  0.0000008077
  0.0000037356
  0.0000025038
  0.0000050752
  0.0000032336
  0.0000137843
  0.0000065749
  0.0000052039
 -0.0000008828
  0.0000025219
  0.0000074597
 -0.0000022279
  0.0000028952
  0.0000009021
  0.0000099796
  0.0000011247
  0.0000048317
  0.0000031636
 -0.0000027750
  0.0000030619
 -0.0000032019
 -0.0000026267
  0.0000075479
  0.0000013036
 -0.0000055426
  0.0000032561
 -0.0000004216
 -0.0000016915
  0.0000061969
 -0.0000025808
  0.0000015769
 -0.0000012968
  0.0000005404
  0.0000012104
 -0.0000053059
  0.0000000008
 -0.0000052934
 -0.0000050068
 -0.0000025160
 -0.0000012748
  0.0000021547
 -0.0000026755
 -0.0000102742
 -0.0000005538
  0.0000052390
  0.0000026598
 -0.0000019905
 -0.0000024172
  0.0000020789
 -0.0000032614
 -0.0000044943
  0.0000077655
  0.0000021947
  0.0000005957
  0.0000147930
 -0.0000028132
  0.0000167414
  0.0000038431
 -0.0000213456
  0.0000072917
  0.0000157322
 -0.0000196059
 -0.0000144493
  0.0000036006
  0.0000191495
 -0.0000239494
 -0.0000028669
  0.0000416592
 -0.0000000112
  0.0000109530
  0.0000054961
  0.0000139167
  0.0000193575
 -0.0000047877
  0.0000148860
  0.0000018837
  0.0000247661
  0.0000102704
  0.0000063275
  0.0000110913
  0.0000153378
  0.0000091722
  0.0000162531
  0.0000179466
  0.0000093165
  0.0000221279
  0.0000098667
  0.0000640314
  0.0000600093
  0.0000585200
  0.0000084417
  0.0000590595
  0.0000087183
  0.0000040525
 -0.0000268373
 -0.0001877928
 -0.0001499414
  0.0000025729
 -0.0001199479
 -0.0000013988
  0.0000247988
  0.0000460940
 -0.0000031637
 -0.0001304128
  0.0000197551
  0.0000231054
  0.0000795977
 -0.0000062431
  0.0000027878
  0.0000092661
 -0.0001617670
  0.0000497918
  0.0000060794
 -0.0000228332
 -0.0000029406
 -0.0000009909
 -0.0000027873
  0.0000027866
 -0.0000113441
  0.0000016939
 -0.0000060370
  0.0000043961
  0.0000017441
  0.0000003746
 -0.0000019531
  0.0000049576
  0.0000004271
  0.0000013976
 -0.0000028992
 -0.0000044764
  0.0000017118
 -0.0000121835
  0.0000018552
 -0.0000031070
 -0.0000023065
 -0.0000007422
  0.0000028783
 -0.0000056264
  0.0000058392
 -0.0000019810
 -0.0000091013
  0.0000003718
 -0.0000023997
 -0.0000032943
  0.0000009565
  0.0000075686
  0.0000044191
  0.0000047076
 -0.0000083116
  0.0000100696
  0.0000071420
 -0.0000023910
  0.0000004867
 -0.0000029130
  0.0000074595
 -0.0000038216
 -0.0000172034
  0.0000061731
 -0.0000064623
 -0.0000036641
 -0.0000067136
 -0.0000181146
 -0.0000070977
 -0.0000061910
 -0.0000075283
  0.0000049637
 -0.0000066251
 -0.0000058004
  0.0000053549
 -0.0000080419
 -0.0000063931
  0.0000141764
  0.0000047398
  0.0000036377
  0.0000133780
  0.0000020998
  0.0000206110
  0.0000096250
  0.0000036009
 -0.0000008253
  0.0000058173
  0.0000066375
 -0.0000211166
  0.0000027752
  0.0000097970
 -0.0000098206
 -0.0000050813
  0.0000014572
  0.0000000330
  0.0000245473
  0.0000288648
 -0.0000092690
  0.0000078864
  0.0000057855
 -0.0000038361
  0.0000016870
  0.0000017326
  0.0000043163
  0.0000052219
 -0.0000103300
 -0.0000416458
  0.0000145831
 -0.0000574474
  0.0000029453
 -0.0000061755
 -0.0000523137
 -0.0000461498
 -0.0000053346
  0.0000444226
 -0.0000746397
  0.0000833866
  0.0000254410
 -0.0000594625
 -0.0000034887
 -0.0000057846
 -0.0000347563
  0.0000852725
 -0.0000296347
  0.0000006871
  0.0000157373
  0.0000084711
  0.0000386733
  0.0001125117
 -0.0000002369
 -0.0002462952
  0.0000020423
 -0.0000022578
  0.0000312718
 -0.0000397915
 -0.0000618044
 -0.0000182314
  0.0000049892
  0.0000062983
  0.0000331061
 -0.0000035427
 -0.0000545393
 -0.0000247067
 -0.0000200113
 -0.0000108090
  0.0000030740
 -0.0000167760
 -0.0000273926
 -0.0000296967
 -0.0000318345
 -0.0000326324
 -0.0000083972
 -0.0000100101
 -0.0000302826
 -0.0000270937
 -0.0000282614
 -0.0000276089
 -0.0000096046
 -0.0000121346
 -0.0000073790
 -0.0000291057
 -0.0000094698
 -0.0000271655
 -0.0000290270
 -0.0000307650
 -0.0000295572
 -0.0000022349
 -0.0000125826
 -0.0000085328
 -0.0000052168
 -0.0000122115
 -0.0000080465
 -0.0000113829
  0.0000014840
 -0.0000045975
 -0.0000010553
 -0.0000072356
  0.0000015604
  0.0000002716
  0.0000040727
 -0.0000098363
 -0.0000003456
  0.0000045389
 -0.0000095971
 -0.0000143528
  0.0000013794
 -0.0000100084
 -0.0000035878
 -0.0000042696
 -0.0000165828
 -0.0000085765
 -0.0000080656
 -0.0000107486
  0.0000026354
 -0.0000046492
 -0.0000032762
 -0.0000267735
  0.0000001996
 -0.0000315416
 -0.0000053683
  0.0000096472
  0.0000071538
 -0.0000114578
  0.0000525312
 -0.0000122800
 -0.0000110688
  0.0000200033
  0.0000126643
  0.0000396658
  0.0000424977
  0.0000079736
  0.0000230054
 -0.0000081746
  0.0000374576
  0.0000227436
  0.0000156492
  0.0000120750
  0.0000055562
 -0.0000038658
 -0.0000061697
  0.0000050604
  0.0000136100
  0.0000000401
  0.0000042981
  0.0000074028
  0.0000137918
 -0.0000091460
  0.0000050245
  0.0000145891
 -0.0000057313
 -0.0000007582
 -0.0000215989
  0.0000072415
  0.0000152891
 -0.0000008985
  0.0001330985
  0.0000035177
  0.0000558298
 -0.0000066562
  0.0000124392
  0.0000043539
  0.0000038620
 -0.0000422056
 -0.0002678003
 -0.0000043613
 -0.0001776687
  0.0000286391
 -0.0001550750
 -0.0000157593
 -0.0001914021
  0.0000011091
  0.0000400569
  0.0000525007
 -0.0000168553
 -0.0000086525
  0.0000131033
 -0.0001554478
  0.0000130008
 -0.0000282144
 -0.0000085693
  0.0000017112
 -0.0000005360
 -0.0000120359
 -0.0000192861
  0.0000112526
  0.0000031110
  0.0000054696
 -0.0000015919
  0.0000035730
  0.0000042243
  0.0000066491
  0.0000100668
  0.0000068000
 -0.0000083930
 -0.0000045494
  0.0000020064
  0.0000042152
  0.0000016437
 -0.0000111363
  0.0000082243
 -0.0000123431
  0.0000013150
  0.0000147084
 -0.0000023257
  0.0000022513
  0.0000142966
 -0.0000217390
 -0.0000034662
  0.0000052309
 -0.0000019065
 -0.0000086803
  0.0000012145
  0.0000033499
  0.0000023090
  0.0000079229
 -0.0000063345
  0.0000139903
  0.0000004277
 -0.0000007305
 -0.0000045807
 -0.0000066952
  0.0000127891
  0.0000127534
  0.0000055896
  0.0000116235
  0.0000118391
 -0.0000088926
 -0.0000048178
  0.0000068822
  0.0000046850
 -0.0000027074
 -0.0000112649
 -0.0000031947
  0.0000003291
  0.0000069547
  0.0000100570
 -0.0000005150
  0.0000065980
 -0.0000061270
 -0.0000044672
  0.0000008932
  0.0000276679
  0.0000118807
 -0.0000083157
  0.0000258457
  0.0000036446
 -0.0000058899
 -0.0000001867
 -0.0000041340
 -0.0000020552
 -0.0000190019
 -0.0000026412
 -0.0000043396
 -0.0000026292
  0.0000287180
 -0.0000034272
 -0.0000047033
 -0.0000044255
  0.0000290750
  0.0000217730
  0.0000293424
 -0.0000660104
 -0.0000402717
  0.0000082402
 -0.0000312261
  0.0000217514
 -0.0000296783
  0.0000226289
 -0.0000320176
  0.0000298720
  0.0000329152
 -0.0000131616
  0.0000078853
 -0.0000302686
  0.0000452469
  0.0000415623
  0.0000160491
  0.0000332954
  0.0000124337
 -0.0000135309
  0.0000416447
  0.0001118600
 -0.0000498809
  0.0000300606
  0.0000336377
  0.0000193674
 -0.0000186635
  0.0000472540
  0.0000052033
 -0.0000045154
  0.0000061438
 -0.0000300535
 -0.0000046325
  0.0000229238
 -0.0000224644
 -0.0000620107
 -0.0001727416
 -0.0000041375
  0.0000022992
  0.0000155578
  0.0000141917
  0.0000169370
  0.0000082992
 -0.0000310830
 -0.0000402534
  0.0000200492
 -0.0000346708
  0.0000258836
  0.0000146585
 -0.0000782175
 -0.0000296047
 -0.0000025454
 -0.0000074443
  0.0000015414
  0.0000086757
 -0.0000132316
  0.0000069668
  0.0000123039
  0.0000007665
 -0.0000011209
  0.0000042342
 -0.0000039311
 -0.0000049697
  0.0000004633
 -0.0000077534
  0.0000039624
  0.0000003948
  0.0000006435
  0.0000086485
  0.0000004400
  0.0000031838
 -0.0000008996
  0.0000008471
 -0.0000074739
  0.0000035971
  0.0000022299
  0.0000014338
 -0.0000011728
  0.0000216186
 -0.0000204611
  0.0000052135
  0.0000009452
  0.0000077439
 -0.0000043238
 -0.0000053495
  0.0000102894
  0.0000220070
 -0.0000097599
  0.0000115412
 -0.0000094026
  0.0000126831
 -0.0000080467
 -0.0000108605
 -0.0000009550
  0.0000113017
  0.0000113002
  0.0000104681
 -0.0000104497
 -0.0000011713
 -0.0000087620
  0.0000197493
  0.0000032624
  0.0000000258
  0.0000002738
 -0.0000044128
 -0.0000041936
  0.0000001028
  0.0000035333
  0.0000028554
  0.0000102271
  0.0000022799
 -0.0000088402
  0.0000053418
  0.0000326884
  0.0000113278
 -0.0000081973
 -0.0000020960
 -0.0000066976
 -0.0000029602
  0.0000024147
  0.0000015637
  0.0000046520
 -0.0000021826
 -0.0000012793
  0.0000118213
  0.0000151970
  0.0000126674
 -0.0000335953
 -0.0000165446
 -0.0000003698
 -0.0000071951
  0.0000015800
  0.0000002810
  0.0000172573
 -0.0000129887
  0.0000111517
 -0.0000018410
  0.0000211985
  0.0000189647
 -0.0000148756
  0.0000040935
 -0.0000131670
 -0.0000171534
  0.0000133482
 -0.0000021703
  0.0000055844
  0.0000494352
  0.0001256041
 -0.0000249129
  0.0000026838
  0.0000134406
  0.0000212179
 -0.0000332074
  0.0000037249
  0.0000040127
 -0.0000027001
 -0.0000180006
 -0.0000319714
 -0.0000058843
  0.0000206346
 -0.0000325723
 -0.0000353833
 -0.0001590482
  0.0000239331
 -0.0000016904
  0.0000294038
  0.0000337972
  0.0000110063
 -0.0000105281
  0.0000068538
 -0.0000092377
  0.0000201327
 -0.0000095642
  0.0000088562
 -0.0000015536
 -0.0000728312
  0.0000000734
 -0.0000111346
  0.0000030635
  0.0000028957
 -0.0000045045
  0.0000040337
  0.0000031574
  0.0000026457
  0.0000036914
 -0.0000054597
  0.0000088193
  0.0000015934
  0.0000013688
  0.0000100040
  0.0000018193
  0.0000075525
  0.0000062636
  0.0000114694
  0.0000051419
  0.0000068777
  0.0000108039
  0.0000051867
  0.0000029780
 -0.0000058919
  0.0000161925
  0.0000090248
  0.0000073980
 -0.0000019506
  0.0000115241
  0.0000025515
  0.0000137732
 -0.0000081041
 -0.0000056588
 -0.0000002461
 -0.0000235815
  0.0000025960
  0.0000279161
 -0.0000149098
  0.0000018049
 -0.0000103355
  0.0000285846
  0.0000341950
  0.0000169134
 -0.0000145172
 -0.0000108782
  0.0000168484
 -0.0000007138
 -0.0000023264
  0.0000342586
  0.0000007591
  0.0000142220
  0.0000059861
 -0.0000063571
  0.0000013256
 -0.0000041661
 -0.0000160375
  0.0000086954
  0.0000007265
  0.0000061419
  0.0000044833
  0.0000262482
  0.0000068467
 -0.0000044467
  0.0000055061
  0.0000193768
  0.0000181635
  0.0000112927
  0.0000137413
  0.0000359975
  0.0000057830
  0.0000118834
 -0.0000109829
 -0.0000000420
 -0.0000192441
 -0.0000049811
  0.0000133988
  0.0000096483
  0.0000007650
  0.0000035957
  0.0000129939
  0.0000304456
 -0.0000129616
 -0.0000125962
 -0.0000688423
 -0.0000280676
  0.0000073610
 -0.0000340361
  0.0000242547
 -0.0000334372
 -0.0000135170
 -0.0000205737
  0.0000292657
  0.0000257396
 -0.0000280521
  0.0000139990
 -0.0000343204
  0.0000403781
  0.0000284279
 -0.0000857306
  0.0000322798
  0.0000308197
 -0.0000307180
 -0.0000466196
  0.0000095542
  0.0000340487
  0.0000471373
 -0.0000176374
  0.0001001864
  0.0000392850
 -0.0000026086
  0.0000515737
  0.0000006944
  0.0000491073
  0.0000703406
 -0.0000501335
 -0.0001693387
 -0.0000314866
  0.0000264653
  0.0000525404
  0.0000699360
 -0.0000036338
  0.0000079790
 -0.0000502426
 -0.0000418038
  0.0000314829
 -0.0000010134
 -0.0000782691
 -0.0000227433
 -0.0000048234
 -0.0000075913
 -0.0000017119
  0.0000015545
 -0.0000182273
  0.0000045452
 -0.0000036367
 -0.0000037154
 -0.0000029265
 -0.0000093123
 -0.0000056112
  0.0000015387
 -0.0000057444
  0.0000033005
 -0.0000013872
  0.0000032846
 -0.0000012523
  0.0000030278
 -0.0000015655
  0.0000030272
 -0.0000061312
  0.0000085112
 -0.0000143348
  0.0000020155
  0.0000038594
  0.0000025817
  0.0000067896
  0.0000079069
  0.0000027427
 -0.0000017069
 -0.0000040838
 -0.0000011866
 -0.0000187417
  0.0000264545
  0.0000109599
 -0.0000266814
  0.0000213793
 -0.0000263574
 -0.0000188636
 -0.0000017746
 -0.0000008384
 -0.0000226294
 -0.0000128772
  0.0000402205
  0.0000159274
 -0.0000101182
 -0.0000031333
  0.0000130875
 -0.0000028879
 -0.0000140440
  0.0000206275
  0.0000203574
 -0.0000167649
 -0.0000075023
  0.0000006857
  0.0000185190
  0.0000062197
  0.0000280930
 -0.0000213448
  0.0000110169
  0.0000007315
 -0.0000264530
 -0.0000024438
 -0.0000263950
  0.0000170225
 -0.0000103092
 -0.0000027247
 -0.0000011129
 -0.0000053699
  0.0000009785
  0.0000017776
 -0.0000038278
 -0.0000264896
  0.0000161510
  0.0000210533
  0.0000138911
  0.0000203556
  0.0000496616
  0.0000153179
  0.0000357693
  0.0000101487
  0.0000160186
  0.0000270917
  0.0000165106
 -0.0000062544
  0.0000048174
 -0.0000056847
  0.0000180084
 -0.0000290988
 -0.0000001991
 -0.0000018401
  0.0000549468
 -0.0000024144
  0.0000034092
  0.0000453965
  0.0002000515
  0.0000139847
 -0.0000012237
 -0.0000083761
  0.0000175853
 -0.0000024553
 -0.0000231195
 -0.0000028563
 -0.0000056928
  0.0000064475
 -0.0000298706
  0.0000070303
  0.0000212367
 -0.0000384816
 -0.0000553892
 -0.0001294498
  0.0000104194
  0.0000160935
 -0.0000083066
 -0.0000281386
  0.0000042712
 -0.0000574040
  0.0000356416
 -0.0000174727
 -0.0000020891
 -0.0000132337
  0.0000189498
 -0.0000020930
 -0.0000890774
  0.0000348523
 -0.0000073560
  0.0000383215
 -0.0000125381
 -0.0000147011
  0.0000069383
  0.0000284390
  0.0000095819
  0.0000116178
  0.0000041132
  0.0000129708
  0.0000052167
  0.0000084817
  0.0000146690
  0.0000041852
  0.0000279954
  0.0000056829
  0.0000137382
  0.0000140968
  0.0000056748
  0.0000094758
  0.0000086922
  0.0000028175
 -0.0000022704
 -0.0000028670
  0.0000175558
 -0.0000063364
  0.0000017742
  0.0000079818
  0.0000149009
  0.0000151353
 -0.0000004146
  0.0000057763
  0.0000144916
  0.0000081055
 -0.0000030924
  0.0000014499
  0.0000083173
  0.0000045516
  0.0000119920
  0.0000072237
  0.0000041042
  0.0000026918
  0.0000027139
 -0.0000007796
  0.0000081327
  0.0000066795
  0.0000192099
  0.0000118406
  0.0000083535
  0.0000147087
  0.0000060144
 -0.0000241932
 -0.0000114452
 -0.0000244816
 -0.0000198929
 -0.0000287783
 -0.0000046119
 -0.0000094844
 -0.0000306347
 -0.0000227196
 -0.0000300718
 -0.0000164692
 -0.0000080014
 -0.0000359729
 -0.0000424056
 -0.0000059031
  0.0000022591
  0.0000047618
  0.0000040859
  0.0000100662
  0.0000071807
  0.0000138080
  0.0000102646
  0.0000018941
  0.0000168789
 -0.0000093599
 -0.0000016166
 -0.0000065188
 -0.0000142376
  0.0000098670
 -0.0000130517
  0.0000097327
  0.0000012791
 -0.0000020195
  0.0000790572
  0.0000115919
  0.0001070866
  0.0000022719
 -0.0000386414
  0.0000028017
  0.0000135963
  0.0000076484
 -0.0000062810
 -0.0000119470
  0.0000061656
  0.0000933492
  0.0000225309
 -0.0000079817
  0.0000022389
 -0.0000348989
 -0.0000387505
  0.0000486658
 -0.0000235931
 -0.0000080634
  0.0000035185
 -0.0000669216
  0.0001237190
  0.0000846463
 -0.0000532755
 -0.0000040743
 -0.0000016047
 -0.0000055904
  0.0000121051
  0.0000045739
 -0.0000182728
 -0.0000232974
  0.0000095153
  0.0000031709
  0.0000031091
  0.0000025194
 -0.0000005496
  0.0000036196
  0.0000052775
 -0.0000043425
  0.0000020287
 -0.0000046553
 -0.0000022991
  0.0000004069
  0.0000097634
 -0.0000050204
 -0.0000133822
  0.0000003411
  0.0000035907
  0.0000092666
 -0.0000061608
 -0.0000047147
 -0.0000033314
  0.0000078054
  0.0000042275
  0.0000056408
  0.0000055743
  0.0000039482
 -0.0000098395
  0.0000051437
 -0.0000043423
  0.0000046959
 -0.0000030624
 -0.0000055931
 -0.0000065514
  0.0000015784
 -0.0000072828
  0.0000072760
  0.0000153906
  0.0000092570
 -0.0000086854
 -0.0000163642
  0.0000249828
  0.0000101860
 -0.0000043881
 -0.0000077258
  0.0000091041
 -0.0000066493
  0.0000004041
  0.0000102566
  0.0000143867
 -0.0000106389
 -0.0000098419
  0.0000099495
 -0.0000097829
 -0.0000168986
 -0.0000052152
 -0.0000099941
  0.0000034893
 -0.0000028858
  0.0000002604
 -0.0000073229
  0.0000110832
 -0.0000022959
 -0.0000008259
 -0.0000096021
  0.0000021643
  0.0000069297
 -0.0000074653
 -0.0000122958
  0.0000116734
 -0.0000006811
  0.0000034686
 -0.0000051729
  0.0000001069
 -0.0000264924
  0.0000014145
 -0.0000074387
  0.0000143299
  0.0000120920
  0.0000106550
  0.0000091970
  0.0000269279
  0.0000405356
 -0.0000121229
 -0.0000393493
  0.0000175094
 -0.0000413732
  0.0000120707
  0.0000302450
  0.0000042180
 -0.0000105721
 -0.0000453329
  0.0000508082
 -0.0000390919
  0.0000098436
  0.0000145914
 -0.0000926880
  0.0000035023
 -0.0000771062
 -0.0000095057
  0.0000370368
  0.0001135572
 -0.0000478846
  0.0000010427
  0.0000069527
  0.0000287787
 -0.0000021604
  0.0000654933
  0.0000376069
  0.0000114435
  0.0000458147
 -0.0000126798
  0.0000117076
  0.0000091271
  0.0000561542
  0.0000479221
 -0.0001667672
 -0.0000083427
  0.0000185756
 -0.0000076625
 -0.0000168488
  0.0000042105
  0.0000147788
  0.0000535332
 -0.0000444134
  0.0000167000
 -0.0000324923
  0.0000177770
  0.0000186666
 -0.0000787026
 -0.0000294276
  0.0000009977
 -0.0000058373
 -0.0000097947
 -0.0000019902
 -0.0000224170
  0.0000064968
 -0.0000072390
  0.0000026294
 -0.0000040208
  0.0000123018
  0.0000066474
  0.0000007143
 -0.0000049363
 -0.0000011220
 -0.0000025304
  0.0000155743
  0.0000037345
  0.0000002712
  0.0000040248
 -0.0000088492
 -0.0000055580
  0.0000038259
  0.0000100582
  0.0000024127
  0.0000117744
  0.0000065040
  0.0000014608
 -0.0000068496
  0.0000122977
 -0.0000157019
  0.0000036764
  0.0000011959
 -0.0000028139
  0.0000080958
 -0.0000060580
 -0.0000207749
  0.0000078810
 -0.0000160486
 -0.0000174192
 -0.0000027412
 -0.0000102651
 -0.0000149530
 -0.0000079690
  0.0000513192
  0.0000042416
 -0.0000120302
  0.0000261358
 -0.0000074608
  0.0000085706
 -0.0000156734
  0.0000101995
  0.0000110009
 -0.0000144532
  0.0000011140
  0.0000045957
  0.0000053523
 -0.0000004461
  0.0000348044
 -0.0000136130
  0.0000238512
 -0.0000165830
  0.0000003465
 -0.0000138442
  0.0000036052
  0.0000191637
  0.0000025868
  0.0000028060
 -0.0000037769
  0.0000017429
  0.0000045036
  0.0000032997
 -0.0000088767
  0.0000009777
 -0.0000026892
  0.0000186576
  0.0000049222
  0.0000135901
  0.0000270095
 -0.0000468994
  0.0000471164
  0.0000023970
  0.0000082094
 -0.0000004190
 -0.0000004250
 -0.0000319115
  0.0000155991
  0.0000256819
 -0.0000122540
 -0.0000396462
  0.0000157268
 -0.0000086750
  0.0000210406
  0.0000079017
  0.0000226928
 -0.0000116618
  0.0000202136
  0.0000748426
  0.0001343051
  0.0000623979
 -0.0000207690
  0.0000094186
  0.0000044759
 -0.0000345444
 -0.0000461172
 -0.0000109432
  0.0000240094
 -0.0000439994
 -0.0000270006
  0.0000240487
  0.0000245574
 -0.0000502280
 -0.0000336894
 -0.0001749402
 -0.0000087689
  0.0000035970
  0.0000003044
  0.0000163652
 -0.0000071498
  0.0000096644
  0.0000519650
  0.0000185144
  0.0000144709
  0.0000145108
  0.0000114169
 -0.0000342091
 -0.0000709639
  0.0000048283
 -0.0000079522
 -0.0000161374
 -0.0000033214
  0.0000029436
  0.0000131897
 -0.0000080295
 -0.0000152543
  0.0000067869
  0.0000087033
  0.0000020436
 -0.0000108603
  0.0000037243
 -0.0000006871
  0.0000040198
  0.0000080127
 -0.0000044983
  0.0000101522
 -0.0000059950
 -0.0000058282
 -0.0000091280
  0.0000140558
  0.0000008491
 -0.0000034739
  0.0000126603
  0.0000102967
  0.0000088450
 -0.0000071818
 -0.0000121703
  0.0000009848
 -0.0000124692
 -0.0000258920
  0.0000080123
 -0.0000108538
  0.0000014251
  0.0000141875
 -0.0000303507
  0.0000001484
  0.0000243054
 -0.0000236410
 -0.0000034114
 -0.0000091043
  0.0000250444
  0.0000389029
  0.0000336128
 -0.0000027446
 -0.0000092670
  0.0000391414
 -0.0000084683
 -0.0000000875
  0.0000365504
 -0.0000012486
  0.0000223772
  0.0000211475
 -0.0000034414
 -0.0000006065
  0.0000061146
 -0.0000096762
  0.0000274946
  0.0000115278
  0.0000112996
 -0.0000083296
  0.0000243363
  0.0000088101
 -0.0000000392
  0.0000063817
  0.0000432691
 -0.0000093930
  0.0000090220
  0.0000056922
 -0.0000020084
  0.0000085542
  0.0000005644
  0.0000045194
 -0.0000005600
  0.0000088745
  0.0000011970
  0.0000129528
 -0.0000005701
 -0.0000031378
 -0.0000101319
 -0.0000063873
  0.0000151043
 -0.0000428409
  0.0000212090
  0.0000102774
 -0.0000113659
  0.0000181233
 -0.0000129101
 -0.0000457904
 -0.0000161815
  0.0000078870
 -0.0000082619
  0.0000137717
  0.0000018441
 -0.0000729989
  0.0000039182
 -0.0000033442
  0.0000054669
 -0.0000173793
  0.0000029873
  0.0001380816
  0.0000527148
 -0.0000184641
 -0.0000085182
  0.0000549192
 -0.0000512730
 -0.0000303807
  0.0000001651
  0.0000078688
 -0.0000467168
 -0.0000330057
 -0.0000009920
  0.0000445892
 -0.0000452865
 -0.0000459030
 -0.0001937070
 -0.0000045569
  0.0000083977
  0.0000256842
  0.0000265777
 -0.0000160056
 -0.0000008796
  0.0000243871
 -0.0000004599
  0.0000488612
  0.0000079171
  0.0000028020
 -0.0000148408
 -0.0000646611
 -0.0000396908
 -0.0000029352
 -0.0000008582
 -0.0000074794
 -0.0000011846
  0.0000053234
 -0.0000061890
 -0.0000224020
  0.0000050596
 -0.0000045562
  0.0000119715
  0.0000086386
 -0.0000001445
  0.0000040182
  0.0000007680
 -0.0000104915
 -0.0000087750
 -0.0000085684
  0.0000010775
 -0.0000013657
 -0.0000004720
  0.0000121238
  0.0000113916
  0.0000000458
  0.0000064022
 -0.0000014134
 -0.0000004736
 -0.0000023227
 -0.0000078575
  0.0000087052
 -0.0000005926
  0.0000086819
  0.0000016505
  0.0000084954
 -0.0000189102
  0.0000025644
  0.0000058985
  0.0000036355
  0.0000107567
  0.0000045883
  0.0000084741
 -0.0000010943
 -0.0000135356
 -0.0000088212
 -0.0000080728
 -0.0000153498
  0.0000025868
 -0.0000071476
 -0.0000111650
 -0.0000014247
 -0.0000103931
  0.0000145529
  0.0000092356
 -0.0000246706
  0.0000105938
 -0.0000079142
 -0.0000090951
  0.0000070501
  0.0000068362
  0.0000140103
 -0.0000007517
  0.0000000839
 -0.0000020296
  0.0000010018
  0.0000094076
  0.0000181357
 -0.0000025791
 -0.0000075723
  0.0000117389
  0.0000193204
  0.0000101728
  0.0000161904
 -0.0000060871
 -0.0000130527
 -0.0000046603
 -0.0000111145
 -0.0000030666
  0.0000115987
  0.0000052585
  0.0000249791
  0.0000048652
 -0.0000060830
 -0.0000179688
  0.0000045745
 -0.0000035233
  0.0000117884
  0.0000143312
  0.0000152400
  0.0000041508
  0.0000105987
  0.0000242370
 -0.0000027542
  0.0000126270
  0.0000267251
 -0.0000000303
  0.0000170138
 -0.0000127478
 -0.0000014792
  0.0000246967
  0.0000058478
  0.0000205566
  0.0000577939
  0.0001174288
 -0.0000382222
 -0.0000032291
  0.0000319478
  0.0000211713
 -0.0000149917
 -0.0000697802
  0.0000007388
  0.0000007882
 -0.0000134789
 -0.0000310711
 -0.0000054556
  0.0000218441
 -0.0000169065
 -0.0000165625
 -0.0001563994
  0.0000171157
 -0.0000012123
  0.0000093283
  0.0000179702
  0.0000038966
 -0.0000010938
  0.0000230215
 -0.0000155377
  0.0000192624
 -0.0000073439
 -0.0000004177
 -0.0000024966
 -0.0000708711
  0.0000000105
  0.0000052885
 -0.0000117758
  0.0000071563
 -0.0000021913
 -0.0000118684
 -0.0000305995
  0.0000016019
 -0.0000023651
 -0.0000080787
 -0.0000015038
  0.0000031366
  0.0000049567
 -0.0000027611
 -0.0000076187
  0.0000109354
  0.0000021759
  0.0000078359
 -0.0000053745
 -0.0000026718
  0.0000020741
 -0.0000000928
  0.0000092604
 -0.0000037563
 -0.0000005173
  0.0000023724
  0.0000059316
  0.0000005607
 -0.0000042296
 -0.0000044588
 -0.0000048764
  0.0000004599
 -0.0000081130
  0.0000031464
 -0.0000004281
  0.0000066633
 -0.0000006697
 -0.0000055873
 -0.0000094437
 -0.0000011976
  0.0000022165
 -0.0000099965
 -0.0000086507
  0.0000042807
  0.0000037011
  0.0000005613
  0.0000005917
 -0.0000013477
 -0.0000024369
  0.0000075187
 -0.0000146169
  0.0000041576
 -0.0000004967
  0.0000000019
  0.0000082386
 -0.0000047474
  0.0000062808
 -0.0000030175
  0.0000014533
  0.0000009788
  0.0000045977
 -0.0000054129
  0.0000176485
 -0.0000040236
 -0.0000004512
 -0.0000058595
  0.0000089848
  0.0000055822
  0.0000036902
  0.0000008005
  0.0000022488
 -0.0000053120
 -0.0000031278
 -0.0000077079
  0.0000034021
  0.0000034358
 -0.0000013380
  0.0000054003
 -0.0000045351
 -0.0000016064
 -0.0000000265
  0.0000059019
  0.0000082369
  0.0000057276
 -0.0000054827
  0.0000056390
  0.0000132078
  0.0000347099
  0.0000066407
  0.0000338686
  0.0000069716
  0.0000285255
 -0.0000164159
  0.0000300248
  0.0000007441
 -0.0000566396
  0.0000710294
 -0.0000474003
  0.0000339653
  0.0000059652
 -0.0000557091
 -0.0000728295
  0.0000142510
  0.0001124948
 -0.0000660256
  0.0000485349
  0.0000845203
  0.0000594929
 -0.0000590304
  0.0000172384
  0.0000007820
 -0.0000096670
  0.0000292090
 -0.0000437520
 -0.0000112852
  0.0001579495
 -0.0000202366
  0.0000024312
  0.0000356476
 -0.0000562651
  0.0000254446
 -0.0002101300
 -0.0000126227
  0.0000043409
  0.0000839277
 -0.0000564082
 -0.0000583164
  0.0000100818
 -0.0000138481
  0.0000494050
  0.0000085535
 -0.0000205647
 -0.0000451805
  0.0000230112
 -0.0000325090
 -0.0000045787
  0.0000143949
  0.0000063350
 -0.0000010108
 -0.0000036462
 -0.0000203074
  0.0000080606
  0.0000017995
  0.0000067512
  0.0000101926
  0.0000001622
 -0.0000003605
  0.0000050326
  0.0000042482
 -0.0000016027
 -0.0000013119
 -0.0000001235
  0.0000028177
 -0.0000000280
 -0.0000066540
  0.0000066717
  0.0000072186
 -0.0000019408
 -0.0000006252
  0.0000013076
  0.0000019630
  0.0000142330
 -0.0000038672
  0.0000053335
 -0.0000061870
  0.0000077810
  0.0000021668
  0.0000023920
 -0.0000180090
  0.0000098370
  0.0000121337
 -0.0000184496
  0.0000019646
  0.0000107634
  0.0000129994
  0.0000075124
 -0.0000078378
  0.0000109415
  0.0000095758
  0.0000064578
 -0.0000098462
  0.0000062050
  0.0000143944
  0.0000072084
  0.0000148989
  0.0000116038
  0.0000049838
  0.0000075770
 -0.0000007634
 -0.0000031070
  0.0000021038
  0.0000108086
  0.0000189667
  0.0000169893
 -0.0000014362
  0.0000109387
  0.0000026425
  0.0000070780
  0.0000059409
 -0.0000054928
  0.0000061844
 -0.0000047921
 -0.0000065388
 -0.0000149260
  0.0000216771
 -0.0000011854
 -0.0000080545
 -0.0000041705
  0.0000004706
 -0.0000096610
  0.0000106778
  0.0000087038
  0.0000061542
 -0.0000208908
 -0.0000024676
 -0.0000035001
 -0.0000209293
  0.0000381796
 -0.0000010738
 -0.0000521261
 -0.0000226870
 -0.0000538934
  0.0000046582
  0.0000271108
 -0.0000209083
  0.0000107050
 -0.0000571608
  0.0000472489
 -0.0000624079
 -0.0000054472
  0.0000008118
 -0.0000835688
 -0.0000168796
  0.0000383281
 -0.0000130180
  0.0001161723
 -0.0000637196
 -0.0000009536
 -0.0000072384
  0.0000087171
 -0.0000200423
  0.0000860053
  0.0000590039
  0.0000070090
  0.0000072588
 -0.0000209795
  0.0000049323
  0.0000393528
  0.0000462950
  0.0000113848
 -0.0001794911
 -0.0000231310
  0.0000147305
  0.0000358281
  0.0000133662
 -0.0000029310
 -0.0000066581
 -0.0000406958
 -0.0000636496
  0.0000154604
 -0.0000275029
  0.0001185313
 -0.0000904270
 -0.0000209089
 -0.0000010525
  0.0000080236
 -0.0000045186
  0.0000010641
  0.0000013804
  0.0000092157
 -0.0000247657
 -0.0000037345
 -0.0000109891
  0.0000066920
 -0.0000038719
 -0.0000053994
 -0.0000051105
 -0.0000011292
  0.0000078568
  0.0000016886
  0.0000098040
  0.0000006216
 -0.0000091221
  0.0000060434
 -0.0000000232
  0.0000030485
 -0.0000046574
  0.0000188385
  0.0000072218
  0.0000073569
  0.0000063805
  0.0000077743
  0.0000078995
  0.0000005091
  0.0000138941
 -0.0000081150
  0.0000109698
  0.0000060027
  0.0000076278
 -0.0000140386
  0.0000127594
  0.0000028968
 -0.0000088252
 -0.0000064167
  0.0000106057
  0.0000048923
 -0.0000073423
  0.0000414942
  0.0000167939
 -0.0000014672
  0.0000157716
 -0.0000003782
  0.0000131023
 -0.0000022971
  0.0000090556
  0.0000049422
  0.0000030184
  0.0000120027
 -0.0000082789
  0.0000075574
  0.0000105547
  0.0000243659
  0.0000036491
  0.0000006862
  0.0000030282
  0.0000020046
  0.0000013566
  0.0000114625
  0.0000102450
  0.0000129902
  0.0000059073
 -0.0000003567
 -0.0000047426
  0.0000052792
  0.0000047137
 -0.0000020333
 -0.0000053085
 -0.0000041193
 -0.0000124836
  0.0000302050
 -0.0000395243
  0.0000336028
  0.0000112673
  0.0000200795
  0.0000193767
 -0.0000021847
 -0.0000325637
 -0.0000030131
  0.0000142390
  0.0000030500
  0.0000111021
  0.0000207165
 -0.0000335784
  0.0000061717
 -0.0000082835
  0.0000342288
 -0.0000063139
  0.0000045137
  0.0000453511
  0.0001108426
 -0.0000051858
 -0.0000092294
 -0.0000150754
  0.0000184033
 -0.0000448306
 -0.0000283952
 -0.0000023786
  0.0000056439
 -0.0000254302
 -0.0000193579
  0.0000125492
  0.0000414165
 -0.0000286555
 -0.0000560759
 -0.0001569960
  0.0000043939
  0.0000194200
  0.0000281533
 -0.0000310155
 -0.0000027801
  0.0000098276
  0.0000259158
  0.0000150515
  0.0000114654
 -0.0000062170
  0.0000008736
 -0.0000161455
 -0.0001012741
 -0.0000033037
 -0.0000007726
 -0.0000106732
 -0.0000056195
 -0.0000053108
  0.0000057206
 -0.0000061232
 -0.0000100446
 -0.0000037222
 -0.0000075236
 -0.0000062838
 -0.0000047042
  0.0000033402
 -0.0000001668
  0.0000002442
  0.0000011706
  0.0000015369
 -0.0000109770
  0.0000044347
 -0.0000022472
 -0.0000041907
 -0.0000058013
  0.0000032911
 -0.0000031533
 -0.0000000037
 -0.0000023529
  0.0000003011
 -0.0000149805
 -0.0000007461
  0.0000035640
 -0.0000266318
 -0.0000020165
  0.0000121619
 -0.0000193879
  0.0000091822
 -0.0000119526
  0.0000134465
  0.0000033930
  0.0000398369
 -0.0000140537
 -0.0000072158
  0.0000217118
 -0.0000050607
 -0.0000081227
  0.0000099917
 -0.0000042561
  0.0000238035
  0.0000052405
 -0.0000111393
  0.0000131607
 -0.0000000874
 -0.0000182788
  0.0000273007
  0.0000040986
  0.0000206780
  0.0000002152
  0.0000117792
 -0.0000011079
 -0.0000001910
  0.0000028354
  0.0000183688
  0.0000024960
  0.0000107037
 -0.0000034717
  0.0000084043
  0.0000030730
  0.0000002307
 -0.0000082678
 -0.0000048169
  0.0000105953
  0.0000022625
 -0.0000013029
  0.0000021826
  0.0000015749
  0.0000002876
 -0.0000076473
  0.0000277108
  0.0000095199
  0.0000039788
 -0.0000314832
 -0.0000305911
  0.0000322053
 -0.0000205391
  0.0000294732
 -0.0000139823
  0.0000090656
 -0.0000229325
  0.0000309818
 -0.0000061723
  0.0000099962
 -0.0000361940
 -0.0000236450
 -0.0000072277
 -0.0000169531
 -0.0000175186
  0.0000342731
 -0.0000108094
 -0.0000089143
  0.0001096117
 -0.0000276616
 -0.0000045934
 -0.0000075539
  0.0000290597
 -0.0000304186
  0.0000488423
 -0.0000080255
 -0.0000053337
 -0.0000056690
 -0.0000307853
 -0.0000040427
  0.0000442801
 -0.0000181226
 -0.0000477083
 -0.0001784911
  0.0000109486
  0.0000166152
  0.0000138234
  0.0000182083
  0.0000013493
  0.0000150822
 -0.0000213438
 -0.0000354399
  0.0000207574
 -0.0000437018
 -0.0000133256
 -0.0000920813
 -0.0000358968
 -0.0000251434
 -0.0000266336
 -0.0000240948
 -0.0000237094
 -0.0000257199
 -0.0000360886
 -0.0000229861
 -0.0000275003
 -0.0000241454
 -0.0000221688
 -0.0000231716
 -0.0000253453
 -0.0000266902
 -0.0000301669
 -0.0000241371
 -0.0000192627
 -0.0000230448
 -0.0000277333
 -0.0000233915
 -0.0000232368
 -0.0000184702
 -0.0000154857
 -0.0000209324
 -0.0000151667
 -0.0000098461
 -0.0000160759
 -0.0000070923
 -0.0000157609
 -0.0000087322
 -0.0000143386
 -0.0000090196
 -0.0000161099
 -0.0000081124
 -0.0000167661
 -0.0000103088
 -0.0000144206
 -0.0000074927
 -0.0000161756
  0.0000014823
 -0.0000103057
 -0.0000172887
 -0.0000071982
 -0.0000164007
 -0.0000211467
 -0.0000197487
 -0.0000101089
  0.0000007128
 -0.0000220449
 -0.0000071063
 -0.0000238063
 -0.0000092454
  0.0000011798
 -0.0000168886
  0.0000486097
  0.0000348029
  0.0000441739
  0.0000457915
  0.0000230724
 -0.0000085708
  0.0000357735
  0.0000300394
  0.0000474070
  0.0000745719
  0.0000500179
  0.0000324866
  0.0000729840
  0.0000575578
  0.0000413993
 -0.0000093697
 -0.0000148547
 -0.0000245311
 -0.0000406798
 -0.0000157722
 -0.0000219725
 -0.0000293121
 -0.0000080679
 -0.0000222090
 -0.0000125369
 -0.0000164340
 -0.0000187294
 -0.0000028445
 -0.0000276792
 -0.0000118300
 -0.0000249967
 -0.0000160863
 -0.0000013689
  0.0001996866
 -0.0000230562
 -0.0000030863
 -0.0000207596
  0.0000132298
 -0.0000219011
 -0.0003096037
 -0.0000109426
 -0.0002536682
  0.0000134459
 -0.0002353294
 -0.0000317150
 -0.0000036892
  0.0001581527
  0.0000180358
  0.0000653661
 -0.0000262395
 -0.0000067509
 -0.0002298579
 -0.0000125231
  0.0000011391
 -0.0000003562
 -0.0000001205
  0.0000005151
 -0.0000003997
 -0.0000036634
  0.0000008278
 -0.0000028974
 -0.0000096543
 -0.0000053118
 -0.0000055893
 -0.0000089053
 -0.0000010512
 -0.0000039587
  0.0000000911
  0.0000024772
  0.0000015992
  0.0000072674
 -0.0000017233
 -0.0000080467
 -0.0000033374
 -0.0000006569
 -0.0000054728
  0.0000053082
 -0.0000031659
 -0.0000036125
 -0.0000055657
 -0.0000042019
 -0.0000007079
 -0.0000019708
  0.0000029483
  0.0000035455
 -0.0000009318
  0.0000132321
  0.0000028937
  0.0000148456
 -0.0000322624
  0.0000070999
  0.0000076596
 -0.0000027191
 -0.0000409658
 -0.0000177288
 -0.0000070534
  0.0000103259
 -0.0000073085
  0.0000066112
 -0.0000033790
 -0.0000374160
  0.0000161212
 -0.0000254174
 -0.0000069698
  0.0000007090
 -0.0000062005
  0.0000039872
  0.0000008060
  0.0000000931
 -0.0000027098
 -0.0000022821
  0.0000013440
  0.0000087248
  0.0000044184
  0.0000007829
 -0.0000004955
  0.0000026851
  0.0000041058
  0.0000019278
 -0.0000023918
  0.0000055305
 -0.0000927970
  0.0000339576
  0.0000175259
  0.0000326205
  0.0000288277
  0.0000053128
 -0.0000127965
 -0.0000390904
  0.0000217950
  0.0000306732
  0.0000018440
  0.0000172381
 -0.0000312321
 -0.0000047629
 -0.0000851158
 -0.0000042947
  0.0000448491
  0.0000800967
 -0.0000096099
 -0.0000077947
 -0.0000601344
 -0.0000016587
  0.0000081836
  0.0000047499
 -0.0000210464
  0.0000224403
  0.0000042553
 -0.0000050263
 -0.0000036936
 -0.0000037971
  0.0000060112
  0.0000015969
  0.0000023958
  0.0000032662
  0.0000007855
 -0.0000062272
  0.0000008509
 -0.0000040853
 -0.0000023284
  0.0000108287
 -0.0000062113
 -0.0000030477
  0.0000049335
  0.0000003787
 -0.0000007199
 -0.0000072355
 -0.0000003706
  0.0000038049
  0.0000036745
  0.0000049897
  0.0000039868
  0.0000029517
 -0.0000001547
  0.0000101513
  0.0000019218
 -0.0000031315
  0.0000062964
  0.0000118670
 -0.0000022930
  0.0000033159
  0.0000038719
  0.0000049787
 -0.0000024893
 -0.0000042196
 -0.0000013028
 -0.0000024880
 -0.0000003393
 -0.0000033193
 -0.0000013287
 -0.0000014832
 -0.0000066630
 -0.0000006288
  0.0000024857
  0.0000032673
 -0.0000001176
  0.0000907081
 -0.0000040156
  0.0000133738
  0.0000004860
  0.0000228398
 -0.0000363426
 -0.0000045452
 -0.0000032897
 -0.0000037870
 -0.0000086235
 -0.0000466212
 -0.0000045616
  0.0000251282
  0.0000116612
 -0.0000050930
 -0.0000071332
  0.0000216885
  0.0000023100
 -0.0000060349
 -0.0000859461
 -0.0000033289
 -0.0000054091
  0.0000129593
  0.0000007420
 -0.0000043874
 -0.0000213915
  0.0000124056
 -0.0000025089
  0.0000014298
  0.0000570495
  0.0000114028
  0.0000029789
 -0.0000043271
  0.0000026394
 -0.0000007826
  0.0000007788
  0.0000018451
  0.0000021428
  0.0000016602
 -0.0000001229
  0.0000029654
 -0.0000007096
 -0.0000025639
 -0.0000029318
  0.0000011860
 -0.0000034347
  0.0000065387
 -0.0000004371
  0.0000033880
  0.0000113133
  0.0000011211
  0.0000024410
  0.0000097023
  0.0000005849
 -0.0000031276
  0.0000040781
  0.0000056175
 -0.0000017009
  0.0000097261
  0.0000026574
  0.0000019035
  0.0000000615
 -0.0000000910
 -0.0000017913
  0.0000064667
  0.0000050388
  0.0000068864
  0.0000063194
  0.0000119288
  0.0000076059
  0.0000204363
  0.0000037990
  0.0000105679
 -0.0000027111
 -0.0000014916
 -0.0000001043
 -0.0000076421
 -0.0000080683
  0.0000058092
  0.0000112940
 -0.0000362665
  0.0000082473
 -0.0000275995
  0.0000177887
 -0.0000058843
  0.0000312433
 -0.0000325130
  0.0000031328
 -0.0000050617
  0.0000075422
  0.0000017194
  0.0000042399
  0.0000104262
  0.0000028172
 -0.0000017670
  0.0000041569
  0.0000058205
  0.0000069237
 -0.0000013577
  0.0000076585
  0.0000044448
  0.0000046869
  0.0000041841
  0.0000090583
 -0.0000013511
 -0.0000665327
 -0.0000021058
  0.0000439234
  0.0000195830
  0.0000387365
  0.0000207422
  0.0000170172
  0.0000043798
 -0.0000391277
  0.0000267414
  0.0000483724
  0.0000019620
  0.0000323028
  0.0000194369
 -0.0000199991
 -0.0000959399
  0.0000043198
  0.0000121472
  0.0000034339
  0.0000704385
 -0.0000145080
 -0.0000480687
  0.0000009977
  0.0000068812
 -0.0000088023
 -0.0000241280
  0.0000204539
 -0.0000052465
  0.0000012124
  0.0000046449
  0.0000028092
 -0.0000008719
  0.0000002159
 -0.0000005092
 -0.0000015432
  0.0000044005
 -0.0000005728
 -0.0000088119
 -0.0000069326
 -0.0000054367
 -0.0000073980
 -0.0000009118
 -0.0000022574
 -0.0000034012
 -0.0000002741
 -0.0000050319
  0.0000017776
 -0.0000056823
 -0.0000068202
 -0.0000008150
 -0.0000042247
  0.0000064776
 -0.0000013430
 -0.0000020602
 -0.0000030325
 -0.0000049299
 -0.0000008883
 -0.0000009660
  0.0000072832
  0.0000004632
  0.0000000501
  0.0000002266
  0.0000113834
 -0.0000022231
  0.0000069707
 -0.0000276788
 -0.0000049774
  0.0000068563
 -0.0000279882
 -0.0000806329
 -0.0000124648
 -0.0000053786
 -0.0000268134
  0.0000258649
 -0.0000316003
 -0.0000003340
  0.0000053631
  0.0000139677
 -0.0000316538
 -0.0000024523
 -0.0000107587
  0.0000033667
 -0.0000054251
 -0.0000004199
 -0.0000007139
 -0.0000019899
 -0.0000082435
  0.0000001809
  0.0000000209
 -0.0000002457
 -0.0000063931
  0.0000026779
  0.0000002900
  0.0000013361
 -0.0000017578
  0.0000012505
 -0.0000078717
 -0.0000961858
 -0.0000078779
  0.0000293389
  0.0000112679
  0.0000275168
  0.0000216730
 -0.0000015428
 -0.0000425051
  0.0000192805
  0.0000264244
 -0.0000024104
  0.0000131289
 -0.0000351800
 -0.0000910490
 -0.0000032576
  0.0000393396
  0.0000739277
 -0.0000171256
 -0.0000184207
 -0.0000616973
 -0.0000054721
  0.0000016727
  0.0000084287
 -0.0000253571
  0.0000198629
  0.0000026695
  0.0000024079
 -0.0000024410
  0.0000141510
 -0.0000044391
 -0.0000047995
 -0.0000083054
 -0.0000039872
  0.0000028161
 -0.0000067932
 -0.0000057509
 -0.0000046737
 -0.0000020290
 -0.0000014132
 -0.0000045269
  0.0000096930
  0.0000001110
 -0.0000058765
 -0.0000048937
 -0.0000016021
 -0.0000045807
  0.0000054303
 -0.0000032208
 -0.0000055111
 -0.0000061983
 -0.0000030184
  0.0000013466
 -0.0000017062
 -0.0000029650
 -0.0000023163
 -0.0000003255
  0.0000060423
 -0.0000035735
 -0.0000130718
 -0.0000376842
  0.0000014287
 -0.0000079182
 -0.0000113390
 -0.0000062945
 -0.0000605972
 -0.0000502952
  0.0000790578
 -0.0000276088
  0.0000028085
 -0.0000484143
  0.0000016531
 -0.0000210890
 -0.0000343342
 -0.0000069605
  0.0000023008
 -0.0000033353
 -0.0000024875
 -0.0000056054
 -0.0000044651
 -0.0000027512
  0.0000020554
 -0.0000007773
 -0.0000010784
 -0.0000026333
 -0.0000052732
 -0.0000047642
 -0.0000035129
 -0.0000036734
 -0.0000025410
 -0.0000060880
 -0.0000029335
 -0.0000774305
 -0.0000032094
  0.0000130997
  0.0000029141
  0.0000308416
 -0.0000035221
 -0.0000068555
  0.0000049893
 -0.0000093040
 -0.0000397022
 -0.0000100614
  0.0000244700
 -0.0000140091
  0.0000075714
  0.0000069468
 -0.0000030542
 -0.0000623120
  0.0000223435
  0.0000287003
  0.0000270971
 -0.0000036472
 -0.0000273950
 -0.0000223031
  0.0000299134
  0.0000073659
  0.0000239235
  0.0000095512
 -0.0000001489
 -0.0000049688
 -0.0000002650
  0.0000012707
 -0.0000050838
 -0.0000029977
  0.0000055265
 -0.0000032933
 -0.0000040899
 -0.0000055855
 -0.0000003091
 -0.0000025313
 -0.0000051282
 -0.0000055747
  0.0000028258
 -0.0000088678
 -0.0000011492
 -0.0000059497
  0.0000042661
  0.0000001795
  0.0000042271
  0.0000012367
  0.0000018961
 -0.0000119852
 -0.0000016944
 -0.0000056931
 -0.0000002287
  0.0000020353
 -0.0000091818
 -0.0000055451
 -0.0000027731
 -0.0000062608
  0.0000018567
  0.0000011223
  0.0000024660
 -0.0000053088
 -0.0000010019
  0.0000003968
  0.0000002632
  0.0000089435
  0.0000051450
 -0.0000024322
 -0.0000430760
 -0.0000082029
 -0.0000027733
 -0.0000156507
 -0.0000167431
 -0.0000303812
 -0.0000227587
 -0.0000233094
  0.0000222421
 -0.0000308882
 -0.0000193345
  0.0000053636
  0.0000046283
 -0.0000438609
  0.0000007063
 -0.0000038890
  0.0000032656
  0.0000068754
  0.0000029088
  0.0000017822
  0.0000042956
  0.0000026031
  0.0000019995
 -0.0000018143
  0.0000035222
  0.0000022541
  0.0000014473
  0.0000024928
  0.0000007354
  0.0000099056
  0.0000034970
 -0.0000027356
 -0.0001076591
 -0.0000029955
  0.0000370618
  0.0000152983
 -0.0000021193
  0.0000032004
  0.0000026574
  0.0000182210
  0.0000380963
  0.0000216990
 -0.0000275925
  0.0000096113
  0.0000182956
  0.0000573894
 -0.0000737151
 -0.0000001684
  0.0000122205
  0.0000311704
 -0.0000346647
 -0.0000161826
 -0.0000021201
 -0.0000029769
 -0.0000036078
 -0.0000061894
  0.0000005389
 -0.0000030881
 -0.0000050050
  0.0000011797
 -0.0000041302
  0.0000003112
 -0.0000030279
  0.0000009585
  0.0000004101
 -0.0000024570
 -0.0000106498
 -0.0000029305
 -0.0000014396
 -0.0000076132
 -0.0000028470
  0.0000002251
  0.0000051222
 -0.0000031311
  0.0000066092
  0.0000001291
  0.0000043567
  0.0000062538
 -0.0000056217
 -0.0000052902
 -0.0000021220
 -0.0000017364
  0.0000078478
 -0.0000025267
 -0.0000014867
 -0.0000024727
  0.0000004443
 -0.0000014971
  0.0000035990
 -0.0000033776
  0.0000088409
  0.0000003372
 -0.0000021733
 -0.0000005890
  0.0000092210
  0.0000024945
  0.0000459540
 -0.0000236947
  0.0000447395
  0.0000352253
  0.0000895295
  0.0000227298
  0.0000181075
  0.0000133284
 -0.0000276806
  0.0000182074
  0.0000015690
  0.0000296994
  0.0000103579
  0.0000332083
 -0.0000186414
  0.0000028193
 -0.0000032528
  0.0000063719
  0.0000078107
  0.0000062351
 -0.0000042264
  0.0000099053
  0.0000047957
  0.0000042602
 -0.0000020856
  0.0000136986
  0.0000128207
  0.0000002324
  0.0000073327
 -0.0000014069
 -0.0000030576
  0.0000078345
 -0.0000003091
  0.0000154149
 -0.0000028825
 -0.0000432205
  0.0000555629
  0.0000581829
  0.0000055419
 -0.0000000290
 -0.0000075366
 -0.0000180304
 -0.0000228375
  0.0000529664
  0.0000039488
 -0.0000104562
  0.0000217347
  0.0000302223
 -0.0000085130
 -0.0000969870
 -0.0000039242
 -0.0001153216
 -0.0001361016
  0.0000069386
 -0.0000294810
  0.0000170890
 -0.0000010262
  0.0000108461
 -0.0000242453
 -0.0000157678
  0.0000266089
  0.0000016663
 -0.0000017709
 -0.0000033594
  0.0000028183
 -0.0000095702
 -0.0000054088
 -0.0000049558
 -0.0000087446
 -0.0000036370
  0.0000000363
 -0.0000013774
 -0.0000032030
  0.0000093405
 -0.0000007075
 -0.0000078902
 -0.0000014748
  0.0000054655
 -0.0000030620
 -0.0000056144
 -0.0000056391
 -0.0000023600
  0.0000039752
  0.0000002621
 -0.0000025417
  0.0000116346
 -0.0000026550
 -0.0000018877
  0.0000007926
 -0.0000094982
 -0.0000023000
  0.0000059837
  0.0000016439
  0.0000008454
 -0.0000013679
  0.0000013711
  0.0000260323
 -0.0000207222
  0.0000027224
  0.0000217863
 -0.0000040471
 -0.0000028571
 -0.0000085038
 -0.0000021100
 -0.0000010272
 -0.0000038493
 -0.0000014303
 -0.0000036716
 -0.0000020643
 -0.0000015138
 -0.0000022271
  0.0000031997
 -0.0000028547
 -0.0000033537
 -0.0000000428
 -0.0000018084
  0.0000043206
  0.0000045736
 -0.0000071468
 -0.0000006347
 -0.0000308791
  0.0000010639
 -0.0000005277
  0.0000183640
 -0.0000310508
 -0.0000200045
 -0.0000039006
 -0.0000005105
 -0.0000489716
 -0.0000202858
  0.0000112876
 -0.0000249600
  0.0000008957
 -0.0000092596
 -0.0000663187
  0.0000005311
 -0.0000109132
 -0.0000092155
 -0.0000210036
 -0.0000139844
  0.0000576767
  0.0000015834
  0.0000174921
  0.0000035639
  0.0000001922
  0.0000028711
  0.0000049982
  0.0000008962
  0.0000051686
  0.0000018309
  0.0000021222
  0.0000029534
  0.0000009047
  0.0000026485
  0.0000024421
  0.0000057077
  0.0000063643
  0.0000012964
  0.0000032431
  0.0000055573
 -0.0000000193
 -0.0000053114
 -0.0000054019
 -0.0000057986
 -0.0000036835
  0.0000040295
  0.0000016809
 -0.0000019494
 -0.0000094867
  0.0000067568
  0.0000001161
 -0.0000064342
 -0.0000004658
 -0.0000062899
  0.0000018982
 -0.0000023227
 -0.0000000658
  0.0000067040
  0.0000030163
 -0.0000012819
  0.0000014262
 -0.0000004205
 -0.0000038303
 -0.0000020075
  0.0000033975
  0.0000110412
 -0.0000087677
 -0.0000004545
  0.0000081484
  0.0000062408
 -0.0000169758
  0.0000307671
 -0.0000105388
 -0.0000000609
  0.0000014894
 -0.0000213403
  0.0000250115
  0.0000178184
  0.0000371252
 -0.0000004288
  0.0000037721
  0.0000145837
 -0.0000009553
 -0.0000105513
  0.0000138613
 -0.0000019084
  0.0000019941
 -0.0000082917
  0.0000036816
  0.0000015891
 -0.0000071790
 -0.0000062756
  0.0000032489
  0.0000006238
  0.0000051422
  0.0000025514
  0.0000047697
  0.0000004113
 -0.0000033133
 -0.0000010499
 -0.0000056189
  0.0000042303
  0.0000050865
 -0.0000185308
 -0.0000057411
 -0.0000755059
 -0.0000180187
  0.0000537516
  0.0000598985
  0.0000053614
  0.0000010429
 -0.0000033588
 -0.0000095103
 -0.0000784011
  0.0000915594
 -0.0000069843
  0.0000274366
 -0.0000042772
  0.0000052163
 -0.0000999325
 -0.0000815085
 -0.0000130838
  0.0000559938
  0.0000030416
  0.0000138772
 -0.0000418639
 -0.0000022558
 -0.0000013438
 -0.0000060284
 -0.0000025849
 -0.0000008366
 -0.0000020213
 -0.0000041652
 -0.0000026285
 -0.0000035156
 -0.0000042004
  0.0000024635
 -0.0000022472
 -0.0000020768
 -0.0000008572
 -0.0000024535
  0.0000056667
  0.0000041913
 -0.0000050659
  0.0000001753
  0.0000026357
  0.0000013952
  0.0000080592
 -0.0000023685
  0.0000018336
  0.0000014390
  0.0000008743
  0.0000017562
  0.0000004687
  0.0000028007
  0.0000013389
  0.0000000878
  0.0000031132
 -0.0000020634
  0.0000101748
 -0.0000028152
 -0.0000027563
  0.0000035327
  0.0000032134
 -0.0000000464
  0.0000009081
 -0.0000032051
  0.0000124021
 -0.0000057072
  0.0000017543
 -0.0000022426
 -0.0000040456
  0.0000122764
  0.0000037773
 -0.0000243014
 -0.0000297248
 -0.0000270280
 -0.0000266457
  0.0000511157
  0.0000371034
  0.0000040737
 -0.0000027481
  0.0000278540
  0.0000452475
 -0.0000460106
  0.0000091386
  0.0000454523
  0.0000117414
 -0.0000381195
  0.0000001877
  0.0000042283
  0.0000045019
  0.0000081257
  0.0000068561
 -0.0000023526
 -0.0000012471
  0.0000019153
 -0.0000092300
 -0.0000010190
  0.0000064201
  0.0000080466
 -0.0000026656
 -0.0000042936
 -0.0000088420
  0.0000042835
  0.0000067395
 -0.0000021634
 -0.0000094077
 -0.0000048025
 -0.0002340040
  0.0000671363
  0.0000058954
  0.0000038088
  0.0000015944
 -0.0001193851
  0.0001225985
  0.0000268964
 -0.0000034930
  0.0000074700
 -0.0001359005
 -0.0001265990
  0.0000259914
 -0.0000179414
 -0.0000028032
  0.0000095518
  0.0000420572
 -0.0000022930
 -0.0000034688
 -0.0000085703
  0.0000005113
 -0.0000081648
 -0.0000003777
 -0.0000033089
 -0.0000031200
 -0.0000016342
 -0.0000082233
 -0.0000022665
  0.0000051384
 -0.0000023634
 -0.0000018346
 -0.0000025098
  0.0000044065
 -0.0000028361
 -0.0000011572
 -0.0000028708
  0.0000088656
  0.0000045195
  0.0000131486
  0.0000078760
  0.0000174905
  0.0000160564
  0.0000092264
  0.0000023847
 -0.0000145784
  0.0000079496
  0.0000042540
 -0.0000082272
  0.0000061044
  0.0000090098
 -0.0000032685
  0.0000003858
  0.0000005686
 -0.0000043570
 -0.0000053228
 -0.0000041308
 -0.0000024755
 -0.0000002846
 -0.0000043890
 -0.0000022556
  0.0000011559
 -0.0000031736
 -0.0000044950
  0.0000001490
 -0.0000017646
  0.0000017767
 -0.0000009507
  0.0000009033
  0.0000015514
  0.0000565269
  0.0000001778
  0.0000240122
 -0.0000019080
  0.0000261803
 -0.0000356990
 -0.0000057797
 -0.0000002218
 -0.0000474934
 -0.0000208088
  0.0000264386
 -0.0000044670
 -0.0000064801
  0.0000080746
 -0.0000115526
 -0.0000886284
  0.0000192894
  0.0000073528
 -0.0000114183
 -0.0000175537
  0.0000206246
  0.0000588686
  0.0000007460
  0.0000106201
  0.0000039967
  0.0000026499
 -0.0000029374
  0.0000065236
  0.0000032377
 -0.0000001277
  0.0000043729
  0.0000045246
 -0.0000038240
  0.0000062507
  0.0000078747
 -0.0000024276
 -0.0000029091
  0.0000020302
 -0.0000001222
 -0.0000061988
  0.0000041185
  0.0000027838
  0.0000120449
  0.0000009926
 -0.0000011136
 -0.0000045573
 -0.0000013688
  0.0000058510
  0.0000021582
 -0.0000035026
 -0.0000008803
 -0.0000054766
  0.0000060249
 -0.0000009799
  0.0000041143
 -0.0000031883
  0.0000034683
  0.0000035710
  0.0000032026
 -0.0000013903
  0.0000004858
  0.0000058316
 -0.0000183404
  0.0000042488
  0.0000053682
  0.0000068351
  0.0000023872
  0.0000032105
 -0.0000021733
 -0.0000007705
 -0.0000009643
  0.0000001426
 -0.0000001002
  0.0000017447
  0.0000006627
 -0.0000012942
 -0.0000001786
  0.0000015774
  0.0000012078
 -0.0000051686
 -0.0000029957
  0.0000482252
 -0.0000035276
  0.0000176960
 -0.0000000673
  0.0000139743
 -0.0000419391
 -0.0000035065
 -0.0000032905
 -0.0000039804
 -0.0000162521
 -0.0000529299
 -0.0000070594
  0.0000250659
 -0.0000047968
  0.0000200628
 -0.0000076566
 -0.0000064288
  0.0000228720
  0.0000004675
 -0.0000068716
 -0.0000922735
 -0.0000024207
  0.0000001254
  0.0000142033
  0.0000048387
 -0.0000057221
 -0.0000231273
  0.0000168823
 -0.0000010963
  0.0000016108
  0.0000680142
  0.0000110385
  0.0000150437
 -0.0000056426
  0.0000023491
 -0.0000007011
  0.0000023498
 -0.0000079914
 -0.0000008012
 -0.0000057249
 -0.0000035453
 -0.0000018069
 -0.0000006586
 -0.0000020924
 -0.0000013599
  0.0000016629
  0.0000017109
  0.0000033990
  0.0000074574
  0.0000037905
 -0.0000001327
  0.0000011153
 -0.0000000342
  0.0000072931
  0.0000017744
 -0.0000066270
  0.0000045094
  0.0000086593
 -0.0000022804
  0.0000095522
  0.0000026591
  0.0000026452
  0.0000008137
  0.0000003644
 -0.0000032730
  0.0000000333
 -0.0000009907
  0.0000001946
 -0.0000039797
  0.0000031747
 -0.0000021840
  0.0000001184
 -0.0000011513
  0.0001148850
 -0.0000050777
  0.0000131984
 -0.0000001615
  0.0000221833
 -0.0000425305
  0.0000002810
 -0.0000007718
 -0.0000038543
 -0.0000082730
 -0.0000469523
 -0.0000043462
  0.0000242334
  0.0000210264
 -0.0000111686
  0.0000016735
 -0.0000064364
 -0.0000829533
 -0.0000017898
 -0.0000084865
  0.0000128820
  0.0000005905
 -0.0000096169
 -0.0000239472
  0.0000193365
 -0.0000026187
  0.0000009960
  0.0000449680
  0.0000112717
  0.0000074842
 -0.0000045610
  0.0000056215
  0.0000011484
  0.0000046137
  0.0000059290
  0.0000007048
  0.0000030779
  0.0000065268
  0.0000033979
  0.0000072546
  0.0000033993
  0.0000046477
  0.0000007357
  0.0000040446
  0.0000073824
  0.0000018074
 -0.0000016392
  0.0000019704
  0.0000077325
 -0.0000072696
  0.0000002774
  0.0000034941
  0.0000058043
  0.0000068213
 -0.0000070750
  0.0000047214
  0.0000082595
  0.0000000281
 -0.0000104517
 -0.0000054528
  0.0000043444
  0.0000040173
  0.0000016631
  0.0000063001
 -0.0000064519
 -0.0000043546
  0.0000034354
  0.0000004141
 -0.0000003248
  0.0000057902
  0.0000088048
  0.0000068830
  0.0000045963
  0.0000057099
  0.0000136324
 -0.0000010117
  0.0000121400
  0.0000264929
  0.0000138345
  0.0000079974
 -0.0000075857
 -0.0000191162
  0.0000165095
  0.0000090563
  0.0000193989
 -0.0000184884
  0.0000143865
  0.0000064758
 -0.0000205322
 -0.0000138822
  0.0000269100
 -0.0000047516
 -0.0000017261
  0.0000051079
 -0.0000026588
 -0.0000063566
  0.0000040321
  0.0000091442
 -0.0000043201
 -0.0000002371
 -0.0000022018
 -0.0000137631
 -0.0000148630
 -0.0000070695
  0.0000039690
 -0.0000234347
  0.0000081353
 -0.0000056136
 -0.0000234828
 -0.0000293735
  0.0000069029
 -0.0001498196
 -0.0000241248
  0.0000528763
 -0.0000142520
 -0.0000319682
 -0.0000076058
 -0.0000157051
 -0.0000888963
  0.0000047980
  0.0000034847
  0.0000155180
 -0.0000277255
 -0.0000174223
 -0.0000847718
 -0.0000688351
 -0.0000494046
  0.0000586782
 -0.0000038568
 -0.0000041369
 -0.0000381293
 -0.0000527628
  0.0000014900
  0.0000055362
  0.0000010750
  0.0000057533
  0.0000046940
  0.0000072942
  0.0000080055
  0.0000001430
  0.0000085493
  0.0000066438
  0.0000012417
  0.0000054931
  0.0000047050
  0.0000051107
  0.0000054740
  0.0000006240
  0.0000161519
  0.0000041517
  0.0000007028
  0.0000037066
  0.0000050607
  0.0000030718
  0.0000124997
  0.0000063107
  0.0000049186
  0.0000027046
  0.0000061894
  0.0000078414
  0.0000028695
  0.0000053568
  0.0000079438
 -0.0000100055
  0.0000046468
  0.0000076137
  0.0000183914
  0.0000011518
  0.0000122953
 -0.0000333197
  0.0000110968
  0.0000157081
 -0.0000012528
 -0.0000442941
 -0.0000183783
 -0.0000069845
  0.0000299843
 -0.0000306049
  0.0000230917
 -0.0000030563
 -0.0000223468
  0.0000134775
 -0.0000137210
  0.0000085730
 -0.0000003546
  0.0000021038
  0.0000003578
  0.0000009710
  0.0000071215
  0.0000011180
  0.0000025759
  0.0000014093
  0.0000004729
  0.0000020753
  0.0000007680
  0.0000023346
  0.0000014831
  0.0000026376
  0.0000040672
  0.0000089922
 -0.0000018187
 -0.0000885637
  0.0000303381
  0.0000078830
  0.0000361909
  0.0000302602
 -0.0000015238
 -0.0000167212
 -0.0000422476
  0.0000108065
  0.0000265287
 -0.0000017015
 -0.0000177161
 -0.0000038939
 -0.0000273242
 -0.0000003747
 -0.0000862875
  0.0000067858
  0.0000440642
  0.0000747392
 -0.0000055616
 -0.0000068423
 -0.0000593269
  0.0000113117
  0.0000065700
  0.0000026308
 -0.0000211760
  0.0000226011
  0.0000018213
 -0.0000020426
 -0.0000015522
 -0.0000033147
 -0.0000048615
  0.0000002948
  0.0000009840
 -0.0000122205
 -0.0000093168
 -0.0000049397
 -0.0000127920
 -0.0000012886
 -0.0000030448
 -0.0000052661
 -0.0000068708
  0.0000002320
 -0.0000041025
 -0.0000114146
 -0.0000028099
  0.0000029220
 -0.0000065706
 -0.0000066820
 -0.0000078666
 -0.0000024287
 -0.0000048690
  0.0000080953
 -0.0000027606
 -0.0000041865
 -0.0000010907
 -0.0000011566
  0.0000070622
 -0.0000039120
  0.0000015943
 -0.0000323484
 -0.0000082703
  0.0000010854
 -0.0000040658
 -0.0000046370
 -0.0000248224
  0.0000077722
  0.0000003211
  0.0000212593
 -0.0000395848
  0.0000107192
  0.0000125702
  0.0000015364
 -0.0000289398
 -0.0000039813
 -0.0000118609
  0.0000029318
 -0.0000063246
 -0.0000007691
 -0.0000065970
 -0.0000022173
 -0.0000062281
  0.0000004555
 -0.0000004103
 -0.0000031125
 -0.0000070842
  0.0000008459
 -0.0000003122
 -0.0000023733
 -0.0000047756
 -0.0000008579
 -0.0000041534
 -0.0000365042
  0.0000078105
  0.0000118917
  0.0000179673
 -0.0000328937
 -0.0000025748
 -0.0000457687
 -0.0000062050
  0.0000199061
 -0.0000142815
 -0.0000056818
  0.0000011013
 -0.0000661300
 -0.0000094294
  0.0000220196
  0.0000212816
 -0.0000027216
 -0.0000122887
 -0.0000057479
  0.0000009990
  0.0000664051
 -0.0000048547
  0.0000103862
  0.0000048483
  0.0000069443
  0.0000028054
 -0.0000007226
  0.0000000468
  0.0000029219
  0.0000026044
  0.0000145069
 -0.0000002257
  0.0000008396
 -0.0000017555
  0.0000056085
  0.0000095026
  0.0000000603
 -0.0000009029
 -0.0000012251
  0.0000007371
 -0.0000002614
 -0.0000015747
 -0.0000021628
  0.0000006172
 -0.0000085146
 -0.0000130486
 -0.0000052166
 -0.0000052376
  0.0000025414
 -0.0000087045
  0.0000137764
 -0.0000037333
  0.0000023511
 -0.0000051823
  0.0000054582
 -0.0000020874
  0.0000011367
 -0.0000027647
 -0.0000040191
 -0.0000042148
  0.0000035713
 -0.0000008416
  0.0000014711
  0.0000026479
  0.0000008211
 -0.0000023803
  0.0000020946
 -0.0000002464
  0.0000010408
  0.0000032064
  0.0001646855
  0.0000006818
  0.0000126763
 -0.0000045773
  0.0000324565
 -0.0000885123
 -0.0000034220
  0.0000033729
  0.0000009684
  0.0000076388
 -0.0000757604
 -0.0000062553
  0.0000227690
 -0.0000066674
 -0.0000066449
 -0.0000095460
 -0.0000049876
  0.0000236242
 -0.0000026413
 -0.0000035331
 -0.0000726710
  0.0000039554
 -0.0000181547
  0.0000108944
 -0.0000033649
  0.0000016402
 -0.0000270469
  0.0000078228
  0.0000045361
  0.0000056936
  0.0000335642
  0.0000153010
 -0.0000037317
 -0.0000030301
 -0.0000002498
  0.0000066965
  0.0000084234
  0.0000069452
  0.0000054558
 -0.0000000125
  0.0000047395
  0.0000117087
  0.0000070826
  0.0000007646
 -0.0000009879
  0.0000009403
 -0.0000040222
  0.0000003685
 -0.0000030582
  0.0000087425
 -0.0000038437
  0.0000035223
 -0.0000015891
  0.0000083236
  0.0000072326
  0.0000018348
 -0.0000002196
  0.0000079423
  0.0000047358
 -0.0000083122
 -0.0000040385
  0.0000039265
 -0.0000007626
  0.0000025515
  0.0000074136
 -0.0000065331
 -0.0000020528
 -0.0000023554
 -0.0000057984
  0.0000041804
  0.0000070707
  0.0000058257
  0.0000048737
  0.0000065813
  0.0000070534
  0.0000059112
  0.0000150471
  0.0000055020
  0.0000045105
 -0.0000179008
 -0.0000048063
 -0.0000025309
  0.0000144285
  0.0000556177
  0.0000079728
  0.0000097437
 -0.0000171000
  0.0000366137
 -0.0000244186
  0.0000135049
  0.0000315732
  0.0000182364
 -0.0000412220
  0.0000009866
 -0.0000007611
 -0.0000089239
  0.0000023094
 -0.0000014094
  0.0000062354
 -0.0000074036
  0.0000037835
 -0.0000031282
  0.0000013578
 -0.0000066762
 -0.0000025073
 -0.0000020362
 -0.0000061375
  0.0000031346
 -0.0000057632
  0.0000044547
 -0.0000025673
 -0.0000434912
 -0.0000066267
 -0.0000390865
  0.0000007244
  0.0000055955
 -0.0000059401
  0.0000325735
  0.0000608523
  0.0000235738
  0.0000326916
 -0.0000073234
 -0.0000914152
  0.0000034034
 -0.0000184203
 -0.0000362820
  0.0000140258
 -0.0000142162
  0.0000011609
  0.0000070937
 -0.0000061649
 -0.0000108113
  0.0000015401
  0.0000040383
  0.0000001849
 -0.0000007217
 -0.0000014372
  0.0000129094
  0.0000006136
  0.0000049238
 -0.0000010728
 -0.0000004828
 -0.0000000186
 -0.0000002830
 -0.0000073850
 -0.0000005091
 -0.0000016134
  0.0000065264
  0.0000016870
  0.0000005593
  0.0000010199
  0.0000012859
 -0.0000191345
  0.0000049549
  0.0000000648
  0.0000003145
 -0.0000045345
  0.0000067880
 -0.0000003918
  0.0000015648
  0.0000016069
  0.0000028577
  0.0000004930
  0.0000000666
  0.0000017867
  0.0000042580
  0.0000022469
  0.0000051944
 -0.0000007561
  0.0000026604
  0.0001893925
  0.0000009543
  0.0000180430
  0.0000043113
  0.0000311919
 -0.0000784604
  0.0000035479
 -0.0000012167
  0.0000018454
  0.0000020382
 -0.0000613389
  0.0000010388
  0.0000265621
  0.0000001145
 -0.0000096369
  0.0000057893
 -0.0000000361
 -0.0000729978
  0.0000007130
 -0.0000162199
  0.0000157564
 -0.0000029277
 -0.0000006124
 -0.0000298717
  0.0000200718
  0.0000028844
  0.0000079583
  0.0000294445
  0.0000156281
 -0.0000041114
  0.0000040266
  0.0000035255
  0.0000046432
  0.0000062539
  0.0000033516
  0.0000018995
  0.0000039590
  0.0000017817
  0.0000052178
  0.0000066057
  0.0000011142
 -0.0000023486
 -0.0000050802
  0.0000075260
 -0.0000070745
  0.0000037628
  0.0000036136
  0.0000060228
  0.0000033851
  0.0000003841
  0.0000025217
  0.0000095488
  0.0000001577
 -0.0000080031
 -0.0000013310
  0.0000091790
  0.0000013701
  0.0000069604
  0.0000027962
 -0.0000024184
 -0.0000021791
 -0.0000001451
 -0.0000035332
  0.0000047027
  0.0000057236
  0.0000134194
  0.0000054477
  0.0000062982
  0.0000092357
  0.0000163286
 -0.0000010882
  0.0000163158
  0.0000208228
  0.0000310846
  0.0000325026
 -0.0000088760
  0.0000632275
 -0.0000027265
 -0.0000243207
  0.0000111579
 -0.0000345789
  0.0000561463
 -0.0000258798
 -0.0000392171
 -0.0000071405
  0.0000159370
 -0.0000011075
 -0.0000007995
 -0.0000051023
 -0.0000055527
  0.0000004593
  0.0000048614
 -0.0000061984
 -0.0000065323
 -0.0000009690
  0.0000009396
 -0.0000072069
 -0.0000058895
 -0.0000041840
 -0.0000011024
 -0.0000055878
  0.0000031238
 -0.0000032591
  0.0000038177
 -0.0000065296
 -0.0000030469
 -0.0000410434
  0.0000404946
  0.0000295856
  0.0000004475
  0.0000120348
 -0.0000088114
 -0.0000171299
  0.0000498098
  0.0000590957
 -0.0000012761
  0.0000145942
  0.0000127273
 -0.0000053024
 -0.0000929692
  0.0000105082
 -0.0000257827
 -0.0000594185
  0.0000182034
  0.0000030057
  0.0000013752
 -0.0000103151
 -0.0000188102
 -0.0000013813
  0.0000054202
 -0.0000034763
 -0.0000061488
 -0.0000014486
  0.0000009341
 -0.0000059119
 -0.0000035849
  0.0000010207
  0.0000000072
 -0.0000023764
  0.0000104719
 -0.0000004650
 -0.0000050280
 -0.0000004408
  0.0000062065
 -0.0000024104
 -0.0000051020
 -0.0000018022
 -0.0000005779
 -0.0000015529
  0.0000004315
  0.0000013706
  0.0000056543
 -0.0000003667
  0.0000141905
  0.0000109636
  0.0000173897
  0.0000136699
  0.0000011491
  0.0000109598
  0.0000071474
  0.0000132719
  0.0000084226
 -0.0000014628
  0.0000017597
  0.0000165149
  0.0000142694
  0.0000140737
  0.0000007824
 -0.0000040938
  0.0000013130
 -0.0000008323
  0.0000041720
 -0.0000032791
 -0.0000035510
 -0.0000016255
  0.0000006558
 -0.0000068450
  0.0000039818
 -0.0000044107
 -0.0000031386
 -0.0000034999
 -0.0000073751
  0.0000018922
 -0.0000018938
  0.0000021701
 -0.0000024816
  0.0000184968
 -0.0000003385
  0.0000169625
 -0.0000321461
 -0.0000066754
 -0.0000013465
 -0.0000183349
 -0.0000479048
 -0.0000183127
  0.0000181149
 -0.0000105712
 -0.0000031277
  0.0000151099
  0.0000047123
 -0.0000126039
 -0.0000823031
 -0.0000025259
  0.0000045824
  0.0000059371
 -0.0000120597
 -0.0000135469
 -0.0000224364
 -0.0000033249
 -0.0000074810
  0.0000697071
  0.0000037360
  0.0000162490
  0.0000065198
  0.0000005766
 -0.0000030829
 -0.0000056135
  0.0000015604
 -0.0000047414
  0.0000006036
  0.0000051102
  0.0000003962
  0.0000144407
  0.0000015000
 -0.0000005477
 -0.0000020667
  0.0000045020
  0.0000003007
  0.0000060246
 -0.0000048706
  0.0000039027
  0.0000011030
 -0.0000014374
 -0.0000033968
 -0.0000034574
 -0.0000015515
 -0.0000112896
 -0.0000043751
 -0.0000029528
 -0.0000027386
 -0.0000196771
 -0.0000063123
 -0.0000044700
 -0.0000043981
  0.0000000643
 -0.0000010687
 -0.0000000004
 -0.0000030657
 -0.0000035860
  0.0000001096
  0.0000003125
  0.0000027171
 -0.0000007784
 -0.0000079487
 -0.0000012662
  0.0001685693
 -0.0000023664
  0.0000136355
  0.0000016786
  0.0000255169
 -0.0000585230
 -0.0000005628
  0.0000000579
 -0.0000002586
 -0.0000050731
 -0.0000594150
 -0.0000015993
  0.0000206285
 -0.0000052041
 -0.0000102594
 -0.0000070945
  0.0000208609
  0.0000030723
 -0.0000029844
 -0.0000782693
  0.0000005854
 -0.0000112669
  0.0000134077
 -0.0000052859
 -0.0000000385
 -0.0000276827
  0.0000282752
 -0.0000062355
  0.0000074148
  0.0000287235
  0.0000120595
  0.0000025803
 -0.0000012931
  0.0000024182
 -0.0000046122
  0.0000066858
  0.0000030879
 -0.0000044176
  0.0000033578
  0.0000037211
 -0.0000037093
 -0.0000041762
  0.0000027434
 -0.0000052619
 -0.0000058452
  0.0000002074
  0.0000037796
 -0.0000005859
 -0.0000004414
 -0.0000025734
  0.0000142761
  0.0000022121
 -0.0000052722
 -0.0000053170
 -0.0000037351
 -0.0000031100
 -0.0000014733
  0.0000011558
 -0.0000010937
  0.0000075762
  0.0000025974
 -0.0000007354
 -0.0000009783
  0.0000001088
 -0.0000021355
 -0.0000022665
 -0.0000015320
  0.0000002522
 -0.0000028848
 -0.0000107597
 -0.0000036975
  0.0000030343
 -0.0000020042
  0.0000005632
 -0.0000006054
 -0.0000004539
  0.0000018661
  0.0000031448
 -0.0000007618
  0.0000001787
 -0.0000027306
 -0.0000018401
  0.0000031309
  0.0000004117
 -0.0000007795
 -0.0000047053
  0.0000045041
 -0.0000020015
  0.0001010702
 -0.0000006342
  0.0000131097
  0.0000028832
  0.0000166865
 -0.0000379035
 -0.0000010643
 -0.0000002717
 -0.0000018031
 -0.0000076723
 -0.0000478460
 -0.0000000622
  0.0000206271
 -0.0000060099
  0.0000000169
 -0.0000072892
 -0.0000074266
  0.0000208753
  0.0000066693
 -0.0000024509
 -0.0000844787
  0.0000009922
 -0.0000056989
  0.0000153833
 -0.0000009678
 -0.0000028494
 -0.0000216590
  0.0000185933
 -0.0000015142
  0.0000063561
  0.0000618282
  0.0000076827
  0.0000095026
 -0.0000038712
  0.0000007504
  0.0000000480
  0.0000036280
  0.0000039272
 -0.0000000483
 -0.0000077807
  0.0000004178
 -0.0000079962
 -0.0000013574
 -0.0000039501
 -0.0000020103
  0.0000053784
 -0.0000012192
 -0.0000028267
 -0.0000015753
 -0.0000020912
 -0.0000033546
  0.0000014806
  0.0000014290
  0.0000091623
  0.0000025066
  0.0000067496
  0.0000085892
  0.0000097450
  0.0000005088
  0.0000024706
  0.0000151793
 -0.0000153711
  0.0000061739
  0.0000094003
  0.0000142403
  0.0000043188
  0.0000080557
  0.0000042355
  0.0000002970
  0.0000018218
 -0.0000038880
 -0.0000010307
 -0.0000021890
 -0.0000005729
 -0.0000047763
  0.0000022935
  0.0000023024
 -0.0000009856
 -0.0000008536
  0.0000516889
 -0.0000044944
  0.0000193180
 -0.0000043497
  0.0000184647
 -0.0000397631
  0.0000000764
  0.0000051357
 -0.0000073160
 -0.0000176473
 -0.0000510654
 -0.0000096378
  0.0000252404
  0.0000011747
 -0.0000048617
  0.0000168706
  0.0000000870
 -0.0000086702
 -0.0000904486
 -0.0000040739
  0.0000009586
  0.0000162330
  0.0000075541
 -0.0000059485
 -0.0000199758
  0.0000187620
 -0.0000078086
  0.0000026494
  0.0000688820
  0.0000066283
  0.0000107953
 -0.0000035090
  0.0000050442
  0.0000070408
  0.0000073398
  0.0000083134
 -0.0000064679
 -0.0000032462
 -0.0000106178
 -0.0000045141
 -0.0000062362
 -0.0000014918
  0.0000104702
 -0.0000086034
 -0.0000042451
  0.0000037745
 -0.0000017600
 -0.0000042055
 -0.0000092875
 -0.0000000751
  0.0000001617
 -0.0000023460
  0.0000062936
  0.0000038865
  0.0000094590
  0.0000053985
  0.0000118222
  0.0000035434
  0.0000031018
  0.0000133530
 -0.0000077860
  0.0000052836
 -0.0000015692
  0.0000109182
  0.0000034115
  0.0000067263
  0.0000042918
 -0.0000050938
 -0.0000013566
  0.0000009815
 -0.0000008412
 -0.0000017955
 -0.0000010119
 -0.0000002047
  0.0000037211
 -0.0000014237
  0.0000007748
  0.0000022195
 -0.0000038750
 -0.0000019107
  0.0000413219
 -0.0000063979
  0.0000179829
 -0.0000052701
  0.0000148217
 -0.0000404392
 -0.0000009275
  0.0000001831
 -0.0000045701
 -0.0000194852
 -0.0000519233
 -0.0000102231
  0.0000234745
 -0.0000089749
  0.0000038610
 -0.0000062483
 -0.0000043412
  0.0000165255
 -0.0000023009
 -0.0000107882
 -0.0000906156
 -0.0000030235
  0.0000017746
  0.0000153274
  0.0000060191
 -0.0000092651
 -0.0000236285
  0.0000119896
 -0.0000028744
 -0.0000001160
  0.0000690692
  0.0000052082
  0.0000153456
 -0.0000050972
  0.0000010089
  0.0000029065
 -0.0000035785
  0.0000024986
  0.0000025937
 -0.0000031194
 -0.0000033064
 -0.0000073801
  0.0000052474
 -0.0000074487
  0.0000030207
  0.0000009622
  0.0000072031
  0.0000007142
  0.0000045155
  0.0000076463
  0.0000044965
 -0.0000091431
  0.0000072286
 -0.0000014228
  0.0000050791
  0.0000028236
 -0.0000031607
 -0.0000020915
 -0.0000065882
  0.0000061534
  0.0000051601
  0.0000101998
  0.0000011656
  0.0000028186
  0.0000026486
  0.0000073186
  0.0000144381
  0.0000011823
 -0.0000194883
 -0.0000263727
 -0.0000401948
 -0.0000285093
 -0.0000373136
 -0.0000866400
 -0.0000163892
 -0.0000057493
  0.0000001727
  0.0000400030
 -0.0000329203
 -0.0000043978
  0.0000259023
  0.0000011727
 -0.0000325149
  0.0000042084
 -0.0000045822
  0.0000018049
 -0.0000013375
  0.0000005300
  0.0000021882
  0.0000099920
 -0.0000017935
 -0.0000018947
 -0.0000062497
  0.0000065751
  0.0000053979
 -0.0000023384
  0.0000023253
  0.0000002855
 -0.0000011544
  0.0000033616
 -0.0000046359
 -0.0000998675
 -0.0000037027
  0.0000318634
  0.0000104824
  0.0000190040
  0.0000107729
  0.0000105460
 -0.0000066244
  0.0000245313
  0.0000230740
  0.0000213179
 -0.0000420431
 -0.0000930992
 -0.0000004174
  0.0000409692
  0.0000715602
 -0.0000648609
 -0.0000025589
  0.0000048157
  0.0000279057
 -0.0000344436
 -0.0000030376
  0.0000037734
  0.0000000019
  0.0000069181
  0.0000059595
 -0.0000049763
  0.0000038255
  0.0000028071
 -0.0000034193
 -0.0000053515
  0.0000021956
 -0.0000062885
  0.0000042647
 -0.0000006121
  0.0000141659
  0.0000038737
 -0.0000057403
 -0.0000014201
 -0.0000008889
  0.0000004733
  0.0000005336
  0.0000080013
  0.0000016328
 -0.0000024395
 -0.0000020635
 -0.0000000705
 -0.0000051345
 -0.0000007646
 -0.0000054804
 -0.0000007733
 -0.0000010918
 -0.0000059159
 -0.0000170678
  0.0000012311
 -0.0000021382
 -0.0000056522
 -0.0000009509
 -0.0000017504
 -0.0000025590
  0.0000004876
 -0.0000014702
 -0.0000027082
  0.0000001271
  0.0000046801
  0.0000017506
  0.0000012279
 -0.0000056647
  0.0000028071
 -0.0000010368
  0.0001342810
 -0.0000014597
  0.0000135154
  0.0000024071
  0.0000246780
 -0.0000415559
 -0.0000010097
 -0.0000006304
 -0.0000011569
 -0.0000062379
 -0.0000507848
  0.0000019120
  0.0000194762
 -0.0000063033
 -0.0000024368
 -0.0000071539
 -0.0000083398
  0.0000210262
  0.0000055702
 -0.0000023900
 -0.0000815290
  0.0000026478
 -0.0000097033
  0.0000156676
 -0.0000031903
 -0.0000026582
 -0.0000249302
  0.0000309385
 -0.0000034249
  0.0000064110
  0.0000476174
  0.0000093602
  0.0000000037
 -0.0000030875
  0.0000006924
  0.0000011793
 -0.0000095994
 -0.0000079922
 -0.0000066135
 -0.0000088654
 -0.0000014345
  0.0000034622
 -0.0000028015
 -0.0000029709
 -0.0000078838
 -0.0000018894
  0.0000057006
 -0.0000027485
 -0.0000020843
 -0.0000019771
  0.0000096495
 -0.0000035287
  0.0000036585
 -0.0000001668
 -0.0000023875
  0.0000054424
 -0.0000021644
  0.0000087235
  0.0000056430
  0.0000079947
  0.0000094775
 -0.0000024076
 -0.0000075930
 -0.0000049163
  0.0000077480
  0.0000306130
 -0.0000039478
  0.0000059956
  0.0000033616
  0.0000044698
 -0.0000073844
  0.0000006733
 -0.0000013894
 -0.0000025196
 -0.0000030512
  0.0000028328
 -0.0000050020
 -0.0000033681
 -0.0000039649
  0.0000021053
 -0.0000021009
 -0.0000028517
  0.0000011151
 -0.0000034347
 -0.0000005616
  0.0000031442
 -0.0000028215
 -0.0000027410
  0.0000535655
  0.0000243283
  0.0000012143
  0.0000265981
 -0.0000340829
 -0.0000110531
  0.0000008011
 -0.0000461901
 -0.0000170142
  0.0000237983
 -0.0000141731
  0.0000067724
 -0.0000092642
 -0.0000882710
  0.0000157090
  0.0000016172
 -0.0000083198
 -0.0000168013
  0.0000156590
  0.0000544041
  0.0000053286
  0.0000069904
  0.0000077608
  0.0000011242
 -0.0000019379
 -0.0000016569
 -0.0000021872
  0.0000114622
  0.0000019456
  0.0000056912
  0.0000013087
  0.0000031046
 -0.0000019160
  0.0000015308
  0.0000031990
 -0.0000036768
 -0.0000044049
 -0.0000010672
 -0.0000129737
  0.0000040488
  0.0000047571
 -0.0000040032
  0.0000035868
 -0.0000170487
  0.0000111117
 -0.0000013328
  0.0000032870
  0.0000204190
  0.0000011423
 -0.0000041593
  0.0000006134
  0.0000003488
 -0.0000001697
  0.0000024576
  0.0000007387
 -0.0000031690
  0.0000013303
  0.0000009726
  0.0000039910
  0.0000003797
  0.0000064983
 -0.0000000458
  0.0001869950
  0.0000007657
  0.0000181127
  0.0000010654
  0.0000297330
 -0.0000784237
  0.0000003722
  0.0000043923
 -0.0000018754
  0.0000023272
 -0.0000633793
 -0.0000049266
  0.0000276240
 -0.0000007712
 -0.0000114314
 -0.0000075225
  0.0000245590
 -0.0000031746
 -0.0000004634
 -0.0000736006
  0.0000038841
 -0.0000167945
  0.0000132872
 -0.0000030658
  0.0000064230
 -0.0000318728
  0.0000153921
 -0.0000006485
  0.0000107086
  0.0000275242
  0.0000172325
 -0.0000016046
  0.0000052455
  0.0000002170
 -0.0000015472
 -0.0000044542
  0.0000026136
 -0.0000033401
 -0.0000035307
  0.0000041424
  0.0000062545
  0.0000016338
  0.0000101409
  0.0000045506
  0.0000004003
  0.0000009568
  0.0000010851
  0.0000108519
  0.0000061305
 -0.0000116865
 -0.0000075765
 -0.0000031558
 -0.0000016308
  0.0000001872
  0.0000012094
 -0.0000050897
 -0.0000002363
 -0.0000185501
  0.0000020905
 -0.0000052560
 -0.0000008852
 -0.0000129446
  0.0000002205
 -0.0000075211
  0.0000022355
 -0.0000014284
  0.0000004072
 -0.0000022412
 -0.0000018062
  0.0000037089
  0.0000023109
 -0.0000008689
 -0.0000020187
  0.0000042086
 -0.0000023076
  0.0001764805
 -0.0000007362
  0.0000145857
 -0.0000011904
  0.0000257675
 -0.0000612795
 -0.0000017252
 -0.0000058145
 -0.0000085056
 -0.0000051932
 -0.0000636155
 -0.0000070207
  0.0000220415
 -0.0000093578
 -0.0000033249
 -0.0000099652
 -0.0000073904
  0.0000215751
 -0.0000050692
 -0.0000027956
 -0.0000795641
  0.0000015669
 -0.0000120243
  0.0000118243
 -0.0000066069
  0.0000027960
 -0.0000285918
  0.0000198616
  0.0000063833
  0.0000072896
  0.0000262286
  0.0000139840
  0.0000033401
  0.0000001264
  0.0000020424
  0.0000024616
  0.0000026518
  0.0000022404
 -0.0000002260
 -0.0000020438
  0.0000079702
  0.0000027068
 -0.0000085734
 -0.0000073052
  0.0000043097
 -0.0000116745
 -0.0000022005
 -0.0000028416
  0.0000036129
 -0.0000006174
 -0.0000053595
 -0.0000017147
  0.0000068073
 -0.0000032219
 -0.0000084777
 -0.0000065606
  0.0000036005
 -0.0000051097
  0.0000057631
 -0.0000047628
 -0.0000041660
 -0.0000051145
 -0.0000042600
 -0.0000048959
  0.0000023282
 -0.0000013142
  0.0000077517
  0.0000035397
  0.0000012140
  0.0000043589
  0.0000110967
 -0.0000058971
 -0.0000226358
  0.0000253586
 -0.0000251629
 -0.0000131749
 -0.0000033167
 -0.0000193094
  0.0000240996
  0.0000169687
  0.0000386864
  0.0000130681
 -0.0000020592
  0.0000130968
  0.0000120427
 -0.0000100291
  0.0000080998
 -0.0000042561
 -0.0000031418
 -0.0000009654
 -0.0000063700
 -0.0000047116
  0.0000008354
 -0.0000006949
 -0.0000108080
 -0.0000062722
 -0.0000052510
 -0.0000128425
 -0.0000112630
 -0.0000009616
 -0.0000061437
  0.0000021764
  0.0000116020
 -0.0000073559
 -0.0000035853
 -0.0000010438
 -0.0000048034
 -0.0000367560
  0.0000461354
  0.0000669903
  0.0000057922
 -0.0000016334
 -0.0000024956
 -0.0000114244
  0.0000493467
  0.0000093997
  0.0000030376
  0.0000109061
  0.0000261523
 -0.0000160342
 -0.0000424349
 -0.0000004398
 -0.0001574150
 -0.0001008030
  0.0000031661
  0.0000010736
  0.0000430204
  0.0000001871
 -0.0000021839
 -0.0000456027
 -0.0000021699
  0.0000003434
  0.0000152208
  0.0000019979
 -0.0000009154
  0.0000006849
 -0.0000015099
 -0.0000002057
  0.0000020863
  0.0000013936
  0.0000005800
 -0.0000003480
  0.0000042300
 -0.0000009335
  0.0000016401
 -0.0000012730
  0.0000009065
  0.0000012743
 -0.0000208041
 -0.0000018673
  0.0000028990
 -0.0000002520
 -0.0000020716
  0.0000013179
  0.0000000261
  0.0000003043
 -0.0000004763
  0.0000015123
 -0.0000024366
  0.0000005287
 -0.0000009417
  0.0000034816
  0.0000038743
 -0.0000009495
 -0.0000032767
 -0.0000012373
  0.0001700417
 -0.0000027200
  0.0000152007
  0.0000035879
  0.0000322730
 -0.0000661969
 -0.0000016647
 -0.0000041877
 -0.0000024241
 -0.0000031528
 -0.0000539763
 -0.0000020533
  0.0000222412
  0.0000089474
 -0.0000091930
  0.0000047005
 -0.0000027032
 -0.0000759894
 -0.0000011508
 -0.0000113343
  0.0000176290
 -0.0000003509
 -0.0000033812
 -0.0000281023
  0.0000350790
 -0.0000010767
  0.0000274558
  0.0000094279
  0.0000000738
 -0.0000012662
  0.0000037365
  0.0000131339
  0.0000126579
 -0.0000001847
 -0.0000037898
 -0.0000072350
  0.0000023913
  0.0000019280
 -0.0000074938
 -0.0000008886
 -0.0000005579
  0.0000009966
 -0.0000021769
 -0.0000009573
 -0.0000034790
  0.0000068833
  0.0000001697
 -0.0000016406
 -0.0000024343
 -0.0000006411
 -0.0000004275
 -0.0000016298
 -0.0000052901
  0.0000010818
  0.0000013186
  0.0000080223
  0.0000019040
  0.0000051068
 -0.0000154321
  0.0000004496
 -0.0000050633
  0.0000282553
  0.0000121684
 -0.0000141780
  0.0000042702
  0.0000282190
  0.0000184423
 -0.0000144015
  0.0000247942
  0.0000022361
  0.0000189036
  0.0000011743
 -0.0000009814
 -0.0000005810
 -0.0000029949
 -0.0000007545
 -0.0000014268
  0.0000017120
 -0.0000013435
  0.0000020935
  0.0000036705
  0.0000024210
 -0.0000036875
 -0.0000009642
 -0.0000291072
 -0.0000037171
  0.0000120392
  0.0000006588
  0.0000221708
 -0.0000260622
 -0.0000014762
  0.0000047347
 -0.0000056860
 -0.0000164730
 -0.0000468028
 -0.0000168946
  0.0000152254
 -0.0000057711
 -0.0000083384
  0.0000076387
 -0.0000013927
  0.0000154704
  0.0000068316
 -0.0000121265
 -0.0000670669
 -0.0000013614
  0.0000156206
 -0.0000007757
 -0.0000232527
 -0.0000115754
 -0.0000199058
 -0.0000140253
 -0.0000064805
  0.0000011597
  0.0000484241
  0.0000068703
  0.0000169396
  0.0000082671
 -0.0000015250
  0.0000149796
  0.0000028466
 -0.0000056235
  0.0000026178
  0.0000012148
 -0.0000000151
 -0.0000071881
 -0.0000012541
 -0.0000006168
  0.0000006394
 -0.0000010077
  0.0000030364
  0.0000003297
  0.0000023046
  0.0000059966
  0.0000114531
  0.0000062248
  0.0000053467
  0.0000059517
 -0.0000001738
  0.0000067817
  0.0000018719
 -0.0000030334
  0.0000068364
  0.0000126174
  0.0000071187
  0.0000015160
  0.0000050351
  0.0000084746
 -0.0000041538
  0.0000038796
 -0.0000029127
  0.0000073747
 -0.0000019222
 -0.0000010649
  0.0000017677
  0.0000027055
 -0.0000064148
 -0.0000012686
 -0.0000002838
 -0.0000029188
 -0.0000030761
 -0.0000030331
  0.0001097840
 -0.0000017591
  0.0000177341
 -0.0000007899
  0.0000270875
 -0.0000441878
 -0.0000029372
  0.0000043644
 -0.0000064138
 -0.0000466189
 -0.0000054041
  0.0000272573
  0.0000032794
 -0.0000087042
  0.0000012234
 -0.0000064373
 -0.0000832170
 -0.0000007572
  0.0000157606
  0.0000045597
 -0.0000045607
 -0.0000238680
  0.0000158922
 -0.0000066091
  0.0000428404
  0.0000117657
  0.0000032415
 -0.0000042005
 -0.0000009768
 -0.0000034379
 -0.0000060515
  0.0000002157
 -0.0000052055
 -0.0000021188
  0.0000024081
 -0.0000061730
 -0.0000003592
  0.0000055179
 -0.0000025011
  0.0000000910
  0.0000013137
 -0.0000021562
  0.0000015925
  0.0000001859
  0.0000062379
  0.0000099564
  0.0000055010
  0.0000091844
  0.0000086940
  0.0000162349
  0.0000129026
  0.0000048888
  0.0000141101
 -0.0000153322
  0.0000067507
  0.0000013420
  0.0000118875
  0.0000047798
  0.0000103699
  0.0000071389
  0.0000009656
 -0.0000002606
 -0.0000014555
  0.0000000854
 -0.0000024273
 -0.0000000466
 -0.0000021394
 -0.0000005858
  0.0000000764
  0.0000015499
  0.0000011198
  0.0000003929
 -0.0000013715
  0.0000524689
 -0.0000043063
  0.0000220129
 -0.0000060488
  0.0000211506
 -0.0000390889
 -0.0000046463
  0.0000009803
 -0.0000057760
 -0.0000178736
 -0.0000498493
 -0.0000135122
  0.0000253710
  0.0000044760
 -0.0000045858
  0.0000148981
  0.0000061874
 -0.0000093982
 -0.0000899681
 -0.0000028943
  0.0000008801
  0.0000184026
  0.0000084611
 -0.0000107578
 -0.0000190545
  0.0000193090
 -0.0000092247
  0.0000008847
  0.0000671904
  0.0000047786
  0.0000058603
 -0.0000012262
 -0.0000016930
 -0.0000008872
 -0.0000024725
 -0.0000008711
  0.0000036286
 -0.0000016815
 -0.0000033254
 -0.0000119247
 -0.0000007033
 -0.0000093608
  0.0000021687
 -0.0000016828
 -0.0000033174
 -0.0000016251
  0.0000026937
 -0.0000007959
  0.0000011850
 -0.0000072786
 -0.0000096041
 -0.0000036577
  0.0000083689
 -0.0000044282
  0.0000053852
  0.0000014965
 -0.0000044815
 -0.0000049782
 -0.0000073371
 -0.0000098459
 -0.0000073354
  0.0000049554
  0.0000098438
  0.0000054310
 -0.0000006868
  0.0000085266
  0.0000157047
  0.0000004772
  0.0000410308
  0.0000260668
  0.0000379965
  0.0000322760
 -0.0000148191
 -0.0000092812
  0.0000212496
  0.0000199506
 -0.0000003466
 -0.0000128860
  0.0000363754
  0.0000140608
 -0.0000093162
  0.0000304902
  0.0000324036
 -0.0000100570
  0.0000029246
 -0.0000019900
  0.0000094061
  0.0000054115
 -0.0000017040
  0.0000010297
 -0.0000064900
  0.0000048878
  0.0000087152
  0.0000073355
  0.0000033689
  0.0000036352
  0.0000037601
  0.0000049173
 -0.0000005635
 -0.0000062923
  0.0000115769
  0.0000181456
 -0.0000030622
 -0.0002425371
 -0.0000038324
  0.0000542573
  0.0000166249
  0.0000115248
  0.0000075989
  0.0000023999
 -0.0000038862
 -0.0000706533
 -0.0001526895
 -0.0000013800
  0.0000101367
  0.0000274435
 -0.0000001278
  0.0000111144
  0.0000024791
 -0.0001269446
  0.0000277054
 -0.0000221025
  0.0000413903
  0.0000081953
  0.0000149841
 -0.0000345130
 -0.0000317678
  0.0000103238
  0.0000143734
  0.0000133666
 -0.0000009379
 -0.0000079387
  0.0000017448
  0.0000015535
 -0.0000070722
 -0.0000018144
 -0.0000009853
 -0.0000030327
 -0.0000007219
  0.0000057358
 -0.0000007204
 -0.0000028761
 -0.0000022974
 -0.0000010912
 -0.0000057633
  0.0000013325
  0.0000012625
  0.0000088449
  0.0000140100
  0.0000094947
  0.0000077724
 -0.0000067700
  0.0000073733
 -0.0000050369
 -0.0000011132
  0.0000055690
 -0.0000060082
  0.0000073344
  0.0000039550
  0.0000095645
  0.0000073071
  0.0000109659
  0.0000005434
 -0.0000017441
 -0.0000060680
 -0.0000026476
 -0.0000011365
 -0.0000007998
 -0.0000016107
 -0.0000066929
  0.0000036463
 -0.0000021300
 -0.0000003594
 -0.0000004984
  0.0000027736
 -0.0000038722
  0.0000229097
 -0.0000048318
  0.0000257035
 -0.0000307348
 -0.0000044509
  0.0000017798
 -0.0000024055
 -0.0000197353
 -0.0000478843
 -0.0000218748
  0.0000217196
  0.0000034240
 -0.0000008004
 -0.0000045236
  0.0000152695
  0.0000070388
 -0.0000104654
 -0.0000844133
  0.0000014526
  0.0000026588
  0.0000142560
  0.0000009827
 -0.0000116475
 -0.0000229649
 -0.0000023583
 -0.0000066571
  0.0000010664
  0.0000636606
 -0.0000004139
  0.0000251470
  0.0000047479
 -0.0000042458
  0.0000009658
 -0.0000070628
 -0.0000023970
  0.0000030510
 -0.0000070547
 -0.0000022777
 -0.0000042792
  0.0000001184
 -0.0000009825
 -0.0000027842
  0.0000118385
 -0.0000008129
 -0.0000079124
 -0.0000028222
  0.0000041034
 -0.0000021159
 -0.0000054488
 -0.0000024627
  0.0000012867
 -0.0000024790
 -0.0000003957
 -0.0000018917
  0.0000006550
  0.0000103756
 -0.0000023517
  0.0000090081
 -0.0000302765
  0.0000065582
  0.0000095458
  0.0000074158
  0.0000056018
 -0.0000191565
  0.0000107098
  0.0000155832
  0.0000043500
 -0.0000381902
  0.0000138030
 -0.0000043937
  0.0000102481
 -0.0000257971
 -0.0000019305
 -0.0000039259
 -0.0000041726
 -0.0000047559
 -0.0000037221
 -0.0000003209
  0.0000014934
 -0.0000042364
 -0.0000017497
  0.0000015801
 -0.0000027907
 -0.0000037238
  0.0000057807
 -0.0000012524
  0.0000008254
  0.0000018305
 -0.0000016164
 -0.0000005999
 -0.0000490730
 -0.0000036627
  0.0000047922
 -0.0000017257
  0.0000254888
 -0.0000248581
 -0.0000077464
  0.0000035202
 -0.0000126953
 -0.0000453202
 -0.0000173920
  0.0000152777
 -0.0000151071
  0.0000084535
  0.0000055754
 -0.0000054146
 -0.0000612498
  0.0000192981
  0.0000084893
 -0.0000008616
 -0.0000056804
 -0.0000224786
 -0.0000094407
  0.0000527836
  0.0000055289
  0.0000230485
  0.0000072553
  0.0000019931
 -0.0000063656
  0.0000045650
 -0.0000022501
  0.0000035456
  0.0000135682
 -0.0000056939
 -0.0000010567
  0.0000018372
  0.0000008460
 -0.0000001935
 -0.0000018216
 -0.0000005004
  0.0000009482
 -0.0000031750
 -0.0000000940
 -0.0000009867
  0.0000006108
 -0.0000006145
 -0.0000044421
 -0.0000143053
  0.0000030431
 -0.0000027393
 -0.0000053379
 -0.0000013155
 -0.0000001408
 -0.0000018920
 -0.0000008197
 -0.0000001915
  0.0000003319
  0.0000028561
 -0.0000021071
 -0.0000032770
 -0.0000003714
 -0.0000045499
 -0.0000036109
  0.0000027093
  0.0000026279
  0.0000008370
  0.0001484372
 -0.0000009798
  0.0000141923
  0.0000037975
  0.0000231656
 -0.0000479942
  0.0000009374
  0.0000017582
 -0.0000015459
 -0.0000051006
 -0.0000497116
 -0.0000024859
  0.0000198434
  0.0000031289
 -0.0000109224
 -0.0000067592
  0.0000206904
  0.0000052612
 -0.0000022413
 -0.0000785100
 -0.0000013263
 -0.0000097192
  0.0000165894
 -0.0000005926
  0.0000001343
 -0.0000259823
  0.0000339759
  0.0000017277
  0.0000052687
  0.0000417367
  0.0000084284
  0.0000068268
 -0.0000025416
  0.0000065415
 -0.0000012759
  0.0000049022
  0.0000054139
 -0.0000005557
 -0.0000009714
 -0.0000054134
  0.0000008499
 -0.0000023037
  0.0000067057
  0.0000034028
  0.0000001174
 -0.0000015389
 -0.0000012932
  0.0000024252
 -0.0000055693
 -0.0000049193
  0.0000026631
  0.0000053768
  0.0000008115
  0.0000083422
  0.0000067500
  0.0000002247
  0.0000022991
 -0.0000005533
 -0.0000042136
 -0.0000022724
  0.0000078240
  0.0000128149
  0.0000080699
 -0.0000016673
  0.0000073670
  0.0000061723
  0.0000138844
 -0.0000030185
 -0.0000368825
  0.0000081650
 -0.0000546688
 -0.0000504318
 -0.0000258662
 -0.0000021194
  0.0000124986
  0.0000043133
  0.0000370919
  0.0000136256
 -0.0000232682
 -0.0000018933
  0.0000202428
 -0.0000150282
  0.0000065943
 -0.0000078448
 -0.0000001010
 -0.0000043944
 -0.0000029460
  0.0000007575
 -0.0000007222
 -0.0000057760
 -0.0000102434
 -0.0000006351
  0.0000009957
 -0.0000083374
 -0.0000069648
 -0.0000040759
 -0.0000013922
 -0.0000054434
  0.0000043202
 -0.0000079934
  0.0000022415
 -0.0000795178
 -0.0000037426
  0.0000210717
  0.0000251925
  0.0000197630
  0.0000078327
  0.0000004901
 -0.0000080279
  0.0000554497
  0.0000600352
  0.0000096757
  0.0000154139
 -0.0000077834
 -0.0000992813
  0.0000047505
  0.0000101883
  0.0000523716
 -0.0000665847
  0.0000012939
  0.0000022853
 -0.0000061791
 -0.0000301756
 -0.0000155345
  0.0000068602
 -0.0000042238
  0.0000008969
  0.0000050736
 -0.0000023369
  0.0000006864
 -0.0000052055
  0.0000054657
 -0.0000001627
  0.0000130403
  0.0000020263
 -0.0000012943
 -0.0000012794
  0.0000028209
 -0.0000050675
  0.0000071557
 -0.0000046754
  0.0000037382
  0.0000028384
  0.0000029851
 -0.0000013243
 -0.0000056256
  0.0000015605
  0.0000038240
 -0.0000065550
 -0.0000046737
  0.0000045652
  0.0000070322
 -0.0000004624
  0.0000085807
  0.0000019023
  0.0000056813
 -0.0000006797
 -0.0000002262
 -0.0000013058
  0.0000003053
 -0.0000019036
  0.0000008941
  0.0000001648
  0.0000002159
 -0.0000035556
  0.0000015674
 -0.0000066962
  0.0000013811
  0.0000933316
 -0.0000034012
  0.0000125559
  0.0000000697
  0.0000195262
 -0.0000372767
 -0.0000000816
 -0.0000001668
 -0.0000012442
 -0.0000086978
 -0.0000473562
 -0.0000056246
  0.0000230461
 -0.0000055677
  0.0000012402
 -0.0000065891
 -0.0000074597
  0.0000191514
  0.0000020687
 -0.0000060553
 -0.0000856881
 -0.0000014284
 -0.0000056123
  0.0000131038
 -0.0000037069
 -0.0000010555
 -0.0000216292
  0.0000141907
  0.0000006507
  0.0000040794
  0.0000597412
  0.0000086414
  0.0000052393
 -0.0000048804
 -0.0000019881
  0.0000066088
  0.0000046817
 -0.0000008759
 -0.0000125573
 -0.0000025372
 -0.0000005839
 -0.0000116094
 -0.0000038460
  0.0000056352
  0.0000024361
 -0.0000045853
  0.0000074004
  0.0000038550
 -0.0000022025
  0.0000022967
 -0.0000090817
 -0.0000042675
 -0.0000065587
  0.0000033338
  0.0000053262
 -0.0000042213
 -0.0000025343
 -0.0000031110
 -0.0000008617
 -0.0000040400
  0.0000012868
 -0.0000037521
  0.0000121891
 -0.0000063630
  0.0000036409
 -0.0000059847
  0.0000022113
  0.0000073524
 -0.0000274069
  0.0000473581
 -0.0000195997
 -0.0000173205
  0.0000014995
 -0.0000023603
  0.0000428667
  0.0000301347
  0.0000548993
 -0.0000253727
  0.0000233153
  0.0000268546
 -0.0000108692
 -0.0000224000
  0.0000682053
  0.0000015721
 -0.0000041301
 -0.0000026577
  0.0000039192
  0.0000018936
 -0.0000012294
 -0.0000008661
  0.0000046828
  0.0000016144
  0.0000000006
  0.0000028436
  0.0000044273
 -0.0000051131
  0.0000005060
  0.0000042592
 -0.0000017080
  0.0000057194
 -0.0000034227
  0.0000042825
 -0.0000063130
 -0.0000361375
  0.0000402051
  0.0000415744
 -0.0000008167
  0.0000050347
 -0.0000007760
 -0.0000122988
  0.0000366879
  0.0000270676
  0.0000426393
 -0.0000080601
 -0.0000904442
  0.0000036440
 -0.0000971448
 -0.0001310281
  0.0000053811
  0.0000186395
  0.0000013717
  0.0000135635
 -0.0000110366
 -0.0000142449
 -0.0000000292
  0.0000006865
 -0.0000017607
 -0.0000067827
 -0.0000032605
  0.0000000541
 -0.0000080545
 -0.0000007544
  0.0000011403
 -0.0000036944
  0.0000015779
 -0.0000027468
 -0.0000091752
  0.0000004608
  0.0000031084
  0.0000010989
 -0.0000028854
 -0.0000052770
 -0.0000000846
  0.0000026862
  0.0000075779
 -0.0000034857
 -0.0000044211
 -0.0000033655
  0.0000012170
  0.0000089654
 -0.0000022257
  0.0000009058
 -0.0000485249
  0.0000025969
  0.0000011202
 -0.0000207407
 -0.0000248007
 -0.0000563605
 -0.0000245442
 -0.0000018235
  0.0000053296
 -0.0000485932
 -0.0000234979
 -0.0000027327
  0.0000023054
 -0.0000504375
 -0.0000042429
 -0.0000031854
 -0.0000014167
 -0.0000046792
 -0.0000020749
 -0.0000021329
  0.0000085996
 -0.0000079187
 -0.0000044455
 -0.0000027387
  0.0000021161
  0.0000012112
 -0.0000068421
 -0.0000007818
  0.0000006915
  0.0000006231
 -0.0000049218
 -0.0000075767
 -0.0000486240
 -0.0000036997
  0.0000156158
  0.0000100856
  0.0000211912
 -0.0000366028
 -0.0000052726
  0.0000050523
  0.0000256804
 -0.0000074564
 -0.0000250869
 -0.0000727737
  0.0000005044
  0.0000355072
  0.0000491530
 -0.0000180750
 -0.0000031497
  0.0000023570
  0.0000667246
 -0.0000199055
  0.0000008864
 -0.0000083394
 -0.0000035054
 -0.0000106966
 -0.0000060873
 -0.0000018861
 -0.0000064145
  0.0000001219
 -0.0000079927
 -0.0000015874
 -0.0000027292
 -0.0000070715
 -0.0000065850
 -0.0000044505
 -0.0000081827
 -0.0000068659
 -0.0000053799
 -0.0000067095
  0.0000026176
 -0.0000054525
 -0.0000095709
 -0.0000038317
 -0.0000053824
 -0.0000115969
 -0.0000055697
 -0.0000053538
  0.0000046958
  0.0000034740
 -0.0000038641
  0.0000043422
 -0.0000065801
  0.0000048419
 -0.0000032310
 -0.0000163990
 -0.0000000499
 -0.0000134466
 -0.0000168851
 -0.0000288376
  0.0000051415
 -0.0000184452
 -0.0000422498
 -0.0000071386
 -0.0000489428
  0.0000031957
 -0.0000461573
 -0.0000435637
 -0.0000108484
  0.0000077370
 -0.0000074897
  0.0000121878
  0.0000073373
  0.0000012824
 -0.0000025896
 -0.0000058152
  0.0000051481
 -0.0000054817
 -0.0000023342
  0.0000064654
 -0.0000083627
 -0.0000116174
  0.0000044147
 -0.0000008705
 -0.0000008854
  0.0000103919
 -0.0000055448
  0.0000045270
 -0.0000924968
  0.0000069797
 -0.0000159710
  0.0000039229
  0.0000076930
 -0.0000062651
  0.0000545681
  0.0000610750
  0.0000208993
 -0.0000034939
  0.0000045816
  0.0000175537
  0.0000408205
  0.0000077057
 -0.0000807161
  0.0000047528
 -0.0000010157
  0.0000101493
 -0.0000156562
  0.0000106814
  0.0000115627
  0.0000135368
  0.0000140926
  0.0000094684
  0.0000054545
  0.0000130431
  0.0000143914
  0.0000098331
  0.0000179226
  0.0000120670
  0.0000146672
  0.0000137728
  0.0000127838
  0.0000141936
  0.0000084737
  0.0000133158
  0.0000089952
  0.0000154165
  0.0000102916
  0.0000119516
  0.0000228201
  0.0000091412
  0.0000127520
  0.0000158974
  0.0000116234
  0.0000096664
  0.0000118663
  0.0000092506
  0.0000246680
  0.0000012592
  0.0000120427
  0.0000038546
  0.0000082167
  0.0000192986
  0.0000149169
 -0.0000518887
 -0.0000186017
 -0.0000537672
 -0.0000426611
 -0.0000124094
 -0.0000257179
 -0.0000030561
 -0.0000095346
  0.0000039322
 -0.0000305035
 -0.0000357448
  0.0000034723
 -0.0000314538
 -0.0000388911
 -0.0000293675
  0.0000118728
  0.0000268974
  0.0000236555
  0.0000348077
  0.0000325494
  0.0000100664
  0.0000154545
  0.0000135772
  0.0000127480
  0.0000237003
  0.0000277725
  0.0000163534
  0.0000227574
  0.0000122470
  0.0000246204
  0.0000197640
  0.0000145725
  0.0000288557
 -0.0000870155
  0.0000182762
 -0.0004968324
  0.0001286348
  0.0000343371
  0.0000456857
  0.0000269455
  0.0000142380
 -0.0004265629
  0.0000139118
  0.0001898094
  0.0000379775
  0.0000253148
  0.0000356587
 -0.0002135664
 -0.0000524662
  0.0000799006
  0.0000450331
  0.0000206282
  0.0000210013
 -0.0000750300
  0.0001057118
 -0.0000028281
 -0.0000009674
 -0.0000054176
 -0.0000022200
 -0.0000015695
 -0.0000053434
 -0.0000070877
 -0.0000051465
  0.0000012088
 -0.0000017229
 -0.0000020176
 -0.0000042734
 -0.0000070962
 -0.0000007764
  0.0000044008
 -0.0000029421
 -0.0000034727
 -0.0000017035
  0.0000013433
 -0.0000025523
  0.0000025414
  0.0000010678
  0.0000047723
 -0.0000041323
  0.0000046578
 -0.0000194786
 -0.0000067241
  0.0000010461
  0.0000322741
  0.0000118898
 -0.0000154369
  0.0000006875
  0.0000063731
  0.0000329835
 -0.0000160932
  0.0000419890
 -0.0000023863
  0.0000078634
  0.0000019715
  0.0000028091
  0.0000008892
  0.0000037716
 -0.0000031717
  0.0000001494
  0.0000007338
 -0.0000024999
 -0.0000022430
  0.0000016458
  0.0000024114
 -0.0000015070
 -0.0000038934
  0.0000041811
  0.0000019714
  0.0000002267
 -0.0000180968
 -0.0000022276
  0.0000115948
  0.0000010896
  0.0000275862
 -0.0000273786
 -0.0000066332
 -0.0000012809
 -0.0000169498
 -0.0000476228
 -0.0000182328
  0.0000146432
 -0.0000123943
  0.0000059793
  0.0000152090
  0.0000070655
 -0.0000110220
 -0.0000711451
 -0.0000032437
  0.0000135322
 -0.0000010039
 -0.0000239743
 -0.0000138876
 -0.0000164464
 -0.0000095637
 -0.0000057251
  0.0000555636
  0.0000072761
  0.0000246805
  0.0000075566
 -0.0000021888
 -0.0000023957
 -0.0000095449
 -0.0000066937
 -0.0000023102
 -0.0000122583
 -0.0000032213
 -0.0000002057
 -0.0000054303
 -0.0000069861
 -0.0000007329
 -0.0000127403
  0.0000012383
  0.0000007936
 -0.0000030227
 -0.0000005407
 -0.0000012329
  0.0000055866
 -0.0000030490
 -0.0000036852
 -0.0000040862
  0.0000009041
 -0.0000044499
  0.0000173890
  0.0000068949
  0.0000208307
  0.0000167815
  0.0000117324
  0.0000339154
  0.0000226453
  0.0000028549
  0.0000072929
 -0.0000007982
  0.0000066315
 -0.0000017695
  0.0000121383
  0.0000172548
  0.0000003035
 -0.0000022427
 -0.0000102688
  0.0000061810
 -0.0000052743
  0.0000011933
 -0.0000074066
 -0.0000007292
 -0.0000025817
  0.0000022470
  0.0000029147
 -0.0000040952
 -0.0000059278
  0.0000019572
  0.0000005748
 -0.0000023767
 -0.0000032555
  0.0000014716
  0.0000000303
  0.0000200618
  0.0000062023
  0.0000049135
  0.0000267075
 -0.0000370513
  0.0000000137
 -0.0000216429
  0.0000127888
 -0.0000250909
  0.0000025492
 -0.0000051206
 -0.0000795698
 -0.0000065986
 -0.0000036747
 -0.0000243871
 -0.0000053927
  0.0000024727
 -0.0000055678
  0.0000656135
  0.0000033265
  0.0000077396
  0.0000056811
  0.0000005956
  0.0000022137
  0.0000007253
  0.0000011876
  0.0000001360
  0.0000002549
  0.0000021384
 -0.0000107389
  0.0000022038
 -0.0000038864
 -0.0000113365
 -0.0000019285
 -0.0000081512
  0.0000053587
 -0.0000043698
  0.0000141743
 -0.0000087869
  0.0000027113
 -0.0000022238
  0.0000087323
  0.0000031817
  0.0000012775
 -0.0000048209
 -0.0000000949
  0.0000007748
 -0.0000026322
 -0.0000018075
  0.0000022120
 -0.0000016914
 -0.0000021347
 -0.0000024657
  0.0000066408
 -0.0000069368
 -0.0000020428
  0.0001618602
  0.0000015612
  0.0000126952
 -0.0000036752
  0.0000304250
 -0.0000970454
 -0.0000021428
  0.0000049153
  0.0000035746
  0.0000063790
 -0.0000772369
 -0.0000080832
  0.0000245556
 -0.0000046722
 -0.0000120442
 -0.0000095846
  0.0000240042
 -0.0000039873
 -0.0000029525
 -0.0000752809
  0.0000013554
 -0.0000234383
  0.0000106768
 -0.0000023276
  0.0000032864
 -0.0000298324
  0.0000078540
 -0.0000019319
  0.0000084275
  0.0000358353
  0.0000166786
 -0.0000070835
 -0.0000015081
  0.0000185566
  0.0000006284
 -0.0000031699
  0.0000279309
  0.0000064315
  0.0000089623
 -0.0000017045
  0.0000077404
  0.0000058734
  0.0000291481
 -0.0000020045
  0.0000075490
 -0.0000172596
 -0.0000011491
 -0.0000008822
  0.0000002469
 -0.0000047789
  0.0000044877
 -0.0000010283
  0.0000012949
  0.0000041337
 -0.0000019419
  0.0000016467
  0.0000052239
  0.0000004516
 -0.0000025627
  0.0000613708
  0.0000062958
  0.0000046320
  0.0000024825
 -0.0002500968
  0.0000004460
 -0.0000018213
  0.0000032956
 -0.0001720317
 -0.0000021565
  0.0000172317
 -0.0000104330
 -0.0000050584
 -0.0000090018
 -0.0000023902
  0.0000053607
 -0.0000966321
 -0.0000000545
 -0.0000001379
  0.0000118506
  0.0000013262
 -0.0000023298
  0.0000027132
 -0.0004045056
  0.0000115070
 -0.0000157864
 -0.0000016961
  0.0000016994
  0.0000014090
 -0.0000005999
  0.0000025710
 -0.0000083013
 -0.0000071357
  0.0000016838
 -0.0000152950
  0.0000028676
 -0.0000076840
 -0.0000080582
  0.0000013481
 -0.0000357892
 -0.0000009201
  0.0000019991
  0.0000024060
  0.0000015051
  0.0000052206
 -0.0000046561
  0.0000023062
  0.0000051694
 -0.0000043844
  0.0000051507
 -0.0000005210
  0.0000037575
  0.0000059290
 -0.0000029638
  0.0000056314
  0.0000028164
 -0.0000006409
  0.0000004619
  0.0001119720
  0.0000033742
  0.0000251642
  0.0000008822
  0.0000320288
 -0.0001253191
  0.0000023477
  0.0000002264
  0.0000019809
  0.0000587899
 -0.0000772462
 -0.0000069967
  0.0000350039
  0.0000078342
  0.0000503760
  0.0000037017
  0.0000051514
 -0.0000554511
  0.0000006967
 -0.0000311679
  0.0000122172
 -0.0000102135
  0.0000158934
 -0.0000081774
  0.0000211767
  0.0000026076
  0.0000086230
 -0.0000566075
  0.0000198572
  0.0000131402
  0.0000042766
  0.0000071528
  0.0000019315
  0.0000007452
  0.0000071322
 -0.0000007180
 -0.0000087199
  0.0000027932
 -0.0000036556
  0.0000102905
  0.0000002858
  0.0000201607
  0.0000014904
  0.0000085418
  0.0000024696
  0.0000107654
  0.0000070223
  0.0000059689
  0.0000028101
  0.0000011590
  0.0000018029
  0.0000049575
  0.0000009492
  0.0000014610
  0.0000051001
  0.0000030572
  0.0000050469
  0.0000040119
  0.0000093770
 -0.0000009497
  0.0001552493
  0.0000051868
  0.0000190701
  0.0000008992
  0.0000255027
 -0.0001153025
  0.0000032315
 -0.0000007774
  0.0000002130
  0.0000147810
 -0.0000773303
 -0.0000045514
  0.0000292158
 -0.0000010406
 -0.0000003225
  0.0000020883
 -0.0000706328
  0.0000036982
 -0.0000301791
  0.0000169998
  0.0000028110
  0.0000074006
 -0.0000291510
  0.0000118407
  0.0000096474
  0.0000084122
  0.0000216773
  0.0000041452
 -0.0000084275
 -0.0000049642
  0.0000036345
  0.0000079696
  0.0000038222
  0.0000190598
  0.0000173054
  0.0000160589
  0.0000072970
  0.0000154324
  0.0000055524
  0.0000198155
  0.0000108878
  0.0000166463
  0.0000057736
  0.0000055702
  0.0000083755
  0.0000046592
  0.0000059760
  0.0000031576
  0.0000051511
  0.0000002924
  0.0000026749
  0.0000066235
  0.0000054538
  0.0000061493
  0.0000022969
  0.0000268560
  0.0000016813
  0.0000143481
  0.0000872167
  0.0000064833
  0.0000039906
 -0.0001590510
  0.0000077204
  0.0000414157
 -0.0000043016
 -0.0000146655
 -0.0000107188
  0.0000047628
  0.0000210124
  0.0000087227
 -0.0000239677
  0.0000114036
  0.0000244055
  0.0000079563
 -0.0000608119
  0.0000133400
  0.0000100065
  0.0000202916
 -0.0000222246
  0.0000205823
  0.0000211037
  0.0000076027
  0.0000051092
  0.0000094404
 -0.0000013050
  0.0000081795
  0.0000060756
  0.0000008832
  0.0000385768
  0.0000017464
  0.0000001813
 -0.0000018647
  0.0000117548
  0.0000073775
  0.0000092102
  0.0000000966
 -0.0000073463
 -0.0000034724
  0.0000044015
  0.0000003812
  0.0000000155
  0.0000055185
 -0.0000006327
 -0.0000002482
  0.0000077878
  0.0000022548
 -0.0000034718
  0.0000982832
  0.0000038580
  0.0000131594
 -0.0000001615
 -0.0001526292
 -0.0000016857
 -0.0000013798
  0.0000027290
  0.0001138017
 -0.0001022854
 -0.0000042320
  0.0000264111
 -0.0000090990
  0.0000589780
  0.0000017717
  0.0000027811
 -0.0000581066
  0.0000015716
  0.0000010411
 -0.0000057538
  0.0000044525
  0.0000765576
  0.0000113539
  0.0000052163
 -0.0001837239
  0.0000125439
  0.0000080239
 -0.0000004804
  0.0000003824
 -0.0000008700
 -0.0000045070
 -0.0000016325
 -0.0000079610
 -0.0000052050
 -0.0000030651
 -0.0000021490
 -0.0000019275
  0.0000050226
 -0.0000061893
 -0.0000079085
 -0.0000042018
  0.0000097854
  0.0000001805
 -0.0000048746
  0.0000023408
 -0.0000003474
  0.0000023824
 -0.0000006633
 -0.0000006499
 -0.0000058292
 -0.0000037477
 -0.0000031980
  0.0000018569
  0.0000058430
  0.0000107444
  0.0000619830
 -0.0003462511
 -0.0000044725
 -0.0000421919
  0.0001511108
 -0.0000030469
  0.0000189821
  0.0000012282
  0.0000045559
  0.0000006186
 -0.0000002806
  0.0001458156
 -0.0000007410
  0.0000035060
  0.0000167854
 -0.0000029426
 -0.0000001250
 -0.0000089415
  0.0000002794
 -0.0000183536
  0.0000160354
  0.0000137159
 -0.0000044065
  0.0000042672
  0.0000049837
  0.0000094229
  0.0000030539
 -0.0000007252
  0.0000019229
  0.0000078937
  0.0000019017
 -0.0000027923
  0.0000031794
 -0.0000001301
 -0.0000002694
  0.0000055574
  0.0000113501
  0.0000040803
  0.0000006810
  0.0000028594
 -0.0000029312
  0.0000029966
  0.0000038876
  0.0000011716
  0.0000032939
 -0.0000010256
  0.0000013094
  0.0000041924
  0.0000039044
 -0.0000247135
 -0.0000051475
  0.0000148191
  0.0000898178
  0.0000071759
 -0.0000010876
 -0.0001436599
  0.0000049439
  0.0000173447
  0.0000078997
 -0.0000074984
 -0.0000036373
  0.0000056989
  0.0000039112
  0.0000002675
 -0.0000168552
  0.0000149904
  0.0000006255
  0.0000051872
 -0.0000628215
  0.0000079302
 -0.0000020228
  0.0000219900
 -0.0000150485
 -0.0000177314
 -0.0000102143
 -0.0000058454
 -0.0000127117
 -0.0000161287
  0.0000002193
 -0.0000132043
 -0.0000010187
  0.0000015646
 -0.0000108094
 -0.0000015426
 -0.0000438881
 -0.0000016707
 -0.0000103558
 -0.0000014140
 -0.0000093071
  0.0000019620
 -0.0000151715
 -0.0000036255
 -0.0000008336
 -0.0000029404
  0.0000047094
 -0.0000027218
 -0.0000013388
  0.0000019183
 -0.0000008444
  0.0000059559
 -0.0000027144
  0.0000767945
  0.0000131856
 -0.0000035750
  0.0001032104
 -0.0000009911
 -0.0000018477
 -0.0001593875
 -0.0000026439
  0.0000186197
 -0.0000057703
  0.0000079142
  0.0000012648
 -0.0001018779
 -0.0000052745
 -0.0000075925
  0.0000032662
 -0.0000135371
  0.0000027058
  0.0000027368
 -0.0000034838
 -0.0004722311
  0.0000121832
  0.0000006462
 -0.0000030459
  0.0000073250
  0.0000022973
  0.0000053554
 -0.0000080297
 -0.0000039139
 -0.0000043397
  0.0000029479
 -0.0000033261
  0.0000256696
 -0.0000177674
  0.0000070655
 -0.0000044735
  0.0000241032
  0.0000087705
  0.0000039128
  0.0000020656
  0.0000015651
 -0.0000000310
  0.0000030048
  0.0000001416
 -0.0000020047
 -0.0000001477
 -0.0000001642
  0.0000019298
 -0.0000032603
  0.0000075333
  0.0000084521
 -0.0000023144
  0.0000956303
  0.0000042154
  0.0000146455
  0.0000020343
 -0.0001586116
  0.0000016996
  0.0000015892
  0.0000027646
  0.0001379418
 -0.0001100007
 -0.0000060892
  0.0000278072
  0.0000039362
  0.0000041046
 -0.0000068627
  0.0000027882
  0.0000013694
 -0.0000635830
  0.0000028123
  0.0000020738
 -0.0000087245
  0.0000132861
  0.0000116896
  0.0000054360
 -0.0002446539
  0.0000123844
  0.0000065480
  0.0000077302
  0.0000040871
  0.0000035565
 -0.0000130408
 -0.0000054149
 -0.0000097044
  0.0000001987
  0.0000032666
  0.0000039721
 -0.0000059198
  0.0000020560
 -0.0000122776
  0.0000004736
 -0.0000029232
  0.0000032660
 -0.0000042233
 -0.0000078735
 -0.0000050972
  0.0000021352
 -0.0000023776
 -0.0000041962
  0.0000003084
 -0.0000008363
 -0.0000017076
  0.0000022201
 -0.0000005040
  0.0000022961
 -0.0000470840
 -0.0000200260
 -0.0000020377
  0.0000621711
 -0.0003642202
 -0.0000026332
  0.0002001982
 -0.0000059636
  0.0000011796
 -0.0000138645
  0.0000063616
 -0.0000089934
 -0.0000027165
  0.0000052494
 -0.0000031097
  0.0000061855
 -0.0000021155
 -0.0000095237
 -0.0000085304
 -0.0000854686
  0.0000043649
  0.0000150177
  0.0000015687
  0.0000009387
 -0.0000032099
 -0.0000087019
 -0.0000018776
 -0.0000021415
 -0.0000101130
  0.0000079343
  0.0000070605
 -0.0000014340
 -0.0000031519
  0.0000171790
 -0.0000101850
  0.0000054592
  0.0000010801
  0.0000174764
  0.0000014104
 -0.0000036983
 -0.0000005020
  0.0000006082
  0.0000039168
 -0.0000031071
 -0.0000012993
 -0.0000005831
  0.0000044701
  0.0000006491
 -0.0000024180
 -0.0000069186
  0.0000549787
 -0.0003339283
  0.0000064160
  0.0000064699
 -0.0000370269
  0.0000861890
  0.0000059902
 -0.0000017714
  0.0000035364
  0.0000054939
 -0.0000004456
  0.0000036970
  0.0000596480
  0.0000046839
  0.0000032396
  0.0000027767
  0.0000126419
  0.0000092429
 -0.0000133979
  0.0000015656
 -0.0000234484
  0.0000100554
  0.0000075995
  0.0000107822
  0.0000053322
 -0.0000018496
 -0.0000023454
  0.0000040556
 -0.0000041146
 -0.0000076265
 -0.0000005549
  0.0000029795
  0.0000029003
 -0.0000066594
  0.0000007013
 -0.0000007099
  0.0000035517
  0.0000000543
  0.0000012040
 -0.0000031892
 -0.0000047991
  0.0000023970
  0.0000047276
  0.0000026065
  0.0000014665
  0.0000013779
 -0.0000000071
  0.0000030575
  0.0000009207
  0.0000017395
 -0.0000054176
 -0.0000075943
 -0.0003054031
  0.0000537347
 -0.0000042609
  0.0000054545
  0.0000137380
 -0.0000014969
  0.0000005408
  0.0000510858
  0.0000078995
  0.0000127136
  0.0000093839
 -0.0000149426
  0.0000052103
 -0.0000199578
  0.0000078472
 -0.0000030152
  0.0000163297
 -0.0000001442
 -0.0000000918
  0.0000014492
 -0.0000037248
 -0.0000001360
  0.0000007040
  0.0000093443
  0.0000029588
 -0.0000002474
  0.0000009634
  0.0000026828
 -0.0000187551
  0.0000075096
  0.0000029613
  0.0000016727
  0.0000025503
  0.0000071366
 -0.0000006815
 -0.0000025049
  0.0000019939
  0.0000023040
  0.0000124846
  0.0000021212
  0.0000007249
  0.0000025307
  0.0000011001
  0.0000063338
  0.0000041761
  0.0000077722
 -0.0000019029
  0.0001837030
  0.0000193980
  0.0000057579
  0.0000301788
 -0.0000971717
 -0.0000002519
 -0.0000022006
 -0.0000021708
 -0.0000635313
  0.0000049732
  0.0000286700
  0.0000058119
  0.0000087889
  0.0000008666
 -0.0000691745
 -0.0000002378
  0.0000174440
 -0.0000010562
  0.0000024807
 -0.0000238369
  0.0000146484
 -0.0000017545
  0.0000288887
  0.0000157859
  0.0000057791
  0.0000083375
  0.0000149324
  0.0000103761
  0.0000072252
  0.0000110681
 -0.0000078269
  0.0000121212
  0.0000038920
  0.0000059190
  0.0000103705
  0.0000357005
 -0.0000169412
  0.0000120876
  0.0000116331
  0.0000336781
  0.0000151205
  0.0000094146
  0.0000079470
  0.0000085397
  0.0000034403
  0.0000038980
  0.0000063080
  0.0000056105
  0.0000061063
  0.0000011157
  0.0000060284
  0.0000123606
  0.0000787603
  0.0000242365
  0.0000100262
  0.0001244815
  0.0000085250
  0.0000046254
  0.0000372887
  0.0000088828
 -0.0000014652
  0.0000128862
  0.0000046945
  0.0000117952
 -0.0000020108
  0.0000159345
 -0.0000114968
  0.0000185967
  0.0000071462
  0.0000216808
  0.0000001603
  0.0000228429
 -0.0000002342
  0.0000019246
  0.0000010764
  0.0000103572
 -0.0000006478
  0.0000047312
 -0.0000012473
  0.0000009076
 -0.0000004368
  0.0000009241
 -0.0000064166
  0.0000049901
  0.0000007766
  0.0000003091
 -0.0000092624
  0.0000042593
  0.0000163973
 -0.0000000166
 -0.0000024676
 -0.0000025822
 -0.0000049655
 -0.0000036445
 -0.0000036803
 -0.0000055277
  0.0000043691
  0.0000451251
 -0.0003237151
 -0.0000057029
 -0.0000307013
  0.0000754046
 -0.0000035417
  0.0000069280
  0.0000104281
 -0.0000013236
 -0.0000007674
  0.0000558219
  0.0000041802
  0.0000120771
  0.0000100877
  0.0000076120
 -0.0000114493
  0.0000106502
 -0.0000252833
  0.0000070401
 -0.0000003624
  0.0000086472
 -0.0000020150
 -0.0000038663
 -0.0000005535
  0.0000067132
  0.0000026782
 -0.0000030070
  0.0000043978
  0.0000154987
  0.0000032604
  0.0000044538
  0.0000057884
  0.0000151699
 -0.0000013420
  0.0000038316
 -0.0000051929
 -0.0000020328
 -0.0000033939
 -0.0000040933
  0.0000015703
  0.0000014226
  0.0000009573
 -0.0000069546
 -0.0000006342
  0.0000052759
 -0.0000256349
  0.0000037683
  0.0000034116
  0.0000189710
  0.0001181066
  0.0000078426
 -0.0000069115
 -0.0001465126
  0.0000001201
  0.0000196759
 -0.0000038067
  0.0000090381
  0.0000079339
 -0.0000015882
  0.0000056608
  0.0000040499
  0.0000006997
 -0.0000019728
  0.0000206992
  0.0000037575
  0.0000076280
 -0.0000360349
  0.0000081102
 -0.0000030183
  0.0000260372
 -0.0000013640
 -0.0000193760
  0.0000029043
 -0.0000060229
 -0.0000045359
 -0.0000045083
  0.0000045432
  0.0000092657
  0.0000083010
  0.0000110001
  0.0000071742
  0.0000061821
  0.0000104833
  0.0000215930
 -0.0000063872
  0.0000056182
  0.0000111180
  0.0000148345
  0.0000058685
  0.0000043542
  0.0000033669
  0.0000062496
  0.0000063799
  0.0000025167
  0.0000004932
  0.0000038201
  0.0000040969
  0.0000008880
  0.0000040745
  0.0000017273
  0.0000007841
 -0.0000001520
  0.0000042559
  0.0001471342
  0.0000209516
  0.0000045976
 -0.0001335880
  0.0000038921
  0.0000037914
 -0.0000741263
 -0.0000016549
  0.0000332904
  0.0000031136
  0.0000120535
  0.0000000436
 -0.0000608032
  0.0000015120
  0.0000185338
  0.0000042007
  0.0000017664
  0.0000066482
  0.0000151568
  0.0000018164
 -0.0000877651
  0.0000233204
  0.0000081134
 -0.0000008831
  0.0000005259
  0.0000144797
  0.0000040418
  0.0000051872
  0.0000082497
 -0.0000014036
 -0.0000093073
  0.0000035830
  0.0000001779
 -0.0000112401
  0.0000148963
 -0.0000021900
 -0.0000059066
 -0.0000117120
  0.0000080458
  0.0000001248
  0.0000018914
 -0.0000021823
  0.0000010640
 -0.0000024713
  0.0000010408
  0.0000004842
 -0.0000006756
  0.0000013088
 -0.0000045001
  0.0000016282
 -0.0000024033
  0.0000586249
 -0.0003316297
  0.0000051880
 -0.0000034340
 -0.0000374177
  0.0000940773
  0.0000048324
  0.0000000677
  0.0000068463
  0.0000063354
 -0.0000019912
 -0.0000141991
  0.0000008060
  0.0000638405
  0.0000045544
  0.0000050135
  0.0000141723
  0.0000009434
  0.0000017631
 -0.0000087647
 -0.0000118685
 -0.0000055564
 -0.0000191331
  0.0000135488
  0.0000141369
  0.0000158389
  0.0000071050
  0.0000031614
  0.0000080501
  0.0000133149
  0.0000010912
  0.0000093202
  0.0000076382
  0.0000015199
 -0.0000267814
  0.0000141756
 -0.0000032512
  0.0000003162
 -0.0000158779
  0.0000097328
  0.0000002397
  0.0000028011
  0.0000027193
  0.0000046162
  0.0000025017
  0.0000008934
  0.0000033353
  0.0000032700
  0.0000045310
  0.0000023405
  0.0000009472
  0.0000022917
  0.0000015967
  0.0000065658
  0.0001121819
  0.0000087866
  0.0000278084
  0.0000053302
 -0.0001341640
  0.0000003275
  0.0000040135
  0.0000034162
  0.0000597365
 -0.0000806799
  0.0000057529
  0.0000324522
 -0.0000003433
  0.0000089693
  0.0000070614
 -0.0000594366
  0.0000040967
  0.0000173862
  0.0000011046
  0.0000082194
  0.0000033097
  0.0000181678
  0.0000092360
 -0.0000901279
  0.0000217897
  0.0000094947
  0.0000027318
 -0.0000113393
 -0.0000007320
 -0.0000054164
 -0.0000031419
  0.0000009260
 -0.0000058259
 -0.0000002549
 -0.0000021747
 -0.0000120452
 -0.0000032120
  0.0000011040
 -0.0000014372
 -0.0000049011
 -0.0000034557
 -0.0000004457
 -0.0000042184
 -0.0000091725
 -0.0000005622
 -0.0000008333
 -0.0000046571
 -0.0000045638
 -0.0000044867
 -0.0000021940
 -0.0000037433
  0.0000221527
 -0.0000013771
 -0.0000174174
 -0.0000035380
  0.0002368908
 -0.0000033719
 -0.0000069645
 -0.0000026473
  0.0000207023
 -0.0000100270
  0.0000261533
  0.0000095554
 -0.0000094740
 -0.0000012781
 -0.0000285758
 -0.0000056998
  0.0000393607
 -0.0000061393
  0.0000059173
 -0.0000063017
 -0.0000087209
 -0.0000056034
  0.0000020164
  0.0000245276
 -0.0000037755
 -0.0000005008
 -0.0000051836
 -0.0000065814
 -0.0000040680
 -0.0000046071
 -0.0000034330
  0.0000082756
  0.0000076520
 -0.0000041029
 -0.0000033778
  0.0000115904
 -0.0000070848
  0.0000053461
  0.0000013911
  0.0000136400
 -0.0000009801
 -0.0000073951
  0.0000004643
 -0.0000020100
  0.0000052242
  0.0000001037
 -0.0000023249
 -0.0000029964
  0.0000055038
  0.0000018717
 -0.0000052209
 -0.0000166081
 -0.0000012325
  0.0000599588
 -0.0003472262
  0.0000035299
  0.0000074023
 -0.0000530778
  0.0001526160
  0.0000051229
  0.0000024269
  0.0000036253
 -0.0000029535
 -0.0000055187
 -0.0000280626
  0.0000037886
  0.0001216062
  0.0000032810
 -0.0000004633
  0.0000071863
  0.0000156267
  0.0000074996
 -0.0000133436
  0.0000122005
  0.0000046648
 -0.0000115821
 -0.0000011557
  0.0000073378
 -0.0000022834
  0.0000121684
  0.0000097909
  0.0000124730
  0.0000103343
  0.0000002663
  0.0000024238
  0.0000115861
 -0.0000007086
 -0.0000000227
  0.0000094543
  0.0000059029
  0.0000000714
 -0.0000159314
  0.0000074333
  0.0000088489
  0.0000021700
  0.0000067224
  0.0000002964
  0.0000032360
  0.0000026077
  0.0000078326
  0.0000062221
  0.0000024406
 -0.0000006160
  0.0000041708
  0.0000031699
  0.0000027277
  0.0001093751
  0.0000284884
  0.0000034977
 -0.0001414055
  0.0000034543
  0.0000057731
 -0.0000829799
  0.0000000829
  0.0000323607
  0.0000002848
  0.0000058313
  0.0000040928
  0.0000054265
 -0.0000578104
  0.0000019648
  0.0000177769
  0.0000030231
  0.0000075437
  0.0000539791
  0.0000184342
  0.0000043961
 -0.0001419188
  0.0000227912
  0.0000102207
  0.0000090292
 -0.0000067829
 -0.0000046115
 -0.0000004705
 -0.0000068436
 -0.0000038529
 -0.0000113627
 -0.0000138927
 -0.0000135803
 -0.0000061406
 -0.0000124141
  0.0000263693
 -0.0000196976
 -0.0000016802
 -0.0000136243
  0.0000080696
 -0.0000007720
 -0.0000057354
 -0.0000021129
 -0.0000035360
 -0.0000032182
 -0.0000034819
 -0.0000049722
 -0.0000042702
 -0.0000021553
 -0.0000037861
 -0.0000044891
 -0.0000039885
  0.0000012832
  0.0000491092
  0.0000004750
 -0.0000094188
  0.0001388650
 -0.0000038716
 -0.0000027106
 -0.0002110824
 -0.0000152811
  0.0000065641
 -0.0000002443
  0.0000110587
 -0.0000072428
 -0.0000087017
 -0.0001261550
 -0.0000001361
  0.0000037345
 -0.0000094544
 -0.0000188194
  0.0000076017
 -0.0000149432
 -0.0000020258
  0.0000022938
  0.0000079866
 -0.0000154773
  0.0000071513
  0.0000005343
 -0.0000072357
  0.0000018401
  0.0000066709
  0.0000050967
  0.0000016377
  0.0000060587
  0.0000146414
 -0.0000165322
 -0.0000000689
  0.0000065771
  0.0000039970
 -0.0000085582
  0.0000004342
  0.0000023571
  0.0000013338
  0.0000027311
  0.0000021510
  0.0000020055
  0.0000019293
  0.0000034066
  0.0000103812
  0.0000005129
  0.0000035580
  0.0000055275
  0.0000010752
  0.0000022938
  0.0001691070
  0.0000012187
  0.0000174501
  0.0000017494
  0.0000288896
 -0.0001046156
  0.0000027477
  0.0000007255
  0.0000040453
  0.0000112162
 -0.0000705803
 -0.0000046335
  0.0000331935
 -0.0000003359
 -0.0000034490
  0.0000004656
 -0.0000703056
  0.0000015967
 -0.0000257227
  0.0000133116
  0.0000005296
  0.0000051986
 -0.0000254084
  0.0000134589
  0.0000036428
  0.0000209922
  0.0000192145
  0.0000077005
 -0.0000005789
 -0.0000048549
  0.0000115103
  0.0000070984
  0.0000079021
  0.0000080527
  0.0000014283
  0.0000055131
 -0.0000242444
  0.0000135406
 -0.0000030623
  0.0000075461
 -0.0000185790
  0.0000102849
 -0.0000074965
  0.0000027360
  0.0000027742
  0.0000018620
  0.0000041681
 -0.0000004945
  0.0000021113
  0.0000021590
  0.0000017932
  0.0000029994
 -0.0000021868
  0.0000078685
  0.0000059899
  0.0000019691
  0.0001191629
  0.0000075980
  0.0000305069
  0.0000052477
  0.0000165930
 -0.0001310171
  0.0000046291
  0.0000082853
  0.0000064337
  0.0000520838
 -0.0000772901
  0.0000041266
  0.0000334858
  0.0000070760
  0.0000084211
  0.0000079212
 -0.0000580792
  0.0000092728
 -0.0000403025
  0.0000180506
 -0.0000006619
  0.0000127322
 -0.0000125295
  0.0000192469
  0.0000058390
 -0.0000639547
  0.0000219713
  0.0000106590
  0.0000006211
 -0.0000006135
 -0.0000098222
 -0.0000039767
 -0.0000040641
 -0.0000113870
  0.0000076229
  0.0000028479
 -0.0000032107
 -0.0000067589
  0.0000161032
 -0.0000113109
  0.0000043103
  0.0000004136
  0.0000162659
 -0.0000006304
 -0.0000072846
 -0.0000036549
 -0.0000017850
 -0.0000032967
 -0.0000004068
 -0.0000023465
 -0.0000020856
 -0.0000008345
  0.0000157983
 -0.0000068885
  0.0000085891
 -0.0003114933
  0.0000041857
 -0.0000326239
  0.0000575621
  0.0000045920
  0.0000021399
  0.0000024585
  0.0000094629
 -0.0000021802
  0.0000017885
  0.0000035556
  0.0000482304
  0.0000023780
  0.0000121479
  0.0000108023
  0.0000075364
 -0.0000168098
 -0.0000222668
  0.0000091546
 -0.0000055826
  0.0000188909
  0.0000021406
 -0.0000003110
  0.0000109915
  0.0000086993
  0.0000034650
 -0.0000111862
 -0.0000047381
  0.0000082822
 -0.0000031493
 -0.0000140219
  0.0000014857
 -0.0000187858
 -0.0000017723
 -0.0000145946
  0.0000123773
  0.0000049082
 -0.0000000114
  0.0000000991
 -0.0000019655
  0.0000010007
  0.0000030747
 -0.0000004508
  0.0000022513
 -0.0000024889
  0.0000046828
  0.0000643211
 -0.0003608095
  0.0000037767
 -0.0000027172
 -0.0000595290
  0.0001821428
 -0.0000057525
  0.0000150048
  0.0000019917
 -0.0000014970
 -0.0000032387
 -0.0000056958
 -0.0000034431
  0.0001801016
  0.0000005052
 -0.0000005795
  0.0000104530
  0.0000079097
  0.0000041276
 -0.0000193395
  0.0000143892
 -0.0000016617
 -0.0000539984
  0.0000084592
  0.0000054756
 -0.0000019425
 -0.0000014839
  0.0000039979
  0.0000083036
 -0.0000018946
 -0.0000030980
 -0.0000007391
  0.0000078881
 -0.0000025516
 -0.0000094137
 -0.0000010853
 -0.0000029707
 -0.0000034913
 -0.0000060644
  0.0000104420
  0.0000027026
 -0.0000032471
 -0.0000040975
  0.0000025755
 -0.0000050573
 -0.0000011106
  0.0000029044
  0.0000028312
  0.0000012004
 -0.0000085775
  0.0000031834
  0.0000060256
  0.0000133632
 -0.0000012103
 -0.0000181876
  0.0000019057
  0.0002223018
  0.0000044963
 -0.0000028721
  0.0000028391
  0.0000029507
  0.0000180096
  0.0000106472
  0.0000070488
  0.0000224066
  0.0000108462
 -0.0000005767
 -0.0000008094
 -0.0000257704
  0.0000055220
  0.0000312824
  0.0000022246
  0.0000020451
  0.0000022188
 -0.0000111648
 -0.0000028372
  0.0000080209
  0.0000234631
 -0.0000046096
  0.0000022350
  0.0000028033
  0.0000096249
  0.0000050483
  0.0000040065
 -0.0000035742
 -0.0000028070
  0.0000071838
 -0.0000004521
 -0.0000001773
 -0.0000020375
 -0.0000009904
 -0.0000057899
 -0.0000036427
 -0.0000022957
 -0.0000024611
 -0.0000194894
  0.0000003810
 -0.0000034794
 -0.0000016866
  0.0000019021
  0.0000005930
  0.0000010215
 -0.0000024693
 -0.0000064095
  0.0000000746
  0.0000025965
 -0.0000022501
  0.0000018085
 -0.0000008258
  0.0000083279
  0.0000000139
  0.0001675851
 -0.0000014611
  0.0000148328
 -0.0000009191
  0.0000221442
 -0.0000494433
 -0.0000026851
 -0.0000076661
 -0.0000060295
 -0.0000036275
 -0.0000580497
 -0.0000063554
  0.0000216420
 -0.0000067331
 -0.0000044640
 -0.0000108911
 -0.0000041286
  0.0000214866
 -0.0000039661
 -0.0000022872
 -0.0000759542
 -0.0000017117
 -0.0000074241
  0.0000127254
 -0.0000063401
  0.0000010180
 -0.0000237857
  0.0000300606
  0.0000030657
  0.0000058057
  0.0000423881
  0.0000135845
  0.0000085038
 -0.0000000674
 -0.0000008846
  0.0000135750
  0.0000039370
  0.0000047696
 -0.0000065444
 -0.0000002650
  0.0000030851
 -0.0000019092
 -0.0000086015
  0.0000019058
 -0.0000083600
 -0.0000026805
 -0.0000115419
  0.0000088903
  0.0000136510
 -0.0000011823
 -0.0000014194
 -0.0000013193
  0.0000016165
 -0.0000010931
 -0.0000002519
 -0.0000018076
 -0.0000021167
  0.0000051388
  0.0000608751
 -0.0003409480
 -0.0000080124
 -0.0000427050
  0.0001346735
 -0.0000049579
  0.0000023014
  0.0000040515
 -0.0000011746
 -0.0000018622
  0.0001082595
 -0.0000011273
  0.0000036130
  0.0000114426
  0.0000086390
  0.0000059186
 -0.0000084776
  0.0000245366
 -0.0000002691
  0.0000090321
  0.0000135045
  0.0000010322
  0.0000071613
 -0.0000042494
  0.0000021929
  0.0000059869
  0.0000033908
  0.0000015445
 -0.0000072192
  0.0000013222
  0.0000042860
 -0.0000046680
 -0.0000035321
  0.0000052428
  0.0000066380
 -0.0000005922
  0.0000030685
  0.0000023933
  0.0000042533
 -0.0000037904
 -0.0000012387
  0.0000007290
 -0.0000023793
 -0.0000030841
  0.0000003741
 -0.0000021169
  0.0000019527
 -0.0000005083
 -0.0000055445
 -0.0000024137
  0.0000809889
 -0.0000020818
  0.0000121878
  0.0000005250
  0.0000173289
 -0.0000406722
  0.0000014163
 -0.0000024980
  0.0000020984
 -0.0000092358
 -0.0000474478
 -0.0000057394
  0.0000233018
 -0.0000058627
  0.0000016808
 -0.0000063496
 -0.0000088154
  0.0000190425
  0.0000018174
 -0.0000057016
 -0.0000881251
 -0.0000079711
 -0.0000057141
  0.0000125975
 -0.0000041672
 -0.0000015916
 -0.0000226097
  0.0000098700
  0.0000001635
  0.0000050283
  0.0000633395
  0.0000081107
  0.0000115503
 -0.0000052793
 -0.0000018136
 -0.0000028418
  0.0000000578
 -0.0000048806
 -0.0000054225
 -0.0000022327
 -0.0000007297
 -0.0000017906
 -0.0000011172
 -0.0000047925
 -0.0000071428
 -0.0000043222
  0.0000066629
  0.0000018824
 -0.0000036787
 -0.0000010926
  0.0000008093
 -0.0000007873
 -0.0000023407
  0.0000013236
 -0.0000052217
  0.0000056939
 -0.0000013527
 -0.0000026268
 -0.0000335550
 -0.0000046104
  0.0000103870
  0.0000698491
 -0.0004184861
  0.0000020697
 -0.0000042244
 -0.0000717971
 -0.0000024723
  0.0000056342
  0.0000031941
 -0.0000021845
 -0.0000066886
 -0.0000004869
 -0.0000117438
 -0.0000022330
 -0.0000024569
  0.0000113757
 -0.0000050595
  0.0000001541
 -0.0000295395
 -0.0000031190
 -0.0000034329
 -0.0001784640
  0.0000175148
  0.0000044782
  0.0000257549
  0.0000059595
  0.0000060759
  0.0000163999
 -0.0000009057
 -0.0000026762
  0.0000052741
 -0.0000006143
  0.0000278170
  0.0000131287
  0.0000071396
 -0.0000011139
  0.0000026511
  0.0000083439
  0.0000091107
 -0.0000012379
  0.0000033749
  0.0000053920
  0.0000040699
  0.0000055726
  0.0000058991
  0.0000024767
 -0.0000002412
  0.0000016431
  0.0000538577
  0.0000091702
  0.0000033560
  0.0001654096
  0.0000049537
  0.0000083797
 -0.0000034882
  0.0000294110
  0.0000088665
  0.0000138009
  0.0000030016
  0.0000022139
  0.0000123734
  0.0000030916
  0.0000000885
  0.0000162517
  0.0000430833
  0.0000059865
  0.0000047605
  0.0000143994
  0.0000127866
  0.0000116306
 -0.0000048930
  0.0000029409
  0.0000040200
 -0.0000030368
  0.0000027022
  0.0000012674
  0.0000045453
  0.0000018825
 -0.0000135126
 -0.0000040726
  0.0000046290
  0.0000010478
 -0.0000083279
  0.0000061977
  0.0000038144
  0.0000059884
  0.0000021409
  0.0000015579
  0.0000023676
 -0.0000007824
  0.0000024436
  0.0000000380
 -0.0000016426
 -0.0000013365
  0.0000548277
 -0.0003357338
 -0.0000008266
  0.0000006007
  0.0000189218
 -0.0000143539
  0.0000119489
  0.0000007529
 -0.0000031026
  0.0000788105
 -0.0000012368
  0.0000053341
  0.0000095101
 -0.0000024176
 -0.0000106060
  0.0000003370
 -0.0000096409
  0.0000177492
  0.0000012387
 -0.0000093391
  0.0000001148
  0.0000070581
 -0.0000005540
  0.0000138273
 -0.0000057108
 -0.0000100637
 -0.0000077484
  0.0000024131
  0.0000035648
  0.0000059913
  0.0000015969
  0.0000007377
  0.0000001254
  0.0000018297
  0.0000019408
  0.0000173529
 -0.0000052459
 -0.0000100212
  0.0000035490
 -0.0000396840
 -0.0000248473
 -0.0000031964
 -0.0000088831
  0.0000043074
 -0.0000190486
  0.0000466774
 -0.0000001464
 -0.0000232801
  0.0000056867
  0.0000014278
 -0.0000159818
  0.0000122805
 -0.0000174464
 -0.0000026406
 -0.0000010239
  0.0000488906
  0.0000023676
 -0.0000086150
 -0.0000081224
  0.0000016891
 -0.0000037120
 -0.0000294530
  0.0000020943
 -0.0000051385
 -0.0000078562
  0.0000049916
 -0.0000129978
 -0.0000118035
  0.0000050949
 -0.0000021949
 -0.0000023014
  0.0000033929
 -0.0000054139
  0.0000019706
  0.0000008830
 -0.0000032631
 -0.0000024844
  0.0000043105
 -0.0000070387
  0.0000026119
  0.0000006653
 -0.0000001651
 -0.0000040157
 -0.0000058153
  0.0000371527
 -0.0000106608
 -0.0000173870
 -0.0000098421
 -0.0000330991
 -0.0000240855
 -0.0000013744
 -0.0000020493
 -0.0000069048
 -0.0000101770
  0.0000439825
 -0.0000068348
 -0.0000244913
  0.0000041101
 -0.0000012437
 -0.0000523350
  0.0000193378
 -0.0000101863
  0.0000016828
  0.0000027671
  0.0000402751
  0.0000035540
 -0.0000145516
 -0.0000095903
 -0.0000059141
  0.0000024439
 -0.0000171128
  0.0000191270
  0.0000053824
 -0.0000128296
 -0.0000086048
 -0.0000022427
 -0.0000137724
 -0.0000007974
 -0.0000031012
 -0.0000016089
 -0.0000002106
 -0.0000028089
 -0.0000045223
  0.0000026810
 -0.0000074124
 -0.0000013038
 -0.0000009352
 -0.0000035445
 -0.0000032272
  0.0000022548
  0.0000012596
  0.0000039964
 -0.0000004218
  0.0000235227
 -0.0000006604
 -0.0000174881
  0.0000033614
 -0.0000418519
 -0.0000300336
 -0.0000071385
  0.0000002308
 -0.0000069260
 -0.0000166723
  0.0000438240
 -0.0000041441
 -0.0000219868
  0.0000103825
 -0.0000026795
 -0.0000230665
 -0.0000000330
 -0.0000063285
 -0.0000022068
  0.0000045951
  0.0000416165
  0.0000025213
 -0.0000266234
 -0.0000055405
  0.0000021006
 -0.0000029929
 -0.0000215217
  0.0000095819
  0.0000069186
 -0.0000078287
  0.0000043737
 -0.0000015360
 -0.0000128088
 -0.0000030497
 -0.0000032529
 -0.0000017125
  0.0000079285
  0.0000003391
 -0.0000050361
  0.0000014535
 -0.0000109173
 -0.0000022761
  0.0000051470
 -0.0000063197
 -0.0000034853
 -0.0000023171
 -0.0000035560
 -0.0000039490
 -0.0000043900
  0.0000190760
 -0.0000216310
 -0.0000119577
 -0.0000087226
 -0.0000425749
 -0.0000290837
  0.0000013162
 -0.0000131914
 -0.0000026069
 -0.0000213404
  0.0000459015
  0.0000003007
 -0.0000249770
  0.0000050120
  0.0000059823
 -0.0000211527
  0.0000113950
 -0.0000059938
  0.0000002793
  0.0000038270
  0.0000481572
  0.0000052365
 -0.0000106473
 -0.0000092545
 -0.0000008277
  0.0000010312
 -0.0000277001
  0.0000029673
  0.0000001808
 -0.0000246797
  0.0000013724
 -0.0000104091
 -0.0000200987
  0.0000040468
  0.0000007973
 -0.0000001123
  0.0000008243
  0.0000009418
  0.0000094978
  0.0000007913
  0.0000074470
  0.0000032938
  0.0000004098
  0.0000020685
  0.0000056292
 -0.0000002807
 -0.0000024870
  0.0000012205
  0.0000027554
  0.0000395323
  0.0000007688
 -0.0000176192
 -0.0000031776
 -0.0000390982
 -0.0000040035
 -0.0000010233
 -0.0000037881
 -0.0000052799
 -0.0000129937
  0.0000589345
 -0.0000065914
 -0.0000193721
  0.0000042502
  0.0000062975
 -0.0000177299
  0.0000060880
 -0.0000050542
 -0.0000032115
  0.0000023225
  0.0000182247
 -0.0000003897
 -0.0000192276
 -0.0000110568
 -0.0000057364
 -0.0000016573
 -0.0000379639
  0.0000234167
 -0.0000000707
 -0.0000060644
 -0.0000018529
 -0.0000019833
  0.0000216516
 -0.0000033105
 -0.0000004630
 -0.0000001439
  0.0000049490
 -0.0000053936
  0.0000041601
 -0.0000063381
 -0.0000057034
 -0.0000001544
  0.0000018772
 -0.0000002671
  0.0000072780
 -0.0000000055
 -0.0000025799
  0.0000001695
 -0.0000007922
  0.0000844591
  0.0000013060
 -0.0000223928
 -0.0000015751
 -0.0000388354
 -0.0000202668
 -0.0000035270
 -0.0000041333
 -0.0000041045
 -0.0000186500
  0.0000498634
 -0.0000058806
 -0.0000117836
  0.0000057209
 -0.0000040160
  0.0000447745
  0.0000250149
 -0.0000069736
 -0.0000000617
  0.0000008342
 -0.0000093933
 -0.0000046900
 -0.0000294276
 -0.0000142881
 -0.0000096842
 -0.0000011711
 -0.0000416091
  0.0000538190
  0.0000005711
 -0.0000045479
 -0.0000020939
 -0.0000053144
  0.0000375142
  0.0000029404
 -0.0000024981
 -0.0000004089
 -0.0000000125
 -0.0000031096
  0.0000201627
 -0.0000073747
  0.0000033121
 -0.0000039004
  0.0000023923
  0.0000061366
 -0.0000028679
 -0.0000026222
 -0.0000054306
  0.0000013311
  0.0000015223
  0.0000400002
 -0.0000104640
 -0.0000159771
 -0.0000064204
 -0.0000373751
 -0.0000186289
 -0.0000064774
  0.0000011740
 -0.0000062403
 -0.0000138878
  0.0000442039
 -0.0000042838
 -0.0000195965
  0.0000053429
 -0.0000022315
 -0.0000304075
  0.0000018426
 -0.0000088779
  0.0000005158
  0.0000035799
  0.0000322574
  0.0000075276
 -0.0000168387
 -0.0000080812
 -0.0000035814
 -0.0000029794
 -0.0000098311
  0.0000244449
  0.0000015005
 -0.0000139210
 -0.0000017000
 -0.0000009196
 -0.0000036159
  0.0000004959
  0.0000010138
  0.0000006666
  0.0000034065
  0.0000020254
  0.0000079897
 -0.0000001044
 -0.0000083940
  0.0000010123
  0.0000000831
  0.0000016565
 -0.0000004635
  0.0000018939
  0.0000001056
  0.0000070202
  0.0000003842
  0.0000383007
 -0.0000017226
 -0.0000174817
 -0.0000036678
 -0.0000443317
 -0.0000141173
 -0.0000021817
  0.0000006964
 -0.0000044460
 -0.0000110287
  0.0000513869
 -0.0000070618
 -0.0000196746
  0.0000037562
 -0.0000018586
 -0.0000114049
  0.0000169454
 -0.0000057656
 -0.0000028990
  0.0000006686
  0.0000414931
  0.0000021392
  0.0000007122
 -0.0000116386
 -0.0000061704
 -0.0000012682
 -0.0000134388
  0.0000147813
  0.0000059720
 -0.0000059703
 -0.0000101214
 -0.0000028604
 -0.0000116902
 -0.0000019321
 -0.0000016596
  0.0000036609
  0.0000022558
  0.0000008350
  0.0000023939
  0.0000017832
  0.0000014296
 -0.0000003445
 -0.0000054816
 -0.0000071440
  0.0000037771
 -0.0000000963
  0.0000039728
  0.0000054044
  0.0000025924
 -0.0000111488
  0.0000320794
 -0.0000428276
  0.0000195319
 -0.0000610002
 -0.0000012482
 -0.0000167783
 -0.0000016011
  0.0000015718
 -0.0000266785
  0.0000341280
 -0.0000015839
 -0.0000485030
 -0.0000042730
  0.0000059768
  0.0000245843
 -0.0000037664
  0.0000079596
  0.0000108429
 -0.0000427317
  0.0000430908
  0.0000035324
  0.0000111005
 -0.0000029477
 -0.0000233149
  0.0000012354
  0.0000030615
 -0.0000359636
  0.0000079140
  0.0000227295
 -0.0000109660
  0.0000329749
 -0.0000753616
 -0.0000158854
 -0.0000064786
  0.0000008682
  0.0000011842
 -0.0000020034
  0.0000135619
 -0.0000048108
 -0.0000106840
 -0.0000013652
  0.0000051707
 -0.0000004723
  0.0000044641
  0.0000009284
 -0.0000010840
 -0.0000006606
 -0.0000009503
  0.0000216060
 -0.0000295756
 -0.0000258561
 -0.0000148743
 -0.0000374257
 -0.0000124180
 -0.0000009770
 -0.0000094970
  0.0000004950
 -0.0000245493
  0.0000457990
  0.0000007560
 -0.0000250079
  0.0000043261
  0.0000013388
  0.0000133528
  0.0000077653
 -0.0000208674
 -0.0000005554
  0.0000045822
  0.0000386848
  0.0000052542
  0.0000012106
 -0.0000020826
 -0.0000018171
 -0.0000017389
 -0.0000218292
 -0.0000093926
 -0.0000057065
 -0.0000339108
  0.0000104747
 -0.0000036602
 -0.0000391713
 -0.0000038205
  0.0000051644
  0.0000004069
  0.0000018628
 -0.0000040066
  0.0000035893
  0.0000007106
  0.0000055747
 -0.0000038018
 -0.0000022533
 -0.0000013438
  0.0000043015
  0.0000002473
 -0.0000025702
  0.0000051714
 -0.0000003923
  0.0000420402
 -0.0000072296
 -0.0000148572
 -0.0000053498
 -0.0000383709
 -0.0000251872
 -0.0000023151
 -0.0000046726
 -0.0000075263
 -0.0000091573
  0.0000515562
 -0.0000068153
 -0.0000156415
  0.0000073355
  0.0000016047
 -0.0000330279
  0.0000123773
 -0.0000107445
  0.0000002885
  0.0000027243
  0.0000652284
 -0.0000036796
 -0.0000227993
 -0.0000078837
 -0.0000065256
 -0.0000027433
 -0.0000027797
  0.0000268205
 -0.0000008728
 -0.0000051622
  0.0000004857
 -0.0000019507
 -0.0000193408
  0.0000024132
  0.0000072483
  0.0000011903
  0.0000013677
 -0.0000028448
 -0.0000038114
  0.0000006189
  0.0000030405
 -0.0000004845
  0.0000057165
 -0.0000028996
 -0.0000018448
 -0.0000016983
 -0.0000033993
  0.0000050868
  0.0000015006
  0.0000385919
  0.0000003829
 -0.0000159741
 -0.0000038318
 -0.0000389373
 -0.0000045895
 -0.0000006145
 -0.0000051887
 -0.0000047837
 -0.0000101467
  0.0000437794
 -0.0000069146
 -0.0000188211
  0.0000027125
  0.0000065516
 -0.0000009913
  0.0000203141
 -0.0000053627
 -0.0000036106
  0.0000020872
  0.0000440245
 -0.0000029550
  0.0000034430
 -0.0000121780
 -0.0000065024
 -0.0000014711
 -0.0000137232
  0.0000164809
 -0.0000008397
 -0.0000063093
 -0.0000052817
 -0.0000017293
 -0.0000088325
  0.0000021642
 -0.0000048623
  0.0000025192
 -0.0000044366
  0.0000003838
  0.0000014910
 -0.0000024187
  0.0000009102
  0.0000024679
 -0.0000044183
 -0.0000087613
  0.0000025022
  0.0000012506
  0.0000026172
 -0.0000022614
 -0.0000027351
  0.0000057108
  0.0000196914
  0.0000188102
 -0.0000457590
 -0.0000008958
 -0.0000380872
 -0.0000142083
 -0.0000139689
 -0.0000024940
 -0.0000006899
 -0.0000247892
  0.0000451675
 -0.0000013027
 -0.0000427893
 -0.0000059556
  0.0000053437
  0.0000119466
  0.0000064711
  0.0000031651
  0.0000102299
 -0.0000221503
  0.0000497230
  0.0000060316
  0.0000219928
 -0.0000015167
 -0.0000199558
  0.0000025784
 -0.0000134257
 -0.0000100510
  0.0000073385
  0.0000086733
  0.0000103557
  0.0000257984
 -0.0000410102
  0.0000109068
 -0.0000020495
 -0.0000010199
 -0.0000033939
 -0.0000028570
  0.0000015756
  0.0000000506
 -0.0000010352
 -0.0000034687
 -0.0000005300
  0.0000005088
  0.0000025233
  0.0000060958
  0.0000007338
 -0.0000038638
 -0.0000025361
  0.0000154466
  0.0000019625
 -0.0000177890
  0.0000061602
 -0.0000180924
 -0.0000154048
 -0.0000037200
 -0.0000012515
 -0.0000046823
 -0.0000184747
  0.0000461898
 -0.0000019864
 -0.0000230062
  0.0000060389
  0.0000028001
 -0.0000079515
  0.0000126859
 -0.0000147577
 -0.0000005128
  0.0000026688
  0.0000487300
  0.0000036817
 -0.0000073512
 -0.0000055997
  0.0000032811
  0.0000009584
 -0.0000324549
  0.0000004763
  0.0000079530
 -0.0000039158
  0.0000043956
 -0.0000009296
 -0.0000208890
 -0.0000008471
 -0.0000016023
  0.0000007717
  0.0000005825
 -0.0000005157
  0.0000032927
 -0.0000016605
 -0.0000025109
 -0.0000113339
  0.0000021568
  0.0000009230
  0.0000046162
 -0.0000001806
 -0.0000018768
  0.0000030356
 -0.0000024150
  0.0000400585
 -0.0000099450
 -0.0000172641
 -0.0000090396
 -0.0000353584
 -0.0000277902
  0.0000037759
 -0.0000122422
 -0.0000058940
 -0.0000122370
  0.0000458501
 -0.0000065774
 -0.0000220780
  0.0000044645
 -0.0000042531
 -0.0000438671
  0.0000149900
 -0.0000105271
  0.0000026350
  0.0000030929
  0.0000532588
  0.0000032730
 -0.0000130072
 -0.0000095015
 -0.0000064756
  0.0000061490
 -0.0000104292
  0.0000226986
 -0.0000051549
 -0.0000108668
 -0.0000090196
 -0.0000022105
 -0.0000203848
 -0.0000005736
  0.0000007312
  0.0000012502
  0.0000025881
  0.0000025119
  0.0000337518
 -0.0000008041
  0.0000015129
  0.0000108993
 -0.0001085924
 -0.0001956210
  0.0000038107
  0.0000007698
 -0.0000214120
  0.0000402052
 -0.0000030032
  0.0000079664
  0.0000010359
 -0.0000044352
  0.0000116629
 -0.0000037269
 -0.0000113216
  0.0000092511
  0.0000775792
  0.0000085807
  0.0000035610
 -0.0000219921
 -0.0000067266
 -0.0000084598
 -0.0000773629
  0.0000094836
 -0.0000009985
  0.0000129865
  0.0000006946
  0.0000041967
  0.0000163405
  0.0000041901
 -0.0000124783
  0.0000146333
 -0.0000617307
 -0.0000704595
  0.0000042117
  0.0000056334
  0.0000021630
 -0.0000208818
  0.0000368359
 -0.0000111038
  0.0000089127
 -0.0000017416
 -0.0000065298
  0.0000138451
  0.0000030675
 -0.0000092140
  0.0000022995
  0.0000087588
  0.0000936207
  0.0000041550
  0.0000089015
 -0.0000039958
  0.0000115071
  0.0000234994
 -0.0000006801
  0.0000065676
 -0.0000119004
 -0.0000165650
 -0.0000061749
 -0.0000169972
  0.0000128633
 -0.0000008598
  0.0000002149
 -0.0000028771
  0.0000024623
 -0.0000014067
  0.0000136032
  0.0000020785
 -0.0000232290
  0.0000148056
 -0.0000576802
 -0.0000675505
 -0.0000037219
  0.0000066387
  0.0000015564
 -0.0000222271
  0.0000316426
  0.0000031640
  0.0000072951
 -0.0000058862
 -0.0000030414
  0.0000052429
 -0.0000014200
 -0.0000051117
 -0.0000021440
  0.0000040076
  0.0000882229
 -0.0000079124
  0.0000047825
  0.0000213524
 -0.0000027031
  0.0000131518
  0.0000133869
 -0.0000045013
  0.0000013842
 -0.0000039086
 -0.0000214513
 -0.0000080957
 -0.0000149933
  0.0000068043
  0.0000417555
  0.0000085157
  0.0000016538
  0.0000164482
 -0.0001104238
 -0.0000927123
  0.0000161538
  0.0000023408
  0.0000080611
 -0.0000146150
  0.0000337311
 -0.0000032616
  0.0000111594
 -0.0000000064
 -0.0000020179
 -0.0000086745
  0.0000020972
 -0.0000053614
  0.0000067534
  0.0000060598
  0.0000845603
 -0.0000014062
  0.0000001315
 -0.0000088800
  0.0000084299
 -0.0000038732
  0.0000001685
 -0.0000054163
 -0.0000077471
 -0.0000012129
  0.0000296047
  0.0000245931
 -0.0000025155
 -0.0000031047
 -0.0000033211
 -0.0000009997
  0.0000314776
 -0.0000165400
  0.0000091873
 -0.0001238525
 -0.0001477582
 -0.0000173268
  0.0000429782
 -0.0000006699
  0.0000089318
  0.0000002773
 -0.0000008068
  0.0000127374
 -0.0000007862
 -0.0000036310
  0.0000196312
  0.0000831253
  0.0000040551
  0.0000000451
 -0.0000043274
 -0.0000087963
 -0.0000044038
  0.0000044489
  0.0000214901
  0.0000255964
  0.0000036287
 -0.0000030996
  0.0000030968
 -0.0000000011
 -0.0000009552
  0.0000109557
 -0.0000042364
 -0.0000233644
 -0.0002798437
  0.0000014344
 -0.0000354175
  0.0000458175
 -0.0000053012
  0.0000083524
 -0.0000008124
 -0.0000013965
  0.0000062103
 -0.0000026141
 -0.0000144492
  0.0000005763
  0.0000152353
  0.0000609093
  0.0000004111
 -0.0000007831
 -0.0000022936
  0.0000060339
  0.0000110173
 -0.0000174641
 -0.0000136603
 -0.0000578487
 -0.0000069440
  0.0000346355
  0.0000169688
  0.0000022146
 -0.0000045872
  0.0000072291
 -0.0000945719
 -0.0000928127
  0.0000073347
  0.0000010642
 -0.0000220862
  0.0000285716
  0.0000038587
  0.0000047381
 -0.0000009057
 -0.0000010666
  0.0000031018
 -0.0000034479
  0.0000044821
  0.0000109795
 -0.0000002368
  0.0001000682
  0.0000054326
  0.0000228457
 -0.0000043974
  0.0000049250
 -0.0000087199
 -0.0000030878
 -0.0000019274
 -0.0000279096
 -0.0000128304
  0.0000224368
  0.0000411266
  0.0000007934
 -0.0000005333
  0.0000015360
  0.0000086040
  0.0000014066
  0.0000199601
  0.0000064062
 -0.0000897753
 -0.0002183751
 -0.0000216610
  0.0000357220
 -0.0000005068
  0.0000071735
 -0.0000004349
 -0.0000036641
  0.0000135457
 -0.0000007927
 -0.0000094419
  0.0000024636
  0.0000151740
  0.0000792295
  0.0000089180
  0.0000041048
  0.0000133841
  0.0000138647
 -0.0000238386
  0.0000200599
 -0.0000810863
 -0.0000023933
  0.0000277236
  0.0000007462
  0.0000260187
  0.0000009553
  0.0000021213
  0.0000105949
 -0.0000931915
 -0.0000912629
  0.0000063476
  0.0000110179
  0.0000018536
 -0.0000249103
  0.0000307431
 -0.0000009528
  0.0000059261
 -0.0000003666
 -0.0000044019
  0.0000123339
 -0.0000030150
 -0.0000065081
  0.0000074100
  0.0000017309
  0.0001002616
  0.0000013699
  0.0000013364
  0.0000056071
 -0.0000059282
  0.0000064318
 -0.0000125273
  0.0000026209
 -0.0000001042
 -0.0000060840
 -0.0000244374
 -0.0000040554
  0.0000195088
  0.0000410144
  0.0000144684
  0.0000025193
 -0.0000050606
  0.0000163585
 -0.0000598226
 -0.0000680035
 -0.0000021686
  0.0000034362
 -0.0000190651
  0.0000333504
  0.0000042578
  0.0000089917
  0.0000017292
 -0.0000035962
  0.0000098463
  0.0000004385
 -0.0000019643
 -0.0000000442
  0.0000027780
  0.0001031927
 -0.0000033864
  0.0000079110
 -0.0000010741
  0.0000109653
  0.0000248841
 -0.0000089528
 -0.0000017373
 -0.0000161055
 -0.0000030688
 -0.0000281906
  0.0000157740
 -0.0000035669
 -0.0000010333
  0.0000286653
  0.0000038203
 -0.0000098174
  0.0000028663
 -0.0001174516
 -0.0001400569
 -0.0000263280
  0.0000421043
  0.0000011337
  0.0000030477
  0.0000096200
 -0.0000023869
 -0.0000098494
  0.0000090832
  0.0000238032
  0.0000895687
 -0.0000048756
  0.0000033533
  0.0000030521
 -0.0000071637
  0.0000132980
 -0.0000082728
  0.0000046201
 -0.0000001063
  0.0000175024
  0.0000311889
 -0.0000003488
  0.0000017238
  0.0000228546
 -0.0000997607
 -0.0002114757
 -0.0000235547
  0.0000375108
  0.0000046724
  0.0000141335
 -0.0000023736
  0.0000040146
  0.0000028167
 -0.0000026956
 -0.0000078542
  0.0000803445
  0.0000021550
 -0.0000047154
 -0.0000029478
 -0.0000236229
 -0.0000802045
 -0.0000011625
  0.0000295624
 -0.0000010611
 -0.0000000247
  0.0000105043
  0.0000031802
 -0.0000152204
  0.0000106908
 -0.0000241193
 -0.0000709341
 -0.0000057815
 -0.0000049859
  0.0000009947
 -0.0000221169
  0.0000328500
  0.0000059896
  0.0000129893
  0.0000017148
 -0.0000132320
  0.0000133468
 -0.0000037772
 -0.0000014163
 -0.0000028277
 -0.0000002961
  0.0001159131
 -0.0000042024
 -0.0000057316
 -0.0000000756
 -0.0000023003
  0.0000009745
  0.0000332564
  0.0000044773
 -0.0000053150
 -0.0000075948
 -0.0000164154
 -0.0000001953
 -0.0000297098
  0.0000164912
 -0.0000046151
  0.0000098193
 -0.0000003965
 -0.0000079278
  0.0000047399
 -0.0000912731
 -0.0000879079
  0.0000126446
  0.0000044662
  0.0000011579
 -0.0000264341
  0.0000326631
  0.0000006595
  0.0000067307
  0.0000019007
 -0.0000010364
 -0.0000001665
 -0.0000033348
 -0.0000018552
  0.0000003669
  0.0000006751
  0.0000916532
 -0.0000020210
  0.0000028666
  0.0000119523
  0.0000160424
  0.0000073134
  0.0000113424
 -0.0000057835
  0.0000052746
 -0.0000044822
 -0.0000155186
 -0.0000064269
  0.0000322960
  0.0000348150
 -0.0000009886
  0.0000221900
  0.0000039314
 -0.0000091035
  0.0000191696
 -0.0000136187
 -0.0000704499
 -0.0000045046
 -0.0000306261
  0.0000034707
 -0.0000145514
  0.0000084318
 -0.0000059982
 -0.0000046112
  0.0000008207
 -0.0000095589
  0.0000053214
  0.0000028103
  0.0000002726
  0.0000021643
 -0.0000079039
  0.0001550579
  0.0000029244
 -0.0000111461
 -0.0000014887
  0.0000033179
  0.0000026658
  0.0000140920
  0.0000219431
  0.0000011511
 -0.0000025434
 -0.0000295235
 -0.0000168242
 -0.0000077515
 -0.0000039096
  0.0000397094
  0.0000045128
 -0.0000008583
  0.0000043522
 -0.0000916098
 -0.0000899730
 -0.0000203293
  0.0000335087
  0.0000027094
  0.0000001911
  0.0000070799
  0.0000070931
 -0.0000023151
  0.0000103113
  0.0000039384
  0.0001061137
  0.0000079352
 -0.0000007117
 -0.0000107937
 -0.0000070161
  0.0000035487
 -0.0000081526
 -0.0000266647
 -0.0000019352
  0.0000249219
  0.0000379058
 -0.0000034885
  0.0000426077
  0.0000075777
 -0.0000073952
  0.0000201531
 -0.0001173404
 -0.0001633356
  0.0000140012
  0.0000091583
 -0.0000195925
  0.0000483575
  0.0000245181
  0.0000039909
  0.0000056729
  0.0000004824
 -0.0000078544
 -0.0000008998
  0.0000170396
  0.0000870504
  0.0000061791
 -0.0000093923
  0.0000005621
 -0.0000086305
  0.0000031854
 -0.0000055287
 -0.0000188658
  0.0000029481
  0.0000135694
  0.0000326369
  0.0000077422
  0.0000036801
 -0.0000163025
  0.0000113454
 -0.0000241829
 -0.0000633314
 -0.0000053263
 -0.0000041382
  0.0000001723
 -0.0000220026
  0.0000285001
 -0.0000065830
  0.0000083483
 -0.0000020510
 -0.0000076673
  0.0000186947
  0.0000017220
 -0.0000009457
 -0.0000011898
  0.0000018574
  0.0001242032
  0.0000013596
  0.0000085734
 -0.0000091724
  0.0000059370
  0.0000256309
  0.0000056427
 -0.0000003661
 -0.0000051179
 -0.0000257637
 -0.0000070367
 -0.0000303592
  0.0000107896
  0.0000250294
  0.0000137702
  0.0000144085
  0.0001446595
  0.0001879659
  0.0000020410
  0.0000617592
  0.0000743796
  0.0000158056
  0.0000271854
  0.0000241091
 -0.0000644229
 -0.0000020661
 -0.0000515615
 -0.0002899407
 -0.0000031423
  0.0000040856
  0.0000029252
  0.0000010000
 -0.0000018675
 -0.0000148891
  0.0000061099
 -0.0000141159
  0.0000043321
 -0.0000877679
 -0.0000050404
  0.0000037076
  0.0000194425
 -0.0002149246
  0.0000068663
  0.0000061239
  0.0000016113
  0.0000307404
 -0.0000098841
 -0.0000085507
 -0.0000961063
  0.0000042826
  0.0000969207
  0.0000064439
 -0.0000094693
 -0.0000306429
 -0.0000375658
 -0.0001061066
 -0.0000527308
 -0.0001149208
  0.0002032427
  0.0000069558
 -0.0000440755
  0.0000389897
  0.0002009379
 -0.0001184106
 -0.0001374357
 -0.0000899621
 -0.0000480461
 -0.0000589708
 -0.0000971014
  0.0000677887
  0.0000842287
 -0.0001029262
 -0.0000789551
 -0.0002051841
 -0.0001161453
 -0.0000418035
  0.0000120140
 -0.0000804895
  0.0000741733
 -0.0000789624
 -0.0000948040
 -0.0003391021
 -0.0000076386
 -0.0000001846
  0.0000108453
  0.0000062362
 -0.0000022812
  0.0000094740
  0.0000107073
 -0.0000118783
  0.0000064410
  0.0000205573
  0.0000328522
  0.0000051562
  0.0000321394
 -0.0000065542
  0.0001213764
  0.0000061923
 -0.0000022449
  0.0000449772
 -0.0000067157
 -0.0000052742
 -0.0000253830
 -0.0000252164
 -0.0000043398
 -0.0000082219
  0.0000041631
 -0.0000046557
  0.0000004059
  0.0000796717
 -0.0000053427
  0.0000136704
  0.0000093287
 -0.0000186134
 -0.0000788953
  0.0000068798
 -0.0000368867
 -0.0000330820
 -0.0000123659
 -0.0000158799
 -0.0000000815
 -0.0000082095
  0.0000017007
 -0.0000204968
  0.0000410107
  0.0000386397
  0.0000469651
  0.0000245558
  0.0000756440
  0.0000298219
  0.0000000382
 -0.0000905783
 -0.0000175824
 -0.0000064414
 -0.0000007327
  0.0000545805
  0.0000256819
  0.0000023285
 -0.0000035199
 -0.0000074273
  0.0000010752
 -0.0000303109
  0.0000275334
  0.0000140060
  0.0000049653
  0.0000041700
 -0.0000018313
  0.0000081127
  0.0000055623
 -0.0000658079
  0.0000217653
  0.0000046142
 -0.0000067116
  0.0000249117
 -0.0000224786
  0.0000153458
  0.0000356755
 -0.0000191057
  0.0000092974
  0.0000550376
 -0.0000411459
 -0.0000106408
  0.0000434959
 -0.0001165290
  0.0000206127
 -0.0002505939
 -0.0001471726
  0.0000671736
  0.0000037525
  0.0000032318
  0.0000220000
 -0.0000053602
  0.0000028539
 -0.0000016782
 -0.0000231334
  0.0000153075
  0.0000002672
  0.0000283177
 -0.0000019696
 -0.0000022649
  0.0000033111
 -0.0000107076
 -0.0000110435
 -0.0000032302
  0.0000072724
  0.0000474143
 -0.0000211255
 -0.0000037295
  0.0000503660
  0.0000108160
  0.0000063719
 -0.0000036653
  0.0000024601
 -0.0000908674
  0.0000196993
  0.0000935971
  0.0001237338
  0.0000973365
  0.0000054805
  0.0000005964
  0.0000304821
  0.0000013050
 -0.0000117731
 -0.0000248439
  0.0000180361
  0.0000456817
  0.0000646700
  0.0000037987
 -0.0000081418
 -0.0000036134
 -0.0000304420
 -0.0000213801
 -0.0000119551
 -0.0000088547
 -0.0000018410
  0.0000070081
 -0.0000032563
 -0.0000213499
 -0.0000177700
  0.0000064896
  0.0000726430
  0.0000087493
 -0.0000247640
 -0.0000232039
 -0.0000014143
  0.0000000255
  0.0000061438
 -0.0000309323
 -0.0000411998
 -0.0000154085
  0.0000218236
 -0.0000440172
  0.0000000141
  0.0000123657
 -0.0001699823
