 -0.0006311912
  0.0002617020
  0.0003919533
  0.0001417041
 -0.0001324887
 -0.0000031926
 -0.0000135694
  0.0000142238
 -0.0000289995
  0.0000130740
  0.0000016483
 -0.0000263023
  0.0000046109
 -0.0000296100
  0.0000165779
 -0.0000245489
 -0.0000013772
 -0.0000179701
 -0.0000170877
  0.0000022253
  0.0000087058
 -0.0000011555
 -0.0000000329
  0.0000128713
 -0.0000054991
  0.0000113009
 -0.0000239180
  0.0000027793
 -0.0000011932
  0.0000029471
 -0.0000141358
  0.0000051995
 -0.0000006982
  0.0000014759
  0.0000134664
 -0.0000031105
  0.0000127317
  0.0000000947
  0.0000121375
  0.0000123212
 -0.0000274005
  0.0000153574
  0.0000047986
  0.0000050649
 -0.0000055387
  0.0000082965
  0.0000022270
 -0.0000076114
 -0.0000079082
  0.0000148304
  0.0000077583
  0.0000013526
 -0.0000038574
  0.0000160594
 -0.0000098882
  0.0000033720
 -0.0000018778
  0.0000045307
 -0.0000128706
  0.0000130980
  0.0000076095
 -0.0000064958
  0.0000116830
  0.0000023042
  0.0000151424
  0.0000125408
  0.0000017072
 -0.0000065621
  0.0000150991
 -0.0000100251
 -0.0000085244
  0.0000338499
 -0.0000088505
 -0.0000086425
 -0.0000015286
  0.0002144313
 -0.0000663990
  0.0001510195
 -0.0002518268
  0.0001579604
 -0.0001517054
 -0.0001347113
  0.0001213747
 -0.0000981546
 -0.0000614701
  0.0000317058
 -0.0003728399
  0.0002591807
 -0.0001602047
  0.0001825541
 -0.0000033752
 -0.0000019107
 -0.0000100671
  0.0000088456
  0.0000020789
  0.0000018913
  0.0000040118
 -0.0000090985
  0.0000076901
  0.0000006719
 -0.0000002859
 -0.0000083319
  0.0000004167
  0.0000010535
  0.0000232704
  0.0000043068
 -0.0000083252
  0.0000243458
  0.0000895406
  0.0000008961
  0.0000469792
 -0.0000129621
  0.0000015387
 -0.0000082125
  0.0000129438
 -0.0000028332
 -0.0000029630
 -0.0000045978
  0.0000419692
 -0.0000184413
 -0.0000078384
 -0.0000361877
  0.0000059024
 -0.0000046957
  0.0000036173
  0.0000240086
 -0.0000013212
 -0.0000293844
  0.0000054318
  0.0000028627
  0.0000561545
 -0.0000087662
  0.0000187813
 -0.0000081698
 -0.0000028288
 -0.0000188241
 -0.0000492548
  0.0000183464
 -0.0000032336
 -0.0001219896
  0.0000513832
 -0.0000347980
 -0.0001222057
 -0.0000099569
 -0.0000165022
 -0.0000180670
 -0.0000165700
 -0.0000157447
 -0.0000180054
 -0.0000185511
 -0.0000177094
 -0.0000631032
 -0.0000076829
 -0.0000689947
 -0.0000112008
 -0.0000587657
 -0.0000138160
 -0.0000139146
 -0.0000206853
 -0.0000325206
 -0.0000214524
 -0.0000392453
 -0.0000195401
 -0.0000235481
 -0.0000227155
 -0.0000158382
 -0.0000465662
 -0.0000201136
 -0.0000168982
  0.0000445524
  0.0000977993
  0.0000267053
  0.0000584203
  0.0000170587
  0.0000282641
  0.0000273080
  0.0000468072
  0.0000189665
  0.0000139643
 -0.0000055675
  0.0000939352
  0.0000224698
  0.0000090850
  0.0000287570
  0.0000444124
  0.0000096580
  0.0000585177
  0.0000222826
  0.0000272921
  0.0000466240
  0.0000271653
  0.0001264761
  0.0000802554
  0.0000030367
  0.0000265900
  0.0000320637
 -0.0000264819
  0.0000177157
 -0.0000114832
  0.0000239205
  0.0000246242
  0.0000078841
  0.0000671476
 -0.0000695995
  0.0000697103
  0.0001387148
  0.0002119193
  0.0001777350
 -0.0001245831
 -0.0000864328
 -0.0002252368
 -0.0003347510
 -0.0000697518
  0.0000072540
  0.0001461069
  0.0002649182
  0.0005629164
  0.0000032179
  0.0000110929
  0.0000128921
  0.0000080279
  0.0000058986
  0.0000045726
  0.0000022265
 -0.0000118062
 -0.0000024185
  0.0000181011
  0.0000052128
  0.0000065077
  0.0000261890
  0.0000513665
  0.0000364126
 -0.0000047061
  0.0000205636
  0.0000105359
 -0.0000040755
 -0.0000154525
  0.0000113750
  0.0000132309
  0.0000113069
  0.0000026890
  0.0000075513
  0.0000018743
  0.0000457252
  0.0000039650
  0.0000396216
 -0.0000043242
  0.0000487823
  0.0000212967
  0.0000467716
  0.0000094252
  0.0000142458
 -0.0000039087
  0.0000080570
  0.0000084405
  0.0000113727
 -0.0000013404
  0.0000274969
  0.0001872406
  0.0000950697
 -0.0000387878
 -0.0000443689
  0.0000067171
  0.0000165681
 -0.0000062629
  0.0000114032
 -0.0000151796
  0.0000183019
  0.0000058770
 -0.0000018136
  0.0000193094
  0.0000105073
  0.0000076778
  0.0000195882
  0.0000028208
 -0.0000006242
  0.0000161764
  0.0000082447
  0.0000174232
  0.0000149105
  0.0000067198
 -0.0000019733
  0.0000144593
  0.0000071319
  0.0000080835
  0.0000098110
  0.0000099191
  0.0000099732
  0.0000126586
  0.0000139243
  0.0000137686
  0.0000109027
  0.0000103257
 -0.0000040184
  0.0000150914
  0.0000051349
  0.0000004529
  0.0000136813
  0.0000198590
  0.0000021773
  0.0000125248
  0.0000191669
  0.0000061448
  0.0000192772
  0.0000175445
  0.0000132886
  0.0000100343
 -0.0000011824
  0.0000055400
  0.0000173501
  0.0000066747
  0.0000035938
  0.0000051719
 -0.0000027308
  0.0002812589
 -0.0001096993
  0.0002401979
  0.0003171210
 -0.0002485519
 -0.0000894174
 -0.0003485950
 -0.0000418999
  0.0003115261
 -0.0000153055
  0.0001612185
 -0.0002173850
  0.0003195730
  0.0001225032
 -0.0000633916
 -0.0000042602
 -0.0000071555
 -0.0000115925
  0.0000116407
  0.0000066826
  0.0000027916
  0.0000043528
 -0.0000097282
  0.0000083334
 -0.0000064081
  0.0000079438
 -0.0000034969
 -0.0000021367
  0.0000002004
  0.0000020943
  0.0000040817
 -0.0000028046
  0.0000025050
  0.0000054666
  0.0000890556
  0.0000097252
  0.0000055492
 -0.0000126840
  0.0000038474
  0.0000038727
  0.0000058149
 -0.0000078558
  0.0000084688
  0.0000164592
  0.0000110269
  0.0000052640
  0.0000054042
  0.0000029597
 -0.0000109540
 -0.0000043801
  0.0000062167
 -0.0000013161
  0.0000070503
  0.0000031059
  0.0000063979
 -0.0000098774
 -0.0000027232
  0.0000113205
  0.0000097344
  0.0002109746
 -0.0000436679
  0.0000191622
 -0.0000173940
  0.0000006788
  0.0000194348
 -0.0000311033
  0.0000084606
 -0.0000366632
  0.0000156461
  0.0000240124
 -0.0000120659
  0.0000115743
 -0.0000479423
  0.0000035156
  0.0000026952
  0.0000287799
  0.0000185795
 -0.0000045392
 -0.0000120414
  0.0000139488
  0.0000009994
  0.0000078328
  0.0000142365
  0.0000058195
  0.0000058656
 -0.0000036747
 -0.0000004572
  0.0000149735
  0.0000015020
  0.0000046245
  0.0000117480
  0.0000036304
  0.0000013664
  0.0000106784
  0.0000052648
  0.0000138945
  0.0000017155
  0.0000011219
  0.0000028373
  0.0000108638
  0.0000083105
  0.0000027621
  0.0000030143
  0.0000089359
 -0.0000021277
  0.0000113088
  0.0000051875
  0.0000103085
  0.0000130229
  0.0000056624
  0.0000071442
  0.0000050090
  0.0000002025
  0.0000096540
  0.0000116108
  0.0000011582
 -0.0000268279
  0.0000078059
  0.0000088757
  0.0000017228
  0.0001757745
  0.0000405516
  0.0001456520
 -0.0001377984
  0.0002234593
 -0.0000542565
 -0.0001062240
  0.0002411672
  0.0001331230
  0.0001240745
  0.0000117277
 -0.0002977277
  0.0005950207
  0.0002812518
  0.0002813293
  0.0000006915
  0.0000101468
  0.0000157301
 -0.0000001787
  0.0000001073
 -0.0000018003
 -0.0000000729
 -0.0000052263
  0.0000156293
  0.0000109646
 -0.0000024716
 -0.0000043235
  0.0000288308
  0.0000163373
  0.0000299776
  0.0000054104
  0.0000004637
  0.0000221020
  0.0000524621
 -0.0000066043
 -0.0000570479
  0.0000230776
 -0.0000008182
  0.0000028603
  0.0000245398
 -0.0000050325
 -0.0000043883
  0.0000063271
 -0.0000721392
  0.0000415013
  0.0000059574
 -0.0000051828
  0.0000088639
  0.0000041016
  0.0000309882
  0.0000118646
  0.0000461444
  0.0000126351
 -0.0000075629
  0.0001625420
  0.0002033412
  0.0000191343
  0.0000041102
  0.0000024614
  0.0000035725
  0.0000994727
  0.0000325189
  0.0000284541
 -0.0000381793
  0.0000339318
 -0.0001945315
  0.0000517067
  0.0000991939
  0.0000205850
  0.0000232752
  0.0000130256
  0.0000179348
  0.0000144208
 -0.0000188194
  0.0000118594
  0.0000213780
  0.0000121327
  0.0000117388
 -0.0000077160
  0.0000206868
 -0.0000134699
  0.0000108622
  0.0000180338
  0.0000130795
  0.0000202087
  0.0000144368
  0.0000203500
 -0.0000209974
 -0.0000108301
 -0.0000087642
 -0.0000079494
 -0.0000054960
 -0.0000036338
 -0.0000113389
 -0.0000007210
 -0.0000055309
 -0.0000107414
 -0.0000085286
 -0.0000022153
 -0.0000010947
 -0.0000018764
 -0.0000050652
 -0.0000032150
 -0.0000103074
 -0.0000134311
 -0.0000118463
 -0.0000053242
 -0.0000081890
 -0.0000135441
 -0.0000038753
 -0.0000101185
 -0.0000121814
 -0.0000018822
 -0.0000073288
 -0.0000127260
 -0.0000044944
 -0.0000108131
  0.0000164609
 -0.0000017647
  0.0000154256
 -0.0000059667
 -0.0000065508
 -0.0000103066
  0.0002336166
 -0.0002203778
  0.0001899143
  0.0002617534
 -0.0000686074
  0.0001076111
 -0.0002083065
  0.0000093340
 -0.0000997169
 -0.0002019983
  0.0001130523
 -0.0000446756
  0.0001287003
  0.0002249415
 -0.0000582015
 -0.0000011572
 -0.0000081752
 -0.0000098237
  0.0000092423
  0.0000057061
 -0.0000125746
  0.0000051001
 -0.0000061111
  0.0000075788
 -0.0000110641
  0.0000084316
  0.0000045271
 -0.0000056110
  0.0000011497
 -0.0000208252
  0.0000049022
  0.0000039725
  0.0000050225
 -0.0001347413
  0.0000042543
 -0.0000149448
 -0.0000139710
 -0.0000136721
  0.0000046138
  0.0000082443
 -0.0000122387
 -0.0000112070
 -0.0000100751
 -0.0000368167
 -0.0000061749
 -0.0000347112
 -0.0000047558
 -0.0000107108
 -0.0000059078
  0.0001201845
 -0.0000187995
  0.0000625546
 -0.0000092976
 -0.0000026862
 -0.0000307330
 -0.0000090017
 -0.0000424024
 -0.0001387606
 -0.0001243361
  0.0000097146
 -0.0001224008
 -0.0000063457
  0.0000449904
 -0.0001248517
  0.0000234529
 -0.0001413730
  0.0000488684
  0.0000293033
  0.0000217056
 -0.0000078468
  0.0000122901
 -0.0001304159
 -0.0001187306
  0.0000291784
 -0.0000119735
  0.0000341198
 -0.0001462423
 -0.0000072353
 -0.0001103512
  0.0000411785
 -0.0001579685
 -0.0001175141
 -0.0000064360
 -0.0000299384
  0.0000304421
 -0.0001033051
 -0.0000179384
  0.0000119383
  0.0000050212
 -0.0000021353
 -0.0000057686
 -0.0000476401
 -0.0000224150
 -0.0000268331
 -0.0000446525
 -0.0000355776
  0.0000077302
 -0.0000250563
 -0.0000266815
 -0.0000068852
 -0.0000194871
 -0.0000466137
 -0.0000177035
 -0.0000321154
 -0.0000023911
 -0.0000332556
 -0.0000080490
 -0.0000362010
 -0.0000332196
  0.0000038456
 -0.0000329858
  0.0000023957
 -0.0000211448
 -0.0000161598
 -0.0000371638
 -0.0000142500
 -0.0000271781
 -0.0001192731
 -0.0000429492
 -0.0000498675
 -0.0000195665
  0.0005600692
 -0.0004426988
 -0.0002459516
  0.0007061895
  0.0016764026
 -0.0000969098
 -0.0013645420
 -0.0003865332
  0.0005022702
 -0.0002141654
  0.0002436684
 -0.0009277455
  0.0004897290
  0.0007322659
  0.0002680650
  0.0000226814
  0.0000134670
  0.0000269637
 -0.0000013030
  0.0000406780
 -0.0000131851
 -0.0000001208
 -0.0000032849
  0.0000006093
  0.0000113812
  0.0000431764
  0.0000217210
  0.0000164829
 -0.0000038589
  0.0000624807
 -0.0000150581
  0.0000339232
  0.0000337665
  0.0001987916
  0.0000034970
  0.0001879056
  0.0000066215
 -0.0000118018
  0.0000004664
 -0.0000131089
 -0.0000076368
  0.0000185820
 -0.0000241040
  0.0000136941
  0.0001059426
  0.0000138179
 -0.0000213156
  0.0000347207
 -0.0000267161
 -0.0000212278
 -0.0000251361
  0.0001144144
  0.0000373321
  0.0000085091
  0.0000023833
 -0.0000329422
  0.0001649336
  0.0003721672
 -0.0000033651
  0.0000039878
  0.0000404267
 -0.0000072909
 -0.0000169478
  0.0000088054
  0.0000155551
 -0.0000046420
 -0.0000080946
 -0.0000127473
 -0.0000554168
  0.0000013054
 -0.0000287154
  0.0000260102
  0.0000197879
  0.0000407635
  0.0000605038
  0.0000765719
 -0.0000080954
  0.0000828813
 -0.0000392591
 -0.0000452391
  0.0000011065
 -0.0000215793
  0.0000293054
 -0.0000491389
  0.0000146415
 -0.0000683058
  0.0000652189
  0.0000211030
 -0.0000549276
  0.0000145332
  0.0000070210
  0.0000260432
  0.0000608968
  0.0000661058
 -0.0000457903
 -0.0000056489
 -0.0000532843
 -0.0000556434
  0.0000090905
  0.0000039244
 -0.0000483811
 -0.0000581110
 -0.0000145984
 -0.0000193125
  0.0000105897
 -0.0000079847
 -0.0000036062
  0.0000039829
  0.0000123663
  0.0000178158
  0.0000321794
 -0.0000268001
 -0.0000238134
  0.0000411816
 -0.0000023704
  0.0000028105
  0.0000055172
 -0.0000072704
 -0.0000031833
 -0.0000139751
  0.0000043012
 -0.0000009638
 -0.0000382915
 -0.0000355126
  0.0000387501
 -0.0000172127
  0.0000057292
 -0.0000732983
  0.0000077446
 -0.0000220089
 -0.0000163478
  0.0000396686
  0.0007717750
  0.0003461202
 -0.0030290458
 -0.0008151735
 -0.0001203170
  0.0000068953
 -0.0001759873
  0.0009418470
 -0.0002119539
  0.0000414131
 -0.0000130399
  0.0000165952
 -0.0000007994
  0.0000106256
  0.0000430525
  0.0000175752
  0.0000204633
  0.0000229535
 -0.0000168296
  0.0000183778
  0.0000365603
  0.0000089865
  0.0000132805
  0.0000545667
  0.0000012533
  0.0000527591
  0.0000048903
  0.0000556293
  0.0000152702
  0.0001610912
  0.0000207102
 -0.0000187861
  0.0000045758
 -0.0000030508
 -0.0000274900
  0.0000312973
  0.0000349935
  0.0000265564
  0.0005511962
 -0.0000109302
  0.0000047268
  0.0001592392
  0.0000056708
  0.0000037727
  0.0000082394
  0.0001654638
  0.0000164106
  0.0000044015
  0.0000170703
  0.0000067952
  0.0001668790
  0.0009160265
 -0.0000181994
  0.0000084459
  0.0003624256
  0.0000067959
  0.0000423421
 -0.0000493677
 -0.0000165898
  0.0000323987
 -0.0000114219
  0.0001066891
 -0.0000872478
 -0.0000283663
 -0.0000215985
 -0.0000311430
 -0.0000303517
 -0.0000347927
 -0.0000559263
 -0.0000237337
 -0.0000491452
 -0.0000492749
 -0.0000262333
 -0.0000355856
 -0.0000201039
 -0.0000235154
 -0.0000415112
 -0.0000223927
 -0.0000464491
 -0.0000313066
 -0.0000078910
 -0.0000691645
 -0.0000459921
 -0.0000194312
 -0.0000924987
 -0.0000519844
 -0.0000317568
 -0.0000139866
 -0.0000293905
 -0.0000284690
 -0.0000300136
 -0.0000449477
 -0.0000289736
 -0.0000326655
 -0.0000426119
 -0.0000239838
 -0.0000328268
 -0.0000145371
 -0.0000254550
 -0.0000374391
 -0.0000313896
 -0.0000121743
 -0.0000180076
 -0.0000383730
 -0.0000365401
 -0.0000161368
 -0.0000195244
 -0.0000266114
 -0.0000296013
 -0.0000216887
 -0.0000299100
 -0.0000453687
 -0.0000077118
 -0.0000284677
 -0.0000450173
 -0.0000209768
 -0.0000416552
 -0.0000272232
 -0.0000075528
 -0.0000412985
 -0.0000228791
 -0.0000149389
 -0.0000340409
 -0.0000102997
 -0.0000285112
 -0.0000200430
 -0.0003033979
  0.0002004046
  0.0000968367
 -0.0002823535
 -0.0001911999
 -0.0002040957
 -0.0003613973
  0.0002924667
  0.0000046755
  0.0007298707
 -0.0000352366
  0.0000609472
  0.0000623312
 -0.0004655221
  0.0000034260
  0.0000054685
  0.0000048470
  0.0000158886
 -0.0000178886
  0.0000190507
 -0.0000291116
 -0.0000232463
 -0.0000172019
 -0.0000231490
  0.0000028331
  0.0000223091
  0.0000010403
 -0.0000167091
 -0.0000253102
  0.0000079205
 -0.0000364894
  0.0000071122
 -0.0000137580
 -0.0000259695
 -0.0000201601
 -0.0001888694
 -0.0000062260
 -0.0000294947
 -0.0000040879
 -0.0000081361
 -0.0000185996
 -0.0000125416
  0.0000638269
 -0.0000114978
 -0.0000335902
 -0.0000766994
 -0.0000265299
 -0.0000107795
 -0.0001135823
  0.0000160431
 -0.0000128211
 -0.0000139089
 -0.0000210892
  0.0000722380
 -0.0000252182
 -0.0000046371
 -0.0000245383
  0.0000206302
 -0.0000275189
 -0.0000159738
  0.0000173692
 -0.0000226487
  0.0000560008
  0.0003752238
 -0.0000466390
  0.0000740489
 -0.0000271323
  0.0000075161
  0.0000037506
  0.0000677412
  0.0001547324
 -0.0000446859
  0.0000529376
  0.0000803542
  0.0000098393
  0.0000018913
  0.0002466255
  0.0000524661
 -0.0000023986
  0.0000390173
 -0.0000040080
  0.0000416015
 -0.0000035523
  0.0001238488
  0.0002586503
  0.0000189060
 -0.0000364321
  0.0001727858
  0.0000425331
  0.0000554880
  0.0000091122
  0.0002874272
  0.0000511637
  0.0002732895
  0.0002270381
 -0.0000466517
  0.0000075496
  0.0002118393
 -0.0000505157
 -0.0000421926
  0.0000515379
 -0.0000535889
 -0.0000397409
 -0.0000374345
  0.0000466011
  0.0000661253
  0.0001943292
 -0.0000079939
 -0.0000360450
  0.0001358024
 -0.0000652004
 -0.0000392404
  0.0000531986
 -0.0000402734
 -0.0000450916
  0.0000329141
 -0.0000378324
 -0.0000459839
  0.0000611027
 -0.0000282662
  0.0001820258
  0.0000129645
 -0.0000487684
 -0.0000183235
  0.0000512149
  0.0000439940
  0.0000007473
 -0.0000647197
  0.0000850500
 -0.0018880625
  0.0009696334
 -0.0014727585
  0.0008497355
 -0.0002512275
 -0.0015342994
  0.0001282686
  0.0002152020
  0.0001358282
  0.0001220283
  0.0000729679
  0.0001947028
  0.0001203753
  0.0001429808
  0.0002486107
  0.0001900125
  0.0001085570
  0.0001365990
  0.0002697083
  0.0001429414
  0.0001849462
  0.0000918705
  0.0000571206
  0.0002877894
  0.0001644743
  0.0001774889
  0.0000810537
  0.0001395081
  0.0001755254
  0.0001123648
  0.0001591604
  0.0001950693
  0.0001153426
  0.0000306315
  0.0002025921
 -0.0004601905
  0.0001017221
 -0.0000470913
  0.0000770228
 -0.0000295213
 -0.0000351831
 -0.0000069325
  0.0001610320
  0.0001345896
  0.0001223615
  0.0003036737
 -0.0000724370
 -0.0000936375
 -0.0014660758
  0.0003045382
  0.0000700140
  0.0002295878
  0.0001230803
  0.0000675618
  0.0001647148
  0.0001254065
 -0.0000802516
  0.0000318489
 -0.0000434823
  0.0000491804
 -0.0000453102
 -0.0000136195
 -0.0000086065
  0.0000096519
 -0.0000130487
  0.0000120419
  0.0000108924
 -0.0000041105
  0.0000151292
 -0.0000013994
  0.0000137096
  0.0000120735
 -0.0000004601
 -0.0000083158
  0.0000104126
  0.0000047764
  0.0000137580
  0.0000014471
 -0.0000027841
 -0.0000009102
  0.0000026983
  0.0000062820
 -0.0000040808
  0.0000084920
  0.0000030671
  0.0000030704
 -0.0000028434
  0.0000073149
  0.0000099686
 -0.0000020409
 -0.0000007091
  0.0000088684
  0.0000031995
  0.0000001950
  0.0000033100
  0.0000061371
 -0.0000036114
  0.0000017975
  0.0000061678
  0.0000029971
  0.0000032419
  0.0000022949
 -0.0000004109
  0.0000022177
  0.0000064975
 -0.0000013335
  0.0000085512
  0.0000069508
  0.0000053809
 -0.0000012066
  0.0001023040
 -0.0001442995
  0.0000581213
  0.0001494510
  0.0000218537
 -0.0000966244
 -0.0001946033
  0.0000338239
 -0.0001223045
 -0.0001872148
  0.0000046279
 -0.0000278149
  0.0001620745
  0.0002288565
 -0.0000173822
  0.0000030495
 -0.0000016306
 -0.0000014436
  0.0000145466
  0.0000073467
  0.0000039783
 -0.0000041170
 -0.0000037390
 -0.0000069592
 -0.0000034107
  0.0000012391
  0.0000010827
 -0.0000000903
 -0.0000034411
 -0.0000011840
 -0.0000034222
 -0.0000027592
 -0.0000044503
 -0.0000949870
 -0.0000061267
 -0.0000102589
 -0.0000417794
  0.0000137925
 -0.0000066706
  0.0000041488
 -0.0000004401
 -0.0000052180
  0.0000048345
  0.0000068113
 -0.0000101207
 -0.0000000640
  0.0000007294
  0.0000008931
  0.0000099502
  0.0000241146
  0.0000049485
  0.0000560625
 -0.0000040992
 -0.0000005894
 -0.0000124020
 -0.0000088140
 -0.0000072365
 -0.0000209372
  0.0000418139
 -0.0000076967
 -0.0000202220
  0.0000346519
 -0.0000139488
 -0.0000500088
  0.0000076616
  0.0000221203
 -0.0000039101
  0.0000085790
  0.0000451946
  0.0000067037
  0.0000240770
  0.0000008939
 -0.0000224008
 -0.0000800044
 -0.0000132399
 -0.0000207839
  0.0000328107
  0.0000006054
  0.0000229567
  0.0000271605
 -0.0000762316
  0.0000174065
  0.0000182549
 -0.0000273410
 -0.0000227585
 -0.0000112976
  0.0000111117
  0.0000141272
  0.0000148108
  0.0000138090
  0.0000070298
  0.0000321772
  0.0000020601
  0.0000180147
  0.0000325687
  0.0000240938
  0.0000363469
 -0.0000147675
  0.0000100702
 -0.0000027004
 -0.0000129904
 -0.0000097461
  0.0000332411
 -0.0000060052
 -0.0000119656
 -0.0000139303
  0.0000202227
 -0.0000038952
 -0.0000214617
 -0.0000120010
  0.0000106074
 -0.0000021139
  0.0000264697
  0.0000007344
 -0.0000055143
  0.0000193700
 -0.0000024287
  0.0000101622
  0.0000026235
 -0.0000235830
 -0.0000059965
  0.0000152377
  0.0000287640
  0.0000021349
 -0.0000065424
 -0.0000173985
 -0.0000213539
 -0.0001945063
 -0.0003357316
 -0.0001026057
  0.0001541571
  0.0016363332
 -0.0000671154
 -0.0017972801
 -0.0007034530
  0.0004692227
  0.0004693492
 -0.0000073233
 -0.0007020721
  0.0003340888
 -0.0000974036
 -0.0000256781
 -0.0000063650
  0.0000048470
  0.0000134820
  0.0000008250
 -0.0000038350
 -0.0000235137
  0.0000261962
 -0.0000179205
  0.0000229307
  0.0000046506
 -0.0000045363
 -0.0000024446
  0.0000296020
  0.0000217953
  0.0000214149
  0.0000139445
  0.0000087104
  0.0000383022
  0.0002479354
 -0.0000145866
  0.0000566989
  0.0000016868
  0.0000234416
  0.0000021440
  0.0000247889
  0.0000060651
 -0.0000100627
 -0.0000150384
 -0.0000076545
 -0.0002499433
  0.0000285624
 -0.0000070214
 -0.0001224944
 -0.0000114707
 -0.0000135645
 -0.0000113550
 -0.0001180135
 -0.0000038937
  0.0000238907
 -0.0000061941
 -0.0000234506
 -0.0000683644
  0.0001210461
  0.0000027249
 -0.0000121970
  0.0004670509
  0.0000247766
 -0.0000166825
 -0.0001088503
  0.0000297920
 -0.0000144836
  0.0000214352
 -0.0000120516
  0.0000963247
  0.0001323042
  0.0000796096
  0.0000504186
  0.0000178074
 -0.0001676174
  0.0000932743
 -0.0001982678
  0.0000662090
 -0.0000908494
 -0.0001791160
  0.0000299318
  0.0000198074
 -0.0002731231
  0.0001208903
  0.0001368572
 -0.0001758200
  0.0000916794
 -0.0001797008
  0.0000584172
  0.0000472280
  0.0000958388
 -0.0000757620
  0.0001339756
  0.0001358082
 -0.0002722978
 -0.0002062470
  0.0000580338
 -0.0000171667
 -0.0001458146
  0.0000299447
 -0.0000708352
  0.0000061983
  0.0000109168
  0.0000620203
  0.0000645648
 -0.0000221527
  0.0000877033
  0.0000631600
  0.0000969625
 -0.0000369207
  0.0000883788
  0.0001158903
  0.0001070143
 -0.0000013436
  0.0000596659
  0.0001032454
  0.0000692089
  0.0000272711
  0.0000938520
 -0.0000269070
  0.0001062356
  0.0000678745
  0.0000151937
  0.0001260476
  0.0000199565
 -0.0000039523
  0.0000989931
  0.0000647312
  0.0001185394
  0.0000855336
  0.0001323193
  0.0000591486
  0.0000603183
  0.0001046264
 -0.0005202813
 -0.0001617226
  0.0000862378
  0.0005840692
  0.0002803083
  0.0004771161
 -0.0009534538
  0.0000328000
 -0.0005857391
 -0.0000782316
 -0.0000509123
 -0.0003261098
  0.0002697038
  0.0001135014
  0.0001014407
  0.0002115390
 -0.0000587765
  0.0001321716
  0.0000074201
  0.0001524245
 -0.0000786605
 -0.0002690903
  0.0000754791
 -0.0003429803
  0.0002220471
 -0.0000233823
 -0.0002685378
 -0.0004029957
 -0.0000261037
 -0.0005682611
  0.0002284099
 -0.0001184804
  0.0000495594
  0.0003221011
  0.0000615380
 -0.0000991217
  0.0000941502
 -0.0000695850
 -0.0006166249
  0.0001547619
  0.0000950880
 -0.0006614313
  0.0000678027
  0.0000657623
  0.0000657021
 -0.0004825312
 -0.0000253304
 -0.0000084913
  0.0001110151
  0.0000469185
 -0.0002958539
  0.0007921268
  0.0001273728
  0.0001146624
 -0.0008021536
  0.0002733700
  0.0001213231
  0.0001997372
 -0.0000731468
  0.0000719001
  0.0001412784
  0.0000872893
  0.0000705150
  0.0000282681
  0.0000428986
  0.0000682202
  0.0000430398
  0.0000656428
  0.0000376334
  0.0000723380
  0.0000451774
  0.0000691918
  0.0000381844
  0.0000824986
  0.0000591774
  0.0000584028
  0.0000432715
  0.0000635186
  0.0000473468
  0.0000440500
  0.0000565194
  0.0000701564
  0.0000236805
  0.0000397140
  0.0000692245
  0.0000590787
  0.0000603722
  0.0000461261
  0.0000663517
  0.0000647273
  0.0000470002
  0.0000393030
  0.0000484983
  0.0000665850
  0.0001490010
 -0.0000158911
 -0.0001098151
  0.0000628536
  0.0000965846
  0.0000186184
  0.0000623849
  0.0001602389
  0.0001230780
  0.0000185592
  0.0000112510
 -0.0000474215
  0.0000078473
  0.0000492167
 -0.0000198464
  0.0000855975
  0.0001326636
  0.0000165537
  0.0000939905
  0.0001509070
  0.0000129801
  0.0001377496
  0.0001565055
 -0.0000538937
  0.0000210124
 -0.0000468567
  0.0000218187
  0.0001540566
  0.0000639897
  0.0000177982
  0.0000430741
  0.0000310421
  0.0000687932
 -0.0000092235
 -0.0003760298
  0.0014504115
 -0.0001356883
 -0.0008032738
 -0.0008731004
 -0.0003912714
  0.0000690578
 -0.0007422054
  0.0018492224
 -0.0001553851
 -0.0000945772
 -0.0007189789
 -0.0001018714
 -0.0002555431
 -0.0003753557
 -0.0001739655
 -0.0000857986
 -0.0000558500
 -0.0001613695
 -0.0000544732
 -0.0002000280
 -0.0002455628
 -0.0000921008
 -0.0000687254
 -0.0003865752
 -0.0002201527
 -0.0003115339
 -0.0001874454
 -0.0000801591
 -0.0004036165
 -0.0005020335
 -0.0000497249
 -0.0002980781
 -0.0001733443
 -0.0000672219
 -0.0001627326
 -0.0002327963
 -0.0001154260
  0.0000113357
 -0.0000532906
  0.0004437867
 -0.0001829304
  0.0001431618
 -0.0001480080
  0.0001737842
  0.0001075807
  0.0000343882
 -0.0001850197
 -0.0001442075
 -0.0000587706
 -0.0002154138
  0.0000586316
  0.0000088909
  0.0004227044
 -0.0002125507
 -0.0000065378
 -0.0001317564
 -0.0001736513
  0.0000201119
 -0.0001820602
 -0.0003469385
  0.0000726530
 -0.0000566853
  0.0000247313
  0.0000927631
  0.0000073154
 -0.0000306790
  0.0001017619
  0.0000255897
 -0.0001159754
  0.0000345097
 -0.0000591534
  0.0000108515
 -0.0000360834
 -0.0000514519
 -0.0000046794
  0.0000584110
 -0.0001008882
 -0.0000267000
 -0.0000798454
  0.0000013981
 -0.0000030638
 -0.0000963928
  0.0000420593
 -0.0000013123
 -0.0000175540
 -0.0000863872
 -0.0000676002
 -0.0000862287
 -0.0000368813
  0.0000050161
  0.0000043430
 -0.0000390264
  0.0001063103
 -0.0000417533
  0.0000783599
  0.0000115796
  0.0000560774
  0.0001504420
  0.0000678420
 -0.0000639819
  0.0000222864
  0.0000343606
  0.0000001905
  0.0000352995
  0.0000689714
 -0.0000132921
  0.0000353243
  0.0000012493
  0.0000186181
 -0.0000114620
 -0.0000206224
 -0.0000900691
  0.0000860214
  0.0000161691
 -0.0000256943
  0.0000078102
  0.0000240822
 -0.0000209662
  0.0000331295
  0.0000156574
  0.0000006215
  0.0000180388
  0.0000165520
  0.0000654937
  0.0000886077
 -0.0000347070
  0.0000025786
  0.0000346791
  0.0000907360
 -0.0000112779
  0.0000035719
  0.0000321118
 -0.0000254719
  0.0011723262
  0.0014319180
 -0.0000646342
 -0.0013895076
 -0.0002254349
 -0.0010261159
  0.0011246990
 -0.0006693329
 -0.0001174470
  0.0000711877
  0.0001391589
  0.0000470343
 -0.0000883245
 -0.0000420977
  0.0000545980
 -0.0001371905
  0.0000664769
  0.0000526128
 -0.0000867960
 -0.0001207794
  0.0001963563
  0.0000352862
  0.0001277570
  0.0000479499
 -0.0000671621
  0.0001792337
  0.0000545217
 -0.0001460492
  0.0000669965
  0.0000547048
 -0.0000012344
  0.0000365030
  0.0000417319
  0.0000401164
 -0.0000822805
 -0.0000189290
 -0.0000907437
 -0.0000826498
  0.0000471796
  0.0000220479
  0.0001983531
 -0.0000093201
  0.0000172416
 -0.0000081207
  0.0002025231
 -0.0001195950
  0.0000265877
  0.0000377998
 -0.0000218128
 -0.0002994904
 -0.0004341867
  0.0000283231
 -0.0001528673
 -0.0004985622
  0.0000490412
 -0.0000199171
  0.0000551092
  0.0001309852
 -0.0000827835
  0.0000142772
 -0.0000150205
 -0.0000257340
  0.0000059688
 -0.0000212790
  0.0000173371
 -0.0000063998
 -0.0000005028
  0.0000219825
  0.0000234532
  0.0000061660
  0.0000231712
  0.0000245322
 -0.0000108305
  0.0000054713
  0.0000095607
 -0.0000255896
 -0.0000001709
 -0.0000235179
  0.0000156571
 -0.0000089065
  0.0000133869
  0.0000195005
 -0.0000112970
  0.0000107364
  0.0000228836
 -0.0000091301
 -0.0000268031
  0.0000030833
  0.0000159018
 -0.0000061364
  0.0000128518
 -0.0000120760
 -0.0000148022
 -0.0000101452
 -0.0000015651
 -0.0000278116
  0.0000120414
  0.0000137876
 -0.0000056762
  0.0000072443
 -0.0000114579
 -0.0000084467
 -0.0000172652
 -0.0000237677
 -0.0000132278
 -0.0000133840
 -0.0000153463
 -0.0000007199
 -0.0000054500
 -0.0000113643
 -0.0000229964
 -0.0000278723
 -0.0000095364
 -0.0000114374
 -0.0000272535
 -0.0000074652
 -0.0000325995
 -0.0000240352
  0.0000165968
  0.0000118917
 -0.0000137838
 -0.0000077914
 -0.0000340525
 -0.0000107098
 -0.0000070886
 -0.0000084095
 -0.0000087954
 -0.0000110678
 -0.0000126612
  0.0000020778
  0.0004023116
 -0.0001952674
 -0.0001073929
  0.0000629220
 -0.0001835480
  0.0004807830
 -0.0009843160
 -0.0003230887
  0.0001769460
  0.0000534286
  0.0002525395
  0.0002349513
  0.0002202914
 -0.0000161391
 -0.0000232336
 -0.0000197042
 -0.0000078157
 -0.0000070944
 -0.0000168084
 -0.0000261566
 -0.0000223198
 -0.0000142181
 -0.0000243716
 -0.0000127629
 -0.0000194082
 -0.0000176633
  0.0000018692
 -0.0000464503
 -0.0000192910
 -0.0000133458
 -0.0000433631
  0.0001704732
 -0.0000184664
  0.0000507778
 -0.0000363648
 -0.0000621651
 -0.0000998192
 -0.0000192693
 -0.0000388943
 -0.0000163009
 -0.0000213089
 -0.0000069209
  0.0000980730
 -0.0000850083
 -0.0000143919
 -0.0000489065
 -0.0000088087
 -0.0000082263
 -0.0000121914
  0.0000089385
 -0.0000014991
 -0.0000121283
 -0.0000237529
 -0.0000243869
 -0.0000539575
  0.0001430342
 -0.0000506698
 -0.0000168821
  0.0003415065
 -0.0000209067
 -0.0000100634
  0.0001186506
 -0.0000842760
 -0.0000241339
 -0.0000131575
 -0.0000080089
 -0.0000420989
 -0.0000308738
 -0.0000011991
 -0.0000320514
  0.0000053518
  0.0000592315
 -0.0000292622
  0.0000603107
 -0.0000614961
  0.0000588420
  0.0000455331
  0.0000294828
  0.0000014876
 -0.0000312858
 -0.0000246802
  0.0000459880
 -0.0000011206
  0.0000501580
 -0.0000574394
  0.0000039226
 -0.0000293986
  0.0000508932
 -0.0000817529
 -0.0000248447
 -0.0000166678
 -0.0000202471
 -0.0000141778
 -0.0000289257
  0.0000222472
 -0.0000046959
 -0.0000114832
 -0.0000127352
 -0.0000215710
 -0.0000121146
 -0.0000049250
 -0.0000221961
 -0.0000177526
 -0.0000055277
 -0.0000032259
 -0.0000047051
 -0.0000313224
 -0.0000024723
 -0.0000205776
 -0.0000068326
 -0.0000231714
 -0.0000020829
 -0.0000106016
 -0.0000133960
 -0.0000130892
 -0.0000164168
 -0.0000019819
 -0.0000112706
 -0.0000034535
 -0.0000060560
 -0.0000122177
 -0.0000175875
 -0.0000047177
 -0.0000071000
 -0.0000241216
 -0.0000198850
 -0.0000251660
 -0.0000084064
 -0.0000108496
 -0.0001728107
  0.0003447995
 -0.0001673118
 -0.0000600505
  0.0000222138
 -0.0003460167
  0.0003179131
 -0.0003260866
  0.0000589851
  0.0001297559
 -0.0001474801
  0.0002832488
  0.0001756466
  0.0002193667
 -0.0000448471
 -0.0000072236
  0.0000008553
 -0.0000104901
 -0.0000324987
 -0.0000103982
  0.0000065058
 -0.0000540591
  0.0000046120
 -0.0000043031
 -0.0000368856
 -0.0000469944
  0.0000152781
  0.0000046855
  0.0000496063
  0.0000001750
 -0.0000324935
  0.0000210405
 -0.0000451023
 -0.0000570822
 -0.0001249041
 -0.0000036080
  0.0000063200
  0.0000062858
  0.0000112125
 -0.0000500194
 -0.0000130338
 -0.0000408767
  0.0000858052
  0.0000535032
 -0.0000078445
  0.0000676053
  0.0000011335
 -0.0000084643
 -0.0000036421
  0.0000295720
 -0.0000178239
  0.0000102818
 -0.0000179831
 -0.0000076556
  0.0001062636
 -0.0001311404
  0.0000076832
 -0.0000457789
  0.0000212234
  0.0000088740
 -0.0000058424
 -0.0001150325
  0.0000716935
  0.0000063686
 -0.0000274692
  0.0000206410
 -0.0000413173
 -0.0000268683
 -0.0000478078
 -0.0000586443
  0.0000069116
 -0.0000353483
  0.0000849408
 -0.0000217865
 -0.0000260295
  0.0000684265
  0.0000575953
  0.0000223305
 -0.0000583323
 -0.0000055674
  0.0000041031
  0.0000540464
 -0.0000427000
  0.0000542820
 -0.0000789500
 -0.0000514298
 -0.0000270387
  0.0000100889
 -0.0001337062
  0.0000027063
  0.0000517705
  0.0000465657
 -0.0000778270
 -0.0000565611
  0.0000153877
 -0.0001024572
 -0.0000479298
 -0.0000271282
 -0.0000416659
 -0.0000705879
 -0.0000721716
  0.0000161433
 -0.0001101691
 -0.0000760406
 -0.0000945555
 -0.0000080824
 -0.0001082571
 -0.0001136990
 -0.0001476988
  0.0000049184
 -0.0000659866
 -0.0001262454
 -0.0000823843
 -0.0000314467
 -0.0001229590
  0.0000190630
 -0.0000979522
 -0.0000885674
 -0.0000270067
 -0.0000901397
 -0.0000354727
 -0.0000053028
 -0.0001421625
 -0.0000803633
 -0.0000697284
 -0.0001114760
  0.0000044890
 -0.0000732990
 -0.0000797225
 -0.0001244983
  0.0002417184
 -0.0002217769
  0.0003908867
  0.0001802966
  0.0001586272
 -0.0003148500
 -0.0002637251
 -0.0001094412
 -0.0001447204
 -0.0001194568
 -0.0002137079
 -0.0001115345
 -0.0001481804
 -0.0002343510
 -0.0001147215
 -0.0002246979
 -0.0001628373
 -0.0001062096
 -0.0001096423
 -0.0001321448
 -0.0002257052
 -0.0002406816
 -0.0002682993
 -0.0001147714
 -0.0001457330
 -0.0002894394
 -0.0001382451
 -0.0002977196
 -0.0002438855
 -0.0001363624
 -0.0001417184
 -0.0002246459
 -0.0001941000
 -0.0001342901
 -0.0001135470
 -0.0001408232
  0.0001398896
 -0.0002097637
 -0.0000456775
 -0.0001724424
 -0.0000707261
 -0.0000341341
 -0.0000930361
 -0.0001754209
 -0.0001165421
 -0.0000876042
 -0.0002417208
 -0.0000897235
 -0.0002343020
 -0.0004298446
 -0.0002322640
 -0.0001429898
 -0.0003735562
 -0.0002352988
 -0.0001151997
 -0.0002142384
 -0.0001656497
 -0.0001227198
 -0.0001098527
 -0.0000045428
 -0.0000198542
  0.0000002339
 -0.0000187851
  0.0000002965
 -0.0000151921
 -0.0000276288
  0.0000040538
 -0.0000237436
 -0.0000022580
  0.0000075377
  0.0000014274
 -0.0000255718
 -0.0000015506
 -0.0000241301
 -0.0000012475
 -0.0000351479
  0.0000051332
 -0.0000321716
 -0.0000139464
 -0.0000156911
 -0.0000086056
 -0.0000046376
 -0.0000031552
 -0.0000295468
 -0.0000303440
  0.0000038200
 -0.0000584641
 -0.0000629368
 -0.0000869728
  0.0000007637
 -0.0000568516
 -0.0000135728
 -0.0000023908
 -0.0000245782
 -0.0000570397
 -0.0000110166
 -0.0000193012
 -0.0000399482
 -0.0000660077
  0.0000079851
 -0.0000325438
 -0.0000133356
 -0.0000583259
 -0.0000265289
 -0.0000536353
 -0.0000305654
 -0.0000071698
 -0.0000561433
 -0.0000293142
 -0.0000558187
 -0.0000725006
 -0.0000464584
 -0.0000039906
 -0.0000348143
 -0.0000262931
 -0.0000143814
  0.0000055751
 -0.0000019234
 -0.0000065644
 -0.0000304393
 -0.0001410029
  0.0000823055
  0.0007370295
  0.0000580673
 -0.0003626268
 -0.0005144165
 -0.0007558013
  0.0001190675
  0.0003638206
  0.0007521375
  0.0002622339
 -0.0001992977
  0.0005925702
  0.0003937882
  0.0003049481
 -0.0000199144
 -0.0000516486
 -0.0000311515
 -0.0000575102
 -0.0000708987
 -0.0000478671
 -0.0000551212
 -0.0000193328
 -0.0000511500
 -0.0000547109
 -0.0000645459
 -0.0000229944
 -0.0000375290
 -0.0000612653
 -0.0000788239
 -0.0000684141
 -0.0000517345
 -0.0000313723
  0.0000047729
 -0.0000385747
  0.0000456366
 -0.0000566075
 -0.0000633956
 -0.0000638799
 -0.0000646403
 -0.0000529011
 -0.0000176084
 -0.0000586766
  0.0000384734
 -0.0000504231
 -0.0000504327
  0.0000314123
 -0.0000047742
 -0.0000536056
 -0.0000094789
  0.0001199634
 -0.0000604503
 -0.0000583789
 -0.0000596964
 -0.0000140888
  0.0000371604
  0.0001377326
 -0.0000665102
 -0.0000405477
 -0.0001803148
 -0.0000562491
 -0.0000210937
 -0.0001089463
 -0.0000624641
 -0.0000724563
  0.0000122765
 -0.0000007741
  0.0000063171
 -0.0000030668
  0.0000056121
 -0.0000404659
  0.0000258649
  0.0000015481
 -0.0000368418
 -0.0000031369
 -0.0000007430
  0.0000008392
 -0.0000055699
 -0.0000219365
  0.0000036394
 -0.0000046335
  0.0000005853
  0.0000066631
 -0.0000280395
 -0.0000074755
  0.0000054890
  0.0000254540
  0.0000687609
  0.0000189340
  0.0000389870
  0.0000140766
  0.0000211412
  0.0000192572
  0.0000305869
  0.0000152937
  0.0000137653
  0.0000120245
  0.0000630731
  0.0000132443
  0.0000133708
  0.0000220372
  0.0000229970
  0.0000089325
  0.0000394068
  0.0000144942
  0.0000149214
  0.0000257759
  0.0000170688
  0.0000917218
  0.0000539861
  0.0000103206
  0.0000142695
  0.0000181392
 -0.0000101227
  0.0000131328
 -0.0000002927
  0.0000124500
  0.0000160552
  0.0000125135
  0.0001054651
 -0.0000082437
  0.0000749908
  0.0001785983
 -0.0000143113
  0.0001148410
 -0.0001571433
  0.0000966669
 -0.0000221659
 -0.0000305534
  0.0000414451
  0.0000112605
  0.0001839443
 -0.0001078126
  0.0000715216
  0.0000094548
  0.0000191631
  0.0000143132
 -0.0000038874
  0.0000041053
  0.0000109399
  0.0000161376
  0.0000030322
  0.0000363773
  0.0000156545
  0.0000044613
  0.0000115069
  0.0000109055
  0.0000154446
  0.0000293012
  0.0000194827
  0.0000170447
  0.0000283672
 -0.0001104206
  0.0000032088
  0.0000194701
  0.0000114427
  0.0000233163
  0.0000043599
  0.0000113113
  0.0000183306
 -0.0000055249
  0.0000153633
  0.0000038147
  0.0000180998
  0.0000174093
  0.0001235983
  0.0000149869
  0.0000756785
  0.0000097560
  0.0000160029
 -0.0000053585
  0.0000264310
  0.0000134269
  0.0000108906
  0.0000156933
  0.0000059450
  0.0000088368
 -0.0000019926
 -0.0000006847
  0.0000034835
  0.0000012889
  0.0000045927
 -0.0000007735
  0.0000004744
  0.0000015500
 -0.0000029394
  0.0000031400
  0.0000029376
 -0.0000021899
  0.0000015250
  0.0000007343
 -0.0000004538
  0.0000006581
 -0.0000019198
 -0.0000019659
  0.0000008991
  0.0000012629
  0.0000018929
  0.0000020573
  0.0000039783
 -0.0000004971
  0.0000006669
 -0.0000044416
  0.0000009455
 -0.0000006667
 -0.0000003059
 -0.0000033655
 -0.0000064917
  0.0000405325
  0.0000147062
  0.0000746789
  0.0000672765
 -0.0000653267
 -0.0001087712
  0.0000562343
 -0.0000638453
 -0.0001196573
 -0.0000189725
 -0.0000085604
 -0.0000039983
 -0.0000480866
  0.0000707628
 -0.0000025500
  0.0000029064
 -0.0000003128
 -0.0000031125
 -0.0000014190
  0.0000022958
 -0.0000024673
  0.0000013010
 -0.0000002886
  0.0000098209
  0.0000023913
 -0.0000015078
 -0.0000086058
 -0.0000003549
 -0.0000054170
 -0.0000029241
  0.0000005019
  0.0000018637
  0.0000357555
 -0.0000225736
 -0.0000049977
  0.0000022220
  0.0000215230
 -0.0000026986
 -0.0000008969
 -0.0000035349
  0.0000236778
 -0.0000069688
  0.0000018864
  0.0000042042
  0.0000004273
  0.0000007827
  0.0000103021
  0.0000044077
  0.0000035942
  0.0000089607
  0.0000029090
  0.0000170611
  0.0000526840
 -0.0000014965
  0.0000026881
 -0.0000017869
 -0.0000051123
 -0.0000237053
 -0.0000022280
  0.0000091737
 -0.0000183446
  0.0000038707
  0.0000208067
 -0.0000130727
 -0.0000029128
 -0.0000057180
  0.0000075806
  0.0000008051
  0.0000011135
  0.0000035092
 -0.0000001359
  0.0000013216
  0.0000036698
  0.0000033430
  0.0000009311
  0.0000000389
  0.0000012325
 -0.0000015729
 -0.0000002557
  0.0000060378
  0.0000082902
 -0.0000188701
  0.0000650888
 -0.0000433298
  0.0000089512
 -0.0001085181
  0.0000331895
  0.0000357762
 -0.0000182198
  0.0000026783
  0.0000407951
 -0.0000240186
 -0.0000467336
  0.0000207801
  0.0000044510
 -0.0000023125
 -0.0000011616
 -0.0000007431
  0.0000058108
  0.0000073232
  0.0000025436
 -0.0000013233
 -0.0000050812
  0.0000070483
  0.0000013237
  0.0000052616
 -0.0000013944
  0.0000111740
 -0.0000018330
  0.0000101300
 -0.0000053152
  0.0000145899
  0.0000164775
  0.0000031579
 -0.0000005081
 -0.0000040193
 -0.0000012107
 -0.0000015134
  0.0000093519
  0.0000061351
  0.0000021579
  0.0000069578
  0.0000050399
  0.0000034837
  0.0000056457
  0.0000018064
 -0.0000053612
 -0.0000002645
 -0.0000068782
 -0.0000245863
  0.0000196334
 -0.0000024688
 -0.0000043567
  0.0000301789
  0.0000002111
  0.0000028305
 -0.0000073722
 -0.0000001340
 -0.0000173706
  0.0000053104
  0.0000103028
 -0.0000029977
  0.0000073541
  0.0000140241
 -0.0000018409
  0.0000077510
 -0.0000034740
 -0.0000027331
  0.0000014580
  0.0000005125
  0.0000027864
  0.0000000547
 -0.0000008882
  0.0000006718
 -0.0000037860
  0.0000025394
  0.0000026371
 -0.0000012169
  0.0000045233
  0.0000012903
  0.0000001265
  0.0000000318
 -0.0000003626
 -0.0000031342
 -0.0000024421
  0.0000013346
 -0.0000002377
  0.0000009569
  0.0000008644
  0.0000010241
  0.0000021977
  0.0000003454
 -0.0000006861
 -0.0000052513
 -0.0000246789
  0.0000005889
 -0.0000012482
 -0.0000009086
 -0.0000026173
  0.0000614186
  0.0000567031
  0.0000376307
  0.0001460709
 -0.0000857422
  0.0000695225
 -0.0001191796
  0.0001003432
 -0.0001249575
  0.0000404660
 -0.0000408041
  0.0000890071
  0.0000937956
 -0.0001203012
  0.0000946745
 -0.0000014678
 -0.0000000517
  0.0000008460
 -0.0000014416
  0.0000018166
  0.0000016099
  0.0000005798
  0.0000015773
  0.0000020258
  0.0000114115
  0.0000020555
 -0.0000003217
 -0.0000116822
  0.0000023402
  0.0000036934
 -0.0000035853
  0.0000025216
 -0.0000070907
 -0.0000156440
 -0.0000059308
 -0.0000162994
 -0.0000115529
  0.0000030502
 -0.0000184232
 -0.0000009007
 -0.0000047270
 -0.0000048293
  0.0000269066
 -0.0000062159
  0.0000007545
 -0.0000102602
  0.0000008397
 -0.0000016839
  0.0000191395
 -0.0000034719
  0.0000001991
  0.0000131862
 -0.0000376884
  0.0000118880
 -0.0000277808
 -0.0000047812
  0.0000018646
 -0.0000090814
 -0.0000047168
 -0.0000233032
 -0.0000012433
 -0.0000013420
  0.0000081398
  0.0000148367
 -0.0000034133
  0.0000096187
 -0.0000014371
  0.0000003246
 -0.0000018075
  0.0000019327
  0.0000011102
  0.0000018877
 -0.0000002055
 -0.0000031121
  0.0000010111
  0.0000009280
  0.0000018825
  0.0000021100
 -0.0000015978
  0.0000005907
 -0.0000006229
 -0.0000017118
 -0.0000024202
  0.0000014885
  0.0000009437
 -0.0000018439
 -0.0000015555
 -0.0000023604
  0.0000025807
 -0.0000002896
 -0.0000008451
  0.0000000685
 -0.0000000057
  0.0000001804
 -0.0000006186
 -0.0000009782
 -0.0000030072
  0.0000086784
  0.0000424866
  0.0000503828
  0.0001079703
  0.0000861778
  0.0000375625
 -0.0001111562
  0.0000094768
 -0.0001196188
 -0.0000734516
 -0.0000940561
 -0.0000343783
  0.0000269861
 -0.0000657877
  0.0000786776
 -0.0000018664
  0.0000010915
  0.0000004519
 -0.0000015453
  0.0000015135
  0.0000009501
  0.0000001926
  0.0000008327
  0.0000018728
  0.0000107941
  0.0000022499
 -0.0000008480
 -0.0000111348
  0.0000026112
  0.0000075293
 -0.0000034158
  0.0000025972
 -0.0000064818
  0.0000323474
 -0.0000041596
 -0.0000252409
 -0.0000073742
  0.0000077137
  0.0000245292
 -0.0000044675
 -0.0000053994
  0.0000217608
 -0.0000093867
 -0.0000004847
  0.0000015035
 -0.0000010991
  0.0000065628
 -0.0000050669
  0.0000010295
  0.0000080078
  0.0000030058
  0.0000118699
  0.0000545418
 -0.0000056658
  0.0000016971
  0.0000018784
 -0.0000066424
 -0.0000200998
 -0.0000049637
 -0.0000050977
 -0.0000039559
  0.0000078480
  0.0000021053
  0.0000049039
 -0.0000005143
  0.0000040843
  0.0000014070
 -0.0000006919
  0.0000023487
  0.0000019985
  0.0000012347
  0.0000010943
  0.0000016128
  0.0000015945
 -0.0000006489
  0.0000001474
  0.0000009104
 -0.0000021744
  0.0000022423
  0.0000015029
  0.0000031331
  0.0000001787
  0.0000019253
  0.0000043348
  0.0000011172
 -0.0000007436
 -0.0000001467
 -0.0000024911
 -0.0000021818
 -0.0000003508
 -0.0000002538
  0.0000256829
 -0.0000476128
  0.0000250288
  0.0000880702
  0.0000227063
  0.0000469101
 -0.0001993746
  0.0001122942
 -0.0001422732
 -0.0000868405
 -0.0000472800
  0.0000769377
  0.0000315770
 -0.0000587089
  0.0000669015
 -0.0000022536
 -0.0000001668
  0.0000012703
  0.0000016675
 -0.0000011899
  0.0000048182
 -0.0000005109
 -0.0000021188
  0.0000012230
  0.0000028337
  0.0000040076
  0.0000037373
  0.0000018781
 -0.0000007029
 -0.0000025653
  0.0000040328
 -0.0000034348
  0.0000006518
  0.0000246126
 -0.0000074858
 -0.0000235372
 -0.0000130289
  0.0000057494
  0.0000171270
 -0.0000043325
 -0.0000065236
 -0.0000056717
 -0.0000086140
  0.0000029067
 -0.0000096725
 -0.0000077475
  0.0000102997
 -0.0000005697
 -0.0000036699
 -0.0000144515
 -0.0000162640
  0.0000020492
  0.0000508516
  0.0000001231
 -0.0000010752
  0.0000580329
  0.0000063955
 -0.0000093718
 -0.0000225265
 -0.0000064428
  0.0000057605
 -0.0000058166
 -0.0000012329
  0.0000026171
  0.0000051197
  0.0000041099
  0.0000009492
 -0.0000031990
  0.0000038083
 -0.0000045810
 -0.0000068239
 -0.0000064538
 -0.0000004904
 -0.0000088934
 -0.0000010581
 -0.0000029747
 -0.0000035291
 -0.0000047533
 -0.0000011171
 -0.0000002146
 -0.0000012048
 -0.0000014874
 -0.0000019838
 -0.0000069587
 -0.0000036647
 -0.0000044735
 -0.0000041581
 -0.0000008930
 -0.0000028629
 -0.0000038776
  0.0000003116
 -0.0000051559
 -0.0000040084
 -0.0000011957
 -0.0000037819
  0.0000002347
 -0.0000017382
  0.0000015213
 -0.0000019275
 -0.0000027862
 -0.0000020670
  0.0000028995
  0.0000347727
  0.0000396070
  0.0001015204
  0.0000318363
 -0.0001815817
 -0.0001162589
  0.0000513880
 -0.0001655282
 -0.0000696334
 -0.0000788751
 -0.0000115004
  0.0000276428
 -0.0000708705
  0.0000602909
  0.0000031444
 -0.0000051426
  0.0000068253
 -0.0000012906
 -0.0000043079
 -0.0000048102
 -0.0000040640
 -0.0000016652
 -0.0000017164
 -0.0000011380
  0.0000028124
  0.0000022488
  0.0000100437
 -0.0000046219
 -0.0000200206
 -0.0000041227
  0.0000033083
  0.0000153335
  0.0000279359
 -0.0000021323
 -0.0000218200
  0.0000133831
 -0.0000026350
 -0.0000013625
 -0.0000030408
  0.0000240488
 -0.0000087272
 -0.0000073418
 -0.0000029005
  0.0000041475
 -0.0000006357
 -0.0000104388
  0.0000462735
  0.0000002712
  0.0000006289
  0.0000080718
 -0.0000056256
 -0.0000050946
  0.0000025320
  0.0000043123
 -0.0000069999
  0.0000006925
 -0.0000275085
  0.0000078702
 -0.0000102529
 -0.0000029469
  0.0000012392
 -0.0000247663
  0.0000013567
 -0.0000032660
 -0.0000063494
 -0.0000018959
  0.0000009058
 -0.0000016624
  0.0000014841
 -0.0000038688
  0.0000005300
 -0.0000023905
  0.0000020411
  0.0000010953
 -0.0000006413
  0.0000021379
  0.0000014926
 -0.0000018721
 -0.0000028986
 -0.0000008969
 -0.0000023457
 -0.0000013411
 -0.0000001422
 -0.0000018732
 -0.0000030573
 -0.0000038472
 -0.0000007050
 -0.0000017506
  0.0000002633
 -0.0000007938
 -0.0000028191
 -0.0000345949
 -0.0000012182
 -0.0000009745
 -0.0000017809
 -0.0000023631
  0.0000533443
  0.0000175246
  0.0000288261
  0.0001310498
  0.0000491557
  0.0000730688
 -0.0001739731
  0.0000382753
 -0.0002130915
  0.0000025524
  0.0000210513
  0.0000127341
  0.0001374019
 -0.0000864740
 -0.0000023907
 -0.0000008346
  0.0000052484
  0.0000068097
  0.0000009186
 -0.0000004847
 -0.0000003299
  0.0000050819
 -0.0000014388
  0.0000028040
 -0.0000025161
  0.0000057639
  0.0000010923
  0.0000090939
  0.0000065765
 -0.0000161976
  0.0000029752
  0.0000062111
  0.0000072756
 -0.0000529852
 -0.0000043127
 -0.0000050691
  0.0000355910
 -0.0000078345
 -0.0000032997
  0.0000004787
 -0.0000001564
  0.0000016363
  0.0000088150
 -0.0000055883
  0.0000000469
 -0.0000000819
  0.0000026312
  0.0000033504
  0.0000011662
  0.0000254780
 -0.0000003889
  0.0000262439
 -0.0000725150
 -0.0000018110
  0.0000062350
 -0.0000194663
 -0.0000069448
  0.0000022941
  0.0000053964
 -0.0000060109
 -0.0000037375
  0.0000051439
 -0.0000038796
 -0.0000040646
 -0.0000041514
 -0.0000005751
  0.0000004746
 -0.0000022900
 -0.0000012161
 -0.0000040568
  0.0000003185
  0.0000006254
 -0.0000029126
 -0.0000008014
 -0.0000018602
 -0.0000021119
 -0.0000033218
 -0.0000006845
 -0.0000002852
  0.0000003462
 -0.0000038693
 -0.0000010443
 -0.0000055220
 -0.0000012684
 -0.0000023299
 -0.0000020480
 -0.0000039767
  0.0000006052
 -0.0000357234
 -0.0000211074
  0.0000612227
  0.0000149876
  0.0000131067
 -0.0000207054
  0.0000952124
  0.0000196359
 -0.0000305544
 -0.0000376042
  0.0000501985
 -0.0000491896
 -0.0000720673
  0.0000004558
 -0.0000038098
  0.0000040048
 -0.0000040814
 -0.0000006693
 -0.0000072065
  0.0000007291
 -0.0000025091
 -0.0000024802
 -0.0000025883
  0.0000073503
  0.0000055495
 -0.0000022310
 -0.0000032544
 -0.0000035815
 -0.0000026731
 -0.0000013800
 -0.0000023139
 -0.0000013933
  0.0000238344
 -0.0000123948
 -0.0000091271
  0.0000151065
  0.0000172903
  0.0000012493
 -0.0000080679
 -0.0000061691
 -0.0000029534
  0.0000051222
 -0.0000004282
 -0.0000030715
  0.0000048032
  0.0000003418
 -0.0000166308
  0.0000078773
  0.0000606016
  0.0000050071
 -0.0000000837
  0.0000508111
 -0.0000029865
 -0.0000039886
 -0.0000182758
 -0.0000014782
 -0.0000060330
  0.0000167804
  0.0000155143
  0.0000016137
  0.0000231207
 -0.0000129635
  0.0000172460
  0.0000248054
  0.0000052797
 -0.0000050015
  0.0000151419
  0.0000127216
  0.0000213277
  0.0000057444
 -0.0000005125
  0.0000047738
  0.0000081790
 -0.0000033001
  0.0000026376
 -0.0000015005
 -0.0000030561
 -0.0000032583
 -0.0000005420
 -0.0000022746
 -0.0000003591
 -0.0000027313
  0.0000017969
 -0.0000021315
 -0.0000040837
 -0.0000050931
 -0.0000022243
 -0.0000055582
 -0.0000000309
 -0.0000045530
 -0.0000035897
 -0.0000025199
 -0.0000021036
  0.0000073199
  0.0000051225
 -0.0000056969
 -0.0000042430
 -0.0000032029
 -0.0000018660
 -0.0000042359
 -0.0000049313
 -0.0000030241
  0.0001086555
  0.0000064699
  0.0000529111
  0.0001368214
 -0.0000435654
 -0.0000786230
 -0.0001305016
  0.0000968016
 -0.0001176578
 -0.0001599670
 -0.0000013102
  0.0000053815
  0.0000219517
 -0.0000634671
  0.0000741663
  0.0000013415
  0.0000011394
 -0.0000000044
 -0.0000030374
 -0.0000048079
 -0.0000043258
 -0.0000054275
 -0.0000022481
 -0.0000040966
 -0.0000060531
 -0.0000015167
 -0.0000000469
  0.0000004598
 -0.0000048014
  0.0000053137
 -0.0000033855
  0.0000032632
  0.0000035073
 -0.0000340919
 -0.0000056918
  0.0000065809
 -0.0000215321
  0.0000331550
  0.0000115286
 -0.0000044220
  0.0000017137
 -0.0000052508
 -0.0000048490
 -0.0000095328
 -0.0000150429
 -0.0000029495
 -0.0000014376
 -0.0000025217
  0.0000057280
  0.0000551563
 -0.0000579098
 -0.0000031467
  0.0000335803
 -0.0000082302
 -0.0000017980
  0.0000265029
  0.0000000106
  0.0000008728
 -0.0000118089
 -0.0000045894
  0.0000010207
 -0.0000032030
 -0.0000013905
  0.0000010257
 -0.0000064906
  0.0000016143
 -0.0000050165
 -0.0000064230
 -0.0000056180
 -0.0000001917
 -0.0000084690
 -0.0000118712
 -0.0000140024
 -0.0000000679
 -0.0000140483
  0.0000023079
 -0.0000007593
 -0.0000061186
 -0.0000086043
  0.0000020348
  0.0000025311
 -0.0000060553
 -0.0000071601
 -0.0000002587
 -0.0000065529
 -0.0000083847
 -0.0000059242
 -0.0000020760
 -0.0000126363
 -0.0000085344
 -0.0000005634
 -0.0000059572
 -0.0000070644
 -0.0000041771
 -0.0000116712
 -0.0000086890
 -0.0000012056
 -0.0000048974
 -0.0000000917
  0.0000014429
 -0.0000017846
 -0.0000027812
 -0.0000029879
 -0.0000078695
  0.0000902912
  0.0000081038
  0.0000473568
  0.0001574440
  0.0000319046
  0.0000467645
 -0.0001793430
  0.0000338175
 -0.0000907022
 -0.0000937299
  0.0000893725
  0.0000063943
  0.0000194543
 -0.0000759432
  0.0000242822
 -0.0000058252
  0.0000042918
 -0.0000007396
  0.0000020532
 -0.0000056148
 -0.0000080622
  0.0000004539
 -0.0000110078
  0.0000008238
 -0.0000009422
  0.0000003311
 -0.0000092206
  0.0000037744
 -0.0000016284
 -0.0000022063
  0.0000028336
 -0.0000072590
  0.0000004972
 -0.0000456678
 -0.0000053774
  0.0000083256
 -0.0000032253
 -0.0000024811
  0.0000065627
 -0.0000069459
 -0.0000078408
 -0.0000257475
 -0.0000033198
  0.0000030177
  0.0000039992
  0.0000512664
 -0.0000615728
  0.0000056251
  0.0000104329
  0.0000014141
 -0.0000050082
  0.0000038159
  0.0000003622
 -0.0000067971
 -0.0000028620
 -0.0000026095
 -0.0000039415
 -0.0000022234
 -0.0000019305
 -0.0000031425
 -0.0000057338
 -0.0000051954
 -0.0000051504
 -0.0000036939
 -0.0000029605
 -0.0000038125
 -0.0000032960
 -0.0000078993
 -0.0000040958
 -0.0000047374
 -0.0000041385
  0.0000129785
 -0.0000151375
 -0.0000277515
  0.0000729854
 -0.0000483468
 -0.0000111519
 -0.0001170253
  0.0000516509
  0.0000167921
 -0.0000374353
  0.0000017878
  0.0000457721
 -0.0000306809
 -0.0000504074
 -0.0000082887
 -0.0000032056
 -0.0000046192
 -0.0000069906
 -0.0000040373
 -0.0000062408
 -0.0000009703
 -0.0000036795
 -0.0000070843
  0.0000009823
 -0.0000017640
  0.0000011987
 -0.0000016716
  0.0000013659
 -0.0000028101
 -0.0000071282
 -0.0000012441
 -0.0000028099
 -0.0000057617
  0.0000143173
 -0.0000045130
 -0.0000030927
 -0.0000071332
 -0.0000040210
  0.0000100966
 -0.0000016330
 -0.0000043359
 -0.0000003587
 -0.0000009218
  0.0000039074
 -0.0000157661
 -0.0000069532
  0.0000022779
 -0.0000017736
 -0.0000123476
 -0.0000174518
  0.0000073190
 -0.0000036933
 -0.0000115826
  0.0000245833
 -0.0000153902
 -0.0000061852
 -0.0000286923
 -0.0000011959
 -0.0000045459
  0.0000068160
  0.0000100004
 -0.0000117370
  0.0000035944
  0.0000027041
 -0.0000047259
  0.0000102578
 -0.0000025130
  0.0000018986
  0.0000030573
  0.0000038237
 -0.0000064536
 -0.0000021168
 -0.0000022972
 -0.0000032196
 -0.0000042820
 -0.0000040101
 -0.0000053212
  0.0000014110
 -0.0000022591
  0.0000033130
 -0.0000003863
 -0.0000039610
 -0.0000024431
 -0.0000023046
 -0.0000049185
 -0.0000044091
 -0.0000060052
  0.0000169226
  0.0000084589
 -0.0000046206
  0.0000766016
 -0.0000217437
  0.0000047336
 -0.0000769998
  0.0000567694
  0.0000319499
 -0.0000244536
 -0.0000272005
  0.0000462750
 -0.0000236763
 -0.0000429626
  0.0000156258
  0.0000013215
 -0.0000033148
 -0.0000046363
 -0.0000063588
 -0.0000051534
  0.0000022113
 -0.0000055609
 -0.0000001730
  0.0000049812
 -0.0000021203
 -0.0000065200
 -0.0000050020
  0.0000210461
 -0.0000055578
  0.0000005835
 -0.0000115755
  0.0000182218
  0.0000234816
 -0.0000012338
 -0.0000040629
 -0.0000093422
 -0.0000026562
  0.0000023356
  0.0000021713
  0.0000038029
 -0.0000036352
 -0.0000017115
  0.0000115400
  0.0000057202
 -0.0000010058
  0.0000015100
 -0.0000040091
 -0.0000066214
 -0.0000035933
 -0.0000088750
 -0.0000244271
  0.0000063495
 -0.0000058227
 -0.0000033968
  0.0000307334
 -0.0000060482
 -0.0000010871
 -0.0000052372
 -0.0000067300
 -0.0000157858
 -0.0000001449
  0.0000064213
 -0.0000013532
 -0.0000306759
 -0.0000012006
  0.0000013688
 -0.0000030603
  0.0000013447
  0.0000010928
 -0.0000007078
 -0.0000025814
 -0.0000016689
 -0.0000016614
 -0.0000017538
 -0.0000010008
 -0.0000077484
 -0.0000185424
  0.0000640649
 -0.0000448875
  0.0000074398
 -0.0001022316
  0.0000353972
  0.0000368352
 -0.0000146006
 -0.0000009882
  0.0000292946
 -0.0000556514
 -0.0000466985
  0.0000225408
  0.0000008650
 -0.0000049423
 -0.0000025212
 -0.0000035881
 -0.0000004464
 -0.0000022491
 -0.0000026218
  0.0000064000
  0.0000018004
 -0.0000012292
  0.0000003339
  0.0000043699
 -0.0000053518
  0.0000080901
 -0.0000081810
 -0.0000013494
  0.0000132465
 -0.0000049127
 -0.0000015580
 -0.0000064502
 -0.0000022835
 -0.0000024264
  0.0000064588
  0.0000049538
 -0.0000007684
 -0.0000033231
  0.0000034857
 -0.0000010741
 -0.0000072027
  0.0000020340
 -0.0000099854
 -0.0000269935
  0.0000171266
 -0.0000050538
 -0.0000073260
  0.0000239398
 -0.0000045554
 -0.0000003581
 -0.0000130160
 -0.0000033013
 -0.0000232545
  0.0000030267
  0.0000128328
 -0.0000053834
 -0.0000038465
 -0.0000032686
  0.0000142123
  0.0000005246
 -0.0000015782
  0.0000137520
 -0.0000030831
 -0.0000039485
  0.0000043477
 -0.0000017596
  0.0000012993
  0.0000054565
  0.0000066558
  0.0000039787
  0.0000031725
  0.0000017826
  0.0000013336
  0.0000010606
  0.0000014523
  0.0000015331
  0.0000028361
 -0.0000046964
  0.0000048966
  0.0000024485
 -0.0000013692
 -0.0000022919
  0.0000013019
  0.0000003702
  0.0000019331
  0.0000003859
  0.0000036368
  0.0000015653
  0.0000010975
  0.0000117095
  0.0000070730
 -0.0000027038
  0.0000033727
  0.0000001963
  0.0000021406
  0.0000003230
  0.0000026386
  0.0000017857
 -0.0000046535
  0.0000810198
  0.0000141388
  0.0000202088
  0.0001115012
 -0.0000308279
 -0.0000722435
 -0.0001324071
  0.0000928609
 -0.0001746645
 -0.0001370857
 -0.0000188743
  0.0000033983
  0.0000216799
 -0.0000580998
  0.0000656536
 -0.0000002227
  0.0000014253
  0.0000012714
  0.0000106689
  0.0000044297
 -0.0000023283
 -0.0000015034
 -0.0000065973
 -0.0000047689
 -0.0000065387
 -0.0000038969
 -0.0000030267
 -0.0000013955
  0.0000002920
  0.0000111136
 -0.0000007480
 -0.0000052282
 -0.0000049163
 -0.0000313227
 -0.0000038210
  0.0000155621
 -0.0000114055
  0.0000143991
 -0.0000071400
 -0.0000131815
  0.0000007130
 -0.0000032232
 -0.0000055907
  0.0000033295
  0.0000023421
 -0.0000028099
 -0.0000012239
  0.0000005740
  0.0000571678
 -0.0000615667
 -0.0000043513
  0.0000363009
 -0.0000056691
 -0.0000040978
  0.0000221836
  0.0000000404
  0.0000036774
  0.0000130376
 -0.0000016540
  0.0000094483
  0.0000042637
  0.0000048221
  0.0000054258
  0.0000011517
  0.0000057920
 -0.0000000529
 -0.0000011005
  0.0000016107
  0.0000032310
  0.0000039891
  0.0000019337
 -0.0000001147
  0.0000027366
  0.0000000873
 -0.0000010202
 -0.0000000153
 -0.0000003137
  0.0000023930
  0.0000007030
  0.0000001324
  0.0000020598
  0.0000019568
  0.0000062414
  0.0000057199
 -0.0000018331
  0.0000009031
  0.0000022221
  0.0000039470
 -0.0000005664
 -0.0000007919
 -0.0000006485
 -0.0000012020
 -0.0000168489
  0.0000426372
 -0.0000059404
  0.0000614385
  0.0000691183
 -0.0000478638
 -0.0001051186
  0.0000651167
 -0.0000343329
 -0.0001441929
  0.0000028516
  0.0000011527
 -0.0000032235
 -0.0000123162
  0.0000753082
 -0.0000001881
  0.0000078425
 -0.0000039982
  0.0000049477
 -0.0000038762
  0.0000036423
  0.0000009355
 -0.0000035014
  0.0000013880
  0.0000131212
  0.0000095255
  0.0000005601
  0.0000006818
  0.0000003817
 -0.0000045453
  0.0000023154
  0.0000002235
  0.0000111836
  0.0000395707
 -0.0000197967
 -0.0000035764
  0.0000024360
  0.0000213764
 -0.0000001371
  0.0000029914
  0.0000002568
  0.0000259010
 -0.0000024953
  0.0000022878
  0.0000024778
  0.0000094767
  0.0000054451
  0.0000037800
  0.0000136233
  0.0000011855
  0.0000085306
  0.0000173894
  0.0000049671
  0.0000211030
  0.0000556846
 -0.0000013850
  0.0000040677
 -0.0000029317
 -0.0000000307
 -0.0000243849
  0.0000031207
  0.0000027745
  0.0000093297
  0.0000225555
 -0.0000330767
 -0.0000075076
 -0.0000112045
 -0.0000030355
 -0.0000088509
 -0.0000038092
 -0.0000051748
 -0.0000075320
 -0.0000020558
 -0.0000034119
 -0.0000054402
 -0.0000035170
 -0.0000051496
 -0.0000101792
 -0.0000067600
 -0.0000084972
 -0.0000031019
 -0.0000062652
 -0.0000066491
 -0.0000043149
 -0.0000036942
 -0.0000085366
  0.0000089933
 -0.0000056872
  0.0000046048
 -0.0000056568
 -0.0000065462
 -0.0000068212
  0.0000203775
 -0.0000565141
 -0.0000174685
  0.0000765721
  0.0000587083
  0.0000213459
 -0.0001041864
  0.0000170435
  0.0000115522
 -0.0000384511
 -0.0000140772
 -0.0000222823
 -0.0000449207
 -0.0000526275
  0.0000035665
 -0.0000057707
 -0.0000020008
 -0.0000036214
 -0.0000059357
 -0.0000024904
 -0.0000050889
 -0.0000038486
 -0.0000039672
 -0.0000019181
  0.0000028877
 -0.0000010499
 -0.0000048542
 -0.0000145883
 -0.0000007684
 -0.0000019353
 -0.0000067310
  0.0000007670
 -0.0000063469
  0.0000217861
 -0.0000244895
 -0.0000143021
  0.0000062574
  0.0000141450
 -0.0000081594
 -0.0000087338
  0.0000104363
 -0.0000099390
 -0.0000089161
 -0.0000077991
 -0.0000047978
 -0.0000176807
 -0.0000013810
  0.0000036184
  0.0000509921
 -0.0000048635
  0.0000523351
 -0.0000068733
 -0.0000021121
 -0.0000146510
 -0.0000129933
 -0.0000265747
 -0.0000088892
  0.0000109968
  0.0000095013
  0.0000003998
  0.0000117714
  0.0000067988
  0.0000062681
  0.0000035352
  0.0000018193
  0.0000013892
  0.0000030204
 -0.0000013666
  0.0000013126
  0.0000009584
  0.0000040198
 -0.0000027608
  0.0000017718
  0.0000003989
 -0.0000008707
  0.0000606620
 -0.0000106518
  0.0000045032
  0.0001119392
 -0.0000559945
 -0.0000190626
 -0.0000816485
  0.0000282828
  0.0001536904
 -0.0000131893
 -0.0000095855
  0.0000129087
 -0.0001542772
 -0.0000626062
 -0.0000160304
 -0.0000076454
 -0.0000011194
 -0.0000003799
 -0.0000021771
 -0.0000040525
 -0.0000056746
 -0.0000016899
  0.0000000318
  0.0000012594
 -0.0000029543
 -0.0000017487
  0.0000046454
 -0.0000044174
  0.0000123676
 -0.0000029171
  0.0000081595
 -0.0000048466
 -0.0000190642
  0.0000089495
 -0.0000060455
  0.0000052361
 -0.0000017580
 -0.0000024371
  0.0000001670
  0.0000131078
 -0.0000023834
 -0.0000096862
  0.0000105894
 -0.0000064075
 -0.0000026498
  0.0000002987
  0.0000056643
  0.0000062683
 -0.0000014751
 -0.0000011017
 -0.0000109821
 -0.0000157605
  0.0000222851
  0.0000035331
 -0.0000062692
  0.0000005292
 -0.0000014441
  0.0000016290
 -0.0000145087
  0.0000099176
 -0.0000302417
 -0.0000064460
 -0.0000439142
  0.0000078730
  0.0000159668
  0.0000074937
  0.0000143275
 -0.0000357347
  0.0000037549
  0.0000045055
  0.0000090560
 -0.0000441865
 -0.0000104716
 -0.0000164895
 -0.0000159299
 -0.0000033627
 -0.0000158692
 -0.0000039206
 -0.0000062850
 -0.0000070074
 -0.0000105025
 -0.0000033707
 -0.0000030177
 -0.0000062550
 -0.0000098645
 -0.0000040276
 -0.0000048240
 -0.0000109807
 -0.0000076734
 -0.0000067337
 -0.0000114928
 -0.0000085642
 -0.0000037344
 -0.0000076819
 -0.0000079423
 -0.0000095894
 -0.0000130219
 -0.0000068680
 -0.0000038599
 -0.0000090592
  0.0000196804
 -0.0000043940
  0.0000106145
 -0.0000044655
 -0.0000055783
 -0.0000062732
  0.0000782567
  0.0000663757
  0.0000467661
  0.0001552593
  0.0000273805
 -0.0000558683
 -0.0001222156
  0.0000793185
 -0.0000945304
 -0.0000142932
 -0.0000343847
  0.0000758674
  0.0001278819
 -0.0000877005
  0.0000752441
 -0.0000011370
  0.0000028544
 -0.0000007129
 -0.0000024700
 -0.0000057341
 -0.0000074530
 -0.0000057045
 -0.0000071186
 -0.0000052636
 -0.0000065133
 -0.0000072228
 -0.0000036637
 -0.0000005616
 -0.0000054997
 -0.0000083968
 -0.0000040215
 -0.0000047776
 -0.0000062253
 -0.0000311662
 -0.0000054429
 -0.0000066678
 -0.0000107405
 -0.0000104492
 -0.0000057890
 -0.0000029529
 -0.0000103576
 -0.0000043328
 -0.0000037315
 -0.0000079282
  0.0000229848
 -0.0000003725
  0.0000225180
 -0.0000732936
 -0.0000055405
 -0.0000472360
 -0.0000098251
 -0.0000047770
 -0.0000111409
 -0.0000129229
 -0.0000016264
 -0.0000054121
 -0.0000108796
 -0.0000102359
 -0.0000108868
 -0.0000251385
  0.0000019231
  0.0000004254
  0.0000043559
  0.0000014060
 -0.0000000138
 -0.0000014733
  0.0000505489
 -0.0000108658
  0.0000015110
  0.0000123735
 -0.0000466170
  0.0000285670
 -0.0001040658
  0.0000401584
  0.0000776335
  0.0000355478
 -0.0000054525
  0.0000292336
 -0.0000792263
 -0.0000186503
 -0.0000002325
  0.0000015413
  0.0000051784
 -0.0000021776
  0.0000038136
  0.0000040417
  0.0000026352
  0.0000056804
  0.0000066830
  0.0000007744
  0.0000040226
 -0.0000019709
  0.0000099272
 -0.0000012410
  0.0000150620
 -0.0000050299
 -0.0000017921
  0.0000244411
  0.0000037601
 -0.0000018753
 -0.0000030204
  0.0000055543
  0.0000074047
  0.0000058120
  0.0000094435
  0.0000026069
  0.0000120652
  0.0000022320
  0.0000034803
  0.0000054906
  0.0000033755
  0.0000033716
 -0.0000244417
  0.0000178859
 -0.0000028513
  0.0000075875
  0.0000116520
 -0.0000016984
  0.0000029172
  0.0000000703
  0.0000022634
 -0.0000104301
  0.0000043098
  0.0000182885
 -0.0000111590
 -0.0000098954
  0.0000126917
  0.0000028595
  0.0000161589
  0.0000011968
  0.0000008951
  0.0000024080
  0.0000057050
 -0.0000011981
  0.0000026948
 -0.0000015824
 -0.0000000357
 -0.0000008553
  0.0000007237
 -0.0000031502
 -0.0000012444
 -0.0000054488
  0.0000020395
 -0.0000022453
 -0.0000072612
 -0.0000040820
 -0.0000001181
 -0.0000063308
  0.0000014678
 -0.0000025402
 -0.0000004877
 -0.0000007401
 -0.0000007521
  0.0000064133
  0.0000044333
 -0.0000061767
 -0.0000020036
 -0.0000017043
 -0.0000032317
 -0.0000067750
 -0.0000048403
 -0.0000053165
 -0.0000069987
  0.0000486223
  0.0000294816
 -0.0000608935
  0.0000536313
  0.0001142633
 -0.0000377044
 -0.0000876145
  0.0000497219
 -0.0000536364
 -0.0000391381
  0.0001403533
  0.0000133511
  0.0000040930
  0.0000204402
 -0.0000651613
 -0.0000056074
 -0.0000103777
  0.0000069868
 -0.0000030376
 -0.0000044095
 -0.0000032589
 -0.0000028972
 -0.0000057889
  0.0000010507
 -0.0000000296
  0.0000002234
 -0.0000039667
  0.0000073917
  0.0000001552
 -0.0000240073
 -0.0000045518
  0.0000011583
  0.0000119274
 -0.0000540036
 -0.0000047308
 -0.0000066885
  0.0000068458
 -0.0000190573
 -0.0000033471
 -0.0000024935
 -0.0000045961
  0.0000013203
 -0.0000034172
 -0.0000108432
  0.0000026231
 -0.0000023586
 -0.0000106075
 -0.0000011981
  0.0000241357
  0.0000032523
  0.0000239549
 -0.0000808968
 -0.0000586073
 -0.0000050423
 -0.0000029153
 -0.0000031723
 -0.0000107496
 -0.0000125528
  0.0000071735
  0.0000036951
  0.0000020238
  0.0000053568
  0.0000021091
  0.0000003157
  0.0000035264
  0.0000023426
  0.0000042403
  0.0000024552
  0.0000001010
 -0.0000005887
  0.0000013309
 -0.0000012544
  0.0000026739
  0.0000042594
  0.0000034610
  0.0000018463
  0.0000003305
  0.0000014729
 -0.0000004200
  0.0000005878
  0.0000001418
 -0.0000001663
  0.0000028426
 -0.0000542136
 -0.0000664106
  0.0000621421
  0.0000044579
  0.0000387855
 -0.0001520067
  0.0000147928
  0.0000099651
 -0.0000496049
  0.0000421394
 -0.0000104272
 -0.0000211233
 -0.0000684545
  0.0000948510
 -0.0000017295
 -0.0000027350
 -0.0000021287
  0.0000062657
 -0.0000009677
  0.0000065420
  0.0000006440
 -0.0000002639
 -0.0000009403
  0.0000036480
  0.0000052534
  0.0000007272
  0.0000065799
  0.0000023527
  0.0000015802
 -0.0000021841
  0.0000224027
  0.0000017668
  0.0000003090
 -0.0000019216
  0.0000169687
  0.0000215420
  0.0000046255
  0.0000023522
  0.0000030392
  0.0000046170
  0.0000075712
  0.0000090664
 -0.0000082788
  0.0000100622
  0.0000046774
  0.0000056106
  0.0000039368
 -0.0000093830
  0.0000024753
 -0.0000106079
 -0.0000035977
  0.0000424718
  0.0000030349
  0.0000002010
  0.0000383832
  0.0000012394
 -0.0000096185
  0.0000017148
 -0.0000161100
  0.0000048953
  0.0000041625
 -0.0000035261
 -0.0000060046
 -0.0000285996
  0.0000002888
 -0.0000019456
 -0.0000003583
 -0.0000027597
 -0.0000016484
 -0.0000038389
  0.0000002121
  0.0000047625
 -0.0000056099
 -0.0000024972
 -0.0000095388
 -0.0000103000
 -0.0000019747
  0.0000403730
 -0.0000509517
  0.0000206418
 -0.0001060697
  0.0000396754
  0.0000180317
  0.0000413154
 -0.0000105036
  0.0000251212
 -0.0000525343
 -0.0000163147
  0.0000009054
 -0.0000048021
 -0.0000038736
 -0.0000009869
 -0.0000055255
 -0.0000014310
 -0.0000035849
 -0.0000033944
 -0.0000004793
  0.0000022926
 -0.0000006832
 -0.0000069145
 -0.0000029693
  0.0000054903
 -0.0000045638
  0.0000111571
 -0.0000080180
  0.0000041046
  0.0000204129
 -0.0000034463
 -0.0000014546
 -0.0000045445
  0.0000019975
  0.0000035594
  0.0000029107
  0.0000055706
 -0.0000020181
  0.0000027534
  0.0000049495
  0.0000004331
 -0.0000006664
  0.0000004669
  0.0000003156
  0.0000006375
 -0.0000032750
 -0.0000290366
  0.0000143367
 -0.0000053290
  0.0000014535
  0.0000117292
 -0.0000034107
 -0.0000007720
 -0.0000071255
 -0.0000011759
 -0.0000184142
  0.0000004379
 -0.0000010675
 -0.0000006452
  0.0000030452
 -0.0000030452
  0.0000025513
 -0.0000120058
  0.0000035940
 -0.0000043368
 -0.0000000143
 -0.0000011485
  0.0000019478
  0.0000043623
 -0.0000013320
  0.0000011017
  0.0000046538
  0.0000000429
  0.0000049368
  0.0000012643
 -0.0000023070
  0.0000019140
  0.0000036173
  0.0000031473
  0.0000032277
  0.0000001886
 -0.0000025508
 -0.0000006868
 -0.0000013329
 -0.0000001563
  0.0000153403
  0.0000025380
 -0.0000118467
  0.0000761869
 -0.0000473638
  0.0000125130
 -0.0000969971
  0.0000413685
  0.0000450656
 -0.0000065246
  0.0000000759
  0.0000261343
 -0.0000269919
 -0.0000387447
  0.0000159502
 -0.0000023906
 -0.0000029623
 -0.0000033810
 -0.0000031400
 -0.0000026564
 -0.0000016582
  0.0000045998
 -0.0000021946
  0.0000007220
  0.0000034704
  0.0000028568
 -0.0000047441
  0.0000049098
 -0.0000010116
  0.0000129960
 -0.0000040816
  0.0000104432
  0.0000123827
 -0.0000005628
  0.0000010068
 -0.0000009966
  0.0000013976
  0.0000001194
  0.0000049476
  0.0000115021
  0.0000012908
  0.0000038434
  0.0000037711
  0.0000006794
  0.0000033173
  0.0000036198
  0.0000030139
 -0.0000086286
  0.0000008696
 -0.0000111526
 -0.0000310160
  0.0000180948
 -0.0000030311
 -0.0000087000
  0.0000238766
  0.0000003477
  0.0000022108
 -0.0000128358
 -0.0000032325
 -0.0000203904
  0.0000061372
 -0.0000049384
 -0.0000005577
 -0.0000041260
  0.0000068199
  0.0000040553
  0.0000049166
  0.0000014399
  0.0000021046
  0.0000049146
 -0.0000003247
  0.0000047275
  0.0000009688
  0.0000015267
  0.0000025861
  0.0000037607
  0.0000006978
  0.0000014355
  0.0000020337
  0.0000018424
  0.0000206582
  0.0000034342
 -0.0000047398
  0.0000796979
 -0.0000206861
  0.0000239023
 -0.0000820129
  0.0000698445
  0.0000266392
 -0.0000258094
 -0.0000295810
  0.0000300912
 -0.0000216260
 -0.0000405589
 -0.0000058306
  0.0000040656
 -0.0000025745
  0.0000026066
  0.0000011997
  0.0000040760
  0.0000024109
  0.0000020756
  0.0000105769
  0.0000019359
  0.0000048613
  0.0000036522
  0.0000227705
 -0.0000010034
  0.0000054203
 -0.0000043362
  0.0000172575
  0.0000221577
 -0.0000016652
  0.0000030684
 -0.0000020912
  0.0000030081
  0.0000068490
  0.0000056616
  0.0000100852
 -0.0000009736
  0.0000098209
  0.0000037232
  0.0000081351
  0.0000008236
 -0.0000044069
  0.0000026798
 -0.0000069252
 -0.0000152908
  0.0000024721
  0.0000011030
 -0.0000028268
  0.0000327620
 -0.0000006757
  0.0000034997
 -0.0000062438
 -0.0000011963
 -0.0000132126
  0.0000059973
 -0.0000004061
 -0.0000049363
 -0.0000059996
  0.0000016591
  0.0000052546
 -0.0000001954
 -0.0000021167
 -0.0000003230
  0.0000006938
 -0.0000020130
 -0.0000022868
  0.0000008352
  0.0000014695
 -0.0000006699
 -0.0000024732
 -0.0000020565
 -0.0000019329
 -0.0000018171
 -0.0000023170
 -0.0000034581
  0.0000178927
 -0.0000079081
 -0.0000190985
  0.0000777598
 -0.0000233058
  0.0000186935
 -0.0000957315
  0.0000559952
  0.0000176206
 -0.0000343913
 -0.0000028533
  0.0000132608
 -0.0000260571
 -0.0000456542
 -0.0000223891
  0.0000019180
  0.0000097408
 -0.0000052175
  0.0000051737
 -0.0000020111
  0.0000008798
 -0.0000003243
  0.0000046701
 -0.0000011437
  0.0000019473
 -0.0000019610
  0.0000005913
 -0.0000044497
  0.0000212930
 -0.0000041972
  0.0000031262
 -0.0000071032
  0.0000147284
  0.0000223572
 -0.0000053436
 -0.0000040791
 -0.0000067882
  0.0000008066
  0.0000044738
  0.0000032861
  0.0000081610
 -0.0000006166
 -0.0000025605
  0.0000081101
  0.0000052770
  0.0000007221
  0.0000052817
 -0.0000017336
 -0.0000075237
  0.0000030776
 -0.0000103331
 -0.0000171424
 -0.0000005171
 -0.0000023215
 -0.0000034328
  0.0000307672
 -0.0000042477
 -0.0000029940
 -0.0000089610
 -0.0000036424
 -0.0000186915
  0.0000036335
  0.0000062411
  0.0000011074
 -0.0000171517
 -0.0000055963
 -0.0000064641
 -0.0000049614
 -0.0000042301
 -0.0000059510
 -0.0000027526
 -0.0000039461
 -0.0000042092
 -0.0000056155
 -0.0000033899
 -0.0000028747
 -0.0000051401
 -0.0000033940
 -0.0000070295
 -0.0000072567
 -0.0000086631
 -0.0000054407
 -0.0000067184
 -0.0000040754
 -0.0000047205
 -0.0000041776
 -0.0000032699
 -0.0000059975
 -0.0000051766
 -0.0000069284
  0.0000098798
 -0.0000049067
  0.0000020046
 -0.0000071024
 -0.0000075332
 -0.0000066201
  0.0000216864
  0.0000373136
  0.0000727532
  0.0001235534
  0.0000668351
  0.0000430281
 -0.0001143168
  0.0000029551
 -0.0002008815
 -0.0000505800
 -0.0000982839
 -0.0000266433
  0.0000343616
 -0.0000585168
  0.0000789084
 -0.0000060288
  0.0000037262
 -0.0000013358
 -0.0000036079
 -0.0000065607
 -0.0000047174
  0.0000011961
 -0.0000058116
 -0.0000031449
 -0.0000035407
  0.0000007874
 -0.0000037403
 -0.0000032014
  0.0000009096
 -0.0000037674
 -0.0000046640
  0.0000016378
  0.0000054504
  0.0000268471
 -0.0000052046
 -0.0000263770
 -0.0000124042
  0.0000078426
  0.0000206763
 -0.0000057850
 -0.0000056925
  0.0000164809
 -0.0000119108
 -0.0000122036
 -0.0000036117
  0.0000036747
 -0.0000046352
 -0.0000038779
  0.0000022013
  0.0000523756
 -0.0000091668
 -0.0000036092
  0.0000059466
 -0.0000086181
 -0.0000056443
 -0.0000313507
 -0.0000080596
 -0.0000014509
 -0.0000069082
  0.0000018352
 -0.0000104215
 -0.0000021273
 -0.0000062310
  0.0000026610
  0.0000009456
  0.0000042990
  0.0000016339
 -0.0000009992
  0.0000011328
 -0.0000006967
  0.0000020979
  0.0000027149
  0.0000013021
 -0.0000028208
 -0.0000001133
 -0.0000010006
  0.0000002433
 -0.0000035113
  0.0000002747
 -0.0000099268
  0.0000776166
 -0.0000478634
  0.0000155133
 -0.0000979505
  0.0000420616
 -0.0000130486
  0.0000181275
 -0.0000009724
  0.0000271028
 -0.0000376390
 -0.0000353153
  0.0000121074
 -0.0000020589
  0.0000003148
 -0.0000042250
 -0.0000031099
  0.0000033075
  0.0000019121
 -0.0000005870
 -0.0000015784
  0.0000040593
  0.0000063209
 -0.0000015558
  0.0000065330
 -0.0000008138
  0.0000138481
 -0.0000022456
  0.0000070597
  0.0000143949
 -0.0000002789
  0.0000008692
 -0.0000014696
  0.0000069717
  0.0000076164
  0.0000068051
  0.0000132969
  0.0000026250
  0.0000030487
  0.0000008581
  0.0000027998
  0.0000048120
  0.0000054900
  0.0000049353
 -0.0000014869
  0.0000028504
 -0.0000077498
 -0.0000266208
  0.0000176929
 -0.0000028790
 -0.0000053212
  0.0000234827
  0.0000002832
  0.0000024255
 -0.0000120940
 -0.0000004004
 -0.0000218777
  0.0000061307
  0.0000048244
  0.0000012257
  0.0000014843
  0.0000010524
 -0.0000005133
 -0.0000017145
  0.0000025008
  0.0000031454
 -0.0000008702
  0.0000000707
 -0.0000036242
 -0.0000020548
 -0.0000012536
 -0.0000004599
 -0.0000005527
 -0.0000000575
 -0.0000003867
 -0.0000003249
  0.0000009887
 -0.0000003140
 -0.0000018136
  0.0000223860
  0.0000007002
 -0.0000361957
  0.0000788476
 -0.0000168840
 -0.0000153606
 -0.0000895013
  0.0000977316
  0.0000181292
 -0.0000375665
 -0.0000487416
  0.0000446526
 -0.0000260748
 -0.0000343589
  0.0000012423
 -0.0000023731
  0.0000073203
 -0.0000007232
 -0.0000003760
 -0.0000040435
  0.0000021762
 -0.0000012239
  0.0000007276
 -0.0000000033
  0.0000093384
  0.0000060462
 -0.0000002819
 -0.0000008098
 -0.0000007574
 -0.0000003796
  0.0000005963
  0.0000007510
 -0.0000008498
  0.0000207076
 -0.0000002608
 -0.0000042700
  0.0000066554
  0.0000172568
  0.0000015335
 -0.0000005258
  0.0000041546
  0.0000060087
  0.0000086568
 -0.0000062624
  0.0000049617
  0.0000023463
 -0.0000071180
 -0.0000081289
  0.0000271368
  0.0000030121
 -0.0000046876
  0.0000306287
 -0.0000062268
  0.0000003931
 -0.0000132669
  0.0000031164
  0.0000104466
  0.0000029246
  0.0000088825
  0.0000081975
  0.0000095687
 -0.0000024706
 -0.0000016931
 -0.0000042023
 -0.0000043401
  0.0000037023
 -0.0000021086
 -0.0000033464
  0.0000397461
  0.0000004536
 -0.0000216994
  0.0000433585
 -0.0000560598
  0.0000087046
 -0.0000883166
  0.0000333628
  0.0001037159
  0.0000040607
  0.0000027987
  0.0000306928
 -0.0001774424
 -0.0000127678
  0.0000078873
 -0.0000002128
 -0.0000031854
 -0.0000016915
 -0.0000016150
 -0.0000034361
 -0.0000042120
 -0.0000040550
 -0.0000002594
  0.0000027457
 -0.0000012552
  0.0000002666
 -0.0000033110
  0.0000055321
 -0.0000032408
  0.0000095968
 -0.0000106599
 -0.0000094585
  0.0000178475
 -0.0000048712
  0.0000013421
 -0.0000041089
  0.0000004910
  0.0000028181
 -0.0000002530
  0.0000048618
 -0.0000031731
 -0.0000020704
  0.0000008823
 -0.0000015515
 -0.0000026146
 -0.0000025539
 -0.0000000700
 -0.0000006611
 -0.0000047047
 -0.0000291209
  0.0000154219
 -0.0000030229
  0.0000004749
  0.0000064626
 -0.0000030448
  0.0000002804
 -0.0000085081
 -0.0000017289
 -0.0000246645
 -0.0000003527
 -0.0000036026
 -0.0000016142
  0.0000018298
 -0.0000185982
 -0.0000041820
 -0.0000023061
 -0.0000042546
 -0.0000014057
 -0.0000039500
  0.0000007505
 -0.0000065545
 -0.0000022206
 -0.0000028523
 -0.0000035582
 -0.0000035397
 -0.0000030761
  0.0000516285
  0.0000068673
 -0.0000057841
  0.0000224144
 -0.0000518868
  0.0000138257
 -0.0000951770
  0.0000381356
  0.0000599755
  0.0000341568
  0.0000092418
  0.0000332158
 -0.0000655723
 -0.0000146999
  0.0000157421
 -0.0000031489
 -0.0000032952
 -0.0000038455
 -0.0000035443
 -0.0000057973
  0.0000034264
 -0.0000051975
  0.0000032006
  0.0000023565
  0.0000040530
 -0.0000093757
  0.0000071130
  0.0000014046
  0.0000142709
 -0.0000068954
  0.0000087230
  0.0000241046
 -0.0000041771
  0.0000044270
 -0.0000030726
  0.0000031301
  0.0000048215
  0.0000035431
  0.0000082266
 -0.0000004565
  0.0000009071
  0.0000073677
  0.0000084042
  0.0000024300
  0.0000011162
  0.0000015006
  0.0000026522
 -0.0000037866
  0.0000002563
 -0.0000247588
  0.0000171406
  0.0000025095
  0.0000052929
  0.0000103224
 -0.0000007554
  0.0000041614
 -0.0000030813
  0.0000019620
 -0.0000128059
  0.0000033517
 -0.0000002994
  0.0000060427
 -0.0000016086
  0.0000050203
  0.0000020175
  0.0000002550
 -0.0000033560
  0.0000006353
  0.0000007627
  0.0000008098
 -0.0000010357
  0.0000003950
  0.0000010504
  0.0000006175
 -0.0000026450
 -0.0000007059
 -0.0000046005
  0.0000022443
 -0.0000017316
 -0.0000070110
 -0.0000050035
  0.0000012833
 -0.0000041259
  0.0000008956
 -0.0000025949
  0.0000021549
 -0.0000015408
 -0.0000011100
  0.0000022837
  0.0000016885
 -0.0000055389
  0.0000002636
 -0.0000004230
 -0.0000285780
 -0.0000025691
 -0.0000030606
 -0.0000040361
 -0.0000062531
  0.0001224121
  0.0000081240
  0.0000707274
  0.0001444010
 -0.0000385515
 -0.0000724189
 -0.0001293881
  0.0000984482
 -0.0000456572
 -0.0001291016
  0.0000161275
  0.0000065561
  0.0000579569
 -0.0000478208
  0.0000786654
 -0.0000053732
 -0.0000023784
  0.0000129439
 -0.0000001064
 -0.0000019024
 -0.0000028249
  0.0000000268
 -0.0000054128
  0.0000020541
  0.0000035996
  0.0000026022
 -0.0000019218
  0.0000139147
 -0.0000034621
 -0.0000065553
 -0.0000004201
  0.0000012982
  0.0000144260
 -0.0000355762
  0.0000035823
 -0.0000085876
  0.0000348908
  0.0000098890
 -0.0000021434
 -0.0000095599
 -0.0000006391
  0.0000001573
 -0.0000144389
 -0.0000003567
 -0.0000031068
  0.0000001938
 -0.0000083022
 -0.0000065206
  0.0000185835
  0.0000128553
  0.0000611352
 -0.0000547216
  0.0000028228
 -0.0000005585
  0.0000313066
  0.0000077824
 -0.0000003184
  0.0000302211
 -0.0000049802
 -0.0000052680
 -0.0000191048
  0.0000003504
  0.0000046331
 -0.0000027328
  0.0000028243
  0.0000018212
 -0.0000029405
  0.0000004488
 -0.0000148898
 -0.0000007051
 -0.0000119443
  0.0000668620
 -0.0000476287
  0.0000143881
 -0.0000989429
  0.0000412577
  0.0000384952
 -0.0000191953
 -0.0000024090
  0.0000267025
 -0.0000585482
 -0.0000375795
  0.0000111670
  0.0000018017
 -0.0000010092
 -0.0000014085
 -0.0000042876
  0.0000023511
  0.0000000472
  0.0000061420
  0.0000057391
  0.0000048262
 -0.0000085502
  0.0000016892
  0.0000086475
 -0.0000023442
  0.0000130421
 -0.0000061182
  0.0000025035
  0.0000256403
  0.0000007349
  0.0000031139
 -0.0000034536
  0.0000057044
  0.0000071426
  0.0000054834
  0.0000108524
  0.0000016296
  0.0000108254
  0.0000030739
  0.0000014326
  0.0000034763
  0.0000057346
  0.0000015623
 -0.0000277841
  0.0000179343
 -0.0000029832
  0.0000069540
  0.0000167081
 -0.0000010736
 -0.0000015816
 -0.0000024138
 -0.0000097789
  0.0000050249
 -0.0000066120
 -0.0000039616
  0.0000036233
  0.0000043250
  0.0000070659
  0.0000047492
 -0.0000013697
  0.0000029367
  0.0000046258
  0.0000020196
  0.0000069263
  0.0000016784
  0.0000008037
  0.0000064117
  0.0000061292
  0.0000017285
  0.0000024685
  0.0000048023
  0.0000039442
  0.0000033890
  0.0000040579
  0.0000032291
  0.0000014749
  0.0000026533
  0.0000027856
  0.0000013335
 -0.0000088246
  0.0000425152
 -0.0000178845
  0.0000523197
 -0.0000158170
 -0.0000543732
 -0.0000023014
  0.0000915029
  0.0000097532
 -0.0000318062
 -0.0000473452
  0.0000673586
 -0.0000536380
 -0.0000873468
  0.0000237192
  0.0000060485
  0.0000003070
 -0.0000004196
 -0.0000011277
  0.0000003924
  0.0000064765
  0.0000029738
  0.0000021709
  0.0000076168
  0.0000083939
  0.0000035967
 -0.0000065759
  0.0000061333
  0.0000202753
  0.0000002460
 -0.0000067799
 -0.0000044758
  0.0000058445
  0.0000119213
  0.0000020869
 -0.0000000018
 -0.0000024485
  0.0000010391
 -0.0000007224
  0.0000046199
  0.0000032603
  0.0000019197
 -0.0000108399
  0.0000096221
  0.0000012942
  0.0000031156
  0.0000042699
  0.0000019551
 -0.0000202193
 -0.0000002279
 -0.0000182233
  0.0000002696
  0.0000542634
 -0.0000013677
 -0.0000035750
  0.0000446378
 -0.0000026459
  0.0000006133
  0.0000056856
  0.0000007825
 -0.0000236941
  0.0000022220
  0.0000019327
  0.0000081983
 -0.0000013290
 -0.0000053455
 -0.0000016565
 -0.0000016917
 -0.0000039333
 -0.0000055927
 -0.0000053621
 -0.0000031791
 -0.0000015066
 -0.0000040533
 -0.0000051989
 -0.0000049910
 -0.0000047745
  0.0000059226
  0.0000066532
 -0.0000210650
  0.0000649576
 -0.0000444694
  0.0000199283
 -0.0000928888
  0.0000694020
  0.0000351091
 -0.0000203220
 -0.0000070036
  0.0000310053
 -0.0000146154
 -0.0000483610
  0.0000281653
 -0.0000052459
 -0.0000052586
 -0.0000076802
  0.0000030795
 -0.0000042727
  0.0000005746
 -0.0000017070
 -0.0000037744
 -0.0000037816
  0.0000024043
 -0.0000019547
  0.0000027766
  0.0000006098
 -0.0000061673
  0.0000064291
 -0.0000028950
  0.0000037264
 -0.0000082656
 -0.0000004318
  0.0000147258
 -0.0000060574
 -0.0000055570
 -0.0000052551
 -0.0000017556
  0.0000032136
  0.0000028910
 -0.0000046758
 -0.0000017092
  0.0000040544
 -0.0000028015
 -0.0000062640
 -0.0000023465
 -0.0000253041
  0.0000113525
 -0.0000026880
 -0.0000057021
  0.0000273810
 -0.0000064621
 -0.0000122921
 -0.0000045913
 -0.0000233680
  0.0000011650
 -0.0000110349
  0.0000010824
  0.0000013697
 -0.0000008777
 -0.0000022704
  0.0000041341
 -0.0000013005
 -0.0000007270
 -0.0000028778
  0.0000009264
  0.0000021620
  0.0000009043
 -0.0000036754
 -0.0000011842
 -0.0000004640
 -0.0000000011
 -0.0000018449
  0.0000174258
 -0.0000071446
 -0.0000132802
  0.0000768652
 -0.0000239985
  0.0000159666
 -0.0000947126
  0.0000470235
  0.0000222083
 -0.0000303115
 -0.0000079448
  0.0000049773
 -0.0000242638
 -0.0000441387
 -0.0000237472
 -0.0000000261
 -0.0000038735
 -0.0000049884
 -0.0000051293
 -0.0000003328
  0.0000014705
  0.0000006584
 -0.0000013139
  0.0000008674
  0.0000026188
  0.0000021577
 -0.0000029430
  0.0000000098
  0.0000203049
 -0.0000014522
  0.0000029852
 -0.0000051539
  0.0000139497
  0.0000182974
 -0.0000031424
 -0.0000048944
 -0.0000040495
  0.0000013918
  0.0000046090
  0.0000029755
  0.0000085726
 -0.0000072643
  0.0000063080
  0.0000014921
  0.0000070935
 -0.0000003738
 -0.0000068992
  0.0000004457
 -0.0000091496
 -0.0000155400
 -0.0000000374
 -0.0000031006
 -0.0000057914
  0.0000300606
 -0.0000043110
  0.0000001954
 -0.0000088257
 -0.0000032457
 -0.0000198376
  0.0000039387
 -0.0000047973
 -0.0000052186
 -0.0000052880
 -0.0000006106
 -0.0000080590
 -0.0000040674
  0.0000007982
 -0.0000035603
  0.0000034799
  0.0000019391
  0.0000011660
 -0.0000001402
  0.0000019534
  0.0000035487
  0.0000027007
  0.0000024389
  0.0000026815
 -0.0000012135
 -0.0000032147
  0.0000018500
 -0.0000038932
 -0.0000002702
 -0.0000014932
  0.0000014246
  0.0000003742
  0.0000009554
 -0.0000006118
 -0.0000025724
 -0.0000017601
 -0.0000000908
 -0.0000010180
 -0.0000086772
  0.0000006617
 -0.0000023452
 -0.0000027924
  0.0000008240
  0.0000041805
 -0.0000541924
 -0.0000387944
  0.0001242019
 -0.0000172784
  0.0000036647
 -0.0001689914
  0.0000820411
 -0.0000288023
  0.0000096520
 -0.0000151884
 -0.0000140834
  0.0002172034
  0.0000880601
  0.0000318188
  0.0000024548
  0.0000003125
 -0.0000039624
 -0.0000011688
 -0.0000050441
  0.0000010835
 -0.0000096073
  0.0000012919
 -0.0000042935
 -0.0000095816
  0.0000058809
  0.0000059329
 -0.0000034148
 -0.0000064543
  0.0000033542
 -0.0000067019
  0.0000083215
  0.0000011473
 -0.0000520484
 -0.0000078477
 -0.0000137754
 -0.0000246301
 -0.0000375765
  0.0000237663
 -0.0000087365
 -0.0000045431
 -0.0000072073
 -0.0000078550
 -0.0000164600
 -0.0000363847
  0.0000013016
  0.0000014402
  0.0000040684
 -0.0000048856
  0.0000021988
 -0.0000070037
  0.0000179645
 -0.0000634527
 -0.0000135567
  0.0000509856
 -0.0000115678
  0.0000037917
  0.0000090539
 -0.0000126045
 -0.0000068133
 -0.0000073745
  0.0000000780
 -0.0000033322
 -0.0000008293
 -0.0000091986
 -0.0000044227
 -0.0000042994
 -0.0000055621
 -0.0000005049
 -0.0000067229
 -0.0000019994
 -0.0000060445
 -0.0000058297
 -0.0000020977
 -0.0000038690
 -0.0000057844
 -0.0000061783
 -0.0000025163
 -0.0000025854
  0.0000060563
 -0.0000958230
 -0.0000706252
  0.0000670076
  0.0000308292
 -0.0000036156
 -0.0000827176
  0.0000506451
  0.0000076473
 -0.0000566601
  0.0000420399
  0.0000003634
 -0.0000205139
 -0.0000608177
  0.0000014484
 -0.0000009938
 -0.0000052054
 -0.0000086246
 -0.0000060637
 -0.0000023023
 -0.0000050295
 -0.0000052324
 -0.0000077302
  0.0000035608
  0.0000005929
 -0.0000067635
 -0.0000018888
  0.0000185486
 -0.0000057993
 -0.0000022564
 -0.0000064677
  0.0000100899
  0.0000164998
 -0.0000074520
 -0.0000086688
 -0.0000085781
 -0.0000009838
  0.0000016679
  0.0000016442
  0.0000063532
 -0.0000129041
  0.0000062959
  0.0000030031
 -0.0000029682
  0.0000052693
 -0.0000025126
 -0.0000125374
 -0.0000037949
 -0.0000138777
 -0.0000105581
  0.0000230766
 -0.0000075465
 -0.0000037212
  0.0000339150
 -0.0000073856
 -0.0000038666
 -0.0000098045
 -0.0000036360
 -0.0000222820
  0.0000010122
  0.0000044450
  0.0000023880
  0.0000022516
  0.0000067631
  0.0000028508
 -0.0000009904
  0.0000032712
  0.0000031966
  0.0000025357
  0.0000032305
  0.0000007755
  0.0000017786
 -0.0000004694
 -0.0000007157
 -0.0000001985
  0.0000010958
  0.0000007078
  0.0000023707
  0.0000060999
  0.0000019751
  0.0000010175
  0.0000022494
  0.0000006974
  0.0000003416
  0.0000008458
 -0.0000006333
  0.0000423032
 -0.0000540018
 -0.0000115450
  0.0000981965
  0.0000417638
  0.0000045267
 -0.0001000360
  0.0000411192
 -0.0000260473
 -0.0000609911
 -0.0000053685
 -0.0000019255
 -0.0000245902
 -0.0000454522
  0.0000051878
  0.0000014823
 -0.0000048636
 -0.0000035528
  0.0000006703
 -0.0000030377
  0.0000048455
  0.0000001995
 -0.0000016553
  0.0000057964
 -0.0000035524
  0.0000058610
  0.0000025128
  0.0000126858
  0.0000019202
 -0.0000079505
 -0.0000009253
  0.0000014434
 -0.0000000847
  0.0000264008
 -0.0000050817
 -0.0000144384
 -0.0000093574
  0.0000120617
  0.0000154733
 -0.0000017737
 -0.0000031073
 -0.0000021990
 -0.0000042644
  0.0000033253
 -0.0000022031
 -0.0000046237
  0.0000134326
  0.0000043033
 -0.0000004471
 -0.0000163197
 -0.0000150610
  0.0000062217
  0.0000585525
  0.0000034664
  0.0000003642
  0.0000567920
  0.0000084176
 -0.0000045358
 -0.0000182651
 -0.0000024433
 -0.0000232325
 -0.0000006635
  0.0000008235
  0.0000029259
 -0.0000001262
  0.0000008172
  0.0000001533
  0.0000022164
 -0.0000017676
 -0.0000000248
 -0.0000018290
  0.0000019135
  0.0000008050
 -0.0000106974
  0.0000792414
 -0.0000474542
  0.0000129065
 -0.0000976953
  0.0000413586
 -0.0000137071
  0.0000103872
 -0.0000009531
  0.0000265751
 -0.0000382071
 -0.0000356843
  0.0000135629
  0.0000032464
 -0.0000024010
 -0.0000013132
 -0.0000033099
  0.0000061162
  0.0000069228
  0.0000006881
 -0.0000015615
 -0.0000061341
  0.0000042953
  0.0000024035
  0.0000025766
  0.0000001908
  0.0000058994
 -0.0000027044
  0.0000131547
 -0.0000056056
  0.0000034286
  0.0000189150
  0.0000039865
 -0.0000032659
 -0.0000050687
  0.0000058461
  0.0000067321
  0.0000045471
  0.0000125423
  0.0000032585
  0.0000016002
  0.0000050700
  0.0000022093
  0.0000027378
  0.0000017555
 -0.0000001075
  0.0000023103
 -0.0000045867
 -0.0000294837
  0.0000181626
 -0.0000045430
 -0.0000011270
  0.0000216324
 -0.0000019383
  0.0000016647
 -0.0000088367
 -0.0000030157
 -0.0000174691
  0.0000058510
 -0.0000011957
 -0.0000071938
 -0.0000028832
 -0.0000032481
 -0.0000002570
 -0.0000029995
 -0.0000025623
 -0.0000011338
 -0.0000025037
 -0.0000028590
 -0.0000028534
 -0.0000026388
  0.0000000083
 -0.0000036115
 -0.0000017521
 -0.0000059846
 -0.0000048692
 -0.0000019888
 -0.0000061110
 -0.0000025136
 -0.0000040728
 -0.0000030383
 -0.0000021232
 -0.0000019057
  0.0000034531
  0.0000002968
 -0.0000060535
 -0.0000041033
 -0.0000043640
  0.0000035017
 -0.0000024569
  0.0000056334
 -0.0000046502
 -0.0000052020
 -0.0000047877
  0.0001107700
  0.0000339667
 -0.0000433516
  0.0000905066
 -0.0001000161
  0.0000426827
 -0.0001150759
  0.0001255368
 -0.0000577296
 -0.0001061329
 -0.0000018513
  0.0000878771
  0.0001017694
 -0.0000125347
  0.0001065004
 -0.0000035107
 -0.0000087167
  0.0000089254
 -0.0000005566
 -0.0000021512
 -0.0000032334
 -0.0000013044
 -0.0000034945
  0.0000031725
  0.0000010422
  0.0000029108
 -0.0000012853
  0.0000088701
  0.0000004692
 -0.0000213230
 -0.0000029974
  0.0000033122
  0.0000106307
 -0.0000003672
 -0.0000034211
 -0.0000120694
  0.0000001557
 -0.0000056248
 -0.0000018744
 -0.0000016526
 -0.0000030549
  0.0000245248
 -0.0000020962
 -0.0000064853
 -0.0000001422
 -0.0000040743
  0.0000205373
  0.0000037082
  0.0000155469
 -0.0000447179
 -0.0000058244
 -0.0000050871
 -0.0000005230
 -0.0000083607
 -0.0000031504
 -0.0000024601
 -0.0000047754
  0.0000042684
 -0.0000079738
 -0.0000004249
  0.0000050031
 -0.0000003549
  0.0000007150
  0.0000019002
  0.0000005585
 -0.0000002570
 -0.0000010847
  0.0000035207
  0.0000052122
 -0.0000026699
 -0.0000037349
 -0.0000007244
 -0.0000033562
 -0.0000021723
  0.0000023075
 -0.0000173170
  0.0000658838
 -0.0000429417
 -0.0000016308
 -0.0001002464
  0.0000480501
  0.0000319771
 -0.0000144846
 -0.0000010439
  0.0000218372
 -0.0000517957
 -0.0000447759
  0.0000123501
  0.0000025802
 -0.0000004100
 -0.0000026985
 -0.0000049798
 -0.0000020482
  0.0000005616
 -0.0000012925
 -0.0000004448
 -0.0000010045
  0.0000002988
 -0.0000053512
  0.0000000645
  0.0000081537
 -0.0000030910
  0.0000118706
 -0.0000069327
  0.0000131587
  0.0000144926
  0.0000033676
 -0.0000044993
 -0.0000048132
 -0.0000010478
 -0.0000019932
  0.0000060165
  0.0000071852
  0.0000021779
  0.0000019593
  0.0000049763
  0.0000028574
  0.0000015844
  0.0000028261
  0.0000006039
 -0.0000076921
  0.0000016475
 -0.0000090531
 -0.0000260158
  0.0000203731
 -0.0000047310
 -0.0000065512
  0.0000265889
 -0.0000033389
  0.0000009445
 -0.0000105516
 -0.0000013001
 -0.0000199632
  0.0000059620
 -0.0000081003
 -0.0000019451
 -0.0000014756
  0.0000003549
 -0.0000023520
 -0.0000022948
 -0.0000004606
 -0.0000031421
 -0.0000032253
 -0.0000019442
 -0.0000009436
  0.0000004942
 -0.0000000731
  0.0000009570
 -0.0000010102
 -0.0000015969
 -0.0000049460
 -0.0000019655
 -0.0000038879
 -0.0000016882
 -0.0000027837
 -0.0000029519
 -0.0000012728
 -0.0000019871
  0.0000051594
  0.0000013138
 -0.0000039970
 -0.0000026592
 -0.0000025783
 -0.0000011244
  0.0000007913
 -0.0000028444
 -0.0000038025
 -0.0000009630
  0.0001276878
 -0.0000623876
  0.0000188457
  0.0001135349
  0.0000921516
  0.0000620937
 -0.0000940611
  0.0000942035
 -0.0000428977
 -0.0000693316
  0.0000767497
  0.0000169790
 -0.0000232019
  0.0000124886
 -0.0000441635
  0.0000039921
  0.0000084731
  0.0000020219
 -0.0000009202
 -0.0000030757
 -0.0000035932
 -0.0000039500
 -0.0000005206
 -0.0000017133
 -0.0000023246
  0.0000013086
  0.0000024844
  0.0000033116
 -0.0000026298
 -0.0000085427
 -0.0000013770
  0.0000044869
 -0.0000032937
 -0.0000590512
 -0.0000017708
 -0.0000091412
  0.0000037324
 -0.0000191173
 -0.0000102948
 -0.0000079823
 -0.0000033362
  0.0000089912
 -0.0000155182
  0.0000010990
  0.0000029592
 -0.0000060756
  0.0000207970
  0.0000020252
  0.0000201246
 -0.0000780025
 -0.0000001032
 -0.0000479926
 -0.0000044743
  0.0000007675
 -0.0000043126
 -0.0000062545
  0.0000008189
  0.0000047780
  0.0000086740
  0.0000001448
 -0.0000010735
  0.0000018569
 -0.0000000088
  0.0000009051
  0.0000006494
  0.0000030658
 -0.0000009147
 -0.0000028965
 -0.0000022839
 -0.0000026226
  0.0000001930
 -0.0000002935
  0.0000007903
  0.0000044872
 -0.0000025399
 -0.0000007171
  0.0000002782
 -0.0000046576
  0.0000006969
  0.0000050264
 -0.0000011490
 -0.0000017215
 -0.0000023163
  0.0000497359
 -0.0000477504
 -0.0000020136
  0.0001079940
  0.0000433049
  0.0000638704
 -0.0001704740
  0.0000517479
  0.0000094540
 -0.0000432404
  0.0000075415
  0.0000199525
 -0.0000252141
 -0.0000406280
  0.0000252349
 -0.0000012464
  0.0000045563
 -0.0000001114
  0.0000006385
 -0.0000023350
 -0.0000001678
  0.0000063295
 -0.0000012560
  0.0000010008
  0.0000036032
  0.0000049083
  0.0000004467
 -0.0000029346
  0.0000046535
  0.0000057051
 -0.0000030171
  0.0000056149
  0.0000018776
  0.0000312014
 -0.0000029937
 -0.0000222399
 -0.0000050342
  0.0000183116
  0.0000236743
 -0.0000023800
  0.0000250014
 -0.0000077334
  0.0000016538
  0.0000012000
 -0.0000067082
 -0.0000021578
  0.0000116134
  0.0000450192
  0.0000627925
 -0.0000046629
  0.0000005063
 -0.0000062559
 -0.0000037120
 -0.0000009188
  0.0000116460
  0.0000301111
  0.0000090818
  0.0000141106
  0.0000078380
  0.0000085458
  0.0000068681
  0.0000130227
  0.0000084573
  0.0000081649
  0.0000048823
  0.0000055139
  0.0000048820
  0.0000046739
  0.0000100185
  0.0000022261
  0.0000142634
  0.0000072427
  0.0000080041
  0.0000111359
  0.0000076780
  0.0000409724
  0.0000213340
  0.0000033649
  0.0000074084
  0.0000109232
 -0.0000195029
  0.0000052641
 -0.0000089580
  0.0000051425
  0.0000061265
  0.0000031518
 -0.0000016059
  0.0000348170
 -0.0000609798
  0.0000178253
 -0.0000815427
 -0.0000164756
 -0.0001073341
  0.0001208954
 -0.0000682141
 -0.0001453833
  0.0000746987
  0.0000887500
 -0.0000225113
  0.0000107280
  0.0000752725
  0.0000064393
  0.0000088136
  0.0000090045
  0.0000182857
  0.0000118552
  0.0000036555
  0.0000059474
  0.0000015650
  0.0000036799
  0.0000049189
  0.0000060944
  0.0000075422
  0.0000122653
  0.0000055353
  0.0000123935
  0.0000068727
  0.0000035664
  0.0000118510
  0.0000207466
  0.0000037361
 -0.0000043478
  0.0000033487
  0.0000024383
  0.0000079455
  0.0000131242
 -0.0000009654
  0.0000008218
  0.0000035549
  0.0000134325
  0.0000222092
 -0.0000451213
  0.0000080821
  0.0000234454
  0.0000027918
  0.0000067016
  0.0000106722
 -0.0000032865
  0.0000061552
 -0.0000202427
 -0.0000080412
 -0.0000115083
 -0.0000089334
 -0.0000074461
 -0.0000134259
 -0.0000032751
 -0.0000076234
 -0.0000085279
 -0.0000085509
 -0.0000015829
 -0.0000031013
 -0.0000012625
 -0.0000068414
 -0.0000084125
 -0.0000036897
 -0.0000112223
 -0.0000068319
 -0.0000114441
 -0.0000085746
 -0.0000083322
 -0.0000084509
 -0.0000062014
 -0.0000082207
 -0.0000051501
 -0.0000091072
 -0.0000057517
 -0.0000086950
 -0.0000067556
  0.0000018306
 -0.0000073110
  0.0000072369
 -0.0000102600
 -0.0000107108
 -0.0000041525
  0.0001145389
  0.0000063347
  0.0000629001
  0.0001390575
 -0.0000742693
 -0.0001046168
 -0.0001140971
  0.0001096782
 -0.0001549808
 -0.0001651230
  0.0000135081
  0.0000164397
  0.0000134461
 -0.0000631192
  0.0000791574
 -0.0000001533
  0.0000022965
 -0.0000016567
  0.0000010133
 -0.0000063219
 -0.0000064605
 -0.0000028074
 -0.0000053787
 -0.0000062933
 -0.0000006362
 -0.0000008696
 -0.0000037677
  0.0000049499
 -0.0000052534
  0.0000000553
 -0.0000009274
 -0.0000010286
  0.0000017610
 -0.0000283508
 -0.0000086444
  0.0000094812
 -0.0000057848
 -0.0000018518
  0.0000090338
 -0.0000091430
  0.0000077875
 -0.0000488540
 -0.0000088084
 -0.0000017560
  0.0000000256
  0.0000041680
  0.0000056356
  0.0000303492
 -0.0000818184
  0.0000084121
  0.0000554121
  0.0000003683
 -0.0000002574
  0.0000259271
 -0.0000008005
  0.0000052957
  0.0000038569
  0.0000034810
  0.0000044534
  0.0000018410
 -0.0000000422
  0.0000036790
  0.0000032521
  0.0000023612
  0.0000061921
  0.0000012167
 -0.0000016584
  0.0000014128
 -0.0000003945
  0.0000036662
  0.0000046197
  0.0000031174
  0.0000024975
 -0.0000014332
  0.0000031988
  0.0000015653
  0.0000020254
  0.0000004112
 -0.0000053252
  0.0000605326
 -0.0000025067
  0.0000584098
 -0.0000244586
 -0.0000609521
 -0.0000591120
  0.0000806197
  0.0000021862
 -0.0000120155
 -0.0000324813
  0.0000576796
 -0.0000342613
 -0.0000830414
  0.0000652562
  0.0000016623
 -0.0000016883
 -0.0000025091
  0.0000012103
 -0.0000006921
  0.0000037063
  0.0000012065
  0.0000001822
  0.0000020959
  0.0000048475
  0.0000061229
  0.0000015587
  0.0000063215
  0.0000079680
  0.0000022271
  0.0000012991
  0.0000223855
  0.0000017383
 -0.0000036335
 -0.0000023574
  0.0000122763
  0.0000169968
  0.0000045876
  0.0000023289
  0.0000038697
  0.0000023541
  0.0000071269
  0.0000064855
 -0.0000075112
  0.0000115857
  0.0000046558
  0.0000079353
  0.0000034149
 -0.0000154663
  0.0000019669
 -0.0000140746
  0.0000027001
  0.0000566886
  0.0000042669
 -0.0000011549
  0.0000431369
  0.0000013821
  0.0000026319
  0.0000039520
 -0.0000188645
  0.0000049163
  0.0000073813
  0.0000191334
  0.0000056286
  0.0000082416
  0.0000056556
  0.0000059841
  0.0000076014
  0.0000059296
  0.0000057914
  0.0000022994
  0.0000023727
  0.0000036709
  0.0000011665
  0.0000052478
  0.0000058303
  0.0000039602
  0.0000047363
  0.0000059347
 -0.0000071460
  0.0000036825
  0.0000004031
  0.0000024525
  0.0000010326
  0.0000038968
  0.0000242037
 -0.0000586025
  0.0000645306
 -0.0000389976
 -0.0000559181
 -0.0001933564
  0.0000525453
  0.0000147001
 -0.0000510141
  0.0000485294
  0.0000350987
 -0.0000131199
 -0.0000666903
  0.0000916562
  0.0000030174
  0.0000050387
  0.0000040373
  0.0000011273
  0.0000053812
  0.0000034642
  0.0000032252
  0.0000032291
  0.0000061566
  0.0000082987
  0.0000072734
  0.0000026689
 -0.0000076436
  0.0000082005
 -0.0000000267
  0.0000002743
  0.0000100185
  0.0000009422
  0.0000259555
 -0.0000024482
 -0.0000050750
  0.0000149098
  0.0000242240
 -0.0000016968
  0.0000075325
  0.0000086192
  0.0000008751
  0.0000105488
  0.0000055339
 -0.0000073744
  0.0000025091
  0.0000092879
  0.0000633452
  0.0000072975
  0.0000394246
 -0.0000005746
 -0.0000024754
  0.0000022855
 -0.0000032378
  0.0000047353
  0.0000039269
  0.0000033260
  0.0000023745
  0.0000023692
  0.0000015656
  0.0000011846
  0.0000009935
  0.0000729975
  0.0000032573
 -0.0000428389
  0.0000915827
 -0.0000530199
 -0.0000103403
 -0.0000723670
  0.0000331515
  0.0001203149
 -0.0000086620
 -0.0000150852
  0.0000142136
 -0.0001290960
 -0.0000766789
 -0.0000025595
 -0.0000034283
 -0.0000012565
 -0.0000007717
 -0.0000003140
 -0.0000030633
  0.0000084523
  0.0000037319
  0.0000091730
  0.0000065886
  0.0000058301
 -0.0000151550
 -0.0000065219
  0.0000218697
 -0.0000010293
  0.0000102270
 -0.0000016542
 -0.0000085996
  0.0000183098
 -0.0000068231
  0.0000088116
 -0.0000005487
  0.0000071304
  0.0000086785
  0.0000138612
  0.0000032955
  0.0000086602
  0.0000064235
  0.0000078250
  0.0000034478
  0.0000076693
  0.0000078649
  0.0000094276
  0.0000019129
  0.0000006941
 -0.0000164948
  0.0000231213
  0.0000037992
  0.0000047862
  0.0000076080
  0.0000038664
  0.0000013162
 -0.0000064195
  0.0000109842
 -0.0000164425
 -0.0000012596
 -0.0000250154
 -0.0000082066
 -0.0000078867
  0.0001440994
 -0.0000493271
 -0.0000269247
 -0.0001158525
  0.0000011509
 -0.0000433038
  0.0000547960
 -0.0000199518
  0.0000309663
  0.0000224920
 -0.0000196749
 -0.0000006602
 -0.0000046296
 -0.0000053200
  0.0000003951
 -0.0000025767
 -0.0000020634
  0.0000025921
 -0.0000004063
  0.0000036122
 -0.0000005326
 -0.0000027059
 -0.0000031813
  0.0000177591
 -0.0000018056
  0.0000174060
 -0.0000010485
  0.0000141112
 -0.0000011622
 -0.0000066996
 -0.0000081334
  0.0000018922
 -0.0000085235
 -0.0000047937
 -0.0000045868
 -0.0000095764
 -0.0000020794
 -0.0000161662
 -0.0000009298
  0.0000126104
 -0.0000006433
  0.0000270003
 -0.0000169538
  0.0000034152
  0.0000518530
 -0.0000047198
 -0.0000112117
  0.0000144291
  0.0000018427
 -0.0000041718
 -0.0000005312
 -0.0000016365
  0.0000020226
 -0.0000023320
  0.0000198870
 -0.0000173946
 -0.0000040821
  0.0001726676
 -0.0000580561
  0.0000305692
 -0.0000915562
 -0.0000133361
  0.0000736985
 -0.0000410841
  0.0000110463
  0.0000226882
 -0.0000035815
 -0.0000437113
 -0.0000172765
 -0.0000069896
  0.0000040531
 -0.0000035421
 -0.0000008939
 -0.0000032184
 -0.0000035213
  0.0000008864
  0.0000004753
 -0.0000005181
 -0.0000012162
 -0.0000010950
 -0.0000052994
  0.0000323511
 -0.0000155835
 -0.0000020590
 -0.0000184395
 -0.0000170828
  0.0000079955
 -0.0000020665
 -0.0000018835
 -0.0000050785
  0.0000020695
  0.0000014991
  0.0000055644
 -0.0000054459
  0.0000010074
 -0.0000046192
 -0.0000044281
 -0.0000100033
  0.0000077955
 -0.0000008269
 -0.0000006786
 -0.0000085157
 -0.0000054385
 -0.0000020009
 -0.0000051862
  0.0000237773
 -0.0000031324
 -0.0000086839
 -0.0000193268
 -0.0000061907
 -0.0000102989
 -0.0000033058
 -0.0000044390
  0.0000004968
  0.0000628052
 -0.0000055943
 -0.0000254118
  0.0001057014
 -0.0000579052
 -0.0000141971
 -0.0000793619
  0.0000284160
  0.0001631838
 -0.0000171240
 -0.0000201424
  0.0000090597
 -0.0001538221
 -0.0000814132
 -0.0000116417
 -0.0000015801
 -0.0000055141
 -0.0000028919
  0.0000015818
 -0.0000022242
 -0.0000057377
 -0.0000042942
 -0.0000018676
 -0.0000004034
  0.0000005218
  0.0000045851
 -0.0000097207
  0.0000208156
 -0.0000052710
  0.0000064410
 -0.0000062726
 -0.0000266224
  0.0000069038
 -0.0000124908
  0.0000017592
 -0.0000057533
  0.0000020548
  0.0000038954
  0.0000090707
 -0.0000025122
  0.0000010234
  0.0000031237
  0.0000031388
  0.0000058368
 -0.0000038168
 -0.0000092215
 -0.0000190251
  0.0000187145
 -0.0000008558
 -0.0000063104
  0.0000077319
 -0.0000019966
 -0.0000199924
  0.0000064087
 -0.0000059833
  0.0000031681
  0.0000026041
 -0.0000085958
 -0.0000046970
 -0.0000026985
  0.0001501601
 -0.0000420953
 -0.0000268800
 -0.0000971338
 -0.0000117077
  0.0000571778
  0.0000735636
 -0.0000349646
  0.0000334740
  0.0000480889
 -0.0000176880
 -0.0000030872
 -0.0000096848
 -0.0000041547
 -0.0000009058
  0.0000008530
 -0.0000036998
  0.0000108905
  0.0000049167
  0.0000018439
 -0.0000030253
 -0.0000036905
  0.0000392079
  0.0000147396
 -0.0000163473
  0.0000092819
 -0.0000020422
 -0.0000048779
  0.0000097261
 -0.0000078185
 -0.0000131822
 -0.0000051711
  0.0000034432
  0.0000029460
 -0.0000211410
 -0.0000015977
 -0.0000039783
  0.0000131721
  0.0000083458
 -0.0000372664
  0.0000016133
  0.0000025520
  0.0000412809
 -0.0000056755
  0.0000010731
  0.0000200686
 -0.0000153635
 -0.0000230937
 -0.0000248196
  0.0000474398
  0.0001169327
 -0.0000633647
 -0.0000215895
 -0.0001073457
  0.0000070737
 -0.0000102821
  0.0000049598
  0.0000093089
  0.0000205398
 -0.0000557960
  0.0000357887
 -0.0000056850
 -0.0000005534
  0.0000054359
 -0.0000028437
 -0.0000002704
 -0.0000005917
  0.0000001691
  0.0000062673
  0.0000017357
 -0.0000028418
  0.0000016761
 -0.0000002179
 -0.0000008036
  0.0000197356
 -0.0000066049
  0.0000040776
 -0.0000043107
  0.0000176516
  0.0000049200
 -0.0000030262
 -0.0000031556
  0.0000044203
  0.0000010106
 -0.0000009408
 -0.0000051363
  0.0000050764
 -0.0000047205
 -0.0000058763
 -0.0000059885
  0.0000094007
  0.0000022149
  0.0000161797
 -0.0000057531
  0.0000072084
 -0.0000017346
  0.0000470592
 -0.0000041565
 -0.0000096279
  0.0000072899
 -0.0000088648
  0.0000009642
  0.0000005115
 -0.0000045612
  0.0000093592
  0.0000525966
  0.0001430311
 -0.0000125042
  0.0000259863
 -0.0000475308
 -0.0000390253
 -0.0000359495
  0.0000293686
 -0.0000235671
  0.0000343331
 -0.0000680587
  0.0000382469
 -0.0000283282
  0.0000013682
 -0.0000019972
  0.0000073769
  0.0000022606
 -0.0000005936
 -0.0000010218
 -0.0000001227
  0.0000019102
  0.0000038478
  0.0000083408
 -0.0000199570
  0.0000104661
  0.0000224272
 -0.0000030424
 -0.0000016148
 -0.0000034632
 -0.0000041446
 -0.0000112243
 -0.0000063671
  0.0000065019
  0.0000024098
  0.0000090932
 -0.0000005698
  0.0000007222
  0.0000049415
 -0.0000013232
 -0.0000095749
 -0.0000026695
 -0.0000089681
  0.0000386584
 -0.0000132873
 -0.0000085563
  0.0000120352
  0.0000007510
  0.0000072159
  0.0000181433
  0.0000320155
  0.0001567266
 -0.0000121507
  0.0000237919
 -0.0000683336
 -0.0000398031
  0.0000003627
  0.0000209185
 -0.0000278490
  0.0000360290
 -0.0000618316
  0.0000182171
 -0.0000134026
 -0.0000066047
  0.0000005621
 -0.0000032624
 -0.0000033380
 -0.0000019723
  0.0000020493
  0.0000029773
 -0.0000003914
 -0.0000004875
  0.0000033257
 -0.0000036966
  0.0000432088
  0.0000003963
 -0.0000257874
  0.0000057221
 -0.0000046883
 -0.0000021743
  0.0000060314
 -0.0000043255
 -0.0000131791
 -0.0000073119
  0.0000024856
  0.0000033530
  0.0000025716
 -0.0000005484
 -0.0000022680
  0.0000118018
 -0.0000113008
 -0.0000192030
 -0.0000039257
 -0.0000019698
  0.0000435278
  0.0000024568
 -0.0000126841
  0.0000185332
 -0.0000179531
  0.0000030029
  0.0000034249
  0.0000640585
 -0.0000024425
 -0.0000143832
  0.0001498752
 -0.0000493390
  0.0000203490
 -0.0001014303
  0.0000065639
  0.0000782375
 -0.0000652208
  0.0000175830
  0.0000335511
  0.0000028006
 -0.0000547802
 -0.0000071662
 -0.0000013761
 -0.0000008161
 -0.0000056791
 -0.0000017124
  0.0000010533
  0.0000001470
  0.0000028249
  0.0000043893
  0.0000042041
 -0.0000014034
  0.0000207279
  0.0000037553
 -0.0000129142
  0.0000198750
 -0.0000100608
  0.0000031106
  0.0000027681
  0.0000131389
 -0.0000018843
  0.0000067168
 -0.0000074937
  0.0000020302
  0.0000117850
  0.0000011644
  0.0000049931
 -0.0000025438
  0.0000040016
  0.0000007054
  0.0000463958
 -0.0000034910
 -0.0000069194
  0.0000001631
  0.0000066183
 -0.0000058687
 -0.0000382378
 -0.0000250600
  0.0000416478
  0.0001282670
 -0.0000682881
  0.0000073138
 -0.0000989032
  0.0000033048
  0.0000244242
  0.0000187281
  0.0000054605
  0.0000093686
 -0.0000207259
  0.0000145238
 -0.0000122782
 -0.0000006221
 -0.0000008625
 -0.0000033826
  0.0000045023
 -0.0000032426
 -0.0000046306
 -0.0000005050
  0.0000019551
  0.0000000601
  0.0000054285
  0.0000044450
  0.0000066749
 -0.0000081305
  0.0000174245
 -0.0000116879
 -0.0000001599
 -0.0000114817
  0.0000140920
 -0.0000004699
 -0.0000023099
 -0.0000047881
  0.0000015635
 -0.0000020145
  0.0000037691
 -0.0000066725
  0.0000021529
 -0.0000117191
 -0.0000037663
 -0.0000037200
 -0.0000092904
  0.0000062551
 -0.0000015152
  0.0000059865
 -0.0000069898
  0.0000003374
  0.0000441828
 -0.0000023035
 -0.0000129246
 -0.0000003267
 -0.0000017049
 -0.0000107204
 -0.0000019022
  0.0000014158
  0.0000004287
 -0.0000007609
  0.0000043489
  0.0001588978
 -0.0000402436
 -0.0000264901
 -0.0000894585
 -0.0000051379
  0.0000880470
  0.0000774780
 -0.0000323071
  0.0000354170
  0.0000121884
 -0.0000081587
  0.0000004071
 -0.0000071484
  0.0000001860
 -0.0000003678
 -0.0000032857
  0.0000022928
  0.0000048689
 -0.0000009542
 -0.0000008943
  0.0000040316
  0.0000500376
  0.0000100609
 -0.0000202023
  0.0000134969
  0.0000227567
 -0.0000002584
  0.0000012131
 -0.0000051563
 -0.0000054671
  0.0000010179
  0.0000080849
 -0.0000181715
 -0.0000000991
  0.0000069087
  0.0000015975
 -0.0000361127
  0.0000031166
 -0.0000067884
  0.0000492570
 -0.0000086617
 -0.0000053006
  0.0000148271
 -0.0000009031
 -0.0000000612
  0.0000086831
  0.0000302513
  0.0000075095
  0.0000210995
  0.0002080812
 -0.0000353888
 -0.0000311798
 -0.0000681117
 -0.0000047032
 -0.0000514770
  0.0000202427
  0.0000183193
  0.0000165926
 -0.0000760817
  0.0000017723
 -0.0000340992
 -0.0000020105
 -0.0000012839
 -0.0000006022
 -0.0000069883
  0.0000014176
 -0.0000004847
  0.0000002601
 -0.0000049472
 -0.0000017465
 -0.0000124764
  0.0000080587
  0.0000272801
  0.0000058216
 -0.0000039919
 -0.0000007726
 -0.0000035803
 -0.0000020356
  0.0000034251
 -0.0000063708
  0.0000052926
  0.0000027217
  0.0000063053
 -0.0000060375
 -0.0000026416
  0.0000042765
  0.0000078579
 -0.0000187213
  0.0000062186
 -0.0000079549
  0.0000856354
  0.0000029971
 -0.0000115221
  0.0000113827
  0.0000052248
 -0.0000031530
 -0.0000009033
 -0.0000009526
 -0.0000350864
  0.0000020745
  0.0000387217
  0.0001067985
 -0.0000142228
  0.0000212484
 -0.0000591035
 -0.0000461636
 -0.0000372933
 -0.0000108224
 -0.0000061285
  0.0000267515
 -0.0000446142
  0.0000217113
 -0.0000317575
 -0.0000015458
  0.0000016268
  0.0000017460
  0.0000003088
  0.0000038893
  0.0000088895
  0.0000034440
  0.0000012870
  0.0000160966
  0.0000127824
  0.0000276426
 -0.0000003850
 -0.0000117363
 -0.0000016956
  0.0000038512
  0.0000000663
  0.0000048820
  0.0000025104
  0.0000035440
 -0.0000042611
 -0.0000104862
 -0.0000147321
  0.0000768686
  0.0000150267
  0.0000012649
 -0.0000016740
  0.0000131890
 -0.0000032130
 -0.0000018119
 -0.0000010891
  0.0000387201
 -0.0000062689
  0.0000004584
  0.0000044128
 -0.0000513754
  0.0000179705
 -0.0001016296
  0.0000388005
  0.0000861003
  0.0000304410
 -0.0000084411
  0.0000243273
 -0.0001042009
 -0.0000244915
  0.0000040570
 -0.0000037116
 -0.0000055988
 -0.0000057923
  0.0000023982
  0.0000007882
 -0.0000018406
 -0.0000035022
 -0.0000010284
  0.0000039428
 -0.0000003961
  0.0000041009
 -0.0000044076
  0.0000104761
  0.0000106319
 -0.0000070179
 -0.0000196736
  0.0000104772
 -0.0000011785
  0.0000001618
 -0.0000062007
  0.0000031343
  0.0000021029
  0.0000047108
  0.0000006737
  0.0000007043
  0.0000001647
  0.0000019307
 -0.0000000679
 -0.0000292560
  0.0000134967
 -0.0000060386
 -0.0000030546
  0.0000060985
 -0.0000045035
 -0.0000151083
 -0.0000026838
 -0.0000003119
  0.0000004057
  0.0000015453
 -0.0000290586
 -0.0000167663
  0.0000288141
  0.0001423035
 -0.0000517808
  0.0000370789
 -0.0000896879
 -0.0000040021
  0.0000270393
  0.0000286997
  0.0000135496
  0.0000289854
 -0.0000157608
 -0.0000069886
 -0.0000113259
 -0.0000028546
 -0.0000039760
 -0.0000017044
  0.0000003410
 -0.0000002962
  0.0000032852
  0.0000054035
  0.0000047060
 -0.0000001034
  0.0000010794
  0.0000243916
  0.0000044508
 -0.0000093110
  0.0000064324
  0.0000029349
  0.0000119021
 -0.0000074195
  0.0000084399
  0.0000053289
  0.0000020863
 -0.0000002135
  0.0000108967
 -0.0000018933
  0.0000016189
 -0.0000000188
  0.0000483251
 -0.0000032946
  0.0000030996
  0.0000197138
 -0.0000064771
 -0.0000002062
 -0.0000010836
 -0.0000163416
  0.0000008281
  0.0000361604
  0.0000966571
 -0.0000237428
 -0.0000110300
 -0.0000576641
 -0.0000337132
 -0.0000302986
 -0.0000177770
  0.0000170126
  0.0000121263
 -0.0000361449
  0.0000158920
 -0.0000293158
 -0.0000013140
  0.0000011140
  0.0000001163
 -0.0000006807
  0.0000069501
  0.0000002969
  0.0000092329
 -0.0000176693
  0.0000082156
  0.0000261822
 -0.0000017342
  0.0000008692
 -0.0000029435
 -0.0000144814
 -0.0000023195
  0.0000055253
  0.0000005509
 -0.0000015999
 -0.0000003559
  0.0000041083
 -0.0000089461
 -0.0000161557
 -0.0000002411
 -0.0000091383
  0.0000558651
  0.0000097531
 -0.0000056398
  0.0000102730
 -0.0000177437
  0.0000036881
  0.0000426539
  0.0001273021
 -0.0000146614
  0.0000008874
 -0.0000601245
 -0.0000363159
 -0.0000471747
  0.0000187942
  0.0000002107
  0.0000249506
 -0.0000561150
  0.0000225827
 -0.0000285221
  0.0000042733
  0.0000062284
 -0.0000036072
 -0.0000075614
 -0.0000008614
  0.0000087991
 -0.0000020053
 -0.0000061634
 -0.0000037176
  0.0000031640
  0.0000462400
 -0.0000102889
  0.0000052313
 -0.0000209150
  0.0000128228
  0.0000014963
  0.0000076852
  0.0000118997
 -0.0000041743
 -0.0000085765
 -0.0000025594
  0.0000045674
  0.0000010713
 -0.0000030264
  0.0000149502
  0.0000033850
 -0.0000054337
  0.0000142689
 -0.0000035873
 -0.0000050669
  0.0000023396
  0.0000042944
  0.0000478970
  0.0000072126
 -0.0000092154
  0.0000192848
 -0.0000165541
 -0.0000022322
  0.0000017039
  0.0000015731
  0.0000635552
  0.0000082350
 -0.0000639056
  0.0000407865
 -0.0000541205
  0.0000041714
 -0.0000812720
  0.0000340396
  0.0000969501
  0.0000118201
 -0.0000082806
  0.0000173068
 -0.0001000746
 -0.0000298705
  0.0000132059
 -0.0000007496
 -0.0000036278
 -0.0000005755
  0.0000007162
 -0.0000022667
  0.0000015960
 -0.0000004677
 -0.0000044695
 -0.0000009449
  0.0000028500
  0.0000046598
 -0.0000024661
 -0.0000000462
  0.0000301490
  0.0000061730
 -0.0000083336
  0.0000146649
  0.0000029247
 -0.0000032667
  0.0000065689
  0.0000019763
 -0.0000015714
  0.0000006577
 -0.0000126771
 -0.0000003217
  0.0000109225
  0.0000028671
 -0.0000255162
  0.0000172251
 -0.0000051006
 -0.0000008782
  0.0000133711
 -0.0000028852
 -0.0000131709
  0.0000012523
 -0.0000050473
 -0.0000027711
  0.0000044882
  0.0000164460
  0.0000225430
  0.0000443200
  0.0002028673
  0.0000080957
  0.0000099967
 -0.0000211180
 -0.0000267416
 -0.0000978426
 -0.0000183804
  0.0000851422
  0.0000210755
 -0.0001210448
  0.0000124594
 -0.0000387704
 -0.0000006113
  0.0000042850
 -0.0000034959
 -0.0000022803
 -0.0000077223
  0.0000069210
 -0.0000055049
 -0.0000057323
 -0.0000194326
  0.0000058945
  0.0000080427
 -0.0000020334
  0.0000145061
  0.0000071859
  0.0000010028
 -0.0000089949
 -0.0000169658
  0.0000020028
 -0.0000011916
  0.0000041372
  0.0000003123
 -0.0000031336
 -0.0000070654
  0.0000036549
 -0.0000215069
  0.0000069323
 -0.0000018963
  0.0000175503
 -0.0000049567
  0.0000023428
 -0.0000177079
  0.0001106376
  0.0000045983
 -0.0000123082
 -0.0000030591
  0.0000038190
 -0.0000178543
  0.0000496283
 -0.0000183511
 -0.0000288758
  0.0000587643
 -0.0000634776
 -0.0000124149
 -0.0001028189
  0.0000233590
  0.0001066304
 -0.0000109891
  0.0000215058
  0.0000122159
 -0.0000304903
 -0.0000671747
 -0.0000100696
 -0.0000006594
  0.0000075659
 -0.0000034996
 -0.0000036281
  0.0000005633
  0.0000029765
 -0.0000018262
 -0.0000031651
 -0.0000019807
 -0.0000011564
 -0.0000031923
  0.0000011425
  0.0000002494
  0.0000378343
 -0.0000102525
  0.0000075105
 -0.0000129853
  0.0000167155
 -0.0000118968
  0.0000033245
 -0.0000053681
  0.0000076795
  0.0000064173
  0.0000083594
 -0.0000008858
  0.0000045526
 -0.0000011283
 -0.0000012425
  0.0000126028
 -0.0000033824
 -0.0000106677
  0.0000121118
 -0.0000017651
  0.0000000512
  0.0000239478
 -0.0000015949
 -0.0000118529
  0.0000024402
 -0.0000053766
  0.0000059139
 -0.0000093648
  0.0000013358
  0.0000202254
  0.0001542883
 -0.0000364935
 -0.0000054711
 -0.0000802317
 -0.0000259331
  0.0000776994
  0.0000675912
 -0.0000265362
  0.0000386893
  0.0000116046
  0.0000079695
 -0.0000004626
 -0.0000002905
 -0.0000054468
 -0.0000040999
 -0.0000032694
 -0.0000002145
 -0.0000017128
 -0.0000029778
 -0.0000018611
 -0.0000053628
  0.0000382248
 -0.0000080692
  0.0000145475
 -0.0000185086
  0.0000140975
 -0.0000058672
 -0.0000065805
 -0.0000057034
 -0.0000112390
 -0.0000106868
 -0.0000133353
 -0.0000055357
 -0.0000202222
 -0.0000008104
  0.0000226386
 -0.0000019132
 -0.0000002015
  0.0000053757
 -0.0000409054
 -0.0000045916
  0.0000429133
 -0.0000032442
 -0.0000005506
  0.0000019906
 -0.0000074907
 -0.0000003057
  0.0000050497
  0.0000353865
  0.0000010200
  0.0000151801
  0.0001921339
 -0.0000362156
 -0.0000357854
 -0.0000751136
 -0.0000070517
 -0.0000226001
  0.0000374404
  0.0000053834
  0.0000066881
 -0.0000547164
 -0.0000038200
 -0.0000307201
 -0.0000041574
 -0.0000054563
 -0.0000025335
 -0.0000047512
 -0.0000051706
 -0.0000171522
  0.0000019243
 -0.0000054404
 -0.0000050506
  0.0000083150
 -0.0000104214
  0.0000098929
  0.0000220963
  0.0000030991
 -0.0000071273
  0.0000009878
 -0.0000036807
 -0.0000027319
  0.0000020873
 -0.0000104073
  0.0000119323
  0.0000018765
  0.0000020212
  0.0000068059
  0.0000009820
 -0.0000015788
  0.0000116830
 -0.0000010268
 -0.0000218273
  0.0000049314
 -0.0000100191
  0.0000579913
 -0.0000021355
 -0.0000122166
 -0.0000053966
  0.0000172010
  0.0000030286
 -0.0000013749
 -0.0000256776
 -0.0000177021
  0.0000928912
 -0.0000624806
 -0.0000226640
 -0.0000986457
  0.0000264506
  0.0000741877
  0.0000054402
  0.0000124454
  0.0000087211
 -0.0000375945
 -0.0000345589
 -0.0000179029
 -0.0000029476
 -0.0000015425
 -0.0000085319
  0.0000022596
 -0.0000017314
  0.0000055204
  0.0000030413
  0.0000007099
 -0.0000112890
  0.0000033671
 -0.0000040522
 -0.0000032678
  0.0000368964
  0.0000089323
 -0.0000092802
  0.0000175306
 -0.0000074795
 -0.0000007263
  0.0000054116
  0.0000087526
 -0.0000009789
 -0.0000017296
 -0.0000109143
  0.0000017778
  0.0000015740
  0.0000115233
  0.0000007873
 -0.0000116956
  0.0000180263
 -0.0000013505
 -0.0000017383
  0.0000236294
 -0.0000055028
 -0.0000098906
  0.0000059312
 -0.0000011971
 -0.0000055082
  0.0000015894
  0.0000014302
 -0.0000305424
 -0.0000229104
  0.0000478798
  0.0001192949
 -0.0000680789
  0.0000106377
 -0.0000983722
  0.0000059657
 -0.0000005649
  0.0000131651
  0.0000069152
  0.0000093188
 -0.0000411166
  0.0000251532
 -0.0000104521
  0.0000031574
 -0.0000074875
 -0.0000021796
 -0.0000009302
  0.0000034476
 -0.0000009870
  0.0000105342
  0.0000030547
 -0.0000008729
  0.0000021945
  0.0000034554
  0.0000171137
  0.0000048776
 -0.0000070228
  0.0000173657
 -0.0000005675
  0.0000014547
  0.0000031444
  0.0000053479
 -0.0000053241
  0.0000039778
 -0.0000109775
 -0.0000018031
 -0.0000053443
  0.0000146554
 -0.0000007844
  0.0000017153
  0.0000147428
 -0.0000053568
  0.0000010299
  0.0000548295
  0.0000004083
  0.0000055300
  0.0000025173
 -0.0000062601
  0.0000371282
  0.0000032251
 -0.0000262605
  0.0000323999
 -0.0000576872
  0.0000027514
 -0.0000922592
  0.0000309026
 -0.0000021432
  0.0000565782
 -0.0000013803
  0.0000200184
  0.0000110193
 -0.0000356004
  0.0000104924
 -0.0000006861
 -0.0000126139
 -0.0000059940
 -0.0000031661
 -0.0000029952
 -0.0000008296
 -0.0000008811
  0.0000088231
  0.0000103304
  0.0000021629
 -0.0000031861
 -0.0000011853
 -0.0000056146
  0.0000148646
 -0.0000045642
  0.0000045155
 -0.0000111613
 -0.0000258453
  0.0000063769
 -0.0000031995
 -0.0000037518
 -0.0000070852
  0.0000007575
  0.0000023700
 -0.0000008346
  0.0000007480
 -0.0000034680
 -0.0000028841
 -0.0000033802
  0.0000031302
 -0.0000004199
 -0.0000092571
 -0.0000302131
  0.0000153674
 -0.0000049317
 -0.0000068140
  0.0000033268
 -0.0000062903
 -0.0000194716
 -0.0000027046
 -0.0000045877
  0.0000935026
 -0.0000155656
 -0.0000246024
  0.0000768152
 -0.0000577182
  0.0000195457
 -0.0001056439
  0.0000035983
  0.0000871917
 -0.0000702231
  0.0000137240
  0.0000237192
 -0.0000227773
 -0.0000668059
 -0.0000062287
 -0.0000049690
 -0.0000029191
 -0.0000053193
 -0.0000013475
 -0.0000046683
 -0.0000050096
 -0.0000025388
 -0.0000006929
  0.0000002929
 -0.0000007392
  0.0000015322
 -0.0000015884
 -0.0000080880
  0.0000356936
 -0.0000138462
  0.0000038419
 -0.0000170188
 -0.0000082285
  0.0000133708
 -0.0000096521
 -0.0000003909
 -0.0000069569
  0.0000057776
  0.0000056575
  0.0000083487
 -0.0000027858
  0.0000019082
 -0.0000027122
 -0.0000052621
  0.0000116278
 -0.0000045146
  0.0000032561
 -0.0000109190
  0.0000038751
 -0.0000053516
 -0.0000002861
  0.0000223462
 -0.0000037529
 -0.0000140336
 -0.0000022428
 -0.0000073115
 -0.0000016048
  0.0000019043
  0.0000411653
  0.0000163043
  0.0000301734
  0.0002186081
 -0.0000225005
 -0.0000134527
 -0.0000589514
  0.0000110942
 -0.0000392636
  0.0000310142
  0.0000158464
  0.0000124925
 -0.0000671163
  0.0000110659
 -0.0000189883
 -0.0000001230
  0.0000013109
  0.0000030847
  0.0000011408
 -0.0000041202
  0.0000103347
 -0.0000025937
 -0.0000074703
  0.0000207917
 -0.0000013714
  0.0000153208
  0.0000023221
 -0.0000023817
 -0.0000121768
  0.0000084368
 -0.0000002738
  0.0000031780
  0.0000025553
 -0.0000009219
  0.0000167544
 -0.0000105922
 -0.0000106717
  0.0000011329
  0.0000238676
 -0.0000038378
  0.0000168161
 -0.0000188409
  0.0000015930
  0.0000152528
  0.0000032906
 -0.0000039261
  0.0000014363
  0.0000257595
  0.0000147347
  0.0000420497
  0.0001136520
 -0.0000357716
 -0.0000370133
 -0.0000464932
 -0.0000180265
 -0.0000125282
  0.0000147688
  0.0000255817
 -0.0000068350
 -0.0000239944
  0.0000204988
 -0.0000132951
 -0.0000066553
 -0.0000094473
 -0.0000090778
  0.0000009342
  0.0000008495
 -0.0000061670
 -0.0000057744
  0.0000133221
 -0.0000139926
  0.0000083866
  0.0000204482
  0.0000050151
 -0.0000022277
  0.0000028835
 -0.0000017887
 -0.0000075462
 -0.0000102870
  0.0000016348
  0.0000023586
  0.0000111731
  0.0000011088
  0.0000037653
 -0.0000018410
 -0.0000089509
  0.0000125143
 -0.0000038992
 -0.0000115772
  0.0000086335
 -0.0000079045
  0.0000412466
 -0.0000002862
 -0.0000142568
 -0.0000004420
  0.0000187693
 -0.0000024796
  0.0000032980
  0.0000137180
  0.0000349425
  0.0001693780
 -0.0000193210
  0.0000203486
 -0.0000840963
 -0.0000416907
  0.0000258612
  0.0000466508
 -0.0000332853
  0.0000345681
 -0.0000444989
  0.0000195984
 -0.0000094368
 -0.0000051302
 -0.0000025109
 -0.0000054488
 -0.0000068813
 -0.0000060138
 -0.0000023857
  0.0000061449
 -0.0000058443
 -0.0000075668
 -0.0000048705
  0.0000022996
  0.0000386600
 -0.0000149341
  0.0000042642
 -0.0000301427
  0.0000111054
 -0.0000078211
 -0.0000006146
 -0.0000127177
 -0.0000063679
 -0.0000168501
  0.0000002964
 -0.0000093710
 -0.0000124470
 -0.0000019987
 -0.0000076538
 -0.0000063640
  0.0000188833
 -0.0000087693
 -0.0000012661
 -0.0000091211
 -0.0000362601
 -0.0000070650
  0.0000373188
  0.0000057517
 -0.0000148405
  0.0000004566
 -0.0000141137
 -0.0000034426
 -0.0000051827
 -0.0000038398
 -0.0000034245
 -0.0000041010
 -0.0000101228
  0.0000057308
  0.0000184108
 -0.0000500903
  0.0000163140
 -0.0001037483
  0.0000378638
  0.0000147586
  0.0000246217
 -0.0000126599
  0.0000278895
 -0.0000489885
 -0.0000238653
  0.0000011403
  0.0000007142
  0.0000009269
 -0.0000058694
 -0.0000033171
 -0.0000029415
 -0.0000049510
 -0.0000071998
  0.0000064331
  0.0000003781
  0.0000038238
  0.0000016898
  0.0000021279
 -0.0000112746
  0.0000061483
  0.0000018374
  0.0000125722
 -0.0000071797
  0.0000018746
  0.0000200627
 -0.0000047712
  0.0000044247
 -0.0000032373
  0.0000026216
  0.0000041894
  0.0000033366
  0.0000064766
 -0.0000016599
  0.0000020168
 -0.0000001793
  0.0000057574
  0.0000018909
  0.0000005618
  0.0000014592
  0.0000007487
 -0.0000019318
 -0.0000031897
 -0.0000267193
  0.0000157262
  0.0000040221
  0.0000007890
  0.0000124777
 -0.0000009325
  0.0000053075
 -0.0000090196
  0.0000010736
 -0.0000228010
  0.0000014542
 -0.0000012140
  0.0000099618
  0.0000374631
  0.0000973813
 -0.0000253141
 -0.0000362070
 -0.0000536697
 -0.0000158675
 -0.0000256383
 -0.0000094965
  0.0000232330
  0.0000066609
 -0.0000313470
  0.0000168848
 -0.0000215832
  0.0000117083
 -0.0000023898
 -0.0000042497
  0.0000037042
  0.0000068582
 -0.0000003244
 -0.0000078655
  0.0000110673
 -0.0000167222
  0.0000095224
  0.0000218172
  0.0000012756
 -0.0000027077
 -0.0000050980
 -0.0000113666
  0.0000027676
  0.0000065151
  0.0000000338
  0.0000007274
  0.0000011339
 -0.0000094178
  0.0000047706
 -0.0000058417
 -0.0000141566
  0.0000039682
 -0.0000101132
  0.0000409390
 -0.0000089330
 -0.0000026811
  0.0000112879
 -0.0000012828
 -0.0000012510
 -0.0000001933
  0.0000047346
 -0.0000002461
 -0.0000171348
  0.0000651190
 -0.0000383720
 -0.0000003482
 -0.0000979267
  0.0000480293
  0.0000361091
 -0.0000168098
  0.0000030023
  0.0000177987
 -0.0000265612
 -0.0000453105
  0.0000154726
 -0.0000017381
  0.0000015593
 -0.0000025076
 -0.0000022185
 -0.0000016515
 -0.0000005687
 -0.0000004141
  0.0000030658
  0.0000020598
 -0.0000140917
 -0.0000015041
  0.0000135996
 -0.0000025323
  0.0000127122
 -0.0000059956
  0.0000131956
  0.0000173489
  0.0000055044
 -0.0000015400
 -0.0000020978
 -0.0000004708
 -0.0000014365
  0.0000067494
  0.0000076414
  0.0000034502
  0.0000034464
  0.0000062155
  0.0000056273
  0.0000025658
  0.0000037745
  0.0000015397
 -0.0000051563
  0.0000027426
 -0.0000069861
 -0.0000246367
  0.0000215871
 -0.0000047347
 -0.0000044444
  0.0000316821
 -0.0000022446
  0.0000028950
 -0.0000083358
 -0.0000002127
 -0.0000178861
  0.0000069761
  0.0000026742
  0.0000136836
  0.0000451038
  0.0001482385
 -0.0000123670
  0.0000256424
 -0.0000547090
 -0.0000391596
 -0.0000190338
  0.0000288679
 -0.0000243847
  0.0000346914
 -0.0000755721
  0.0000311824
 -0.0000232244
  0.0000072867
 -0.0000028805
  0.0000034788
 -0.0000013107
  0.0000060239
  0.0000031002
  0.0000070794
 -0.0000002240
 -0.0000045791
  0.0000494468
  0.0000032088
 -0.0000234951
  0.0000067238
  0.0000173674
 -0.0000036305
 -0.0000026154
  0.0000032628
 -0.0000039462
 -0.0000051396
 -0.0000060234
  0.0000084175
 -0.0000008982
  0.0000067384
  0.0000075473
  0.0000012956
  0.0000108901
 -0.0000091264
 -0.0000120980
 -0.0000029877
 -0.0000067988
  0.0000413716
  0.0000005732
  0.0000005287
 -0.0000117286
  0.0000182359
 -0.0000246242
 -0.0000281569
  0.0000465719
  0.0001205035
 -0.0000770926
  0.0000013259
 -0.0001069946
  0.0000050937
 -0.0000431800
  0.0000005501
  0.0000046025
  0.0000074356
 -0.0000591170
  0.0000341819
 -0.0000084644
 -0.0000008208
 -0.0000045010
 -0.0000024585
  0.0000015622
  0.0000026085
  0.0000012966
  0.0000041279
 -0.0000003849
 -0.0000004316
  0.0000287017
  0.0000113953
 -0.0000053004
  0.0000071304
 -0.0000019763
  0.0000044443
  0.0000019460
 -0.0000091568
  0.0000033510
 -0.0000006044
 -0.0000061486
 -0.0000003183
  0.0000087774
  0.0000207364
 -0.0000091277
  0.0000000318
  0.0000006095
  0.0000452822
  0.0000014956
  0.0000089276
  0.0000148459
 -0.0000075466
  0.0000109249
  0.0000132761
  0.0000401137
  0.0001756417
 -0.0000283658
 -0.0000112416
 -0.0000675248
 -0.0000175022
  0.0000259553
  0.0000681306
 -0.0000168162
  0.0000462315
 -0.0000399591
  0.0000276440
  0.0000068074
 -0.0000000826
  0.0000001900
  0.0000000679
 -0.0000000811
  0.0000022260
  0.0000054961
  0.0000017982
  0.0000055167
  0.0000066106
  0.0000055276
  0.0000269707
  0.0000012908
  0.0000037097
 -0.0000112931
 -0.0000003869
  0.0000046809
 -0.0000007323
  0.0000004820
  0.0000001021
  0.0000029752
  0.0000032882
 -0.0000066683
 -0.0000198301
 -0.0000105336
  0.0000398439
  0.0000036493
 -0.0000086965
  0.0000097680
  0.0000593006
 -0.0000254168
  0.0001171869
 -0.0000040128
  0.0000792700
  0.0001047626
  0.0000217737
 -0.0000560075
  0.0001144161
  0.0000656692
  0.0000141907
  0.0000201143
 -0.0000345565
 -0.0000018868
  0.0000385481
  0.0000362468
  0.0000031241
 -0.0000152116
  0.0000318526
 -0.0000300989
  0.0000368574
  0.0000992198
  0.0000015427
  0.0000312480
 -0.0000173628
  0.0000197264
  0.0000069884
 -0.0000217422
 -0.0000088013
 -0.0000168031
  0.0000271456
  0.0001084583
 -0.0000080573
  0.0000576365
  0.0000027290
  0.0000436868
  0.0000163774
  0.0000647289
  0.0000058480
  0.0000462833
  0.0000294487
  0.0000264797
  0.0000266506
  0.0000342728
  0.0000515571
 -0.0000292931
  0.0000624322
  0.0000925084
  0.0000654038
 -0.0000127557
 -0.0000169842
  0.0000074410
 -0.0000549674
  0.0000016564
  0.0000082855
 -0.0000445523
  0.0000009204
 -0.0000511474
  0.0000169736
 -0.0000137645
  0.0000136317
  0.0000008173
  0.0000107827
 -0.0000296405
 -0.0000344663
 -0.0000264785
 -0.0000005550
 -0.0000181464
 -0.0000000859
 -0.0001122325
  0.0000835499
  0.0000037564
 -0.0000027680
  0.0000064006
  0.0000083605
  0.0000017399
  0.0000158131
  0.0000159731
 -0.0000026671
  0.0000191550
  0.0000846393
 -0.0001056343
  0.0000069065
 -0.0000079160
 -0.0000260357
 -0.0000002220
 -0.0000115629
 -0.0000332459
 -0.0000199046
  0.0000175664
 -0.0000002439
  0.0000258425
  0.0000315821
  0.0000048471
 -0.0000125410
 -0.0000274119
 -0.0000317336
  0.0000038992
 -0.0000057436
 -0.0000308243
 -0.0000192901
  0.0000421719
  0.0000174740
 -0.0000104138
  0.0000096956
  0.0000281045
  0.0000113333
  0.0001986344
  0.0001032638
 -0.0000122521
  0.0000333133
 -0.0000054590
 -0.0000159835
 -0.0000470481
 -0.0000375173
  0.0000160794
 -0.0000269086
  0.0000093121
  0.0000056058
 -0.0000352504
  0.0000414369
  0.0000136915
  0.0000587251
 -0.0000188274
 -0.0000167945
  0.0000364785
 -0.0000148633
 -0.0000252865
  0.0000494825
  0.0000533323
 -0.0000275167
 -0.0000439863
 -0.0000000438
 -0.0000290056
  0.0000164283
 -0.0000246314
  0.0000020612
 -0.0000450654
  0.0000282168
  0.0000339013
 -0.0000037626
  0.0000161630
  0.0000219083
  0.0000295193
  0.0000133283
 -0.0000347477
  0.0000101282
 -0.0000049231
  0.0001186762
  0.0000969386
  0.0000301538
  0.0002054947
  0.0001308577
  0.0000473365
  0.0001670841
 -0.0000109270
  0.0000946476
  0.0002106491
  0.0000398585
  0.0000675099
  0.0000661660
  0.0000259384
  0.0000270885
  0.0000666024
  0.0001533088
  0.0000298585
  0.0001325030
  0.0001536118
  0.0000942633
  0.0001049877
  0.0001585932
  0.0001182952
  0.0000634246
  0.0000663019
  0.0001115042
  0.0000689290
  0.0000560933
  0.0001590484
  0.0001788066
  0.0000523746
  0.0000401291
  0.0001665933
  0.0000498415
  0.0000766962
  0.0001661651
  0.0000688646
  0.0000989079
  0.0001790608
  0.0001359302
  0.0000889104
  0.0000994167
  0.0001708889
  0.0001403180
  0.0001112312
  0.0001337840
  0.0001097655
  0.0000325010
  0.0000435991
  0.0000162912
 -0.0000791569
  0.0000278997
 -0.0000031119
 -0.0000717293
 -0.0000185303
 -0.0000306216
 -0.0000817829
 -0.0000283375
 -0.0000168923
  0.0000268233
  0.0000429202
  0.0000043659
  0.0000090399
 -0.0000772713
 -0.0000442828
 -0.0000512670
 -0.0000635459
 -0.0000066054
  0.0001273745
 -0.0000095840
  0.0000081638
 -0.0000051447
 -0.0000201214
 -0.0000499946
 -0.0000602775
 -0.0000251886
 -0.0000489196
 -0.0000432954
  0.0001252813
 -0.0000054530
 -0.0000549364
 -0.0000652270
 -0.0000573373
  0.0000506887
  0.0000292311
  0.0000711483
 -0.0000567584
 -0.0000190432
 -0.0000130256
  0.0000771683
 -0.0000307827
  0.0000051594
 -0.0000442586
 -0.0000201489
 -0.0000588600
 -0.0000014341
 -0.0000452911
 -0.0000363196
 -0.0000300879
 -0.0000240492
 -0.0000133205
  0.0000224088
 -0.0000080222
  0.0000575043
 -0.0000129926
 -0.0000582646
 -0.0000311771
 -0.0000344225
 -0.0000202292
 -0.0000027686
  0.0000548139
 -0.0000258792
 -0.0000626269
 -0.0000037300
  0.0000135388
 -0.0000137905
  0.0001380405
  0.0000961762
  0.0000297118
 -0.0000105356
  0.0000290661
  0.0000212966
 -0.0000209028
  0.0000067923
 -0.0000137629
  0.0000019467
 -0.0000324148
 -0.0000127267
 -0.0000032588
  0.0000132400
 -0.0000208121
  0.0000011029
  0.0001293743
 -0.0000135663
  0.0000721767
  0.0000045170
  0.0000466748
  0.0000218372
 -0.0001595655
  0.0000319500
 -0.0000146871
  0.0000345012
  0.0000108080
  0.0000232714
 -0.0001487131
  0.0000182852
 -0.0000391360
  0.0000848231
  0.0000084762
 -0.0000343748
 -0.0000631695
  0.0000095686
 -0.0000135631
  0.0000106754
 -0.0000103449
 -0.0000566602
  0.0000178905
  0.0000555794
  0.0000492658
 -0.0000512249
 -0.0000575127
 -0.0001646297
 -0.0000817606
 -0.0001146558
 -0.0000932128
 -0.0001725360
 -0.0000837951
 -0.0000530861
 -0.0000173871
 -0.0000493215
 -0.0000918566
 -0.0000831240
 -0.0000737083
 -0.0000981526
 -0.0001005926
 -0.0000290455
 -0.0000922372
 -0.0001033522
 -0.0000872435
 -0.0001056904
 -0.0000977488
 -0.0000088585
 -0.0000304691
 -0.0000522901
 -0.0001148679
 -0.0000595151
 -0.0000582394
 -0.0001615353
 -0.0001163677
 -0.0000325240
 -0.0000863479
 -0.0001510311
 -0.0001050956
 -0.0001076203
 -0.0001037346
  0.0000157675
  0.0000222139
  0.0000514773
  0.0000164472
  0.0000109001
  0.0000027177
  0.0000218081
  0.0000243614
 -0.0000041608
  0.0000065162
  0.0000067650
  0.0000336930
  0.0000060438
  0.0000064638
  0.0000132776
  0.0000759492
  0.0000181120
  0.0000351899
  0.0000312935
  0.0000722167
  0.0000527660
 -0.0000369845
 -0.0000251997
 -0.0000308763
  0.0000532572
  0.0000308547
 -0.0000017137
  0.0000702246
  0.0000402887
 -0.0000236623
  0.0000677997
  0.0000123356
  0.0000344874
 -0.0000109532
  0.0000283265
  0.0000072683
  0.0000087553
  0.0000192844
  0.0000308975
  0.0000638514
 -0.0000368804
  0.0000127687
  0.0001461372
 -0.0000324662
  0.0000046437
  0.0000803248
  0.0000296610
  0.0001214853
  0.0000410155
  0.0000128157
 -0.0000290733
  0.0000589795
 -0.0000343615
 -0.0000642423
  0.0000481738
 -0.0000454180
 -0.0000441412
  0.0001083872
 -0.0000969315
 -0.0000719649
 -0.0001305788
 -0.0001307740
  0.0000619507
  0.0000860535
 -0.0000551494
  0.0000116294
  0.0000740395
 -0.0000675951
 -0.0000135522
 -0.0001272018
 -0.0000004933
 -0.0000586417
 -0.0000318227
 -0.0000202688
  0.0000206781
 -0.0000196333
  0.0000933341
  0.0000217947
 -0.0000377425
 -0.0000374304
  0.0000172348
  0.0001544328
 -0.0000709215
  0.0000825966
  0.0000263361
 -0.0000092202
  0.0000197195
  0.0000165933
  0.0001331835
 -0.0000215614
 -0.0000116099
  0.0000385229
 -0.0000417755
  0.0000063402
 -0.0001082588
  0.0000033835
 -0.0002141841
  0.0000884799
  0.0000354153
 -0.0000699957
 -0.0000676660
 -0.0000080452
  0.0000350625
 -0.0001068541
 -0.0000190342
 -0.0000636039
 -0.0000104294
  0.0001029152
 -0.0000131774
 -0.0000780744
 -0.0001205437
  0.0000734632
  0.0000590100
 -0.0001180308
  0.0000369542
 -0.0000075893
  0.0000187673
 -0.0000287412
 -0.0001821964
 -0.0000005744
 -0.0000093160
  0.0000130126
 -0.0000096509
 -0.0000163036
 -0.0000047105
  0.0000505370
  0.0000469881
 -0.0000176536
 -0.0000635998
 -0.0000431869
  0.0000066960
  0.0000635297
 -0.0000463639
 -0.0000360215
  0.0000411474
 -0.0000170542
 -0.0000148119
  0.0000691288
  0.0000222496
 -0.0000648419
 -0.0000201202
  0.0000077593
  0.0000278316
 -0.0000056393
 -0.0000552711
 -0.0000115857
  0.0000321223
 -0.0000196852
 -0.0000007817
 -0.0000379608
  0.0000072734
  0.0000480642
 -0.0000052624
  0.0000293156
  0.0000105723
  0.0000063543
 -0.0000071326
  0.0000413416
 -0.0000262381
 -0.0000001040
 -0.0000004628
  0.0000040512
 -0.0001574907
  0.0000249544
 -0.0000182152
  0.0000214529
  0.0000134659
 -0.0000435730
 -0.0000028378
  0.0000754854
 -0.0000147134
 -0.0000037795
 -0.0000308735
 -0.0000242593
  0.0000023257
 -0.0000039188
  0.0000076576
 -0.0000105376
  0.0000527030
  0.0000000987
  0.0000055346
 -0.0000109311
 -0.0000249839
 -0.0000226201
 -0.0000320433
 -0.0000196148
  0.0000123354
 -0.0000022454
 -0.0000501408
 -0.0000594308
  0.0000758662
  0.0000195503
 -0.0000124126
 -0.0000242441
 -0.0000251217
 -0.0000074780
 -0.0000058713
  0.0000596003
  0.0000814988
  0.0000233200
 -0.0000296435
 -0.0000082608
  0.0000409893
 -0.0000066155
 -0.0000591987
 -0.0000124604
 -0.0000042133
  0.0000378167
  0.0000021803
 -0.0000005697
  0.0000558093
  0.0000415931
  0.0000377602
  0.0000186440
  0.0000102500
 -0.0000094644
  0.0000368844
  0.0000353311
  0.0000132350
  0.0000423967
  0.0000417335
  0.0000211393
  0.0000186288
  0.0000495791
  0.0000253771
  0.0000188402
  0.0000536492
 -0.0000132778
  0.0000300341
  0.0000150105
  0.0000083005
 -0.0000296742
 -0.0000366604
 -0.0000188981
  0.0000169225
  0.0000577183
  0.0000321632
 -0.0000182739
  0.0001056209
  0.0000095134
  0.0000376570
  0.0000155365
  0.0000110346
  0.0000430984
  0.0000222648
 -0.0001268941
 -0.0000429573
 -0.0000584847
 -0.0001650105
 -0.0000912140
 -0.0001712685
 -0.0000668662
 -0.0000348382
 -0.0001794484
 -0.0001219566
 -0.0000255428
  0.0000442715
  0.0000141112
 -0.0002064028
 -0.0001712680
 -0.0000046051
 -0.0000922042
 -0.0000215874
 -0.0000374008
 -0.0000552622
  0.0002097321
 -0.0000435609
 -0.0000156892
 -0.0000870563
 -0.0000395954
 -0.0000415302
 -0.0000397313
 -0.0000435148
 -0.0000447292
 -0.0000601984
 -0.0000588331
  0.0001172042
 -0.0000275634
 -0.0001423122
 -0.0000815023
  0.0000006829
 -0.0000167315
 -0.0001454388
 -0.0000175665
 -0.0000250566
  0.0000894169
 -0.0000491407
 -0.0000337674
 -0.0000000664
 -0.0000619593
 -0.0000287829
  0.0001239809
 -0.0000210710
  0.0000903548
 -0.0001619152
  0.0000258965
 -0.0000305814
 -0.0001100455
  0.0000382397
 -0.0000362124
  0.0000080165
  0.0000784814
 -0.0000197330
  0.0000560174
  0.0000235865
  0.0000543301
  0.0000105747
  0.0000513832
  0.0000985914
  0.0000538695
 -0.0001104537
 -0.0000212533
 -0.0000295544
 -0.0000258436
 -0.0000023990
  0.0000191338
  0.0000225209
 -0.0000155191
  0.0000360792
 -0.0000455118
 -0.0000484536
  0.0000216843
 -0.0000401704
 -0.0000357205
  0.0000123669
 -0.0000409000
 -0.0000788078
 -0.0000271319
 -0.0000190026
 -0.0000470314
 -0.0000550819
  0.0000049423
 -0.0000719344
 -0.0000385058
 -0.0000069460
  0.0000136059
 -0.0000598001
 -0.0000505961
 -0.0000161206
 -0.0000058267
 -0.0000646143
 -0.0000735252
 -0.0000562415
 -0.0000394190
 -0.0000039949
 -0.0001338531
 -0.0000251923
 -0.0000296604
 -0.0000463402
 -0.0000228676
 -0.0000131532
 -0.0000583208
 -0.0000149687
  0.0000191425
 -0.0000419703
 -0.0000369078
  0.0000892252
 -0.0000585373
 -0.0000165011
  0.0000032634
 -0.0000021590
 -0.0000074486
 -0.0000036866
  0.0000268271
  0.0000826817
 -0.0000292179
 -0.0000411565
 -0.0000230598
  0.0000282980
  0.0000082593
  0.0000059301
  0.0000240001
  0.0000096088
 -0.0000308147
  0.0000598089
  0.0000020547
  0.0000132608
 -0.0000028782
 -0.0000285327
  0.0000293691
 -0.0000243458
  0.0000153970
 -0.0000101942
  0.0000161388
 -0.0000321740
  0.0000630408
  0.0000619009
 -0.0000503520
 -0.0000092647
  0.0000427621
 -0.0000340750
  0.0000741255
  0.0000064867
 -0.0000068991
 -0.0000126127
  0.0000140919
  0.0000000986
  0.0000026729
  0.0000239521
  0.0000002517
 -0.0000040994
  0.0000450101
  0.0000053984
 -0.0000070052
  0.0000045374
  0.0000002285
  0.0000333606
 -0.0000449334
 -0.0000251065
 -0.0000009749
 -0.0000257195
  0.0000027019
  0.0000041677
 -0.0000007592
 -0.0000077305
 -0.0000166502
  0.0000035096
  0.0000354432
  0.0000279702
  0.0000630839
 -0.0000006341
 -0.0000025938
 -0.0000207129
  0.0000194626
 -0.0000139165
 -0.0000130774
 -0.0000031515
 -0.0000218268
  0.0000086523
  0.0000346906
  0.0000072466
  0.0000211678
  0.0000138810
  0.0000085167
  0.0000211782
  0.0000081364
  0.0000031657
  0.0000031355
 -0.0000013596
  0.0000055910
  0.0000046203
  0.0000208964
  0.0000023566
 -0.0000050160
 -0.0000052020
 -0.0000047976
 -0.0000061067
 -0.0000263086
  0.0000038273
 -0.0000295659
 -0.0000299091
  0.0000122550
 -0.0000004313
 -0.0000038604
  0.0000048031
 -0.0000001219
  0.0000415204
  0.0000456889
  0.0000011391
 -0.0000145842
 -0.0000018112
  0.0000032751
 -0.0000010790
 -0.0000017037
 -0.0000025123
 -0.0000558082
  0.0000041126
  0.0001256798
  0.0000153784
  0.0000338730
  0.0000226967
  0.0000068881
  0.0000375230
  0.0000128812
  0.0000019411
 -0.0000014044
 -0.0000266142
  0.0000288094
 -0.0000007263
  0.0000567982
 -0.0000041906
  0.0000135813
 -0.0000002953
  0.0000880892
 -0.0000113240
 -0.0000215916
  0.0000227021
 -0.0000003756
 -0.0000358881
 -0.0000311800
  0.0000280258
  0.0000044906
  0.0000619022
 -0.0000001774
 -0.0000094926
  0.0000727186
  0.0000152337
  0.0000049613
 -0.0000110591
  0.0000095918
  0.0000071098
 -0.0000100241
 -0.0000104276
  0.0000123341
  0.0000138316
  0.0000136263
 -0.0000306656
  0.0000099217
  0.0000042158
  0.0000004693
 -0.0000427383
 -0.0000137439
 -0.0000019528
 -0.0000247545
 -0.0000116947
  0.0000008998
 -0.0000005567
 -0.0000213806
 -0.0000033568
 -0.0000124608
  0.0000062986
  0.0000198044
 -0.0000391020
 -0.0000120938
  0.0000062199
  0.0000342826
  0.0000000535
  0.0000076354
 -0.0000060617
  0.0000132392
  0.0000011143
  0.0000061378
  0.0000062911
 -0.0000001577
 -0.0000034461
 -0.0000035224
  0.0000149122
 -0.0000142430
  0.0000034100
 -0.0000041853
 -0.0000034489
  0.0000037173
 -0.0000175338
 -0.0000193630
 -0.0000012874
 -0.0000148603
 -0.0000021971
 -0.0000015020
 -0.0000032461
 -0.0000001004
 -0.0000207363
 -0.0000014029
  0.0000554066
  0.0000051154
  0.0000058927
 -0.0000086078
 -0.0000080048
  0.0000111830
 -0.0000118902
  0.0000059404
  0.0000082202
  0.0000006888
  0.0000096674
 -0.0000035809
  0.0000158270
 -0.0000032867
  0.0000110055
  0.0000268591
 -0.0000047411
 -0.0000002350
 -0.0000038818
 -0.0000287973
 -0.0000349145
  0.0000002450
 -0.0000093353
  0.0000039872
 -0.0000019126
 -0.0000076954
 -0.0000064039
 -0.0000032438
  0.0000047647
  0.0000091105
  0.0000024187
  0.0000175195
  0.0000081185
 -0.0000087109
 -0.0000198505
 -0.0000037009
  0.0000248836
  0.0000029311
 -0.0000033027
  0.0000054513
  0.0000010859
  0.0000038622
  0.0000110448
  0.0000108694
  0.0000053183
 -0.0000000740
  0.0000011266
 -0.0000004496
 -0.0000059150
  0.0000065345
  0.0000016837
 -0.0000043017
 -0.0000055756
  0.0000113438
  0.0000014466
  0.0000074370
 -0.0000021874
 -0.0000089183
 -0.0000148821
  0.0000032575
 -0.0000198154
 -0.0000001936
 -0.0000064000
 -0.0000135953
  0.0000324635
  0.0000011139
  0.0000204456
 -0.0000016101
 -0.0000080390
  0.0000009355
  0.0000064831
 -0.0000015506
 -0.0000045541
  0.0000022796
  0.0000003399
  0.0000039810
  0.0000040596
  0.0000518422
  0.0000251132
 -0.0000068273
  0.0000280717
 -0.0000133148
 -0.0000284751
 -0.0000005314
 -0.0000050449
 -0.0000050410
 -0.0000013774
 -0.0000055217
  0.0000105676
 -0.0000016258
 -0.0000007155
 -0.0000032232
  0.0000403820
  0.0000165861
  0.0000092402
  0.0000137141
  0.0000203918
  0.0000132289
  0.0000024763
 -0.0000070924
  0.0000014350
 -0.0000057504
 -0.0000008858
  0.0000284751
  0.0000046451
  0.0000111908
  0.0000054360
 -0.0000019331
 -0.0000234627
 -0.0000018796
 -0.0000022453
  0.0000080958
 -0.0000185851
 -0.0000227986
  0.0000001669
  0.0000292499
  0.0000226807
  0.0000011704
  0.0000015704
 -0.0000065771
  0.0000039142
 -0.0000157795
 -0.0000016772
  0.0000045169
  0.0000112842
 -0.0000074352
 -0.0000310234
 -0.0000063220
  0.0000369558
 -0.0000045014
  0.0000006127
 -0.0000047138
 -0.0000142550
 -0.0000082458
 -0.0000005354
  0.0000075343
  0.0000007924
  0.0000543203
  0.0000035498
  0.0000192182
  0.0000101318
  0.0000037903
  0.0000091709
 -0.0000024742
  0.0000020857
 -0.0000051195
  0.0000004703
  0.0000112047
  0.0000047754
  0.0000009609
  0.0000003896
  0.0000070214
 -0.0000076060
 -0.0000073155
 -0.0000224251
 -0.0000009059
 -0.0000264080
  0.0000154632
  0.0000094340
 -0.0000050347
 -0.0000100348
  0.0000075620
  0.0000308558
  0.0000438547
  0.0000040000
 -0.0000105552
  0.0000029660
  0.0000091821
  0.0000054423
 -0.0000007035
  0.0000255980
 -0.0000139876
  0.0000087393
 -0.0000005743
  0.0000018311
  0.0000028103
 -0.0000184778
  0.0000022663
 -0.0000030913
  0.0000043220
  0.0000032660
 -0.0000190170
  0.0000038881
 -0.0000159919
 -0.0000008741
  0.0000214130
 -0.0000014426
  0.0000036465
 -0.0000073544
  0.0000035689
 -0.0000053455
  0.0000078090
  0.0000100679
 -0.0000081422
  0.0000050175
  0.0000010601
  0.0000209018
  0.0000507833
  0.0000201056
  0.0000007523
  0.0000294450
 -0.0000038583
 -0.0000216443
 -0.0000009360
 -0.0000045553
  0.0000047268
  0.0000036679
 -0.0000039706
 -0.0000038170
  0.0000036635
  0.0000039579
 -0.0000164346
  0.0000225825
  0.0000144841
  0.0000189956
 -0.0000046847
 -0.0000082498
 -0.0000406592
  0.0001531275
  0.0000076899
  0.0000682541
  0.0000074059
  0.0000069084
  0.0000106518
  0.0000091692
  0.0000048818
 -0.0000055879
  0.0000041091
  0.0000051858
  0.0000361522
 -0.0000035873
 -0.0000000050
 -0.0000436984
  0.0000068199
  0.0000128065
 -0.0000134092
 -0.0000265723
 -0.0000011900
 -0.0000111848
  0.0000166118
  0.0000047031
  0.0000254316
 -0.0000883743
  0.0000012136
 -0.0000091005
 -0.0000648532
  0.0000056857
 -0.0000104320
  0.0000556839
  0.0000190160
  0.0000118191
  0.0000001180
 -0.0000061350
  0.0000301525
  0.0000013820
  0.0000538097
 -0.0000127952
  0.0000011365
 -0.0000072823
  0.0000241694
  0.0000199682
  0.0000001524
 -0.0000037442
  0.0000020438
  0.0000045681
 -0.0000100074
  0.0000004707
  0.0000237779
  0.0000070655
 -0.0000034415
  0.0000048722
 -0.0000069137
 -0.0000054520
 -0.0000140649
  0.0000153286
  0.0000016788
 -0.0000259897
 -0.0000086545
  0.0000035837
  0.0000098566
 -0.0000125109
  0.0000144167
  0.0000048106
 -0.0000056360
  0.0000477500
  0.0000291412
  0.0000199063
  0.0000106051
  0.0001088717
 -0.0000014883
  0.0001486219
  0.0000101182
  0.0000035490
  0.0000144311
  0.0000190406
  0.0000171202
 -0.0000050622
 -0.0000025892
 -0.0000170407
  0.0000394783
  0.0000046575
  0.0000010811
  0.0001291276
 -0.0000153418
  0.0000000967
 -0.0000129094
  0.0000991695
  0.0000031341
 -0.0000152527
  0.0000022354
  0.0000079610
 -0.0000338404
 -0.0000585534
  0.0000148431
  0.0000026462
  0.0000266965
  0.0000052747
 -0.0000000665
  0.0000445233
  0.0000155928
  0.0000085268
  0.0000059137
  0.0000153721
  0.0000018033
 -0.0000041687
 -0.0000085375
 -0.0000029007
 -0.0000079624
  0.0000001087
 -0.0000013801
 -0.0000069033
 -0.0000031322
  0.0000122293
 -0.0000001361
 -0.0000080365
 -0.0000329232
 -0.0000059467
 -0.0000237708
  0.0000043381
 -0.0000222289
 -0.0000152137
 -0.0000089782
  0.0000346528
 -0.0000050932
  0.0000056777
  0.0000015517
 -0.0000081745
 -0.0000106814
 -0.0000143056
  0.0000034076
  0.0000209846
  0.0000256148
 -0.0000082397
  0.0000210710
  0.0000141111
 -0.0000031768
  0.0000164597
  0.0000027887
  0.0000183437
 -0.0000101635
  0.0000064266
  0.0000107383
  0.0000015550
 -0.0000032744
 -0.0000426234
  0.0000008572
 -0.0000059951
  0.0000064944
 -0.0000070156
  0.0000024548
  0.0000226710
 -0.0000042942
 -0.0000011431
  0.0000071827
 -0.0000049720
  0.0000283614
  0.0000061861
  0.0001431720
  0.0000106600
  0.0000934761
 -0.0000017223
  0.0000022058
  0.0000076490
  0.0000029239
  0.0000048798
  0.0000077877
  0.0000030751
  0.0000175484
 -0.0000442418
  0.0000101874
  0.0000003395
 -0.0000321478
  0.0000189837
  0.0000122005
 -0.0000033621
  0.0000066744
 -0.0000048856
 -0.0000247100
 -0.0000019879
 -0.0000587812
  0.0000106534
  0.0000041181
  0.0000062896
 -0.0000524407
  0.0000166343
  0.0000011580
  0.0000624443
  0.0000253400
  0.0000014923
  0.0000023641
  0.0000050372
  0.0000248797
 -0.0000007403
  0.0000105153
  0.0000132431
  0.0000926423
  0.0000191728
  0.0000281331
  0.0000012346
  0.0000154925
  0.0000150999
  0.0000472717
  0.0000179062
  0.0000257909
  0.0000241643
  0.0000161280
  0.0000051411
 -0.0000039020
  0.0000074106
  0.0000217611
  0.0000058248
  0.0000531612
  0.0000088456
  0.0000022692
 -0.0000171084
  0.0000218343
  0.0000006741
  0.0000115083
  0.0000164118
 -0.0000053047
  0.0000061409
 -0.0000079148
 -0.0000216436
  0.0000259913
  0.0000110591
  0.0000145720
 -0.0000072702
 -0.0000139377
 -0.0000054694
 -0.0000017916
  0.0000134651
  0.0000000192
  0.0000038223
  0.0000108593
  0.0000246288
 -0.0000012585
  0.0000013935
  0.0000555613
 -0.0000139584
  0.0000028712
  0.0000613814
  0.0000165365
  0.0000102739
  0.0000215117
  0.0000097443
  0.0000082636
  0.0000148023
  0.0000066783
  0.0000018203
  0.0000073485
 -0.0000021404
  0.0000136646
  0.0000062770
  0.0000193122
 -0.0000001988
 -0.0000469504
  0.0000043848
  0.0000040824
  0.0000289377
 -0.0000098240
  0.0000012208
 -0.0000031227
 -0.0000035079
  0.0000113091
 -0.0000235134
 -0.0000051338
  0.0000916989
  0.0000117200
  0.0000021815
  0.0000016867
 -0.0000011274
 -0.0000017867
 -0.0000029942
 -0.0000224113
 -0.0000017739
  0.0000279110
 -0.0000026440
  0.0000664690
  0.0000001584
  0.0000113150
  0.0000029015
 -0.0000008775
  0.0000000628
 -0.0000028081
 -0.0000006084
  0.0000140129
 -0.0000240138
 -0.0000030860
  0.0000115815
 -0.0000015365
  0.0000066183
 -0.0000032277
  0.0000108378
  0.0000017724
 -0.0000039008
  0.0000058399
  0.0000090983
 -0.0000199738
 -0.0000049290
  0.0000067332
 -0.0000039172
  0.0000243291
  0.0000051854
 -0.0000085925
  0.0000426805
  0.0000038260
 -0.0000057149
  0.0000071316
  0.0000064473
  0.0000098977
  0.0000019336
  0.0000003242
 -0.0000102333
  0.0000246075
 -0.0000000199
 -0.0000303061
  0.0000159653
  0.0000353125
  0.0000013115
  0.0000083243
  0.0000058080
 -0.0000207847
 -0.0000121791
 -0.0000106088
 -0.0000044151
  0.0000048481
  0.0000061035
 -0.0000306293
  0.0000170491
 -0.0000041803
  0.0000100417
 -0.0000139845
 -0.0000027887
  0.0000069778
  0.0000000077
 -0.0000017654
 -0.0000290080
 -0.0000037050
 -0.0000003086
 -0.0000353393
  0.0000114031
  0.0000065711
  0.0000750918
 -0.0000448012
 -0.0000086185
 -0.0000395465
 -0.0000020029
  0.0000082991
  0.0000032512
 -0.0000010899
  0.0000051743
  0.0000594097
  0.0000308168
 -0.0000031713
 -0.0000062986
 -0.0000035893
  0.0000003277
 -0.0000261766
  0.0000179796
 -0.0000033503
  0.0000242147
 -0.0000007876
  0.0000159212
 -0.0000020001
  0.0000053239
 -0.0000107023
  0.0000037145
 -0.0000047639
  0.0000147138
  0.0000428067
  0.0000141864
  0.0000136757
 -0.0000285389
 -0.0000224686
 -0.0000157959
  0.0000039351
 -0.0000320346
 -0.0000036989
  0.0000325847
 -0.0000196425
  0.0000041136
 -0.0000107141
  0.0000087930
  0.0000300075
 -0.0000033541
  0.0000513122
  0.0000010442
 -0.0000036691
  0.0000104962
  0.0000171860
  0.0000950948
 -0.0000135159
 -0.0000721444
  0.0000235860
 -0.0000002303
  0.0001393872
  0.0000102098
 -0.0000119118
 -0.0000027129
 -0.0000128808
 -0.0000040111
 -0.0000075717
 -0.0000041327
 -0.0000039464
  0.0000436549
  0.0000845380
  0.0000121369
 -0.0000003063
 -0.0000074699
  0.0000069205
  0.0000140561
  0.0000291788
