 -0.0000236582
  0.0000015805
  0.0000021129
 -0.0000006017
 -0.0000041126
 -0.0000021316
  0.0000040552
  0.0000040145
 -0.0000017353
 -0.0000107411
 -0.0000050226
 -0.0000037650
  0.0000181770
 -0.0000133544
  0.0000108499
  0.0000594596
 -0.0000049887
  0.0000119057
  0.0000165357
 -0.0000109731
  0.0000064030
 -0.0000134321
  0.0000047760
  0.0000061397
 -0.0000007607
  0.0000100765
 -0.0000300508
  0.0000257599
  0.0000221013
  0.0000179143
 -0.0000068736
 -0.0000129579
  0.0000013061
 -0.0000013252
  0.0000060824
  0.0000007919
 -0.0000046248
 -0.0000024217
 -0.0000028991
 -0.0000029642
  0.0000077065
  0.0000252630
 -0.0000801517
 -0.0001139982
 -0.0000066190
  0.0000142191
  0.0000033109
 -0.0000081883
 -0.0000089455
  0.0000247919
  0.0000003146
  0.0000038215
 -0.0000018048
 -0.0000108942
  0.0000031853
 -0.0000053451
  0.0000077659
 -0.0000007314
  0.0000013250
  0.0000101570
  0.0000039740
 -0.0000021050
 -0.0000007820
  0.0000007398
  0.0000090096
  0.0000359532
 -0.0000007962
 -0.0000030605
 -0.0000004228
  0.0000064921
  0.0000015926
  0.0000022804
 -0.0000000246
 -0.0000053137
 -0.0000031506
 -0.0000002407
 -0.0000026277
 -0.0000012685
  0.0000000714
 -0.0000007366
 -0.0000000945
  0.0000013909
 -0.0000022515
 -0.0000010583
 -0.0000006836
 -0.0000012892
 -0.0000017850
 -0.0000013491
 -0.0000018075
  0.0000000513
 -0.0000007053
  0.0000042233
 -0.0000005593
 -0.0000019454
 -0.0000021727
 -0.0000013494
  0.0000032187
  0.0000004817
  0.0000058833
  0.0000038784
  0.0000017705
  0.0000031767
  0.0000003328
 -0.0000047453
  0.0000049923
  0.0000006359
  0.0000032070
  0.0000017949
 -0.0000016161
  0.0000007425
 -0.0000019842
  0.0000020617
 -0.0000009394
  0.0000046414
  0.0000054677
  0.0000003412
  0.0000036566
  0.0000031092
  0.0000011846
 -0.0000009007
 -0.0000097547
 -0.0000019187
 -0.0000019990
 -0.0000046952
 -0.0000063263
 -0.0000029213
 -0.0000010541
 -0.0000009417
  0.0000024433
  0.0000007357
 -0.0000002786
  0.0000023633
  0.0000008465
 -0.0000030824
 -0.0000019537
 -0.0000016936
 -0.0000016433
  0.0000040959
 -0.0000014261
  0.0000063692
 -0.0000021370
 -0.0000017558
 -0.0000005655
 -0.0000038147
  0.0000058491
 -0.0000009058
  0.0000007465
 -0.0000020039
 -0.0000019868
  0.0000006541
 -0.0000036858
  0.0000023351
  0.0000137862
  0.0000037470
  0.0000020876
  0.0000464588
 -0.0000062428
  0.0000005417
  0.0000110510
  0.0000023051
 -0.0000016173
  0.0000152550
  0.0000022389
  0.0000001914
  0.0000012008
 -0.0000008733
  0.0000075663
  0.0000097168
 -0.0000025239
  0.0000013412
  0.0000244708
 -0.0000037402
  0.0000300608
  0.0000063352
 -0.0000041181
 -0.0000012664
  0.0000005623
  0.0000063262
  0.0000036378
 -0.0000025929
 -0.0000379482
 -0.0000070440
 -0.0000033341
  0.0000009831
  0.0000047308
  0.0000080170
  0.0000111198
  0.0000072814
 -0.0000037530
  0.0000051702
  0.0000056448
 -0.0000442325
 -0.0000167432
  0.0000003093
 -0.0000035327
  0.0000088238
  0.0000104927
  0.0000043516
 -0.0000022699
 -0.0000035522
 -0.0000038681
 -0.0000009502
  0.0000010792
  0.0000000859
  0.0000012193
  0.0000006517
 -0.0000005693
 -0.0000018997
  0.0000001703
  0.0000006333
  0.0000007467
 -0.0000000754
  0.0000008277
  0.0000002073
 -0.0000001048
  0.0000006753
  0.0000006222
 -0.0000016403
 -0.0000037787
 -0.0000040128
 -0.0000029626
  0.0000018876
 -0.0000016086
  0.0000033331
 -0.0000026341
  0.0000009043
 -0.0000020728
 -0.0000001653
 -0.0000019600
  0.0000002734
 -0.0000033515
  0.0000002853
  0.0000010993
  0.0000010999
 -0.0000013172
  0.0000013689
 -0.0000020357
  0.0000005325
 -0.0000005501
 -0.0000008231
 -0.0000010452
 -0.0000023835
 -0.0000010477
 -0.0000010976
  0.0000021548
  0.0000002741
 -0.0000008213
 -0.0000090495
  0.0000032225
 -0.0000047236
 -0.0000020369
 -0.0000022293
 -0.0000011886
 -0.0000019596
  0.0000009521
 -0.0000011938
  0.0000017982
 -0.0000023974
  0.0000048641
 -0.0000026178
 -0.0000020662
  0.0000016934
 -0.0000038562
  0.0000001380
  0.0000001355
 -0.0000019695
  0.0000009502
  0.0000026501
  0.0000780675
  0.0000020548
  0.0000193582
  0.0000038416
 -0.0000455768
  0.0000150158
  0.0000058724
  0.0000045261
  0.0000022883
 -0.0000040610
  0.0000029409
  0.0000043949
  0.0000056456
  0.0000092659
  0.0000213146
 -0.0000392052
 -0.0001263538
  0.0000003903
  0.0000118554
  0.0000043817
 -0.0000032169
 -0.0000044966
  0.0000245276
  0.0000009361
  0.0000046637
 -0.0000006015
 -0.0000117870
  0.0000068186
 -0.0000042552
  0.0000106387
  0.0000046754
  0.0000063436
  0.0000094644
  0.0000096439
  0.0000053898
  0.0000079801
  0.0000044736
 -0.0000052215
  0.0000287449
 -0.0000002553
  0.0000048690
  0.0000075763
  0.0000049854
  0.0000063545
  0.0000008187
 -0.0000010462
  0.0000000537
 -0.0000022516
 -0.0000002849
  0.0000007393
  0.0000011562
  0.0000000266
 -0.0000009226
 -0.0000020317
 -0.0000006818
 -0.0000009415
  0.0000001939
 -0.0000011279
 -0.0000000886
  0.0000004236
  0.0000005241
  0.0000005436
 -0.0000020059
 -0.0000056561
 -0.0000054283
 -0.0000050267
 -0.0000000177
  0.0000026120
  0.0000016964
  0.0000041607
  0.0000015458
 -0.0000012149
  0.0000033105
  0.0000004946
 -0.0000042300
 -0.0000029045
 -0.0000002307
  0.0000051662
 -0.0000071796
 -0.0000021120
 -0.0000055780
 -0.0000001248
 -0.0000025542
  0.0000000252
 -0.0000006835
 -0.0000023810
  0.0000013891
  0.0000006055
 -0.0000050147
 -0.0000008954
 -0.0000049189
 -0.0000006016
 -0.0000024895
 -0.0000042337
 -0.0000021449
 -0.0000041302
 -0.0000028934
  0.0000019343
 -0.0000021737
  0.0000005964
 -0.0000048579
 -0.0000069408
 -0.0000008380
 -0.0000029481
 -0.0000006803
  0.0000076297
  0.0000038669
 -0.0000017548
 -0.0000078921
 -0.0000049616
  0.0000000435
  0.0000006432
  0.0000012925
 -0.0000060011
  0.0000005285
  0.0000621136
  0.0000045021
  0.0000278111
  0.0000010123
 -0.0000004225
  0.0000016228
 -0.0000391820
  0.0000111498
  0.0000073107
  0.0000070385
  0.0000023953
 -0.0000004728
  0.0000040456
 -0.0000008332
 -0.0000010211
 -0.0000016197
  0.0000003296
  0.0000102841
  0.0000125213
  0.0000045773
 -0.0001278930
  0.0000066583
  0.0000092395
 -0.0000063732
  0.0000004288
 -0.0000039631
  0.0000151060
 -0.0000068424
 -0.0000070471
  0.0000069503
 -0.0000195711
  0.0000048152
  0.0000010147
  0.0000059368
 -0.0000003393
 -0.0000032488
  0.0000032615
  0.0000025734
  0.0000068248
  0.0000018578
 -0.0000013590
 -0.0000104656
  0.0000177626
  0.0000047820
  0.0000060479
 -0.0000007600
 -0.0000056773
  0.0000012359
  0.0000061565
  0.0000063932
  0.0000038137
  0.0000013800
 -0.0000000578
  0.0000007924
  0.0000014502
  0.0000009133
  0.0000012875
  0.0000034000
  0.0000002389
  0.0000012160
  0.0000003988
  0.0000007589
  0.0000011188
  0.0000007298
  0.0000003645
  0.0000009926
  0.0000079235
 -0.0000009216
  0.0000006045
  0.0000023694
 -0.0000000999
  0.0000018620
 -0.0000016743
  0.0000093218
 -0.0000052951
 -0.0000027818
 -0.0000042771
 -0.0000006014
 -0.0000006818
 -0.0000009008
 -0.0000002875
 -0.0000045203
  0.0000024564
  0.0000022732
 -0.0000007331
 -0.0000009271
 -0.0000011582
  0.0000021240
  0.0000041973
  0.0000005342
  0.0000018602
 -0.0000026052
  0.0000017525
 -0.0000018935
  0.0000011192
  0.0000045649
 -0.0000054224
  0.0000017230
 -0.0000050473
 -0.0000045808
 -0.0000042086
 -0.0000020200
  0.0000001267
 -0.0000019033
 -0.0000006752
 -0.0000016939
 -0.0000000794
  0.0000009053
 -0.0000043408
 -0.0000002985
  0.0000040048
 -0.0000000969
  0.0000046509
 -0.0000008669
  0.0000003386
 -0.0000039811
  0.0000030491
  0.0000003215
 -0.0000020580
  0.0000113219
 -0.0000075336
  0.0000070251
  0.0000166564
  0.0000171036
  0.0000054964
  0.0000003503
  0.0000048677
  0.0000085291
  0.0000056289
  0.0000014134
 -0.0000334982
  0.0000064519
  0.0000049774
  0.0000061750
 -0.0000019531
 -0.0000003547
  0.0000066338
 -0.0000061310
  0.0000010431
  0.0000153602
  0.0000128484
  0.0000311362
 -0.0001306312
  0.0000063857
  0.0000127366
 -0.0000013539
  0.0000009998
 -0.0000027752
  0.0000157005
 -0.0000039049
 -0.0000023837
 -0.0000009636
 -0.0000202402
  0.0000069077
 -0.0000043353
  0.0000071766
  0.0000005329
  0.0000039098
  0.0000032303
  0.0000038529
  0.0000095041
  0.0000023218
 -0.0000001492
 -0.0000136287
  0.0000142889
 -0.0000003912
  0.0000082444
 -0.0000002161
 -0.0000122459
  0.0000013040
  0.0000052711
  0.0000078787
  0.0000066501
 -0.0000022937
 -0.0000003217
 -0.0000008674
 -0.0000002895
 -0.0000005485
 -0.0000042012
 -0.0000023749
 -0.0000009753
  0.0000000193
 -0.0000017914
 -0.0000020532
 -0.0000004340
 -0.0000009534
 -0.0000020063
 -0.0000011171
 -0.0000015723
  0.0000011290
 -0.0000033697
 -0.0000055681
 -0.0000051225
 -0.0000064203
 -0.0000035676
  0.0000034885
  0.0000024204
  0.0000042792
 -0.0000003281
 -0.0000046907
  0.0000036966
  0.0000021524
 -0.0000026710
 -0.0000027350
  0.0000006110
  0.0000066870
 -0.0000011666
  0.0000075367
 -0.0000032475
  0.0000022556
 -0.0000012125
 -0.0000013669
 -0.0000040549
  0.0000001613
  0.0000018237
  0.0000014760
 -0.0000039342
  0.0000021627
 -0.0000055524
  0.0000042257
 -0.0000041035
 -0.0000011968
  0.0000039977
  0.0000009933
  0.0000007743
  0.0000007238
 -0.0000067990
 -0.0000013083
  0.0000009500
 -0.0000002267
  0.0000006046
  0.0000000975
 -0.0000058940
  0.0000009615
 -0.0000028407
  0.0000000000
  0.0000017292
 -0.0000015448
  0.0000016575
 -0.0000067315
  0.0000019990
  0.0000191208
 -0.0000005683
  0.0000043332
  0.0000159574
 -0.0000005953
  0.0000015549
  0.0000037401
  0.0000027378
 -0.0000312688
 -0.0000054839
  0.0000061958
  0.0000054068
  0.0000078130
  0.0000004714
 -0.0000055974
  0.0000018008
  0.0000015658
  0.0000021310
 -0.0000110983
  0.0000029119
  0.0000167187
  0.0000012545
  0.0000439282
 -0.0001338654
 -0.0000007044
  0.0000224862
  0.0000063340
 -0.0000004969
  0.0000043122
  0.0000151067
  0.0000064063
  0.0000038411
 -0.0000024228
 -0.0000219963
 -0.0000060836
 -0.0000037972
  0.0000108826
  0.0000001777
  0.0000079482
  0.0000049356
  0.0000131402
 -0.0000063356
  0.0000016534
  0.0000090482
 -0.0000132163
  0.0000036060
 -0.0000005761
 -0.0000065824
 -0.0000020099
  0.0000042290
 -0.0000039634
 -0.0000059809
 -0.0000008399
 -0.0000014366
  0.0000019620
 -0.0000011641
 -0.0000001729
 -0.0000014626
  0.0000047238
  0.0000047070
  0.0000050838
 -0.0000029843
 -0.0000031818
 -0.0000013737
 -0.0000012556
 -0.0000014387
 -0.0000019363
 -0.0000015571
 -0.0000026394
  0.0000036752
  0.0000001757
  0.0000002002
  0.0000038401
  0.0000002410
 -0.0000034249
  0.0000025056
  0.0000037185
  0.0000000946
 -0.0000000361
 -0.0000030711
  0.0000018466
  0.0000028997
 -0.0000008803
 -0.0000050101
  0.0000034814
 -0.0000001901
  0.0000022115
  0.0000012963
  0.0000042096
  0.0000015468
 -0.0000007908
  0.0000000531
  0.0000013480
  0.0000023490
  0.0000000598
 -0.0000005856
 -0.0000026215
  0.0000004845
 -0.0000011486
  0.0000026650
 -0.0000012783
  0.0000030724
 -0.0000028605
 -0.0000055325
  0.0000037755
  0.0000026296
 -0.0000001505
  0.0000023859
 -0.0000004877
 -0.0000035400
 -0.0000009309
 -0.0000065757
  0.0000000610
 -0.0000039523
 -0.0000030191
  0.0000025154
 -0.0000016680
  0.0000005346
 -0.0000009939
 -0.0000006610
  0.0000050062
  0.0000007691
  0.0000143879
 -0.0000077370
 -0.0000018121
 -0.0000012928
  0.0000002593
  0.0000007040
  0.0000035226
 -0.0000014866
  0.0000049374
  0.0000490397
  0.0000032616
  0.0000111046
 -0.0000035760
 -0.0000080226
  0.0000293942
 -0.0000033689
  0.0000023389
  0.0000054048
 -0.0000402714
  0.0000100653
  0.0000117209
  0.0000067380
 -0.0000063288
  0.0000071299
 -0.0000028121
 -0.0000023694
 -0.0000004424
  0.0000014062
  0.0000042720
  0.0000002538
  0.0000121173
  0.0000054944
  0.0000329825
 -0.0001253585
  0.0000014329
  0.0000167321
  0.0000058062
  0.0000017852
  0.0000022887
  0.0000175972
  0.0000058520
  0.0000017632
 -0.0000020679
 -0.0000205437
 -0.0000057245
 -0.0000048900
  0.0000122437
 -0.0000001320
  0.0000074392
  0.0000047885
  0.0000096834
 -0.0000070283
  0.0000018621
  0.0000054154
 -0.0000137674
  0.0000100766
 -0.0000023391
 -0.0000072392
 -0.0000043541
 -0.0000009255
  0.0000037725
 -0.0000066363
  0.0000012103
 -0.0000023887
 -0.0000000616
 -0.0000034557
 -0.0000021650
 -0.0000031698
  0.0000007056
 -0.0000002054
  0.0000024642
  0.0000013683
 -0.0000008322
  0.0000038997
 -0.0000013207
 -0.0000013664
 -0.0000034392
  0.0000030708
 -0.0000046862
 -0.0000012418
  0.0000053421
 -0.0000034160
 -0.0000015625
 -0.0000006286
  0.0000014263
 -0.0000043973
 -0.0000002172
  0.0000012031
 -0.0000028538
  0.0000007534
 -0.0000044317
 -0.0000006773
  0.0000041656
 -0.0000005345
 -0.0000000087
 -0.0000010120
 -0.0000005377
 -0.0000044934
 -0.0000017572
  0.0000003911
 -0.0000030205
  0.0000014998
 -0.0000008731
  0.0000003793
 -0.0000033693
  0.0000002172
 -0.0000033289
 -0.0000071094
  0.0000032919
  0.0000004620
  0.0000016849
 -0.0000014632
  0.0000007613
 -0.0000044271
  0.0000024856
  0.0000088239
 -0.0000011126
 -0.0000035122
  0.0000059286
 -0.0000032779
 -0.0000023412
 -0.0000019760
 -0.0000027653
 -0.0000018841
  0.0000003090
 -0.0000021844
  0.0000017744
 -0.0000019226
  0.0000007574
 -0.0000043938
 -0.0000011740
 -0.0000066532
 -0.0000044828
 -0.0000040287
 -0.0000059239
  0.0000011322
  0.0000104753
  0.0000001355
 -0.0000025755
  0.0000435010
  0.0000020734
 -0.0000013971
  0.0000098084
  0.0000035746
  0.0000250914
 -0.0000038639
  0.0000049300
 -0.0000058840
  0.0000032334
 -0.0000013390
 -0.0000025096
  0.0000071744
 -0.0000034414
  0.0000050714
 -0.0000025427
 -0.0000056081
  0.0000024935
  0.0000351004
 -0.0001501823
 -0.0000036000
  0.0000289241
  0.0000077784
 -0.0000052010
 -0.0000018004
  0.0000035235
  0.0000084892
 -0.0000012348
 -0.0000008998
 -0.0000268844
 -0.0000027313
 -0.0000062791
 -0.0000000688
  0.0000057623
  0.0000053262
  0.0000143760
  0.0000064776
  0.0000023828
  0.0000062179
  0.0000047246
 -0.0000232433
 -0.0000054405
 -0.0000016365
  0.0000029160
  0.0000090522
  0.0000019667
  0.0000079301
  0.0000027298
  0.0000035639
 -0.0000046644
 -0.0000035499
  0.0000005535
  0.0000008496
  0.0000010106
  0.0000000041
 -0.0000010179
 -0.0000022893
 -0.0000010698
 -0.0000002738
  0.0000014647
  0.0000034994
  0.0000008446
  0.0000006402
  0.0000027741
  0.0000023198
 -0.0000018742
  0.0000026959
 -0.0000014360
 -0.0000019591
  0.0000014812
 -0.0000019690
 -0.0000022028
  0.0000036479
  0.0000042407
  0.0000014560
 -0.0000021135
 -0.0000052229
  0.0000001195
 -0.0000001244
  0.0000013239
  0.0000007617
  0.0000032449
 -0.0000013242
  0.0000007210
 -0.0000027349
  0.0000027090
 -0.0000024504
 -0.0000008643
  0.0000014526
 -0.0000016021
 -0.0000020443
 -0.0000011647
 -0.0000009180
 -0.0000010627
  0.0000013096
  0.0000011549
  0.0000005545
 -0.0000071361
  0.0000073148
  0.0000001168
 -0.0000023464
  0.0000017332
  0.0000000289
 -0.0000024023
 -0.0000015212
  0.0000002617
 -0.0000014621
 -0.0000053545
 -0.0000002723
  0.0000023629
 -0.0000032348
  0.0000015401
  0.0000027763
  0.0000058106
 -0.0000022099
  0.0000158807
 -0.0000045661
  0.0000084967
  0.0000023115
 -0.0000006136
 -0.0000074398
 -0.0000010483
 -0.0000050949
 -0.0000002190
 -0.0000135971
 -0.0000006285
  0.0000056957
  0.0000095352
  0.0000017617
 -0.0000026118
  0.0000134939
  0.0000005170
  0.0000113375
  0.0000024718
 -0.0000012998
  0.0000101162
 -0.0000162095
 -0.0000102353
  0.0000101760
  0.0000090236
 -0.0000048285
  0.0000069197
  0.0000135834
  0.0000004156
  0.0000085805
  0.0000186878
  0.0000064081
  0.0000426189
 -0.0001409781
  0.0000069715
  0.0000349196
 -0.0000106306
  0.0000050651
 -0.0000113683
  0.0000102249
 -0.0000107389
  0.0000008428
  0.0000005164
 -0.0000243391
  0.0000057586
  0.0000067109
  0.0000060818
  0.0000149085
 -0.0000001596
  0.0000154645
 -0.0000048047
 -0.0000081197
  0.0000151533
 -0.0000040692
 -0.0000130404
 -0.0000063912
  0.0000044809
 -0.0000034077
  0.0000024876
 -0.0000168184
 -0.0000114158
 -0.0000017807
  0.0000023567
  0.0000036057
  0.0000088567
  0.0000001538
 -0.0000002914
 -0.0000001103
 -0.0000004304
 -0.0000003132
  0.0000005004
  0.0000024290
  0.0000012611
  0.0000008665
  0.0000005879
  0.0000023554
 -0.0000017228
  0.0000006511
  0.0000012246
 -0.0000019029
  0.0000020694
 -0.0000023087
 -0.0000006141
 -0.0000007945
  0.0000016503
  0.0000001274
  0.0000022807
 -0.0000013821
 -0.0000008179
  0.0000002656
 -0.0000001865
 -0.0000029342
  0.0000034179
 -0.0000013079
  0.0000013610
  0.0000013331
  0.0000000807
  0.0000007766
 -0.0000080126
 -0.0000000611
 -0.0000015675
  0.0000047179
  0.0000072725
 -0.0000005684
 -0.0000039143
 -0.0000039645
  0.0000031046
 -0.0000022162
 -0.0000000697
 -0.0000035073
 -0.0000024823
 -0.0000056277
 -0.0000022301
 -0.0000005636
 -0.0000025326
 -0.0000057981
 -0.0000000587
  0.0000043965
  0.0000016192
 -0.0000001762
  0.0000018655
 -0.0000083402
 -0.0000007073
 -0.0000032973
  0.0000018837
 -0.0000044339
  0.0000067211
  0.0000004121
  0.0000003185
 -0.0000002499
 -0.0000098845
  0.0000667423
  0.0000001772
  0.0000202253
 -0.0000010349
 -0.0000422051
  0.0000097048
  0.0000030048
 -0.0000046082
  0.0000019039
 -0.0000002102
  0.0000057144
  0.0000015726
  0.0000282093
 -0.0000904528
 -0.0001339639
 -0.0000052826
  0.0000014602
  0.0000003566
 -0.0000003536
 -0.0000035560
  0.0000264877
  0.0000001049
 -0.0000007158
 -0.0000008266
 -0.0000140103
 -0.0000011691
 -0.0000004272
  0.0000104023
  0.0000015800
 -0.0000049028
  0.0000069357
  0.0000022577
 -0.0000024301
 -0.0000018702
  0.0000034383
 -0.0000074040
  0.0000199177
  0.0000037671
 -0.0000050483
  0.0000024506
 -0.0000042217
 -0.0000046065
 -0.0000061564
  0.0000022555
  0.0000012734
  0.0000008507
  0.0000012499
  0.0000006042
 -0.0000006054
  0.0000017794
  0.0000008023
  0.0000005078
  0.0000014241
  0.0000009654
  0.0000005953
  0.0000008478
  0.0000015762
  0.0000013662
  0.0000002208
  0.0000033475
  0.0000038056
  0.0000048291
  0.0000011015
  0.0000035641
  0.0000006336
  0.0000038405
  0.0000030653
 -0.0000058612
 -0.0000021112
  0.0000014506
 -0.0000061565
 -0.0000021042
 -0.0000005160
  0.0000010753
  0.0000028382
 -0.0000012887
  0.0000030873
  0.0000024444
 -0.0000002515
  0.0000022656
 -0.0000006677
 -0.0000021020
  0.0000009485
  0.0000015910
  0.0000015404
  0.0000013343
 -0.0000011036
 -0.0000081598
 -0.0000035664
 -0.0000025968
  0.0000014098
  0.0000026518
 -0.0000046091
 -0.0000039352
  0.0000026522
 -0.0000008463
 -0.0000013449
 -0.0000037326
 -0.0000008798
 -0.0000071993
  0.0000012501
 -0.0000010245
 -0.0000029877
  0.0000140253
 -0.0000079529
 -0.0000027593
 -0.0000022682
 -0.0000036883
 -0.0000025638
  0.0000030385
 -0.0000005738
  0.0000030736
  0.0000015046
  0.0000830659
 -0.0000008102
  0.0000061768
 -0.0000005568
 -0.0000078558
  0.0000136471
 -0.0000072167
  0.0000014638
 -0.0000013437
  0.0000031530
 -0.0000398755
  0.0000103208
  0.0000083061
  0.0000057571
 -0.0000062237
  0.0000004563
 -0.0000010577
  0.0000022505
  0.0000101765
  0.0000033096
 -0.0000003816
 -0.0000028661
 -0.0000020489
  0.0000014102
  0.0000129581
  0.0000114062
 -0.0000116973
 -0.0001271624
  0.0000112852
  0.0000095420
 -0.0000053557
  0.0000079182
 -0.0000011587
  0.0000137668
 -0.0000040610
 -0.0000023710
  0.0000031555
 -0.0000193566
  0.0000030134
  0.0000001934
  0.0000086418
 -0.0000017696
 -0.0000050467
  0.0000023743
  0.0000012511
  0.0000037401
  0.0000003734
 -0.0000006436
 -0.0000080824
  0.0000222191
  0.0000037651
  0.0000035596
 -0.0000024430
 -0.0000059396
 -0.0000070961
  0.0000037983
  0.0000102201
  0.0000025248
  0.0000016823
 -0.0000021196
  0.0000018860
  0.0000041699
 -0.0000046275
 -0.0000051504
 -0.0000052315
  0.0000044967
  0.0000020884
  0.0000028894
  0.0000013081
 -0.0000046842
  0.0000016492
  0.0000027126
  0.0000051800
  0.0000000981
  0.0000022118
  0.0000022184
  0.0000009265
  0.0000070883
  0.0000019691
  0.0000020716
  0.0000009801
  0.0000002511
  0.0000016824
  0.0000054145
 -0.0000010062
 -0.0000028531
 -0.0000007963
 -0.0000012065
  0.0000014586
  0.0000055909
 -0.0000011438
 -0.0000020835
  0.0000058307
 -0.0000032742
  0.0000003110
 -0.0000034585
  0.0000000051
 -0.0000009208
 -0.0000025002
  0.0000042241
 -0.0000002537
  0.0000038682
 -0.0000028376
 -0.0000013168
 -0.0000038773
 -0.0000036730
 -0.0000025455
 -0.0000017402
 -0.0000017772
 -0.0000029096
  0.0000016298
 -0.0000001666
  0.0000038464
 -0.0000036220
 -0.0000034996
 -0.0000009374
 -0.0000022742
  0.0000000758
 -0.0000030705
  0.0000003457
  0.0000024717
 -0.0000057070
 -0.0000004487
  0.0000032017
 -0.0000002879
  0.0000037443
 -0.0000005491
 -0.0000059763
  0.0000010499
  0.0000028823
  0.0000009689
  0.0000051167
  0.0000093570
 -0.0000016980
 -0.0000016734
  0.0000020312
  0.0000187511
  0.0000035876
  0.0000102957
  0.0000095851
 -0.0000033567
  0.0000113332
  0.0000029929
  0.0000037078
 -0.0000294158
 -0.0000060658
  0.0000112362
 -0.0000028257
  0.0000086616
 -0.0000150164
  0.0000027906
  0.0000018051
 -0.0000011556
  0.0000021462
  0.0000025895
  0.0000041762
  0.0000040869
  0.0000181068
  0.0000027886
  0.0000482589
 -0.0001381543
 -0.0000038687
  0.0000235041
 -0.0000021490
 -0.0000059915
 -0.0000020226
  0.0000128057
 -0.0000000990
 -0.0000109985
  0.0000040058
 -0.0000219628
 -0.0000006050
 -0.0000036659
 -0.0000019606
  0.0000051308
 -0.0000071349
  0.0000088745
  0.0000072945
  0.0000055128
  0.0000060765
  0.0000063633
 -0.0000154204
  0.0000027449
  0.0000033866
  0.0000059748
  0.0000081221
 -0.0000018751
  0.0000039400
  0.0000072805
 -0.0000055174
 -0.0000035273
  0.0000020230
 -0.0000007534
 -0.0000002418
  0.0000009454
  0.0000010883
  0.0000006639
 -0.0000008960
 -0.0000017865
 -0.0000010228
  0.0000025568
 -0.0000024407
 -0.0000023448
  0.0000030721
  0.0000055265
  0.0000019308
 -0.0000005444
  0.0000022592
 -0.0000016399
 -0.0000028057
  0.0000012749
 -0.0000006086
  0.0000001273
 -0.0000057222
 -0.0000019588
  0.0000013911
  0.0000048411
 -0.0000005705
 -0.0000018054
  0.0000022482
 -0.0000025043
  0.0000010624
  0.0000009982
  0.0000049899
  0.0000007769
 -0.0000052595
  0.0000023945
 -0.0000054063
  0.0000016330
 -0.0000007273
  0.0000012938
  0.0000016386
 -0.0000019800
 -0.0000056558
 -0.0000054826
  0.0000081636
 -0.0000015943
  0.0000048500
  0.0000017463
 -0.0000018834
 -0.0000023034
  0.0000007528
  0.0000051848
 -0.0000029799
 -0.0000066616
  0.0000068871
  0.0000044593
 -0.0000067711
 -0.0000017375
 -0.0000023021
 -0.0000041285
  0.0000012762
 -0.0000019977
  0.0000051122
  0.0000022334
  0.0000023555
 -0.0000066024
  0.0000017255
  0.0000007348
  0.0000000508
  0.0000084382
  0.0000076652
  0.0000027535
  0.0000137345
  0.0000023731
  0.0000013938
  0.0000510928
  0.0000045950
  0.0000026082
  0.0000120063
  0.0000057146
  0.0000076818
  0.0000223462
  0.0000015284
  0.0000022841
  0.0000011543
 -0.0000001636
  0.0000010016
  0.0000003124
  0.0000116728
  0.0000005663
  0.0000067898
  0.0000016545
  0.0000002033
 -0.0000031498
 -0.0000024841
  0.0000279235
 -0.0001689437
  0.0000121845
  0.0000373340
 -0.0000090518
  0.0000104724
 -0.0000148840
  0.0000048175
 -0.0000077721
 -0.0000004751
  0.0000024109
 -0.0000354050
  0.0000112836
  0.0000072349
  0.0000127729
  0.0000080412
 -0.0000014733
  0.0000172183
 -0.0000066333
 -0.0000047542
  0.0000071233
 -0.0000107271
 -0.0000429107
 -0.0000155020
  0.0000055916
 -0.0000000641
 -0.0000073681
  0.0000073657
 -0.0000099310
  0.0000072739
  0.0000057943
  0.0000095385
  0.0000072728
  0.0000009222
  0.0000045824
 -0.0000002910
 -0.0000013818
 -0.0000019132
 -0.0000018954
  0.0000001334
  0.0000003352
  0.0000065229
  0.0000010930
 -0.0000017713
 -0.0000016236
  0.0000003835
  0.0000002797
 -0.0000002833
  0.0000013717
  0.0000007117
 -0.0000008291
 -0.0000014674
 -0.0000012094
 -0.0000017037
 -0.0000007688
 -0.0000043393
 -0.0000030627
  0.0000007013
 -0.0000012538
 -0.0000009006
  0.0000002412
 -0.0000031370
  0.0000003524
 -0.0000009485
 -0.0000015870
 -0.0000022055
  0.0000004255
 -0.0000008185
 -0.0000000991
 -0.0000007928
 -0.0000008954
 -0.0000049372
 -0.0000011166
 -0.0000022375
  0.0000014729
 -0.0000004930
 -0.0000010501
 -0.0000091356
 -0.0000089592
  0.0000067361
 -0.0000008734
 -0.0000007354
 -0.0000058377
 -0.0000004704
 -0.0000014218
  0.0000004581
  0.0000012114
 -0.0000007122
 -0.0000052474
  0.0000047043
  0.0000029091
  0.0000010125
 -0.0000021614
  0.0000004238
 -0.0000047688
 -0.0000032142
 -0.0000006403
  0.0000016964
  0.0000093209
 -0.0000066610
 -0.0000023078
 -0.0000125807
 -0.0000072821
 -0.0000004139
  0.0000014666
 -0.0000108943
 -0.0000010671
  0.0000063065
  0.0000695666
  0.0000037207
  0.0000099474
 -0.0000024700
 -0.0000107681
  0.0000170727
 -0.0000070645
  0.0000040029
  0.0000028506
  0.0000095891
 -0.0000413336
  0.0000009749
  0.0000132906
  0.0000050903
 -0.0000062627
  0.0000005963
 -0.0000002169
 -0.0000011849
  0.0000124405
 -0.0000000455
  0.0000016976
  0.0000003732
  0.0000041411
 -0.0000066271
  0.0000027586
  0.0000111764
  0.0000090767
  0.0000311258
 -0.0001200160
  0.0000014488
  0.0000099261
  0.0000055451
  0.0000012481
 -0.0000010139
  0.0000191544
  0.0000056072
  0.0000014820
 -0.0000008672
 -0.0000255078
 -0.0000056266
 -0.0000055274
  0.0000088797
  0.0000013016
  0.0000071345
  0.0000015599
  0.0000080713
 -0.0000079519
  0.0000038381
  0.0000037126
 -0.0000093834
  0.0000140611
 -0.0000031372
 -0.0000077973
 -0.0000031977
  0.0000070340
  0.0000035369
 -0.0000067291
  0.0000009784
 -0.0000030162
 -0.0000006054
  0.0000004065
  0.0000003393
 -0.0000004871
  0.0000001795
 -0.0000008213
 -0.0000009235
 -0.0000005678
  0.0000052603
 -0.0000000674
  0.0000008132
 -0.0000071000
  0.0000050383
 -0.0000051258
  0.0000009323
  0.0000077636
 -0.0000003720
 -0.0000003760
  0.0000012064
  0.0000029188
  0.0000006643
  0.0000001252
  0.0000041753
  0.0000000212
  0.0000010325
  0.0000008136
  0.0000034681
  0.0000059900
  0.0000024941
  0.0000022792
 -0.0000022358
 -0.0000009368
 -0.0000062459
 -0.0000005588
  0.0000006358
 -0.0000034197
  0.0000017404
 -0.0000092655
  0.0000017889
 -0.0000042893
  0.0000037072
 -0.0000033789
 -0.0000080933
  0.0000031946
  0.0000038857
  0.0000028814
 -0.0000030299
  0.0000014349
 -0.0000046375
 -0.0000038191
 -0.0000082717
 -0.0000001314
 -0.0000014274
  0.0000009117
 -0.0000027264
 -0.0000029219
  0.0000000827
  0.0000011571
 -0.0000010443
 -0.0000018990
  0.0000005203
  0.0000136133
 -0.0000087253
 -0.0000002361
 -0.0000129586
 -0.0000048127
 -0.0000006040
  0.0000020372
 -0.0000149208
  0.0000077952
  0.0000070728
  0.0000634105
  0.0000012913
  0.0000037538
 -0.0000059177
 -0.0000101802
  0.0000189100
 -0.0000008242
  0.0000067546
  0.0000014880
  0.0000069238
 -0.0000458505
  0.0000096846
  0.0000078784
  0.0000042502
 -0.0000018255
  0.0000059709
  0.0000037599
  0.0000030355
  0.0000075245
  0.0000066965
  0.0000032008
  0.0000004754
  0.0000048444
  0.0000072355
  0.0000146667
 -0.0000324340
 -0.0001226650
  0.0000064604
  0.0000122413
 -0.0000050762
  0.0000008015
 -0.0000031948
  0.0000188021
 -0.0000056835
 -0.0000057016
  0.0000086526
 -0.0000133823
  0.0000067435
  0.0000011335
  0.0000064635
  0.0000004718
  0.0000008631
  0.0000087559
  0.0000048291
  0.0000094307
  0.0000023763
  0.0000005626
 -0.0000032018
  0.0000292240
  0.0000052193
  0.0000081937
  0.0000008450
 -0.0000095717
 -0.0000020297
  0.0000078077
  0.0000069687
  0.0000045552
 -0.0000012925
  0.0000000284
 -0.0000011953
 -0.0000020690
  0.0000015569
  0.0000012879
  0.0000020872
 -0.0000012385
  0.0000018181
 -0.0000010310
 -0.0000017688
  0.0000002190
 -0.0000008803
 -0.0000014852
 -0.0000022804
  0.0000097186
 -0.0000028234
 -0.0000015634
  0.0000030305
  0.0000009922
  0.0000012110
  0.0000025993
  0.0000111501
 -0.0000014207
 -0.0000027437
 -0.0000029735
  0.0000003828
  0.0000002581
  0.0000028537
 -0.0000010412
 -0.0000006969
  0.0000031764
 -0.0000010872
 -0.0000016090
  0.0000000183
 -0.0000012651
  0.0000001737
  0.0000001757
 -0.0000012374
  0.0000027306
 -0.0000009768
 -0.0000016261
  0.0000034351
  0.0000011746
  0.0000028015
 -0.0000017929
 -0.0000034974
 -0.0000019697
 -0.0000005554
 -0.0000022710
 -0.0000037270
  0.0000003480
  0.0000009253
 -0.0000028938
 -0.0000023286
  0.0000010109
  0.0000069251
 -0.0000029392
 -0.0000023515
 -0.0000023839
 -0.0000005883
  0.0000030844
  0.0000051098
 -0.0000005023
 -0.0000028641
  0.0000000044
 -0.0000009168
 -0.0000072536
 -0.0000002503
 -0.0000053067
  0.0000000020
 -0.0000067818
  0.0000002230
  0.0000002693
 -0.0000050522
  0.0000023939
  0.0000005729
  0.0000006882
  0.0000183199
 -0.0000024033
  0.0000038390
 -0.0000066880
  0.0000015876
  0.0000023263
  0.0000005082
 -0.0000327286
 -0.0000070600
  0.0000044437
 -0.0000211300
  0.0000064664
  0.0000011530
 -0.0000062655
  0.0000008232
  0.0000014382
 -0.0000000792
  0.0000019405
  0.0000157511
  0.0000055223
  0.0000399232
 -0.0001338011
  0.0000025576
  0.0000196510
  0.0000029501
  0.0000018743
  0.0000013792
  0.0000169022
  0.0000035812
  0.0000060462
  0.0000006777
 -0.0000213295
 -0.0000057973
  0.0000013941
  0.0000101312
  0.0000012072
  0.0000035287
  0.0000049191
  0.0000100869
 -0.0000091294
  0.0000029381
  0.0000057592
 -0.0000131384
  0.0000064349
  0.0000043317
 -0.0000081097
 -0.0000032385
 -0.0000011716
 -0.0000057085
 -0.0000066272
  0.0000015248
  0.0000035955
 -0.0000015764
  0.0000001935
 -0.0000012018
 -0.0000011434
 -0.0000006456
 -0.0000007276
 -0.0000005041
 -0.0000006026
  0.0000020468
  0.0000004634
 -0.0000017489
 -0.0000001565
 -0.0000009667
 -0.0000002988
 -0.0000011261
 -0.0000017282
  0.0000023383
  0.0000024084
 -0.0000027164
  0.0000003638
  0.0000023969
  0.0000001053
 -0.0000020039
 -0.0000018720
  0.0000024494
 -0.0000010758
 -0.0000015691
 -0.0000016790
 -0.0000015185
  0.0000000333
 -0.0000013683
  0.0000011365
  0.0000009956
 -0.0000017173
  0.0000018566
 -0.0000005123
  0.0000009234
  0.0000013219
 -0.0000030281
 -0.0000019807
 -0.0000010849
  0.0000004288
 -0.0000013695
  0.0000000253
  0.0000002783
 -0.0000024606
  0.0000002199
 -0.0000013253
 -0.0000060757
  0.0000023143
  0.0000026205
 -0.0000029847
 -0.0000009941
  0.0000035174
 -0.0000014332
  0.0000000246
  0.0000081716
 -0.0000017316
 -0.0000051112
  0.0000048770
 -0.0000021026
  0.0000029633
 -0.0000017169
  0.0000013162
 -0.0000018121
  0.0000006468
 -0.0000024546
  0.0000068293
  0.0000002453
  0.0000016443
 -0.0000031314
  0.0000019235
  0.0000024385
  0.0000031892
  0.0000010325
  0.0000027142
  0.0000028253
  0.0000236041
  0.0000008753
  0.0000076567
 -0.0000020657
  0.0000062081
  0.0000061859
  0.0000026870
 -0.0000311144
 -0.0000054724
  0.0000085019
 -0.0000003091
  0.0000068534
  0.0000030348
 -0.0000010535
 -0.0000003965
  0.0000080457
  0.0000032108
  0.0000001207
  0.0000052336
  0.0000053748
  0.0000170004
 -0.0000000114
  0.0000437593
 -0.0001397790
 -0.0000024912
  0.0000198044
  0.0000024645
 -0.0000044962
 -0.0000015930
  0.0000053408
  0.0000046595
 -0.0000080769
  0.0000030299
 -0.0000228191
  0.0000001971
 -0.0000042574
 -0.0000004462
  0.0000035586
 -0.0000034488
  0.0000073658
  0.0000074426
  0.0000070463
  0.0000036164
  0.0000066489
 -0.0000200539
  0.0000004205
  0.0000023848
  0.0000071359
  0.0000101573
  0.0000031851
 -0.0000008531
  0.0000080802
 -0.0000040151
 -0.0000037613
  0.0000015318
 -0.0000003839
  0.0000006725
  0.0000004898
  0.0000006547
 -0.0000003984
  0.0000016718
  0.0000003972
  0.0000005934
  0.0000007405
 -0.0000027662
  0.0000055083
  0.0000007144
  0.0000005680
  0.0000026169
 -0.0000016388
  0.0000001589
  0.0000013940
 -0.0000013559
  0.0000013783
 -0.0000007620
  0.0000015980
  0.0000015217
  0.0000043933
  0.0000013728
  0.0000015267
  0.0000023345
  0.0000006167
  0.0000014842
  0.0000013070
  0.0000005749
 -0.0000044827
 -0.0000001871
  0.0000016800
 -0.0000026657
  0.0000010452
  0.0000002706
  0.0000018188
  0.0000019896
  0.0000019125
 -0.0000043823
 -0.0000065209
  0.0000100012
  0.0000021241
  0.0000039500
 -0.0000014470
  0.0000001333
 -0.0000010084
  0.0000031221
 -0.0000039622
 -0.0000002778
 -0.0000057069
  0.0000073677
 -0.0000005486
 -0.0000061566
 -0.0000004992
  0.0000016834
 -0.0000010618
 -0.0000018311
 -0.0000040799
  0.0000039025
  0.0000006405
  0.0000018772
 -0.0000112856
  0.0000004648
 -0.0000049701
 -0.0000014256
 -0.0000069967
 -0.0000010807
  0.0000101908
 -0.0000003268
  0.0000004950
 -0.0000044241
  0.0000023287
  0.0000052208
  0.0000089866
  0.0000126250
  0.0000004935
  0.0000028073
 -0.0000079540
 -0.0000011866
  0.0000032420
 -0.0000006494
  0.0000037191
 -0.0000017393
 -0.0000055407
  0.0000039839
  0.0000382470
 -0.0001462437
  0.0000031358
  0.0000320112
  0.0000048837
  0.0000012797
  0.0000005482
  0.0000040888
  0.0000069001
 -0.0000044356
  0.0000031867
 -0.0000241969
  0.0000057399
 -0.0000024279
  0.0000036119
  0.0000075104
 -0.0000003775
  0.0000165527
  0.0000088478
  0.0000100778
  0.0000080110
  0.0000070478
 -0.0000192805
 -0.0000026810
  0.0000037791
  0.0000104261
  0.0000124968
 -0.0000082432
  0.0000054543
 -0.0000012908
  0.0000118139
  0.0000017398
 -0.0000014454
  0.0000022913
  0.0000035323
  0.0000009370
  0.0000025769
 -0.0000015217
 -0.0000011023
  0.0000013735
  0.0000026090
 -0.0000041973
 -0.0000032689
 -0.0000004062
  0.0000035402
 -0.0000013513
 -0.0000025731
  0.0000030351
  0.0000019025
  0.0000019495
  0.0000026072
 -0.0000039345
  0.0000054278
  0.0000013017
  0.0000009254
  0.0000035859
 -0.0000012284
  0.0000018306
  0.0000015825
  0.0000002711
  0.0000004647
  0.0000029066
  0.0000021408
 -0.0000007578
  0.0000019929
 -0.0000004352
  0.0000000408
  0.0000026587
  0.0000002726
  0.0000022400
  0.0000012522
 -0.0000033950
  0.0000021453
 -0.0000003026
 -0.0000001257
  0.0000017942
 -0.0000014515
  0.0000040077
  0.0000029315
 -0.0000005233
 -0.0000006090
 -0.0000064701
  0.0000127349
  0.0000003829
  0.0000012450
 -0.0000003530
  0.0000033116
  0.0000020208
 -0.0000008583
  0.0000010073
  0.0000021815
 -0.0000041525
 -0.0000010464
 -0.0000019890
 -0.0000035595
  0.0000018662
  0.0000002662
  0.0000009535
  0.0000006685
  0.0000050344
  0.0000088025
 -0.0000000692
 -0.0000069642
  0.0000008430
  0.0000067966
  0.0000014254
  0.0000445011
  0.0000054976
 -0.0000002548
  0.0000082009
 -0.0000016321
  0.0000199821
  0.0000165003
 -0.0000041904
 -0.0000028487
 -0.0000042839
  0.0000068955
  0.0000074923
 -0.0000039239
 -0.0000022442
  0.0000273319
  0.0000013722
  0.0000213921
 -0.0000049158
  0.0000004807
  0.0000025595
  0.0000039948
 -0.0000037134
 -0.0000016991
  0.0000022588
 -0.0000327043
 -0.0000061183
 -0.0000000892
  0.0000094005
  0.0000008558
 -0.0000053300
  0.0000080984
  0.0000114945
 -0.0000088123
  0.0000013216
  0.0000076310
 -0.0000359621
 -0.0000106641
  0.0000030511
 -0.0000080414
  0.0000028598
  0.0000108653
 -0.0000082105
  0.0000070203
 -0.0000067378
  0.0000005357
  0.0000017402
 -0.0000002817
 -0.0000000404
 -0.0000003106
 -0.0000001289
 -0.0000010012
 -0.0000004000
 -0.0000003421
 -0.0000002776
 -0.0000020251
 -0.0000008136
 -0.0000001890
 -0.0000008056
 -0.0000007212
 -0.0000001210
 -0.0000002874
  0.0000015279
  0.0000012482
  0.0000017506
  0.0000009584
 -0.0000013634
  0.0000019870
 -0.0000021994
  0.0000037350
 -0.0000039045
 -0.0000017551
 -0.0000066640
 -0.0000052111
 -0.0000030733
 -0.0000059236
  0.0000010046
 -0.0000042848
 -0.0000024641
 -0.0000025094
  0.0000051804
 -0.0000030653
  0.0000001033
  0.0000005150
  0.0000018308
 -0.0000047556
 -0.0000014286
 -0.0000013940
 -0.0000009697
 -0.0000026731
  0.0000010397
 -0.0000009541
 -0.0000016184
 -0.0000015456
  0.0000007105
  0.0000002581
 -0.0000010915
  0.0000019747
 -0.0000013659
  0.0000004040
  0.0000703337
  0.0000144613
 -0.0000160143
  0.0000278801
  0.0000105473
  0.0000341964
 -0.0001871836
 -0.0001269773
  0.0000048912
 -0.0000531081
  0.0000073708
  0.0000112995
  0.0000007615
  0.0000448751
  0.0000045712
  0.0000041067
  0.0000004080
  0.0000052079
  0.0000051025
  0.0000479488
  0.0000021138
  0.0000005374
  0.0000226284
  0.0000431888
  0.0000178234
  0.0000085230
  0.0000119936
 -0.0000391913
  0.0000109297
  0.0000053198
  0.0000561265
 -0.0000001929
  0.0000031191
  0.0000030111
  0.0000028780
  0.0000004348
 -0.0000014413
 -0.0000003967
 -0.0000000584
 -0.0000017752
 -0.0000004476
 -0.0000012936
 -0.0000011751
  0.0000000145
 -0.0000012958
 -0.0000003061
 -0.0000013353
 -0.0000023427
  0.0000008364
 -0.0000007131
  0.0000100117
  0.0000053781
  0.0000000819
  0.0000058739
 -0.0000026765
  0.0000045719
  0.0000025823
  0.0000090417
  0.0000018935
 -0.0000041621
  0.0000009031
 -0.0000039376
 -0.0000012766
 -0.0000019532
  0.0000034137
 -0.0000000273
  0.0000024663
  0.0000015245
 -0.0000004757
 -0.0000018791
  0.0000007032
  0.0000006291
 -0.0000001541
 -0.0000008075
 -0.0000017911
 -0.0000007884
  0.0000022127
 -0.0000005115
  0.0000023519
  0.0000001439
  0.0000002885
 -0.0000003525
 -0.0000014674
 -0.0000028045
  0.0000022375
  0.0000025541
  0.0000005038
 -0.0000025615
 -0.0000018170
 -0.0000019142
  0.0000002090
 -0.0000006170
  0.0000020309
 -0.0000005164
  0.0000018605
  0.0000022045
  0.0000111239
  0.0000056632
  0.0000033858
  0.0000085547
  0.0000163194
  0.0000032614
  0.0000050002
 -0.0000602840
  0.0000430127
 -0.0000726090
  0.0000403204
  0.0000042672
 -0.0000011843
 -0.0000403941
 -0.0000531022
 -0.0000099419
 -0.0000496614
  0.0000245727
  0.0000204166
  0.0000082267
  0.0000083983
  0.0000083740
  0.0000083882
  0.0000079290
  0.0000084657
  0.0000089971
  0.0000077777
  0.0000121293
  0.0000085767
  0.0000084285
  0.0000075182
  0.0000088434
  0.0000083791
  0.0000083115
 -0.0000759335
 -0.0000496010
 -0.0000561545
 -0.0000588939
 -0.0000370947
 -0.0000437129
 -0.0000358898
 -0.0000049648
 -0.0000502584
 -0.0000321050
 -0.0000230177
 -0.0000344466
 -0.0000110612
  0.0000127128
  0.0000167580
  0.0000092774
  0.0000091282
  0.0000078293
  0.0000154619
  0.0000167491
  0.0000106981
 -0.0000132985
  0.0000059840
  0.0000089081
  0.0000068294
  0.0000074203
  0.0000112506
  0.0000050190
  0.0000094498
  0.0000090444
  0.0000079999
  0.0000090822
  0.0000079389
 -0.0000008609
  0.0000096197
  0.0000093077
  0.0000114711
  0.0000168124
  0.0000123159
  0.0000138202
 -0.0000100951
  0.0000120251
  0.0000101403
  0.0000123223
  0.0000035217
  0.0000074040
  0.0000695869
  0.0000019681
  0.0000006205
 -0.0000176094
  0.0000224460
  0.0000144035
  0.0000371025
 -0.0001882105
 -0.0001261464
  0.0000027690
 -0.0000502155
  0.0000036525
 -0.0000010582
 -0.0000003585
  0.0000473568
  0.0000010751
  0.0000035651
 -0.0000026977
  0.0000013107
  0.0000021744
  0.0000009042
  0.0000425720
  0.0000002591
 -0.0000032369
  0.0000213893
  0.0000388024
  0.0000047866
  0.0000007302
  0.0000019099
 -0.0000043418
 -0.0000361666
  0.0000078846
 -0.0000005017
  0.0000597686
  0.0000045554
 -0.0000000954
  0.0000022299
  0.0000030950
 -0.0000007809
 -0.0000031423
 -0.0000019682
 -0.0000045324
 -0.0000043715
 -0.0000018031
 -0.0000013973
 -0.0000026459
 -0.0000021659
 -0.0000039963
 -0.0000022605
 -0.0000048374
 -0.0000021351
 -0.0000027441
 -0.0000015219
 -0.0000039929
  0.0000072360
  0.0000059395
 -0.0000039678
  0.0000006833
 -0.0000035425
  0.0000041819
  0.0000042506
  0.0000048980
 -0.0000017424
 -0.0000029049
 -0.0000043037
 -0.0000064666
 -0.0000030974
 -0.0000027211
  0.0000021030
  0.0000005839
 -0.0000002500
  0.0000009995
 -0.0000004504
 -0.0000024774
 -0.0000015829
  0.0000020138
 -0.0000115252
 -0.0000034400
 -0.0000013260
  0.0000001216
 -0.0000017211
 -0.0000010225
 -0.0000000539
 -0.0000037890
  0.0000004606
 -0.0000001407
 -0.0000025288
 -0.0000055939
 -0.0000051792
 -0.0000035049
 -0.0000043690
  0.0000020447
 -0.0000034387
 -0.0000023363
 -0.0000024992
  0.0000015647
 -0.0000069963
 -0.0000004864
 -0.0000106306
 -0.0000010882
 -0.0000045540
  0.0000686803
  0.0000232400
  0.0000020669
 -0.0000280951
  0.0000057111
  0.0000437114
 -0.0001555511
 -0.0001333639
  0.0000078403
 -0.0000143022
  0.0000016294
 -0.0000040201
  0.0000042435
  0.0000407455
  0.0000005840
  0.0000025645
 -0.0000023950
  0.0000014624
  0.0000003262
  0.0000217134
  0.0000039381
  0.0000126321
  0.0000217176
  0.0000066221
 -0.0000046433
 -0.0000070472
 -0.0000082375
  0.0000069870
  0.0000070755
  0.0000449036
 -0.0000005543
  0.0000012733
  0.0000066345
  0.0000037864
 -0.0000005932
 -0.0000012467
 -0.0000006832
 -0.0000020477
 -0.0000015244
 -0.0000019968
 -0.0000028398
 -0.0000003726
 -0.0000007211
 -0.0000017881
 -0.0000006163
 -0.0000015128
 -0.0000008400
 -0.0000023395
 -0.0000000457
 -0.0000006245
  0.0000072218
  0.0000068785
 -0.0000035162
  0.0000009611
 -0.0000030321
  0.0000027071
  0.0000048549
  0.0000042084
 -0.0000015891
 -0.0000001527
 -0.0000044774
 -0.0000060132
 -0.0000016928
 -0.0000023890
  0.0000032812
  0.0000020045
 -0.0000019115
  0.0000013819
 -0.0000002376
  0.0000016320
 -0.0000020077
  0.0000028297
 -0.0000008207
 -0.0000008364
  0.0000018178
 -0.0000008169
  0.0000021691
 -0.0000004645
  0.0000019791
  0.0000013248
 -0.0000003880
 -0.0000010749
 -0.0000012758
  0.0000019529
  0.0000030516
  0.0000011412
 -0.0000022908
 -0.0000013579
  0.0000001410
  0.0000022973
 -0.0000019115
  0.0000014650
 -0.0000022168
  0.0000008226
  0.0000125060
  0.0000944593
 -0.0000047747
 -0.0000767227
 -0.0001470709
  0.0000142983
 -0.0001447545
  0.0000044203
  0.0000234457
  0.0000051141
 -0.0000293551
 -0.0000003116
  0.0000153751
  0.0000027462
  0.0000042173
  0.0000008298
  0.0000014984
 -0.0000018235
  0.0000264070
 -0.0000276306
  0.0000021611
  0.0000278292
  0.0000123385
  0.0000210242
 -0.0001133442
  0.0000044105
  0.0000258450
 -0.0000587546
  0.0000046036
  0.0000128063
  0.0000067561
  0.0000039337
 -0.0000016237
 -0.0000046591
 -0.0000003139
 -0.0000017033
 -0.0000010195
 -0.0000062526
 -0.0000064311
 -0.0000045724
  0.0000056260
  0.0000048238
  0.0000012423
 -0.0000045531
  0.0000039619
 -0.0000013796
 -0.0000018382
  0.0000067329
 -0.0000068250
  0.0000074603
  0.0000067976
 -0.0000006018
  0.0000223024
 -0.0000020582
 -0.0000013324
  0.0000048318
  0.0000032560
 -0.0000004006
  0.0000001043
 -0.0000047852
 -0.0000005055
 -0.0000014938
  0.0000058407
  0.0000005881
 -0.0000024629
  0.0000042429
 -0.0000003911
 -0.0000022139
 -0.0000003569
  0.0000133195
  0.0000042425
 -0.0000009011
 -0.0000048150
 -0.0000026529
 -0.0000036359
 -0.0000035004
 -0.0000011477
 -0.0000037611
  0.0000059281
  0.0000009543
 -0.0000004730
 -0.0000051263
 -0.0000075262
 -0.0000029199
 -0.0000040071
 -0.0000031931
 -0.0000007025
  0.0000003210
  0.0000067032
  0.0000019022
  0.0000118591
 -0.0000031886
  0.0000060894
  0.0000438253
  0.0000085580
  0.0000147323
 -0.0000046320
  0.0000212355
 -0.0000091703
  0.0000064529
 -0.0000003535
  0.0000145525
  0.0000383477
 -0.0001376721
 -0.0000031551
  0.0000133925
  0.0000024083
 -0.0000018921
 -0.0000035110
  0.0000165298
  0.0000016924
  0.0000015581
  0.0000026797
  0.0000015169
 -0.0000009222
  0.0000118074
 -0.0000015935
  0.0000054226
  0.0000081097
 -0.0000002152
  0.0000051712
  0.0000047164
 -0.0000125509
  0.0000144662
  0.0000049734
 -0.0000020274
  0.0000045584
  0.0000155160
 -0.0000015173
  0.0000106617
 -0.0000011326
 -0.0000031377
  0.0000018036
 -0.0000006766
 -0.0000008701
 -0.0000012954
 -0.0000009261
 -0.0000014309
  0.0000016561
 -0.0000008637
 -0.0000009291
 -0.0000011281
  0.0000003089
 -0.0000009118
 -0.0000010860
 -0.0000013601
  0.0000004473
 -0.0000005247
  0.0000024916
  0.0000010740
 -0.0000006591
 -0.0000034170
 -0.0000036924
  0.0000026818
  0.0000034772
  0.0000028076
 -0.0000053144
  0.0000005439
 -0.0000005565
 -0.0000003947
  0.0000021231
 -0.0000021704
 -0.0000011601
 -0.0000011035
 -0.0000015456
 -0.0000006567
  0.0000000003
  0.0000005593
  0.0000013971
 -0.0000000991
 -0.0000001679
 -0.0000001751
  0.0000012484
  0.0000006394
  0.0000012131
  0.0000011316
 -0.0000002903
  0.0000019355
 -0.0000012207
  0.0000006985
 -0.0000014287
  0.0000005333
  0.0000005928
 -0.0000021361
  0.0000011304
 -0.0000008741
 -0.0000166732
  0.0000670399
  0.0000060870
 -0.0000039468
  0.0000027131
 -0.0000166066
  0.0000226958
  0.0000063797
 -0.0000086766
  0.0000060006
  0.0000091741
  0.0000390334
 -0.0001788804
 -0.0001233217
  0.0000118150
 -0.0000351588
  0.0000074444
  0.0000007617
  0.0000081386
  0.0000381971
  0.0000053165
  0.0000021072
  0.0000007144
 -0.0000039274
  0.0000060267
  0.0000041803
  0.0000235755
  0.0000067655
  0.0000080953
  0.0000100461
  0.0000236788
  0.0000122201
 -0.0000031443
 -0.0000048060
 -0.0000162621
 -0.0000275854
  0.0000110200
  0.0000124263
  0.0000457142
  0.0000125203
 -0.0000007199
  0.0000075601
  0.0000042725
  0.0000013905
  0.0000012887
  0.0000017453
  0.0000009731
  0.0000010601
  0.0000018936
  0.0000040016
  0.0000029801
  0.0000028691
 -0.0000006249
  0.0000002065
  0.0000002843
  0.0000027553
  0.0000002130
  0.0000014305
  0.0000013590
  0.0000108867
 -0.0000029235
  0.0000006133
  0.0000068870
  0.0000023055
  0.0000018067
  0.0000018712
  0.0000069060
  0.0000011955
  0.0000018167
 -0.0000003871
 -0.0000014328
 -0.0000010676
 -0.0000007703
 -0.0000047949
 -0.0000054644
  0.0000002306
  0.0000036458
  0.0000032253
  0.0000034332
  0.0000004962
 -0.0000003980
  0.0000023845
 -0.0000006283
  0.0000003611
 -0.0000027476
 -0.0000016059
  0.0000007153
  0.0000031805
  0.0000007395
 -0.0000038218
 -0.0000011105
  0.0000051635
 -0.0000013195
 -0.0000003764
  0.0000001178
  0.0000033101
  0.0000002561
  0.0000003010
 -0.0000015630
  0.0000018865
  0.0000005280
  0.0000029315
  0.0000008676
  0.0000058595
 -0.0000011307
  0.0000734510
  0.0000053000
  0.0000338252
 -0.0001655687
  0.0000028134
 -0.0000334914
  0.0000045998
  0.0000113396
  0.0000412160
  0.0000081807
  0.0000027072
 -0.0000005097
  0.0000091825
  0.0000104611
  0.0000413109
  0.0000013802
  0.0000363675
  0.0000189574
  0.0000109288
  0.0000084731
  0.0000056231
  0.0000531596
 -0.0000021497
  0.0000025916
  0.0000002335
  0.0000016146
  0.0000030622
 -0.0000014285
  0.0000059137
  0.0000035777
  0.0000028002
 -0.0000029957
 -0.0000010478
  0.0000033163
  0.0000024995
  0.0000027423
  0.0000003716
  0.0000033224
  0.0000032918
  0.0000023707
 -0.0000015456
  0.0000052165
  0.0000057488
  0.0000048709
  0.0000095406
 -0.0000030316
  0.0000039525
 -0.0000000733
  0.0000134873
  0.0000048600
  0.0000002507
  0.0000039805
 -0.0000049424
  0.0000060468
 -0.0000034117
 -0.0000004238
  0.0000067450
 -0.0000019480
 -0.0000023676
  0.0000057993
  0.0000021769
  0.0000025244
  0.0000016493
  0.0000028534
  0.0000020215
  0.0000019083
  0.0000018669
 -0.0000000167
  0.0000014813
  0.0000034558
  0.0000007114
  0.0000027553
  0.0000012429
 -0.0000002187
  0.0000043368
  0.0000035606
  0.0000026249
  0.0000017924
  0.0000031814
  0.0000015019
  0.0000052404
 -0.0000014656
  0.0000010464
 -0.0000045088
 -0.0000085109
  0.0000674890
 -0.0000022960
  0.0000205865
 -0.0000045967
 -0.0000381519
  0.0000098699
  0.0000019183
 -0.0000024195
 -0.0000000277
  0.0000001747
  0.0000060525
  0.0000024775
  0.0000428499
 -0.0001102290
 -0.0001359354
  0.0000002548
  0.0000092044
  0.0000008219
  0.0000079637
  0.0000024605
  0.0000382594
  0.0000006888
 -0.0000006751
  0.0000011588
 -0.0000063589
  0.0000001288
 -0.0000016963
  0.0000102352
  0.0000055945
 -0.0000033915
  0.0000159442
  0.0000011052
  0.0000061920
 -0.0000003343
  0.0000069346
 -0.0000050652
  0.0000179915
  0.0000050277
 -0.0000002226
  0.0000162834
 -0.0000036406
 -0.0000011964
 -0.0000018248
 -0.0000000354
  0.0000013232
  0.0000018934
  0.0000010984
  0.0000007210
  0.0000013366
 -0.0000001779
  0.0000017865
  0.0000017655
  0.0000007000
  0.0000012053
  0.0000007597
  0.0000015774
  0.0000012623
  0.0000000843
  0.0000016071
  0.0000013968
  0.0000013478
  0.0000008039
 -0.0000066245
 -0.0000032601
 -0.0000000257
  0.0000042060
  0.0000008244
 -0.0000020420
 -0.0000016244
 -0.0000027946
 -0.0000022787
 -0.0000005828
  0.0000003781
  0.0000003787
  0.0000019444
 -0.0000038558
 -0.0000001317
  0.0000024258
  0.0000008901
 -0.0000030554
  0.0000003889
 -0.0000001884
  0.0000015031
 -0.0000010960
 -0.0000010318
  0.0000015223
 -0.0000014648
 -0.0000011245
 -0.0000012691
 -0.0000047361
 -0.0000015557
  0.0000022040
  0.0000012646
 -0.0000014885
 -0.0000013758
  0.0000012202
  0.0000032271
 -0.0000013247
 -0.0000008590
  0.0000009223
 -0.0000081693
  0.0000009735
  0.0000432272
  0.0000051453
 -0.0000009144
  0.0000087357
 -0.0000018494
  0.0000108232
  0.0000155240
 -0.0000034195
 -0.0000044082
  0.0000048728
  0.0000070181
 -0.0000059701
  0.0000099842
  0.0000457690
 -0.0001444372
  0.0000079421
  0.0000205189
  0.0000010406
  0.0000029196
 -0.0000007646
  0.0000191292
 -0.0000012418
  0.0000005280
 -0.0000017470
 -0.0000223573
  0.0000075241
 -0.0000046663
  0.0000090842
  0.0000011692
  0.0000053313
  0.0000043204
  0.0000053938
  0.0000099727
  0.0000031467
  0.0000028567
 -0.0000182370
  0.0000018511
 -0.0000008171
  0.0000087582
 -0.0000010045
  0.0000094467
  0.0000028094
  0.0000066627
  0.0000084484
  0.0000076674
 -0.0000018110
 -0.0000012647
  0.0000005905
 -0.0000010183
 -0.0000007405
 -0.0000004012
  0.0000015778
  0.0000012017
  0.0000010252
  0.0000000700
  0.0000005147
 -0.0000011051
  0.0000008499
  0.0000003609
 -0.0000007735
 -0.0000002518
 -0.0000006076
  0.0000031316
  0.0000040897
 -0.0000043212
  0.0000003185
 -0.0000024030
  0.0000046124
  0.0000004383
 -0.0000013263
 -0.0000006305
  0.0000020887
 -0.0000004557
 -0.0000010537
  0.0000022961
 -0.0000026264
  0.0000024652
  0.0000011158
  0.0000032056
  0.0000020135
  0.0000006903
 -0.0000017788
  0.0000019591
  0.0000003295
 -0.0000004248
  0.0000012812
 -0.0000009980
  0.0000024322
 -0.0000049077
  0.0000008745
  0.0000028034
 -0.0000007624
 -0.0000012747
  0.0000017218
  0.0000005516
  0.0000005910
 -0.0000019175
  0.0000000754
 -0.0000041510
  0.0000400522
  0.0000042570
  0.0000023844
  0.0000142221
  0.0000030250
  0.0000035121
  0.0000059018
  0.0000029699
  0.0000392990
  0.0000049851
  0.0000341541
  0.0000228689
  0.0000035968
  0.0000097076
  0.0000514600
 -0.0000015786
  0.0000024388
  0.0000088111
  0.0000014179
 -0.0000004152
  0.0000016575
  0.0000013954
  0.0000024985
 -0.0000000110
 -0.0000012063
  0.0000009286
 -0.0000007480
  0.0000005557
  0.0000013549
 -0.0000002645
  0.0000004632
  0.0000014285
  0.0000000011
  0.0000005221
 -0.0000006770
  0.0000148396
  0.0000114301
  0.0000022379
  0.0000044721
  0.0000014113
  0.0000033774
  0.0000098447
  0.0000032508
  0.0000040939
  0.0000008221
  0.0000001248
 -0.0000026911
 -0.0000014570
  0.0000043147
 -0.0000063880
 -0.0000030115
  0.0000031310
  0.0000037854
  0.0000008974
  0.0000044426
  0.0000051915
  0.0000040800
 -0.0000004430
 -0.0000007457
  0.0000010896
  0.0000001422
  0.0000021042
 -0.0000026292
  0.0000008618
  0.0000038998
  0.0000000055
 -0.0000030180
  0.0000005375
  0.0000000546
  0.0000008133
  0.0000006894
  0.0000018814
  0.0000005780
  0.0000025832
  0.0000030132
 -0.0000036752
  0.0000078528
 -0.0000016190
 -0.0000077576
  0.0000092788
  0.0000040782
 -0.0000049651
 -0.0000021375
 -0.0000055859
  0.0000058538
 -0.0000027250
 -0.0000026214
  0.0000776852
  0.0000530749
 -0.0000828563
  0.0000096822
 -0.0000264460
 -0.0000383026
  0.0000345888
 -0.0000719677
  0.0000674057
 -0.0000044601
  0.0000135576
  0.0000266783
  0.0000599680
  0.0000175681
  0.0000430882
  0.0000327085
 -0.0000773564
  0.0000194890
  0.0000019540
  0.0000002380
  0.0000020248
  0.0000019542
  0.0000005976
 -0.0000029298
  0.0000003998
  0.0000011475
 -0.0000011740
  0.0000012808
  0.0000001277
  0.0000017297
  0.0000006764
  0.0000020006
  0.0000003019
  0.0000375051
  0.0000368359
 -0.0000575699
  0.0000139161
 -0.0001001469
 -0.0000511885
 -0.0000587371
  0.0000376326
 -0.0000530815
 -0.0000511487
  0.0000281133
 -0.0000490511
  0.0000016919
  0.0000086366
  0.0000007544
  0.0000124404
  0.0000064210
 -0.0000048060
  0.0000144338
  0.0000093014
 -0.0000024779
 -0.0000018712
  0.0000015855
  0.0000055504
  0.0000005555
  0.0000085395
  0.0000061069
  0.0000013973
 -0.0000024854
  0.0000050486
  0.0000087506
  0.0000118200
 -0.0000038178
  0.0000367567
 -0.0000052596
  0.0000002290
  0.0000016462
  0.0000076721
 -0.0000051761
  0.0000013543
  0.0000138125
  0.0000107931
 -0.0000086977
  0.0000076931
  0.0000033766
 -0.0000004242
 -0.0000034177
 -0.0000008765
  0.0000012299
 -0.0000052244
 -0.0000016549
 -0.0000932711
 -0.0000034398
 -0.0000190888
 -0.0000107617
 -0.0000016179
 -0.0000814262
 -0.0000162124
 -0.0000127503
 -0.0000073910
 -0.0000065190
 -0.0000074470
 -0.0000079127
 -0.0000068201
 -0.0000061421
 -0.0000065252
 -0.0000070378
 -0.0000067688
 -0.0000079657
 -0.0000071007
 -0.0000070380
 -0.0000082848
 -0.0000075559
 -0.0000071175
 -0.0000046100
  0.0000018524
 -0.0000015538
 -0.0000006190
  0.0000020425
 -0.0000173822
 -0.0000046151
 -0.0000205969
 -0.0000057493
 -0.0000075131
  0.0000065348
 -0.0000069536
  0.0000010744
 -0.0000054954
 -0.0000032653
  0.0000030170
 -0.0000022657
  0.0000051358
  0.0000094511
  0.0000082433
 -0.0000098838
 -0.0000077791
 -0.0000054312
 -0.0000082046
 -0.0000037635
 -0.0000009783
 -0.0000043900
 -0.0000029252
 -0.0000117085
  0.0000075943
 -0.0000107170
 -0.0000054535
 -0.0000031612
 -0.0000007736
 -0.0000073352
 -0.0000056245
  0.0000078941
  0.0000096303
 -0.0000044684
 -0.0000004672
  0.0000013622
 -0.0000075001
  0.0000592671
  0.0000029360
 -0.0000038484
  0.0000057029
 -0.0000393647
  0.0000055811
  0.0000026861
  0.0000029774
 -0.0000003151
  0.0000073954
 -0.0000065333
  0.0000114152
  0.0000228472
 -0.0000390467
 -0.0001286942
 -0.0000028101
  0.0000059349
  0.0000033472
 -0.0000004577
 -0.0000020946
  0.0000232270
  0.0000026017
  0.0000025949
  0.0000010610
 -0.0000153645
  0.0000018072
  0.0000014643
  0.0000136351
  0.0000047566
 -0.0000013457
  0.0000044933
  0.0000093673
  0.0000000133
  0.0000050062
  0.0000065025
 -0.0000095406
  0.0000251460
  0.0000058053
 -0.0000019353
  0.0000048241
 -0.0000009532
 -0.0000018901
 -0.0000008897
 -0.0000030383
  0.0000039890
  0.0000006924
  0.0000011759
  0.0000005501
  0.0000003945
  0.0000008490
 -0.0000004830
  0.0000013075
  0.0000012834
 -0.0000001851
 -0.0000003902
  0.0000007029
  0.0000011274
 -0.0000003199
 -0.0000006426
  0.0000014266
  0.0000051315
  0.0000042289
 -0.0000015954
  0.0000027028
  0.0000048871
  0.0000033223
 -0.0000012179
  0.0000048222
 -0.0000032972
  0.0000002777
 -0.0000009193
 -0.0000051010
 -0.0000002303
 -0.0000023155
  0.0000036003
 -0.0000023326
  0.0000007695
  0.0000010585
  0.0000027161
 -0.0000027710
 -0.0000015454
  0.0000004114
  0.0000019549
  0.0000015026
  0.0000008131
  0.0000035656
  0.0000000249
  0.0000001823
 -0.0000015006
 -0.0000051632
 -0.0000011465
  0.0000017587
  0.0000019800
  0.0000007330
  0.0000001382
  0.0000026698
  0.0000035732
 -0.0000001718
 -0.0000025184
  0.0000003997
  0.0000035514
  0.0001082364
  0.0000424886
  0.0000200296
  0.0001026487
 -0.0000177801
 -0.0001707404
 -0.0001112517
  0.0000047143
 -0.0001113725
  0.0000004453
  0.0000222622
 -0.0000025503
  0.0000030953
  0.0000027274
  0.0000038228
 -0.0000109387
  0.0000032230
  0.0000019552
  0.0000436490
  0.0000000294
  0.0000161713
  0.0000009530
  0.0000397269
  0.0000336663
  0.0000085251
  0.0000169475
 -0.0000160607
 -0.0000802925
  0.0000007990
  0.0000185778
  0.0000047373
 -0.0000107975
 -0.0000014945
  0.0000027351
 -0.0000003233
 -0.0000088017
  0.0000016162
 -0.0000019679
  0.0000010191
  0.0000013796
 -0.0000035372
 -0.0000033782
 -0.0000021303
 -0.0000023807
  0.0000040031
  0.0000004360
  0.0000007814
 -0.0000025756
  0.0000004273
  0.0000017945
 -0.0000003719
 -0.0000002229
  0.0000002436
 -0.0000041389
  0.0000055934
 -0.0000121298
  0.0000056113
 -0.0000076232
  0.0000001619
 -0.0000051822
 -0.0000007610
 -0.0000001061
 -0.0000154263
  0.0000024766
 -0.0000142436
 -0.0000011040
  0.0000041161
 -0.0000070892
 -0.0000022782
 -0.0000007109
 -0.0000084453
 -0.0000030855
  0.0000101865
  0.0000022451
 -0.0000013012
 -0.0000042574
 -0.0000038181
 -0.0000020718
 -0.0000053708
 -0.0000011376
 -0.0000023774
  0.0000019056
  0.0000004658
 -0.0000011916
 -0.0000063679
 -0.0000078531
 -0.0000058072
 -0.0000042780
 -0.0000016378
 -0.0000048019
 -0.0000025612
 -0.0000042849
 -0.0000011430
  0.0000064985
  0.0000016424
  0.0000095455
  0.0000006072
 -0.0000009256
 -0.0000047460
  0.0000128121
  0.0000144968
  0.0000418823
 -0.0000417256
  0.0000053585
  0.0000028453
  0.0000020016
  0.0000042404
  0.0000368840
  0.0000005345
 -0.0000026745
 -0.0000027223
  0.0000012894
  0.0000002014
  0.0000023128
 -0.0000002800
  0.0000015987
  0.0000148817
 -0.0000019319
  0.0000228891
  0.0000063617
  0.0000081123
  0.0000229012
  0.0000126491
 -0.0000053606
  0.0000016897
  0.0000006010
 -0.0000012138
 -0.0000007943
  0.0000000748
 -0.0000031226
  0.0000029553
  0.0000005938
  0.0000025339
 -0.0000039222
 -0.0000028636
  0.0000018244
  0.0000007441
  0.0000010447
  0.0000008885
  0.0000018439
  0.0000016057
 -0.0000006002
 -0.0000020269
  0.0000064552
  0.0000066634
 -0.0000035320
  0.0000007145
 -0.0000030895
 -0.0000029577
  0.0000040000
  0.0000038184
 -0.0000018291
 -0.0000000601
 -0.0000047532
 -0.0000062467
 -0.0000017763
 -0.0000025839
  0.0000024784
  0.0000013891
 -0.0000031984
  0.0000014117
  0.0000037743
  0.0000013823
  0.0000022970
  0.0000030223
  0.0000013487
  0.0000016851
  0.0000013213
  0.0000030708
  0.0000024003
  0.0000024108
 -0.0000017172
  0.0000011415
 -0.0000015765
 -0.0000029212
  0.0000012005
  0.0000002892
  0.0000012508
  0.0000010227
  0.0000003454
  0.0000017259
 -0.0000005131
 -0.0000005354
 -0.0000003316
 -0.0000025418
  0.0000694998
  0.0000625434
  0.0000639512
  0.0000825701
  0.0000384953
  0.0000458504
  0.0000180105
  0.0000290881
  0.0000633607
 -0.0000161841
  0.0000518585
  0.0000773307
  0.0000287694
  0.0000082646
 -0.0000230391
  0.0000069629
  0.0000253101
  0.0000642052
 -0.0000145913
 -0.0000024383
 -0.0000070399
 -0.0000178031
  0.0000117794
  0.0000261705
 -0.0000025639
  0.0000144940
 -0.0000343895
 -0.0000227299
 -0.0000018245
  0.0000108042
 -0.0000316966
 -0.0000082624
 -0.0000023805
 -0.0000233890
 -0.0000100093
  0.0000150914
 -0.0000111681
 -0.0000026956
 -0.0000005045
 -0.0000054322
 -0.0000105630
  0.0000282061
 -0.0000040280
 -0.0000077385
  0.0000113980
 -0.0000090082
 -0.0001435970
  0.0000377350
 -0.0000276245
  0.0000159094
 -0.0000063040
 -0.0001330148
  0.0000718355
  0.0000681625
  0.0000647135
 -0.0001616793
 -0.0001419021
  0.0000289980
 -0.0000871324
 -0.0001806166
  0.0000792077
  0.0000289358
 -0.0000360650
 -0.0000570677
  0.0000281556
 -0.0000002324
 -0.0001751442
  0.0000446810
 -0.0001029191
 -0.0000148654
 -0.0000020427
  0.0000753664
 -0.0001267135
 -0.0001161600
  0.0000559613
  0.0000659589
 -0.0000956261
 -0.0000014103
  0.0000390206
 -0.0000831506
  0.0000064827
  0.0000042171
 -0.0000014691
  0.0000087807
 -0.0000041907
  0.0000074984
  0.0000096452
 -0.0000059528
  0.0000069694
  0.0000151292
  0.0000148978
  0.0000295343
 -0.0001293514
 -0.0000034931
  0.0000104887
  0.0000028226
 -0.0000024765
 -0.0000038857
  0.0000185470
  0.0000018642
  0.0000020426
  0.0000033908
 -0.0000168224
  0.0000015112
 -0.0000000954
  0.0000117313
  0.0000033105
 -0.0000015817
  0.0000063417
  0.0000080866
 -0.0000002268
  0.0000054005
  0.0000046524
 -0.0000113613
  0.0000183759
  0.0000050210
 -0.0000019355
  0.0000045926
  0.0000102090
 -0.0000012354
  0.0000058309
 -0.0000009653
 -0.0000031985
  0.0000036206
 -0.0000004043
  0.0000000191
 -0.0000014748
 -0.0000013262
  0.0000008038
  0.0000002080
 -0.0000006266
 -0.0000002002
  0.0000022627
  0.0000020304
 -0.0000017079
 -0.0000002471
  0.0000022854
  0.0000010231
 -0.0000012537
  0.0000047214
  0.0000025165
  0.0000016201
 -0.0000041486
 -0.0000010408
  0.0000026998
  0.0000052295
  0.0000050248
 -0.0000001654
 -0.0000002820
 -0.0000040847
 -0.0000033411
  0.0000009501
  0.0000017693
 -0.0000006737
  0.0000025613
  0.0000015501
 -0.0000023090
  0.0000011864
  0.0000017953
 -0.0000012865
  0.0000018383
  0.0000001659
  0.0000029714
  0.0000005587
  0.0000009490
 -0.0000003081
  0.0000026655
  0.0000009999
 -0.0000023252
 -0.0000001602
  0.0000010383
 -0.0000011773
  0.0000011918
 -0.0000006266
 -0.0000011597
 -0.0000008465
 -0.0000007943
  0.0000042675
 -0.0000042155
  0.0000100098
  0.0000074026
  0.0000029612
  0.0000030442
  0.0000052303
 -0.0000860794
 -0.0000173775
 -0.0000803183
 -0.0000807256
 -0.0000805011
 -0.0000156682
 -0.0000183051
 -0.0000129694
 -0.0000159713
 -0.0000173443
 -0.0000079268
 -0.0000064905
 -0.0000131329
 -0.0000082081
 -0.0000249661
 -0.0000193637
 -0.0000125752
 -0.0000084477
 -0.0000225388
 -0.0000169158
 -0.0000129889
 -0.0000868195
 -0.0000858993
 -0.0000813175
 -0.0000724952
 -0.0000776258
 -0.0000138238
 -0.0000663292
 -0.0000137593
 -0.0000188279
 -0.0000681642
 -0.0000176135
 -0.0000317223
 -0.0000197268
 -0.0000150196
 -0.0000074853
 -0.0000340316
 -0.0000125066
 -0.0000172461
 -0.0000131310
 -0.0000122540
 -0.0000372219
 -0.0000325951
 -0.0000077737
 -0.0000297765
 -0.0000200875
 -0.0000327992
 -0.0000054524
 -0.0000082805
 -0.0000430562
 -0.0000122125
 -0.0000246242
 -0.0000131890
 -0.0000074725
 -0.0000170535
 -0.0000184199
 -0.0000258977
 -0.0000116783
 -0.0000173687
 -0.0000105526
 -0.0000093725
 -0.0000292190
 -0.0000258923
  0.0000203683
  0.0000028501
  0.0000119490
 -0.0000405843
 -0.0000014458
  0.0000039659
  0.0000019426
  0.0000473185
 -0.0001246971
 -0.0001399183
  0.0000028736
 -0.0000003042
  0.0000011475
  0.0000080176
  0.0000020911
  0.0000409393
 -0.0000000969
 -0.0000000516
  0.0000003133
 -0.0000066851
  0.0000005752
 -0.0000006862
  0.0000020881
  0.0000040282
 -0.0000041747
  0.0000160943
  0.0000000925
  0.0000110546
 -0.0000045159
 -0.0000006455
 -0.0000112368
  0.0000088892
  0.0000050395
  0.0000040277
  0.0000276678
 -0.0000032630
  0.0000034754
 -0.0000016503
 -0.0000019640
  0.0000010794
  0.0000001888
 -0.0000013258
  0.0000001405
  0.0000001155
 -0.0000011748
 -0.0000014031
 -0.0000020735
 -0.0000033721
 -0.0000019840
 -0.0000035803
 -0.0000008487
 -0.0000033388
 -0.0000038366
 -0.0000007387
 -0.0000017156
  0.0000043324
  0.0000025029
 -0.0000025037
  0.0000041818
 -0.0000001610
  0.0000001825
  0.0000006947
  0.0000024713
 -0.0000031235
  0.0000023289
  0.0000022124
 -0.0000000993
  0.0000045801
 -0.0000029907
 -0.0000028866
 -0.0000015554
 -0.0000041124
 -0.0000017618
 -0.0000010242
  0.0000005865
 -0.0000025822
 -0.0000040227
 -0.0000018189
 -0.0000006027
 -0.0000019965
 -0.0000013298
 -0.0000008164
  0.0000003973
  0.0000002668
 -0.0000018061
  0.0000002371
  0.0000014157
 -0.0000001691
 -0.0000033913
  0.0000018446
 -0.0000004958
 -0.0000030780
 -0.0000029255
 -0.0000023508
  0.0000022737
 -0.0000023273
  0.0000014757
  0.0000015162
  0.0000017295
 -0.0000632824
  0.0000158359
 -0.0001332100
  0.0000093086
  0.0000200981
 -0.0000239623
 -0.0000055789
  0.0000180103
 -0.0000006996
 -0.0000028529
 -0.0000020418
  0.0000031561
  0.0000247278
  0.0000048005
  0.0000262732
  0.0000201085
  0.0000082633
  0.0000250748
 -0.0000456622
  0.0000075118
  0.0000145689
  0.0000073917
  0.0000004364
 -0.0000046886
 -0.0000005255
 -0.0000070908
 -0.0000046975
 -0.0000068161
 -0.0000041279
 -0.0000000416
 -0.0000057227
 -0.0000074897
 -0.0000061972
 -0.0000054290
 -0.0000054092
 -0.0000054899
 -0.0000047298
 -0.0000024890
  0.0000071204
 -0.0000080026
  0.0000016178
  0.0000088554
 -0.0000039822
  0.0000218498
 -0.0000020611
  0.0000045455
  0.0000021799
  0.0000068415
 -0.0000017636
 -0.0000097487
 -0.0000118543
  0.0000048417
 -0.0000042962
  0.0000044521
 -0.0000019187
  0.0000022810
 -0.0000009408
  0.0000040407
  0.0000054010
  0.0000009667
 -0.0000011085
 -0.0000015763
 -0.0000043895
 -0.0000029377
 -0.0000055093
 -0.0000024287
 -0.0000017302
  0.0000032286
 -0.0000005147
 -0.0000010073
  0.0000000838
 -0.0000081570
  0.0000008878
 -0.0000079286
 -0.0000031495
 -0.0000035535
 -0.0000001513
 -0.0000034316
 -0.0000044954
  0.0000025057
  0.0000009733
 -0.0000023419
  0.0000017052
 -0.0000023857
  0.0000169612
  0.0000194872
  0.0000471763
  0.0000478749
  0.0000133964
 -0.0000136615
 -0.0000150756
 -0.0000105828
 -0.0000702544
 -0.0000210806
  0.0000113364
 -0.0000074918
  0.0000081089
 -0.0000319285
  0.0000032136
  0.0000021562
  0.0000017045
  0.0000031269
  0.0000025238
  0.0000021941
  0.0000021062
  0.0000021325
  0.0000041822
  0.0000017745
  0.0000021998
  0.0000022234
  0.0000028030
  0.0000013670
  0.0000022462
 -0.0000181210
  0.0000069119
  0.0000185335
 -0.0000090628
 -0.0000132991
  0.0000212385
 -0.0000106286
  0.0000106941
  0.0000137904
  0.0000142746
 -0.0000020650
  0.0000186913
  0.0000374748
 -0.0000547940
  0.0000020373
 -0.0000092266
  0.0000473839
  0.0000553483
 -0.0000852365
 -0.0000722327
 -0.0000678991
  0.0000196230
  0.0000240475
 -0.0000085011
 -0.0000013937
 -0.0000634323
  0.0000442372
  0.0000402053
 -0.0000145314
 -0.0000071430
 -0.0000087237
  0.0000320784
 -0.0000268400
  0.0000453150
  0.0000023267
  0.0000037125
 -0.0000694150
  0.0000515737
  0.0000326077
 -0.0000444909
 -0.0000759313
  0.0000448310
 -0.0000013134
  0.0000446653
 -0.0000024993
  0.0000074102
  0.0000044991
 -0.0000127906
  0.0000042813
 -0.0000018428
  0.0000067297
  0.0000017478
  0.0000045260
 -0.0000363572
 -0.0000376619
  0.0000016335
 -0.0000241068
  0.0000154249
 -0.0000169405
  0.0000036481
 -0.0000102652
  0.0000137405
 -0.0000497988
 -0.0000281773
 -0.0000179696
 -0.0000341128
 -0.0000534878
 -0.0000093074
  0.0000272449
  0.0000247814
  0.0000371776
 -0.0000225917
 -0.0000123366
 -0.0000007829
  0.0000028533
 -0.0000005114
 -0.0000006363
  0.0000099826
  0.0000169658
  0.0000030932
  0.0000095828
 -0.0000004757
 -0.0000015708
  0.0000024990
  0.0000087971
  0.0000004206
 -0.0000006088
  0.0000026059
  0.0000025343
 -0.0000093240
 -0.0000125968
  0.0000032962
  0.0000216099
  0.0000227817
  0.0000232068
 -0.0000207388
  0.0000039912
  0.0000248305
 -0.0000215019
  0.0000212374
  0.0000055794
 -0.0000091059
  0.0000074140
  0.0000466683
  0.0000026949
  0.0000071102
 -0.0000761113
 -0.0000633703
 -0.0000387461
 -0.0000027835
 -0.0000001247
  0.0000375923
 -0.0000020395
  0.0000071391
 -0.0000128548
 -0.0000027647
  0.0000020974
  0.0000378509
  0.0000449572
  0.0000456896
 -0.0000005133
 -0.0000155787
  0.0000011292
  0.0000087626
  0.0000135714
 -0.0000266517
  0.0000030771
  0.0000033018
 -0.0000087980
 -0.0000517637
  0.0000003660
  0.0000266810
  0.0000007354
  0.0000029633
 -0.0000170715
 -0.0000132664
 -0.0000031023
  0.0000030957
 -0.0001033558
 -0.0000137998
 -0.0000043359
 -0.0000323760
 -0.0000003577
 -0.0001148926
 -0.0000576266
 -0.0001111490
 -0.0000804575
 -0.0000075748
 -0.0000187185
 -0.0000311644
 -0.0000805725
 -0.0000177285
 -0.0000134996
 -0.0000041817
 -0.0000068576
 -0.0000044219
 -0.0000041070
 -0.0000020096
 -0.0000107396
 -0.0000068552
 -0.0000023130
 -0.0000062753
 -0.0000048007
 -0.0000057748
 -0.0000022959
 -0.0000049814
 -0.0000043853
 -0.0000066504
 -0.0000007637
 -0.0000025112
 -0.0000091450
 -0.0000088901
 -0.0000199655
 -0.0000255834
 -0.0000125873
 -0.0000282107
 -0.0000115257
 -0.0000149203
  0.0000076329
 -0.0000024112
 -0.0000128702
 -0.0000070043
 -0.0000105486
 -0.0000042155
 -0.0000054104
 -0.0000106787
 -0.0000074876
 -0.0000018248
 -0.0000086615
 -0.0000047120
 -0.0000040094
 -0.0000037677
 -0.0000063955
 -0.0000080760
 -0.0000089632
 -0.0000075389
 -0.0000103828
 -0.0000086467
  0.0000004237
 -0.0000078512
 -0.0000074540
 -0.0000072379
 -0.0000097296
 -0.0000071094
 -0.0000036748
 -0.0000025378
 -0.0000054502
 -0.0000102102
 -0.0000010324
 -0.0000071256
 -0.0000084676
  0.0000091270
  0.0000130859
  0.0000146431
  0.0000124078
 -0.0000091321
  0.0000467239
 -0.0000707812
 -0.0000552841
 -0.0000540644
  0.0000232365
  0.0000195522
 -0.0000286615
 -0.0000404346
 -0.0000570715
 -0.0000463824
 -0.0000620015
  0.0000272652
 -0.0000751209
 -0.0000782572
  0.0000084561
  0.0000069641
  0.0000051080
  0.0000071350
  0.0000069584
  0.0000099522
  0.0000018857
  0.0000043942
  0.0000092300
  0.0000037423
  0.0000057786
  0.0000067887
  0.0000089276
  0.0000054452
  0.0000070094
  0.0000057820
 -0.0000535067
 -0.0000474144
 -0.0000559675
 -0.0000293466
 -0.0001177431
 -0.0000568933
  0.0000415147
 -0.0001108912
 -0.0000376831
  0.0000348306
  0.0000371965
 -0.0000485799
  0.0000287855
  0.0000070081
  0.0000120008
  0.0000056897
  0.0000041962
  0.0000156971
  0.0000026040
  0.0000260770
  0.0000323911
  0.0000387553
  0.0000038942
  0.0000068908
  0.0000083578
  0.0000082638
  0.0000037316
  0.0000094117
  0.0000107629
  0.0000038310
  0.0000082361
  0.0000048466
  0.0000056950
  0.0000025234
  0.0000369472
  0.0000011313
  0.0000050691
  0.0000054316
  0.0000075577
  0.0000016015
  0.0000068420
  0.0000381945
  0.0000384924
  0.0000029134
  0.0000115034
  0.0000122300
  0.0000043212
 -0.0000030335
  0.0000069076
  0.0000112391
  0.0000350310
 -0.0000407257
 -0.0001281223
  0.0000027343
  0.0000042059
  0.0000016423
  0.0000087151
  0.0000023376
  0.0000317067
  0.0000001887
  0.0000002658
 -0.0000001877
  0.0000010230
 -0.0000010561
  0.0000069906
 -0.0000034793
  0.0000099621
 -0.0000005214
  0.0000099289
 -0.0000022692
  0.0000036742
  0.0000245574
  0.0000054487
  0.0000034537
  0.0000108074
  0.0000113096
 -0.0000029378
  0.0000084412
 -0.0000009362
 -0.0000012733
 -0.0000000396
 -0.0000011914
  0.0000004808
 -0.0000017572
 -0.0000014176
 -0.0000018932
 -0.0000027017
  0.0000005963
 -0.0000000425
 -0.0000008520
  0.0000007231
 -0.0000002675
 -0.0000000037
 -0.0000008484
 -0.0000001520
  0.0000006021
  0.0000044308
 -0.0000023886
  0.0000022457
  0.0000063572
  0.0000022074
  0.0000007200
  0.0000034710
  0.0000018936
  0.0000009000
  0.0000012110
 -0.0000003363
 -0.0000017458
 -0.0000015568
 -0.0000006710
  0.0000008388
 -0.0000039240
 -0.0000049293
  0.0000012927
  0.0000007120
  0.0000016551
  0.0000002118
  0.0000033559
 -0.0000007173
 -0.0000008180
  0.0000026202
 -0.0000015940
  0.0000026186
 -0.0000001425
  0.0000033060
  0.0000003577
 -0.0000011635
 -0.0000031747
  0.0000030217
  0.0000022699
 -0.0000003833
  0.0000009100
  0.0000030461
 -0.0000024961
  0.0000022003
  0.0000006913
  0.0000094838
  0.0000032163
  0.0000061926
  0.0000115295
  0.0000075903
 -0.0000010379
  0.0000086619
  0.0000235428
 -0.0000055337
 -0.0000049882
 -0.0000355099
 -0.0000071605
 -0.0000127325
 -0.0000571178
  0.0000097359
 -0.0000210920
  0.0000153714
 -0.0000185697
 -0.0000290425
 -0.0000083981
 -0.0000122843
 -0.0000046340
  0.0000214441
  0.0000271359
  0.0000239913
  0.0000211972
  0.0000322883
  0.0000444169
  0.0000272150
  0.0000320359
  0.0000166715
  0.0000199093
  0.0000270795
  0.0000310815
  0.0000186725
  0.0000224351
  0.0000270316
  0.0000287991
 -0.0000027366
 -0.0000406949
  0.0000267194
 -0.0000059603
  0.0000451236
  0.0000199767
  0.0000261051
 -0.0000093827
  0.0000012036
 -0.0000068748
  0.0000042785
 -0.0000116631
  0.0000288316
  0.0000301865
  0.0000167292
  0.0000174104
 -0.0000764313
 -0.0000677703
 -0.0000506609
  0.0000148466
  0.0000161624
  0.0000315713
  0.0000194849
  0.0000241148
 -0.0000170384
  0.0000141986
  0.0000046869
  0.0000237143
  0.0000326247
  0.0000305222
 -0.0000008166
 -0.0000044751
  0.0000049159
  0.0000304434
  0.0000354479
 -0.0000354166
  0.0000094806
  0.0000150060
 -0.0000059415
 -0.0000546631
  0.0000240000
  0.0000421574
  0.0000069665
  0.0000235087
 -0.0000030781
  0.0000433445
  0.0000050012
  0.0000014673
  0.0000037034
 -0.0000035969
  0.0000015826
  0.0000033060
 -0.0000024846
  0.0000023027
  0.0000081063
  0.0000011181
  0.0000085396
  0.0000061909
  0.0000077599
  0.0000047298
  0.0000298223
 -0.0000039059
 -0.0000002809
  0.0000037573
 -0.0000003962
 -0.0000025455
 -0.0000002999
 -0.0000005413
 -0.0000025227
 -0.0000031887
 -0.0000001414
 -0.0000018513
 -0.0000057921
 -0.0000037508
 -0.0000019981
  0.0000017604
 -0.0000058223
 -0.0000021216
 -0.0000023958
  0.0000009202
  0.0000068876
  0.0000051396
  0.0000015508
  0.0000037557
 -0.0000043737
  0.0000039930
 -0.0000009728
  0.0000065372
  0.0000017468
 -0.0000017701
 -0.0000015028
 -0.0000069272
  0.0000042281
 -0.0000045690
 -0.0000024586
  0.0000043324
 -0.0000006873
 -0.0000045632
  0.0000007192
 -0.0000000391
  0.0000015593
  0.0000010451
  0.0000010730
 -0.0000017063
 -0.0000039933
 -0.0000004999
 -0.0000056384
  0.0000005050
  0.0000005577
 -0.0000018337
  0.0000010468
 -0.0000049702
 -0.0000002917
 -0.0000010788
 -0.0000018963
 -0.0000023139
 -0.0000006437
 -0.0000020690
 -0.0000026594
 -0.0000012761
 -0.0000034461
 -0.0000086727
 -0.0000061625
 -0.0000385038
 -0.0000385312
 -0.0000344490
 -0.0000580767
 -0.0000594598
 -0.0000616232
 -0.0000615924
 -0.0000308789
 -0.0000306935
 -0.0000594532
 -0.0000664242
 -0.0000672307
 -0.0000669103
 -0.0000667983
 -0.0000715636
 -0.0000744125
 -0.0000673272
 -0.0000721978
 -0.0000673544
 -0.0000652004
 -0.0000671518
 -0.0000717059
 -0.0000642971
 -0.0000663449
 -0.0000671627
 -0.0000314709
 -0.0000316157
 -0.0000312077
 -0.0000267862
 -0.0000646869
 -0.0000290367
 -0.0000530448
 -0.0000303774
 -0.0000281259
 -0.0000321137
 -0.0000339167
 -0.0000309898
 -0.0000647381
 -0.0000940919
 -0.0000672138
 -0.0000859753
 -0.0000312029
 -0.0000234443
 -0.0000760560
 -0.0000689758
 -0.0000680137
 -0.0000762607
 -0.0000721888
 -0.0000851821
 -0.0000770225
 -0.0000812055
 -0.0000309702
 -0.0000351847
 -0.0000818279
 -0.0000855250
 -0.0000800035
 -0.0000725517
 -0.0000581884
 -0.0000337941
 -0.0000676027
 -0.0000682725
 -0.0000766784
 -0.0000291438
 -0.0000685931
 -0.0000589239
 -0.0000773308
 -0.0000213044
 -0.0000746990
 -0.0000287608
 -0.0000734873
  0.0000209896
  0.0000165393
  0.0000380843
  0.0000331343
  0.0000496343
 -0.0000186219
 -0.0000239263
 -0.0000151192
 -0.0000258625
 -0.0000414505
 -0.0000276806
  0.0000277062
  0.0000260639
  0.0000366344
 -0.0000191283
 -0.0000198791
 -0.0000104606
 -0.0000087049
 -0.0000087762
 -0.0000088363
 -0.0000139868
 -0.0000186304
 -0.0000086521
 -0.0000148241
 -0.0000117480
 -0.0000074423
 -0.0000086967
 -0.0000138599
 -0.0000086479
 -0.0000097841
 -0.0000086764
  0.0000057969
  0.0000363569
  0.0000086356
  0.0000263180
  0.0000298839
  0.0000294377
 -0.0000115884
  0.0000098750
  0.0000232570
  0.0000379267
  0.0000281532
  0.0000183951
 -0.0000324934
 -0.0000087942
 -0.0000335702
  0.0000550135
  0.0000743588
 -0.0000435897
 -0.0000365153
 -0.0000344687
 -0.0000088932
 -0.0000059962
 -0.0000326704
 -0.0000154964
 -0.0000187476
 -0.0000242613
  0.0000503872
  0.0000569490
 -0.0000271688
 -0.0000334649
 -0.0000264995
  0.0000154775
 -0.0000189231
  0.0000640415
 -0.0000086980
 -0.0000101874
 -0.0000319452
  0.0000672440
  0.0000001253
 -0.0000175336
 -0.0000317795
  0.0000618278
 -0.0000192491
  0.0000467167
 -0.0000134666
  0.0000042986
  0.0000030331
 -0.0000032914
  0.0000065981
  0.0000104331
  0.0000477855
 -0.0001579190
 -0.0001251566
 -0.0000001792
 -0.0000111637
 -0.0000004533
  0.0000005721
 -0.0000019492
  0.0000439043
 -0.0000012495
 -0.0000027336
  0.0000016407
 -0.0000049036
 -0.0000010477
 -0.0000011944
  0.0000035557
 -0.0000009308
 -0.0000067516
  0.0000157501
  0.0000080510
  0.0000091795
 -0.0000076383
 -0.0000057651
 -0.0000144672
 -0.0000050217
  0.0000038856
  0.0000016885
  0.0000415038
  0.0000069431
 -0.0000061309
 -0.0000047893
 -0.0000054268
  0.0000015708
 -0.0000001286
  0.0000009067
 -0.0000000705
 -0.0000003868
  0.0000002170
 -0.0000013761
  0.0000008338
  0.0000008139
 -0.0000011809
 -0.0000002007
 -0.0000005490
  0.0000005948
 -0.0000002076
 -0.0000010670
  0.0000006055
  0.0000037964
  0.0000032777
  0.0000025586
  0.0000050469
  0.0000024033
 -0.0000016273
  0.0000063036
  0.0000025757
 -0.0000013780
  0.0000022403
  0.0000049992
  0.0000023624
  0.0000038116
 -0.0000022892
  0.0000006316
  0.0000016614
 -0.0000041822
 -0.0000002849
  0.0000008480
  0.0000022571
 -0.0000028386
 -0.0000022141
 -0.0000000460
 -0.0000010195
  0.0000021462
  0.0000037111
 -0.0000020119
 -0.0000011891
 -0.0000003618
 -0.0000054259
  0.0000030825
  0.0000018769
  0.0000013676
 -0.0000047780
  0.0000010488
 -0.0000017376
 -0.0000025853
  0.0000025930
 -0.0000035478
  0.0000011130
  0.0000011703
  0.0000046668
 -0.0000001294
  0.0000000511
  0.0000056899
  0.0000062405
  0.0000296975
  0.0000120220
  0.0000155979
  0.0000245425
  0.0000212706
  0.0000134484
  0.0000078787
 -0.0000053996
 -0.0000037868
 -0.0000036916
 -0.0000057536
 -0.0000030737
 -0.0000004680
 -0.0000038082
 -0.0000034235
 -0.0000059131
 -0.0000044799
 -0.0000037098
 -0.0000033364
 -0.0000059217
 -0.0000047041
 -0.0000037655
  0.0000137260
  0.0000157311
  0.0000133224
  0.0000298492
  0.0000111280
  0.0000160396
  0.0000217627
  0.0000148314
  0.0000078054
  0.0000202984
  0.0000114003
 -0.0000026343
  0.0000098874
 -0.0000034397
  0.0000052739
 -0.0000097439
  0.0000100723
  0.0000150031
  0.0000171761
  0.0000099652
 -0.0000074808
 -0.0000036366
 -0.0000014212
 -0.0000079983
  0.0000064866
 -0.0000099729
  0.0000032270
  0.0000051083
 -0.0000096012
  0.0000095542
 -0.0000030256
 -0.0000026246
 -0.0000014697
  0.0000094808
  0.0000044973
  0.0000020337
  0.0000097309
  0.0000031815
  0.0000005499
 -0.0000079229
 -0.0000070779
  0.0000071020
 -0.0000081418
 -0.0000011792
 -0.0000565336
  0.0001033846
  0.0000075989
 -0.0000037709
  0.0000407123
 -0.0000023474
 -0.0000926676
  0.0000116121
  0.0000284902
 -0.0000857152
 -0.0000329050
 -0.0000310764
 -0.0000900119
 -0.0000592758
  0.0000342793
  0.0000065489
 -0.0000591500
  0.0000188790
 -0.0000003405
 -0.0000283837
 -0.0000009035
  0.0000021683
  0.0000287475
  0.0000057022
 -0.0000010839
  0.0000061516
  0.0000061689
 -0.0000006672
 -0.0000018949
  0.0000004533
  0.0000013977
  0.0000014209
  0.0000031008
  0.0000003695
  0.0000017389
  0.0000030953
  0.0000051416
 -0.0000007943
  0.0000077785
  0.0000231856
  0.0000208086
  0.0000283332
  0.0000228260
  0.0000137213
  0.0000390366
  0.0000111666
  0.0000291475
  0.0000263255
  0.0000188602
  0.0000132587
  0.0000200640
  0.0000052474
 -0.0000005545
 -0.0000071427
  0.0000032751
  0.0000006878
 -0.0000054341
 -0.0000006206
 -0.0000000846
  0.0000033171
 -0.0000060285
 -0.0000067137
 -0.0000060049
 -0.0000058257
 -0.0000048253
 -0.0000033880
 -0.0000124379
 -0.0000060966
 -0.0000021922
 -0.0000033310
 -0.0000011802
  0.0000005045
  0.0000014209
  0.0000009673
 -0.0000064744
 -0.0000079674
 -0.0000017233
 -0.0000004733
  0.0000046355
  0.0000012574
 -0.0000050352
 -0.0000123315
 -0.0000051568
 -0.0000001461
 -0.0000036145
 -0.0000008418
  0.0000057507
  0.0000111931
  0.0000229589
 -0.0000061008
  0.0000126396
  0.0000043980
  0.0000441541
  0.0000233501
  0.0000330263
  0.0000099856
  0.0000243514
  0.0000315622
  0.0000037250
  0.0000106335
 -0.0000038370
 -0.0000038671
 -0.0000038531
 -0.0000038227
 -0.0000050361
 -0.0000068312
 -0.0000040140
 -0.0000053196
 -0.0000019627
 -0.0000036956
 -0.0000037699
 -0.0000047802
 -0.0000042699
 -0.0000038390
 -0.0000038285
  0.0000064215
 -0.0000081416
  0.0000066217
  0.0000130030
 -0.0000044982
  0.0000184007
 -0.0000000655
  0.0000066226
  0.0000077017
  0.0000031437
 -0.0000101723
 -0.0000109813
  0.0000108933
  0.0000004654
 -0.0000022614
  0.0000011348
 -0.0000047435
 -0.0000029019
  0.0000030657
  0.0000014018
  0.0000005577
  0.0000000240
  0.0000043524
 -0.0000034423
 -0.0000022237
 -0.0000044364
  0.0000016776
  0.0000000080
 -0.0000032314
 -0.0000020986
 -0.0000067852
  0.0000036254
 -0.0000051302
 -0.0000023416
  0.0000027336
 -0.0000034538
 -0.0000013329
  0.0000037247
 -0.0000028712
  0.0000008852
  0.0000025127
 -0.0000053994
 -0.0000016887
 -0.0000817441
  0.0000171945
  0.0000073940
 -0.0000010399
  0.0000135740
  0.0000062615
 -0.0000122665
  0.0000031790
 -0.0000051930
  0.0000108267
  0.0000063784
  0.0000023951
 -0.0000636638
  0.0000109419
  0.0000142038
  0.0000045316
  0.0000005523
 -0.0000017769
  0.0000001281
  0.0000005262
  0.0000026081
 -0.0000038970
 -0.0000024746
  0.0000016675
 -0.0000016477
 -0.0000002789
 -0.0000001553
  0.0000014253
 -0.0000004356
  0.0000006185
 -0.0000011115
  0.0000174628
  0.0000043279
 -0.0000029734
  0.0000107459
  0.0000049039
  0.0000035986
  0.0000165438
  0.0000013226
  0.0000064861
  0.0000012263
  0.0000033238
  0.0000094863
  0.0000147326
  0.0000022165
  0.0000003691
 -0.0000019406
 -0.0000017749
 -0.0000006699
  0.0000005357
  0.0000030557
  0.0000033206
  0.0000042363
 -0.0000038805
 -0.0000001223
  0.0000042771
  0.0000009833
 -0.0000031794
 -0.0000052433
 -0.0000008183
  0.0000029837
 -0.0000025400
 -0.0000040089
  0.0000033581
 -0.0000029525
 -0.0000020051
 -0.0000023602
  0.0000005282
 -0.0000018674
  0.0000008872
  0.0000032932
  0.0000032926
 -0.0000045357
  0.0000062094
 -0.0000040446
 -0.0000037521
  0.0000086413
  0.0000048985
  0.0000120066
  0.0000454184
 -0.0001563289
 -0.0001301766
  0.0000038637
 -0.0000115544
  0.0000030742
  0.0000080548
  0.0000028629
  0.0000411724
  0.0000029122
  0.0000031697
  0.0000020055
 -0.0000083691
  0.0000028079
  0.0000016143
  0.0000004324
  0.0000040206
 -0.0000013647
  0.0000131131
  0.0000008588
  0.0000113694
 -0.0000060821
 -0.0000019392
 -0.0000169327
 -0.0000032910
  0.0000075326
  0.0000047027
  0.0000334211
  0.0000093859
  0.0000000076
  0.0000010720
  0.0000006409
  0.0000011507
 -0.0000005727
 -0.0000001902
 -0.0000005702
 -0.0000006641
 -0.0000026250
 -0.0000029061
 -0.0000011643
 -0.0000008298
  0.0000015552
 -0.0000004211
 -0.0000007213
 -0.0000016292
 -0.0000005634
 -0.0000000014
 -0.0000004705
  0.0000056151
  0.0000019967
 -0.0000011128
 -0.0000054134
 -0.0000044353
  0.0000020836
  0.0000025165
  0.0000029671
 -0.0000040386
 -0.0000012202
 -0.0000010860
 -0.0000002572
 -0.0000001042
 -0.0000009190
  0.0000005578
  0.0000013717
 -0.0000023923
  0.0000008131
  0.0000045007
  0.0000013140
  0.0000000421
  0.0000031365
 -0.0000016401
  0.0000020063
 -0.0000010374
  0.0000001406
  0.0000004153
 -0.0000010294
  0.0000012713
  0.0000017366
 -0.0000013407
 -0.0000034863
 -0.0000008407
  0.0000029305
  0.0000015797
 -0.0000005873
  0.0000009576
  0.0000021294
  0.0000020070
  0.0000002314
 -0.0000010929
  0.0000000996
 -0.0000027102
  0.0000039811
  0.0000026249
  0.0000068658
  0.0000018826
 -0.0000729459
 -0.0000089338
 -0.0000315727
  0.0000054688
 -0.0000301085
 -0.0001071146
  0.0000053197
 -0.0000998246
 -0.0000611329
 -0.0001077988
 -0.0000777135
 -0.0000058502
 -0.0000093941
 -0.0000299557
 -0.0000467893
 -0.0000172011
 -0.0000131434
  0.0000041585
  0.0000087223
  0.0000029547
  0.0000041261
  0.0000021967
  0.0000066262
  0.0000082103
  0.0000019766
  0.0000015593
  0.0000038701
  0.0000067675
  0.0000025202
  0.0000038927
  0.0000040322
  0.0000079110
  0.0000026837
  0.0000122708
 -0.0000044506
 -0.0000001514
 -0.0000190127
  0.0000350329
 -0.0000160351
 -0.0000042600
 -0.0000175293
  0.0000049901
 -0.0000088537
  0.0000143010
  0.0000065971
  0.0000053279
  0.0000073247
  0.0000064083
  0.0000062554
  0.0000111965
  0.0000073395
  0.0000066860
  0.0000010902
  0.0000010851
  0.0000069009
  0.0000045694
  0.0000081566
  0.0000026327
  0.0000106008
  0.0000034575
  0.0000041763
  0.0000093932
  0.0000042871
  0.0000014882
  0.0000006956
  0.0000008606
  0.0000072861
  0.0000063416
  0.0000061868
  0.0000058964
  0.0000051014
  0.0000014979
  0.0000060090
  0.0000123736
  0.0000071262
  0.0000014849
  0.0000012131
 -0.0000213562
 -0.0002012126
  0.0000023601
 -0.0001087305
 -0.0000042263
  0.0000189622
 -0.0000065730
 -0.0000030224
 -0.0000018720
  0.0000015087
  0.0000023070
  0.0000000172
 -0.0000019368
  0.0000355931
  0.0000164392
  0.0000313848
  0.0000294628
  0.0000152851
 -0.0000841687
 -0.0000034399
  0.0000181548
 -0.0000017199
 -0.0000040649
  0.0000002684
 -0.0000069466
  0.0000033195
 -0.0000041790
 -0.0000061298
 -0.0000010924
 -0.0000036930
 -0.0000003510
 -0.0000077943
 -0.0000058039
 -0.0000009174
 -0.0000019908
 -0.0000022316
 -0.0000021317
 -0.0000009066
 -0.0000020596
 -0.0000047093
 -0.0000048555
 -0.0000063329
 -0.0000056890
  0.0000115447
  0.0000062367
 -0.0000040445
  0.0000050523
 -0.0000066379
 -0.0000022822
  0.0000053394
  0.0000034716
 -0.0000011077
 -0.0000005251
 -0.0000028316
 -0.0000074967
 -0.0000035492
  0.0000042818
 -0.0000123384
 -0.0000036323
 -0.0000004363
 -0.0000013918
 -0.0000002512
 -0.0000000286
 -0.0000106785
 -0.0000056395
 -0.0000024474
 -0.0000041953
 -0.0000033460
 -0.0000021795
 -0.0000006454
  0.0000009356
 -0.0000029079
 -0.0000114242
 -0.0000009392
  0.0000006623
 -0.0000044616
 -0.0000051287
  0.0000011121
  0.0000003937
 -0.0000012452
 -0.0000050325
 -0.0000025128
 -0.0000097310
  0.0000026711
 -0.0000125043
 -0.0000010833
  0.0000068894
 -0.0000898247
 -0.0000156861
 -0.0000777871
 -0.0000210981
  0.0000143721
 -0.0000686712
 -0.0000620791
 -0.0000647615
 -0.0000681701
  0.0000012367
  0.0000066589
  0.0000077195
  0.0000065033
  0.0000064079
  0.0000089488
  0.0000113921
  0.0000077226
  0.0000085946
  0.0000059887
  0.0000058830
  0.0000077602
  0.0000086480
  0.0000070375
  0.0000063765
  0.0000077249
 -0.0000941608
 -0.0000619796
 -0.0000680940
 -0.0000668827
 -0.0000453762
 -0.0000562613
 -0.0000622703
 -0.0000756487
 -0.0000625220
 -0.0000622041
 -0.0000712939
 -0.0000595519
 -0.0000712324
  0.0000053884
  0.0000225178
  0.0000084805
  0.0000256171
  0.0000085913
  0.0000054989
  0.0000115092
  0.0000190940
  0.0000099387
  0.0000042707
  0.0000073017
  0.0000155658
  0.0000046337
  0.0000211462
  0.0000047724
 -0.0000033095
  0.0000239155
  0.0000221736
  0.0000248996
 -0.0000008281
  0.0000141487
 -0.0000027194
  0.0000091967
  0.0000105977
  0.0000184896
  0.0000008485
  0.0000099555
  0.0000134493
  0.0000121374
  0.0000006131
  0.0000138651
  0.0000079981
  0.0000050834
  0.0000117424
  0.0000111523
  0.0000344225
 -0.0000531145
 -0.0001286770
  0.0000016523
  0.0000040619
  0.0000008648
  0.0000077379
  0.0000021998
  0.0000314843
  0.0000009938
  0.0000001593
  0.0000010339
  0.0000004745
  0.0000000290
  0.0000097019
  0.0000047673
 -0.0000031210
  0.0000101278
  0.0000001767
  0.0000078576
 -0.0000011806
  0.0000059886
 -0.0000065386
  0.0000238271
  0.0000058827
  0.0000015055
  0.0000094675
 -0.0000015580
 -0.0000028569
 -0.0000105852
 -0.0000008261
 -0.0000013919
  0.0000009969
 -0.0000022835
  0.0000014497
 -0.0000026587
 -0.0000025152
 -0.0000003433
  0.0000003689
  0.0000010841
  0.0000003579
  0.0000028752
  0.0000000630
 -0.0000010918
  0.0000004273
  0.0000005647
 -0.0000012297
  0.0000012168
  0.0000045457
  0.0000026894
 -0.0000022327
  0.0000031529
 -0.0000001438
 -0.0000003611
  0.0000010205
  0.0000031330
 -0.0000037033
  0.0000030974
  0.0000031493
  0.0000008599
  0.0000049529
 -0.0000036677
 -0.0000035653
 -0.0000010647
 -0.0000029530
 -0.0000018984
  0.0000015202
  0.0000013181
 -0.0000018248
 -0.0000007721
 -0.0000006004
 -0.0000006970
  0.0000006557
 -0.0000011049
  0.0000034753
  0.0000019641
 -0.0000000205
  0.0000004301
  0.0000006832
 -0.0000041350
  0.0000024462
 -0.0000014810
  0.0000040930
 -0.0000004365
 -0.0000023923
  0.0000023120
 -0.0000008345
  0.0000013062
 -0.0000015635
  0.0000008174
 -0.0000035146
 -0.0000028000
  0.0000099877
  0.0000493057
 -0.0001006902
 -0.0000839228
 -0.0000881383
 -0.0000925639
 -0.0000150362
 -0.0000936985
  0.0000467158
 -0.0000051824
  0.0000343914
  0.0000262254
 -0.0000921033
 -0.0000829075
  0.0000026551
  0.0000026889
  0.0000023646
  0.0000021353
  0.0000024015
  0.0000033987
  0.0000022895
  0.0000019351
  0.0000045725
  0.0000021941
  0.0000025622
  0.0000023849
  0.0000021626
  0.0000023571
  0.0000028439
  0.0000196990
  0.0000145858
 -0.0000796691
 -0.0000059002
 -0.0000440255
 -0.0000752020
 -0.0000816171
  0.0000129855
 -0.0000786391
 -0.0000735716
  0.0000052428
 -0.0000735224
  0.0000077680
  0.0000277232
  0.0000033254
  0.0000052736
 -0.0000001061
  0.0000085694
  0.0000251684
  0.0000201131
  0.0000027309
  0.0000000248
  0.0000027848
 -0.0000013909
  0.0000011952
 -0.0000009889
  0.0000234752
 -0.0000038967
  0.0000030208
  0.0000104923
  0.0000015728
  0.0000054662
  0.0000036855
 -0.0000525348
  0.0000026111
  0.0000035433
  0.0000057838
  0.0000249981
  0.0000049424
  0.0000071580
 -0.0000202298
  0.0000254106
  0.0000029181
  0.0000044581
 -0.0000041573
  0.0000009386
  0.0000111119
  0.0000253018
 -0.0000432739
 -0.0001283603
 -0.0000018475
  0.0000048148
  0.0000013986
  0.0000037528
 -0.0000000792
  0.0000242241
  0.0000014019
  0.0000001365
  0.0000020631
 -0.0000141690
  0.0000005433
 -0.0000014404
  0.0000132258
  0.0000043708
 -0.0000039608
  0.0000058471
  0.0000059524
  0.0000015695
  0.0000015278
  0.0000062253
 -0.0000085597
  0.0000250743
  0.0000048285
 -0.0000018388
  0.0000032630
 -0.0000030361
  0.0000028027
 -0.0000020537
 -0.0000029179
  0.0000010514
  0.0000008493
  0.0000010532
  0.0000008475
  0.0000007584
  0.0000000558
  0.0000014922
  0.0000005851
 -0.0000006064
  0.0000002431
 -0.0000021127
  0.0000011114
 -0.0000011316
 -0.0000016572
 -0.0000002942
  0.0000014316
  0.0000017998
  0.0000029820
 -0.0000013083
 -0.0000061246
 -0.0000033831
  0.0000012794
  0.0000027324
  0.0000020190
 -0.0000032039
  0.0000001866
 -0.0000018349
 -0.0000015747
  0.0000020445
 -0.0000003660
 -0.0000021365
  0.0000011607
 -0.0000023406
 -0.0000029046
  0.0000006048
  0.0000017497
 -0.0000014661
 -0.0000016803
 -0.0000000597
  0.0000010762
 -0.0000006158
  0.0000009628
 -0.0000004905
  0.0000003922
 -0.0000008124
  0.0000023951
  0.0000006634
 -0.0000024370
 -0.0000014409
  0.0000018500
 -0.0000012739
  0.0000013321
 -0.0000009407
 -0.0000009780
 -0.0000001590
 -0.0000000120
  0.0000034567
  0.0000176563
  0.0000352097
 -0.0001394581
 -0.0000011463
  0.0000096934
  0.0000001343
  0.0000045496
  0.0000197200
 -0.0000003475
 -0.0000007729
 -0.0000003923
 -0.0000012882
  0.0000130975
 -0.0000040198
  0.0000081975
  0.0000033625
  0.0000060250
  0.0000160966
  0.0000047030
 -0.0000013612
  0.0000038232
  0.0000168280
 -0.0000037224
  0.0000003189
 -0.0000018506
 -0.0000025499
 -0.0000001897
 -0.0000012984
 -0.0000032928
  0.0000013434
 -0.0000008479
  0.0000025013
 -0.0000002750
 -0.0000039671
  0.0000004854
  0.0000003420
  0.0000007335
  0.0000009547
  0.0000004422
  0.0000011069
 -0.0000017810
 -0.0000022104
  0.0000037297
 -0.0000024012
  0.0000022474
  0.0000057902
  0.0000018445
 -0.0000011712
  0.0000036142
  0.0000016217
  0.0000005706
  0.0000003255
 -0.0000006349
 -0.0000021383
 -0.0000046753
 -0.0000007142
 -0.0000012254
 -0.0000042794
 -0.0000049588
  0.0000019568
  0.0000028928
  0.0000000404
 -0.0000006556
 -0.0000002273
  0.0000024700
  0.0000002769
 -0.0000021655
  0.0000037554
  0.0000005273
  0.0000010215
  0.0000018662
 -0.0000013749
 -0.0000026815
 -0.0000018659
 -0.0000028842
  0.0000004318
 -0.0000028402
  0.0000025323
 -0.0000021604
  0.0000039787
  0.0000017094
  0.0000110194
  0.0000430962
  0.0000021743
  0.0000208133
  0.0000057165
 -0.0000011721
 -0.0000033817
  0.0000184758
  0.0000045595
  0.0000062403
 -0.0000022341
  0.0000062719
  0.0000002766
  0.0000069299
  0.0000008892
  0.0000050524
  0.0000035245
  0.0000042056
  0.0000067277
  0.0000030369
  0.0000001643
 -0.0000221403
  0.0000003423
  0.0000051295
  0.0000059509
 -0.0000004349
  0.0000166965
  0.0000042857
  0.0000090078
  0.0000065760
  0.0000023272
  0.0000010225
 -0.0000001696
  0.0000018716
 -0.0000002154
 -0.0000003375
 -0.0000016892
  0.0000010316
  0.0000003318
 -0.0000004105
 -0.0000000123
 -0.0000017252
  0.0000007072
 -0.0000001473
 -0.0000019944
 -0.0000001688
  0.0000024157
  0.0000017282
  0.0000004570
 -0.0000030330
  0.0000024626
  0.0000046723
  0.0000047833
  0.0000012593
  0.0000009543
 -0.0000009928
 -0.0000000710
  0.0000004295
 -0.0000051483
  0.0000002949
 -0.0000002349
  0.0000006441
 -0.0000030228
 -0.0000031534
  0.0000003224
  0.0000012015
 -0.0000019157
 -0.0000023443
 -0.0000004715
 -0.0000011706
  0.0000041070
  0.0000015382
  0.0000008797
  0.0000030448
  0.0000018108
  0.0000013334
  0.0000005156
  0.0000048680
  0.0000017570
 -0.0000009921
  0.0000003203
 -0.0000033095
 -0.0000020080
  0.0000001955
 -0.0000018978
  0.0000148690
  0.0000134875
  0.0000291294
 -0.0001291598
  0.0000005000
  0.0000110263
  0.0000054003
 -0.0000032639
 -0.0000053539
  0.0000155493
  0.0000028832
  0.0000060014
 -0.0000024546
 -0.0000182300
  0.0000062018
 -0.0000025467
  0.0000065088
  0.0000010683
  0.0000051686
  0.0000047340
  0.0000054638
  0.0000053296
  0.0000030617
  0.0000010561
 -0.0000121187
  0.0000172761
  0.0000021700
  0.0000047124
  0.0000012151
 -0.0000010325
  0.0000044615
  0.0000003449
  0.0000059566
  0.0000008256
 -0.0000021688
 -0.0000013433
 -0.0000008419
 -0.0000014080
 -0.0000017863
 -0.0000004309
 -0.0000006066
 -0.0000006465
 -0.0000006624
 -0.0000019294
 -0.0000014777
 -0.0000021022
 -0.0000007014
 -0.0000014285
 -0.0000023707
 -0.0000012305
 -0.0000012306
  0.0000021350
  0.0000022444
 -0.0000049741
 -0.0000009056
  0.0000016988
  0.0000043392
 -0.0000004204
 -0.0000029388
 -0.0000007120
  0.0000013890
 -0.0000014374
 -0.0000012290
  0.0000019961
 -0.0000025987
  0.0000018237
 -0.0000016074
  0.0000028788
  0.0000015379
  0.0000006474
 -0.0000001666
  0.0000003026
  0.0000000853
 -0.0000009619
 -0.0000004281
 -0.0000032987
  0.0000006752
 -0.0000053277
 -0.0000012784
 -0.0000050381
  0.0000005868
  0.0000022890
 -0.0000015628
  0.0000004086
  0.0000017296
  0.0000027548
 -0.0000006739
 -0.0000025066
 -0.0000016331
 -0.0000006382
 -0.0001104473
 -0.0000857805
  0.0000167715
 -0.0001595221
  0.0000129900
 -0.0000037471
  0.0000052898
 -0.0000787934
 -0.0000047252
  0.0000163348
 -0.0000025728
  0.0000070495
 -0.0000467611
  0.0000013696
 -0.0000136053
  0.0000060776
  0.0000069715
  0.0000067881
 -0.0000013409
 -0.0000900173
  0.0000107291
  0.0000134958
  0.0000095127
  0.0000034857
 -0.0000024718
  0.0000021544
  0.0000035295
 -0.0000016128
 -0.0000017815
 -0.0000006838
 -0.0000004515
  0.0000034934
  0.0000021345
 -0.0000027220
 -0.0000001070
  0.0000041526
  0.0000034260
 -0.0000032665
  0.0000167308
 -0.0000106032
  0.0000042251
  0.0000176807
 -0.0000065537
  0.0000021227
 -0.0000022688
  0.0000044759
  0.0000094892
  0.0000052216
  0.0000047934
 -0.0000126770
 -0.0000130750
  0.0000199638
 -0.0000060291
  0.0000127651
  0.0000075426
  0.0000027188
 -0.0000058703
  0.0000019833
 -0.0000108618
  0.0000033674
 -0.0000005576
 -0.0000010417
 -0.0000051458
 -0.0000054641
 -0.0000045035
 -0.0000046416
 -0.0000003058
 -0.0000066514
 -0.0000000924
 -0.0000035610
  0.0000009073
 -0.0000016036
 -0.0000007294
 -0.0000005631
 -0.0000053669
 -0.0000068807
 -0.0000001934
  0.0000052358
  0.0000043683
  0.0000008254
 -0.0000030192
 -0.0000047480
 -0.0000140044
 -0.0000026836
  0.0000209338
  0.0000369001
  0.0000019741
  0.0000080817
  0.0000019345
  0.0000072919
  0.0000212191
  0.0000003449
 -0.0000015628
 -0.0000035325
 -0.0000003788
  0.0000098068
 -0.0000047129
  0.0000017081
  0.0000091338
  0.0000059311
  0.0000029385
  0.0000027977
  0.0000017301
 -0.0000045951
  0.0000049984
 -0.0000023802
 -0.0000017836
 -0.0000016838
 -0.0000004435
 -0.0000038927
 -0.0000016914
 -0.0000022779
 -0.0000014222
  0.0000023842
 -0.0000014837
 -0.0000044511
 -0.0000026263
 -0.0000047261
 -0.0000013359
 -0.0000024649
 -0.0000017236
 -0.0000024210
  0.0000058589
  0.0000063144
 -0.0000043416
  0.0000002640
 -0.0000036297
 -0.0000011196
  0.0000042487
  0.0000028945
 -0.0000026387
 -0.0000004319
 -0.0000055926
 -0.0000067811
 -0.0000021652
 -0.0000032722
  0.0000034414
  0.0000010083
 -0.0000042985
  0.0000017635
  0.0000001225
 -0.0000047179
 -0.0000006072
 -0.0000002279
 -0.0000000732
  0.0000014458
  0.0000000380
 -0.0000034491
 -0.0000013739
 -0.0000004898
  0.0000001656
 -0.0000050503
 -0.0000024126
 -0.0000039659
 -0.0000052836
  0.0000003452
 -0.0000012063
 -0.0000027540
 -0.0000036069
  0.0000025078
 -0.0000029312
 -0.0000005797
 -0.0000005805
 -0.0000157982
 -0.0000116360
  0.0000019298
 -0.0000003013
  0.0000008469
 -0.0000157736
 -0.0001055627
 -0.0000997085
 -0.0001010327
 -0.0001069717
 -0.0000915371
 -0.0000848149
 -0.0000996524
 -0.0000897398
 -0.0001128334
 -0.0001100686
 -0.0001002584
 -0.0000923211
 -0.0001129835
 -0.0001013135
 -0.0000997787
 -0.0000109570
  0.0000045977
 -0.0000132888
 -0.0000022297
  0.0000001012
  0.0000071584
  0.0000101006
 -0.0000168236
 -0.0000050077
  0.0000052161
 -0.0000132364
 -0.0000016460
 -0.0001859096
 -0.0000770946
 -0.0001121368
 -0.0000902710
 -0.0002556906
 -0.0002440989
 -0.0000240111
 -0.0000114714
 -0.0000152012
 -0.0002032166
 -0.0001865432
 -0.0000845194
 -0.0001473402
 -0.0000448325
 -0.0002494638
 -0.0002574102
 -0.0001311241
 -0.0000842700
 -0.0000973567
 -0.0002124831
 -0.0000136544
 -0.0002534367
 -0.0001044994
 -0.0000995137
 -0.0000426962
 -0.0002472112
 -0.0001670435
 -0.0000158379
 -0.0000613816
 -0.0002371608
 -0.0000993993
 -0.0002444950
 -0.0001438441
  0.0000003081
 -0.0000001500
  0.0000008831
  0.0000013503
 -0.0000018165
 -0.0000050457
  0.0000003251
 -0.0000026014
  0.0000022523
  0.0000016089
  0.0000003393
 -0.0000022865
  0.0000017607
  0.0000008791
 -0.0000000697
  0.0000061011
  0.0000065882
  0.0000100292
  0.0000133010
  0.0000023494
  0.0000209679
 -0.0000000885
  0.0000047849
  0.0000080428
  0.0000035239
  0.0000025134
  0.0000070175
  0.0000018967
  0.0000030684
 -0.0000013967
  0.0000090958
  0.0000012789
 -0.0000022952
 -0.0000006433
  0.0000051050
 -0.0000002265
  0.0000046487
 -0.0000007477
  0.0000032993
  0.0000095846
  0.0000000007
  0.0000014037
  0.0000074081
 -0.0000064897
 -0.0000000558
  0.0000001824
  0.0000008359
 -0.0000004791
 -0.0000046119
  0.0000079659
  0.0000001798
 -0.0000007202
  0.0000072411
 -0.0000014384
 -0.0000045716
 -0.0000029051
 -0.0000064495
 -0.0000015996
 -0.0000027309
 -0.0000028542
 -0.0000026679
 -0.0000097521
 -0.0000048279
 -0.0000032647
 -0.0000100343
 -0.0000052478
 -0.0000024251
 -0.0000031204
 -0.0000102661
 -0.0000055675
 -0.0000029756
 -0.0000026081
  0.0000192827
  0.0000166125
 -0.0000017715
  0.0000145457
  0.0000158697
 -0.0000000230
  0.0000328656
 -0.0000010689
  0.0000250342
  0.0000082515
 -0.0000021734
  0.0000004023
  0.0000454881
 -0.0000038346
  0.0000012709
 -0.0000047445
  0.0000842296
  0.0000725124
 -0.0000069743
 -0.0000032242
 -0.0000063980
  0.0000692279
  0.0000557854
 -0.0000082851
  0.0000171752
 -0.0000076739
  0.0000296291
 -0.0000091221
 -0.0000056819
  0.0000678149
 -0.0000033913
  0.0001145949
 -0.0000039956
 -0.0000029079
 -0.0000084463
  0.0000858282
  0.0000282558
 -0.0000021824
 -0.0000034892
  0.0000818160
 -0.0000040163
  0.0000210997
  0.0000459961
  0.0000432833
  0.0000442631
  0.0000411154
  0.0000360310
  0.0000398664
  0.0000410982
  0.0000338674
  0.0000314192
  0.0000366245
  0.0000339214
  0.0000493890
  0.0000419591
  0.0000340703
  0.0000335230
  0.0000460073
  0.0000408773
  0.0000357040
  0.0000432006
  0.0000502046
  0.0000362022
  0.0000597502
  0.0000156580
  0.0000334775
  0.0000537472
  0.0000495103
  0.0000303711
  0.0000450171
  0.0000570436
  0.0000339292
  0.0000213116
  0.0000252711
  0.0000415511
  0.0000274506
 -0.0000485131
 -0.0000036871
  0.0000306600
  0.0000423334
  0.0000390466
  0.0000098153
  0.0000160621
  0.0000263220
  0.0000245694
  0.0000285472
  0.0000269259
  0.0000324182
  0.0000136765
  0.0000436491
 -0.0000159128
  0.0000411330
  0.0000356585
  0.0000258833
 -0.0000059300
  0.0000213735
  0.0000440715
  0.0000060822
  0.0000332323
  0.0000257685
  0.0000515947
  0.0000159486
  0.0000006127
  0.0000004878
  0.0000010651
  0.0000012191
 -0.0000008113
 -0.0000010414
  0.0000005211
 -0.0000007741
  0.0000008918
  0.0000012828
  0.0000005075
 -0.0000012378
  0.0000002185
  0.0000011017
  0.0000007274
 -0.0000021899
  0.0000083236
  0.0000074271
  0.0000081107
  0.0000078480
  0.0000081674
  0.0000066839
  0.0000117436
 -0.0000051090
  0.0000075862
  0.0000013306
 -0.0000002761
 -0.0000011946
 -0.0000121664
  0.0000038442
  0.0000029621
  0.0000008124
  0.0000004819
  0.0000031341
  0.0000018935
  0.0000005024
  0.0000104199
  0.0000004668
  0.0000008123
 -0.0000000220
  0.0000091759
 -0.0000002337
  0.0000006220
  0.0000030609
 -0.0000035996
 -0.0000033682
  0.0000015565
 -0.0000006386
  0.0000126452
  0.0000035192
  0.0000040633
  0.0000055279
  0.0000049143
  0.0000049632
  0.0000071511
  0.0000013770
  0.0000054229
  0.0000079462
  0.0000040061
  0.0000048407
  0.0000060961
  0.0000069048
  0.0000050872
  0.0000046318
  0.0000053604
 -0.0000268326
  0.0000057058
 -0.0000081205
 -0.0000164827
 -0.0000083002
 -0.0000151116
 -0.0000152452
 -0.0000099468
 -0.0000143439
 -0.0000100806
 -0.0000126068
 -0.0000150540
  0.0000031478
  0.0000042542
  0.0000066293
  0.0000021482
 -0.0000050526
  0.0000068535
  0.0000001107
  0.0000032421
  0.0000073105
  0.0000039808
  0.0000076211
  0.0000057400
  0.0000059493
  0.0000029157
  0.0000055182
  0.0000031585
  0.0000063773
 -0.0000148778
  0.0000041030
  0.0000036817
  0.0000066781
 -0.0000126898
  0.0000011952
 -0.0000065694
 -0.0000031291
  0.0000035995
  0.0000049333
  0.0000442221
 -0.0000104286
  0.0000022605
  0.0000022361
  0.0000018687
  0.0000018747
  0.0000016023
  0.0000010926
  0.0000019761
  0.0000029442
  0.0000013782
  0.0000022041
  0.0000023838
  0.0000016985
  0.0000018704
  0.0000019500
  0.0000018044
 -0.0000214882
  0.0000007009
 -0.0000082049
  0.0000224403
 -0.0000011601
  0.0000215803
  0.0000228254
 -0.0000092482
  0.0000220726
 -0.0000021268
 -0.0000004065
  0.0000096074
 -0.0000053590
  0.0000024068
  0.0000003440
  0.0000040046
  0.0000020198
  0.0000055698
  0.0000011017
  0.0000073546
  0.0000077114
  0.0000016164
  0.0000010620
  0.0000006714
  0.0000094829
  0.0000018441
  0.0000006780
  0.0000012955
  0.0000060237
 -0.0000011578
 -0.0000007224
  0.0000014086
  0.0000031176
 -0.0000088955
  0.0000009145
  0.0000016515
  0.0000003386
  0.0000006491
  0.0000009554
  0.0000000228
  0.0000005403
  0.0000020106
 -0.0000000634
  0.0000009464
  0.0000016410
  0.0000010802
  0.0000006061
  0.0000003534
  0.0000016621
  0.0000011018
 -0.0000029349
  0.0000053650
  0.0000019584
  0.0000003081
  0.0000032377
 -0.0000005252
  0.0000013733
  0.0000032147
  0.0000211952
 -0.0000020194
  0.0000014974
  0.0000024984
  0.0000015101
 -0.0000136406
  0.0000013893
  0.0000000386
 -0.0000012202
  0.0000010017
  0.0000044302
 -0.0000003325
 -0.0000007455
  0.0000070629
  0.0000008485
  0.0000020702
 -0.0000036144
  0.0000076166
  0.0000034817
  0.0000004906
  0.0000004038
 -0.0000058811
 -0.0000011572
 -0.0000013656
  0.0000024212
  0.0000109348
  0.0000049235
 -0.0000298850
 -0.0000965328
 -0.0000014676
 -0.0000013589
 -0.0000018701
 -0.0000018204
 -0.0000023017
 -0.0000040783
 -0.0000015784
 -0.0000055936
 -0.0000038373
 -0.0000012315
  0.0000005259
 -0.0000026322
 -0.0000042071
 -0.0000019286
 -0.0000007466
  0.0000013799
  0.0000084199
 -0.0000028176
  0.0000113527
  0.0000031927
  0.0000054739
  0.0000001079
  0.0000010524
  0.0000131355
 -0.0000054927
  0.0000017971
  0.0000016508
 -0.0000030146
 -0.0000009175
 -0.0000016573
  0.0000046563
  0.0000057580
 -0.0000074195
  0.0000026024
  0.0000010817
 -0.0000055288
 -0.0000063263
  0.0000093161
  0.0000034870
  0.0000027920
 -0.0000026302
 -0.0000018350
 -0.0000018979
  0.0000015226
  0.0000019909
  0.0000044404
 -0.0000031053
 -0.0000032687
  0.0000040419
  0.0000021743
  0.0000011799
  0.0000013244
  0.0000031867
  0.0000003010
  0.0000029396
  0.0000015350
  0.0000031579
  0.0000019740
  0.0000032069
  0.0000008318
  0.0000001971
  0.0000022894
  0.0000013604
  0.0000009286
 -0.0000010662
  0.0000017573
  0.0000084994
  0.0000268107
  0.0000042055
  0.0000058247
  0.0000096615
  0.0000098963
  0.0000025651
  0.0000031222
  0.0000081452
  0.0000191595
  0.0000041342
  0.0000035940
  0.0000023709
  0.0000055922
  0.0000003670
 -0.0000020539
  0.0000067975
  0.0000072144
  0.0000054196
  0.0000082591
  0.0000067764
  0.0000028094
  0.0000045462
  0.0000052241
  0.0000057929
  0.0000102144
  0.0000002424
  0.0000019093
  0.0000095791
  0.0000048052
  0.0000027589
  0.0000018054
  0.0000045015
  0.0000012859
  0.0000054649
 -0.0000018099
  0.0000023626
  0.0000025577
  0.0000047651
 -0.0000013769
 -0.0000866445
 -0.0000010546
 -0.0000010163
 -0.0000003345
 -0.0000003642
 -0.0000024164
 -0.0000044638
 -0.0000009197
 -0.0000028419
 -0.0000012383
 -0.0000003128
 -0.0000010255
 -0.0000028016
 -0.0000012828
 -0.0000003031
 -0.0000007916
 -0.0000000757
  0.0000085231
  0.0000086780
  0.0000105012
  0.0000061387
  0.0000015110
 -0.0000008943
 -0.0000048701
 -0.0000039682
 -0.0000012297
 -0.0000026527
 -0.0000023456
  0.0000050484
 -0.0000041550
  0.0000028249
  0.0000043731
 -0.0000010708
  0.0000014255
  0.0000008836
  0.0000074823
 -0.0000008830
  0.0000001158
  0.0000094755
 -0.0000009546
 -0.0000005078
  0.0000009838
  0.0000036152
 -0.0000045924
  0.0000015230
 -0.0000017202
  0.0000045792
  0.0000077836
  0.0000270560
  0.0000369643
 -0.0000006388
  0.0000009899
  0.0000006925
  0.0000002224
  0.0000014234
  0.0000018636
  0.0000002651
  0.0000016278
  0.0000001889
 -0.0000006149
  0.0000009974
  0.0000018751
  0.0000005372
  0.0000008735
  0.0000012167
  0.0000008002
  0.0000004984
  0.0000032003
  0.0000032888
 -0.0000013467
  0.0000028792
  0.0000070048
  0.0000031106
 -0.0000003354
  0.0000011358
  0.0000106114
 -0.0000096290
  0.0000010752
 -0.0000000120
 -0.0000015201
 -0.0000034905
  0.0000018356
  0.0000039929
  0.0000013104
  0.0000080224
  0.0000083177
  0.0000006979
  0.0000004105
  0.0000001614
  0.0000081777
 -0.0000026987
  0.0000003525
  0.0000016408
  0.0000056417
 -0.0000006657
 -0.0000026300
  0.0000011228
 -0.0000035787
 -0.0000017829
  0.0000270341
  0.0000212438
 -0.0000671814
 -0.0000004668
  0.0000001610
  0.0000000057
  0.0000000211
 -0.0000007351
 -0.0000012105
 -0.0000000626
  0.0000004085
 -0.0000009282
  0.0000000370
 -0.0000007702
 -0.0000008246
 -0.0000010494
  0.0000001750
  0.0000003463
 -0.0000074601
  0.0000055574
  0.0000041128
 -0.0000035346
  0.0000036627
 -0.0000111569
 -0.0000016371
  0.0000000173
  0.0000002459
  0.0000033370
 -0.0000038139
 -0.0000008121
 -0.0000000963
 -0.0000003218
  0.0000046884
  0.0000059392
 -0.0000002607
  0.0000026734
  0.0000055007
  0.0000014447
 -0.0000009808
  0.0000081498
  0.0000000453
 -0.0000003990
  0.0000019635
 -0.0000001652
  0.0000004455
  0.0000104288
  0.0000211346
  0.0000105257
  0.0000144611
  0.0000171829
  0.0000156315
  0.0000155710
  0.0000202628
  0.0000226934
  0.0000171073
  0.0000200059
  0.0000112712
  0.0000143258
  0.0000175352
  0.0000196722
  0.0000127235
  0.0000151217
  0.0000171776
  0.0000070590
  0.0000062922
  0.0000060891
  0.0000149789
  0.0000085980
  0.0000180934
  0.0000074587
  0.0000097703
  0.0000046274
  0.0000053534
  0.0000160150
  0.0000008002
  0.0000118453
  0.0000164613
  0.0000228293
 -0.0000088233
  0.0000044593
  0.0000138789
  0.0000159562
  0.0000104967
  0.0000067641
  0.0000198522
  0.0000050067
  0.0000114040
  0.0000233778
  0.0000214603
 -0.0000032540
  0.0000096465
  0.0000175681
  0.0000211512
  0.0000140123
  0.0000058819
  0.0000118129
  0.0000101691
  0.0000197723
  0.0000202853
  0.0000077414
 -0.0000314554
 -0.0000808631
  0.0000000979
 -0.0000007441
 -0.0000005570
  0.0000007524
 -0.0000058621
 -0.0000007501
 -0.0000010730
 -0.0000062831
 -0.0000010335
  0.0000005969
 -0.0000013784
 -0.0000063214
 -0.0000006808
 -0.0000007499
 -0.0000005432
  0.0000061892
 -0.0000056231
  0.0000094337
  0.0000085383
  0.0000011629
  0.0000058690
  0.0000015179
 -0.0000094801
 -0.0000068136
 -0.0000023091
  0.0000039894
  0.0000022759
 -0.0000023850
 -0.0000125384
  0.0000055432
 -0.0000044789
  0.0000026120
  0.0000020543
 -0.0000013877
 -0.0000051952
  0.0000024288
 -0.0000002891
 -0.0000006926
 -0.0000007335
 -0.0000036554
 -0.0000030916
  0.0000014945
 -0.0000006405
  0.0000106752
  0.0000048124
  0.0000490279
 -0.0000163586
 -0.0000005394
 -0.0000001021
 -0.0000002542
  0.0000001272
 -0.0000009761
 -0.0000002238
 -0.0000003691
  0.0000007807
 -0.0000015200
 -0.0000001736
 -0.0000004133
 -0.0000001286
 -0.0000014904
 -0.0000001723
  0.0000004538
  0.0000007304
  0.0000045599
  0.0000005220
 -0.0000029615
  0.0000220285
  0.0000202409
  0.0000001051
 -0.0000000879
  0.0000076972
 -0.0000082975
  0.0000011178
 -0.0000012143
 -0.0000027359
 -0.0000000879
  0.0000003128
  0.0000024266
  0.0000040597
 -0.0000002837
  0.0000007309
  0.0000025606
  0.0000011308
 -0.0000006050
 -0.0000009495
  0.0000086965
  0.0000012661
 -0.0000021584
  0.0000019956
 -0.0000058852
  0.0000010069
  0.0000009127
  0.0000001044
  0.0000011729
 -0.0000006283
 -0.0000001113
  0.0000000594
  0.0000006673
  0.0000017130
  0.0000012348
 -0.0000002325
 -0.0000004773
  0.0000016952
  0.0000002228
  0.0000010221
 -0.0000110183
  0.0000052389
  0.0000062453
  0.0000076713
  0.0000048075
  0.0000074626
 -0.0000079306
  0.0000123381
 -0.0000010711
  0.0000046972
  0.0000042218
  0.0000069885
  0.0000024696
  0.0000011835
 -0.0000090765
  0.0000005679
  0.0000032938
  0.0000056801
  0.0000010678
  0.0000086825
  0.0000116731
  0.0000005047
  0.0000037083
  0.0000155033
  0.0000016271
  0.0000058176
  0.0000056113
  0.0000154168
  0.0000031087
  0.0000008195
 -0.0000006197
  0.0000017867
  0.0000021884
  0.0000029563
  0.0000022883
  0.0000163115
  0.0000077451
  0.0000004016
 -0.0000425880
  0.0000102665
  0.0000216044
  0.0000211964
  0.0000225598
  0.0000218738
  0.0000184807
  0.0000174770
  0.0000211899
  0.0000180735
  0.0000298277
  0.0000218297
  0.0000209068
  0.0000182556
  0.0000263482
  0.0000220455
  0.0000212242
  0.0000003645
 -0.0000052790
  0.0000065205
  0.0000085008
 -0.0000024732
  0.0000024856
  0.0000032368
  0.0000009773
  0.0000056322
  0.0000005218
 -0.0000081541
  0.0000018562
 -0.0000066021
  0.0000107024
  0.0000211427
  0.0000116539
 -0.0000052454
  0.0000041875
  0.0000077139
  0.0000087393
  0.0000126643
  0.0000102417
  0.0000025953
  0.0000132873
  0.0000133881
  0.0000114455
  0.0000034537
  0.0000219115
  0.0000204392
  0.0000049402
 -0.0000045248
  0.0000113071
  0.0000032986
 -0.0000027262
  0.0000174376
  0.0000110685
  0.0000332593
  0.0000265980
 -0.0000020887
 -0.0000019632
 -0.0000017276
 -0.0000033987
 -0.0000027411
 -0.0000039963
 -0.0000019895
 -0.0000036739
 -0.0000027354
 -0.0000020275
 -0.0000029144
 -0.0000030249
 -0.0000026699
 -0.0000018822
 -0.0000028376
 -0.0000190789
  0.0000105554
  0.0000062184
  0.0000097164
  0.0000036143
  0.0000075764
 -0.0000095902
  0.0000091421
 -0.0000027682
 -0.0000039522
 -0.0000029966
  0.0000111512
 -0.0000102794
 -0.0000027927
 -0.0000044902
  0.0000000176
 -0.0000042810
 -0.0000015384
  0.0000016525
 -0.0000021013
  0.0000085242
  0.0000081139
  0.0000013557
 -0.0000012220
  0.0000003374
  0.0000017206
  0.0000106313
 -0.0000057908
  0.0000002679
 -0.0000035763
  0.0000066215
 -0.0000027401
 -0.0000046106
 -0.0000027548
 -0.0000022979
 -0.0000002737
 -0.0000021266
  0.0000121982
  0.0000069794
  0.0000089791
  0.0000136517
  0.0000102410
  0.0000058843
  0.0000070441
  0.0000076978
  0.0000256798
  0.0000143912
  0.0000078387
  0.0000101012
  0.0000197853
  0.0000096685
  0.0000071038
  0.0000126678
  0.0000294296
  0.0000274350
  0.0000175127
  0.0000224155
  0.0000361497
  0.0000209590
  0.0000171443
  0.0000343603
  0.0000182165
  0.0000249643
  0.0000292356
  0.0000227548
  0.0000287326
  0.0000054645
  0.0000252288
  0.0000062159
  0.0000288945
  0.0000098745
  0.0000160436
  0.0000118892
  0.0000352314
  0.0000322956
  0.0000024021
  0.0000269896
  0.0000107812
  0.0000032737
  0.0000098249
  0.0000382557
  0.0000099250
  0.0000154820
  0.0000076719
  0.0000079990
  0.0000308626
  0.0000299472
  0.0000126277
  0.0000307405
  0.0000080895
  0.0000282361
  0.0000335362
  0.0000041178
  0.0000038743
  0.0000041515
  0.0000042350
  0.0000036606
  0.0000065033
  0.0000037353
  0.0000051058
  0.0000031593
  0.0000042519
  0.0000041598
  0.0000033016
  0.0000029921
  0.0000041921
  0.0000042663
  0.0000123488
  0.0000107240
  0.0000105518
  0.0000053538
  0.0000137437
  0.0000093633
  0.0000083507
  0.0000083017
  0.0000048882
  0.0000077470
  0.0000040174
  0.0000023743
  0.0000013878
  0.0000013027
  0.0000063789
  0.0000041011
  0.0000041423
  0.0000056609
  0.0000039846
  0.0000011988
  0.0000166836
  0.0000042947
  0.0000030662
  0.0000019831
  0.0000001638
  0.0000125346
  0.0000024259
  0.0000038305
  0.0000059578
 -0.0000009980
  0.0000031207
  0.0000019299
  0.0000078163
  0.0000050067
  0.0000409573
  0.0000084908
 -0.0000012623
 -0.0000004216
 -0.0000007977
 -0.0000001226
  0.0000002883
  0.0000010243
 -0.0000012497
  0.0000007633
 -0.0000001500
 -0.0000010544
 -0.0000001992
  0.0000009107
  0.0000002120
 -0.0000005911
 -0.0000000814
 -0.0000245100
 -0.0000047982
  0.0000086067
  0.0000074574
  0.0000144820
 -0.0000169922
  0.0000117647
 -0.0000017704
  0.0000151876
  0.0000018577
 -0.0000007633
  0.0000021684
 -0.0000054011
  0.0000001312
 -0.0000010011
 -0.0000001527
  0.0000040555
  0.0000017323
  0.0000058094
  0.0000002339
 -0.0000000800
  0.0000120785
 -0.0000029816
 -0.0000001135
  0.0000006288
  0.0000022391
  0.0000045786
 -0.0000010727
 -0.0000012465
  0.0000006385
  0.0000009287
  0.0000013433
 -0.0000024929
 -0.0000019367
  0.0000030407
  0.0000070734
 -0.0000917767
  0.0000092808
  0.0000006581
  0.0000055350
  0.0000097526
  0.0000038402
  0.0000023358
  0.0000013462
  0.0000032207
  0.0000238607
  0.0000109804
 -0.0000002830
  0.0000034502
  0.0000163718
  0.0000060170
  0.0000003898
  0.0000000696
 -0.0000124862
  0.0000077364
  0.0000019978
 -0.0000065070
 -0.0000009640
 -0.0000073007
 -0.0000026133
  0.0000012983
  0.0000062251
 -0.0000053262
  0.0000026179
  0.0000091003
  0.0000178408
 -0.0000004625
 -0.0000013423
 -0.0000042240
  0.0000014172
  0.0000107479
 -0.0000022112
  0.0000123375
  0.0000009233
  0.0000102941
 -0.0000014748
  0.0000023687
  0.0000148190
  0.0000006267
  0.0000107930
  0.0000022355
 -0.0000025278
 -0.0000078623
  0.0000132442
 -0.0000015292
  0.0000019376
  0.0000018414
  0.0000090549
  0.0000130990
  0.0000304719
 -0.0000107330
  0.0000001981
 -0.0000002686
 -0.0000000690
  0.0000013222
 -0.0000008579
  0.0000014778
 -0.0000000476
  0.0000018738
  0.0000004966
  0.0000013404
 -0.0000004321
 -0.0000009313
  0.0000014238
  0.0000000412
 -0.0000001789
  0.0000005022
 -0.0000043293
  0.0000102098
  0.0000118533
  0.0000127041
  0.0000141872
  0.0000148086
  0.0000121101
  0.0000184369
  0.0000039651
  0.0000148805
  0.0000061425
  0.0000038861
 -0.0000011598
  0.0000068770
  0.0000043198
  0.0000057829
  0.0000002981
  0.0000014092
  0.0000058627
  0.0000031596
  0.0000002399
 -0.0000009474
  0.0000007591
  0.0000017415
  0.0000002207
  0.0000070929
  0.0000011638
  0.0000000539
  0.0000022545
  0.0000015401
  0.0000023213
  0.0000005628
 -0.0000004844
  0.0000062288
  0.0000344916
  0.0000357731
  0.0000343806
  0.0000345455
  0.0000328094
  0.0000329134
  0.0000358926
  0.0000324947
  0.0000403580
  0.0000338221
  0.0000357234
  0.0000324749
  0.0000371544
  0.0000339721
  0.0000357850
  0.0000259262
  0.0000151956
  0.0000271479
  0.0000321037
  0.0000019065
  0.0000252303
  0.0000543619
 -0.0000039730
  0.0000314138
  0.0000520594
  0.0000465924
  0.0000349082
  0.0000443613
  0.0000317471
  0.0000198468
  0.0000335852
  0.0000264412
 -0.0000017618
  0.0000124450
  0.0000225016
  0.0000279028
  0.0000226697
  0.0000212823
  0.0000248430
  0.0000274187
  0.0000236151
  0.0000232253
  0.0000280243
  0.0000287815
  0.0000216953
  0.0000246075
  0.0000133466
  0.0000348476
  0.0000347738
  0.0000246151
  0.0000133570
  0.0000268971
  0.0000234734
  0.0000268952
  0.0000315111
  0.0000250792
  0.0000126673
  0.0000114048
  0.0000111157
  0.0000136955
  0.0000113992
  0.0000078686
  0.0000110776
  0.0000074942
  0.0000241208
  0.0000150449
  0.0000132104
  0.0000111282
  0.0000180419
  0.0000115686
  0.0000115346
  0.0000030115
  0.0000075141
  0.0000124836
  0.0000195790
  0.0000074108
  0.0000099636
  0.0000138408
  0.0000147116
  0.0000108536
  0.0000086535
  0.0000133592
  0.0000108228
  0.0000083531
  0.0000483232
  0.0000101169
  0.0000274270
  0.0000101276
  0.0000481863
  0.0000468924
  0.0000072443
  0.0000105515
  0.0000075136
  0.0000543016
  0.0000536680
  0.0000045812
  0.0000387042
  0.0000082861
  0.0000058691
  0.0000128305
  0.0000606100
  0.0000047094
  0.0000628706
  0.0000160753
  0.0000111012
  0.0000059350
  0.0000538915
  0.0000447758
  0.0000062723
  0.0000532686
  0.0000111578
  0.0000408030
 -0.0000323938
  0.0000071291
 -0.0000005988
  0.0000008423
  0.0000005714
  0.0000002370
  0.0000011410
  0.0000019777
  0.0000001796
  0.0000016170
  0.0000002839
 -0.0000005744
  0.0000006847
  0.0000017003
  0.0000005728
  0.0000007342
  0.0000010641
  0.0000051273
  0.0000112385
  0.0000075752
  0.0000003914
  0.0000001456
 -0.0000011042
 -0.0000012529
 -0.0000001271
  0.0000006207
  0.0000056568
 -0.0000034586
  0.0000009482
  0.0000028266
 -0.0000000514
  0.0000015921
  0.0000098032
  0.0000012021
  0.0000059149
  0.0000084749
  0.0000008660
  0.0000002465
  0.0000033883
  0.0000062579
 -0.0000026545
  0.0000014720
  0.0000014610
  0.0000107643
  0.0000002650
  0.0000018790
 -0.0000005841
  0.0000014907
 -0.0000057094
  0.0000014042
  0.0000028277
  0.0000028064
  0.0000015167
  0.0000024244
  0.0000011963
  0.0000026699
  0.0000026799
 -0.0000004321
  0.0000015144
  0.0000017263
  0.0000022603
 -0.0000003218
  0.0000027195
  0.0000029234
  0.0000006356
  0.0000053320
  0.0000038320
  0.0000000923
  0.0000082750
 -0.0000010819
  0.0000036901
  0.0000005649
  0.0000010118
 -0.0000005763
 -0.0000042656
  0.0000011087
  0.0000050089
  0.0000015204
  0.0000042564
  0.0000012462
  0.0000012064
  0.0000036585
  0.0000025420
  0.0000006875
  0.0000106663
  0.0000009627
  0.0000013410
  0.0000012136
  0.0000056954
  0.0000023787
  0.0000006045
  0.0000011780
  0.0000009107
  0.0000016340
  0.0000028163
  0.0000026284
  0.0000027627
  0.0000093539
  0.0000322569
  0.0000013826
  0.0000003304
 -0.0000001193
  0.0000009980
 -0.0000001005
 -0.0000014258
 -0.0000002612
  0.0000008863
  0.0000014142
  0.0000013885
  0.0000005412
  0.0000000946
  0.0000017381
 -0.0000001278
  0.0000007984
 -0.0000128654
 -0.0000005808
 -0.0000018558
 -0.0000073579
  0.0000090746
 -0.0000077067
 -0.0000023523
 -0.0000063040
 -0.0000019938
 -0.0000101030
 -0.0000084835
  0.0000053190
  0.0000015963
 -0.0000015312
  0.0000001970
  0.0000149077
 -0.0000000252
 -0.0000035285
 -0.0000004166
  0.0000003617
  0.0000028902
  0.0000034831
 -0.0000023146
  0.0000045050
  0.0000080651
  0.0000012521
  0.0000006360
 -0.0000004013
 -0.0000053432
  0.0000157894
  0.0000019452
  0.0000024472
 -0.0000008405
 -0.0000036780
 -0.0000062922
  0.0000005759
  0.0000041350
  0.0000027137
 -0.0000337901
 -0.0000032291
 -0.0000017912
  0.0000044610
 -0.0000077314
 -0.0000067156
 -0.0000100505
 -0.0000068672
 -0.0000075056
 -0.0000111982
 -0.0000069079
 -0.0000081998
 -0.0000048051
 -0.0000069083
 -0.0000060118
 -0.0000069421
 -0.0000051316
 -0.0000094663
 -0.0000067910
  0.0000258018
 -0.0000172478
 -0.0000105522
  0.0000105141
  0.0000192518
  0.0000095756
 -0.0000376819
  0.0000391918
  0.0000487645
 -0.0000052924
 -0.0000272447
 -0.0000108589
 -0.0000411350
  0.0000420829
 -0.0000253534
 -0.0000101888
 -0.0000250375
  0.0000027395
  0.0000126834
 -0.0000333196
 -0.0000139920
 -0.0000112349
  0.0000182447
  0.0000228485
 -0.0000236225
 -0.0000096347
 -0.0000003459
 -0.0000132652
 -0.0000011228
  0.0000023876
 -0.0000220766
 -0.0000245574
 -0.0000194072
  0.0000345621
  0.0000155888
  0.0000069528
 -0.0000067133
 -0.0000049738
 -0.0000220328
  0.0000120070
  0.0000324136
 -0.0000001691
 -0.0000212200
  0.0000019534
 -0.0000132251
  0.0000102261
 -0.0000126366
 -0.0000036938
 -0.0000025503
 -0.0000031807
 -0.0000031034
 -0.0000027922
 -0.0000033396
 -0.0000033607
 -0.0000023015
 -0.0000046654
 -0.0000034134
 -0.0000033908
 -0.0000026740
 -0.0000046670
 -0.0000031268
 -0.0000029769
  0.0000241155
 -0.0000131484
 -0.0000053707
  0.0000343209
 -0.0000095827
 -0.0000025444
 -0.0000072792
 -0.0000030450
 -0.0000024149
  0.0000095133
 -0.0000070151
 -0.0000012534
 -0.0000005192
  0.0000022497
 -0.0000032610
 -0.0000027733
  0.0000056962
  0.0000068041
 -0.0000034119
 -0.0000003918
 -0.0000041771
  0.0000082402
 -0.0000016126
 -0.0000038274
 -0.0000040187
  0.0000053045
 -0.0000002206
 -0.0000030829
 -0.0000009660
  0.0000031522
  0.0000173992
 -0.0000642070
 -0.0000944436
  0.0000027840
  0.0000035438
  0.0000030087
  0.0000026650
  0.0000027159
  0.0000040007
  0.0000033191
  0.0000024310
  0.0000070590
  0.0000032062
  0.0000030002
  0.0000031087
  0.0000033009
  0.0000030087
  0.0000032404
 -0.0000012964
  0.0000228722
  0.0000218424
 -0.0000020913
  0.0000189021
 -0.0000037167
  0.0000136900
  0.0000079426
  0.0000215042
  0.0000095335
  0.0000223652
  0.0000074680
  0.0000338411
  0.0000038228
  0.0000121784
  0.0000047645
  0.0000081010
  0.0000044731
 -0.0000066535
 -0.0000650006
  0.0000006485
  0.0000035973
 -0.0000012656
  0.0000019017
 -0.0000004522
  0.0000318398
 -0.0000001095
  0.0000048658
  0.0000196228
  0.0000046036
  0.0000128947
  0.0000012466
 -0.0000910661
  0.0000048444
  0.0000040005
  0.0000065710
  0.0000309298
  0.0000068332
  0.0000068979
 -0.0000935339
  0.0000078661
 -0.0000012461
  0.0000048523
  0.0000043255
  0.0000015159
 -0.0000013513
 -0.0000012098
 -0.0000020233
 -0.0000018807
 -0.0000020524
 -0.0000028737
 -0.0000018901
 -0.0000008604
 -0.0000027310
 -0.0000017879
 -0.0000012469
 -0.0000019994
 -0.0000020038
 -0.0000019563
 -0.0000016283
  0.0000168278
  0.0000233174
  0.0000304073
 -0.0000055457
  0.0000304010
 -0.0000074309
 -0.0000026053
  0.0000006933
 -0.0000071680
 -0.0000016979
 -0.0000027465
 -0.0000034068
 -0.0000031372
  0.0000017869
 -0.0000014356
 -0.0000023036
  0.0000024061
 -0.0000016918
  0.0000020165
 -0.0000029011
  0.0000013221
  0.0000102793
 -0.0000020828
 -0.0000014292
 -0.0000061442
  0.0000078392
 -0.0000006531
 -0.0000030400
 -0.0000025079
  0.0000021941
 -0.0000043847
 -0.0000032980
  0.0000014264
 -0.0000022586
  0.0000125511
 -0.0000008149
 -0.0000002435
 -0.0000005448
  0.0000002747
 -0.0000000047
 -0.0000005809
 -0.0000002976
  0.0000019647
  0.0000003834
  0.0000003040
 -0.0000004224
 -0.0000000690
  0.0000006798
 -0.0000007486
 -0.0000005870
 -0.0000011787
 -0.0000099437
  0.0000070502
  0.0000004359
 -0.0000052311
  0.0000070968
  0.0000199446
 -0.0000081800
  0.0000141996
  0.0000042892
  0.0000019109
 -0.0000024349
 -0.0000158387
  0.0000032375
  0.0000061056
  0.0000013445
  0.0000020434
  0.0000021890
 -0.0000001011
 -0.0000008823
  0.0000018757
  0.0000090487
 -0.0000009352
 -0.0000008998
  0.0000012156
 -0.0000017607
 -0.0000042409
  0.0000029807
 -0.0000009472
  0.0000113901
  0.0000035764
  0.0000002873
 -0.0000010160
 -0.0000014877
 -0.0000011734
 -0.0000016032
 -0.0000003216
 -0.0000014824
 -0.0000008419
 -0.0000018693
 -0.0000010850
 -0.0000010896
 -0.0000020157
 -0.0000012207
 -0.0000014912
 -0.0000008200
 -0.0000104158
  0.0000032593
  0.0000022981
 -0.0000071481
  0.0000018616
 -0.0000120917
 -0.0000039424
 -0.0000031608
 -0.0000023933
  0.0000141604
 -0.0000073137
  0.0000031566
 -0.0000008572
  0.0000033394
  0.0000001239
  0.0000047849
  0.0000062495
 -0.0000008568
  0.0000025827
  0.0000024688
  0.0000050296
  0.0000005401
 -0.0000009772
  0.0000102908
 -0.0000024615
 -0.0000010964
 -0.0000011658
 -0.0000035854
 -0.0000007957
  0.0000001528
  0.0000006505
  0.0000006029
  0.0000000895
  0.0000001076
 -0.0000003450
 -0.0000014174
  0.0000007556
 -0.0000003449
 -0.0000014846
 -0.0000000322
 -0.0000002378
 -0.0000002642
  0.0000003901
 -0.0000001989
 -0.0000012997
  0.0000019841
  0.0000009143
  0.0000015393
  0.0000019463
 -0.0000005995
  0.0000003992
  0.0000011037
  0.0000002060
  0.0000018284
 -0.0000002416
  0.0000002611
  0.0000031456
  0.0000023484
  0.0000001276
  0.0000002190
  0.0000018062
  0.0000121995
  0.0000000113
  0.0000027318
  0.0000032458
  0.0000011657
  0.0000035280
  0.0000003110
  0.0000004592
  0.0000004712
 -0.0000011186
 -0.0000034470
  0.0000002536
 -0.0000000034
  0.0000000798
  0.0000017371
  0.0000015025
  0.0000058341
 -0.0000019262
 -0.0000001351
 -0.0000001593
 -0.0000008427
 -0.0000000811
 -0.0000006718
 -0.0000009648
 -0.0000004304
  0.0000007016
 -0.0000000101
 -0.0000006975
 -0.0000000198
 -0.0000005765
  0.0000010001
  0.0000004924
  0.0000014193
  0.0000018414
  0.0000002600
  0.0000010276
  0.0000023240
  0.0000008937
  0.0000004111
  0.0000000298
  0.0000000784
  0.0000017947
 -0.0000015419
  0.0000004493
  0.0000018525
  0.0000031720
  0.0000000970
  0.0000008049
  0.0000060821
  0.0000120664
 -0.0000002685
  0.0000000228
 -0.0000012356
 -0.0000000488
 -0.0000019183
  0.0000004808
 -0.0000005853
  0.0000008327
  0.0000024796
 -0.0000008071
  0.0000006069
 -0.0000001669
  0.0000000749
  0.0000003383
  0.0000015762
  0.0000031334
 -0.0000012360
  0.0000002528
  0.0000003607
  0.0000005673
 -0.0000006519
  0.0000000445
  0.0000006927
 -0.0000010766
 -0.0000005035
  0.0000003664
 -0.0000004568
 -0.0000005443
  0.0000001635
  0.0000005227
  0.0000001245
 -0.0000007939
  0.0000010941
  0.0000005985
  0.0000009180
  0.0000019753
 -0.0000010082
  0.0000005614
  0.0000001451
 -0.0000001026
  0.0000017858
  0.0000001069
 -0.0000000696
  0.0000027784
  0.0000035231
  0.0000002657
 -0.0000004108
  0.0000008717
  0.0000124316
  0.0000004469
  0.0000021234
  0.0000028054
  0.0000005595
  0.0000037046
  0.0000004922
 -0.0000003312
  0.0000008157
 -0.0000002214
 -0.0000019227
  0.0000008652
 -0.0000003505
 -0.0000001252
  0.0000016538
  0.0000013144
  0.0000037591
 -0.0000012458
  0.0000000029
  0.0000006232
  0.0000028078
 -0.0000009194
 -0.0000008765
 -0.0000014929
 -0.0000009876
 -0.0000007633
 -0.0000018320
  0.0000003030
 -0.0000003455
  0.0000004335
  0.0000021472
  0.0000011829
 -0.0000011749
  0.0000019991
  0.0000009700
  0.0000020220
  0.0000017205
 -0.0000008705
  0.0000010495
 -0.0000001833
  0.0000002047
  0.0000020005
 -0.0000002493
  0.0000007685
  0.0000030536
  0.0000018316
  0.0000005826
 -0.0000003693
  0.0000018399
  0.0000125963
 -0.0000006204
  0.0000032587
  0.0000032556
 -0.0000000779
  0.0000036834
  0.0000004372
  0.0000009554
  0.0000010604
 -0.0000010406
 -0.0000031462
  0.0000009868
  0.0000006441
 -0.0000004320
  0.0000018397
  0.0000010633
  0.0000060990
 -0.0000025119
  0.0000000817
 -0.0000004865
  0.0000008436
 -0.0000002233
  0.0000003260
  0.0000003507
  0.0000001927
  0.0000009288
  0.0000001929
 -0.0000011338
  0.0000002154
  0.0000000258
  0.0000002754
  0.0000003346
  0.0000010946
  0.0000012572
 -0.0000011646
  0.0000040110
 -0.0000001116
  0.0000016568
 -0.0000002124
  0.0000007453
 -0.0000001103
  0.0000017607
  0.0000014150
  0.0000001748
  0.0000026512
  0.0000037320
 -0.0000003985
  0.0000014669
 -0.0000000969
  0.0000091980
 -0.0000013673
  0.0000014773
  0.0000036573
 -0.0000003537
  0.0000042504
 -0.0000006587
 -0.0000014697
  0.0000002069
 -0.0000010269
 -0.0000010792
  0.0000010812
 -0.0000047641
 -0.0000001503
  0.0000014235
  0.0000017538
  0.0000012288
 -0.0000000031
 -0.0000001364
 -0.0000009805
  0.0000007465
  0.0000004900
  0.0000007038
 -0.0000006985
  0.0000001696
 -0.0000001436
 -0.0000000237
 -0.0000011031
  0.0000000396
  0.0000002588
 -0.0000010208
  0.0000002655
  0.0000015455
  0.0000008036
 -0.0000040266
  0.0000033066
  0.0000013463
  0.0000027132
 -0.0000003805
  0.0000006958
 -0.0000000161
 -0.0000029742
  0.0000003903
  0.0000040389
 -0.0000005365
  0.0000046235
 -0.0000004905
  0.0000016556
  0.0000016156
  0.0000102705
  0.0000022480
  0.0000034944
  0.0000015661
  0.0000001496
  0.0000018903
 -0.0000032199
 -0.0000036979
  0.0000004595
  0.0000021621
 -0.0000002384
  0.0000010871
 -0.0000020180
  0.0000012830
  0.0000032970
  0.0000020554
 -0.0000004380
 -0.0000008499
  0.0000000401
  0.0000014707
  0.0000015202
 -0.0000005679
  0.0000004010
 -0.0000011483
  0.0000001666
 -0.0000004643
 -0.0000008559
  0.0000003359
 -0.0000004220
  0.0000005543
  0.0000003403
 -0.0000001964
  0.0000008368
  0.0000012100
  0.0000002072
  0.0000008642
  0.0000014881
  0.0000000908
  0.0000004601
  0.0000004567
 -0.0000001807
  0.0000016709
 -0.0000015773
 -0.0000000525
  0.0000021889
  0.0000031408
  0.0000000990
  0.0000002667
  0.0000055599
  0.0000121645
 -0.0000000180
  0.0000004713
 -0.0000010290
  0.0000008437
 -0.0000013779
  0.0000004319
 -0.0000004758
  0.0000006715
  0.0000015056
 -0.0000011472
  0.0000008767
 -0.0000005763
 -0.0000000177
  0.0000006214
  0.0000013806
  0.0000030532
 -0.0000008014
 -0.0000000570
 -0.0000006889
  0.0000006333
  0.0000008887
  0.0000002797
 -0.0000002266
  0.0000002087
 -0.0000001413
 -0.0000001849
 -0.0000007908
 -0.0000000189
  0.0000003322
 -0.0000003285
  0.0000002614
  0.0000007711
 -0.0000011430
 -0.0000013926
  0.0000027789
  0.0000021407
 -0.0000004454
  0.0000010937
  0.0000005072
  0.0000012229
  0.0000019921
  0.0000007080
  0.0000006299
  0.0000023484
  0.0000033913
  0.0000000328
  0.0000005932
  0.0000008161
  0.0000088800
 -0.0000017524
  0.0000016697
  0.0000032284
 -0.0000000115
  0.0000034512
 -0.0000009492
 -0.0000018124
  0.0000016967
  0.0000005557
 -0.0000008061
  0.0000008027
 -0.0000064438
  0.0000001175
  0.0000012943
  0.0000014140
  0.0000010628
 -0.0000004750
  0.0000003774
  0.0000004244
  0.0000010710
  0.0000004811
 -0.0000004686
 -0.0000001653
 -0.0000002098
  0.0000000940
 -0.0000018972
  0.0000001974
 -0.0000004200
 -0.0000001327
  0.0000000211
 -0.0000011645
 -0.0000018292
 -0.0000002566
  0.0000034080
  0.0000021820
  0.0000007736
  0.0000002728
 -0.0000010327
  0.0000017652
 -0.0000004457
  0.0000011773
 -0.0000011234
 -0.0000013152
  0.0000079687
 -0.0000003049
  0.0000004133
  0.0000037689
  0.0000007705
  0.0000225155
 -0.0000001371
  0.0000007643
  0.0000010237
  0.0000014604
 -0.0000003104
 -0.0000009173
 -0.0000012803
 -0.0000010039
  0.0000010424
 -0.0000049080
  0.0000014418
 -0.0000012497
 -0.0000004831
  0.0000002134
  0.0000002182
  0.0000115022
 -0.0000004433
 -0.0000004347
  0.0000001518
  0.0000009460
 -0.0000000294
 -0.0000002692
 -0.0000003219
 -0.0000005365
  0.0000000814
 -0.0000007685
 -0.0000018324
 -0.0000002970
 -0.0000002922
  0.0000006212
  0.0000004970
  0.0000016168
  0.0000018256
  0.0000006602
  0.0000019113
  0.0000013477
 -0.0000005113
  0.0000007629
  0.0000011308
  0.0000005961
  0.0000006627
 -0.0000003688
  0.0000005913
  0.0000044725
  0.0000018655
  0.0000000996
  0.0000020914
  0.0000019727
  0.0000128509
 -0.0000006107
  0.0000029711
  0.0000017276
  0.0000011922
  0.0000006199
  0.0000004936
  0.0000008868
  0.0000007700
  0.0000029947
 -0.0000041746
  0.0000002787
  0.0000005859
 -0.0000007600
  0.0000022443
  0.0000008403
  0.0000061236
 -0.0000009441
 -0.0000003157
 -0.0000010549
  0.0000005217
  0.0000001303
  0.0000000252
 -0.0000000663
  0.0000014612
  0.0000006139
 -0.0000003755
 -0.0000013322
 -0.0000001317
 -0.0000002485
 -0.0000001700
  0.0000000481
  0.0000012994
  0.0000033845
  0.0000003702
  0.0000025058
  0.0000016573
 -0.0000005776
 -0.0000000922
  0.0000005939
  0.0000007028
  0.0000018404
 -0.0000013731
  0.0000008226
  0.0000021804
  0.0000032591
 -0.0000005723
 -0.0000004115
  0.0000041893
  0.0000119391
  0.0000002093
 -0.0000005745
 -0.0000007282
  0.0000002899
 -0.0000009594
  0.0000005985
 -0.0000007381
  0.0000004345
  0.0000029686
  0.0000000347
  0.0000009253
 -0.0000000492
 -0.0000006473
 -0.0000000293
  0.0000012166
  0.0000032858
 -0.0000008313
 -0.0000005706
  0.0000000648
 -0.0000007226
  0.0000007619
  0.0000010809
  0.0000003036
 -0.0000001918
  0.0000008870
  0.0000006312
 -0.0000001842
 -0.0000007760
  0.0000000641
 -0.0000003593
  0.0000001694
  0.0000009934
  0.0000009471
 -0.0000010326
  0.0000038181
  0.0000014065
 -0.0000000643
 -0.0000000163
  0.0000006446
  0.0000000315
  0.0000022258
 -0.0000000113
 -0.0000001331
  0.0000024575
  0.0000035671
  0.0000002046
  0.0000009822
  0.0000011307
  0.0000087430
 -0.0000017758
  0.0000010604
  0.0000032505
  0.0000005377
  0.0000034693
 -0.0000007213
 -0.0000016700
  0.0000003688
  0.0000003608
 -0.0000006832
  0.0000009641
 -0.0000052085
 -0.0000004285
  0.0000010500
  0.0000013372
  0.0000016116
 -0.0000015148
 -0.0000003340
 -0.0000003736
  0.0000008048
  0.0000003850
 -0.0000003456
 -0.0000002024
 -0.0000004247
 -0.0000009158
 -0.0000018607
 -0.0000001533
 -0.0000011146
 -0.0000003642
  0.0000003939
 -0.0000010068
  0.0000015351
  0.0000007221
  0.0000005131
  0.0000000637
  0.0000021952
  0.0000015112
 -0.0000008444
 -0.0000010437
  0.0000017452
 -0.0000005436
  0.0000023819
 -0.0000001212
 -0.0000010174
  0.0000063806
  0.0000002642
  0.0000003712
  0.0000021525
  0.0000020172
  0.0000187832
 -0.0000001174
 -0.0000001286
  0.0000022078
  0.0000009135
  0.0000021187
 -0.0000011723
 -0.0000009187
 -0.0000005732
  0.0000020872
 -0.0000030987
  0.0000013971
 -0.0000004228
 -0.0000008088
  0.0000004858
  0.0000006511
  0.0000096245
 -0.0000008903
 -0.0000005120
 -0.0000002614
 -0.0000007953
  0.0000006420
 -0.0000002631
  0.0000000523
 -0.0000009328
  0.0000004117
  0.0000001650
 -0.0000002598
 -0.0000005916
  0.0000000468
 -0.0000001740
 -0.0000002209
 -0.0000012933
  0.0000009866
  0.0000006429
  0.0000008365
  0.0000021634
 -0.0000001289
  0.0000005925
  0.0000001748
 -0.0000000947
  0.0000017608
 -0.0000001893
 -0.0000000544
  0.0000029720
  0.0000033714
  0.0000002138
  0.0000012458
  0.0000015576
  0.0000120836
  0.0000004804
  0.0000020729
  0.0000032169
  0.0000015900
  0.0000033639
  0.0000005314
 -0.0000002347
  0.0000008707
 -0.0000012732
 -0.0000038338
  0.0000005566
 -0.0000005541
 -0.0000006227
  0.0000018539
  0.0000006915
  0.0000045701
 -0.0000016212
  0.0000005485
 -0.0000000556
 -0.0000004647
  0.0000013684
 -0.0000003016
  0.0000004138
 -0.0000002800
  0.0000001583
  0.0000005708
 -0.0000001979
 -0.0000010769
  0.0000002077
  0.0000001605
 -0.0000000674
  0.0000019892
  0.0000023106
  0.0000003204
  0.0000014267
  0.0000017777
  0.0000001304
  0.0000008807
 -0.0000000229
  0.0000003271
  0.0000018343
 -0.0000013722
  0.0000007210
  0.0000020170
  0.0000031979
 -0.0000001596
  0.0000002360
  0.0000053141
  0.0000121011
 -0.0000000995
 -0.0000002038
 -0.0000012754
  0.0000013695
 -0.0000019235
  0.0000005290
 -0.0000006141
  0.0000013774
  0.0000028653
 -0.0000001973
  0.0000003289
  0.0000001491
 -0.0000001567
  0.0000002119
  0.0000014139
  0.0000032163
 -0.0000181931
  0.0000077250
 -0.0000079294
 -0.0000002192
 -0.0000028860
  0.0000003003
  0.0000049889
  0.0000015457
  0.0000029014
  0.0000016781
  0.0000025205
 -0.0000011702
  0.0000045699
 -0.0000003265
  0.0000038042
  0.0000047275
  0.0000094607
 -0.0000019113
  0.0000019540
  0.0000076324
  0.0000031824
  0.0000020519
  0.0000051510
  0.0000065717
  0.0000001749
  0.0000047640
  0.0000021183
  0.0000012677
  0.0000003574
  0.0000023667
  0.0000033775
  0.0000040176
 -0.0000407624
  0.0000022530
  0.0000007111
  0.0000013605
  0.0000026226
  0.0000002541
 -0.0000002594
 -0.0000009022
  0.0000010813
 -0.0000003240
 -0.0000005963
  0.0000034420
  0.0000026726
 -0.0000002548
 -0.0000007178
  0.0000102022
  0.0000003148
  0.0000007602
  0.0000033341
  0.0000013095
  0.0000000108
  0.0000001280
  0.0000025282
  0.0000034459
  0.0000008887
 -0.0000004127
  0.0000001088
  0.0000031276
 -0.0000006908
  0.0000015073
  0.0000052775
  0.0000001880
 -0.0000000981
 -0.0000022111
 -0.0000023362
  0.0000006303
  0.0000174726
 -0.0000057806
  0.0000103702
  0.0000000683
  0.0000009413
 -0.0000010871
  0.0000004304
  0.0000003396
 -0.0000001451
 -0.0000010785
  0.0000013566
 -0.0000002030
 -0.0000011192
  0.0000020178
  0.0000023051
  0.0000009553
 -0.0000006729
  0.0000026660
 -0.0000007853
 -0.0000015949
  0.0000001460
  0.0000024159
 -0.0000017863
 -0.0000007043
  0.0000024543
 -0.0000010169
  0.0000044727
  0.0000010697
  0.0000010402
  0.0000001514
  0.0000038425
 -0.0000008198
  0.0000006501
  0.0000009104
  0.0000000283
 -0.0000005201
 -0.0000014038
 -0.0000020344
  0.0000008205
 -0.0000046523
 -0.0000001676
 -0.0000029795
 -0.0000018269
 -0.0000047031
 -0.0000001411
 -0.0000006704
 -0.0000041857
 -0.0000061525
  0.0000006784
 -0.0000024602
 -0.0000039772
  0.0000046820
 -0.0000018334
  0.0000033126
  0.0000000166
  0.0000015534
  0.0000002764
 -0.0000009079
 -0.0000005826
 -0.0000053468
  0.0000009913
 -0.0000017984
 -0.0000040109
  0.0000009577
 -0.0000013393
  0.0000013734
  0.0000008818
 -0.0000064343
 -0.0000011897
 -0.0000017142
 -0.0000066888
 -0.0000005013
  0.0000015901
  0.0000004627
 -0.0000011527
  0.0000035269
  0.0000004618
  0.0000067238
  0.0000022308
 -0.0000026505
  0.0000024298
  0.0000009136
 -0.0000003645
  0.0000008742
 -0.0000003900
  0.0000002982
 -0.0000003500
 -0.0000000673
  0.0000003747
  0.0000060214
 -0.0000040368
 -0.0000022033
  0.0000044724
  0.0000032995
  0.0000001491
  0.0000044514
  0.0000034937
  0.0000043000
  0.0000162832
 -0.0000014500
  0.0000003448
 -0.0000233321
 -0.0000119963
 -0.0000034493
 -0.0000020299
  0.0000008173
 -0.0000027228
 -0.0000016085
  0.0000009898
 -0.0000024372
 -0.0000006674
  0.0000036276
  0.0000037009
 -0.0000008609
  0.0000041090
  0.0000070094
  0.0000025395
 -0.0000011375
  0.0000013314
  0.0000020643
  0.0000012373
  0.0000044205
 -0.0000006019
 -0.0000013298
 -0.0000053014
  0.0000064644
 -0.0000003923
 -0.0000038881
 -0.0000016390
  0.0000015300
  0.0000041726
  0.0000018988
 -0.0000011021
 -0.0000009998
  0.0000010909
 -0.0000005434
  0.0000035303
  0.0000024267
  0.0000032323
 -0.0000006019
 -0.0000004649
 -0.0000004859
  0.0000059229
 -0.0000021198
 -0.0000002494
  0.0000035993
  0.0000050215
 -0.0000005876
 -0.0000007255
  0.0000021360
  0.0000072995
 -0.0000007066
  0.0000002122
 -0.0000001841
  0.0000035834
 -0.0000019299
  0.0000047308
  0.0000006554
 -0.0000016023
  0.0000048042
  0.0000013697
  0.0000175081
 -0.0000024646
  0.0000047459
 -0.0000028606
 -0.0000036728
 -0.0000019565
 -0.0000014535
  0.0000020754
  0.0000006739
  0.0000057804
  0.0000008506
  0.0000002092
  0.0000035776
  0.0000069548
 -0.0000005121
  0.0000043487
  0.0000075977
  0.0000035904
  0.0000002357
  0.0000010901
  0.0000043304
  0.0000079058
  0.0000014284
  0.0000010256
 -0.0000038650
  0.0000069290
 -0.0000048710
 -0.0000024368
  0.0000033714
  0.0000016586
  0.0000073046
  0.0000068931
 -0.0000042558
  0.0000028152
 -0.0000023866
 -0.0000010836
 -0.0000026271
  0.0000014400
  0.0000015761
 -0.0000031403
 -0.0000042939
 -0.0000033752
  0.0000029976
 -0.0000018448
  0.0000026263
  0.0000023683
 -0.0000003774
 -0.0000037906
 -0.0000020675
 -0.0000002824
 -0.0000033216
  0.0000000736
 -0.0000000282
  0.0000014374
  0.0000014782
  0.0000015681
  0.0000001660
  0.0000000918
  0.0000016623
 -0.0000005229
 -0.0000020442
 -0.0000001088
  0.0000011770
  0.0000017602
 -0.0000006508
  0.0000008420
  0.0000002955
  0.0000022092
  0.0000002339
 -0.0000003322
 -0.0000012797
 -0.0000001946
 -0.0000020521
  0.0000012437
  0.0000015886
 -0.0000010659
 -0.0000009256
  0.0000004784
  0.0000004803
  0.0000023329
  0.0000054824
 -0.0000014110
 -0.0000018017
 -0.0000017721
  0.0000029269
  0.0000005446
  0.0000013700
 -0.0000008554
 -0.0000000609
  0.0000015669
 -0.0000031103
 -0.0000034909
 -0.0000000678
 -0.0000000814
 -0.0000028892
 -0.0000020258
  0.0000039562
  0.0000020072
  0.0000006362
 -0.0000037457
 -0.0000010348
 -0.0000021883
  0.0000028945
 -0.0000018456
 -0.0000013654
  0.0000001323
 -0.0000027164
 -0.0000007206
 -0.0000042270
  0.0000021096
  0.0000007327
 -0.0000021787
 -0.0000028243
  0.0000019495
 -0.0000042469
  0.0000014538
  0.0000015873
  0.0000024833
 -0.0000011712
 -0.0000003094
 -0.0000034017
  0.0000021881
  0.0000016565
  0.0000003163
  0.0000007857
  0.0000025127
 -0.0000022277
 -0.0000002107
 -0.0000010870
  0.0000009739
 -0.0000021870
 -0.0000006750
  0.0000044807
 -0.0000025255
 -0.0000008776
 -0.0000038098
  0.0000018127
  0.0000000095
  0.0000027319
  0.0000017181
 -0.0000033865
 -0.0000011421
  0.0000025920
 -0.0000039562
  0.0000010677
  0.0000000788
 -0.0000006481
  0.0000045045
  0.0000019520
  0.0000018430
  0.0000005196
 -0.0000009265
  0.0000018505
 -0.0000014437
 -0.0000004050
 -0.0000014317
 -0.0000037161
  0.0000015621
  0.0000012328
  0.0000005945
  0.0000005497
  0.0000058293
  0.0000001241
  0.0000033531
  0.0000051990
 -0.0000041490
 -0.0000009307
 -0.0000015204
  0.0000028728
 -0.0000014094
  0.0000000361
 -0.0000007504
 -0.0000007588
 -0.0000009884
 -0.0000000433
  0.0000018931
 -0.0000011008
 -0.0000015332
 -0.0000018796
 -0.0000008482
 -0.0000001171
 -0.0000015546
 -0.0000006435
  0.0000011649
 -0.0000003730
  0.0000011565
 -0.0000000878
  0.0000001288
 -0.0000007851
  0.0000001320
 -0.0000008607
 -0.0000013056
  0.0000011313
 -0.0000030601
 -0.0000001008
 -0.0000012147
  0.0000004345
  0.0000007057
 -0.0000064944
 -0.0000034507
 -0.0000024752
 -0.0000016306
 -0.0000051427
  0.0000008483
 -0.0000005196
  0.0000045493
  0.0000011309
 -0.0000000954
 -0.0000002735
  0.0000027210
 -0.0000027648
 -0.0000018178
 -0.0000021558
 -0.0000002258
 -0.0000002566
  0.0000015928
 -0.0000028906
  0.0000032654
  0.0000002497
 -0.0000010634
  0.0000004476
 -0.0000017383
  0.0000027251
  0.0000034045
  0.0000015817
 -0.0000011894
  0.0000004275
 -0.0000007323
 -0.0000025161
  0.0000004087
  0.0000007615
  0.0000014823
 -0.0000004965
  0.0000010378
  0.0000019359
  0.0000026084
 -0.0000007049
  0.0000008017
 -0.0000004675
 -0.0000010614
  0.0000025045
 -0.0000005393
  0.0000008865
 -0.0000004214
  0.0000030138
  0.0000002330
 -0.0000009607
 -0.0000012932
 -0.0000020822
 -0.0000019156
 -0.0000017928
  0.0000010574
  0.0000023637
 -0.0000009501
 -0.0000004684
 -0.0000010712
  0.0000010109
 -0.0000009413
  0.0000009503
 -0.0000026761
 -0.0000017054
  0.0000055387
 -0.0000024559
  0.0000006581
 -0.0000018291
 -0.0000009790
 -0.0000027927
  0.0000013052
  0.0000044446
  0.0000011106
  0.0000022701
  0.0000005966
 -0.0000013037
  0.0000001983
  0.0000008554
 -0.0000053630
  0.0000016905
  0.0000005772
 -0.0000030699
 -0.0000021429
  0.0000007326
 -0.0000010516
  0.0000002268
  0.0000033747
 -0.0000015631
  0.0000019650
  0.0000008054
  0.0000055162
 -0.0000001876
 -0.0000001074
 -0.0000005337
 -0.0000004753
  0.0000039857
  0.0000005605
 -0.0000011439
 -0.0000000185
  0.0000020967
  0.0000060299
  0.0000023631
  0.0000025004
  0.0000023322
  0.0000014234
  0.0000002498
 -0.0000017564
  0.0000020098
  0.0000027905
  0.0000000878
  0.0000015129
  0.0000020355
 -0.0000000096
 -0.0000004868
  0.0000033019
  0.0000009642
  0.0000017559
 -0.0000005026
 -0.0000009583
 -0.0000007430
  0.0000001312
 -0.0000012614
  0.0000009085
 -0.0000005490
 -0.0000007029
  0.0000031073
  0.0000062498
  0.0000009468
 -0.0000017374
  0.0000020155
  0.0000020533
  0.0000032202
 -0.0000010088
 -0.0000024292
  0.0000001216
  0.0000011984
  0.0000006720
  0.0000003552
 -0.0000030176
 -0.0000028902
 -0.0000012991
  0.0000017326
  0.0000009020
 -0.0000043199
  0.0000049243
 -0.0000052825
  0.0000108949
  0.0000103541
  0.0000014539
  0.0000051598
  0.0000003910
  0.0000052394
  0.0000038844
  0.0000057540
 -0.0000016310
  0.0000015104
  0.0000015861
 -0.0000013391
 -0.0000023774
 -0.0000023115
 -0.0000003529
 -0.0000018198
  0.0000001443
  0.0000009760
 -0.0000037414
  0.0000016926
  0.0000029934
  0.0000013362
  0.0000006276
  0.0000011293
  0.0000034965
 -0.0000008155
 -0.0000000613
  0.0000120957
  0.0000007394
 -0.0000017136
 -0.0000001505
  0.0000012728
  0.0000000051
  0.0000027451
  0.0000019943
  0.0000030192
  0.0000008161
  0.0000019654
  0.0000008788
 -0.0000015750
  0.0000003117
  0.0000021162
 -0.0000128008
  0.0000012251
 -0.0000034063
 -0.0000043512
 -0.0000108720
  0.0000008997
  0.0000033117
  0.0000003027
  0.0000004222
  0.0000005923
  0.0000000796
  0.0000121749
  0.0000046305
 -0.0000039863
 -0.0000018665
  0.0000000126
 -0.0000038864
 -0.0000000431
 -0.0000013316
 -0.0000003921
  0.0000005318
 -0.0000016692
 -0.0000019544
 -0.0000056353
  0.0000009590
  0.0000014667
  0.0000016294
  0.0000012943
 -0.0000004563
 -0.0000004085
  0.0000033631
 -0.0000036693
  0.0000017981
  0.0000019170
  0.0000020004
  0.0000010397
  0.0000034187
 -0.0000013439
  0.0000018617
  0.0000009456
  0.0000009109
  0.0000039864
 -0.0000011954
  0.0000024030
 -0.0000001646
  0.0000011713
  0.0000003859
 -0.0000009327
 -0.0000020977
  0.0000013521
  0.0000000249
  0.0000037012
 -0.0000025637
  0.0000001207
 -0.0000006973
  0.0000016477
 -0.0000027796
  0.0000015529
 -0.0000003803
  0.0000021895
 -0.0000009981
  0.0000001737
  0.0000005027
  0.0000008499
  0.0000098584
  0.0000009414
  0.0000037078
  0.0000025743
 -0.0000005595
 -0.0000018067
  0.0000064138
 -0.0000003003
  0.0000013674
 -0.0000004210
  0.0000022027
  0.0000054603
  0.0000002010
  0.0000020027
  0.0000018751
  0.0000002191
  0.0000037004
 -0.0000054295
 -0.0000012127
  0.0000007421
 -0.0000013970
  0.0000012159
 -0.0000003045
 -0.0000018610
  0.0000013140
  0.0000039647
  0.0000022197
 -0.0000018962
  0.0000041887
  0.0000054201
  0.0000044483
  0.0000100849
  0.0000067345
  0.0000060669
 -0.0000006161
  0.0000036326
  0.0000008644
 -0.0000004003
  0.0000015478
  0.0000036425
  0.0000020310
  0.0000032181
  0.0000050002
  0.0000006643
  0.0000004450
  0.0000007659
  0.0000000948
 -0.0000031205
  0.0000042938
  0.0000028641
 -0.0000009431
  0.0000006055
 -0.0000007188
  0.0000037901
  0.0000037480
  0.0000085628
  0.0000035984
  0.0000080067
  0.0000121801
  0.0000111245
  0.0000016169
  0.0000036564
  0.0000073695
  0.0000108220
  0.0000009492
 -0.0000051636
  0.0000025026
  0.0000018005
  0.0000017581
  0.0000008359
 -0.0000033783
 -0.0000021820
 -0.0000002006
  0.0000034022
  0.0000041058
  0.0000002026
  0.0000029689
  0.0000024513
  0.0000023401
 -0.0000003754
  0.0000016448
 -0.0000020224
 -0.0000012984
 -0.0000006112
 -0.0000006367
  0.0000030730
  0.0000030165
  0.0000004910
  0.0000023865
  0.0000023866
 -0.0000006581
 -0.0000018170
  0.0000021447
  0.0000036899
  0.0000005528
 -0.0000006766
 -0.0000012863
  0.0000033032
  0.0000041684
 -0.0000033090
  0.0000001668
 -0.0000004559
  0.0000033000
  0.0000077544
  0.0000014120
 -0.0000052880
  0.0000008220
  0.0000037233
  0.0000028832
  0.0000021920
 -0.0000010308
 -0.0000034755
  0.0000005705
