  0.0000063556
 -0.0000026221
  0.0000000205
 -0.0000002544
 -0.0000013920
 -0.0000001460
  0.0000001197
 -0.0000020002
  0.0000013481
 -0.0000004916
  0.0000013617
 -0.0000007247
  0.0000001435
  0.0000034795
 -0.0000038447
  0.0000054054
  0.0000016968
  0.0000016073
  0.0000011374
  0.0000001658
 -0.0000018221
  0.0000034845
  0.0000002718
 -0.0000016116
  0.0000000223
 -0.0000029786
  0.0000023670
 -0.0000020763
  0.0000009824
 -0.0000013436
 -0.0000027321
  0.0000021946
 -0.0000030731
 -0.0000013149
 -0.0000003394
 -0.0000009297
  0.0000013223
 -0.0000056393
  0.0000017376
 -0.0000055789
  0.0000023193
 -0.0000016973
 -0.0000003620
 -0.0000006680
  0.0000012123
  0.0000016086
 -0.0000032572
  0.0000014795
  0.0000040881
 -0.0000023362
 -0.0000110370
 -0.0000004660
 -0.0000047730
 -0.0000030796
 -0.0000079031
 -0.0000075725
  0.0000051192
 -0.0000026309
  0.0000034303
 -0.0000030943
  0.0000002288
  0.0000161051
  0.0000017408
 -0.0000018224
 -0.0000001914
 -0.0000000717
  0.0000102682
  0.0000063841
 -0.0000006980
  0.0000008258
 -0.0000041468
 -0.0000025180
 -0.0000000229
  0.0000019224
 -0.0000056341
 -0.0000003043
 -0.0000009747
  0.0000001427
 -0.0000025441
 -0.0000041015
  0.0000060810
  0.0000066648
 -0.0000031956
 -0.0000013086
 -0.0000013473
 -0.0000011109
  0.0000014885
 -0.0000009148
 -0.0000006112
  0.0000026578
  0.0000971172
 -0.0000003220
 -0.0000096700
  0.0000226249
 -0.0000375071
  0.0000199421
  0.0000019575
 -0.0000095266
  0.0000155456
  0.0000117149
 -0.0000160249
 -0.0000303236
 -0.0000151648
 -0.0000010259
 -0.0000085941
  0.0000211594
 -0.0000579188
  0.0000123594
 -0.0000244366
 -0.0000010363
 -0.0000083063
 -0.0000002873
  0.0000069492
 -0.0000218837
 -0.0000451201
  0.0000076618
 -0.0000028583
 -0.0000020008
 -0.0000144378
 -0.0000034718
 -0.0000042800
 -0.0000148110
 -0.0000065958
  0.0000003539
 -0.0000056606
  0.0000259487
 -0.0000051272
  0.0000004806
  0.0000024641
 -0.0000016676
  0.0000270419
  0.0000419057
  0.0000020763
  0.0000435044
 -0.0000011758
 -0.0000050922
  0.0000061813
  0.0000048227
  0.0000008936
  0.0000061339
  0.0000034919
  0.0000008188
  0.0000026826
  0.0000026490
  0.0000023732
  0.0000062294
  0.0000025894
  0.0000014755
 -0.0000029707
  0.0000000205
  0.0000008530
  0.0000028538
  0.0000004281
  0.0000008820
 -0.0000003905
  0.0000005747
  0.0000023649
  0.0000029900
 -0.0000003855
  0.0000019817
  0.0000032913
  0.0000017944
  0.0000028022
  0.0000016698
  0.0000009828
  0.0000004289
  0.0000009307
  0.0000014914
  0.0000037059
  0.0000024535
 -0.0000010585
  0.0000001935
 -0.0000006345
  0.0000021687
  0.0000021576
  0.0000006317
 -0.0000023978
 -0.0000032891
  0.0000104487
 -0.0000078929
 -0.0000052564
 -0.0000029372
 -0.0000072021
 -0.0000043181
 -0.0000038366
  0.0000004549
 -0.0000046242
 -0.0000039537
  0.0000060751
  0.0000024699
 -0.0000041720
 -0.0000009671
 -0.0000028953
  0.0000124871
  0.0000036952
  0.0000030103
  0.0000000356
 -0.0000010954
  0.0000010376
  0.0000008308
  0.0000016748
 -0.0000034501
 -0.0000039894
 -0.0000045496
 -0.0000032668
  0.0000018918
  0.0000000935
  0.0000073146
  0.0000013612
 -0.0000034188
  0.0000030009
  0.0000019556
 -0.0000033672
  0.0000026099
  0.0000024765
  0.0000020032
 -0.0000042958
  0.0000618880
 -0.0000044381
  0.0000012554
 -0.0000445613
 -0.0000418964
  0.0000164231
 -0.0000141671
  0.0000091190
 -0.0000035275
  0.0000110778
  0.0000362532
 -0.0000245703
 -0.0000051332
 -0.0000078665
  0.0000094233
  0.0000265456
 -0.0000904926
 -0.0000091188
 -0.0000072702
 -0.0000072360
 -0.0000035536
 -0.0000154322
 -0.0000360400
  0.0000048420
 -0.0000011362
  0.0000035312
 -0.0000126311
 -0.0000068018
 -0.0000056038
 -0.0000111686
  0.0000023169
 -0.0000037001
  0.0000345451
  0.0000038337
  0.0000079249
  0.0000292515
  0.0000491197
  0.0000488894
 -0.0000005869
 -0.0000112138
  0.0000057547
 -0.0000013372
  0.0000000016
  0.0000004346
 -0.0000003485
 -0.0000029608
 -0.0000032240
 -0.0000032897
 -0.0000004552
 -0.0000013951
 -0.0000017436
  0.0000014975
 -0.0000008071
 -0.0000018688
 -0.0000004641
 -0.0000006867
 -0.0000004798
 -0.0000006395
 -0.0000041366
 -0.0000045526
 -0.0000018655
 -0.0000008267
  0.0000005433
 -0.0000047033
  0.0000014421
 -0.0000019720
  0.0000022784
  0.0000003315
 -0.0000032091
  0.0000009906
 -0.0000013787
 -0.0000003909
  0.0000027767
 -0.0000027554
 -0.0000055371
  0.0000001129
 -0.0000001234
 -0.0000030741
 -0.0000080264
 -0.0000002664
  0.0000016514
 -0.0000052121
  0.0000038997
 -0.0000034068
 -0.0000020384
  0.0000119967
  0.0000015549
 -0.0000046873
  0.0000026414
  0.0000004504
  0.0000180317
  0.0000038992
  0.0000017035
 -0.0000040712
 -0.0000020684
 -0.0000022834
 -0.0000001850
 -0.0000011945
  0.0000004142
  0.0000005814
 -0.0000012818
 -0.0000035307
  0.0000024193
  0.0000045019
  0.0000001028
  0.0000040300
 -0.0000053160
 -0.0000029212
  0.0000063335
 -0.0000043267
 -0.0000013017
 -0.0000045788
  0.0001060039
 -0.0000032270
 -0.0000098232
  0.0000258979
 -0.0000364700
  0.0000289596
  0.0000051141
 -0.0000059466
  0.0000133517
  0.0000082681
 -0.0000174387
 -0.0000297495
 -0.0000126577
  0.0000024133
 -0.0000073281
  0.0000224638
 -0.0000649573
  0.0000258579
 -0.0000000466
 -0.0000204707
 -0.0000005781
  0.0000127267
 -0.0000221093
 -0.0000477807
  0.0000084591
 -0.0000024285
 -0.0000023274
 -0.0000130622
 -0.0000043256
 -0.0000071140
 -0.0000163829
  0.0000010494
 -0.0000000557
  0.0000253715
 -0.0000035598
 -0.0000028931
  0.0000028252
 -0.0000006176
  0.0000377946
  0.0000009900
  0.0000454394
  0.0000033372
 -0.0000040737
  0.0000032099
 -0.0000006307
 -0.0000003744
  0.0000004081
  0.0000007360
 -0.0000036272
 -0.0000019327
 -0.0000010843
  0.0000004699
  0.0000014723
 -0.0000029786
  0.0000025377
  0.0000015145
 -0.0000015831
  0.0000008486
 -0.0000004344
 -0.0000035599
 -0.0000025246
  0.0000000815
  0.0000003874
 -0.0000023043
 -0.0000024945
 -0.0000023896
 -0.0000005112
 -0.0000008872
  0.0000005221
 -0.0000017257
 -0.0000042671
  0.0000013995
  0.0000045077
  0.0000003224
 -0.0000009269
 -0.0000030278
  0.0000012581
 -0.0000002859
 -0.0000012918
  0.0000028560
  0.0000029991
 -0.0000045536
  0.0000016793
 -0.0000063411
 -0.0000023446
 -0.0000086424
 -0.0000059221
  0.0000006961
 -0.0000054940
  0.0000025691
 -0.0000026738
 -0.0000022483
  0.0000115588
  0.0000004254
 -0.0000034795
 -0.0000001384
 -0.0000011059
  0.0000118480
  0.0000037324
  0.0000008826
 -0.0000033785
 -0.0000000360
 -0.0000020733
 -0.0000009044
 -0.0000037040
 -0.0000004666
 -0.0000016326
  0.0000005389
 -0.0000047661
 -0.0000067391
  0.0000023578
  0.0000045698
 -0.0000038989
 -0.0000008332
  0.0000001413
 -0.0000008582
  0.0000014667
 -0.0000016443
 -0.0000013777
  0.0000028496
  0.0001029592
  0.0000048176
  0.0000252399
 -0.0000466748
 -0.0000382210
  0.0000203820
 -0.0000049686
 -0.0000079098
  0.0000125693
  0.0000008315
  0.0000013485
 -0.0000206160
  0.0000099677
 -0.0000207757
  0.0000086330
  0.0000282853
 -0.0000881953
 -0.0000127853
 -0.0000100344
  0.0000030586
 -0.0000050186
 -0.0000046895
  0.0000060623
 -0.0000105938
 -0.0000428887
  0.0000122192
 -0.0000001081
  0.0000061129
 -0.0000215315
 -0.0000084730
 -0.0000059689
 -0.0000108710
  0.0000014082
 -0.0000041568
  0.0000361257
  0.0000046556
 -0.0000032719
  0.0000041623
  0.0000013346
  0.0000276067
 -0.0000141115
  0.0000437616
  0.0000028629
  0.0000513654
 -0.0000006346
  0.0000082057
 -0.0000130217
  0.0000046665
  0.0000032295
  0.0000040623
  0.0000033263
  0.0000028968
  0.0000027120
  0.0000016119
  0.0000016780
  0.0000008311
  0.0000013441
  0.0000054239
  0.0000021026
  0.0000018826
  0.0000027371
  0.0000006946
  0.0000026099
 -0.0000021269
  0.0000013386
  0.0000002635
  0.0000009908
 -0.0000005163
  0.0000052552
  0.0000024495
  0.0000017713
  0.0000054702
 -0.0000020448
  0.0000050442
  0.0000010598
  0.0000013889
 -0.0000004083
 -0.0000013069
  0.0000027943
  0.0000021765
  0.0000004104
  0.0000030638
  0.0000008343
 -0.0000027444
  0.0000025910
 -0.0000053247
 -0.0000007861
 -0.0000050812
 -0.0000034066
  0.0000010303
 -0.0000059734
  0.0000067347
 -0.0000020947
 -0.0000024384
  0.0000159567
 -0.0000016273
 -0.0000035456
  0.0000008310
  0.0000014221
  0.0000148622
  0.0000076795
 -0.0000004627
  0.0000048020
 -0.0000008421
  0.0000016898
  0.0000018491
  0.0000009363
 -0.0000038278
  0.0000013123
  0.0000014564
  0.0000019779
  0.0000039794
 -0.0000008207
  0.0000070354
 -0.0000000881
 -0.0000004993
 -0.0000028468
 -0.0000005200
  0.0000008085
  0.0000005258
 -0.0000009497
  0.0000007608
 -0.0000018266
  0.0001067522
 -0.0000038383
 -0.0000122537
  0.0000185549
 -0.0000395096
  0.0000286007
  0.0000056190
 -0.0000128570
  0.0000117660
  0.0000046380
 -0.0000276789
 -0.0000364437
 -0.0000106724
  0.0000028836
 -0.0000085997
  0.0000222712
 -0.0000901509
  0.0000235508
  0.0000175157
 -0.0000028125
  0.0000001847
 -0.0000233572
 -0.0000494391
  0.0000058452
 -0.0000060394
 -0.0000039487
 -0.0000095500
 -0.0000057325
 -0.0000238123
 -0.0000023403
  0.0000288331
 -0.0000042001
 -0.0000024444
  0.0000014158
  0.0000031827
  0.0000354706
 -0.0000086858
  0.0000449636
 -0.0000017195
 -0.0000024218
  0.0000025803
  0.0000018487
  0.0000002761
 -0.0000009787
  0.0000010571
 -0.0000001592
 -0.0000029911
 -0.0000030924
 -0.0000006605
 -0.0000008646
  0.0000002349
 -0.0000016953
  0.0000036646
 -0.0000014588
 -0.0000024833
 -0.0000005815
 -0.0000012779
 -0.0000005402
 -0.0000012172
 -0.0000029462
 -0.0000009684
 -0.0000003929
 -0.0000027707
 -0.0000030124
 -0.0000009882
  0.0000007264
  0.0000014245
  0.0000029730
 -0.0000032970
  0.0000014247
 -0.0000000843
 -0.0000024996
  0.0000045100
  0.0000002252
 -0.0000013803
  0.0000003313
 -0.0000014100
  0.0000006473
  0.0000010723
  0.0000007691
  0.0000009960
 -0.0000018212
 -0.0000042577
  0.0000108443
 -0.0000087349
 -0.0000038478
 -0.0000046928
 -0.0000073072
 -0.0000069168
 -0.0000009058
 -0.0000005646
 -0.0000050555
 -0.0000022752
  0.0000082473
  0.0000044748
 -0.0000030032
 -0.0000000661
  0.0000016728
  0.0000116684
  0.0000050193
  0.0000036586
 -0.0000027066
  0.0000008589
  0.0000018680
  0.0000004480
 -0.0000034763
 -0.0000015132
  0.0000060663
 -0.0000011951
 -0.0000019715
 -0.0000021572
  0.0000045459
  0.0000023197
 -0.0000075249
  0.0000009950
  0.0000012144
 -0.0000011602
  0.0000075448
 -0.0000019551
 -0.0000000765
 -0.0000043616
  0.0000397422
 -0.0000005712
 -0.0000103408
 -0.0000295035
 -0.0000445280
  0.0000143559
 -0.0000089783
  0.0000147383
 -0.0000021679
  0.0000107517
  0.0000733938
 -0.0000228377
  0.0000056112
  0.0000030166
 -0.0000000218
  0.0000250861
 -0.0001021564
  0.0000015140
 -0.0000102568
 -0.0000053200
 -0.0000112998
 -0.0000121407
  0.0000025031
  0.0000058014
 -0.0000201926
 -0.0000395845
  0.0000117902
 -0.0000004396
  0.0000047945
  0.0000100495
 -0.0000120403
 -0.0000051576
 -0.0000042323
 -0.0000016563
  0.0000025697
 -0.0000051175
  0.0000566218
  0.0000025124
 -0.0000011402
  0.0000073278
 -0.0000006807
 -0.0000002834
 -0.0000003466
  0.0000459054
 -0.0000010714
 -0.0000026634
  0.0000431701
 -0.0000004018
  0.0000028284
 -0.0000123205
  0.0000003197
  0.0000059703
  0.0000034306
 -0.0000004805
 -0.0000010426
 -0.0000004627
 -0.0000023682
  0.0000012566
 -0.0000016205
  0.0000005149
 -0.0000015727
 -0.0000017008
  0.0000011594
  0.0000025102
  0.0000031264
  0.0000010169
 -0.0000006522
 -0.0000010085
  0.0000017943
 -0.0000011564
 -0.0000016022
 -0.0000017538
  0.0000014014
  0.0000028525
 -0.0000030941
 -0.0000027587
 -0.0000000657
 -0.0000008191
 -0.0000019776
  0.0000007344
  0.0000012265
  0.0000026337
 -0.0000040729
  0.0000023587
 -0.0000037994
  0.0000005789
  0.0000009749
 -0.0000012005
  0.0000048215
  0.0000009801
  0.0000003558
  0.0000044916
 -0.0000029186
 -0.0000043896
  0.0000103697
 -0.0000110556
 -0.0000008604
 -0.0000050557
 -0.0000097052
 -0.0000036213
 -0.0000033801
 -0.0000005339
  0.0000022055
  0.0000001881
  0.0000086298
  0.0000003874
 -0.0000007230
 -0.0000008844
  0.0000002443
  0.0000104184
  0.0000051446
  0.0000032671
  0.0000012119
 -0.0000028742
  0.0000016846
  0.0000004859
 -0.0000057701
  0.0000017077
 -0.0000024870
  0.0000023561
 -0.0000012954
  0.0000008931
  0.0000005453
  0.0000003370
 -0.0000003238
 -0.0000017505
  0.0000333315
 -0.0000011145
 -0.0000081373
 -0.0000144636
 -0.0000518550
  0.0000122045
 -0.0000048037
  0.0000191107
  0.0000013655
  0.0000105405
  0.0000820433
 -0.0000170952
  0.0000010044
 -0.0000021412
 -0.0000208087
  0.0000302484
 -0.0001092949
 -0.0000059361
 -0.0000000508
 -0.0000018435
 -0.0000120130
 -0.0000177319
  0.0000004674
  0.0000034981
 -0.0000275323
 -0.0000456755
  0.0000177323
 -0.0000022916
  0.0000078581
  0.0000113826
 -0.0000140924
 -0.0000044847
 -0.0000092413
 -0.0000020415
  0.0000040944
 -0.0000054126
  0.0000601442
  0.0000024299
 -0.0000045902
  0.0000042122
 -0.0000010653
 -0.0000029161
  0.0000020964
  0.0000446260
  0.0000008075
 -0.0000030119
  0.0000401753
 -0.0000025777
  0.0000013775
 -0.0000120649
 -0.0000014286
  0.0000022391
  0.0000010017
 -0.0000013086
  0.0000016849
  0.0000005106
  0.0000008893
  0.0000003303
  0.0000009769
 -0.0000001478
 -0.0000010029
  0.0000003794
 -0.0000013684
 -0.0000040395
  0.0000012074
 -0.0000019040
 -0.0000030714
 -0.0000002098
  0.0000005864
 -0.0000029871
 -0.0000003170
 -0.0000040916
  0.0000006604
  0.0000011596
  0.0000019415
  0.0000019950
 -0.0000004588
  0.0000004877
 -0.0000033401
  0.0000002853
 -0.0000014275
  0.0000005902
  0.0000000764
  0.0000024647
 -0.0000020996
 -0.0000043998
  0.0000002358
  0.0000004086
  0.0000014573
  0.0000021754
  0.0000027041
 -0.0000032665
 -0.0000041385
  0.0000096509
 -0.0000089837
 -0.0000026730
 -0.0000039453
 -0.0000087458
 -0.0000036655
 -0.0000038120
  0.0000039538
 -0.0000035916
 -0.0000020353
  0.0000060650
  0.0000021920
 -0.0000018874
 -0.0000007434
 -0.0000016267
  0.0000116937
  0.0000032211
  0.0000048942
  0.0000008855
 -0.0000010091
  0.0000005433
  0.0000005425
  0.0000017269
 -0.0000050788
  0.0000000040
  0.0000021363
  0.0000031473
 -0.0000021759
  0.0000016976
  0.0000019851
  0.0000023059
  0.0000009253
  0.0000028317
 -0.0000004241
  0.0000021476
 -0.0000018059
 -0.0000008280
 -0.0000007256
 -0.0000009447
  0.0000351981
  0.0000008884
 -0.0000035890
 -0.0000319665
 -0.0000437179
  0.0000106399
 -0.0000099737
  0.0000209639
 -0.0000035862
  0.0000128811
  0.0000743051
 -0.0000176951
  0.0000007588
  0.0000062587
  0.0000020561
  0.0000256744
 -0.0001033806
  0.0000091135
 -0.0000005877
 -0.0000016465
 -0.0000091398
 -0.0000077282
 -0.0000182481
 -0.0000358802
  0.0000157543
 -0.0000029104
  0.0000069889
 -0.0000086672
 -0.0000085517
 -0.0000046587
 -0.0000172737
  0.0000023086
 -0.0000030920
  0.0000460950
  0.0000032424
  0.0000004100
  0.0000080463
 -0.0000015467
  0.0000104048
 -0.0000076025
  0.0000480488
  0.0000010931
  0.0000050774
  0.0000455580
 -0.0000019452
 -0.0000145138
  0.0000070362
 -0.0000012741
 -0.0000007513
  0.0000105062
  0.0000014931
 -0.0000017368
 -0.0000004173
 -0.0000005333
  0.0000009506
  0.0000019085
 -0.0000003065
 -0.0000004152
  0.0000040213
  0.0000008483
 -0.0000010597
 -0.0000001001
  0.0000017358
 -0.0000003385
 -0.0000030303
  0.0000010996
 -0.0000017795
 -0.0000002475
  0.0000018787
 -0.0000007172
  0.0000019958
  0.0000015470
  0.0000014463
 -0.0000008705
  0.0000002809
 -0.0000009689
 -0.0000042958
 -0.0000004928
 -0.0000064585
  0.0000017204
  0.0000020651
  0.0000042078
 -0.0000029018
  0.0000005169
  0.0000003916
 -0.0000015972
  0.0000032805
 -0.0000008917
  0.0000001594
 -0.0000085864
 -0.0000009027
 -0.0000073332
 -0.0000010984
 -0.0000051423
 -0.0000094247
 -0.0000001169
 -0.0000027378
  0.0000157305
 -0.0000033024
 -0.0000059674
  0.0000015118
  0.0000037488
 -0.0000065276
  0.0000062072
  0.0000008691
  0.0000091979
 -0.0000002211
  0.0000012921
  0.0000023426
 -0.0000047767
 -0.0000000498
 -0.0000022123
  0.0000047361
 -0.0000076060
 -0.0000024224
  0.0000012147
  0.0000012490
  0.0000018137
 -0.0000011396
 -0.0000010644
  0.0000033739
 -0.0000153142
 -0.0000047756
 -0.0000180494
 -0.0000827800
  0.0000041000
 -0.0000172171
  0.0000540859
 -0.0000086353
  0.0000001887
  0.0000325264
 -0.0000102604
 -0.0000018576
  0.0000087100
  0.0000095216
  0.0000453949
 -0.0000785819
 -0.0000041730
  0.0000043036
 -0.0000018356
 -0.0000121231
 -0.0000275981
 -0.0000022872
  0.0000205059
 -0.0000144207
 -0.0000361659
  0.0000219322
 -0.0000063848
 -0.0000021772
  0.0000044108
 -0.0000230715
 -0.0000059907
 -0.0000332462
 -0.0000036260
  0.0000041271
 -0.0000039722
  0.0000375883
  0.0000146255
  0.0000132504
  0.0000221768
 -0.0000010218
 -0.0000067460
  0.0000051382
  0.0000552829
 -0.0000036781
 -0.0000003219
  0.0000367298
 -0.0000049942
  0.0000155016
 -0.0000000426
  0.0000030321
  0.0000316185
 -0.0000038821
 -0.0000015155
 -0.0000038555
 -0.0000013632
 -0.0000017794
 -0.0000010818
 -0.0000005821
  0.0000003328
  0.0000026822
  0.0000010710
 -0.0000010169
 -0.0000023096
 -0.0000003472
  0.0000014343
 -0.0000001781
  0.0000000497
 -0.0000024729
 -0.0000016926
  0.0000003603
  0.0000002851
  0.0000002375
 -0.0000006596
 -0.0000013840
 -0.0000027983
  0.0000023261
 -0.0000008895
 -0.0000027420
  0.0000011668
 -0.0000005982
 -0.0000058200
  0.0000016462
 -0.0000012219
 -0.0000018741
 -0.0000103856
 -0.0000061819
  0.0000058157
 -0.0000036090
  0.0000009819
 -0.0000017538
 -0.0000028079
  0.0000136251
 -0.0000005884
 -0.0000025571
  0.0000008353
  0.0000009341
  0.0000134038
  0.0000042767
 -0.0000003070
 -0.0000060906
 -0.0000021406
 -0.0000010421
 -0.0000044537
 -0.0000032679
 -0.0000019454
 -0.0000026583
 -0.0000017303
 -0.0000034734
  0.0000032207
 -0.0000016040
 -0.0000032413
 -0.0000001094
  0.0000002972
 -0.0000048460
 -0.0000016055
  0.0000001725
  0.0000012653
 -0.0000070453
  0.0000695063
 -0.0000366172
 -0.0000000482
  0.0000273314
 -0.0000539189
  0.0000245986
  0.0000241363
 -0.0000004956
 -0.0000348088
 -0.0000050859
 -0.0000044687
 -0.0000192551
  0.0000036578
 -0.0000209709
  0.0000059652
  0.0000343825
  0.0000337451
  0.0000067531
  0.0000058580
 -0.0000058956
  0.0000045342
 -0.0000028866
 -0.0000061750
 -0.0000201123
 -0.0000525989
 -0.0000004112
 -0.0000055732
  0.0000018788
 -0.0000089441
 -0.0000090160
 -0.0000003386
  0.0000021028
  0.0000212114
 -0.0000098873
  0.0000053109
  0.0000303572
 -0.0000017880
  0.0000417013
  0.0000053963
 -0.0000038146
  0.0000323641
  0.0000046825
  0.0000054314
 -0.0000001099
 -0.0000036799
  0.0000004916
  0.0000011525
 -0.0000029913
 -0.0000002796
 -0.0000011670
 -0.0000007325
 -0.0000002951
  0.0000021982
 -0.0000042129
  0.0000016803
  0.0000002540
  0.0000022904
  0.0000005450
  0.0000003474
  0.0000009026
 -0.0000004714
 -0.0000015041
  0.0000012847
 -0.0000056598
  0.0000001422
  0.0000022300
  0.0000003855
 -0.0000013831
 -0.0000003458
 -0.0000043577
  0.0000017085
  0.0000021601
 -0.0000015855
  0.0000003977
  0.0000017211
 -0.0000022117
  0.0000010775
 -0.0000031222
  0.0000003640
  0.0000059349
 -0.0000019264
 -0.0000020557
 -0.0000025160
  0.0000022436
  0.0000027554
 -0.0000025926
  0.0000025010
  0.0000047290
 -0.0000025982
  0.0000047041
 -0.0000081087
 -0.0000018965
 -0.0000073269
 -0.0000077691
 -0.0000001763
 -0.0000058530
  0.0000062114
 -0.0000020645
 -0.0000025144
  0.0000104647
 -0.0000007336
 -0.0000033269
 -0.0000011076
 -0.0000000680
  0.0000106043
  0.0000037311
  0.0000002098
  0.0000011943
  0.0000021873
 -0.0000013179
 -0.0000005205
 -0.0000046428
  0.0000007943
 -0.0000023717
  0.0000019595
  0.0000032235
 -0.0000053826
  0.0000019352
 -0.0000042689
 -0.0000010107
  0.0000006879
  0.0000014042
  0.0000016612
 -0.0000050977
  0.0000005860
  0.0000014502
  0.0000023816
  0.0000835004
 -0.0000028170
 -0.0000058360
 -0.0000351612
 -0.0000355859
  0.0000136211
 -0.0000173646
  0.0000028482
 -0.0000100073
  0.0000081625
  0.0000384631
 -0.0000249143
 -0.0000067818
  0.0000086574
  0.0000059878
  0.0000266272
 -0.0000917571
  0.0000024255
  0.0000001816
 -0.0000096797
 -0.0000038766
 -0.0000088037
  0.0000023557
  0.0000051834
 -0.0000163381
 -0.0000384726
  0.0000024088
 -0.0000020857
  0.0000109022
  0.0000005289
 -0.0000091640
 -0.0000059660
 -0.0000204124
 -0.0000018198
  0.0000011230
 -0.0000029420
  0.0000448238
  0.0000131023
 -0.0000038690
 -0.0000006027
 -0.0000018307
  0.0000008228
  0.0000014694
  0.0000452981
  0.0000084252
 -0.0000013786
  0.0000474793
 -0.0000025464
 -0.0000040784
 -0.0000169437
  0.0000090301
  0.0000052959
  0.0000064017
  0.0000017964
 -0.0000005334
 -0.0000005774
  0.0000012720
 -0.0000014572
  0.0000004257
 -0.0000021381
 -0.0000009485
  0.0000003054
 -0.0000041649
  0.0000031960
  0.0000003956
  0.0000013695
 -0.0000007519
 -0.0000010546
  0.0000001409
 -0.0000016841
 -0.0000025568
  0.0000001962
  0.0000003509
  0.0000008164
  0.0000033387
 -0.0000035216
  0.0000009051
  0.0000007301
 -0.0000011782
 -0.0000007919
  0.0000015385
  0.0000001560
  0.0000007460
 -0.0000006350
  0.0000035521
  0.0000035052
 -0.0000020379
 -0.0000012388
  0.0000006580
 -0.0000008750
  0.0000005489
  0.0000020677
  0.0000024460
  0.0000001523
 -0.0000055330
  0.0000096442
 -0.0000096792
 -0.0000012257
 -0.0000026048
 -0.0000112344
 -0.0000023641
 -0.0000015821
  0.0000119939
 -0.0000062870
 -0.0000024209
  0.0000032209
  0.0000044400
 -0.0000031944
 -0.0000004602
  0.0000003458
  0.0000079413
  0.0000008652
  0.0000041859
 -0.0000023098
 -0.0000003547
  0.0000000629
  0.0000015498
 -0.0000059314
  0.0000008056
 -0.0000002451
  0.0000004526
 -0.0000007526
  0.0000025971
 -0.0000004170
 -0.0000001958
 -0.0000027294
  0.0000008642
 -0.0000068962
 -0.0000056398
 -0.0000044648
 -0.0000166664
 -0.0000808142
  0.0000038987
 -0.0000075403
  0.0000473837
 -0.0000035429
  0.0000098803
  0.0000686685
 -0.0000085274
 -0.0000180040
  0.0000069569
  0.0000182609
  0.0000477580
 -0.0000915620
 -0.0000126813
 -0.0000059950
  0.0000033427
 -0.0000138921
 -0.0000185798
  0.0000111774
  0.0000105064
 -0.0000280208
 -0.0000458751
  0.0000192602
 -0.0000027718
  0.0000055045
  0.0000125898
 -0.0000127893
 -0.0000040088
 -0.0000285810
 -0.0000013446
  0.0000045596
 -0.0000052341
  0.0000448555
  0.0000072491
  0.0000034563
  0.0000141682
 -0.0000021545
 -0.0000008239
 -0.0000007391
  0.0000485005
 -0.0000051222
 -0.0000025635
  0.0000407283
 -0.0000007307
  0.0000042487
 -0.0000068372
 -0.0000006678
  0.0000080622
  0.0000000652
  0.0000005028
  0.0000021609
  0.0000003954
 -0.0000029305
 -0.0000005612
 -0.0000003281
  0.0000003210
 -0.0000012122
 -0.0000005026
  0.0000027230
 -0.0000023081
  0.0000007736
 -0.0000015462
 -0.0000026828
 -0.0000014345
  0.0000007111
 -0.0000023999
 -0.0000010874
 -0.0000002182
 -0.0000015239
 -0.0000008235
 -0.0000016729
  0.0000004578
  0.0000031796
  0.0000042775
 -0.0000009374
 -0.0000017390
 -0.0000000839
 -0.0000005386
  0.0000019948
  0.0000011137
  0.0000042989
  0.0000034031
 -0.0000009550
  0.0000007425
  0.0000005854
  0.0000016924
  0.0000031047
  0.0000030596
  0.0000042607
  0.0000018766
 -0.0000044458
  0.0000022460
 -0.0000014559
 -0.0000021901
 -0.0000035528
 -0.0000067001
 -0.0000010278
 -0.0000021022
  0.0000190473
 -0.0000025734
 -0.0000014441
  0.0000056105
  0.0000042791
 -0.0000005119
  0.0000040773
 -0.0000011849
  0.0000140181
  0.0000035085
  0.0000079917
  0.0000021770
 -0.0000000096
 -0.0000020649
  0.0000007354
  0.0000031159
 -0.0000044140
  0.0000018899
  0.0000029014
  0.0000000761
  0.0000012566
 -0.0000020316
 -0.0000000241
  0.0000001555
 -0.0000004528
  0.0000011029
 -0.0000015792
 -0.0000027104
 -0.0000007580
 -0.0000067790
 -0.0000041133
 -0.0000044045
 -0.0000167644
 -0.0000939762
  0.0000104932
 -0.0000066584
  0.0000508838
 -0.0000051602
  0.0000091256
  0.0000463569
 -0.0000150253
 -0.0000021410
  0.0000067360
 -0.0000199166
  0.0000481383
 -0.0000981558
 -0.0000028462
 -0.0000099440
  0.0000054474
 -0.0000074497
 -0.0000186157
  0.0000040749
 -0.0000279811
 -0.0000472451
  0.0000127664
 -0.0000022531
  0.0000057056
  0.0000081622
 -0.0000119560
 -0.0000044657
 -0.0000052936
 -0.0000005485
  0.0000045705
 -0.0000012430
  0.0000558760
 -0.0000024102
 -0.0000041184
  0.0000161948
 -0.0000016916
 -0.0000075712
 -0.0000019897
  0.0000531067
 -0.0000003140
 -0.0000046184
  0.0000407859
 -0.0000020817
  0.0000035003
 -0.0000095263
  0.0000020203
  0.0000026914
  0.0000039549
  0.0000005452
 -0.0000015263
 -0.0000003640
  0.0000001441
 -0.0000024781
  0.0000004940
  0.0000002895
 -0.0000013103
  0.0000003710
  0.0000029954
 -0.0000025790
  0.0000018585
  0.0000005409
  0.0000017797
  0.0000006094
 -0.0000010737
 -0.0000007285
  0.0000014329
 -0.0000001267
  0.0000021499
 -0.0000025626
  0.0000044412
  0.0000024289
  0.0000007956
 -0.0000020032
 -0.0000013426
 -0.0000027937
  0.0000003919
  0.0000002641
 -0.0000012147
 -0.0000007494
  0.0000037233
  0.0000000314
  0.0000011386
  0.0000011327
 -0.0000010874
  0.0000018057
 -0.0000014396
  0.0000013764
 -0.0000007327
 -0.0000017084
 -0.0000038529
  0.0000006520
  0.0000015348
  0.0000037186
 -0.0000005925
 -0.0000046879
  0.0000102383
 -0.0000108691
 -0.0000069552
 -0.0000052491
 -0.0000101532
 -0.0000027274
 -0.0000021786
 -0.0000009390
 -0.0000036360
 -0.0000018074
  0.0000092299
  0.0000015498
 -0.0000027353
  0.0000013395
  0.0000011289
  0.0000103523
  0.0000056468
  0.0000044314
  0.0000006094
 -0.0000032739
  0.0000017027
  0.0000003539
 -0.0000061609
 -0.0000017560
  0.0000018287
 -0.0000007910
 -0.0000010157
 -0.0000001876
  0.0000004959
 -0.0000002869
  0.0000005486
  0.0000334038
  0.0000003834
 -0.0000051427
 -0.0000165411
 -0.0000573755
  0.0000113507
  0.0000001486
  0.0000228932
 -0.0000025799
  0.0000128187
  0.0000827559
 -0.0000127569
 -0.0000095163
  0.0000052890
 -0.0000114485
  0.0000355726
 -0.0001030651
 -0.0000077221
 -0.0000032385
  0.0000012779
 -0.0000127061
 -0.0000159658
  0.0000021066
  0.0000041202
 -0.0000282138
 -0.0000424199
  0.0000202549
 -0.0000025477
  0.0000099535
  0.0000085997
 -0.0000102672
 -0.0000058013
 -0.0000148250
 -0.0000021370
  0.0000025196
 -0.0000056974
  0.0000509952
  0.0000031325
 -0.0000035893
  0.0000102024
 -0.0000011975
 -0.0000101380
 -0.0000017584
  0.0000495376
  0.0000027211
 -0.0000069893
  0.0000405179
 -0.0000029285
  0.0000030493
 -0.0000117633
 -0.0000011782
  0.0000031800
 -0.0000004617
 -0.0000005752
 -0.0000007127
  0.0000004412
 -0.0000015251
 -0.0000003084
  0.0000001122
 -0.0000025917
  0.0000015895
  0.0000032810
 -0.0000005828
  0.0000041791
  0.0000003635
 -0.0000005696
  0.0000010121
  0.0000000961
 -0.0000007476
 -0.0000008895
  0.0000013968
 -0.0000004607
 -0.0000006484
 -0.0000002272
  0.0000016801
 -0.0000007666
 -0.0000041516
 -0.0000013378
 -0.0000049136
  0.0000005527
  0.0000004646
 -0.0000017276
  0.0000008087
  0.0000015124
 -0.0000007166
 -0.0000044324
  0.0000015528
  0.0000008357
  0.0000036936
  0.0000010930
 -0.0000009236
 -0.0000002742
 -0.0000015802
  0.0000012826
  0.0000034223
 -0.0000012616
 -0.0000064963
 -0.0000005599
 -0.0000059335
 -0.0000026414
 -0.0000076116
 -0.0000069018
  0.0000021349
 -0.0000037977
  0.0000022181
 -0.0000027836
 -0.0000007419
  0.0000155345
  0.0000024788
 -0.0000024574
  0.0000013548
 -0.0000014940
  0.0000107910
  0.0000071036
  0.0000032349
  0.0000020968
 -0.0000042895
  0.0000004098
  0.0000011601
 -0.0000047162
 -0.0000000482
  0.0000004589
  0.0000018686
 -0.0000016749
  0.0000000959
  0.0000011823
  0.0000040978
 -0.0000010234
 -0.0000003380
 -0.0000014783
  0.0000004498
  0.0000034688
 -0.0000010899
 -0.0000024758
  0.0000022987
  0.0001038887
 -0.0000078467
  0.0000093239
 -0.0000575008
 -0.0000346353
  0.0000201421
 -0.0000099915
 -0.0000071859
  0.0000042417
  0.0000034182
  0.0000081786
 -0.0000184408
 -0.0000034588
 -0.0000160558
  0.0000098570
  0.0000245290
 -0.0000851946
 -0.0000085840
 -0.0000062304
  0.0000054657
 -0.0000009705
 -0.0000035513
 -0.0000000384
  0.0000082934
 -0.0000138393
 -0.0000369091
  0.0000146222
  0.0000010048
  0.0000046491
 -0.0000365684
 -0.0000049376
 -0.0000048751
 -0.0000215078
  0.0000055461
  0.0000037041
 -0.0000056678
  0.0000347526
  0.0000029615
 -0.0000010695
  0.0000052267
  0.0000024338
  0.0000307300
 -0.0000090846
  0.0000490385
  0.0000008432
  0.0000021559
  0.0000487955
 -0.0000008643
  0.0000045236
 -0.0000103022
  0.0000007803
  0.0000029110
 -0.0000004629
  0.0000039734
  0.0000009678
  0.0000017950
  0.0000021786
 -0.0000005821
 -0.0000024594
  0.0000024947
 -0.0000005803
  0.0000017650
 -0.0000010758
  0.0000047574
 -0.0000012464
 -0.0000005635
 -0.0000001804
 -0.0000001448
 -0.0000006662
 -0.0000031734
 -0.0000005515
  0.0000019329
 -0.0000024618
  0.0000053942
 -0.0000004154
  0.0000019992
 -0.0000008777
  0.0000038691
 -0.0000011055
 -0.0000021727
 -0.0000014549
  0.0000055252
 -0.0000035943
  0.0000007893
  0.0000001925
  0.0000022091
  0.0000038762
 -0.0000018909
  0.0000036396
  0.0000046510
 -0.0000035815
 -0.0000069155
  0.0000048025
 -0.0000057625
  0.0000007787
 -0.0000038114
 -0.0000072480
 -0.0000013048
 -0.0000025234
 -0.0000023538
 -0.0000025588
 -0.0000006951
  0.0000123466
  0.0000010333
 -0.0000016272
  0.0000011045
  0.0000021482
  0.0000123660
  0.0000070629
  0.0000036530
 -0.0000037978
  0.0000002907
  0.0000025808
  0.0000039792
 -0.0000036124
 -0.0000024990
 -0.0000010229
 -0.0000002513
 -0.0000005561
 -0.0000038372
 -0.0000026574
  0.0000037477
 -0.0000027809
  0.0000016436
  0.0000013806
 -0.0000016775
  0.0000022280
 -0.0000023983
 -0.0000014699
  0.0000020268
  0.0000686932
 -0.0000023125
 -0.0000052284
 -0.0000392525
 -0.0000353693
  0.0000161139
 -0.0000199639
  0.0000101171
 -0.0000137175
  0.0000081602
  0.0000513109
 -0.0000214955
 -0.0000000128
  0.0000077129
  0.0000098358
  0.0000233105
 -0.0000865316
 -0.0000027774
 -0.0000030310
 -0.0000033680
 -0.0000105283
 -0.0000082179
  0.0000059481
 -0.0000192111
 -0.0000373883
  0.0000101443
 -0.0000007099
  0.0000087822
 -0.0000091595
 -0.0000066381
 -0.0000047404
 -0.0000161487
 -0.0000008770
  0.0000035565
 -0.0000060924
  0.0000454129
  0.0000063460
 -0.0000041073
 -0.0000004148
 -0.0000011369
  0.0000090281
 -0.0000017921
  0.0000461847
  0.0000053081
  0.0000024939
  0.0000443432
 -0.0000010042
 -0.0000008047
 -0.0000126292
  0.0000034157
  0.0000051881
 -0.0000007698
  0.0000015216
 -0.0000013023
  0.0000008718
  0.0000004705
  0.0000013156
 -0.0000003801
 -0.0000005010
 -0.0000006689
  0.0000014023
 -0.0000017466
  0.0000064474
 -0.0000001269
  0.0000028124
  0.0000014814
 -0.0000004957
 -0.0000014895
 -0.0000018037
  0.0000026532
  0.0000002075
  0.0000019522
  0.0000001724
 -0.0000020035
  0.0000018035
 -0.0000010040
 -0.0000000912
 -0.0000000012
  0.0000026204
  0.0000001961
 -0.0000026343
 -0.0000042844
  0.0000031496
  0.0000022969
  0.0000016515
 -0.0000030287
  0.0000008348
 -0.0000001599
  0.0000005111
  0.0000020035
  0.0000028517
 -0.0000004328
 -0.0000053986
  0.0000096620
 -0.0000068613
 -0.0000052258
 -0.0000023493
 -0.0000079788
 -0.0000036995
 -0.0000033966
  0.0000097470
 -0.0000029081
 -0.0000022702
  0.0000046087
  0.0000027881
 -0.0000031288
  0.0000025288
 -0.0000035279
  0.0000109749
  0.0000020800
  0.0000032010
 -0.0000022015
 -0.0000000839
  0.0000009651
  0.0000013822
 -0.0000040819
  0.0000008486
 -0.0000012502
  0.0000017539
 -0.0000000764
 -0.0000006656
 -0.0000020757
 -0.0000003894
 -0.0000020748
 -0.0000013569
 -0.0000021983
 -0.0000142297
 -0.0000736557
  0.0000080615
  0.0000032566
  0.0000362323
 -0.0000041246
  0.0000115498
  0.0000819603
 -0.0000155371
 -0.0000093934
  0.0000098932
 -0.0000182349
  0.0000457890
 -0.0001071452
 -0.0000075997
 -0.0000060951
 -0.0000015275
 -0.0000173771
 -0.0000132848
  0.0000005961
  0.0000054712
 -0.0000264592
 -0.0000428436
  0.0000090994
 -0.0000029366
  0.0000001856
  0.0000141267
 -0.0000096803
 -0.0000059941
 -0.0000189771
 -0.0000014507
  0.0000024480
 -0.0000041429
  0.0000468203
 -0.0000043220
 -0.0000044258
  0.0000154358
 -0.0000013959
 -0.0000009721
 -0.0000029023
  0.0000512882
 -0.0000020517
  0.0000018560
  0.0000461303
 -0.0000006560
  0.0000044993
 -0.0000120658
 -0.0000001970
  0.0000033285
 -0.0000001980
  0.0000001283
  0.0000020052
  0.0000009596
 -0.0000039105
 -0.0000010419
 -0.0000013776
  0.0000007727
  0.0000018964
  0.0000005118
 -0.0000027671
 -0.0000011858
 -0.0000024382
 -0.0000010816
  0.0000000801
 -0.0000021287
 -0.0000017819
 -0.0000003535
 -0.0000010505
  0.0000023372
  0.0000008515
  0.0000023101
 -0.0000010576
 -0.0000000538
 -0.0000005594
 -0.0000008940
  0.0000010885
  0.0000048206
 -0.0000012617
 -0.0000025538
  0.0000023357
  0.0000001776
  0.0000010945
  0.0000037162
 -0.0000001533
 -0.0000013387
 -0.0000048731
  0.0000104448
 -0.0000038686
 -0.0000020649
 -0.0000026921
 -0.0000074171
 -0.0000064369
 -0.0000016289
  0.0000097345
 -0.0000039885
 -0.0000053321
  0.0000039080
  0.0000045911
 -0.0000041876
  0.0000000821
 -0.0000009210
  0.0000122646
  0.0000010587
  0.0000031505
  0.0000009830
 -0.0000016483
 -0.0000017013
 -0.0000000015
  0.0000027545
 -0.0000034735
  0.0000046765
  0.0000013180
  0.0000025419
  0.0000013547
 -0.0000004062
  0.0000012700
  0.0000003657
 -0.0000019446
 -0.0000054153
 -0.0000007459
  0.0000038876
  0.0000019363
  0.0000020739
  0.0000007615
 -0.0000000824
  0.0000159804
 -0.0000007602
 -0.0000064970
 -0.0000159678
 -0.0000647268
  0.0000112634
 -0.0000055610
  0.0000352939
  0.0000007996
  0.0000100872
  0.0000779397
 -0.0000114397
  0.0000018747
 -0.0000035604
 -0.0000101433
  0.0000299694
 -0.0001062710
 -0.0000025531
 -0.0000059251
  0.0000025493
 -0.0000072620
 -0.0000179548
  0.0000023817
 -0.0000293583
 -0.0000461560
  0.0000146810
 -0.0000023649
  0.0000047393
  0.0000143352
 -0.0000155233
 -0.0000039976
 -0.0000111938
 -0.0000015747
  0.0000042386
 -0.0000045371
  0.0000515482
 -0.0000032148
 -0.0000065267
  0.0000033544
 -0.0000018772
  0.0000008954
 -0.0000019062
  0.0000430653
  0.0000020819
 -0.0000051189
  0.0000391460
 -0.0000000732
  0.0000000296
 -0.0000134282
  0.0000003531
  0.0000036320
  0.0000043060
  0.0000003485
 -0.0000009350
  0.0000033433
  0.0000022547
 -0.0000016024
  0.0000002093
  0.0000010920
  0.0000021073
  0.0000022767
  0.0000028518
  0.0000056140
  0.0000027181
  0.0000003949
  0.0000037531
  0.0000032186
  0.0000034993
  0.0000022552
  0.0000012483
  0.0000039159
  0.0000025862
 -0.0000010473
  0.0000016632
  0.0000018270
  0.0000022406
  0.0000034690
  0.0000040222
 -0.0000001403
 -0.0000030565
  0.0000048873
 -0.0000073384
 -0.0000020174
 -0.0000034286
 -0.0000062108
 -0.0000033294
 -0.0000022944
  0.0000035637
 -0.0000015933
 -0.0000002890
  0.0000130721
  0.0000035865
 -0.0000009857
  0.0000014782
 -0.0000009500
  0.0000117296
  0.0000075047
  0.0000051110
  0.0000025720
  0.0000010976
  0.0000012559
  0.0000029522
  0.0000034327
 -0.0000032739
 -0.0000009260
  0.0000006467
 -0.0000001768
  0.0000015022
 -0.0000025826
  0.0000022232
 -0.0000014729
 -0.0000023781
 -0.0000001820
 -0.0000031604
 -0.0000018941
 -0.0000008754
 -0.0000035357
 -0.0000009214
 -0.0000022703
  0.0001039491
  0.0000140745
  0.0000093522
 -0.0000342640
 -0.0000418567
  0.0000155248
  0.0000022463
 -0.0000046009
  0.0000279659
  0.0000136931
 -0.0000045120
 -0.0000191729
 -0.0000069469
 -0.0000126772
 -0.0000027580
  0.0000306646
 -0.0000860908
  0.0000171004
  0.0000048699
  0.0000006644
  0.0000046810
 -0.0000128868
 -0.0000413425
  0.0000098309
 -0.0000012545
 -0.0000038010
 -0.0000168251
 -0.0000027379
  0.0000435219
  0.0000042309
  0.0000071881
 -0.0000055262
  0.0000443327
 -0.0000071023
  0.0000519357
 -0.0000009445
  0.0000028157
  0.0000087716
  0.0000034388
 -0.0000005133
  0.0000025061
 -0.0000019405
  0.0000040183
 -0.0000008560
  0.0000005200
 -0.0000018303
  0.0000005778
  0.0000007876
  0.0000065906
 -0.0000022165
  0.0000090746
 -0.0000012720
 -0.0000014558
  0.0000199930
 -0.0000180003
 -0.0000101250
  0.0000045179
  0.0000188822
 -0.0000012333
  0.0000034816
 -0.0000036282
  0.0000025881
  0.0000108534
  0.0000029779
 -0.0000037520
 -0.0000008998
  0.0000127299
  0.0000017923
 -0.0000015602
  0.0000044389
  0.0000050430
  0.0000088683
 -0.0000141443
  0.0000002105
  0.0000086271
 -0.0000018573
 -0.0000011514
 -0.0000013759
 -0.0000041878
  0.0000047166
 -0.0000003039
  0.0000057510
 -0.0000016168
  0.0000016770
  0.0000011937
  0.0000028365
  0.0000060656
  0.0000025490
  0.0000090148
  0.0000189502
 -0.0001263820
 -0.0000625679
 -0.0001154150
  0.0000142398
  0.0001071822
  0.0000199822
  0.0000576670
  0.0000451095
 -0.0002362108
 -0.0000396300
 -0.0000815372
  0.0000443368
  0.0000121382
 -0.0000380733
  0.0000300255
 -0.0000122409
  0.0000009812
  0.0000012722
 -0.0000000220
  0.0000009977
  0.0000026631
  0.0000088410
 -0.0000004270
  0.0000019052
 -0.0000060689
 -0.0000008211
  0.0000043917
  0.0000001424
  0.0000388490
  0.0000006571
  0.0000000478
  0.0000199174
  0.0000099322
  0.0000005716
  0.0000796182
 -0.0000030536
 -0.0000004225
  0.0000552648
  0.0000128657
  0.0000018582
 -0.0000137977
 -0.0000027575
  0.0000054685
  0.0000021991
 -0.0000023236
 -0.0000017386
 -0.0000003884
 -0.0000005862
 -0.0000030994
  0.0000006211
 -0.0000001825
  0.0000031830
 -0.0000138665
  0.0000212619
 -0.0000101118
  0.0000039232
  0.0000156671
  0.0000275261
  0.0000063867
 -0.0000089630
  0.0000001311
 -0.0000093592
  0.0000127854
 -0.0000008945
 -0.0000005811
 -0.0000008809
  0.0000000655
 -0.0000032165
  0.0000000868
  0.0000004278
 -0.0000000809
 -0.0000023541
  0.0000007262
 -0.0000008543
  0.0000011096
 -0.0000020143
 -0.0000006180
 -0.0000010494
 -0.0000430416
 -0.0000769221
  0.0000269441
 -0.0000748435
  0.0000241652
  0.0000148620
  0.0000637503
  0.0000080131
 -0.0001417175
  0.0001129806
  0.0000860991
 -0.0000294211
  0.0000683066
 -0.0000068944
  0.0000056578
  0.0000054410
  0.0000038694
  0.0000005583
  0.0000020453
  0.0000075542
 -0.0000296575
  0.0000017432
 -0.0000049899
 -0.0000004260
 -0.0000118980
  0.0000001450
  0.0000061461
 -0.0000032189
 -0.0000005091
 -0.0000024656
  0.0000351330
 -0.0000142371
 -0.0000043499
 -0.0000169211
 -0.0000036033
  0.0000025840
 -0.0000058440
  0.0000203873
 -0.0000036265
 -0.0000062859
  0.0000406044
  0.0000028768
  0.0000008462
 -0.0000157029
 -0.0000026309
  0.0000006812
  0.0000032226
 -0.0000023502
  0.0000024753
  0.0000024704
 -0.0000026790
  0.0000036137
 -0.0000014311
 -0.0000012167
 -0.0000036832
  0.0000040031
 -0.0000009617
  0.0000069626
 -0.0000014220
  0.0000115995
 -0.0000020350
  0.0000020670
  0.0000211859
 -0.0000060275
 -0.0000013268
 -0.0000060630
  0.0000074993
  0.0000185772
  0.0000016987
  0.0000070061
 -0.0000039501
  0.0000029793
  0.0000127921
  0.0000039056
 -0.0000028940
 -0.0000021216
 -0.0000026339
  0.0000156240
  0.0000051056
 -0.0000021188
 -0.0000009240
  0.0000070701
  0.0000088335
  0.0000114110
 -0.0000033294
  0.0000006017
 -0.0000013829
 -0.0000025777
 -0.0000015496
  0.0000007638
 -0.0000018699
 -0.0000003108
  0.0000007024
 -0.0000062802
  0.0000003719
  0.0000001574
  0.0000019609
 -0.0000009089
  0.0000029022
  0.0000028018
  0.0000125113
 -0.0000637855
 -0.0000104126
  0.0000567230
 -0.0000837354
  0.0000227887
  0.0000770357
  0.0000254853
 -0.0000078355
  0.0000108320
 -0.0002108949
 -0.0000267263
  0.0000050304
 -0.0000307717
 -0.0000101788
 -0.0000240479
  0.0000477036
 -0.0000060238
  0.0000011331
 -0.0000195026
  0.0000033185
 -0.0000126931
  0.0000089135
  0.0000005137
 -0.0000766382
 -0.0000051227
 -0.0000023207
 -0.0000049965
 -0.0000003129
  0.0000059663
 -0.0000038341
 -0.0000087965
  0.0000382902
 -0.0000000489
 -0.0000009112
 -0.0000011589
  0.0000121829
 -0.0000104622
 -0.0000027197
 -0.0000007057
  0.0000400329
  0.0000059971
  0.0000065463
 -0.0000201368
  0.0000038333
  0.0000029099
 -0.0000006352
  0.0000042962
 -0.0000004196
  0.0000004068
  0.0000005884
  0.0000018976
  0.0000012386
 -0.0000003783
 -0.0000012629
  0.0000050615
  0.0000047283
  0.0000056555
  0.0000022015
  0.0000109717
  0.0000009819
  0.0000005795
  0.0000171116
 -0.0000071408
 -0.0000064733
  0.0000062639
  0.0000175019
  0.0000098965
 -0.0000007833
  0.0000050893
  0.0000184944
  0.0000059331
 -0.0000003916
  0.0000029015
  0.0000155213
  0.0000082610
  0.0000034817
  0.0000045393
  0.0000001515
  0.0000086270
  0.0000095755
 -0.0000045380
 -0.0000025850
  0.0000056095
 -0.0000019005
 -0.0000019201
 -0.0000031383
 -0.0000041268
  0.0000016539
 -0.0000011460
  0.0000014960
 -0.0000015478
  0.0000006793
 -0.0000002622
 -0.0000038640
  0.0000025895
  0.0000038709
  0.0000134226
 -0.0000577711
 -0.0000053749
  0.0000780331
 -0.0000850761
  0.0000230087
  0.0000757418
  0.0000243556
 -0.0000189601
  0.0000123483
 -0.0002082067
 -0.0000277513
  0.0000058920
 -0.0000421317
  0.0000022690
 -0.0000285639
  0.0000559631
 -0.0000105055
 -0.0000006157
 -0.0000218359
  0.0000001519
  0.0000000220
  0.0000023391
  0.0000010688
 -0.0000054205
  0.0000007541
 -0.0000069991
 -0.0000019251
  0.0000067274
 -0.0000097294
  0.0000379379
 -0.0000009919
  0.0000003847
  0.0000086520
 -0.0000000129
  0.0001030918
 -0.0000041073
 -0.0000018815
  0.0000396611
  0.0000044921
  0.0000006025
 -0.0000150286
 -0.0000020514
  0.0000044136
 -0.0000063861
 -0.0000025483
 -0.0000015892
  0.0000067313
  0.0000091482
  0.0000018283
  0.0000099011
  0.0000149770
  0.0000034313
  0.0000195042
  0.0000081675
  0.0000282028
  0.0000216999
  0.0000048519
  0.0000091041
  0.0000332053
  0.0000262476
  0.0000083330
  0.0000135341
  0.0000026245
  0.0000081136
  0.0000117552
  0.0000112027
  0.0000011290
  0.0000067628
  0.0000095960
  0.0000050585
  0.0000024173
  0.0000038696
  0.0000049550
  0.0000159365
  0.0000014270
 -0.0000042451
 -0.0000036464
 -0.0000002348
 -0.0000035176
  0.0000078392
 -0.0000039220
 -0.0000017461
 -0.0000041099
 -0.0000088833
  0.0000032700
 -0.0000035426
 -0.0000032630
 -0.0000012747
 -0.0000028976
 -0.0000047446
  0.0000335875
  0.0000854375
 -0.0000738742
 -0.0000237003
 -0.0001604259
 -0.0000089618
 -0.0000859197
  0.0000136170
 -0.0000346592
  0.0000224859
 -0.0001567919
 -0.0000063561
  0.0000951620
 -0.0000448671
  0.0000092608
  0.0000189740
 -0.0000291156
  0.0000139270
 -0.0000041567
  0.0000231327
 -0.0000038688
  0.0000082501
 -0.0000029615
 -0.0000031196
  0.0000275517
 -0.0000665567
 -0.0000010471
 -0.0000006523
 -0.0000062900
 -0.0000029464
  0.0000092110
 -0.0000074442
  0.0000348600
 -0.0000124279
 -0.0000027599
 -0.0000037209
 -0.0000006124
  0.0000017550
  0.0000277826
 -0.0000072048
 -0.0000070980
 -0.0000030977
 -0.0000148749
 -0.0000074911
  0.0000028535
 -0.0000009088
 -0.0000022569
  0.0000015089
 -0.0000009955
  0.0000035729
 -0.0000012579
  0.0000030907
 -0.0000021789
  0.0000028402
  0.0000010261
 -0.0000002711
 -0.0000015969
  0.0000002027
  0.0000019813
  0.0000014306
 -0.0000006107
  0.0000024974
 -0.0000008120
 -0.0000042760
  0.0000045213
 -0.0000078907
 -0.0000075110
 -0.0000060033
  0.0000033853
  0.0000039688
 -0.0000032966
 -0.0000001985
  0.0000165080
  0.0000027763
 -0.0000030059
  0.0000002696
  0.0000003737
  0.0000159302
  0.0000071882
  0.0000033389
 -0.0000009964
 -0.0000031731
  0.0000003992
  0.0000004104
  0.0000017957
 -0.0000094031
 -0.0000026325
  0.0000066303
 -0.0000022264
 -0.0000021363
 -0.0000021077
 -0.0000061901
  0.0000028709
 -0.0000017758
 -0.0000008545
 -0.0000013758
  0.0000004342
 -0.0000002991
 -0.0000037309
  0.0000024801
  0.0000026188
  0.0000524917
 -0.0000276922
 -0.0000223860
 -0.0000260533
 -0.0000565692
  0.0000269238
 -0.0000259680
 -0.0000031314
  0.0000597944
 -0.0000121168
 -0.0000541723
 -0.0000239712
  0.0000162698
  0.0000163272
 -0.0000124508
  0.0000371433
  0.0000604949
  0.0000041379
 -0.0000006056
 -0.0000059774
  0.0000008595
  0.0000041658
 -0.0000338507
 -0.0000504101
  0.0000025961
 -0.0000070746
 -0.0000024106
 -0.0000017146
  0.0000387970
  0.0000142309
  0.0000082633
 -0.0000085160
 -0.0000019528
  0.0000454675
  0.0000007257
  0.0000021485
 -0.0000209461
  0.0000017893
  0.0000022059
  0.0000026209
 -0.0000000068
  0.0000022402
  0.0000005390
  0.0000010648
 -0.0000048135
  0.0000018170
  0.0000020796
 -0.0000001556
  0.0000029962
  0.0000022855
  0.0000002398
 -0.0000007542
  0.0000009721
  0.0000058826
 -0.0000009236
  0.0000007243
  0.0000064254
  0.0000016802
 -0.0000038586
  0.0000083928
 -0.0000186515
  0.0000005371
 -0.0000114017
 -0.0000014390
  0.0000171611
 -0.0000021424
  0.0000071695
 -0.0000002620
  0.0000047953
  0.0000168996
  0.0000047510
 -0.0000014702
  0.0000037917
  0.0000040014
  0.0000114201
  0.0000060252
  0.0000029682
 -0.0000023561
 -0.0000023867
  0.0000029237
  0.0000032552
 -0.0000156885
 -0.0000020479
 -0.0000003486
 -0.0000010637
 -0.0000022180
 -0.0000031663
  0.0000057938
 -0.0000002281
 -0.0000003415
 -0.0000013900
 -0.0000011000
 -0.0000091144
  0.0000015166
 -0.0000018913
 -0.0000040664
  0.0000004268
  0.0000115366
 -0.0000361911
  0.0000047333
  0.0001449770
 -0.0000836068
  0.0000181964
  0.0000148669
  0.0000109132
 -0.0000211085
 -0.0000139652
 -0.0001690787
 -0.0000404082
  0.0000068284
  0.0000350034
 -0.0000123445
  0.0000049973
  0.0001090606
  0.0000033190
 -0.0000027015
 -0.0000155576
  0.0000025645
 -0.0000017614
 -0.0000032670
 -0.0000449978
 -0.0000564897
 -0.0000108970
  0.0000062770
 -0.0000081519
 -0.0000003070
 -0.0000072628
 -0.0000025899
 -0.0000191763
  0.0000374754
  0.0000289495
  0.0000012310
  0.0000043995
  0.0000073984
 -0.0000053075
  0.0000527097
 -0.0000077182
 -0.0000067407
  0.0000407790
 -0.0000156837
 -0.0000007534
 -0.0000310410
 -0.0000068649
  0.0000052261
  0.0000001394
  0.0000031512
  0.0000013305
  0.0000038242
  0.0000056133
  0.0000135230
  0.0000020868
  0.0000023660
  0.0000089461
  0.0000241927
 -0.0000193001
 -0.0000029477
  0.0000163169
  0.0000228221
  0.0000073599
  0.0000066040
  0.0000147620
  0.0000004607
  0.0000189585
  0.0000051520
  0.0000025363
  0.0000084632
  0.0000079390
  0.0000146251
 -0.0000158438
 -0.0000016061
  0.0000026312
  0.0000000171
 -0.0000001356
  0.0000043521
 -0.0000119496
 -0.0000005114
  0.0000039221
 -0.0000030825
 -0.0000001281
 -0.0000024809
  0.0000044429
  0.0000003534
 -0.0000016241
  0.0000011675
  0.0000141356
  0.0000908890
  0.0000193677
 -0.0001240348
 -0.0001732570
  0.0000113588
  0.0001009148
  0.0000272234
  0.0000514732
  0.0000596278
 -0.0002456276
 -0.0000407790
 -0.0000201165
  0.0000560127
 -0.0000012773
 -0.0000186845
  0.0000174605
  0.0000026147
 -0.0000058207
 -0.0000021731
  0.0000032240
  0.0000023817
 -0.0000023427
  0.0000026593
 -0.0001176038
  0.0000100558
 -0.0000028133
 -0.0000088715
 -0.0000031774
  0.0000063973
  0.0000308638
 -0.0000155962
 -0.0000034181
 -0.0000017289
  0.0000027756
  0.0000221373
 -0.0000073102
 -0.0000074114
  0.0000012475
 -0.0000187695
 -0.0000026667
 -0.0000005301
  0.0000032633
  0.0000005875
  0.0000030250
  0.0000009919
 -0.0000005458
  0.0000023392
 -0.0000001321
  0.0000013458
  0.0000013520
  0.0000021066
 -0.0000016211
 -0.0000013370
  0.0000007639
  0.0000010317
  0.0000017263
  0.0000007444
  0.0000000707
 -0.0000003283
  0.0000021250
  0.0000011041
 -0.0000008782
  0.0000039154
  0.0000008833
 -0.0000031549
  0.0000044772
 -0.0000072370
 -0.0000006489
 -0.0000081773
 -0.0000053262
  0.0000051475
 -0.0000043864
  0.0000053070
 -0.0000009955
 -0.0000032256
  0.0000156281
 -0.0000005628
 -0.0000040651
  0.0000010481
  0.0000017363
  0.0000162952
  0.0000070217
  0.0000036812
 -0.0000041302
  0.0000013424
  0.0000020913
 -0.0000093634
  0.0000002519
 -0.0000031260
  0.0000005198
 -0.0000004997
 -0.0000058968
  0.0000022944
 -0.0000026504
 -0.0000047022
  0.0000017992
  0.0000030880
 -0.0000045943
 -0.0000021991
  0.0000024015
 -0.0000004862
 -0.0000041835
  0.0000479173
 -0.0000235436
  0.0000254888
 -0.0000307678
 -0.0000555511
  0.0000270290
 -0.0000078076
 -0.0000019140
  0.0000396000
 -0.0000157888
 -0.0000399041
 -0.0000222294
 -0.0000013692
 -0.0000158294
  0.0000024535
  0.0000301833
  0.0000641111
 -0.0000055272
  0.0000041076
 -0.0000062407
  0.0000130164
  0.0000038120
  0.0000033578
 -0.0000000536
 -0.0000278461
 -0.0000434496
  0.0000018457
 -0.0000024982
 -0.0000010238
 -0.0000013149
 -0.0000064372
 -0.0000024457
  0.0000061158
  0.0000210288
  0.0000038760
  0.0000081033
  0.0000222559
 -0.0000040825
  0.0000435082
  0.0000022299
  0.0000007151
 -0.0000024662
 -0.0000050562
 -0.0000027966
 -0.0000033889
 -0.0000036886
 -0.0000033396
 -0.0000007581
 -0.0000023869
 -0.0000055230
 -0.0000021012
 -0.0000027835
 -0.0000032244
 -0.0000049101
 -0.0000023914
 -0.0000030168
 -0.0000016497
 -0.0000033074
 -0.0000028901
  0.0000015634
 -0.0000004722
 -0.0000013369
  0.0000022040
 -0.0000028423
 -0.0000050511
  0.0000003172
 -0.0000052446
 -0.0000039348
 -0.0000074281
 -0.0000033870
 -0.0000002242
 -0.0000058815
  0.0000044671
 -0.0000033794
 -0.0000026156
  0.0000138486
 -0.0000019266
 -0.0000039592
 -0.0000004396
 -0.0000005763
  0.0000151538
  0.0000055686
  0.0000013251
 -0.0000030483
 -0.0000031574
 -0.0000042483
 -0.0000003268
 -0.0000006901
 -0.0000039201
  0.0000011206
  0.0000029000
  0.0000009950
  0.0000012323
 -0.0000008313
  0.0000090659
  0.0000029237
  0.0000025268
  0.0000017978
  0.0000057463
 -0.0000017262
  0.0000042414
  0.0000039929
  0.0000005105
  0.0000031429
  0.0000978692
 -0.0000214320
 -0.0000312572
  0.0000581002
 -0.0000440082
  0.0000292042
  0.0000281586
 -0.0000103806
 -0.0000377713
  0.0000022014
  0.0000036536
 -0.0000332124
  0.0000033513
  0.0000281787
  0.0000155234
  0.0000337332
 -0.0000528916
 -0.0000062497
  0.0000037931
 -0.0000064944
  0.0000102215
 -0.0000037638
 -0.0000202255
 -0.0000577124
 -0.0000002985
 -0.0000112285
 -0.0000478793
 -0.0000032135
  0.0000001613
  0.0000148744
  0.0000021490
  0.0000090174
  0.0000246512
 -0.0000022707
  0.0000443724
 -0.0000016661
 -0.0000040348
 -0.0000041740
  0.0000023537
  0.0000025949
  0.0000155086
  0.0000024333
  0.0000200568
  0.0000222897
 -0.0000023519
  0.0000267011
  0.0000227073
  0.0000073450
  0.0000063694
  0.0000145055
  0.0000175375
  0.0000047933
  0.0000027902
  0.0000064403
  0.0000062281
 -0.0000033273
 -0.0000018574
 -0.0000034179
 -0.0000026291
 -0.0000008840
 -0.0000013820
 -0.0000083836
 -0.0000030225
  0.0000019836
 -0.0000010644
  0.0000002267
 -0.0000008714
  0.0000008299
 -0.0000007027
 -0.0000017026
 -0.0000024303
  0.0000227393
  0.0001175040
  0.0000675161
 -0.0001069824
 -0.0001780132
  0.0000012714
 -0.0000281822
  0.0000239249
 -0.0000396726
  0.0000235839
 -0.0001918566
 -0.0000166847
  0.0000783129
 -0.0000155847
  0.0000101196
  0.0000121940
  0.0000064623
  0.0000147501
 -0.0000050667
  0.0000131507
  0.0000013012
 -0.0000025362
 -0.0000003504
  0.0000020509
  0.0000193390
 -0.0000468350
 -0.0000031651
 -0.0000140171
 -0.0000030510
  0.0000076084
 -0.0000035741
  0.0000290542
 -0.0000139278
 -0.0000034543
  0.0000028508
 -0.0000042293
  0.0000296906
 -0.0000030401
 -0.0000043059
  0.0000008031
 -0.0000189674
 -0.0000020115
 -0.0000002114
 -0.0000024289
  0.0000023525
 -0.0000001320
 -0.0000015425
 -0.0000020134
 -0.0000019803
  0.0000004151
  0.0000032406
 -0.0000007589
 -0.0000000258
  0.0000025668
 -0.0000019162
  0.0000074955
  0.0000068750
 -0.0000154101
 -0.0000153271
 -0.0000141808
  0.0000015207
 -0.0000061153
  0.0000038928
  0.0000054581
  0.0000205353
  0.0000049925
 -0.0000319252
 -0.0000111719
  0.0000156890
  0.0000108121
 -0.0000169709
  0.0000074391
 -0.0000025408
 -0.0000007348
 -0.0000021166
 -0.0000015655
 -0.0000010750
  0.0000034824
 -0.0000006629
 -0.0000022498
 -0.0000005419
  0.0000000087
 -0.0000003577
 -0.0000023299
 -0.0000004416
 -0.0000021051
 -0.0000014032
 -0.0000488569
  0.0000622566
 -0.0000529587
 -0.0000313633
 -0.0000496320
 -0.0000595275
  0.0000221118
  0.0000131057
 -0.0000421167
  0.0001030568
  0.0000509218
  0.0000382237
 -0.0000029783
  0.0000056871
  0.0000070856
  0.0000049684
  0.0000043145
  0.0000017468
  0.0000087512
 -0.0000284926
  0.0000014051
 -0.0000047229
 -0.0000017145
 -0.0000122477
  0.0000004699
 -0.0000050527
  0.0000027439
 -0.0000026291
  0.0000030093
 -0.0000031985
  0.0000417394
 -0.0000136160
 -0.0000020697
 -0.0000185257
 -0.0000004957
  0.0000083535
 -0.0000016896
  0.0000210474
 -0.0000017707
 -0.0000030454
  0.0000397246
  0.0000041649
  0.0000025585
 -0.0000154560
 -0.0000016174
  0.0000038135
  0.0000028758
  0.0000008683
 -0.0000004699
  0.0000035925
  0.0000182198
  0.0000221275
  0.0000130850
  0.0000088026
 -0.0000225179
  0.0000040511
 -0.0000066286
 -0.0000021253
 -0.0000013187
  0.0000017226
  0.0000028184
  0.0000018450
  0.0000024880
  0.0000007964
  0.0000034028
  0.0000023019
  0.0000019483
  0.0000026516
  0.0000035994
  0.0000022457
  0.0000041645
  0.0000012114
  0.0000020577
  0.0000015786
  0.0000212328
 -0.0000579452
  0.0000280988
 -0.0000047872
 -0.0000067095
 -0.0000296946
  0.0000632834
 -0.0001659400
 -0.0000553296
 -0.0000519186
 -0.0000129716
 -0.0000001945
  0.0000065781
  0.0000083787
  0.0000073968
  0.0000014736
  0.0000050398
  0.0000104775
 -0.0000292597
  0.0000018677
 -0.0000019938
  0.0000026582
 -0.0000090434
  0.0000031266
  0.0000036774
 -0.0000021652
  0.0000409195
 -0.0000109077
  0.0000007912
 -0.0000128656
 -0.0000016834
  0.0000053940
 -0.0000027228
  0.0000226090
 -0.0000017869
 -0.0000016277
  0.0000348104
  0.0000063604
  0.0000023136
 -0.0000131299
 -0.0000005813
  0.0000037968
  0.0000025915
 -0.0000001668
 -0.0000000386
 -0.0000010446
 -0.0000012310
 -0.0000006853
 -0.0000018190
 -0.0000038832
  0.0000017482
 -0.0000002456
  0.0000028026
  0.0000002308
 -0.0000022219
  0.0000007225
 -0.0000005572
 -0.0000022907
  0.0000003839
  0.0000003156
 -0.0000033021
  0.0000003217
 -0.0000031074
 -0.0000052667
  0.0000027573
 -0.0000026490
 -0.0000041926
 -0.0000090371
 -0.0000063214
  0.0000040416
 -0.0000042573
  0.0000019263
 -0.0000042751
 -0.0000014962
  0.0000141594
  0.0000003111
 -0.0000033753
  0.0000004574
 -0.0000011159
  0.0000134065
  0.0000049684
 -0.0000008491
 -0.0000046512
 -0.0000007989
 -0.0000018659
 -0.0000004219
 -0.0000054081
 -0.0000015305
 -0.0000027527
 -0.0000011001
 -0.0000012329
 -0.0000043472
  0.0000029643
 -0.0000014326
 -0.0000034465
  0.0000023061
  0.0000016643
 -0.0000050762
 -0.0000010323
  0.0000006551
 -0.0000028469
 -0.0000036702
  0.0000675221
 -0.0000290640
  0.0000145184
  0.0000079440
 -0.0000567905
  0.0000253576
  0.0000119223
 -0.0000015553
 -0.0000199323
 -0.0000131372
 -0.0000119476
 -0.0000202830
 -0.0000075131
 -0.0000436316
 -0.0000078963
  0.0000314396
  0.0000375844
  0.0000066164
  0.0000051353
 -0.0000072946
  0.0000122524
 -0.0000049781
  0.0000007930
 -0.0000268414
 -0.0000525141
 -0.0000018110
 -0.0000059972
 -0.0000056156
 -0.0000064423
 -0.0000081080
 -0.0000014799
  0.0000007431
  0.0000206057
  0.0000009510
  0.0000100650
  0.0000196886
 -0.0000034487
  0.0000386937
  0.0000041105
  0.0000004279
 -0.0000105976
 -0.0000049940
 -0.0000023709
 -0.0000007039
 -0.0000015522
  0.0000006208
  0.0000016293
 -0.0000023150
  0.0000033268
  0.0000005449
  0.0000177542
  0.0000034968
  0.0000164055
  0.0000001843
  0.0000164891
  0.0000232515
 -0.0000144778
  0.0000024723
  0.0000240197
  0.0000202510
  0.0000063502
  0.0000107343
 -0.0000025925
  0.0000027837
  0.0000134102
  0.0000097599
  0.0000017490
 -0.0000009903
 -0.0000009316
  0.0000206774
  0.0000060147
 -0.0000022667
  0.0000012818
  0.0000076691
  0.0000068800
  0.0000159979
 -0.0000116235
 -0.0000002995
  0.0000067645
 -0.0000040882
 -0.0000027997
 -0.0000026801
 -0.0000051791
  0.0000034216
 -0.0000018282
  0.0000019842
 -0.0000018338
 -0.0000003927
 -0.0000003546
  0.0000019114
  0.0000040103
 -0.0000004346
  0.0000242931
  0.0000918571
  0.0000756995
 -0.0001461074
 -0.0001752699
 -0.0000038014
  0.0001023895
  0.0000292956
  0.0000187793
  0.0000662008
 -0.0002294003
 -0.0000344284
 -0.0000243742
  0.0000238929
 -0.0000094472
 -0.0000204186
  0.0000100732
 -0.0000026978
 -0.0000008304
 -0.0000002296
 -0.0000107444
 -0.0000043590
 -0.0000003089
  0.0000085733
 -0.0000148661
 -0.0000020208
 -0.0000073299
 -0.0000034022
  0.0000031435
 -0.0000082812
 -0.0000057214
  0.0000319267
 -0.0000224186
 -0.0000002378
 -0.0000011517
  0.0000095906
  0.0000016196
  0.0000432269
 -0.0000042988
 -0.0000020584
  0.0000743662
  0.0000080594
 -0.0000031661
 -0.0000191350
 -0.0000086541
 -0.0000013674
  0.0000026532
  0.0000032629
  0.0000010845
  0.0000059638
  0.0000049367
  0.0000040271
  0.0000042287
  0.0000055943
  0.0000062903
  0.0000032783
  0.0000041252
  0.0000037073
  0.0000141318
 -0.0000048128
 -0.0000045322
  0.0000088278
  0.0000129583
  0.0000120802
  0.0000041798
  0.0000197277
  0.0000005589
  0.0000039277
  0.0000176161
  0.0000095733
  0.0000075026
 -0.0000000526
  0.0000034966
  0.0000013509
  0.0000078760
  0.0000087444
 -0.0000018443
 -0.0000025736
  0.0000014087
 -0.0000014340
 -0.0000012487
  0.0000082132
 -0.0000102953
  0.0000001615
  0.0000019390
 -0.0000039883
  0.0000006880
 -0.0000061183
  0.0000024457
 -0.0000002096
 -0.0000025781
 -0.0000022250
  0.0000162621
 -0.0000397844
 -0.0000032170
  0.0000987339
 -0.0000823753
  0.0000249959
  0.0000817299
  0.0000253209
 -0.0000209843
  0.0000238495
 -0.0002003174
 -0.0000253036
  0.0000062099
 -0.0000458401
  0.0000132785
 -0.0000297029
  0.0000820957
 -0.0000088044
 -0.0000061986
 -0.0000086765
 -0.0000066319
  0.0000001183
 -0.0000030776
  0.0000029444
 -0.0000051891
 -0.0000129995
 -0.0000070782
 -0.0000031536
  0.0000274832
 -0.0000174092
 -0.0000041785
  0.0000191977
 -0.0000032883
 -0.0000010924
  0.0000501697
 -0.0000079851
  0.0000530804
  0.0000091018
 -0.0000001536
 -0.0000214040
 -0.0000036066
 -0.0000032572
  0.0000028291
  0.0000080816
  0.0000065349
  0.0000021524
  0.0000032053
  0.0000028451
  0.0000039292
  0.0000097089
 -0.0000065707
  0.0000480595
 -0.0000030157
 -0.0000080350
  0.0000097645
  0.0000224791
  0.0000213553
  0.0000236218
  0.0000109680
  0.0000013976
 -0.0000065892
 -0.0000097255
 -0.0000034661
  0.0000052022
 -0.0000071021
 -0.0000124301
 -0.0000102776
 -0.0000042523
  0.0000023918
  0.0000000300
 -0.0000017719
 -0.0000037591
  0.0000067075
 -0.0000025966
 -0.0000079872
  0.0000303520
  0.0000483645
 -0.0000636212
 -0.0000766797
  0.0001228509
 -0.0000048615
 -0.0000712379
 -0.0000476952
  0.0000463048
 -0.0000691562
  0.0000206101
 -0.0000315762
 -0.0000998107
 -0.0000040077
 -0.0000004878
  0.0000090646
  0.0000055518
  0.0000009762
  0.0000030423
 -0.0000024221
 -0.0000371854
  0.0000031302
 -0.0000087388
 -0.0000016955
 -0.0000076030
 -0.0000024959
 -0.0000039620
 -0.0000314523
 -0.0000009551
 -0.0000007176
 -0.0000002264
  0.0000167586
 -0.0000108826
 -0.0000048561
  0.0000033942
 -0.0000044644
  0.0000009039
 -0.0000093600
  0.0000233179
 -0.0000030256
 -0.0000049721
 -0.0000015015
 -0.0000036070
 -0.0000014109
 -0.0000156458
  0.0000015636
 -0.0000007149
  0.0000003140
 -0.0000003602
 -0.0000002384
 -0.0000010261
  0.0000005140
 -0.0000005265
 -0.0000027740
 -0.0000001940
 -0.0000015635
  0.0000020775
 -0.0000001007
  0.0000012954
 -0.0000011616
  0.0000002268
  0.0000020894
  0.0000018839
 -0.0000005029
  0.0000023608
 -0.0000017344
 -0.0000038500
  0.0000044895
 -0.0000038721
 -0.0000017923
 -0.0000072045
 -0.0000053357
  0.0000032526
 -0.0000034200
  0.0000039439
 -0.0000028171
 -0.0000002396
  0.0000162626
  0.0000028870
 -0.0000030790
  0.0000000787
 -0.0000003649
  0.0000151353
  0.0000069876
  0.0000028481
 -0.0000004437
 -0.0000027923
 -0.0000012459
 -0.0000000046
  0.0000016391
 -0.0000064684
 -0.0000005915
 -0.0000018348
 -0.0000035714
 -0.0000029820
 -0.0000032560
 -0.0000033885
 -0.0000040708
 -0.0000024278
 -0.0000052701
  0.0000003278
 -0.0000012586
 -0.0000013568
  0.0000004722
  0.0000016965
  0.0000022183
  0.0000624077
 -0.0000236695
  0.0000263770
 -0.0000244432
 -0.0000554220
  0.0000268902
 -0.0000070762
 -0.0000019657
  0.0000340664
 -0.0000171348
 -0.0000260522
 -0.0000198068
  0.0000000321
 -0.0000225012
  0.0000064434
  0.0000302303
  0.0000530926
 -0.0000049703
 -0.0000007832
 -0.0000060834
  0.0000031389
 -0.0000298644
 -0.0000400126
  0.0000012549
 -0.0000090433
 -0.0000000523
 -0.0000014088
  0.0000391468
  0.0000123322
  0.0000018439
  0.0000223146
  0.0000124193
 -0.0000111538
  0.0000227546
 -0.0000030202
  0.0000441553
  0.0000037776
  0.0000018155
 -0.0000308685
  0.0000005634
 -0.0000020201
 -0.0000030243
  0.0000010206
  0.0000010903
  0.0000008443
  0.0000237285
 -0.0000114740
  0.0000132134
  0.0000108023
  0.0000054760
  0.0000067268
 -0.0000025919
  0.0000004910
 -0.0000010948
  0.0000012646
 -0.0000019920
  0.0000046175
  0.0000007714
 -0.0000003273
 -0.0000034066
 -0.0000021730
  0.0000015403
 -0.0000006343
 -0.0000022885
 -0.0000014615
 -0.0000001348
  0.0000127333
  0.0000293456
  0.0000093719
  0.0000043374
 -0.0000094754
  0.0000889447
 -0.0000215667
  0.0001182760
  0.0000858807
  0.0000190003
  0.0000700014
  0.0000006218
  0.0000027792
  0.0000088806
  0.0000044359
  0.0000004389
  0.0000008679
  0.0000036012
 -0.0000364643
  0.0000016103
 -0.0000053847
 -0.0000021598
 -0.0000165058
  0.0000003758
 -0.0000034746
 -0.0000017134
  0.0000232230
 -0.0000120796
  0.0000025906
 -0.0000216116
 -0.0000036175
  0.0000032232
 -0.0000020082
  0.0000168916
 -0.0000048247
 -0.0000064237
  0.0000406565
 -0.0000004001
 -0.0000012447
 -0.0000119079
  0.0000005579
  0.0000008985
 -0.0000015512
  0.0000012081
 -0.0000002831
 -0.0000001498
  0.0000010138
 -0.0000005700
  0.0000008886
  0.0000015355
  0.0000007436
 -0.0000001024
 -0.0000009385
  0.0000040275
 -0.0000019179
 -0.0000009591
  0.0000035882
  0.0000008039
 -0.0000054878
  0.0000043480
 -0.0000164173
 -0.0000007372
 -0.0000112627
 -0.0000053869
  0.0000082417
 -0.0000040578
  0.0000064889
 -0.0000008383
  0.0000001418
  0.0000148289
  0.0000016538
 -0.0000040293
  0.0000021641
  0.0000032506
  0.0000123682
  0.0000053025
  0.0000039561
 -0.0000049249
 -0.0000008445
  0.0000016421
  0.0000019565
 -0.0000156984
  0.0000016004
  0.0000014157
 -0.0000000618
  0.0000001383
 -0.0000064014
 -0.0000023886
 -0.0000016963
 -0.0000064584
 -0.0000014192
 -0.0000010982
 -0.0000069953
 -0.0000054660
 -0.0000019994
  0.0000002839
  0.0000014861
  0.0000243173
 -0.0000325998
  0.0000082381
  0.0000614719
 -0.0000714388
  0.0000241316
 -0.0000045937
  0.0000027484
  0.0000661790
 -0.0000095160
 -0.0001168672
 -0.0000361038
  0.0000152618
  0.0000298106
 -0.0000169637
  0.0000246848
  0.0000874702
  0.0000047450
 -0.0000025129
 -0.0000092212
  0.0000025095
  0.0000049766
 -0.0000029947
 -0.0000365458
 -0.0000512934
 -0.0000011888
  0.0000064686
 -0.0000085892
 -0.0000014877
  0.0000023896
 -0.0000117182
  0.0000406149
  0.0000279163
  0.0000013853
  0.0000094786
  0.0000119897
 -0.0000108492
 -0.0000056354
  0.0000456988
 -0.0000082891
  0.0000065806
 -0.0000269737
 -0.0000020552
 -0.0000024718
  0.0000052102
  0.0000006572
  0.0000067170
  0.0000133773
  0.0000027693
  0.0000060961
  0.0000369241
  0.0000212052
  0.0000248744
  0.0000189991
  0.0000338588
  0.0000243620
  0.0000129753
  0.0000066669
  0.0000107117
 -0.0000000500
  0.0000060977
  0.0000039147
  0.0000015655
  0.0000029463
  0.0000039356
  0.0000161872
  0.0000162123
  0.0000021269
 -0.0000005099
  0.0000000493
  0.0000029484
 -0.0000011962
  0.0000048463
 -0.0000008138
 -0.0000022990
  0.0000006800
  0.0000016853
  0.0000020020
 -0.0000026917
  0.0000014910
  0.0000026328
 -0.0000001720
  0.0000328188
 -0.0000032094
 -0.0000355609
  0.0000192437
 -0.0001129051
 -0.0000108003
 -0.0000009195
  0.0000045849
 -0.0000378936
 -0.0000018424
 -0.0001580571
  0.0000136097
 -0.0000487412
 -0.0000705140
  0.0000350459
 -0.0000441316
 -0.0000045854
  0.0000093868
  0.0000032231
 -0.0000065068
  0.0000037169
 -0.0000017917
  0.0000124530
 -0.0000500427
 -0.0000077075
 -0.0000015339
 -0.0000101696
 -0.0000004947
  0.0000042138
 -0.0000036995
  0.0000038050
  0.0000291266
 -0.0000180419
 -0.0000027231
 -0.0000242958
 -0.0000030984
  0.0000022428
  0.0000074509
  0.0000272518
 -0.0000054006
 -0.0000045011
  0.0000107611
  0.0000005860
 -0.0000184889
 -0.0000013783
  0.0000003938
  0.0000002121
 -0.0000017572
  0.0000016084
 -0.0000015011
  0.0000109420
  0.0000141154
 -0.0000053035
 -0.0000053928
 -0.0000020188
  0.0000102199
  0.0000076217
  0.0000223890
 -0.0000399812
  0.0000062988
 -0.0000004491
  0.0000003399
 -0.0000017504
 -0.0000010716
 -0.0000010699
  0.0000066846
  0.0000008262
  0.0000001190
 -0.0000016133
 -0.0000009718
  0.0000005873
  0.0000000519
 -0.0000014991
 -0.0000016822
 -0.0000000524
 -0.0000853885
  0.0000083986
 -0.0000528549
 -0.0000297637
 -0.0000229995
 -0.0000197814
  0.0000472572
  0.0000015738
  0.0000481143
 -0.0000403053
  0.0000847764
 -0.0000194793
  0.0000025832
  0.0000036348
  0.0000082549
  0.0000061362
  0.0000020367
  0.0000024634
  0.0000029153
 -0.0000373996
  0.0000032794
 -0.0000029351
  0.0000007426
 -0.0000145181
  0.0000007068
 -0.0000068738
 -0.0000022492
 -0.0000006799
  0.0000028212
  0.0000251723
 -0.0000101953
  0.0000015335
 -0.0000162727
 -0.0000033240
  0.0000028399
 -0.0000017020
  0.0000187224
 -0.0000038749
 -0.0000048554
  0.0000318562
  0.0000006723
 -0.0000033722
 -0.0000097717
 -0.0000001388
  0.0000022703
 -0.0000020059
  0.0000015850
  0.0000032135
 -0.0000008912
  0.0000036592
  0.0000018838
 -0.0000015630
  0.0000034415
  0.0000013829
  0.0000041825
 -0.0000132128
 -0.0000063701
 -0.0000070976
 -0.0000032864
  0.0000133680
 -0.0000048001
 -0.0000008553
 -0.0000032879
  0.0000044705
  0.0000013410
 -0.0000001839
 -0.0000046521
 -0.0000006727
 -0.0000059169
 -0.0000008051
 -0.0000003338
 -0.0000014844
  0.0000062116
 -0.0000004983
 -0.0000008327
 -0.0000006563
  0.0000006937
 -0.0000030467
 -0.0000056783
 -0.0000004583
 -0.0000016255
  0.0000003637
  0.0000017504
 -0.0000006493
 -0.0000010108
 -0.0000007624
 -0.0000003693
 -0.0000012773
  0.0000568843
 -0.0000033374
 -0.0000868159
 -0.0000089643
  0.0000732767
  0.0000268387
 -0.0000521156
  0.0000445418
 -0.0000192135
 -0.0000093859
 -0.0000715756
  0.0000414748
 -0.0000033317
  0.0000048283
  0.0000061405
  0.0000048236
  0.0000019575
  0.0000045141
  0.0000026188
 -0.0000384624
  0.0000023998
 -0.0000034994
  0.0000012634
 -0.0000135243
  0.0000011742
 -0.0000024406
 -0.0000004387
 -0.0000021258
  0.0000015844
  0.0000010576
  0.0000286546
 -0.0000118814
 -0.0000011488
 -0.0000153249
 -0.0000012293
 -0.0000006502
 -0.0000066011
  0.0000175968
 -0.0000010519
 -0.0000028323
  0.0000275928
 -0.0000001175
  0.0000028055
 -0.0000111761
 -0.0000002825
  0.0000016521
  0.0000049065
  0.0000033501
  0.0000033252
 -0.0000005180
 -0.0000023987
 -0.0000073590
 -0.0000218731
  0.0000042479
  0.0000202497
  0.0000204516
  0.0000102635
  0.0000038716
  0.0000087258
 -0.0000038927
 -0.0000195485
  0.0000044419
 -0.0000099920
  0.0000006676
  0.0000010392
  0.0000000931
  0.0000005091
  0.0000001305
  0.0000009506
 -0.0000021992
  0.0000068754
  0.0000007449
 -0.0000008952
  0.0000016043
  0.0000025769
 -0.0000014218
  0.0000027870
  0.0000018700
  0.0000006478
 -0.0000003352
  0.0000208639
 -0.0000536444
  0.0000270519
 -0.0000056069
 -0.0000007608
 -0.0000266567
  0.0000648760
 -0.0001643027
 -0.0000696709
 -0.0000564429
 -0.0000062285
 -0.0000015323
  0.0000065057
  0.0000071455
  0.0000113252
  0.0000032038
  0.0000039857
  0.0000083712
 -0.0000358295
  0.0000037052
 -0.0000037674
 -0.0000006256
 -0.0000112007
  0.0000002525
  0.0000057670
 -0.0000018759
  0.0000016649
  0.0000422977
 -0.0000033436
 -0.0000003681
 -0.0000101976
  0.0000009829
  0.0000090570
 -0.0000030690
  0.0000221862
 -0.0000001951
 -0.0000012711
  0.0000352654
  0.0000068378
  0.0000030105
 -0.0000145221
  0.0000008397
  0.0000046642
 -0.0000010164
 -0.0000026362
 -0.0000007853
 -0.0000033957
 -0.0000023679
  0.0000054015
  0.0000002041
 -0.0000008616
  0.0000180378
  0.0000100601
  0.0000110974
  0.0000162871
  0.0000237067
  0.0000033885
 -0.0000046083
 -0.0000018421
 -0.0000105790
  0.0000053927
  0.0000040546
  0.0000270306
 -0.0000008554
 -0.0000021641
 -0.0000015550
  0.0000001569
 -0.0000041518
  0.0000020225
 -0.0000009436
 -0.0000011326
  0.0000013370
  0.0000018212
 -0.0000016719
  0.0000027293
  0.0000012519
 -0.0000007785
 -0.0000032805
 -0.0000153555
  0.0000268568
  0.0000147038
  0.0000079752
 -0.0000088670
  0.0000018923
  0.0000072136
 -0.0000342627
 -0.0000728071
 -0.0000094705
  0.0000157723
  0.0000328352
  0.0000011489
 -0.0000033683
  0.0000016789
  0.0000045206
  0.0000091578
  0.0000041258
  0.0000008673
  0.0000041296
 -0.0000366432
 -0.0000045611
 -0.0000062486
 -0.0000030136
 -0.0000134909
 -0.0000021709
 -0.0000030330
  0.0000015361
 -0.0000034479
  0.0000031067
 -0.0000024514
  0.0000407473
 -0.0000076496
 -0.0000017362
 -0.0000190223
 -0.0000011553
  0.0000065494
 -0.0000058452
  0.0000178974
 -0.0000025972
 -0.0000027922
  0.0000290059
 -0.0000002053
  0.0000015322
 -0.0000167378
 -0.0000014374
  0.0000022708
  0.0000012283
 -0.0000016598
  0.0000031405
  0.0000016623
  0.0000017674
  0.0000007097
 -0.0000004180
  0.0000034512
 -0.0000007424
 -0.0000007689
  0.0000038243
  0.0000007424
 -0.0000042956
  0.0000054378
 -0.0000172751
 -0.0000101349
 -0.0000032210
  0.0000058451
  0.0000068182
 -0.0000009236
 -0.0000024780
  0.0000153407
  0.0000001856
 -0.0000039668
  0.0000013729
  0.0000131829
  0.0000060327
  0.0000031640
 -0.0000001962
 -0.0000040145
 -0.0000028069
  0.0000021364
  0.0000025434
 -0.0000152341
 -0.0000017409
  0.0000051544
 -0.0000003759
 -0.0000004429
 -0.0000029586
 -0.0000038716
  0.0000014816
 -0.0000011280
 -0.0000019470
 -0.0000004393
  0.0000025525
 -0.0000000094
 -0.0000027936
  0.0000018678
  0.0000046265
  0.0000207860
 -0.0000338684
  0.0000070657
  0.0001264230
 -0.0000795902
  0.0000251419
  0.0000220521
  0.0000067574
 -0.0000102292
 -0.0000129003
 -0.0001483717
 -0.0000375661
 -0.0000024749
  0.0000434055
 -0.0000061000
  0.0000000583
  0.0000958869
 -0.0000059678
 -0.0000003567
 -0.0000197881
  0.0000001458
 -0.0000117606
  0.0000045960
  0.0000012126
 -0.0000666864
 -0.0000107206
 -0.0000063786
 -0.0000022736
 -0.0000029167
  0.0000348298
 -0.0000010534
 -0.0000058211
  0.0000088802
 -0.0000011931
 -0.0000015226
  0.0000398361
 -0.0000119937
  0.0000021742
 -0.0000193902
  0.0000018365
  0.0000005399
 -0.0000001779
 -0.0000000831
 -0.0000021258
  0.0000017969
  0.0000012251
 -0.0000014952
 -0.0000007251
  0.0000094283
  0.0000130572
 -0.0000045734
 -0.0000020149
 -0.0000009552
 -0.0000013895
  0.0000124338
  0.0000019410
  0.0000086249
 -0.0000001489
  0.0000096116
  0.0000051743
  0.0000004783
  0.0000074943
 -0.0000017793
 -0.0000020510
 -0.0000026002
 -0.0000007907
 -0.0000042034
 -0.0000027587
 -0.0000016029
 -0.0000028300
 -0.0000036064
 -0.0000001213
 -0.0000018124
 -0.0000028776
 -0.0000005732
 -0.0000020540
 -0.0000025152
 -0.0001422852
 -0.0000726791
 -0.0000326525
  0.0000857547
 -0.0000158045
 -0.0000467806
  0.0000521047
  0.0000431476
  0.0001144761
 -0.0000558277
 -0.0000110636
  0.0000000768
  0.0000046832
  0.0000055119
  0.0000054923
 -0.0000005313
  0.0000018843
  0.0000039375
 -0.0000367159
  0.0000041112
 -0.0000047573
 -0.0000009022
 -0.0000137533
  0.0000006940
 -0.0000025619
 -0.0000016516
 -0.0000043129
 -0.0000005065
  0.0000019187
  0.0000278069
 -0.0000107921
  0.0000004670
 -0.0000138013
 -0.0000043903
 -0.0000010177
 -0.0000057499
  0.0000184970
 -0.0000045668
 -0.0000050873
  0.0000308434
  0.0000010355
 -0.0000016055
 -0.0000104000
 -0.0000030448
  0.0000010008
 -0.0000030576
  0.0000031737
  0.0000043071
  0.0000040287
  0.0000078048
  0.0000017861
  0.0000018950
  0.0000199715
 -0.0000215530
  0.0000081076
  0.0000149519
  0.0000085339
  0.0000041826
  0.0000181526
  0.0000148729
  0.0000075781
  0.0000058030
  0.0000010759
  0.0000060430
  0.0000083590
 -0.0000173797
 -0.0000014239
 -0.0000005043
 -0.0000007340
 -0.0000004769
  0.0000007643
 -0.0000000147
 -0.0000017196
  0.0000018187
  0.0000000263
  0.0000012776
 -0.0000022577
  0.0000027497
  0.0000002364
 -0.0000007410
 -0.0000001073
  0.0000112080
  0.0000822270
 -0.0000350164
 -0.0000992161
 -0.0001618373
  0.0000224339
  0.0001015457
  0.0000226178
  0.0001193063
  0.0000561643
 -0.0002436504
 -0.0000443964
 -0.0000308642
  0.0001346689
 -0.0000030885
 -0.0000218008
  0.0000345746
  0.0000010250
 -0.0000047632
  0.0000034132
 -0.0000054201
 -0.0000001585
  0.0000020665
  0.0000196471
 -0.0000749083
 -0.0000021424
 -0.0000097064
 -0.0000014374
  0.0000018059
  0.0000307528
 -0.0000214146
 -0.0000032162
  0.0000030077
  0.0000030068
  0.0000237967
 -0.0000031560
 -0.0000042495
  0.0000009401
 -0.0000176056
 -0.0000020222
  0.0000007395
  0.0000010108
 -0.0000012359
 -0.0000002921
 -0.0000004796
  0.0000000024
  0.0000130988
 -0.0000038873
 -0.0000039815
  0.0000094489
  0.0000250738
 -0.0000231548
  0.0000064231
 -0.0000001897
 -0.0000009142
 -0.0000001384
  0.0000004850
 -0.0000048934
 -0.0000021557
  0.0000002216
 -0.0000033733
 -0.0000012931
  0.0000017060
 -0.0000016209
 -0.0000047337
 -0.0000084003
 -0.0000009974
 -0.0000015017
 -0.0000469875
  0.0000642617
 -0.0000532097
 -0.0000000947
 -0.0000203616
 -0.0000209276
  0.0000470275
  0.0000249253
  0.0000446633
 -0.0000413237
 -0.0000861097
 -0.0000204437
  0.0000010754
  0.0000010679
  0.0000094635
  0.0000032476
  0.0000038293
  0.0000026934
  0.0000013410
 -0.0000389204
  0.0000037015
 -0.0000044853
 -0.0000011729
 -0.0000178282
 -0.0000000149
 -0.0000167051
 -0.0000001748
  0.0000041344
 -0.0000009795
  0.0000196567
 -0.0000133923
  0.0000037590
 -0.0000151947
 -0.0000014174
  0.0000036430
 -0.0000049799
  0.0000222119
 -0.0000030779
 -0.0000034498
  0.0000287265
  0.0000011116
  0.0000014591
 -0.0000151513
  0.0000004375
  0.0000006987
  0.0000004552
  0.0000013235
  0.0000026117
 -0.0000006126
  0.0000035545
  0.0000073617
  0.0000101233
 -0.0000021515
 -0.0000015834
 -0.0000058551
  0.0000104830
  0.0000018055
  0.0000075562
  0.0000060125
 -0.0000007710
  0.0000070012
 -0.0000022295
 -0.0000000605
 -0.0000009060
  0.0000006235
 -0.0000052003
 -0.0000026091
  0.0000007140
 -0.0000037239
 -0.0000036825
 -0.0000021194
 -0.0000006814
 -0.0000036515
 -0.0000015719
 -0.0000013829
 -0.0000004631
  0.0000634764
 -0.0000849642
  0.0000012032
  0.0000844806
  0.0000538441
 -0.0000372492
  0.0000508041
 -0.0000048938
 -0.0000603128
 -0.0000707076
  0.0000749811
  0.0000039608
 -0.0000017532
  0.0000087667
  0.0000009122
  0.0000029028
  0.0000027850
 -0.0000020986
 -0.0000406417
  0.0000034805
 -0.0000039547
 -0.0000005222
 -0.0000203009
  0.0000006616
 -0.0000016107
 -0.0000211745
 -0.0000011718
 -0.0000002982
 -0.0000022361
  0.0000173790
 -0.0000154312
  0.0000033536
 -0.0000140873
 -0.0000029779
  0.0000025860
 -0.0000047390
  0.0000207189
 -0.0000034202
 -0.0000059372
  0.0000162527
 -0.0000018411
 -0.0000034536
 -0.0000159221
  0.0000006463
  0.0000008842
 -0.0000024058
 -0.0000048663
  0.0000020652
  0.0000023001
  0.0000015357
  0.0000001530
 -0.0000022414
 -0.0000032778
 -0.0000009157
  0.0000022680
 -0.0000023342
 -0.0000012257
  0.0000039096
 -0.0000001292
 -0.0000061867
  0.0000052276
 -0.0000167102
 -0.0000006136
 -0.0000117991
 -0.0000061444
  0.0000116130
 -0.0000039776
  0.0000068800
 -0.0000019773
  0.0000020963
  0.0000148310
  0.0000022759
 -0.0000035124
 -0.0000007264
  0.0000003989
  0.0000116014
  0.0000049614
  0.0000037054
  0.0000008659
 -0.0000043254
  0.0000020325
  0.0000022851
 -0.0000162481
  0.0000006269
 -0.0000032777
  0.0000014823
  0.0000001845
 -0.0000056417
  0.0000023112
 -0.0000029262
 -0.0000049909
  0.0000006168
  0.0000038098
 -0.0000038667
 -0.0000024295
  0.0000030215
  0.0000011915
 -0.0000040117
  0.0000232048
 -0.0000289237
 -0.0000138108
  0.0000356971
 -0.0000672939
  0.0000234625
 -0.0000249947
  0.0000017149
  0.0000706706
 -0.0000139787
 -0.0001044958
 -0.0000356187
  0.0000144056
  0.0000161364
 -0.0000049794
  0.0000345542
  0.0000862119
 -0.0000033820
  0.0000027859
 -0.0000066541
  0.0000083575
  0.0000034698
 -0.0000007323
 -0.0000320175
 -0.0000405300
  0.0000008143
  0.0000015334
 -0.0000015461
  0.0000087287
 -0.0000088637
 -0.0000106995
  0.0000427661
  0.0000151438
  0.0000078359
  0.0000217250
  0.0000065543
  0.0000102319
  0.0000231305
 -0.0000045537
 -0.0000047470
  0.0000447228
 -0.0000072051
  0.0000009890
 -0.0000032546
  0.0000004983
 -0.0000008438
 -0.0000187700
  0.0000139893
  0.0000093675
  0.0000041725
 -0.0000235774
 -0.0000014544
 -0.0000082510
 -0.0000012009
 -0.0000009692
 -0.0000009988
 -0.0000004314
 -0.0000033817
 -0.0000047578
 -0.0000005125
 -0.0000020035
 -0.0000028153
  0.0000008038
 -0.0000007170
 -0.0000020536
 -0.0000000505
 -0.0000016270
 -0.0000014307
  0.0000230375
 -0.0000110184
  0.0000393172
  0.0000559670
 -0.0000186458
 -0.0000323515
  0.0000077961
 -0.0001935782
 -0.0000126966
  0.0000422571
 -0.0000485059
  0.0000029500
  0.0000079171
  0.0000066329
  0.0000061155
  0.0000027388
  0.0000040922
  0.0000097774
 -0.0000275212
  0.0000014508
 -0.0000027532
  0.0000010397
 -0.0000102471
  0.0000016991
  0.0000096410
 -0.0000013189
  0.0000318106
 -0.0000116530
  0.0000021262
 -0.0000136845
 -0.0000010014
  0.0000002387
 -0.0000051120
  0.0000225162
 -0.0000022328
 -0.0000040679
  0.0000350093
  0.0000006541
 -0.0000109778
 -0.0000005505
  0.0000021011
 -0.0000016817
  0.0000026935
  0.0000001459
 -0.0000083871
 -0.0000090428
 -0.0000104998
 -0.0000060802
 -0.0000159131
  0.0000024031
 -0.0000042971
  0.0000181274
  0.0000075948
  0.0000150375
  0.0000074749
 -0.0000030929
 -0.0000003852
  0.0000049618
  0.0000002447
 -0.0000056210
 -0.0000068563
 -0.0000223837
  0.0000026660
 -0.0000173360
 -0.0000037272
 -0.0000023320
 -0.0000035639
  0.0000015499
  0.0000019034
  0.0000015972
  0.0000025664
 -0.0000019495
  0.0000040450
  0.0000023544
  0.0000013842
 -0.0000012243
  0.0000015589
  0.0000006780
  0.0000020752
  0.0000024757
  0.0000014237
  0.0000022748
  0.0000222313
  0.0000639058
  0.0000578643
  0.0000447132
 -0.0000576312
 -0.0000039114
  0.0000698876
 -0.0000307046
  0.0000211985
 -0.0001912498
  0.0000750973
  0.0000227824
 -0.0000131704
 -0.0000036094
  0.0000072003
  0.0000025490
 -0.0000060157
  0.0000040252
  0.0000016497
  0.0000042217
 -0.0000515730
  0.0000014167
 -0.0000068151
 -0.0000016003
 -0.0000076817
 -0.0000010302
 -0.0000057088
  0.0000056893
  0.0000003747
 -0.0000012421
  0.0000023520
  0.0000305221
 -0.0000163657
 -0.0000023508
 -0.0000058055
 -0.0000032586
  0.0000013398
  0.0000101472
  0.0000301114
 -0.0000047997
 -0.0000052163
  0.0000267641
 -0.0000082328
  0.0000056515
 -0.0000167338
 -0.0000011031
  0.0000005432
 -0.0000058067
 -0.0000024512
  0.0000102717
  0.0000022767
  0.0000335498
  0.0000188862
  0.0000293409
  0.0000219448
  0.0000104602
  0.0000124582
  0.0000036543
  0.0000043226
  0.0000010462
  0.0000012588
  0.0000024292
 -0.0000006367
  0.0000004397
 -0.0000003337
  0.0000002893
  0.0000013616
  0.0000053506
  0.0000008873
  0.0000014605
 -0.0000016794
  0.0000007871
  0.0000002049
 -0.0000005974
 -0.0000017523
 -0.0000002142
 -0.0000005859
  0.0000307092
  0.0000300124
 -0.0000125757
  0.0000198854
 -0.0000925435
 -0.0000096637
  0.0000190009
  0.0000021335
 -0.0000554693
 -0.0001624247
  0.0000143558
  0.0000070926
 -0.0000629728
 -0.0000332772
 -0.0000034654
 -0.0000001520
  0.0000068932
  0.0000074608
  0.0000010623
  0.0000023598
 -0.0000002481
 -0.0000478547
 -0.0000013433
 -0.0000004068
 -0.0000136112
  0.0000008628
  0.0000008666
 -0.0000031511
  0.0000410203
 -0.0000088799
 -0.0000024073
 -0.0000052282
  0.0000067505
 -0.0000025030
  0.0000170658
 -0.0000047265
 -0.0000049724
  0.0000268863
 -0.0000005733
 -0.0000168385
 -0.0000009291
  0.0000026733
  0.0000005675
  0.0000028363
 -0.0000062549
 -0.0000026294
  0.0000017390
  0.0000176268
  0.0000217681
  0.0000248047
  0.0000128852
  0.0000065610
  0.0000080364
 -0.0000114220
  0.0000022597
 -0.0000017382
 -0.0000037241
 -0.0000023142
  0.0000062574
 -0.0000020086
 -0.0000024976
 -0.0000019496
 -0.0000010853
 -0.0000042835
 -0.0000054424
 -0.0000013430
 -0.0000001707
 -0.0000003718
  0.0000005601
 -0.0000023870
  0.0000034436
 -0.0000002213
 -0.0000016410
 -0.0000038789
  0.0000290078
  0.0000852310
 -0.0000895306
  0.0000596786
 -0.0000708843
 -0.0000150676
  0.0000646045
 -0.0000198529
 -0.0000771867
 -0.0001784121
  0.0000640668
  0.0000427225
 -0.0000540442
 -0.0000039170
  0.0000026736
  0.0000037789
  0.0000064434
  0.0000006563
  0.0000020796
  0.0000011131
 -0.0000471438
  0.0000019239
 -0.0000069882
 -0.0000034298
 -0.0000160096
 -0.0000027597
  0.0000087997
 -0.0000034265
 -0.0000008770
  0.0000347842
 -0.0000072145
 -0.0000026967
 -0.0000010901
 -0.0000013577
  0.0000054254
 -0.0000067217
  0.0000219650
 -0.0000024570
 -0.0000035743
  0.0000299637
 -0.0000019154
  0.0000006586
 -0.0000194066
 -0.0000027760
  0.0000013542
  0.0000004513
 -0.0000008911
 -0.0000004129
  0.0000010398
 -0.0000032436
 -0.0000042067
 -0.0000019467
  0.0000022586
 -0.0000013462
 -0.0000017576
  0.0000026171
  0.0000003958
 -0.0000057108
  0.0000027414
 -0.0000110458
 -0.0000008678
 -0.0000106588
 -0.0000060374
  0.0000081741
 -0.0000048497
  0.0000048375
 -0.0000013323
  0.0000003498
  0.0000139341
  0.0000010562
 -0.0000044827
 -0.0000005052
  0.0000002907
  0.0000136408
  0.0000044429
  0.0000037218
 -0.0000002932
 -0.0000063221
  0.0000002956
  0.0000007683
 -0.0000116725
 -0.0000036889
  0.0000039671
 -0.0000027725
 -0.0000002030
 -0.0000004320
 -0.0000000094
  0.0000024394
  0.0000010610
  0.0000066928
 -0.0000005668
 -0.0000034407
  0.0000027051
 -0.0000023849
 -0.0000035170
 -0.0000002312
  0.0000371778
 -0.0000234777
  0.0000211410
 -0.0000386075
 -0.0000557394
  0.0000245234
 -0.0000101511
 -0.0000004783
  0.0000478143
 -0.0000158093
 -0.0000567031
 -0.0000255318
 -0.0000007218
 -0.0000035888
  0.0000010784
  0.0000315064
  0.0000743071
 -0.0000051046
  0.0000070383
 -0.0000057391
  0.0000082672
 -0.0000004445
 -0.0000001108
 -0.0000029825
 -0.0000267505
 -0.0000442123
  0.0000030652
 -0.0000024179
 -0.0000032889
 -0.0000211005
 -0.0000083120
  0.0000071210
 -0.0000039869
  0.0000060534
  0.0000211913
 -0.0000025831
 -0.0000041042
  0.0000098656
  0.0000209137
 -0.0000030530
  0.0000437155
  0.0000004145
  0.0000005010
 -0.0000084371
 -0.0000004508
 -0.0000023093
 -0.0000010488
 -0.0000048578
 -0.0000070136
 -0.0000018978
 -0.0000197328
  0.0000033482
 -0.0000013679
  0.0000205521
  0.0000179840
  0.0000087585
  0.0000023493
  0.0000075021
 -0.0000029350
 -0.0000194529
  0.0000034039
 -0.0000134959
  0.0000013730
  0.0000019383
  0.0000017337
  0.0000005883
  0.0000008476
  0.0000024800
  0.0000008741
  0.0000020454
  0.0000019703
  0.0000044065
  0.0000014069
  0.0000029954
  0.0000007823
  0.0000041149
  0.0000021259
  0.0000019195
 -0.0000002161
  0.0000218762
 -0.0000026713
  0.0000584019
  0.0000153967
 -0.0000009091
  0.0000412749
 -0.0000270370
  0.0000863877
 -0.0001765621
 -0.0000026947
 -0.0000298646
 -0.0000063501
 -0.0000038038
  0.0000042664
  0.0000043878
  0.0000034663
  0.0000019064
 -0.0000013728
  0.0000028067
 -0.0000450272
  0.0000053545
 -0.0000073030
 -0.0000007648
 -0.0000126058
 -0.0000001512
  0.0000118226
 -0.0000031646
  0.0000018704
  0.0000005824
  0.0000306633
 -0.0000073778
 -0.0000018208
 -0.0000007179
 -0.0000023059
  0.0000041916
  0.0000035970
  0.0000248843
 -0.0000048173
 -0.0000035801
  0.0000350789
  0.0000028011
  0.0000019273
 -0.0000175187
 -0.0000024992
  0.0000011023
  0.0000034345
  0.0000053100
  0.0000021787
  0.0000049294
  0.0000157875
  0.0000035670
  0.0000165442
  0.0000028637
  0.0000205375
  0.0000219012
 -0.0000066737
  0.0000041886
  0.0000277435
  0.0000223097
  0.0000110091
  0.0000047233
  0.0000136921
  0.0000014845
  0.0000034026
  0.0000159530
  0.0000057345
  0.0000006731
  0.0000060571
  0.0000055291
  0.0000149226
 -0.0000073785
 -0.0000000511
  0.0000042181
  0.0000010916
  0.0000012940
  0.0000093931
 -0.0000099307
  0.0000030154
  0.0000061614
 -0.0000023904
  0.0000050140
 -0.0000036388
  0.0000065002
  0.0000027518
 -0.0000008352
  0.0000001222
  0.0000259644
  0.0001066793
  0.0000878085
 -0.0000997853
 -0.0001901731
 -0.0000067678
  0.0000226815
  0.0000228162
 -0.0000389501
  0.0000338475
 -0.0001898425
 -0.0000209827
  0.0000600860
 -0.0000151780
  0.0000176249
 -0.0000097949
 -0.0000038796
  0.0000153627
 -0.0000029848
  0.0000201112
 -0.0000000019
  0.0000064253
  0.0000051382
  0.0000002781
  0.0000238640
 -0.0000787445
 -0.0000020650
  0.0000002619
 -0.0000053126
 -0.0000007244
  0.0000065371
 -0.0000023315
  0.0000350418
 -0.0000147595
 -0.0000012653
 -0.0000028665
  0.0000008258
  0.0000047787
  0.0000249868
 -0.0000049211
 -0.0000052646
  0.0000030295
 -0.0000149447
  0.0000003204
  0.0000028180
 -0.0000016433
  0.0000046127
 -0.0000135839
  0.0000224317
 -0.0000117240
  0.0000015553
  0.0000196523
  0.0000271047
 -0.0000012994
  0.0000013856
  0.0000081832
 -0.0000019022
 -0.0000016034
 -0.0000017314
 -0.0000007247
 -0.0000041132
 -0.0000059401
 -0.0000011953
 -0.0000026984
 -0.0000033065
 -0.0000003337
 -0.0000013959
 -0.0000021570
 -0.0000006299
 -0.0000013374
 -0.0000020938
 -0.0000314672
 -0.0000581744
  0.0000287545
 -0.0000659251
  0.0000159845
  0.0000174729
 -0.0000391611
  0.0000142397
 -0.0001331668
 -0.0000357122
  0.0001135531
  0.0000048304
  0.0001005841
  0.0000009265
  0.0000074546
  0.0000057165
  0.0000048826
  0.0000010960
  0.0000031384
  0.0000060058
 -0.0000329579
  0.0000007455
 -0.0000045043
 -0.0000007138
 -0.0000120107
  0.0000008774
  0.0000084947
 -0.0000027434
  0.0000003047
  0.0000009112
  0.0000299789
 -0.0000123512
  0.0000006345
 -0.0000187100
 -0.0000040159
 -0.0000008709
 -0.0000066696
  0.0000189713
 -0.0000045301
 -0.0000048860
  0.0000404438
  0.0000019356
  0.0000006690
 -0.0000118342
 -0.0000015822
  0.0000012034
 -0.0000009695
  0.0000018394
  0.0000013793
  0.0000012315
 -0.0000000049
 -0.0000006201
  0.0000031866
 -0.0000002981
 -0.0000013534
  0.0000033432
  0.0000004816
 -0.0000052496
  0.0000038888
 -0.0000142289
 -0.0000095244
 -0.0000050892
  0.0000052647
 -0.0000043823
  0.0000054873
 -0.0000010679
 -0.0000036068
  0.0000154221
 -0.0000007285
 -0.0000039661
  0.0000017405
  0.0000013706
  0.0000134709
  0.0000061072
  0.0000023522
  0.0000006288
 -0.0000048720
  0.0000023235
  0.0000012004
  0.0000018118
 -0.0000137193
  0.0000008614
 -0.0000032279
  0.0000003195
  0.0000010894
 -0.0000009764
 -0.0000025000
  0.0000018744
  0.0000006094
 -0.0000012671
  0.0000028919
  0.0000004530
  0.0000007301
  0.0000031706
  0.0000008043
 -0.0000025656
  0.0000312729
 -0.0000312686
  0.0000085996
  0.0000470330
 -0.0000685342
  0.0000257640
 -0.0000057049
  0.0000018883
  0.0000796796
 -0.0000076493
 -0.0001033020
 -0.0000335803
  0.0000165418
  0.0000269175
 -0.0000131721
  0.0000263757
  0.0000818988
  0.0000073103
 -0.0000006741
 -0.0000083401
  0.0000013451
  0.0000011554
  0.0000000674
 -0.0000384995
 -0.0000540247
  0.0000006243
 -0.0000058991
 -0.0000025206
  0.0000001173
 -0.0000095506
  0.0000387663
 -0.0000012244
  0.0000090645
  0.0000116989
 -0.0000133806
 -0.0000023496
  0.0000469692
 -0.0000059254
  0.0000010326
 -0.0000215884
  0.0000053403
 -0.0000000223
  0.0000037836
  0.0000025519
 -0.0000018459
  0.0000015134
  0.0000134225
 -0.0000135174
 -0.0000115557
 -0.0000114041
 -0.0000017923
  0.0000036688
  0.0000077231
  0.0000239427
 -0.0000307669
  0.0000135712
 -0.0000099638
  0.0000027208
 -0.0000003282
 -0.0000005444
 -0.0000001988
  0.0000005993
  0.0000021157
 -0.0000048521
 -0.0000004285
  0.0000039656
 -0.0000000982
  0.0000018504
  0.0000001974
 -0.0000001622
 -0.0000001319
  0.0000000421
 -0.0000003703
 -0.0000378664
  0.0000155517
 -0.0000416600
 -0.0000290009
 -0.0000249196
 -0.0000291032
  0.0000364998
 -0.0000001401
  0.0000074004
  0.0000195065
  0.0000728796
 -0.0000366240
 -0.0000053433
  0.0000073598
  0.0000063482
  0.0000053302
  0.0000022396
  0.0000036099
  0.0000048980
 -0.0000349409
  0.0000004170
 -0.0000039435
  0.0000007374
 -0.0000106706
  0.0000010664
 -0.0000033360
  0.0000092698
 -0.0000018805
  0.0000009151
  0.0000000698
  0.0000323729
 -0.0000125712
 -0.0000029400
 -0.0000235190
 -0.0000020229
  0.0000021915
 -0.0000059464
  0.0000191633
 -0.0000019908
 -0.0000045438
  0.0000395224
  0.0000008276
  0.0000022172
 -0.0000131289
 -0.0000010397
  0.0000017855
  0.0000018126
 -0.0000004784
  0.0000016990
  0.0000004726
 -0.0000001050
  0.0000027153
  0.0000008695
 -0.0000006639
  0.0000033225
 -0.0000013638
 -0.0000042257
  0.0000042342
 -0.0000074266
 -0.0000022881
 -0.0000081987
 -0.0000061761
  0.0000071235
 -0.0000022757
  0.0000041459
 -0.0000024537
 -0.0000013484
  0.0000162945
  0.0000008205
 -0.0000012811
  0.0000021189
  0.0000009740
  0.0000158044
  0.0000069656
  0.0000005193
 -0.0000040171
 -0.0000012163
  0.0000004689
  0.0000015010
 -0.0000095769
  0.0000026375
  0.0000026089
  0.0000011952
  0.0000010406
 -0.0000068156
  0.0000010282
  0.0000023908
 -0.0000015310
  0.0000000649
  0.0000006835
 -0.0000021710
 -0.0000022944
  0.0000005564
  0.0000001492
 -0.0000037427
  0.0000506357
 -0.0000256312
  0.0000147892
 -0.0000334715
 -0.0000561072
  0.0000262280
 -0.0000123173
 -0.0000031516
  0.0000452245
 -0.0000184979
 -0.0000422065
 -0.0000228176
  0.0000045858
 -0.0000046211
  0.0000062435
  0.0000319345
  0.0000606109
 -0.0000042465
 -0.0000019197
 -0.0000063731
  0.0000036048
  0.0000044429
 -0.0000025503
 -0.0000298979
 -0.0000392706
  0.0000023832
 -0.0000052284
  0.0000012853
 -0.0000030544
  0.0000406816
  0.0000123910
  0.0000020104
  0.0000231787
  0.0000082722
 -0.0000062135
  0.0000228463
 -0.0000057830
  0.0000441179
  0.0000016073
  0.0000068196
 -0.0000392307
 -0.0000015448
 -0.0000011538
 -0.0000027818
 -0.0000007321
  0.0000013228
 -0.0000002643
 -0.0000008654
 -0.0000025075
 -0.0000045468
  0.0000038880
 -0.0000161992
 -0.0000040429
  0.0000065667
  0.0000050299
 -0.0000008534
  0.0000153041
 -0.0000017277
 -0.0000008150
  0.0000135549
  0.0000065398
  0.0000006601
 -0.0000002172
 -0.0000048743
  0.0000022416
  0.0000008776
  0.0000015634
 -0.0000146814
  0.0000023149
  0.0000035789
  0.0000034816
  0.0000037460
  0.0000134879
  0.0000006349
  0.0000061460
  0.0000025691
  0.0000007556
  0.0000068532
 -0.0000011307
  0.0000033411
  0.0000048894
  0.0000014932
 -0.0000001202
  0.0000258654
 -0.0000477200
  0.0000080203
  0.0001245335
 -0.0000789837
  0.0000257374
  0.0000271003
  0.0000050305
 -0.0000129478
 -0.0000107782
 -0.0001434233
 -0.0000364568
 -0.0000053021
  0.0000364289
 -0.0000074396
 -0.0000044753
  0.0000905595
 -0.0000109818
 -0.0000009423
 -0.0000215989
 -0.0000031675
  0.0000047592
  0.0000026785
  0.0000016043
 -0.0000115695
 -0.0000037614
 -0.0000018917
  0.0000086677
  0.0000388720
  0.0000013954
 -0.0000061905
  0.0000062915
  0.0000064994
 -0.0000027850
  0.0000400257
 -0.0000111849
  0.0000038731
 -0.0000121197
  0.0000061889
 -0.0000010511
  0.0000000493
 -0.0000013215
  0.0000030561
  0.0000024564
  0.0000007013
  0.0000035059
 -0.0000013400
 -0.0000036444
  0.0000049447
 -0.0000004697
 -0.0000047654
 -0.0000028873
  0.0000018586
 -0.0000046060
  0.0000069668
 -0.0000022191
 -0.0000013600
  0.0000152297
 -0.0000005366
 -0.0000026166
  0.0000008151
 -0.0000005605
  0.0000157646
  0.0000071496
  0.0000018159
 -0.0000031868
 -0.0000003715
  0.0000007046
  0.0000010456
  0.0000005389
 -0.0000022618
  0.0000023323
 -0.0000000726
 -0.0000013184
  0.0000006409
 -0.0000006302
 -0.0000018108
  0.0000049864
 -0.0000006774
  0.0000040510
 -0.0000007987
 -0.0000003275
 -0.0000004226
  0.0000026641
  0.0000051276
 -0.0000043553
  0.0000808830
 -0.0000235287
  0.0000264925
  0.0000078634
 -0.0000565299
  0.0000268316
  0.0000058347
 -0.0000007854
 -0.0000089289
 -0.0000142276
 -0.0000084414
 -0.0000209955
 -0.0000040273
 -0.0000548756
  0.0000040162
  0.0000308714
  0.0000168330
 -0.0000047328
 -0.0000006830
 -0.0000066004
  0.0000014718
 -0.0000284825
 -0.0000403601
 -0.0000015379
 -0.0000079737
 -0.0000020081
  0.0000404614
  0.0000087066
  0.0000212834
  0.0000124022
 -0.0000137894
  0.0000215154
 -0.0000017701
  0.0000425405
  0.0000040140
  0.0000013559
 -0.0000279380
  0.0000000438
  0.0000031878
  0.0000024571
  0.0000008486
 -0.0000017970
 -0.0000019119
  0.0000020907
 -0.0000001753
  0.0000002119
  0.0000033444
  0.0000000423
 -0.0000065190
  0.0000020700
 -0.0000054425
 -0.0000020307
 -0.0000062160
 -0.0000048116
  0.0000025458
 -0.0000040240
  0.0000055322
 -0.0000033383
 -0.0000009207
  0.0000138503
  0.0000023812
 -0.0000027021
 -0.0000003513
 -0.0000005001
  0.0000136650
  0.0000058438
  0.0000030449
 -0.0000000470
 -0.0000022207
 -0.0000019613
 -0.0000003059
 -0.0000006966
 -0.0000037704
 -0.0000007113
 -0.0000031785
  0.0000000425
 -0.0000011047
 -0.0000077382
 -0.0000027912
 -0.0000043687
 -0.0000063966
  0.0000005299
  0.0000013440
 -0.0000049745
 -0.0000050290
  0.0000005728
 -0.0000013951
 -0.0000046102
  0.0000883455
 -0.0000267489
 -0.0000303503
  0.0000702979
 -0.0000509949
  0.0000247599
  0.0000286772
 -0.0000078373
 -0.0000563020
 -0.0000002460
  0.0000044756
 -0.0000313149
  0.0000036653
  0.0000171887
  0.0000149570
  0.0000328569
 -0.0000247137
 -0.0000035675
  0.0000030635
 -0.0000086899
  0.0000067999
 -0.0000015573
 -0.0000202783
 -0.0000568774
 -0.0000037488
 -0.0000018980
 -0.0000399333
 -0.0000060880
 -0.0000287952
 -0.0000035605
  0.0000005745
  0.0000164606
 -0.0000057513
  0.0000104739
  0.0000264062
 -0.0000062862
  0.0000429259
 -0.0000019169
 -0.0000003030
 -0.0000019340
  0.0000043493
  0.0000033419
 -0.0000027226
  0.0000080783
  0.0000060852
  0.0000043829
  0.0000212389
  0.0000068642
  0.0000385958
  0.0000198204
  0.0000333503
  0.0000312073
  0.0000274706
  0.0000155712
  0.0000100322
  0.0000113758
 -0.0000012758
 -0.0000041572
  0.0000046923
 -0.0000013657
 -0.0000004183
  0.0000008913
  0.0000123534
  0.0000014868
  0.0000028865
  0.0000014555
  0.0000021707
 -0.0000028274
  0.0000067467
  0.0000032651
 -0.0000006945
 -0.0000002024
 -0.0000001180
  0.0000013933
 -0.0000000974
  0.0000006596
  0.0000021978
  0.0000015808
  0.0000313533
  0.0000378529
 -0.0000672578
  0.0000459224
 -0.0000876717
 -0.0000126531
  0.0000258399
 -0.0000108165
 -0.0001076055
  0.0000371810
 -0.0001647990
  0.0000190185
  0.0000131537
  0.0000021959
  0.0000392766
 -0.0000572071
 -0.0000050197
  0.0000104528
  0.0000031781
 -0.0000062379
  0.0000047803
 -0.0000015410
  0.0000132627
 -0.0000491209
 -0.0000063162
 -0.0000010301
 -0.0000070224
 -0.0000003639
  0.0000041096
 -0.0000033999
  0.0000048064
  0.0000316790
 -0.0000191855
 -0.0000024813
 -0.0000233400
 -0.0000037102
  0.0000020846
  0.0000111245
  0.0000269598
 -0.0000066024
 -0.0000056269
  0.0000135837
  0.0000028718
 -0.0000157024
  0.0000004001
  0.0000008715
  0.0000032045
  0.0000022463
  0.0000046380
  0.0000051260
  0.0000070319
  0.0000039621
  0.0000022255
  0.0000049359
  0.0000123522
 -0.0000052985
  0.0000087057
  0.0000104141
  0.0000127239
  0.0000013802
  0.0000202401
  0.0000201135
  0.0000109232
  0.0000044486
  0.0000019651
  0.0000022536
  0.0000020640
  0.0000079515
 -0.0000027711
  0.0000008030
 -0.0000006428
 -0.0000011453
  0.0000016538
 -0.0000056737
  0.0000057456
 -0.0000019547
 -0.0000033920
 -0.0000007621
  0.0000007292
 -0.0000003503
 -0.0000031699
 -0.0000001000
  0.0000013231
  0.0000005533
  0.0000201741
 -0.0000413389
  0.0000153312
  0.0001172829
 -0.0000806583
  0.0000287785
  0.0000788468
  0.0000233685
 -0.0000309405
  0.0000253657
 -0.0001946217
 -0.0000252390
  0.0000020606
 -0.0000612888
  0.0000110156
 -0.0000308448
  0.0001117530
 -0.0000127830
 -0.0000060966
 -0.0000000607
  0.0000013536
 -0.0000016838
 -0.0000004997
  0.0000028429
 -0.0000088133
 -0.0000028166
  0.0000058444
  0.0000295828
 -0.0000152219
 -0.0000040352
  0.0000187546
 -0.0000003823
  0.0000073449
  0.0000363148
 -0.0000057159
  0.0000550516
 -0.0000011373
 -0.0000197101
 -0.0000034420
 -0.0000017751
  0.0000112007
  0.0000026906
  0.0000012881
  0.0000112448
  0.0000029647
  0.0000088528
  0.0000113562
  0.0000049275
 -0.0000044070
  0.0000022604
  0.0000102489
  0.0000018237
 -0.0000049553
 -0.0000031325
 -0.0000009042
  0.0000043101
  0.0000036399
 -0.0000017589
  0.0000033072
  0.0000099185
  0.0000012011
 -0.0000054371
 -0.0000108043
 -0.0000870730
  0.0000011590
  0.0000868007
  0.0000527583
 -0.0000496163
  0.0000522595
 -0.0000052935
 -0.0000735958
 -0.0000731010
  0.0000724596
  0.0000664624
 -0.0000006595
  0.0000058956
  0.0000138735
  0.0000114219
  0.0000017698
  0.0000047931
  0.0000032867
 -0.0000293258
  0.0000110152
 -0.0000057747
  0.0000014122
 -0.0000033904
  0.0000005466
 -0.0000223873
 -0.0000024189
  0.0000018085
  0.0000036994
  0.0000235758
 -0.0000057406
 -0.0000026004
 -0.0000093839
 -0.0000006574
  0.0000055700
 -0.0000051768
  0.0000284628
  0.0000001727
 -0.0000017278
  0.0000124026
  0.0000031685
  0.0000027224
 -0.0000110532
  0.0000020035
  0.0000023238
 -0.0000065219
 -0.0000017954
 -0.0000022605
  0.0000065265
 -0.0000001492
 -0.0000151055
 -0.0000010045
  0.0000205297
  0.0000007241
  0.0000080514
  0.0000138166
  0.0000007452
 -0.0000032006
 -0.0000036941
  0.0000028737
  0.0000254436
 -0.0000147146
 -0.0001166638
  0.0001050119
 -0.0001227531
 -0.0000508706
  0.0000368457
 -0.0000600751
 -0.0000037273
 -0.0000078081
 -0.0000419307
 -0.0000053224
  0.0000057943
  0.0000183766
  0.0000161576
  0.0000051318
  0.0000076543
 -0.0000492628
  0.0000059635
  0.0000001409
  0.0000089967
  0.0000096601
 -0.0000044140
  0.0000012861
  0.0000005821
  0.0000067746
 -0.0000056063
 -0.0000034398
  0.0000774664
  0.0000186913
  0.0000184498
  0.0000557598
  0.0000226125
  0.0000153267
  0.0000039326
 -0.0000034075
  0.0000014377
  0.0000079611
  0.0000013837
 -0.0000029295
  0.0000115502
  0.0000036013
 -0.0000142732
 -0.0000100670
  0.0000049864
 -0.0000067501
  0.0000027521
  0.0000103332
  0.0000019995
 -0.0000084763
  0.0000189834
 -0.0000013412
 -0.0000192056
  0.0000039580
  0.0000026110
  0.0000019923
 -0.0000182269
  0.0000169374
  0.0000284485
 -0.0000516078
 -0.0001155343
  0.0001001943
 -0.0001493285
 -0.0000663776
  0.0000265240
 -0.0000840819
  0.0000069917
 -0.0000041048
 -0.0000884354
  0.0000025215
 -0.0000002124
  0.0000096943
  0.0000078858
 -0.0000006738
  0.0000023098
  0.0000043709
 -0.0000455172
  0.0000040260
 -0.0000032667
  0.0000007519
  0.0000011694
  0.0000012640
 -0.0000181572
 -0.0000028661
  0.0000132891
 -0.0000077240
 -0.0000009999
  0.0000349271
 -0.0000030116
  0.0000047805
  0.0000017857
  0.0000376252
 -0.0000042142
  0.0000015821
  0.0000004921
 -0.0000016695
 -0.0000013674
 -0.0000148285
  0.0000011192
 -0.0000022195
  0.0000092353
  0.0000277323
 -0.0000014256
 -0.0000070351
 -0.0000001342
  0.0000100581
 -0.0000004500
 -0.0000066036
 -0.0000055212
 -0.0000031674
  0.0000049333
  0.0000013621
 -0.0000022707
  0.0000011668
  0.0000086045
  0.0000001484
 -0.0000081555
 -0.0000507513
  0.0001004456
 -0.0000620931
  0.0000193879
 -0.0000250103
 -0.0000205363
  0.0000486772
  0.0000704580
  0.0000554616
 -0.0000484212
 -0.0001086198
 -0.0000233981
  0.0000025470
  0.0000040793
  0.0000113831
  0.0000093489
  0.0000009506
  0.0000029586
  0.0000006345
 -0.0000359587
  0.0000067785
 -0.0000052212
  0.0000024119
 -0.0000057541
  0.0000004299
 -0.0000230766
  0.0000217725
 -0.0000077044
 -0.0000038893
 -0.0000143466
 -0.0000015889
  0.0000033819
 -0.0000069306
  0.0000266175
 -0.0000016479
 -0.0000039570
  0.0000182160
  0.0000003881
 -0.0000129084
  0.0000022289
  0.0000086970
  0.0000127170
 -0.0000115010
  0.0000013773
 -0.0000000544
 -0.0000186996
 -0.0000050706
 -0.0000213404
  0.0000004080
  0.0000211524
 -0.0000049621
 -0.0000189202
  0.0000113392
 -0.0000037993
  0.0000016523
 -0.0000009968
  0.0000041247
 -0.0000377292
 -0.0000421866
 -0.0000654265
 -0.0000355999
 -0.0000310943
 -0.0000286028
  0.0000286911
 -0.0000566183
 -0.0000627626
 -0.0000307447
 -0.0000111110
  0.0000273727
  0.0000094529
  0.0000005311
  0.0000032756
 -0.0000512766
  0.0000009418
  0.0000053848
  0.0000009232
 -0.0000088370
  0.0000006030
 -0.0000040118
  0.0000022387
 -0.0000094587
  0.0000091334
  0.0000004505
  0.0000166852
  0.0000081561
  0.0000509782
 -0.0000044944
  0.0000042568
  0.0000008977
 -0.0000054705
 -0.0000001459
  0.0000030853
  0.0000080276
 -0.0000028702
 -0.0000066019
  0.0000111006
 -0.0000013844
 -0.0000058224
 -0.0000077232
  0.0000009634
 -0.0000034328
  0.0000110228
  0.0000082426
 -0.0000036692
  0.0000033614
 -0.0000036784
 -0.0000026519
 -0.0000035388
  0.0000125660
  0.0000005825
 -0.0001002350
  0.0001236436
 -0.0000654539
 -0.0000765405
  0.0000409863
 -0.0001009292
 -0.0000189142
 -0.0000043106
  0.0000106237
  0.0000013987
  0.0000038262
  0.0000112891
  0.0000128029
  0.0000067158
  0.0000112019
 -0.0000454366
  0.0000086614
 -0.0000000052
  0.0000024335
  0.0000062983
  0.0000031190
 -0.0000028989
  0.0000006141
  0.0000137060
 -0.0000062262
 -0.0000007821
  0.0000750633
  0.0000078208
  0.0000154827
  0.0000524589
  0.0000037795
  0.0000136188
  0.0000147066
  0.0000041869
 -0.0000109233
  0.0000042505
  0.0000118029
  0.0000158829
 -0.0000078362
  0.0000093175
  0.0000007720
  0.0000045664
 -0.0000005019
  0.0000284168
  0.0000047607
  0.0000081901
 -0.0000119949
  0.0000016425
 -0.0000014639
  0.0000034396
 -0.0000166929
  0.0000004513
  0.0000148726
 -0.0000104391
  0.0000604826
 -0.0000289775
 -0.0000414312
  0.0000474603
 -0.0000173611
 -0.0000563933
  0.0000067074
 -0.0000423547
  0.0000297968
 -0.0000005708
  0.0000021998
  0.0000051719
 -0.0000530235
  0.0000013354
 -0.0000008436
  0.0000010341
 -0.0000174176
 -0.0000100481
 -0.0000000983
 -0.0000014677
 -0.0000098768
  0.0000007015
  0.0000398836
  0.0000013463
  0.0000131633
  0.0000098581
  0.0000582393
 -0.0000011660
 -0.0000362476
 -0.0000034590
 -0.0000143348
  0.0000012986
  0.0000071476
 -0.0000029039
  0.0000018343
 -0.0000104884
  0.0000033500
 -0.0000029298
  0.0000241322
 -0.0000054554
  0.0000080906
 -0.0000042457
  0.0000049955
 -0.0000016833
  0.0000008248
 -0.0000097929
 -0.0000111986
  0.0000046839
  0.0000136180
  0.0000559166
 -0.0000402852
 -0.0000295270
 -0.0001261617
  0.0000208629
  0.0000348763
 -0.0000326398
 -0.0000172990
  0.0000344161
 -0.0001541094
 -0.0000116470
  0.0000374817
  0.0000113228
  0.0000029809
  0.0000013428
 -0.0000410554
  0.0000030975
 -0.0000035893
  0.0000002597
 -0.0000095035
  0.0000024117
 -0.0000026699
 -0.0000110818
 -0.0000055914
  0.0000872008
  0.0000029899
  0.0000161412
  0.0000081818
  0.0000563877
 -0.0000012180
 -0.0000061561
  0.0000182102
 -0.0000023154
  0.0000024819
  0.0000069984
 -0.0000048188
 -0.0000078682
 -0.0000078403
  0.0000075247
  0.0000037797
  0.0000011486
 -0.0000009177
  0.0000087630
  0.0000113242
 -0.0000013369
  0.0000227874
  0.0000050209
 -0.0000068112
  0.0000001650
  0.0000074746
  0.0000004984
  0.0000031007
  0.0000118267
 -0.0000081921
 -0.0001327656
  0.0000289585
  0.0000021780
 -0.0001110329
 -0.0001904215
 -0.0000090723
 -0.0000007334
 -0.0000213340
  0.0000008952
  0.0000139046
  0.0000137519
  0.0000066740
  0.0000055402
 -0.0000319057
  0.0000015133
  0.0000042899
  0.0000041530
 -0.0000222578
  0.0000005369
  0.0000205163
 -0.0000019729
 -0.0000062095
  0.0000043785
  0.0000087273
  0.0000040312
  0.0000310432
  0.0000129901
  0.0000444804
  0.0000063628
 -0.0000105984
  0.0000005238
  0.0000052965
  0.0000047137
 -0.0000163927
  0.0000034198
  0.0000001686
  0.0000054151
  0.0000069359
 -0.0000162020
 -0.0000069384
 -0.0000161690
 -0.0000022683
 -0.0000028876
  0.0000033226
 -0.0000073412
  0.0000050778
 -0.0000126840
 -0.0001711599
  0.0000020407
 -0.0000954625
  0.0000191919
 -0.0000180913
  0.0000383749
  0.0000428400
 -0.0000102065
 -0.0000088348
 -0.0000730036
 -0.0000819363
 -0.0001289168
  0.0000531089
 -0.0000009215
  0.0000009020
  0.0000088583
  0.0000089045
  0.0000043561
  0.0000076515
 -0.0000406459
  0.0000074312
 -0.0000050492
 -0.0000000969
  0.0000051748
  0.0000014044
 -0.0000129258
 -0.0000013402
 -0.0000042629
  0.0000142046
 -0.0000078552
 -0.0000032570
  0.0000171462
  0.0000041986
  0.0000086356
  0.0000428023
  0.0000115423
  0.0000020143
  0.0000013859
 -0.0000152556
 -0.0000019952
  0.0000025281
 -0.0000004846
 -0.0000054512
 -0.0000049825
  0.0000016680
  0.0000011820
 -0.0000193978
 -0.0000046492
 -0.0000197322
  0.0000009511
  0.0000187917
 -0.0000004637
 -0.0000197180
  0.0000111492
 -0.0000049464
  0.0000044807
  0.0000002047
  0.0000043627
  0.0000225390
 -0.0000839240
 -0.0001490260
  0.0000056353
 -0.0000709462
 -0.0002223254
  0.0000057287
 -0.0000447521
  0.0000866852
 -0.0000115352
  0.0000304975
  0.0000079389
 -0.0000064224
  0.0000004307
 -0.0000377025
 -0.0000060973
  0.0000053864
 -0.0000029980
 -0.0000080550
 -0.0000053427
  0.0000026518
 -0.0000139022
 -0.0000041449
  0.0000164921
  0.0000078428
  0.0000490591
 -0.0000086544
 -0.0000109800
 -0.0000082113
 -0.0000067847
 -0.0000045296
  0.0000150289
  0.0000226368
  0.0000336156
  0.0000149444
  0.0000222442
  0.0000184740
  0.0000215329
  0.0000115554
 -0.0000254633
  0.0000172719
 -0.0000186877
  0.0000357688
  0.0000182762
  0.0000240582
 -0.0000162761
  0.0000338394
  0.0000182763
  0.0000350340
 -0.0000346320
  0.0000852971
 -0.0001763456
 -0.0000950882
 -0.0000454893
  0.0000761039
 -0.0000983014
 -0.0000688991
  0.0000684699
  0.0000017656
 -0.0000015065
  0.0000014185
  0.0000266745
  0.0000653737
  0.0000106208
  0.0000005650
  0.0000588598
  0.0000060923
  0.0000465562
  0.0000068139
  0.0000011063
 -0.0000429691
  0.0000044535
  0.0002230108
  0.0000079291
  0.0000589440
 -0.0000031600
  0.0001268886
 -0.0000008521
 -0.0000103168
 -0.0000016306
  0.0000175476
  0.0000103097
  0.0000157679
 -0.0000091105
 -0.0000010787
 -0.0000063737
 -0.0000079424
 -0.0000030798
 -0.0000013708
 -0.0000102396
 -0.0000049260
  0.0000389721
  0.0000001716
 -0.0000137312
 -0.0000220816
 -0.0000116721
 -0.0000036527
 -0.0000067678
 -0.0000197537
 -0.0000037104
 -0.0000123078
 -0.0000255278
  0.0000235993
  0.0000446585
 -0.0000838339
  0.0001171589
  0.0000623672
  0.0001206091
  0.0000278893
  0.0000128220
 -0.0000038323
 -0.0000024035
 -0.0000063577
 -0.0000006141
 -0.0000165731
 -0.0000075788
 -0.0000102204
 -0.0000322732
 -0.0000018233
 -0.0000085427
  0.0000170538
 -0.0000034906
 -0.0000083514
 -0.0000253052
 -0.0000069261
 -0.0000286875
 -0.0000093318
  0.0000018695
  0.0000041222
  0.0000107274
 -0.0000029880
 -0.0000033672
 -0.0000013065
 -0.0000027394
  0.0000004272
 -0.0000033857
  0.0000028405
 -0.0000004749
 -0.0000021186
 -0.0000038583
 -0.0000030885
 -0.0000013089
 -0.0000021837
 -0.0000043858
 -0.0000027649
 -0.0000012939
  0.0000255297
  0.0000747362
 -0.0000622269
  0.0000281676
 -0.0000123285
  0.0000536436
 -0.0000070604
 -0.0000994040
 -0.0001714243
  0.0000526569
 -0.0000347714
 -0.0000286626
 -0.0000037067
  0.0000073271
  0.0000035925
 -0.0000001818
  0.0000023899
  0.0000058519
 -0.0000313323
 -0.0000042676
 -0.0000021407
 -0.0000153468
 -0.0000007214
  0.0000071988
  0.0000258827
 -0.0000126461
 -0.0000005741
 -0.0000208628
  0.0000015299
 -0.0000038489
  0.0000192737
 -0.0000025513
 -0.0000038943
  0.0000278643
 -0.0000001625
 -0.0000123775
 -0.0000000795
 -0.0000050311
 -0.0000021511
 -0.0000020630
 -0.0000204024
  0.0000027395
 -0.0000066409
  0.0000016401
  0.0000123405
 -0.0000080897
 -0.0000085629
 -0.0000189488
 -0.0000094227
 -0.0000155001
  0.0000027298
 -0.0000107960
  0.0000024225
 -0.0000261868
  0.0000166528
 -0.0000110356
 -0.0000021585
 -0.0001417935
 -0.0000196196
 -0.0000490452
 -0.0002177582
 -0.0000383216
 -0.0000223971
  0.0000555492
 -0.0000080941
  0.0000061986
  0.0000057648
 -0.0000041050
 -0.0000410868
 -0.0000003513
  0.0000026773
 -0.0000301172
 -0.0000036219
  0.0000126515
 -0.0000251948
  0.0000012554
  0.0000040773
  0.0000247948
 -0.0000090451
  0.0000158778
  0.0000358330
 -0.0000181985
 -0.0000053820
  0.0000010912
  0.0000115873
  0.0000110799
  0.0000050904
 -0.0000040001
 -0.0000010141
 -0.0000030263
 -0.0000179763
  0.0000198770
  0.0000005693
 -0.0000060150
 -0.0000160394
  0.0000020583
  0.0000050127
 -0.0000172721
 -0.0000121664
 -0.0000025799
 -0.0000117397
 -0.0000860906
 -0.0000841254
 -0.0000715919
 -0.0000927122
 -0.0000665119
  0.0000503377
  0.0000172310
 -0.0000209726
 -0.0000046712
 -0.0000080229
 -0.0000423478
 -0.0000087500
 -0.0000097030
  0.0000073084
 -0.0000143496
 -0.0000079514
 -0.0000093720
 -0.0000336522
 -0.0000053282
 -0.0000079533
  0.0000223457
 -0.0000032584
  0.0000645954
 -0.0000111861
 -0.0000196073
 -0.0000109040
 -0.0000240806
 -0.0000090477
  0.0000055249
  0.0000200757
  0.0000265949
  0.0000127851
  0.0000142947
  0.0000448739
  0.0000278694
  0.0000076652
 -0.0000003928
  0.0000091868
  0.0000186599
  0.0000128478
  0.0000015259
  0.0000242692
  0.0000109207
 -0.0000428752
  0.0000381693
 -0.0000127193
 -0.0000168078
 -0.0000834303
 -0.0000762889
  0.0001791423
 -0.0000407397
 -0.0001370985
 -0.0000742763
 -0.0000027190
  0.0000158732
  0.0000420796
  0.0000120492
 -0.0000041132
  0.0000160701
  0.0000039305
 -0.0000024646
  0.0000178166
  0.0000098149
  0.0000022883
  0.0000071112
 -0.0000053720
 -0.0000031677
  0.0000040887
  0.0000046091
  0.0001680260
 -0.0000027345
  0.0000169911
  0.0000232222
  0.0000766360
 -0.0000077098
 -0.0000026030
  0.0000718444
 -0.0000019773
 -0.0000021784
  0.0000153877
  0.0000082560
 -0.0000029378
  0.0000014851
  0.0000023257
 -0.0000056285
 -0.0000030083
  0.0000006116
 -0.0000057899
 -0.0000041567
 -0.0000056183
 -0.0000040821
  0.0000005762
  0.0000034201
 -0.0000047081
 -0.0000054141
  0.0000038898
 -0.0000032209
 -0.0000057952
  0.0000167211
  0.0000260989
 -0.0000985417
 -0.0000315636
 -0.0000978224
  0.0000155410
  0.0000131806
  0.0000143219
 -0.0000376565
 -0.0001660423
  0.0000064517
 -0.0000593850
  0.0000060258
  0.0000003166
  0.0000108551
  0.0000046748
  0.0000025338
  0.0000026787
 -0.0000339573
 -0.0000004799
 -0.0000161875
 -0.0000007271
 -0.0000042633
 -0.0000063464
  0.0000208891
 -0.0000025579
 -0.0000240072
  0.0000027711
 -0.0000077770
  0.0000156114
 -0.0000027755
 -0.0000039856
  0.0000255621
 -0.0000000563
 -0.0000158193
  0.0000008301
  0.0000142437
 -0.0000363562
  0.0000690520
  0.0000331690
  0.0000376276
  0.0000504967
  0.0000626986
  0.0000804576
  0.0000539502
  0.0000960448
  0.0000209076
  0.0000630580
  0.0000677731
  0.0000908190
  0.0000205459
  0.0000307134
  0.0000464148
  0.0001008736
  0.0000665994
 -0.0000820985
 -0.0000167655
 -0.0000349132
 -0.0001379992
 -0.0005357187
  0.0000407716
  0.0000352483
  0.0000458060
 -0.0000415244
  0.0000196831
  0.0000259462
 -0.0000100707
  0.0001246311
  0.0000088624
  0.0000244092
  0.0000753907
  0.0000057797
  0.0000865360
 -0.0000016734
  0.0000033600
  0.0000026992
 -0.0000832187
  0.0000301956
  0.0002659344
 -0.0000007511
 -0.0000077720
 -0.0000029236
  0.0001440505
  0.0000179025
 -0.0000767023
  0.0001458818
  0.0000239411
 -0.0000125106
  0.0000078150
  0.0000387583
 -0.0000029579
  0.0000034880
 -0.0000132887
 -0.0000024390
 -0.0000061199
 -0.0000058116
  0.0000036670
 -0.0000032889
 -0.0000053607
 -0.0000085299
 -0.0000002531
 -0.0000047147
  0.0000017616
 -0.0000108167
  0.0000019653
  0.0000099213
  0.0000132989
  0.0000291198
 -0.0000464640
 -0.0000006891
  0.0000204777
 -0.0000299855
  0.0000403361
 -0.0000812535
  0.0000081313
 -0.0000226692
  0.0000109219
 -0.0000338863
  0.0000041902
  0.0000013313
  0.0000071194
  0.0000077503
  0.0000033171
 -0.0000004422
 -0.0000353526
  0.0000056585
 -0.0000025997
  0.0000013667
 -0.0000027058
  0.0000009288
 -0.0000279612
  0.0000173203
 -0.0000092359
 -0.0000006718
 -0.0000168071
  0.0000038016
 -0.0000030880
  0.0000257457
 -0.0000032817
  0.0000009877
  0.0000155795
  0.0000009720
 -0.0000134845
  0.0000011612
 -0.0000051536
  0.0000083034
  0.0000101126
  0.0000088133
 -0.0000105637
  0.0000067355
 -0.0000022525
  0.0000075901
  0.0000238704
  0.0000044317
 -0.0000092363
  0.0000186585
  0.0000142726
  0.0000102488
  0.0000078043
  0.0000127362
  0.0000038576
 -0.0000262860
 -0.0000845142
 -0.0001541786
 -0.0000067386
  0.0000111933
 -0.0000100630
 -0.0000336339
 -0.0000970204
 -0.0000047816
  0.0000069025
  0.0000322446
  0.0000147590
 -0.0000009724
  0.0000047177
 -0.0000472530
  0.0000129786
  0.0000080328
 -0.0000083875
 -0.0000056206
 -0.0000035343
  0.0000098457
 -0.0000051318
  0.0000030096
  0.0000845858
 -0.0000031050
  0.0000221420
  0.0000139832
  0.0000572526
  0.0000149705
  0.0000201386
 -0.0000000318
 -0.0000047848
  0.0000107010
  0.0000084979
  0.0000765966
  0.0000246044
  0.0000207174
  0.0000159488
  0.0000382377
  0.0000271399
 -0.0000186820
  0.0000141870
 -0.0000116175
  0.0000517879
  0.0000303795
  0.0000262872
 -0.0000087842
  0.0000493350
  0.0000160422
  0.0000350804
  0.0000908203
 -0.0000612643
 -0.0000352562
 -0.0000419827
 -0.0000899036
 -0.0000488679
 -0.0000769419
 -0.0004902572
 -0.0000055661
  0.0000430325
 -0.0000039854
  0.0000076968
  0.0000187612
  0.0000381804
  0.0000740339
  0.0000055067
  0.0000124307
  0.0000647458
  0.0000171529
  0.0000494400
  0.0000057099
  0.0000127170
  0.0000076154
 -0.0000223904
  0.0000125670
  0.0002855569
  0.0000052555
  0.0000533672
  0.0000130334
  0.0001277948
  0.0000053017
 -0.0000059171
  0.0001105637
  0.0000083518
  0.0000004793
  0.0000049924
 -0.0000064026
  0.0000006072
  0.0000038140
 -0.0000044435
 -0.0000022893
 -0.0000064353
 -0.0000075470
  0.0000017718
 -0.0000006306
  0.0000028252
  0.0000013848
  0.0000044738
 -0.0000045722
 -0.0000038677
 -0.0000030741
  0.0000035418
  0.0000228238
  0.0000192987
  0.0000778326
 -0.0000154196
 -0.0000286275
 -0.0000077901
 -0.0001908509
 -0.0000525097
  0.0000720763
  0.0000062051
 -0.0000561923
  0.0000173292
  0.0000057259
  0.0000094307
  0.0000101302
  0.0000054706
  0.0000051183
 -0.0000335360
  0.0000035871
 -0.0000031018
  0.0000039654
 -0.0000186247
  0.0000002048
  0.0000222143
 -0.0000066393
  0.0000011930
 -0.0000127665
  0.0000058744
 -0.0000022671
  0.0000281864
  0.0000014447
  0.0000036534
  0.0000481485
  0.0000014483
 -0.0000110143
 -0.0000006302
  0.0000043022
  0.0000046431
  0.0000105613
  0.0000036354
 -0.0000149457
 -0.0000017927
  0.0000036049
  0.0000030784
  0.0000052667
 -0.0000165238
 -0.0000085583
 -0.0000102463
  0.0000016309
 -0.0000027379
  0.0000007497
 -0.0000022245
  0.0000001722
 -0.0000113395
  0.0000286369
 -0.0000059018
 -0.0000200327
 -0.0000502063
 -0.0000315225
 -0.0000290312
 -0.0000129443
  0.0000143694
 -0.0000508135
 -0.0000226203
 -0.0000325169
 -0.0000087558
  0.0000084455
  0.0000084222
 -0.0000016487
  0.0000048411
 -0.0000366805
 -0.0000023521
  0.0000034414
  0.0000033953
 -0.0000174695
 -0.0000044091
  0.0000125455
 -0.0000095552
 -0.0000060158
 -0.0000163345
 -0.0000016427
  0.0000038364
  0.0000092975
  0.0000384743
  0.0000151102
  0.0000019551
 -0.0000150336
 -0.0000052260
  0.0000023310
  0.0000004283
 -0.0000061568
  0.0000037106
  0.0000027419
 -0.0000062032
 -0.0000043437
 -0.0000049786
 -0.0000044847
 -0.0000054740
  0.0000002888
 -0.0000040099
 -0.0000059691
 -0.0000071178
  0.0000030145
 -0.0000066218
  0.0000234218
 -0.0000330913
 -0.0000390504
 -0.0000077180
 -0.0000110943
 -0.0000281694
  0.0000925834
 -0.0000856296
 -0.0000185869
  0.0000782764
  0.0000732746
 -0.0000071401
  0.0000575786
 -0.0000027416
  0.0000019955
  0.0000100610
  0.0000041836
 -0.0000002185
  0.0000016106
  0.0000032108
 -0.0000362414
  0.0000018365
 -0.0000071064
 -0.0000006795
 -0.0000165029
 -0.0000032652
 -0.0000128306
  0.0000202859
 -0.0000128990
 -0.0000038561
 -0.0000210764
 -0.0000026250
  0.0000028129
 -0.0000068216
  0.0000189859
 -0.0000034389
 -0.0000025331
  0.0000414384
 -0.0000011300
 -0.0000161647
 -0.0000018755
 -0.0000000583
  0.0000056755
 -0.0000060781
  0.0000035580
 -0.0000035265
  0.0000089308
  0.0000077728
 -0.0000030917
  0.0000010568
 -0.0000006607
 -0.0000033134
 -0.0000024881
  0.0000134121
 -0.0000101712
  0.0000041283
 -0.0001422045
  0.0000032446
 -0.0000852737
 -0.0000016026
 -0.0000316263
  0.0000317291
  0.0000502143
  0.0000186597
 -0.0000044593
  0.0000411211
 -0.0000715875
 -0.0000542671
  0.0000459518
  0.0000061495
  0.0000034546
  0.0000102506
  0.0000114294
  0.0000019662
  0.0000043402
  0.0000060676
 -0.0000295511
  0.0000107678
 -0.0000016383
  0.0000032798
  0.0000026822
  0.0000026728
 -0.0000227485
  0.0000185891
 -0.0000062703
  0.0000011124
 -0.0000055047
 -0.0000001987
  0.0000060006
  0.0000000752
  0.0000330497
 -0.0000020931
  0.0000027000
  0.0000056475
  0.0000008100
 -0.0000116140
  0.0000027869
  0.0000114111
  0.0000093579
 -0.0000176179
 -0.0000150702
 -0.0000179325
 -0.0000101314
 -0.0000116579
 -0.0000607779
 -0.0000183008
 -0.0000449083
  0.0000025786
 -0.0000139798
 -0.0000164068
 -0.0000488269
  0.0000008564
 -0.0000187003
 -0.0000023540
  0.0000906466
  0.0000627690
  0.0000968249
  0.0000082352
  0.0000541690
 -0.0000293062
  0.0000275774
  0.0000089699
  0.0000407398
  0.0000107187
  0.0000102851
  0.0000199246
  0.0000110729
  0.0000063464
  0.0000282377
  0.0000154066
  0.0000082134
  0.0000112150
  0.0000103567
 -0.0000831616
  0.0000142676
  0.0000107594
  0.0000111088
  0.0000149895
 -0.0000327522
  0.0000980867
  0.0000083596
  0.0000057042
 -0.0000172296
  0.0000112489
  0.0000211177
  0.0000353797
  0.0000261300
  0.0000067687
  0.0000205252
  0.0000250404
  0.0000043376
 -0.0000211377
  0.0000232127
  0.0000010823
  0.0000152932
  0.0000260313
 -0.0000050352
 -0.0000117167
  0.0000198742
  0.0000176719
  0.0000044707
 -0.0000052462
 -0.0001185467
 -0.0000815998
 -0.0000780961
 -0.0001039773
 -0.0001235041
 -0.0000565758
  0.0000347236
  0.0000033450
  0.0000053171
  0.0000110440
  0.0000220656
  0.0000161157
  0.0000028932
  0.0000043532
  0.0000336831
 -0.0000108797
  0.0000080915
  0.0000123537
  0.0000031663
  0.0000042053
 -0.0000166472
  0.0000039961
  0.0001611373
  0.0000019581
  0.0000343156
  0.0000141289
  0.0000929675
  0.0000033596
 -0.0000125511
  0.0000686284
  0.0000000479
 -0.0000067139
  0.0000014423
  0.0000190798
  0.0000095336
 -0.0000016112
 -0.0000098710
  0.0000071375
 -0.0000050805
  0.0000186901
 -0.0000071236
  0.0000039106
  0.0000143073
  0.0000091528
  0.0000014805
 -0.0000030276
  0.0000076115
 -0.0000109188
  0.0000013616
 -0.0000658962
  0.0000040574
 -0.0000286028
  0.0000428677
 -0.0000169714
 -0.0000626407
 -0.0000686900
  0.0001232721
  0.0000085362
 -0.0001107283
 -0.0000481667
 -0.0000059705
  0.0000089183
  0.0000359868
  0.0000156072
  0.0000132679
 -0.0000026984
 -0.0000462472
 -0.0000009647
 -0.0000021774
  0.0000073674
  0.0000047590
 -0.0000147130
  0.0000039671
  0.0000013517
  0.0000002506
 -0.0000029286
  0.0000038734
  0.0000966159
  0.0000096624
  0.0000246013
  0.0000194736
  0.0000525554
  0.0000108322
  0.0000143509
  0.0000006647
  0.0000042783
  0.0000099373
  0.0000155538
  0.0000114954
  0.0000006034
  0.0000082213
  0.0000023674
  0.0000023959
  0.0000004924
  0.0000028072
 -0.0000013795
  0.0000014565
  0.0000026986
  0.0000001818
 -0.0000015773
  0.0000005952
  0.0000039318
  0.0000000397
  0.0000006868
  0.0000005820
  0.0000017507
  0.0000297745
  0.0000507756
 -0.0000889810
 -0.0000450455
  0.0001000181
  0.0000158492
  0.0000080594
 -0.0000273820
  0.0000536068
 -0.0000375954
 -0.0001208948
 -0.0000753181
  0.0000173069
  0.0000030392
 -0.0000014590
  0.0000111368
  0.0000029432
  0.0000006652
  0.0000035466
 -0.0000019333
 -0.0000392018
  0.0000050373
 -0.0000013504
  0.0000023217
 -0.0000184316
  0.0000028115
  0.0000005297
 -0.0000215037
 -0.0000029085
  0.0000012169
  0.0000003463
  0.0000194338
 -0.0000134819
  0.0000022623
 -0.0000122438
 -0.0000022779
  0.0000055183
 -0.0000003916
  0.0000204455
 -0.0000028856
 -0.0000033022
  0.0000130366
 -0.0000022341
  0.0000010897
 -0.0000125979
 -0.0000027034
  0.0000039547
  0.0000064753
 -0.0000036232
  0.0000021894
  0.0000017788
 -0.0000165867
 -0.0000013670
  0.0000039463
  0.0000063517
 -0.0000128402
  0.0000076888
 -0.0000081839
 -0.0000170679
 -0.0000083946
  0.0000005147
 -0.0000095300
  0.0000228105
 -0.0000432344
 -0.0000287420
 -0.0000401649
 -0.0002206425
 -0.0000269524
 -0.0000273411
  0.0000199075
 -0.0000123805
 -0.0000009861
  0.0000021309
 -0.0000231952
 -0.0000016656
 -0.0000032962
  0.0000114654
 -0.0000109059
 -0.0000030510
 -0.0000043304
 -0.0000315493
  0.0000075431
  0.0000997726
 -0.0000014135
  0.0000191987
 -0.0000012639
  0.0000704778
 -0.0000041481
 -0.0000201692
 -0.0000034337
 -0.0000218561
 -0.0000013034
  0.0000130870
 -0.0000034210
  0.0000065960
 -0.0000005865
 -0.0000002704
 -0.0000004075
  0.0000007479
  0.0000031145
 -0.0000047086
 -0.0000005300
  0.0000018717
 -0.0000016537
  0.0000016132
 -0.0000002750
  0.0000002830
 -0.0000011440
 -0.0000001090
 -0.0000004083
 -0.0000258181
 -0.0000527090
 -0.0000766116
 -0.0000313797
 -0.0000171804
  0.0000474054
  0.0000268941
  0.0000562049
 -0.0000384289
  0.0000717862
 -0.0000178284
 -0.0000062826
  0.0000061668
  0.0000059152
  0.0000046340
  0.0000010829
  0.0000027145
  0.0000048463
 -0.0000357623
  0.0000014277
 -0.0000043265
  0.0000003885
 -0.0000111549
  0.0000007004
 -0.0000037972
  0.0000071622
 -0.0000037799
  0.0000004307
 -0.0000004105
  0.0000312009
 -0.0000132771
 -0.0000039678
 -0.0000172747
 -0.0000021037
  0.0000019759
 -0.0000062739
  0.0000169533
 -0.0000025194
 -0.0000054785
  0.0000389791
  0.0000004155
  0.0000012928
 -0.0000135436
 -0.0000012114
  0.0000013583
 -0.0000070824
  0.0000054148
 -0.0000039583
  0.0000048429
 -0.0000015257
  0.0000305429
  0.0000005730
  0.0000077663
 -0.0000109373
  0.0000028810
 -0.0000017511
  0.0000025833
 -0.0000157478
 -0.0000042855
  0.0000113578
  0.0000237988
  0.0000111181
  0.0000044029
  0.0000390733
 -0.0000267282
  0.0000562402
 -0.0000856360
 -0.0000539030
  0.0000562918
 -0.0000094208
  0.0000314409
  0.0000020344
 -0.0000002290
  0.0000041071
  0.0000019753
 -0.0000456480
 -0.0000024423
 -0.0000013900
 -0.0000032283
 -0.0000096624
  0.0000003042
 -0.0000017642
 -0.0000115073
 -0.0000063847
  0.0000718219
 -0.0000001888
  0.0000058297
  0.0000065498
  0.0000576983
 -0.0000032891
 -0.0000237956
  0.0000145466
 -0.0000021856
 -0.0000118312
 -0.0000011397
  0.0000055535
 -0.0000067712
 -0.0000078453
  0.0000088297
  0.0000006107
  0.0000051740
 -0.0000120447
 -0.0000069212
 -0.0000000294
  0.0000101701
  0.0000025393
 -0.0000015397
  0.0000001158
 -0.0000052583
 -0.0000061428
  0.0000116909
 -0.0000807250
  0.0000445524
 -0.0000768793
 -0.0001845901
  0.0000227526
  0.0000754752
 -0.0000120681
  0.0000688076
 -0.0000049085
  0.0000137121
  0.0000110879
  0.0000010730
  0.0000064382
 -0.0000307145
  0.0000046457
  0.0000060493
 -0.0000165018
  0.0000018373
  0.0000124831
 -0.0000127057
  0.0000026928
  0.0000100215
  0.0000139551
  0.0000395100
 -0.0000019797
  0.0000180809
  0.0000152365
 -0.0000106367
  0.0000026827
  0.0000050258
  0.0000056875
 -0.0000022032
 -0.0000070196
 -0.0000035743
 -0.0000036073
 -0.0000228120
 -0.0000061360
  0.0000153234
 -0.0000009722
 -0.0000009105
  0.0000052670
  0.0000034433
 -0.0000050486
 -0.0000082266
  0.0000006440
  0.0000855468
  0.0000227747
 -0.0000052452
 -0.0000409052
  0.0001265920
  0.0001094657
  0.0001313995
  0.0000717869
  0.0000287856
 -0.0000041273
 -0.0000029582
 -0.0000431767
 -0.0000000006
 -0.0000192178
 -0.0000129673
 -0.0000042813
 -0.0000108991
 -0.0000066429
 -0.0000005177
 -0.0000223276
 -0.0000043084
  0.0000084472
  0.0000074045
 -0.0000077435
 -0.0000334621
 -0.0000063837
 -0.0000125198
 -0.0000052549
 -0.0001629662
  0.0000120788
 -0.0000094074
  0.0001659393
 -0.0000319325
  0.0000232769
  0.0000362807
  0.0000243397
  0.0000048838
 -0.0000018476
  0.0000199749
  0.0000064682
  0.0000117990
  0.0000096148
  0.0000509664
 -0.0000037884
 -0.0000061382
 -0.0000038043
 -0.0000096864
  0.0000112740
 -0.0000011472
  0.0000047747
 -0.0000090023
 -0.0000165679
 -0.0000108038
 -0.0000001368
 -0.0000005860
 -0.0000274662
 -0.0000039955
 -0.0000016138
 -0.0000237631
  0.0000009256
  0.0000034580
  0.0000005373
  0.0000602427
  0.0000001464
  0.0000023449
  0.0000841577
  0.0000042963
  0.0000110354
  0.0000000326
 -0.0000513280
  0.0000020559
 -0.0000056555
 -0.0000344106
  0.0000018387
  0.0000011864
  0.0000036973
  0.0000028692
 -0.0000032474
 -0.0001698165
 -0.0000177307
 -0.0000268588
  0.0001117733
 -0.0001007998
  0.0000054375
  0.0000864016
 -0.0000046893
 -0.0000078413
 -0.0000172289
  0.0000075666
 -0.0000034167
  0.0000068808
 -0.0000402574
 -0.0000021069
 -0.0000009335
 -0.0000038663
 -0.0000082536
  0.0000122567
  0.0000026948
  0.0000040669
 -0.0000126743
 -0.0000147093
  0.0000103918
  0.0000010932
  0.0000006637
 -0.0000206066
 -0.0000024158
 -0.0000004560
 -0.0000320840
  0.0000015719
  0.0000040473
 -0.0000062623
  0.0000475285
  0.0000008569
  0.0000031615
 -0.0000083390
  0.0000065986
  0.0000157386
  0.0000050388
 -0.0000527856
  0.0000041208
 -0.0000028448
 -0.0000074328
 -0.0000145447
  0.0000027991
  0.0000070746
  0.0000024280
 -0.0000038227
 -0.0001290435
  0.0000095835
 -0.0000000599
  0.0000128999
  0.0001071410
 -0.0001041575
 -0.0000058867
  0.0000788265
 -0.0000102125
 -0.0000072670
  0.0000020666
  0.0000173717
 -0.0000029009
 -0.0000145776
  0.0000141557
 -0.0000058493
  0.0000057531
 -0.0000092767
  0.0000169396
 -0.0000003903
  0.0000034214
 -0.0000132711
 -0.0000138701
  0.0000068509
  0.0000003341
 -0.0000000356
 -0.0000262650
 -0.0000034732
  0.0000006730
 -0.0000332999
 -0.0000009145
  0.0000038447
 -0.0000050348
  0.0000534823
 -0.0000054365
  0.0000005682
  0.0000161637
  0.0000036172
  0.0000119857
  0.0000002834
 -0.0000519769
  0.0000037591
 -0.0000034447
 -0.0000055906
  0.0000058263
  0.0000018826
 -0.0000033215
  0.0000034336
 -0.0000041534
 -0.0003125457
  0.0000015776
 -0.0000126419
  0.0002161794
 -0.0000668612
 -0.0000365471
  0.0000346373
  0.0000051182
 -0.0000074408
  0.0000226952
 -0.0000007761
  0.0000045374
 -0.0000008215
  0.0000271577
 -0.0000432746
 -0.0000054875
 -0.0000073135
 -0.0000077418
  0.0000090621
  0.0000012273
  0.0000043906
 -0.0000097669
 -0.0000112026
 -0.0000078124
  0.0000011255
  0.0000003414
 -0.0000284775
 -0.0000032431
 -0.0000008207
 -0.0000362052
 -0.0000002992
  0.0000043366
 -0.0000000085
  0.0000579067
  0.0000024058
  0.0000031940
 -0.0000010728
  0.0000050163
  0.0000119482
  0.0000014903
 -0.0000548053
  0.0000026150
 -0.0000041878
 -0.0000054054
 -0.0000023875
  0.0000017014
  0.0000080650
  0.0000033774
 -0.0000034461
 -0.0001270016
  0.0000005763
 -0.0000073610
  0.0002018781
 -0.0002014405
  0.0000038998
  0.0001150645
 -0.0000053523
  0.0000044408
  0.0000000522
 -0.0000441675
  0.0000034712
 -0.0000065412
 -0.0000312443
  0.0000380060
 -0.0000073868
 -0.0000069341
 -0.0000040035
  0.0000047642
  0.0000013974
 -0.0000014874
 -0.0000140380
 -0.0000272292
 -0.0000027590
 -0.0000000511
  0.0000015247
 -0.0000283809
 -0.0000041802
 -0.0000020088
 -0.0000235290
 -0.0000020759
  0.0000034595
 -0.0000053054
  0.0000545097
  0.0000001976
  0.0000095383
  0.0000140513
  0.0000135794
  0.0000196287
  0.0000054151
 -0.0000452952
 -0.0000011395
 -0.0000078528
 -0.0000223267
  0.0000013976
  0.0000027974
  0.0000057992
 -0.0000019961
  0.0000005523
  0.0000091993
  0.0000062980
 -0.0000186713
  0.0001286018
 -0.0003253260
  0.0000198298
  0.0001947576
 -0.0000085830
  0.0000059860
  0.0000128974
 -0.0000552463
 -0.0000020273
 -0.0000509131
  0.0000013183
 -0.0000059486
 -0.0000076107
 -0.0000073452
  0.0000002316
  0.0000020601
  0.0000084318
  0.0000072760
  0.0000034148
 -0.0000566309
  0.0000110324
  0.0000081736
  0.0000018188
 -0.0000182363
 -0.0000048936
 -0.0000082027
  0.0000196480
  0.0000008761
  0.0000126632
 -0.0000001877
  0.0000428614
  0.0000007157
  0.0000008057
  0.0000260373
 -0.0000004111
  0.0000231636
  0.0000120048
 -0.0000305188
 -0.0000039329
 -0.0000071194
 -0.0000445068
  0.0000114487
  0.0000090815
  0.0000125170
 -0.0000000721
  0.0000021289
 -0.0001938578
  0.0000029899
 -0.0000055924
  0.0002244156
 -0.0001375559
  0.0000149693
  0.0001008358
 -0.0000141463
  0.0000191251
  0.0000246078
  0.0000016437
 -0.0000141724
  0.0000048488
  0.0000495098
 -0.0000039963
 -0.0000004257
  0.0000030019
 -0.0000077475
  0.0000163615
  0.0000012918
  0.0000021642
 -0.0000116360
  0.0000105380
  0.0000087164
  0.0000016235
  0.0000004379
 -0.0000237101
 -0.0000011517
  0.0000000149
 -0.0000287956
 -0.0000014724
  0.0000050512
 -0.0000053671
  0.0000512747
 -0.0000014892
  0.0000004509
  0.0000356948
  0.0000042942
  0.0000161975
  0.0000054711
 -0.0000505513
  0.0000033643
 -0.0000042472
 -0.0000317356
 -0.0000030489
  0.0000024736
  0.0000057146
  0.0000016891
 -0.0000033698
 -0.0000053001
  0.0000074901
 -0.0000019349
  0.0001587084
 -0.0002659165
  0.0000182551
  0.0000855726
 -0.0000051266
  0.0000136649
  0.0000305764
 -0.0000361297
  0.0000074592
 -0.0000266885
  0.0000200049
 -0.0000032247
 -0.0000062745
 -0.0000061557
 -0.0000036377
  0.0000072195
  0.0000001732
 -0.0000010477
 -0.0000123741
 -0.0000395462
  0.0000074266
 -0.0000013393
  0.0000055867
 -0.0000329723
 -0.0000040925
 -0.0000006609
 -0.0000193149
 -0.0000035537
  0.0000028387
 -0.0000035891
  0.0000425488
  0.0000022427
  0.0000015652
  0.0000317176
  0.0000056501
  0.0000206635
  0.0000072157
 -0.0000370040
  0.0000004172
 -0.0000095636
 -0.0000280424
 -0.0000050581
  0.0000005239
  0.0000075216
 -0.0000005361
  0.0000000156
 -0.0002215481
  0.0000034400
 -0.0000184060
  0.0002111277
 -0.0000091471
  0.0000083643
  0.0000042599
 -0.0000032999
  0.0000943228
  0.0000141835
  0.0000014972
 -0.0000145282
 -0.0000020313
 -0.0000353781
 -0.0001013293
 -0.0000028432
 -0.0000122749
 -0.0000095550
  0.0000065914
  0.0000022463
  0.0000052039
 -0.0000064741
 -0.0000011587
 -0.0000176449
 -0.0000021603
 -0.0000027085
 -0.0000309114
 -0.0000045407
 -0.0000011055
 -0.0000444844
  0.0000021137
  0.0000042491
  0.0000013560
  0.0000494718
  0.0000189625
  0.0000001679
  0.0000179717
  0.0000028189
  0.0000116311
  0.0000023492
 -0.0000549658
  0.0000012059
 -0.0000074289
 -0.0000133241
 -0.0000110264
 -0.0000000265
 -0.0000034478
  0.0000052930
 -0.0000048065
 -0.0001698849
  0.0000014808
 -0.0000038662
  0.0001853964
 -0.0000414892
  0.0000030626
  0.0000367226
 -0.0000012940
 -0.0000098666
  0.0000545462
  0.0000216562
  0.0000030953
 -0.0000048935
 -0.0000139564
 -0.0000619700
  0.0000003981
 -0.0000093605
 -0.0000083773
  0.0000083456
 -0.0000033544
  0.0000030456
 -0.0000090074
 -0.0000160316
 -0.0000102227
  0.0000017374
  0.0000008382
 -0.0000280006
 -0.0000038710
 -0.0000007354
 -0.0000223947
  0.0000045455
  0.0000061417
  0.0000021624
  0.0000589827
 -0.0000025443
  0.0000025585
  0.0000569694
  0.0000026765
  0.0000122121
  0.0000022181
 -0.0000523677
  0.0000086230
 -0.0000060463
 -0.0000333718
 -0.0000041579
  0.0000025344
  0.0000102738
  0.0000063654
 -0.0000042849
 -0.0000380812
  0.0000053918
 -0.0000138637
  0.0001543974
 -0.0002407937
  0.0000038555
  0.0001280318
  0.0000045792
  0.0000100835
  0.0000049534
 -0.0000331030
 -0.0000047355
 -0.0000290014
  0.0000125310
 -0.0000078396
 -0.0000047379
 -0.0000191404
 -0.0000079211
  0.0000036243
 -0.0000020976
  0.0000050564
 -0.0000121849
 -0.0000213810
 -0.0000044362
  0.0000008214
  0.0000009581
 -0.0000148202
 -0.0000023050
 -0.0000002158
 -0.0000198869
  0.0000004444
  0.0000039557
 -0.0000037992
  0.0000533672
  0.0000036723
  0.0000008391
  0.0000259353
  0.0000022188
  0.0000165415
  0.0000055353
 -0.0000434688
  0.0000060273
 -0.0000042541
 -0.0000163627
 -0.0000164200
 -0.0000018135
  0.0000092125
 -0.0000004869
 -0.0000036164
 -0.0000223077
  0.0000055680
 -0.0000003823
 -0.0000023077
  0.0001763709
 -0.0002589394
  0.0000257025
  0.0001353765
 -0.0000030590
 -0.0000032744
  0.0000107184
 -0.0000494050
 -0.0000165182
  0.0000153335
 -0.0000038570
 -0.0000057799
 -0.0000058587
 -0.0000059617
  0.0000061147
  0.0000014578
  0.0000007371
 -0.0000103408
 -0.0000159615
  0.0000010253
 -0.0000019365
  0.0000052056
 -0.0000298237
 -0.0000037066
 -0.0000004187
  0.0000010762
 -0.0000015279
  0.0000025042
 -0.0000053494
  0.0000551566
  0.0000015827
  0.0000022479
  0.0000394894
  0.0000062521
  0.0000198837
  0.0000062333
 -0.0000411157
  0.0000013780
 -0.0000085646
 -0.0000072867
  0.0000024559
  0.0000028722
  0.0000063367
  0.0000018926
 -0.0000039210
 -0.0002646569
 -0.0000069850
  0.0000176026
  0.0001764494
 -0.0000054367
 -0.0000016513
  0.0000037704
  0.0000185757
  0.0000489503
  0.0000132627
 -0.0000058498
  0.0000238028
 -0.0000112246
  0.0000448881
 -0.0000042393
 -0.0000124298
 -0.0000018943
 -0.0000055210
 -0.0000127559
  0.0000060464
 -0.0000036196
  0.0000051695
 -0.0000084902
 -0.0000007625
 -0.0000152919
  0.0000005755
 -0.0000020041
 -0.0000310291
 -0.0000033320
 -0.0000011317
 -0.0000452874
  0.0000046387
  0.0000049022
  0.0000056843
  0.0000497853
  0.0000131607
  0.0000006749
  0.0000444130
  0.0000037791
  0.0000124989
  0.0000025233
 -0.0000559851
  0.0000061784
 -0.0000057689
 -0.0000130099
 -0.0000035604
  0.0000010986
  0.0000013001
  0.0000047825
 -0.0000100296
 -0.0000578541
 -0.0000013377
 -0.0000030671
 -0.0000133574
  0.0001294573
 -0.0001102253
  0.0000004638
  0.0000844268
 -0.0000077301
 -0.0000002154
  0.0000365121
  0.0000070601
 -0.0000264585
  0.0000192466
 -0.0000131876
 -0.0000054374
  0.0000039954
 -0.0000100856
  0.0000151771
 -0.0000017203
  0.0000052923
 -0.0000146835
 -0.0000119317
  0.0000056988
  0.0000004114
 -0.0000001583
 -0.0000273805
 -0.0000036095
 -0.0000014133
 -0.0000357267
  0.0000039549
  0.0000040082
  0.0000003601
  0.0000529126
 -0.0000031517
  0.0000028854
  0.0000816317
  0.0000049736
  0.0000112401
 -0.0000000404
 -0.0000531945
  0.0000030519
 -0.0000058082
 -0.0000160805
  0.0000054836
  0.0000000559
 -0.0000027756
  0.0000021210
 -0.0000033519
 -0.0000727236
  0.0000108001
  0.0000033295
 -0.0000032941
  0.0001698248
 -0.0001605392
  0.0000029036
  0.0001061171
 -0.0000006110
 -0.0000011005
  0.0000415059
 -0.0000004895
  0.0000004055
 -0.0000201690
  0.0000197894
 -0.0000048842
 -0.0000102540
 -0.0000087403
  0.0000085812
 -0.0000020613
  0.0000067397
 -0.0000239639
 -0.0000089582
  0.0000075542
  0.0000001272
  0.0000001881
 -0.0000196301
 -0.0000027438
 -0.0000009310
 -0.0000245375
  0.0000050260
  0.0000034684
 -0.0000064209
  0.0000474771
  0.0000020388
  0.0000022655
  0.0000931684
  0.0000048327
  0.0000152052
  0.0000047473
 -0.0000608948
  0.0000041666
 -0.0000040566
 -0.0000111135
 -0.0000210210
  0.0000001078
  0.0000076679
  0.0000007402
 -0.0000043342
  0.0001734416
  0.0000755555
  0.0002718840
  0.0003475548
 -0.0002896354
  0.0000355270
 -0.0009283979
 -0.0003566110
 -0.0000102179
 -0.0000066050
 -0.0006151678
 -0.0009295175
  0.0001007072
  0.0000069937
 -0.0008151694
 -0.0002425509
  0.0000151436
 -0.0006717692
  0.0000997795
  0.0000594632
  0.0000832595
 -0.0000148427
 -0.0000037191
  0.0001010388
 -0.0008496020
  0.0000279295
 -0.0007128340
  0.0000994765
 -0.0000124773
 -0.0007740796
  0.0000482278
 -0.0000180799
 -0.0000646217
  0.0000041097
 -0.0000195229
 -0.0000185112
 -0.0000333154
  0.0000088286
 -0.0000004589
 -0.0000040843
  0.0000213485
  0.0000337842
 -0.0000262138
 -0.0000270533
  0.0000049445
  0.0000172675
  0.0000113435
  0.0000413448
 -0.0000554508
 -0.0000006019
 -0.0000370923
 -0.0000528642
  0.0000737105
 -0.0000084724
 -0.0000076333
 -0.0000202442
  0.0000002191
  0.0000227942
 -0.0000369504
  0.0000107893
 -0.0000072628
  0.0000256293
 -0.0000377179
 -0.0000018448
  0.0000000297
 -0.0000079558
 -0.0000115784
  0.0000260385
 -0.0000524937
  0.0000740120
  0.0000550901
  0.0000491329
 -0.0000079491
  0.0000312318
  0.0000089131
  0.0000039291
 -0.0000058828
 -0.0000088230
  0.0000283335
  0.0000296087
 -0.0000144655
  0.0000045980
  0.0000011469
 -0.0000094212
  0.0000065786
 -0.0001423857
 -0.0000051835
 -0.0000068639
 -0.0000057436
  0.0000228046
  0.0000725432
 -0.0000152575
 -0.0000101058
 -0.0000477119
 -0.0000290113
  0.0000252427
  0.0000003068
 -0.0000429916
  0.0000236683
 -0.0000413084
  0.0000296149
  0.0000182883
 -0.0000044089
  0.0000041978
  0.0000097730
 -0.0000022302
  0.0000410113
  0.0000512999
 -0.0000300416
  0.0000104714
 -0.0000117035
 -0.0000169142
  0.0000086718
  0.0000554419
  0.0000719414
  0.0000608534
 -0.0000643889
  0.0000098438
  0.0000083571
  0.0000393317
  0.0000520541
 -0.0000274615
 -0.0000189182
  0.0000450397
  0.0000711482
 -0.0000618419
 -0.0000173562
  0.0000354475
 -0.0000254600
  0.0000084621
 -0.0000147957
 -0.0000553235
  0.0000136017
  0.0000620102
 -0.0000196838
  0.0000616368
 -0.0000496266
 -0.0000249464
  0.0000962414
  0.0000622113
  0.0000443230
  0.0000348986
 -0.0001904877
 -0.0003804913
 -0.0001635591
 -0.0000678479
 -0.0000834801
 -0.0000388593
 -0.0000449985
  0.0004827873
 -0.0001786620
 -0.0001209867
  0.0004211408
 -0.0000446284
 -0.0000653934
 -0.0000623630
 -0.0000571174
 -0.0000734702
 -0.0000370286
  0.0005297668
 -0.0000440522
 -0.0002401893
 -0.0001358020
 -0.0002858402
 -0.0000433592
 -0.0000914910
  0.0000176368
  0.0003654813
 -0.0001432700
  0.0001471996
  0.0002445340
  0.0001481742
  0.0000088658
  0.0000088586
  0.0000100076
 -0.0000210644
  0.0000148510
  0.0000061169
  0.0000372222
  0.0001519062
  0.0000280028
  0.0000553202
  0.0000145809
  0.0000230403
  0.0000271163
  0.0001498481
  0.0000271359
  0.0000159414
 -0.0006526780
  0.0000144161
  0.0003637833
  0.0001543773
  0.0006018734
  0.0000048833
  0.0000168627
  0.0000242075
  0.0000106901
  0.0000451478
 -0.0000242612
  0.0000205719
 -0.0000824150
  0.0000174877
 -0.0000075665
 -0.0000076032
 -0.0000026747
 -0.0000191400
  0.0000309464
 -0.0000093148
 -0.0000104265
  0.0000007099
  0.0001074996
  0.0000207388
  0.0000050788
 -0.0000187710
  0.0000490615
 -0.0000132020
 -0.0000142380
 -0.0000140598
  0.0000267937
  0.0000044089
 -0.0000090939
 -0.0000679561
 -0.0000131330
 -0.0000640931
  0.0000625576
 -0.0000093614
 -0.0000110624
 -0.0000144200
 -0.0000244205
 -0.0000513635
 -0.0001779394
 -0.0000628997
 -0.0001440651
 -0.0001441022
  0.0000784438
  0.0001350737
  0.0000494228
  0.0000661633
 -0.0000075367
  0.0000392118
  0.0000646679
  0.0000787955
  0.0000159343
  0.0000524900
 -0.0000014383
 -0.0000067821
 -0.0000012013
  0.0000348752
  0.0000801267
  0.0000763042
 -0.0000079509
  0.0001742353
  0.0001399446
  0.0004643846
  0.0000242664
  0.0002477493
  0.0001020382
  0.0000134564
  0.0001082458
  0.0001153117
 -0.0000063453
 -0.0000469754
 -0.0000641183
  0.0000115744
 -0.0000007191
 -0.0000009429
  0.0000041215
  0.0000431380
  0.0000215808
 -0.0000580696
  0.0000062132
 -0.0000571612
  0.0000069840
  0.0000191521
 -0.0000502326
  0.0000267684
  0.0000617539
  0.0000418728
  0.0000388303
  0.0000014478
 -0.0000080853
 -0.0000544402
 -0.0000119224
  0.0000139762
 -0.0000022668
 -0.0000491246
  0.0000002019
 -0.0000512536
  0.0000404633
 -0.0000002491
 -0.0000074135
  0.0000079180
 -0.0000028170
 -0.0000185947
 -0.0000068683
 -0.0000053221
 -0.0000306729
  0.0000189881
  0.0000108089
  0.0000075297
  0.0000242662
  0.0000256227
 -0.0000141922
  0.0000112386
  0.0000133670
  0.0000228974
  0.0000596429
 -0.0000343982
  0.0000088263
 -0.0000140163
  0.0000225945
  0.0000937008
 -0.0000009956
  0.0000149858
  0.0000012599
  0.0000010608
  0.0000519886
 -0.0000260140
 -0.0000022106
  0.0000055480
  0.0000585017
  0.0000103690
  0.0000125958
  0.0000015380
 -0.0000000375
  0.0000669366
  0.0000252903
 -0.0000814336
 -0.0000199135
  0.0001517293
 -0.0000954381
  0.0000818328
  0.0000731537
 -0.0000130661
  0.0000433805
 -0.0001107457
 -0.0002168951
 -0.0000094683
 -0.0000583436
 -0.0000649815
  0.0003214854
  0.0000634120
  0.0000844178
 -0.0000322255
  0.0000696224
 -0.0000051183
  0.0000421942
  0.0001927645
 -0.0000667996
 -0.0000323063
 -0.0000019896
  0.0000375084
  0.0000632074
 -0.0000049409
  0.0001192760
 -0.0000705018
 -0.0000143007
 -0.0000117871
 -0.0000290173
 -0.0000163611
  0.0000808461
 -0.0000704546
 -0.0000383581
  0.0000337735
 -0.0000200431
 -0.0000282373
 -0.0000333007
 -0.0000068489
 -0.0000269923
  0.0000682358
  0.0000518188
 -0.0000197977
  0.0000022274
 -0.0000244958
 -0.0000008000
 -0.0000075175
  0.0000144252
 -0.0000059935
  0.0000200750
 -0.0000091916
  0.0000061648
 -0.0000035985
 -0.0000052063
  0.0000196619
  0.0000346180
  0.0000079295
 -0.0000048639
 -0.0000083450
 -0.0000028676
  0.0000159859
 -0.0000736857
 -0.0000122840
 -0.0000068374
  0.0000097692
  0.0000094951
  0.0000428135
 -0.0000042113
 -0.0000066164
 -0.0000460967
  0.0000071078
  0.0000090924
  0.0000075950
 -0.0000272928
 -0.0000028389
 -0.0000369116
  0.0000321661
 -0.0000730251
  0.0000044612
  0.0000119433
  0.0000052886
  0.0000075120
  0.0000483880
 -0.0000191223
 -0.0000180329
 -0.0000341817
  0.0000133321
  0.0000038388
  0.0000026478
 -0.0000028418
  0.0000435261
 -0.0000068305
 -0.0000046712
 -0.0000256421
 -0.0000103322
  0.0000166834
  0.0000005583
 -0.0000575617
 -0.0000004393
  0.0000102725
  0.0000662610
  0.0000853928
 -0.0000257614
  0.0000075193
 -0.0000397650
  0.0000276668
 -0.0000189749
 -0.0000295881
 -0.0000313432
 -0.0000234625
  0.0000061906
  0.0000157705
  0.0000280766
  0.0000075743
  0.0000116615
 -0.0000129325
 -0.0000032326
  0.0000020929
 -0.0000186194
  0.0000121478
  0.0000036641
  0.0000040120
  0.0000082121
  0.0000047130
  0.0000161825
  0.0000242321
 -0.0000174427
  0.0000018429
  0.0000220770
 -0.0000053299
  0.0000150918
 -0.0000108152
  0.0000024390
  0.0000041703
 -0.0000100944
  0.0000120045
  0.0000574577
 -0.0000111757
  0.0000096225
 -0.0000470363
  0.0000032973
  0.0000242375
 -0.0000057602
 -0.0000361607
 -0.0000106070
 -0.0000475799
  0.0000282202
 -0.0000086668
 -0.0000010069
  0.0000099318
  0.0000025339
 -0.0000132905
  0.0000754022
  0.0000375127
 -0.0000020470
  0.0000700334
  0.0000283215
  0.0000301140
  0.0000356487
  0.0000222102
  0.0000685932
 -0.0000342792
  0.0000275433
  0.0000211730
 -0.0000007564
  0.0000207739
  0.0000149639
  0.0000227584
  0.0000335957
 -0.0000667652
  0.0000149617
  0.0000218283
  0.0000568499
 -0.0000554449
  0.0000476855
  0.0000949603
  0.0000239291
  0.0000176905
  0.0000099651
  0.0001664422
 -0.0000815595
 -0.0000392135
  0.0001812054
 -0.0001022765
 -0.0000991818
  0.0001731583
 -0.0001046636
 -0.0000999527
 -0.0001126449
  0.0001631743
  0.0001120501
 -0.0000871012
  0.0000492677
  0.0000304774
  0.0002062525
 -0.0001100555
 -0.0000964270
 -0.0000972296
 -0.0000664681
 -0.0001979040
 -0.0001011155
  0.0000395169
 -0.0000077479
 -0.0000381574
 -0.0000118849
 -0.0000924902
 -0.0001140006
 -0.0000068345
  0.0000195211
 -0.0000082802
 -0.0000039368
  0.0000044200
 -0.0000085222
  0.0000271673
  0.0000161431
 -0.0000155135
 -0.0000085463
  0.0000158631
 -0.0000130558
  0.0000155270
 -0.0000075118
  0.0000059449
  0.0000198159
  0.0000006121
 -0.0000130242
  0.0000493062
 -0.0000070735
 -0.0000097206
  0.0000108644
 -0.0000010145
  0.0000187207
 -0.0000500737
  0.0000040247
 -0.0000227709
  0.0000358549
 -0.0000069566
  0.0000023637
  0.0000101653
 -0.0000140801
 -0.0000138090
 -0.0000066375
 -0.0000538048
 -0.0000013071
 -0.0000003925
 -0.0000018170
 -0.0000088291
 -0.0000010520
 -0.0000005329
  0.0000274386
  0.0000717421
  0.0000220013
 -0.0000149093
  0.0000130452
  0.0000035437
 -0.0000000180
 -0.0000051628
 -0.0000018331
 -0.0000022941
  0.0000157285
  0.0000044947
  0.0000048507
 -0.0000115955
 -0.0000041188
 -0.0000073247
 -0.0000042398
  0.0000284199
  0.0000065629
  0.0000072657
  0.0000081252
  0.0000077243
  0.0000098647
 -0.0000091567
  0.0000005021
 -0.0000164540
  0.0000115658
 -0.0000112901
  0.0000097812
 -0.0000032609
  0.0000098350
  0.0000169662
 -0.0000213569
 -0.0000053155
 -0.0000255419
 -0.0000383188
  0.0000128602
 -0.0000026616
 -0.0000153897
 -0.0000189448
  0.0000032876
 -0.0000037253
  0.0000363664
 -0.0000013556
  0.0000066222
  0.0000354831
  0.0000454564
  0.0000416600
 -0.0000000615
 -0.0000149476
 -0.0000280052
 -0.0000400614
  0.0000159706
  0.0000042864
 -0.0000143116
  0.0000219775
  0.0000040574
  0.0000163138
  0.0000438518
  0.0000409702
  0.0000025345
 -0.0000005059
  0.0000191634
 -0.0000198107
 -0.0000177885
 -0.0000229045
 -0.0000412390
 -0.0000155416
  0.0001333837
 -0.0000324677
 -0.0000158787
 -0.0000542142
 -0.0000443977
 -0.0000499561
 -0.0000564864
 -0.0000389514
 -0.0000448205
 -0.0002326624
 -0.0000498598
 -0.0000511443
 -0.0000323653
 -0.0000447842
 -0.0000450345
  0.0000007243
 -0.0000107363
  0.0000069121
 -0.0000040094
 -0.0000266242
  0.0000203600
  0.0000087922
  0.0000233221
  0.0000009616
  0.0000088799
  0.0000283687
  0.0000057672
 -0.0000052431
  0.0000027488
  0.0000348152
  0.0000192573
  0.0000087107
 -0.0000045467
 -0.0000050132
  0.0000413221
 -0.0000074980
  0.0000049382
  0.0000034563
  0.0000105192
 -0.0000058351
  0.0000460127
 -0.0000083266
 -0.0000102410
 -0.0000011708
 -0.0000167859
 -0.0000115321
 -0.0000075684
 -0.0000047416
  0.0000029061
  0.0000149315
  0.0000020883
 -0.0000324927
 -0.0000073005
  0.0000015585
  0.0000049681
  0.0000240027
  0.0000392694
  0.0000021016
  0.0000059588
  0.0000439015
  0.0000004226
  0.0000008045
 -0.0000051402
  0.0000276960
 -0.0000051108
  0.0000008587
 -0.0000115422
 -0.0000276010
  0.0000124516
  0.0000025608
 -0.0000207255
 -0.0000347290
 -0.0000215302
 -0.0000108537
 -0.0000231865
  0.0000049462
  0.0000069807
  0.0000032140
  0.0000328190
 -0.0000027967
  0.0000479809
 -0.0000018012
  0.0000384178
 -0.0000046762
  0.0000074079
  0.0000154570
  0.0000000357
  0.0000373924
  0.0000017593
 -0.0000100396
  0.0000244668
  0.0000022662
 -0.0000062445
  0.0000198562
  0.0000013616
 -0.0000148198
 -0.0000038115
  0.0000412340
  0.0000166340
  0.0000512949
  0.0000170411
  0.0000064876
 -0.0000028942
 -0.0000027477
  0.0000040699
  0.0000009049
  0.0000027273
 -0.0000089273
  0.0000422952
  0.0000238666
  0.0000087271
 -0.0000010597
  0.0000386244
  0.0000112008
  0.0000034133
  0.0000015417
  0.0000086081
  0.0000040305
  0.0000219221
 -0.0000023676
  0.0000463300
 -0.0000185835
  0.0000148501
  0.0000050033
  0.0000216896
 -0.0001126664
 -0.0000104624
  0.0000137043
  0.0000071829
  0.0000122078
 -0.0000060513
  0.0000337652
  0.0002288367
  0.0000489972
  0.0000422136
  0.0000458406
 -0.0000034592
  0.0000800740
  0.0000083815
  0.0000049401
  0.0000320987
  0.0000483347
 -0.0000074398
 -0.0000145080
 -0.0000020635
 -0.0000116774
