  0.0000012870
 -0.0000189814
 -0.0000260593
 -0.0000054300
  0.0000089703
  0.0000031173
  0.0000366102
  0.0000094194
  0.0000362123
  0.0000024180
 -0.0000084694
 -0.0000373114
 -0.0000334132
  0.0000141664
 -0.0000067100
  0.0000269172
 -0.0000054569
 -0.0000479895
  0.0000271494
 -0.0000090887
 -0.0000193617
  0.0000242820
 -0.0000185472
  0.0000304314
  0.0000097584
  0.0000112293
 -0.0000007053
  0.0000079379
 -0.0000294056
 -0.0000371679
  0.0000064468
 -0.0000239306
 -0.0000096451
 -0.0000132304
  0.0000144002
  0.0000037532
  0.0000050906
  0.0000078040
  0.0000034318
  0.0000065211
 -0.0000193869
  0.0000292744
 -0.0000191608
 -0.0000255304
 -0.0000004145
  0.0000139787
  0.0000010275
 -0.0000071561
 -0.0000089309
  0.0000274470
  0.0000015975
 -0.0000000563
 -0.0000065024
  0.0000225406
  0.0000017395
  0.0000009319
 -0.0000080162
 -0.0000058565
  0.0000030596
  0.0000200167
 -0.0000008053
  0.0000023535
  0.0000034470
 -0.0000053894
  0.0000113910
  0.0000127050
  0.0000016344
  0.0000019727
  0.0000153328
  0.0000092352
  0.0000015036
  0.0000036759
  0.0000024139
  0.0000012391
  0.0000009105
 -0.0000054727
  0.0000014265
  0.0000000985
 -0.0000013381
  0.0000056932
  0.0000014906
 -0.0000013356
  0.0000000205
 -0.0000080643
 -0.0000046415
 -0.0000005888
  0.0000008376
 -0.0000049543
 -0.0000051096
 -0.0000005374
 -0.0000073970
 -0.0000031782
 -0.0000087641
 -0.0000095635
 -0.0000041451
  0.0000002145
 -0.0000055995
 -0.0000063459
 -0.0000122372
  0.0000004499
 -0.0000059550
 -0.0000100465
  0.0000084751
 -0.0000081567
  0.0000107104
 -0.0000067077
 -0.0000129598
  0.0000147343
 -0.0000080593
 -0.0000035178
 -0.0000113708
 -0.0000020291
 -0.0000012594
 -0.0000115949
  0.0000151209
 -0.0000021133
 -0.0000025076
 -0.0000037735
 -0.0000028674
  0.0000087316
 -0.0000008717
 -0.0000058619
 -0.0000038463
  0.0000048256
 -0.0000017916
 -0.0000022275
 -0.0000074756
  0.0000114780
  0.0000040632
 -0.0000029890
  0.0000024460
 -0.0000032849
  0.0000125820
 -0.0000117020
 -0.0000067024
  0.0000087300
  0.0000109023
  0.0000152674
  0.0000048394
  0.0000027625
  0.0000105223
  0.0000005943
  0.0000100789
  0.0000087273
 -0.0000076573
  0.0000382083
 -0.0000195071
 -0.0000073119
 -0.0000043554
 -0.0000512272
 -0.0000265243
 -0.0000007538
  0.0000680773
 -0.0000330098
 -0.0000701231
  0.0000150381
 -0.0000610738
 -0.0000422060
 -0.0000452932
  0.0000209269
 -0.0000017255
 -0.0000157364
  0.0000097983
  0.0000121488
 -0.0000626703
 -0.0000609629
  0.0000058823
 -0.0000384427
 -0.0000367334
 -0.0000014443
 -0.0000015990
 -0.0000008135
 -0.0000017334
  0.0000029098
 -0.0000005046
 -0.0000082185
 -0.0000026815
  0.0000042423
  0.0000035178
  0.0000018482
 -0.0000021476
 -0.0000004896
  0.0000009883
 -0.0000048604
 -0.0000029565
  0.0000006899
 -0.0000042832
 -0.0000093661
  0.0000033215
 -0.0000012223
 -0.0000073819
 -0.0000065277
 -0.0000005793
 -0.0000014001
  0.0000023425
 -0.0000074285
  0.0000146218
  0.0000028857
 -0.0000599874
  0.0000016654
 -0.0000014198
  0.0000030324
  0.0000002594
  0.0000037456
 -0.0000002220
 -0.0000012740
  0.0000036748
 -0.0000047812
 -0.0000011819
  0.0000014361
 -0.0000065015
 -0.0000011163
 -0.0000015219
 -0.0000035980
 -0.0000005075
 -0.0000000635
 -0.0000049755
 -0.0000033080
 -0.0000047087
 -0.0000061224
  0.0000061696
 -0.0000056226
 -0.0000028279
  0.0000005410
 -0.0000026827
 -0.0000004026
 -0.0000015495
 -0.0000058177
 -0.0000033797
 -0.0000026503
 -0.0000047386
  0.0000050016
  0.0000026767
 -0.0000042952
  0.0000019606
 -0.0000072156
 -0.0000109175
  0.0000031397
 -0.0000029221
  0.0000069979
 -0.0000059399
  0.0000031560
  0.0000006565
  0.0000000159
 -0.0000114790
 -0.0000054993
  0.0000020307
 -0.0000000088
  0.0000026827
  0.0000039458
  0.0000060903
 -0.0000062530
 -0.0000001448
  0.0000024468
  0.0000011013
  0.0000015744
 -0.0000137725
 -0.0000017357
  0.0000128741
  0.0000171909
  0.0000146513
 -0.0000083241
 -0.0000709495
  0.0000050954
  0.0000006648
 -0.0000550920
 -0.0000183383
 -0.0000096122
 -0.0000425059
  0.0000102772
 -0.0000333437
  0.0000025974
 -0.0000609265
  0.0000103956
  0.0000239392
 -0.0000134316
  0.0000086925
 -0.0000008375
 -0.0000366490
  0.0000142993
  0.0000046693
 -0.0000242659
  0.0000139958
  0.0000154295
  0.0000249128
  0.0000040418
  0.0000272594
  0.0000037993
  0.0000070410
  0.0000062686
  0.0000137892
  0.0000052909
  0.0000021654
 -0.0000031848
  0.0000170785
 -0.0000007288
  0.0000010370
  0.0000066127
  0.0000088375
  0.0000011393
  0.0000139276
  0.0000094387
  0.0000009516
  0.0000114005
  0.0000085736
  0.0000094202
  0.0000188451
  0.0000017723
 -0.0000005672
  0.0000118885
  0.0000009037
 -0.0000006141
  0.0000016646
  0.0000021884
 -0.0000000320
  0.0000004208
 -0.0000007377
  0.0000009739
  0.0000014268
 -0.0000011254
 -0.0000020568
  0.0000031713
  0.0000039807
  0.0000002189
 -0.0000001205
  0.0000028483
  0.0000022911
  0.0000007096
  0.0000014840
 -0.0000044692
 -0.0000030734
 -0.0000027062
  0.0000036486
  0.0000083846
  0.0000036388
  0.0000062214
 -0.0000028867
  0.0000009217
 -0.0000044370
  0.0000066413
  0.0000010526
 -0.0000005598
  0.0000034495
  0.0000065744
  0.0000049702
 -0.0000034376
  0.0000050015
  0.0000090379
  0.0000049246
 -0.0000065533
  0.0000136114
 -0.0000124077
  0.0000098654
  0.0000105423
  0.0000096811
 -0.0000040512
  0.0000131553
  0.0000104458
  0.0000067254
  0.0000045093
  0.0000037413
 -0.0000001973
 -0.0000001011
 -0.0000009632
 -0.0000030249
 -0.0000032291
  0.0000096568
 -0.0000059052
  0.0000027542
 -0.0000038763
 -0.0000030111
  0.0000125917
  0.0000066314
 -0.0000036152
 -0.0000075636
  0.0000034117
 -0.0000033176
 -0.0000717887
  0.0000142264
  0.0000021661
 -0.0000585287
  0.0000058355
 -0.0000302802
 -0.0000239906
  0.0000014497
 -0.0000628862
  0.0000011993
  0.0000073638
  0.0000129365
 -0.0000021332
 -0.0000670720
 -0.0000022116
  0.0000156659
  0.0000062072
 -0.0000564074
 -0.0000651852
  0.0000091027
  0.0000118995
  0.0000048556
  0.0000024703
  0.0000246626
  0.0000056758
  0.0000234221
  0.0000018266
  0.0000016863
  0.0000123782
  0.0000050991
  0.0000025374
  0.0000009557
  0.0000059393
  0.0000056395
  0.0000027275
  0.0000060336
  0.0000096058
  0.0000008099
  0.0000096766
  0.0000000899
  0.0000006250
  0.0000060043
  0.0000055175
  0.0000014063
 -0.0000006122
  0.0000020586
  0.0000018802
  0.0000152942
  0.0000123614
  0.0000095512
 -0.0000013579
  0.0000016225
  0.0000052130
  0.0000129681
 -0.0000011193
  0.0000005962
  0.0000113116
 -0.0000047493
  0.0000016869
  0.0000003421
  0.0000047076
  0.0000017976
 -0.0000019088
 -0.0000036861
  0.0000004546
  0.0000039578
 -0.0000006730
 -0.0000007685
 -0.0000012726
  0.0000009046
  0.0000010216
  0.0000005943
  0.0000025396
  0.0000061656
  0.0000099490
  0.0000030765
  0.0000025248
  0.0000099150
  0.0000065443
  0.0000043532
  0.0000021330
  0.0000026143
  0.0000024722
  0.0000019767
 -0.0000025440
 -0.0000017005
 -0.0000001688
  0.0000059200
  0.0000015330
 -0.0000104530
 -0.0000083173
  0.0000019157
 -0.0000008754
 -0.0000056156
  0.0000065594
  0.0000020347
 -0.0000043609
  0.0000052581
  0.0000033445
  0.0000047041
  0.0000005716
 -0.0000052903
  0.0000015977
  0.0000086654
  0.0000047295
  0.0000072465
  0.0000137107
  0.0000063268
  0.0000094164
 -0.0000009617
 -0.0000002370
 -0.0000000897
 -0.0000021045
 -0.0000083610
  0.0000016758
  0.0000048671
  0.0000078856
  0.0000038613
 -0.0000088927
 -0.0000004775
  0.0000020753
 -0.0000062972
 -0.0000033949
  0.0000162526
 -0.0000115490
 -0.0000776113
  0.0000037987
 -0.0000034650
  0.0000453281
  0.0000277780
  0.0000123347
 -0.0000015043
 -0.0000697460
 -0.0000056314
 -0.0000530669
  0.0000211139
  0.0000118133
  0.0000254149
  0.0000161553
  0.0000099367
 -0.0000106474
 -0.0000152945
 -0.0000503245
  0.0000028346
  0.0000083079
  0.0000145571
  0.0000079080
  0.0000230402
  0.0000212630
  0.0000061890
  0.0000124357
  0.0000058242
  0.0000055095
  0.0000039432
  0.0000084532
  0.0000046173
  0.0000029965
  0.0000048929
  0.0000108396
  0.0000039971
  0.0000009486
  0.0000031448
  0.0000040738
  0.0000072783
  0.0000078534
  0.0000046066
  0.0000038291
  0.0000048585
  0.0000052220
  0.0000187478
  0.0000147948
  0.0000010847
  0.0000030745
  0.0000046665
 -0.0000490080
  0.0000063033
  0.0000159547
  0.0000032874
  0.0000051904
  0.0000038540
  0.0000045725
  0.0000045008
  0.0000042863
  0.0000019317
  0.0000092381
 -0.0000015857
 -0.0000025139
 -0.0000001772
  0.0000034700
  0.0000003313
  0.0000022254
 -0.0000028276
 -0.0000006566
  0.0000007327
  0.0000030142
  0.0000047181
  0.0000040696
  0.0000029693
  0.0000061348
  0.0000117371
  0.0000020147
  0.0000098826
  0.0000068650
  0.0000037428
 -0.0000018492
  0.0000131826
  0.0000110188
 -0.0000029503
  0.0000074324
  0.0000052969
  0.0000087067
  0.0000076272
  0.0000008701
 -0.0000060857
  0.0000124825
 -0.0000027418
 -0.0000085173
  0.0000108078
  0.0000160449
  0.0000157049
 -0.0000034856
  0.0000059396
  0.0000046104
  0.0000025264
  0.0000001255
 -0.0000088981
  0.0000046609
 -0.0000048858
 -0.0000050820
  0.0000013247
 -0.0000016242
 -0.0000077092
  0.0000017792
  0.0000040006
  0.0000035624
  0.0000066334
  0.0000029647
  0.0000120487
  0.0000123015
  0.0000023406
 -0.0000085640
  0.0000065629
 -0.0000148716
 -0.0000069010
 -0.0000797278
  0.0000059534
 -0.0000373126
 -0.0000000687
  0.0000030715
  0.0000162485
 -0.0001091622
  0.0000115701
  0.0000366866
 -0.0000132994
  0.0000112985
 -0.0000132749
  0.0000065964
  0.0000189301
  0.0000072114
 -0.0000078416
 -0.0000180843
  0.0000207751
  0.0000103569
  0.0000062932
 -0.0000133548
  0.0000164629
  0.0000001105
 -0.0000023616
  0.0000073794
  0.0000078397
  0.0000144043
 -0.0000087670
  0.0000026694
 -0.0000003286
 -0.0000062531
  0.0000000103
  0.0000089807
  0.0000010056
  0.0000034016
  0.0000020126
  0.0000018014
 -0.0000120988
  0.0000006013
 -0.0000008176
  0.0000089829
 -0.0000017544
  0.0000051591
  0.0000004054
 -0.0000078833
  0.0000082443
  0.0000019933
  0.0000040585
  0.0000007402
 -0.0000020531
 -0.0000096325
  0.0000076464
 -0.0000013301
  0.0000326562
 -0.0000108270
 -0.0000088399
  0.0000028088
 -0.0000021919
 -0.0000022335
 -0.0000035637
 -0.0000017782
 -0.0000030508
 -0.0000041030
 -0.0000055853
 -0.0000058693
 -0.0000067998
 -0.0000015155
 -0.0000015341
 -0.0000032419
 -0.0000055989
 -0.0000025582
 -0.0000010328
 -0.0000009370
  0.0000010872
 -0.0000030760
 -0.0000014896
 -0.0000029432
 -0.0000027767
 -0.0000027651
 -0.0000014793
 -0.0000032170
  0.0000011209
 -0.0000006483
 -0.0000016379
 -0.0000033956
 -0.0000008588
  0.0000074520
 -0.0000025668
  0.0000009360
  0.0000000400
 -0.0000003683
 -0.0000048654
  0.0000029438
  0.0000016619
 -0.0000003174
  0.0000026831
 -0.0000033087
  0.0000005502
 -0.0000004319
  0.0000037815
  0.0000033345
 -0.0000081869
 -0.0000034486
  0.0000053799
 -0.0000114741
 -0.0000012316
  0.0000076473
 -0.0000020478
 -0.0000058438
  0.0000009942
  0.0000012298
 -0.0000040361
  0.0000021844
 -0.0000027001
  0.0000013473
 -0.0000007129
 -0.0000003119
 -0.0000072976
 -0.0000010357
  0.0000015867
 -0.0000003133
  0.0000023408
 -0.0000003162
 -0.0000002973
  0.0000106762
  0.0000265236
  0.0000596983
  0.0000024405
 -0.0000530601
 -0.0000020889
  0.0000015064
 -0.0000485775
  0.0000110950
 -0.0000308976
 -0.0000080242
  0.0000109861
 -0.0000051922
  0.0000237861
  0.0000232190
 -0.0000502018
  0.0000203698
  0.0000017386
  0.0000224678
  0.0000107169
 -0.0000132585
 -0.0000096769
 -0.0000058185
 -0.0000448938
 -0.0000525626
  0.0000017440
 -0.0000005057
  0.0000126785
 -0.0000033920
  0.0000022338
  0.0000027208
  0.0000059421
  0.0000005741
  0.0000195172
  0.0000195881
  0.0000051486
 -0.0000064527
  0.0000047036
  0.0000069665
  0.0000059241
 -0.0000021824
  0.0000060206
  0.0000063832
  0.0000000650
 -0.0000063394
 -0.0000021183
 -0.0000018660
  0.0000064984
 -0.0000061904
  0.0000031117
 -0.0000094281
  0.0000068611
 -0.0000007859
 -0.0000031452
  0.0000080908
  0.0000131040
  0.0000011539
 -0.0000032221
 -0.0000017809
 -0.0000004514
  0.0000601030
  0.0000039163
 -0.0000021282
  0.0000046600
  0.0000003772
 -0.0000037961
  0.0000000018
  0.0000051290
  0.0000002043
  0.0000002931
 -0.0000003112
  0.0000005107
 -0.0000026589
  0.0000010839
 -0.0000011952
 -0.0000001104
 -0.0000006520
  0.0000022057
 -0.0000072503
 -0.0000027428
 -0.0000045026
 -0.0000015493
 -0.0000033751
 -0.0000004293
 -0.0000057353
 -0.0000021475
  0.0000020689
 -0.0000027777
 -0.0000123431
 -0.0000029279
  0.0000014130
 -0.0000008609
 -0.0000014543
 -0.0000050315
  0.0000010031
 -0.0000008192
 -0.0000003476
  0.0000032283
 -0.0000010287
  0.0000012645
 -0.0000000899
  0.0000027137
  0.0000016278
  0.0000008068
 -0.0000010086
  0.0000067802
  0.0000081669
  0.0000040581
  0.0000106363
  0.0000032825
  0.0000087038
 -0.0000059822
  0.0000022846
 -0.0000063038
  0.0000065356
  0.0000032294
 -0.0000108883
 -0.0000009428
 -0.0000018512
 -0.0000128774
 -0.0000005346
 -0.0000007035
 -0.0000009352
  0.0000006736
 -0.0000019630
  0.0000017839
  0.0000047713
  0.0000047969
  0.0000057401
 -0.0000538831
  0.0000270258
 -0.0000082779
  0.0000173306
 -0.0000064335
 -0.0000733097
  0.0000093489
  0.0000205006
  0.0000395331
  0.0000156284
 -0.0000448691
  0.0000257149
  0.0000168063
 -0.0000339626
  0.0000092847
 -0.0000204653
 -0.0000021037
  0.0000068078
  0.0000218722
 -0.0000156046
 -0.0000073416
  0.0000029582
 -0.0000078122
  0.0000265389
  0.0000462713
 -0.0000265388
  0.0000281000
  0.0000167904
  0.0000014346
  0.0000061668
  0.0000006462
  0.0000026874
 -0.0000005421
 -0.0000019532
  0.0000029352
 -0.0000014979
 -0.0000046481
  0.0000002144
 -0.0000032526
  0.0000010569
 -0.0000009000
  0.0000043923
  0.0000016053
  0.0000009312
 -0.0000005053
 -0.0000048622
 -0.0000026705
 -0.0000029381
  0.0000066961
  0.0000003183
 -0.0000013464
  0.0000002455
 -0.0000010652
 -0.0000003742
  0.0000068000
 -0.0000022549
 -0.0000341214
 -0.0000009510
  0.0000196601
  0.0000065850
  0.0000020607
  0.0000031472
  0.0000032476
 -0.0000014914
  0.0000045808
  0.0000017401
 -0.0000014961
 -0.0000022359
  0.0000021792
 -0.0000023443
  0.0000009137
  0.0000038297
  0.0000044991
  0.0000038636
  0.0000000957
 -0.0000005580
  0.0000046799
  0.0000006635
 -0.0000015624
 -0.0000038104
 -0.0000017118
 -0.0000030723
 -0.0000001843
 -0.0000032553
 -0.0000000667
 -0.0000040888
 -0.0000010408
 -0.0000009536
 -0.0000002020
 -0.0000007405
 -0.0000046350
 -0.0000001167
 -0.0000028440
  0.0000030811
 -0.0000038465
 -0.0000090312
 -0.0000031995
 -0.0000018177
 -0.0000006749
 -0.0000044161
  0.0000035027
  0.0000014410
 -0.0000003795
  0.0000040508
  0.0000006981
 -0.0000023810
 -0.0000022302
 -0.0000094203
  0.0000017314
  0.0000032572
 -0.0000031828
  0.0000007871
  0.0000004626
 -0.0000062043
  0.0000038686
  0.0000029974
 -0.0000002597
  0.0000016706
  0.0000004318
 -0.0000037592
 -0.0000021787
  0.0000009798
 -0.0000018683
 -0.0000006904
  0.0000090628
 -0.0000014134
 -0.0000034318
  0.0000170059
 -0.0000423508
  0.0000222555
 -0.0000151300
  0.0000369797
 -0.0000258740
 -0.0000338590
  0.0000188470
  0.0000444533
  0.0000123485
  0.0000117918
  0.0000167054
  0.0000156129
 -0.0000531120
 -0.0000109843
 -0.0000409212
  0.0000048666
 -0.0000195704
 -0.0000070371
  0.0000194899
 -0.0000000130
 -0.0000185232
 -0.0000056302
 -0.0000162204
  0.0000160068
  0.0000302271
  0.0000019924
  0.0000072088
 -0.0000044090
  0.0000286162
  0.0000006384
 -0.0000047834
 -0.0000040038
 -0.0000001659
 -0.0000014237
 -0.0000008649
 -0.0000002482
  0.0000030656
 -0.0000036307
  0.0000002478
 -0.0000005660
  0.0000000429
 -0.0000067048
 -0.0000002250
  0.0000006288
 -0.0000008108
 -0.0000002503
 -0.0000015561
 -0.0000035702
  0.0000026503
  0.0000023724
  0.0000010397
  0.0000020643
 -0.0000079179
 -0.0000019991
  0.0000009729
  0.0000020728
  0.0000005825
 -0.0000101959
 -0.0000019900
  0.0000141021
  0.0000021922
 -0.0000007228
  0.0000020361
 -0.0000048078
  0.0000042090
  0.0000000353
  0.0000044995
  0.0000001943
 -0.0000076387
  0.0000005898
 -0.0000003123
  0.0000025516
  0.0000009254
  0.0000036256
 -0.0000017858
 -0.0000032123
  0.0000025336
  0.0000049159
 -0.0000021673
  0.0000088566
  0.0000004792
  0.0000021072
 -0.0000016098
 -0.0000012491
 -0.0000044079
 -0.0000027989
  0.0000022996
  0.0000030987
 -0.0000053204
 -0.0000014996
  0.0000029102
  0.0000017523
  0.0000000154
 -0.0000059324
  0.0000079542
  0.0000005412
  0.0000029401
 -0.0000050360
  0.0000028179
 -0.0000034459
 -0.0000002895
  0.0000008027
  0.0000039388
 -0.0000054062
  0.0000006206
  0.0000022707
  0.0000037241
 -0.0000009059
 -0.0000006349
  0.0000006494
  0.0000051693
 -0.0000020709
  0.0000035130
 -0.0000000673
 -0.0000048547
 -0.0000013886
 -0.0000003979
 -0.0000010752
  0.0000015671
  0.0000002157
 -0.0000034965
 -0.0000000079
  0.0000136200
 -0.0000150683
 -0.0000008490
  0.0000126716
 -0.0000477640
 -0.0000094471
 -0.0000407002
 -0.0000310531
 -0.0000598440
 -0.0000024321
  0.0000036021
 -0.0000581400
 -0.0000077214
 -0.0000370369
 -0.0000025036
 -0.0000507092
  0.0000107786
 -0.0000037984
 -0.0000692358
  0.0000235951
 -0.0000207767
 -0.0000292942
  0.0000019290
  0.0000057795
  0.0000076033
  0.0000066349
  0.0000051728
  0.0000220869
  0.0000052917
  0.0000053826
  0.0000001740
  0.0000190077
  0.0000046983
  0.0000005928
  0.0000180941
  0.0000163495
  0.0000031722
  0.0000150046
  0.0000249177
  0.0000026322
  0.0000267299
  0.0000187657
  0.0000032686
  0.0000046680
  0.0000021496
  0.0000009370
  0.0000349482
  0.0000042645
  0.0000016545
  0.0000009517
  0.0000021483
  0.0000004694
 -0.0000003179
  0.0000000862
 -0.0000017981
 -0.0000014561
  0.0000025601
  0.0000039328
  0.0000007533
 -0.0000008708
 -0.0000021093
 -0.0000018783
  0.0000043810
 -0.0000029779
  0.0000006738
  0.0000016303
 -0.0000013135
  0.0000103662
  0.0000056984
  0.0000017911
  0.0000037991
  0.0000046552
  0.0000060737
 -0.0000007598
  0.0000012555
  0.0000079957
  0.0000056763
  0.0000046022
  0.0000078364
  0.0000050408
 -0.0000036005
  0.0000057395
 -0.0000033003
 -0.0000036149
  0.0000062331
  0.0000001539
 -0.0000012839
  0.0000022824
  0.0000150631
 -0.0000081101
  0.0000102030
  0.0000064738
  0.0000112748
  0.0000023961
  0.0000024154
  0.0000040238
 -0.0000022897
  0.0000036628
 -0.0000034612
  0.0000076543
  0.0000013766
  0.0000117102
 -0.0000029072
  0.0000068727
  0.0000011320
  0.0000047911
  0.0000066287
  0.0000064385
  0.0000058868
  0.0000088662
  0.0000011939
  0.0000485643
 -0.0000004395
 -0.0000575021
  0.0000022318
 -0.0000009735
  0.0000095963
 -0.0000426679
  0.0000069023
 -0.0000234971
 -0.0000411253
  0.0000014893
  0.0000226929
  0.0000259912
  0.0000084506
 -0.0000025374
  0.0000046162
  0.0000144087
 -0.0000008198
 -0.0000016932
 -0.0000634707
 -0.0000089373
  0.0000154833
  0.0000168207
  0.0000128112
 -0.0000176755
 -0.0000091895
  0.0000112689
 -0.0000024656
  0.0000080022
  0.0000067625
 -0.0000034468
 -0.0000049088
 -0.0000032473
 -0.0000149875
 -0.0000003108
 -0.0000000127
 -0.0000088689
  0.0000000623
  0.0000072995
  0.0000013924
 -0.0000016479
 -0.0000043478
  0.0000008566
  0.0000004277
 -0.0000045333
  0.0000028117
  0.0000057257
  0.0000052992
 -0.0000001510
 -0.0000052092
 -0.0000082023
  0.0000048562
  0.0000021444
 -0.0000057525
  0.0000037103
 -0.0000068107
 -0.0000042053
  0.0000140737
  0.0000084806
 -0.0000007395
  0.0000031014
 -0.0000075420
  0.0000620284
  0.0000050958
  0.0000040223
 -0.0000005171
  0.0000021734
  0.0000077339
  0.0000033836
  0.0000076435
  0.0000038228
  0.0000041018
  0.0000031985
  0.0000012506
  0.0000004290
  0.0000079030
  0.0000055056
  0.0000066364
  0.0000025523
  0.0000044366
  0.0000047514
  0.0000057045
  0.0000031770
 -0.0000005708
 -0.0000023146
  0.0000072263
 -0.0000044002
 -0.0000007155
  0.0000003164
  0.0000057133
 -0.0000018419
  0.0000022782
 -0.0000051946
 -0.0000004486
  0.0000040825
  0.0000015556
  0.0000042967
 -0.0000001557
 -0.0000047396
  0.0000042862
 -0.0000002793
 -0.0000088413
 -0.0000000658
  0.0000042951
  0.0000056595
  0.0000061492
 -0.0000014668
  0.0000064185
 -0.0000080374
  0.0000035176
  0.0000019163
 -0.0000119139
  0.0000033599
 -0.0000039216
 -0.0000051756
  0.0000019548
  0.0000002720
 -0.0000019329
  0.0000010008
  0.0000098983
  0.0000077628
 -0.0000040110
 -0.0000003232
 -0.0000078558
 -0.0000048301
  0.0000030083
  0.0000007190
 -0.0000045246
  0.0000003699
  0.0000007227
  0.0000033729
  0.0000038422
  0.0000010802
  0.0000039575
 -0.0000030721
  0.0000301770
  0.0000305111
  0.0000017314
  0.0000043951
  0.0000089284
  0.0000008077
 -0.0000022251
 -0.0000238828
  0.0000020823
 -0.0000256265
  0.0000179788
  0.0000087385
  0.0000200902
 -0.0000558466
  0.0000118944
  0.0000235458
  0.0000024900
  0.0000156803
  0.0000025012
 -0.0000143993
  0.0000195054
 -0.0000149831
  0.0000033874
 -0.0000201526
  0.0000116981
 -0.0000653070
  0.0000249720
  0.0000092704
  0.0000065614
 -0.0000047862
  0.0000001400
 -0.0000021816
 -0.0000065889
  0.0000029161
  0.0000097152
  0.0000035835
  0.0000015494
 -0.0000038091
  0.0000040717
 -0.0000015265
 -0.0000096391
 -0.0000032995
  0.0000044015
  0.0000006106
  0.0000032238
  0.0000037933
 -0.0000006364
  0.0000047328
 -0.0000065674
  0.0000014044
  0.0000025352
 -0.0000042460
 -0.0000039161
 -0.0000064257
 -0.0000015084
  0.0000005616
  0.0000015894
 -0.0000023233
 -0.0000040435
  0.0000001799
 -0.0000053440
  0.0000131884
 -0.0000018040
  0.0000032736
  0.0000028772
 -0.0000003468
 -0.0000003095
  0.0000010039
 -0.0000004556
 -0.0000003898
 -0.0000000978
 -0.0000005590
 -0.0000004851
 -0.0000005483
 -0.0000016017
 -0.0000017472
 -0.0000056286
  0.0000000220
  0.0000007642
 -0.0000005007
  0.0000008528
  0.0000035005
  0.0000021971
  0.0000002603
  0.0000042959
 -0.0000003357
 -0.0000021431
  0.0000029409
  0.0000003253
  0.0000034879
  0.0000048106
 -0.0000025167
 -0.0000023885
  0.0000027340
 -0.0000051120
  0.0000074761
  0.0000030280
  0.0000031108
 -0.0000025839
  0.0000048360
 -0.0000033579
  0.0000021314
  0.0000039200
 -0.0000029581
  0.0000007636
 -0.0000015665
 -0.0000034434
  0.0000052909
 -0.0000011519
 -0.0000061927
  0.0000010881
  0.0000042081
  0.0000037023
 -0.0000031856
 -0.0000030399
  0.0000018573
 -0.0000059379
  0.0000007764
  0.0000007535
 -0.0000051741
 -0.0000023499
  0.0000035294
  0.0000028434
 -0.0000022284
 -0.0000034699
  0.0000015986
  0.0000018244
 -0.0000547557
  0.0000301696
 -0.0000142415
  0.0000290763
 -0.0000057114
 -0.0000765514
  0.0000115937
 -0.0000026463
  0.0000159340
  0.0000035457
  0.0000393419
  0.0000077163
 -0.0000486214
  0.0000193428
  0.0000143922
 -0.0000347655
  0.0000055941
  0.0000289863
 -0.0000195838
 -0.0000060482
  0.0000068156
  0.0000043670
 -0.0000130602
 -0.0000048265
 -0.0000011602
 -0.0000091887
  0.0000215723
  0.0000462837
 -0.0000318833
  0.0000243649
  0.0000271947
  0.0000124169
 -0.0000004147
  0.0000041737
 -0.0000028568
 -0.0000016858
 -0.0000024053
 -0.0000005382
 -0.0000019174
  0.0000029046
  0.0000015057
  0.0000001552
 -0.0000007146
  0.0000026945
  0.0000004019
  0.0000000110
 -0.0000005602
 -0.0000025918
 -0.0000003647
 -0.0000016335
 -0.0000054638
 -0.0000002744
  0.0000023570
  0.0000002055
  0.0000044730
 -0.0000008769
 -0.0000010585
 -0.0000005992
  0.0000020501
  0.0000035121
 -0.0000331920
 -0.0000016176
  0.0000252976
  0.0000020959
 -0.0000027831
  0.0000021922
 -0.0000039354
 -0.0000014399
 -0.0000014147
 -0.0000048775
 -0.0000043996
  0.0000003206
  0.0000021822
 -0.0000020550
 -0.0000002394
 -0.0000019460
 -0.0000015263
 -0.0000040991
 -0.0000019852
  0.0000021599
 -0.0000017552
 -0.0000023900
 -0.0000019409
  0.0000008611
 -0.0000008746
 -0.0000028144
  0.0000012718
  0.0000029018
  0.0000036401
 -0.0000027931
 -0.0000024359
  0.0000004790
  0.0000019341
  0.0000004297
  0.0000081607
 -0.0000035944
 -0.0000017795
 -0.0000086709
 -0.0000025776
  0.0000047326
  0.0000035880
 -0.0000050726
  0.0000026265
 -0.0000021706
  0.0000028749
 -0.0000050062
  0.0000072477
 -0.0000008976
 -0.0000020607
  0.0000050477
  0.0000031313
  0.0000005247
  0.0000004441
  0.0000048958
  0.0000057989
  0.0000049691
 -0.0000051534
 -0.0000012466
  0.0000089229
  0.0000054812
 -0.0000000397
  0.0000004208
 -0.0000041280
 -0.0000047184
 -0.0000004781
  0.0000002882
 -0.0000013895
 -0.0000015900
 -0.0000009983
 -0.0000006064
  0.0000065762
 -0.0000003613
  0.0000694022
 -0.0000088012
 -0.0000322971
 -0.0000056249
  0.0000027248
  0.0000147263
 -0.0000172025
  0.0000197794
 -0.0000357843
 -0.0000279668
 -0.0000009213
 -0.0000069725
  0.0000396146
  0.0000018783
 -0.0000221274
 -0.0000120284
 -0.0000016056
 -0.0000036748
  0.0000209154
 -0.0000082627
 -0.0000093560
 -0.0000104133
 -0.0000011492
  0.0000163072
 -0.0000327289
 -0.0000251772
  0.0000154516
 -0.0000163605
  0.0000131722
  0.0000022602
  0.0000007506
 -0.0000097853
 -0.0000056441
 -0.0000070593
  0.0000306919
  0.0000034792
  0.0000098143
  0.0000234542
 -0.0000078509
 -0.0000065390
 -0.0000007882
 -0.0000028751
  0.0000037453
 -0.0000026252
  0.0000005485
  0.0000027183
  0.0000026539
 -0.0000093989
 -0.0000141464
 -0.0000033958
  0.0000007242
  0.0000024418
 -0.0000020213
 -0.0000051291
  0.0000039074
 -0.0000078373
  0.0000064730
  0.0000053002
  0.0000049486
 -0.0000018519
 -0.0000033558
 -0.0000092609
 -0.0000001634
  0.0000430894
 -0.0000021519
 -0.0000104850
 -0.0000077558
 -0.0000012540
  0.0000094163
  0.0000037173
 -0.0000081729
 -0.0000034321
 -0.0000079647
  0.0000000779
  0.0000086526
  0.0000004765
  0.0000043850
  0.0000012293
 -0.0000000320
  0.0000043579
 -0.0000003994
 -0.0000023726
 -0.0000040094
  0.0000042568
 -0.0000036727
  0.0000010352
  0.0000019312
  0.0000034716
 -0.0000022317
 -0.0000008960
 -0.0000015868
 -0.0000035884
  0.0000078698
 -0.0000041310
 -0.0000019387
  0.0000007105
 -0.0000055506
 -0.0000003386
  0.0000034847
  0.0000050218
  0.0000003465
  0.0000025892
  0.0000084965
  0.0000000857
  0.0000092480
 -0.0000010411
 -0.0000002048
  0.0000036139
  0.0000028689
 -0.0000019874
  0.0000085677
 -0.0000029806
  0.0000031170
 -0.0000001747
  0.0000071643
 -0.0000045565
  0.0000018002
  0.0000025243
  0.0000008938
  0.0000001523
  0.0000035905
 -0.0000098890
 -0.0000013785
 -0.0000025568
 -0.0000009246
 -0.0000007582
  0.0000006626
  0.0000062954
  0.0000161553
  0.0000070865
  0.0000404342
 -0.0000045450
 -0.0000617082
  0.0000072722
  0.0000015960
  0.0000080849
 -0.0000415564
 -0.0000002318
 -0.0000200653
 -0.0000350506
 -0.0000000437
  0.0000107790
  0.0000185933
  0.0000098251
  0.0000082888
  0.0000001776
  0.0000153194
 -0.0000053633
 -0.0000072214
 -0.0000564286
 -0.0000121624
  0.0000208353
  0.0000106475
  0.0000204007
 -0.0000196378
  0.0000051807
  0.0000133186
 -0.0000156770
  0.0000046745
  0.0000049398
  0.0000005993
 -0.0000052794
 -0.0000289678
  0.0000008648
  0.0000019805
  0.0000180495
  0.0000002205
  0.0000102607
 -0.0000016067
 -0.0000013111
 -0.0000046589
  0.0000021081
 -0.0000017467
 -0.0000045468
  0.0000009231
  0.0000046338
 -0.0000029503
  0.0000027832
 -0.0000052663
 -0.0000042165
  0.0000001518
  0.0000028481
 -0.0000039846
 -0.0000027877
 -0.0000029361
 -0.0000031984
  0.0000032501
  0.0000150944
  0.0000025831
 -0.0000035451
 -0.0000028995
  0.0000671598
 -0.0000008510
 -0.0000033549
 -0.0000005074
  0.0000054602
 -0.0000039781
 -0.0000019324
 -0.0000052116
 -0.0000062814
  0.0000012279
  0.0000002794
  0.0000038066
  0.0000002384
 -0.0000081502
 -0.0000087142
 -0.0000058798
 -0.0000021235
 -0.0000047637
 -0.0000027371
 -0.0000022332
 -0.0000025324
 -0.0000035095
 -0.0000010816
 -0.0000010975
  0.0000023005
  0.0000030372
  0.0000019261
 -0.0000007236
 -0.0000018966
 -0.0000041403
  0.0000027199
 -0.0000013873
 -0.0000051925
 -0.0000042833
  0.0000053451
  0.0000013690
 -0.0000012524
  0.0000019938
 -0.0000027133
  0.0000007332
  0.0000017362
  0.0000023038
 -0.0000040479
 -0.0000006921
 -0.0000019015
  0.0000061359
  0.0000043056
 -0.0000016850
  0.0000001413
 -0.0000013159
 -0.0000081088
 -0.0000034349
 -0.0000022832
  0.0000024133
  0.0000029409
 -0.0000009133
 -0.0000129533
  0.0000019455
  0.0000085051
 -0.0000072481
 -0.0000052023
  0.0000067889
 -0.0000088195
  0.0000030944
 -0.0000021809
  0.0000009034
  0.0000012611
  0.0000025578
  0.0000067644
 -0.0000095926
 -0.0000004783
 -0.0000024459
  0.0000120657
  0.0000214685
  0.0000240305
  0.0000008598
 -0.0000259717
  0.0000065222
 -0.0000186081
  0.0000038376
 -0.0000623280
  0.0000030876
 -0.0000410771
 -0.0000022991
  0.0000004409
  0.0000083961
  0.0000265989
 -0.0000116575
 -0.0000169412
  0.0000081756
 -0.0000167452
 -0.0000058783
  0.0000167865
 -0.0000047410
 -0.0000116247
  0.0000041882
  0.0000109706
  0.0000090679
  0.0000055187
 -0.0000057923
 -0.0000008651
 -0.0000054778
  0.0000072862
  0.0000090575
  0.0000127298
  0.0000033688
  0.0000025742
 -0.0000038191
  0.0000041654
  0.0000062436
  0.0000076212
 -0.0000025029
 -0.0000033332
  0.0000014941
  0.0000018086
 -0.0000022556
  0.0000009053
  0.0000048963
  0.0000008576
 -0.0000047953
  0.0000001953
  0.0000069855
 -0.0000035676
  0.0000039577
  0.0000082609
  0.0000050363
 -0.0000000706
 -0.0000012889
 -0.0000040033
  0.0000030394
 -0.0000041119
 -0.0000043241
 -0.0000036032
  0.0000025593
  0.0000026482
  0.0000045000
  0.0000010227
  0.0000040062
  0.0000020989
 -0.0000007411
 -0.0000025648
  0.0000006912
  0.0000048076
  0.0000031323
  0.0000050994
  0.0000036004
 -0.0000014215
  0.0000044766
  0.0000083797
  0.0000042004
 -0.0000043378
 -0.0000029032
 -0.0000049348
  0.0000050374
  0.0000017030
 -0.0000019979
 -0.0000001102
 -0.0000022719
 -0.0000020561
 -0.0000004229
  0.0000011559
 -0.0000053344
 -0.0000009427
  0.0000003668
  0.0000020561
  0.0000000038
 -0.0000040937
  0.0000015900
 -0.0000023661
 -0.0000077148
  0.0000060619
  0.0000023552
  0.0000036884
 -0.0000019720
  0.0000046502
 -0.0000042966
  0.0000023600
  0.0000049221
  0.0000091100
  0.0000018144
  0.0000069189
 -0.0000016338
  0.0000017120
  0.0000111388
 -0.0000034815
  0.0000021651
  0.0000085647
  0.0000063826
 -0.0000053407
  0.0000007249
  0.0000122144
  0.0000168224
  0.0000014975
  0.0000028984
  0.0000075531
  0.0000002904
  0.0000008281
  0.0000056117
  0.0000031966
  0.0000028476
  0.0000042881
 -0.0000015353
  0.0000147404
  0.0000192550
 -0.0000060411
 -0.0000221462
  0.0000026969
  0.0000057607
 -0.0000092830
 -0.0000086909
 -0.0000191284
 -0.0000358455
  0.0000069838
 -0.0000010953
  0.0000091226
  0.0000145985
 -0.0000254270
  0.0000014037
  0.0000048996
 -0.0000056906
 -0.0000023289
  0.0000098753
 -0.0000038685
 -0.0000128054
 -0.0000216412
  0.0000009352
 -0.0000194340
  0.0000065513
  0.0000021002
  0.0000073139
 -0.0000198489
 -0.0000053607
  0.0000179611
  0.0000016574
  0.0000023784
  0.0000011175
  0.0000042236
  0.0000085627
 -0.0000065603
  0.0000044370
  0.0000014645
 -0.0000008760
 -0.0000051830
  0.0000003631
 -0.0000035433
  0.0000046738
  0.0000052352
 -0.0000024209
  0.0000038536
  0.0000003904
 -0.0000032373
  0.0000048113
 -0.0000007538
 -0.0000023451
  0.0000010924
  0.0000001291
  0.0000008649
  0.0000059408
 -0.0000059265
 -0.0000013677
  0.0000015298
 -0.0000073785
 -0.0000170370
  0.0000008177
  0.0000036183
  0.0000003517
  0.0000074158
  0.0000007569
 -0.0000001941
 -0.0000009991
 -0.0000029642
 -0.0000016752
 -0.0000019265
 -0.0000027399
  0.0000010653
  0.0000005875
 -0.0000031036
  0.0000041028
 -0.0000047367
 -0.0000031581
 -0.0000008951
 -0.0000008087
  0.0000007871
  0.0000075063
 -0.0000027164
 -0.0000054793
 -0.0000011221
 -0.0000019626
 -0.0000070773
 -0.0000070648
 -0.0000071071
 -0.0000018823
 -0.0000037457
 -0.0000033828
 -0.0000001636
 -0.0000008769
  0.0000027403
 -0.0000043755
  0.0000020106
 -0.0000074975
 -0.0000004882
 -0.0000016890
  0.0000026175
 -0.0000004126
  0.0000021313
  0.0000047647
  0.0000057698
  0.0000035247
 -0.0000051236
  0.0000048360
 -0.0000025851
  0.0000035706
 -0.0000039743
 -0.0000010241
  0.0000040946
  0.0000038807
 -0.0000005835
 -0.0000033124
 -0.0000089666
 -0.0000075448
  0.0000001567
 -0.0000009454
 -0.0000027342
 -0.0000040715
  0.0000029906
  0.0000067498
 -0.0000430422
  0.0000354362
 -0.0000152518
  0.0000372039
 -0.0000076605
 -0.0000487857
  0.0000149592
 -0.0000007835
  0.0000079713
  0.0000396966
  0.0000096271
 -0.0000503687
  0.0000080915
 -0.0000371499
  0.0000085537
 -0.0000210369
  0.0000119438
  0.0000055825
 -0.0000001152
 -0.0000523368
 -0.0000084890
 -0.0000121026
  0.0000063843
 -0.0000303141
  0.0000287289
  0.0000084411
  0.0000044675
  0.0000110200
  0.0000029483
  0.0000032569
  0.0000022576
 -0.0000029210
  0.0000032276
 -0.0000009638
  0.0000021628
 -0.0000014976
  0.0000039445
  0.0000017042
  0.0000039214
  0.0000030559
  0.0000021135
  0.0000000640
  0.0000031731
 -0.0000001000
 -0.0000000790
 -0.0000021264
 -0.0000007393
  0.0000048744
  0.0000001111
  0.0000031543
  0.0000030311
 -0.0000015045
 -0.0000011824
  0.0000004385
 -0.0000114997
 -0.0000037006
  0.0000266445
 -0.0000001952
  0.0000023681
  0.0000049924
  0.0000019221
  0.0000015866
  0.0000033046
  0.0000041708
 -0.0000032774
 -0.0000013329
  0.0000011603
  0.0000014589
  0.0000012403
  0.0000018743
  0.0000011324
  0.0000031220
  0.0000017553
  0.0000002493
 -0.0000009521
  0.0000049494
  0.0000000904
 -0.0000014967
  0.0000040892
 -0.0000018994
 -0.0000003154
 -0.0000031972
  0.0000037387
 -0.0000020594
  0.0000003135
  0.0000005180
  0.0000041645
  0.0000063521
 -0.0000016763
 -0.0000005610
 -0.0000024506
 -0.0000050738
  0.0000045569
  0.0000057269
  0.0000005816
  0.0000123328
  0.0000007694
  0.0000045428
  0.0000001644
  0.0000016483
  0.0000012698
  0.0000030861
  0.0000033707
  0.0000040479
 -0.0000005426
 -0.0000010179
 -0.0000029026
  0.0000035089
  0.0000062266
 -0.0000030175
  0.0000061844
 -0.0000053246
  0.0000043916
 -0.0000045093
 -0.0000008705
  0.0000079591
  0.0000105809
 -0.0000003863
  0.0000022527
  0.0000001810
  0.0000004383
  0.0000046660
  0.0000011827
  0.0000043355
  0.0000038058
  0.0000044430
  0.0000057686
 -0.0000325848
 -0.0000408774
 -0.0000613094
  0.0000322683
  0.0000779769
 -0.0000487037
  0.0000262084
 -0.0000399921
 -0.0000117243
 -0.0000587296
  0.0000209139
  0.0000050402
 -0.0000062421
  0.0000023069
 -0.0000972938
 -0.0000853503
  0.0000180355
 -0.0000016851
 -0.0000803674
 -0.0000005628
  0.0000012679
  0.0000003348
  0.0000012761
 -0.0000051471
  0.0000014604
  0.0000002409
 -0.0000023005
 -0.0000045874
 -0.0000082905
 -0.0000027602
 -0.0000004912
 -0.0000021546
 -0.0000032273
  0.0000000370
 -0.0000019605
 -0.0000046701
 -0.0000013678
 -0.0000014064
 -0.0000022680
 -0.0000009364
 -0.0000002019
 -0.0000039866
 -0.0000005858
 -0.0000040899
 -0.0000029543
 -0.0000027688
  0.0000058421
 -0.0000038855
 -0.0000388546
 -0.0000027191
 -0.0000003205
 -0.0000013934
 -0.0000025083
 -0.0000036382
 -0.0000038667
 -0.0000032231
 -0.0000026145
 -0.0000094908
 -0.0000039030
 -0.0000038676
 -0.0000032891
 -0.0000066314
 -0.0000028240
 -0.0000036346
 -0.0000071241
 -0.0000039185
 -0.0000015127
 -0.0000009042
  0.0000073530
  0.0000048523
 -0.0000065299
 -0.0000049576
 -0.0000035795
  0.0000030214
 -0.0000001721
 -0.0000041662
  0.0000046582
 -0.0000036602
  0.0000015009
  0.0000081108
 -0.0000037597
  0.0000056403
  0.0000020136
  0.0000009998
  0.0000072519
 -0.0000094917
 -0.0000028832
 -0.0000073794
 -0.0000027999
  0.0000089444
  0.0000002857
  0.0000049304
 -0.0000026992
  0.0000028915
 -0.0000052711
  0.0000001767
  0.0000030957
  0.0000042564
 -0.0000139403
 -0.0000075700
 -0.0000158343
 -0.0000006916
 -0.0000031821
  0.0000070288
  0.0000062751
  0.0000111967
  0.0000004445
  0.0000122858
  0.0000054056
  0.0000194687
  0.0000152113
  0.0000151589
  0.0000151333
 -0.0000073426
  0.0000190444
 -0.0000099089
 -0.0000063567
 -0.0000103557
  0.0000146443
 -0.0000029726
 -0.0000099535
 -0.0000002019
 -0.0000053903
 -0.0000043762
  0.0000030026
 -0.0000129707
 -0.0000057605
  0.0000114177
  0.0000032686
 -0.0000048544
 -0.0000056310
 -0.0000048944
  0.0000171388
 -0.0000064842
 -0.0000052622
  0.0000156899
 -0.0000120886
 -0.0000088302
 -0.0000130039
  0.0000004687
 -0.0000570019
 -0.0000603488
 -0.0000581301
 -0.0000567334
 -0.0000662553
 -0.0000629642
 -0.0000600646
 -0.0000581794
 -0.0000595277
 -0.0000637207
 -0.0000617042
 -0.0000580641
 -0.0000644292
 -0.0000600426
 -0.0000611095
 -0.0000080842
  0.0000080522
  0.0000066629
  0.0000005338
  0.0000050746
 -0.0000088936
  0.0000009748
 -0.0000033918
  0.0000054161
  0.0000006848
 -0.0000041150
  0.0000032877
  0.0000154571
  0.0000107424
  0.0000106090
  0.0000100569
 -0.0000050501
  0.0000023486
 -0.0000603905
 -0.0001191659
 -0.0001902259
 -0.0000369387
 -0.0000792002
  0.0000054694
 -0.0002112909
 -0.0001559853
 -0.0001312902
 -0.0001286097
 -0.0001728487
 -0.0000029105
 -0.0001517710
 -0.0002326257
 -0.0001050936
 -0.0000215398
 -0.0001022709
 -0.0000914178
 -0.0002159187
 -0.0000811111
 -0.0000599661
 -0.0000046899
  0.0000053443
 -0.0000731580
 -0.0001532884
 -0.0000402358
 -0.0001703743
 -0.0000210723
  0.0000336761
  0.0000030453
 -0.0000156782
  0.0000315472
  0.0000317964
  0.0000038093
 -0.0000744037
 -0.0000005097
 -0.0000014379
  0.0000004515
 -0.0000048684
 -0.0000025075
  0.0000015780
  0.0000004451
  0.0000003137
 -0.0000001762
 -0.0000008084
  0.0000002682
 -0.0000043578
 -0.0000004635
 -0.0000021773
 -0.0000006652
 -0.0000006653
 -0.0000008993
  0.0000000271
 -0.0000010578
 -0.0000015729
 -0.0000010445
 -0.0000021805
 -0.0000007665
 -0.0000024589
 -0.0000012341
 -0.0000005667
 -0.0000009523
 -0.0000021833
 -0.0000024966
 -0.0000016027
 -0.0000027058
 -0.0000023150
  0.0000005626
 -0.0000008677
 -0.0000008225
 -0.0000006485
 -0.0000021442
 -0.0000036003
 -0.0000013969
 -0.0000021732
 -0.0000045518
  0.0000021072
  0.0000011308
 -0.0000011199
  0.0000026484
  0.0000033816
 -0.0000002725
 -0.0000060009
 -0.0000037026
 -0.0000035210
  0.0000007880
 -0.0000064075
  0.0000020727
 -0.0000006247
  0.0000064000
  0.0000083503
 -0.0000025724
 -0.0000017129
 -0.0000058843
 -0.0000000152
 -0.0000016009
  0.0000002381
 -0.0000016648
  0.0000011005
 -0.0000024716
 -0.0000005879
 -0.0000022989
 -0.0000059269
 -0.0000055263
  0.0000010540
 -0.0000058629
  0.0000076758
  0.0000006202
  0.0000141772
  0.0000172392
  0.0000079087
  0.0000144202
 -0.0000037738
  0.0000214446
 -0.0000055733
  0.0000168596
  0.0000141222
 -0.0000461786
  0.0000121401
 -0.0000620551
 -0.0000526106
 -0.0000467028
 -0.0000090965
 -0.0000815691
 -0.0000479149
 -0.0001149611
 -0.0000418860
 -0.0000750139
 -0.0000855258
 -0.0000343661
 -0.0000479840
 -0.0000473845
 -0.0000143398
 -0.0000325095
 -0.0000517252
 -0.0000514097
 -0.0000501153
  0.0000004405
  0.0000095788
 -0.0000689604
 -0.0000484721
 -0.0000083317
 -0.0000058171
 -0.0000493837
 -0.0000457410
 -0.0000498638
 -0.0001106946
  0.0000320641
  0.0000392616
  0.0000325830
  0.0000325425
  0.0000495657
  0.0000554305
  0.0000412616
  0.0000407086
  0.0000296388
  0.0000345693
  0.0000413588
  0.0000409426
  0.0000352648
  0.0000336187
  0.0000389067
 -0.0000656720
 -0.0001500608
 -0.0001361292
 -0.0001114258
 -0.0001392186
 -0.0000464534
 -0.0001616250
 -0.0000837253
 -0.0001174912
 -0.0001665681
 -0.0001112285
 -0.0001154103
 -0.0001507498
 -0.0001150095
 -0.0001458697
 -0.0001535380
 -0.0000646021
 -0.0001560133
  0.0000466279
 -0.0001898140
  0.0000292172
  0.0000281038
  0.0000568274
  0.0000339103
 -0.0002120723
 -0.0001581236
  0.0000312868
  0.0000177632
  0.0000162757
 -0.0001133045
  0.0000379143
 -0.0001627837
  0.0000427985
  0.0000285009
 -0.0001723067
  0.0000263125
  0.0000344431
  0.0000322780
  0.0000420986
  0.0000482849
 -0.0001605868
 -0.0001575289
  0.0000654818
  0.0000415112
  0.0000562995
  0.0000334719
  0.0000094256
 -0.0000330798
 -0.0000590951
  0.0000168882
 -0.0000402524
 -0.0000366683
 -0.0000592660
 -0.0000607859
 -0.0000614041
 -0.0000452289
 -0.0000653214
 -0.0000631789
 -0.0000480029
 -0.0000468190
 -0.0000590222
 -0.0000697175
 -0.0000531800
 -0.0000833608
 -0.0000669651
 -0.0000728756
 -0.0000546948
 -0.0000454482
 -0.0000606614
 -0.0000563177
 -0.0000439087
 -0.0000497925
 -0.0000488917
 -0.0000656851
 -0.0000643379
 -0.0000437396
 -0.0000574937
 -0.0000538670
  0.0000187358
 -0.0000482282
 -0.0000524936
 -0.0000810195
 -0.0000254349
 -0.0000286671
 -0.0000274045
 -0.0000261935
 -0.0000402545
 -0.0000367212
 -0.0000295340
 -0.0000306487
 -0.0000189205
 -0.0000282660
 -0.0000289804
 -0.0000314213
 -0.0000282966
 -0.0000264686
 -0.0000306886
 -0.0000611933
 -0.0000976845
 -0.0000905906
 -0.0000791151
 -0.0000949820
 -0.0000529171
 -0.0001091007
 -0.0000726516
 -0.0000790836
 -0.0001089599
 -0.0000814829
 -0.0000816121
 -0.0000960247
 -0.0000762874
 -0.0000875404
 -0.0001002524
 -0.0000599404
 -0.0000986498
 -0.0000297323
 -0.0001442155
 -0.0000671998
 -0.0001263550
 -0.0000541533
 -0.0000485047
 -0.0001027880
 -0.0000860227
 -0.0000700042
 -0.0000729255
 -0.0001103156
 -0.0001077256
 -0.0000766120
 -0.0000636260
 -0.0001143420
 -0.0000557062
 -0.0000468733
 -0.0001396674
 -0.0000484141
 -0.0000291895
 -0.0001019839
 -0.0001055411
 -0.0000634017
 -0.0000787737
 -0.0000571362
 -0.0000940341
 -0.0000579425
 -0.0000069361
 -0.0000173457
  0.0000043206
  0.0000094359
  0.0000068884
  0.0000103680
  0.0000084684
  0.0000016266
  0.0000080295
  0.0000064812
  0.0000059837
  0.0000073835
 -0.0000012645
  0.0000045420
  0.0000088193
  0.0000102938
  0.0000068343
  0.0000035029
  0.0000059234
  0.0000088141
  0.0000036135
  0.0000057438
  0.0000039038
  0.0000076319
  0.0000063951
  0.0000028045
  0.0000047609
  0.0000074839
  0.0000064409
  0.0000083604
  0.0000010103
 -0.0000520791
 -0.0000474353
 -0.0000519881
 -0.0000515703
 -0.0000354177
 -0.0000326307
 -0.0000440832
 -0.0000370712
 -0.0000395182
 -0.0000563251
 -0.0000482733
 -0.0000370112
 -0.0000560157
 -0.0000532317
 -0.0000470382
  0.0000038718
  0.0000001989
  0.0000022903
  0.0000052182
  0.0000015158
  0.0000041796
  0.0000014687
  0.0000107325
  0.0000082260
  0.0000047269
  0.0000037189
  0.0000031529
 -0.0000000399
  0.0000051354
  0.0000005507
 -0.0000018816
  0.0000048774
  0.0000015098
 -0.0000552564
  0.0000532758
  0.0000150887
  0.0000406272
 -0.0000967790
 -0.0000805659
  0.0000531451
  0.0000312917
  0.0000342989
  0.0000258451
  0.0000452067
  0.0000198580
  0.0000404804
 -0.0000966596
  0.0000374310
  0.0000254868
 -0.0000296766
 -0.0000192600
  0.0000185723
  0.0000226728
  0.0000477219
 -0.0000640195
 -0.0000508228
 -0.0001004266
  0.0000382474
 -0.0001000414
  0.0000337909
  0.0000177836
  0.0000182794
  0.0000086395
  0.0000038815
 -0.0000094896
  0.0000066759
 -0.0000532554
  0.0000269638
 -0.0000049855
 -0.0000008076
  0.0000051964
  0.0000049289
 -0.0000035447
  0.0000023609
  0.0000012060
 -0.0000041012
 -0.0000051705
 -0.0000006687
  0.0000023085
 -0.0000006061
  0.0000031072
 -0.0000006565
  0.0000005486
 -0.0000043331
 -0.0000017099
 -0.0000014051
 -0.0000021710
 -0.0000028328
 -0.0000010772
 -0.0000020227
  0.0000022538
  0.0000010562
  0.0000022908
 -0.0000038785
 -0.0000008628
  0.0000009010
 -0.0000010967
  0.0000112974
 -0.0000030542
 -0.0000038258
  0.0000051060
  0.0000278317
  0.0000255644
  0.0000259275
  0.0000270503
  0.0000258298
  0.0000347277
  0.0000263667
  0.0000296665
  0.0000392283
  0.0000263150
  0.0000239177
  0.0000300563
  0.0000266472
  0.0000268665
  0.0000234321
  0.0000012777
 -0.0000012218
  0.0000004907
 -0.0000009666
 -0.0000028118
 -0.0000003173
  0.0000007744
  0.0000012859
 -0.0000017684
 -0.0000060028
 -0.0000004859
  0.0000020818
 -0.0000050564
 -0.0000021163
 -0.0000170770
 -0.0000028252
 -0.0000016161
 -0.0000033732
  0.0000244250
 -0.0000147445
  0.0000104805
  0.0000037647
 -0.0000179100
  0.0000031512
 -0.0000000254
  0.0000074695
  0.0000075259
  0.0000304664
  0.0000240147
 -0.0000173667
  0.0000121597
  0.0000118781
  0.0000260844
 -0.0000105587
  0.0000000706
  0.0000020147
  0.0000225386
  0.0000167786
  0.0000313423
  0.0000384606
  0.0000071198
  0.0000341337
  0.0000188852
  0.0000362035
  0.0000178184
 -0.0000174446
  0.0000336536
  0.0000118147
  0.0000388435
 -0.0000433583
  0.0000055719
 -0.0000017214
 -0.0000551477
 -0.0000178520
 -0.0000695460
 -0.0000495312
 -0.0000561401
 -0.0000488971
 -0.0000454902
 -0.0000655652
 -0.0000032289
 -0.0000537664
 -0.0000609658
 -0.0000400507
 -0.0000540215
 -0.0000561887
 -0.0000562954
 -0.0000526949
 -0.0000552781
 -0.0000486120
 -0.0000504911
 -0.0000496898
 -0.0000303154
 -0.0000194594
 -0.0000502188
 -0.0000524847
 -0.0000518887
  0.0000261785
 -0.0000654901
 -0.0000588892
 -0.0000623780
 -0.0000107722
  0.0000011633
  0.0000108220
  0.0000005167
  0.0000022083
  0.0000060749
  0.0000086753
  0.0000100126
  0.0000081760
  0.0000033585
  0.0000019611
  0.0000029739
  0.0000072373
  0.0000017464
 -0.0000003431
  0.0000109832
 -0.0000420650
  0.0000401569
  0.0000287938
  0.0000175025
  0.0000247752
 -0.0000666265
  0.0000291727
 -0.0000358211
  0.0000305728
  0.0000527163
  0.0000102270
  0.0000117904
  0.0000434811
  0.0000271627
  0.0000519589
  0.0000364743
 -0.0000378690
  0.0000645051
  0.0000043793
  0.0000457707
  0.0000079394
  0.0000149163
  0.0000048661
  0.0000371185
  0.0000698949
  0.0000357371
  0.0000792459
  0.0000072848
  0.0000098220
 -0.0000356651
  0.0000317754
  0.0000245904
  0.0000093057
  0.0000973079
  0.0000048331
  0.0000389234
  0.0000056299
  0.0000027373
  0.0001164430
  0.0000088297
  0.0000043616
  0.0000537946
  0.0000267232
  0.0000091482
  0.0000075160
  0.0000047277
  0.0000298721
  0.0000174511
  0.0000118200
  0.0000112078
  0.0000115206
  0.0000144134
  0.0000103280
  0.0000054422
  0.0000122910
  0.0000108116
  0.0000137687
  0.0000070073
  0.0000102903
  0.0000100687
  0.0000078048
  0.0000102091
  0.0000075348
  0.0000068460
  0.0000069582
  0.0000103369
  0.0000095265
  0.0000134865
  0.0000123450
  0.0000117579
  0.0000119495
  0.0000087802
  0.0000223422
  0.0000201221
  0.0000226284
  0.0000222579
  0.0000169284
  0.0000109951
  0.0000183400
  0.0000178110
  0.0000278298
  0.0000303759
  0.0000198001
  0.0000181429
  0.0000275288
  0.0000221434
  0.0000192447
  0.0000088425
  0.0000106431
  0.0000127934
  0.0000043398
  0.0000125287
  0.0000133430
  0.0000092685
  0.0000139253
  0.0000006882
  0.0000160620
  0.0000028044
  0.0000090614
  0.0000140524
  0.0000007641
  0.0000140932
  0.0000134872
  0.0000098333
  0.0000118412
  0.0000335285
  0.0000233274
  0.0000279952
 -0.0000260256
  0.0000119001
  0.0000554072
  0.0000251152
  0.0000195457
  0.0000255536
  0.0000356889
  0.0000275945
  0.0000339482
  0.0000173013
  0.0000116961
  0.0000231545
  0.0000269531
  0.0000308571
  0.0000287776
  0.0000283997
  0.0000237090
 -0.0000145796
  0.0000215894
 -0.0000287091
  0.0000219048
 -0.0000046082
 -0.0000417197
 -0.0000308348
 -0.0000718365
 -0.0000099624
  0.0000069950
 -0.0000532319
 -0.0000144921
 -0.0000569462
 -0.0000242112
 -0.0000632342
  0.0000038159
 -0.0000108138
 -0.0000634304
 -0.0000130110
 -0.0000505662
 -0.0000549270
  0.0000244755
 -0.0000170354
  0.0000104057
  0.0000353953
  0.0000305573
 -0.0000136260
  0.0000125949
  0.0000094804
  0.0000184569
 -0.0000134459
  0.0000094682
  0.0000130260
  0.0000315475
  0.0000384336
  0.0000170134
 -0.0000150704
  0.0000254978
  0.0000278016
  0.0000281503
  0.0000374815
 -0.0000233114
 -0.0000235037
  0.0000140803
  0.0000227779
 -0.0000014556
  0.0000110967
  0.0000181812
  0.0000192384
  0.0000206278
  0.0000055627
  0.0000027254
  0.0000067024
  0.0000081849
  0.0000042758
  0.0000081555
  0.0000040242
  0.0000034753
  0.0000091274
  0.0000075776
  0.0000054491
  0.0000034491
  0.0000068544
  0.0000102321
  0.0000030589
  0.0000157948
  0.0000021744
  0.0000066087
  0.0000110037
  0.0000089414
  0.0000080125
  0.0000071443
  0.0000165151
  0.0000077623
  0.0000016957
  0.0000115143
  0.0000154831
  0.0000021077
  0.0000076966
  0.0000048652
  0.0000033454
  0.0000136447
  0.0000074190
  0.0000011163
 -0.0000041763
  0.0000094297
  0.0000003415
  0.0000128160
  0.0000047350
 -0.0000013444
  0.0000079913
  0.0000095765
  0.0000101797
  0.0000080472
  0.0000080070
  0.0000130423
  0.0000122859
  0.0000142883
  0.0000051332
  0.0000083558
  0.0000026235
  0.0000171302
  0.0000024410
  0.0000014280
  0.0000133734
  0.0000107728
 -0.0000609047
 -0.0000542125
 -0.0000004406
 -0.0000443946
 -0.0000204932
 -0.0000604856
  0.0000129355
 -0.0000183080
 -0.0000363876
  0.0000012151
 -0.0001024199
  0.0000039655
 -0.0000112537
 -0.0000953968
 -0.0000001427
 -0.0000032661
 -0.0000025448
  0.0000000102
 -0.0000021602
  0.0000018467
  0.0000002923
 -0.0000011984
 -0.0000018957
  0.0000018480
 -0.0000002719
 -0.0000024173
 -0.0000024506
 -0.0000010491
 -0.0000017102
 -0.0000019701
  0.0000011626
  0.0000023872
 -0.0000043823
 -0.0000009499
 -0.0000016459
  0.0000016327
  0.0000002581
 -0.0000054815
 -0.0000023152
 -0.0000013098
 -0.0000023454
  0.0000019370
  0.0000049418
  0.0000015680
 -0.0000432397
 -0.0000020056
 -0.0000009507
  0.0000006865
 -0.0000053922
  0.0000011933
 -0.0000036071
 -0.0000018658
 -0.0000038700
 -0.0000020075
  0.0000000428
 -0.0000016915
 -0.0000039887
 -0.0000046580
 -0.0000025685
 -0.0000026851
 -0.0000051823
 -0.0000018712
  0.0000007630
 -0.0000034851
  0.0000025596
 -0.0000001794
 -0.0000114967
 -0.0000057113
  0.0000001949
  0.0000018395
 -0.0000018670
 -0.0000064050
  0.0000005772
 -0.0000058301
 -0.0000032308
 -0.0000006806
  0.0000015000
 -0.0000020410
  0.0000008659
 -0.0000053254
 -0.0000076585
 -0.0000038430
 -0.0000057790
  0.0000007553
 -0.0000005365
 -0.0000110924
  0.0000145695
 -0.0000020064
  0.0000002813
  0.0000054767
 -0.0000024564
  0.0000013570
 -0.0000072744
 -0.0000010012
 -0.0000055693
  0.0000121730
 -0.0000013327
 -0.0000008500
 -0.0000025519
  0.0000100852
 -0.0000545354
  0.0000019262
  0.0000009653
  0.0000012454
 -0.0000041804
  0.0000001386
  0.0000031009
 -0.0000068008
 -0.0000001177
 -0.0000010452
 -0.0000001855
 -0.0000014778
 -0.0000032456
  0.0000004474
 -0.0000009053
  0.0000034573
  0.0000020829
  0.0000009986
 -0.0000036945
 -0.0000012872
 -0.0000028767
 -0.0000000340
 -0.0000015075
  0.0000010710
  0.0000003637
 -0.0000013145
 -0.0000025693
 -0.0000032647
 -0.0000006986
  0.0000006075
 -0.0000035852
  0.0000013369
 -0.0000009494
 -0.0000027931
 -0.0000009793
 -0.0000033742
 -0.0000042409
 -0.0000053509
 -0.0000033480
  0.0000018726
 -0.0000029260
  0.0000040984
 -0.0000050714
  0.0000006872
 -0.0000050874
 -0.0000026959
 -0.0000045601
 -0.0000040404
 -0.0000024056
 -0.0000068622
 -0.0000004730
 -0.0000014026
 -0.0000025394
  0.0000124091
 -0.0000017791
  0.0000044609
  0.0000042468
  0.0000057819
  0.0000082897
 -0.0000098188
  0.0000007849
  0.0000040983
  0.0000029634
  0.0000004652
  0.0000085923
 -0.0000004429
 -0.0000037693
  0.0000042492
 -0.0000034410
 -0.0000037708
  0.0000140940
  0.0000004945
 -0.0000001394
  0.0000037743
  0.0000017583
  0.0000098282
  0.0000021625
 -0.0000049795
  0.0000430098
 -0.0000550435
 -0.0000335231
 -0.0000256660
 -0.0000767215
 -0.0000075317
  0.0000617111
  0.0000262941
 -0.0000025804
  0.0000196349
 -0.0000050147
  0.0000007160
 -0.0000031482
 -0.0000033545
 -0.0000020863
 -0.0000055861
 -0.0000053936
 -0.0000028400
 -0.0000047914
 -0.0000044181
 -0.0000065663
 -0.0000051927
 -0.0000054785
 -0.0000040776
 -0.0000028482
 -0.0000006044
 -0.0000047452
 -0.0000053972
  0.0000047893
  0.0000057251
  0.0000052028
  0.0000046701
  0.0000042497
  0.0000019551
  0.0000054654
  0.0000059168
  0.0000060780
  0.0000054439
  0.0000061358
  0.0000070566
  0.0000087850
  0.0000046754
  0.0000054533
 -0.0000055270
 -0.0000048463
 -0.0000042839
 -0.0000039987
 -0.0000041641
 -0.0000004841
 -0.0000033938
 -0.0000043531
 -0.0000008748
 -0.0000053686
 -0.0000045603
 -0.0000035983
  0.0000080424
  0.0000073592
  0.0000068619
  0.0000056245
  0.0000298988
  0.0000329521
  0.0000019839
 -0.0000050838
 -0.0000051756
  0.0000030451
  0.0000064910
  0.0000026507
  0.0000085831
  0.0000026279
  0.0000046966
  0.0000548714
  0.0000238782
  0.0000022082
  0.0000053691
  0.0000002152
  0.0000141470
 -0.0000036204
  0.0000143435
  0.0000044518
  0.0000056798
  0.0000034732
  0.0000163956
  0.0000090756
 -0.0000081938
 -0.0000041013
  0.0000515201
  0.0000029432
  0.0000213918
  0.0000081107
 -0.0000131263
  0.0000051698
  0.0000176605
  0.0000006462
  0.0000024377
  0.0000006051
  0.0000014979
  0.0000018130
 -0.0000003681
  0.0000014417
 -0.0000011900
  0.0000002140
 -0.0000003057
  0.0000027745
  0.0000019773
  0.0000023270
  0.0000018003
  0.0000025846
  0.0000039075
  0.0000027436
  0.0000023385
  0.0000014241
  0.0000010600
  0.0000025176
  0.0000014198
  0.0000015522
  0.0000023467
  0.0000012997
 -0.0000022809
  0.0000020243
 -0.0000029576
 -0.0000012615
  0.0000002953
  0.0000014562
 -0.0000026574
 -0.0000007359
 -0.0000001888
  0.0000034765
  0.0000020500
 -0.0000002728
  0.0000074412
  0.0000048687
  0.0000031158
  0.0000064200
  0.0000088822
  0.0000071882
  0.0000006865
 -0.0000010731
 -0.0000003053
  0.0000039870
 -0.0000020417
  0.0000054304
  0.0000038428
  0.0000106046
  0.0000025253
 -0.0000018643
  0.0000036630
  0.0000026194
  0.0000039719
  0.0000020659
  0.0000050198
  0.0000044995
  0.0000031291
  0.0000029496
 -0.0000020840
  0.0000020936
  0.0000024288
 -0.0000013566
  0.0000135730
  0.0000043497
 -0.0000290482
  0.0000142718
 -0.0000004082
  0.0000003468
 -0.0000191122
  0.0000131694
  0.0000112624
  0.0000141458
 -0.0000122147
  0.0000180105
  0.0000041647
  0.0000080682
  0.0000154053
  0.0000002810
  0.0000059285
 -0.0000006884
  0.0000145320
  0.0000066777
 -0.0000016150
 -0.0000024219
  0.0000156939
  0.0000047403
  0.0000061741
  0.0000000101
  0.0000196538
  0.0000061210
  0.0000005264
  0.0000013752
  0.0000026020
  0.0000043872
  0.0000177523
  0.0000051019
  0.0000004030
  0.0000068427
  0.0000036141
 -0.0000037756
  0.0000035816
  0.0000019518
 -0.0000001405
  0.0000105830
  0.0000059555
  0.0000145583
  0.0000017773
 -0.0000000500
  0.0000023648
 -0.0000009329
 -0.0000050373
 -0.0000005027
 -0.0000035029
 -0.0000029817
  0.0000009960
 -0.0000027666
 -0.0000033271
 -0.0000014124
  0.0000011744
 -0.0000046713
 -0.0000033749
  0.0000000153
  0.0000000172
 -0.0000051275
 -0.0000011316
  0.0000089723
  0.0000035836
  0.0000023116
  0.0000030027
  0.0000038436
  0.0000028832
 -0.0000004987
  0.0000023422
  0.0000113890
  0.0000027309
  0.0000017077
  0.0000106855
  0.0000033615
  0.0000103186
  0.0000029501
 -0.0000037500
  0.0000134048
 -0.0000075606
 -0.0000022476
 -0.0000016970
  0.0000067635
 -0.0000039927
  0.0000053117
  0.0000107764
  0.0000056387
  0.0000128585
  0.0000096804
 -0.0000068574
  0.0000011802
 -0.0000024957
  0.0000167940
  0.0000115806
 -0.0000029681
 -0.0000044835
  0.0000171441
 -0.0000053926
  0.0000109230
 -0.0000003011
  0.0000028871
  0.0000187125
  0.0000143153
  0.0000163390
 -0.0000141411
  0.0000226935
  0.0000137974
  0.0000117540
  0.0000086914
  0.0000305574
  0.0000120727
  0.0000410933
  0.0000214047
  0.0000356009
  0.0000185048
  0.0000441479
  0.0000342650
  0.0000427463
  0.0000435474
  0.0000426702
  0.0000260560
  0.0000395620
  0.0000248766
  0.0000210090
  0.0000250965
  0.0000217719
  0.0000259253
  0.0000238696
  0.0000180368
  0.0000118180
  0.0000404704
  0.0000240173
  0.0000155089
  0.0000255867
  0.0000348619
  0.0000310619
  0.0000379962
  0.0000447194
 -0.0000325870
 -0.0000382026
 -0.0000318008
 -0.0000310120
 -0.0000496287
 -0.0000513809
 -0.0000391560
 -0.0000388061
 -0.0000365599
 -0.0000393838
 -0.0000374447
 -0.0000389646
 -0.0000395467
 -0.0000357673
 -0.0000383424
  0.0000373620
  0.0000447445
  0.0000463531
  0.0000384145
  0.0000477083
  0.0000301893
  0.0000439728
  0.0000449096
  0.0000372979
  0.0000437304
  0.0000379132
  0.0000443585
  0.0000477793
  0.0000377090
  0.0000276211
  0.0000464640
  0.0000376989
  0.0000272892
 -0.0000376803
 -0.0001240115
 -0.0000925485
  0.0000469604
 -0.0000511681
  0.0000312961
 -0.0000981497
 -0.0001388470
 -0.0001350999
 -0.0001307843
  0.0000422437
 -0.0000757064
 -0.0000358733
 -0.0001221100
 -0.0000260842
 -0.0001038568
 -0.0001216517
 -0.0001078917
 -0.0000977044
 -0.0000089383
 -0.0000667714
 -0.0000388798
  0.0000813358
  0.0000393162
 -0.0000025929
 -0.0001229834
  0.0000411801
 -0.0001309796
  0.0000111474
  0.0000071384
 -0.0000110350
  0.0000358842
  0.0000204362
  0.0000244076
  0.0000233074
  0.0000207201
  0.0000188572
  0.0000231965
  0.0000197827
  0.0000207173
  0.0000194170
  0.0000250307
  0.0000191915
  0.0000187107
  0.0000203035
  0.0000217444
  0.0000202443
  0.0000270862
  0.0000222289
  0.0000218094
  0.0000216981
  0.0000241190
  0.0000199160
  0.0000069219
  0.0000190427
  0.0000131652
  0.0000212998
  0.0000199319
  0.0000246190
 -0.0000175828
 -0.0000215311
 -0.0000190300
 -0.0000179065
 -0.0000227539
 -0.0000319713
 -0.0000220292
 -0.0000226411
 -0.0000072764
 -0.0000091112
 -0.0000199500
 -0.0000223197
 -0.0000106490
 -0.0000175612
 -0.0000221073
  0.0000256517
  0.0000434251
  0.0000370158
  0.0000315994
  0.0000306692
  0.0000190059
  0.0000298375
  0.0000184288
  0.0000394183
  0.0000402610
  0.0000261715
  0.0000300767
  0.0000490021
  0.0000432159
  0.0000678445
  0.0000425883
  0.0000260859
  0.0000541222
 -0.0000050279
 -0.0000261368
 -0.0000336248
 -0.0000163836
 -0.0000058291
  0.0000451087
 -0.0000244102
 -0.0000116597
 -0.0000216026
 -0.0000194318
 -0.0000298393
 -0.0000650076
 -0.0000188662
  0.0000834635
 -0.0000160772
 -0.0000098373
 -0.0000551380
 -0.0000167026
  0.0000765191
  0.0000360623
 -0.0000141638
 -0.0000251175
 -0.0000194117
 -0.0000287965
 -0.0000532788
 -0.0000124586
  0.0000088994
  0.0000043629
  0.0000046837
  0.0000041493
  0.0000256651
 -0.0000003262
 -0.0000063999
  0.0000007742
 -0.0000058591
 -0.0000005888
 -0.0000001193
 -0.0000010528
 -0.0000018299
  0.0000006899
 -0.0000001200
 -0.0000082103
 -0.0000001497
 -0.0000000380
  0.0000002405
 -0.0000032034
  0.0000023344
  0.0000006587
  0.0000000556
  0.0000017377
  0.0000015950
 -0.0000037374
  0.0000010828
  0.0000024143
 -0.0000021971
 -0.0000000031
  0.0000003175
  0.0000015244
  0.0000006527
 -0.0000013724
  0.0000046450
  0.0000026584
  0.0000001124
  0.0000048012
 -0.0000019659
 -0.0000030454
 -0.0000019349
 -0.0000002471
  0.0000001667
  0.0000048787
  0.0000013395
  0.0000030445
 -0.0000003500
  0.0000023028
  0.0000107424
  0.0000129314
  0.0000040453
  0.0000003964
 -0.0000048267
 -0.0000006663
  0.0000041055
  0.0000026631
  0.0000000589
  0.0000022760
 -0.0000016706
  0.0000113385
  0.0000179322
 -0.0000016760
  0.0000032269
 -0.0000009825
  0.0000037293
  0.0000037536
  0.0000127033
 -0.0000016539
 -0.0000002281
 -0.0000034753
  0.0000082067
 -0.0000028653
 -0.0000087650
 -0.0000009935
  0.0000092173
  0.0000008992
  0.0000062123
  0.0000000048
  0.0000165833
 -0.0000493583
 -0.0000338434
 -0.0000587444
 -0.0000063734
  0.0000164880
 -0.0000666332
 -0.0000978841
 -0.0000257485
  0.0000222060
  0.0000045951
  0.0000121123
  0.0000095622
  0.0000009814
  0.0000075609
  0.0000061724
 -0.0000000658
 -0.0000013757
  0.0000046314
  0.0000048306
  0.0000053402
  0.0000013008
  0.0000059714
  0.0000050312
  0.0000015093
 -0.0000008555
  0.0000006122
  0.0000039004
  0.0000039387
  0.0000011688
  0.0000019491
  0.0000023432
  0.0000014647
  0.0000084414
  0.0000071855
  0.0000026224
  0.0000010490
  0.0000030389
  0.0000198051
  0.0000049237
 -0.0000479783
  0.0000021419
  0.0000010435
  0.0000039827
 -0.0000177441
 -0.0000114564
 -0.0000165637
 -0.0000164392
 -0.0000059473
 -0.0000060583
 -0.0000071545
 -0.0000093052
 -0.0000228912
 -0.0000160573
 -0.0000083398
 -0.0000101319
 -0.0000173969
 -0.0000188244
 -0.0000104179
  0.0000002680
 -0.0000019746
 -0.0000002802
 -0.0000000837
 -0.0000014233
  0.0000037601
 -0.0000002215
  0.0000008806
 -0.0000016708
 -0.0000030017
 -0.0000016751
  0.0000006284
 -0.0000016092
 -0.0000005872
 -0.0000016107
 -0.0000030087
 -0.0000025084
  0.0000007594
 -0.0000049698
 -0.0000092632
  0.0000009378
 -0.0000047318
  0.0000061202
  0.0000010551
  0.0000020876
  0.0000018902
 -0.0000020667
  0.0000013657
  0.0000180390
 -0.0000035477
 -0.0000008506
 -0.0000064780
 -0.0000126303
  0.0000187037
 -0.0000045512
 -0.0000040299
 -0.0000006099
  0.0000005899
 -0.0000014386
 -0.0000826546
 -0.0000262170
 -0.0000200225
 -0.0000032705
  0.0000116767
  0.0000034940
 -0.0000006535
 -0.0000012033
 -0.0000001574
  0.0000003207
  0.0000006697
 -0.0000005235
 -0.0000019738
  0.0000005697
  0.0000016495
 -0.0000011328
  0.0000008433
  0.0000009009
  0.0000008941
  0.0000008765
 -0.0000075383
  0.0000007657
  0.0000005684
  0.0000008312
 -0.0000020002
  0.0000018226
  0.0000006992
 -0.0000029865
 -0.0000010676
 -0.0000035052
 -0.0000002179
 -0.0000018883
 -0.0000000095
 -0.0000017207
 -0.0000011930
 -0.0000028180
 -0.0000020704
 -0.0000016130
 -0.0000022945
  0.0000047605
  0.0000040039
  0.0000031491
 -0.0000016254
  0.0000078653
  0.0000049639
  0.0000035291
  0.0000017295
 -0.0000021420
  0.0000021096
  0.0000020415
  0.0000013699
 -0.0000003012
 -0.0000017177
  0.0000039824
 -0.0000007568
  0.0000045716
  0.0000023063
  0.0000029210
  0.0000008926
  0.0000016681
  0.0000004658
  0.0000025930
  0.0000038557
 -0.0000012660
  0.0000012522
  0.0000000931
  0.0000008628
 -0.0000061215
  0.0000008162
 -0.0000628840
 -0.0000315595
 -0.0000298715
 -0.0000696775
 -0.0000699502
 -0.0000638657
 -0.0000751121
 -0.0000312436
 -0.0000680767
 -0.0000703905
  0.0000010532
 -0.0000436920
  0.0000280773
 -0.0000100901
 -0.0000039359
 -0.0000318255
  0.0000289324
  0.0000201436
  0.0000342590
 -0.0000305129
  0.0000277104
  0.0000271672
 -0.0000323672
 -0.0000127323
  0.0000061317
 -0.0000339620
 -0.0000321786
 -0.0000015155
 -0.0000311301
 -0.0000218143
 -0.0000470019
 -0.0000479654
  0.0000297876
  0.0000002633
 -0.0000301237
  0.0000175088
 -0.0000262555
  0.0000065249
  0.0000066818
  0.0000350660
  0.0000063673
  0.0000024282
  0.0000067137
  0.0000067560
  0.0000012517
  0.0000007920
  0.0000013574
  0.0000022147
  0.0000084534
  0.0000095464
  0.0000033868
  0.0000028443
  0.0000069410
  0.0000080196
  0.0000035618
  0.0000311118
  0.0000261950
  0.0000296822
  0.0000310648
  0.0000278964
  0.0000240103
  0.0000298907
  0.0000277879
  0.0000301836
  0.0000229835
  0.0000340883
  0.0000354139
  0.0000218471
  0.0000280006
  0.0000133850
  0.0000266118
  0.0000267737
  0.0000276326
  0.0000043755
  0.0000121849
  0.0000155242
  0.0000165973
  0.0000011235
  0.0000116722
  0.0000393788
  0.0000287085
  0.0000470998
  0.0000189360
  0.0000177969
  0.0000329057
  0.0000281794
  0.0000223699
  0.0000634602
  0.0000114089
  0.0000120833
  0.0000065722
 -0.0000000215
  0.0000038430
  0.0000187830
  0.0000310568
  0.0000294124
  0.0000216355
  0.0000418848
 -0.0000753767
 -0.0000018611
  0.0000011536
  0.0000028804
  0.0000020979
 -0.0000013035
  0.0000009593
  0.0000043348
  0.0000012021
 -0.0000010936
  0.0000020434
  0.0000027496
  0.0000052404
  0.0000002026
  0.0000040252
  0.0000000396
  0.0000000320
  0.0000003943
 -0.0000006729
 -0.0000013583
  0.0000017880
  0.0000005669
  0.0000021837
 -0.0000016546
 -0.0000000594
  0.0000037748
  0.0000011517
  0.0000000324
  0.0000042852
  0.0000107525
  0.0000072426
  0.0000043256
 -0.0000169346
 -0.0000004944
  0.0000032147
  0.0000041073
 -0.0000026844
 -0.0000002079
  0.0000007257
 -0.0000013244
  0.0000018198
  0.0000055017
  0.0000011090
  0.0000019959
 -0.0000000500
  0.0000025089
  0.0000029442
 -0.0000006016
  0.0000035977
 -0.0000022576
  0.0000017392
  0.0000030896
 -0.0000020929
  0.0000021696
 -0.0000003136
  0.0000015978
  0.0000128302
  0.0000036382
  0.0000097362
 -0.0000008327
  0.0000389250
  0.0000079780
 -0.0000093542
  0.0000008635
  0.0000067767
  0.0000104724
  0.0000087299
  0.0000047195
  0.0000199889
  0.0000032893
  0.0000041208
 -0.0000003566
  0.0000038887
  0.0000114209
  0.0000052153
  0.0000044645
  0.0000047200
  0.0000157857
  0.0000214951
 -0.0000026259
  0.0000052400
  0.0000355270
  0.0000047593
 -0.0000058847
  0.0000049782
  0.0000017534
  0.0000299689
  0.0000214881
  0.0000203527
  0.0000050313
  0.0000036730
  0.0000055604
  0.0000015600
  0.0000008288
  0.0000028104
  0.0000025049
  0.0000013736
  0.0000017154
  0.0000030000
  0.0000024051
  0.0000018120
  0.0000020985
  0.0000023472
  0.0000028179
  0.0000034375
  0.0000020494
  0.0000028636
  0.0000008825
 -0.0000012181
  0.0000020380
  0.0000027109
 -0.0000041979
 -0.0000000028
  0.0000019373
  0.0000025304
  0.0000025711
  0.0000009032
  0.0000035433
  0.0000011981
  0.0000043429
  0.0000016167
  0.0000026861
  0.0000033079
  0.0000042684
  0.0000039141
  0.0000041919
  0.0000000117
  0.0000069198
  0.0000060816
  0.0000059214
  0.0000021093
  0.0000061260
  0.0000039735
  0.0000060086
  0.0000023742
 -0.0000006828
  0.0000031934
  0.0000047385
  0.0000040381
  0.0000016906
  0.0000062845
  0.0000078904
  0.0000032318
  0.0000067514
  0.0000018936
  0.0000040389
  0.0000032686
  0.0000006586
  0.0000027521
  0.0000037614
  0.0000013007
 -0.0000001743
  0.0000048460
 -0.0000010755
  0.0000012176
 -0.0000013270
  0.0000033933
  0.0000087365
  0.0000026433
 -0.0000341420
  0.0000052535
 -0.0000858850
 -0.0000237184
  0.0000261938
  0.0000076817
 -0.0000331976
  0.0000085224
 -0.0000011011
 -0.0000016060
 -0.0000055380
 -0.0000010536
 -0.0000028098
  0.0000000488
 -0.0000023739
 -0.0000036598
  0.0000003843
 -0.0000020297
 -0.0000025417
  0.0000019420
 -0.0000023472
 -0.0000021391
 -0.0000018915
 -0.0000024925
 -0.0000020849
  0.0000001976
 -0.0000011832
 -0.0000001863
  0.0000013163
 -0.0000000330
  0.0000005501
  0.0000013436
  0.0000008058
  0.0000003653
  0.0000002391
  0.0000008263
  0.0000036668
  0.0000010346
  0.0000002717
 -0.0000001267
  0.0000015019
  0.0000007673
  0.0000000545
 -0.0000041989
  0.0000271096
 -0.0000003209
 -0.0000017114
 -0.0000026969
 -0.0000001543
 -0.0000033732
 -0.0000032609
  0.0000009239
 -0.0000039205
  0.0000010890
 -0.0000013239
  0.0000029628
  0.0000050656
  0.0000030359
  0.0000044199
  0.0000309486
  0.0000113587
  0.0000018518
  0.0000031554
  0.0000000449
 -0.0000005751
  0.0000043213
  0.0000015182
  0.0000039918
 -0.0000002912
 -0.0000000573
  0.0000216096
  0.0000163819
  0.0000012721
  0.0000042713
 -0.0000004172
  0.0000068023
 -0.0000013026
  0.0000086519
 -0.0000000654
  0.0000014282
  0.0000010772
  0.0000077528
  0.0000051622
 -0.0000034477
  0.0000002822
  0.0000100093
  0.0000003077
  0.0000163935
  0.0000019740
  0.0000373901
  0.0000459927
 -0.0000020002
 -0.0000640282
  0.0000001041
 -0.0000018723
  0.0000004310
 -0.0000018451
  0.0000010154
  0.0000000063
 -0.0000018131
 -0.0000017746
 -0.0000014411
 -0.0000009754
 -0.0000020426
 -0.0000009539
  0.0000013745
 -0.0000014474
 -0.0000017791
 -0.0000028530
 -0.0000017855
 -0.0000025810
 -0.0000029963
  0.0000005323
 -0.0000027476
 -0.0000012842
  0.0000014804
 -0.0000045578
 -0.0000029921
 -0.0000040073
 -0.0000001506
 -0.0000006534
 -0.0000029591
 -0.0000026285
 -0.0000026965
  0.0000016795
 -0.0000047114
 -0.0000030366
 -0.0000018437
 -0.0000003587
 -0.0000043796
 -0.0000022105
  0.0000008661
  0.0000017452
 -0.0000011055
 -0.0000044994
  0.0000056113
  0.0000002576
  0.0000021731
  0.0000243402
  0.0000068221
  0.0000037587
 -0.0000040337
 -0.0000011752
 -0.0000034140
 -0.0000010320
 -0.0000008426
  0.0000011240
  0.0000035082
  0.0000227484
  0.0000004779
  0.0000006024
 -0.0000026701
  0.0000028103
  0.0000012618
  0.0000000385
 -0.0000024467
 -0.0000019382
  0.0000064170
 -0.0000012887
 -0.0000017784
 -0.0000018887
  0.0000004359
  0.0000084657
 -0.0000007970
  0.0000094741
  0.0000024932
 -0.0000780092
 -0.0000302600
  0.0000128426
 -0.0000317692
  0.0000061851
  0.0000056358
  0.0000015698
  0.0000031453
  0.0000034396
 -0.0000007029
  0.0000017831
  0.0000045109
  0.0000047794
  0.0000042799
  0.0000037137
  0.0000018980
  0.0000060408
  0.0000041368
  0.0000037548
  0.0000012386
  0.0000045491
  0.0000035549
  0.0000052670
  0.0000043033
  0.0000072462
  0.0000030156
  0.0000052800
  0.0000065487
  0.0000018966
  0.0000058109
  0.0000028033
  0.0000043500
  0.0000084081
  0.0000048976
  0.0000023259
  0.0000024989
  0.0000037829
  0.0000032528
  0.0000008601
  0.0000025343
  0.0000025444
  0.0000046212
 -0.0000004313
  0.0000031880
  0.0000030006
  0.0000028263
  0.0000003773
  0.0000000269
  0.0000013803
  0.0000074186
  0.0000057946
  0.0000061077
  0.0000174230
  0.0000269507
  0.0000080333
  0.0000019981
 -0.0000005455
  0.0000023061
  0.0000054748
  0.0000034554
  0.0000070163
  0.0000025754
  0.0000058954
  0.0000407925
  0.0000202257
  0.0000029143
  0.0000054048
  0.0000009175
  0.0000113694
  0.0000029184
  0.0000090877
  0.0000030039
  0.0000034553
  0.0000066778
  0.0000120890
  0.0000072354
 -0.0000016592
  0.0000040123
  0.0000422137
  0.0000038895
  0.0000092178
  0.0000079387
 -0.0000152772
 -0.0000254550
 -0.0000050392
 -0.0000191358
 -0.0000179435
 -0.0000168669
 -0.0000051810
 -0.0000293584
 -0.0000026838
 -0.0000042522
 -0.0000056576
 -0.0000198486
 -0.0000009425
 -0.0000047695
  0.0000008699
 -0.0000029323
 -0.0000033807
 -0.0000097587
 -0.0000062793
 -0.0000229055
 -0.0000111225
 -0.0000030530
 -0.0000097715
 -0.0000065715
 -0.0000261636
  0.0000001194
 -0.0000054002
 -0.0000157757
  0.0000046679
 -0.0000050764
 -0.0000332254
 -0.0000063431
 -0.0000066576
  0.0000012189
  0.0000400660
  0.0000376459
  0.0000376027
  0.0000390702
  0.0000278957
  0.0000338625
  0.0000355608
  0.0000355904
  0.0000541250
  0.0000400410
  0.0000346544
  0.0000353301
  0.0000414006
  0.0000395238
  0.0000362265
  0.0000019350
 -0.0000038877
 -0.0000016194
  0.0000004662
 -0.0000033241
 -0.0000046431
 -0.0000050723
 -0.0000057671
  0.0000022733
 -0.0000135810
  0.0000041788
  0.0000043988
 -0.0000113242
 -0.0000016913
 -0.0000050001
 -0.0000044603
 -0.0000036101
  0.0000001288
  0.0000355959
 -0.0000305112
  0.0000213998
  0.0000218650
  0.0000140173
  0.0000188689
 -0.0000626872
 -0.0000054184
  0.0000206912
  0.0000179581
  0.0000301660
  0.0000377190
  0.0000132427
 -0.0000304693
  0.0000262859
  0.0000334297
  0.0000370290
 -0.0000144696
 -0.0000011398
  0.0000119244
  0.0000354230
  0.0000271192
  0.0000050629
  0.0000113504
 -0.0000777795
 -0.0000522016
  0.0000186046
  0.0000187400
 -0.0000478391
  0.0000098899
 -0.0000024428
 -0.0000021317
 -0.0000026547
  0.0000004487
 -0.0000039242
 -0.0000035151
 -0.0000011651
 -0.0000000406
 -0.0000003109
 -0.0000026483
  0.0000008342
 -0.0000016600
 -0.0000008433
 -0.0000003358
 -0.0000032201
 -0.0000031266
 -0.0000034213
 -0.0000030097
 -0.0000030571
 -0.0000026892
 -0.0000028697
 -0.0000030885
 -0.0000025309
 -0.0000048883
 -0.0000028370
 -0.0000031856
 -0.0000040210
 -0.0000037484
 -0.0000030642
  0.0000018437
 -0.0000040346
  0.0000003270
  0.0000019325
  0.0000009242
  0.0000008046
 -0.0000022984
  0.0000037668
 -0.0000023013
 -0.0000046308
 -0.0000000704
 -0.0000039423
  0.0000035266
  0.0000000924
  0.0000021052
  0.0000126363
  0.0000096696
 -0.0000001553
  0.0000013696
 -0.0000017019
 -0.0000057510
 -0.0000022282
 -0.0000007180
  0.0000003728
 -0.0000031375
 -0.0000013979
  0.0000155061
  0.0000111391
 -0.0000011369
  0.0000023458
 -0.0000026604
 -0.0000003920
 -0.0000009008
  0.0000035811
 -0.0000023566
 -0.0000015244
 -0.0000010615
  0.0000029681
 -0.0000002133
 -0.0000041822
 -0.0000018960
  0.0000059815
 -0.0000021624
  0.0000125844
 -0.0000013709
 -0.0000360029
  0.0000013115
  0.0000060792
  0.0000010332
  0.0000007102
  0.0000034228
  0.0000001717
  0.0000054281
 -0.0000030826
 -0.0000011245
  0.0000015891
  0.0000056712
  0.0000011651
  0.0000069267
  0.0000018639
  0.0000062256
  0.0000009268
  0.0000046001
  0.0000042115
  0.0000054116
 -0.0000015806
 -0.0000010400
 -0.0000011981
 -0.0000017850
 -0.0000011679
 -0.0000021908
  0.0000016449
 -0.0000027572
 -0.0000028543
 -0.0000060656
 -0.0000010955
  0.0000017004
 -0.0000013429
  0.0000007784
 -0.0000014214
  0.0000009958
  0.0000021024
 -0.0000000135
  0.0000028550
 -0.0000046277
  0.0000016707
  0.0000062512
 -0.0000015662
  0.0000014600
 -0.0000061233
  0.0000043872
 -0.0000069454
 -0.0000005395
  0.0000032857
 -0.0000047366
  0.0000007835
  0.0000024165
  0.0000046117
 -0.0000003595
 -0.0000049483
 -0.0000029747
  0.0000068137
 -0.0000002709
  0.0000037578
  0.0000243463
  0.0000006070
  0.0000001220
  0.0000053329
  0.0000021251
  0.0000053994
 -0.0000009873
 -0.0000023276
  0.0000030761
 -0.0000026639
 -0.0000032508
  0.0000189071
 -0.0000013447
 -0.0000010282
 -0.0000000842
 -0.0000002266
  0.0000031556
  0.0000001315
 -0.0000079532
  0.0000097387
 -0.0000058458
  0.0000001731
  0.0000098079
  0.0000030229
  0.0000045346
  0.0000005086
  0.0000024117
  0.0000010846
  0.0000020825
  0.0000035695
  0.0000065132
  0.0000035213
  0.0000028748
  0.0000037811
  0.0000033461
  0.0000034020
  0.0000035590
  0.0000034072
 -0.0000011681
  0.0000047629
  0.0000040085
  0.0000033055
  0.0000041014
  0.0000032675
  0.0000036383
  0.0000022278
  0.0000016844
  0.0000000913
  0.0000010882
 -0.0000010750
  0.0000032432
  0.0000011002
  0.0000025081
  0.0000024902
  0.0000034943
  0.0000026371
  0.0000034760
  0.0000010631
  0.0000078693
  0.0000067985
  0.0000052490
  0.0000009934
  0.0000114362
  0.0000040893
  0.0000081201
  0.0000045438
  0.0000011969
  0.0000056565
  0.0000046985
  0.0000043041
  0.0000015250
 -0.0000027374
  0.0000097791
  0.0000031748
  0.0000072572
  0.0000010519
  0.0000083042
  0.0000029931
  0.0000059112
  0.0000039027
  0.0000042571
  0.0000003551
  0.0000060076
  0.0000063807
 -0.0000001286
  0.0000014587
  0.0000026448
  0.0000032261
 -0.0000000770
  0.0000041306
  0.0000251553
  0.0000402514
  0.0000068003
  0.0000040767
 -0.0000026372
  0.0000033594
  0.0000034281
  0.0000031593
 -0.0000004164
 -0.0000016906
  0.0000031496
  0.0000003466
  0.0000024081
  0.0000028217
  0.0000023122
  0.0000016941
 -0.0000038493
 -0.0000019938
 -0.0000009083
 -0.0000040351
 -0.0000015580
 -0.0000009043
 -0.0000017353
 -0.0000014948
 -0.0000103617
 -0.0000018870
 -0.0000013575
 -0.0000017252
 -0.0000051317
 -0.0000005248
 -0.0000019303
  0.0000015061
  0.0000022091
  0.0000028996
  0.0000028182
  0.0000019957
  0.0000026465
  0.0000024620
  0.0000000164
 -0.0000012500
  0.0000040089
  0.0000008066
 -0.0000067130
  0.0000040269
  0.0000013607
  0.0000007127
 -0.0000079608
 -0.0000031025
 -0.0000002253
  0.0000075797
  0.0000032192
 -0.0000067387
 -0.0000026545
  0.0000000846
 -0.0000017997
 -0.0000048878
 -0.0000033388
 -0.0000041580
 -0.0000013904
 -0.0000016333
  0.0000027377
 -0.0000034555
 -0.0000019367
  0.0000029637
 -0.0000084311
 -0.0000013058
 -0.0000011120
 -0.0000047236
 -0.0000091726
 -0.0000003868
 -0.0000022124
 -0.0000031523
 -0.0000106546
 -0.0000015310
 -0.0000018603
 -0.0000019540
 -0.0000490684
 -0.0000533010
 -0.0000111807
 -0.0000075098
 -0.0000001090
 -0.0000515237
 -0.0000354969
 -0.0000393843
 -0.0000177925
 -0.0000611987
  0.0000266928
 -0.0000312653
 -0.0000235807
 -0.0000507041
  0.0000364476
  0.0000105762
  0.0000344683
 -0.0000410327
  0.0000278749
  0.0000350370
 -0.0000355862
 -0.0000324856
 -0.0000110168
 -0.0000528673
 -0.0000367210
 -0.0000253894
 -0.0000340626
 -0.0000328046
 -0.0000614095
 -0.0000628726
  0.0000373492
 -0.0000203541
 -0.0000469610
  0.0000199843
  0.0000067297
 -0.0000089262
 -0.0000074057
  0.0000379098
 -0.0000029594
 -0.0000048768
 -0.0000023891
  0.0000007591
 -0.0000030442
  0.0000010983
 -0.0000036427
 -0.0000042052
 -0.0000002029
 -0.0000016786
 -0.0000010989
 -0.0000041161
 -0.0000022377
  0.0000024604
 -0.0000043640
  0.0000390072
  0.0000136224
  0.0000160204
  0.0000227557
  0.0000166507
  0.0000162837
  0.0000166739
  0.0000342422
  0.0000174550
  0.0000040496
  0.0000292203
  0.0000327059
  0.0000063775
  0.0000160826
 -0.0000007432
  0.0000128532
  0.0000350306
  0.0000058138
 -0.0000025467
 -0.0000031970
  0.0000003373
  0.0000019088
  0.0000008683
 -0.0000018889
  0.0000040105
  0.0000156997
  0.0000155804
  0.0000139599
  0.0000227923
  0.0000350684
  0.0000207638
  0.0000246866
  0.0000179041
  0.0000130577
  0.0000019618
  0.0000098953
  0.0000021113
  0.0000110572
  0.0000166542
 -0.0000025889
 -0.0000005006
  0.0000244036
  0.0000026918
 -0.0000467269
  0.0000116883
  0.0000152654
  0.0000005746
  0.0000004921
  0.0000013577
  0.0000003021
 -0.0000006630
 -0.0000003414
  0.0000010100
 -0.0000010485
 -0.0000005240
  0.0000000692
 -0.0000010863
 -0.0000005879
  0.0000002892
 -0.0000002715
 -0.0000006234
  0.0000007992
  0.0000000476
 -0.0000002337
 -0.0000004548
 -0.0000017885
 -0.0000012618
 -0.0000004438
 -0.0000017022
 -0.0000026598
 -0.0000034153
 -0.0000034868
 -0.0000009415
  0.0000011888
 -0.0000010378
 -0.0000022242
 -0.0000051053
 -0.0000011786
 -0.0000010610
 -0.0000012728
  0.0000060079
  0.0000026527
  0.0000044304
 -0.0000027919
  0.0000047561
  0.0000045912
 -0.0000008174
 -0.0000014401
 -0.0000024618
  0.0000013276
  0.0000013728
  0.0000027680
  0.0000023037
 -0.0000058177
  0.0000040390
 -0.0000002581
  0.0000028760
  0.0000019529
 -0.0000004378
 -0.0000000254
  0.0000007237
  0.0000016844
 -0.0000009416
  0.0000035034
 -0.0000026276
 -0.0000032040
 -0.0000006444
 -0.0000052425
  0.0000012216
 -0.0000052125
 -0.0000491582
 -0.0000041478
  0.0000005641
 -0.0000015974
  0.0000019192
  0.0000023830
  0.0000020905
 -0.0000000798
 -0.0000004468
  0.0000025629
  0.0000036543
  0.0000020834
 -0.0000000993
 -0.0000007069
  0.0000001843
  0.0000004552
  0.0000012955
  0.0000012808
  0.0000019804
  0.0000011586
  0.0000007855
  0.0000017730
  0.0000018159
  0.0000009940
  0.0000015122
  0.0000367471
  0.0000240173
  0.0000336570
  0.0000363120
  0.0000118235
  0.0000099950
  0.0000184923
  0.0000142399
  0.0000413530
  0.0000467824
  0.0000258306
  0.0000145328
  0.0000448170
  0.0000368988
  0.0000249069
 -0.0000023617
  0.0000001139
 -0.0000019768
 -0.0000014410
  0.0000014199
 -0.0000001198
  0.0000028271
  0.0000030299
  0.0000004564
 -0.0000004077
  0.0000001450
  0.0000012698
  0.0000021784
  0.0000491543
  0.0000030383
  0.0000009073
  0.0000055100
 -0.0000652041
 -0.0000148259
 -0.0000026148
 -0.0000177845
 -0.0000077725
 -0.0000052461
  0.0000035767
  0.0000059575
  0.0000060991
 -0.0000088033
 -0.0000012560
 -0.0000444176
  0.0000125257
 -0.0000052104
 -0.0000016557
 -0.0000058543
  0.0000288709
 -0.0000024999
  0.0000390881
  0.0000039394
  0.0000049962
  0.0000066414
  0.0000349151
  0.0000407866
 -0.0000045665
 -0.0000095183
 -0.0000438184
 -0.0000012861
 -0.0000698714
 -0.0000015458
 -0.0000496316
  0.0000069405
  0.0000011291
 -0.0000022374
  0.0000028346
  0.0000018944
  0.0000010166
  0.0000039941
 -0.0000000790
 -0.0000018022
 -0.0000007220
 -0.0000008169
  0.0000028793
  0.0000013769
  0.0000007720
 -0.0000002045
  0.0000006665
  0.0000002079
 -0.0000004645
 -0.0000016135
 -0.0000015311
  0.0000003977
 -0.0000016376
 -0.0000007906
 -0.0000021989
  0.0000006069
 -0.0000008593
 -0.0000010013
 -0.0000000559
 -0.0000000182
 -0.0000025152
  0.0000023149
  0.0000033324
  0.0000005172
  0.0000030943
  0.0000001461
  0.0000029109
  0.0000021349
 -0.0000022812
 -0.0000031176
  0.0000025002
  0.0000038393
 -0.0000024018
 -0.0000014368
 -0.0000036322
  0.0000054583
  0.0000022224
  0.0000016521
 -0.0000007173
  0.0000054930
  0.0000013533
 -0.0000098700
  0.0000007578
  0.0000010220
 -0.0000019283
  0.0000033471
  0.0000029462
  0.0000023323
  0.0000009562
 -0.0000032016
  0.0000004726
  0.0000043675
 -0.0000004052
  0.0000016781
  0.0000068577
 -0.0000004155
 -0.0000013050
  0.0000022872
 -0.0000024389
 -0.0000019722
  0.0000017701
  0.0000029861
  0.0000106379
 -0.0000016790
  0.0000017103
  0.0000019131
  0.0000010956
  0.0000014272
  0.0000023476
  0.0000046071
  0.0000029099
  0.0000043879
  0.0000020332
 -0.0000005051
  0.0000011544
 -0.0000012535
  0.0000020378
  0.0000012461
  0.0000020862
 -0.0000015128
 -0.0000022112
 -0.0000011870
 -0.0000016928
  0.0000024196
 -0.0000022388
 -0.0000005413
  0.0000000834
 -0.0000036628
 -0.0000016919
 -0.0000033283
 -0.0000019765
  0.0000005568
 -0.0000016410
 -0.0000035825
  0.0000000956
 -0.0000029392
  0.0000027975
 -0.0000009124
  0.0000019537
  0.0000000661
 -0.0000029122
  0.0000013774
  0.0000037379
  0.0000027273
 -0.0000047648
  0.0000014822
  0.0000002195
 -0.0000034909
  0.0000080006
 -0.0000005965
  0.0000020009
  0.0000141822
  0.0000067422
  0.0000027917
 -0.0000096198
  0.0000016890
 -0.0000033261
 -0.0000001660
  0.0000020294
  0.0000016277
  0.0000024482
  0.0000122710
  0.0000019865
  0.0000003221
 -0.0000026824
  0.0000037720
  0.0000053204
  0.0000010641
 -0.0000034264
 -0.0000029691
  0.0000110447
 -0.0000002183
 -0.0000006481
  0.0000035267
  0.0000014175
  0.0000071135
  0.0000010497
  0.0000178587
  0.0000027094
  0.0000196742
  0.0000048220
  0.0000141469
 -0.0000355995
 -0.0000339191
 -0.0000375768
  0.0000120763
 -0.0000480598
  0.0000121749
 -0.0000071739
  0.0000035901
 -0.0000351861
  0.0000054916
  0.0000181858
  0.0000085729
 -0.0000320249
  0.0000129621
  0.0000011773
 -0.0000292895
 -0.0000100665
  0.0000238911
 -0.0000377668
 -0.0000298986
  0.0000064434
 -0.0000287630
 -0.0000248396
 -0.0000483675
 -0.0000510964
  0.0000048571
  0.0000113085
 -0.0000317950
  0.0000110828
  0.0000207429
  0.0000233428
  0.0000228254
  0.0000081314
  0.0000011173
  0.0000049660
  0.0000007229
  0.0000009378
  0.0000046377
 -0.0000033875
  0.0000048595
  0.0000053883
 -0.0000008329
  0.0000015552
  0.0000010064
  0.0000041553
  0.0000016951
  0.0000012316
  0.0000062793
  0.0000032428
 -0.0000032213
  0.0000025649
  0.0000029625
  0.0000015051
  0.0000127421
  0.0000025638
  0.0000018938
  0.0000017827
 -0.0000067912
  0.0000037263
  0.0000064164
 -0.0000061100
  0.0000021689
 -0.0000039382
 -0.0000016885
 -0.0000009531
 -0.0000018928
  0.0000051160
 -0.0000100894
 -0.0000027262
 -0.0000020058
  0.0000046660
  0.0000061430
 -0.0000096609
  0.0000006378
  0.0000037068
  0.0000011433
  0.0000007062
 -0.0000043086
  0.0000157506
  0.0000108607
  0.0000022230
  0.0000063148
 -0.0000046278
 -0.0000032078
  0.0000023472
  0.0000004194
  0.0000071608
  0.0000041584
 -0.0000073379
  0.0000041472
  0.0000070428
  0.0000159439
 -0.0000432095
 -0.0000233561
 -0.0000401300
  0.0000087611
  0.0000077632
  0.0000120038
  0.0000101525
  0.0000072941
  0.0000072638
  0.0000101170
  0.0000099227
  0.0000072697
  0.0000076199
  0.0000082891
  0.0000078837
  0.0000085081
  0.0000082049
  0.0000101694
  0.0000072940
  0.0000069288
  0.0000170127
  0.0000219372
  0.0000183250
  0.0000169427
  0.0000152337
  0.0000191084
  0.0000221405
  0.0000193982
 -0.0000004814
  0.0000169591
  0.0000178519
  0.0000196357
  0.0000147034
  0.0000167621
  0.0000195908
  0.0000060193
  0.0000062526
  0.0000052620
  0.0000062231
  0.0000073460
  0.0000102395
  0.0000101575
  0.0000059267
  0.0000078296
  0.0000039348
  0.0000111332
  0.0000080778
  0.0000144517
  0.0000173016
  0.0000123417
  0.0000126684
 -0.0000257359
  0.0000574617
  0.0000114398
 -0.0000006730
  0.0000088439
  0.0000090521
  0.0000169421
  0.0000140296
  0.0000184573
  0.0000111094
 -0.0000052926
  0.0000304311
  0.0000113101
  0.0000094382
  0.0000062036
  0.0000199679
  0.0000111301
  0.0000199921
  0.0000132519
  0.0000120109
  0.0000214044
  0.0000377124
  0.0000139214
  0.0000101930
  0.0000096221
  0.0000298363
  0.0000116904
 -0.0000363860
  0.0000138113
  0.0000067642
  0.0000047233
  0.0000070816
  0.0000096581
  0.0000087250
  0.0000053513
  0.0000081805
  0.0000093929
  0.0000091286
  0.0000086365
  0.0000043946
  0.0000087721
  0.0000085534
  0.0000133729
  0.0000070005
  0.0000119212
  0.0000062124
  0.0000065316
  0.0000076023
  0.0000075827
  0.0000063047
  0.0000081732
  0.0000082974
  0.0000069594
  0.0000087175
  0.0000071477
  0.0000093135
  0.0000166624
  0.0000097731
  0.0000091023
  0.0000264190
  0.0000195983
  0.0000183966
  0.0000241674
  0.0000141720
  0.0000092053
  0.0000142603
  0.0000243508
  0.0000068153
  0.0000095626
  0.0000143996
  0.0000060026
  0.0000087571
  0.0000060130
  0.0000034298
  0.0000084852
  0.0000071144
  0.0000083801
  0.0000122806
  0.0000040309
  0.0000224612
  0.0000036738
  0.0000073967
  0.0000065681
  0.0000050590
  0.0000181192
  0.0000090420
  0.0000062368
  0.0000182256
  0.0000104236
  0.0000512156
  0.0000361219
  0.0000345610
 -0.0000684052
 -0.0000335457
  0.0000519315
  0.0000288370
  0.0000283422
  0.0000423287
  0.0000505491
  0.0000402901
  0.0000368354
 -0.0000517169
  0.0000302464
  0.0000218643
  0.0000254876
  0.0000292082
  0.0000385813
  0.0000427374
  0.0000427288
 -0.0000002481
  0.0000096649
 -0.0000503715
  0.0000352065
 -0.0000729424
  0.0000365765
  0.0000192061
  0.0000035988
  0.0000067124
  0.0000062948
  0.0000034181
  0.0000046367
  0.0000041071
  0.0000058606
  0.0000049445
  0.0000043915
  0.0000035908
  0.0000007148
  0.0000004731
  0.0000000796
  0.0000006274
  0.0000008705
  0.0000011758
  0.0000007202
  0.0000008499
  0.0000011303
 -0.0000022395
  0.0000007592
  0.0000012552
 -0.0000005860
  0.0000003447
  0.0000005408
  0.0000029495
  0.0000017681
  0.0000039633
  0.0000041751
  0.0000027988
  0.0000059998
  0.0000054612
  0.0000026304
  0.0000039209
  0.0000046868
  0.0000003472
  0.0000036045
  0.0000011817
 -0.0000011384
  0.0000060101
  0.0000036467
  0.0000057606
  0.0000070107
  0.0000093680
  0.0000049678
  0.0000035592
  0.0000045831
 -0.0000021280
  0.0000013120
  0.0000029686
  0.0000042048
  0.0000015140
  0.0000110785
  0.0000107996
  0.0000029332
  0.0000055425
  0.0000010083
  0.0000023727
  0.0000071388
  0.0000034682
  0.0000007333
  0.0000019783
  0.0000002639
  0.0000028965
  0.0000035617
  0.0000015736
  0.0000008194
  0.0000017772
  0.0000007845
  0.0000146908
  0.0000023744
 -0.0000799994
  0.0000010680
 -0.0000033846
  0.0000043164
  0.0000014154
  0.0000150234
 -0.0000128519
  0.0000068200
  0.0000212662
  0.0000178345
 -0.0000043412
  0.0000046688
  0.0000077093
  0.0000086286
  0.0000066633
  0.0000016700
  0.0000151994
  0.0000199505
  0.0000112912
 -0.0000090909
  0.0000119457
  0.0000182467
  0.0000133706
  0.0000193522
 -0.0000082563
 -0.0000080476
  0.0000050522
  0.0000141147
  0.0000032078
 -0.0000747585
  0.0000082025
 -0.0000843039
  0.0000114125
  0.0000114306
  0.0000081755
 -0.0000031002
  0.0000047160
  0.0000014913
  0.0000004469
  0.0000181788
  0.0000234820
  0.0000070827
  0.0000071059
 -0.0000106297
 -0.0000054226
  0.0000059842
  0.0000080538
 -0.0000063441
 -0.0000049490
  0.0000048901
  0.0000042314
  0.0000029191
  0.0000053168
  0.0000063129
  0.0000038547
  0.0000055361
  0.0000057050
  0.0000009018
  0.0000061807
 -0.0000007741
  0.0000085229
  0.0000104837
 -0.0000016426
  0.0000048042
 -0.0000100282
  0.0000029706
 -0.0000001458
  0.0000030778
  0.0000107110
 -0.0000122237
  0.0000156705
  0.0000096749
 -0.0000068401
 -0.0000167791
  0.0000057615
  0.0000047381
  0.0000139309
  0.0000142273
  0.0000370817
  0.0000040723
  0.0000250019
  0.0000055622
 -0.0000143975
  0.0000096375
  0.0000042026
  0.0000134414
 -0.0000056487
  0.0000066468
  0.0000034415
  0.0000258223
  0.0000227010
 -0.0000625421
  0.0000197070
  0.0000042425
 -0.0000551296
 -0.0000021210
 -0.0000029080
  0.0000024460
  0.0000027956
 -0.0000017252
  0.0000055017
 -0.0000015417
 -0.0000021354
 -0.0000036137
 -0.0000026333
  0.0000026561
  0.0000014302
  0.0000016400
  0.0000026707
  0.0000012268
  0.0000019082
  0.0000017019
 -0.0000005010
  0.0000001463
  0.0000008538
 -0.0000001358
  0.0000022320
  0.0000013800
  0.0000009035
  0.0000003156
  0.0000022674
  0.0000020919
  0.0000013991
 -0.0000015401
 -0.0000024463
 -0.0000038724
 -0.0000011250
 -0.0000060767
  0.0000006836
 -0.0000015410
 -0.0000021395
 -0.0000010945
 -0.0000034279
 -0.0000010907
 -0.0000008872
  0.0000005996
  0.0000046317
  0.0000030464
  0.0000026309
  0.0000159628
  0.0000089333
  0.0000046606
  0.0000048998
  0.0000064114
 -0.0000005023
  0.0000043292
 -0.0000018733
  0.0000046987
 -0.0000020554
  0.0000001858
  0.0000124288
  0.0000138483
  0.0000009358
  0.0000017195
 -0.0000019574
  0.0000048982
  0.0000043277
  0.0000059517
  0.0000000900
  0.0000027499
 -0.0000008895
  0.0000050118
  0.0000026780
  0.0000028774
  0.0000004955
  0.0000073257
 -0.0000031221
  0.0000249656
  0.0000023844
  0.0000150168
  0.0000239273
  0.0000041125
  0.0000077320
  0.0000005625
  0.0000034794
  0.0000036238
  0.0000063235
  0.0000043037
  0.0000237284
  0.0000058516
  0.0000012179
  0.0000086110
  0.0000185311
  0.0000016213
  0.0000055445
  0.0000124450
  0.0000115171
 -0.0000011106
  0.0000170802
  0.0000160348
  0.0000015769
  0.0000171077
  0.0000137005
 -0.0000101363
 -0.0000052135
  0.0000067599
 -0.0000006126
  0.0000202918
  0.0000002641
 -0.0000273264
 -0.0000017162
 -0.0000014373
  0.0000109427
  0.0000039405
  0.0000008106
  0.0000033670
  0.0000033673
 -0.0000030190
 -0.0000005221
 -0.0000006199
 -0.0000004415
  0.0000053766
  0.0000049999
  0.0000049199
 -0.0000016381
  0.0000048893
  0.0000051124
  0.0000053226
  0.0000072876
  0.0000006265
  0.0000029503
  0.0000034809
  0.0000019253
  0.0000018626
  0.0000028404
  0.0000070895
  0.0000018914
 -0.0000007843
  0.0000032390
  0.0000064940
  0.0000008216
  0.0000022059
 -0.0000025996
 -0.0000001779
  0.0000041926
  0.0000014339
 -0.0000004399
 -0.0000078374
  0.0000040683
  0.0000065361
 -0.0000017988
 -0.0000062965
  0.0000034704
  0.0000037670
  0.0000095531
  0.0000036723
  0.0000032259
  0.0000055175
  0.0000161079
  0.0000022912
 -0.0000014125
 -0.0000018680
 -0.0000040291
  0.0000135465
 -0.0000004629
 -0.0000028903
  0.0000045825
  0.0000197752
  0.0000082502
  0.0000014937
  0.0000038038
  0.0000025505
 -0.0000045610
  0.0000021499
 -0.0000066520
 -0.0000013866
  0.0000010574
 -0.0000073437
 -0.0000070480
 -0.0000037914
 -0.0000104601
 -0.0000007804
 -0.0000058063
  0.0000005418
 -0.0000030715
  0.0000011014
  0.0000001343
 -0.0000067755
 -0.0000052768
  0.0000011725
  0.0000201279
 -0.0000071035
  0.0000289343
 -0.0000059436
 -0.0000060399
 -0.0000042333
  0.0000048542
 -0.0000002166
  0.0000025143
  0.0000042637
 -0.0000022446
 -0.0000098368
  0.0000007501
  0.0000004289
  0.0000156235
  0.0000114333
  0.0000020417
  0.0000004825
  0.0000103301
  0.0000055725
  0.0000002146
 -0.0000064615
 -0.0000050199
 -0.0000043636
 -0.0000040639
 -0.0000070998
 -0.0000083068
 -0.0000078963
 -0.0000120010
 -0.0000013185
 -0.0000153807
 -0.0000008452
 -0.0000004926
 -0.0000102682
 -0.0000049639
 -0.0000019014
 -0.0000060112
 -0.0000117455
  0.0000008049
  0.0000144167
 -0.0000384951
  0.0000000665
 -0.0000001989
  0.0000030875
  0.0000118717
 -0.0000074696
  0.0000187411
  0.0000033853
  0.0000153963
  0.0000128046
  0.0000023404
 -0.0000312488
  0.0000129802
  0.0000199268
  0.0000052549
 -0.0000152816
 -0.0000050555
  0.0000045170
  0.0000141743
  0.0000050988
  0.0000006336
 -0.0000018664
  0.0000004590
  0.0000005041
 -0.0000010343
  0.0000008549
 -0.0000001728
 -0.0000004205
 -0.0000009997
 -0.0000022046
  0.0000015500
 -0.0000019037
 -0.0000015655
 -0.0000008203
  0.0000011988
 -0.0000005978
 -0.0000009732
  0.0000012456
 -0.0000004552
  0.0000012108
  0.0000015422
 -0.0000035047
 -0.0000004566
 -0.0000010527
 -0.0000016121
  0.0000017927
  0.0000273787
 -0.0000020111
  0.0000111312
 -0.0000014675
 -0.0000005969
  0.0000027653
  0.0000129971
  0.0000111109
  0.0000152169
  0.0000144600
  0.0000235008
  0.0000273350
  0.0000128600
  0.0000140856
  0.0000183401
  0.0000093594
  0.0000119253
  0.0000155330
  0.0000105888
  0.0000106538
  0.0000098312
 -0.0000002577
  0.0000012287
 -0.0000012084
  0.0000004338
  0.0000010292
 -0.0000021361
  0.0000001516
  0.0000007696
 -0.0000006636
  0.0000037861
  0.0000026327
  0.0000036973
  0.0000040134
  0.0000010840
  0.0000063982
 -0.0000020588
 -0.0000009042
  0.0000087362
  0.0000134662
 -0.0000066181
  0.0000041893
  0.0000009317
  0.0000075904
  0.0000030714
  0.0000049666
  0.0000038627
  0.0000052793
  0.0000185758
  0.0000064641
  0.0000008806
 -0.0000033851
  0.0000219437
  0.0000171888
  0.0000029470
  0.0000017645
 -0.0000042682
  0.0000043583
 -0.0000234691
  0.0000109551
  0.0000068284
  0.0000189976
  0.0000180481
  0.0000021513
  0.0000132070
  0.0000011038
  0.0000039448
  0.0000030849
  0.0000067192
  0.0000024464
 -0.0000002902
  0.0000058263
  0.0000106326
 -0.0000011745
  0.0000033213
  0.0000022869
  0.0000043218
  0.0000002602
  0.0000072013
  0.0000044389
  0.0000006702
  0.0000063925
  0.0000048694
  0.0000151435
  0.0000132513
  0.0000035151
 -0.0000006175
  0.0000063885
 -0.0000476465
 -0.0000004822
 -0.0000384436
 -0.0000005359
  0.0000006027
  0.0000079926
  0.0000027402
  0.0000022294
  0.0000034211
  0.0000065552
 -0.0000005856
  0.0000042030
  0.0000020660
  0.0000019675
  0.0000047938
  0.0000044396
  0.0000046250
  0.0000007830
  0.0000036659
  0.0000076276
  0.0000024640
  0.0000051408
  0.0000037763
  0.0000009153
 -0.0000092051
 -0.0000044902
  0.0000017825
  0.0000009624
  0.0000061390
 -0.0000054101
  0.0000012393
 -0.0000018054
  0.0000035638
  0.0000004548
  0.0000004785
 -0.0000041775
  0.0000008959
  0.0000025485
 -0.0000086394
  0.0000022935
 -0.0000055157
  0.0000126561
 -0.0000033056
 -0.0000117767
  0.0000140515
 -0.0000008240
  0.0000037731
  0.0000066722
  0.0000036513
  0.0000019494
  0.0000040965
  0.0000005251
 -0.0000080168
  0.0000065133
 -0.0000015219
  0.0000113761
  0.0000064311
  0.0000002697
  0.0000050399
  0.0000084043
  0.0000046566
 -0.0000030083
  0.0000014917
  0.0000024835
  0.0000025289
  0.0000035611
  0.0000020972
  0.0000033847
 -0.0000002507
  0.0000044328
  0.0000025616
  0.0000008549
  0.0000033156
  0.0000037013
  0.0000039073
  0.0000044894
  0.0000028339
  0.0000023235
  0.0000008651
  0.0000021924
 -0.0000021325
  0.0000028297
  0.0000021446
  0.0000034680
  0.0000203160
  0.0000132159
  0.0000172441
  0.0000198234
  0.0000095638
  0.0000106401
  0.0000116383
  0.0000100855
  0.0000295908
  0.0000255783
  0.0000153956
  0.0000102692
  0.0000288066
  0.0000204207
  0.0000167898
  0.0000005287
  0.0000043825
  0.0000046272
  0.0000056698
  0.0000053911
  0.0000010396
  0.0000047900
  0.0000029438
  0.0000018404
  0.0000035121
  0.0000023361
  0.0000047045
  0.0000060015
  0.0000065152
 -0.0000008025
  0.0000011733
  0.0000407506
  0.0000141539
  0.0000064869
  0.0000103909
 -0.0000593972
  0.0000173651
  0.0000096800
 -0.0000076614
 -0.0000000711
  0.0000092022
  0.0000116891
  0.0000115919
  0.0000066262
 -0.0000373039
  0.0000047406
  0.0000027036
  0.0000008429
  0.0000193848
  0.0000088826
  0.0000281619
  0.0000092003
  0.0000101489
  0.0000166789
  0.0000507022
  0.0000228325
  0.0000038108
 -0.0000346274
  0.0000037107
 -0.0000672010
  0.0000038008
  0.0000077664
  0.0000072345
  0.0000087644
  0.0000071363
  0.0000073253
  0.0000109864
  0.0000071816
  0.0000088443
  0.0000063002
  0.0000128114
  0.0000063941
  0.0000086427
  0.0000068357
  0.0000088329
  0.0000114232
  0.0000100928
  0.0000086939
  0.0000084229
  0.0000094180
  0.0000060232
  0.0000071152
  0.0000066453
  0.0000124091
 -0.0000174826
 -0.0000179331
 -0.0000169644
 -0.0000174401
 -0.0000159454
 -0.0000129815
 -0.0000137838
 -0.0000159678
 -0.0000310479
 -0.0000162565
 -0.0000147744
 -0.0000165437
 -0.0000175774
 -0.0000176701
 -0.0000174205
  0.0000135586
  0.0000292053
  0.0000240055
  0.0000193866
  0.0000172450
  0.0000057976
  0.0000162760
  0.0000052469
  0.0000263782
  0.0000246750
  0.0000151224
  0.0000178658
  0.0000342231
  0.0000289703
  0.0000486888
  0.0000281033
  0.0000121320
  0.0000360237
 -0.0000223827
 -0.0000147923
 -0.0000128941
 -0.0000096751
 -0.0000040046
  0.0000298478
 -0.0000039004
 -0.0000101515
 -0.0000035557
 -0.0000217167
 -0.0000351659
 -0.0000132941
  0.0000706549
 -0.0000117855
 -0.0000099782
 -0.0000226267
 -0.0000187533
  0.0000598781
 -0.0000069801
 -0.0000172933
 -0.0000067180
 -0.0000168217
  0.0000012160
  0.0000002815
 -0.0000027320
  0.0000012195
 -0.0000026305
 -0.0000003907
 -0.0000006440
 -0.0000040514
 -0.0000018957
 -0.0000026888
 -0.0000055049
  0.0000002012
  0.0000005106
 -0.0000011535
  0.0000007347
  0.0000033011
 -0.0000051993
 -0.0000017356
 -0.0000000927
 -0.0000022918
 -0.0000032990
 -0.0000020453
 -0.0000016991
 -0.0000011870
  0.0000003246
  0.0000013756
 -0.0000011206
 -0.0000015901
  0.0000004088
 -0.0000059704
 -0.0000039359
  0.0000004313
 -0.0000010447
 -0.0000021385
 -0.0000027036
  0.0000025852
 -0.0000016053
  0.0000015176
 -0.0000028510
  0.0000039601
  0.0000070548
  0.0000108172
  0.0000038269
 -0.0000053145
  0.0000001015
  0.0000021385
 -0.0000016096
 -0.0000008108
 -0.0000029510
  0.0000064366
 -0.0000033495
  0.0000028931
 -0.0000029788
 -0.0000016005
  0.0000020794
  0.0000021822
 -0.0000037029
 -0.0000024165
 -0.0000019943
 -0.0000016462
 -0.0000058420
 -0.0000065763
 -0.0000015214
 -0.0000029437
 -0.0000014216
 -0.0000039666
 -0.0000015391
  0.0000014629
  0.0000029978
 -0.0000006626
  0.0000039224
 -0.0000017322
 -0.0000001873
  0.0000010694
 -0.0000015285
  0.0000036324
  0.0000042281
  0.0000011606
 -0.0000019522
 -0.0000019445
 -0.0000007714
  0.0000031229
  0.0000025670
  0.0000013066
  0.0000046993
  0.0000004420
  0.0000010997
 -0.0000001793
 -0.0000041940
 -0.0000023764
 -0.0000012315
  0.0000023600
 -0.0000045929
 -0.0000005950
  0.0000027855
 -0.0000000100
  0.0000035589
  0.0000052234
  0.0000011175
  0.0000040839
 -0.0000031857
  0.0000029247
  0.0000010322
  0.0000027862
 -0.0000018044
  0.0000022256
  0.0000007155
  0.0000022129
 -0.0000022212
  0.0000037217
  0.0000042980
  0.0000015190
  0.0000023083
 -0.0000026738
 -0.0000033670
  0.0000040587
 -0.0000010144
 -0.0000012908
  0.0000011734
  0.0000012077
  0.0000001947
 -0.0000016062
 -0.0000020388
 -0.0000007320
 -0.0000036902
  0.0000002719
 -0.0000005833
 -0.0000050273
 -0.0000023859
 -0.0000013030
  0.0000004239
 -0.0000008755
  0.0000007214
 -0.0000037288
 -0.0000008197
 -0.0000022362
  0.0000049223
 -0.0000000278
 -0.0000003595
  0.0000041699
  0.0000000149
 -0.0000022791
  0.0000040385
 -0.0000004336
  0.0000034790
 -0.0000001949
 -0.0000062594
 -0.0000011685
 -0.0000034752
  0.0000000047
 -0.0000011397
  0.0000039808
  0.0000014670
 -0.0000039352
 -0.0000010650
  0.0000047441
  0.0000071514
  0.0000069994
  0.0000030194
 -0.0000007090
 -0.0000036765
  0.0000037495
  0.0000009359
  0.0000009606
  0.0000056941
  0.0000005782
  0.0000003132
 -0.0000037026
  0.0000023741
  0.0000067038
  0.0000052957
  0.0000009028
 -0.0000025537
  0.0000040548
 -0.0000002542
 -0.0000009942
  0.0000020295
 -0.0000017069
 -0.0000046371
 -0.0000022265
  0.0000019022
 -0.0000000594
  0.0000021637
  0.0000021697
 -0.0000001080
  0.0000004258
  0.0000005146
 -0.0000024783
  0.0000024828
  0.0000023913
  0.0000010919
  0.0000028639
  0.0000015134
 -0.0000027796
  0.0000010718
  0.0000022014
 -0.0000012328
 -0.0000001001
  0.0000003253
  0.0000008785
 -0.0000006400
 -0.0000033930
  0.0000003131
 -0.0000015466
  0.0000009887
  0.0000010423
 -0.0000007737
  0.0000012819
 -0.0000004679
 -0.0000003478
  0.0000002253
  0.0000031773
  0.0000040603
  0.0000008457
  0.0000034703
  0.0000003966
  0.0000057302
  0.0000055873
  0.0000121275
  0.0000054902
 -0.0000017251
  0.0000035261
  0.0000038890
  0.0000007674
 -0.0000011737
  0.0000047027
 -0.0000005902
  0.0000016061
  0.0000022519
  0.0000026231
 -0.0000008754
  0.0000002077
 -0.0000022889
 -0.0000009670
 -0.0000054470
 -0.0000014643
 -0.0000053156
  0.0000011396
  0.0000009656
 -0.0000013137
  0.0000022636
 -0.0000026228
  0.0000001722
 -0.0000013770
 -0.0000007271
 -0.0000032534
  0.0000011113
  0.0000006330
 -0.0000010960
 -0.0000075692
 -0.0000007227
 -0.0000017616
 -0.0000027653
 -0.0000064122
 -0.0000015969
 -0.0000008032
  0.0000010449
  0.0000002004
 -0.0000043375
  0.0000012398
 -0.0000007630
 -0.0000001135
 -0.0000029433
 -0.0000016219
 -0.0000012146
 -0.0000012234
 -0.0000035656
  0.0000024753
  0.0000014292
 -0.0000016573
  0.0000018474
  0.0000024072
 -0.0000013142
 -0.0000014321
  0.0000040967
 -0.0000010938
  0.0000015293
 -0.0000014672
 -0.0000006574
 -0.0000022365
  0.0000086896
  0.0000009516
  0.0000029069
 -0.0000032619
 -0.0000021910
 -0.0000013086
  0.0000054494
  0.0000011551
 -0.0000013565
  0.0000001577
  0.0000025493
  0.0000024378
 -0.0000017165
 -0.0000016857
  0.0000029370
  0.0000014932
 -0.0000009297
 -0.0000018603
  0.0000026614
  0.0000022710
  0.0000025339
  0.0000020486
  0.0000016726
 -0.0000043562
 -0.0000017271
 -0.0000003029
  0.0000031102
 -0.0000017026
 -0.0000004610
  0.0000037072
  0.0000003492
 -0.0000026090
 -0.0000007925
 -0.0000056390
 -0.0000020927
  0.0000014506
  0.0000003594
 -0.0000077310
  0.0000019427
 -0.0000004235
 -0.0000036092
 -0.0000019315
  0.0000014678
  0.0000013407
  0.0000017574
 -0.0000035512
 -0.0000026946
  0.0000026723
  0.0000026587
  0.0000024816
 -0.0000012962
 -0.0000006480
  0.0000016703
 -0.0000048202
  0.0000026055
  0.0000031319
 -0.0000020412
  0.0000000179
 -0.0000020584
 -0.0000026732
 -0.0000037091
  0.0000027863
 -0.0000013993
 -0.0000062308
  0.0000005943
 -0.0000007336
  0.0000011532
  0.0000003357
  0.0000006118
 -0.0000007739
 -0.0000009385
  0.0000003090
 -0.0000014285
 -0.0000010745
 -0.0000005827
  0.0000011682
 -0.0000008718
  0.0000006430
  0.0000003813
  0.0000006766
 -0.0000010036
  0.0000015540
 -0.0000022983
 -0.0000027049
 -0.0000004228
  0.0000033202
 -0.0000009781
  0.0000022958
 -0.0000004639
 -0.0000005595
  0.0000020064
 -0.0000022884
  0.0000000962
 -0.0000002573
  0.0000023344
  0.0000080885
 -0.0000045266
 -0.0000011393
 -0.0000002334
 -0.0000019348
  0.0000021278
  0.0000017630
 -0.0000020470
 -0.0000011126
  0.0000011926
  0.0000075087
  0.0000004702
 -0.0000016649
  0.0000006027
 -0.0000014941
 -0.0000024398
 -0.0000003659
 -0.0000036837
 -0.0000007726
 -0.0000020988
 -0.0000010481
 -0.0000005603
  0.0000008757
  0.0000007408
 -0.0000022002
  0.0000017699
 -0.0000002547
  0.0000003224
  0.0000011335
  0.0000024353
 -0.0000023996
  0.0000023503
  0.0000017672
  0.0000034285
  0.0000005469
  0.0000023882
 -0.0000000025
 -0.0000018484
 -0.0000002646
  0.0000005401
  0.0000030739
  0.0000003664
 -0.0000009826
 -0.0000037079
  0.0000017397
 -0.0000015742
  0.0000022284
 -0.0000007533
 -0.0000014739
  0.0000007658
 -0.0000021614
  0.0000044871
  0.0000079670
 -0.0000021485
  0.0000005730
  0.0000046881
  0.0000040585
  0.0000018878
 -0.0000010283
 -0.0000002015
 -0.0000043761
  0.0000013694
  0.0000007578
  0.0000025107
  0.0000018269
 -0.0000004319
 -0.0000014251
  0.0000013583
  0.0000009070
 -0.0000009643
 -0.0000000302
  0.0000066454
 -0.0000029978
 -0.0000006617
 -0.0000047687
 -0.0000014128
 -0.0000001854
 -0.0000035178
 -0.0000026449
  0.0000001958
 -0.0000013077
 -0.0000026773
  0.0000012390
 -0.0000024128
  0.0000004849
 -0.0000026886
  0.0000046231
 -0.0000002536
 -0.0000010351
 -0.0000025623
 -0.0000032443
 -0.0000000724
  0.0000015393
  0.0000023675
  0.0000003394
 -0.0000000099
 -0.0000052406
  0.0000040333
 -0.0000022415
  0.0000017771
 -0.0000039908
 -0.0000011495
  0.0000024401
  0.0000035480
  0.0000082093
  0.0000028434
  0.0000010516
  0.0000021759
 -0.0000019586
  0.0000007141
  0.0000005633
  0.0000036666
 -0.0000000386
  0.0000014350
  0.0000008070
 -0.0000029357
 -0.0000035071
 -0.0000025253
 -0.0000026587
 -0.0000012000
 -0.0000019906
  0.0000002120
  0.0000010676
  0.0000020924
 -0.0000018006
  0.0000002001
 -0.0000011830
  0.0000003154
 -0.0000013776
 -0.0000014556
  0.0000020521
  0.0000073998
 -0.0000030876
 -0.0000003007
  0.0000005904
  0.0000010752
  0.0000008071
 -0.0000012751
  0.0000020444
 -0.0000022418
  0.0000003271
 -0.0000014796
  0.0000010388
 -0.0000003884
 -0.0000015534
 -0.0000030200
 -0.0000016680
 -0.0000028283
  0.0000023831
 -0.0000014798
 -0.0000014264
  0.0000029869
  0.0000010364
 -0.0000028531
 -0.0000014883
  0.0000036878
  0.0000054576
  0.0000026474
 -0.0000013914
 -0.0000016928
  0.0000037470
  0.0000020324
  0.0000034981
  0.0000037526
  0.0000014622
 -0.0000008079
  0.0000005803
 -0.0000034260
  0.0000041002
  0.0000105519
  0.0000009296
 -0.0000014127
  0.0000022529
 -0.0000023957
  0.0000009971
 -0.0000031171
 -0.0000039759
  0.0000007660
  0.0000017464
 -0.0000007949
 -0.0000000040
 -0.0000021712
  0.0000009653
  0.0000000264
  0.0000003891
 -0.0000023511
  0.0000011958
  0.0000018150
 -0.0000006820
 -0.0000072043
  0.0000003367
 -0.0000007065
 -0.0000017696
 -0.0000038362
 -0.0000001577
  0.0000000638
 -0.0000034701
 -0.0000051661
 -0.0000054121
 -0.0000025080
 -0.0000023045
 -0.0000051480
 -0.0000036280
 -0.0000017508
  0.0000052272
 -0.0000024362
  0.0000004008
  0.0000009151
 -0.0000007106
  0.0000017545
  0.0000033185
 -0.0000004564
 -0.0000004118
  0.0000034117
  0.0000003845
  0.0000029469
  0.0000002486
 -0.0000009711
  0.0000018558
  0.0000037151
 -0.0000027599
 -0.0000012139
 -0.0000026268
  0.0000011132
  0.0000012177
 -0.0000014441
 -0.0000002874
  0.0000025077
  0.0000024666
 -0.0000053214
  0.0000017524
 -0.0000008460
  0.0000004692
 -0.0000015484
  0.0000000581
  0.0000017572
  0.0000018022
  0.0000006264
  0.0000009532
  0.0000007183
  0.0000000149
  0.0000000026
  0.0000005894
 -0.0000002185
 -0.0000028338
 -0.0000027846
 -0.0000005869
  0.0000042250
 -0.0000019724
 -0.0000023555
 -0.0000009473
  0.0000009330
 -0.0000027268
 -0.0000025448
  0.0000003088
  0.0000005553
  0.0000028557
  0.0000034123
  0.0000085201
 -0.0000025412
 -0.0000012398
 -0.0000021465
 -0.0000024441
 -0.0000034582
  0.0000011266
 -0.0000032088
 -0.0000019858
  0.0000037394
  0.0000027614
  0.0000002677
 -0.0000014042
 -0.0000023439
  0.0000006078
 -0.0000012251
  0.0000025858
  0.0000017083
 -0.0000021007
  0.0000013133
 -0.0000039577
 -0.0000014623
 -0.0000067711
 -0.0000031065
  0.0000010715
  0.0000014371
  0.0000004471
 -0.0000000160
 -0.0000011204
  0.0000011370
  0.0000006059
  0.0000005443
  0.0000018343
  0.0000008285
 -0.0000012207
 -0.0000002643
  0.0000015001
  0.0000006388
  0.0000018984
  0.0000015514
  0.0000058929
  0.0000037684
  0.0000025603
  0.0000001983
  0.0000012224
  0.0000025924
 -0.0000035170
  0.0000013026
 -0.0000026092
  0.0000052566
  0.0000020645
  0.0000000870
  0.0000012456
  0.0000040837
 -0.0000024556
 -0.0000013674
 -0.0000002869
  0.0000022430
 -0.0000015118
 -0.0000015817
 -0.0000012182
  0.0000035938
  0.0000000299
  0.0000021235
  0.0000019385
 -0.0000028412
  0.0000010680
 -0.0000009687
 -0.0000001510
 -0.0000020288
  0.0000006162
  0.0000008787
 -0.0000012277
  0.0000005493
  0.0000008877
  0.0000008080
  0.0000005473
 -0.0000074666
  0.0000007043
  0.0000008764
  0.0000004896
 -0.0000017753
  0.0000013680
  0.0000006074
 -0.0000022045
 -0.0000047193
  0.0000022952
  0.0000030335
  0.0000013089
 -0.0000034979
  0.0000024321
 -0.0000009337
 -0.0000009319
 -0.0000051354
  0.0000016166
 -0.0000014310
 -0.0000035723
  0.0000039288
  0.0000044024
  0.0000022470
  0.0000064155
  0.0000044144
 -0.0000008337
 -0.0000021918
  0.0000018541
  0.0000017084
  0.0000011460
  0.0000003100
  0.0000046110
 -0.0000004074
  0.0000016775
  0.0000003476
  0.0000006967
  0.0000014842
 -0.0000001407
 -0.0000000441
  0.0000021110
 -0.0000035669
 -0.0000030900
  0.0000010089
  0.0000006711
 -0.0000032710
  0.0000018611
 -0.0000005033
 -0.0000015133
  0.0000001981
 -0.0000036470
 -0.0000028299
 -0.0000009269
 -0.0000004588
 -0.0000012042
  0.0000069675
 -0.0000050685
 -0.0000011179
 -0.0000027030
  0.0000013651
  0.0000001875
 -0.0000017422
  0.0000057605
  0.0000000768
 -0.0000048743
 -0.0000049582
  0.0000007182
 -0.0000042179
 -0.0000049285
  0.0000017342
 -0.0000039704
  0.0000083000
 -0.0000024717
 -0.0000023452
 -0.0000019417
 -0.0000017382
  0.0000075761
  0.0000002377
  0.0000030029
 -0.0000006241
  0.0000017297
  0.0000000466
  0.0000020068
  0.0000004453
 -0.0000029087
 -0.0000025949
 -0.0000013867
 -0.0000030261
 -0.0000022416
 -0.0000041712
  0.0000008048
  0.0000018892
 -0.0000009462
  0.0000004509
  0.0000019594
  0.0000020742
  0.0000007106
  0.0000015556
  0.0000002304
  0.0000028953
  0.0000007209
  0.0000023189
  0.0000028814
  0.0000016266
 -0.0000002443
  0.0000015378
  0.0000027254
  0.0000010032
  0.0000014185
  0.0000008922
 -0.0000061777
 -0.0000028371
 -0.0000059696
 -0.0000003190
 -0.0000025953
  0.0000015304
  0.0000008425
 -0.0000020090
  0.0000030525
  0.0000053419
 -0.0000027784
 -0.0000008677
  0.0000010334
 -0.0000001603
  0.0000035735
 -0.0000043399
 -0.0000013440
  0.0000018052
  0.0000021999
 -0.0000012424
 -0.0000016144
  0.0000003332
 -0.0000019142
  0.0000035112
  0.0000004714
  0.0000026391
  0.0000028359
  0.0000009933
  0.0000008388
 -0.0000007253
 -0.0000009753
 -0.0000003326
  0.0000014679
 -0.0000004851
  0.0000007120
  0.0000001677
 -0.0000011387
 -0.0000014861
  0.0000004735
 -0.0000006298
 -0.0000005632
  0.0000014070
 -0.0000044957
 -0.0000004492
 -0.0000034802
  0.0000043855
  0.0000015736
  0.0000019193
  0.0000037243
  0.0000010097
 -0.0000009302
  0.0000009802
 -0.0000022750
  0.0000013366
 -0.0000032405
 -0.0000005402
 -0.0000024099
  0.0000033061
  0.0000005307
 -0.0000015695
 -0.0000005095
  0.0000025348
 -0.0000024566
 -0.0000023012
  0.0000002292
 -0.0000033861
 -0.0000020986
 -0.0000050871
  0.0000069544
 -0.0000004574
 -0.0000020406
 -0.0000004646
 -0.0000009525
 -0.0000016386
  0.0000000331
 -0.0000002883
 -0.0000018160
 -0.0000009356
  0.0000042288
  0.0000022067
  0.0000001117
  0.0000044407
 -0.0000034170
  0.0000002965
 -0.0000015629
 -0.0000025713
 -0.0000003555
  0.0000000391
  0.0000007534
 -0.0000002015
  0.0000065384
 -0.0000025885
  0.0000004862
 -0.0000002612
  0.0000016065
 -0.0000008999
  0.0000002576
 -0.0000009863
  0.0000004598
  0.0000024765
 -0.0000016350
  0.0000011947
  0.0000038793
  0.0000010360
  0.0000043770
  0.0000019054
 -0.0000030857
  0.0000015146
 -0.0000023830
 -0.0000003537
  0.0000024961
  0.0000009350
  0.0000018181
  0.0000052437
  0.0000030569
 -0.0000008624
  0.0000016252
  0.0000013581
  0.0000006812
 -0.0000013961
  0.0000007867
  0.0000037822
 -0.0000003427
  0.0000012685
 -0.0000015976
 -0.0000005526
 -0.0000011683
 -0.0000032554
 -0.0000067799
 -0.0000026747
 -0.0000049665
 -0.0000004890
  0.0000008529
  0.0000014910
 -0.0000000637
  0.0000006577
  0.0000003118
 -0.0000005343
 -0.0000001461
 -0.0000003034
 -0.0000005532
 -0.0000010308
  0.0000009046
  0.0000022996
  0.0000006227
  0.0000001632
 -0.0000002757
  0.0000019161
  0.0000002850
  0.0000004155
  0.0000025547
 -0.0000025741
 -0.0000001978
 -0.0000020524
  0.0000019715
 -0.0000032288
  0.0000052295
  0.0000011913
  0.0000005484
 -0.0000026621
 -0.0000015591
 -0.0000005481
  0.0000009587
  0.0000028182
  0.0000076666
 -0.0000044768
 -0.0000032008
 -0.0000047233
 -0.0000016810
 -0.0000022158
  0.0000000433
 -0.0000016603
 -0.0000017462
 -0.0000033672
  0.0000028507
 -0.0000020649
 -0.0000019735
 -0.0000015525
  0.0000000881
 -0.0000006043
 -0.0000021279
  0.0000008965
  0.0000009881
  0.0000007434
 -0.0000026080
 -0.0000016734
 -0.0000024705
  0.0000013292
  0.0000001601
  0.0000001141
  0.0000027596
  0.0000007434
  0.0000007072
  0.0000003083
 -0.0000001637
 -0.0000092488
  0.0000025243
  0.0000009812
  0.0000006234
 -0.0000043962
  0.0000005960
  0.0000002866
 -0.0000019862
 -0.0000013993
 -0.0000003347
 -0.0000008592
 -0.0000003085
  0.0000013896
  0.0000034363
 -0.0000012577
 -0.0000001066
  0.0000017287
 -0.0000008305
 -0.0000014818
  0.0000020231
  0.0000038448
  0.0000024786
  0.0000014596
  0.0000009714
  0.0000060523
  0.0000058254
  0.0000105554
  0.0000034003
 -0.0000029438
  0.0000038942
  0.0000018822
  0.0000029110
 -0.0000009109
  0.0000020496
 -0.0000009750
  0.0000027286
  0.0000002092
  0.0000024886
 -0.0000013322
 -0.0000023489
 -0.0000025626
 -0.0000011690
 -0.0000035432
 -0.0000037078
  0.0000006199
  0.0000036008
 -0.0000081869
 -0.0000047390
 -0.0000024609
 -0.0000008266
 -0.0000013161
 -0.0000015841
  0.0000010524
 -0.0000005883
  0.0000017955
 -0.0000090387
 -0.0000016021
 -0.0000030092
 -0.0000007180
 -0.0000058399
 -0.0000009398
 -0.0000030414
 -0.0000026029
  0.0000010794
  0.0000042124
  0.0000042203
  0.0000026304
 -0.0000032499
  0.0000030009
 -0.0000008065
  0.0000002469
 -0.0000020367
  0.0000026954
  0.0000023162
  0.0000005339
  0.0000020418
  0.0000014140
  0.0000089501
 -0.0000025849
  0.0000039557
 -0.0000009319
 -0.0000002630
 -0.0000025472
 -0.0000016632
 -0.0000029516
  0.0000006265
  0.0000036034
  0.0000007881
  0.0000022054
 -0.0000044594
 -0.0000029449
  0.0000038367
  0.0000046423
 -0.0000020344
 -0.0000003063
  0.0000025058
  0.0000007052
  0.0000037939
  0.0000004105
 -0.0000003055
  0.0000011562
 -0.0000024876
 -0.0000005224
  0.0000013364
  0.0000024859
  0.0000002495
  0.0000015376
 -0.0000007570
 -0.0000007854
 -0.0000004618
  0.0000009796
  0.0000004498
 -0.0000026144
  0.0000012533
 -0.0000001813
  0.0000022899
 -0.0000013619
 -0.0000015981
  0.0000053884
  0.0000015063
  0.0000043311
 -0.0000032979
  0.0000022730
 -0.0000009880
 -0.0000013916
  0.0000044023
  0.0000033133
  0.0000084154
 -0.0000011879
  0.0000008387
 -0.0000017782
 -0.0000006486
 -0.0000040081
  0.0000039784
 -0.0000028258
  0.0000018207
 -0.0000007382
  0.0000009693
 -0.0000030024
  0.0000030884
 -0.0000003804
 -0.0000022705
 -0.0000000535
 -0.0000029380
  0.0000010762
  0.0000040812
 -0.0000036904
  0.0000016907
  0.0000019566
  0.0000004641
  0.0000031873
  0.0000012807
  0.0000019849
  0.0000037112
  0.0000021219
  0.0000009202
  0.0000016372
  0.0000021547
 -0.0000063570
  0.0000030863
  0.0000003373
  0.0000021495
 -0.0000074384
  0.0000012820
  0.0000009278
 -0.0000018262
 -0.0000028865
 -0.0000040278
  0.0000010636
  0.0000008104
 -0.0000004730
 -0.0000018328
 -0.0000002011
 -0.0000021698
  0.0000007605
 -0.0000007606
 -0.0000006759
  0.0000032423
  0.0000015708
  0.0000023985
  0.0000035789
  0.0000022397
  0.0000060099
  0.0000034372
  0.0000030018
  0.0000020122
 -0.0000022444
  0.0000010783
  0.0000036227
 -0.0000004781
  0.0000024372
  0.0000009446
  0.0000021482
  0.0000008209
 -0.0000030648
 -0.0000027409
 -0.0000021237
 -0.0000016141
 -0.0000007042
  0.0000017035
  0.0000008815
  0.0000026226
 -0.0000046992
  0.0000010899
  0.0000033935
 -0.0000017068
 -0.0000012132
  0.0000016387
  0.0000004639
 -0.0000018180
 -0.0000014293
  0.0000018620
  0.0000037750
  0.0000000531
 -0.0000003282
  0.0000005206
 -0.0000023488
 -0.0000008276
 -0.0000014168
 -0.0000034587
 -0.0000006676
 -0.0000017305
 -0.0000004559
 -0.0000001247
  0.0000038419
 -0.0000025609
  0.0000011683
  0.0000000150
 -0.0000001468
  0.0000027630
 -0.0000001964
 -0.0000024330
 -0.0000012009
  0.0000029892
  0.0000062370
  0.0000037126
  0.0000027519
  0.0000018150
  0.0000030483
  0.0000044472
  0.0000006391
  0.0000005713
 -0.0000037193
  0.0000032239
  0.0000029735
  0.0000018539
 -0.0000006819
 -0.0000002590
  0.0000027623
 -0.0000030676
 -0.0000043861
 -0.0000049179
  0.0000003066
  0.0000013186
  0.0000003961
  0.0000004683
 -0.0000000494
  0.0000013991
  0.0000006166
  0.0000009533
  0.0000005643
  0.0000007094
  0.0000060152
 -0.0000013617
  0.0000004009
  0.0000007022
  0.0000022821
 -0.0000006099
  0.0000005181
 -0.0000012718
  0.0000008163
 -0.0000000182
 -0.0000003316
 -0.0000004639
  0.0000007416
 -0.0000001871
 -0.0000016922
 -0.0000009928
 -0.0000011502
 -0.0000025284
  0.0000011640
 -0.0000010146
 -0.0000004110
  0.0000056761
  0.0000031554
  0.0000030030
  0.0000013741
  0.0000062638
  0.0000033485
  0.0000040451
  0.0000009395
 -0.0000024474
  0.0000026460
  0.0000026219
  0.0000019185
 -0.0000000718
  0.0000051421
 -0.0000012793
  0.0000013958
  0.0000009330
  0.0000037761
  0.0000003880
  0.0000010015
 -0.0000002658
 -0.0000007315
 -0.0000014551
 -0.0000017183
 -0.0000041791
  0.0000005085
  0.0000020478
 -0.0000019550
 -0.0000013213
 -0.0000006383
  0.0000003895
 -0.0000023494
 -0.0000000713
 -0.0000010408
 -0.0000026525
 -0.0000092199
  0.0000003958
  0.0000002219
 -0.0000023637
 -0.0000012575
 -0.0000018631
 -0.0000013101
  0.0000016798
 -0.0000022975
 -0.0000008080
 -0.0000022243
  0.0000005271
 -0.0000001826
  0.0000002327
 -0.0000020793
 -0.0000022726
 -0.0000025015
  0.0000008185
 -0.0000011151
 -0.0000013568
  0.0000037018
  0.0000012817
 -0.0000006506
 -0.0000007814
  0.0000053760
  0.0000075352
  0.0000067726
  0.0000046233
 -0.0000004906
 -0.0000036291
  0.0000035632
  0.0000008313
  0.0000027787
  0.0000006519
  0.0000004339
 -0.0000026229
  0.0000020064
  0.0000042902
  0.0000037430
  0.0000008060
 -0.0000024925
 -0.0000009622
 -0.0000003583
 -0.0000011338
 -0.0000048676
 -0.0000044392
 -0.0000011073
  0.0000035792
  0.0000043862
  0.0000001422
  0.0000013639
 -0.0000007662
  0.0000005137
 -0.0000018168
 -0.0000007549
  0.0000015687
  0.0000017595
 -0.0000000237
  0.0000005360
  0.0000003677
 -0.0000009713
 -0.0000005526
  0.0000002523
 -0.0000001358
 -0.0000027709
 -0.0000043378
 -0.0000033921
 -0.0000033075
 -0.0000000746
 -0.0000010527
 -0.0000024579
 -0.0000009842
 -0.0000003812
 -0.0000028388
 -0.0000040753
  0.0000056375
  0.0000068364
 -0.0000045940
  0.0000010570
 -0.0000025857
 -0.0000003260
 -0.0000039966
  0.0000019104
 -0.0000034147
 -0.0000026427
 -0.0000038465
 -0.0000003405
  0.0000007428
 -0.0000006166
 -0.0000015786
  0.0000004415
 -0.0000036599
  0.0000000648
 -0.0000031157
 -0.0000000997
 -0.0000025336
 -0.0000004665
 -0.0000016894
 -0.0000002625
 -0.0000017476
 -0.0000004739
  0.0000006196
 -0.0000015872
 -0.0000021264
 -0.0000025274
  0.0000018945
 -0.0000012587
 -0.0000012763
  0.0000001792
  0.0000011558
 -0.0000012866
 -0.0000006720
  0.0000038085
  0.0000031672
 -0.0000006338
 -0.0000024593
  0.0000010352
 -0.0000020820
 -0.0000016000
 -0.0000039788
 -0.0000020593
  0.0000001254
  0.0000012788
  0.0000021824
  0.0000067496
 -0.0000015997
 -0.0000015306
 -0.0000007835
 -0.0000031099
 -0.0000020575
 -0.0000037877
  0.0000032941
 -0.0000036720
 -0.0000022705
 -0.0000002165
  0.0000068191
  0.0000023661
  0.0000000768
 -0.0000024302
 -0.0000017333
 -0.0000009704
  0.0000000560
  0.0000046834
  0.0000000488
 -0.0000001219
  0.0000013172
  0.0000056050
 -0.0000021649
 -0.0000006903
  0.0000008153
 -0.0000017644
  0.0000015377
 -0.0000010301
 -0.0000000201
  0.0000004771
  0.0000009710
 -0.0000020380
  0.0000022030
  0.0000018952
  0.0000027797
  0.0000006658
  0.0000007464
 -0.0000056042
 -0.0000014452
 -0.0000050037
  0.0000045386
 -0.0000018275
  0.0000002456
  0.0000003817
  0.0000013193
  0.0000007869
 -0.0000039060
 -0.0000000670
 -0.0000018452
  0.0000031377
  0.0000003005
  0.0000004936
  0.0000034375
  0.0000037266
  0.0000024362
  0.0000000597
 -0.0000001609
  0.0000035579
 -0.0000011873
  0.0000033727
  0.0000000300
 -0.0000022825
  0.0000000757
 -0.0000026456
  0.0000006226
  0.0000009506
  0.0000022392
  0.0000040187
  0.0000002068
 -0.0000012813
  0.0000048491
 -0.0000059419
 -0.0000018189
  0.0000001378
  0.0000022107
  0.0000067536
  0.0000043301
 -0.0000009998
 -0.0000010381
 -0.0000014962
  0.0000006271
  0.0000001118
 -0.0000000131
  0.0000005552
  0.0000005960
  0.0000009756
  0.0000005374
 -0.0000033316
 -0.0000014776
  0.0000005573
  0.0000005674
 -0.0000042631
  0.0000006873
  0.0000007684
 -0.0000031710
 -0.0000025938
  0.0000051973
  0.0000004627
 -0.0000008731
 -0.0000007527
  0.0000060274
 -0.0000030314
 -0.0000009433
 -0.0000027472
  0.0000033523
  0.0000073550
  0.0000059887
  0.0000005828
  0.0000040704
  0.0000037268
  0.0000017701
  0.0000074658
  0.0000103502
 -0.0000015821
  0.0000072000
  0.0000014553
 -0.0000008719
  0.0000030382
  0.0000010064
  0.0000021817
  0.0000008618
 -0.0000042593
  0.0000117575
  0.0000116524
  0.0000000938
  0.0000033162
 -0.0000020475
  0.0000046982
 -0.0000022475
  0.0000045071
  0.0000008392
  0.0000013991
 -0.0000062115
  0.0000038481
  0.0000048193
 -0.0000063698
 -0.0000043822
  0.0000019276
  0.0000002843
  0.0000155483
  0.0000006971
 -0.0000007011
 -0.0000015022
 -0.0000017474
 -0.0000001331
 -0.0000023913
 -0.0000032015
 -0.0000018830
 -0.0000025941
  0.0000013196
 -0.0000003205
 -0.0000034993
 -0.0000004268
  0.0000011122
 -0.0000015191
 -0.0000019915
 -0.0000002117
  0.0000001432
  0.0000002235
 -0.0000013766
  0.0000004727
  0.0000004099
 -0.0000001367
 -0.0000037939
 -0.0000027853
 -0.0000015471
  0.0000003104
  0.0000018819
 -0.0000055815
 -0.0000026214
 -0.0000009758
 -0.0000057532
  0.0000021282
 -0.0000028630
 -0.0000025783
  0.0000009823
  0.0000029446
  0.0000006623
 -0.0000011344
 -0.0000026884
 -0.0000021908
 -0.0000032981
  0.0000002306
 -0.0000054297
 -0.0000002657
 -0.0000026706
  0.0000012445
  0.0000002202
 -0.0000020464
  0.0000060724
  0.0000052453
  0.0000058947
  0.0000063457
  0.0000031782
  0.0000035832
  0.0000052279
  0.0000036465
  0.0000067561
  0.0000051928
  0.0000051637
  0.0000036486
  0.0000064131
  0.0000061354
  0.0000044189
 -0.0000026965
 -0.0000021820
  0.0000003314
 -0.0000016323
  0.0000014922
 -0.0000005729
 -0.0000001515
  0.0000008158
  0.0000020222
  0.0000021543
  0.0000007281
  0.0000027502
  0.0000087014
  0.0000065160
  0.0000066858
  0.0000306251
  0.0000096454
  0.0000085837
  0.0000080022
  0.0000031780
  0.0000032441
  0.0000081033
  0.0000016495
  0.0000084024
  0.0000011143
  0.0000043285
  0.0000267437
  0.0000161257
  0.0000047517
  0.0000053643
  0.0000021804
  0.0000077138
 -0.0000012188
  0.0000071965
  0.0000035680
  0.0000062753
  0.0000025116
  0.0000049883
  0.0000053132
 -0.0000016345
  0.0000043073
  0.0000102660
  0.0000001477
  0.0000153912
  0.0000058712
  0.0000003890
  0.0000010402
 -0.0000000036
 -0.0000016021
  0.0000009432
 -0.0000004645
 -0.0000003618
  0.0000001242
  0.0000017000
 -0.0000012350
  0.0000011719
  0.0000010296
  0.0000022332
 -0.0000002059
  0.0000019383
  0.0000003590
 -0.0000005111
  0.0000004614
 -0.0000006859
 -0.0000006620
 -0.0000027006
  0.0000019938
 -0.0000010993
 -0.0000018463
 -0.0000029853
 -0.0000024212
  0.0000004419
  0.0000011595
  0.0000007371
  0.0000039398
  0.0000089991
 -0.0000016105
  0.0000002591
  0.0000025682
  0.0000033417
  0.0000030023
 -0.0000034789
 -0.0000006760
 -0.0000039767
  0.0000037979
  0.0000023132
 -0.0000002964
  0.0000012620
 -0.0000008501
 -0.0000003012
  0.0000006707
  0.0000028445
 -0.0000030800
 -0.0000008220
  0.0000013590
  0.0000036878
 -0.0000012601
 -0.0000006651
  0.0000043106
  0.0000013134
 -0.0000009128
 -0.0000010082
  0.0000027326
  0.0000027364
  0.0000045507
  0.0000014640
  0.0000013994
 -0.0000027414
 -0.0000006917
 -0.0000004555
 -0.0000028913
  0.0000005703
 -0.0000007581
  0.0000012789
  0.0000005062
  0.0000013662
 -0.0000017118
 -0.0000024124
 -0.0000009740
 -0.0000032942
 -0.0000013286
  0.0000005796
 -0.0000032091
  0.0000070552
  0.0000065123
  0.0000026699
  0.0000028837
  0.0000048395
  0.0000011017
  0.0000018024
 -0.0000007384
 -0.0000001406
 -0.0000012865
  0.0000015624
  0.0000030776
 -0.0000020019
 -0.0000011745
 -0.0000052234
 -0.0000043803
 -0.0000007339
  0.0000012826
 -0.0000024879
 -0.0000004814
  0.0000015278
 -0.0000015105
  0.0000008298
  0.0000039493
  0.0000011030
  0.0000035808
  0.0000021813
 -0.0000018776
 -0.0000006672
  0.0000015231
  0.0000036185
  0.0000014797
 -0.0000004947
 -0.0000004934
  0.0000048096
  0.0000022452
  0.0000008252
 -0.0000019903
 -0.0000016899
  0.0000000220
 -0.0000064399
 -0.0000017334
  0.0000019545
  0.0000033336
  0.0000049758
 -0.0000000134
 -0.0000007946
  0.0000010932
  0.0000053403
 -0.0000008307
  0.0000002778
  0.0000033005
  0.0000004210
  0.0000040010
  0.0000015842
  0.0000012526
  0.0000007849
  0.0000009289
 -0.0000011550
 -0.0000001682
  0.0000047877
 -0.0000002132
  0.0000004857
  0.0000048862
  0.0000039551
  0.0000008819
 -0.0000020377
  0.0000025953
 -0.0000017355
 -0.0000009479
  0.0000029497
  0.0000017510
  0.0000010047
 -0.0000002430
  0.0000000990
  0.0000013219
 -0.0000013969
 -0.0000038068
 -0.0000025439
 -0.0000027114
  0.0000023472
 -0.0000028065
  0.0000074697
 -0.0000024676
 -0.0000035524
  0.0000020170
  0.0000014537
 -0.0000015796
  0.0000015547
 -0.0000023777
 -0.0000010975
  0.0000027256
 -0.0000049789
  0.0000001380
 -0.0000032967
 -0.0000015986
  0.0000017442
 -0.0000042940
 -0.0000010391
 -0.0000062810
  0.0000011086
 -0.0000017985
 -0.0000011377
  0.0000092634
 -0.0000034203
  0.0000004934
  0.0000019807
 -0.0000053606
 -0.0000027227
 -0.0000000631
 -0.0000000944
 -0.0000002482
 -0.0000010227
  0.0000024423
  0.0000025547
 -0.0000018157
 -0.0000016807
  0.0000038057
 -0.0000016057
  0.0000015280
  0.0000011951
 -0.0000013083
  0.0000008178
  0.0000002153
 -0.0000031031
  0.0000000028
 -0.0000042553
 -0.0000012819
 -0.0000033217
  0.0000006798
 -0.0000020752
  0.0000034215
 -0.0000019991
 -0.0000022351
  0.0000015671
  0.0000021086
 -0.0000007100
 -0.0000002509
 -0.0000031773
 -0.0000002029
  0.0000012524
 -0.0000031942
  0.0000042261
 -0.0000006424
  0.0000012371
  0.0000013655
 -0.0000020491
 -0.0000021743
 -0.0000068214
 -0.0000003360
 -0.0000036271
  0.0000012228
  0.0000104427
 -0.0000023136
  0.0000005386
  0.0000009807
 -0.0000048974
 -0.0000009601
 -0.0000020665
 -0.0000013986
 -0.0000000084
  0.0000013507
 -0.0000001544
  0.0000015358
  0.0000025656
 -0.0000016789
 -0.0000024007
  0.0000044242
  0.0000002233
  0.0000001458
  0.0000021905
 -0.0000016286
 -0.0000010220
 -0.0000006506
  0.0000018373
 -0.0000041845
 -0.0000021128
 -0.0000033694
  0.0000012685
 -0.0000032082
  0.0000093272
 -0.0000031957
 -0.0000018789
 -0.0000004152
  0.0000016803
 -0.0000010099
  0.0000006483
 -0.0000023893
 -0.0000007579
  0.0000009544
 -0.0000041888
  0.0000015785
 -0.0000004356
 -0.0000004373
  0.0000018110
 -0.0000046475
 -0.0000021958
 -0.0000065342
  0.0000005518
 -0.0000019450
 -0.0000001027
  0.0000091259
 -0.0000040655
  0.0000008859
  0.0000021300
 -0.0000045712
 -0.0000010592
  0.0000003854
 -0.0000012375
  0.0000012824
  0.0000001092
  0.0000010795
  0.0000032068
  0.0000048020
  0.0000008066
  0.0000043583
 -0.0000002358
  0.0000018562
  0.0000007534
 -0.0000008877
 -0.0000016284
 -0.0000006304
 -0.0000003000
 -0.0000028819
 -0.0000039004
 -0.0000051281
 -0.0000025411
  0.0000006324
 -0.0000034561
  0.0000090071
 -0.0000020439
 -0.0000028310
  0.0000001233
  0.0000018263
 -0.0000017802
  0.0000010371
 -0.0000024489
 -0.0000015889
  0.0000036031
 -0.0000044948
  0.0000000609
 -0.0000023336
 -0.0000003566
  0.0000026885
 -0.0000043151
 -0.0000011595
 -0.0000065159
 -0.0000000086
 -0.0000018099
 -0.0000012146
  0.0000093184
 -0.0000036144
  0.0000035252
 -0.0000009529
 -0.0000042157
 -0.0000018378
 -0.0000018224
  0.0000007108
  0.0000004161
 -0.0000005844
  0.0000003070
  0.0000045700
 -0.0000023140
 -0.0000007583
  0.0000030402
  0.0000001041
  0.0000005065
  0.0000014962
  0.0000015792
  0.0000006999
 -0.0000009030
 -0.0000009034
  0.0000025253
 -0.0000021684
 -0.0000038952
 -0.0000030156
  0.0000002027
  0.0000043629
  0.0000026560
 -0.0000042550
 -0.0000038585
  0.0000009330
 -0.0000000247
  0.0000000951
 -0.0000006964
 -0.0000004517
  0.0000004786
  0.0000025684
 -0.0000029934
  0.0000000134
 -0.0000005282
 -0.0000005005
  0.0000011708
 -0.0000037396
 -0.0000015851
 -0.0000075253
 -0.0000007756
 -0.0000046055
 -0.0000005256
  0.0000080836
 -0.0000004348
 -0.0000013335
 -0.0000007808
 -0.0000023515
 -0.0000007172
 -0.0000060086
 -0.0000021190
 -0.0000030103
  0.0000029904
  0.0000001420
  0.0000028180
 -0.0000002702
 -0.0000008658
  0.0000007641
 -0.0000000746
  0.0000002154
 -0.0000007468
  0.0000020254
  0.0000006014
 -0.0000014911
  0.0000018996
 -0.0000027669
 -0.0000077758
 -0.0000019063
 -0.0000041190
 -0.0000004565
 -0.0000054054
  0.0000031544
 -0.0000046779
 -0.0000036926
 -0.0000013677
 -0.0000005453
  0.0000014246
 -0.0000003598
 -0.0000009321
 -0.0000000876
  0.0000030028
 -0.0000033863
  0.0000052873
 -0.0000001635
  0.0000002744
  0.0000015456
 -0.0000068277
 -0.0000024515
 -0.0000159777
 -0.0000009240
 -0.0000055754
 -0.0000005196
  0.0000228075
 -0.0000062337
 -0.0000009490
  0.0000019086
 -0.0000048350
 -0.0000007742
 -0.0000022592
 -0.0000034680
  0.0000004363
  0.0000004971
  0.0000009064
  0.0000046780
 -0.0000003962
 -0.0000013914
  0.0000045820
 -0.0000011429
  0.0000031704
 -0.0000011143
 -0.0000006725
 -0.0000010724
 -0.0000013980
  0.0000011118
 -0.0000015543
 -0.0000045245
 -0.0000015486
 -0.0000030738
  0.0000009331
 -0.0000021239
  0.0000041915
 -0.0000031539
 -0.0000031467
 -0.0000001134
  0.0000019921
 -0.0000011029
  0.0000004150
 -0.0000027054
  0.0000000394
  0.0000014502
 -0.0000007397
  0.0000044522
 -0.0000004905
  0.0000004766
  0.0000012219
 -0.0000039539
 -0.0000004513
 -0.0000080561
 -0.0000000779
 -0.0000033679
 -0.0000002581
  0.0000104075
 -0.0000032006
  0.0000001693
  0.0000019371
 -0.0000026704
 -0.0000009985
 -0.0000013384
 -0.0000011675
 -0.0000014611
  0.0000025361
  0.0000005755
  0.0000031276
 -0.0000030435
 -0.0000003772
 -0.0000015877
 -0.0000002761
  0.0000001062
 -0.0000001039
  0.0000006603
  0.0000017115
 -0.0000003723
  0.0000017390
 -0.0000031175
 -0.0000056965
 -0.0000039793
 -0.0000029769
  0.0000000990
 -0.0000033634
  0.0000041081
 -0.0000034605
 -0.0000031774
  0.0000008125
  0.0000010569
 -0.0000025980
  0.0000003800
 -0.0000001475
  0.0000004496
  0.0000013279
 -0.0000000976
  0.0000002480
 -0.0000004446
  0.0000001111
  0.0000015659
 -0.0000017341
 -0.0000014583
 -0.0000067394
 -0.0000007994
 -0.0000046835
  0.0000002857
  0.0000125529
 -0.0000036687
 -0.0000002809
  0.0000005767
 -0.0000037264
 -0.0000006393
 -0.0000015776
 -0.0000018861
  0.0000006588
  0.0000011053
 -0.0000016441
 -0.0000027283
  0.0000024529
  0.0000010763
  0.0000017630
 -0.0000008380
  0.0000014077
  0.0000036196
  0.0000010626
 -0.0000007744
  0.0000003807
 -0.0000004004
 -0.0000032695
 -0.0000195763
  0.0000030767
 -0.0000087647
  0.0000021724
 -0.0000015275
  0.0000286550
 -0.0000004161
 -0.0000031848
  0.0000017402
  0.0000023072
 -0.0000003925
  0.0000036988
 -0.0000069420
 -0.0000010912
 -0.0000017067
 -0.0000002172
 -0.0000053093
  0.0000022739
  0.0000033624
  0.0000024411
 -0.0000088348
 -0.0000021115
 -0.0000217145
  0.0000052308
 -0.0000044554
  0.0000013639
  0.0000096279
 -0.0000097932
 -0.0000014437
  0.0000059686
 -0.0000104628
  0.0000084640
 -0.0000020808
  0.0000000787
  0.0000000878
  0.0000001179
  0.0000029684
  0.0000040103
  0.0000003677
 -0.0000036271
  0.0000023609
 -0.0000010611
  0.0000006790
  0.0000036023
  0.0000015556
  0.0000002959
 -0.0000012415
 -0.0000008419
 -0.0000027716
 -0.0000059269
 -0.0000064883
 -0.0000030532
 -0.0000001358
 -0.0000037323
  0.0000124820
 -0.0000023733
 -0.0000037790
  0.0000005180
  0.0000005932
 -0.0000029845
  0.0000013808
 -0.0000041771
 -0.0000028158
  0.0000026316
 -0.0000011099
  0.0000010360
 -0.0000022505
 -0.0000007034
  0.0000025247
 -0.0000024371
 -0.0000007107
 -0.0000069839
  0.0000009051
 -0.0000017838
 -0.0000012904
  0.0000088831
 -0.0000023596
  0.0000003786
 -0.0000024001
 -0.0000086663
 -0.0000019181
 -0.0000019118
  0.0000001632
 -0.0000005423
  0.0000032767
  0.0000006658
  0.0000031144
 -0.0000045473
 -0.0000012342
  0.0000035932
  0.0000004317
  0.0000001199
  0.0000000541
  0.0000019374
 -0.0000001203
 -0.0000013497
  0.0000018913
 -0.0000025334
 -0.0000050337
 -0.0000005091
 -0.0000030291
  0.0000019744
 -0.0000035308
  0.0000117465
 -0.0000043963
 -0.0000033926
  0.0000012658
  0.0000021284
 -0.0000005431
  0.0000002835
 -0.0000016510
  0.0000000867
  0.0000025974
  0.0000019229
  0.0000003115
 -0.0000005463
  0.0000015790
  0.0000014507
 -0.0000034303
 -0.0000024010
 -0.0000081034
 -0.0000001441
 -0.0000035548
 -0.0000010954
  0.0000092253
 -0.0000035968
 -0.0000008585
  0.0000007933
 -0.0000052060
 -0.0000007342
 -0.0000030130
 -0.0000010890
 -0.0000003801
  0.0000022158
 -0.0000006153
  0.0000014560
  0.0000031604
 -0.0000051181
 -0.0000011701
  0.0000025755
  0.0000019111
  0.0000001170
  0.0000008768
  0.0000008072
 -0.0000005580
  0.0000030729
 -0.0000025242
 -0.0000053803
 -0.0000039251
 -0.0000027696
  0.0000001160
 -0.0000021119
  0.0000041674
 -0.0000038327
 -0.0000033023
  0.0000011393
  0.0000018661
 -0.0000033996
 -0.0000006598
 -0.0000001814
  0.0000005855
  0.0000024309
 -0.0000001337
  0.0000000494
 -0.0000004972
 -0.0000004681
  0.0000009951
 -0.0000015385
 -0.0000024396
 -0.0000064930
 -0.0000007555
 -0.0000045303
  0.0000000878
  0.0000122954
 -0.0000034608
 -0.0000006130
 -0.0000007831
 -0.0000023975
 -0.0000006018
 -0.0000025817
 -0.0000013261
 -0.0000001285
  0.0000004836
 -0.0000016100
 -0.0000034221
  0.0000020681
  0.0000005181
  0.0000013689
 -0.0000009288
  0.0000015307
  0.0000033011
  0.0000001061
 -0.0000002024
 -0.0000006850
  0.0000000230
 -0.0000025574
  0.0000017211
 -0.0000095421
 -0.0000017985
 -0.0000102229
 -0.0000026604
 -0.0000044013
  0.0000151886
 -0.0000004666
 -0.0000037498
  0.0000013971
  0.0000009115
 -0.0000026625
  0.0000031883
 -0.0000030749
 -0.0000055014
 -0.0000019400
 -0.0000013655
  0.0000026669
 -0.0000001226
  0.0000027683
  0.0000049933
 -0.0000008333
 -0.0000023657
 -0.0000090464
  0.0000044052
 -0.0000040949
  0.0000007614
  0.0000076988
 -0.0000020948
 -0.0000017139
  0.0000007400
 -0.0000093774
  0.0000051329
 -0.0000016320
  0.0000005831
  0.0000014275
  0.0000020094
 -0.0000007594
 -0.0000004364
  0.0000026081
 -0.0000028780
 -0.0000011256
  0.0000028654
  0.0000006104
  0.0000002654
  0.0000022948
 -0.0000015776
 -0.0000007676
  0.0000000422
 -0.0000032275
 -0.0000037783
 -0.0000017784
 -0.0000039606
  0.0000016891
 -0.0000013243
  0.0000070124
 -0.0000030614
 -0.0000026756
 -0.0000003119
  0.0000016077
 -0.0000015795
  0.0000005405
 -0.0000025289
  0.0000000470
  0.0000012642
 -0.0000060555
  0.0000000432
 -0.0000009517
 -0.0000005781
  0.0000011633
 -0.0000045596
 -0.0000014642
 -0.0000064049
  0.0000006802
 -0.0000020371
  0.0000001797
  0.0000088414
 -0.0000035288
  0.0000003357
  0.0000021808
 -0.0000064472
 -0.0000012265
 -0.0000006211
 -0.0000023443
  0.0000019728
  0.0000014654
  0.0000006207
  0.0000015527
  0.0000036676
 -0.0000035434
 -0.0000014911
  0.0000009604
  0.0000002000
  0.0000000248
  0.0000025641
 -0.0000010523
  0.0000000093
 -0.0000003617
  0.0000003698
 -0.0000051034
 -0.0000012485
 -0.0000032522
  0.0000008703
  0.0000004406
  0.0000062356
 -0.0000014837
 -0.0000043996
  0.0000019756
  0.0000015744
 -0.0000008810
 -0.0000000293
 -0.0000021791
 -0.0000001359
  0.0000007204
 -0.0000004416
  0.0000018702
 -0.0000006624
  0.0000018036
  0.0000016066
 -0.0000028490
 -0.0000006091
 -0.0000078844
 -0.0000002493
 -0.0000035895
  0.0000014200
  0.0000108484
 -0.0000022521
 -0.0000015065
  0.0000007508
 -0.0000049871
 -0.0000007787
 -0.0000026005
 -0.0000013091
  0.0000032009
  0.0000047773
  0.0000040974
  0.0000062731
  0.0000027293
  0.0000036855
  0.0000018620
  0.0000026688
 -0.0000037311
  0.0000004451
  0.0000069753
  0.0000091140
 -0.0000022165
  0.0000007548
  0.0000012360
  0.0000006785
  0.0000021424
  0.0000026026
  0.0000048588
 -0.0000048198
  0.0000001768
 -0.0000036458
 -0.0000014308
  0.0000026011
 -0.0000001859
 -0.0000000995
  0.0000062413
 -0.0000008765
  0.0000100496
  0.0000032424
 -0.0000009742
  0.0000010500
  0.0000000248
 -0.0000003012
 -0.0000015901
  0.0000078316
  0.0000009133
 -0.0000013173
  0.0000012037
 -0.0000014144
  0.0000101488
  0.0000038395
  0.0000021219
 -0.0000052815
  0.0000039782
 -0.0000024107
  0.0000019553
 -0.0000002175
 -0.0000011128
  0.0000011024
 -0.0000062295
  0.0000088672
  0.0000022886
 -0.0000007360
 -0.0000065716
  0.0000067478
 -0.0000004371
  0.0000022982
  0.0000000064
  0.0000073178
 -0.0000016058
  0.0000028002
  0.0000059077
  0.0000012014
  0.0000014274
 -0.0000022021
 -0.0000022992
  0.0000045336
 -0.0000024156
  0.0000005785
  0.0000034248
 -0.0000002298
 -0.0000021506
  0.0000050325
  0.0000056643
 -0.0000037051
 -0.0000003403
 -0.0000041635
  0.0000096601
  0.0000018665
  0.0000005927
 -0.0000071458
  0.0000021867
 -0.0000019940
 -0.0000000675
  0.0000030993
  0.0000042385
 -0.0000009791
 -0.0000053635
  0.0000040787
  0.0000044915
 -0.0000033473
 -0.0000088686
 -0.0000023198
  0.0000038046
  0.0000013178
 -0.0000036319
 -0.0000024421
  0.0000099045
  0.0000046304
  0.0000007399
  0.0000047117
  0.0000001588
  0.0000004872
 -0.0000002295
 -0.0000026383
  0.0000052434
 -0.0000053562
  0.0000004375
 -0.0000018590
  0.0000036543
  0.0000012049
  0.0000029980
  0.0000042299
 -0.0000073708
 -0.0000137320
 -0.0000003294
 -0.0000014539
  0.0000009361
  0.0000022674
 -0.0000017062
 -0.0000065336
 -0.0000052094
  0.0000014213
  0.0000006126
 -0.0000022020
 -0.0000000871
 -0.0000047724
 -0.0000024794
 -0.0000021324
  0.0000061135
  0.0000023857
 -0.0000006354
 -0.0000001376
  0.0000013350
  0.0000099914
  0.0000040137
  0.0000002547
  0.0000009373
  0.0000046771
  0.0000028284
  0.0000029219
 -0.0000031950
 -0.0000047812
 -0.0000010846
  0.0000045465
  0.0000008859
 -0.0000077660
 -0.0000048612
  0.0000058633
  0.0000018583
  0.0000005932
  0.0000042904
 -0.0000027853
 -0.0000068966
 -0.0000002510
 -0.0000050889
  0.0000005997
 -0.0000005797
  0.0000080786
 -0.0000040487
 -0.0000034491
  0.0000026887
 -0.0000028034
 -0.0000048723
 -0.0000005947
 -0.0000018821
 -0.0000030669
  0.0000023582
  0.0000033243
  0.0000026278
  0.0000033479
  0.0000030641
 -0.0000030094
  0.0000062126
  0.0000096262
 -0.0000054590
  0.0000019800
 -0.0000016463
  0.0000010332
 -0.0000034781
  0.0000035778
  0.0000017130
 -0.0000038150
  0.0000016152
 -0.0000035736
 -0.0000015576
  0.0000009187
  0.0000031991
  0.0000006362
  0.0000020546
 -0.0000007755
  0.0000052408
 -0.0000021363
 -0.0000023712
  0.0000034526
 -0.0000000471
  0.0000012504
 -0.0000044417
  0.0000050121
  0.0000038522
 -0.0000027310
 -0.0000013707
 -0.0000035366
  0.0000014622
  0.0000011169
 -0.0000058774
  0.0000010240
  0.0000061692
 -0.0000019006
 -0.0000032145
  0.0000056633
  0.0000034513
 -0.0000045752
  0.0000008908
 -0.0000026289
 -0.0000013042
 -0.0000027603
  0.0000052886
  0.0000006041
  0.0000058293
 -0.0000060204
  0.0000035919
  0.0000005720
 -0.0000032712
 -0.0000024155
 -0.0000002769
  0.0000018788
 -0.0000017370
 -0.0000016004
 -0.0000017859
  0.0000003656
  0.0000005214
 -0.0000038182
  0.0000026590
  0.0000027646
 -0.0000036164
  0.0000023512
 -0.0000010532
 -0.0000000258
 -0.0000053095
  0.0000018813
 -0.0000064413
  0.0000028135
  0.0000057392
 -0.0000037346
  0.0000011420
 -0.0000080300
 -0.0000043769
 -0.0000025691
  0.0000036624
 -0.0000021656
 -0.0000061653
  0.0000007024
  0.0000001429
  0.0000071615
  0.0000077269
 -0.0000010207
 -0.0000005995
 -0.0000010461
  0.0000086343
  0.0000007151
  0.0000095365
 -0.0000024435
 -0.0000016312
 -0.0000036107
 -0.0000004803
  0.0000135587
 -0.0000030624
 -0.0000091159
 -0.0000026895
 -0.0000025118
  0.0000024123
  0.0000068194
 -0.0000051372
 -0.0000035347
 -0.0000054885
  0.0000030575
  0.0000050508
 -0.0000059448
 -0.0000036801
  0.0000060372
 -0.0000025925
 -0.0000045792
  0.0000001023
  0.0000020043
  0.0000009083
  0.0000011489
 -0.0000033606
  0.0000036636
  0.0000007275
  0.0000116006
  0.0000004378
 -0.0000031356
 -0.0000023721
  0.0000092231
 -0.0000006828
 -0.0000010462
  0.0000021210
 -0.0000014074
  0.0000073415
 -0.0000050471
 -0.0000063813
  0.0000007125
 -0.0000000925
  0.0000020129
  0.0000005542
 -0.0000019232
 -0.0000017241
 -0.0000107192
 -0.0000011809
  0.0000032657
 -0.0000035495
 -0.0000049195
  0.0000056146
 -0.0000044795
  0.0000002711
  0.0000001056
  0.0000052224
 -0.0000037790
 -0.0000012169
  0.0000009715
  0.0000014051
 -0.0000037271
 -0.0000011220
  0.0000003228
  0.0000012035
  0.0000061167
  0.0000000614
 -0.0000014911
  0.0000084942
  0.0000078226
  0.0000047971
 -0.0000051908
 -0.0000034289
  0.0000119290
 -0.0000018077
 -0.0000011573
 -0.0000049445
  0.0000015017
  0.0000052712
 -0.0000030499
  0.0000041718
  0.0000010614
 -0.0000026953
 -0.0000067192
 -0.0000029865
 -0.0000082639
 -0.0000000334
  0.0000065907
  0.0000013359
 -0.0000045186
  0.0000035083
  0.0000002887
  0.0000016017
  0.0000014508
 -0.0000040308
 -0.0000002157
 -0.0000014714
 -0.0000003475
 -0.0000033590
 -0.0000007177
  0.0000013576
 -0.0000022181
  0.0000060620
 -0.0000026614
 -0.0000008876
 -0.0000042904
  0.0000040874
  0.0000008866
  0.0000019148
 -0.0000010876
  0.0000061191
 -0.0000020275
 -0.0000023976
  0.0000029336
  0.0000037237
 -0.0000005966
  0.0000087879
  0.0000008139
 -0.0000036813
 -0.0000005820
 -0.0000017493
  0.0000066091
  0.0000020449
  0.0000032074
 -0.0000062146
  0.0000005707
  0.0000014322
 -0.0000001947
  0.0000026155
 -0.0000026239
 -0.0000015111
 -0.0000116942
  0.0000088628
 -0.0000019817
 -0.0000054489
 -0.0000087652
  0.0000004439
  0.0000059451
 -0.0000025833
  0.0000020763
 -0.0000012686
  0.0000058189
  0.0000003756
 -0.0000003849
  0.0000101581
  0.0000034589
  0.0000014460
 -0.0000070914
  0.0000006695
 -0.0000008072
 -0.0000018422
  0.0000043945
  0.0000012307
 -0.0000028471
 -0.0000004190
 -0.0000023237
 -0.0000024132
  0.0000030053
 -0.0000013189
 -0.0000052508
 -0.0000068000
 -0.0000032420
  0.0000008210
  0.0000130467
 -0.0000005077
  0.0000000094
 -0.0000060524
  0.0000007793
  0.0000035447
 -0.0000078941
 -0.0000037841
  0.0000010078
  0.0000050689
 -0.0000011487
  0.0000017354
 -0.0000011691
 -0.0000038673
 -0.0000014375
 -0.0000068679
  0.0000014020
 -0.0000009668
  0.0000005033
 -0.0000037525
 -0.0000013333
 -0.0000054590
 -0.0000002112
  0.0000221037
  0.0000034547
 -0.0000043410
 -0.0000010390
 -0.0000038404
  0.0000064510
  0.0000022128
 -0.0000032593
 -0.0000120126
  0.0000035579
 -0.0000020107
  0.0000014083
 -0.0000036835
  0.0000010540
  0.0000038920
 -0.0000098014
  0.0000134647
  0.0000009455
 -0.0000085227
 -0.0000076469
 -0.0000033243
 -0.0000003910
 -0.0000025271
 -0.0000012261
 -0.0000005096
  0.0000025858
  0.0000057189
  0.0000081658
 -0.0000048266
  0.0000003168
  0.0000031644
 -0.0000167534
 -0.0000025746
 -0.0000008801
  0.0000043182
 -0.0000013359
 -0.0000029139
 -0.0000009351
 -0.0000032839
 -0.0000067402
  0.0000009138
 -0.0000006022
  0.0000019286
  0.0000023753
 -0.0000066753
  0.0000060834
  0.0000018743
 -0.0000016892
 -0.0000025979
  0.0000039391
 -0.0000030184
 -0.0000013576
  0.0000037410
 -0.0000039961
  0.0000052371
  0.0000004012
  0.0000040748
  0.0000033915
 -0.0000018844
  0.0000005305
 -0.0000027347
  0.0000034217
 -0.0000072720
 -0.0000021547
 -0.0000007389
  0.0000047464
  0.0000017738
  0.0000011008
 -0.0000030596
 -0.0000004239
 -0.0000004595
 -0.0000002893
  0.0000051019
 -0.0000067942
 -0.0000014665
  0.0000070483
 -0.0000020005
  0.0000034379
  0.0000026623
 -0.0000013786
 -0.0000124291
 -0.0000010526
 -0.0000063884
 -0.0000016401
  0.0000097377
  0.0000003300
 -0.0000032080
  0.0000033087
 -0.0000015981
  0.0000217532
  0.0000014214
 -0.0000024947
 -0.0000009525
 -0.0000016499
  0.0000060840
  0.0000023542
 -0.0000064854
 -0.0000063715
  0.0000007922
 -0.0000003672
 -0.0000004196
 -0.0000047057
 -0.0000009905
  0.0000001213
 -0.0000035882
  0.0000043215
 -0.0000008996
 -0.0000092453
 -0.0000075725
 -0.0000008859
 -0.0000019185
  0.0000015401
 -0.0000011197
  0.0000035769
  0.0000017548
  0.0000086972
 -0.0000058992
  0.0000020517
  0.0000002027
 -0.0000134259
 -0.0000029729
 -0.0000045690
  0.0000005990
  0.0000038880
 -0.0000005627
 -0.0000032384
  0.0000090234
 -0.0000020846
  0.0000007999
 -0.0000024506
 -0.0000013123
 -0.0000001125
 -0.0000018087
 -0.0000028103
 -0.0000085825
  0.0000021276
 -0.0000007043
 -0.0000049413
 -0.0000002100
 -0.0000005720
 -0.0000021591
 -0.0000043124
 -0.0000008785
 -0.0000026466
 -0.0000057882
 -0.0000079867
 -0.0000010291
  0.0000021919
  0.0000030210
  0.0000020032
  0.0000015513
  0.0000010121
 -0.0000052185
  0.0000004060
 -0.0000059970
 -0.0000002517
  0.0000025868
  0.0000027764
 -0.0000106008
  0.0000084733
 -0.0000002129
  0.0000033568
 -0.0000115026
  0.0000000433
  0.0000048014
 -0.0000046059
 -0.0000005882
  0.0000022655
  0.0000008293
  0.0000015790
 -0.0000027009
 -0.0000082774
  0.0000009190
 -0.0000033519
 -0.0000010967
  0.0000029813
  0.0000008073
  0.0000004123
 -0.0000012603
 -0.0000023738
  0.0000032174
 -0.0000003239
  0.0000058897
 -0.0000031841
  0.0000007409
 -0.0000062769
 -0.0000025910
  0.0000003067
 -0.0000018683
  0.0000020166
 -0.0000026454
  0.0000087616
 -0.0000088146
 -0.0000061843
 -0.0000037828
 -0.0000056903
 -0.0000001385
  0.0000016544
 -0.0000052238
 -0.0000017099
  0.0000130179
 -0.0000089005
  0.0000113788
 -0.0000126796
 -0.0000030106
  0.0000057129
 -0.0000014844
  0.0000064690
 -0.0000007070
 -0.0000005214
  0.0000022742
 -0.0000089305
  0.0000004566
  0.0000014515
  0.0000029463
 -0.0000053316
 -0.0000013687
 -0.0000032491
  0.0000038915
 -0.0000019687
 -0.0000016848
 -0.0000017146
  0.0000071558
 -0.0000038356
  0.0000101730
  0.0000273175
 -0.0000000896
 -0.0000105613
 -0.0000001219
 -0.0000007370
  0.0000052049
 -0.0000081491
  0.0000133104
 -0.0000015996
 -0.0000021541
 -0.0000013169
  0.0000020864
 -0.0000018323
 -0.0000022950
 -0.0000029676
  0.0000163187
  0.0000002294
  0.0000019142
  0.0000114415
 -0.0000000639
  0.0000068037
 -0.0000033950
  0.0000029936
 -0.0000126663
  0.0000129318
  0.0000025561
  0.0000059382
 -0.0000028885
 -0.0000056206
  0.0000048968
  0.0000035530
  0.0000021643
  0.0000020756
  0.0000001605
  0.0000017918
  0.0000127091
  0.0000038482
 -0.0000051355
 -0.0000016203
  0.0000050176
  0.0000248260
  0.0000018262
  0.0000046986
  0.0000066653
 -0.0000008142
 -0.0000092372
 -0.0000069069
 -0.0000032785
  0.0000027831
 -0.0000048528
 -0.0000020128
 -0.0000009713
 -0.0000027944
  0.0000035236
  0.0000002509
 -0.0000326266
  0.0000038463
  0.0000055140
  0.0000003451
 -0.0000159895
  0.0000014811
  0.0000046061
  0.0000029417
 -0.0000011986
  0.0000000175
  0.0000065693
 -0.0000032847
 -0.0000005543
 -0.0000004192
  0.0000109612
  0.0000027696
 -0.0000037001
 -0.0000080109
  0.0000028350
  0.0000005145
  0.0000054790
  0.0000095769
  0.0000048320
 -0.0000083902
  0.0000097749
 -0.0000015152
 -0.0000013976
 -0.0000035116
  0.0000031223
 -0.0000056485
 -0.0000047555
 -0.0000068774
 -0.0000044318
  0.0000093996
  0.0000155591
  0.0000128980
 -0.0000079237
  0.0000038218
  0.0000088853
 -0.0000062423
  0.0000010577
 -0.0000089643
 -0.0000010812
 -0.0000110373
 -0.0000026255
 -0.0000006950
 -0.0000030667
 -0.0000007934
 -0.0000069336
 -0.0000026109
 -0.0000006418
 -0.0000156732
  0.0000021766
 -0.0000010604
 -0.0000084644
  0.0000054695
 -0.0000062082
 -0.0000018838
  0.0000017753
 -0.0000001479
 -0.0000028745
  0.0000029403
  0.0000025493
