 -0.0000255287
  0.0000006644
 -0.0000057720
 -0.0000030958
 -0.0000038895
  0.0000016059
  0.0000016408
 -0.0000023796
  0.0000000165
 -0.0000054385
  0.0000002173
 -0.0000004282
  0.0000019955
 -0.0000013172
 -0.0000005859
 -0.0000012449
 -0.0000000788
  0.0000025904
  0.0000008171
 -0.0000007826
  0.0000002073
  0.0000009228
 -0.0000068063
 -0.0000009453
 -0.0000015255
 -0.0000002790
  0.0000002176
  0.0000000676
  0.0000018094
  0.0000015188
 -0.0000007991
 -0.0000042923
 -0.0000002821
  0.0000007944
 -0.0000006616
 -0.0000001218
  0.0000002695
 -0.0000013274
 -0.0000006366
 -0.0000011446
 -0.0000018215
 -0.0000009613
 -0.0000014792
  0.0000027959
  0.0000006940
 -0.0000004049
 -0.0000021711
  0.0000029879
  0.0000006764
  0.0000012750
 -0.0000011376
 -0.0000005390
  0.0000003208
 -0.0000001089
 -0.0000004899
 -0.0000001639
 -0.0000021593
 -0.0000007077
  0.0000033525
  0.0000003972
  0.0000000291
 -0.0000031207
 -0.0000009946
 -0.0000010118
 -0.0000017043
 -0.0000009193
 -0.0000024479
  0.0000010553
 -0.0000022888
 -0.0000017893
  0.0000011008
 -0.0000106475
  0.0000020559
  0.0000011177
 -0.0000024974
 -0.0000014993
 -0.0000040757
 -0.0000009366
 -0.0000064251
  0.0000049405
  0.0000005618
 -0.0000032600
  0.0000038623
  0.0000025817
  0.0000007264
  0.0000002488
 -0.0000075806
  0.0000026995
 -0.0000015434
  0.0000000226
 -0.0000124198
 -0.0000711073
  0.0000800160
 -0.0000178968
  0.0000108223
  0.0000059833
 -0.0000048972
  0.0000024772
 -0.0000575940
  0.0000384398
  0.0000308132
 -0.0000083615
 -0.0000648016
  0.0001015409
  0.0000062872
 -0.0000145972
  0.0000158154
 -0.0000066953
  0.0000016584
 -0.0000090880
 -0.0000000487
  0.0000004740
 -0.0000008211
 -0.0000016087
  0.0000063903
 -0.0000019120
 -0.0000075268
 -0.0000030360
  0.0000072813
  0.0000027629
  0.0000001876
 -0.0000001438
 -0.0000040374
 -0.0000013560
  0.0000000803
  0.0000033665
 -0.0000113268
  0.0000005548
  0.0000215416
 -0.0000069946
 -0.0000065398
  0.0000026766
  0.0000012861
 -0.0000159493
  0.0000014509
  0.0000004651
 -0.0000004826
  0.0000022817
  0.0000000243
 -0.0000033829
 -0.0000009542
 -0.0000002849
 -0.0000019903
 -0.0000014126
  0.0000006252
  0.0000000460
  0.0000005541
 -0.0000017378
 -0.0000012592
 -0.0000005946
  0.0000004686
 -0.0000010642
  0.0000006071
 -0.0000003636
  0.0000000794
 -0.0000002345
 -0.0000006249
 -0.0000013621
  0.0000013116
 -0.0000003351
 -0.0000023160
 -0.0000021970
 -0.0000010997
 -0.0000002677
 -0.0000003292
 -0.0000000600
 -0.0000003154
 -0.0000004622
  0.0000002782
  0.0000001580
 -0.0000018269
 -0.0000012174
 -0.0000009914
 -0.0000008746
  0.0000014657
 -0.0000004135
  0.0000027888
 -0.0000018355
  0.0000006889
 -0.0000012320
 -0.0000012180
 -0.0000002656
  0.0000009643
 -0.0000005294
  0.0000013897
  0.0000011186
 -0.0000008333
 -0.0000001419
 -0.0000031349
  0.0000011545
 -0.0000005588
 -0.0000001526
  0.0000008034
 -0.0000033037
 -0.0000000180
 -0.0000005824
 -0.0000013704
  0.0000006365
  0.0000016318
  0.0000001386
 -0.0000000937
  0.0000003442
 -0.0000000833
 -0.0000047797
  0.0000017273
 -0.0000032992
  0.0000000035
  0.0000026717
 -0.0000007638
 -0.0000013420
 -0.0000002891
  0.0000001656
 -0.0000002491
 -0.0000016344
  0.0000012536
 -0.0000041472
  0.0000052114
 -0.0000121058
 -0.0000348486
 -0.0000333128
 -0.0000158405
  0.0000054500
  0.0000036540
  0.0000013788
 -0.0000060649
 -0.0000305235
  0.0000274453
  0.0000208327
 -0.0000012353
  0.0000136241
 -0.0000107332
  0.0000002796
  0.0000019340
  0.0000144214
 -0.0000147261
 -0.0000041187
 -0.0000014647
  0.0000003874
  0.0000078234
  0.0000053647
 -0.0000001729
 -0.0000007561
  0.0000023725
  0.0000064263
  0.0000013217
 -0.0000004315
  0.0000005884
 -0.0000002767
 -0.0000007017
  0.0000030018
  0.0000045354
  0.0000064994
 -0.0000063346
  0.0000030467
  0.0000101970
  0.0000025780
 -0.0000018373
 -0.0000028041
  0.0000017126
  0.0000013386
 -0.0000014375
 -0.0000018926
 -0.0000002654
 -0.0000008079
 -0.0000029955
 -0.0000008886
  0.0000003291
  0.0000002259
 -0.0000016451
 -0.0000004327
  0.0000006714
  0.0000013141
 -0.0000003213
 -0.0000012078
 -0.0000006491
 -0.0000007773
 -0.0000014382
 -0.0000012299
  0.0000006729
  0.0000005236
  0.0000001094
 -0.0000011746
 -0.0000009246
 -0.0000024988
  0.0000007006
 -0.0000009077
  0.0000017348
 -0.0000022005
  0.0000028709
  0.0000013265
  0.0000011724
 -0.0000008852
 -0.0000007252
  0.0000004755
  0.0000007607
 -0.0000024223
 -0.0000009972
 -0.0000020774
 -0.0000021634
  0.0000013521
  0.0000008731
 -0.0000015310
 -0.0000050178
 -0.0000011087
 -0.0000021925
  0.0000003416
  0.0000013736
 -0.0000032786
 -0.0000009452
 -0.0000013849
 -0.0000006474
 -0.0000003629
 -0.0000008070
 -0.0000027822
 -0.0000012770
 -0.0000074908
 -0.0000009240
 -0.0000008774
  0.0000047104
  0.0000045607
 -0.0000011949
 -0.0000024362
 -0.0000008198
 -0.0000007040
  0.0000005882
 -0.0000056609
  0.0000009729
 -0.0000057298
  0.0000019095
 -0.0000122710
 -0.0000787369
  0.0000954264
 -0.0000168143
  0.0000124439
  0.0000062033
 -0.0000012254
  0.0000034584
 -0.0000565206
  0.0000254715
  0.0000321969
 -0.0000078327
 -0.0000680547
  0.0001009287
  0.0000097298
 -0.0000126117
  0.0000154543
 -0.0000036360
 -0.0000074601
  0.0000039964
 -0.0000006529
 -0.0000023857
 -0.0000061073
  0.0000048943
 -0.0000003892
 -0.0000059310
 -0.0000047874
  0.0000063262
  0.0000020532
 -0.0000003000
  0.0000003128
 -0.0000022302
 -0.0000004237
 -0.0000001980
 -0.0000128653
 -0.0000000094
  0.0000170138
 -0.0000053549
  0.0000026529
 -0.0000006371
 -0.0000192943
  0.0000013902
  0.0000001710
  0.0000008616
  0.0000012181
  0.0000011904
 -0.0000003841
  0.0000013546
 -0.0000010589
 -0.0000004286
 -0.0000042111
 -0.0000004134
  0.0000001481
 -0.0000003336
 -0.0000010109
 -0.0000001038
  0.0000016436
 -0.0000058089
 -0.0000007327
  0.0000003593
 -0.0000004488
  0.0000002701
 -0.0000002547
 -0.0000006497
 -0.0000009927
 -0.0000004974
  0.0000010354
 -0.0000007847
  0.0000000679
 -0.0000008417
 -0.0000004420
 -0.0000015708
 -0.0000012177
 -0.0000021722
  0.0000010435
 -0.0000034838
 -0.0000000001
  0.0000006673
 -0.0000014698
 -0.0000001414
  0.0000013206
  0.0000004699
  0.0000021871
  0.0000014623
 -0.0000004991
 -0.0000012694
 -0.0000005436
 -0.0000005113
  0.0000000369
  0.0000030658
  0.0000002845
  0.0000029610
 -0.0000041396
 -0.0000018052
  0.0000023893
 -0.0000001654
  0.0000012829
 -0.0000035243
 -0.0000001723
 -0.0000020122
  0.0000015964
  0.0000057724
  0.0000004476
 -0.0000024993
 -0.0000003516
 -0.0000006240
 -0.0000025224
 -0.0000009541
 -0.0000011245
  0.0000060764
  0.0000023263
 -0.0000028959
  0.0000055714
  0.0000078986
  0.0000023980
  0.0000004123
 -0.0000070877
  0.0000017623
 -0.0000027272
  0.0000017642
 -0.0000129478
 -0.0000430500
 -0.0000019473
 -0.0000102903
  0.0000030968
  0.0000041833
 -0.0000041710
  0.0000004549
 -0.0000332900
  0.0000467206
  0.0000261740
 -0.0000030646
 -0.0000295409
  0.0000425011
 -0.0000103609
 -0.0000019309
  0.0000151893
 -0.0000135336
  0.0000018510
 -0.0000064498
 -0.0000022752
  0.0000000976
 -0.0000014926
  0.0000083895
  0.0000048955
 -0.0000018962
 -0.0000020536
  0.0000007694
  0.0000055210
  0.0000012715
 -0.0000015767
  0.0000005674
 -0.0000022059
 -0.0000001449
  0.0000020568
  0.0000002605
 -0.0000002434
  0.0000165258
 -0.0000016235
 -0.0000013789
  0.0000030524
  0.0000032207
 -0.0000001467
  0.0000054102
  0.0000032146
 -0.0000026399
 -0.0000014755
 -0.0000006502
 -0.0000006528
 -0.0000000930
  0.0000002743
  0.0000005982
  0.0000001904
  0.0000014118
  0.0000004726
 -0.0000002070
  0.0000019439
 -0.0000015272
  0.0000008457
 -0.0000031247
 -0.0000008339
  0.0000004180
 -0.0000015266
  0.0000003518
  0.0000006571
  0.0000003683
  0.0000008898
 -0.0000006853
  0.0000004313
 -0.0000007793
 -0.0000005188
  0.0000001941
 -0.0000006556
 -0.0000011305
 -0.0000009568
 -0.0000024467
  0.0000008028
 -0.0000031868
  0.0000010492
  0.0000010025
 -0.0000003097
  0.0000010255
  0.0000016139
  0.0000013464
  0.0000024482
  0.0000023860
  0.0000004560
 -0.0000014615
 -0.0000010460
  0.0000006966
  0.0000005732
  0.0000028265
  0.0000009188
  0.0000033144
 -0.0000050460
 -0.0000010134
  0.0000030498
 -0.0000012979
  0.0000004837
 -0.0000038910
 -0.0000007835
 -0.0000013365
 -0.0000020582
  0.0000011812
  0.0000005815
  0.0000002154
 -0.0000024172
 -0.0000013441
 -0.0000007960
 -0.0000097833
  0.0000001138
 -0.0000040930
 -0.0000012579
  0.0000026101
  0.0000013468
  0.0000033993
  0.0000008993
 -0.0000043155
 -0.0000031830
  0.0000032309
 -0.0000040990
 -0.0000075060
 -0.0000017448
 -0.0000120586
 -0.0000831130
  0.0001112294
 -0.0000129519
  0.0000142204
  0.0000064321
  0.0000024522
  0.0000044403
 -0.0000541771
  0.0000170121
  0.0000333874
 -0.0000057379
 -0.0000720396
  0.0001032575
  0.0000111431
 -0.0000095808
  0.0000161794
 -0.0000017944
 -0.0000051278
 -0.0000054155
 -0.0000004697
 -0.0000073650
  0.0000041050
  0.0000014328
 -0.0000034550
 -0.0000048401
  0.0000021909
 -0.0000006890
 -0.0000003751
  0.0000005934
 -0.0000010742
 -0.0000120354
 -0.0000006453
  0.0000137717
  0.0000001600
  0.0000034537
  0.0000018914
 -0.0000189275
  0.0000029589
 -0.0000000656
  0.0000005366
  0.0000000778
  0.0000009851
  0.0000014723
 -0.0000001817
 -0.0000004476
 -0.0000008200
  0.0000003250
 -0.0000054888
  0.0000002414
 -0.0000004865
 -0.0000004295
 -0.0000011418
 -0.0000005967
  0.0000007217
  0.0000014317
 -0.0000058405
  0.0000025198
  0.0000002515
  0.0000003510
  0.0000009303
  0.0000007595
  0.0000004675
 -0.0000018792
 -0.0000010509
  0.0000009232
  0.0000012497
  0.0000000713
 -0.0000007349
 -0.0000015722
 -0.0000010531
 -0.0000005614
 -0.0000014605
 -0.0000024276
 -0.0000028242
  0.0000008798
 -0.0000003203
  0.0000007609
 -0.0000006193
  0.0000020405
  0.0000005000
  0.0000003395
 -0.0000015664
  0.0000011154
 -0.0000001886
  0.0000006534
  0.0000000863
  0.0000009717
 -0.0000004624
  0.0000000555
  0.0000015011
 -0.0000003817
  0.0000001132
 -0.0000025074
 -0.0000005641
 -0.0000003990
 -0.0000015768
  0.0000018923
 -0.0000034989
  0.0000010323
  0.0000001773
  0.0000008647
  0.0000038291
  0.0000010894
  0.0000006452
  0.0000003976
 -0.0000029137
  0.0000000288
 -0.0000052017
  0.0000016896
  0.0000138458
 -0.0000067370
 -0.0000066966
  0.0000001218
 -0.0000013883
 -0.0000008713
  0.0000000015
  0.0000027952
  0.0000027849
 -0.0000056055
  0.0000009087
 -0.0000054410
 -0.0000455919
 -0.0000159048
 -0.0000187859
  0.0000012647
  0.0000036906
  0.0000134116
 -0.0000024589
  0.0000027069
  0.0000109676
  0.0000215111
  0.0000014643
 -0.0000044861
  0.0000478449
 -0.0000189357
 -0.0000004435
  0.0000055874
 -0.0000300162
  0.0000023963
 -0.0000021798
  0.0000025952
  0.0000056502
  0.0000002126
  0.0000002411
  0.0000054201
  0.0000023793
 -0.0000014968
 -0.0000000321
  0.0000008533
  0.0000043028
 -0.0000027630
 -0.0000013880
  0.0000014822
  0.0000006806
 -0.0000008881
 -0.0000006633
  0.0000014477
 -0.0000012712
 -0.0000000796
  0.0000096790
 -0.0000006656
  0.0000012615
  0.0000041268
  0.0000024076
  0.0000007799
 -0.0000044379
  0.0000130325
  0.0000027742
  0.0000007334
 -0.0000069284
  0.0000006120
 -0.0000023732
 -0.0000009010
  0.0000019725
 -0.0000006168
 -0.0000004940
 -0.0000009965
 -0.0000020125
  0.0000014315
 -0.0000000616
 -0.0000001188
  0.0000007793
 -0.0000012063
 -0.0000013668
  0.0000013167
  0.0000005291
  0.0000002961
  0.0000018368
  0.0000009089
  0.0000007616
 -0.0000001577
  0.0000004818
  0.0000000638
  0.0000011450
  0.0000004198
  0.0000005716
  0.0000013081
  0.0000002390
 -0.0000002440
 -0.0000003895
 -0.0000018742
 -0.0000016818
 -0.0000010061
  0.0000002190
 -0.0000022184
 -0.0000030887
  0.0000002861
 -0.0000008733
  0.0000001283
 -0.0000008613
  0.0000019087
 -0.0000011133
 -0.0000007556
 -0.0000018102
  0.0000010375
  0.0000013100
  0.0000005076
  0.0000000399
 -0.0000004805
 -0.0000014127
  0.0000023749
  0.0000012335
 -0.0000004277
 -0.0000006960
 -0.0000026725
  0.0000006279
 -0.0000011804
 -0.0000018403
  0.0000009517
 -0.0000049335
  0.0000010578
  0.0000013081
  0.0000005284
  0.0000006073
  0.0000013301
  0.0000001301
 -0.0000010236
 -0.0000007995
  0.0000009564
 -0.0000067459
 -0.0000030761
 -0.0000076925
 -0.0000011377
  0.0000034884
  0.0000007474
  0.0000023406
 -0.0000045376
 -0.0000495515
 -0.0000071070
 -0.0000209869
  0.0000028600
  0.0000026880
  0.0000102812
 -0.0000030704
  0.0000089844
  0.0000038955
  0.0000223414
  0.0000006792
  0.0000242052
  0.0000741623
 -0.0000161275
 -0.0000051390
  0.0000000164
 -0.0000100705
 -0.0000048533
 -0.0000026181
  0.0000025817
 -0.0000039214
 -0.0000011246
 -0.0000027601
  0.0000079313
 -0.0000103867
 -0.0000020418
 -0.0000004081
  0.0000013964
  0.0000043387
 -0.0000078002
 -0.0000015451
 -0.0000063536
  0.0000003949
 -0.0000014447
 -0.0000009218
 -0.0000051680
  0.0000010427
  0.0000009123
 -0.0000028168
 -0.0000009041
  0.0000007042
 -0.0000004042
 -0.0000100288
  0.0000010776
  0.0000022053
  0.0000148514
  0.0000014804
 -0.0000042022
 -0.0000076305
  0.0000009678
 -0.0000010693
  0.0000006869
 -0.0000002963
 -0.0000007028
  0.0000026691
 -0.0000011705
  0.0000013524
 -0.0000002322
 -0.0000000235
  0.0000012114
 -0.0000021102
  0.0000000134
 -0.0000011085
  0.0000000473
  0.0000011886
  0.0000003259
 -0.0000016094
  0.0000004845
  0.0000007996
 -0.0000003914
  0.0000002166
  0.0000002026
  0.0000001878
  0.0000002358
 -0.0000010004
  0.0000000771
  0.0000006348
  0.0000008968
  0.0000009340
  0.0000003869
  0.0000006751
  0.0000000312
  0.0000001946
 -0.0000021725
  0.0000007139
 -0.0000013968
 -0.0000017902
  0.0000003370
  0.0000010476
 -0.0000003010
  0.0000029602
 -0.0000010203
  0.0000028101
  0.0000019514
 -0.0000016096
  0.0000005061
 -0.0000010283
 -0.0000005145
  0.0000014286
  0.0000032007
 -0.0000014747
 -0.0000002754
 -0.0000013760
  0.0000012170
 -0.0000009087
 -0.0000009998
 -0.0000007372
 -0.0000044783
  0.0000016706
 -0.0000010441
 -0.0000007972
  0.0000013806
  0.0000022627
  0.0000011938
 -0.0000003501
 -0.0000015579
  0.0000011162
 -0.0000058873
 -0.0000011004
 -0.0000024488
  0.0000020600
  0.0000004333
 -0.0000042481
  0.0000021834
 -0.0000001329
 -0.0000054123
  0.0000000894
 -0.0000022165
 -0.0000002936
 -0.0000042897
 -0.0000040966
 -0.0000044884
 -0.0000392238
 -0.0000562354
 -0.0000182915
  0.0000030350
  0.0000043692
  0.0000115673
 -0.0000029046
 -0.0000035019
  0.0000091231
  0.0000231580
  0.0000010797
 -0.0000069116
  0.0000249493
  0.0000046436
 -0.0000002575
  0.0000041539
 -0.0000362333
  0.0000006091
 -0.0000023469
 -0.0000020478
  0.0000034556
  0.0000054317
  0.0000071834
 -0.0000015529
 -0.0000001714
  0.0000014694
  0.0000048754
 -0.0000001861
 -0.0000006313
 -0.0000032854
 -0.0000003083
  0.0000008309
 -0.0000023720
  0.0000004285
 -0.0000001238
  0.0000081269
  0.0000002978
 -0.0000016601
  0.0000005835
  0.0000049262
  0.0000011526
 -0.0000013745
  0.0000117421
  0.0000011707
 -0.0000067156
 -0.0000022227
  0.0000021583
  0.0000012630
 -0.0000006712
  0.0000003286
  0.0000018440
  0.0000034440
  0.0000011077
  0.0000016940
  0.0000020146
  0.0000006922
 -0.0000003791
 -0.0000002734
  0.0000006594
  0.0000028000
  0.0000006367
  0.0000013715
  0.0000000160
 -0.0000028774
 -0.0000010983
  0.0000027640
 -0.0000019097
  0.0000024016
  0.0000005143
  0.0000009591
  0.0000000861
  0.0000025135
  0.0000008665
 -0.0000014235
 -0.0000017048
  0.0000015300
  0.0000008005
 -0.0000003702
 -0.0000010607
 -0.0000004007
 -0.0000022576
  0.0000024008
  0.0000006810
 -0.0000051101
  0.0000008615
  0.0000032499
 -0.0000012088
 -0.0000005139
  0.0000000532
  0.0000010586
 -0.0000004834
 -0.0000033152
  0.0000016964
  0.0000032420
 -0.0000008542
  0.0000001032
  0.0000024131
 -0.0000049584
 -0.0000009496
 -0.0000037642
 -0.0000000631
 -0.0000014078
  0.0000006098
 -0.0000015480
 -0.0000019019
  0.0000008331
 -0.0000019340
 -0.0000021106
  0.0000017659
  0.0000036503
  0.0000025426
  0.0000012277
  0.0000012024
  0.0000025217
  0.0000042280
  0.0000067639
  0.0000024540
 -0.0000251129
  0.0000047788
 -0.0000027419
 -0.0000301335
 -0.0000391249
 -0.0000706933
  0.0000022864
  0.0000060879
 -0.0000027060
 -0.0000008827
 -0.0000234119
  0.0000292265
  0.0000176768
  0.0000029449
  0.0000130816
  0.0001790078
 -0.0000079560
  0.0000058975
 -0.0000013960
 -0.0000275633
 -0.0000077022
 -0.0000042573
  0.0000081621
  0.0000036238
  0.0000006484
 -0.0000012434
  0.0000105814
 -0.0000236782
 -0.0000016487
 -0.0000002422
  0.0000011577
 -0.0000052340
  0.0000001333
 -0.0000015078
  0.0000094388
  0.0000000299
 -0.0000037461
  0.0000028043
  0.0000049064
  0.0000012283
  0.0000003483
 -0.0000150745
  0.0000005055
 -0.0000083299
 -0.0000106051
 -0.0000122238
 -0.0000008722
 -0.0000075933
  0.0000171036
  0.0000020967
 -0.0000012770
 -0.0000159741
  0.0000002780
 -0.0000030163
  0.0000003567
  0.0000005100
 -0.0000026688
 -0.0000026361
 -0.0000010609
  0.0000010994
 -0.0000038233
 -0.0000012463
 -0.0000007264
  0.0000017951
  0.0000005408
  0.0000002801
  0.0000005601
 -0.0000006704
  0.0000008363
 -0.0000004680
  0.0000005980
 -0.0000010430
  0.0000007323
 -0.0000006611
  0.0000001837
 -0.0000023080
  0.0000018193
 -0.0000000358
  0.0000000020
 -0.0000011029
  0.0000016505
 -0.0000001977
  0.0000023041
  0.0000000887
  0.0000022053
  0.0000021357
  0.0000007748
 -0.0000003376
  0.0000020848
 -0.0000019208
 -0.0000006528
  0.0000023582
  0.0000012899
  0.0000000451
 -0.0000042247
 -0.0000007451
 -0.0000009155
 -0.0000013421
 -0.0000005457
  0.0000006873
  0.0000005234
 -0.0000011514
  0.0000027199
  0.0000017743
  0.0000005130
 -0.0000008727
  0.0000008578
 -0.0000053744
  0.0000015802
 -0.0000015158
  0.0000009789
  0.0000022470
  0.0000001243
  0.0000053519
  0.0000007567
 -0.0000025327
 -0.0000014051
  0.0000022442
 -0.0000013564
 -0.0000029197
  0.0000032210
 -0.0000111321
 -0.0001430293
  0.0000808971
 -0.0000433957
  0.0000170869
  0.0000037186
  0.0000238618
 -0.0000023487
 -0.0000102590
 -0.0000224650
  0.0000377920
  0.0000016256
 -0.0000498197
  0.0000563548
  0.0000220872
  0.0000062850
  0.0000175832
 -0.0000228435
 -0.0000016248
  0.0000000544
  0.0000008044
  0.0000004451
  0.0000010220
 -0.0000021805
  0.0000059625
  0.0000091002
 -0.0000011562
 -0.0000029878
 -0.0000006428
 -0.0000010265
  0.0000026969
 -0.0000024331
  0.0000104658
  0.0000002720
  0.0000000827
  0.0000051678
  0.0000021865
 -0.0000163859
  0.0000069147
  0.0000003672
  0.0000008308
  0.0000004143
 -0.0000011199
  0.0000019239
  0.0000005287
 -0.0000001170
  0.0000000508
  0.0000009233
  0.0000005083
 -0.0000011383
  0.0000007861
  0.0000000475
  0.0000008967
  0.0000004439
 -0.0000016549
 -0.0000004961
  0.0000014999
  0.0000005796
 -0.0000001647
  0.0000015051
 -0.0000006177
  0.0000003928
  0.0000005374
  0.0000003230
 -0.0000011893
  0.0000006243
  0.0000007758
  0.0000005826
 -0.0000002812
 -0.0000007911
  0.0000014488
  0.0000010903
  0.0000023123
  0.0000006006
  0.0000002814
 -0.0000005725
 -0.0000008587
 -0.0000002770
 -0.0000018294
 -0.0000009872
 -0.0000026836
  0.0000014314
 -0.0000020099
  0.0000005979
  0.0000014461
 -0.0000021621
 -0.0000010578
  0.0000016516
  0.0000005054
  0.0000020488
  0.0000020151
 -0.0000004114
 -0.0000008377
 -0.0000008721
 -0.0000017710
  0.0000007566
  0.0000042014
  0.0000006062
  0.0000026700
 -0.0000034416
 -0.0000011074
  0.0000011645
 -0.0000005589
  0.0000012573
 -0.0000037230
  0.0000002920
 -0.0000011660
 -0.0000013291
  0.0000027987
  0.0000005211
 -0.0000009678
 -0.0000009187
 -0.0000004583
 -0.0000013438
  0.0000007992
  0.0000009839
  0.0000160468
 -0.0000035987
 -0.0000091558
 -0.0000018990
  0.0000032801
  0.0000004668
 -0.0000010240
  0.0000026964
 -0.0000014211
 -0.0000064686
 -0.0000000919
 -0.0000123463
 -0.0000289530
 -0.0000602922
 -0.0000177692
  0.0000032578
  0.0000037606
  0.0000100445
 -0.0000023109
 -0.0000184883
  0.0000204521
  0.0000190605
 -0.0000020233
  0.0000093231
  0.0000083062
  0.0000131128
  0.0000010260
  0.0000151811
 -0.0000354445
  0.0000017749
 -0.0000049103
  0.0000002214
  0.0000088725
  0.0000037653
  0.0000048914
  0.0000071697
  0.0000134465
 -0.0000013484
 -0.0000005891
 -0.0000000388
 -0.0000009280
  0.0000043534
 -0.0000022387
 -0.0000021552
  0.0000010362
 -0.0000021347
  0.0000003371
 -0.0000007748
  0.0000026441
  0.0000055956
  0.0000147833
 -0.0000016423
 -0.0000028960
 -0.0000044275
  0.0000107296
 -0.0000014931
  0.0000029729
  0.0000107405
  0.0000015444
 -0.0000035632
 -0.0000030087
 -0.0000029298
  0.0000007238
  0.0000004414
  0.0000012157
  0.0000010155
 -0.0000001039
 -0.0000008751
  0.0000004732
  0.0000005416
 -0.0000058957
  0.0000004787
 -0.0000012043
  0.0000001666
 -0.0000006698
 -0.0000012236
  0.0000000082
  0.0000018089
 -0.0000106365
  0.0000019567
  0.0000008081
 -0.0000011300
  0.0000011623
  0.0000019553
 -0.0000005848
 -0.0000039271
 -0.0000004560
 -0.0000006266
  0.0000002911
  0.0000022957
  0.0000006042
  0.0000000685
  0.0000004097
 -0.0000009870
 -0.0000011205
 -0.0000004484
  0.0000013249
 -0.0000013216
  0.0000005588
  0.0000005867
 -0.0000009786
  0.0000004208
  0.0000024915
 -0.0000010036
  0.0000017947
 -0.0000010705
 -0.0000020402
  0.0000028039
  0.0000006894
  0.0000019077
  0.0000010629
 -0.0000003278
  0.0000027671
  0.0000012663
  0.0000005344
 -0.0000003671
 -0.0000027439
  0.0000023352
 -0.0000004933
 -0.0000002650
  0.0000032643
 -0.0000016015
  0.0000007300
  0.0000010842
  0.0000014905
  0.0000031334
  0.0000009979
  0.0000009979
 -0.0000006306
 -0.0000001475
 -0.0000100766
  0.0000021210
  0.0000027290
 -0.0000077576
  0.0000007965
  0.0000040654
 -0.0000027395
 -0.0000034736
  0.0000033449
 -0.0000267197
 -0.0000220423
 -0.0000510540
 -0.0000013473
  0.0000073093
  0.0000074312
 -0.0000067559
 -0.0000079055
  0.0000091349
  0.0000120389
  0.0000009783
  0.0000026841
  0.0001407615
 -0.0000054584
  0.0000030800
 -0.0000039620
 -0.0000378320
 -0.0000038152
 -0.0000058136
 -0.0000021850
  0.0000024708
  0.0000001344
 -0.0000027225
  0.0000119228
 -0.0000179966
 -0.0000006488
 -0.0000016150
  0.0000000715
 -0.0000015916
 -0.0000070138
  0.0000011012
 -0.0000013455
  0.0000028047
  0.0000011643
 -0.0000005614
 -0.0000061718
  0.0000023241
 -0.0000008110
 -0.0000130894
 -0.0000000986
  0.0000053741
 -0.0000004158
 -0.0000135819
 -0.0000005495
  0.0000105617
  0.0000188846
 -0.0000000690
 -0.0000040520
 -0.0000109120
 -0.0000007416
 -0.0000031517
  0.0000004294
  0.0000026775
  0.0000015516
  0.0000000352
  0.0000013116
  0.0000010150
  0.0000009328
 -0.0000002820
  0.0000003505
 -0.0000003026
  0.0000010960
  0.0000012807
  0.0000010660
 -0.0000001680
  0.0000008796
 -0.0000028712
 -0.0000001119
  0.0000004615
  0.0000002728
 -0.0000007432
  0.0000000156
  0.0000013390
  0.0000008946
 -0.0000000178
  0.0000017256
  0.0000010310
 -0.0000002936
  0.0000015562
  0.0000011439
 -0.0000012355
 -0.0000013279
 -0.0000003827
  0.0000007461
 -0.0000008431
 -0.0000014265
  0.0000014502
 -0.0000006374
  0.0000019777
 -0.0000011857
  0.0000020414
 -0.0000015234
  0.0000029841
 -0.0000023026
 -0.0000003940
 -0.0000025387
 -0.0000004736
  0.0000000180
  0.0000017674
 -0.0000004375
  0.0000015502
  0.0000007127
  0.0000011979
 -0.0000011316
 -0.0000066555
  0.0000011961
 -0.0000012665
  0.0000008059
  0.0000016995
 -0.0000033847
 -0.0000018611
 -0.0000014824
 -0.0000013665
 -0.0000002338
  0.0000012682
 -0.0000000231
  0.0000004141
  0.0000000198
 -0.0000063926
  0.0000028291
 -0.0000000610
 -0.0000018589
  0.0000013410
 -0.0000059728
 -0.0000029758
  0.0000019603
  0.0000097971
  0.0000035252
 -0.0000047423
 -0.0000014886
 -0.0000003640
 -0.0000379784
 -0.0000166369
 -0.0000538892
 -0.0000025920
  0.0000028236
  0.0000112884
 -0.0000051667
  0.0000004709
  0.0000093784
  0.0000118266
  0.0000009949
  0.0000078089
  0.0001223360
  0.0000116981
  0.0000027539
 -0.0000035692
 -0.0000304350
  0.0000015615
 -0.0000066678
  0.0000054718
  0.0000028105
 -0.0000033406
  0.0000105290
 -0.0000123510
 -0.0000035031
 -0.0000031192
 -0.0000012213
  0.0000068692
 -0.0000040148
 -0.0000012219
  0.0000019124
  0.0000001191
  0.0000001064
  0.0000005163
  0.0000016024
 -0.0000007218
 -0.0000016890
 -0.0000087827
 -0.0000003940
  0.0000026452
  0.0000035226
 -0.0000104055
 -0.0000017039
  0.0000019377
  0.0000176527
  0.0000005858
 -0.0000027131
 -0.0000073074
 -0.0000004210
 -0.0000045058
 -0.0000006147
 -0.0000000403
  0.0000006472
 -0.0000025789
  0.0000002269
  0.0000011341
 -0.0000046962
 -0.0000008151
  0.0000002609
  0.0000003661
  0.0000006027
  0.0000005113
 -0.0000005713
 -0.0000007078
  0.0000007145
 -0.0000017684
 -0.0000044439
 -0.0000003292
 -0.0000004396
  0.0000000297
 -0.0000009249
  0.0000003409
  0.0000021870
 -0.0000047840
  0.0000007855
 -0.0000003908
 -0.0000026811
 -0.0000005174
 -0.0000001390
  0.0000000929
  0.0000003540
 -0.0000002260
 -0.0000000605
 -0.0000004784
 -0.0000011735
 -0.0000022859
 -0.0000007360
 -0.0000008814
 -0.0000024966
 -0.0000017889
  0.0000008450
 -0.0000002187
  0.0000023109
 -0.0000011494
  0.0000023573
  0.0000002878
  0.0000004780
 -0.0000020973
  0.0000006822
  0.0000008797
  0.0000018469
 -0.0000001931
 -0.0000008839
 -0.0000007899
  0.0000011285
  0.0000009519
  0.0000016452
  0.0000016812
 -0.0000022897
 -0.0000008741
  0.0000010766
 -0.0000011363
  0.0000006743
 -0.0000053012
  0.0000011840
  0.0000016494
 -0.0000039976
  0.0000003444
  0.0000012220
  0.0000007336
 -0.0000014128
  0.0000005122
  0.0000045557
 -0.0000069482
  0.0000012880
 -0.0000088398
 -0.0000109799
  0.0000062672
 -0.0000109817
 -0.0000049316
 -0.0000419137
 -0.0000014850
 -0.0000295121
  0.0000005295
  0.0000025339
  0.0000088084
 -0.0000037076
  0.0000093795
  0.0000095378
  0.0000187210
 -0.0000004143
  0.0000193535
  0.0000925869
 -0.0000027440
 -0.0000103756
 -0.0000025535
 -0.0000238941
  0.0000000114
 -0.0000034260
  0.0000054167
 -0.0000028822
 -0.0000041312
 -0.0000059036
  0.0000041306
 -0.0000072064
 -0.0000033284
 -0.0000010007
 -0.0000001214
 -0.0000116001
 -0.0000032970
  0.0000003970
  0.0000018128
  0.0000001791
  0.0000003331
 -0.0000011917
  0.0000016752
 -0.0000009273
 -0.0000023675
 -0.0000014685
 -0.0000012105
 -0.0000099382
 -0.0000023177
 -0.0000066167
  0.0000006097
 -0.0000100227
  0.0000106043
  0.0000010359
 -0.0000020503
 -0.0000062369
  0.0000002614
 -0.0000044339
  0.0000021682
  0.0000011924
 -0.0000002987
 -0.0000001532
  0.0000005549
  0.0000001535
 -0.0000011128
  0.0000001387
 -0.0000001086
  0.0000000176
  0.0000002002
  0.0000003923
 -0.0000003030
  0.0000002626
  0.0000004560
 -0.0000010404
  0.0000009593
 -0.0000006418
 -0.0000000061
  0.0000008962
  0.0000010576
  0.0000006563
 -0.0000005307
 -0.0000005589
 -0.0000006753
 -0.0000005686
 -0.0000009254
  0.0000011458
 -0.0000004406
  0.0000027440
 -0.0000004426
  0.0000007228
 -0.0000004928
  0.0000001583
  0.0000000394
 -0.0000005476
 -0.0000024058
  0.0000007238
 -0.0000030172
  0.0000015357
  0.0000008582
  0.0000007021
  0.0000024566
  0.0000015063
  0.0000006638
  0.0000022722
  0.0000014237
  0.0000006160
 -0.0000012358
 -0.0000010260
  0.0000024082
 -0.0000018593
  0.0000033103
  0.0000003566
  0.0000002407
 -0.0000047715
 -0.0000015964
  0.0000015527
 -0.0000000576
  0.0000010897
 -0.0000039672
 -0.0000005028
 -0.0000018423
 -0.0000009164
  0.0000017699
  0.0000003465
 -0.0000023607
 -0.0000007101
 -0.0000010807
 -0.0000039019
 -0.0000005541
 -0.0000005347
  0.0000030925
  0.0000042052
 -0.0000043898
  0.0000028958
 -0.0000014803
 -0.0000004440
  0.0000019887
 -0.0000001284
  0.0000017269
 -0.0000006605
 -0.0000028943
 -0.0000130954
 -0.0000317490
 -0.0000252786
 -0.0000142272
  0.0000018527
  0.0000037481
 -0.0000021937
  0.0000003460
 -0.0000293402
  0.0000363503
  0.0000232735
 -0.0000033896
  0.0000069327
  0.0000286051
  0.0000008214
  0.0000007493
  0.0000150651
 -0.0000145550
  0.0000002467
 -0.0000074437
  0.0000002535
 -0.0000000893
 -0.0000008878
 -0.0000032380
  0.0000097276
  0.0000048550
 -0.0000032025
 -0.0000022697
  0.0000008773
  0.0000086968
 -0.0000006146
  0.0000000835
 -0.0000030846
 -0.0000007424
 -0.0000018007
 -0.0000003988
 -0.0000008524
  0.0000010833
 -0.0000014700
  0.0000116045
 -0.0000018438
 -0.0000053820
  0.0000033275
  0.0000026112
  0.0000003791
  0.0000023293
  0.0000082529
  0.0000030961
 -0.0000031073
 -0.0000044276
 -0.0000003382
 -0.0000006883
 -0.0000018003
  0.0000005307
  0.0000012974
 -0.0000001009
 -0.0000007895
 -0.0000016327
  0.0000002428
 -0.0000034105
 -0.0000003432
 -0.0000014853
 -0.0000004543
 -0.0000011740
 -0.0000007559
  0.0000005617
 -0.0000049709
  0.0000010811
  0.0000001286
  0.0000002362
  0.0000007808
 -0.0000003938
  0.0000002480
 -0.0000022856
 -0.0000010704
  0.0000009333
 -0.0000001106
  0.0000001427
 -0.0000015131
 -0.0000014545
 -0.0000004943
 -0.0000015829
 -0.0000023169
 -0.0000026946
  0.0000008562
 -0.0000002997
 -0.0000000758
 -0.0000008507
  0.0000017961
 -0.0000011094
 -0.0000002598
 -0.0000019353
 -0.0000017375
 -0.0000009564
 -0.0000003671
 -0.0000008756
  0.0000003120
 -0.0000020568
  0.0000015630
  0.0000017859
 -0.0000003924
 -0.0000000438
 -0.0000027138
  0.0000001573
 -0.0000005964
 -0.0000017106
  0.0000014462
 -0.0000028466
  0.0000005755
  0.0000010890
  0.0000013792
  0.0000020055
  0.0000006283
  0.0000005441
 -0.0000001424
 -0.0000042705
 -0.0000057310
 -0.0000049161
 -0.0000022297
  0.0000056301
  0.0000051895
 -0.0000051875
  0.0000014919
  0.0000035574
  0.0000034746
 -0.0000026156
 -0.0000022150
 -0.0000002916
 -0.0000011403
 -0.0000045525
 -0.0000145072
 -0.0000307768
 -0.0000603607
 -0.0000157319
  0.0000075472
  0.0000046583
  0.0000121712
 -0.0000077999
 -0.0000138594
  0.0000198249
  0.0000215021
 -0.0000032947
  0.0000064084
  0.0000087616
  0.0000095315
  0.0000018739
  0.0000128607
 -0.0000369021
  0.0000024243
 -0.0000056844
  0.0000014833
  0.0000075333
  0.0000039395
  0.0000080217
  0.0000125480
 -0.0000013419
 -0.0000013840
  0.0000024141
  0.0000072033
  0.0000052422
 -0.0000012914
 -0.0000007110
 -0.0000001084
 -0.0000011915
 -0.0000011974
 -0.0000000403
  0.0000049808
  0.0000046906
  0.0000133296
 -0.0000018823
  0.0000002947
 -0.0000004531
  0.0000097108
  0.0000008080
  0.0000008920
  0.0000119358
  0.0000021988
 -0.0000013217
  0.0000000833
  0.0000009932
 -0.0000018384
 -0.0000017551
  0.0000000627
  0.0000013320
 -0.0000004978
 -0.0000009932
 -0.0000018878
  0.0000006187
  0.0000002244
 -0.0000044778
 -0.0000031948
  0.0000000587
 -0.0000011806
  0.0000002203
 -0.0000009954
 -0.0000049467
  0.0000011440
 -0.0000051748
 -0.0000010797
  0.0000007736
  0.0000000933
 -0.0000013239
 -0.0000029084
  0.0000010243
 -0.0000003589
 -0.0000000602
 -0.0000019723
 -0.0000029888
 -0.0000001417
 -0.0000010978
 -0.0000014512
 -0.0000003095
 -0.0000011984
 -0.0000004937
 -0.0000010270
  0.0000011266
 -0.0000011528
 -0.0000043144
  0.0000003226
  0.0000010295
 -0.0000021839
  0.0000011349
 -0.0000015871
 -0.0000025156
  0.0000014844
 -0.0000010948
  0.0000000709
 -0.0000011746
 -0.0000014534
  0.0000006305
  0.0000016446
 -0.0000043298
 -0.0000020301
 -0.0000036605
  0.0000004463
 -0.0000024822
 -0.0000001530
  0.0000003017
 -0.0000033925
 -0.0000002131
 -0.0000015732
  0.0000010231
  0.0000020697
 -0.0000003765
 -0.0000004452
 -0.0000029512
 -0.0000104826
 -0.0000002230
 -0.0000056637
  0.0000008676
 -0.0000030185
  0.0000017005
  0.0000011480
 -0.0000006099
 -0.0000407598
 -0.0000138468
 -0.0000433866
  0.0000005417
  0.0000053320
  0.0000153803
 -0.0000079447
  0.0000140763
  0.0000094865
  0.0000149551
 -0.0000018538
  0.0000149141
  0.0001064004
 -0.0000036275
 -0.0000071573
 -0.0000056331
 -0.0000272650
  0.0000011238
 -0.0000065275
  0.0000066991
  0.0000013861
 -0.0000006412
 -0.0000045065
  0.0000035517
 -0.0000092390
 -0.0000028188
 -0.0000020293
 -0.0000009472
  0.0000022681
 -0.0000027373
 -0.0000017967
  0.0000029745
  0.0000011884
 -0.0000013510
 -0.0000015773
  0.0000027794
  0.0000018982
 -0.0000005692
 -0.0000018718
 -0.0000014748
 -0.0000015450
 -0.0000063093
 -0.0000071414
 -0.0000017375
 -0.0000022240
  0.0000107692
 -0.0000018617
 -0.0000024692
 -0.0000066091
 -0.0000010784
 -0.0000040522
 -0.0000006044
  0.0000004789
  0.0000008304
 -0.0000000005
 -0.0000009091
 -0.0000005043
 -0.0000009433
 -0.0000011964
 -0.0000000348
 -0.0000006707
  0.0000004881
 -0.0000002545
 -0.0000005607
 -0.0000037003
 -0.0000014097
  0.0000001288
 -0.0000024062
 -0.0000009572
 -0.0000004103
 -0.0000005750
 -0.0000004722
 -0.0000003792
 -0.0000004757
 -0.0000022008
 -0.0000009965
 -0.0000003932
 -0.0000004421
  0.0000003433
 -0.0000011540
  0.0000027891
 -0.0000009121
 -0.0000008306
  0.0000018936
  0.0000014727
  0.0000020751
  0.0000032880
 -0.0000000509
  0.0000000155
  0.0000031038
 -0.0000007290
  0.0000005675
  0.0000004779
 -0.0000009990
  0.0000016115
  0.0000035231
 -0.0000005161
  0.0000022114
 -0.0000024404
  0.0000014030
  0.0000015820
  0.0000001560
  0.0000001854
 -0.0000017432
  0.0000007770
  0.0000001068
 -0.0000032950
  0.0000025672
 -0.0000001265
  0.0000004116
  0.0000000350
 -0.0000010561
 -0.0000087345
  0.0000014013
 -0.0000076007
 -0.0000045888
  0.0000088899
  0.0000046335
 -0.0000089181
 -0.0000013641
  0.0000019219
 -0.0000004912
 -0.0000038702
  0.0000014537
  0.0000005193
 -0.0000070612
 -0.0000035809
 -0.0000026930
 -0.0000472133
 -0.0000007355
 -0.0000217545
  0.0000037008
  0.0000069103
  0.0000138495
 -0.0000068520
  0.0000126650
  0.0000071936
  0.0000211317
 -0.0000010937
  0.0000100295
  0.0000751414
 -0.0000304233
 -0.0000031582
 -0.0000033880
 -0.0000157508
 -0.0000020201
 -0.0000053879
 -0.0000016014
  0.0000011878
 -0.0000004074
  0.0000098064
 -0.0000053498
 -0.0000024105
 -0.0000002856
  0.0000003854
 -0.0000000250
 -0.0000041190
  0.0000003149
 -0.0000037064
  0.0000015261
  0.0000000414
 -0.0000002519
 -0.0000034684
  0.0000017768
  0.0000023774
  0.0000044133
 -0.0000005278
 -0.0000031769
  0.0000032060
 -0.0000053291
  0.0000001143
 -0.0000061911
  0.0000166711
  0.0000001163
 -0.0000000598
 -0.0000048567
  0.0000003501
 -0.0000024059
  0.0000010757
 -0.0000022350
 -0.0000013051
 -0.0000002496
 -0.0000020184
 -0.0000006742
 -0.0000009676
 -0.0000006384
 -0.0000015555
 -0.0000023796
  0.0000004517
 -0.0000016333
 -0.0000025436
 -0.0000012288
 -0.0000005420
 -0.0000011837
 -0.0000008711
 -0.0000009393
 -0.0000016995
 -0.0000011029
 -0.0000003767
 -0.0000021542
 -0.0000007095
 -0.0000020434
  0.0000007045
  0.0000016765
 -0.0000005911
  0.0000011650
 -0.0000002896
  0.0000010924
 -0.0000000690
 -0.0000018227
 -0.0000010744
 -0.0000013814
 -0.0000016747
  0.0000008283
  0.0000036644
 -0.0000020935
 -0.0000003703
 -0.0000032044
  0.0000005446
 -0.0000008126
 -0.0000008608
 -0.0000008746
 -0.0000043819
  0.0000001892
 -0.0000005933
 -0.0000026238
  0.0000023895
  0.0000003154
  0.0000003321
  0.0000001800
 -0.0000014483
 -0.0000004761
 -0.0000068941
 -0.0000001391
 -0.0000012739
 -0.0000002249
  0.0000015890
 -0.0000031229
  0.0000031874
  0.0000029910
  0.0000015035
 -0.0000006296
 -0.0000014868
  0.0000024375
 -0.0000024267
 -0.0000001649
 -0.0000136055
 -0.0000602940
  0.0000563964
 -0.0000085567
  0.0000052578
  0.0000033324
 -0.0000058152
 -0.0000020482
 -0.0000416845
  0.0000492793
  0.0000275178
 -0.0000030570
 -0.0000649896
  0.0000694512
  0.0000087416
 -0.0000086411
  0.0000152522
 -0.0000068026
 -0.0000014206
 -0.0000066056
 -0.0000000466
  0.0000053026
  0.0000061290
 -0.0000018662
  0.0000014722
 -0.0000015231
 -0.0000008255
 -0.0000003037
 -0.0000023523
 -0.0000031256
  0.0000231505
  0.0000019991
  0.0000029613
  0.0000015641
 -0.0000024511
  0.0000009736
 -0.0000001582
  0.0000017560
 -0.0000011956
 -0.0000001047
 -0.0000006511
 -0.0000015446
 -0.0000027021
 -0.0000019624
 -0.0000041304
  0.0000003482
 -0.0000015240
 -0.0000006249
 -0.0000018132
 -0.0000005693
 -0.0000019444
 -0.0000006003
 -0.0000042403
  0.0000055463
 -0.0000068007
 -0.0000025228
 -0.0000033543
 -0.0000027317
 -0.0000016601
 -0.0000051408
 -0.0000016793
 -0.0000014291
 -0.0000076313
 -0.0000024635
 -0.0000022165
 -0.0000009366
 -0.0000036537
 -0.0000015410
 -0.0000032910
  0.0000027520
  0.0000009250
 -0.0000016666
 -0.0000075482
  0.0000007967
 -0.0000016452
  0.0000023423
  0.0000030441
  0.0000010855
 -0.0000031245
 -0.0000050420
  0.0000022583
  0.0000011455
  0.0000019612
 -0.0000024964
 -0.0000000947
  0.0000015492
 -0.0000004826
  0.0000007388
  0.0000058258
 -0.0000839091
  0.0000594008
  0.0000684893
 -0.0000057679
  0.0000019119
  0.0000626447
 -0.0000157046
 -0.0001307576
  0.0000313228
  0.0000001810
 -0.0000092867
  0.0001014423
 -0.0001508902
 -0.0000271812
  0.0000371646
  0.0000229206
  0.0000076134
  0.0000004861
  0.0000052217
  0.0000003356
 -0.0000007925
  0.0000011195
  0.0000097510
  0.0000020952
 -0.0000000363
 -0.0000050664
  0.0000026746
  0.0000010848
 -0.0000016522
 -0.0000009925
  0.0000000731
  0.0000021070
  0.0000117335
  0.0000041329
  0.0000064185
  0.0000016521
 -0.0000017861
 -0.0000007189
  0.0000038527
  0.0000041755
  0.0000002614
  0.0000002985
  0.0000002292
  0.0000017426
  0.0000021491
  0.0000019501
  0.0000026082
  0.0000015368
  0.0000037869
  0.0000012165
  0.0000012905
  0.0000016835
 -0.0000067830
  0.0000025406
 -0.0000031993
  0.0000043056
  0.0000031609
 -0.0000072887
 -0.0000168341
 -0.0000100218
 -0.0000047084
 -0.0000098621
 -0.0000032432
  0.0000046060
  0.0000009874
 -0.0000004500
  0.0000020646
  0.0000032633
  0.0000009111
  0.0000044233
 -0.0000014925
  0.0000002646
  0.0000018146
  0.0000012918
  0.0000018265
  0.0000001329
  0.0000025262
  0.0000019326
  0.0000023364
  0.0000103069
  0.0000884486
  0.0000901438
  0.0000022624
 -0.0000094786
  0.0000512410
  0.0000055263
 -0.0000030891
 -0.0001280713
 -0.0000084478
  0.0000246476
  0.0000105932
 -0.0000023805
 -0.0000007617
  0.0000031969
  0.0000014444
 -0.0000007277
  0.0000018057
 -0.0000001245
  0.0000013495
  0.0000071138
 -0.0000000466
  0.0000019444
  0.0000007042
  0.0000070297
  0.0000005517
 -0.0000029275
  0.0000025699
  0.0000004711
 -0.0000015589
  0.0000016335
  0.0000005295
 -0.0000005861
  0.0000094282
  0.0000025040
 -0.0000005307
  0.0000019327
  0.0000029239
  0.0000020700
  0.0000006202
  0.0000004568
 -0.0000006531
  0.0000030417
  0.0000052745
  0.0000007635
  0.0000003937
  0.0000011690
  0.0000009030
  0.0000024124
  0.0000011036
  0.0000005260
 -0.0000009244
 -0.0000004594
 -0.0000026560
  0.0000019048
  0.0000007620
  0.0000007847
  0.0000001087
  0.0000015747
  0.0000004992
  0.0000008868
 -0.0000028018
  0.0000075007
  0.0000004832
 -0.0000005189
 -0.0000007557
 -0.0000021182
 -0.0000010973
  0.0000007911
 -0.0000025036
 -0.0000001174
  0.0000002921
 -0.0000054239
 -0.0000003423
 -0.0000001340
 -0.0000004059
  0.0000004592
 -0.0000020467
  0.0000009928
 -0.0000019833
  0.0000003810
  0.0000049982
  0.0000031740
  0.0000008424
 -0.0000008198
 -0.0000028974
  0.0000018559
  0.0000001234
  0.0000005972
  0.0000004680
 -0.0000005445
  0.0000001824
  0.0000008343
  0.0000022583
 -0.0000013768
 -0.0000011787
 -0.0000009880
 -0.0000004647
 -0.0000028056
 -0.0000010178
  0.0000069551
 -0.0001023689
 -0.0000921433
  0.0000888000
  0.0000030540
  0.0000058136
  0.0000570525
 -0.0000156151
 -0.0000970442
  0.0000379918
  0.0000036395
 -0.0000014216
  0.0000698140
 -0.0000844624
  0.0000085137
  0.0000370494
  0.0000330869
 -0.0000078243
  0.0000009372
  0.0000030697
  0.0000014272
  0.0000006016
 -0.0000009844
 -0.0000001877
 -0.0000012184
  0.0000066600
 -0.0000025439
 -0.0000022972
  0.0000020948
  0.0000019066
 -0.0000005645
 -0.0000029377
 -0.0000016454
 -0.0000042031
  0.0000041062
  0.0000001531
 -0.0000047176
 -0.0000020363
 -0.0000037993
 -0.0000007613
 -0.0000008614
  0.0000027489
 -0.0000006588
 -0.0000006828
  0.0000000366
  0.0000003154
  0.0000000369
 -0.0000009501
  0.0000016202
 -0.0000022520
 -0.0000000201
 -0.0000018435
 -0.0000009239
 -0.0000024929
  0.0000015107
  0.0000002360
  0.0000004669
 -0.0000002968
  0.0000021509
  0.0000000290
  0.0000009715
 -0.0000041423
  0.0000068986
  0.0000001166
 -0.0000017056
 -0.0000029413
 -0.0000006801
 -0.0000024582
 -0.0000002304
  0.0000007327
 -0.0000050041
  0.0000001304
  0.0000003891
  0.0000003403
 -0.0000037395
  0.0000008083
 -0.0000028353
  0.0000046923
  0.0000007659
  0.0000025649
  0.0000005336
 -0.0000012325
  0.0000004330
 -0.0000009720
  0.0000012364
  0.0000023247
  0.0000006831
 -0.0000015111
 -0.0000049648
  0.0000010299
  0.0000010625
  0.0000013933
 -0.0000042285
 -0.0000010501
  0.0000017420
 -0.0000007830
 -0.0000004968
  0.0000047039
 -0.0001024077
 -0.0000996962
  0.0000915552
  0.0000021951
  0.0000057112
  0.0000563015
 -0.0000161126
 -0.0000946737
  0.0000334530
  0.0000024693
 -0.0000020908
  0.0000737970
 -0.0000803166
  0.0000132059
  0.0000363232
  0.0000365287
 -0.0000052077
 -0.0000000637
 -0.0000001107
  0.0000046586
  0.0000016138
  0.0000007594
 -0.0000002265
  0.0000063857
 -0.0000002229
 -0.0000056244
  0.0000021929
  0.0000025665
 -0.0000032950
 -0.0000008282
  0.0000021128
  0.0000016347
  0.0000035597
  0.0000064548
 -0.0000014619
 -0.0000017735
 -0.0000010850
 -0.0000025074
  0.0000021181
 -0.0000002156
  0.0000002800
  0.0000014382
  0.0000012325
  0.0000001098
 -0.0000007467
 -0.0000006755
  0.0000003105
 -0.0000032593
  0.0000016243
 -0.0000004351
 -0.0000015105
  0.0000008976
  0.0000003366
  0.0000012551
  0.0000002547
  0.0000080583
 -0.0000002650
  0.0000001161
 -0.0000009726
 -0.0000025173
  0.0000006449
 -0.0000073652
  0.0000011934
 -0.0000001554
 -0.0000051622
 -0.0000005339
  0.0000000522
 -0.0000000715
 -0.0000014987
 -0.0000005097
  0.0000008759
  0.0000073773
  0.0000050445
  0.0000002704
 -0.0000016740
 -0.0000015829
 -0.0000026493
 -0.0000004643
  0.0000005165
  0.0000027512
  0.0000017561
 -0.0000052138
  0.0000061899
  0.0000038120
  0.0000001584
  0.0000005488
  0.0000047261
  0.0000016495
 -0.0000018057
  0.0000033438
  0.0000175073
 -0.0000508801
 -0.0000299054
  0.0000407008
  0.0000000971
 -0.0000025919
  0.0000413142
 -0.0000098611
 -0.0000271762
 -0.0000067634
 -0.0000172893
 -0.0000029977
  0.0000984790
 -0.0000916212
 -0.0000107304
  0.0000242366
 -0.0000113630
  0.0000154340
  0.0000001652
  0.0000072096
  0.0000005651
  0.0000019374
 -0.0000001870
 -0.0000012388
 -0.0000058514
  0.0000039848
  0.0000061586
  0.0000018326
  0.0000089903
 -0.0000010189
  0.0000025114
 -0.0000003961
 -0.0000000456
  0.0000006883
  0.0000014874
 -0.0000000904
 -0.0000038657
 -0.0000037820
  0.0000013594
 -0.0000012424
 -0.0000005068
 -0.0000018498
  0.0000022026
  0.0000004303
  0.0000044563
 -0.0000001073
  0.0000007830
  0.0000003190
  0.0000008853
 -0.0000006330
 -0.0000010156
  0.0000021547
  0.0000003083
  0.0000007106
  0.0000000058
 -0.0000021568
  0.0000013471
  0.0000007529
  0.0000010867
 -0.0000004682
  0.0000026408
  0.0000006559
  0.0000021340
  0.0000006712
  0.0000031367
  0.0000002492
  0.0000003645
  0.0000037073
 -0.0000021803
  0.0000031740
  0.0000008508
  0.0000000266
 -0.0000030364
 -0.0000001999
 -0.0000012154
 -0.0000011075
  0.0000009275
  0.0000012717
  0.0000013352
 -0.0000004711
 -0.0000009144
  0.0000034989
  0.0000016192
  0.0000021918
  0.0000011914
 -0.0000000126
 -0.0000005776
 -0.0000026986
  0.0000003679
  0.0000013792
 -0.0000005033
 -0.0000059920
 -0.0000064195
  0.0000008762
  0.0000004938
  0.0000005947
 -0.0000048822
 -0.0000013960
  0.0000009626
 -0.0000017652
 -0.0000014334
 -0.0000068760
 -0.0001352280
 -0.0002197280
 -0.0000105217
  0.0000140392
  0.0000034014
  0.0000573416
 -0.0000040870
  0.0000112600
 -0.0000100774
  0.0000203994
 -0.0000022584
  0.0000477868
  0.0000497140
 -0.0000081160
  0.0000343111
  0.0000143958
  0.0000374695
 -0.0000010236
  0.0000022522
  0.0000036266
 -0.0000010162
 -0.0000023332
  0.0000070144
  0.0000119272
 -0.0000020975
  0.0000021827
  0.0000000569
 -0.0000015150
  0.0000083148
 -0.0000020152
  0.0000009617
 -0.0000021732
 -0.0000141416
  0.0000048843
 -0.0000020379
 -0.0000003488
 -0.0000018956
 -0.0000006671
  0.0000004780
 -0.0000000364
  0.0000019333
  0.0000006815
  0.0000006232
 -0.0000004206
 -0.0000001366
  0.0000021464
  0.0000022166
 -0.0000014500
 -0.0000008656
 -0.0000032586
  0.0000011157
 -0.0000002132
  0.0000005805
 -0.0000028061
  0.0000018351
 -0.0000003688
  0.0000008677
 -0.0000036620
  0.0000059122
 -0.0000004360
 -0.0000004295
 -0.0000028358
 -0.0000016996
 -0.0000009391
 -0.0000001217
 -0.0000023870
 -0.0000002915
  0.0000004501
 -0.0000052433
 -0.0000000503
  0.0000002184
 -0.0000003519
  0.0000002900
 -0.0000049251
  0.0000002741
 -0.0000027163
 -0.0000004100
  0.0000040818
  0.0000019483
  0.0000000377
 -0.0000000494
 -0.0000001423
 -0.0000042276
  0.0000001184
  0.0000023313
 -0.0000008763
  0.0000015309
 -0.0000043221
  0.0000003898
 -0.0000007452
  0.0000010957
  0.0000050515
 -0.0000030801
  0.0000023482
  0.0000024104
 -0.0000040092
  0.0000028567
 -0.0001009043
 -0.0002333755
  0.0000541895
  0.0000030370
  0.0000051015
  0.0000642947
 -0.0000116525
 -0.0000133684
  0.0000058295
  0.0000014942
 -0.0000049909
  0.0000640811
  0.0000005347
 -0.0000059248
  0.0000486335
  0.0000385363
  0.0000405601
 -0.0000002638
  0.0000044487
 -0.0000005259
  0.0000006002
 -0.0000000222
  0.0000003167
  0.0000074848
  0.0000169266
  0.0000010375
 -0.0000012307
  0.0000018607
 -0.0000012229
  0.0000024445
  0.0000021085
  0.0000000112
 -0.0000047808
 -0.0000002604
  0.0000121995
  0.0000051210
  0.0000004962
 -0.0000006197
  0.0000011113
 -0.0000002111
 -0.0000092841
  0.0000019110
  0.0000000421
  0.0000013261
  0.0000007461
 -0.0000004225
 -0.0000003073
 -0.0000001949
 -0.0000024327
  0.0000002685
  0.0000010482
 -0.0000003858
  0.0000012457
  0.0000012576
 -0.0000006047
  0.0000074359
 -0.0000044911
  0.0000000074
  0.0000001657
 -0.0000008030
 -0.0000039776
  0.0000005030
 -0.0000058329
 -0.0000003938
 -0.0000010342
  0.0000000094
 -0.0000016806
  0.0000047264
  0.0000027015
 -0.0000001036
 -0.0000050047
 -0.0000008651
 -0.0000032612
  0.0000016727
  0.0000012265
 -0.0000029778
 -0.0000081211
 -0.0000029033
  0.0000007227
  0.0000000860
 -0.0000003333
  0.0000011025
 -0.0000004497
 -0.0000011964
 -0.0000006657
  0.0000000150
  0.0000085218
 -0.0000827325
  0.0001574965
  0.0000674960
 -0.0000072446
  0.0000020765
  0.0000432901
 -0.0000121351
 -0.0001816503
  0.0000099197
  0.0000041831
 -0.0000070790
  0.0001145377
 -0.0002304608
 -0.0000088158
  0.0000353675
  0.0000139066
  0.0000156210
  0.0000003038
  0.0000028586
  0.0000008986
 -0.0000015481
 -0.0000013910
 -0.0000172781
  0.0000007637
  0.0000056720
  0.0000023320
  0.0000074444
  0.0000011252
  0.0000013044
 -0.0000017969
 -0.0000000755
 -0.0000008550
 -0.0000013046
 -0.0000016613
  0.0000002034
 -0.0000011510
 -0.0000006523
 -0.0000006182
  0.0000006302
 -0.0000010263
  0.0000028220
 -0.0000005296
 -0.0000013290
 -0.0000009105
  0.0000021246
  0.0000007464
 -0.0000030345
  0.0000003553
 -0.0000004670
  0.0000018386
  0.0000007398
  0.0000012444
 -0.0000009043
  0.0000008931
 -0.0000005918
  0.0000007460
 -0.0000009752
  0.0000030734
 -0.0000002707
 -0.0000002529
  0.0000001914
  0.0000009642
 -0.0000007853
  0.0000028870
  0.0000011510
  0.0000045708
  0.0000007999
  0.0000012542
  0.0000008730
  0.0000042704
 -0.0000010072
 -0.0000006712
  0.0000015059
  0.0000016171
  0.0000010572
 -0.0000051637
  0.0000000296
 -0.0000005275
 -0.0000006560
  0.0000002164
  0.0000011244
  0.0000003455
 -0.0000003613
  0.0000042764
  0.0000020590
  0.0000004527
  0.0000010558
 -0.0000003814
 -0.0000025335
 -0.0000005904
 -0.0000002418
  0.0000004375
  0.0000023063
 -0.0000000400
  0.0000060360
  0.0000025709
 -0.0000032881
  0.0000008230
  0.0000005844
 -0.0000018471
 -0.0000001387
 -0.0000002737
 -0.0000049961
 -0.0001345227
 -0.0000833017
 -0.0000231661
  0.0000149197
  0.0000040399
  0.0000512789
 -0.0000030650
  0.0000140988
 -0.0000212658
  0.0000242002
 -0.0000017182
  0.0000268485
  0.0000551917
  0.0000162848
  0.0000217990
  0.0000157769
  0.0000306536
 -0.0000008781
  0.0000038805
 -0.0000030536
 -0.0000004043
  0.0000002964
  0.0000003588
 -0.0000070776
  0.0000030004
  0.0000113030
  0.0000002523
 -0.0000016681
 -0.0000027687
  0.0000003060
  0.0000024438
 -0.0000059000
  0.0000040449
  0.0000013882
 -0.0000035587
  0.0000010279
  0.0000005787
 -0.0000163608
  0.0000051186
 -0.0000002401
  0.0000018938
  0.0000008655
  0.0000009332
  0.0000002936
 -0.0000007126
  0.0000023132
 -0.0000001397
 -0.0000011414
  0.0000011955
  0.0000012267
  0.0000010339
  0.0000008417
 -0.0000000688
  0.0000012655
 -0.0000010414
 -0.0000004720
  0.0000013458
 -0.0000020791
  0.0000017797
  0.0000016606
  0.0000001959
  0.0000005112
  0.0000012693
  0.0000027264
  0.0000032461
  0.0000043499
  0.0000016425
 -0.0000002308
  0.0000018402
 -0.0000001383
  0.0000015963
  0.0000040942
  0.0000014975
  0.0000029568
 -0.0000037243
  0.0000001553
  0.0000018328
  0.0000005142
  0.0000028698
 -0.0000005762
  0.0000005067
  0.0000009937
 -0.0000000867
  0.0000022618
  0.0000021568
  0.0000014752
 -0.0000011556
  0.0000006524
 -0.0000005914
 -0.0000054721
  0.0000009505
  0.0000022626
 -0.0000013063
  0.0000000836
 -0.0000051517
 -0.0000003124
  0.0000023384
  0.0000001952
  0.0000022601
 -0.0000037192
  0.0000023624
  0.0000012244
 -0.0000055402
 -0.0000084092
 -0.0001162164
  0.0001751795
 -0.0000411838
  0.0000170067
  0.0000090062
  0.0000142868
  0.0000067177
 -0.0000389460
 -0.0000138939
  0.0000401343
 -0.0000026845
 -0.0000507497
  0.0000810239
  0.0000122852
  0.0000000569
  0.0000212279
 -0.0000229951
 -0.0000012351
 -0.0000022418
 -0.0000035168
 -0.0000008560
 -0.0000064038
  0.0000041691
  0.0000051185
  0.0000011494
 -0.0000020681
  0.0000027524
 -0.0000058885
  0.0000073426
  0.0000012066
 -0.0000039250
  0.0000033979
 -0.0000008545
 -0.0000125297
  0.0000054123
 -0.0000008025
 -0.0000001526
 -0.0000007028
  0.0000000905
 -0.0000021158
  0.0000012623
 -0.0000005782
  0.0000068619
 -0.0000004826
 -0.0000007162
 -0.0000010025
 -0.0000048071
  0.0000003091
 -0.0000058348
 -0.0000024831
 -0.0000001510
 -0.0000021276
  0.0000045748
  0.0000027434
 -0.0000022080
 -0.0000009711
 -0.0000012281
  0.0000004382
  0.0000011463
  0.0000020393
 -0.0000002606
 -0.0000015084
  0.0000009978
 -0.0000000055
 -0.0000003476
  0.0000014405
  0.0000004369
  0.0000009870
 -0.0000001836
  0.0000000917
  0.0000083669
 -0.0000544639
  0.0000759296
  0.0000474840
 -0.0000015275
 -0.0000001364
  0.0000396932
 -0.0000112682
 -0.0001013224
 -0.0000058928
 -0.0000063699
 -0.0000033939
  0.0001077632
 -0.0000971140
 -0.0000094719
  0.0000235244
 -0.0000003379
  0.0000164339
  0.0000008356
  0.0000053597
  0.0000006872
 -0.0000040616
  0.0000012586
 -0.0000016630
 -0.0000038100
  0.0000017922
 -0.0000002292
 -0.0000010418
  0.0000009413
  0.0000051994
  0.0000016982
 -0.0000041355
  0.0000002719
 -0.0000016225
 -0.0000013580
 -0.0000003657
  0.0000023424
 -0.0000003606
 -0.0000014283
  0.0000011486
 -0.0000045753
 -0.0000002949
 -0.0000046959
 -0.0000004674
  0.0000005038
  0.0000013879
 -0.0000008816
 -0.0000004388
  0.0000006550
  0.0000005566
  0.0000003701
 -0.0000005812
  0.0000006097
 -0.0000001200
 -0.0000083752
 -0.0000062833
  0.0000075514
 -0.0000007209
 -0.0000025173
 -0.0000010709
 -0.0000004708
 -0.0000011814
 -0.0000096772
 -0.0000022125
 -0.0000128072
 -0.0000123072
  0.0000038397
 -0.0000007644
 -0.0000170232
 -0.0000115777
 -0.0000007054
  0.0000003979
 -0.0000007210
  0.0000001832
  0.0000008828
  0.0000014328
 -0.0000004937
  0.0000002905
 -0.0000008328
  0.0000004233
  0.0000003101
 -0.0000001660
  0.0000006403
  0.0000008208
  0.0000011954
  0.0000002178
  0.0000018871
 -0.0000074448
  0.0001020170
  0.0000057774
  0.0000188768
 -0.0000018304
 -0.0000084486
 -0.0000054910
 -0.0000806139
 -0.0000208523
  0.0000276786
 -0.0000283820
  0.0000006630
  0.0000011564
  0.0000001690
 -0.0000015990
  0.0000011511
 -0.0000013144
  0.0000003454
 -0.0000018224
  0.0000039146
 -0.0000035158
 -0.0000000095
 -0.0000001380
  0.0000081490
 -0.0000003514
 -0.0000005731
 -0.0000035760
  0.0000001662
 -0.0000003156
 -0.0000026343
  0.0000031353
  0.0000017146
 -0.0000014140
  0.0000051853
  0.0000004864
 -0.0000037757
 -0.0000018670
 -0.0000006119
 -0.0000008006
 -0.0000011722
 -0.0000031444
 -0.0000038694
 -0.0000001233
  0.0000047716
 -0.0000009299
 -0.0000027737
 -0.0000003892
 -0.0000018232
 -0.0000005463
  0.0000045896
  0.0000094647
 -0.0000027577
 -0.0000053554
 -0.0000016725
  0.0000120131
  0.0000028835
  0.0000021194
  0.0000150583
  0.0000118149
 -0.0000016010
 -0.0000029421
 -0.0000004673
  0.0000006737
 -0.0000014772
  0.0000019231
 -0.0000038123
 -0.0000018015
 -0.0000009052
 -0.0000006432
 -0.0000004326
 -0.0000021793
 -0.0000005891
 -0.0000006174
 -0.0000005744
  0.0000328712
 -0.0000444625
  0.0001087368
  0.0000705791
 -0.0000026207
  0.0000061573
  0.0000038867
  0.0000000642
  0.0000666415
 -0.0002866100
 -0.0000200867
 -0.0000025545
 -0.0000008247
 -0.0000008640
 -0.0000015544
  0.0000009848
 -0.0000017649
 -0.0000027912
  0.0000055235
 -0.0000047746
 -0.0000003256
 -0.0000017909
  0.0000053847
 -0.0000018401
 -0.0000042530
  0.0000010349
  0.0000002806
 -0.0000004787
 -0.0000026294
  0.0000087580
 -0.0000002280
 -0.0000028169
 -0.0000005063
 -0.0000020503
 -0.0000002062
 -0.0000015026
 -0.0000055088
 -0.0000039162
 -0.0000012222
  0.0000030516
 -0.0000010196
 -0.0000019375
 -0.0000007032
  0.0000005205
 -0.0000028454
  0.0000009400
  0.0000004736
  0.0000001755
  0.0000004623
 -0.0000003806
  0.0000002968
 -0.0000022636
  0.0000002320
 -0.0000008288
 -0.0000000297
 -0.0000023008
  0.0000012575
  0.0000004385
  0.0000016068
 -0.0000007356
  0.0000025560
  0.0000005054
  0.0000021634
  0.0000003967
  0.0000026064
  0.0000012942
  0.0000010038
  0.0000002793
  0.0000021759
 -0.0000016858
 -0.0000001821
  0.0000032229
  0.0000013954
  0.0000007077
 -0.0000033332
 -0.0000001181
 -0.0000005282
 -0.0000000842
  0.0000009627
  0.0000008357
  0.0000011605
 -0.0000011857
  0.0000032022
  0.0000010768
  0.0000019183
  0.0000010107
 -0.0000009804
 -0.0000007321
 -0.0000023207
 -0.0000009480
 -0.0000002220
  0.0000000841
  0.0000023194
 -0.0000006959
  0.0000052478
  0.0000004412
 -0.0000034781
  0.0000010810
 -0.0000000607
 -0.0000021196
  0.0000007436
 -0.0000001617
 -0.0000111714
 -0.0001470141
  0.0000248882
 -0.0000406839
  0.0000163309
  0.0000043087
  0.0000333030
 -0.0000028377
 -0.0000062611
 -0.0000297083
  0.0000352844
  0.0000010289
 -0.0000271341
  0.0000520978
  0.0000396840
  0.0000115655
  0.0000159539
 -0.0000038982
 -0.0000007557
  0.0000007076
 -0.0000021601
 -0.0000026833
  0.0000006825
 -0.0000067377
  0.0000037223
  0.0000096120
 -0.0000018357
 -0.0000018939
  0.0000005650
 -0.0000002102
  0.0000022222
 -0.0000053618
  0.0000047296
  0.0000021493
 -0.0000024829
  0.0000056493
  0.0000007960
 -0.0000207226
  0.0000063938
 -0.0000004694
 -0.0000002617
 -0.0000010359
  0.0000018942
 -0.0000003456
  0.0000001333
  0.0000001667
 -0.0000050998
 -0.0000002500
  0.0000014616
 -0.0000017577
 -0.0000013897
  0.0000021288
 -0.0000004338
  0.0000015948
 -0.0000003016
  0.0000079595
 -0.0000038247
  0.0000000815
  0.0000000250
 -0.0000012157
 -0.0000002237
 -0.0000042429
  0.0000011817
  0.0000006063
 -0.0000049754
  0.0000005166
  0.0000010231
  0.0000001943
 -0.0000012708
 -0.0000015665
  0.0000011849
  0.0000002151
 -0.0000026150
  0.0000056756
  0.0000042170
 -0.0000005252
 -0.0000045463
  0.0000004620
 -0.0000019471
  0.0000026290
  0.0000032480
  0.0000007562
 -0.0000032602
 -0.0000053446
  0.0000021381
  0.0000007625
  0.0000013151
 -0.0000019622
 -0.0000001747
  0.0000012134
 -0.0000001334
  0.0000009976
  0.0000086669
 -0.0000839508
  0.0001924462
  0.0000647486
 -0.0000074673
  0.0000004206
  0.0000420234
 -0.0000110661
 -0.0001702471
  0.0000154136
  0.0000020871
 -0.0000058720
  0.0001137538
 -0.0002013071
 -0.0000312283
  0.0000338695
  0.0000005802
  0.0000209591
  0.0000003641
  0.0000033456
 -0.0000011223
 -0.0000018496
  0.0000012919
  0.0000046490
 -0.0000002060
 -0.0000027296
 -0.0000058668
  0.0000004923
 -0.0000012410
 -0.0000016096
  0.0000018381
 -0.0000043863
 -0.0000015895
  0.0000019296
  0.0000018143
  0.0000027828
  0.0000059171
  0.0000034408
 -0.0000021242
 -0.0000009229
  0.0000137959
  0.0000027882
 -0.0000005385
 -0.0000027893
 -0.0000007785
 -0.0000016911
  0.0000007384
 -0.0000010003
 -0.0000013852
 -0.0000011567
  0.0000003426
 -0.0000027115
  0.0000001937
  0.0000002786
 -0.0000020963
  0.0000020421
  0.0000024848
 -0.0000038514
  0.0000060588
  0.0000003775
 -0.0000026983
 -0.0000021510
 -0.0000001207
 -0.0000013989
  0.0000015839
 -0.0000048174
  0.0000004325
 -0.0000001043
 -0.0000049844
  0.0000006077
 -0.0000009584
 -0.0000010623
  0.0000042596
  0.0000016586
  0.0000022106
  0.0000003972
 -0.0000008498
 -0.0000010969
 -0.0000025314
  0.0000013099
  0.0000009513
  0.0000005084
 -0.0000037468
 -0.0000031706
  0.0000024156
  0.0000008081
 -0.0000001501
  0.0000024135
  0.0000011271
 -0.0000005779
 -0.0000009059
  0.0000010839
  0.0000031345
 -0.0000981628
 -0.0001000896
  0.0000929199
  0.0000018758
  0.0000053149
  0.0000565915
 -0.0000141335
 -0.0000907577
  0.0000284214
  0.0000023253
 -0.0000021909
  0.0000817571
 -0.0000769827
 -0.0000072613
  0.0000367086
  0.0000376249
  0.0000031173
  0.0000007223
 -0.0000008953
  0.0000027525
 -0.0000010366
 -0.0000010813
  0.0000075225
 -0.0000012818
  0.0000040362
 -0.0000025406
  0.0000028635
 -0.0000036420
  0.0000017340
  0.0000000238
  0.0000089518
 -0.0000047285
 -0.0000044876
  0.0000058134
 -0.0000004409
  0.0000015211
  0.0000025444
 -0.0000005011
 -0.0000011128
 -0.0000012497
  0.0000009350
 -0.0000003525
  0.0000013018
 -0.0000001065
 -0.0000001804
 -0.0000015274
 -0.0000013746
 -0.0000004304
  0.0000024409
 -0.0000064633
 -0.0000108007
 -0.0000046507
 -0.0000033321
  0.0000024201
 -0.0000001750
 -0.0000140026
 -0.0000013888
 -0.0000014566
 -0.0000052780
 -0.0000030352
 -0.0000024235
 -0.0000050517
 -0.0000029720
  0.0000004152
 -0.0000110109
 -0.0000034307
  0.0000015550
  0.0000010918
 -0.0000017396
  0.0000007844
 -0.0000006771
 -0.0000005523
 -0.0000051561
 -0.0000003042
  0.0000733023
 -0.0000157178
 -0.0000099915
  0.0000632683
  0.0000008010
  0.0000117232
 -0.0000103111
  0.0000112776
  0.0000010008
 -0.0000650045
 -0.0000164620
 -0.0000031338
 -0.0000116974
  0.0000013497
  0.0000000678
  0.0000004558
 -0.0000008295
 -0.0000011869
  0.0000019998
 -0.0000069528
 -0.0000040144
 -0.0000054076
  0.0000008286
 -0.0000007935
  0.0000044291
 -0.0000007084
 -0.0000009573
 -0.0000068023
  0.0000004234
 -0.0000027815
 -0.0000012787
  0.0000003222
 -0.0000004822
  0.0000008297
  0.0000082384
 -0.0000019335
 -0.0000052453
 -0.0000013250
 -0.0000000895
  0.0000013862
 -0.0000040782
 -0.0000058881
 -0.0000047103
 -0.0000018391
 -0.0000004571
 -0.0000012514
  0.0000001053
  0.0000013058
 -0.0000002571
 -0.0000010519
  0.0000017480
 -0.0000012029
  0.0000009870
  0.0000014430
  0.0000006640
 -0.0000003756
 -0.0000002711
 -0.0000004007
 -0.0000014222
  0.0000013951
  0.0000007174
  0.0000009966
 -0.0000006455
  0.0000025975
  0.0000004784
  0.0000016474
  0.0000004206
  0.0000027379
 -0.0000004143
  0.0000000986
  0.0000003337
  0.0000026791
 -0.0000024302
 -0.0000008143
  0.0000034680
  0.0000002884
  0.0000000508
 -0.0000033278
 -0.0000001548
 -0.0000013493
 -0.0000002566
  0.0000014140
  0.0000009605
  0.0000009769
 -0.0000006875
 -0.0000010930
  0.0000032614
  0.0000016425
  0.0000018971
  0.0000008920
 -0.0000008212
 -0.0000019409
  0.0000014923
  0.0000009733
  0.0000015016
  0.0000030750
 -0.0000007310
  0.0000016702
  0.0000015846
  0.0000005204
 -0.0000004900
 -0.0000006054
 -0.0000001400
  0.0000001325
 -0.0000019074
 -0.0000012664
 -0.0000100821
 -0.0001324307
 -0.0000804715
 -0.0000326183
  0.0000149703
  0.0000041035
  0.0000501009
 -0.0000038689
  0.0000148601
 -0.0000184764
  0.0000281880
 -0.0000012817
  0.0000382701
  0.0000555732
 -0.0000030474
  0.0000213995
  0.0000134158
  0.0000355762
  0.0000014266
  0.0000034810
 -0.0000029667
 -0.0000058617
  0.0000039503
  0.0000110795
 -0.0000016789
  0.0000002109
  0.0000015676
 -0.0000010106
 -0.0000056284
 -0.0000024466
  0.0000054991
 -0.0000001775
 -0.0000001991
  0.0000007901
 -0.0000000256
 -0.0000153001
  0.0000048480
 -0.0000008350
  0.0000009123
  0.0000017248
  0.0000007754
 -0.0000002596
  0.0000006544
  0.0000006688
  0.0000019096
  0.0000040333
  0.0000026715
 -0.0000094370
 -0.0000039731
 -0.0000012284
  0.0000036616
 -0.0000000896
 -0.0000006345
  0.0000016921
  0.0000006124
  0.0000003562
  0.0000031298
 -0.0000017182
  0.0000004286
  0.0000000241
  0.0000009515
  0.0000019457
  0.0000002776
  0.0000014555
  0.0000011190
  0.0000017418
  0.0000236879
 -0.0002542754
  0.0001006464
 -0.0000065654
  0.0000536307
  0.0000057329
 -0.0000058936
 -0.0000088624
  0.0000245172
 -0.0000232297
 -0.0000023908
  0.0000038304
  0.0000074088
  0.0000018847
 -0.0000031164
 -0.0000001356
 -0.0000007136
  0.0000004809
  0.0000032140
  0.0000016586
  0.0000026905
  0.0000014283
 -0.0000006909
  0.0000004384
  0.0000003785
  0.0000018697
 -0.0000021607
 -0.0000015793
  0.0000025443
  0.0000080760
 -0.0000014082
 -0.0000009368
 -0.0000003367
  0.0000037541
 -0.0000010803
  0.0000006842
 -0.0000009154
 -0.0000006717
 -0.0000019771
 -0.0000000150
  0.0000003178
  0.0000005715
  0.0000010541
 -0.0000028813
  0.0000010884
  0.0000003384
  0.0000015420
  0.0000009408
 -0.0000007908
  0.0000002299
 -0.0000009384
  0.0000029610
 -0.0000008314
  0.0000005064
 -0.0000029586
  0.0000016351
 -0.0000005509
  0.0000024045
 -0.0000017349
  0.0000030450
  0.0000001495
  0.0000008725
 -0.0000023093
  0.0000008897
  0.0000000956
  0.0000000437
 -0.0000014059
  0.0000010486
  0.0000018416
 -0.0000052919
  0.0000007242
  0.0000004866
 -0.0000001458
  0.0000007707
 -0.0000025580
 -0.0000003453
 -0.0000009782
  0.0000020284
  0.0000011778
  0.0000007542
 -0.0000009463
 -0.0000005559
 -0.0000039939
 -0.0000034342
 -0.0000026797
 -0.0000018386
  0.0000030560
  0.0000002369
 -0.0000002743
  0.0000022053
  0.0000044420
 -0.0000018049
  0.0000007779
 -0.0000003122
  0.0000005180
  0.0000006281
 -0.0000065687
  0.0000005061
 -0.0001221013
 -0.0002244565
  0.0000217799
  0.0000103221
  0.0000022696
  0.0000643244
 -0.0000071746
  0.0000091184
 -0.0000030315
  0.0000086751
 -0.0000039757
  0.0000589859
  0.0000231552
 -0.0000065031
  0.0000434855
  0.0000245162
  0.0000374930
  0.0000008823
  0.0000030563
 -0.0000026652
 -0.0000012545
  0.0000001952
 -0.0000022285
  0.0000066342
  0.0000156618
  0.0000009882
 -0.0000013092
  0.0000005823
 -0.0000002722
  0.0000030624
  0.0000001367
 -0.0000062205
 -0.0000022904
  0.0000098376
  0.0000005180
  0.0000004155
 -0.0000002269
 -0.0000118138
  0.0000046724
 -0.0000004050
 -0.0000019215
  0.0000000597
 -0.0000000367
 -0.0000001406
  0.0000012572
 -0.0000009508
 -0.0000025045
  0.0000008717
  0.0000010875
  0.0000004486
  0.0000072863
  0.0000019870
  0.0000016280
 -0.0000010092
 -0.0000025396
 -0.0000076644
 -0.0000003400
 -0.0000052532
 -0.0000001287
 -0.0000016810
 -0.0000007189
  0.0000001988
  0.0000073492
  0.0000046979
 -0.0000007855
  0.0000012501
  0.0000000808
 -0.0000033794
 -0.0000008840
  0.0000020541
  0.0000025363
  0.0000020099
 -0.0000019167
  0.0000014414
  0.0000004378
  0.0000014334
  0.0000003238
  0.0000002886
  0.0000023860
  0.0000006627
  0.0000016386
  0.0000197523
 -0.0000260230
  0.0000503664
  0.0000415917
  0.0000051868
 -0.0000033844
  0.0000487596
 -0.0000104004
 -0.0000413720
  0.0000138617
 -0.0000218633
  0.0000000013
  0.0000090539
 -0.0001068665
  0.0000246621
 -0.0000162924
  0.0000022340
  0.0000052182
  0.0000046311
 -0.0000050384
 -0.0000013511
 -0.0000002265
 -0.0000039670
  0.0000019075
  0.0000006787
  0.0000027820
 -0.0000007211
  0.0000037883
  0.0000019440
 -0.0000000960
  0.0000045367
 -0.0000037944
 -0.0000014484
  0.0000002889
  0.0000077150
  0.0000007048
  0.0000030114
  0.0000025414
  0.0000016290
  0.0000001842
  0.0000007414
 -0.0000101297
 -0.0000004957
 -0.0000047045
 -0.0000008556
 -0.0000020712
  0.0000028748
  0.0000013657
  0.0000004899
  0.0000002585
 -0.0000002349
  0.0000059085
 -0.0000003623
  0.0000008920
  0.0000019594
  0.0000022181
 -0.0000061099
 -0.0000092399
  0.0000075178
  0.0000014385
 -0.0000004222
 -0.0000000371
  0.0000017372
  0.0000017382
  0.0000004669
  0.0000030023
 -0.0000011675
  0.0000002319
 -0.0000024085
  0.0000003384
  0.0000025066
  0.0000005007
 -0.0000004003
  0.0000016737
  0.0000023188
 -0.0000849915
  0.0000957752
  0.0000106215
  0.0000226115
  0.0000384208
  0.0000211103
 -0.0000015516
 -0.0000838872
  0.0000159496
  0.0000322491
 -0.0000399060
  0.0000069840
  0.0000019119
  0.0000069374
  0.0000018020
 -0.0000035749
  0.0000025854
  0.0000002663
 -0.0000000021
  0.0000009512
  0.0000013812
  0.0000028652
  0.0000020733
 -0.0000010899
 -0.0000003171
 -0.0000011860
  0.0000021294
 -0.0000005854
 -0.0000007406
 -0.0000026097
 -0.0000019520
  0.0000002056
  0.0000065918
  0.0000006074
 -0.0000006378
 -0.0000001816
  0.0000018574
  0.0000006370
  0.0000022334
 -0.0000014042
 -0.0000012940
 -0.0000000292
 -0.0000004107
  0.0000011533
  0.0000006374
 -0.0000010865
  0.0000002980
 -0.0000003096
 -0.0000017369
  0.0000011676
 -0.0000000315
 -0.0000015918
  0.0000010481
 -0.0000077738
 -0.0000022518
 -0.0000072537
  0.0000004800
 -0.0000088344
 -0.0000035870
 -0.0000078532
 -0.0000040699
  0.0000009761
  0.0000010347
 -0.0000042044
  0.0000013900
 -0.0000054633
  0.0000008758
 -0.0000079831
 -0.0000120937
 -0.0000161753
 -0.0000128851
 -0.0000019650
 -0.0000013918
 -0.0000011901
 -0.0000020803
 -0.0000004198
  0.0000010557
  0.0000006754
  0.0000035012
 -0.0000030630
  0.0000004125
 -0.0000000714
  0.0000000257
  0.0000000609
  0.0000008344
  0.0000017643
 -0.0000004566
  0.0000001403
 -0.0000277660
 -0.0000053386
  0.0000012479
  0.0000218536
 -0.0000060343
 -0.0000134965
  0.0000254240
 -0.0000067746
  0.0000014584
  0.0000151538
  0.0000168926
 -0.0000174675
 -0.0000019177
  0.0000072382
  0.0000008674
 -0.0000049903
 -0.0000002205
 -0.0000010938
 -0.0000001096
  0.0000003147
  0.0000002013
  0.0000005632
 -0.0000008052
 -0.0000003033
 -0.0000013573
 -0.0000018562
  0.0000011826
  0.0000012360
 -0.0000007376
 -0.0000018656
 -0.0000039440
 -0.0000028305
 -0.0000017623
  0.0000034697
  0.0000013150
 -0.0000006822
  0.0000005541
  0.0000031751
  0.0000008432
 -0.0000006317
 -0.0000033176
 -0.0000012862
  0.0000027708
  0.0000013693
 -0.0000008757
 -0.0000007749
  0.0000029020
  0.0000007518
 -0.0000009328
 -0.0000006491
  0.0000011351
  0.0000080425
  0.0000006419
  0.0000051416
  0.0000095315
 -0.0000028598
 -0.0000056008
  0.0000003364
 -0.0000007790
  0.0000058736
  0.0000112509
  0.0000033089
  0.0000027521
  0.0000154062
  0.0000122731
 -0.0000020733
 -0.0000023713
 -0.0000002534
  0.0000000125
 -0.0000001934
 -0.0000024489
 -0.0000027580
  0.0000012410
 -0.0000010322
 -0.0000015650
 -0.0000015925
 -0.0000002079
 -0.0000001577
 -0.0000010853
 -0.0000014997
  0.0000322044
 -0.0000675149
  0.0001091940
  0.0000716899
 -0.0000019983
  0.0000056604
  0.0000036520
 -0.0000012909
  0.0000152921
 -0.0003169074
 -0.0000195877
  0.0000000735
 -0.0000000507
 -0.0000023554
  0.0000026157
 -0.0000017695
 -0.0000013764
 -0.0000052099
  0.0000046103
 -0.0000052792
 -0.0000020635
 -0.0000020695
  0.0000042898
 -0.0000014759
  0.0000042466
 -0.0000006460
 -0.0000013649
  0.0000003840
  0.0000046713
 -0.0000026686
  0.0000088688
 -0.0000003285
 -0.0000045337
 -0.0000035121
 -0.0000016471
 -0.0000016426
 -0.0000024716
 -0.0000057626
 -0.0000042162
  0.0000000241
 -0.0000002709
 -0.0000020518
 -0.0000062321
  0.0000017092
  0.0000010006
  0.0000004423
  0.0000010630
 -0.0000025717
 -0.0000040474
  0.0000002644
 -0.0000017666
  0.0000067770
  0.0000119326
  0.0000073431
 -0.0000053055
 -0.0000123550
 -0.0000058898
 -0.0000040373
 -0.0000033021
 -0.0000016150
  0.0000194215
  0.0000178894
  0.0000096564
  0.0000000325
 -0.0000002748
  0.0000016545
  0.0000021527
  0.0000029837
  0.0000002403
 -0.0000004571
  0.0000032714
  0.0000005147
  0.0000006839
  0.0000016883
  0.0000013516
  0.0000020322
  0.0000008270
  0.0000003577
  0.0000225477
 -0.0003661210
  0.0001084393
 -0.0000061284
  0.0000154294
  0.0000628891
  0.0000074973
  0.0000170696
 -0.0000630207
 -0.0000035720
  0.0000308697
 -0.0000116795
  0.0000090927
  0.0000019703
  0.0000043226
  0.0000004604
  0.0000062987
 -0.0000003478
  0.0000015193
  0.0000017646
  0.0000115563
  0.0000023020
  0.0000005096
  0.0000004090
  0.0000081305
  0.0000011338
  0.0000021531
  0.0000056242
  0.0000010736
  0.0000004742
  0.0000022560
  0.0000043773
  0.0000073200
 -0.0000002166
  0.0000161527
  0.0000012465
 -0.0000018245
 -0.0000006254
  0.0000029778
  0.0000006140
 -0.0000002561
  0.0000016942
  0.0000021405
  0.0000008243
  0.0000033651
  0.0000000474
 -0.0000034414
 -0.0000017299
 -0.0000013571
 -0.0000009616
  0.0000001699
 -0.0000027841
  0.0000009433
 -0.0000014702
  0.0000008595
 -0.0000034325
  0.0000007333
 -0.0000012341
  0.0000023173
 -0.0000026101
  0.0000028144
 -0.0000017572
 -0.0000027877
  0.0000001198
 -0.0000011041
 -0.0000018797
  0.0000012574
  0.0000007650
 -0.0000059745
 -0.0000002568
 -0.0000006220
  0.0000001669
 -0.0000035692
 -0.0000010085
 -0.0000008831
 -0.0000018303
  0.0000017936
  0.0000005750
  0.0000000983
 -0.0000015462
 -0.0000014113
 -0.0000006681
 -0.0000012014
 -0.0000001846
  0.0000009264
 -0.0000002325
 -0.0000021729
 -0.0000057472
  0.0000001410
  0.0000009066
  0.0000014098
 -0.0000051962
 -0.0000015259
  0.0000015847
 -0.0000011394
 -0.0000006514
  0.0000019670
 -0.0000967828
 -0.0002364841
  0.0000434823
  0.0000025498
  0.0000020841
  0.0000622517
 -0.0000082271
 -0.0000104683
  0.0000195659
  0.0000028981
 -0.0000057879
  0.0000517433
 -0.0000000514
 -0.0000024724
  0.0000448191
  0.0000273066
  0.0000338261
 -0.0000007255
  0.0000056683
  0.0000045762
  0.0000013885
 -0.0000000113
 -0.0000013307
  0.0000024469
  0.0000137690
 -0.0000059634
  0.0000015638
  0.0000004459
 -0.0000001530
  0.0000007721
  0.0000109722
  0.0000027239
  0.0000045430
 -0.0000015272
 -0.0000055380
  0.0000011246
 -0.0000017606
  0.0000004071
  0.0000016817
  0.0000040320
  0.0000002813
 -0.0000013407
 -0.0000022186
  0.0000000395
 -0.0000015327
 -0.0000014481
 -0.0000008031
 -0.0000068487
 -0.0000005709
 -0.0000002853
 -0.0000034565
 -0.0000030791
  0.0000001676
 -0.0000026737
  0.0000001382
 -0.0000064349
 -0.0000112970
 -0.0000182772
 -0.0000145187
 -0.0000017835
 -0.0000013473
 -0.0000038181
 -0.0000018710
 -0.0000010737
 -0.0000003367
  0.0000003695
  0.0000020822
 -0.0000029011
  0.0000000543
 -0.0000007443
 -0.0000010022
  0.0000004590
  0.0000004655
  0.0000010182
 -0.0000016652
  0.0000003751
 -0.0000450685
  0.0000039121
  0.0000166477
 -0.0000135473
  0.0000059790
  0.0000182306
 -0.0000057430
  0.0001948502
  0.0000028732
  0.0000185687
  0.0000037938
 -0.0000033107
  0.0000059966
  0.0000005932
 -0.0000057398
 -0.0000002443
 -0.0000024493
 -0.0000013398
 -0.0000005984
 -0.0000005267
  0.0000002522
 -0.0000009817
 -0.0000020713
 -0.0000025363
 -0.0000025070
 -0.0000010594
  0.0000006030
 -0.0000030229
 -0.0000024995
 -0.0000048325
 -0.0000036385
 -0.0000038245
  0.0000033359
 -0.0000011294
 -0.0000011257
 -0.0000004631
  0.0000015989
 -0.0000010577
 -0.0000030363
 -0.0000035312
 -0.0000025172
 -0.0000012901
  0.0000001272
 -0.0000010358
 -0.0000012758
  0.0000011170
 -0.0000003265
 -0.0000000799
 -0.0000000029
 -0.0000006007
  0.0000017854
 -0.0000021819
  0.0000065225
 -0.0000059740
 -0.0000012539
 -0.0000004373
 -0.0000029395
  0.0000010921
 -0.0000053835
 -0.0000023269
  0.0000005127
 -0.0000018663
 -0.0000045317
  0.0000040996
  0.0000021728
 -0.0000062305
 -0.0000004841
 -0.0000006480
  0.0000000112
  0.0000015560
  0.0000027291
 -0.0000008883
 -0.0000003963
  0.0000027087
 -0.0000000692
  0.0000001184
  0.0000008834
  0.0000022106
  0.0000014331
  0.0000004023
  0.0000012622
  0.0000069053
 -0.0000899943
  0.0001228908
  0.0000692358
 -0.0000083180
  0.0000049370
  0.0000469763
 -0.0000137592
 -0.0001562566
  0.0000080917
  0.0000021860
 -0.0000090145
  0.0001146992
 -0.0001962716
 -0.0000061892
  0.0000344457
  0.0000256719
  0.0000130001
  0.0000013023
  0.0000027915
 -0.0000046371
  0.0000023210
 -0.0000015198
 -0.0000085303
  0.0000014095
  0.0000011102
 -0.0000007756
  0.0000022312
 -0.0000009722
 -0.0000037413
 -0.0000026579
 -0.0000010003
  0.0000012809
  0.0000013752
 -0.0000010502
 -0.0000001214
 -0.0000011038
  0.0000007174
 -0.0000046732
  0.0000012234
 -0.0000026976
  0.0000005394
 -0.0000009020
  0.0000003497
  0.0000003607
  0.0000017251
  0.0000068790
 -0.0000003134
  0.0000007524
  0.0000030312
 -0.0000118667
  0.0000022024
  0.0000012503
  0.0000000150
 -0.0000002415
  0.0000016678
 -0.0000005167
 -0.0000001834
 -0.0000003108
 -0.0000014786
  0.0000002562
 -0.0000005303
  0.0000002910
  0.0000028851
 -0.0000003938
  0.0000001506
  0.0000015755
  0.0000020946
 -0.0000027582
  0.0001065521
  0.0000119530
  0.0000055724
  0.0000426563
  0.0000223151
 -0.0000006666
 -0.0000748225
  0.0000156051
  0.0000333692
  0.0000407529
  0.0000073995
  0.0000035219
  0.0000062874
  0.0000015971
 -0.0000003100
  0.0000004287
 -0.0000014511
  0.0000004217
  0.0000003582
  0.0000013577
  0.0000023455
  0.0000010103
  0.0000027980
 -0.0000002783
 -0.0000035696
  0.0000007963
 -0.0000025014
  0.0000000804
  0.0000007355
 -0.0000003515
  0.0000021759
  0.0000062357
 -0.0000019142
 -0.0000010727
 -0.0000007639
  0.0000006069
 -0.0000016941
  0.0000000784
 -0.0000011897
 -0.0000010830
 -0.0000022654
 -0.0000000344
  0.0000014449
 -0.0000000567
  0.0000023912
  0.0000007571
 -0.0000007203
 -0.0000009423
 -0.0000011864
 -0.0000081453
 -0.0000029203
 -0.0000070260
 -0.0000068856
 -0.0000037050
 -0.0000042182
 -0.0000127398
 -0.0000158823
 -0.0000130472
 -0.0000050342
 -0.0000056630
 -0.0000029680
 -0.0000039950
 -0.0000011351
 -0.0000022830
 -0.0000030763
 -0.0000026370
 -0.0000052410
 -0.0000027199
 -0.0000034940
 -0.0000019017
 -0.0000011191
 -0.0000028910
 -0.0000010664
 -0.0000018794
 -0.0000016742
 -0.0000277639
 -0.0000024195
  0.0000218616
 -0.0000067552
 -0.0000193690
  0.0000247191
 -0.0000065274
  0.0000301682
  0.0000077025
  0.0000112203
 -0.0000230514
  0.0000010524
  0.0000023902
 -0.0000012293
 -0.0000037254
  0.0000012529
 -0.0000014684
 -0.0000047442
 -0.0000050761
 -0.0000049216
  0.0000003600
 -0.0000006497
 -0.0000007893
 -0.0000023004
 -0.0000031461
 -0.0000081906
  0.0000007171
 -0.0000021425
 -0.0000031105
 -0.0000026660
 -0.0000038538
 -0.0000009874
  0.0000041018
 -0.0000011396
 -0.0000043772
 -0.0000033831
 -0.0000033143
 -0.0000012281
 -0.0000009541
 -0.0000084691
 -0.0000054047
 -0.0000016062
 -0.0000031117
 -0.0000001940
 -0.0000023181
  0.0000007840
  0.0000002087
  0.0000016811
  0.0000031127
 -0.0000015591
  0.0000002067
 -0.0000020740
  0.0000020258
  0.0000015421
  0.0000010725
 -0.0000018432
  0.0000039168
  0.0000017815
  0.0000024779
 -0.0000004581
  0.0000049575
  0.0000017300
  0.0000015326
 -0.0000011739
  0.0000021670
  0.0000015565
  0.0000022889
  0.0000003510
  0.0000010753
  0.0000029861
 -0.0000028519
  0.0000020822
  0.0000021883
  0.0000000236
  0.0000009578
 -0.0000012624
  0.0000021119
 -0.0000008646
  0.0000020947
  0.0000039007
  0.0000030039
  0.0000012802
  0.0000010448
 -0.0000002423
 -0.0000025867
 -0.0000004440
 -0.0000002236
  0.0000004045
  0.0000024747
  0.0000001578
  0.0000062443
  0.0000035293
 -0.0000028703
  0.0000006941
  0.0000007281
 -0.0000014958
 -0.0000011944
 -0.0000002278
  0.0000019267
 -0.0001342711
 -0.0002226103
  0.0000147071
  0.0000138334
  0.0000039754
  0.0000607129
 -0.0000057376
  0.0000093868
 -0.0000104868
  0.0000118350
 -0.0000026294
  0.0000473971
  0.0000301128
 -0.0000081646
  0.0000384114
  0.0000256462
  0.0000378146
 -0.0000010012
  0.0000035179
 -0.0000014733
  0.0000001009
 -0.0000000045
 -0.0000033425
  0.0000067679
  0.0000142938
  0.0000019370
 -0.0000032386
 -0.0000002900
 -0.0000001062
  0.0000047635
 -0.0000012763
 -0.0000039035
  0.0000009632
  0.0000093671
  0.0000020817
 -0.0000039572
  0.0000025235
  0.0000008853
  0.0000000299
 -0.0000132579
  0.0000066506
 -0.0000001458
 -0.0000001775
  0.0000002883
  0.0000014375
 -0.0000020578
  0.0000085976
 -0.0000060435
 -0.0000032627
  0.0000044114
  0.0000010753
  0.0000113051
 -0.0000033571
 -0.0000014917
 -0.0000002462
 -0.0000000496
  0.0000007389
  0.0000023142
 -0.0000025386
  0.0000004653
  0.0000001308
 -0.0000020513
  0.0000008442
  0.0000007193
 -0.0000004270
 -0.0000009263
  0.0000007650
  0.0000302862
 -0.0000584041
  0.0000850157
  0.0000462389
 -0.0000031213
 -0.0000026277
 -0.0000070060
 -0.0000148254
  0.0000295419
 -0.0000510298
 -0.0000216004
  0.0000005410
  0.0000013766
  0.0000008644
 -0.0000053201
  0.0000003735
 -0.0000017463
 -0.0000014470
  0.0000060781
 -0.0000039792
  0.0000019446
  0.0000012528
  0.0000009122
 -0.0000021026
 -0.0000047259
  0.0000004031
 -0.0000037189
 -0.0000034414
 -0.0000010471
  0.0000096121
 -0.0000015967
 -0.0000007999
  0.0000001814
  0.0000008697
 -0.0000015645
  0.0000009040
 -0.0000046581
 -0.0000017516
  0.0000010824
  0.0000004630
 -0.0000008989
 -0.0000008345
  0.0000016881
 -0.0000000279
 -0.0000030206
 -0.0000065409
 -0.0000003082
 -0.0000035201
 -0.0000098683
 -0.0000008381
 -0.0000026403
  0.0000029217
 -0.0000127572
 -0.0000077334
 -0.0000112670
 -0.0000009094
 -0.0000051366
 -0.0000062111
 -0.0000080432
 -0.0000017665
 -0.0000031885
 -0.0000011109
 -0.0000026037
 -0.0000008618
  0.0000073376
  0.0000041814
 -0.0000090112
  0.0000004797
 -0.0000029963
  0.0000019151
  0.0000026371
 -0.0000021425
 -0.0000045845
 -0.0000028709
 -0.0000006627
  0.0000012633
  0.0000004416
 -0.0000000412
 -0.0000013065
 -0.0000005423
  0.0000007282
 -0.0000000893
  0.0000265695
 -0.0000334597
  0.0000789003
  0.0000431418
 -0.0000031145
 -0.0000080806
  0.0000336916
 -0.0000075244
 -0.0000123699
 -0.0000220423
  0.0000657262
 -0.0000454531
 -0.0000265871
  0.0000009995
  0.0000044238
  0.0000061409
 -0.0000048310
  0.0000018103
 -0.0000001681
 -0.0000064890
 -0.0000005870
 -0.0000018607
  0.0000014078
  0.0000039455
  0.0000010039
  0.0000045403
 -0.0000019900
  0.0000030907
  0.0000010139
  0.0000011656
  0.0000028841
 -0.0000036223
 -0.0000008868
 -0.0000009340
  0.0000134188
 -0.0000003601
  0.0000036511
  0.0000029139
  0.0000019595
 -0.0000003888
  0.0000001251
 -0.0000047328
 -0.0000054085
  0.0000000525
 -0.0000043360
  0.0000023163
 -0.0000005043
 -0.0000007869
  0.0000003588
 -0.0000026153
  0.0000010342
 -0.0000000134
  0.0000078600
 -0.0000015163
 -0.0000016294
 -0.0000061251
 -0.0000058927
 -0.0000018885
 -0.0000001870
 -0.0000009979
  0.0000068691
  0.0000046335
 -0.0000008483
 -0.0000019353
  0.0000006329
  0.0000013600
 -0.0000017913
  0.0000012651
 -0.0000025017
 -0.0000012825
  0.0000001109
 -0.0000005516
  0.0000002405
 -0.0000011844
  0.0000009564
  0.0000002690
  0.0000005449
  0.0000175087
 -0.0000207639
  0.0000736393
  0.0000422245
  0.0000058419
 -0.0000018128
  0.0000463517
 -0.0000105960
 -0.0000437657
 -0.0000232496
 -0.0000011126
  0.0000087942
 -0.0001064476
 -0.0000123163
 -0.0000019280
  0.0000015501
 -0.0000016029
  0.0000034317
  0.0000021674
 -0.0000006191
 -0.0000057811
  0.0000027019
 -0.0000012133
 -0.0000009210
  0.0000072113
 -0.0000013204
  0.0000053955
  0.0000017058
  0.0000026049
  0.0000048429
 -0.0000019111
  0.0000150875
 -0.0000038586
 -0.0000016108
 -0.0000002234
  0.0000007705
 -0.0000007708
 -0.0000021173
 -0.0000003640
  0.0000034051
  0.0000006698
 -0.0000027330
  0.0000002735
  0.0000000467
  0.0000008998
 -0.0000055013
  0.0000016420
  0.0000062657
 -0.0000059096
 -0.0000030548
 -0.0000072444
 -0.0000006176
 -0.0000039931
 -0.0000013177
 -0.0000002702
  0.0000007099
  0.0000079391
  0.0000048697
 -0.0000037136
 -0.0000013407
 -0.0000017815
  0.0000005171
  0.0000007446
  0.0000017704
 -0.0000009582
 -0.0000019817
  0.0000010822
 -0.0000002433
 -0.0000007086
  0.0000000141
 -0.0000007157
  0.0000006842
 -0.0000004193
 -0.0000012045
  0.0000267021
 -0.0000078699
  0.0000586293
  0.0000380770
  0.0000007538
 -0.0000049510
  0.0000435335
 -0.0000095886
 -0.0000369472
 -0.0000243755
  0.0000537012
 -0.0000807557
 -0.0000242842
  0.0000008708
  0.0000029498
 -0.0000010898
  0.0000015074
 -0.0000005782
 -0.0000010270
 -0.0000058880
  0.0000013241
 -0.0000010915
 -0.0000014636
 -0.0000011590
  0.0000020380
 -0.0000004295
  0.0000102449
  0.0000003547
  0.0000018460
 -0.0000019509
  0.0000045772
 -0.0000018497
  0.0000159302
  0.0000005169
 -0.0000033258
 -0.0000016776
  0.0000017480
 -0.0000007829
 -0.0000016779
 -0.0000013093
 -0.0000039604
  0.0000014994
 -0.0000020707
 -0.0000012661
 -0.0000056769
  0.0000016121
  0.0000017907
 -0.0000027790
  0.0000002675
 -0.0000029949
  0.0000010663
 -0.0000010999
  0.0000001942
 -0.0000015867
  0.0000018069
 -0.0000006162
  0.0000025083
 -0.0000007617
  0.0000030159
  0.0000010135
  0.0000012629
 -0.0000011476
  0.0000031078
  0.0000005024
  0.0000002289
 -0.0000017315
  0.0000010428
  0.0000023459
 -0.0000053641
  0.0000010782
  0.0000009026
 -0.0000006231
  0.0000000153
 -0.0000004764
 -0.0000006141
 -0.0000010039
 -0.0000007282
  0.0000023162
  0.0000001045
 -0.0000014808
  0.0000012891
  0.0000009867
 -0.0000068193
  0.0000013631
 -0.0000007519
 -0.0000006394
  0.0000012980
 -0.0000030083
  0.0000038972
  0.0000000375
  0.0000024447
 -0.0000006267
 -0.0000013879
  0.0000030459
  0.0000005537
  0.0000016169
 -0.0000029671
 -0.0001319455
 -0.0001053322
 -0.0000145979
  0.0000147506
  0.0000026237
  0.0000534985
 -0.0000038779
  0.0000127607
 -0.0000207628
  0.0000200496
 -0.0000019546
  0.0000296570
  0.0000534977
  0.0000193678
  0.0000231839
  0.0000183215
  0.0000285987
 -0.0000023444
  0.0000037917
 -0.0000036319
 -0.0000005734
  0.0000004263
  0.0000001252
 -0.0000074338
  0.0000041278
  0.0000109166
  0.0000001085
 -0.0000008970
  0.0000045731
 -0.0000011053
  0.0000002967
  0.0000028591
 -0.0000060115
  0.0000038307
 -0.0000003717
  0.0000023279
 -0.0000013293
  0.0000019042
 -0.0000008098
 -0.0000163964
  0.0000053852
 -0.0000009165
 -0.0000008956
 -0.0000002438
 -0.0000016305
 -0.0000001593
  0.0000014148
  0.0000057292
  0.0000010367
 -0.0000027370
  0.0000041447
  0.0000020539
  0.0000080784
 -0.0000030666
 -0.0000065422
 -0.0000004456
 -0.0000013675
  0.0000038839
  0.0000074571
  0.0000022888
  0.0000034508
  0.0000132574
  0.0000101085
 -0.0000011266
 -0.0000032547
 -0.0000019754
  0.0000009058
  0.0000021249
 -0.0000009384
 -0.0000003946
  0.0000026248
  0.0000000969
  0.0000007286
  0.0000008337
  0.0000015563
  0.0000019431
 -0.0000004569
  0.0000006166
  0.0000308133
 -0.0000614517
  0.0000976923
  0.0000590984
 -0.0000030958
  0.0000357850
  0.0000016645
 -0.0000048938
 -0.0000078561
  0.0000277034
 -0.0002155571
 -0.0000209569
  0.0000019476
  0.0000014733
  0.0000013593
 -0.0000028031
 -0.0000022204
 -0.0000012720
 -0.0000076390
  0.0000000499
 -0.0000047050
 -0.0000017772
  0.0000004509
 -0.0000025662
  0.0000013507
  0.0000076754
 -0.0000012480
 -0.0000000864
  0.0000004752
 -0.0000059711
  0.0000014867
 -0.0000004161
  0.0000111767
  0.0000004732
  0.0000002076
  0.0000000616
  0.0000005109
 -0.0000003309
  0.0000000869
 -0.0000043268
 -0.0000047755
 -0.0000010559
 -0.0000060848
 -0.0000013112
 -0.0000054591
  0.0000006820
 -0.0000046822
  0.0000015635
 -0.0000001708
 -0.0000019443
  0.0000014845
 -0.0000002505
  0.0000017679
 -0.0000004009
  0.0000082514
 -0.0000011318
 -0.0000001156
 -0.0000007032
 -0.0000013959
 -0.0000052256
  0.0000003255
 -0.0000054966
  0.0000003591
 -0.0000001923
 -0.0000022946
  0.0000004031
  0.0000003931
  0.0000063775
  0.0000045633
 -0.0000003048
 -0.0000026825
 -0.0000010900
 -0.0000023410
  0.0000011746
  0.0000009098
 -0.0000005522
 -0.0000066980
 -0.0000030081
  0.0000021944
  0.0000022059
 -0.0000004667
  0.0000025582
  0.0000009137
  0.0000000716
 -0.0000006437
  0.0000013792
  0.0000110333
 -0.0000537834
  0.0000910316
  0.0000468515
 -0.0000033958
 -0.0000000838
  0.0000384624
 -0.0000108369
 -0.0001035301
 -0.0000167747
 -0.0000068548
 -0.0000034443
  0.0001049924
 -0.0000983129
 -0.0000079492
  0.0000212024
 -0.0000032072
  0.0000177795
  0.0000009275
  0.0000060380
  0.0000029753
  0.0000005391
  0.0000004935
 -0.0000009664
 -0.0000073136
  0.0000023030
  0.0000053743
  0.0000029631
  0.0000081277
  0.0000012475
  0.0000012283
 -0.0000005170
 -0.0000010209
 -0.0000003863
  0.0000000780
 -0.0000005722
 -0.0000015943
 -0.0000019533
  0.0000002677
 -0.0000008811
 -0.0000000673
 -0.0000011903
  0.0000013536
  0.0000010853
  0.0000036058
  0.0000004372
 -0.0000045796
  0.0000019675
 -0.0000012039
  0.0000034291
  0.0000039227
 -0.0000062421
 -0.0000144677
 -0.0000056983
 -0.0000074500
  0.0000047240
 -0.0000010618
 -0.0000003531
  0.0000005716
  0.0000021096
  0.0000021327
  0.0000044026
 -0.0000013630
  0.0000018483
  0.0000014793
  0.0000011861
  0.0000019181
  0.0000018974
  0.0000031291
  0.0000001840
  0.0000019002
  0.0000135370
  0.0001121941
  0.0000918697
  0.0000038854
 -0.0000086749
  0.0000524642
  0.0000062760
 -0.0000023438
 -0.0001254368
 -0.0000079550
  0.0000277144
 -0.0000015017
 -0.0000007800
 -0.0000001706
  0.0000061522
  0.0000022313
 -0.0000044293
  0.0000020740
  0.0000000221
  0.0000026968
  0.0000055478
  0.0000020587
  0.0000024473
  0.0000013714
  0.0000016155
 -0.0000003110
  0.0000007236
  0.0000020138
 -0.0000007125
 -0.0000018428
 -0.0000028277
 -0.0000023816
 -0.0000010261
  0.0000089653
  0.0000009717
  0.0000006380
  0.0000016755
  0.0000056698
  0.0000011536
 -0.0000001961
  0.0000010841
  0.0000005948
 -0.0000000506
  0.0000025099
  0.0000000533
  0.0000005591
 -0.0000002559
 -0.0000006952
  0.0000004087
 -0.0000028840
  0.0000010459
 -0.0000013875
  0.0000007838
 -0.0000013390
  0.0000006870
 -0.0000013287
  0.0000025476
 -0.0000012309
  0.0000033853
  0.0000008296
 -0.0000008159
  0.0000024217
 -0.0000013011
 -0.0000008779
 -0.0000004023
  0.0000015087
  0.0000006950
 -0.0000059226
 -0.0000002600
 -0.0000007494
 -0.0000008999
  0.0000000601
 -0.0000015244
 -0.0000009222
 -0.0000006730
 -0.0000018194
  0.0000029735
  0.0000021025
  0.0000008596
 -0.0000007085
  0.0000006772
  0.0000001726
  0.0000032841
  0.0000014318
  0.0000022108
  0.0000007316
  0.0000001075
 -0.0000009616
  0.0000009577
 -0.0000000695
 -0.0000003481
  0.0000003220
 -0.0000002384
  0.0000012512
  0.0000000051
  0.0000029297
 -0.0000006339
 -0.0001223387
 -0.0002246649
  0.0000168586
  0.0000117475
  0.0000030121
  0.0000640858
 -0.0000054748
  0.0000085539
 -0.0000022041
  0.0000106955
 -0.0000036207
  0.0000598636
  0.0000256463
 -0.0000068015
  0.0000433211
  0.0000221080
  0.0000387747
  0.0000014066
  0.0000034863
 -0.0000004452
 -0.0000007303
  0.0000007540
 -0.0000008336
  0.0000057757
  0.0000157258
  0.0000005017
  0.0000018500
 -0.0000010920
  0.0000035774
 -0.0000024473
 -0.0000032692
  0.0000111632
 -0.0000034533
 -0.0000010477
 -0.0000002069
 -0.0000108946
  0.0000054182
 -0.0000006312
 -0.0000015860
 -0.0000003470
 -0.0000002382
  0.0000006502
  0.0000003252
 -0.0000006330
 -0.0000067004
  0.0000090850
  0.0000015384
 -0.0000002411
  0.0000014936
  0.0000015986
  0.0000023591
 -0.0000081850
 -0.0000111624
  0.0000054734
 -0.0000084996
  0.0000019548
  0.0000022215
 -0.0000010721
 -0.0000024900
  0.0000000136
  0.0000012660
 -0.0000001416
  0.0000031527
 -0.0000035630
 -0.0000005446
  0.0000000212
 -0.0000002085
 -0.0000003249
 -0.0000003233
  0.0000002610
 -0.0000000698
 -0.0000000985
 -0.0000055880
  0.0000996636
  0.0000118530
  0.0000210535
  0.0000279472
  0.0000048367
 -0.0000022019
 -0.0000834427
  0.0000078768
  0.0000330159
 -0.0000355369
 -0.0000024773
 -0.0000022272
  0.0000033403
  0.0000005748
 -0.0000055426
 -0.0000001291
 -0.0000014690
  0.0000007562
  0.0000031132
  0.0000003514
  0.0000002578
 -0.0000012265
  0.0000022981
 -0.0000013225
 -0.0000023615
 -0.0000028116
  0.0000010096
 -0.0000010111
 -0.0000043051
 -0.0000032773
 -0.0000038810
 -0.0000020280
  0.0000072244
  0.0000010432
 -0.0000011920
 -0.0000002555
  0.0000035326
  0.0000005663
 -0.0000007862
 -0.0000022011
 -0.0000012658
  0.0000020994
  0.0000021410
 -0.0000009137
 -0.0000007908
 -0.0000006819
  0.0000003804
 -0.0000023882
  0.0000012514
  0.0000007647
  0.0000016599
 -0.0000001961
  0.0000017742
 -0.0000000405
  0.0000025469
  0.0000007195
  0.0000039171
  0.0000003205
  0.0000011365
  0.0000005964
  0.0000039950
 -0.0000014627
 -0.0000002209
  0.0000026898
  0.0000015911
  0.0000004293
 -0.0000034344
 -0.0000003441
 -0.0000004751
 -0.0000001081
  0.0000008837
  0.0000011942
  0.0000012615
 -0.0000007456
  0.0000040527
  0.0000013254
  0.0000026582
  0.0000012174
  0.0000002489
 -0.0000029733
 -0.0000069327
 -0.0000019454
 -0.0000012514
  0.0000020017
  0.0000017939
 -0.0000034582
  0.0000014461
  0.0000046855
 -0.0000012118
 -0.0000004555
 -0.0000026813
  0.0000010323
  0.0000013132
 -0.0000064922
 -0.0000061291
 -0.0001287268
 -0.0001220695
 -0.0000204429
  0.0000146845
  0.0000033417
  0.0000538712
 -0.0000038152
  0.0000129569
 -0.0000162698
  0.0000234157
 -0.0000020211
  0.0000420006
  0.0000538447
 -0.0000067480
  0.0000245503
  0.0000146652
  0.0000358030
 -0.0000002494
  0.0000030882
 -0.0000013127
 -0.0000016031
 -0.0000005130
 -0.0000051995
  0.0000038413
  0.0000108188
 -0.0000028756
  0.0000011411
  0.0000021153
 -0.0000027013
 -0.0000053050
 -0.0000011642
  0.0000061632
  0.0000036087
  0.0000003832
  0.0000011692
 -0.0000008855
 -0.0000147147
  0.0000048241
 -0.0000007767
 -0.0000017523
 -0.0000013331
 -0.0000024824
  0.0000008583
 -0.0000011965
  0.0000003474
 -0.0000023788
  0.0000004931
  0.0000007686
 -0.0000021761
  0.0000026451
 -0.0000017139
  0.0000004016
 -0.0000025327
 -0.0000004102
 -0.0000004221
 -0.0000055918
 -0.0000015406
  0.0000006783
 -0.0000029555
 -0.0000007291
 -0.0000019402
 -0.0000012498
  0.0000023436
  0.0000018849
  0.0000005720
 -0.0000009224
 -0.0000016477
 -0.0000004361
 -0.0000017627
  0.0000016758
  0.0000015418
  0.0000028706
  0.0000035328
 -0.0000033426
  0.0000053487
  0.0000019644
  0.0000004855
  0.0000032223
  0.0000039951
  0.0000005652
  0.0000000186
  0.0000022988
 -0.0000000617
 -0.0000979177
 -0.0002332946
  0.0000420885
  0.0000017850
  0.0000021525
  0.0000620860
 -0.0000080601
 -0.0000128100
  0.0000285801
  0.0000033576
 -0.0000058384
  0.0000475201
 -0.0000014036
  0.0000010675
  0.0000424650
  0.0000248291
  0.0000180510
  0.0000015862
  0.0000038987
 -0.0000016950
 -0.0000001066
 -0.0000001364
 -0.0000004207
  0.0000117705
 -0.0000007703
 -0.0000036106
  0.0000003454
 -0.0000030088
  0.0000016874
  0.0000067245
 -0.0000031388
 -0.0000016489
  0.0000005819
 -0.0000031228
  0.0000005819
  0.0000000121
 -0.0000011562
  0.0000001663
 -0.0000014672
 -0.0000001699
 -0.0000007606
  0.0000011304
 -0.0000011349
  0.0000024237
  0.0000023036
  0.0000007371
 -0.0000000376
  0.0000004874
  0.0000030001
 -0.0000006274
  0.0000017376
  0.0000017935
  0.0000009204
  0.0000032443
  0.0000007340
  0.0000033853
 -0.0000042185
 -0.0000008133
  0.0000032443
  0.0000004467
  0.0000025344
 -0.0000002521
  0.0000000246
 -0.0000002434
 -0.0000016229
  0.0000010753
  0.0000011879
  0.0000009529
 -0.0000003156
 -0.0000004186
 -0.0000007708
  0.0000002498
  0.0000011306
  0.0000013551
 -0.0000004592
 -0.0000014355
 -0.0000052117
  0.0000003478
 -0.0000004320
 -0.0000000229
 -0.0000009775
 -0.0000005104
 -0.0000001550
 -0.0000008105
  0.0000020540
 -0.0000110022
 -0.0001432204
 -0.0000153574
 -0.0000408940
  0.0000159792
  0.0000058617
  0.0000389678
  0.0000003863
 -0.0000000486
 -0.0000257535
  0.0000360514
  0.0000009254
  0.0000077749
  0.0000546622
  0.0000129749
  0.0000157303
  0.0000209377
  0.0000275744
 -0.0000000248
  0.0000015828
 -0.0000025208
 -0.0000075141
  0.0000012728
  0.0000098273
 -0.0000012776
  0.0000004692
  0.0000002891
 -0.0000063247
  0.0000032884
 -0.0000032475
 -0.0000015516
  0.0000002235
 -0.0000014231
 -0.0000187009
  0.0000063085
 -0.0000017805
 -0.0000020872
 -0.0000000249
 -0.0000000714
  0.0000004376
 -0.0000009677
  0.0000017990
  0.0000012174
  0.0000011083
  0.0000002660
  0.0000048041
  0.0000039008
  0.0000026930
  0.0000014450
  0.0000017250
  0.0000050131
  0.0000005826
  0.0000003442
  0.0000030810
  0.0000020692
 -0.0000009555
  0.0000041866
  0.0000012610
  0.0000005020
 -0.0000026479
 -0.0000004275
  0.0000013685
  0.0000000673
  0.0000015769
  0.0000008462
  0.0000015273
 -0.0000007641
 -0.0000019446
  0.0000020847
  0.0000013400
  0.0000023476
  0.0000014445
  0.0000013502
 -0.0000018525
 -0.0000053429
 -0.0000020627
 -0.0000018619
 -0.0000006670
  0.0000002905
 -0.0000010287
  0.0000052259
  0.0000005040
 -0.0000048816
 -0.0000010344
  0.0000003506
 -0.0000034645
 -0.0000019916
 -0.0000022966
 -0.0000079325
 -0.0001233028
  0.0001510032
 -0.0000496412
  0.0000172772
  0.0000085257
  0.0000166992
  0.0000053332
 -0.0000290739
 -0.0000150161
  0.0000406000
 -0.0000003502
 -0.0000484205
  0.0000715046
  0.0000134753
  0.0000010033
  0.0000235832
 -0.0000228191
 -0.0000025489
 -0.0000015676
 -0.0000055115
 -0.0000007616
 -0.0000051768
  0.0000045687
  0.0000065999
 -0.0000050639
  0.0000037450
  0.0000018706
 -0.0000008205
  0.0000040649
 -0.0000049807
  0.0000078898
  0.0000007992
 -0.0000025473
  0.0000038555
 -0.0000003785
 -0.0000133011
  0.0000067951
 -0.0000018358
 -0.0000011253
  0.0000002288
 -0.0000036750
  0.0000007334
 -0.0000016047
 -0.0000042316
  0.0000017004
 -0.0000020708
  0.0000011159
  0.0000000882
  0.0000060347
  0.0000028238
 -0.0000023566
 -0.0000033568
 -0.0000071881
 -0.0000006186
 -0.0000038171
 -0.0000001826
 -0.0000016440
 -0.0000002077
  0.0000011438
  0.0000076282
  0.0000045611
 -0.0000022942
 -0.0000003565
 -0.0000034387
  0.0000006196
  0.0000016570
 -0.0000011897
 -0.0000041559
 -0.0000036841
 -0.0000014104
 -0.0000012809
  0.0000003726
 -0.0000009892
 -0.0000019986
 -0.0000003901
  0.0000000807
 -0.0000000526
  0.0000250257
 -0.0000198172
  0.0000562656
  0.0000422764
  0.0000061158
 -0.0000050582
  0.0000472080
 -0.0000105317
 -0.0000532063
  0.0000049770
 -0.0000263411
 -0.0000008434
  0.0000101769
 -0.0000911928
  0.0000268165
 -0.0000243822
  0.0000003131
  0.0000051513
  0.0000059132
 -0.0000050278
 -0.0000002279
 -0.0000017441
 -0.0000039566
  0.0000019238
  0.0000013374
  0.0000036965
  0.0000013530
  0.0000043239
 -0.0000000283
 -0.0000011793
  0.0000045493
 -0.0000038923
 -0.0000025639
 -0.0000012246
  0.0000089827
 -0.0000007558
  0.0000034610
  0.0000026908
  0.0000010312
 -0.0000015670
  0.0000000602
 -0.0000085027
 -0.0000010842
 -0.0000043414
  0.0000006306
 -0.0000004644
 -0.0000005293
 -0.0000022916
 -0.0000009543
  0.0000009334
 -0.0000028648
  0.0000009338
  0.0000015945
 -0.0000035072
  0.0000037790
  0.0000005686
 -0.0000016349
 -0.0000015122
 -0.0000014106
  0.0000002706
 -0.0000056111
 -0.0000046927
 -0.0000005042
 -0.0000013290
 -0.0000039478
  0.0000023833
  0.0000020561
  0.0000010585
 -0.0000006280
 -0.0000011621
 -0.0000043762
 -0.0000017666
  0.0000008240
 -0.0000003972
 -0.0000044170
 -0.0000046097
 -0.0000015339
 -0.0000006705
  0.0000001299
 -0.0000010281
 -0.0000021560
  0.0000012722
 -0.0000005753
 -0.0000002447
  0.0000030076
 -0.0000988082
 -0.0001177014
  0.0000876820
  0.0000019184
  0.0000032849
  0.0000556816
 -0.0000125538
 -0.0000821251
  0.0000272470
  0.0000017623
 -0.0000022396
  0.0000833969
 -0.0000682497
 -0.0000184516
  0.0000362708
  0.0000385273
  0.0000063923
  0.0000011195
  0.0000047305
  0.0000019817
  0.0000017353
 -0.0000011445
  0.0000073632
  0.0000060481
  0.0000033227
  0.0000026171
 -0.0000024658
  0.0000019871
 -0.0000009625
  0.0000138984
  0.0000024045
  0.0000017820
  0.0000041031
 -0.0000006516
  0.0000041278
  0.0000011334
 -0.0000001968
  0.0000006171
  0.0000019773
 -0.0000006329
 -0.0000053944
 -0.0000049079
 -0.0000017819
 -0.0000098886
 -0.0000129664
 -0.0000040478
 -0.0000027143
 -0.0000028888
 -0.0000052238
 -0.0000019373
  0.0000002898
 -0.0000075710
 -0.0000039229
  0.0000016927
  0.0000007318
  0.0000006344
  0.0000001947
 -0.0000004062
  0.0000004947
 -0.0000041760
 -0.0000005798
 -0.0000339334
 -0.0000016799
  0.0000234460
 -0.0000059058
 -0.0000172937
  0.0000276944
 -0.0000033133
  0.0000934634
  0.0000077415
  0.0000100886
 -0.0000011674
 -0.0000193203
  0.0000007795
  0.0000012503
  0.0000011642
  0.0000003011
 -0.0000027072
  0.0000009528
 -0.0000044982
 -0.0000028507
 -0.0000042235
  0.0000002310
 -0.0000012868
  0.0000050779
 -0.0000010652
 -0.0000070735
 -0.0000004765
 -0.0000034827
 -0.0000010651
  0.0000013520
 -0.0000004168
  0.0000000209
  0.0000070004
 -0.0000014192
 -0.0000043779
 -0.0000018013
  0.0000004620
  0.0000018747
 -0.0000043975
 -0.0000064276
 -0.0000039501
 -0.0000001295
 -0.0000007689
 -0.0000003162
 -0.0000001206
 -0.0000072691
 -0.0000024547
 -0.0000048464
 -0.0000023123
  0.0000045897
 -0.0000046013
 -0.0000073080
  0.0000048075
  0.0000013403
 -0.0000051166
 -0.0000044511
  0.0000025027
  0.0000007721
 -0.0000043324
 -0.0000010430
  0.0000717037
 -0.0000251393
  0.0000661559
  0.0000004146
 -0.0000175862
  0.0000230563
 -0.0000023050
 -0.0000489167
 -0.0000517767
 -0.0000089152
  0.0000062492
  0.0000010239
  0.0000009424
  0.0000018930
 -0.0000019680
 -0.0000003945
 -0.0000002543
 -0.0000002392
 -0.0000003868
 -0.0000029246
  0.0000023101
 -0.0000038152
  0.0000027290
 -0.0000024420
  0.0000003355
 -0.0000025603
 -0.0000007896
 -0.0000021174
  0.0000015173
 -0.0000069781
 -0.0000010999
  0.0000062177
 -0.0000048517
 -0.0000023587
  0.0000006468
 -0.0000009538
 -0.0000014903
 -0.0000011766
 -0.0000021618
  0.0000019285
 -0.0000069873
 -0.0000032851
 -0.0000046237
 -0.0000073245
 -0.0000046967
 -0.0000008159
 -0.0000050878
  0.0000093286
 -0.0000096289
 -0.0000085833
 -0.0000064196
 -0.0000063499
 -0.0000033187
 -0.0000053321
 -0.0000054273
 -0.0000040175
 -0.0000034116
  0.0001038373
 -0.0000051835
 -0.0000238501
  0.0000643281
 -0.0000010792
 -0.0000252843
  0.0000214513
 -0.0000028159
 -0.0000562763
 -0.0000473781
 -0.0000155571
 -0.0000074608
 -0.0000068691
 -0.0000030634
 -0.0000013824
 -0.0000064564
 -0.0000041697
 -0.0000060199
 -0.0000068124
 -0.0000052381
 -0.0000036647
 -0.0000030795
 -0.0000051490
  0.0000022854
 -0.0000054032
 -0.0000080997
 -0.0000055248
 -0.0000014830
 -0.0000039125
 -0.0000056516
  0.0000057683
 -0.0000037438
 -0.0000090087
 -0.0000047455
 -0.0000038424
 -0.0000054105
 -0.0000009912
 -0.0000013916
 -0.0000062330
 -0.0000054682
 -0.0000040428
 -0.0000032360
  0.0000002283
  0.0000037759
 -0.0000146167
 -0.0000004054
 -0.0000000821
 -0.0000025488
 -0.0000003182
  0.0000028805
 -0.0000045176
 -0.0000011695
  0.0000043684
  0.0000035119
  0.0000014286
  0.0000029239
  0.0000022788
  0.0000018930
 -0.0000022206
  0.0000022065
  0.0000013812
  0.0001030671
  0.0000128536
 -0.0000047303
  0.0000431124
  0.0000242853
  0.0000006389
 -0.0000686966
  0.0000205122
  0.0000310077
  0.0000497047
  0.0000184895
  0.0000025948
  0.0000043101
  0.0000030898
  0.0000030387
 -0.0000002233
  0.0000014638
 -0.0000001553
  0.0000005928
  0.0000005064
  0.0000022701
  0.0000006203
  0.0000078426
  0.0000018847
 -0.0000047426
  0.0000041944
  0.0000022115
  0.0000017444
  0.0000096639
  0.0000028754
 -0.0000023720
  0.0000009553
  0.0000031797
  0.0000035746
 -0.0000019594
 -0.0000022123
  0.0000041187
  0.0000019320
  0.0000024450
 -0.0000003946
 -0.0000022176
 -0.0000032534
 -0.0000010936
 -0.0000007157
  0.0000024978
  0.0000051930
 -0.0000054455
 -0.0000019845
  0.0000048339
  0.0000043571
  0.0000000046
  0.0000067025
  0.0000027454
  0.0000018445
 -0.0000007910
 -0.0000004888
  0.0001642298
  0.0000880665
  0.0000105659
  0.0000342579
  0.0000209918
 -0.0005893807
  0.0000093848
  0.0000293334
 -0.0000252797
  0.0000087674
  0.0000034826
  0.0000025976
 -0.0000013907
 -0.0000020720
  0.0000007105
 -0.0000017744
 -0.0000010874
  0.0000060325
 -0.0000023877
  0.0000036783
 -0.0000019587
 -0.0000016382
 -0.0000007075
 -0.0000004370
  0.0000116892
 -0.0000005021
 -0.0000042217
 -0.0000002780
  0.0000069231
 -0.0000030545
 -0.0000022866
  0.0000018034
 -0.0000002196
 -0.0000002943
 -0.0000007323
 -0.0000041067
 -0.0000065437
  0.0000020907
  0.0000036935
 -0.0000002270
  0.0000042991
 -0.0000058357
  0.0000016484
 -0.0000004555
  0.0000004083
 -0.0000002911
  0.0000019933
  0.0000003095
  0.0000021931
 -0.0000025370
  0.0000721563
 -0.0000056939
 -0.0000280099
  0.0000582678
 -0.0000036901
 -0.0000126561
  0.0000155753
 -0.0000029393
 -0.0000737278
 -0.0000377803
 -0.0000094163
  0.0000191646
 -0.0000032389
  0.0000013121
  0.0000018021
 -0.0000013670
 -0.0000033243
  0.0000021194
 -0.0000009111
  0.0000014762
  0.0000006666
 -0.0000032685
  0.0000024281
 -0.0000022026
  0.0000045579
 -0.0000020637
 -0.0000018996
 -0.0000006043
 -0.0000024706
  0.0000014649
 -0.0000066458
  0.0000011062
  0.0000075036
 -0.0000026442
 -0.0000000021
 -0.0000006290
 -0.0000013111
 -0.0000000498
  0.0000008744
  0.0000043588
  0.0000044937
  0.0000015910
 -0.0000006311
 -0.0000030844
 -0.0000047429
 -0.0000032927
 -0.0000115061
 -0.0000062033
  0.0000003081
 -0.0000062348
 -0.0000050409
 -0.0000077694
 -0.0000015716
 -0.0000037459
 -0.0000024703
 -0.0000015237
  0.0000805807
  0.0000446569
 -0.0000159312
 -0.0000021341
 -0.0000738589
 -0.0000018555
  0.0000280567
  0.0000170327
 -0.0000148054
  0.0000015106
  0.0000002122
  0.0000011712
  0.0000005771
  0.0000002847
  0.0000018123
 -0.0000004556
 -0.0000028526
  0.0000018679
  0.0000020396
 -0.0000010297
 -0.0000008549
 -0.0000059561
 -0.0000034170
  0.0000043395
 -0.0000003880
  0.0000069044
 -0.0000116412
  0.0000040420
 -0.0000002431
  0.0000040811
 -0.0000002073
  0.0000018793
  0.0000012099
 -0.0000058064
 -0.0000010399
  0.0000020135
 -0.0000020514
 -0.0000023408
 -0.0000018161
 -0.0000089957
 -0.0000048310
  0.0000033509
 -0.0000043842
 -0.0000076302
 -0.0000075528
  0.0000000619
 -0.0000018292
 -0.0000014500
  0.0000057064
 -0.0000254268
  0.0001185267
 -0.0000206669
  0.0000474659
 -0.0000158401
  0.0001639921
 -0.0000618252
 -0.0000056759
 -0.0000082413
 -0.0000121119
 -0.0000152031
  0.0000027618
  0.0000006180
  0.0000010022
  0.0000010668
  0.0000001112
  0.0000010380
  0.0000022009
  0.0000014919
 -0.0000012625
  0.0000054703
  0.0000003651
  0.0000001339
 -0.0000000207
  0.0000010520
 -0.0000010457
  0.0000020335
  0.0000032372
 -0.0000073305
  0.0000069029
 -0.0000000963
  0.0000021218
 -0.0000046872
  0.0000020905
  0.0000022392
 -0.0000009237
  0.0000016245
  0.0000014651
  0.0000007548
 -0.0000026708
  0.0000017817
  0.0000036812
  0.0000003763
  0.0000026229
 -0.0000039351
 -0.0000031265
 -0.0000019329
 -0.0000025728
 -0.0000002269
  0.0000001419
 -0.0000008031
  0.0000017306
 -0.0000010473
  0.0000125234
 -0.0000553810
  0.0000552419
  0.0000438217
  0.0000031386
 -0.0000409135
 -0.0000222521
  0.0000349954
 -0.0000825567
 -0.0000037760
 -0.0000017253
  0.0000026490
 -0.0000019511
  0.0000001979
 -0.0000016511
 -0.0000012026
 -0.0000028923
  0.0000083552
 -0.0000009794
 -0.0000039954
 -0.0000013592
  0.0000027188
 -0.0000018895
  0.0000062894
  0.0000003185
 -0.0000043548
  0.0000003487
  0.0000028672
  0.0000017621
 -0.0000035541
  0.0000009771
  0.0000008919
 -0.0000006341
  0.0000015439
 -0.0000030679
 -0.0000023501
 -0.0000004305
  0.0000026677
 -0.0000058299
  0.0000073429
 -0.0000008451
  0.0000009616
 -0.0000009502
 -0.0000012213
  0.0000009395
 -0.0000066886
  0.0000001979
 -0.0000012667
 -0.0000027027
 -0.0000307925
  0.0001090786
  0.0000011719
 -0.0000010816
  0.0000285627
 -0.0000100065
  0.0000027938
  0.0000511083
 -0.0000723152
  0.0000156911
  0.0000097155
  0.0000651499
 -0.0000114100
 -0.0000027705
  0.0000008206
  0.0000012845
 -0.0000021929
 -0.0000025406
 -0.0000011994
 -0.0000009901
  0.0000008465
  0.0000004531
 -0.0000035144
  0.0000022806
 -0.0000016547
 -0.0000014721
  0.0000017594
  0.0000025485
 -0.0000001659
 -0.0000008643
 -0.0000025978
  0.0000120909
 -0.0000070200
 -0.0000004176
  0.0000024460
  0.0000002650
  0.0000016578
 -0.0000013441
 -0.0000002271
  0.0000019777
  0.0000008441
  0.0000008560
 -0.0000007517
 -0.0000047197
 -0.0000020046
 -0.0000010974
  0.0000030940
  0.0000047256
 -0.0000051405
 -0.0000021922
  0.0000049649
  0.0000023902
  0.0000005305
  0.0000055585
  0.0000017083
 -0.0000011520
 -0.0000011117
 -0.0000014349
 -0.0000081445
 -0.0000223936
  0.0000519454
  0.0000499928
 -0.0000738167
 -0.0000032227
  0.0000471321
 -0.0000740255
  0.0000412651
  0.0000007865
  0.0000010433
 -0.0000022693
 -0.0000004375
 -0.0000010170
  0.0000005614
 -0.0000016566
  0.0000050100
 -0.0000026687
  0.0000027342
 -0.0000019637
 -0.0000017773
  0.0000071458
 -0.0000013602
 -0.0000038520
 -0.0000019673
  0.0000061696
 -0.0000009949
  0.0000010360
 -0.0000003704
 -0.0000011149
 -0.0000004136
  0.0000079848
  0.0000061238
 -0.0000049766
 -0.0000046162
 -0.0000034891
 -0.0000015095
  0.0000062870
 -0.0000013980
  0.0000012957
 -0.0000066512
  0.0000061063
 -0.0000029927
 -0.0000031121
 -0.0000019660
  0.0000026782
 -0.0000003106
 -0.0000005746
 -0.0000015909
 -0.0000314273
  0.0001127659
  0.0000710880
  0.0000361643
  0.0000382300
 -0.0000705836
 -0.0000173575
  0.0000433348
  0.0000038319
 -0.0000053283
  0.0000022892
 -0.0000020176
 -0.0000041835
  0.0000157385
  0.0000025543
 -0.0000010161
 -0.0000098700
  0.0000009937
 -0.0000109588
 -0.0000006459
  0.0000009028
  0.0000036051
  0.0000010568
 -0.0000165044
  0.0000005396
  0.0000045091
  0.0000079835
  0.0000059755
  0.0000013823
 -0.0000023998
 -0.0000000775
  0.0000029238
  0.0000006177
 -0.0000048147
  0.0000014730
  0.0000020704
  0.0000007919
 -0.0000041407
 -0.0000019030
  0.0000020174
  0.0000030923
  0.0000026466
 -0.0000050458
 -0.0000018823
  0.0000002262
  0.0000026646
  0.0000021090
  0.0000016043
  0.0000031787
  0.0000035693
  0.0000032217
 -0.0000029576
 -0.0000429612
  0.0001508707
  0.0000855812
  0.0000419230
 -0.0001401010
  0.0000344617
 -0.0001751989
  0.0000170441
  0.0000007528
 -0.0000021821
 -0.0000015070
 -0.0000030389
 -0.0000034319
  0.0000039950
  0.0000011684
 -0.0000003337
 -0.0000018424
 -0.0000008356
  0.0000022181
  0.0000005685
 -0.0000074172
  0.0000027194
 -0.0000044433
 -0.0000026083
 -0.0000001595
  0.0000004431
 -0.0000036952
 -0.0000045381
 -0.0000053155
 -0.0000016629
 -0.0000011530
 -0.0000012663
  0.0000007412
 -0.0000004367
 -0.0000003585
  0.0000024950
 -0.0000024447
 -0.0000004165
 -0.0000009240
 -0.0000000549
  0.0000013553
 -0.0000003759
  0.0000001421
  0.0000004480
  0.0000010032
  0.0000162289
 -0.0000064096
  0.0000610763
  0.0000443609
 -0.0000002450
  0.0000467667
 -0.0000104694
 -0.0000503173
 -0.0000263818
  0.0000554801
 -0.0000993698
 -0.0000095303
  0.0000025353
  0.0000009072
 -0.0000055525
 -0.0000022992
  0.0000009095
  0.0000002508
  0.0000073798
 -0.0000020986
  0.0000003190
 -0.0000019574
 -0.0000007062
 -0.0000009275
 -0.0000045619
 -0.0000033784
  0.0000016512
  0.0000117961
 -0.0000017464
 -0.0000010328
  0.0000039943
  0.0000024204
 -0.0000010211
 -0.0000026682
  0.0000017875
 -0.0000010081
 -0.0000004777
  0.0000015689
  0.0000017625
 -0.0000020958
  0.0000009726
 -0.0000006728
  0.0000035210
 -0.0000001963
  0.0000118848
 -0.0000023032
 -0.0000034268
  0.0000002247
 -0.0000001192
  0.0000006962
 -0.0000004421
  0.0000012268
 -0.0000003238
  0.0000041685
  0.0000061641
 -0.0000247713
  0.0000339718
  0.0000554257
  0.0000467343
 -0.0001006691
 -0.0000016771
 -0.0000036276
 -0.0001049039
  0.0000365225
  0.0000034678
  0.0000024692
 -0.0000012080
 -0.0000011059
 -0.0000018338
  0.0000081838
 -0.0000027195
 -0.0000034306
 -0.0000004629
  0.0000035204
  0.0000055508
 -0.0000059830
  0.0000001254
  0.0000030983
 -0.0000020121
 -0.0000037706
 -0.0000036487
  0.0000009265
  0.0000007543
 -0.0000004136
  0.0000035428
  0.0000010285
 -0.0000061321
 -0.0000015167
  0.0000025077
  0.0000008342
  0.0000012275
  0.0000026513
 -0.0000012797
  0.0000013076
  0.0000048505
 -0.0000041565
  0.0000042358
 -0.0000006537
  0.0000050272
  0.0000023652
  0.0000020057
  0.0000473946
  0.0000427470
 -0.0000323898
 -0.0000967765
 -0.0000138509
  0.0000026452
 -0.0000002884
 -0.0000011698
  0.0000026827
 -0.0000019066
 -0.0000020720
  0.0000018974
 -0.0000013816
 -0.0000062532
  0.0000025474
  0.0000002429
  0.0000018166
 -0.0000005734
  0.0000015056
  0.0000011599
 -0.0000003958
 -0.0000045617
  0.0000071209
  0.0000026200
 -0.0000052315
  0.0000004557
 -0.0000015113
 -0.0000019701
  0.0000028491
 -0.0000032573
 -0.0000022674
  0.0000022909
  0.0000018352
 -0.0000024820
 -0.0000058220
 -0.0000014773
 -0.0000050631
  0.0000016572
  0.0000004914
  0.0000012540
 -0.0000042881
 -0.0000010567
 -0.0000042475
 -0.0000182899
  0.0000098687
 -0.0000262385
  0.0000550745
  0.0000245225
  0.0000296544
 -0.0000963789
 -0.0000291943
 -0.0000052591
  0.0000234051
  0.0000008521
  0.0000018103
  0.0000006051
  0.0000002942
 -0.0000022992
 -0.0000026196
 -0.0000086126
 -0.0000013327
 -0.0000029557
 -0.0000029457
 -0.0000019866
  0.0000002190
 -0.0000024323
 -0.0000005868
 -0.0000064773
 -0.0000004080
 -0.0000153008
 -0.0000009663
  0.0000058347
 -0.0000112081
  0.0000047153
 -0.0000031179
  0.0000014205
  0.0000008248
  0.0000016457
 -0.0000003560
 -0.0000015084
 -0.0000027144
  0.0000007948
  0.0000009616
 -0.0000003253
 -0.0000024501
 -0.0000012782
  0.0000008146
 -0.0000020285
 -0.0000031990
 -0.0000031209
 -0.0000013572
  0.0000008444
  0.0000034643
 -0.0000006481
 -0.0000026511
  0.0000016577
  0.0000009614
 -0.0000003859
  0.0000087591
 -0.0000197129
  0.0000161583
  0.0000401056
  0.0000048943
  0.0000036591
  0.0000465060
 -0.0000103183
 -0.0000306684
 -0.0000184770
  0.0000145713
 -0.0000998184
  0.0000035160
 -0.0000007063
  0.0000024509
 -0.0000014314
 -0.0000016047
  0.0000002119
  0.0000049419
 -0.0000014479
  0.0000019124
  0.0000003501
 -0.0000013655
  0.0000007336
 -0.0000005740
 -0.0000004808
  0.0000117549
 -0.0000019209
 -0.0000015496
  0.0000028566
 -0.0000017382
 -0.0000026713
 -0.0000027774
 -0.0000007991
 -0.0000015391
  0.0000008821
 -0.0000071096
  0.0000102011
  0.0000053696
 -0.0000063529
 -0.0000021241
  0.0000088571
 -0.0000002725
  0.0000075123
 -0.0000060186
  0.0000016796
  0.0000045663
  0.0000049759
 -0.0000029973
  0.0000013200
  0.0000050457
 -0.0000026350
 -0.0000040721
 -0.0000089362
 -0.0000032812
  0.0000881517
  0.0001040382
 -0.0003623017
  0.0000044234
  0.0000567802
  0.0001068451
  0.0000033177
  0.0000090191
  0.0000053572
  0.0000044765
 -0.0000000879
 -0.0000131450
  0.0000005905
  0.0000040580
  0.0000008938
 -0.0000216407
 -0.0000007239
 -0.0000095214
  0.0000012018
  0.0000035118
  0.0000025212
 -0.0000005484
  0.0000028539
  0.0000139578
  0.0000016252
 -0.0000061121
  0.0000077174
  0.0000015121
  0.0000032730
  0.0000024202
 -0.0000086833
  0.0000017251
  0.0000094577
  0.0000031091
 -0.0000038799
  0.0000011324
  0.0000006644
  0.0000047740
  0.0000014541
  0.0000020772
 -0.0000037553
 -0.0000005463
  0.0000004492
  0.0000013744
 -0.0000011062
  0.0000053375
  0.0000013570
  0.0000026013
  0.0000028394
  0.0000035174
  0.0000203217
 -0.0001555637
  0.0000950089
  0.0000120015
 -0.0000079532
  0.0000535748
  0.0000093048
 -0.0000006110
 -0.0000889257
  0.0000080653
  0.0000345125
 -0.0000259946
 -0.0000067218
 -0.0000015086
  0.0000026236
  0.0000041977
  0.0000004542
 -0.0000007729
 -0.0000010399
  0.0000007870
  0.0000002598
  0.0000018938
 -0.0000001600
  0.0000077083
 -0.0000006126
 -0.0000028089
  0.0000028892
  0.0000030651
 -0.0000005392
  0.0000090525
 -0.0000007269
  0.0000028013
  0.0000040950
 -0.0000008363
  0.0000020723
 -0.0000021076
  0.0000001291
  0.0000033595
  0.0000011641
 -0.0000038065
 -0.0000048106
 -0.0000002583
  0.0000045448
  0.0000045618
 -0.0000019737
 -0.0000087393
  0.0000015842
  0.0000008067
  0.0000039828
  0.0000014040
  0.0000150204
 -0.0000028165
  0.0000003544
  0.0000045902
  0.0000018159
 -0.0000320550
 -0.0000227808
  0.0000648337
 -0.0000215933
 -0.0000014017
 -0.0000335441
 -0.0000086322
  0.0000201047
 -0.0000052508
  0.0000025632
  0.0000011082
  0.0000023240
 -0.0000013025
  0.0000002169
 -0.0000005648
  0.0000027633
  0.0000062241
 -0.0000034580
  0.0000028101
 -0.0000014485
  0.0000006547
 -0.0000004962
 -0.0000005157
 -0.0000033704
  0.0000018168
  0.0000000483
 -0.0000039330
 -0.0000007759
  0.0000063308
 -0.0000039014
 -0.0000027515
 -0.0000002023
  0.0000000924
 -0.0000013505
 -0.0000039722
  0.0000095527
 -0.0000022997
 -0.0000039358
 -0.0000019483
  0.0000054194
 -0.0000011962
  0.0000001567
 -0.0000069448
  0.0000035023
 -0.0000038612
 -0.0000009003
 -0.0000011065
  0.0000008055
 -0.0000036238
 -0.0000010265
 -0.0000030133
  0.0000136612
  0.0000412660
  0.0000917027
  0.0000673203
  0.0000379833
 -0.0004624746
  0.0000110371
  0.0000203153
  0.0000988627
 -0.0000052747
 -0.0000019890
  0.0000002872
  0.0000028429
 -0.0000072461
  0.0000146983
 -0.0000033891
  0.0000017170
 -0.0000117431
 -0.0000063745
 -0.0000103352
 -0.0000031439
 -0.0000039487
 -0.0000023958
  0.0000006604
 -0.0000039168
 -0.0000184703
 -0.0000021717
  0.0000045785
  0.0000030430
  0.0000029597
 -0.0000006241
 -0.0000028964
  0.0000073208
  0.0000003297
 -0.0000056867
 -0.0000025025
  0.0000014297
 -0.0000018337
  0.0000002837
  0.0000020042
  0.0000011603
  0.0000024970
 -0.0000089053
 -0.0000005921
  0.0000041821
 -0.0000001401
 -0.0000026558
  0.0000044560
  0.0000019033
  0.0000010886
 -0.0000008561
  0.0000027291
  0.0000225210
  0.0000840941
  0.0000415876
 -0.0000003779
 -0.0000046887
 -0.0000097162
 -0.0000157933
  0.0000445097
 -0.0000652924
 -0.0000134964
 -0.0000158416
 -0.0000019915
 -0.0000028213
  0.0000022061
  0.0000007581
 -0.0000016489
 -0.0000013535
 -0.0000012010
 -0.0000009288
  0.0000063699
 -0.0000015202
 -0.0000069804
  0.0000006846
  0.0000023828
  0.0000019032
 -0.0000010657
  0.0000057566
 -0.0000026428
  0.0000020293
  0.0000002744
 -0.0000014487
  0.0000010340
 -0.0000044065
 -0.0000005660
  0.0000024610
  0.0000009842
  0.0000001930
  0.0000012290
 -0.0000027539
 -0.0000025192
 -0.0000034519
  0.0000021290
  0.0000039698
 -0.0000053734
  0.0000088513
 -0.0000011934
  0.0000021015
 -0.0000000616
  0.0000002436
  0.0000027844
 -0.0000062106
  0.0000013307
  0.0000012045
 -0.0000034959
  0.0000278339
  0.0000670115
  0.0000942243
  0.0000114219
  0.0000460479
  0.0000135601
 -0.0003869506
  0.0000072847
  0.0000340681
 -0.0000252353
 -0.0000072902
  0.0000008280
  0.0000023515
 -0.0000011631
 -0.0000001041
 -0.0000020071
  0.0000007065
 -0.0000028795
  0.0000031191
 -0.0000026377
 -0.0000022539
 -0.0000012292
  0.0000003732
 -0.0000000151
 -0.0000024791
  0.0000121642
  0.0000001841
 -0.0000061871
  0.0000010011
  0.0000020990
 -0.0000024263
 -0.0000007359
  0.0000004793
 -0.0000008607
  0.0000013834
  0.0000010248
 -0.0000003202
  0.0000006479
  0.0000021585
 -0.0000007247
 -0.0000020318
 -0.0000016023
 -0.0000001549
 -0.0000017638
  0.0000017353
  0.0000014782
 -0.0000013606
  0.0000023064
  0.0000020342
  0.0000019486
  0.0000285907
  0.0001758557
  0.0000949811
 -0.0000052911
  0.0000064498
  0.0000379433
  0.0000021168
  0.0000110783
 -0.0005817548
 -0.0000142055
  0.0000229891
 -0.0000230647
 -0.0000030650
  0.0000022638
  0.0000059133
  0.0000027834
 -0.0000004328
 -0.0000012618
  0.0000009407
 -0.0000004546
  0.0000011996
  0.0000009715
  0.0000016534
  0.0000002332
  0.0000030869
 -0.0000010472
 -0.0000032124
  0.0000005004
 -0.0000002193
  0.0000013972
  0.0000071464
  0.0000020281
 -0.0000008826
 -0.0000005264
  0.0000006983
  0.0000028869
 -0.0000025061
 -0.0000026440
  0.0000026862
 -0.0000003742
 -0.0000001204
  0.0000011709
 -0.0000017108
  0.0000025122
  0.0000016110
  0.0000005050
  0.0000030925
 -0.0000035512
 -0.0000038878
  0.0000003726
 -0.0000053680
 -0.0000002654
  0.0000003430
  0.0000015297
  0.0000013397
  0.0000008593
 -0.0000376000
  0.0001015606
  0.0000053170
  0.0000094466
  0.0000252089
 -0.0000061781
  0.0000007802
  0.0000521189
 -0.0000782339
  0.0000207270
  0.0000186474
  0.0000291319
 -0.0000101948
 -0.0000023991
  0.0000007247
  0.0000032779
 -0.0000023348
 -0.0000000203
 -0.0000016366
 -0.0000047111
 -0.0000007854
 -0.0000021082
  0.0000009665
 -0.0000014867
  0.0000076391
 -0.0000019514
 -0.0000038091
  0.0000019503
  0.0000010835
 -0.0000016313
  0.0000099731
  0.0000003790
 -0.0000028014
  0.0000004119
  0.0000019072
 -0.0000014832
  0.0000007975
 -0.0000028681
 -0.0000011950
  0.0000011146
 -0.0000001128
 -0.0000092708
 -0.0000044915
 -0.0000065420
 -0.0000054173
 -0.0000035075
  0.0000039069
 -0.0000011933
  0.0000029350
 -0.0000086291
  0.0000019882
 -0.0000047517
 -0.0000051744
 -0.0000014896
 -0.0000017771
 -0.0000022753
 -0.0000025439
 -0.0000042298
  0.0000858763
  0.0000442323
 -0.0000112735
 -0.0000059406
 -0.0000508591
  0.0000250953
 -0.0000061680
 -0.0000023713
  0.0000010997
 -0.0000043414
 -0.0000050483
  0.0000143858
 -0.0000014099
 -0.0000062910
 -0.0000134735
 -0.0000057483
 -0.0000113769
 -0.0000028602
  0.0000003328
  0.0000008983
 -0.0000040539
 -0.0000047319
 -0.0000019943
  0.0000041675
  0.0000057027
  0.0000019017
 -0.0000009205
 -0.0000068321
  0.0000015487
 -0.0000052048
 -0.0000062815
 -0.0000003560
 -0.0000010414
  0.0000000174
  0.0000029055
  0.0000000462
 -0.0000079783
  0.0000299333
 -0.0000011100
  0.0000077771
  0.0000030947
 -0.0000013171
 -0.0000085226
 -0.0000038938
  0.0000015975
  0.0000033770
  0.0000027949
  0.0001107947
  0.0000632410
  0.0000365767
 -0.0000390586
 -0.0000035685
 -0.0000011638
  0.0000411702
  0.0000031067
  0.0000015887
 -0.0000003633
  0.0000010356
  0.0000006154
  0.0000064703
 -0.0000003042
  0.0000005345
 -0.0000068505
  0.0000008395
 -0.0000019281
 -0.0000039625
 -0.0000000437
  0.0000002620
  0.0000021863
 -0.0000012112
 -0.0000155685
  0.0000009269
  0.0000015256
 -0.0000015057
  0.0000067945
 -0.0000004832
 -0.0000012517
  0.0000134082
  0.0000015165
  0.0000022819
  0.0000006096
 -0.0000068242
 -0.0000042720
  0.0000011527
  0.0000007726
  0.0000017156
 -0.0000040040
 -0.0000098898
 -0.0000061232
  0.0000022082
 -0.0000068658
 -0.0000034749
 -0.0000077181
 -0.0000018031
 -0.0000059374
  0.0000006135
  0.0000074234
 -0.0000212660
  0.0000418541
 -0.0000246779
  0.0000583834
  0.0000943362
  0.0000266397
  0.0000411889
 -0.0002229535
 -0.0000274708
 -0.0000062205
  0.0000251174
  0.0000020405
  0.0000015022
  0.0000033633
 -0.0000013274
 -0.0000005537
 -0.0000006754
 -0.0000032101
 -0.0000005723
  0.0000022914
 -0.0000025591
 -0.0000014667
  0.0000049683
 -0.0000015510
  0.0000006824
  0.0000005412
 -0.0000004119
 -0.0000032026
 -0.0000080693
 -0.0000003500
 -0.0000015832
 -0.0000058560
  0.0000060794
 -0.0000023930
 -0.0000055820
 -0.0000001207
 -0.0000012325
 -0.0000011556
 -0.0000099915
 -0.0000078037
  0.0000026692
  0.0000017665
 -0.0000019232
 -0.0000016476
  0.0000006628
  0.0000001923
 -0.0000008796
  0.0000008883
 -0.0000027421
 -0.0000006420
 -0.0000039975
 -0.0000001787
  0.0000007638
 -0.0000007935
 -0.0000004468
  0.0000010643
  0.0000007245
  0.0000200747
 -0.0000160240
 -0.0000055654
  0.0000506830
 -0.0000029222
  0.0000099391
 -0.0000125492
  0.0000270742
  0.0000015187
 -0.0000475952
 -0.0000128924
  0.0000021658
 -0.0000110621
 -0.0000007474
  0.0000055473
  0.0000007454
 -0.0000015362
 -0.0000017333
 -0.0000025567
 -0.0000001568
  0.0000008231
  0.0000010769
  0.0000011690
  0.0000003628
  0.0000009826
 -0.0000011148
 -0.0000023106
 -0.0000047984
 -0.0000015991
 -0.0000036809
 -0.0000010187
 -0.0000003707
 -0.0000017940
 -0.0000023609
  0.0000139924
 -0.0000021380
 -0.0000020656
 -0.0000012947
  0.0000004482
 -0.0000020345
  0.0000004858
 -0.0000006291
 -0.0000017857
 -0.0000036279
 -0.0000009479
 -0.0000030389
 -0.0000005209
 -0.0000041292
  0.0000004545
  0.0000030388
  0.0000007133
 -0.0000037751
  0.0000149338
 -0.0000005510
  0.0000010606
  0.0000055621
 -0.0000045409
 -0.0000006043
 -0.0000042017
  0.0000053255
  0.0000029824
  0.0000059359
 -0.0004492835
  0.0000343216
 -0.0000017221
 -0.0000245239
 -0.0000061951
 -0.0000061701
 -0.0000036445
  0.0000026522
  0.0000010966
  0.0000021274
  0.0000002180
 -0.0000039313
  0.0000029538
 -0.0000006070
 -0.0000062459
 -0.0000019773
  0.0000005560
  0.0000014818
 -0.0000001053
 -0.0000036903
 -0.0000040526
  0.0000010593
  0.0000010540
 -0.0000047245
  0.0000077149
  0.0000004498
 -0.0000005404
 -0.0000021908
  0.0000018547
  0.0000022178
 -0.0000104663
  0.0000010073
  0.0000015662
 -0.0000000861
 -0.0000015077
  0.0000010016
  0.0000023214
  0.0000001002
  0.0000036172
 -0.0000027163
  0.0000000891
  0.0000012495
  0.0000004769
  0.0000008167
 -0.0000001494
  0.0000018034
  0.0000009277
  0.0000006029
 -0.0000790062
  0.0000085832
  0.0000416692
  0.0000292185
  0.0000193874
 -0.0000027762
  0.0000475428
  0.0000159334
  0.0000304950
 -0.0000038091
  0.0000074255
 -0.0000009374
  0.0000048127
  0.0000010934
 -0.0000054630
  0.0000005018
  0.0000003937
  0.0000001481
  0.0000025124
  0.0000012247
  0.0000010558
 -0.0000001875
  0.0000021636
 -0.0000005261
 -0.0000019184
 -0.0000008361
  0.0000018137
  0.0000006250
 -0.0000037723
 -0.0000034205
 -0.0000036783
 -0.0000010781
  0.0000075059
  0.0000030031
 -0.0000007063
  0.0000003373
  0.0000043522
  0.0000019394
 -0.0000000982
 -0.0000027437
 -0.0000012175
  0.0000036558
  0.0000024081
  0.0000000058
 -0.0000002206
  0.0000034266
  0.0000028433
 -0.0000002586
 -0.0000022484
  0.0000001776
 -0.0000072555
 -0.0000031653
  0.0000041363
 -0.0000028248
 -0.0000040231
 -0.0000049488
  0.0000019183
 -0.0000006020
  0.0000003512
  0.0000034412
 -0.0003399526
  0.0000900412
  0.0000457884
 -0.0000044829
 -0.0001081466
  0.0000233158
  0.0000111830
 -0.0000296816
 -0.0000081056
  0.0000031280
  0.0000030377
  0.0000026766
 -0.0000045698
 -0.0000002236
  0.0000010372
  0.0000038778
 -0.0000003974
  0.0000012614
  0.0000012741
  0.0000065076
  0.0000000246
  0.0000012742
 -0.0000008957
  0.0000026056
  0.0000049119
  0.0000004074
  0.0000074186
 -0.0000068730
  0.0000078567
 -0.0000043503
  0.0000052029
 -0.0000014822
 -0.0000011075
  0.0000040298
 -0.0000002625
 -0.0000047172
 -0.0000068672
  0.0000019395
  0.0000029777
 -0.0000071187
  0.0000064531
 -0.0000054993
  0.0000022786
  0.0000008410
 -0.0000002066
  0.0000022173
 -0.0000053884
  0.0000008839
  0.0000020071
 -0.0000032534
  0.0000109250
  0.0000662618
  0.0000436891
 -0.0000304578
 -0.0000190420
 -0.0000790415
 -0.0000138343
 -0.0000001857
 -0.0000059935
  0.0000036512
  0.0000021842
 -0.0000012675
 -0.0000002016
 -0.0000025615
  0.0000011101
  0.0000022624
 -0.0000029965
 -0.0000024884
 -0.0000010551
 -0.0000012809
  0.0000071922
  0.0000002660
 -0.0000066249
  0.0000007100
  0.0000020062
 -0.0000011568
 -0.0000039916
 -0.0000026491
 -0.0000001826
  0.0000006721
 -0.0000003925
 -0.0000074030
 -0.0000037763
  0.0000053054
  0.0000010521
 -0.0000041372
 -0.0000079601
 -0.0000013079
  0.0000002117
 -0.0000086127
 -0.0000031174
  0.0000120109
 -0.0000045811
 -0.0000066979
  0.0000054529
  0.0000036061
 -0.0000494143
  0.0001539272
  0.0000805457
  0.0000421270
 -0.0001441613
  0.0000726756
 -0.0001821549
  0.0000143548
  0.0000002764
  0.0000021913
 -0.0000023845
 -0.0000007223
  0.0000037045
  0.0000023518
  0.0000019518
 -0.0000001415
 -0.0000009347
 -0.0000008797
 -0.0000014142
  0.0000053071
  0.0000007646
  0.0000027549
 -0.0000086893
  0.0000011044
  0.0000045461
 -0.0000040936
  0.0000009205
 -0.0000026893
 -0.0000052963
  0.0000203046
 -0.0000287919
  0.0000020715
 -0.0000047080
 -0.0000049034
  0.0000003729
 -0.0001042766
 -0.0000486749
  0.0000584224
  0.0000005620
  0.0000054487
 -0.0000334915
  0.0000477425
 -0.0001278335
  0.0000973403
 -0.0000016898
 -0.0000034477
 -0.0000017693
 -0.0000013779
 -0.0000002395
 -0.0000014453
 -0.0000019992
 -0.0000219358
  0.0000037815
 -0.0000010202
 -0.0000001109
  0.0000077274
 -0.0000011000
 -0.0000017078
  0.0000050233
 -0.0000016787
 -0.0000030781
  0.0000000354
 -0.0000049897
 -0.0000011405
  0.0000004832
 -0.0000182913
  0.0000002875
  0.0000020203
  0.0000010497
 -0.0000072074
 -0.0000011225
 -0.0000019307
  0.0000080503
 -0.0000005827
 -0.0000011668
  0.0000016037
 -0.0000014289
 -0.0000006792
  0.0000073182
  0.0000047194
 -0.0000072728
 -0.0000205787
 -0.0000156433
 -0.0000008885
  0.0000136787
  0.0000174983
 -0.0000259527
  0.0000312957
  0.0000028792
 -0.0000176647
  0.0000081137
 -0.0001406717
  0.0001312145
 -0.0000014599
 -0.0000052559
 -0.0000019544
 -0.0000017879
 -0.0000062350
 -0.0000008701
  0.0000005465
 -0.0000184461
  0.0000002909
 -0.0000015616
  0.0000000420
  0.0000006758
 -0.0000006709
  0.0000000380
  0.0000095746
 -0.0000000571
 -0.0000055975
 -0.0000009373
 -0.0000019253
 -0.0000006317
 -0.0000020718
 -0.0000063968
 -0.0000024620
  0.0000002766
  0.0000018389
 -0.0000091154
  0.0000007277
 -0.0000006356
  0.0000049219
  0.0000013605
 -0.0000072570
 -0.0000006007
 -0.0000050042
 -0.0000003221
  0.0000078301
 -0.0000916415
 -0.0000093748
  0.0000257791
 -0.0000159376
 -0.0000095458
 -0.0000218305
  0.0000146315
  0.0000199284
  0.0000109080
  0.0000199574
  0.0000051349
 -0.0000017279
 -0.0001127752
  0.0001397204
 -0.0000003823
 -0.0000013767
  0.0000001731
  0.0000012162
  0.0000003461
 -0.0000002319
  0.0000049234
 -0.0000144299
  0.0000002136
  0.0000001855
  0.0000014881
  0.0000032614
  0.0000010407
  0.0000010743
  0.0000117853
  0.0000008046
 -0.0000026424
  0.0000000174
 -0.0000014544
  0.0000017496
  0.0000020156
 -0.0000028060
  0.0000017322
  0.0000015724
  0.0000052412
 -0.0000048027
  0.0000003165
 -0.0000006707
  0.0000078916
  0.0000008783
 -0.0000013818
  0.0000027130
 -0.0000016834
  0.0000019028
  0.0000068693
 -0.0000116192
  0.0000377159
  0.0000250019
 -0.0000335976
 -0.0000368870
  0.0000231896
 -0.0000125774
  0.0000298769
  0.0000048393
 -0.0000067888
  0.0000719908
 -0.0000206918
 -0.0001183783
  0.0000987848
  0.0000002444
  0.0000022594
 -0.0000009573
  0.0000043616
 -0.0000015198
  0.0000005402
  0.0000003777
 -0.0000083898
  0.0000044275
  0.0000011565
  0.0000021039
  0.0000138634
  0.0000021688
  0.0000014946
  0.0000046027
  0.0000014664
 -0.0000010024
  0.0000009573
  0.0000022722
 -0.0000003564
  0.0000024677
 -0.0000009145
  0.0000023451
  0.0000032291
  0.0000063576
 -0.0000041198
  0.0000009233
 -0.0000000649
 -0.0000109684
  0.0000050830
 -0.0000008993
  0.0000042570
 -0.0000010126
  0.0000018032
 -0.0000001965
  0.0000139421
 -0.0000093067
  0.0000407827
 -0.0000186511
 -0.0000048149
 -0.0000053052
  0.0000032078
 -0.0000038889
 -0.0000186584
  0.0000071925
 -0.0000013566
  0.0000110969
 -0.0001501296
  0.0000976319
  0.0000002548
 -0.0000002493
 -0.0000009597
 -0.0000000584
 -0.0000005599
  0.0000023513
  0.0000039424
 -0.0000076784
 -0.0000014462
 -0.0000003812
  0.0000021540
  0.0000053859
  0.0000009617
  0.0000019984
  0.0000137187
  0.0000024517
 -0.0000006348
 -0.0000006455
 -0.0000036429
  0.0000010422
  0.0000015182
 -0.0000169417
  0.0000018367
  0.0000010766
  0.0000033649
 -0.0000049393
  0.0000022635
  0.0000001983
  0.0000071274
  0.0000015268
 -0.0000003738
  0.0000008428
  0.0000012271
  0.0000006849
  0.0000622289
 -0.0000185661
  0.0000240223
  0.0000185465
  0.0000111387
 -0.0000137902
 -0.0000013165
 -0.0000164147
  0.0000000629
 -0.0000095616
  0.0000012789
  0.0000217005
 -0.0001282437
  0.0000635280
  0.0000407346
 -0.0000016474
 -0.0000060450
  0.0000007371
 -0.0000071646
  0.0000042701
  0.0000018635
 -0.0000079642
  0.0000044040
 -0.0000107148
 -0.0000002541
 -0.0000020933
  0.0000019209
 -0.0000015729
  0.0000053634
  0.0000102879
  0.0000000114
 -0.0000033814
  0.0000014208
 -0.0000066748
 -0.0000012864
  0.0000051757
 -0.0000080123
  0.0000031088
  0.0000019837
  0.0000052441
 -0.0000165666
 -0.0000026054
 -0.0000011221
  0.0000156721
  0.0000086116
  0.0000009642
  0.0000043796
  0.0000015125
  0.0000044503
  0.0000046327
 -0.0000086015
 -0.0000288958
 -0.0000135471
  0.0000152025
  0.0000003818
 -0.0000096312
 -0.0000245505
  0.0000577390
  0.0000025406
 -0.0000072577
  0.0000343080
 -0.0000076847
 -0.0001289955
  0.0000960261
 -0.0000057090
 -0.0000061872
 -0.0000030616
 -0.0000034172
  0.0000004390
 -0.0000003237
  0.0000011036
 -0.0000192215
 -0.0000033432
 -0.0000020773
 -0.0000007434
 -0.0000007255
 -0.0000018003
 -0.0000010172
  0.0000051445
  0.0000009065
 -0.0000030074
 -0.0000021785
 -0.0000042261
 -0.0000014452
 -0.0000017528
 -0.0000142692
 -0.0000024082
 -0.0000008619
  0.0000007227
 -0.0000084646
 -0.0000051425
 -0.0000053035
  0.0000029272
 -0.0000016299
 -0.0000031390
 -0.0000014932
 -0.0000010517
 -0.0000013720
  0.0000125486
 -0.0000373053
  0.0000166676
  0.0000104154
  0.0000124659
 -0.0000032625
 -0.0000140064
 -0.0000339911
 -0.0000087950
  0.0000115787
  0.0000173062
  0.0000207381
 -0.0001098794
  0.0000818611
  0.0000247872
 -0.0000000315
 -0.0000039022
 -0.0000010537
  0.0000023248
  0.0000060734
  0.0000008296
  0.0000037836
 -0.0000034255
  0.0000023841
  0.0000001130
  0.0000010403
  0.0000048810
  0.0000016589
  0.0000017367
  0.0000148576
  0.0000018702
 -0.0000015117
 -0.0000001322
 -0.0000065713
  0.0000020246
  0.0000028721
 -0.0000292102
  0.0000030547
  0.0000008947
  0.0000029954
 -0.0000039754
  0.0000024497
  0.0000020250
  0.0000098634
 -0.0000011761
  0.0000035106
  0.0000015284
  0.0000053477
  0.0000007069
 -0.0000019271
  0.0000072097
  0.0000110789
  0.0000196482
  0.0000211367
 -0.0000281743
 -0.0000162149
 -0.0000112633
  0.0000183794
  0.0000083407
 -0.0000181043
  0.0000302075
  0.0000014534
 -0.0000886293
  0.0001010982
 -0.0000015583
 -0.0000013917
 -0.0000027295
  0.0000022641
  0.0000026461
 -0.0000001985
 -0.0000009504
 -0.0000042236
  0.0000022162
 -0.0000007520
  0.0000007622
  0.0000144810
  0.0000000655
 -0.0000018737
  0.0000166715
 -0.0000005828
 -0.0000019766
  0.0000020394
  0.0000021412
 -0.0000012358
  0.0000011782
 -0.0000086695
 -0.0000005667
  0.0000030056
  0.0000030775
 -0.0000082536
  0.0000021201
 -0.0000002725
 -0.0000134484
  0.0000016649
  0.0000011391
  0.0000011312
 -0.0000020057
  0.0000001396
  0.0000017195
  0.0000142582
  0.0000062319
 -0.0000015919
 -0.0000016133
 -0.0000455709
  0.0000014261
  0.0000121232
 -0.0000203635
  0.0000593708
  0.0000038527
 -0.0000015603
  0.0000162209
 -0.0001363699
  0.0000871363
 -0.0000008331
 -0.0000016015
  0.0000007603
  0.0000006250
  0.0000030708
 -0.0000012864
 -0.0000017055
 -0.0000209773
  0.0000034885
 -0.0000003337
  0.0000005732
  0.0000107414
  0.0000009460
  0.0000003244
  0.0000060139
 -0.0000009135
 -0.0000019717
  0.0000035190
 -0.0000014970
 -0.0000048522
  0.0000012196
 -0.0000136592
  0.0000011456
 -0.0000000559
  0.0000027504
 -0.0000065897
  0.0000002610
 -0.0000000082
  0.0000079348
  0.0000012088
  0.0000004857
 -0.0000011326
 -0.0000012136
  0.0000007168
 -0.0000012944
 -0.0000210903
  0.0000299343
  0.0000272275
 -0.0000284005
 -0.0000102658
 -0.0000096645
 -0.0000096519
 -0.0000385753
  0.0000003569
  0.0000061854
  0.0000016627
 -0.0000968543
  0.0000896139
  0.0000371178
 -0.0000041120
 -0.0000004669
  0.0000005728
  0.0000006580
 -0.0000014550
 -0.0000021607
  0.0000040755
 -0.0000112103
 -0.0000053273
  0.0000005742
  0.0000006747
  0.0000064981
  0.0000015319
  0.0000023893
  0.0000120745
 -0.0000008161
 -0.0000008549
  0.0000009994
  0.0000025325
  0.0000026579
  0.0000009225
 -0.0000254041
  0.0000012406
  0.0000028632
  0.0000049809
 -0.0000044051
 -0.0000018476
 -0.0000026743
  0.0000038455
  0.0000030019
 -0.0000000705
  0.0000026333
  0.0000000508
  0.0000020409
  0.0000019823
 -0.0000459381
 -0.0000357782
  0.0000247410
  0.0000316210
 -0.0000149806
  0.0000307101
 -0.0000069982
  0.0000372496
  0.0000221496
  0.0000155914
  0.0000002489
 -0.0000768017
  0.0001155702
  0.0000189224
 -0.0000012492
 -0.0000004303
 -0.0000006303
 -0.0000007788
  0.0000024245
 -0.0000012119
  0.0000052479
 -0.0000060376
 -0.0000000494
  0.0000004194
  0.0000003588
  0.0000051439
  0.0000014506
  0.0000019641
  0.0000149491
 -0.0000002097
 -0.0000026016
 -0.0000011789
 -0.0000038977
  0.0000003414
  0.0000015345
 -0.0000145579
  0.0000017250
  0.0000011659
  0.0000033577
 -0.0000038805
  0.0000007262
  0.0000004021
  0.0000082507
  0.0000012887
 -0.0000014612
  0.0000001885
  0.0000002081
  0.0000013073
 -0.0000021592
 -0.0000115900
  0.0000140402
  0.0000094508
  0.0000216744
 -0.0000388775
 -0.0000154163
  0.0000760429
  0.0000289102
  0.0000084331
 -0.0000080563
  0.0001705501
 -0.0000490648
 -0.0000972555
  0.0000643998
  0.0000055972
 -0.0000007954
  0.0000001174
 -0.0000011343
  0.0000019306
  0.0000039091
 -0.0000008804
  0.0000005659
 -0.0000009667
  0.0000029556
  0.0000010712
  0.0000018786
  0.0000146431
  0.0000018139
 -0.0000003711
  0.0000182596
  0.0000004810
 -0.0000006250
  0.0000011036
  0.0000026052
 -0.0000001280
  0.0000025751
 -0.0000239834
  0.0000012430
  0.0000035250
  0.0000028709
 -0.0000075288
  0.0000005707
  0.0000009684
 -0.0000106885
  0.0000032408
  0.0000023733
  0.0000017975
 -0.0000000390
  0.0000008634
 -0.0000026182
 -0.0000697671
 -0.0000297599
  0.0000002277
  0.0000027212
 -0.0000233544
 -0.0000022322
  0.0000187974
  0.0000390882
 -0.0000171274
  0.0000278678
  0.0000062820
 -0.0001023076
  0.0001062033
 -0.0000170096
 -0.0000017020
 -0.0000008834
  0.0000002018
  0.0000015855
 -0.0000005555
 -0.0000012947
  0.0000047629
 -0.0000153693
  0.0000008826
 -0.0000001102
  0.0000009270
  0.0000034983
  0.0000007674
  0.0000009284
  0.0000129963
 -0.0000017803
 -0.0000024675
  0.0000009457
 -0.0000014364
  0.0000001435
  0.0000010630
  0.0000000567
  0.0000006611
  0.0000028368
  0.0000044227
 -0.0000049239
 -0.0000012229
 -0.0000015682
  0.0000085385
  0.0000012080
  0.0000006314
  0.0000011201
  0.0000003552
  0.0000010017
 -0.0000121522
 -0.0000865931
  0.0000199591
  0.0000041417
  0.0000133742
 -0.0000197946
 -0.0000103527
  0.0000111822
  0.0000001750
  0.0000094726
  0.0000227241
  0.0000039869
 -0.0000187824
 -0.0001036884
  0.0001032567
  0.0000002861
 -0.0000021475
  0.0000003553
  0.0000003142
  0.0000023197
 -0.0000027163
 -0.0000010347
 -0.0000164243
  0.0000005752
  0.0000007769
  0.0000016830
  0.0000038363
  0.0000018661
  0.0000023123
  0.0000112281
 -0.0000025137
 -0.0000013801
  0.0000012418
  0.0000024343
  0.0000015438
  0.0000011084
 -0.0000058826
  0.0000007168
  0.0000026132
  0.0000041083
 -0.0000088471
  0.0000027131
  0.0000007078
  0.0000050367
  0.0000047558
 -0.0000024973
  0.0000015968
 -0.0000016901
  0.0000019778
 -0.0001628845
 -0.0002009113
  0.0001561901
  0.0001495655
 -0.0000288817
 -0.0000016277
 -0.0000346436
 -0.0000338519
  0.0000030278
 -0.0000067990
 -0.0000433766
  0.0000417499
 -0.0000106128
 -0.0000027275
 -0.0000271556
 -0.0000319712
  0.0000016942
  0.0000044899
 -0.0000120394
 -0.0000104706
 -0.0000132180
 -0.0000092886
 -0.0000095218
 -0.0000115795
 -0.0000073629
 -0.0000060658
 -0.0000243158
 -0.0000136999
 -0.0000261813
 -0.0000288301
 -0.0000073760
 -0.0000208496
 -0.0000029388
 -0.0000200701
 -0.0000145024
 -0.0001325837
 -0.0000927635
 -0.0000369616
 -0.0000430485
 -0.0000385726
 -0.0000661391
 -0.0000475289
 -0.0001106315
 -0.0001448521
 -0.0000636826
 -0.0000709317
 -0.0000413135
 -0.0000935038
 -0.0001277161
 -0.0000738445
 -0.0001212972
 -0.0001003042
 -0.0001079542
 -0.0000721230
 -0.0000357991
 -0.0001190996
 -0.0001432909
 -0.0000726517
 -0.0000451320
 -0.0000549987
 -0.0001093211
 -0.0000930520
 -0.0000974833
 -0.0000398562
 -0.0000201279
 -0.0000327794
 -0.0000292154
 -0.0000470564
  0.0001246969
  0.0001030055
  0.0001671736
 -0.0000582802
 -0.0000290049
 -0.0000095610
 -0.0000384696
 -0.0000698728
 -0.0000459503
 -0.0000602020
  0.0000336872
 -0.0000047293
 -0.0002373104
  0.0000690675
  0.0000615713
  0.0000588355
  0.0000019062
  0.0000370643
  0.0000567204
  0.0000892285
 -0.0002270791
 -0.0002349812
  0.0000270579
  0.0000985956
 -0.0000522056
 -0.0000362292
  0.0001847931
  0.0000629803
 -0.0000082255
 -0.0000135570
  0.0000102980
  0.0000162140
  0.0001087060
 -0.0002053032
  0.0000038960
 -0.0000079517
 -0.0000243729
 -0.0000307380
 -0.0000693831
 -0.0000230807
 -0.0000061749
 -0.0000747889
 -0.0000208947
 -0.0000262078
 -0.0000383167
 -0.0000237767
 -0.0000561834
 -0.0000383883
 -0.0000203642
 -0.0000526926
 -0.0000737381
  0.0000831765
 -0.0001264015
 -0.0000026201
 -0.0000066566
  0.0000096264
 -0.0000352517
 -0.0000193728
 -0.0000185148
 -0.0000148335
 -0.0000964707
 -0.0000272413
 -0.0000490470
 -0.0000192028
 -0.0000114192
  0.0000145455
 -0.0000676646
 -0.0000578755
 -0.0000162236
 -0.0000151740
 -0.0000035766
 -0.0000055665
 -0.0000055028
 -0.0000039249
  0.0000184385
  0.0000152499
  0.0000149517
  0.0000022877
  0.0000003280
  0.0000189048
  0.0000038696
 -0.0000116116
  0.0000135728
 -0.0000072712
  0.0000338811
  0.0000077461
  0.0000126816
  0.0000050737
  0.0000047054
  0.0000007173
  0.0000174137
  0.0000416585
  0.0000048723
  0.0000180316
  0.0000093037
  0.0000272743
  0.0000062314
  0.0000023011
  0.0000779355
  0.0001604195
 -0.0003873165
  0.0002051008
  0.0001282987
 -0.0000026606
  0.0000134658
  0.0000048635
  0.0000145085
  0.0000151936
  0.0000060455
  0.0000047709
 -0.0000126840
 -0.0000016970
  0.0000006215
 -0.0000246586
  0.0000047292
  0.0000052140
  0.0000046487
  0.0000101687
  0.0000138870
  0.0000144157
  0.0000096994
  0.0000056305
 -0.0000070676
  0.0000207840
  0.0000069070
  0.0000073104
  0.0000026892
  0.0000112941
  0.0000032365
  0.0000131273
 -0.0000196503
  0.0000316800
 -0.0000743588
  0.0000140040
  0.0000146772
  0.0000143818
  0.0000003612
  0.0000467102
  0.0000234242
 -0.0000049569
  0.0000650905
  0.0000046321
  0.0000613776
  0.0000194063
 -0.0000038995
  0.0000608358
  0.0000635615
 -0.0000513679
 -0.0000015864
  0.0000116782
  0.0000133197
 -0.0000858765
  0.0000742967
 -0.0000017339
 -0.0000028165
 -0.0000775887
  0.0000546922
  0.0000124312
 -0.0000177610
  0.0000006247
  0.0000138654
  0.0000264360
  0.0000363716
 -0.0000142733
 -0.0000457930
  0.0000413151
 -0.0000105130
 -0.0000093555
 -0.0000041927
 -0.0000029291
  0.0000014201
 -0.0000072232
 -0.0000059993
 -0.0000084896
 -0.0000141427
 -0.0000265113
 -0.0000012395
 -0.0000039531
 -0.0000027084
  0.0000162155
 -0.0000041981
 -0.0000047957
  0.0000007740
  0.0000186904
  0.0000179802
  0.0000164878
 -0.0000061961
 -0.0000068693
 -0.0000096069
 -0.0000037926
 -0.0000081564
 -0.0001316531
 -0.0000736905
 -0.0000195353
 -0.0000333001
  0.0000132711
  0.0000065149
  0.0000075184
 -0.0000267120
 -0.0000763677
  0.0000023746
 -0.0000239975
 -0.0000342043
 -0.0001975619
 -0.0000016973
 -0.0001147973
 -0.0000672282
 -0.0000490173
  0.0000092412
  0.0000084869
 -0.0000753435
 -0.0000324611
 -0.0000049993
 -0.0000041824
 -0.0000510629
 -0.0000470424
 -0.0001823026
 -0.0000151527
 -0.0000290061
 -0.0000356654
 -0.0000437813
 -0.0000126083
  0.0000056568
 -0.0000675127
 -0.0000288467
 -0.0000078439
  0.0000563720
 -0.0000108932
  0.0000222638
  0.0000093043
  0.0000103811
  0.0000083881
  0.0000198526
  0.0000197090
 -0.0000257035
  0.0000352749
  0.0000158573
  0.0000120541
  0.0000144535
 -0.0000349076
  0.0000232039
  0.0000000805
  0.0000339767
 -0.0000408338
  0.0000098934
  0.0000227876
 -0.0000178260
 -0.0000459672
  0.0000021070
  0.0000105109
  0.0000552955
 -0.0000483235
  0.0000209165
  0.0000114100
  0.0000227747
  0.0000407759
  0.0000385909
 -0.0000653524
 -0.0000310300
  0.0000584402
  0.0000349301
  0.0000535575
  0.0000442575
  0.0000180302
  0.0000137788
  0.0000388965
  0.0000193242
  0.0000428854
 -0.0000007737
  0.0000289791
  0.0000203547
  0.0000139440
  0.0000365870
  0.0000242933
  0.0000148755
  0.0000348562
  0.0000423499
  0.0000659902
  0.0000199091
  0.0000559078
  0.0000121231
  0.0000260729
  0.0000654915
  0.0000213350
  0.0000157689
  0.0000189600
 -0.0001651198
  0.0000040041
  0.0000024430
  0.0000013977
 -0.0000013651
 -0.0000015831
 -0.0000161639
  0.0000047613
 -0.0000068870
 -0.0000058245
 -0.0000020242
 -0.0000024633
  0.0000057725
 -0.0000004471
 -0.0000020292
 -0.0000059023
  0.0000129623
 -0.0000012215
 -0.0000052108
  0.0000011828
 -0.0000036139
  0.0000361841
 -0.0015835048
  0.0000037649
  0.0000433697
  0.0000034757
  0.0000112808
 -0.0000024026
  0.0000024608
 -0.0000535029
 -0.0000131239
  0.0000441001
 -0.0000007735
 -0.0000658958
  0.0000139882
 -0.0000003126
  0.0001202775
  0.0000135341
 -0.0000693261
  0.0000635122
  0.0000639296
  0.0000113513
 -0.0000504945
  0.0000151586
 -0.0000686578
 -0.0000498640
  0.0000189389
  0.0000014161
  0.0000002425
 -0.0000631678
 -0.0000130571
 -0.0000146366
  0.0000944657
  0.0000199941
  0.0000258108
 -0.0000227997
 -0.0000392332
  0.0000654424
  0.0002585181
  0.0000559313
  0.0003980407
  0.0000555180
  0.0000437589
  0.0000413466
  0.0000142829
  0.0001476352
  0.0000424466
  0.0000606312
  0.0000577629
  0.0002133228
  0.0001055824
 -0.0001275390
  0.0002941966
  0.0000974103
  0.0000299796
  0.0000051787
  0.0003257339
  0.0000753587
  0.0000096725
  0.0000811831
  0.0000923195
  0.0002295897
  0.0001296380
  0.0001100332
  0.0000369757
  0.0003146671
  0.0000354739
 -0.0000027304
  0.0001102594
  0.0001838526
  0.0000153215
 -0.0000059843
 -0.0003755291
 -0.0000019670
 -0.0000091854
 -0.0000060430
 -0.0000016473
  0.0000084811
 -0.0000038550
  0.0000404022
 -0.0000118541
 -0.0000364693
 -0.0000096183
  0.0000153422
  0.0000185083
  0.0000056634
 -0.0000080049
  0.0000069291
  0.0000149258
 -0.0000067088
 -0.0000323189
 -0.0000025099
  0.0000363654
 -0.0000103423
 -0.0000031389
  0.0000286675
 -0.0000182124
 -0.0000624094
 -0.0000040549
  0.0000087708
 -0.0000166243
 -0.0000026023
 -0.0000091083
 -0.0000316354
  0.0000059945
 -0.0000040667
  0.0000054482
 -0.0000033035
  0.0000141635
  0.0000315937
  0.0000006186
 -0.0000017089
 -0.0000027786
  0.0000074646
 -0.0000034939
  0.0000050406
  0.0000337580
 -0.0000107706
  0.0000411054
  0.0000400073
  0.0000573045
 -0.0000018837
  0.0000005007
 -0.0000002508
  0.0001195795
  0.0001069640
  0.0000006498
  0.0000304671
  0.0000329619
  0.0000041211
 -0.0000006658
  0.0000030723
  0.0000023496
  0.0004348725
 -0.0000192940
  0.0000202985
 -0.0000619995
 -0.0000131145
 -0.0000056207
 -0.0000013012
 -0.0000197464
  0.0000102546
  0.0000165590
  0.0000014576
  0.0000069266
  0.0000356253
  0.0000162847
  0.0000133955
  0.0000153248
 -0.0000980716
 -0.0000057980
 -0.0000015130
  0.0000159409
 -0.0000872120
 -0.0000584019
  0.0000070307
 -0.0000505415
  0.0000164704
  0.0000070293
 -0.0000378733
  0.0000140462
  0.0000026440
 -0.0000312906
  0.0000379672
 -0.0000374025
 -0.0000136689
 -0.0000390624
 -0.0000378077
 -0.0000125190
 -0.0000312354
  0.0000082086
  0.0000351944
 -0.0000067517
 -0.0000491234
 -0.0000330061
  0.0000104867
 -0.0000218279
 -0.0000041473
  0.0000416949
  0.0000093199
 -0.0000226659
 -0.0000178676
 -0.0000124080
 -0.0000237832
 -0.0000268373
  0.0000091692
 -0.0000180161
 -0.0000096878
 -0.0000441669
  0.0000442878
  0.0000113926
 -0.0000061982
 -0.0000040816
 -0.0000128696
 -0.0000150452
  0.0000055964
 -0.0000099472
 -0.0000033070
  0.0000009212
  0.0000030851
 -0.0000028675
 -0.0000009033
 -0.0000029670
 -0.0000217427
 -0.0000127433
  0.0000108439
  0.0000048326
  0.0000014752
 -0.0000055044
 -0.0000020256
  0.0000051302
 -0.0000044427
 -0.0000054628
  0.0000005815
 -0.0000076024
 -0.0000017863
 -0.0000007998
 -0.0000029493
 -0.0000026179
 -0.0000020172
  0.0000008751
  0.0000002549
  0.0000023465
 -0.0000011986
  0.0000025869
  0.0000025254
 -0.0000165515
  0.0000015171
 -0.0000084114
  0.0000042176
  0.0000044679
  0.0000019705
  0.0000014039
  0.0000006572
  0.0000008984
  0.0000033554
  0.0000005619
  0.0000085609
  0.0000073847
 -0.0000010461
 -0.0000011182
  0.0000052868
 -0.0000022422
 -0.0000011883
 -0.0000009379
 -0.0000003269
  0.0000021731
  0.0000088422
 -0.0000065129
  0.0000051372
  0.0000160745
  0.0000041787
 -0.0000031397
  0.0000088708
  0.0000075448
 -0.0000028916
  0.0000010743
  0.0000008341
  0.0000032636
  0.0000082715
 -0.0000021172
  0.0000048286
  0.0000159352
  0.0000018729
 -0.0000062799
 -0.0000040857
 -0.0000028532
 -0.0000048802
  0.0000057633
  0.0000133521
  0.0000081178
  0.0000127768
  0.0000117573
  0.0000101412
  0.0000084863
  0.0000017002
  0.0000053480
 -0.0000037696
  0.0000066337
  0.0000042638
  0.0000224375
  0.0000054095
  0.0000042779
  0.0000087968
 -0.0000064351
  0.0000055382
 -0.0000012672
  0.0000025619
 -0.0000006188
  0.0000131777
 -0.0000011060
 -0.0000043044
  0.0000040020
  0.0000038881
 -0.0000060405
 -0.0000024345
 -0.0000086696
  0.0000005928
  0.0000000294
 -0.0000003407
 -0.0000061230
  0.0000054956
 -0.0000022950
 -0.0000002281
 -0.0000008789
 -0.0000176840
  0.0000020158
  0.0000191401
  0.0000001774
 -0.0000004420
 -0.0000003935
 -0.0000006382
  0.0000068949
  0.0000001990
  0.0000048957
 -0.0000002889
  0.0000021721
 -0.0000026791
 -0.0000059307
 -0.0000042188
 -0.0000208909
  0.0000105192
  0.0000086384
  0.0000042244
 -0.0000003320
  0.0000012479
 -0.0000028013
  0.0000168294
 -0.0000013854
  0.0000068298
  0.0000025092
  0.0000019433
  0.0000007105
  0.0000018011
  0.0000018899
  0.0000005796
  0.0000016474
  0.0000043967
 -0.0000005119
  0.0000006156
 -0.0000002334
  0.0000003950
 -0.0000014326
 -0.0000040638
  0.0000005820
  0.0000015195
  0.0000161584
  0.0000034297
 -0.0000016314
  0.0000047381
 -0.0000006324
 -0.0000123468
  0.0000022748
 -0.0000041890
  0.0000091471
  0.0000004292
 -0.0000002622
 -0.0000028118
 -0.0000104659
 -0.0000009699
 -0.0000022668
 -0.0000025675
 -0.0000015728
 -0.0000009843
 -0.0000008621
  0.0000024921
 -0.0000002819
 -0.0000002390
 -0.0000021029
  0.0000052739
  0.0000018817
  0.0000011939
 -0.0000033499
  0.0000009492
  0.0000016501
 -0.0000026191
  0.0000047996
  0.0000077268
  0.0000031100
  0.0000129201
  0.0000076842
 -0.0000024540
  0.0000212978
 -0.0000216338
 -0.0000034165
  0.0000139593
  0.0000126744
 -0.0000007113
  0.0000010162
  0.0000011205
  0.0000001927
 -0.0000142787
 -0.0000012125
  0.0000004912
 -0.0000045623
 -0.0000022051
  0.0000065059
  0.0000006890
  0.0000103669
  0.0000017585
 -0.0000013565
  0.0000014949
  0.0000035043
 -0.0000100136
 -0.0000056558
  0.0000032785
  0.0000063955
  0.0000025778
 -0.0000081102
 -0.0000018182
 -0.0000010600
  0.0000170839
  0.0000106754
  0.0000018859
  0.0000022036
 -0.0000000535
  0.0000008350
