  0.0000078226
  0.0000096730
 -0.0000119994
  0.0000045388
  0.0000137685
  0.0000015779
  0.0000065349
 -0.0000213521
 -0.0000015581
  0.0000032002
  0.0000110834
  0.0000009809
 -0.0000087330
 -0.0000016638
  0.0000034936
  0.0000098147
 -0.0000085174
 -0.0000008501
 -0.0000031111
  0.0000041253
  0.0000005845
  0.0000101087
  0.0000001819
 -0.0000186428
 -0.0000036359
  0.0000100986
  0.0000049113
  0.0000047636
 -0.0000054871
 -0.0000094499
 -0.0000057359
  0.0000023660
 -0.0000006095
 -0.0000009653
  0.0000153510
 -0.0000048366
 -0.0000001781
  0.0000113035
  0.0000002573
  0.0000012547
  0.0000118465
 -0.0000069163
 -0.0000308114
  0.0000030605
  0.0000186697
  0.0000195292
 -0.0000119045
  0.0000117433
  0.0000096470
 -0.0000124394
 -0.0000127346
 -0.0000107122
 -0.0000273097
  0.0000082372
 -0.0000054454
 -0.0000188514
  0.0000000623
  0.0000020871
 -0.0000032465
 -0.0000155218
 -0.0000008727
  0.0000196481
 -0.0000049937
  0.0000030379
  0.0000320833
 -0.0000009761
 -0.0000186975
  0.0000178235
 -0.0000042607
 -0.0000008825
 -0.0000063417
 -0.0000016950
  0.0000121847
  0.0000182185
 -0.0000201730
  0.0000005704
  0.0000052932
  0.0000029698
  0.0000000082
  0.0000087238
  0.0000017526
 -0.0000052920
  0.0000047922
  0.0000074566
  0.0000054357
  0.0000037308
  0.0000012023
  0.0000079749
  0.0000078054
 -0.0000036871
 -0.0000191648
 -0.0000020997
  0.0000055131
  0.0000147737
  0.0000310404
 -0.0000141435
  0.0000009900
 -0.0000212186
  0.0000097957
 -0.0000005720
  0.0000473031
 -0.0000148935
 -0.0000020632
 -0.0000047719
 -0.0000103144
 -0.0000019148
 -0.0000260573
 -0.0000089801
 -0.0000590885
  0.0000339526
  0.0000078233
 -0.0000042072
  0.0000231263
 -0.0000042281
 -0.0000146167
  0.0000414750
 -0.0000005225
  0.0000074159
  0.0000076726
  0.0000113015
  0.0000031109
  0.0000064534
  0.0000260586
 -0.0000177291
 -0.0000202014
  0.0000001423
 -0.0000171408
 -0.0000037897
 -0.0000080164
  0.0000195333
 -0.0000108424
 -0.0000282612
 -0.0000081977
 -0.0000021007
 -0.0000292290
  0.0000108531
 -0.0000064512
 -0.0000107328
  0.0000057202
 -0.0000024350
  0.0000332496
  0.0000078300
  0.0000228114
  0.0000034365
 -0.0000050505
  0.0000059990
 -0.0000065297
  0.0000081930
  0.0000080326
 -0.0000049224
 -0.0000042209
  0.0000151416
 -0.0000115660
  0.0000174491
 -0.0000091977
  0.0000173848
 -0.0000087463
 -0.0000045840
 -0.0000065016
 -0.0000097098
 -0.0000069794
  0.0000188552
  0.0000065872
 -0.0000036958
 -0.0000067291
 -0.0000074009
  0.0000142261
 -0.0000042384
 -0.0000078211
 -0.0000408958
  0.0000694952
  0.0000094333
 -0.0000445727
  0.0000033892
  0.0000140559
  0.0000052768
 -0.0000460577
  0.0000032468
  0.0000019319
  0.0000079133
  0.0000941717
  0.0000077641
  0.0000084641
  0.0000175187
 -0.0000480103
 -0.0000004986
 -0.0000650600
 -0.0000012458
  0.0000130793
 -0.0000462059
 -0.0000062905
  0.0002261306
 -0.0000025451
  0.0000053088
  0.0000121342
 -0.0000223470
 -0.0000043176
  0.0000045735
 -0.0000105364
  0.0000119074
  0.0000129332
  0.0000097618
 -0.0000032351
  0.0000077888
 -0.0000040685
  0.0000003826
  0.0000052068
  0.0000091679
  0.0000013080
  0.0000056177
 -0.0000065592
  0.0000008284
 -0.0000024126
 -0.0000012078
  0.0000014532
 -0.0000009526
 -0.0000051715
  0.0000071812
 -0.0000043618
 -0.0000075893
  0.0000108786
  0.0000095806
  0.0000045582
  0.0000031839
  0.0000069975
  0.0000033574
 -0.0000083885
  0.0000131444
  0.0000105915
 -0.0000099763
  0.0000046345
  0.0000065632
  0.0000007154
  0.0000113204
 -0.0000032254
  0.0000121024
 -0.0000131673
 -0.0000022074
  0.0000004771
 -0.0000093340
  0.0000070415
 -0.0000173906
  0.0000100825
 -0.0000095819
 -0.0000044634
 -0.0000672605
  0.0000015577
 -0.0000908056
  0.0000065675
  0.0000113681
 -0.0000112426
 -0.0000089953
 -0.0000049366
 -0.0000134693
  0.0000039812
  0.0000083508
 -0.0000055914
  0.0000001318
 -0.0000085167
  0.0000110352
 -0.0000067870
 -0.0000073344
  0.0000043940
 -0.0000064796
 -0.0000044899
 -0.0000003714
 -0.0000009454
 -0.0000093560
  0.0000166462
  0.0000068763
  0.0000103363
 -0.0000040453
  0.0000111448
  0.0000061264
  0.0000059518
 -0.0000029412
 -0.0000042378
  0.0000071936
  0.0000110120
  0.0000117048
  0.0000105990
  0.0000184604
  0.0000034550
 -0.0000197507
  0.0000195858
 -0.0000050086
  0.0000082073
 -0.0000285201
  0.0000091163
  0.0000162037
 -0.0000050570
 -0.0000301573
 -0.0000290071
 -0.0000379400
  0.0000106044
 -0.0000221646
 -0.0000327332
  0.0000221709
  0.0000198349
 -0.0000250542
 -0.0000189497
  0.0000200264
 -0.0000123952
  0.0000134242
  0.0000236657
  0.0000297833
 -0.0000072364
 -0.0000339269
 -0.0000138561
  0.0000134446
 -0.0000275641
 -0.0000140453
 -0.0000100053
 -0.0000333724
 -0.0000011204
 -0.0000052369
 -0.0000005886
 -0.0000028801
 -0.0000045239
 -0.0000028198
 -0.0000048321
 -0.0000010198
  0.0000165921
  0.0000052152
 -0.0000010465
  0.0000008438
  0.0000057264
  0.0000014966
 -0.0000028332
 -0.0000291482
 -0.0000023640
  0.0000008104
  0.0000177909
  0.0000309442
 -0.0000320131
  0.0000047273
 -0.0000312485
  0.0000152783
 -0.0000000676
  0.0000482769
 -0.0000099357
  0.0000053005
 -0.0000012254
  0.0000086350
  0.0000013095
 -0.0000185984
  0.0000050493
  0.0000339673
 -0.0000066395
  0.0000089919
  0.0000115503
 -0.0000049150
  0.0000027874
  0.0000398980
 -0.0000004147
  0.0000113097
  0.0000256826
 -0.0000073492
 -0.0000085677
 -0.0000076459
 -0.0000332139
 -0.0000330444
 -0.0000214547
 -0.0000200424
 -0.0000005825
  0.0000009678
  0.0000198897
 -0.0000145807
  0.0000078224
 -0.0000052978
 -0.0000394346
  0.0000030948
  0.0000041609
 -0.0000146398
  0.0000057581
  0.0000107494
  0.0000062496
  0.0000016809
 -0.0000052914
  0.0000077813
 -0.0000067648
  0.0000044782
 -0.0000090609
  0.0000187807
  0.0000079837
  0.0000044181
 -0.0000037126
 -0.0000294057
  0.0000042007
  0.0000049710
  0.0000052556
  0.0000062971
 -0.0000058166
 -0.0000068307
 -0.0000038226
  0.0000056509
  0.0000116116
  0.0000056344
  0.0000063418
  0.0000053024
  0.0000170352
  0.0000238529
 -0.0000081074
  0.0000275035
 -0.0000227930
 -0.0000097622
 -0.0000348124
 -0.0000078944
  0.0000055093
  0.0000096923
 -0.0000272529
 -0.0000282764
  0.0000286034
  0.0000075757
 -0.0000425285
  0.0000068137
  0.0000030913
  0.0000068977
 -0.0000467143
 -0.0000196441
  0.0000045853
 -0.0000346888
  0.0000159699
  0.0000045839
  0.0000375961
 -0.0000187230
  0.0000067070
 -0.0000363097
  0.0000151243
 -0.0000459375
  0.0000049251
 -0.0000376862
 -0.0000257521
  0.0000158054
 -0.0000110601
  0.0000006851
 -0.0000105191
 -0.0000062443
  0.0000024102
 -0.0000030177
 -0.0000111118
 -0.0000001518
 -0.0000077288
 -0.0000115789
 -0.0000096023
 -0.0000054161
 -0.0000094439
 -0.0000095616
 -0.0000060443
  0.0000221834
  0.0000051070
  0.0000088890
  0.0000104782
  0.0000014778
 -0.0000011076
  0.0000080629
  0.0000245493
  0.0000100804
  0.0000029174
  0.0000010123
  0.0000006046
  0.0000012509
  0.0000075707
 -0.0000165299
  0.0000052944
  0.0000009229
 -0.0000025455
 -0.0000241737
  0.0000026657
 -0.0000090908
  0.0000011425
  0.0000183711
  0.0000057818
 -0.0000068070
  0.0000003617
 -0.0000175065
  0.0000135679
  0.0000015175
 -0.0000021341
 -0.0000128862
  0.0000072089
 -0.0000311266
 -0.0000151883
  0.0000287619
 -0.0000091608
 -0.0000083815
  0.0000006291
 -0.0000052666
  0.0000096933
 -0.0000049408
 -0.0000190362
  0.0000084391
  0.0000091134
  0.0000265143
  0.0000244664
 -0.0000024434
  0.0000043915
 -0.0000023691
  0.0000174374
 -0.0000027670
 -0.0000146698
  0.0000007031
  0.0000083152
  0.0000095564
  0.0000037032
  0.0000017123
  0.0000167028
  0.0000204252
  0.0000060698
  0.0000099297
  0.0000073434
  0.0000115526
  0.0000078832
  0.0000032281
  0.0000170264
  0.0000016464
 -0.0000005998
  0.0000067744
  0.0000047644
  0.0000084643
  0.0000085159
  0.0000179937
  0.0000235655
  0.0000271910
  0.0000042299
  0.0000430300
 -0.0000170377
 -0.0000024169
 -0.0000367889
 -0.0000089377
 -0.0000044645
  0.0000197741
 -0.0000369385
 -0.0000374193
 -0.0000183112
  0.0000177542
 -0.0000298689
 -0.0000373977
 -0.0000062477
  0.0000021877
 -0.0000323143
 -0.0000091074
 -0.0000013068
 -0.0000262203
  0.0000105994
 -0.0000019677
  0.0000577756
 -0.0000084086
 -0.0000387102
 -0.0000273987
  0.0000092081
  0.0000091294
 -0.0000331609
  0.0000033673
 -0.0000270945
 -0.0000191336
 -0.0000339309
  0.0000058764
  0.0000049097
  0.0000056367
  0.0000060467
  0.0000037437
  0.0000020164
 -0.0000063042
 -0.0000025818
  0.0000010965
  0.0000031760
  0.0000065562
 -0.0000062895
  0.0000022023
  0.0000011406
  0.0000006436
 -0.0000007704
 -0.0000021993
  0.0000001346
  0.0000143999
  0.0000230612
 -0.0000342672
  0.0000081858
 -0.0000034602
  0.0000174356
 -0.0000075673
  0.0000436117
  0.0000166477
 -0.0000019934
  0.0000037451
  0.0000045051
  0.0000048941
  0.0000105241
  0.0000010343
  0.0000324033
  0.0000284023
  0.0000027167
 -0.0000095176
 -0.0000017924
  0.0000343765
  0.0000073569
  0.0000085702
  0.0000089473
 -0.0000227686
  0.0000040388
 -0.0000366846
 -0.0000067361
 -0.0000209605
  0.0000103827
 -0.0000037434
  0.0000296184
 -0.0000253084
  0.0000104195
 -0.0000052413
 -0.0000260572
  0.0000068361
 -0.0000044653
 -0.0000045071
  0.0000144522
  0.0000099258
  0.0000086263
  0.0000064706
  0.0000041852
 -0.0000106388
  0.0000011207
  0.0000016201
  0.0000096329
 -0.0000120163
  0.0000188442
 -0.0000118000
  0.0000289805
  0.0000127064
  0.0000050230
 -0.0000002521
 -0.0000274269
  0.0000062208
  0.0000029738
  0.0000045748
  0.0000202257
 -0.0000027258
 -0.0000012131
  0.0000000228
  0.0000039930
  0.0000114784
  0.0000051372
  0.0000020214
  0.0000058077
  0.0000153730
  0.0000236872
  0.0000161493
  0.0000064649
  0.0000504395
 -0.0000015735
 -0.0000154562
  0.0000052750
 -0.0000072358
 -0.0000553062
  0.0000161121
  0.0000050429
  0.0000061677
  0.0000095077
  0.0000381274
  0.0000073252
  0.0000162254
 -0.0000355512
 -0.0000069495
  0.0000021710
 -0.0000179087
 -0.0000668843
  0.0000065967
  0.0000024703
 -0.0000648791
  0.0000694782
  0.0000024758
  0.0000104807
  0.0000058635
 -0.0000337555
  0.0000057610
  0.0000007027
  0.0000063481
 -0.0000029950
  0.0000175594
 -0.0000040644
  0.0000082068
 -0.0000026612
  0.0000051418
 -0.0000127584
 -0.0000090049
 -0.0000088049
  0.0000090113
  0.0000026326
  0.0000017158
  0.0000026260
  0.0000083052
  0.0000007983
  0.0000015447
  0.0000088480
  0.0000002648
 -0.0000014067
 -0.0000030753
  0.0000083708
 -0.0000057683
  0.0000080248
  0.0000028916
  0.0000010426
  0.0000027945
 -0.0000030369
 -0.0000047220
  0.0000034677
 -0.0000022884
  0.0000005542
  0.0000050232
 -0.0000009474
 -0.0000012240
  0.0000017028
  0.0000006303
  0.0000050577
  0.0000118067
  0.0000005693
 -0.0000007152
  0.0000086539
  0.0000010271
 -0.0000071390
 -0.0000006724
 -0.0000084207
 -0.0000008754
 -0.0000063386
 -0.0000042527
 -0.0000678888
  0.0000021167
  0.0000113072
 -0.0000785319
  0.0000062581
  0.0000059863
 -0.0000212151
  0.0000076209
 -0.0000070355
 -0.0000229444
  0.0000034746
  0.0000154732
 -0.0000115140
 -0.0000008044
  0.0000180434
  0.0000020815
  0.0000162913
  0.0000060796
  0.0000015552
 -0.0000157909
  0.0000098860
  0.0000063502
 -0.0000043378
  0.0000088120
  0.0000123717
 -0.0000096517
 -0.0000147350
 -0.0000101336
 -0.0000174841
 -0.0000026650
 -0.0000038218
  0.0000090091
 -0.0000180129
  0.0000173436
  0.0000051318
  0.0000095530
 -0.0000018712
 -0.0000025780
 -0.0000209662
  0.0000014201
 -0.0000021185
  0.0000091790
  0.0000070398
  0.0000053114
  0.0000105596
 -0.0000007366
  0.0000033540
 -0.0000090299
  0.0000127685
 -0.0000115326
 -0.0000041442
  0.0000161793
  0.0000161898
  0.0000219540
 -0.0000011135
  0.0000313074
  0.0000006071
 -0.0000044787
  0.0000042366
 -0.0000051025
 -0.0000448137
  0.0000021634
  0.0000040346
  0.0000083941
  0.0000044332
  0.0000138780
  0.0000117498
  0.0000075440
 -0.0000343198
  0.0000180321
  0.0000011263
 -0.0000281073
 -0.0000285678
  0.0000053814
  0.0000181039
 -0.0000275102
  0.0000567414
 -0.0000173351
  0.0000000689
  0.0000056462
  0.0000020631
 -0.0000040341
  0.0000045809
  0.0000070485
  0.0000001634
  0.0000093025
 -0.0000031780
  0.0000056667
  0.0000110670
  0.0000075536
 -0.0000013035
  0.0000007345
 -0.0000065217
 -0.0000060364
  0.0000024865
  0.0000026386
  0.0000025859
  0.0000036352
  0.0000011930
  0.0000051108
 -0.0000010139
  0.0000040675
  0.0000053848
  0.0000043926
  0.0000014892
  0.0000048376
  0.0000040362
  0.0000121692
  0.0000048838
 -0.0000047040
 -0.0000058089
 -0.0000019596
  0.0000082655
 -0.0000001731
  0.0000069641
  0.0000118596
  0.0000062425
  0.0000001336
  0.0000098529
 -0.0000067672
 -0.0000015878
 -0.0000050390
 -0.0000131258
 -0.0000031490
  0.0000142747
  0.0000011244
 -0.0000382197
  0.0000134071
  0.0000098944
 -0.0000516838
  0.0000049787
  0.0000149467
 -0.0000157318
  0.0000030072
  0.0000011229
 -0.0000240093
  0.0000087384
 -0.0000260244
 -0.0000046170
 -0.0000006807
 -0.0000020940
 -0.0000044941
  0.0000089632
  0.0000061392
  0.0000096135
 -0.0000193160
  0.0000031519
  0.0000146998
 -0.0000039907
 -0.0000044868
  0.0000094749
  0.0000191702
  0.0000067117
 -0.0000001050
  0.0000119263
  0.0000027124
  0.0000033969
  0.0000019853
  0.0000070730
 -0.0000019358
  0.0000096628
 -0.0000181699
  0.0000013470
  0.0000042427
  0.0000028637
  0.0000048899
 -0.0000164143
  0.0000022658
 -0.0000032602
  0.0000019964
  0.0000045761
  0.0000024713
  0.0000034020
 -0.0000230632
 -0.0000028478
  0.0000122982
  0.0000078622
  0.0000039457
 -0.0000324531
  0.0000280108
  0.0001202950
  0.0000024365
 -0.0000119933
  0.0000022233
  0.0000017728
  0.0000203858
 -0.0000462850
  0.0000016067
  0.0000074967
  0.0000034117
  0.0000656497
  0.0000102788
  0.0000015376
  0.0000207559
 -0.0000401515
  0.0000015946
 -0.0000331442
  0.0000162049
  0.0000035410
 -0.0000398824
  0.0000121489
  0.0001310695
 -0.0000055776
 -0.0000019889
  0.0000050848
 -0.0000069005
  0.0000012129
  0.0000007460
  0.0000012441
  0.0000087227
  0.0000016649
  0.0000033291
  0.0000003884
 -0.0000010279
  0.0000009675
  0.0000080239
  0.0000047457
  0.0000076730
  0.0000083850
 -0.0000006367
 -0.0000062545
 -0.0000058904
  0.0000021511
  0.0000040380
 -0.0000058636
 -0.0000072420
  0.0000129339
  0.0000034988
 -0.0000021997
 -0.0000025349
  0.0000053230
 -0.0000068242
 -0.0000000665
  0.0000052352
  0.0000043951
  0.0000052510
 -0.0000017556
 -0.0000058283
  0.0000051020
 -0.0000107016
  0.0000078028
 -0.0000038353
  0.0000001827
 -0.0000023736
 -0.0000113258
 -0.0000138147
  0.0000073149
 -0.0000013357
  0.0000037473
  0.0000010056
 -0.0000073252
 -0.0000020860
 -0.0000182794
 -0.0000015844
 -0.0000013932
 -0.0000080363
 -0.0000580487
 -0.0000180882
 -0.0000824268
 -0.0000014981
 -0.0000112025
 -0.0000223042
  0.0000086566
 -0.0000017132
 -0.0000355410
  0.0000027777
 -0.0000065445
 -0.0000111654
 -0.0000001959
 -0.0000003273
  0.0000029961
  0.0000025538
 -0.0000034559
  0.0000068242
 -0.0000110997
  0.0000162906
 -0.0000418144
 -0.0000055107
  0.0000153512
 -0.0000073490
 -0.0000063857
 -0.0000005813
 -0.0000076796
  0.0000053416
 -0.0000125565
 -0.0000161388
 -0.0000036350
 -0.0000153780
  0.0000332556
  0.0000048834
  0.0000032342
 -0.0000035911
  0.0000025904
  0.0000033806
 -0.0000057963
 -0.0000160507
  0.0000265626
 -0.0000110731
  0.0000048467
 -0.0000068676
 -0.0000018397
  0.0000047842
 -0.0000020618
 -0.0000443418
  0.0000052710
 -0.0000005998
  0.0000506808
 -0.0000035009
  0.0000137141
  0.0000864534
  0.0000252108
 -0.0000652038
 -0.0000048386
  0.0000252117
  0.0000076131
 -0.0000463668
 -0.0000018317
  0.0000011252
  0.0000015514
  0.0000653959
  0.0000296596
 -0.0000029862
  0.0000203866
 -0.0000345074
 -0.0000021785
 -0.0000835038
  0.0000012759
  0.0000110870
 -0.0000325228
  0.0000112077
  0.0001085573
 -0.0000125257
 -0.0000072302
  0.0000153411
  0.0000141642
  0.0000129895
 -0.0000054429
  0.0000054915
  0.0000228890
  0.0000203557
  0.0000027835
 -0.0000016471
  0.0000050965
  0.0000008319
  0.0000055816
 -0.0000001424
 -0.0000043332
 -0.0000052891
  0.0000018163
 -0.0000057263
  0.0000009989
 -0.0000037077
  0.0000030042
 -0.0000009141
  0.0000077784
  0.0000042391
 -0.0000011127
 -0.0000040929
  0.0000054201
  0.0000085827
 -0.0000052998
 -0.0000005452
 -0.0000067819
 -0.0000018508
  0.0000063515
  0.0000052867
  0.0000034129
  0.0000013149
 -0.0000052739
 -0.0000118700
  0.0000206248
 -0.0000152583
  0.0000047046
  0.0000006224
 -0.0000123633
 -0.0000000321
  0.0000000587
 -0.0000081396
 -0.0000372722
 -0.0000014213
  0.0000120609
 -0.0001053820
  0.0000247299
  0.0000066430
 -0.0000090580
  0.0000065824
  0.0000037182
 -0.0000214443
  0.0000096160
  0.0000018311
  0.0000001945
  0.0000001088
 -0.0000027638
 -0.0000044448
 -0.0000000865
 -0.0000085664
  0.0000036025
 -0.0000119671
  0.0000000577
 -0.0000102810
 -0.0000046154
 -0.0000031596
 -0.0000053291
 -0.0000086006
 -0.0000014875
  0.0000010430
  0.0000060352
  0.0000198958
  0.0000082403
  0.0000043262
  0.0000101087
  0.0000131482
  0.0000057907
  0.0000023323
  0.0000030943
 -0.0000014227
  0.0000014263
  0.0000065771
  0.0000168715
  0.0000008153
 -0.0000226443
  0.0000119498
  0.0000019372
  0.0000190752
  0.0000296090
 -0.0000005912
  0.0000001660
 -0.0000043178
  0.0000143839
  0.0000296051
 -0.0000306692
  0.0000152305
  0.0000255551
 -0.0000073377
  0.0000017376
  0.0000033045
  0.0000176305
 -0.0000077493
  0.0000045356
  0.0000044668
  0.0000044917
  0.0000045284
  0.0000335419
  0.0000001600
 -0.0000008998
  0.0000062415
  0.0000079672
  0.0000250969
  0.0000125964
  0.0000073353
 -0.0000201085
 -0.0000032392
 -0.0000053349
 -0.0000035732
 -0.0000043039
 -0.0000084800
 -0.0000026248
 -0.0000022825
 -0.0000022190
 -0.0000042520
 -0.0000002827
 -0.0000040040
 -0.0000023880
 -0.0000016946
 -0.0000015353
 -0.0000091999
 -0.0000211443
 -0.0000093926
 -0.0000166504
 -0.0000394034
 -0.0000400789
  0.0000209561
 -0.0000126396
 -0.0000212116
 -0.0000321811
 -0.0000094405
 -0.0000547948
 -0.0000502984
 -0.0000084272
 -0.0000156957
  0.0000093538
 -0.0000149200
 -0.0000186089
  0.0000140451
  0.0000087115
 -0.0000272068
  0.0000309991
  0.0000003841
  0.0000088536
 -0.0000038404
  0.0000208664
 -0.0000404095
 -0.0000657709
  0.0000241573
 -0.0000069502
 -0.0000037344
 -0.0000313949
 -0.0000110275
 -0.0000015396
 -0.0000061141
 -0.0000126794
 -0.0000072227
 -0.0000012456
 -0.0000102892
 -0.0000409727
 -0.0000014847
  0.0000201881
  0.0000064429
  0.0000088663
  0.0000083582
  0.0000076025
 -0.0000077277
  0.0000095337
  0.0000031260
 -0.0000020045
  0.0000188813
 -0.0000173616
 -0.0000015943
 -0.0000087913
 -0.0000018967
  0.0000088189
 -0.0000107032
  0.0000024507
 -0.0000008993
 -0.0000031930
 -0.0000023289
  0.0000063944
 -0.0000231261
 -0.0000078203
  0.0000211062
  0.0000003400
 -0.0000015715
  0.0000044973
 -0.0000134278
 -0.0000047040
  0.0000019043
 -0.0000031549
 -0.0000025500
 -0.0000061758
 -0.0000108248
  0.0000082890
  0.0000209882
 -0.0000003777
  0.0000086507
  0.0000036689
  0.0000273418
  0.0000067017
  0.0000330536
 -0.0000487676
 -0.0000066748
  0.0000058670
 -0.0000402982
  0.0000033425
  0.0000094642
  0.0000124192
  0.0000225095
  0.0000128314
  0.0000077611
 -0.0000461642
  0.0000234998
  0.0000004564
  0.0000176115
 -0.0000000267
 -0.0000217681
  0.0000205303
 -0.0000487213
  0.0000235193
  0.0000199776
  0.0000514439
 -0.0000099930
  0.0000176949
 -0.0000495088
  0.0000229048
  0.0000056591
 -0.0000001903
 -0.0000465846
 -0.0000490853
  0.0000220092
  0.0000025064
  0.0000040688
 -0.0000004426
 -0.0000114004
  0.0000024305
  0.0000083115
  0.0000107811
 -0.0000190328
 -0.0000043718
 -0.0000061130
  0.0000018442
  0.0000097458
 -0.0000007460
 -0.0000042505
 -0.0000135181
  0.0000027557
  0.0000077326
  0.0000057824
 -0.0000033372
 -0.0000050015
  0.0000214553
 -0.0000147507
  0.0000049975
 -0.0000146708
  0.0000101832
 -0.0000010601
  0.0000050705
  0.0000025644
 -0.0000019891
  0.0000052897
 -0.0000150102
  0.0000059821
  0.0000015539
  0.0000001602
  0.0000040038
  0.0000125994
  0.0000155241
  0.0000078553
  0.0000127536
 -0.0000167640
  0.0000021738
 -0.0000012715
 -0.0000181566
 -0.0000047321
 -0.0000108756
  0.0000014171
 -0.0000075447
  0.0000006044
  0.0000250784
 -0.0000448172
  0.0000271567
  0.0000075369
 -0.0000243774
 -0.0000021275
  0.0000031660
 -0.0000065256
 -0.0000126608
 -0.0000164390
 -0.0000026569
 -0.0000086936
 -0.0000000623
 -0.0000141269
  0.0000167698
  0.0000143691
  0.0000114044
 -0.0000243565
 -0.0000095036
  0.0000043381
 -0.0000026255
  0.0000062501
  0.0000227463
 -0.0000037949
 -0.0000156891
 -0.0000184985
 -0.0000050268
 -0.0000044415
  0.0000022868
 -0.0000170438
  0.0000103202
 -0.0000326588
  0.0000027414
  0.0000164162
 -0.0000010158
 -0.0000102641
 -0.0000340865
  0.0000051221
 -0.0000034828
  0.0000073317
 -0.0000045323
  0.0000001358
 -0.0000068309
 -0.0000029379
 -0.0000024972
  0.0000130262
  0.0000090775
  0.0000274868
 -0.0000098016
 -0.0000044932
  0.0000339442
  0.0000109143
 -0.0000305754
  0.0000064549
  0.0000742463
  0.0000078525
 -0.0000099996
  0.0000140383
  0.0000074959
  0.0000307260
 -0.0000147519
  0.0000149773
  0.0000066288
 -0.0000053226
  0.0000107772
  0.0000098310
  0.0000019330
  0.0000372675
 -0.0000473721
  0.0000078119
 -0.0000176504
  0.0000178985
  0.0000085807
 -0.0000404880
  0.0000095374
  0.0000736129
 -0.0000437037
 -0.0000048505
  0.0000059576
 -0.0000153200
  0.0000142063
 -0.0000019376
  0.0000051173
  0.0000072228
  0.0000048452
 -0.0000047527
  0.0000005320
  0.0000018376
 -0.0000018797
 -0.0000033907
 -0.0000009305
  0.0000024185
  0.0000032281
  0.0000024349
  0.0000064998
  0.0000109854
 -0.0000038271
  0.0000024009
 -0.0000172825
 -0.0000080690
  0.0000095432
  0.0000022744
  0.0000047662
  0.0000116303
 -0.0000136858
  0.0000074747
 -0.0000005968
  0.0000140781
  0.0000069883
  0.0000019682
 -0.0000106410
 -0.0000017312
 -0.0000004352
  0.0000029918
 -0.0000051495
  0.0000065664
 -0.0000077040
 -0.0000045121
 -0.0000023766
  0.0000160167
  0.0000085036
 -0.0000107703
  0.0000028724
 -0.0000050485
  0.0000052704
 -0.0000590113
 -0.0000053904
  0.0000176039
 -0.0000828572
  0.0000077815
  0.0000041299
 -0.0000198282
 -0.0000214854
  0.0000052673
 -0.0000356811
 -0.0000033835
 -0.0000167343
  0.0000047767
 -0.0000081620
 -0.0000227201
 -0.0000028747
  0.0000048393
  0.0000056552
  0.0000098689
 -0.0000168182
 -0.0000131561
 -0.0000006479
  0.0000017484
  0.0000016616
 -0.0000101270
  0.0000054251
 -0.0000019192
 -0.0000067382
 -0.0000094867
 -0.0000132319
 -0.0000243028
 -0.0000118053
 -0.0000087656
 -0.0000095703
 -0.0000023687
 -0.0000288625
 -0.0000142545
 -0.0000065129
 -0.0000125960
 -0.0000224138
 -0.0000059762
 -0.0000162691
 -0.0000063682
  0.0000128499
 -0.0000147897
 -0.0000033039
 -0.0000140821
 -0.0000123920
 -0.0000252656
 -0.0000100101
 -0.0000004245
 -0.0000095673
 -0.0000016699
 -0.0000122291
  0.0000448374
  0.0000804291
  0.0003127604
  0.0000117902
 -0.0000597994
 -0.0000108180
  0.0000120575
 -0.0000053267
 -0.0000044443
 -0.0000090317
  0.0000011457
  0.0000046621
  0.0001074443
  0.0000150534
  0.0000053121
 -0.0000010162
  0.0000068496
 -0.0000042236
 -0.0000830338
 -0.0000141948
 -0.0000000605
  0.0000129943
 -0.0000016269
  0.0002726737
 -0.0000835834
 -0.0000017004
  0.0000031061
  0.0000000865
 -0.0000074976
 -0.0000113419
 -0.0000149381
  0.0000092154
  0.0000057070
  0.0000047975
 -0.0000048831
 -0.0000119868
 -0.0000014869
  0.0000022338
  0.0000030419
  0.0000104141
  0.0000030514
 -0.0000028113
 -0.0000154451
 -0.0000046759
  0.0000061183
  0.0000038246
  0.0000096533
  0.0000043406
 -0.0000054913
 -0.0000001172
 -0.0000049146
  0.0000051412
  0.0000031712
  0.0000121902
  0.0000011161
  0.0000035605
 -0.0000013820
  0.0000156363
 -0.0000052479
 -0.0000031765
 -0.0000051637
 -0.0000022397
 -0.0000031343
 -0.0000076295
 -0.0000110430
  0.0000123163
 -0.0000009503
  0.0000007927
  0.0000113074
 -0.0000060875
 -0.0000016249
  0.0000126595
 -0.0000242049
  0.0000069983
 -0.0000005341
 -0.0000011901
 -0.0000023882
  0.0000087671
  0.0000092833
 -0.0001020922
  0.0000110279
  0.0000080752
 -0.0000173074
 -0.0000031972
 -0.0000043350
 -0.0000386853
  0.0000038441
 -0.0000006175
 -0.0000072419
  0.0000023385
 -0.0000131418
 -0.0000060432
 -0.0000008246
 -0.0000001677
 -0.0000004112
 -0.0000310634
 -0.0000004618
  0.0000245625
 -0.0000067999
  0.0000035896
 -0.0000008804
  0.0000140461
 -0.0000112637
 -0.0000029993
 -0.0000135322
 -0.0000025138
 -0.0000016354
 -0.0000084743
 -0.0000118574
  0.0000101109
 -0.0000165047
  0.0000102380
 -0.0000001264
  0.0000100526
  0.0000002203
  0.0000059665
 -0.0000267578
  0.0000029182
 -0.0000051887
 -0.0000106244
 -0.0000022961
  0.0000035156
 -0.0000029750
  0.0000019394
  0.0000016087
  0.0000002145
  0.0000104574
  0.0000052850
 -0.0000021797
  0.0000094056
 -0.0000077054
 -0.0000029062
 -0.0000009754
  0.0000114505
  0.0000193480
 -0.0000024886
 -0.0000089495
  0.0000228853
  0.0000181043
  0.0000023260
  0.0000068909
  0.0000112129
 -0.0000210739
 -0.0000093755
  0.0000066556
  0.0000095571
  0.0000012757
  0.0000220236
  0.0000240524
  0.0000059552
 -0.0000201327
 -0.0000053119
  0.0000035451
 -0.0000071700
 -0.0000104461
  0.0000153548
 -0.0000085058
 -0.0000103901
  0.0000461298
 -0.0000121508
 -0.0000025261
  0.0000163308
 -0.0000026084
 -0.0000049190
  0.0000076566
  0.0000183285
  0.0000174203
  0.0000078745
  0.0000071979
  0.0000034462
 -0.0000086097
 -0.0000041711
 -0.0000081657
  0.0000007786
  0.0000088844
  0.0000009359
 -0.0000070835
  0.0000004775
 -0.0000000199
 -0.0000010736
  0.0000080544
 -0.0000034630
  0.0000031811
 -0.0000014065
  0.0000015935
 -0.0000020425
  0.0000087391
 -0.0000053265
 -0.0000022621
 -0.0000029635
 -0.0000126284
 -0.0000049269
 -0.0000074895
 -0.0000049566
 -0.0000132899
 -0.0000015788
 -0.0000076478
  0.0000028388
  0.0000006083
  0.0000098726
 -0.0000080790
 -0.0000047787
 -0.0000099487
 -0.0000141206
 -0.0000083262
  0.0000182353
 -0.0000034820
 -0.0000265998
  0.0000005469
  0.0000134359
 -0.0000392375
  0.0000082084
 -0.0000002658
 -0.0000129703
  0.0000023566
 -0.0000044337
 -0.0000217658
  0.0000177413
  0.0000366664
 -0.0000097040
 -0.0000080791
  0.0000011165
 -0.0000043954
  0.0000075873
 -0.0000013300
  0.0000001903
 -0.0000221851
  0.0000017006
 -0.0000047771
 -0.0000024103
  0.0000039157
  0.0000104567
  0.0000006213
 -0.0000006057
  0.0000135758
  0.0000024747
 -0.0000011717
 -0.0000037404
 -0.0000092055
  0.0000099743
 -0.0000096707
  0.0000134433
  0.0000016713
 -0.0000114020
 -0.0000054696
 -0.0000061113
 -0.0000273439
  0.0000103373
  0.0000004071
  0.0000041999
 -0.0000079343
  0.0000107274
  0.0000030278
 -0.0000072144
 -0.0000122023
 -0.0000002893
  0.0000132317
  0.0000090058
 -0.0000041172
  0.0000094229
 -0.0000004740
  0.0000112615
  0.0000238031
  0.0000021880
 -0.0000202060
  0.0000218296
 -0.0000103337
  0.0000101586
 -0.0000296502
 -0.0000071155
 -0.0000076009
 -0.0000061923
 -0.0000271209
 -0.0000299927
  0.0000372602
  0.0000096761
 -0.0000222841
  0.0000100287
 -0.0000070949
  0.0000172311
 -0.0000280018
 -0.0000217614
  0.0000116648
 -0.0000158552
  0.0000159069
  0.0000049845
  0.0000384557
  0.0000015651
  0.0000100388
 -0.0000172343
  0.0000171254
  0.0000055616
 -0.0000278592
 -0.0000173653
 -0.0000118460
  0.0000222552
 -0.0000009471
 -0.0000095446
  0.0000012482
 -0.0000009892
 -0.0000102158
 -0.0000109239
 -0.0000087646
 -0.0000021388
 -0.0000037873
  0.0000002709
  0.0000041816
 -0.0000057704
  0.0000022330
  0.0000040054
  0.0000032324
  0.0000274005
 -0.0000034171
 -0.0000047852
  0.0000043421
 -0.0000014295
 -0.0000009182
 -0.0000025015
  0.0000305228
  0.0000007179
 -0.0000030815
 -0.0000009450
  0.0000014337
 -0.0000066605
 -0.0000005559
  0.0000240360
 -0.0000036898
  0.0000019399
 -0.0000010507
 -0.0000029214
  0.0000018891
 -0.0000289270
  0.0000009581
 -0.0000187931
  0.0000211553
 -0.0000020841
 -0.0000062548
 -0.0000008989
 -0.0000132447
  0.0000035524
  0.0000105603
  0.0000023217
 -0.0000252456
 -0.0000057184
  0.0000192355
 -0.0000283037
 -0.0000077238
 -0.0000381146
 -0.0000178614
 -0.0000008684
 -0.0000055173
 -0.0000010372
  0.0000074410
 -0.0000131731
 -0.0000093351
 -0.0000005705
  0.0000025619
 -0.0000014121
  0.0000351106
  0.0000160821
 -0.0000030985
 -0.0000140836
 -0.0000012401
  0.0000008485
  0.0000117820
  0.0000129275
  0.0000102001
  0.0000081183
 -0.0000082298
 -0.0000111237
  0.0000034506
 -0.0000074740
  0.0000148008
 -0.0000119930
  0.0000156987
 -0.0000092032
  0.0000267113
 -0.0000027081
  0.0000051017
 -0.0000285380
  0.0000090299
  0.0000021950
  0.0000002365
  0.0000224908
  0.0000130925
 -0.0000012308
  0.0000198211
  0.0000001980
  0.0000126071
 -0.0000052358
  0.0000031927
  0.0000161784
  0.0000232509
  0.0000157499
  0.0000040716
  0.0000496159
  0.0000009162
 -0.0000096923
  0.0000223377
 -0.0000144386
 -0.0000460178
  0.0000078628
  0.0000215171
  0.0000146767
  0.0000126057
  0.0000294842
  0.0000208129
  0.0000065316
 -0.0000481283
  0.0000007052
  0.0000205500
 -0.0000335485
 -0.0000327922
  0.0000256674
  0.0000049586
 -0.0000325298
  0.0000637250
 -0.0000170606
  0.0000055146
  0.0000244734
 -0.0000099777
  0.0000234589
  0.0000029852
  0.0000247002
 -0.0000003745
  0.0000086439
  0.0000024816
 -0.0000006434
  0.0000022147
  0.0000053637
  0.0000071001
  0.0000050193
  0.0000093557
  0.0000050549
 -0.0000065813
 -0.0000013625
  0.0000046922
  0.0000048850
  0.0000011272
  0.0000017002
  0.0000094132
  0.0000112144
  0.0000107368
  0.0000086230
  0.0000107229
  0.0000145437
  0.0000056362
 -0.0000021157
  0.0000114012
 -0.0000018787
  0.0000133962
  0.0000184388
  0.0000152961
  0.0000052106
  0.0000074179
 -0.0000074237
 -0.0000045410
  0.0000177150
  0.0000018966
 -0.0000129005
  0.0000183315
  0.0000028271
  0.0000185947
  0.0000142368
 -0.0000039130
  0.0000096426
  0.0000149686
 -0.0000169325
  0.0000163642
  0.0000019974
 -0.0000053970
 -0.0000467772
 -0.0000132201
  0.0000202509
 -0.0000611207
  0.0000219472
 -0.0000122681
 -0.0000082381
  0.0000057304
  0.0000083811
 -0.0000151708
  0.0000062968
  0.0000073854
  0.0000044838
  0.0000131949
  0.0000039222
 -0.0000019929
  0.0000083640
  0.0000032285
  0.0000039867
  0.0000021007
  0.0000073587
 -0.0000029392
 -0.0000001456
  0.0000135089
  0.0000216942
  0.0000015955
 -0.0000008548
 -0.0000078210
 -0.0000148785
  0.0000064679
 -0.0000098212
 -0.0000179379
  0.0000194303
 -0.0000236482
  0.0000302186
 -0.0000037125
  0.0000012292
 -0.0000005134
  0.0000173849
  0.0000028058
 -0.0000049073
  0.0000243548
 -0.0000009031
 -0.0000070275
 -0.0000015720
 -0.0000036105
 -0.0000091958
 -0.0000065162
  0.0000269413
  0.0000060833
 -0.0000025120
  0.0000249548
  0.0000274895
 -0.0000425068
  0.0000212515
  0.0000756794
 -0.0000006818
 -0.0000045449
  0.0000059655
 -0.0000021916
  0.0000266113
 -0.0000204731
  0.0000054502
  0.0000027760
 -0.0000021815
  0.0000243058
  0.0000025488
  0.0000025269
  0.0000204319
 -0.0000480086
  0.0000006495
 -0.0000156147
  0.0000188990
 -0.0000008194
 -0.0000496131
  0.0000103531
  0.0001037195
 -0.0000272400
 -0.0000023375
 -0.0000020644
 -0.0000143361
  0.0000052542
 -0.0000010075
 -0.0000012823
 -0.0000025357
  0.0000031714
  0.0000019616
  0.0000019985
 -0.0000019225
 -0.0000010055
 -0.0000031809
  0.0000004863
 -0.0000076052
 -0.0000017586
  0.0000016888
  0.0000004755
  0.0000059536
 -0.0000032104
 -0.0000043898
  0.0000038125
 -0.0000086744
  0.0000018249
 -0.0000009431
 -0.0000016076
 -0.0000035399
 -0.0000038702
 -0.0000057490
 -0.0000096214
  0.0000000188
  0.0000056857
 -0.0000071769
 -0.0000118769
 -0.0000050868
 -0.0000071453
  0.0000029018
 -0.0000029494
  0.0000094112
 -0.0000021191
 -0.0000043410
  0.0000080352
 -0.0000190480
 -0.0000063524
 -0.0000095584
 -0.0000038235
 -0.0000553349
  0.0000008490
  0.0000083995
 -0.0000808741
 -0.0000013437
 -0.0000002077
 -0.0000076232
 -0.0000029223
 -0.0000052805
 -0.0000427827
 -0.0000050310
  0.0000107999
 -0.0000105383
 -0.0000072247
 -0.0000221794
  0.0000011000
  0.0000006565
 -0.0000020752
 -0.0000006586
 -0.0000247083
 -0.0000030640
  0.0000090404
  0.0000008776
 -0.0000048305
 -0.0000042487
  0.0000051296
 -0.0000049463
 -0.0000037252
 -0.0000170769
  0.0000091044
  0.0000063502
 -0.0000106266
  0.0000063480
  0.0000041942
  0.0000076435
  0.0000011207
  0.0000076654
  0.0000021538
 -0.0000066952
 -0.0000095032
 -0.0000090240
 -0.0000065624
 -0.0000082275
  0.0000038683
 -0.0000002616
  0.0000013714
  0.0000000488
  0.0000053982
 -0.0000345524
  0.0000186362
  0.0000961538
 -0.0000057297
 -0.0000187131
  0.0000036554
 -0.0000079190
  0.0000152463
 -0.0000424733
  0.0000032195
  0.0000008279
  0.0000018832
  0.0000596584
 -0.0000047659
 -0.0000002700
 -0.0000135612
 -0.0000414530
 -0.0000014320
 -0.0000401693
  0.0000116506
 -0.0000019581
 -0.0000398225
  0.0000082567
  0.0001169697
 -0.0000096792
 -0.0000027012
 -0.0000038067
 -0.0000011183
 -0.0000030246
  0.0000030303
  0.0000074743
 -0.0000051059
 -0.0000094492
  0.0000001399
 -0.0000056929
 -0.0000094838
 -0.0000002229
 -0.0000018854
  0.0000057277
  0.0000048852
  0.0000012965
 -0.0000059872
  0.0000099795
  0.0000093315
  0.0000005749
 -0.0000040438
  0.0000022882
  0.0000053841
 -0.0000065479
 -0.0000101409
  0.0000010062
  0.0000016928
 -0.0000004564
  0.0000118117
 -0.0000018952
  0.0000030713
 -0.0000034433
  0.0000030526
 -0.0000000054
  0.0000129321
 -0.0000074390
  0.0000042078
  0.0000024393
  0.0000054795
 -0.0000052959
  0.0000071450
  0.0000055352
 -0.0000008347
 -0.0000010738
  0.0000105933
  0.0000040906
  0.0000098143
 -0.0000074212
 -0.0000030191
 -0.0000056007
 -0.0000215209
 -0.0000072393
 -0.0000078042
 -0.0000009620
 -0.0000614673
  0.0000017209
 -0.0000003896
 -0.0000848521
 -0.0000027516
  0.0000054439
 -0.0000056537
  0.0000025109
 -0.0000014940
 -0.0000470203
 -0.0000008027
 -0.0000024582
 -0.0000068361
 -0.0000033774
  0.0000096075
 -0.0000047094
 -0.0000023181
  0.0000052348
  0.0000052628
  0.0000021489
 -0.0000087699
  0.0000140299
  0.0000008630
  0.0000081613
  0.0000039778
  0.0000313605
 -0.0000188340
  0.0000101453
  0.0000306966
  0.0000091664
  0.0000079893
  0.0000052427
  0.0000139482
  0.0000316252
 -0.0000018734
  0.0000138408
  0.0000012052
 -0.0000009862
  0.0000250456
  0.0000086976
 -0.0000003207
 -0.0000310880
  0.0000515346
 -0.0000024754
  0.0000053214
  0.0000292580
 -0.0000098174
 -0.0000440194
 -0.0000213319
  0.0000300371
  0.0000290307
  0.0000196872
  0.0000725626
  0.0000109080
  0.0000231419
 -0.0000320606
 -0.0000453055
  0.0000240224
 -0.0000116253
 -0.0000532865
  0.0000149842
 -0.0000399660
 -0.0000532138
  0.0001830009
 -0.0000015473
  0.0000193003
  0.0000139411
 -0.0000636372
  0.0000187410
  0.0000227754
  0.0000087172
  0.0000143205
 -0.0000032954
  0.0000230693
 -0.0000019890
 -0.0000004498
 -0.0000034872
 -0.0000033954
  0.0000036102
 -0.0000142014
 -0.0000049547
 -0.0000040082
  0.0000004636
 -0.0000035652
 -0.0000032881
 -0.0000045475
 -0.0000038221
 -0.0000049906
 -0.0000029471
  0.0000104294
  0.0000041446
  0.0000112055
  0.0000108000
  0.0000048508
  0.0000224775
  0.0000083112
  0.0000136763
  0.0000150500
  0.0000068837
  0.0000063200
  0.0000037230
  0.0000143474
  0.0000029033
  0.0000098682
  0.0000069120
  0.0000067414
  0.0000083589
  0.0000149630
  0.0000082764
  0.0000136230
  0.0000035784
  0.0000058000
  0.0000059613
  0.0000154562
 -0.0000858252
  0.0000127527
  0.0000294746
  0.0000032571
 -0.0000093687
  0.0000045245
  0.0000058087
 -0.0000107606
 -0.0000010516
  0.0000038352
  0.0000205719
  0.0000104241
  0.0000091919
  0.0000102028
  0.0000047892
  0.0000031098
  0.0000032351
  0.0000093255
 -0.0000059174
 -0.0000176898
 -0.0000008699
 -0.0000036862
  0.0000013972
  0.0000006963
 -0.0000052444
 -0.0000022413
 -0.0000091420
  0.0000030504
 -0.0000007655
 -0.0000005081
  0.0000002042
  0.0000032983
 -0.0000061863
 -0.0000019894
 -0.0000052435
 -0.0000134892
 -0.0000043947
 -0.0000032402
 -0.0000042551
 -0.0000037574
 -0.0000154692
  0.0000020435
 -0.0000048197
 -0.0000055478
 -0.0000023703
 -0.0000024254
 -0.0000022856
  0.0000007577
  0.0000171938
  0.0000092466
  0.0000181610
  0.0000173604
 -0.0000005729
  0.0000100727
  0.0000057901
  0.0000020994
  0.0000113435
  0.0000219432
  0.0000191794
  0.0000020921
  0.0000187154
  0.0000180984
  0.0000124511
  0.0000038735
  0.0000041911
  0.0000002230
  0.0000030926
 -0.0000013195
 -0.0000002491
  0.0000028206
 -0.0000008539
  0.0000021499
  0.0000046893
  0.0000020401
  0.0000002256
  0.0000083734
  0.0000035895
  0.0000009659
  0.0000048977
  0.0000029109
  0.0000126728
  0.0000027209
 -0.0000845150
  0.0000397648
  0.0000237490
  0.0000342886
 -0.0000015475
  0.0000602527
 -0.0000505978
 -0.0000645727
 -0.0000816524
  0.0000358415
  0.0000083879
 -0.0000205984
  0.0000450117
 -0.0000474920
  0.0000146091
 -0.0000708984
 -0.0000541689
  0.0001004264
 -0.0000265332
  0.0000045655
  0.0000096532
  0.0000030551
  0.0000238056
 -0.0000188087
  0.0000091304
 -0.0000150973
  0.0000208161
 -0.0000020880
  0.0000065779
 -0.0000138273
  0.0000098449
  0.0000040452
  0.0000022060
 -0.0000026955
 -0.0000044563
  0.0000011206
 -0.0000003942
  0.0000003257
  0.0000024805
  0.0000020336
  0.0000062884
  0.0000060264
  0.0000026254
 -0.0000010259
 -0.0000007812
  0.0000018476
  0.0000050844
  0.0000024583
  0.0000041052
  0.0000055827
  0.0000003783
  0.0000018126
  0.0000027263
 -0.0000008133
 -0.0000100181
  0.0000050072
  0.0000041876
 -0.0000008347
  0.0000010441
  0.0000039837
  0.0000051091
 -0.0000012394
 -0.0000027061
 -0.0000018873
  0.0000017029
  0.0000066587
  0.0000000973
  0.0000006996
  0.0000037432
 -0.0000006582
  0.0000002500
  0.0000021779
  0.0000005344
  0.0000050172
  0.0000212963
 -0.0000006572
 -0.0000007211
  0.0000063062
 -0.0000015668
 -0.0000237208
  0.0000005025
  0.0000017868
 -0.0000025485
 -0.0000053481
 -0.0000005234
  0.0000061649
  0.0000053702
  0.0000099223
 -0.0000121021
  0.0000113443
  0.0000001645
  0.0000032005
 -0.0000056677
  0.0000064207
  0.0000061363
 -0.0000358073
 -0.0000039186
  0.0000022376
  0.0000039094
 -0.0000069140
  0.0000006629
  0.0000042809
 -0.0000019482
 -0.0000644211
  0.0000089932
 -0.0000092066
  0.0000025767
  0.0000041742
 -0.0000096720
  0.0000013077
 -0.0000033777
  0.0000003481
  0.0000017019
 -0.0000131849
 -0.0000276520
 -0.0000114795
 -0.0000025303
 -0.0000081343
  0.0000022778
 -0.0000079223
 -0.0000005739
 -0.0000153019
  0.0000010394
  0.0000007087
 -0.0000028016
  0.0000031044
 -0.0000002814
  0.0000012083
 -0.0000106066
 -0.0000007125
 -0.0000047273
 -0.0000196585
 -0.0000090380
 -0.0000056610
 -0.0000072628
 -0.0000068839
  0.0000011629
 -0.0000249313
  0.0000025474
 -0.0000055205
 -0.0000113935
 -0.0000035106
 -0.0000006308
 -0.0000003219
 -0.0000003949
 -0.0000017532
  0.0000093875
  0.0000119639
  0.0000098240
  0.0000101596
  0.0000317713
  0.0000363355
  0.0000126926
  0.0000153286
 -0.0000012649
  0.0000036674
  0.0000122991
  0.0000167882
  0.0000072307
  0.0000104194
  0.0000103863
  0.0000046018
 -0.0000006080
 -0.0000013172
 -0.0000016928
 -0.0000053667
  0.0000016886
 -0.0000074664
 -0.0000027172
 -0.0000008062
  0.0000074886
 -0.0000013529
 -0.0000017182
 -0.0000005795
 -0.0000014244
  0.0000005742
 -0.0000032618
  0.0000033347
  0.0000031075
  0.0000241266
  0.0000016763
 -0.0000136082
 -0.0000075701
  0.0000226408
  0.0000277102
 -0.0000197593
 -0.0000041838
 -0.0001309290
 -0.0000540939
 -0.0000469003
 -0.0000150382
 -0.0000819411
  0.0000006080
 -0.0000943643
  0.0000115127
  0.0000063084
 -0.0001302809
  0.0000112128
 -0.0000007575
  0.0000156781
  0.0000296956
  0.0000056362
 -0.0000062706
  0.0000396190
 -0.0000931599
  0.0000119182
 -0.0001154757
  0.0000016231
  0.0000149475
  0.0000045432
 -0.0000035794
  0.0000067782
  0.0000139334
 -0.0000014323
 -0.0000192147
  0.0000076639
  0.0000035431
  0.0000098216
  0.0000001099
  0.0000005634
  0.0000043603
 -0.0000041938
 -0.0000020146
  0.0000024985
 -0.0000072784
 -0.0000027316
 -0.0000020045
 -0.0000011456
  0.0000029509
 -0.0000084296
  0.0000008002
  0.0000038815
  0.0000003291
  0.0000009347
 -0.0000082752
  0.0000002013
  0.0000036679
  0.0000013413
  0.0000013790
 -0.0000030225
  0.0000035356
  0.0000016623
 -0.0000063036
  0.0000019789
 -0.0000095042
  0.0000019743
  0.0000019524
 -0.0000039662
  0.0000083796
 -0.0000073448
 -0.0000004225
  0.0000273292
  0.0000191895
  0.0000005056
 -0.0000003409
  0.0000188626
  0.0000036971
 -0.0000071856
  0.0000021990
 -0.0000073415
 -0.0000060795
 -0.0000064271
 -0.0000103803
  0.0000029881
 -0.0000125286
 -0.0000062314
 -0.0000067129
 -0.0000031302
 -0.0000065335
 -0.0000063128
 -0.0000078014
 -0.0000073240
 -0.0000180976
 -0.0000101724
 -0.0000001598
 -0.0000092325
 -0.0000137065
 -0.0000145757
 -0.0000803302
  0.0000476399
  0.0000233223
  0.0000406960
 -0.0000135640
 -0.0000517689
 -0.0000631001
 -0.0000778554
  0.0000340061
 -0.0000081322
 -0.0000239863
 -0.0000491945
 -0.0000068933
 -0.0000697845
 -0.0000559323
  0.0001927437
 -0.0000304682
 -0.0000115529
 -0.0000045596
 -0.0000122238
  0.0000332733
 -0.0000216931
  0.0000085751
 -0.0000146188
  0.0000039935
 -0.0000065783
  0.0000119048
 -0.0000079585
 -0.0000013798
 -0.0000044632
  0.0000032307
 -0.0000041132
  0.0000078273
 -0.0000009245
 -0.0000012220
 -0.0000024793
 -0.0000027314
 -0.0000044108
 -0.0000038346
 -0.0000023172
  0.0000021294
 -0.0000036429
  0.0000079128
 -0.0000047987
  0.0000029116
  0.0000056457
 -0.0000040222
  0.0000019402
 -0.0000189264
 -0.0000047352
  0.0000054908
 -0.0000084676
 -0.0000025493
 -0.0000036165
 -0.0000022011
 -0.0000040635
 -0.0000284778
 -0.0000307916
 -0.0000263012
 -0.0000264888
 -0.0000308091
 -0.0000356192
 -0.0000308446
 -0.0000309668
 -0.0000454846
 -0.0000442771
 -0.0000302129
 -0.0000309425
 -0.0000465780
 -0.0000317825
 -0.0000303745
 -0.0000006628
 -0.0000010554
 -0.0000032934
 -0.0000030526
 -0.0000018570
 -0.0000015322
 -0.0000009309
 -0.0000064551
 -0.0000002961
  0.0000007195
 -0.0000010012
 -0.0000021071
 -0.0000036295
 -0.0000003914
  0.0000014694
 -0.0000030111
 -0.0000031091
  0.0000018942
 -0.0000515549
 -0.0000028160
  0.0000062712
  0.0000251234
  0.0000266058
 -0.0000261211
 -0.0000005945
  0.0000028877
  0.0000206308
  0.0000135110
  0.0000389602
  0.0000118265
  0.0000176390
  0.0000603082
  0.0000236132
  0.0000054456
 -0.0000397936
 -0.0000722996
  0.0000028744
  0.0000079735
  0.0000322969
 -0.0000601934
 -0.0000290209
  0.0000551386
  0.0000301515
  0.0000117045
  0.0000322972
  0.0000232998
  0.0000264552
  0.0000198133
  0.0000210991
  0.0000221915
  0.0000315272
  0.0000318163
  0.0000267225
  0.0000205539
  0.0000098347
  0.0000088517
  0.0000628975
  0.0000128812
 -0.0000030431
  0.0000260945
  0.0000130454
  0.0000138761
  0.0000011318
  0.0000279741
  0.0000246339
  0.0000287415
  0.0000225731
  0.0000282076
  0.0000118887
  0.0000202559
 -0.0000154478
  0.0000138648
  0.0000154575
  0.0000130694
  0.0000146538
  0.0000659865
 -0.0000089302
  0.0000296405
  0.0000155961
  0.0000153294
  0.0000210664
  0.0000229601
  0.0000183472
  0.0000188799
  0.0000155148
  0.0000290367
 -0.0000211156
 -0.0000193197
 -0.0000192948
 -0.0000201825
 -0.0000210380
 -0.0000110218
 -0.0000192344
 -0.0000175729
 -0.0000062061
 -0.0000111137
 -0.0000166700
 -0.0000169376
 -0.0000127405
 -0.0000210381
 -0.0000189758
  0.0000253356
  0.0000305770
  0.0000281510
  0.0000203867
  0.0000168079
  0.0000259270
  0.0000277865
  0.0000271274
  0.0000165024
  0.0000405667
  0.0000199009
  0.0000245779
  0.0000418299
  0.0000204772
  0.0000531572
  0.0000301673
  0.0000328248
  0.0000344276
 -0.0000284859
  0.0000316993
 -0.0000636529
  0.0000174176
  0.0000323634
  0.0000152484
  0.0000209647
 -0.0000827145
 -0.0000790320
 -0.0002356746
 -0.0001234589
  0.0000457632
 -0.0000458540
 -0.0000372793
 -0.0000210276
  0.0000369607
  0.0000246862
  0.0000356354
 -0.0001266401
 -0.0001799637
 -0.0000061307
  0.0000058330
  0.0000027810
  0.0000031165
 -0.0000028589
 -0.0000031480
  0.0000022054
  0.0000051394
  0.0000027327
 -0.0000031392
  0.0000040080
  0.0000048475
 -0.0000195530
  0.0000043007
  0.0000039329
  0.0000128423
 -0.0000087536
  0.0000060804
  0.0000050284
  0.0000006668
 -0.0000082614
 -0.0000051078
 -0.0000036960
  0.0000157116
 -0.0000094041
 -0.0000103342
  0.0000037108
  0.0000054923
  0.0000028069
 -0.0000034449
  0.0000056515
  0.0000089410
  0.0000051678
  0.0000059571
  0.0000202630
 -0.0000050078
 -0.0000058899
  0.0000063432
  0.0000055856
 -0.0000056872
 -0.0000055919
  0.0000012455
 -0.0000024763
 -0.0000075203
  0.0000074017
  0.0000002106
  0.0000052990
  0.0000065088
  0.0000009175
  0.0000007494
 -0.0000019247
 -0.0000016985
  0.0000106995
  0.0000089126
  0.0000056566
  0.0000007527
  0.0000085912
  0.0000083828
  0.0000087003
 -0.0000059424
  0.0000114851
  0.0000096002
  0.0000061239
  0.0000077142
 -0.0000056539
  0.0000038682
 -0.0000157073
  0.0000069988
  0.0000204688
  0.0000006901
  0.0000030793
  0.0000139936
  0.0000072676
  0.0000071121
  0.0000074767
 -0.0000105089
 -0.0000036309
 -0.0000026740
  0.0000004698
  0.0000405449
  0.0000031543
  0.0000186513
  0.0000086639
 -0.0000803226
  0.0000023183
 -0.0001393415
  0.0000608987
  0.0000713122
 -0.0000253987
  0.0001601920
  0.0000087643
  0.0000693880
 -0.0001828472
  0.0000505432
  0.0000067331
  0.0000203581
 -0.0000039381
 -0.0004266479
  0.0000321591
 -0.0000039658
  0.0000026176
  0.0000081033
  0.0000217601
  0.0000896026
 -0.0000006773
  0.0000119360
 -0.0000047350
 -0.0000034704
 -0.0000198241
 -0.0000044289
  0.0000063551
 -0.0000031929
 -0.0000041559
 -0.0000063042
 -0.0000027110
 -0.0000026094
 -0.0000034787
 -0.0000044544
 -0.0000023570
 -0.0000044430
 -0.0000041555
 -0.0000025917
 -0.0000022650
 -0.0000025488
 -0.0000024435
 -0.0000034573
 -0.0000027437
 -0.0000043463
 -0.0000032687
 -0.0000044733
 -0.0000023025
 -0.0000101078
 -0.0000188909
 -0.0000122868
 -0.0000101839
 -0.0000201561
 -0.0000323643
 -0.0000183500
 -0.0000142809
 -0.0000102022
 -0.0000056707
 -0.0000186003
 -0.0000144649
 -0.0000031017
 -0.0000097769
 -0.0000203569
 -0.0000003820
  0.0000007166
 -0.0000028771
 -0.0000060364
  0.0000012791
 -0.0000016466
 -0.0000039823
 -0.0000047122
  0.0000000614
 -0.0000077270
 -0.0000079389
 -0.0000030832
 -0.0000005462
  0.0000007541
 -0.0000069348
 -0.0000062364
 -0.0000013577
 -0.0000020874
 -0.0000282896
  0.0000127563
  0.0000246406
  0.0000297617
 -0.0000757308
  0.0000115214
  0.0000069135
 -0.0000101831
  0.0000107116
  0.0000300963
  0.0000171032
  0.0000185341
  0.0000166926
  0.0000063646
 -0.0000246268
  0.0000134731
  0.0000181375
  0.0000331786
 -0.0000510966
 -0.0000084660
 -0.0000135082
  0.0000231123
  0.0000172985
  0.0000246293
 -0.0000033041
  0.0000042817
  0.0000180882
  0.0000075870
  0.0000047695
 -0.0000000179
  0.0000106130
  0.0000052253
  0.0000018816
  0.0000085227
 -0.0000016781
  0.0000015492
  0.0000065988
  0.0000159097
 -0.0000106252
 -0.0000231343
  0.0000101010
 -0.0000022260
  0.0000055912
 -0.0000028941
  0.0000050683
  0.0000037983
 -0.0000151154
  0.0000032696
 -0.0000052028
  0.0000193650
  0.0000022431
 -0.0000061949
  0.0000104148
  0.0000044949
  0.0000076039
 -0.0000044849
 -0.0000189578
  0.0000044367
  0.0000012519
  0.0000046414
  0.0000083022
  0.0000184873
 -0.0000128818
  0.0000078711
 -0.0000024384
 -0.0000039894
 -0.0000051112
 -0.0000030009
 -0.0000033735
  0.0000192075
 -0.0000049518
 -0.0000024225
 -0.0000039106
 -0.0000029656
 -0.0000085608
 -0.0000028116
 -0.0000047787
 -0.0000049883
 -0.0000039655
 -0.0000041730
 -0.0000062884
 -0.0000047517
 -0.0000043991
  0.0000024481
 -0.0000020662
  0.0000114973
 -0.0000507128
 -0.0000245669
 -0.0000065628
 -0.0000091842
 -0.0000042936
 -0.0000214056
  0.0000167735
 -0.0000177656
 -0.0000453217
 -0.0000060890
  0.0000064671
 -0.0000354130
 -0.0000162554
  0.0000024027
 -0.0000321426
  0.0000219199
 -0.0000165080
 -0.0000032008
 -0.0000476101
  0.0000006849
  0.0000875504
  0.0000018639
  0.0000166618
 -0.0000177626
  0.0000234610
 -0.0000196627
 -0.0000969694
  0.0000611369
 -0.0000081374
 -0.0000235045
  0.0000098104
 -0.0000221191
 -0.0000186895
  0.0000064677
 -0.0000025855
 -0.0000110485
 -0.0000103798
 -0.0000462288
  0.0000050872
  0.0000064197
  0.0000069816
  0.0000074315
  0.0000138774
  0.0000065391
  0.0000029452
  0.0000055114
  0.0000060913
  0.0000188203
 -0.0000005428
  0.0000048056
  0.0000030021
  0.0000143916
  0.0000032767
 -0.0000004747
  0.0000084511
  0.0000199932
  0.0000852746
 -0.0000281394
 -0.0000147847
 -0.0000384246
 -0.0000217672
 -0.0000085931
  0.0000005177
 -0.0000407152
 -0.0000394543
 -0.0000417388
  0.0000237779
 -0.0000367906
 -0.0000378034
 -0.0000105945
  0.0000026786
 -0.0000363621
 -0.0000293316
 -0.0000054039
 -0.0000337089
  0.0000049879
 -0.0000050112
  0.0000897754
 -0.0000103959
 -0.0000389546
 -0.0000347708
  0.0000046637
  0.0000041831
 -0.0000364311
  0.0000061180
 -0.0000343140
 -0.0000294852
 -0.0000381636
  0.0000028673
  0.0000010093
  0.0000038241
  0.0000043697
  0.0000048920
  0.0000059946
  0.0000011875
  0.0000015511
  0.0000059822
  0.0000101452
 -0.0000006707
  0.0000041362
  0.0000099814
  0.0000077047
  0.0000086024
 -0.0000335045
  0.0000417927
  0.0000285134
 -0.0000024042
 -0.0000022972
 -0.0000377750
  0.0000240941
 -0.0000352911
  0.0000198264
  0.0000302079
 -0.0000104156
 -0.0000428332
  0.0000270181
  0.0000266870
  0.0000036396
  0.0000211931
 -0.0000412945
  0.0000225115
  0.0000064291
  0.0000057678
  0.0000082025
  0.0000426918
  0.0000164298
  0.0000289375
 -0.0000028086
  0.0000019358
 -0.0000269520
 -0.0000380512
  0.0000032385
  0.0000148043
  0.0000168314
  0.0000026312
 -0.0000004912
 -0.0000038221
  0.0000387764
 -0.0000435659
  0.0000205428
  0.0000045024
  0.0000003428
 -0.0000006264
 -0.0000004144
 -0.0000019840
 -0.0000003446
  0.0000008773
 -0.0000031784
  0.0000001284
 -0.0000017798
 -0.0000006511
  0.0000000776
 -0.0000002431
 -0.0000000172
 -0.0000007531
  0.0000000218
 -0.0000008325
  0.0000001641
 -0.0000019106
  0.0000068111
  0.0000001199
  0.0000039363
  0.0000071454
  0.0000047401
  0.0000080486
  0.0000008835
  0.0000017827
  0.0000051679
  0.0000084732
  0.0000060483
  0.0000031087
  0.0000045591
  0.0000059933
  0.0000022685
  0.0000010858
  0.0000012096
 -0.0000016904
 -0.0000000721
 -0.0000005141
  0.0000019784
  0.0000004398
 -0.0000006999
 -0.0000012964
  0.0000025570
 -0.0000002985
 -0.0000016940
  0.0000006054
 -0.0000007970
  0.0000035315
 -0.0000009784
  0.0000001104
  0.0000025557
  0.0000333334
 -0.0000019872
  0.0000060201
  0.0000100051
 -0.0000383991
 -0.0000358933
 -0.0000036558
  0.0000030167
 -0.0000002930
  0.0000014263
  0.0000092477
  0.0000029175
 -0.0000331618
  0.0000052410
 -0.0000025400
  0.0000165339
  0.0000042201
  0.0000061340
  0.0000144123
 -0.0000145415
  0.0000155548
 -0.0000658960
  0.0000014958
 -0.0000115610
  0.0000064361
 -0.0000006051
 -0.0000025688
 -0.0000063766
  0.0000152017
 -0.0000010674
  0.0000245674
 -0.0000121596
  0.0000018030
 -0.0000040739
 -0.0000024610
  0.0000010684
 -0.0000068149
  0.0000083249
 -0.0000011531
  0.0000065479
  0.0000023339
  0.0000000972
 -0.0000003094
 -0.0000025199
 -0.0000059618
 -0.0000027209
  0.0000009696
 -0.0000009088
 -0.0000038105
  0.0000047211
  0.0000001624
  0.0000002853
  0.0000009232
  0.0000045845
 -0.0000019086
  0.0000032557
 -0.0000017487
 -0.0000016062
  0.0000022506
 -0.0000057302
  0.0000032847
  0.0000044809
 -0.0000014703
  0.0000012369
  0.0000022823
  0.0000049382
 -0.0000011574
 -0.0000022367
  0.0000028098
  0.0000036600
  0.0000015054
 -0.0000019862
  0.0000021638
 -0.0000016910
  0.0000004839
 -0.0000032291
  0.0000020966
 -0.0000004989
 -0.0000022857
  0.0000025005
 -0.0000015401
  0.0000275660
  0.0000013199
 -0.0000029863
  0.0000043506
  0.0000281678
 -0.0000676197
  0.0000019082
  0.0000026285
 -0.0000011175
 -0.0000091427
 -0.0000041204
  0.0000048374
  0.0000049155
 -0.0000088428
  0.0000130244
  0.0000127270
  0.0000188418
  0.0000003708
  0.0000011741
 -0.0000074899
  0.0000142737
  0.0000033491
 -0.0000489211
 -0.0000049051
 -0.0000041397
  0.0000070512
 -0.0000330892
  0.0000118050
  0.0000043563
 -0.0000011048
 -0.0000531693
  0.0000006485
  0.0000173481
 -0.0000021271
  0.0000075277
  0.0000004547
  0.0000095033
  0.0000008199
 -0.0000002316
 -0.0000058124
  0.0000036461
  0.0000015008
  0.0000016960
  0.0000008147
 -0.0000113599
  0.0000041034
  0.0000041815
  0.0000021589
  0.0000002661
  0.0000016130
  0.0000021164
 -0.0000019582
 -0.0000006503
  0.0000016989
 -0.0000021993
 -0.0000068273
  0.0000052723
  0.0000026036
 -0.0000034212
  0.0000013912
  0.0000014985
  0.0000008076
  0.0000005341
  0.0000033091
  0.0000013076
  0.0000022217
  0.0000013265
 -0.0000001862
  0.0000061565
 -0.0000000961
  0.0000004165
  0.0000017487
 -0.0000011050
  0.0000121052
 -0.0000008097
 -0.0000027283
  0.0000051201
 -0.0000670955
 -0.0000122653
 -0.0000014451
  0.0000050690
 -0.0000039050
 -0.0000067102
 -0.0000009871
  0.0000051081
  0.0000032960
  0.0000117178
 -0.0000506599
  0.0000017345
 -0.0000073028
  0.0000024684
  0.0000011254
 -0.0000342720
 -0.0000059385
  0.0000000085
  0.0000062544
 -0.0000006945
 -0.0000024289
 -0.0000021780
 -0.0000004145
 -0.0000401887
  0.0000065849
 -0.0000162927
  0.0000006257
  0.0000164590
  0.0000129810
  0.0000043199
  0.0000044568
  0.0000021996
  0.0000078775
 -0.0000001502
  0.0000012043
  0.0000017258
  0.0000045288
  0.0000033226
  0.0000141515
 -0.0000034221
 -0.0000170689
  0.0000204387
  0.0000089255
  0.0000073223
  0.0000188260
  0.0000053637
  0.0000058026
 -0.0000097055
  0.0000072861
  0.0000234375
 -0.0000240755
  0.0000082800
  0.0000249584
 -0.0000093723
  0.0000025666
  0.0000043501
  0.0000216410
 -0.0000186523
  0.0000037556
  0.0000119017
  0.0000019263
  0.0000054719
  0.0000321626
 -0.0000059903
 -0.0000046445
  0.0000128601
  0.0000021614
  0.0000260435
  0.0000054449
  0.0000181380
  0.0000128472
 -0.0000192888
 -0.0000019135
 -0.0000015151
 -0.0000008898
 -0.0000036234
 -0.0000075507
 -0.0000012427
 -0.0000035081
 -0.0000037377
  0.0000004466
 -0.0000007864
 -0.0000051673
 -0.0000035543
 -0.0000017231
  0.0000003821
  0.0000012714
 -0.0000205461
 -0.0000198211
 -0.0000298551
 -0.0000453233
 -0.0000456824
  0.0000114450
 -0.0000305994
 -0.0000190006
 -0.0000386948
 -0.0000019156
 -0.0000533070
 -0.0000474635
  0.0000053302
 -0.0000300086
 -0.0000011189
 -0.0000314226
 -0.0000121451
  0.0000083413
 -0.0000040121
 -0.0000377159
  0.0000047319
  0.0000518134
  0.0000162409
 -0.0000098922
 -0.0000004707
 -0.0000424562
 -0.0000722666
  0.0000426556
  0.0000028510
 -0.0000037038
 -0.0000260739
 -0.0000296010
 -0.0000050164
  0.0000165216
 -0.0000049547
  0.0000035474
 -0.0000096893
 -0.0000064850
 -0.0000368959
  0.0000077852
  0.0000154438
 -0.0000006256
  0.0000053044
  0.0000044878
  0.0000080631
  0.0000085541
  0.0000093388
  0.0000135412
  0.0000040275
  0.0000081833
  0.0000046281
 -0.0000003674
  0.0000041658
  0.0000066759
  0.0000038370
  0.0000057180
  0.0000017651
  0.0000019292
  0.0000041868
  0.0000061052
  0.0000050156
 -0.0000001504
  0.0000006224
  0.0000081941
  0.0000036607
  0.0000033686
  0.0000005277
  0.0000202014
 -0.0000068531
  0.0000047081
 -0.0000005602
  0.0000090411
  0.0000027233
  0.0000040667
  0.0000049017
  0.0000037339
  0.0000029954
  0.0000140777
  0.0000107347
  0.0000143187
  0.0000141568
 -0.0000030589
  0.0000077840
  0.0000063432
  0.0000015433
 -0.0000074204
  0.0000072705
  0.0000168604
  0.0000013674
  0.0000050714
  0.0000154525
  0.0000143712
  0.0000062069
  0.0000043402
  0.0000012711
 -0.0000007496
  0.0000061198
  0.0000068286
  0.0000008235
  0.0000024883
  0.0000065012
 -0.0000073698
 -0.0000001698
  0.0000018904
  0.0000013779
  0.0000065349
 -0.0000033938
 -0.0000043804
  0.0000053832
 -0.0000020815
  0.0000034484
 -0.0000820799
  0.0000464628
  0.0000086902
  0.0000239367
 -0.0000074529
  0.0000438166
 -0.0000323561
 -0.0000372543
 -0.0000755335
 -0.0000197010
  0.0000464355
  0.0000278235
  0.0000052310
  0.0000258112
 -0.0000515086
 -0.0001134302
 -0.0000696682
 -0.0000599650
  0.0000578175
 -0.0000289112
  0.0000047280
  0.0000009988
 -0.0000065223
  0.0000177177
  0.0000052600
 -0.0000034300
  0.0000083070
 -0.0000023830
  0.0000007862
 -0.0000019270
  0.0000328611
 -0.0000014922
 -0.0000104688
  0.0000016063
  0.0000159934
  0.0000005880
  0.0000025753
 -0.0000060289
  0.0000018598
  0.0000000107
 -0.0000006703
 -0.0000003473
  0.0000015839
 -0.0000009801
  0.0000000941
  0.0000001805
  0.0000057671
  0.0000023847
  0.0000003642
  0.0000030020
  0.0000030048
  0.0000000655
 -0.0000039582
 -0.0000008779
 -0.0000040862
  0.0000005221
 -0.0000005568
  0.0000002355
 -0.0000168833
 -0.0000277533
 -0.0000187942
 -0.0000171624
 -0.0000278744
 -0.0000411777
 -0.0000286395
 -0.0000312304
 -0.0000197475
 -0.0000151635
 -0.0000246005
 -0.0000312705
 -0.0000134561
 -0.0000165144
 -0.0000266422
  0.0000048027
  0.0000055726
  0.0000048016
  0.0000008957
  0.0000000634
  0.0000000425
  0.0000004770
 -0.0000027905
  0.0000016285
  0.0000098468
 -0.0000002769
  0.0000008674
  0.0000071350
  0.0000013851
  0.0000007669
  0.0000035693
  0.0000020118
  0.0000118434
 -0.0000371880
 -0.0000119520
  0.0000405520
  0.0000124817
 -0.0000764356
 -0.0000000246
 -0.0000055737
  0.0000170314
 -0.0000059333
  0.0000406569
  0.0000114792
  0.0000181850
 -0.0000377338
  0.0000167173
 -0.0000122031
 -0.0000065281
  0.0000548586
 -0.0000168432
  0.0000124448
  0.0000009938
 -0.0000367371
  0.0000135251
  0.0000074899
  0.0000120112
  0.0000165842
  0.0000217225
  0.0000139510
  0.0000100446
  0.0000223642
  0.0000102371
  0.0000176100
  0.0000029332
 -0.0000096621
 -0.0000044673
 -0.0000082783
 -0.0000028909
  0.0000034469
  0.0000061936
 -0.0000120615
  0.0000072033
  0.0000055786
 -0.0000093702
  0.0000173786
  0.0000100569
  0.0000128724
  0.0000154338
  0.0000087898
  0.0000083730
  0.0000099364
  0.0000091070
  0.0000179201
  0.0000166857
  0.0000102841
  0.0000092286
  0.0000132026
  0.0000114360
  0.0000107298
 -0.0000112607
 -0.0000037120
  0.0000033407
 -0.0000013461
  0.0000024633
 -0.0000000181
  0.0000108613
 -0.0000118828
  0.0000052799
 -0.0000082815
  0.0000093852
  0.0000057592
  0.0000096357
  0.0000159544
  0.0000025951
  0.0000211353
  0.0000182826
 -0.0001694295
  0.0000274889
 -0.0000056891
 -0.0000081823
 -0.0000081076
  0.0000107455
  0.0000149622
  0.0000034712
  0.0000256676
  0.0000005954
 -0.0000038548
 -0.0001662038
 -0.0000410193
  0.0000191458
  0.0000065276
  0.0000088258
  0.0000188699
 -0.0000011218
 -0.0000122217
  0.0000141280
  0.0000107918
  0.0000035892
  0.0000364461
  0.0000252015
 -0.0000087866
 -0.0000006952
  0.0000542311
  0.0000119574
 -0.0002016129
  0.0000276458
  0.0000263072
 -0.0000085006
 -0.0000125879
 -0.0000092409
 -0.0000145993
  0.0000187636
 -0.0000196175
 -0.0000089231
 -0.0000122851
  0.0000364588
 -0.0000015594
 -0.0000021162
  0.0000392650
  0.0000041492
 -0.0000075711
  0.0000126621
  0.0000035343
  0.0000043331
 -0.0000089012
  0.0000048120
  0.0000154815
 -0.0000192567
  0.0000053138
  0.0000150139
 -0.0000059352
  0.0000014796
  0.0000027333
  0.0000135336
 -0.0000253497
  0.0000026555
  0.0000077041
  0.0000016000
  0.0000041309
  0.0000465303
 -0.0000137529
 -0.0000022953
  0.0000080207
  0.0000037712
 -0.0000180044
  0.0000162494
 -0.0000090081
  0.0000117555
  0.0000075015
 -0.0000130446
  0.0000077611
  0.0000094855
  0.0000081953
  0.0000084966
  0.0000129308
  0.0000160198
  0.0000093624
  0.0000084785
 -0.0000001111
  0.0000032787
  0.0000106703
  0.0000083366
  0.0000010704
  0.0000070653
  0.0000089338
 -0.0000139015
 -0.0000708448
 -0.0000484997
 -0.0000366207
 -0.0000402839
  0.0000080447
 -0.0000464091
 -0.0000144939
 -0.0000484813
 -0.0000716461
 -0.0000345742
 -0.0000283718
 -0.0000597787
 -0.0000438633
 -0.0000720973
 -0.0000544328
 -0.0000081402
 -0.0000885265
  0.0000151414
 -0.0000689954
  0.0000662744
 -0.0000971709
 -0.0000863819
 -0.0000479533
  0.0000550198
  0.0000434257
 -0.0000227349
  0.0000590097
 -0.0001276895
  0.0000662058
 -0.0000932268
  0.0000521269
  0.0000352127
 -0.0001416695
  0.0000175355
 -0.0000871318
 -0.0000254406
  0.0000370371
  0.0000771030
  0.0000079065
  0.0000153770
  0.0000115951
  0.0000191560
  0.0000106653
  0.0000173340
 -0.0000096165
 -0.0000035134
 -0.0000068989
 -0.0000085838
 -0.0000083455
 -0.0000008867
 -0.0000083553
 -0.0000068958
 -0.0000062647
 -0.0000100304
 -0.0000050757
 -0.0000055836
 -0.0000063108
 -0.0000048241
 -0.0000124128
 -0.0000041962
 -0.0000068710
 -0.0000048252
 -0.0000031797
 -0.0000068380
 -0.0000063764
 -0.0000092286
 -0.0000090498
 -0.0000097591
 -0.0000059692
 -0.0000060560
 -0.0000037224
 -0.0000057262
 -0.0000043021
 -0.0000038705
 -0.0000075050
 -0.0000021743
 -0.0000112569
 -0.0000052834
 -0.0000048532
  0.0000042835
 -0.0001959010
  0.0000215650
  0.0000041332
  0.0000016561
 -0.0000024067
 -0.0000168572
 -0.0000149430
 -0.0000049875
 -0.0000037716
 -0.0000051141
 -0.0002010529
 -0.0000016582
 -0.0000083408
 -0.0000064453
  0.0000017816
 -0.0000288620
 -0.0000082884
 -0.0000046020
  0.0000040224
  0.0000254847
 -0.0000139675
 -0.0000010953
  0.0000026191
  0.0000270672
 -0.0000041354
 -0.0002443381
 -0.0000015505
  0.0000072126
  0.0000133896
  0.0000146713
  0.0000098595
  0.0000026629
  0.0000080214
  0.0000149315
 -0.0000087993
 -0.0000205007
  0.0000110051
 -0.0000039021
  0.0000102451
  0.0000036258
 -0.0000035236
 -0.0000026197
 -0.0000137024
  0.0000018834
  0.0000024709
  0.0000031908
 -0.0000002808
  0.0000020974
  0.0000019047
 -0.0000120191
 -0.0000039608
 -0.0000042866
 -0.0000165882
 -0.0000115912
 -0.0000014211
 -0.0000104942
 -0.0000067905
  0.0000215677
 -0.0000084203
  0.0000034021
 -0.0000033985
 -0.0000118793
  0.0000007696
  0.0000157903
 -0.0000028502
 -0.0000031823
  0.0000031096
  0.0000023493
  0.0000098956
  0.0000041084
  0.0000041682
 -0.0000007244
 -0.0000090958
  0.0000131460
  0.0000066970
 -0.0000013601
  0.0000012531
  0.0000073111
  0.0000034876
  0.0000016997
  0.0000004437
  0.0000051906
  0.0000013974
 -0.0000033150
  0.0000034382
  0.0000038265
  0.0000022814
  0.0000029469
  0.0000032681
 -0.0000018142
  0.0000007390
  0.0000017528
  0.0000019077
  0.0000035118
 -0.0000030664
  0.0000043275
  0.0000161534
  0.0000009374
  0.0000002237
  0.0000007892
 -0.0000038588
 -0.0000021156
  0.0000641270
  0.0000149748
  0.0000216254
 -0.0000161051
 -0.0001085694
 -0.0000008646
 -0.0001516096
  0.0000373587
  0.0000359925
  0.0000580715
  0.0000048602
  0.0000551422
 -0.0001785563
  0.0000692027
  0.0000111264
  0.0000514361
  0.0000293545
 -0.0000052237
  0.0000039787
  0.0000033991
  0.0000313391
  0.0000634373
 -0.0000023021
  0.0000016935
 -0.0000032802
 -0.0000040836
 -0.0000000446
 -0.0000014127
  0.0000063185
  0.0000000921
 -0.0000006296
 -0.0000027591
 -0.0000023271
 -0.0000029414
 -0.0000012543
  0.0000022287
  0.0000083568
  0.0000029540
  0.0000048844
  0.0000033859
 -0.0000023808
  0.0000065238
 -0.0000031418
 -0.0000029768
 -0.0000034191
 -0.0000010995
 -0.0000029666
 -0.0000059899
  0.0000062623
 -0.0000033767
 -0.0000057808
  0.0000060629
  0.0000098863
  0.0000103208
  0.0000059814
  0.0000127978
 -0.0000109118
  0.0000070020
  0.0000049153
 -0.0000040007
 -0.0000062505
  0.0000044117
 -0.0000012217
  0.0000010749
  0.0000022315
 -0.0000034390
 -0.0000002908
  0.0000018119
 -0.0000001930
 -0.0000039054
  0.0000038975
 -0.0000031485
 -0.0000016172
 -0.0000015790
  0.0000012225
 -0.0000018732
  0.0000007799
 -0.0000042897
 -0.0000094978
 -0.0000035064
  0.0000062928
  0.0000079375
  0.0000277379
 -0.0000718579
 -0.0000053092
  0.0000014480
 -0.0000043083
  0.0000014690
  0.0000039958
  0.0000118971
  0.0000046537
  0.0000180252
 -0.0000076677
  0.0000027163
 -0.0000023576
 -0.0000088959
  0.0000008012
 -0.0000651170
  0.0000078302
  0.0000096298
  0.0000126536
 -0.0000442369
 -0.0000036832
  0.0000000115
 -0.0000385488
  0.0000007340
  0.0000159090
  0.0000082977
  0.0000100298
 -0.0000001355
  0.0000102227
  0.0000124638
  0.0000004586
  0.0000028989
 -0.0000097430
 -0.0000096289
 -0.0000030255
  0.0000035851
 -0.0000046818
  0.0000020573
 -0.0000014315
 -0.0000057461
 -0.0000000643
  0.0000003284
  0.0000010968
  0.0000006330
  0.0000024458
  0.0000030328
  0.0000006488
  0.0000029102
 -0.0000121202
 -0.0000035606
  0.0000006469
  0.0000026062
 -0.0000056935
  0.0000002911
  0.0000007775
  0.0000004031
  0.0000017069
 -0.0000007179
  0.0000017540
 -0.0000007468
 -0.0000008381
  0.0000030352
  0.0000022916
  0.0000004465
  0.0000033856
  0.0000056209
 -0.0000001982
  0.0000043517
  0.0000033654
  0.0000024580
  0.0000136102
 -0.0001198427
  0.0000112314
 -0.0000024374
 -0.0000013148
 -0.0000011796
 -0.0000081569
 -0.0000043432
  0.0000035002
  0.0000008994
  0.0000035009
 -0.0000834189
 -0.0000123805
  0.0000017202
  0.0000074508
  0.0000002880
  0.0000052855
 -0.0000063230
 -0.0000294602
 -0.0000008757
  0.0000030773
  0.0000097154
  0.0000171366
 -0.0000005887
 -0.0000012032
  0.0000019594
  0.0000018280
  0.0000042740
 -0.0000467846
  0.0000041698
 -0.0000087971
  0.0000063808
  0.0000266342
 -0.0000131514
  0.0000040509
 -0.0000063357
 -0.0000029500
  0.0000080814
  0.0000023955
  0.0000015380
 -0.0000005901
 -0.0000030834
 -0.0000079790
  0.0000041955
 -0.0000016793
  0.0000020530
  0.0000106480
 -0.0000034298
 -0.0000009493
  0.0000061673
 -0.0000012030
 -0.0000020369
 -0.0000026511
 -0.0000024358
 -0.0000047800
  0.0000030565
  0.0000056140
 -0.0000002626
  0.0000017368
  0.0000002232
  0.0000010262
  0.0000023229
 -0.0000001619
  0.0000008288
  0.0000005306
  0.0000002711
  0.0000002313
  0.0000056961
  0.0000008109
 -0.0000001990
  0.0000049422
  0.0000011695
  0.0000006691
  0.0000003166
 -0.0000043188
  0.0000069218
  0.0000016365
  0.0000014694
  0.0000029146
 -0.0000010524
  0.0000003846
 -0.0000016018
 -0.0000015894
  0.0000105822
  0.0000017663
  0.0000185496
 -0.0000008041
  0.0000004293
  0.0000036613
  0.0000068095
 -0.0000256967
 -0.0000001325
 -0.0000018091
 -0.0000010134
 -0.0000040295
  0.0000014107
 -0.0000054286
  0.0000039252
 -0.0000096624
  0.0000003025
 -0.0000040315
  0.0000130892
 -0.0000038553
 -0.0000039566
 -0.0000081033
  0.0000058516
  0.0000044938
 -0.0000331046
 -0.0000031921
  0.0000014990
  0.0000116840
 -0.0000046320
 -0.0000001083
 -0.0000018248
  0.0000047480
 -0.0000656097
 -0.0000012043
  0.0000113973
  0.0000034126
  0.0000095742
  0.0000031595
 -0.0000052553
 -0.0000025845
 -0.0000007411
  0.0000037563
  0.0000022809
  0.0000004846
  0.0000001835
 -0.0000040777
 -0.0000002585
 -0.0000026631
 -0.0000030844
  0.0000030474
  0.0000026511
  0.0000004675
  0.0000038893
  0.0000043769
  0.0000039272
  0.0000025143
  0.0000030857
  0.0000008852
  0.0000029058
  0.0000117181
  0.0000067058
  0.0000047076
  0.0000099533
  0.0000027994
  0.0000059904
 -0.0000004651
  0.0000065758
  0.0000027627
  0.0000017086
  0.0000016847
 -0.0000009766
  0.0000059608
  0.0000023335
  0.0000032614
  0.0000027630
  0.0000008820
  0.0000071656
  0.0000006639
  0.0000043568
  0.0000027718
  0.0000018098
  0.0000304255
 -0.0000009594
  0.0000050437
  0.0000048567
  0.0000095428
 -0.0000559358
  0.0000000312
  0.0000076694
 -0.0000029106
 -0.0000053034
 -0.0000011604
  0.0000008553
  0.0000103068
  0.0000049263
 -0.0000014998
 -0.0000023412
  0.0000048725
 -0.0000094246
  0.0000163689
  0.0000006270
 -0.0000459342
  0.0000028386
  0.0000035586
  0.0000109413
 -0.0000249411
  0.0000146923
 -0.0000012091
  0.0000005657
 -0.0000734888
  0.0000000471
  0.0000113569
  0.0000058436
  0.0000208375
 -0.0000123209
 -0.0000061207
 -0.0000025949
  0.0000089525
  0.0000000844
 -0.0000039844
 -0.0000037244
 -0.0000031140
  0.0000020056
 -0.0000040272
  0.0000028696
 -0.0000003557
  0.0000014477
  0.0000047934
 -0.0000047308
  0.0000014812
 -0.0000020204
 -0.0000015118
 -0.0000003144
  0.0000057921
 -0.0000002306
  0.0000022214
  0.0000061771
  0.0000096788
  0.0000062914
  0.0000023614
  0.0000060136
  0.0000149959
  0.0000091160
  0.0000012967
  0.0000021851
  0.0000063944
  0.0000047724
 -0.0000014329
 -0.0000013243
 -0.0000009172
 -0.0000008163
 -0.0000039893
 -0.0000038012
  0.0000009395
  0.0000047008
 -0.0000039499
 -0.0000019120
  0.0000053928
  0.0000038478
 -0.0000012203
  0.0000044274
  0.0000212905
 -0.0000013061
  0.0000043801
  0.0000029611
  0.0000254709
 -0.0000707780
 -0.0000014281
  0.0000032460
 -0.0000035891
 -0.0000062904
 -0.0000022463
 -0.0000003887
  0.0000089184
 -0.0000115321
  0.0000050541
  0.0000103468
  0.0000225480
 -0.0000037097
  0.0000029697
 -0.0000110771
  0.0000192270
  0.0000021363
 -0.0000516706
  0.0000019713
  0.0000027630
  0.0000074523
 -0.0000363323
  0.0000217936
 -0.0000015185
 -0.0000019212
 -0.0000529886
 -0.0000012591
  0.0000145972
  0.0000048058
 -0.0000058305
 -0.0000063617
  0.0000253105
 -0.0000019668
 -0.0000095525
  0.0000276306
  0.0000084148
  0.0000142609
  0.0000131019
  0.0000109094
  0.0000105243
 -0.0000063870
  0.0000130399
  0.0000122561
  0.0000188780
  0.0000116240
  0.0000128101
  0.0000069413
  0.0000075331
 -0.0000104506
  0.0000074193
  0.0000113875
  0.0000075574
  0.0000107106
  0.0000008849
  0.0000146679
  0.0000089073
  0.0000051882
 -0.0000090619
  0.0000108899
 -0.0000089760
  0.0000088659
  0.0000084031
  0.0000166688
 -0.0000311942
 -0.0000286692
 -0.0000293922
 -0.0000301775
 -0.0000233932
 -0.0000092945
 -0.0000263518
 -0.0000192482
 -0.0000069106
 -0.0000191110
 -0.0000320346
 -0.0000191069
 -0.0000153391
 -0.0000312466
 -0.0000319065
  0.0000129670
  0.0000286314
  0.0000267685
  0.0000217188
  0.0000222663
  0.0000122325
  0.0000229373
  0.0000091963
  0.0000211904
  0.0000349113
  0.0000198798
  0.0000216103
  0.0000240830
  0.0000225021
  0.0000325921
  0.0000256659
  0.0000103995
  0.0000261829
 -0.0000446940
  0.0000349187
 -0.0001027492
 -0.0000417794
  0.0000242427
  0.0000072532
  0.0000462988
  0.0000216352
 -0.0001127643
 -0.0001100167
 -0.0000691232
 -0.0001084342
 -0.0000633443
  0.0000468823
 -0.0000797061
 -0.0000649795
 -0.0000313680
  0.0000340316
  0.0000228329
  0.0000415982
 -0.0001060108
 -0.0001100923
  0.0000063264
 -0.0000014837
  0.0000211669
 -0.0000052941
  0.0000045357
  0.0000046685
 -0.0000031119
  0.0000056504
  0.0000013159
  0.0000029883
 -0.0000019545
 -0.0000021624
  0.0000025709
 -0.0000031063
  0.0000045276
  0.0000065717
  0.0000052858
  0.0000011975
  0.0000094744
  0.0000013578
  0.0000004422
 -0.0000058807
 -0.0000047358
 -0.0000030580
 -0.0000032240
 -0.0000045634
 -0.0000031581
 -0.0000032680
 -0.0000027038
 -0.0000027949
 -0.0000006412
 -0.0000022130
 -0.0000025300
 -0.0000026295
  0.0000023587
 -0.0000042430
 -0.0000026694
  0.0000044048
  0.0000013242
  0.0000076590
  0.0000073624
 -0.0000013373
  0.0000010822
  0.0000048879
 -0.0000017377
  0.0000010176
  0.0000012620
 -0.0000017392
  0.0000090715
  0.0000018255
 -0.0000021704
  0.0000071306
 -0.0000136942
 -0.0000155127
  0.0000004378
 -0.0000013319
 -0.0000009947
 -0.0000046077
  0.0000015381
 -0.0000028837
 -0.0000006278
 -0.0000120618
  0.0000028158
 -0.0000220946
 -0.0000000607
 -0.0000018448
 -0.0000000565
 -0.0000049988
  0.0000028460
 -0.0000045061
 -0.0000351375
 -0.0000052085
 -0.0000023911
  0.0000122286
 -0.0000023526
  0.0000020300
 -0.0000047565
  0.0000045136
 -0.0000564523
 -0.0000022165
 -0.0000179851
  0.0000005390
  0.0000016901
 -0.0000079534
 -0.0000034508
  0.0000052711
 -0.0000031527
 -0.0000055054
 -0.0000033233
 -0.0000032764
 -0.0000045855
 -0.0000031386
 -0.0000079057
 -0.0000041004
 -0.0000058781
 -0.0000025279
 -0.0000023958
 -0.0000034161
 -0.0000079857
  0.0000056390
 -0.0000045472
 -0.0000027922
 -0.0000033364
  0.0000107646
  0.0000046029
  0.0000058601
  0.0000108611
 -0.0000002084
  0.0000072181
  0.0000017719
  0.0000027877
  0.0000097808
  0.0000083603
  0.0000036865
  0.0000051055
  0.0000041536
  0.0000102828
  0.0000069952
 -0.0000002107
 -0.0000005127
 -0.0000030083
 -0.0000020248
 -0.0000021969
 -0.0000023131
 -0.0000063140
 -0.0000064648
 -0.0000019887
 -0.0000079258
 -0.0000048719
 -0.0000041458
 -0.0000029841
 -0.0000013712
 -0.0000064918
 -0.0000069972
 -0.0000013520
 -0.0000015415
  0.0000261128
  0.0000039250
  0.0000089571
 -0.0000824302
 -0.0000369830
 -0.0000007839
  0.0000019209
 -0.0000009704
  0.0000032070
  0.0000089763
  0.0000030806
  0.0000028339
 -0.0000034131
  0.0000151678
  0.0000038887
  0.0000053491
  0.0000238630
 -0.0000188091
  0.0000169248
 -0.0000697754
  0.0000004482
 -0.0000447679
  0.0000067190
  0.0000104330
  0.0000034805
  0.0000107527
 -0.0000000352
  0.0000030760
  0.0000036262
 -0.0000039832
 -0.0000028262
  0.0000040734
  0.0000009996
  0.0000045007
 -0.0000050478
  0.0000013104
 -0.0000020645
 -0.0000033513
 -0.0000016005
 -0.0000026628
 -0.0000032951
 -0.0000020751
 -0.0000025566
 -0.0000002372
 -0.0000038901
 -0.0000018727
 -0.0000021352
  0.0000000561
 -0.0000032063
 -0.0000015887
  0.0000043809
  0.0000017186
  0.0000004901
 -0.0000006192
 -0.0000010117
  0.0000001798
  0.0000044503
  0.0000024416
  0.0000011130
  0.0000042496
  0.0000014930
  0.0000011673
 -0.0000039864
 -0.0000059837
 -0.0000008292
  0.0000068326
 -0.0001862750
  0.0000342157
 -0.0000060462
 -0.0000020464
 -0.0000023882
 -0.0000108617
 -0.0000098230
 -0.0000013795
  0.0000023607
 -0.0000051578
 -0.0001526501
 -0.0000256432
 -0.0000035959
  0.0000012657
 -0.0000054732
  0.0000018250
 -0.0000048751
 -0.0000178265
 -0.0000046559
 -0.0000012222
  0.0000024341
  0.0000375411
 -0.0000086037
 -0.0000036169
 -0.0000046218
  0.0000328390
 -0.0000014186
 -0.0001678355
  0.0000038084
  0.0000074344
  0.0000017117
  0.0000134075
  0.0000144921
  0.0000126009
  0.0000052385
  0.0000061484
  0.0000015456
  0.0000018832
 -0.0000040646
  0.0000065654
 -0.0000065496
 -0.0000035093
 -0.0000016476
  0.0000016034
  0.0000013448
 -0.0000020023
 -0.0000022775
 -0.0000006287
 -0.0000035809
 -0.0000030096
 -0.0000049805
 -0.0000020770
 -0.0000029998
 -0.0000064596
  0.0000029310
 -0.0000012235
 -0.0000023964
  0.0000053542
 -0.0000012603
 -0.0000019282
  0.0000017053
 -0.0000005553
  0.0000012726
  0.0000017148
 -0.0000021317
  0.0000000521
  0.0000065761
 -0.0000011723
 -0.0000072961
  0.0000028558
 -0.0000030370
  0.0000027990
 -0.0000117850
  0.0000005475
  0.0000030634
 -0.0001135469
  0.0000155467
 -0.0000065196
  0.0000015230
  0.0000011773
 -0.0000080387
 -0.0000051784
 -0.0000052114
  0.0000041554
 -0.0000104989
 -0.0000083414
 -0.0000762958
 -0.0000115031
 -0.0000051399
 -0.0000026889
 -0.0000081558
  0.0000061930
  0.0000054946
 -0.0000273203
 -0.0000032751
 -0.0000016757
  0.0000011112
  0.0000212148
 -0.0000033594
  0.0000009795
 -0.0000065842
  0.0000067912
 -0.0000027950
 -0.0000355252
  0.0000058667
  0.0000085697
  0.0000063523
  0.0000107783
  0.0000134132
  0.0000174574
  0.0000077490
 -0.0000102999
  0.0000150403
 -0.0000045387
  0.0000173435
  0.0000056992
 -0.0000035711
 -0.0000036072
  0.0000041484
  0.0000051599
  0.0000029958
  0.0000024696
  0.0000161440
  0.0000043883
  0.0000049686
 -0.0000014920
 -0.0000044245
 -0.0000049212
 -0.0000002900
  0.0000026943
 -0.0000023888
 -0.0000010588
 -0.0000012252
  0.0000250952
 -0.0000007396
  0.0000066205
 -0.0000041191
  0.0000086763
  0.0000067730
  0.0000010905
 -0.0000033820
 -0.0000034618
  0.0000032888
  0.0000015097
  0.0000023392
  0.0000012948
  0.0000039781
 -0.0000032310
  0.0000036389
  0.0000004477
  0.0000002198
  0.0000027993
  0.0000013964
  0.0000005427
  0.0000005212
  0.0000012670
  0.0000081352
  0.0000032896
  0.0000045259
 -0.0000007713
 -0.0000038846
  0.0000015127
 -0.0000032354
  0.0000036727
 -0.0000042269
  0.0000002221
 -0.0000062715
 -0.0000066270
  0.0000010609
  0.0000035711
  0.0000001699
 -0.0000063116
 -0.0000425816
  0.0000001625
  0.0000031700
 -0.0000428865
  0.0000045608
 -0.0000126209
 -0.0000079780
  0.0000111715
  0.0000230345
 -0.0000928528
 -0.0000807939
 -0.0000101274
 -0.0001530990
 -0.0000080620
 -0.0000003340
 -0.0000106556
  0.0000026994
 -0.0000304570
 -0.0001356139
 -0.0000023068
 -0.0000634342
  0.0000025552
 -0.0000019826
 -0.0000681975
 -0.0000107607
 -0.0000057710
 -0.0000322684
  0.0000016736
  0.0000123566
  0.0000051380
  0.0000059779
  0.0000134605
 -0.0000018466
  0.0000025493
 -0.0000003813
 -0.0000021089
  0.0000001119
 -0.0000011373
  0.0000016876
 -0.0000075921
 -0.0000052770
 -0.0000054099
 -0.0000079824
 -0.0000037969
 -0.0000023376
 -0.0000049088
 -0.0000034338
 -0.0000106902
 -0.0000081685
 -0.0000047881
 -0.0000038104
 -0.0000091080
 -0.0000071412
 -0.0000049123
  0.0000028739
 -0.0000031460
 -0.0000011295
  0.0000000216
  0.0000023148
 -0.0000018905
  0.0000016570
 -0.0000031936
 -0.0000048154
  0.0000001957
  0.0000008553
  0.0000009389
 -0.0000055811
 -0.0000040578
 -0.0000014861
 -0.0001988293
  0.0000173815
 -0.0000022840
  0.0000028074
 -0.0000073728
 -0.0000106041
 -0.0000059775
 -0.0000075013
 -0.0000042661
  0.0000037221
 -0.0001706884
 -0.0000066780
 -0.0000120379
  0.0000015624
 -0.0000019232
 -0.0000314353
 -0.0000070082
 -0.0000024296
 -0.0000007447
  0.0000210590
 -0.0000035847
 -0.0000053919
  0.0000135106
 -0.0000019053
 -0.0001959635
 -0.0000018028
 -0.0000041098
  0.0000003192
  0.0000106417
  0.0000009697
 -0.0000131649
  0.0000013254
  0.0000041316
  0.0000002766
  0.0000004094
 -0.0000063524
 -0.0000000971
 -0.0000012838
 -0.0000045641
 -0.0000011481
 -0.0000049644
 -0.0000029661
 -0.0000037660
  0.0000004211
  0.0000026959
 -0.0000033155
  0.0000025240
  0.0000004165
  0.0000075583
  0.0000024215
  0.0000029147
 -0.0000035165
 -0.0000066732
 -0.0000082322
 -0.0000102162
 -0.0000066477
 -0.0000075400
  0.0000014197
 -0.0000129162
 -0.0000076653
 -0.0000122121
 -0.0000013061
 -0.0000126877
 -0.0000073189
  0.0000005518
 -0.0000067787
 -0.0000101219
  0.0000013237
 -0.0000004121
  0.0000029482
  0.0000029477
  0.0000011840
  0.0000029668
  0.0000003052
  0.0000003454
  0.0000062393
  0.0000007444
 -0.0000025557
  0.0000029754
 -0.0000013202
 -0.0000255811
  0.0000007741
  0.0000128222
  0.0000083948
  0.0000301354
 -0.0000801976
 -0.0000027229
  0.0000049579
 -0.0000011446
  0.0000004158
  0.0000071528
  0.0000098680
  0.0000196048
 -0.0000115641
  0.0000037163
  0.0000573692
  0.0000220713
 -0.0000030826
  0.0000049322
 -0.0000027573
 -0.0000158048
  0.0000024491
 -0.0000629085
  0.0000184988
  0.0000208014
  0.0000125382
 -0.0000490785
 -0.0000039815
  0.0000019809
  0.0000009085
  0.0000513105
  0.0000041705
  0.0000143796
  0.0000134860
  0.0000028570
 -0.0000012651
 -0.0000021889
 -0.0000040784
 -0.0000029602
 -0.0000023842
 -0.0000011016
 -0.0000003045
 -0.0000057352
 -0.0000005252
 -0.0000030715
 -0.0000063372
 -0.0000004830
 -0.0000026973
 -0.0000033891
  0.0000021591
  0.0000029059
  0.0000029915
  0.0000023942
 -0.0000027295
 -0.0000053412
  0.0000040523
 -0.0000008447
 -0.0000121316
  0.0000024266
  0.0000035637
  0.0000004370
 -0.0000010342
  0.0000017811
  0.0000028230
 -0.0000011895
 -0.0000020637
  0.0000038422
 -0.0000039307
 -0.0000010840
 -0.0000041312
 -0.0000021920
 -0.0000046482
  0.0000028864
 -0.0000025758
 -0.0000023469
 -0.0000009055
 -0.0000033185
 -0.0000036324
  0.0000130179
 -0.0000010791
 -0.0000032291
  0.0000036270
 -0.0001178472
 -0.0000082640
 -0.0000026305
  0.0000052924
 -0.0000027723
 -0.0000028342
  0.0000022293
  0.0000035808
  0.0000038938
 -0.0000860774
  0.0000036059
 -0.0000102483
  0.0000026152
  0.0000000450
 -0.0000060771
 -0.0000035511
  0.0000118737
  0.0000023030
 -0.0000025922
 -0.0000014307
 -0.0000249489
  0.0000001982
 -0.0000643854
 -0.0000011644
  0.0000029035
 -0.0000085186
  0.0000030975
 -0.0000011082
  0.0000002871
  0.0000067346
 -0.0000011115
  0.0000018711
  0.0000014221
  0.0000031550
  0.0000006899
 -0.0000039087
  0.0000013132
 -0.0000093080
  0.0000040832
  0.0000058245
 -0.0000006879
  0.0000035021
 -0.0000001122
  0.0000010480
  0.0000039273
  0.0000092186
  0.0000083119
  0.0000023540
  0.0000040300
  0.0000037242
  0.0000064051
  0.0000006943
  0.0000005546
  0.0000029584
  0.0000025868
 -0.0000017386
  0.0000059496
 -0.0000020237
  0.0000004977
 -0.0000018035
 -0.0000008163
  0.0000057194
 -0.0000012937
 -0.0000056895
  0.0000025573
 -0.0000009841
 -0.0000013340
 -0.0000023691
  0.0000047802
  0.0000298190
 -0.0000010654
  0.0000043475
  0.0000064867
  0.0000016048
 -0.0000522317
 -0.0000024024
  0.0000063271
 -0.0000024613
 -0.0000066091
 -0.0000022229
  0.0000018973
  0.0000086124
  0.0000015749
 -0.0000090722
 -0.0000038878
  0.0000034564
 -0.0000084589
  0.0000158098
  0.0000004848
 -0.0000461095
  0.0000022217
  0.0000036005
  0.0000123721
 -0.0000225614
  0.0000147280
 -0.0000010540
  0.0000005461
 -0.0000752290
  0.0000019106
 -0.0000049836
  0.0000059271
  0.0000038959
 -0.0000022126
  0.0000118533
  0.0000037253
 -0.0000147705
  0.0000115638
  0.0000009877
  0.0000146993
  0.0000000483
 -0.0000003820
  0.0000015800
 -0.0000005798
 -0.0000020070
  0.0000028951
  0.0000133191
  0.0000100958
 -0.0000009213
 -0.0000018399
 -0.0000096904
 -0.0000008788
  0.0000027496
 -0.0000046996
 -0.0000066827
  0.0000027356
 -0.0000079660
 -0.0000050888
  0.0000239096
 -0.0000030005
 -0.0000017393
  0.0000014156
  0.0000002643
 -0.0000004883
  0.0000029216
  0.0000039446
  0.0000033581
  0.0000072022
 -0.0000014086
  0.0000007006
 -0.0000020071
 -0.0000022776
  0.0000081965
 -0.0000049542
 -0.0000011869
  0.0000007154
  0.0000031773
  0.0000026772
 -0.0000022464
 -0.0000005045
  0.0000030666
 -0.0000030699
 -0.0000026149
 -0.0000031380
 -0.0000420843
 -0.0000089579
  0.0000012723
 -0.0000031931
  0.0000001115
 -0.0000070427
  0.0000005252
 -0.0000064507
 -0.0000422766
  0.0000061103
  0.0000099845
 -0.0000328768
 -0.0000019709
  0.0000104684
 -0.0000174407
  0.0000031505
 -0.0000073467
 -0.0000050271
 -0.0000397451
 -0.0000017241
  0.0000796400
  0.0000040236
 -0.0000020847
 -0.0000102931
  0.0000244767
 -0.0000059298
 -0.0000917439
  0.0000700725
 -0.0000116004
 -0.0000168635
  0.0000099923
  0.0000113820
 -0.0000157590
 -0.0000101642
  0.0000421893
  0.0000002019
 -0.0000143342
 -0.0000176532
 -0.0000082073
 -0.0000428746
  0.0000102594
  0.0000114079
  0.0000249955
 -0.0000116028
 -0.0000026999
 -0.0000015495
 -0.0000000558
  0.0000011033
  0.0000052018
  0.0000015773
 -0.0000022850
 -0.0000070578
 -0.0000021414
 -0.0000054000
 -0.0000037537
 -0.0000034571
 -0.0000038746
  0.0000013568
 -0.0000005025
 -0.0000023980
  0.0000061646
  0.0000032127
  0.0000026275
 -0.0000019769
  0.0000074330
  0.0000037137
 -0.0000017022
 -0.0000004657
  0.0000065328
  0.0000105945
  0.0000062697
  0.0000082520
 -0.0000113399
  0.0000078761
  0.0000064482
 -0.0000078579
 -0.0000020992
  0.0000068684
 -0.0000024818
 -0.0000006500
 -0.0000005573
  0.0000002089
 -0.0000000159
 -0.0000012826
 -0.0000023668
  0.0000040090
 -0.0000018900
 -0.0000024368
  0.0000002691
 -0.0000003562
 -0.0000129211
 -0.0000025633
  0.0000024133
  0.0000058553
  0.0000329448
 -0.0000725472
 -0.0000037639
  0.0000047544
 -0.0000044452
 -0.0000104520
 -0.0000020542
 -0.0000019509
  0.0000077393
 -0.0000014454
  0.0000278450
  0.0000162925
 -0.0000055740
  0.0000021650
 -0.0000091278
 -0.0000083008
 -0.0000013407
 -0.0000689711
  0.0000024014
  0.0000036336
  0.0000113384
 -0.0000480915
 -0.0000048868
 -0.0000026558
 -0.0000019422
 -0.0000265115
 -0.0000018795
  0.0000220137
  0.0000029153
  0.0000021181
 -0.0000030460
 -0.0000017058
  0.0000010759
 -0.0000027429
 -0.0000051518
 -0.0000025049
 -0.0000004894
 -0.0000011959
 -0.0000002173
 -0.0000038418
 -0.0000032688
 -0.0000005368
  0.0000000724
 -0.0000066307
  0.0000022041
 -0.0000010566
 -0.0000056352
 -0.0000129253
 -0.0000025943
 -0.0000069978
  0.0000020204
 -0.0000019195
 -0.0000008757
 -0.0000039656
 -0.0000027729
 -0.0000152187
 -0.0000204035
 -0.0000151503
 -0.0000147008
 -0.0000181331
 -0.0000313622
 -0.0000209677
 -0.0000196927
 -0.0000260781
 -0.0000219305
 -0.0000182988
 -0.0000198993
 -0.0000203775
 -0.0000157023
 -0.0000194516
 -0.0000015781
  0.0000020186
 -0.0000016063
 -0.0000006512
 -0.0000012708
  0.0000001486
 -0.0000004423
 -0.0000007848
 -0.0000022933
 -0.0000000603
 -0.0000009613
 -0.0000025450
 -0.0000008718
 -0.0000017135
  0.0000026441
  0.0000005020
 -0.0000033370
  0.0000043215
 -0.0000408480
 -0.0000009197
  0.0000136163
  0.0000206993
  0.0000388273
 -0.0000791575
  0.0000020011
  0.0000053187
  0.0000137376
  0.0000122575
  0.0000306035
  0.0000180533
  0.0000151117
  0.0000534664
  0.0000150030
  0.0000038108
 -0.0000286919
 -0.0000675798
  0.0000103804
  0.0000149982
  0.0000328484
 -0.0000538476
 -0.0000173722
  0.0000423884
  0.0000220766
  0.0000251493
  0.0000251426
  0.0000078729
 -0.0000027522
  0.0000058472
  0.0000006604
  0.0000042738
  0.0000024496
  0.0000032555
  0.0000018588
  0.0000045145
 -0.0000040035
  0.0000064683
 -0.0000027496
 -0.0000006982
 -0.0000017087
 -0.0000020344
 -0.0000002127
  0.0000013896
 -0.0000003820
  0.0000001280
  0.0000006158
 -0.0000007676
 -0.0000001740
  0.0000000184
  0.0000041435
 -0.0000025166
 -0.0000003446
  0.0000005090
 -0.0000018641
 -0.0000012467
 -0.0000033860
 -0.0000011573
  0.0000008207
  0.0000022860
  0.0000017080
 -0.0000014188
  0.0000015937
  0.0000026432
 -0.0000002184
  0.0000040499
  0.0000103138
 -0.0000053072
  0.0000001396
  0.0000030008
 -0.0000787625
 -0.0000018453
 -0.0000025266
  0.0000008369
  0.0000032306
 -0.0000034269
  0.0000027045
 -0.0000048967
  0.0000011694
 -0.0000001470
 -0.0000574746
 -0.0000037400
 -0.0000031477
 -0.0000034282
 -0.0000079978
  0.0000059453
  0.0000072548
 -0.0000316625
 -0.0000031753
  0.0000017743
 -0.0000027420
  0.0000084923
  0.0000035650
  0.0000045613
 -0.0000046219
 -0.0000228577
  0.0000008628
 -0.0000175267
  0.0000028080
  0.0000230112
  0.0000234886
  0.0000030460
 -0.0000067761
  0.0000297780
  0.0000128813
  0.0000203087
  0.0000134908
  0.0000171226
  0.0000162778
 -0.0000016476
  0.0000141404
  0.0000143780
  0.0000206221
  0.0000121500
  0.0000133646
  0.0000142207
  0.0000175749
  0.0000119596
 -0.0000057792
  0.0000148455
  0.0000161120
  0.0000146080
  0.0000179070
  0.0000423143
  0.0000062453
  0.0000153188
  0.0000129156
  0.0000107040
  0.0000214831
  0.0000137111
  0.0000261868
  0.0000130913
  0.0000124079
  0.0000170566
 -0.0000097032
 -0.0000003178
 -0.0000091217
 -0.0000091407
  0.0000193289
  0.0000223887
  0.0000043667
  0.0000064630
 -0.0000181083
 -0.0000116320
 -0.0000041606
  0.0000080890
 -0.0000134121
 -0.0000107135
 -0.0000035520
  0.0000118617
  0.0000270173
  0.0000284238
  0.0000252752
  0.0000254253
  0.0000127831
  0.0000290797
  0.0000097746
  0.0000247870
  0.0000356993
  0.0000220708
  0.0000236575
  0.0000294296
  0.0000285627
  0.0000554235
  0.0000290635
  0.0000124280
  0.0000385780
  0.0000063819
  0.0000340965
 -0.0000115757
  0.0000146208
  0.0000092204
  0.0000683590
  0.0000592735
  0.0000255229
 -0.0000143492
 -0.0000165851
 -0.0002306220
  0.0000268127
 -0.0000766908
 -0.0000147882
  0.0000598602
 -0.0000192150
 -0.0000155657
  0.0000136917
  0.0000424279
  0.0000247821
  0.0000177231
 -0.0000848818
 -0.0001780128
 -0.0000014246
  0.0000049164
 -0.0000026489
  0.0000032242
 -0.0000059072
 -0.0000012087
 -0.0000009049
  0.0000015944
  0.0000013039
  0.0000035731
 -0.0000018202
 -0.0000066922
  0.0000011778
 -0.0000030456
  0.0000028827
 -0.0000009472
  0.0000003030
  0.0000048102
  0.0000037609
  0.0000043051
  0.0000050818
  0.0000011846
  0.0000052195
  0.0000032679
  0.0000018740
 -0.0000075843
  0.0000078994
  0.0000034946
  0.0000015313
  0.0000028249
  0.0000042794
  0.0000038411
  0.0000032614
  0.0000017073
 -0.0000014415
  0.0000017052
  0.0000009670
  0.0000009151
 -0.0000013721
  0.0000012081
 -0.0000018053
 -0.0000008742
  0.0000046572
  0.0000004304
  0.0000215989
 -0.0000040254
  0.0000021294
  0.0000030192
  0.0000042741
 -0.0000246145
 -0.0000021193
  0.0000038178
  0.0000052037
 -0.0000037216
  0.0000016556
  0.0000006910
  0.0000060845
 -0.0000052211
  0.0000025568
 -0.0000086255
  0.0000131454
 -0.0000025060
 -0.0000007256
 -0.0000077287
  0.0000071676
  0.0000048111
 -0.0000340206
 -0.0000009423
  0.0000051622
 -0.0000025042
 -0.0000055210
  0.0000009305
  0.0000048055
 -0.0000044580
 -0.0000644087
  0.0000076207
  0.0000015830
  0.0000051849
  0.0000148149
 -0.0000081021
 -0.0000182595
  0.0000192085
 -0.0000125652
  0.0000047675
  0.0000030005
 -0.0000083703
 -0.0000083013
 -0.0000137145
  0.0000072078
  0.0000000374
  0.0000118446
  0.0000044776
 -0.0000011984
  0.0000110387
 -0.0000055232
 -0.0000040300
 -0.0000081911
 -0.0000207480
 -0.0000030916
 -0.0000105968
 -0.0000036315
 -0.0000027768
  0.0000294134
 -0.0000082250
  0.0000104599
 -0.0000117344
 -0.0000034734
 -0.0000025901
 -0.0000121989
 -0.0000091916
 -0.0000110871
  0.0000130439
 -0.0000065180
 -0.0000039848
 -0.0000059673
 -0.0000053416
 -0.0000011341
 -0.0000075352
  0.0000056503
  0.0000069890
 -0.0000031598
 -0.0000024235
 -0.0000040386
  0.0000056100
 -0.0000003733
 -0.0000058250
 -0.0000022470
  0.0000098756
 -0.0000429701
 -0.0000190440
 -0.0000135616
 -0.0000166611
  0.0000025027
 -0.0000181984
  0.0000111567
 -0.0000204286
 -0.0000495233
 -0.0000142825
 -0.0000025505
 -0.0000396062
 -0.0000158233
 -0.0000612229
 -0.0000241922
  0.0000167028
 -0.0000728661
 -0.0000118592
 -0.0000444228
  0.0000251125
  0.0000113882
  0.0000150750
 -0.0000884194
 -0.0000555235
 -0.0000198345
  0.0000389506
  0.0000387235
  0.0000007538
  0.0000468802
 -0.0001044169
  0.0000336613
 -0.0000819604
  0.0000173798
 -0.0000003513
 -0.0000827368
 -0.0000113722
 -0.0000669435
 -0.0000035139
  0.0000242144
  0.0000328842
 -0.0000096610
 -0.0000099641
  0.0000440358
 -0.0000106606
 -0.0000156985
 -0.0000082551
 -0.0000069763
 -0.0000167681
 -0.0000086548
 -0.0000075193
 -0.0000061243
 -0.0000091341
 -0.0000065101
 -0.0000100951
 -0.0000046109
 -0.0000083796
 -0.0000036533
 -0.0000231292
 -0.0000072569
 -0.0000103795
 -0.0000047447
  0.0000057891
 -0.0000082082
  0.0000016136
 -0.0000091067
 -0.0000099464
 -0.0000072059
 -0.0000208762
 -0.0000293478
 -0.0000221289
 -0.0000207826
 -0.0000336600
 -0.0000448561
 -0.0000303628
 -0.0000337758
 -0.0000231504
 -0.0000227363
 -0.0000273206
 -0.0000335956
 -0.0000198037
 -0.0000208744
 -0.0000283951
 -0.0000096388
 -0.0000051237
 -0.0000034599
 -0.0000055283
 -0.0000063597
 -0.0000089277
 -0.0000080344
 -0.0000131146
 -0.0000072225
 -0.0000060907
 -0.0000064729
 -0.0000046702
 -0.0000106578
 -0.0000067150
 -0.0000133131
 -0.0000072919
 -0.0000113069
 -0.0000135524
 -0.0000417135
 -0.0000192053
 -0.0000240270
  0.0000537128
 -0.0000020293
 -0.0000755623
 -0.0000112065
  0.0000120162
 -0.0000163583
  0.0000487253
  0.0000174853
 -0.0000436874
 -0.0000185960
 -0.0000242797
 -0.0000196930
 -0.0000229004
 -0.0000137575
 -0.0000058500
 -0.0000497333
  0.0000208806
  0.0000183325
 -0.0000141500
 -0.0000163282
 -0.0000329822
 -0.0000397963
 -0.0000452725
 -0.0000316085
 -0.0000274833
 -0.0000211579
 -0.0000494906
 -0.0000445533
 -0.0000539929
 -0.0000393629
 -0.0000517754
 -0.0000285661
 -0.0000201854
 -0.0000389617
 -0.0000473960
 -0.0000217898
 -0.0000325405
 -0.0000194930
 -0.0000234536
  0.0000675667
 -0.0000511599
 -0.0000518088
 -0.0000340356
 -0.0000175962
  0.0000055404
 -0.0000400454
 -0.0000079838
 -0.0000344072
 -0.0000329324
 -0.0000513946
  0.0000207751
  0.0000344299
  0.0000216758
  0.0000211227
  0.0000508804
  0.0000470735
  0.0000375016
  0.0000419056
  0.0000161622
  0.0000195379
  0.0000290961
  0.0000431966
  0.0000206877
  0.0000234887
  0.0000319678
 -0.0000499566
 -0.0000773904
 -0.0000658318
 -0.0000669883
 -0.0000680090
 -0.0000495259
 -0.0000628794
 -0.0000497200
 -0.0000668096
 -0.0000632768
 -0.0000740112
 -0.0000697419
 -0.0000529298
 -0.0000596904
 -0.0000488977
 -0.0000687903
 -0.0000437497
 -0.0000565966
  0.0000330508
 -0.0000724990
  0.0000178356
 -0.0000741456
 -0.0000686356
 -0.0000678798
  0.0000289677
  0.0000304052
  0.0000478392
 -0.0001043589
 -0.0000665017
  0.0000225934
  0.0000221912
 -0.0001337536
  0.0000430186
 -0.0000687632
 -0.0000599922
  0.0000387405
  0.0000609296
 -0.0000010613
  0.0000226163
  0.0000109002
 -0.0000030242
  0.0000365153
 -0.0000165589
 -0.0000077574
 -0.0000344824
 -0.0000067072
  0.0000003121
 -0.0000012367
 -0.0000356893
 -0.0000346713
 -0.0000401576
  0.0000093565
 -0.0000255821
 -0.0000374616
  0.0000028347
  0.0000180023
 -0.0000259118
 -0.0000208158
  0.0000152669
 -0.0000194744
  0.0000168184
  0.0000107545
  0.0000475803
 -0.0000128131
 -0.0000380128
 -0.0000209368
  0.0000189864
 -0.0000032970
 -0.0000297043
 -0.0000021876
 -0.0000211564
 -0.0000191539
 -0.0000365801
 -0.0000008542
  0.0000015855
 -0.0000006500
  0.0000021891
 -0.0000042645
 -0.0000083364
 -0.0000012555
 -0.0000005890
  0.0000009065
 -0.0000004256
 -0.0000010309
  0.0000000179
 -0.0000007532
  0.0000061016
  0.0000028124
 -0.0000338678
  0.0000225421
  0.0000051556
 -0.0000183142
 -0.0000170550
 -0.0000358795
  0.0000021994
 -0.0000348046
 -0.0000089464
  0.0000265665
 -0.0000293732
 -0.0000512051
  0.0000277906
  0.0000036972
  0.0000029215
  0.0000001120
 -0.0000364845
  0.0000246874
 -0.0000086737
 -0.0000146730
  0.0000191096
  0.0000356270
  0.0000185405
  0.0000281772
 -0.0000170839
  0.0000299908
  0.0000054044
 -0.0000224899
 -0.0000151982
 -0.0000380576
  0.0000037963
  0.0000166977
  0.0000063854
 -0.0000001100
  0.0000002426
 -0.0000115964
  0.0000234585
 -0.0000429987
  0.0000106760
  0.0000126441
 -0.0000127524
 -0.0000007901
  0.0000003331
  0.0000114977
 -0.0000014038
 -0.0000006814
 -0.0000006645
 -0.0000067077
 -0.0000018786
  0.0000061646
 -0.0000028912
 -0.0000018789
 -0.0000016789
  0.0000002103
  0.0000030925
  0.0000008652
  0.0000062457
 -0.0000022725
  0.0000005202
 -0.0000126231
  0.0000008603
  0.0000032685
 -0.0000011959
 -0.0000079937
 -0.0000092152
 -0.0000105473
 -0.0000077471
 -0.0000025480
  0.0000006524
 -0.0000103736
 -0.0000047897
  0.0000050836
 -0.0000021891
 -0.0000127811
 -0.0000044410
  0.0000093485
 -0.0000083294
 -0.0000071511
  0.0000018964
 -0.0000025999
 -0.0000030704
 -0.0000017017
 -0.0000010652
  0.0000055901
 -0.0000019129
 -0.0000044530
 -0.0000026619
 -0.0000012855
 -0.0000050931
 -0.0000025036
 -0.0000010925
 -0.0000041067
 -0.0000019730
  0.0000011603
 -0.0000182402
 -0.0000041446
  0.0000112130
  0.0000099604
  0.0000411661
 -0.0000723503
 -0.0000062611
  0.0000005355
  0.0000009277
  0.0000056711
  0.0000111703
  0.0000177741
  0.0000069300
  0.0000451208
 -0.0000084173
  0.0000056232
 -0.0000000323
 -0.0000162754
  0.0000025841
 -0.0000625266
  0.0000162805
  0.0000184331
  0.0000142128
 -0.0000435866
 -0.0000034318
  0.0000016387
  0.0000147677
  0.0000051769
  0.0000276042
  0.0000131911
 -0.0000131213
 -0.0000143221
 -0.0000077223
 -0.0000161295
 -0.0000047667
 -0.0000048847
 -0.0000195462
 -0.0000046333
 -0.0000061286
 -0.0000081754
 -0.0000055999
 -0.0000073379
 -0.0000094577
 -0.0000055700
 -0.0000045377
 -0.0000026413
 -0.0000071382
 -0.0000074469
  0.0000101378
 -0.0000073717
  0.0000050538
 -0.0000081249
 -0.0000074950
 -0.0000089452
 -0.0000064933
 -0.0000083732
 -0.0000087745
 -0.0000014219
 -0.0000049693
 -0.0000050578
 -0.0000022815
  0.0000097643
 -0.0000115026
 -0.0000013468
 -0.0000022285
 -0.0000067464
 -0.0000092433
 -0.0000040899
 -0.0000024986
 -0.0000011534
 -0.0000015170
 -0.0000054998
 -0.0000068981
 -0.0000057364
 -0.0000061006
 -0.0000104151
 -0.0000065105
  0.0000014389
 -0.0000081212
 -0.0000062589
  0.0000001193
 -0.0000067469
 -0.0000067262
 -0.0000032758
 -0.0000058529
  0.0000053636
 -0.0000001056
  0.0000097993
  0.0000190421
 -0.0000797454
 -0.0000615505
 -0.0000077071
  0.0000177810
  0.0000146754
  0.0000159537
  0.0000065169
  0.0000013439
 -0.0000108275
  0.0000111657
  0.0000135598
  0.0000170588
  0.0000311583
 -0.0000028736
  0.0000019804
 -0.0000775409
  0.0000116283
 -0.0000548678
  0.0000135911
 -0.0000069058
 -0.0000068151
 -0.0000086732
 -0.0000066840
 -0.0000156411
 -0.0000120406
 -0.0000060803
  0.0000080747
  0.0000054438
  0.0000062543
  0.0000067473
  0.0000048204
  0.0000072540
  0.0000059859
  0.0000052945
  0.0000096153
  0.0000099761
  0.0000060928
  0.0000053106
  0.0000032886
  0.0000054590
  0.0000058905
 -0.0000052548
 -0.0000131343
 -0.0000097137
 -0.0000046069
 -0.0000123899
 -0.0000069177
 -0.0000066742
 -0.0000077629
 -0.0000156358
 -0.0000103846
 -0.0000106068
 -0.0000134866
  0.0000004863
  0.0000006501
  0.0000116339
  0.0000146294
 -0.0001743577
  0.0000089680
 -0.0000063901
 -0.0000015035
 -0.0000039646
 -0.0000047450
 -0.0000004942
  0.0000028104
  0.0000119189
 -0.0000030375
 -0.0002352838
 -0.0000752958
  0.0000081446
  0.0000053495
  0.0000039868
  0.0000038780
 -0.0000042591
 -0.0000280676
  0.0000064633
  0.0000059563
  0.0000020680
  0.0000189411
  0.0000096573
 -0.0000084284
 -0.0000019681
  0.0000318377
  0.0000074446
 -0.0002824593
  0.0000138804
 -0.0000003497
 -0.0000008332
 -0.0000000015
  0.0000028301
 -0.0000014267
  0.0000031149
 -0.0000001842
 -0.0000004976
 -0.0000052823
  0.0000029586
 -0.0000020988
 -0.0000006781
 -0.0000054499
 -0.0000000267
 -0.0000002901
  0.0000003001
  0.0000002676
 -0.0000009924
 -0.0000001977
 -0.0000002494
  0.0000003517
 -0.0000025332
 -0.0000020721
  0.0000018709
  0.0000008306
 -0.0000021998
  0.0000063462
 -0.0000016934
 -0.0000086319
  0.0000105446
 -0.0000112787
 -0.0000001833
 -0.0000000942
 -0.0000024365
 -0.0000059493
 -0.0000004406
  0.0000002261
 -0.0000028143
  0.0000481133
  0.0000534103
  0.0000011998
 -0.0000023972
  0.0000004490
 -0.0000027518
  0.0000022473
  0.0000032766
  0.0000084876
  0.0000007987
  0.0000026669
 -0.0000241870
  0.0000029867
  0.0000457533
  0.0000014160
  0.0000045010
  0.0000014584
  0.0000006386
  0.0000061219
  0.0000038639
  0.0000009962
  0.0000010333
  0.0000016367
  0.0000023601
  0.0000010726
  0.0000008776
  0.0000026221
  0.0000059433
 -0.0000009472
  0.0000011286
  0.0000029089
  0.0000069110
  0.0000022261
  0.0000017353
  0.0000071978
  0.0000108762
  0.0000004547
  0.0000029279
  0.0000029976
  0.0000017099
  0.0000066952
 -0.0000013198
  0.0000058103
  0.0000054947
  0.0000035517
  0.0000003987
 -0.0000099034
  0.0000024231
 -0.0000086603
  0.0000125447
  0.0000778506
  0.0000118659
  0.0000067895
  0.0000007052
  0.0000050286
 -0.0000090674
 -0.0000110013
  0.0000026688
 -0.0000073756
  0.0000019211
 -0.0000083741
  0.0000050802
 -0.0000027138
 -0.0000026247
  0.0000031033
  0.0000713934
 -0.0000021782
  0.0000027338
  0.0000105005
  0.0000545383
 -0.0000011951
  0.0000089673
  0.0000036869
  0.0000115445
  0.0000035442
 -0.0000017511
 -0.0000108522
 -0.0000093616
 -0.0000085328
 -0.0000035944
 -0.0000076119
 -0.0000060604
 -0.0000060462
 -0.0000064584
 -0.0000029812
 -0.0000072305
 -0.0000057784
 -0.0000072980
 -0.0000052960
 -0.0000064252
 -0.0000060477
 -0.0000101194
 -0.0000077415
 -0.0000069374
 -0.0000074447
 -0.0000085212
 -0.0000124468
 -0.0000084911
 -0.0000109726
 -0.0000110786
 -0.0000090031
 -0.0000100788
 -0.0000110418
 -0.0000102004
 -0.0000081050
 -0.0000124240
 -0.0000027090
 -0.0000076663
 -0.0000016000
  0.0000042974
 -0.0001404145
  0.0000088457
 -0.0000134467
 -0.0000059086
 -0.0000077947
 -0.0000041360
 -0.0000042216
 -0.0000062874
 -0.0000016678
 -0.0000070721
 -0.0000038587
 -0.0000079355
  0.0000069905
 -0.0000070987
 -0.0000176651
 -0.0000062491
 -0.0000066176
 -0.0000020518
  0.0000259594
 -0.0000007428
 -0.0000095297
  0.0000277926
 -0.0000049130
  0.0000006099
 -0.0000054068
  0.0000011148
 -0.0000044750
 -0.0000001284
  0.0000003900
 -0.0000030007
  0.0000000957
  0.0000039846
  0.0000007342
  0.0000019023
 -0.0000052076
 -0.0000035460
  0.0000003077
  0.0000005759
 -0.0000025105
  0.0000006057
 -0.0000003281
 -0.0000003592
  0.0000000746
 -0.0000016608
  0.0000028661
 -0.0000014331
  0.0000009304
 -0.0000015295
  0.0000006489
 -0.0000010471
 -0.0000014769
  0.0000071796
 -0.0000024057
  0.0000116222
 -0.0000039703
  0.0000001888
 -0.0000040540
  0.0000101016
  0.0000015466
 -0.0000046121
 -0.0000023660
  0.0000088604
  0.0000197427
  0.0000011394
 -0.0000019576
  0.0000039495
  0.0000172807
  0.0000053374
  0.0000003279
  0.0000084936
 -0.0000130135
  0.0000024333
  0.0000051628
  0.0000064470
  0.0000341397
  0.0000001053
  0.0000011130
  0.0000021669
  0.0000008746
  0.0000038477
 -0.0000004933
 -0.0000002935
  0.0000032670
 -0.0000017894
  0.0000020426
  0.0000028111
  0.0000008239
 -0.0000004975
 -0.0000062916
  0.0000004935
  0.0000017759
  0.0000009713
 -0.0000013463
 -0.0000000407
 -0.0000013911
  0.0000000622
  0.0000001523
 -0.0000005930
 -0.0000025702
 -0.0000039624
 -0.0000002225
 -0.0000002230
 -0.0000022013
  0.0000007180
 -0.0000001129
 -0.0000033158
  0.0000089286
 -0.0000076616
  0.0000018188
 -0.0000020340
 -0.0000013523
 -0.0000094952
 -0.0000051513
  0.0000008945
  0.0000021181
 -0.0000004458
 -0.0000003863
  0.0000037502
  0.0000004762
  0.0000031095
 -0.0000027855
 -0.0000001914
 -0.0000000240
  0.0000081101
  0.0000099281
  0.0000035190
  0.0000050003
 -0.0000273378
  0.0000010295
  0.0000052612
 -0.0000048693
  0.0000039551
 -0.0000014078
 -0.0000024358
 -0.0000050849
 -0.0000001836
 -0.0000006302
 -0.0000028249
 -0.0000049827
 -0.0000012386
  0.0000044251
 -0.0000017531
 -0.0000008621
 -0.0000004421
  0.0000057760
 -0.0000048721
 -0.0000004590
 -0.0000003899
 -0.0000007486
  0.0000018837
  0.0000018526
 -0.0000014529
 -0.0000004442
  0.0000009839
  0.0000016564
  0.0000018921
  0.0000010200
  0.0000085886
  0.0000038943
  0.0000058072
  0.0000028473
  0.0000098273
 -0.0000001669
 -0.0000022852
 -0.0000077559
 -0.0000022193
  0.0000127213
  0.0000159445
  0.0000054578
  0.0000051063
  0.0000002996
  0.0000063903
  0.0000035434
 -0.0000018331
  0.0000040507
 -0.0000012666
 -0.0000066072
 -0.0000075868
  0.0000049043
  0.0000308960
 -0.0000014543
  0.0000024537
 -0.0000028709
 -0.0000022572
  0.0000027191
 -0.0000007477
 -0.0000028156
 -0.0000022489
 -0.0000014419
 -0.0000005768
  0.0000021882
 -0.0000013814
 -0.0000006255
  0.0000029359
 -0.0000020630
 -0.0000014460
  0.0000022407
  0.0000000185
  0.0000008604
 -0.0000000908
  0.0000012061
  0.0000001119
  0.0000005759
  0.0000014026
  0.0000028648
  0.0000026773
 -0.0000004045
  0.0000056162
  0.0000017804
  0.0000111133
 -0.0000030777
 -0.0000028634
 -0.0000014864
  0.0000121726
 -0.0000002038
 -0.0000035311
 -0.0000013932
  0.0000073717
  0.0000205094
  0.0000052531
 -0.0000022124
  0.0000010363
  0.0000180823
  0.0000028624
 -0.0000030453
  0.0000035513
 -0.0000109655
  0.0000020692
 -0.0000059046
  0.0000068783
  0.0000344620
  0.0000035939
  0.0000003041
  0.0000027723
  0.0000001687
 -0.0000009561
 -0.0000000196
 -0.0000017295
 -0.0000029865
 -0.0000039606
 -0.0000009801
 -0.0000030970
  0.0000059597
 -0.0000047480
 -0.0000003486
 -0.0000026364
  0.0000055567
  0.0000009915
 -0.0000000910
  0.0000014361
  0.0000011409
 -0.0000000983
 -0.0000005336
  0.0000018356
  0.0000017311
 -0.0000014911
 -0.0000007523
 -0.0000015399
 -0.0000006055
 -0.0000035093
 -0.0000078751
  0.0000103918
  0.0000730878
 -0.0000033388
  0.0000023853
 -0.0000078172
 -0.0000040305
 -0.0000029744
 -0.0000015195
  0.0000155611
 -0.0000015078
 -0.0000014060
  0.0000038187
  0.0000288134
 -0.0000034995
  0.0000001604
  0.0000056386
  0.0000017220
  0.0000012125
 -0.0000178736
  0.0000013206
  0.0000248558
  0.0000015418
  0.0000017811
  0.0000018123
 -0.0000025611
  0.0000021595
  0.0000016607
 -0.0000011690
  0.0000015622
  0.0000013194
  0.0000134326
  0.0000007389
  0.0000014754
  0.0000016157
  0.0000019389
 -0.0000027327
  0.0000018502
  0.0000020301
  0.0000012017
 -0.0000016288
  0.0000023495
  0.0000001769
  0.0000021367
  0.0000020856
  0.0000004327
  0.0000011269
  0.0000000062
  0.0000003975
  0.0000019149
  0.0000011920
 -0.0000007469
  0.0000007877
 -0.0000024335
  0.0000093655
 -0.0000127126
  0.0000019321
 -0.0000027194
  0.0000006924
 -0.0000136119
 -0.0000062752
  0.0000021949
  0.0000006174
 -0.0000019723
  0.0000642032
  0.0000576857
  0.0000045783
  0.0000009630
  0.0000008451
  0.0000063528
  0.0000010529
 -0.0000002248
  0.0000066801
  0.0000030044
  0.0000057910
 -0.0000299272
  0.0000027515
  0.0000669936
  0.0000042486
  0.0000031289
 -0.0000008938
 -0.0000053871
 -0.0000006393
 -0.0000000123
 -0.0000045965
 -0.0000009219
  0.0000027177
  0.0000006080
  0.0000002069
 -0.0000053626
 -0.0000051978
 -0.0000005696
 -0.0000004149
 -0.0000029744
  0.0000001829
 -0.0000009388
  0.0000023774
 -0.0000017727
 -0.0000010491
  0.0000033106
  0.0000002199
 -0.0000010676
  0.0000036138
  0.0000000708
 -0.0000002223
  0.0000019758
 -0.0000021952
  0.0000103698
 -0.0000025166
  0.0000065138
 -0.0000025407
 -0.0000017991
  0.0000007776
 -0.0000064317
 -0.0000014897
  0.0000123708
  0.0000003748
  0.0000011001
  0.0000062477
  0.0000044829
 -0.0000015782
  0.0000074794
 -0.0000050334
  0.0000011825
 -0.0000146104
  0.0000053744
  0.0000314130
  0.0000023572
 -0.0000075165
 -0.0000006575
  0.0000055853
 -0.0000003906
  0.0000018698
  0.0000011277
  0.0000000660
  0.0000026083
  0.0000040872
  0.0000028182
 -0.0000021920
  0.0000042457
 -0.0000000521
  0.0000007806
 -0.0000016806
  0.0000013641
  0.0000001177
  0.0000006140
  0.0000001058
 -0.0000003756
  0.0000011654
  0.0000004091
  0.0000017093
 -0.0000013161
 -0.0000002970
  0.0000021509
  0.0000086715
  0.0000104020
  0.0000020447
  0.0000004378
 -0.0000106923
  0.0000108301
  0.0000010949
 -0.0000004183
  0.0000062764
 -0.0000008188
  0.0000101046
  0.0000159780
  0.0000027149
  0.0000078607
  0.0000031752
  0.0000053109
 -0.0000066317
  0.0000001408
  0.0000059947
  0.0000017630
  0.0000082096
  0.0000118026
  0.0000051299
  0.0000266830
 -0.0000091627
 -0.0000043064
 -0.0000031095
 -0.0000056369
 -0.0000005515
  0.0000020545
  0.0000025021
 -0.0000033163
 -0.0000011994
 -0.0000012248
  0.0000028582
 -0.0000000651
  0.0000009293
 -0.0000020870
  0.0000000711
 -0.0000006941
  0.0000000745
  0.0000030818
  0.0000018419
  0.0000040749
  0.0000004662
  0.0000007648
  0.0000030847
  0.0000007752
  0.0000019676
  0.0000016648
  0.0000101740
  0.0000047196
  0.0000234610
 -0.0000002729
  0.0000021510
  0.0000000933
 -0.0000004282
  0.0000085653
  0.0000127783
  0.0000036559
  0.0000045308
  0.0000069124
  0.0000022056
  0.0000010526
  0.0000038050
  0.0000003095
  0.0000169004
  0.0000075790
  0.0000236804
 -0.0000072711
 -0.0000011092
 -0.0000003463
 -0.0000006575
  0.0000021366
  0.0000040804
  0.0000036618
  0.0000005061
  0.0000042328
  0.0000035792
  0.0000043558
  0.0000046477
  0.0000014147
  0.0000065779
  0.0000042660
  0.0000045151
  0.0000077853
  0.0000042897
  0.0000043166
  0.0000019140
 -0.0000013215
  0.0000016868
 -0.0000017166
  0.0000029589
  0.0000005721
 -0.0000025121
  0.0000010467
 -0.0000030200
  0.0000008923
 -0.0000031049
 -0.0000003862
  0.0000033423
  0.0000054371
  0.0000108083
 -0.0000647076
  0.0000303445
  0.0000029209
  0.0000076971
 -0.0000021255
 -0.0000016539
  0.0000017476
  0.0000079636
  0.0000053569
  0.0000041202
 -0.0000008976
  0.0000084671
  0.0000012400
  0.0000017668
  0.0000049148
  0.0000035954
  0.0000453533
 -0.0000002608
 -0.0000005738
  0.0000544882
  0.0000048096
  0.0000093222
 -0.0000013707
 -0.0000000225
  0.0000008097
 -0.0000020405
 -0.0000055251
 -0.0000000049
 -0.0000019384
 -0.0000040718
 -0.0000026611
 -0.0000016701
  0.0000107497
 -0.0000014585
 -0.0000027443
 -0.0000014352
  0.0000002293
 -0.0000049550
 -0.0000015324
  0.0000041891
  0.0000023431
 -0.0000022123
 -0.0000009326
  0.0000015275
  0.0000000948
 -0.0000008733
  0.0000025116
  0.0000003356
  0.0000027838
  0.0000061414
 -0.0000056081
  0.0000075299
 -0.0000052336
  0.0000017754
 -0.0000020963
  0.0000004848
 -0.0000029618
  0.0000149217
  0.0000006993
  0.0000026687
 -0.0000013695
 -0.0000020725
  0.0000053063
 -0.0000150966
  0.0000010295
  0.0000007708
  0.0000005226
  0.0000357932
  0.0000008916
 -0.0000045033
  0.0000023000
  0.0000047560
  0.0000021068
  0.0000027807
  0.0000019321
 -0.0000000782
  0.0000039781
  0.0000032504
  0.0000034247
 -0.0000003115
  0.0000026431
 -0.0000003575
  0.0000027574
 -0.0000002605
  0.0000031753
  0.0000001434
  0.0000016922
 -0.0000001416
  0.0000030149
  0.0000011931
  0.0000008014
 -0.0000003217
  0.0000042305
  0.0000104166
  0.0000149568
 -0.0000011382
 -0.0000046917
  0.0000112384
  0.0000003359
  0.0000038329
  0.0000032904
  0.0000072161
  0.0000121105
  0.0000022339
  0.0000090272
  0.0000030017
  0.0000014329
 -0.0000009006
  0.0000071504
  0.0000031553
 -0.0000045326
  0.0000154149
  0.0000071058
  0.0000211161
 -0.0000039192
  0.0000013043
 -0.0000001245
 -0.0000047264
 -0.0000001216
  0.0000027129
  0.0000004777
  0.0000014368
  0.0000049144
 -0.0000055913
  0.0000003712
  0.0000007310
  0.0000049056
  0.0000006276
  0.0000015746
 -0.0000000178
 -0.0000004617
  0.0000017697
  0.0000015808
  0.0000011149
 -0.0000002472
 -0.0000013824
 -0.0000058266
  0.0000006980
  0.0000006869
  0.0000033203
  0.0000013140
  0.0000002624
  0.0000074480
 -0.0000011234
 -0.0000005037
 -0.0000136227
  0.0000094860
 -0.0000027471
 -0.0000058598
  0.0000051748
  0.0000021600
  0.0000003127
  0.0000228435
  0.0000043630
 -0.0000022301
  0.0000106465
  0.0000181429
  0.0000010027
 -0.0000029028
  0.0000064416
 -0.0000146040
  0.0000022542
 -0.0000042596
  0.0000030824
  0.0000307606
  0.0000028833
 -0.0000007927
 -0.0000024662
 -0.0000014135
 -0.0000038929
 -0.0000023808
 -0.0000018021
 -0.0000039292
 -0.0000027356
 -0.0000014020
 -0.0000019145
 -0.0000025611
 -0.0000012822
  0.0000001976
 -0.0000012808
 -0.0000023700
 -0.0000058775
 -0.0000000856
 -0.0000020567
  0.0000017100
  0.0000007304
  0.0000010577
  0.0000004388
  0.0000009197
  0.0000017480
  0.0000013391
 -0.0000006323
  0.0000044617
  0.0000019635
  0.0000007375
  0.0000033994
  0.0000009025
 -0.0000033464
 -0.0000003929
  0.0000080108
 -0.0000028063
  0.0000017747
  0.0000035252
 -0.0000060167
 -0.0000001588
 -0.0000000605
 -0.0000037607
  0.0000635702
  0.0000022025
  0.0000032919
  0.0000016958
 -0.0000034405
 -0.0000014496
  0.0000029172
  0.0000235751
 -0.0000020614
 -0.0000011233
 -0.0000153849
 -0.0000006597
  0.0000023531
 -0.0000055812
  0.0000036961
 -0.0000023902
 -0.0000003236
 -0.0000014281
 -0.0000053896
 -0.0000023028
 -0.0000030298
 -0.0000011846
 -0.0000038729
  0.0000009551
 -0.0000029803
 -0.0000023970
 -0.0000034554
  0.0000012479
  0.0000004726
  0.0000009128
  0.0000030698
  0.0000013284
  0.0000012838
  0.0000009515
 -0.0000001821
  0.0000008163
 -0.0000018146
  0.0000029447
 -0.0000080772
  0.0000006180
  0.0000053513
  0.0000057877
 -0.0000028075
  0.0000011768
 -0.0000093724
  0.0000071057
 -0.0000046912
  0.0000024112
  0.0000047926
 -0.0000019247
  0.0000099339
  0.0000169917
 -0.0000020349
  0.0000049856
  0.0000023812
  0.0000081728
  0.0000031265
  0.0000023380
  0.0000013377
  0.0000052965
 -0.0000021753
  0.0000127351
 -0.0000002159
  0.0000062689
  0.0000040388
  0.0000258808
 -0.0000132191
 -0.0000037844
  0.0000000644
  0.0000009624
 -0.0000044697
  0.0000013411
  0.0000007629
  0.0000001666
  0.0000007710
 -0.0000112252
 -0.0000032675
  0.0000012125
  0.0000018071
 -0.0000036083
  0.0000015381
  0.0000007403
  0.0000033448
  0.0000043833
  0.0000043444
  0.0000028813
  0.0000050650
  0.0000068135
  0.0000047378
  0.0000028451
  0.0000026160
  0.0000024640
  0.0000039850
  0.0000046096
  0.0000051145
  0.0000023722
  0.0000007496
 -0.0000033027
  0.0000116731
  0.0000123297
  0.0000004760
  0.0000062089
  0.0000039116
  0.0000019678
  0.0000007495
 -0.0000014457
 -0.0000003981
  0.0000007754
  0.0000015281
 -0.0000025470
  0.0000090859
  0.0000043926
 -0.0000056426
  0.0000004116
  0.0000081200
  0.0000489946
  0.0000043782
  0.0000022140
  0.0000019988
  0.0000009934
  0.0000049301
 -0.0000038473
 -0.0000035365
  0.0000019158
  0.0000036024
 -0.0000045863
  0.0000012798
  0.0000034816
  0.0000032141
  0.0000030096
 -0.0000050313
 -0.0000050668
  0.0000019254
  0.0000023277
 -0.0000025426
  0.0000037960
  0.0000014301
 -0.0000003531
  0.0000003128
 -0.0000015724
 -0.0000004651
  0.0000002958
  0.0000030173
  0.0000017504
 -0.0000001193
 -0.0000019708
  0.0000044746
 -0.0000006730
 -0.0000032641
  0.0000110704
  0.0000282496
 -0.0000028419
  0.0000025268
  0.0000035050
 -0.0000061388
 -0.0000065389
  0.0000120277
  0.0000286568
  0.0000019077
 -0.0000029284
  0.0000031517
 -0.0000021446
  0.0000219323
  0.0000048283
 -0.0000010977
  0.0000051878
 -0.0000009263
 -0.0000012046
  0.0000059508
  0.0000269991
 -0.0000020530
 -0.0000050861
 -0.0000010358
  0.0000024203
 -0.0000001068
  0.0000023719
 -0.0000025703
 -0.0000014086
  0.0000011532
  0.0000045660
  0.0000016241
 -0.0000020812
  0.0000006102
 -0.0000014085
 -0.0000005624
 -0.0000022143
  0.0000018260
  0.0000001353
  0.0000001163
 -0.0000014630
 -0.0000007396
  0.0000002402
  0.0000044775
 -0.0000023818
 -0.0000032921
  0.0000001360
  0.0000013469
  0.0000034994
  0.0000094474
 -0.0000033803
  0.0000071739
 -0.0000043486
 -0.0000130196
  0.0000110804
  0.0000010650
 -0.0000008671
  0.0000057914
 -0.0000019639
  0.0000190724
  0.0000205412
  0.0000007719
 -0.0000032651
  0.0000049942
  0.0000044651
  0.0000115824
 -0.0000009059
 -0.0000075484
  0.0000033292
 -0.0000057215
 -0.0000057515
 -0.0000065939
 -0.0000052965
  0.0000067241
  0.0000333894
  0.0000004152
 -0.0000078936
 -0.0000034394
 -0.0000019585
 -0.0000053374
 -0.0000010079
  0.0000011088
 -0.0000038139
 -0.0000002676
 -0.0000111153
 -0.0000060460
 -0.0000031774
 -0.0000006934
 -0.0000083427
 -0.0000032484
 -0.0000030652
  0.0000016332
 -0.0000018034
 -0.0000012208
  0.0000020798
 -0.0000039823
  0.0000008054
 -0.0000024948
 -0.0000012736
 -0.0000014520
  0.0000024820
 -0.0000012372
  0.0000020515
 -0.0000042299
 -0.0000033533
  0.0000093677
 -0.0000110354
 -0.0000028077
  0.0000004534
 -0.0000067527
 -0.0000019889
 -0.0000037696
  0.0000011049
  0.0000575467
  0.0000005743
 -0.0000046956
  0.0000003423
  0.0000034744
 -0.0000076137
 -0.0000035240
  0.0000069751
  0.0000092080
 -0.0000001677
  0.0000001828
 -0.0000296802
 -0.0000019425
  0.0000658631
  0.0000011751
 -0.0000023146
  0.0000044870
 -0.0000009922
  0.0000003501
 -0.0000032632
  0.0000010317
 -0.0000005709
 -0.0000030179
  0.0000005122
 -0.0000005995
  0.0000030689
 -0.0000002578
 -0.0000000088
 -0.0000003934
 -0.0000063544
 -0.0000036820
  0.0000002746
  0.0000002391
  0.0000002445
  0.0000009187
  0.0000002800
  0.0000041706
  0.0000016337
  0.0000004395
 -0.0000004866
  0.0000016623
  0.0000005050
  0.0000022849
  0.0000064663
 -0.0000060741
  0.0000073462
  0.0000664985
 -0.0000007827
 -0.0000022628
 -0.0000033372
  0.0000003124
  0.0000009369
 -0.0000046999
  0.0000175490
  0.0000028825
 -0.0000021941
  0.0000032909
  0.0000028963
  0.0000281247
 -0.0000018816
 -0.0000021753
  0.0000040357
  0.0000009862
 -0.0000003741
 -0.0000004814
  0.0000218554
  0.0000022832
 -0.0000044321
 -0.0000018827
 -0.0000017510
 -0.0000010520
 -0.0000023536
 -0.0000016938
 -0.0000010812
 -0.0000022192
  0.0000000929
 -0.0000067499
 -0.0000022333
 -0.0000019328
 -0.0000028382
 -0.0000033346
 -0.0000016733
 -0.0000081038
 -0.0000049766
 -0.0000046842
 -0.0000067226
 -0.0000059169
 -0.0000014870
 -0.0000012283
 -0.0000043991
 -0.0000049226
 -0.0000013061
 -0.0000016562
 -0.0000070289
 -0.0000004925
 -0.0000063468
 -0.0000034465
 -0.0000014633
  0.0000078030
 -0.0001244229
  0.0000093006
 -0.0000025256
 -0.0000028246
 -0.0000046905
 -0.0000103460
 -0.0000088125
 -0.0000003498
  0.0000018732
 -0.0000035131
  0.0000019632
 -0.0000042628
  0.0000002552
  0.0000000833
 -0.0000151817
 -0.0000031858
 -0.0000009496
  0.0000040892
  0.0000243815
 -0.0000037289
 -0.0000031229
  0.0000298995
 -0.0000005321
  0.0000038026
  0.0000004966
  0.0000031692
  0.0000047281
 -0.0000013042
  0.0000021682
  0.0000006850
  0.0000030431
  0.0000017181
 -0.0000078909
 -0.0000018515
  0.0000046371
  0.0000025579
  0.0000038817
  0.0000054149
  0.0000037545
  0.0000053759
  0.0000056971
  0.0000039564
  0.0000026828
  0.0000036873
  0.0000041900
  0.0000061965
  0.0000041548
  0.0000059446
  0.0000048497
  0.0000066728
  0.0000038084
  0.0000030362
  0.0000079025
  0.0000034661
 -0.0000028578
  0.0000146146
  0.0001419604
  0.0000395408
  0.0000024741
  0.0000031227
  0.0000032414
  0.0000129602
  0.0000069433
  0.0000007870
  0.0000013081
  0.0000006831
  0.0000030401
 -0.0000001138
  0.0000177969
  0.0000073422
  0.0001097984
 -0.0000023312
  0.0000041217
  0.0000088800
  0.0000826847
  0.0000071038
  0.0000039199
  0.0000383359
  0.0000042321
  0.0000066940
  0.0000011420
  0.0000017560
  0.0000082963
  0.0000030341
  0.0000052370
  0.0000041191
  0.0000022337
  0.0000058936
  0.0000073373
  0.0000048793
  0.0000009557
  0.0000070284
  0.0000023277
  0.0000029267
  0.0000015026
  0.0000047893
  0.0000036842
  0.0000012855
  0.0000015290
  0.0000055768
  0.0000029867
  0.0000015575
  0.0000011473
  0.0000021755
 -0.0000137666
  0.0000051678
  0.0000161756
 -0.0000011139
 -0.0000050179
  0.0000083284
 -0.0000009039
  0.0000018255
  0.0000070612
  0.0000018693
  0.0000044685
  0.0000123869
  0.0000089063
 -0.0000055009
  0.0000022124
  0.0000004328
  0.0000054022
  0.0000047767
  0.0000086341
 -0.0000003897
  0.0000147425
  0.0000086180
  0.0000175326
 -0.0000112786
  0.0000048923
  0.0000018138
 -0.0000036244
 -0.0000021877
  0.0000037360
  0.0000029063
 -0.0000054483
 -0.0000016503
 -0.0000041714
  0.0000023520
  0.0000022486
  0.0000009426
  0.0000018589
  0.0000025299
 -0.0000019289
 -0.0000025860
  0.0000009799
  0.0000000415
  0.0000009825
 -0.0000019418
 -0.0000041853
  0.0000014447
 -0.0000004257
  0.0000016589
  0.0000082795
 -0.0000069483
  0.0000061526
  0.0000002773
 -0.0000066535
  0.0000107818
 -0.0000016637
  0.0000059914
 -0.0000090708
  0.0000047188
 -0.0000027995
  0.0000187062
  0.0000193500
  0.0000023446
  0.0000042210
  0.0000083052
  0.0000123269
  0.0000048066
 -0.0000006938
  0.0000056373
 -0.0000089325
 -0.0000053625
  0.0000015998
 -0.0000137134
  0.0000052753
  0.0000350034
  0.0000064662
  0.0000038005
 -0.0000022712
 -0.0000001649
  0.0000016280
 -0.0000006425
 -0.0000028481
 -0.0000005610
 -0.0000016755
 -0.0000033043
  0.0000016206
 -0.0000010544
  0.0000003004
 -0.0000015804
  0.0000000341
 -0.0000010349
  0.0000015685
 -0.0000006822
  0.0000033907
  0.0000009217
 -0.0000002429
  0.0000012790
 -0.0000013924
  0.0000015788
 -0.0000058472
  0.0000025268
  0.0000006001
  0.0000049055
  0.0000005226
 -0.0000023279
  0.0000112517
  0.0000415534
 -0.0000029997
 -0.0000060728
 -0.0000042975
  0.0000009236
 -0.0000055505
  0.0000113719
 -0.0000006871
  0.0000182339
  0.0000339377
  0.0000049807
 -0.0000023571
  0.0000028238
  0.0000105660
  0.0000241876
  0.0000048299
 -0.0000023775
  0.0000032806
  0.0000016229
 -0.0000086933
  0.0000061640
  0.0000203942
 -0.0000018655
  0.0000018079
 -0.0000007771
  0.0000030835
  0.0000029718
  0.0000037337
  0.0000063914
  0.0000061850
  0.0000060143
  0.0000042251
  0.0000009522
  0.0000069741
  0.0000042029
 -0.0000075578
  0.0000062933
  0.0000058588
  0.0000050523
  0.0000048530
  0.0000087760
  0.0000069665
  0.0000031556
 -0.0000040126
 -0.0000037143
 -0.0000029721
 -0.0000017608
 -0.0000029663
  0.0000033969
  0.0000039664
 -0.0000050773
  0.0000021583
  0.0000016729
 -0.0000019841
  0.0000030140
  0.0000093684
 -0.0000113712
  0.0000084016
  0.0000064199
 -0.0000600394
  0.0000092569
 -0.0000058573
  0.0000028296
  0.0000022426
 -0.0000034476
  0.0000003291
 -0.0000018549
  0.0000080028
 -0.0000066648
 -0.0000086569
 -0.0000454432
 -0.0000022124
 -0.0000000376
  0.0000003002
 -0.0000038018
  0.0000094790
  0.0000027329
 -0.0000255657
  0.0000045971
  0.0000055691
  0.0000008098
  0.0000173280
  0.0000041517
  0.0000025500
 -0.0000070767
 -0.0000108840
  0.0000030291
 -0.0000128079
  0.0000115448
  0.0000039351
 -0.0000010389
  0.0000009975
  0.0000021391
  0.0000005418
 -0.0000013872
  0.0000012887
 -0.0000002809
 -0.0000006708
  0.0000033024
 -0.0000015723
  0.0000023565
 -0.0000004885
  0.0000013870
 -0.0000029932
  0.0000007284
 -0.0000009449
  0.0000017348
  0.0000029703
  0.0000002046
  0.0000016330
  0.0000010153
  0.0000013006
  0.0000071081
  0.0000044154
  0.0000046529
 -0.0000128298
  0.0000092606
 -0.0000003184
  0.0000036912
 -0.0000009416
  0.0000134786
  0.0000168585
  0.0000021806
  0.0000042533
  0.0000078671
  0.0000066792
  0.0000032798
 -0.0000005996
  0.0000060169
 -0.0000015339
 -0.0000082299
 -0.0000038352
  0.0000048359
  0.0000309787
  0.0000027500
 -0.0000046502
  0.0000050530
  0.0000062425
  0.0000049848
  0.0000058952
  0.0000075393
  0.0000017369
  0.0000056752
  0.0000053321
  0.0000026423
 -0.0000074261
  0.0000079059
  0.0000061716
  0.0000012167
  0.0000035908
  0.0000058916
  0.0000043055
  0.0000030939
 -0.0000005314
  0.0000017275
 -0.0000004092
  0.0000000495
  0.0000003027
  0.0000023231
  0.0000007587
  0.0000041407
 -0.0000003700
 -0.0000005509
  0.0000279504
 -0.0000062882
  0.0000025656
  0.0000025627
  0.0000084353
 -0.0000377449
  0.0000074696
  0.0000113385
  0.0000020386
 -0.0000028537
  0.0000021900
 -0.0000000718
  0.0000072219
 -0.0000047156
 -0.0000008710
 -0.0000038949
  0.0000162487
 -0.0000027243
 -0.0000012742
 -0.0000080648
  0.0000101639
  0.0000068401
 -0.0000366576
 -0.0000004965
  0.0000058834
 -0.0000037887
 -0.0000099273
  0.0000045217
  0.0000014945
  0.0000030274
 -0.0000726190
  0.0000077528
  0.0000127064
  0.0000057115
  0.0000000111
 -0.0000033107
 -0.0000041231
  0.0000010669
 -0.0000008095
 -0.0000028900
 -0.0000040804
 -0.0000013474
  0.0000020162
  0.0000000851
 -0.0000015270
 -0.0000005956
  0.0000050960
 -0.0000039113
 -0.0000012228
  0.0000004712
  0.0000007556
  0.0000031918
 -0.0000003497
  0.0000028755
  0.0000001013
 -0.0000017492
 -0.0000013483
 -0.0000013642
 -0.0000016750
  0.0000008690
  0.0000083941
 -0.0000071754
  0.0000069392
 -0.0000026147
  0.0000010964
  0.0000114409
 -0.0000015448
 -0.0000039972
 -0.0000012947
  0.0000191100
  0.0000195779
  0.0000050739
 -0.0000009159
 -0.0000021177
  0.0000145399
  0.0000017317
 -0.0000026478
  0.0000039179
 -0.0000090503
 -0.0000012047
 -0.0000022597
 -0.0000102021
  0.0000041039
  0.0000383812
  0.0000009254
  0.0000021042
  0.0000002605
  0.0000038276
  0.0000002991
 -0.0000020184
  0.0000029844
 -0.0000007236
 -0.0000029738
  0.0000039424
  0.0000010510
  0.0000003957
 -0.0000089709
 -0.0000000809
  0.0000018093
  0.0000026589
  0.0000017113
 -0.0000001739
  0.0000034903
  0.0000002349
 -0.0000010367
  0.0000039754
  0.0000010787
  0.0000011710
  0.0000055599
 -0.0000077236
  0.0000087364
  0.0000008260
 -0.0000002143
  0.0000007458
  0.0000011334
 -0.0000017655
 -0.0000039507
  0.0000067757
  0.0000035604
  0.0000017518
  0.0000182589
 -0.0000003954
  0.0000003987
  0.0000048205
 -0.0000202554
  0.0000012479
 -0.0000003512
  0.0000010504
  0.0000321977
 -0.0000000538
  0.0000014394
  0.0000005903
  0.0000038982
  0.0000000832
  0.0000009072
  0.0000036550
  0.0000026781
  0.0000030227
 -0.0000033985
 -0.0000002553
  0.0000010831
  0.0000019172
 -0.0000013515
  0.0000041331
  0.0000009228
  0.0000031969
 -0.0000000755
  0.0000012026
  0.0000025894
  0.0000004950
  0.0000007336
  0.0000012142
  0.0000035532
  0.0000008407
  0.0000125277
  0.0000043956
 -0.0000027225
  0.0000029741
 -0.0000076975
 -0.0000029649
  0.0000087897
  0.0000126457
  0.0000041717
  0.0000077669
  0.0000011869
  0.0000046736
  0.0000018921
 -0.0000031075
  0.0000034098
 -0.0000058194
  0.0000032779
  0.0000045028
  0.0000226422
 -0.0000000310
  0.0000006097
 -0.0000051585
  0.0000010334
  0.0000002439
  0.0000020546
  0.0000024632
 -0.0000072696
 -0.0000013035
 -0.0000015647
  0.0000016099
 -0.0000002926
 -0.0000011517
 -0.0000002745
 -0.0000021795
 -0.0000006982
 -0.0000010957
  0.0000032016
 -0.0000029614
  0.0000064632
 -0.0000011743
 -0.0000109944
  0.0000019595
  0.0000012535
  0.0000002794
 -0.0000120594
  0.0000017584
  0.0000010865
 -0.0000032134
  0.0000052066
  0.0000031963
 -0.0000113483
  0.0000410779
 -0.0000014583
 -0.0000039731
 -0.0000088925
  0.0000007857
  0.0000015387
  0.0000414307
  0.0000004207
  0.0000029130
 -0.0000060998
  0.0000269216
  0.0000027121
 -0.0000027933
  0.0000008476
 -0.0000058536
 -0.0000013524
  0.0000106728
 -0.0000058468
 -0.0000034301
  0.0000011960
  0.0000021157
 -0.0000022166
  0.0000003042
 -0.0000000633
  0.0000021875
  0.0000000034
  0.0000025810
  0.0000024678
 -0.0000021930
  0.0000003274
  0.0000015796
  0.0000003949
 -0.0000022301
 -0.0000048975
 -0.0000009637
 -0.0000014551
  0.0000026546
 -0.0000008583
 -0.0000097905
  0.0000004377
  0.0000010305
  0.0000034725
 -0.0000095384
  0.0000040571
 -0.0000005229
 -0.0000016693
  0.0000065741
 -0.0000018613
 -0.0000105710
  0.0000362008
  0.0000003720
 -0.0000018002
 -0.0000071179
  0.0000051435
 -0.0000014512
  0.0000345866
 -0.0000012709
 -0.0000006113
 -0.0000058711
  0.0000272717
  0.0000024720
 -0.0000045158
 -0.0000020887
 -0.0000029933
 -0.0000008714
  0.0000099234
 -0.0000044999
 -0.0000013236
  0.0000002528
 -0.0000011247
  0.0000026960
 -0.0000019280
  0.0000006548
  0.0000007456
  0.0000020678
  0.0000004724
 -0.0000000653
  0.0000014573
 -0.0000017043
  0.0000002234
 -0.0000001411
 -0.0000017860
 -0.0000006176
 -0.0000024110
 -0.0000018031
  0.0000014443
 -0.0000018331
 -0.0000110951
  0.0000006263
  0.0000007477
  0.0000009688
 -0.0000112354
  0.0000020014
 -0.0000000053
 -0.0000023590
  0.0000046814
 -0.0000015169
 -0.0000108509
  0.0000427915
  0.0000032177
 -0.0000005488
 -0.0000044444
 -0.0000008096
  0.0000004165
  0.0000388507
  0.0000007521
  0.0000006022
 -0.0000059092
  0.0000278997
  0.0000030890
 -0.0000048761
 -0.0000051547
 -0.0000052332
  0.0000011114
  0.0000111757
 -0.0000036427
 -0.0000028750
 -0.0000008854
 -0.0000041685
  0.0000023374
  0.0000029154
  0.0000047394
  0.0000053995
  0.0000002269
 -0.0000005035
  0.0000007442
 -0.0000005898
  0.0000019021
  0.0000003210
  0.0000011490
  0.0000008003
 -0.0000003206
  0.0000011321
 -0.0000015042
  0.0000058651
 -0.0000009865
 -0.0000108863
  0.0000018283
  0.0000037759
 -0.0000015533
 -0.0000109060
  0.0000020944
  0.0000001229
 -0.0000030525
  0.0000045777
  0.0000030192
 -0.0000103507
  0.0000412855
 -0.0000012073
 -0.0000036804
 -0.0000100481
  0.0000008796
  0.0000016480
  0.0000415627
 -0.0000002971
  0.0000037530
 -0.0000068878
  0.0000279733
  0.0000029601
  0.0000022979
  0.0000001601
 -0.0000055987
 -0.0000021623
  0.0000082931
 -0.0000041951
 -0.0000048244
  0.0000004967
 -0.0000019480
  0.0000012974
  0.0000009670
 -0.0000019185
  0.0000013002
  0.0000001350
 -0.0000004451
  0.0000003256
  0.0000017769
 -0.0000003742
  0.0000002143
 -0.0000021668
 -0.0000009081
 -0.0000072106
 -0.0000015057
 -0.0000004986
  0.0000031717
  0.0000022357
 -0.0000133239
 -0.0000020577
  0.0000008574
  0.0000031560
 -0.0000108163
  0.0000023595
  0.0000006879
  0.0000024210
  0.0000066461
 -0.0000002009
 -0.0000156084
  0.0000316665
  0.0000005982
 -0.0000013966
 -0.0000068946
  0.0000086372
  0.0000001273
  0.0000351278
 -0.0000010446
 -0.0000007310
 -0.0000072182
  0.0000269442
  0.0000039066
 -0.0000034670
 -0.0000033407
  0.0000020255
 -0.0000009961
  0.0000069695
 -0.0000047936
 -0.0000010069
 -0.0000002092
 -0.0000010492
  0.0000048908
 -0.0000015076
 -0.0000013932
 -0.0000024466
  0.0000000977
  0.0000002609
  0.0000028849
  0.0000000466
  0.0000004735
 -0.0000003651
  0.0000036866
 -0.0000001513
 -0.0000173650
  0.0000000514
 -0.0000007313
  0.0000047824
  0.0000050468
 -0.0000140488
 -0.0000022881
 -0.0000006188
  0.0000013093
 -0.0000113182
  0.0000057524
  0.0000024402
 -0.0000010760
  0.0000089702
  0.0000001332
 -0.0000213232
  0.0000313671
  0.0000007405
 -0.0000000377
 -0.0000055350
  0.0000107962
  0.0000037547
  0.0000241303
 -0.0000002616
 -0.0000014759
 -0.0000065169
  0.0000353555
 -0.0000046176
 -0.0000056655
 -0.0000036381
 -0.0000055937
 -0.0000004478
  0.0000042764
 -0.0000050729
 -0.0000024219
 -0.0000001774
 -0.0000044913
  0.0000028582
 -0.0000007937
  0.0000038503
  0.0000008540
 -0.0000017641
 -0.0000002926
 -0.0000009767
 -0.0000000155
  0.0000016919
  0.0000013985
 -0.0000011713
  0.0000002057
 -0.0000061268
 -0.0000011485
 -0.0000010967
  0.0000026735
  0.0000015948
 -0.0000090109
  0.0000009960
 -0.0000003905
  0.0000017219
 -0.0000081278
  0.0000040964
  0.0000003168
 -0.0000020413
  0.0000068914
  0.0000005743
 -0.0000104008
  0.0000395471
  0.0000011042
 -0.0000007318
 -0.0000073372
  0.0000046398
 -0.0000006606
  0.0000338620
 -0.0000008714
 -0.0000006324
 -0.0000057155
  0.0000289946
  0.0000023420
 -0.0000047500
 -0.0000026016
 -0.0000054166
 -0.0000010566
  0.0000082524
 -0.0000041633
 -0.0000015612
 -0.0000002979
  0.0000000303
  0.0000027917
 -0.0000006349
 -0.0000010079
  0.0000035229
  0.0000001706
 -0.0000003014
  0.0000011198
  0.0000022027
 -0.0000002165
 -0.0000020621
 -0.0000010996
 -0.0000004431
 -0.0000078400
 -0.0000011662
 -0.0000000164
  0.0000031870
  0.0000002279
 -0.0000112718
 -0.0000011531
  0.0000005586
  0.0000027501
 -0.0000092348
 -0.0000007344
  0.0000012986
  0.0000018938
  0.0000070067
 -0.0000022107
 -0.0000127949
  0.0000308767
  0.0000008149
 -0.0000014407
 -0.0000066225
  0.0000049880
  0.0000016256
  0.0000321133
 -0.0000006553
 -0.0000003584
 -0.0000062565
  0.0000323043
  0.0000016159
 -0.0000040923
 -0.0000024772
 -0.0000050744
 -0.0000007068
  0.0000074888
 -0.0000040315
 -0.0000035737
 -0.0000002949
 -0.0000048833
  0.0000014137
 -0.0000019360
  0.0000041744
 -0.0000021494
  0.0000009785
  0.0000014587
  0.0000044245
 -0.0000008332
  0.0000005180
  0.0000001919
 -0.0000025615
 -0.0000034494
  0.0000101808
  0.0000065503
 -0.0000073981
 -0.0000022141
  0.0000011796
 -0.0000063309
  0.0000029265
  0.0000003503
  0.0000050414
 -0.0000146813
 -0.0000024930
  0.0000005974
 -0.0000049397
 -0.0000022350
 -0.0000041175
 -0.0000164090
  0.0000421138
 -0.0000016058
  0.0000015019
 -0.0000004686
 -0.0000033044
 -0.0000024512
  0.0000663661
  0.0000104538
 -0.0000011655
 -0.0000056256
  0.0000320338
 -0.0000019207
 -0.0000055582
  0.0000053252
 -0.0000152887
  0.0000081964
  0.0000119347
 -0.0000022960
 -0.0000015904
  0.0000004552
 -0.0000000922
  0.0000011425
 -0.0000001742
  0.0000019344
  0.0000022135
  0.0000012731
  0.0000024537
 -0.0000003432
  0.0000013967
 -0.0000000080
  0.0000009695
 -0.0000011093
 -0.0000001644
  0.0000020450
 -0.0000002861
  0.0000012024
  0.0000048101
 -0.0000019518
 -0.0000099774
  0.0000014755
  0.0000009970
 -0.0000015169
 -0.0000096428
  0.0000031398
  0.0000001858
 -0.0000049611
  0.0000029307
  0.0000032053
 -0.0000129034
  0.0000382919
  0.0000035652
 -0.0000042990
 -0.0000086068
 -0.0000046197
 -0.0000004304
  0.0000423627
 -0.0000009653
  0.0000033206
 -0.0000068316
  0.0000271858
 -0.0000031118
 -0.0000028366
 -0.0000010075
 -0.0000085070
 -0.0000041634
  0.0000096270
 -0.0000035955
 -0.0000025312
  0.0000000416
 -0.0000006616
  0.0000016668
  0.0000005517
 -0.0000008123
  0.0000013191
  0.0000007013
 -0.0000008024
  0.0000022357
  0.0000015506
  0.0000002203
 -0.0000000625
 -0.0000005029
  0.0000000938
 -0.0000008890
 -0.0000006305
 -0.0000010049
  0.0000037325
 -0.0000009270
 -0.0000079771
 -0.0000014336
  0.0000007173
  0.0000035218
 -0.0000092780
  0.0000039249
  0.0000003576
 -0.0000000787
  0.0000070942
  0.0000002140
 -0.0000083937
  0.0000363984
  0.0000004296
 -0.0000020917
 -0.0000069716
  0.0000013920
  0.0000010624
  0.0000349392
 -0.0000010382
  0.0000000800
 -0.0000070656
  0.0000288868
  0.0000034719
 -0.0000036033
 -0.0000025329
 -0.0000077596
 -0.0000004614
  0.0000063026
 -0.0000040110
 -0.0000021863
 -0.0000012914
 -0.0000007330
 -0.0000001847
  0.0000024332
  0.0000018021
  0.0000005647
  0.0000015745
  0.0000039817
 -0.0000004686
  0.0000019088
  0.0000024842
 -0.0000003336
 -0.0000005206
 -0.0000008960
 -0.0000078898
 -0.0000011383
  0.0000001896
  0.0000035936
  0.0000017458
 -0.0000118537
 -0.0000016232
  0.0000006713
  0.0000034261
 -0.0000095222
  0.0000001837
  0.0000009498
  0.0000011225
  0.0000071327
 -0.0000003364
 -0.0000134886
  0.0000297272
  0.0000010045
 -0.0000009531
 -0.0000064318
  0.0000049896
  0.0000017008
  0.0000321163
 -0.0000006762
 -0.0000002899
 -0.0000065627
  0.0000321193
  0.0000018120
 -0.0000037592
 -0.0000029107
 -0.0000051510
 -0.0000006916
  0.0000061578
 -0.0000034318
 -0.0000031965
 -0.0000000513
 -0.0000050452
  0.0000003973
 -0.0000023688
  0.0000037241
 -0.0000021009
  0.0000039969
  0.0000008525
  0.0000046935
 -0.0000005985
 -0.0000033516
 -0.0000010868
  0.0000006287
  0.0000020458
  0.0000073492
  0.0000072247
 -0.0000016247
 -0.0000063995
 -0.0000048558
 -0.0000024911
 -0.0000082463
  0.0000027246
  0.0000001625
  0.0000043044
 -0.0000103206
  0.0000002472
  0.0000008299
  0.0000017318
  0.0000021732
 -0.0000040760
 -0.0000140975
  0.0000337122
 -0.0000055611
  0.0000011388
  0.0000000518
 -0.0000087883
 -0.0000039913
  0.0000521041
  0.0000068194
 -0.0000006052
 -0.0000056150
  0.0000304060
 -0.0000037549
 -0.0000056290
 -0.0000033716
 -0.0000089106
  0.0000017953
  0.0000109442
 -0.0000047006
  0.0000007899
 -0.0000007962
  0.0000010486
 -0.0000012662
  0.0000006253
  0.0000011187
 -0.0000013758
  0.0000037025
 -0.0000004203
  0.0000010256
 -0.0000002658
 -0.0000016877
  0.0000008519
 -0.0000010724
 -0.0000016639
 -0.0000018836
 -0.0000013743
 -0.0000026303
  0.0000023229
 -0.0000009273
 -0.0000111549
  0.0000008684
  0.0000025679
  0.0000016842
 -0.0000118659
  0.0000011512
  0.0000002732
 -0.0000029445
  0.0000067806
 -0.0000012337
 -0.0000117759
  0.0000408231
  0.0000022557
 -0.0000002543
 -0.0000054299
  0.0000004994
  0.0000037132
  0.0000411968
  0.0000007301
  0.0000011413
 -0.0000053901
  0.0000253920
  0.0000023537
 -0.0000031674
 -0.0000045830
 -0.0000064449
  0.0000018171
  0.0000111908
 -0.0000072831
 -0.0000008223
 -0.0000005028
 -0.0000004698
 -0.0000005580
  0.0000014091
  0.0000003523
 -0.0000008363
  0.0000045467
  0.0000002932
 -0.0000002372
 -0.0000004806
  0.0000007321
 -0.0000003175
  0.0000009130
 -0.0000011841
 -0.0000041913
 -0.0000001765
 -0.0000011040
  0.0000034137
 -0.0000034756
 -0.0000099271
 -0.0000000184
  0.0000029741
  0.0000036816
 -0.0000098639
  0.0000039124
 -0.0000000497
 -0.0000000189
  0.0000069534
  0.0000001036
 -0.0000088707
  0.0000355029
  0.0000006239
 -0.0000015742
 -0.0000064770
  0.0000032438
  0.0000034502
  0.0000342033
 -0.0000008792
 -0.0000000399
 -0.0000065405
  0.0000267823
  0.0000019795
 -0.0000018107
 -0.0000013706
 -0.0000040698
 -0.0000002450
  0.0000111200
 -0.0000041360
 -0.0000025341
 -0.0000005521
  0.0000029017
 -0.0000005261
  0.0000129000
 -0.0000040313
 -0.0000008307
  0.0000071553
  0.0000212493
 -0.0000129999
  0.0000016975
 -0.0000009242
  0.0000164455
 -0.0000072266
 -0.0000008981
  0.0000104170
  0.0000061238
  0.0000046296
  0.0000049290
  0.0000102355
  0.0000037156
 -0.0000034660
 -0.0000060704
  0.0000064468
  0.0000030680
  0.0000022029
  0.0000160890
  0.0000098940
 -0.0000060437
  0.0000064457
  0.0000183100
 -0.0000112069
 -0.0000048487
  0.0000006455
 -0.0000035507
 -0.0000008428
  0.0000070712
 -0.0000038999
  0.0000058447
 -0.0000020435
  0.0000001702
 -0.0000025424
  0.0000066556
  0.0000282460
 -0.0000124307
  0.0000019943
  0.0000021803
  0.0000092835
 -0.0000017822
  0.0000035507
  0.0000079787
  0.0000001511
  0.0000033875
  0.0000085392
 -0.0000033345
  0.0000017394
 -0.0000062306
  0.0000050169
  0.0000074129
  0.0000010188
 -0.0000028809
  0.0000078354
  0.0000037062
  0.0000042673
  0.0000029425
  0.0000113021
 -0.0000031684
  0.0000026352
 -0.0000010613
  0.0000018456
  0.0000000743
 -0.0000002203
 -0.0000130691
  0.0000057427
  0.0000015255
 -0.0000052709
  0.0000048343
 -0.0000019717
  0.0000058473
 -0.0000015158
  0.0000062245
  0.0000253367
 -0.0000042407
  0.0000028737
  0.0000028687
  0.0000038676
  0.0000043480
  0.0000094117
  0.0000097249
  0.0000016650
  0.0000006008
  0.0000106120
 -0.0000055305
 -0.0000046214
 -0.0000021679
  0.0000000541
  0.0000008898
  0.0000078176
  0.0000025134
  0.0000023963
  0.0000064333
  0.0000049193
  0.0000040354
 -0.0000019387
  0.0000095905
 -0.0000075164
 -0.0000010197
 -0.0000055815
  0.0000040025
  0.0000068666
  0.0000080326
 -0.0000018521
  0.0000067716
 -0.0000023259
 -0.0000005239
  0.0000181629
  0.0000005814
 -0.0000038201
  0.0000081011
  0.0000035076
 -0.0000015750
  0.0000057213
  0.0000069420
 -0.0000013126
 -0.0000079691
  0.0000090646
 -0.0000015530
 -0.0000088057
 -0.0000034605
 -0.0000002074
  0.0000052731
  0.0000069522
 -0.0000001345
  0.0000002445
  0.0000127581
  0.0000001637
  0.0000206241
 -0.0000013680
  0.0000006123
 -0.0000000935
 -0.0000003611
  0.0000002132
  0.0000098781
  0.0000070568
  0.0000064545
  0.0000140718
 -0.0000064615
  0.0000206545
 -0.0000039437
 -0.0000001239
  0.0000123218
  0.0000022544
  0.0000038844
  0.0000026885
  0.0000044389
 -0.0000030110
  0.0000022087
 -0.0000022180
 -0.0000039443
  0.0000027673
  0.0000032890
  0.0000013587
 -0.0000086294
  0.0000069420
  0.0000191330
 -0.0000048733
  0.0000023808
 -0.0000024003
 -0.0000009039
  0.0000024556
 -0.0000011955
 -0.0000012474
  0.0000000363
  0.0000234132
  0.0000008320
 -0.0000059877
  0.0000082061
  0.0000003906
  0.0000022296
 -0.0000084715
  0.0000051168
 -0.0000019485
  0.0000050210
  0.0000143318
  0.0000017226
  0.0000035614
 -0.0000014362
  0.0000039821
 -0.0000008177
  0.0000010839
 -0.0000008129
  0.0000003565
 -0.0000001829
  0.0000002572
 -0.0000030591
  0.0000096437
  0.0000188422
 -0.0000090308
 -0.0000087715
  0.0000079169
 -0.0000066580
  0.0000022065
  0.0000075414
 -0.0000003624
  0.0000012786
  0.0000054476
  0.0000326009
 -0.0000106954
 -0.0000003796
  0.0000045063
  0.0000049137
 -0.0000046076
  0.0000065723
  0.0000095229
 -0.0000026223
  0.0000030247
  0.0000033611
 -0.0000047139
  0.0000035204
 -0.0000021166
  0.0000038850
  0.0000041287
 -0.0000013566
 -0.0000124173
  0.0000000305
  0.0000064556
 -0.0000020086
  0.0000131888
 -0.0000045843
  0.0000036255
 -0.0000004353
 -0.0000000253
  0.0000008414
 -0.0000020439
  0.0000039916
  0.0000082845
  0.0000213955
 -0.0000141648
  0.0000169863
 -0.0000055398
  0.0000015774
 -0.0000024701
 -0.0000002965
  0.0000016523
  0.0000069538
  0.0000125699
  0.0000038532
  0.0000035845
 -0.0000050044
 -0.0000076645
  0.0000074099
 -0.0000016346
  0.0000026571
 -0.0000001061
  0.0000045721
  0.0000185963
  0.0000045598
  0.0000202897
 -0.0000138093
  0.0000010966
 -0.0000076399
  0.0000039488
  0.0000076904
 -0.0000002912
  0.0000077845
 -0.0000000186
  0.0000015575
 -0.0000033908
 -0.0000014607
  0.0000274951
 -0.0000059881
  0.0000007635
  0.0000004277
  0.0000068455
  0.0000024858
  0.0000159335
  0.0000021650
 -0.0000050257
  0.0000038918
  0.0000069536
 -0.0000046314
 -0.0000026893
  0.0000064319
 -0.0000018293
 -0.0000063274
  0.0000042501
  0.0000016971
 -0.0000077852
  0.0000002360
 -0.0000015908
  0.0000029549
 -0.0000006608
  0.0000143439
 -0.0000045052
 -0.0000054923
  0.0000082985
  0.0000053675
 -0.0000032297
  0.0000055078
 -0.0000009733
  0.0000003288
  0.0000082926
  0.0000399728
 -0.0000108568
  0.0000010604
  0.0000007535
  0.0000029755
  0.0000029759
  0.0000007292
  0.0000085342
  0.0000043114
  0.0000063255
  0.0000014946
 -0.0000061399
 -0.0000079539
 -0.0000018492
 -0.0000019267
  0.0000063822
  0.0000011079
 -0.0000016782
  0.0000008025
  0.0000022182
  0.0000001301
  0.0000133598
 -0.0000020953
  0.0000004789
 -0.0000013160
  0.0000108502
  0.0000010714
  0.0000081116
  0.0000088047
  0.0000156836
 -0.0000043886
  0.0000260047
 -0.0000011657
  0.0000135160
  0.0000030859
  0.0000052005
  0.0000040496
 -0.0000052684
  0.0000005480
  0.0000031915
 -0.0000002955
  0.0000053770
 -0.0000034227
  0.0000131042
  0.0000062668
 -0.0000004744
 -0.0000040658
 -0.0000033439
  0.0000078945
  0.0000227313
 -0.0000024363
  0.0000001969
  0.0000019990
 -0.0000010454
  0.0000236637
 -0.0000128932
  0.0000112492
 -0.0000045228
  0.0000035969
 -0.0000068890
  0.0000034415
 -0.0000001235
  0.0000030365
  0.0000083739
  0.0000059164
 -0.0000054981
 -0.0000010360
  0.0000016337
 -0.0000014599
  0.0000044232
  0.0000062838
  0.0000209970
 -0.0000126034
 -0.0000005414
  0.0000000144
 -0.0000014494
  0.0000126533
  0.0000078533
 -0.0000063602
  0.0000001112
 -0.0000027306
 -0.0000003278
 -0.0000077511
  0.0000026631
  0.0000496119
 -0.0000105731
  0.0000046967
 -0.0000006888
  0.0000030095
 -0.0000028618
  0.0000041178
  0.0000061310
 -0.0000018231
  0.0000024113
  0.0000020276
 -0.0000072281
 -0.0000012242
 -0.0000095133
 -0.0000053117
 -0.0000013521
  0.0000057028
  0.0000048575
 -0.0000018364
  0.0000114916
  0.0000058783
  0.0000081950
  0.0000031055
  0.0000100564
 -0.0000028433
  0.0000007164
 -0.0000099340
  0.0000104439
  0.0000038107
  0.0000001968
  0.0000092549
  0.0000028812
  0.0000018089
 -0.0000082483
  0.0000041658
  0.0000354780
 -0.0000135251
 -0.0000000872
 -0.0000004194
  0.0000081039
  0.0000029139
  0.0000014620
  0.0000048203
 -0.0000014511
  0.0000026671
  0.0000005610
  0.0000011488
 -0.0000004418
  0.0000053293
 -0.0000039240
  0.0000030284
  0.0000042593
 -0.0000011076
 -0.0000039803
 -0.0000013799
 -0.0000001213
 -0.0000010232
 -0.0000054923
  0.0000169324
 -0.0000002769
  0.0000029741
 -0.0000000301
  0.0000000339
  0.0000084142
 -0.0000085356
 -0.0000030747
 -0.0000119600
  0.0000177609
 -0.0000037122
  0.0000039932
  0.0000630581
 -0.0000108927
  0.0000024589
 -0.0000004538
  0.0000052927
 -0.0000002709
  0.0000119235
 -0.0000024104
 -0.0000082857
  0.0000031057
  0.0000071764
 -0.0000098294
  0.0000160704
 -0.0000240462
 -0.0000053399
 -0.0000010216
  0.0000094489
 -0.0000007785
  0.0000063583
 -0.0000005139
  0.0000023979
  0.0000023556
  0.0000036871
  0.0000021142
 -0.0000001549
 -0.0000057325
  0.0000034444
  0.0000061209
 -0.0000014283
  0.0000016839
 -0.0000068461
  0.0000266704
 -0.0000115870
  0.0000031179
  0.0000029958
  0.0000042348
  0.0000089321
 -0.0000020788
  0.0000033389
  0.0000016727
 -0.0000093583
 -0.0000014557
  0.0000016414
 -0.0000059665
 -0.0000024565
  0.0000021332
  0.0000027206
  0.0000044317
 -0.0000054199
  0.0000113113
 -0.0000078770
 -0.0000031694
  0.0000053124
  0.0000008358
 -0.0000011222
  0.0000031923
  0.0000175172
 -0.0000049602
  0.0000012267
  0.0000009404
  0.0000118740
 -0.0000040623
  0.0000076374
  0.0000033143
  0.0000069265
  0.0000202639
  0.0000115489
 -0.0000015103
  0.0000013638
 -0.0000006864
  0.0000001209
 -0.0000039284
  0.0000059633
  0.0000023896
 -0.0000033542
  0.0000105313
 -0.0000132643
  0.0000024950
  0.0000195077
 -0.0000073045
 -0.0000031400
 -0.0000057887
  0.0000076838
 -0.0000041575
 -0.0000016255
 -0.0000004479
  0.0000161927
 -0.0000045350
  0.0000049803
  0.0000459400
 -0.0000098306
 -0.0000023256
  0.0000007204
  0.0000103834
  0.0000004249
  0.0000091742
 -0.0000082426
  0.0000046804
  0.0000028511
  0.0000151861
 -0.0000039717
 -0.0000057319
 -0.0000076112
 -0.0000041918
  0.0000107831
 -0.0000015370
  0.0000014010
 -0.0000043917
  0.0000066431
  0.0000072164
  0.0000022029
  0.0000082111
 -0.0000007522
  0.0000045723
 -0.0000095902
 -0.0000079716
 -0.0000109738
  0.0000081878
  0.0000083926
  0.0000621950
 -0.0000002820
 -0.0000091858
 -0.0000109645
 -0.0000001380
  0.0000061410
 -0.0000072623
  0.0000249217
 -0.0000007897
 -0.0000018000
  0.0000010085
  0.0000069799
  0.0000008074
 -0.0000001723
  0.0000001622
  0.0000001126
  0.0000164451
  0.0000215982
 -0.0000256259
  0.0000084484
 -0.0000124580
  0.0000074138
  0.0000050287
  0.0000364432
  0.0000023979
 -0.0000020239
  0.0000212048
  0.0000038148
 -0.0000070571
  0.0000085685
  0.0000097388
  0.0000086985
  0.0000729889
  0.0000036682
  0.0000068064
  0.0000149112
  0.0000012574
  0.0000013897
  0.0000230409
 -0.0000275639
 -0.0000021153
  0.0000060319
 -0.0000070618
 -0.0000077145
 -0.0000131554
  0.0000040189
  0.0000009322
  0.0000143486
 -0.0000027041
  0.0000037971
  0.0000072866
  0.0000060672
 -0.0000083564
 -0.0000032120
 -0.0000129199
  0.0000270509
 -0.0000134826
 -0.0000172610
 -0.0000055144
 -0.0000093383
 -0.0000086399
 -0.0000052128
  0.0000044286
  0.0000036482
  0.0000024618
 -0.0000014957
 -0.0000209070
 -0.0000045755
 -0.0000033013
 -0.0000019709
  0.0000214039
 -0.0000039991
  0.0000137560
 -0.0000010713
  0.0000091894
  0.0000146789
  0.0000097604
 -0.0000081435
 -0.0000212390
 -0.0000012382
 -0.0000051886
 -0.0000033199
  0.0000060832
 -0.0000005590
  0.0000055918
  0.0000012694
 -0.0000024119
  0.0000046950
  0.0000045133
  0.0000066474
 -0.0000048635
  0.0000004289
  0.0000037700
  0.0000037078
  0.0000017338
  0.0000081402
  0.0000178730
 -0.0000147098
 -0.0000172844
 -0.0000223085
  0.0000420660
 -0.0000148389
 -0.0000137606
 -0.0000120101
  0.0000347036
  0.0000197482
 -0.0000137432
  0.0000043841
  0.0000068269
 -0.0000014506
 -0.0000109511
  0.0000096180
  0.0000038787
  0.0000481313
 -0.0000005389
 -0.0000063437
  0.0000004773
  0.0000334156
  0.0000082324
  0.0000039240
 -0.0000027579
 -0.0000005785
  0.0000030888
  0.0000087567
  0.0000409825
 -0.0000016487
  0.0000089750
 -0.0000052764
  0.0000098088
  0.0000066618
  0.0000138139
  0.0000040777
  0.0000087659
  0.0000192303
  0.0000037783
  0.0000362346
  0.0000110044
 -0.0000098838
  0.0000738877
  0.0000120533
  0.0000000954
 -0.0000083898
  0.0000012255
 -0.0000057598
  0.0000055231
  0.0000023076
  0.0000034929
 -0.0000031166
 -0.0000173355
 -0.0000183108
  0.0000026190
  0.0000076530
  0.0000409898
 -0.0000040992
  0.0000394505
  0.0000426347
  0.0000465705
 -0.0000015627
  0.0000650600
  0.0000431203
  0.0000020254
 -0.0000003718
  0.0000017588
  0.0000154302
  0.0000041940
  0.0000021703
  0.0000346135
  0.0000437192
 -0.0000002025
 -0.0000034759
 -0.0000094217
 -0.0000086121
 -0.0000066447
 -0.0000021034
  0.0000023437
 -0.0000016009
 -0.0000066547
  0.0000019053
 -0.0000065498
 -0.0000189321
 -0.0000038686
 -0.0000027829
 -0.0000049815
 -0.0000013777
  0.0000105595
 -0.0000051048
  0.0000279890
  0.0000350096
 -0.0000863404
  0.0000458756
 -0.0000045936
  0.0000524374
  0.0000035095
 -0.0000010994
 -0.0000002706
 -0.0000074758
 -0.0000030132
  0.0000043374
 -0.0000018907
  0.0000188158
 -0.0000033255
 -0.0000239563
 -0.0000157156
 -0.0000058051
 -0.0000044418
 -0.0000004200
  0.0000000298
 -0.0000000304
  0.0000007943
  0.0000010998
  0.0000048662
  0.0000144917
 -0.0000149171
  0.0000004232
  0.0000221642
  0.0000076701
