  0.0001705372
  0.0000212227
 -0.0000129661
 -0.0000230341
  0.0000532733
 -0.0000075402
 -0.0000088231
 -0.0000026170
  0.0000508544
  0.0000003864
 -0.0000136759
  0.0000414448
 -0.0000535834
  0.0000576237
 -0.0000321095
  0.0000395047
 -0.0000233787
 -0.0000358335
 -0.0000389537
  0.0000105995
  0.0000150845
 -0.0000144640
  0.0000088495
 -0.0000177834
 -0.0000468738
 -0.0000274104
  0.0000468620
 -0.0000025168
 -0.0000544270
 -0.0000501791
  0.0000291336
  0.0000069721
  0.0000026142
  0.0000199251
 -0.0000206628
 -0.0000486160
  0.0000507587
 -0.0000007241
 -0.0000158163
  0.0000423305
  0.0000226609
  0.0000346143
 -0.0000559529
 -0.0000502230
 -0.0000287355
 -0.0000282220
  0.0000088406
 -0.0000181238
 -0.0000144517
  0.0000245277
  0.0000324152
  0.0000065338
  0.0000171072
  0.0000123149
 -0.0000283110
  0.0000302315
  0.0000094403
  0.0000282576
 -0.0000209048
  0.0000068803
  0.0000306353
 -0.0000291084
  0.0000555769
  0.0000183026
 -0.0000350613
 -0.0000404758
  0.0000327590
 -0.0000266827
  0.0000548763
 -0.0000292771
 -0.0000167730
  0.0000617615
 -0.0000282945
 -0.0000423281
  0.0000221177
 -0.0000329352
 -0.0000492568
  0.0000242005
 -0.0000269347
 -0.0000653016
 -0.0001374911
 -0.0000618784
 -0.0000451807
  0.0000716261
  0.0000724367
  0.0000134658
 -0.0000941159
  0.0000215079
  0.0000257523
 -0.0000326732
  0.0000247172
  0.0000225347
  0.0000759753
  0.0000307875
  0.0000239456
  0.0000452990
  0.0000502239
  0.0000208273
  0.0000316891
 -0.0000443791
  0.0000004371
 -0.0000199921
 -0.0000713034
  0.0000537354
 -0.0001196443
  0.0000526885
  0.0000122102
 -0.0001086674
 -0.0000723617
  0.0000268380
  0.0001006305
 -0.0001317256
  0.0003140347
  0.0000021923
 -0.0001393471
  0.0000163410
  0.0000031323
 -0.0000237743
  0.0003619588
 -0.0000265515
 -0.0000253407
  0.0001994035
  0.0000778507
 -0.0000083777
  0.0000141826
 -0.0000659102
  0.0000869737
 -0.0001692688
 -0.0000607435
  0.0000219471
  0.0001145516
 -0.0001081522
 -0.0001183753
  0.0000829282
  0.0000080865
  0.0000531032
  0.0000515309
 -0.0001597312
  0.0000731996
  0.0001459671
  0.0001086271
  0.0000845880
  0.0001118921
 -0.0001756413
 -0.0001345480
 -0.0003373336
 -0.0000713552
 -0.0001555554
 -0.0004709344
 -0.0001182307
 -0.0000940559
 -0.0001189434
 -0.0003201387
 -0.0001293047
 -0.0001078838
 -0.0001305502
 -0.0000961510
 -0.0001293298
 -0.0000910952
 -0.0001288343
 -0.0001427173
 -0.0001146118
 -0.0001559908
 -0.0001316915
 -0.0000867680
 -0.0000731495
 -0.0001244636
 -0.0001304336
 -0.0000694254
 -0.0000253238
  0.0000224141
 -0.0000330099
 -0.0000129381
 -0.0000474335
 -0.0000335592
 -0.0000361182
 -0.0000266561
 -0.0000490984
 -0.0000522223
 -0.0000506476
  0.0000228106
 -0.0000482776
 -0.0000577745
 -0.0000388236
 -0.0000401682
 -0.0000466717
 -0.0000178615
 -0.0000574081
 -0.0000379795
 -0.0000385625
 -0.0000427737
  0.0000445251
  0.0000019582
 -0.0000548531
 -0.0000397585
 -0.0000591043
 -0.0001452814
 -0.0000433433
 -0.0000981068
 -0.0000470481
 -0.0000464935
 -0.0000555835
 -0.0000367680
 -0.0000146420
 -0.0000391154
  0.0000121959
 -0.0000288683
  0.0000373516
 -0.0000018113
 -0.0000284875
 -0.0000396520
 -0.0000442806
 -0.0000166247
 -0.0000058113
 -0.0000554178
 -0.0000357715
 -0.0000209729
 -0.0000430606
 -0.0000121015
 -0.0000063429
 -0.0000324352
 -0.0000371587
 -0.0000516624
 -0.0000086975
 -0.0000471379
 -0.0000077050
 -0.0000198462
 -0.0000384524
 -0.0000532749
 -0.0000205210
 -0.0000023036
 -0.0000484507
 -0.0000067530
 -0.0000500608
 -0.0000393012
 -0.0000556576
  0.0001217592
 -0.0000395409
 -0.0000053326
 -0.0000328594
 -0.0000520424
 -0.0000594211
 -0.0000320134
  0.0001995410
 -0.0001002132
 -0.0000359667
  0.0000023396
 -0.0000318684
 -0.0000604592
 -0.0001367856
 -0.0000239625
 -0.0000070435
  0.0002005290
 -0.0000240169
 -0.0000012309
 -0.0000640511
 -0.0000151407
 -0.0000166355
  0.0000884343
  0.0001850296
  0.0000602198
  0.0000956046
 -0.0000999196
 -0.0000831553
 -0.0003548896
 -0.0001060885
 -0.0003838376
 -0.0000954587
 -0.0001105059
 -0.0000796750
 -0.0001214841
 -0.0000990780
 -0.0001077651
 -0.0001082724
 -0.0000871551
 -0.0003846348
 -0.0000822820
 -0.0001192543
 -0.0001191894
 -0.0000567332
 -0.0000699881
 -0.0000882238
 -0.0000331532
 -0.0000897585
 -0.0000836488
  0.0000127137
 -0.0000854996
 -0.0000313475
  0.0000051656
 -0.0000009675
 -0.0000462574
 -0.0000447462
 -0.0000292735
 -0.0000925460
 -0.0000682156
 -0.0000061030
 -0.0000765120
 -0.0000109948
 -0.0000066594
 -0.0000045520
 -0.0000642692
 -0.0000226913
  0.0000220125
 -0.0000216814
 -0.0000070063
 -0.0000913988
 -0.0000964638
 -0.0000752404
  0.0000225342
 -0.0000323281
 -0.0000108672
  0.0000113765
  0.0000051587
 -0.0000840075
  0.0000334514
  0.0000765502
  0.0000256405
  0.0000468655
  0.0000558284
  0.0000557615
  0.0000932946
  0.0000585806
 -0.0000395829
 -0.0000047022
  0.0000366880
  0.0000704779
  0.0000235721
  0.0000005805
  0.0001029563
 -0.0000846475
 -0.0000741281
 -0.0000970662
 -0.0001044394
 -0.0001035844
 -0.0000575491
 -0.0000979472
 -0.0000896111
 -0.0000877280
 -0.0000635332
 -0.0001175385
 -0.0001094352
 -0.0000547645
 -0.0001073470
  0.0000143590
 -0.0000966584
 -0.0001017045
 -0.0000335575
 -0.0001007760
 -0.0000186083
  0.0000100606
  0.0004079253
 -0.0000676427
 -0.0000096596
 -0.0001058468
 -0.0001126094
 -0.0000706959
  0.0008338693
 -0.0000560736
  0.0000119466
  0.0000838016
 -0.0000029423
 -0.0000885169
 -0.0002182516
 -0.0000794445
  0.0000163318
 -0.0000583391
 -0.0001067679
  0.0000227825
  0.0000111048
 -0.0000883048
 -0.0001008918
  0.0000742572
 -0.0000246469
 -0.0000072210
 -0.0000723635
 -0.0001196027
 -0.0000076510
 -0.0000002819
  0.0000208604
  0.0000085780
 -0.0000081820
  0.0000987508
 -0.0000382103
  0.0000366724
  0.0000020009
 -0.0000152768
 -0.0000498382
 -0.0000076964
 -0.0001171510
  0.0000527793
  0.0000094499
 -0.0000330552
  0.0001133947
  0.0000135772
  0.0000026251
 -0.0000120500
  0.0000234142
 -0.0001203465
 -0.0000292966
 -0.0001351755
  0.0000320774
 -0.0000864319
 -0.0001286114
 -0.0000895089
  0.0000319197
 -0.0001075014
 -0.0000818057
  0.0000498413
  0.0000025074
 -0.0000931844
 -0.0000790633
 -0.0000774059
 -0.0001134930
 -0.0001036072
 -0.0000429826
 -0.0000962676
 -0.0000069676
 -0.0000464428
 -0.0000849220
 -0.0001023085
 -0.0000441066
 -0.0000110084
 -0.0000727128
 -0.0000239051
 -0.0001304811
 -0.0001414399
 -0.0000989968
 -0.0000156023
 -0.0000741658
 -0.0000833488
 -0.0000141168
 -0.0000287415
  0.0000136862
 -0.0001028885
  0.0000013477
  0.0000759309
  0.0000398592
  0.0000436044
  0.0000645620
 -0.0000012297
  0.0000651851
  0.0000761104
 -0.0000002753
  0.0000123755
  0.0000312504
  0.0000270570
  0.0000095154
  0.0000114303
  0.0000757037
 -0.0000959388
  0.0000860099
  0.0000815674
  0.0000516913
  0.0000348954
 -0.0000863635
  0.0000943929
 -0.0001025281
  0.0000960743
  0.0000928358
  0.0000071174
 -0.0000805685
  0.0001147730
  0.0000877063
  0.0001019858
  0.0000983134
 -0.0000651006
  0.0001209313
 -0.0001313437
 -0.0000137562
  0.0002092346
  0.0000969787
  0.0001254149
  0.0000818552
  0.0001065114
 -0.0000098795
 -0.0001084692
  0.0000995367
 -0.0000723999
 -0.0000350725
  0.0000116330
  0.0000267624
  0.0000458580
 -0.0000839054
 -0.0000519325
  0.0000974425
  0.0000781986
  0.0000988891
 -0.0001118764
 -0.0001141757
  0.0001432185
  0.0001155597
  0.0001051788
  0.0000947406
 -0.0001269119
 -0.0001502932
  0.0000490792
  0.0000865272
  0.0004439065
  0.0004471930
  0.0004142368
  0.0000355107
  0.0004097673
  0.0002301358
  0.0002629713
  0.0002525539
  0.0002952898
 -0.0000916142
 -0.0000981062
  0.0002295346
  0.0002396583
  0.0002339721
  0.0002322080
 -0.0000881205
 -0.0000999924
 -0.0000998058
  0.0002496051
 -0.0001098336
  0.0002500728
  0.0002552962
  0.0002444421
  0.0002602488
 -0.0000666038
 -0.0001017699
 -0.0000357648
 -0.0000633271
 -0.0000681362
 -0.0001107993
 -0.0000521107
 -0.0001284995
 -0.0001108382
 -0.0001084513
 -0.0000421939
 -0.0001294465
 -0.0001272935
 -0.0001152370
 -0.0000494205
 -0.0001275566
 -0.0001258946
 -0.0001107394
 -0.0000693754
 -0.0001234520
 -0.0000496904
 -0.0000998081
 -0.0001103707
 -0.0000579500
 -0.0000948581
 -0.0000541550
 -0.0000620830
 -0.0001266829
 -0.0001127880
 -0.0000739523
  0.0002107620
 -0.0001229721
  0.0002310293
 -0.0001197789
 -0.0001226614
 -0.0001194749
 -0.0000347432
 -0.0000847735
 -0.0000348602
 -0.0000279062
 -0.0000939314
 -0.0000649284
 -0.0000587072
 -0.0000627266
  0.0000556355
  0.0000391281
 -0.0000233257
 -0.0000569688
  0.0000213224
 -0.0000147744
 -0.0000809064
 -0.0001097300
 -0.0002217784
 -0.0002171735
 -0.0001630294
 -0.0001529805
 -0.0001270571
 -0.0001743947
 -0.0001152705
 -0.0001626635
 -0.0002352720
 -0.0001569829
 -0.0001400947
 -0.0002428755
 -0.0001834843
 -0.0002782379
 -0.0001733427
 -0.0001226873
 -0.0002672242
 -0.0006316645
 -0.0001499116
 -0.0003730802
 -0.0002343541
 -0.0003246341
 -0.0001495575
 -0.0001508918
 -0.0002618076
 -0.0006356264
 -0.0000990672
 -0.0004512565
 -0.0001363443
 -0.0008392696
 -0.0002118781
 -0.0004990453
 -0.0002509947
 -0.0004207805
 -0.0003261841
 -0.0003848317
 -0.0002092558
 -0.0001226005
 -0.0004360864
 -0.0003653545
  0.0001294244
 -0.0000352868
 -0.0000168952
 -0.0001198269
  0.0000486655
 -0.0001249496
  0.0000332555
  0.0000337152
 -0.0000719337
  0.0000876971
  0.0000002313
 -0.0000333163
  0.0000696827
  0.0001667746
 -0.0001023929
 -0.0000069175
  0.0000008532
 -0.0000369244
 -0.0000288089
 -0.0000038923
  0.0000716255
  0.0001122080
  0.0001162261
  0.0000003049
 -0.0001366295
  0.0000128704
 -0.0001120616
 -0.0001325389
 -0.0000301650
  0.0000084415
 -0.0001218509
  0.0000235273
  0.0001174944
 -0.0001123605
 -0.0000886307
 -0.0000083225
 -0.0001012171
  0.0000111921
 -0.0000161842
 -0.0000885374
  0.0000913893
  0.0000096995
  0.0000152392
  0.0000135726
 -0.0001243401
 -0.0000137421
  0.0000148228
 -0.0000719179
  0.0001357313
  0.0000137444
 -0.0000276616
 -0.0000639635
  0.0000044394
  0.0001226535
 -0.0000452491
 -0.0001059126
 -0.0001334789
  0.0000091270
 -0.0000011535
  0.0000539143
  0.0000126122
  0.0000020707
 -0.0000112390
 -0.0000234672
  0.0000172799
 -0.0000025297
 -0.0000176634
  0.0000018012
 -0.0000031981
 -0.0000312110
 -0.0000254709
 -0.0000003801
  0.0000012912
  0.0000072234
 -0.0000023178
  0.0000070432
 -0.0000001889
  0.0000114567
 -0.0000036805
  0.0000153921
  0.0000198963
 -0.0000001214
  0.0000074080
 -0.0000006409
 -0.0000360571
  0.0000091326
 -0.0000008300
  0.0000236096
 -0.0000007097
  0.0000030152
 -0.0000354522
  0.0000063895
  0.0000079807
 -0.0000009575
  0.0000075081
  0.0000032289
  0.0000016693
  0.0000021331
  0.0000280985
  0.0000040547
  0.0000421560
 -0.0000152901
 -0.0000300482
  0.0001125966
 -0.0000004777
  0.0000071670
  0.0000004220
  0.0000175895
 -0.0000263155
 -0.0000084318
 -0.0000161851
  0.0000347379
  0.0000281314
  0.0000081421
  0.0000271593
 -0.0000060746
 -0.0000612969
 -0.0000340888
 -0.0000194736
 -0.0000057456
  0.0000049625
  0.0000759491
 -0.0000311436
  0.0000151494
  0.0000306645
 -0.0000454721
  0.0000066327
  0.0000095141
  0.0000357181
  0.0000428565
  0.0000596124
 -0.0000103147
  0.0001508058
 -0.0000396399
  0.0000403356
  0.0001399880
 -0.0000146501
 -0.0001585363
 -0.0001405149
 -0.0000085660
  0.0000480581
 -0.0000505703
  0.0000397591
 -0.0000248799
 -0.0000473189
  0.0000368979
  0.0000622144
 -0.0000101507
 -0.0000458127
 -0.0001121930
 -0.0000054463
 -0.0000450591
  0.0000249518
 -0.0000389540
 -0.0000802021
  0.0000408206
 -0.0000061197
 -0.0000419988
  0.0000072087
  0.0001430031
 -0.0001817030
 -0.0000505302
  0.0001565899
 -0.0001138330
 -0.0000805326
  0.0000750335
 -0.0000040728
 -0.0000242656
 -0.0001030909
 -0.0000010985
 -0.0000406170
  0.0000293581
 -0.0001545036
 -0.0000026245
  0.0000019757
 -0.0000153286
 -0.0000876396
 -0.0000210585
 -0.0000208864
 -0.0000528333
  0.0000072393
  0.0000018529
 -0.0001395144
  0.0000735160
 -0.0000114630
 -0.0000306693
  0.0000871285
  0.0001431384
  0.0000527684
 -0.0000208789
 -0.0000126478
  0.0000236126
  0.0000203822
 -0.0000000221
 -0.0000186789
 -0.0000402951
 -0.0000173760
  0.0000061075
  0.0000142248
  0.0000006286
  0.0000051910
 -0.0000018072
 -0.0000032595
 -0.0000166428
  0.0000012731
  0.0000058648
 -0.0000380278
 -0.0000121916
 -0.0000053921
 -0.0000139929
  0.0000037164
 -0.0000146154
 -0.0000093817
 -0.0000270273
 -0.0000060477
 -0.0000097835
  0.0000066859
 -0.0000480769
  0.0000032721
  0.0000043493
 -0.0000396824
 -0.0000165351
 -0.0000247958
  0.0000181041
  0.0000546627
 -0.0000475067
  0.0000486432
 -0.0000053266
 -0.0000365950
  0.0001005526
 -0.0000299992
 -0.0000041403
 -0.0000554229
 -0.0000128498
 -0.0000501900
 -0.0000099540
 -0.0000304777
  0.0000920134
  0.0000663521
 -0.0000051809
  0.0001079326
 -0.0000189544
 -0.0000318971
  0.0000006704
 -0.0000393895
  0.0000087273
 -0.0000080436
 -0.0000021535
 -0.0000147671
  0.0000064988
 -0.0000183637
 -0.0000464843
 -0.0000144699
 -0.0000234725
 -0.0000002698
  0.0000324214
  0.0000266758
 -0.0000331850
  0.0000448961
  0.0000175774
 -0.0001787209
 -0.0000125176
  0.0000881269
 -0.0000602185
 -0.0002126779
  0.0000238660
 -0.0000123364
  0.0000484114
 -0.0000988549
  0.0000855018
 -0.0001427905
  0.0000046944
 -0.0001948220
 -0.0000738648
  0.0000031640
 -0.0000691200
 -0.0000096547
 -0.0002098894
  0.0000361018
 -0.0001551195
 -0.0000505380
  0.0002212799
 -0.0000458434
 -0.0000572233
 -0.0002457093
  0.0000152989
 -0.0000067137
 -0.0000382921
 -0.0000343637
  0.0000418742
 -0.0000929611
 -0.0000824583
  0.0000016421
 -0.0000180190
 -0.0000221160
  0.0000055002
  0.0000339240
  0.0000341378
 -0.0000228931
 -0.0000292894
  0.0000105211
 -0.0001320508
 -0.0000184646
 -0.0000060582
  0.0000107418
  0.0000268556
 -0.0000263998
 -0.0000165685
  0.0000174102
 -0.0000018169
  0.0000276445
  0.0000396566
 -0.0000763002
 -0.0001269265
  0.0000034337
 -0.0000018916
  0.0000228599
 -0.0000494123
 -0.0000160972
 -0.0000740257
 -0.0000097428
 -0.0000073983
 -0.0000065002
 -0.0000079025
 -0.0000411972
 -0.0000243398
 -0.0000451883
 -0.0000015425
  0.0000134017
 -0.0000196852
 -0.0000438006
 -0.0000288901
 -0.0000499736
 -0.0000268377
 -0.0000257318
 -0.0000444495
 -0.0000403940
  0.0000159383
 -0.0000033099
 -0.0000036672
  0.0000010164
 -0.0000058257
 -0.0000246635
  0.0000080155
  0.0000142945
  0.0000021363
  0.0000146940
  0.0000004128
 -0.0000235358
 -0.0000125551
 -0.0000213532
  0.0000103185
  0.0000165258
  0.0000117934
 -0.0000293731
 -0.0000316887
  0.0000498503
 -0.0000134152
  0.0000833372
 -0.0000040986
  0.0000072945
  0.0000091775
 -0.0000245278
 -0.0000248116
 -0.0000406917
 -0.0001594688
 -0.0000291295
  0.0000390702
  0.0000149615
  0.0000349423
 -0.0000286697
 -0.0000443088
 -0.0000224565
 -0.0000080697
  0.0000081692
 -0.0000264183
  0.0000037436
  0.0001653870
  0.0000162005
  0.0000166148
  0.0000490734
  0.0000145307
 -0.0000186536
  0.0000486529
 -0.0000046479
  0.0000391551
  0.0000367944
  0.0001057523
 -0.0000761095
  0.0000302043
  0.0000541595
 -0.0000095695
  0.0001363382
  0.0000456048
 -0.0000707495
  0.0001376436
  0.0000555571
 -0.0000236683
  0.0000462979
 -0.0000298677
 -0.0000431434
  0.0000062936
 -0.0000982230
  0.0000060410
 -0.0000703228
 -0.0000191560
  0.0000938170
 -0.0000324101
  0.0000641861
 -0.0000219515
  0.0000400863
 -0.0000960148
 -0.0000442666
 -0.0000420931
 -0.0000580775
 -0.0000610749
 -0.0000362860
 -0.0000513819
 -0.0000841323
 -0.0000086354
 -0.0000121429
  0.0000229166
  0.0000270711
  0.0000341584
  0.0000241015
  0.0000260657
 -0.0000744218
  0.0000110965
  0.0000610669
 -0.0000519064
  0.0001080398
 -0.0000299326
  0.0000081443
  0.0000385931
 -0.0000951808
  0.0000705026
  0.0000216783
  0.0000133189
 -0.0000175986
 -0.0000941002
 -0.0000009213
 -0.0000382422
  0.0001175034
 -0.0000295132
 -0.0000283088
 -0.0000345688
 -0.0000006521
  0.0000385765
 -0.0000660284
 -0.0000490459
  0.0000217259
  0.0000397935
  0.0000103464
 -0.0000060592
 -0.0000092853
 -0.0000064154
 -0.0000033168
  0.0000063657
 -0.0000064470
  0.0000081394
 -0.0000127811
 -0.0000358352
  0.0000347450
 -0.0000325041
  0.0000034570
 -0.0000046263
  0.0000062322
  0.0000134487
  0.0000305912
 -0.0000093585
 -0.0000159362
  0.0000134731
  0.0000370448
 -0.0000167813
 -0.0000076262
 -0.0000124802
  0.0000410993
 -0.0000117240
  0.0000165337
 -0.0000477540
 -0.0000381437
  0.0000883604
 -0.0000045031
  0.0000167102
 -0.0000105845
 -0.0000360064
 -0.0000149774
  0.0000648128
 -0.0000296970
 -0.0000972120
  0.0000243301
  0.0000130017
 -0.0000603765
 -0.0000772257
 -0.0000814192
 -0.0000186434
 -0.0000297347
  0.0000064627
  0.0000077658
 -0.0000289490
  0.0000040197
  0.0000155640
  0.0001022173
 -0.0000635765
 -0.0000198915
  0.0000629780
 -0.0000077369
  0.0000213800
  0.0000596400
 -0.0000174314
 -0.0001675441
  0.0001985797
 -0.0001524447
 -0.0000321501
  0.0001632837
 -0.0000090287
 -0.0000265633
 -0.0000426048
 -0.0000424525
 -0.0000055760
 -0.0000405864
 -0.0000221249
 -0.0000293617
 -0.0000366239
 -0.0000073660
 -0.0000667706
 -0.0000081475
 -0.0000403566
 -0.0000420116
 -0.0000118535
 -0.0000124795
 -0.0000033016
  0.0000000983
 -0.0000078751
 -0.0000146693
  0.0000042086
 -0.0000125114
 -0.0000133796
 -0.0000194937
  0.0000012623
  0.0000056789
  0.0000008856
 -0.0000204206
 -0.0000006981
 -0.0000017707
 -0.0000226246
 -0.0000119209
  0.0000040353
 -0.0000234493
 -0.0000266278
 -0.0000057765
 -0.0000155824
 -0.0000159260
 -0.0000091921
 -0.0000151390
 -0.0000012248
 -0.0000047999
 -0.0000189885
  0.0000062208
 -0.0000060410
 -0.0000150642
 -0.0000041112
 -0.0001584285
 -0.0001166173
 -0.0001583337
 -0.0001523033
 -0.0000955038
 -0.0000654763
 -0.0001436195
 -0.0001507901
 -0.0001267753
 -0.0001344250
 -0.0001524338
 -0.0001386081
 -0.0001291245
 -0.0001663641
 -0.0001335204
 -0.0000035517
  0.0000247685
  0.0000257544
  0.0000094179
  0.0000078801
  0.0000039608
  0.0000155893
 -0.0000020292
  0.0000018299
  0.0000364199
  0.0000112137
  0.0000188548
  0.0000473987
  0.0000046650
  0.0000818290
  0.0000265102
  0.0000099622
  0.0000662271
  0.0001753296
  0.0000130059
  0.0001546276
 -0.0002602067
  0.0004513442
  0.0000626392
  0.0000834005
  0.0000111048
  0.0000274712
  0.0001085538
 -0.0000024454
  0.0002906452
 -0.0000115792
  0.0000698222
  0.0000652983
  0.0001036616
  0.0002784980
  0.0001320800
  0.0001490968
  0.0000333192
 -0.0000007700
 -0.0001893517
  0.0005825370
  0.0001364880
  0.0002697721
  0.0000522056
  0.0000021224
  0.0000691191
 -0.0001115020
 -0.0000604914
  0.0000308445
  0.0000422727
 -0.0000462523
 -0.0000648316
 -0.0000292208
  0.0000674754
 -0.0000312840
 -0.0000177092
 -0.0000282760
  0.0000204316
 -0.0000496203
  0.0000579425
 -0.0000113319
  0.0000381286
 -0.0000739552
  0.0001128239
  0.0000084078
 -0.0000481036
  0.0000165911
 -0.0000488412
  0.0000506510
 -0.0000110014
  0.0000670793
 -0.0000565834
 -0.0000536115
 -0.0000236484
 -0.0000196736
  0.0000838017
 -0.0001486767
 -0.0000040718
 -0.0000022400
 -0.0000651888
  0.0001147436
  0.0001020248
 -0.0001963243
 -0.0000099024
 -0.0000454948
 -0.0002045567
 -0.0000687513
 -0.0000810793
 -0.0000447955
 -0.0000402790
  0.0000353978
 -0.0000299127
 -0.0000698347
  0.0000682783
 -0.0000759654
  0.0000830808
 -0.0000444865
 -0.0000945327
  0.0000814775
 -0.0000699662
  0.0000370801
  0.0000486101
  0.0001097674
  0.0000531401
  0.0000636880
 -0.0000718363
  0.0000506986
  0.0000145204
 -0.0000422907
 -0.0000726051
 -0.0001986660
  0.0000661337
  0.0000080168
 -0.0000060686
 -0.0000003633
  0.0000007688
  0.0000153997
  0.0000267727
  0.0000525744
  0.0000021989
 -0.0000002046
 -0.0000008924
 -0.0000039692
  0.0000220399
 -0.0000037332
 -0.0000153864
 -0.0000227722
  0.0000206251
 -0.0000062880
 -0.0000033721
  0.0000173663
  0.0000062813
  0.0000699390
 -0.0000064069
  0.0000207573
 -0.0000055188
 -0.0000028977
 -0.0000055526
  0.0000030638
  0.0000154918
 -0.0000087716
 -0.0000094430
  0.0000054160
 -0.0000061278
  0.0000217738
 -0.0000147152
 -0.0000178228
  0.0000051820
 -0.0000016193
 -0.0000273437
  0.0001324033
 -0.0000056511
  0.0000079564
 -0.0000313684
  0.0000356782
  0.0000170540
 -0.0001037155
 -0.0000345110
 -0.0000264426
 -0.0000188721
  0.0000462383
 -0.0001588940
 -0.0000393420
 -0.0000727951
  0.0000347775
 -0.0000291113
 -0.0000046012
  0.0000471575
  0.0000432222
 -0.0000109757
  0.0000166465
  0.0000479485
 -0.0000145847
  0.0000034487
  0.0000503513
 -0.0000041143
  0.0000051694
  0.0000732514
 -0.0000318515
  0.0000512043
 -0.0000406168
  0.0000921321
 -0.0000395546
 -0.0000177253
  0.0000040012
 -0.0000270189
  0.0000410449
 -0.0000484339
  0.0000441771
  0.0001357748
  0.0000101114
 -0.0000925797
 -0.0000876343
 -0.0000631647
  0.0000512433
 -0.0000377164
 -0.0000221736
 -0.0000510803
 -0.0000013338
  0.0000143271
 -0.0000888277
  0.0000660393
  0.0001101943
 -0.0000244847
 -0.0000569938
 -0.0000470401
 -0.0000567068
 -0.0000375044
  0.0001049354
  0.0000048270
 -0.0000608689
 -0.0000210626
 -0.0001375412
 -0.0000703095
 -0.0000287820
  0.0000226672
  0.0000725378
  0.0000234489
  0.0000220245
  0.0000505182
 -0.0001572992
  0.0000228015
 -0.0000081268
  0.0000154965
  0.0001629800
  0.0000046020
 -0.0000217428
  0.0000427175
 -0.0001232031
  0.0000033188
  0.0000021835
  0.0000265148
  0.0000013030
 -0.0001401898
  0.0000342199
 -0.0000592256
  0.0001270126
 -0.0000020985
 -0.0000063949
 -0.0000261080
  0.0000278389
 -0.0000441427
 -0.0000076887
  0.0000099560
 -0.0000279880
 -0.0000057642
  0.0000012793
  0.0000047176
 -0.0000020809
 -0.0000094686
  0.0000034511
  0.0000065726
  0.0000037762
  0.0000072087
 -0.0000220028
  0.0000023114
 -0.0000018732
 -0.0000033660
 -0.0000077786
  0.0000153985
 -0.0000013308
  0.0000110881
  0.0000070904
  0.0000048097
 -0.0000021166
 -0.0000112684
 -0.0000228011
  0.0000020267
  0.0000004516
  0.0000087168
 -0.0000174913
 -0.0000160459
  0.0000333321
 -0.0000033971
  0.0000113591
 -0.0000083316
 -0.0000705274
  0.0000967277
  0.0000281217
  0.0000066563
 -0.0000438256
  0.0000131424
  0.0000060642
  0.0000453326
 -0.0000223894
 -0.0000461324
  0.0000050493
  0.0000134300
 -0.0000703299
 -0.0000241586
 -0.0000752867
 -0.0000260233
 -0.0000298194
 -0.0000096310
 -0.0000236159
  0.0000413581
 -0.0000208788
 -0.0000052109
  0.0000594034
  0.0000050093
  0.0000002657
 -0.0000277378
 -0.0000020359
  0.0000132489
  0.0000627514
 -0.0000254837
  0.0000524147
  0.0000194524
 -0.0000001473
 -0.0000208271
  0.0000437257
  0.0001139202
  0.0000004769
 -0.0000146830
 -0.0000694346
 -0.0000346327
 -0.0001045710
  0.0000008431
 -0.0000446344
  0.0000347366
 -0.0000311390
 -0.0000753164
  0.0000411072
 -0.0001074354
 -0.0001799398
  0.0000316414
  0.0000093870
  0.0001042638
  0.0000497659
 -0.0001272346
  0.0001440787
 -0.0001779372
 -0.0000018707
  0.0000160140
  0.0000587453
  0.0000199895
 -0.0000164176
  0.0000365898
 -0.0001600190
  0.0000329404
  0.0000015504
  0.0000638288
 -0.0000188468
 -0.0000226431
 -0.0000027860
 -0.0000190030
  0.0000565678
 -0.0000079936
 -0.0000197357
  0.0000493105
 -0.0000280852
  0.0000055052
 -0.0000630082
  0.0000279062
  0.0000107170
 -0.0000068641
  0.0000374411
 -0.0000215225
  0.0000296970
 -0.0000313517
 -0.0000014519
  0.0000476371
  0.0000190754
 -0.0000180233
 -0.0000066658
 -0.0000386777
  0.0000258212
 -0.0000535602
  0.0000008505
 -0.0000197853
 -0.0000565578
 -0.0000141627
  0.0000489626
  0.0000075361
 -0.0000128905
 -0.0000045522
 -0.0000069115
  0.0000209700
  0.0000001939
 -0.0000001402
  0.0000020074
 -0.0000201608
  0.0000037669
 -0.0000127769
 -0.0000052961
 -0.0000169415
  0.0000117789
  0.0000075691
 -0.0000052595
 -0.0000012170
 -0.0000253785
 -0.0000112671
 -0.0000248752
 -0.0000052758
  0.0000099366
  0.0000036246
 -0.0000270662
 -0.0000035900
 -0.0000020059
 -0.0000186359
  0.0000073446
 -0.0000185538
  0.0000010007
  0.0000257618
 -0.0000395707
  0.0000371250
 -0.0000094895
  0.0000879771
  0.0000131438
  0.0000045494
 -0.0000239171
 -0.0000476107
 -0.0000307389
  0.0000317274
 -0.0000257608
  0.0000095416
  0.0000503721
  0.0000657363
 -0.0000360862
 -0.0000840569
 -0.0000467403
 -0.0000118704
 -0.0000360871
  0.0000041470
 -0.0000237713
  0.0000391461
  0.0000037352
  0.0000121991
  0.0000927751
 -0.0000292011
 -0.0000093049
  0.0000390066
 -0.0000078330
  0.0000243078
  0.0000419928
 -0.0000291715
  0.0001733686
  0.0000341617
 -0.0000299237
 -0.0000172167
  0.0000269157
 -0.0000413196
  0.0000577603
 -0.0001235420
  0.0000636573
  0.0000228836
  0.0000520858
 -0.0001255397
  0.0000850162
 -0.0000438007
 -0.0000453909
  0.0000021258
  0.0000086196
 -0.0000089920
 -0.0000215842
 -0.0000200266
 -0.0000242468
 -0.0001202348
  0.0000490676
  0.0000791821
 -0.0001418428
  0.0000505660
 -0.0000460721
 -0.0000225048
 -0.0000047016
  0.0000685213
  0.0000147959
  0.0000711900
 -0.0000420836
 -0.0001495680
 -0.0000811371
  0.0000073266
 -0.0000435828
  0.0000796021
 -0.0001187848
 -0.0000258053
 -0.0001116207
 -0.0000320626
  0.0000965814
  0.0000065869
 -0.0000216654
  0.0001015605
 -0.0001206375
  0.0000051043
  0.0000142350
  0.0000072687
  0.0001374446
 -0.0000242260
 -0.0000056682
  0.0000551093
 -0.0000518512
  0.0000102875
 -0.0000541649
  0.0000592410
 -0.0000069066
 -0.0000952176
  0.0000754159
 -0.0000357999
  0.0000070618
 -0.0000011005
 -0.0000094815
 -0.0000209805
  0.0000264632
  0.0000058888
 -0.0000171887
 -0.0000422185
 -0.0000021899
 -0.0000148539
 -0.0000019331
  0.0000191817
  0.0000052493
  0.0000188033
  0.0000014118
 -0.0000101866
  0.0000001124
 -0.0000205931
 -0.0000083983
  0.0000031722
 -0.0000014916
 -0.0000059776
  0.0000067672
  0.0000076314
 -0.0000051110
  0.0000094185
 -0.0000086260
 -0.0000019163
 -0.0000300361
 -0.0000043175
 -0.0000048192
 -0.0000500247
 -0.0000026309
  0.0000195256
  0.0000056624
  0.0000086820
 -0.0000266455
  0.0000138004
  0.0000068064
 -0.0000274940
  0.0001162584
 -0.0000074249
 -0.0000047723
  0.0000044128
  0.0000024191
  0.0000038773
  0.0000365504
 -0.0000345688
  0.0000770012
  0.0000257937
  0.0000008453
  0.0001069829
 -0.0000134186
 -0.0000721583
 -0.0000014489
 -0.0000291247
  0.0000043836
  0.0000016997
  0.0000190556
 -0.0000070279
  0.0000022567
  0.0000049724
 -0.0000506607
 -0.0000002703
 -0.0000082555
 -0.0000068398
  0.0000287270
  0.0000479625
 -0.0000291121
 -0.0000127206
 -0.0000363276
  0.0000530285
 -0.0000018812
  0.0000978306
  0.0000325346
 -0.0000288634
  0.0000012980
  0.0000866575
  0.0000205306
  0.0000237562
  0.0001094221
 -0.0000245396
  0.0000117316
  0.0001025783
 -0.0000661474
 -0.0000112775
 -0.0000551853
  0.0000168623
 -0.0000129058
  0.0000136636
  0.0000607852
 -0.0000497141
  0.0000171447
  0.0000075218
 -0.0000086246
 -0.0000617856
 -0.0000025572
  0.0000093637
 -0.0000314552
  0.0000194508
 -0.0000107037
 -0.0001234391
 -0.0000006257
 -0.0000020254
  0.0000165556
  0.0000298528
  0.0000301604
 -0.0001184931
  0.0000145355
  0.0000454198
 -0.0001505151
 -0.0001239946
  0.0000035749
  0.0000251053
  0.0000329583
 -0.0000670155
  0.0000078837
  0.0000258312
  0.0000124177
 -0.0001035365
  0.0000058534
  0.0000865982
 -0.0000026654
 -0.0000365324
 -0.0000272308
  0.0000473117
 -0.0000575801
  0.0000201550
  0.0000089680
  0.0000104130
 -0.0000204545
  0.0000408245
 -0.0000047219
  0.0000803363
 -0.0000074632
 -0.0001115144
 -0.0000009762
 -0.0000085000
  0.0000078346
  0.0000022232
 -0.0000151211
  0.0000139369
  0.0000165824
 -0.0000527678
 -0.0000078805
 -0.0000100609
 -0.0000018423
  0.0000140759
 -0.0000093827
 -0.0000156780
  0.0000035805
 -0.0000200615
 -0.0000504112
  0.0000060177
  0.0000076009
  0.0000499824
  0.0000924692
  0.0000213863
 -0.0000163818
 -0.0000571554
 -0.0000162207
  0.0000043560
  0.0000716386
 -0.0000303025
 -0.0000081848
  0.0000035570
 -0.0000272546
 -0.0000153734
 -0.0000127148
 -0.0000211821
  0.0001228067
  0.0000406523
 -0.0000866962
 -0.0000264554
 -0.0000761328
  0.0001129378
  0.0000057533
 -0.0000178427
  0.0000471464
 -0.0000659557
  0.0000097677
 -0.0000158509
 -0.0000575416
 -0.0001334036
  0.0000688016
  0.0000130073
 -0.0000935357
  0.0000046120
 -0.0001696986
  0.0000076690
 -0.0000351977
  0.0000119311
 -0.0000695161
  0.0001382807
  0.0000173861
 -0.0000041392
  0.0000172985
 -0.0002479047
 -0.0000030748
 -0.0000421962
  0.0000882898
  0.0000338423
  0.0000705202
 -0.0000076172
  0.0000670521
  0.0000195948
  0.0000476766
 -0.0001101119
  0.0000423648
 -0.0001510995
  0.0000334656
  0.0001035618
 -0.0000759148
 -0.0000144435
 -0.0000033622
 -0.0000315426
  0.0001206068
  0.0001222419
  0.0000401196
  0.0000519156
 -0.0000338029
  0.0000600076
  0.0000058922
  0.0000857046
  0.0001489821
  0.0000543110
 -0.0000023676
  0.0000174144
  0.0000443339
 -0.0001009782
 -0.0001776778
  0.0000694846
 -0.0001084848
  0.0000042986
 -0.0000327575
 -0.0001004029
 -0.0000621448
  0.0000355197
 -0.0001510201
  0.0000023380
  0.0000448592
  0.0000865068
 -0.0000824379
  0.0000005956
  0.0000020273
  0.0000146639
 -0.0001496289
  0.0000204269
  0.0000124715
  0.0000925955
  0.0000154410
  0.0000041424
 -0.0001530390
  0.0000532974
  0.0000297410
 -0.0000080261
  0.0000683068
 -0.0000956126
 -0.0001388292
  0.0000165055
  0.0000284213
  0.0000198099
  0.0000055850
  0.0000439423
  0.0000220371
  0.0000227750
  0.0000154139
  0.0000118062
  0.0000354799
  0.0000088192
  0.0000104420
  0.0000294783
  0.0000315861
 -0.0000377106
  0.0000174022
  0.0000062335
  0.0000106970
  0.0000185549
  0.0000262383
 -0.0000026066
  0.0000054180
 -0.0000024425
  0.0000128760
  0.0000143945
  0.0000172572
  0.0000220382
  0.0000493526
  0.0000195740
  0.0000039278
  0.0000120365
  0.0000059521
  0.0000168181
  0.0000517312
 -0.0000020080
  0.0000316038
  0.0000128353
  0.0000503212
  0.0000134986
  0.0000194471
  0.0000312379
  0.0000357983
  0.0000056749
  0.0000831140
  0.0000172049
  0.0001549815
  0.0000080953
  0.0000305056
  0.0000268342
  0.0000181429
  0.0000545561
 -0.0002038108
  0.0000276239
  0.0000716739
  0.0000004242
  0.0000109259
  0.0000953624
 -0.0000098827
 -0.0000747420
  0.0000390055
 -0.0000068447
  0.0000163559
  0.0000010931
 -0.0000478489
 -0.0000203743
  0.0000403487
  0.0000811607
 -0.0000277108
  0.0000163239
  0.0000082637
  0.0000482178
  0.0000941998
 -0.0000037311
  0.0000609033
  0.0000488475
 -0.0000646334
 -0.0000161517
 -0.0000595153
  0.0000097796
  0.0000250769
  0.0001026969
 -0.0000437810
  0.0000476724
  0.0000503874
 -0.0000412331
 -0.0000298730
 -0.0000343999
 -0.0000140611
  0.0000161884
  0.0000346977
 -0.0001076838
 -0.0000196854
 -0.0000306318
  0.0000176733
 -0.0000170106
 -0.0000494711
 -0.0000260753
 -0.0001116601
  0.0000213346
 -0.0001062948
 -0.0001149947
 -0.0000715264
  0.0001445518
  0.0000488069
 -0.0000729973
 -0.0000153166
 -0.0000516580
  0.0001868006
  0.0000080344
  0.0000258597
 -0.0000667424
  0.0000215656
  0.0000246026
  0.0000614555
 -0.0001125775
  0.0000168784
  0.0000081304
 -0.0000004318
  0.0000021588
  0.0000120641
 -0.0000202129
  0.0000375496
 -0.0000547688
  0.0000222552
 -0.0000970113
  0.0000354122
  0.0000020572
 -0.0000634174
  0.0000423958
  0.0001818410
  0.0000179921
 -0.0000177837
  0.0000048524
  0.0000048848
  0.0000233642
  0.0000258473
  0.0000037262
  0.0000113273
 -0.0000113515
 -0.0000140894
  0.0000044211
 -0.0000081884
  0.0000059857
 -0.0000115340
  0.0000048732
  0.0000039632
  0.0000142127
  0.0000034249
  0.0000119716
 -0.0000047323
 -0.0000217165
 -0.0000037284
  0.0000072946
 -0.0000049360
  0.0000035325
  0.0000018421
 -0.0000137456
 -0.0000012603
  0.0000143138
 -0.0000105564
 -0.0000318528
  0.0000137909
 -0.0000290314
  0.0000198325
  0.0000281931
 -0.0000090555
  0.0000381045
  0.0000004365
 -0.0000769357
  0.0001076268
 -0.0000122841
  0.0000020873
  0.0000153019
  0.0000198318
 -0.0000067968
  0.0000212948
 -0.0000357809
  0.0000002463
  0.0000495611
  0.0000162788
 -0.0000265350
 -0.0000248347
 -0.0000486595
 -0.0000528710
 -0.0000365831
 -0.0000038040
 -0.0000137472
  0.0000284604
  0.0000160641
  0.0000021533
  0.0000529025
 -0.0000398919
  0.0000017130
 -0.0000105114
 -0.0000060861
  0.0000301110
  0.0000624421
 -0.0000201544
  0.0000263328
 -0.0000836775
 -0.0000188870
 -0.0002207772
  0.0000029487
  0.0000592683
 -0.0000084239
 -0.0000347620
  0.0000279953
  0.0000219812
 -0.0000103561
  0.0000430056
 -0.0000936915
 -0.0000039701
 -0.0001030272
  0.0000025755
 -0.0001054898
  0.0000361826
  0.0000586574
 -0.0000259095
 -0.0000107937
  0.0001365258
  0.0000265330
 -0.0001111490
 -0.0001592419
 -0.0000685544
  0.0000358457
  0.0001165265
 -0.0000325691
 -0.0000342043
 -0.0000002946
  0.0000555382
  0.0000217402
 -0.0000009825
  0.0000095050
  0.0001024867
  0.0000178163
  0.0000145205
 -0.0000082446
 -0.0000796014
 -0.0000117383
 -0.0000037864
 -0.0000089176
  0.0001002222
  0.0000220124
  0.0000588384
 -0.0000100128
  0.0000011964
  0.0001005233
  0.0000149761
 -0.0000336206
 -0.0000872853
 -0.0000117397
 -0.0000042132
  0.0000162230
 -0.0000531297
  0.0000240246
 -0.0000129348
 -0.0000128617
 -0.0000139224
  0.0000019596
  0.0000098048
 -0.0000227607
 -0.0000088343
 -0.0000003215
  0.0000098575
  0.0000223533
 -0.0000290281
  0.0000224452
  0.0000165076
 -0.0000020814
 -0.0000219863
 -0.0000376620
 -0.0000117532
  0.0000006903
 -0.0000088851
  0.0000029491
  0.0000080961
  0.0000056010
 -0.0000094421
  0.0000031907
 -0.0000181378
  0.0000062499
  0.0000161435
  0.0000086779
  0.0000108467
  0.0000082244
 -0.0000038213
 -0.0000071425
  0.0000193201
  0.0000212097
  0.0000002546
  0.0000166844
  0.0000095853
  0.0000541351
  0.0000093185
  0.0000634969
  0.0000079137
  0.0001175334
 -0.0000050980
  0.0000116463
 -0.0000046948
  0.0000199539
 -0.0000050912
 -0.0000288350
 -0.0000172474
  0.0000915345
  0.0000222003
 -0.0000093515
  0.0001055885
 -0.0000243420
 -0.0000647992
  0.0000123583
 -0.0000261072
  0.0000221263
 -0.0000277986
  0.0000549938
 -0.0000474197
  0.0000266127
  0.0000489492
 -0.0000684777
  0.0000042129
 -0.0000002579
  0.0000114705
  0.0000431254
 -0.0000232676
  0.0003055126
  0.0002473035
  0.0002929760
  0.0002518384
  0.0002434633
  0.0002568274
  0.0003206820
  0.0002429577
  0.0002450030
  0.0002341654
  0.0002388105
  0.0002453875
  0.0002400551
  0.0002620000
  0.0002986121
  0.0002535611
  0.0002524767
  0.0002699180
  0.0002560099
  0.0002327371
  0.0002721014
  0.0000804428
  0.0001123801
  0.0000982887
  0.0000965038
  0.0000929457
  0.0000939110
  0.0000631603
  0.0000802807
  0.0000916618
  0.0000941759
  0.0000955088
  0.0001162035
  0.0000898399
  0.0000941503
  0.0000722584
  0.0000639135
  0.0000957899
  0.0000892257
  0.0000399132
  0.0001019382
  0.0000662690
  0.0000531330
  0.0001310546
  0.0001027068
  0.0000945820
  0.0000998853
  0.0000359304
  0.0002460822
  0.0000975701
  0.0002342834
  0.0000931447
  0.0000850627
  0.0000973103
 -0.0000452581
 -0.0000761332
 -0.0000542828
 -0.0000717052
 -0.0001372030
 -0.0001934655
 -0.0001023492
 -0.0000909769
  0.0000535682
  0.0000180656
 -0.0000783949
 -0.0001168283
  0.0000191277
 -0.0000154432
 -0.0000859962
  0.0001089131
  0.0001031324
  0.0001028103
  0.0001047535
  0.0001113665
  0.0000967566
  0.0001077751
  0.0001017232
  0.0001239575
  0.0001028279
  0.0001067194
  0.0001065836
  0.0001045241
  0.0000971907
  0.0001238187
  0.0001134560
  0.0001157572
  0.0001147520
 -0.0005188677
  0.0001100595
  0.0001259350
  0.0001026791
  0.0001048305
  0.0001101481
  0.0000987473
  0.0000644557
  0.0002378884
  0.0000827332
  0.0000308140
  0.0001116260
  0.0001061749
 -0.0004908094
  0.0001419771
 -0.0002619141
  0.0001044169
  0.0000896767
  0.0002370183
  0.0000911606
 -0.0000124948
  0.0000036799
 -0.0000121901
  0.0000049608
 -0.0000086608
  0.0000028040
  0.0000004184
  0.0000062567
  0.0000041760
  0.0000099666
 -0.0000007812
  0.0000004659
  0.0000025743
 -0.0000024645
  0.0000008116
  0.0000016498
 -0.0000018662
 -0.0000046193
  0.0000031162
  0.0000097394
  0.0000040868
  0.0000068127
 -0.0000009964
  0.0000023611
  0.0000004815
  0.0000052787
  0.0000061478
  0.0000025830
  0.0000014334
  0.0000032689
 -0.0000054888
  0.0000030125
  0.0000008301
 -0.0000079774
  0.0000003025
 -0.0000063052
 -0.0000111760
  0.0000087509
  0.0000004463
  0.0000111156
  0.0000024321
  0.0000013026
 -0.0000039074
 -0.0000230744
 -0.0000070759
 -0.0000079463
 -0.0000035934
  0.0000001583
 -0.0000127784
 -0.0000018389
  0.0000019569
  0.0000024091
 -0.0000074041
 -0.0000019358
  0.0000015028
 -0.0000006107
  0.0000036687
 -0.0000005581
 -0.0000001615
 -0.0000023156
  0.0000022696
  0.0000024260
 -0.0000080207
 -0.0000019338
 -0.0000042477
  0.0000010084
  0.0000007762
 -0.0000025236
 -0.0000304578
  0.0000364421
  0.0000058459
  0.0000438519
  0.0000765492
  0.0000027743
  0.0000058396
  0.0000133418
  0.0000607825
  0.0000394727
 -0.0000185301
 -0.0000080905
  0.0000212432
  0.0000091027
  0.0000124647
  0.0000025417
 -0.0000548945
 -0.0000043091
  0.0000087055
  0.0000295563
 -0.0000050352
  0.0000060935
 -0.0000022689
 -0.0000235119
 -0.0000347539
 -0.0000343355
  0.0000150972
  0.0000101536
 -0.0000122708
  0.0000068344
 -0.0000074539
 -0.0000074442
 -0.0000040714
  0.0000119674
 -0.0000103221
  0.0000036255
  0.0000032129
  0.0000017160
  0.0000033736
 -0.0000040813
  0.0000010316
  0.0000010076
 -0.0000041476
  0.0000012729
 -0.0000015202
  0.0000023017
  0.0000060940
 -0.0000017693
  0.0000061310
 -0.0000001348
 -0.0000016816
 -0.0000004090
  0.0000002386
  0.0000060568
  0.0000037330
  0.0000069697
  0.0000017637
  0.0000056986
  0.0000073786
  0.0000055866
 -0.0000014450
  0.0000027503
  0.0000022223
  0.0000032747
  0.0000019800
  0.0000045909
 -0.0000015556
 -0.0000003568
  0.0000014000
  0.0000058164
  0.0000071315
  0.0000004960
  0.0000050644
  0.0000002716
  0.0000010385
 -0.0000057120
  0.0000072515
  0.0000111166
  0.0000108677
  0.0000474097
  0.0000753661
  0.0000086286
  0.0000028391
  0.0000043513
  0.0000066917
  0.0000130535
  0.0000152007
  0.0000093667
  0.0000036718
  0.0000158828
  0.0000078450
 -0.0000100797
  0.0000086820
  0.0000090514
  0.0000183738
  0.0000045827
 -0.0000023152
 -0.0000332136
  0.0000092481
  0.0000062560
  0.0000056441
 -0.0000005936
  0.0000057520
  0.0000016291
 -0.0000304521
 -0.0000051817
 -0.0000130923
  0.0000215226
 -0.0000198691
 -0.0000085006
 -0.0000009832
 -0.0000236472
 -0.0000125185
 -0.0000203600
 -0.0000050797
 -0.0000113390
 -0.0000043267
 -0.0000027441
  0.0000004274
 -0.0000043241
 -0.0000045858
 -0.0000044656
 -0.0000100613
 -0.0000005867
 -0.0000051356
 -0.0000015367
 -0.0000016389
 -0.0000064041
  0.0000019960
  0.0000039992
 -0.0000022858
  0.0000003432
 -0.0000082020
 -0.0000031178
 -0.0000040706
 -0.0000001456
  0.0000005783
 -0.0000042210
 -0.0000068417
 -0.0000007621
 -0.0000028613
 -0.0000132020
 -0.0000325998
 -0.0000036475
 -0.0000064529
 -0.0000146080
 -0.0000017910
  0.0000052443
  0.0000299194
  0.0000100831
  0.0000106606
 -0.0000076824
 -0.0000117169
  0.0000092044
  0.0000211886
  0.0000216067
 -0.0000215479
 -0.0000012026
  0.0000293270
 -0.0000327053
  0.0000098404
  0.0000083488
 -0.0000005217
  0.0000001351
  0.0000063951
 -0.0000024757
  0.0000070234
 -0.0000079499
  0.0000054164
 -0.0000023934
  0.0000062922
  0.0000062779
 -0.0000014621
  0.0000058185
  0.0000052069
  0.0000022307
  0.0000059776
  0.0000069646
 -0.0000010863
  0.0000155925
 -0.0000248856
  0.0000106809
  0.0000336109
  0.0000052079
  0.0000769650
  0.0000840740
 -0.0000013387
  0.0000109372
  0.0000185880
  0.0000318994
  0.0000484846
  0.0000016754
  0.0000000412
 -0.0000006517
  0.0000391120
  0.0000277600
  0.0000071189
  0.0000005512
 -0.0000156739
  0.0000100801
  0.0000197724
  0.0000106284
  0.0000116649
  0.0000014983
 -0.0000193197
 -0.0000474128
 -0.0000258989
  0.0000244191
 -0.0000199399
 -0.0000209283
 -0.0000155572
 -0.0000143379
 -0.0000161535
 -0.0000077432
  0.0000022296
 -0.0000018196
  0.0000025870
 -0.0000010337
  0.0000081253
 -0.0000009917
 -0.0000014408
 -0.0000025128
 -0.0000023914
  0.0000018391
 -0.0000026909
  0.0000000486
 -0.0000036108
  0.0000036530
  0.0000050320
  0.0000018525
 -0.0000008067
  0.0000013841
 -0.0000009635
  0.0000033624
  0.0000032894
  0.0000016581
  0.0000021253
 -0.0000016653
 -0.0000038069
 -0.0000011918
 -0.0000124100
 -0.0000044374
 -0.0000122162
 -0.0000002074
  0.0000017329
 -0.0000154814
  0.0000170537
  0.0000099641
 -0.0000000345
  0.0000027189
  0.0000027687
  0.0000113044
 -0.0000055341
 -0.0000061551
 -0.0000128409
  0.0000156259
  0.0000067044
 -0.0000110836
 -0.0000109001
  0.0000027977
 -0.0000036402
  0.0000046201
 -0.0000001472
  0.0000050923
 -0.0000053939
  0.0000022262
 -0.0000007557
  0.0000049825
 -0.0000005864
  0.0000006350
  0.0000065584
  0.0000009027
  0.0000000344
  0.0000032429
  0.0000021207
  0.0000016257
  0.0000030022
 -0.0000324923
  0.0000045805
  0.0000355635
  0.0000092776
  0.0000449083
  0.0000711961
  0.0000053965
  0.0000115103
  0.0000598014
  0.0000385707
 -0.0000160687
 -0.0000061243
  0.0000195560
  0.0000082948
  0.0000005863
 -0.0000546390
 -0.0000067392
  0.0000069545
  0.0000258512
 -0.0000101053
  0.0000083313
 -0.0000020183
 -0.0000215410
 -0.0000380704
 -0.0000311731
  0.0000134424
  0.0000157187
  0.0000008276
 -0.0000331552
  0.0000088433
  0.0000027477
  0.0000028095
  0.0000129712
  0.0000022592
  0.0000028356
  0.0000034010
  0.0000019066
 -0.0000001448
  0.0000025891
  0.0000024744
 -0.0000055603
  0.0000046637
  0.0000009463
  0.0000046725
  0.0000035944
 -0.0000015180
 -0.0000056673
  0.0000013519
  0.0000041876
  0.0000075391
  0.0000084205
  0.0000035881
  0.0000011261
  0.0000030674
  0.0000024807
 -0.0000000642
 -0.0000060154
  0.0000040916
 -0.0000050515
  0.0000175297
 -0.0000159916
 -0.0000119935
 -0.0000009218
  0.0000102698
 -0.0000181391
 -0.0000162133
  0.0000318187
 -0.0000178854
  0.0000128891
 -0.0000153676
 -0.0000009477
  0.0000032939
  0.0000132127
  0.0000000806
  0.0000036625
  0.0000037749
  0.0000034935
  0.0000004638
  0.0000006931
  0.0000031954
  0.0000043606
  0.0000005948
  0.0000094428
  0.0000044516
  0.0000064515
 -0.0000008692
  0.0000010269
  0.0000042815
  0.0000033573
 -0.0000004546
  0.0000065292
 -0.0000374171
  0.0000073054
  0.0000025710
  0.0000069503
  0.0000346874
  0.0000597336
  0.0000066950
  0.0000013309
 -0.0000014329
 -0.0000020912
  0.0000347156
  0.0000077191
 -0.0000059443
  0.0000062223
  0.0000179476
  0.0000059272
 -0.0000008360
 -0.0000095710
 -0.0000468871
  0.0000251883
 -0.0000042658
  0.0000125520
  0.0000088691
 -0.0000263531
 -0.0000181777
 -0.0000403414
  0.0000105778
 -0.0000105524
 -0.0000017074
 -0.0000119077
 -0.0000032204
  0.0000048126
  0.0000109876
  0.0000038827
  0.0000049548
  0.0000001453
  0.0000300391
  0.0000105359
  0.0000183301
  0.0000025660
  0.0000107159
  0.0000048046
  0.0000019191
  0.0000009346
  0.0000210781
  0.0000041615
  0.0000069356
  0.0000020243
  0.0000015092
  0.0000046471
 -0.0000017100
  0.0000093798
  0.0000135265
 -0.0000034990
  0.0000047699
  0.0000140368
  0.0000052989
  0.0000183522
  0.0000055018
  0.0000042161
  0.0000043912
  0.0000083655
  0.0000051323
  0.0000087996
 -0.0000112151
  0.0000016933
 -0.0000067396
  0.0000021912
 -0.0000000719
 -0.0000162808
  0.0000149125
  0.0000081723
  0.0000030325
 -0.0000014611
 -0.0000024852
 -0.0000094302
  0.0000087200
 -0.0000070905
 -0.0000142028
 -0.0000096555
  0.0000023641
 -0.0000119664
 -0.0000074402
  0.0000016966
  0.0000039375
 -0.0000023231
  0.0000024416
  0.0000025259
  0.0000058809
  0.0000002942
  0.0000013351
  0.0000017407
  0.0000037330
  0.0000067139
  0.0000130099
  0.0000032140
  0.0000024213
  0.0000001999
  0.0000111568
  0.0000067603
  0.0000023096
 -0.0000337979
  0.0000070930
  0.0000312528
  0.0000564894
  0.0000050848
  0.0000094962
  0.0000074023
  0.0000296988
  0.0000451418
  0.0000158045
  0.0000424063
  0.0000009573
 -0.0000423818
  0.0000150701
 -0.0000094680
  0.0000090034
 -0.0000026102
 -0.0000146426
 -0.0000548463
  0.0000284898
 -0.0000108086
 -0.0000201716
  0.0000082765
 -0.0000017762
 -0.0000070558
 -0.0000180591
 -0.0000160056
  0.0000089556
 -0.0000078562
 -0.0000059426
 -0.0000125706
  0.0000080760
  0.0000070788
  0.0000133454
 -0.0000061875
  0.0000180653
  0.0000030554
 -0.0000049056
 -0.0000077626
  0.0000026029
  0.0000030387
 -0.0000034186
  0.0000039059
  0.0000040199
 -0.0000004704
  0.0000036042
  0.0000062510
 -0.0000044941
 -0.0000030992
  0.0000044058
  0.0000033404
 -0.0000049564
  0.0000018275
  0.0000010516
  0.0000128065
  0.0000112814
  0.0000048776
 -0.0000066919
  0.0000003735
 -0.0000270910
 -0.0000025989
 -0.0000085625
 -0.0000150466
  0.0000061789
 -0.0000214352
 -0.0000020245
 -0.0000189750
 -0.0000143692
  0.0000018398
 -0.0000122245
 -0.0000036427
  0.0000005334
 -0.0000981702
 -0.0000047206
 -0.0000125124
  0.0000127153
 -0.0000124543
 -0.0000167299
  0.0000139327
  0.0000040200
  0.0000088911
  0.0000030634
  0.0000043433
  0.0000070400
 -0.0000050162
  0.0000065968
  0.0000012040
  0.0000030476
  0.0000119458
  0.0000063171
  0.0000080361
  0.0000068472
  0.0000034216
  0.0000063743
  0.0000114306
  0.0000019454
 -0.0000003073
  0.0000067116
  0.0000058592
  0.0000798474
  0.0001858868
  0.0000984927
  0.0000053430
  0.0000123939
  0.0000114866
  0.0000125639
 -0.0000350957
  0.0000945769
  0.0000056964
  0.0000400425
 -0.0000042018
  0.0001379095
  0.0000167937
  0.0000301240
  0.0000040092
 -0.0000230524
 -0.0000062921
  0.0000096478
  0.0000263676
  0.0000445711
  0.0000055478
  0.0000010701
 -0.0000070555
 -0.0000650600
  0.0000113364
 -0.0000090184
 -0.0000128015
  0.0000046449
  0.0000020140
  0.0000051021
  0.0000099948
  0.0000019254
  0.0000001279
 -0.0000010405
  0.0000024192
  0.0000040678
  0.0000014360
 -0.0000037845
  0.0000050415
  0.0000108438
  0.0000059355
  0.0000035748
 -0.0000001837
  0.0000062007
  0.0000025440
  0.0000021999
 -0.0000043193
  0.0000055076
  0.0000020486
 -0.0000051015
  0.0000033590
  0.0000056957
 -0.0000142718
  0.0000094822
  0.0000022148
  0.0000302479
 -0.0000067309
 -0.0000090372
  0.0000141804
 -0.0000025850
  0.0000173747
  0.0000048786
  0.0000129674
  0.0000038558
  0.0000099934
 -0.0000011066
  0.0000045710
 -0.0000004441
  0.0000034234
  0.0000007746
  0.0000015467
  0.0000015146
  0.0000070562
  0.0000012808
  0.0000035734
  0.0000019787
  0.0000040055
  0.0000053446
 -0.0000057261
  0.0000028438
 -0.0000041701
  0.0000065122
  0.0000029931
 -0.0000005435
 -0.0000268635
  0.0000114954
  0.0000097352
  0.0000682037
  0.0000575509
  0.0000065518
  0.0000032028
  0.0000040431
  0.0000075161
  0.0000435091
  0.0000158160
 -0.0000016873
  0.0000241287
  0.0000108490
  0.0000068608
 -0.0000420425
  0.0000323550
  0.0000025116
  0.0000079344
  0.0000121118
 -0.0000014027
 -0.0000110703
 -0.0000186576
  0.0000176444
  0.0000536922
 -0.0000160555
 -0.0000177881
  0.0000164584
 -0.0000080090
 -0.0000033606
 -0.0000077694
  0.0000054697
  0.0000157694
  0.0000218401
  0.0000142298
 -0.0000073063
 -0.0000096810
  0.0000095304
  0.0000194325
  0.0000201412
  0.0000230122
 -0.0000019691
  0.0000254207
 -0.0000044946
 -0.0000026379
 -0.0000028000
  0.0000133514
 -0.0000033262
 -0.0000021436
 -0.0000037874
  0.0000144539
 -0.0000078348
 -0.0000027473
 -0.0000034806
  0.0000015644
  0.0000006255
  0.0000122562
 -0.0000014595
 -0.0000001873
  0.0000066015
  0.0000000846
  0.0000258428
  0.0000210003
 -0.0000033159
 -0.0000022044
  0.0000130144
 -0.0000003370
 -0.0000050159
 -0.0000119383
 -0.0000032585
  0.0000104844
 -0.0000035348
  0.0000030778
  0.0000004331
  0.0000036537
 -0.0000081071
 -0.0000134657
 -0.0000134791
  0.0000504133
  0.0000003013
  0.0000163989
 -0.0000048088
  0.0000047464
  0.0000378176
  0.0000203665
 -0.0000044309
  0.0000055163
  0.0000010347
  0.0000032229
  0.0000027168
 -0.0000041552
  0.0000028068
 -0.0000040181
  0.0000038754
  0.0000018665
  0.0000015001
  0.0000076786
 -0.0000021202
  0.0000011566
 -0.0000063535
  0.0000068506
  0.0000008372
  0.0000011482
 -0.0000469254
  0.0000047764
  0.0001733343
  0.0000795700
  0.0001542223
  0.0000808591
  0.0000103964
  0.0000110244
  0.0000079726
  0.0000089224
  0.0000470640
 -0.0000789123
 -0.0000024188
 -0.0000140826
  0.0000204989
  0.0000036113
 -0.0000038177
  0.0000256692
  0.0000423744
  0.0000283295
  0.0000053853
 -0.0000078705
  0.0000068548
 -0.0000117148
 -0.0000008465
  0.0000194953
 -0.0000107028
 -0.0000030103
 -0.0000055977
 -0.0000010695
  0.0000326505
  0.0000226581
  0.0000132658
 -0.0000039111
  0.0000221116
 -0.0000087356
  0.0000130082
  0.0000284244
  0.0000171850
  0.0000285270
 -0.0000072683
  0.0000217701
 -0.0000073370
 -0.0000117596
 -0.0000209926
  0.0000250190
 -0.0000069684
 -0.0000056528
  0.0000168426
  0.0000215418
 -0.0000114243
 -0.0000028837
 -0.0000259484
  0.0000033472
 -0.0000049170
  0.0000200357
 -0.0000271316
  0.0000002338
  0.0000096310
 -0.0000169831
  0.0000282327
  0.0000136973
 -0.0000038754
 -0.0000014363
 -0.0000119429
  0.0000018930
 -0.0000038128
 -0.0000106588
 -0.0000069496
 -0.0000176961
  0.0000029500
 -0.0000166216
 -0.0000184139
 -0.0000135490
 -0.0000136183
 -0.0000045754
 -0.0000194834
 -0.0000146414
 -0.0000101943
 -0.0000684255
 -0.0000061420
 -0.0000420573
  0.0000036709
 -0.0000100826
 -0.0000417130
  0.0000051419
  0.0000245825
 -0.0000158283
 -0.0000116276
 -0.0000066276
 -0.0000062502
 -0.0000031476
 -0.0000040010
  0.0000222682
 -0.0000163546
 -0.0000022905
 -0.0000094072
  0.0000196844
  0.0000073306
 -0.0000060707
  0.0000214582
  0.0000002709
  0.0000344059
  0.0000077059
 -0.0000255564
 -0.0000051847
  0.0002855841
  0.0000107950
  0.0000005848
 -0.0000060048
 -0.0000033136
  0.0000001337
 -0.0001687417
 -0.0000108887
  0.0000015380
  0.0000068754
  0.0000147749
  0.0000241198
  0.0000213888
  0.0000080148
 -0.0000079789
  0.0000074695
 -0.0000197816
 -0.0000111535
  0.0000040394
  0.0000025233
  0.0000012281
 -0.0000005670
  0.0000013919
  0.0000022537
  0.0000017190
  0.0000021893
  0.0000102347
  0.0000033333
  0.0000030528
 -0.0000010001
  0.0000028095
 -0.0000000161
 -0.0000044693
  0.0000036211
 -0.0000002263
  0.0000032427
  0.0000096190
  0.0000036946
  0.0000083407
  0.0000100440
  0.0000003225
 -0.0000102050
 -0.0000017329
 -0.0000011479
 -0.0000000594
  0.0000047214
  0.0000094372
 -0.0000008332
  0.0000047194
  0.0000070976
  0.0000083162
  0.0000022010
  0.0000021254
  0.0000044163
  0.0000006204
 -0.0000004969
 -0.0000006314
  0.0000033700
  0.0000018836
  0.0000032141
  0.0000097015
  0.0000026014
  0.0000061992
  0.0000012578
  0.0000016507
  0.0000017097
  0.0000034683
  0.0000002324
  0.0000033162
 -0.0000115587
  0.0000051301
  0.0000030544
  0.0000084545
  0.0000363460
  0.0000645170
  0.0000051284
 -0.0000025891
  0.0000086085
  0.0000317845
  0.0000056821
  0.0000013258
  0.0000103658
  0.0000200009
  0.0000047234
  0.0000113565
 -0.0000466101
  0.0000085398
  0.0000045265
  0.0000003497
 -0.0000031019
 -0.0000357973
 -0.0000024413
 -0.0000167493
  0.0000150523
 -0.0000113666
 -0.0000078913
 -0.0000287713
 -0.0000173272
 -0.0000247938
 -0.0000258608
 -0.0000161233
 -0.0000017443
 -0.0000046299
 -0.0000217816
 -0.0000108716
  0.0000025389
  0.0000089624
 -0.0000003672
  0.0000033467
 -0.0000024230
 -0.0000024364
 -0.0000064932
  0.0000036530
 -0.0000024689
 -0.0000001717
 -0.0000002797
 -0.0000052571
  0.0000028767
  0.0000021222
 -0.0000009985
  0.0000012559
 -0.0000069490
  0.0000017588
  0.0000037828
 -0.0000051188
  0.0000029458
  0.0000040981
 -0.0000003598
 -0.0000032304
 -0.0000050273
 -0.0000008315
 -0.0000043949
  0.0000030170
 -0.0000051215
  0.0000022446
  0.0000015281
  0.0000027141
 -0.0000050769
  0.0000003385
  0.0000020060
  0.0000011830
  0.0000021577
  0.0000083579
  0.0000028758
  0.0000006926
  0.0000006542
  0.0000022331
  0.0000029274
  0.0000018972
 -0.0000010905
 -0.0000183797
 -0.0000001815
  0.0000060715
  0.0000078755
  0.0000575558
  0.0000446755
  0.0000015267
 -0.0000024287
  0.0000003768
  0.0000031716
  0.0000075499
  0.0000090144
  0.0000032481
 -0.0000030611
 -0.0000046126
  0.0000115549
 -0.0000029013
 -0.0000154902
  0.0000001128
  0.0000062969
  0.0000052785
  0.0000030228
 -0.0000181844
 -0.0000405825
  0.0000019752
 -0.0000009602
 -0.0000111788
 -0.0000095972
  0.0000033270
 -0.0000038918
 -0.0000093956
 -0.0000115195
 -0.0000347360
  0.0000184110
 -0.0000011857
  0.0000147712
  0.0000067399
  0.0000033018
  0.0000039488
  0.0000043858
  0.0000033095
  0.0000025990
  0.0000016153
 -0.0000001553
 -0.0000001067
  0.0000081666
  0.0000055065
 -0.0000017607
  0.0000061976
 -0.0000004093
 -0.0000019832
  0.0000003081
 -0.0000001158
  0.0000064393
  0.0000004609
  0.0000057140
 -0.0000035531
  0.0000037679
  0.0000068944
  0.0000020310
 -0.0000016390
  0.0000045641
  0.0000072077
  0.0000038707
  0.0000032279
  0.0000026612
 -0.0000007779
  0.0000011108
  0.0000029950
  0.0000036281
  0.0000013000
  0.0000002454
  0.0000002443
 -0.0000055194
  0.0000079312
  0.0000099688
  0.0000123134
  0.0000359120
  0.0000776013
  0.0000046921
 -0.0000013755
  0.0000041575
  0.0000045828
  0.0000106910
  0.0000153253
  0.0000079223
  0.0000014025
  0.0000105966
  0.0000070127
  0.0000100718
  0.0000167032
  0.0000012922
 -0.0000032337
 -0.0000343285
  0.0000085663
  0.0000073669
  0.0000050053
 -0.0000020009
  0.0000007983
 -0.0000017339
 -0.0000501837
 -0.0000066801
 -0.0000140059
  0.0000204983
  0.0000048483
  0.0000127789
 -0.0000292451
 -0.0000237954
  0.0000116745
  0.0000074173
 -0.0000150665
  0.0000098257
 -0.0000099162
 -0.0000213018
  0.0000013439
  0.0000185746
  0.0000203432
  0.0000091060
  0.0000141727
  0.0000145273
  0.0000034290
  0.0000205959
  0.0000116423
  0.0000104769
  0.0000118837
  0.0000178359
  0.0000236324
  0.0000172058
  0.0000066430
  0.0000185200
  0.0000151524
  0.0000051356
  0.0000162028
  0.0000256323
  0.0000052296
  0.0000024125
  0.0000170462
  0.0000148437
  0.0000119437
  0.0000095434
  0.0000012880
  0.0000155728
  0.0000173281
  0.0000106272
  0.0000257733
 -0.0000328649
  0.0000164678
  0.0000062532
  0.0000127844
  0.0000083947
 -0.0000053172
  0.0000023311
  0.0000169904
  0.0000131270
 -0.0000029518
 -0.0000034872
 -0.0000033233
 -0.0000362723
 -0.0000217639
  0.0000247406
  0.0000051352
 -0.0000209345
  0.0000415378
  0.0000139776
  0.0000131543
  0.0000320008
  0.0000264986
  0.0000293223
  0.0000284454
  0.0000202738
  0.0000234869
  0.0000143070
  0.0000274110
  0.0000302125
  0.0000271945
  0.0000332939
  0.0000324625
  0.0000200363
  0.0000298033
  0.0000311276
  0.0000255575
  0.0000329465
 -0.0000520735
  0.0000292673
  0.0002266645
  0.0000935711
  0.0000778531
  0.0000368012
  0.0000371962
  0.0000329049
  0.0000381134
  0.0000575083
 -0.0000563656
  0.0000181952
  0.0000051816
  0.0000402488
  0.0000365397
  0.0000019433
  0.0000081151
  0.0000604377
  0.0000314608
  0.0000325425
  0.0000149495
  0.0000148633
  0.0000523956
  0.0000049319
 -0.0000086092
  0.0000120382
 -0.0000054369
 -0.0000128455
 -0.0000254839
 -0.0000204449
 -0.0000070091
 -0.0000142119
 -0.0000061837
 -0.0000064374
 -0.0000054389
 -0.0000160328
 -0.0000000574
 -0.0000070042
  0.0000006322
 -0.0000070990
  0.0000003356
 -0.0000099050
 -0.0000046127
 -0.0000058209
 -0.0000136646
 -0.0000149045
 -0.0000059656
 -0.0000059371
 -0.0000016374
 -0.0000115182
 -0.0000187626
 -0.0000039229
 -0.0000087426
 -0.0000190725
  0.0000266248
 -0.0000053785
 -0.0000097198
 -0.0000148648
  0.0000025257
 -0.0000139164
 -0.0000121736
  0.0000024289
 -0.0000030757
  0.0000087129
  0.0000013517
 -0.0000017352
 -0.0000093674
 -0.0000290328
 -0.0000130500
 -0.0000105099
 -0.0000086226
  0.0000018107
 -0.0000123285
 -0.0000048226
 -0.0000059494
 -0.0000002260
  0.0000025958
  0.0000001619
  0.0000011224
 -0.0000102784
  0.0000069269
 -0.0000046563
  0.0000027411
  0.0000065207
  0.0000027960
  0.0000043510
 -0.0000050948
  0.0000018524
 -0.0000047540
  0.0000075620
 -0.0000080506
  0.0000033956
 -0.0000343840
  0.0000418266
  0.0000129035
  0.0000237263
  0.0000693712
  0.0000068215
  0.0000121306
  0.0000160616
  0.0000640803
  0.0000428390
  0.0000030624
 -0.0000125237
  0.0000040591
  0.0000203574
  0.0000076516
  0.0000103709
  0.0000010822
 -0.0000469588
 -0.0000012146
  0.0000048745
  0.0000277945
 -0.0000074314
  0.0000081960
 -0.0000003528
 -0.0000404944
 -0.0000308234
 -0.0000577920
  0.0000149154
 -0.0000163927
 -0.0000047443
  0.0000108502
  0.0000083328
  0.0000073876
  0.0000055389
  0.0000000472
  0.0000050846
  0.0000028292
 -0.0000012935
  0.0000015084
  0.0000019043
  0.0000005601
  0.0000007512
 -0.0000012138
  0.0000028681
  0.0000009357
  0.0000030829
 -0.0000001522
 -0.0000000345
  0.0000023373
  0.0000009192
  0.0000039428
 -0.0000005611
  0.0000034286
 -0.0000039110
  0.0000016556
 -0.0000178092
 -0.0000031879
 -0.0000102526
  0.0000010038
  0.0000064880
 -0.0000115139
  0.0000154197
  0.0000033364
  0.0000201060
  0.0000006950
 -0.0000200105
 -0.0000016431
 -0.0000035096
  0.0000047666
  0.0000040834
 -0.0000013056
  0.0000005907
  0.0000107813
  0.0000055760
  0.0000041965
 -0.0000042407
  0.0000037543
 -0.0000001261
  0.0000042641
 -0.0000014190
  0.0000007291
 -0.0000014106
  0.0000036011
 -0.0000027106
  0.0000025546
  0.0000065554
 -0.0000006865
 -0.0000007258
 -0.0000036548
 -0.0000001615
  0.0000023461
 -0.0000010203
 -0.0000290835
  0.0000117355
  0.0000058622
  0.0000575091
  0.0000528567
  0.0000038479
  0.0000017987
  0.0000318663
  0.0000172470
 -0.0000158940
  0.0000251622
  0.0000041046
  0.0000063969
  0.0000025910
 -0.0000386936
  0.0000320043
  0.0000026551
  0.0000110153
  0.0000061214
 -0.0000034703
 -0.0000036901
 -0.0000212730
 -0.0000153636
  0.0000123753
 -0.0000189253
  0.0000019150
  0.0000233378
 -0.0000122494
  0.0000183553
  0.0000137065
  0.0000620528
  0.0000023734
 -0.0000056800
 -0.0000052453
 -0.0000044834
 -0.0000156415
  0.0000035129
  0.0000032624
 -0.0000107949
  0.0000053628
 -0.0000017877
 -0.0000034209
 -0.0000072640
 -0.0000034343
  0.0000019088
  0.0000111857
  0.0000098227
  0.0000027609
 -0.0000052763
  0.0000067678
  0.0000036746
  0.0000050477
 -0.0000035437
  0.0000093745
 -0.0000010574
  0.0000048077
 -0.0000039415
 -0.0000087571
  0.0000037936
 -0.0000011751
 -0.0000022982
  0.0000025774
 -0.0000032663
  0.0000074025
 -0.0000071872
  0.0000040274
 -0.0000038501
  0.0000064853
  0.0000042190
  0.0000076165
 -0.0000113687
 -0.0000016309
 -0.0000011328
  0.0000106743
  0.0000049646
  0.0000547478
 -0.0000042258
  0.0000013187
  0.0000009728
 -0.0000025292
  0.0000145015
  0.0000007808
 -0.0000030367
 -0.0000015305
 -0.0000018830
 -0.0000077592
  0.0000105937
 -0.0000147654
  0.0000052330
  0.0000083130
  0.0000102720
  0.0000012420
  0.0000070081
 -0.0000188636
  0.0000002080
  0.0000046462
  0.0000004231
  0.0000082648
 -0.0000025399
 -0.0000125832
 -0.0000458234
 -0.0000015874
 -0.0000053364
  0.0000161581
  0.0000006743
 -0.0000245735
 -0.0000163390
 -0.0000210745
 -0.0000162353
 -0.0000018421
  0.0000024375
 -0.0000222167
 -0.0000216038
  0.0000042642
  0.0000319732
  0.0000090937
  0.0000132389
  0.0000079148
  0.0000113299
  0.0000098412
  0.0000072799
  0.0000065056
  0.0000223157
  0.0000070978
  0.0000127941
  0.0000023743
  0.0000150916
  0.0000075790
  0.0000047325
  0.0000038161
  0.0000163222
  0.0000155530
  0.0000149418
  0.0000018293
  0.0000106010
  0.0000186771
  0.0000106881
  0.0000154036
  0.0000052972
  0.0000051117
  0.0000101441
  0.0000132367
 -0.0000136544
  0.0000149170
 -0.0000245767
  0.0000084715
 -0.0000012974
  0.0000016823
  0.0000010954
  0.0000228762
  0.0000044439
  0.0000043744
  0.0000172238
  0.0000208300
  0.0000044754
  0.0000156386
  0.0000148818
  0.0000043206
 -0.0000035201
  0.0000278748
 -0.0000279331
 -0.0000007702
 -0.0000046177
  0.0000021810
  0.0000095236
  0.0000047034
  0.0000086432
  0.0000071518
  0.0000096448
  0.0000062643
  0.0000011545
  0.0000080328
  0.0000013505
  0.0000078202
  0.0000147594
 -0.0000031363
  0.0000044395
 -0.0000063541
  0.0000103842
  0.0000088949
  0.0000039705
 -0.0000122120
  0.0000085511
  0.0000615016
  0.0000071918
  0.0000014315
  0.0000117728
 -0.0000316286
  0.0000794948
 -0.0000087819
  0.0001204299
  0.0000088082
  0.0000232038
  0.0000042428
 -0.0000301936
 -0.0000405004
  0.0000134021
  0.0000287506
  0.0000067703
 -0.0000011684
 -0.0000251938
 -0.0000869949
  0.0000058517
 -0.0000107387
 -0.0000023535
  0.0000167733
  0.0000127675
  0.0000383172
 -0.0000001101
 -0.0000002017
  0.0000008517
  0.0000031935
 -0.0000020153
  0.0000029474
  0.0000040670
  0.0000026379
  0.0000020698
  0.0000053950
  0.0000029100
  0.0000076858
  0.0000008639
  0.0000019783
  0.0000068067
  0.0000140747
  0.0000044940
  0.0000020424
  0.0000048951
  0.0000022807
  0.0000015571
 -0.0000007222
  0.0000008197
  0.0000021606
 -0.0000016138
  0.0000003463
  0.0000011832
 -0.0000066987
  0.0000000397
  0.0000043402
  0.0000002223
  0.0000002758
 -0.0000119839
  0.0000069281
  0.0000025945
  0.0000075345
  0.0000013011
  0.0000606463
  0.0000078586
  0.0000059973
  0.0000034570
  0.0000041276
  0.0000183113
 -0.0000019472
  0.0000003984
  0.0000016334
 -0.0000141128
  0.0000074640
  0.0000048668
  0.0000132709
  0.0000038703
  0.0000037832
 -0.0000278863
  0.0000090297
  0.0000088434
  0.0000031827
 -0.0000030610
  0.0000073637
 -0.0000000729
 -0.0000483624
 -0.0000023334
 -0.0000119180
  0.0000148689
 -0.0000258519
 -0.0000231188
 -0.0000202057
 -0.0000137049
  0.0000048279
 -0.0000246683
  0.0000015177
  0.0000131980
  0.0000078168
  0.0000113537
  0.0000032149
  0.0000146689
 -0.0000024602
  0.0000028621
  0.0000018482
  0.0000080134
 -0.0000037788
  0.0000027998
 -0.0000036416
  0.0000118767
 -0.0000063197
 -0.0000001455
  0.0000064718
  0.0000069936
  0.0000050215
  0.0000069623
  0.0000070654
  0.0000041405
  0.0000117178
  0.0000073765
  0.0000140881
  0.0000099451
 -0.0000029105
  0.0000030831
  0.0000111368
  0.0000044415
 -0.0000304791
 -0.0000006404
 -0.0000072758
 -0.0000015399
 -0.0000041486
  0.0000219422
 -0.0000003307
  0.0000006035
  0.0000159183
  0.0000334205
  0.0000170194
 -0.0000096007
  0.0000195450
 -0.0000349593
  0.0000165881
 -0.0000116339
 -0.0000200663
  0.0000239601
 -0.0000241127
 -0.0000025655
  0.0000001699
  0.0000005896
  0.0000016245
  0.0000004563
 -0.0000006976
 -0.0000002632
 -0.0000014923
 -0.0000022498
  0.0000027046
  0.0000043046
  0.0000057187
 -0.0000003241
 -0.0000009728
  0.0000033703
  0.0000047466
  0.0000003455
  0.0000022411
  0.0000072142
  0.0000026874
  0.0000634474
  0.0000774105
  0.0000857279
  0.0000039413
  0.0000087663
  0.0000045820
  0.0000089851
 -0.0000204706
  0.0000761429
  0.0000335851
 -0.0000104813
  0.0000893582
  0.0000115815
  0.0000243132
  0.0000034707
 -0.0000304085
 -0.0000448170
  0.0000506087
  0.0000050749
 -0.0000047110
 -0.0000246758
 -0.0000695599
  0.0000253721
 -0.0000104181
  0.0000018056
  0.0000012696
  0.0000058861
 -0.0000014997
  0.0000016260
 -0.0000026568
 -0.0000000537
  0.0000015658
  0.0000022437
 -0.0000081750
  0.0000039758
 -0.0000024844
  0.0000027352
 -0.0000082957
 -0.0000001069
  0.0000065185
 -0.0000001080
  0.0000003571
 -0.0000041814
  0.0000010780
 -0.0000014100
 -0.0000088318
  0.0000033557
 -0.0000008300
  0.0000107913
  0.0000049755
 -0.0000009274
 -0.0000009092
  0.0000047334
  0.0000078662
 -0.0000068406
  0.0000076319
  0.0000044811
  0.0000032940
 -0.0000037821
  0.0000079820
 -0.0000012216
  0.0000103874
 -0.0000012857
 -0.0000013438
  0.0000017837
  0.0000000407
 -0.0000015833
 -0.0000000331
  0.0000007095
 -0.0000001868
  0.0000000063
  0.0000038471
  0.0000007519
  0.0000024304
  0.0000005919
 -0.0000025911
  0.0000043582
 -0.0000012584
 -0.0000162860
  0.0000042834
  0.0000068993
  0.0000055958
  0.0000654992
  0.0000521619
  0.0000041294
 -0.0000037104
  0.0000038296
  0.0000078736
  0.0000298632
  0.0000113672
 -0.0000000514
  0.0000148391
 -0.0000086611
  0.0000189602
  0.0000027158
  0.0000073664
  0.0000015849
 -0.0000081653
 -0.0000492119
  0.0000227933
  0.0000034903
  0.0000030945
  0.0000033429
  0.0000058197
 -0.0000047914
 -0.0000101711
 -0.0000216063
  0.0000153790
  0.0000091410
  0.0000306897
 -0.0000108258
 -0.0000056235
  0.0000003638
 -0.0000018759
 -0.0000034676
 -0.0000000329
 -0.0000060143
  0.0000005154
 -0.0000039855
 -0.0000022778
  0.0000005302
 -0.0000005692
  0.0000085097
  0.0000013977
  0.0000018661
  0.0000124930
  0.0000017974
  0.0000055326
  0.0000003895
  0.0000003562
  0.0000010939
  0.0000047823
  0.0000021821
  0.0000007807
  0.0000035240
  0.0000021156
  0.0000003680
 -0.0000004291
  0.0000001724
 -0.0000015719
 -0.0000001888
  0.0000014029
 -0.0000004918
  0.0000022598
 -0.0000013538
  0.0000013537
 -0.0000023732
  0.0000012794
 -0.0000007977
 -0.0000107681
  0.0000054511
  0.0000041424
  0.0000052052
  0.0000187091
  0.0000696558
  0.0000062302
  0.0000039372
  0.0000053929
  0.0000034407
  0.0000143823
 -0.0000044118
  0.0000053136
  0.0000004726
 -0.0000028918
 -0.0000013095
 -0.0000137227
  0.0000050637
  0.0000027339
  0.0000137205
 -0.0000010921
 -0.0000047095
 -0.0000305839
  0.0000080722
  0.0000084015
  0.0000003397
 -0.0000062256
  0.0000077111
 -0.0000016789
 -0.0000653850
 -0.0000035800
 -0.0000205761
  0.0000173350
 -0.0000184096
 -0.0000031121
 -0.0000162422
 -0.0000175996
 -0.0000099545
 -0.0000059752
 -0.0000174474
 -0.0000074998
  0.0000003797
 -0.0000008692
  0.0000028821
  0.0000034509
 -0.0000007579
 -0.0000035211
  0.0000036318
 -0.0000011622
  0.0000018458
 -0.0000087810
  0.0000011552
 -0.0000044442
 -0.0000031862
  0.0000005858
  0.0000024278
 -0.0000014768
  0.0000018523
 -0.0000026425
 -0.0000099914
 -0.0000039017
  0.0000011143
  0.0000053757
  0.0000027854
 -0.0000008636
  0.0000006100
  0.0000014714
  0.0000039977
 -0.0000006436
 -0.0000001546
 -0.0000058035
  0.0000059416
 -0.0000013209
 -0.0000015409
  0.0000015513
  0.0000048760
  0.0000088325
 -0.0000180548
  0.0000022111
  0.0000025089
  0.0000025802
 -0.0000019105
  0.0000062149
  0.0000023747
  0.0000008618
 -0.0000037246
  0.0000078313
 -0.0000025593
 -0.0000074456
  0.0000006021
  0.0000063065
  0.0000063096
  0.0000403848
  0.0000653612
  0.0000002136
 -0.0000002452
  0.0000035683
  0.0000026033
  0.0000089291
  0.0000002154
  0.0000066649
  0.0000014211
 -0.0000048473
  0.0000027456
  0.0000022366
 -0.0000118274
  0.0000040241
  0.0000048301
  0.0000149169
 -0.0000024177
 -0.0000086348
 -0.0000369099
  0.0000065691
  0.0000019334
 -0.0000013282
 -0.0000032776
  0.0000019948
 -0.0000072823
 -0.0000304285
  0.0000036395
 -0.0000286664
  0.0000179557
  0.0000044597
  0.0000148731
  0.0000060287
 -0.0000086360
  0.0000015732
  0.0000023442
  0.0000005474
  0.0000023045
  0.0000007391
  0.0000019700
  0.0000000537
 -0.0000036225
  0.0000020498
  0.0000063778
 -0.0000007511
 -0.0000014508
 -0.0000020601
  0.0000052772
  0.0000017924
  0.0000066322
 -0.0000013798
  0.0000047392
  0.0000068373
  0.0000053574
 -0.0000028090
 -0.0000059909
 -0.0000004862
 -0.0000013547
  0.0000041018
 -0.0000009917
 -0.0000007787
  0.0000034180
  0.0000060414
 -0.0000010628
  0.0000019055
  0.0000028881
  0.0000003383
 -0.0000001111
 -0.0000004540
 -0.0000015133
  0.0000004219
  0.0000016369
  0.0000030395
 -0.0000029737
 -0.0000028666
 -0.0000140671
  0.0000049302
  0.0000032579
  0.0000086578
  0.0000510818
  0.0000514995
  0.0000046602
 -0.0000020288
  0.0000059246
  0.0000055894
  0.0000082162
  0.0000219535
  0.0000056062
  0.0000109635
  0.0000099436
 -0.0000081115
  0.0000084884
  0.0000082300
  0.0000089020
 -0.0000015074
 -0.0000124648
 -0.0000443896
  0.0000050648
  0.0000027369
 -0.0000051270
 -0.0000058085
  0.0000028161
 -0.0000034171
 -0.0000175371
 -0.0000013747
 -0.0000184622
  0.0000207871
 -0.0000180869
 -0.0000161941
  0.0000027237
 -0.0000176081
  0.0000052978
  0.0000067264
  0.0000055727
  0.0000028567
  0.0000056803
  0.0000048399
 -0.0000037688
  0.0000011442
  0.0000052125
 -0.0000009359
  0.0000036174
  0.0000019071
  0.0000028087
  0.0000064091
  0.0000028347
  0.0000048084
  0.0000053385
 -0.0000008345
  0.0000042929
  0.0000060632
  0.0000024165
 -0.0000068348
 -0.0000026692
 -0.0000022828
 -0.0000056838
 -0.0000004785
  0.0000069651
 -0.0000017802
 -0.0000014862
  0.0000027306
 -0.0000034926
  0.0000043569
  0.0000012982
  0.0000037646
  0.0000027457
  0.0000037646
  0.0000007225
  0.0000037807
  0.0000094853
  0.0000037989
  0.0000021474
  0.0000060338
  0.0000042947
  0.0000020902
 -0.0000148166
  0.0000098607
  0.0000027462
  0.0000107204
  0.0000642510
  0.0000508445
  0.0000093049
  0.0000028082
  0.0000063036
  0.0000059229
  0.0000069409
  0.0000222887
  0.0000052984
  0.0000041865
  0.0000115393
  0.0000148636
 -0.0000016772
 -0.0000054284
  0.0000088821
  0.0000112166
  0.0000037239
  0.0000041707
 -0.0000155609
 -0.0000447397
  0.0000049984
  0.0000074280
 -0.0000050607
 -0.0000078353
  0.0000028946
  0.0000033370
 -0.0000065120
 -0.0000002103
 -0.0000255823
  0.0000217476
 -0.0000145517
 -0.0000195272
  0.0000201839
  0.0000147775
  0.0000120201
  0.0000167496
  0.0000024670
  0.0000095467
  0.0000003546
  0.0000006853
  0.0000004989
  0.0000080948
 -0.0000026143
  0.0000043314
 -0.0000008735
 -0.0000037757
 -0.0000006118
 -0.0000008782
  0.0000055093
  0.0000050874
 -0.0000006938
  0.0000029918
  0.0000075324
  0.0000033924
  0.0000062288
 -0.0000017315
  0.0000023508
  0.0000095139
 -0.0000159959
  0.0000055990
 -0.0000180393
 -0.0000001699
 -0.0000068631
  0.0000009723
  0.0000112365
 -0.0000124631
  0.0000258797
  0.0000179042
 -0.0000028570
  0.0000050382
  0.0000174341
  0.0000226327
  0.0000209429
  0.0000012117
 -0.0000079258
  0.0000239184
  0.0000029702
  0.0000017712
 -0.0000147004
 -0.0000033355
  0.0000012799
 -0.0000043904
  0.0000021173
  0.0000018272
  0.0000016024
 -0.0000009034
 -0.0000010407
 -0.0000021029
 -0.0000006967
  0.0000029178
  0.0000050752
 -0.0000031046
 -0.0000018795
  0.0000059917
  0.0000025737
 -0.0000017240
  0.0000033893
 -0.0000309647
  0.0000094765
  0.0000371389
  0.0000045589
  0.0000468521
  0.0000711664
  0.0000007036
  0.0000033207
  0.0000578668
  0.0000423364
 -0.0000086580
  0.0000228297
  0.0000131678
 -0.0000024014
 -0.0000549487
  0.0000000525
 -0.0000101475
  0.0000094272
 -0.0000039012
 -0.0000139127
 -0.0000421345
  0.0000198566
 -0.0000203444
 -0.0000350032
 -0.0000286425
 -0.0000284673
  0.0000030105
  0.0000070176
 -0.0000182860
  0.0000019251
  0.0000021986
  0.0000012334
  0.0000040303
 -0.0000044041
 -0.0000012506
 -0.0000082028
  0.0000030584
 -0.0000033945
  0.0000048960
 -0.0000043778
  0.0000004582
 -0.0000054088
 -0.0000100822
 -0.0000042276
  0.0000054521
  0.0000037041
  0.0000058027
  0.0000049588
  0.0000017774
  0.0000067838
  0.0000024341
  0.0000004401
 -0.0000071978
  0.0000027701
  0.0000041200
  0.0000002369
 -0.0000079820
  0.0000044386
  0.0000031858
 -0.0000047686
 -0.0000002862
 -0.0000006821
 -0.0000013034
 -0.0000000296
 -0.0000002664
  0.0000044089
 -0.0000037466
 -0.0000039284
  0.0000004621
 -0.0000005302
 -0.0000080564
  0.0000014020
  0.0000053736
  0.0000035036
  0.0000446295
  0.0000783764
  0.0000026802
  0.0000010457
  0.0000036001
 -0.0000014359
  0.0000063769
 -0.0000062125
  0.0000062848
  0.0000005846
 -0.0000039152
  0.0000153337
  0.0000041788
 -0.0000143407
  0.0000019211
  0.0000019161
  0.0000143754
 -0.0000041898
 -0.0000031874
 -0.0000352564
  0.0000089669
  0.0000034265
  0.0000053806
 -0.0000069706
  0.0000045405
 -0.0000054291
 -0.0000430694
  0.0000010054
 -0.0000140744
  0.0000175106
  0.0000088518
  0.0000069145
  0.0000014982
  0.0000057577
 -0.0000005362
  0.0000004479
  0.0000009683
 -0.0000002782
 -0.0000001889
  0.0000032741
  0.0000046532
  0.0000043600
  0.0000015907
  0.0000012920
  0.0000016341
  0.0000007471
  0.0000025064
 -0.0000081742
  0.0000012256
 -0.0000018171
  0.0000018840
  0.0000054803
  0.0000118983
  0.0000108489
  0.0000052781
 -0.0000018305
  0.0000162240
  0.0000099338
 -0.0000049909
  0.0000013146
  0.0000043823
  0.0000088578
 -0.0000051357
  0.0000044919
  0.0000060953
  0.0000093387
  0.0000022233
 -0.0000012760
 -0.0000010031
 -0.0000000445
  0.0000019722
 -0.0000030876
  0.0000054325
 -0.0000001472
  0.0000016080
  0.0000019498
  0.0000034020
  0.0000035540
 -0.0000054670
  0.0000003887
 -0.0000025784
  0.0000061183
  0.0000010647
 -0.0000014541
 -0.0000096021
  0.0000069459
  0.0000068305
  0.0000347432
  0.0000682836
  0.0000060441
  0.0000007730
  0.0000092159
  0.0000317081
  0.0000096700
  0.0000028030
  0.0000209750
  0.0000047061
  0.0000111993
 -0.0000481574
  0.0000170482
  0.0000023111
  0.0000017002
 -0.0000007124
 -0.0000425466
 -0.0000082908
 -0.0000110205
  0.0000159294
 -0.0000082805
  0.0000063048
  0.0000193267
  0.0000153399
  0.0000554702
 -0.0000001758
 -0.0000017933
  0.0000014192
  0.0000022509
 -0.0000013773
  0.0000019819
 -0.0000017559
 -0.0000010687
  0.0000064206
  0.0000010053
  0.0000024015
  0.0000030408
  0.0000082245
  0.0000056360
  0.0000021061
  0.0000051467
  0.0000126819
  0.0000058473
  0.0000012978
  0.0000067460
  0.0000017952
  0.0000058105
 -0.0000004249
  0.0000014920
  0.0000000063
 -0.0000016312
 -0.0000001433
  0.0000008597
  0.0000036816
 -0.0000000037
  0.0000023479
 -0.0000007297
 -0.0000002749
  0.0000008502
 -0.0000101700
  0.0000110226
  0.0000009816
  0.0000113509
  0.0000123553
  0.0000644059
  0.0000108851
  0.0000070463
  0.0000063475
  0.0000051569
  0.0000200484
  0.0000054987
 -0.0000023527
  0.0000063819
 -0.0000053783
  0.0000096541
 -0.0000109470
  0.0000126736
  0.0000066566
  0.0000143415
 -0.0000014279
  0.0000062184
 -0.0000223755
  0.0000091455
  0.0000132380
  0.0000055742
  0.0000026945
  0.0000053202
  0.0000022025
 -0.0000457698
 -0.0000022669
 -0.0000030593
  0.0000144959
  0.0000064027
  0.0000207538
 -0.0000025146
  0.0000049317
 -0.0000057189
  0.0000001107
 -0.0000011068
 -0.0000023315
  0.0000006953
 -0.0000138636
  0.0000010789
 -0.0000040521
 -0.0000004903
 -0.0000051774
 -0.0000095597
 -0.0000017047
  0.0000016218
  0.0000031573
 -0.0000003027
  0.0000040360
  0.0000011122
  0.0000073165
  0.0000024830
  0.0000001730
  0.0000039278
  0.0000131159
  0.0000025997
 -0.0000002707
  0.0000036399
  0.0000012975
  0.0000026678
  0.0000012398
 -0.0000028808
 -0.0000012905
 -0.0000015741
 -0.0000048294
  0.0000006362
  0.0000017545
 -0.0000010393
 -0.0000053351
  0.0000030853
 -0.0000054772
 -0.0000100583
  0.0000094143
  0.0000001748
  0.0000088021
  0.0000246597
  0.0000726767
  0.0000032207
 -0.0000040956
 -0.0000037223
  0.0000052749
  0.0000176711
  0.0000025193
  0.0000004205
  0.0000034793
  0.0000039178
  0.0000029127
  0.0000032471
 -0.0000131176
  0.0000101292
  0.0000042132
  0.0000162062
 -0.0000003319
  0.0000001224
 -0.0000278126
  0.0000075528
  0.0000101617
  0.0000044932
 -0.0000071214
  0.0000021400
 -0.0000012483
 -0.0000615065
 -0.0000042257
 -0.0000153065
  0.0000137839
 -0.0000135169
 -0.0000141751
  0.0000127971
  0.0000064883
 -0.0000049179
 -0.0000091453
 -0.0000114652
 -0.0000071413
  0.0000011149
 -0.0000035710
 -0.0000026572
 -0.0000008537
 -0.0000004283
 -0.0000136576
 -0.0000052242
  0.0000024358
 -0.0000009330
 -0.0000056201
 -0.0000070512
 -0.0000006131
 -0.0000014788
  0.0000037263
  0.0000033044
 -0.0000126595
 -0.0000054081
  0.0000018491
  0.0000015826
  0.0000008161
 -0.0000067495
 -0.0000097356
 -0.0000043584
  0.0000008383
 -0.0000121815
 -0.0000178571
  0.0000038478
 -0.0000027843
 -0.0000096320
  0.0000000045
  0.0000150497
 -0.0000050609
  0.0000045461
 -0.0000077429
 -0.0000002837
 -0.0000135375
 -0.0000190337
 -0.0000194914
  0.0000766817
  0.0000409480
  0.0000065908
 -0.0000101955
  0.0000454434
  0.0000304822
  0.0000177413
 -0.0000031658
  0.0000105169
  0.0000021202
  0.0000078665
  0.0000089248
 -0.0000004979
  0.0000034224
 -0.0000009707
  0.0000064204
  0.0000094236
  0.0000107688
  0.0000112039
  0.0000085184
  0.0000081464
  0.0000102415
  0.0000170319
  0.0000004653
  0.0000017743
 -0.0000309290
  0.0000132038
  0.0001413874
  0.0001247695
  0.0000864135
  0.0000189439
  0.0000098092
  0.0000111832
  0.0000224602
 -0.0000980828
  0.0001115348
 -0.0000029140
 -0.0000038064
  0.0002931594
  0.0000160732
  0.0000092330
  0.0000149152
 -0.0000388597
  0.0000111961
  0.0000190237
  0.0000179482
  0.0000301543
  0.0000114564
  0.0000016282
  0.0000004116
 -0.0000078032
  0.0000073295
  0.0000334456
  0.0000014130
  0.0000050658
  0.0000021621
  0.0000017611
  0.0000023158
 -0.0000006605
  0.0000029214
  0.0000083942
  0.0000064528
  0.0000100645
  0.0000093027
  0.0000020439
  0.0000066522
  0.0000051812
  0.0000006745
  0.0000014055
  0.0000082060
  0.0000068951
  0.0000016162
  0.0000023064
  0.0000091119
  0.0000059068
  0.0000026746
  0.0000041644
  0.0000060978
  0.0000066523
  0.0000044247
  0.0000020968
  0.0000028894
  0.0000034174
  0.0000041092
  0.0000061625
  0.0000027407
 -0.0000091747
  0.0000073415
  0.0000079345
  0.0000103554
  0.0000085761
  0.0000689585
  0.0000046990
 -0.0000002442
  0.0000050776
  0.0000030152
  0.0000126906
  0.0000084459
  0.0000096721
  0.0000047745
 -0.0000102268
  0.0000090868
  0.0000091225
  0.0000153086
  0.0000032900
  0.0000017825
 -0.0000341903
  0.0000091822
  0.0000063360
  0.0000041777
 -0.0000048944
  0.0000023326
 -0.0000543887
  0.0000039432
 -0.0000092604
  0.0000203897
 -0.0000148383
  0.0000080969
 -0.0000327109
  0.0000110901
  0.0000138589
  0.0000090278
  0.0000150096
  0.0000052263
  0.0000087090
  0.0000073981
  0.0000095264
  0.0000063374
  0.0000097956
  0.0000068152
  0.0000065797
  0.0000035589
  0.0000091564
  0.0000080331
  0.0000160362
  0.0000075048
  0.0000057085
  0.0000051186
  0.0000086075
  0.0000128500
  0.0000106392
 -0.0000026167
 -0.0000091211
 -0.0000157446
 -0.0000090761
 -0.0000071732
 -0.0000077301
 -0.0000012890
 -0.0000121373
  0.0000090238
 -0.0000081548
  0.0000131697
 -0.0000092903
  0.0000102763
 -0.0000030432
 -0.0000050549
 -0.0000162109
  0.0000144105
  0.0000075147
  0.0000102694
  0.0000092847
  0.0000037873
  0.0000054544
  0.0000071125
  0.0000053738
  0.0000068678
  0.0000072262
  0.0000063260
  0.0000086029
  0.0000050685
 -0.0000337809
  0.0000078074
  0.0000035888
  0.0000064897
  0.0000409172
  0.0000627014
  0.0000056990
 -0.0000023360
  0.0000128670
  0.0000021378
  0.0000014969
  0.0000305342
  0.0000074111
  0.0000016923
  0.0000016202
  0.0000214313
 -0.0000025468
 -0.0000057975
  0.0000176994
  0.0000046821
 -0.0000030669
  0.0000047652
 -0.0000142204
 -0.0000509783
  0.0000253112
  0.0000051924
  0.0000033329
  0.0000043571
  0.0000071310
  0.0000037295
 -0.0000070037
 -0.0000133616
 -0.0000332515
  0.0000136459
 -0.0000087058
  0.0000434841
 -0.0000003499
  0.0000033084
  0.0000021751
  0.0000016742
  0.0000042069
  0.0000056418
  0.0000044921
  0.0000044131
  0.0000010431
  0.0000017083
 -0.0000035519
  0.0000017697
 -0.0000008266
 -0.0000011338
  0.0000019342
 -0.0000033656
 -0.0000007815
  0.0000061710
 -0.0000038043
 -0.0000008264
  0.0000032961
  0.0000047870
  0.0000015447
  0.0000019497
  0.0000041688
  0.0000055377
 -0.0000026006
  0.0000019313
 -0.0000006644
  0.0000026092
  0.0000014645
  0.0000010282
 -0.0000012035
  0.0000004946
  0.0000048533
  0.0000009729
 -0.0000007124
  0.0000005944
  0.0000050557
 -0.0000002424
 -0.0000026811
 -0.0000011395
 -0.0000050023
  0.0000055701
  0.0000112673
  0.0000086663
  0.0000290781
  0.0000784933
  0.0000063249
 -0.0000007970
  0.0000080537
  0.0000115403
  0.0000163730
  0.0000088646
  0.0000114418
  0.0000065031
  0.0000039357
  0.0000088196
  0.0000169468
  0.0000016096
 -0.0000338963
  0.0000066965
  0.0000052027
  0.0000056954
 -0.0000021113
  0.0000006895
 -0.0000537628
 -0.0000053338
 -0.0000086766
  0.0000232080
  0.0000354755
  0.0000066981
  0.0000006550
 -0.0000033076
 -0.0000010642
  0.0000020194
  0.0000006852
  0.0000035256
 -0.0000009863
 -0.0000037834
  0.0000001148
 -0.0000010335
 -0.0000035972
  0.0000010836
  0.0000006638
 -0.0000019719
 -0.0000105865
  0.0000083101
  0.0000016516
  0.0000072888
  0.0000080602
  0.0000020103
 -0.0000147704
 -0.0000003996
 -0.0000011717
  0.0000004004
  0.0000052620
  0.0000085551
 -0.0000006522
  0.0000050107
  0.0000079922
 -0.0000019129
 -0.0000005373
 -0.0000007593
 -0.0000046918
  0.0000021166
 -0.0000014651
  0.0000019086
  0.0000003572
 -0.0000013627
 -0.0000054452
 -0.0000026368
 -0.0000017605
  0.0000005661
 -0.0000002169
 -0.0000113306
  0.0000078734
  0.0000016643
  0.0000082708
  0.0000486412
  0.0000569319
  0.0000061411
 -0.0000006335
  0.0000087082
  0.0000056275
  0.0000086420
  0.0000268106
  0.0000059895
  0.0000087692
  0.0000137534
 -0.0000039151
  0.0000118627
  0.0000074230
  0.0000111119
  0.0000044309
 -0.0000089293
 -0.0000452251
  0.0000026373
  0.0000091150
 -0.0000014497
 -0.0000032616
  0.0000022298
  0.0000012145
 -0.0000181048
 -0.0000007459
 -0.0000137279
  0.0000192558
  0.0000302230
 -0.0000351894
  0.0000071907
  0.0000033104
 -0.0000042006
 -0.0000003276
  0.0000096838
  0.0000008596
  0.0000067660
  0.0000093143
  0.0000083171
 -0.0000010500
  0.0000056846
  0.0000113266
 -0.0000030504
  0.0000095080
  0.0000032799
  0.0000044250
  0.0000137485
  0.0000134573
  0.0000118579
 -0.0000013295
  0.0000121248
  0.0000106176
  0.0000178094
  0.0000141289
 -0.0000010063
 -0.0000059099
  0.0000060423
  0.0000095794
  0.0000051529
 -0.0000317646
  0.0000130140
  0.0000061960
 -0.0000005605
 -0.0000021292
  0.0000263793
  0.0000094789
  0.0000216531
  0.0000102875
 -0.0000045033
 -0.0000402725
  0.0000303018
  0.0000355514
  0.0001343768
  0.0000646507
  0.0000087292
  0.0000256152
  0.0000550535
  0.0000468020
 -0.0000248189
  0.0000007163
 -0.0000165495
 -0.0000198510
 -0.0000101164
 -0.0000106779
  0.0000067431
 -0.0000180259
 -0.0000019074
 -0.0000123716
 -0.0000239472
 -0.0000030089
  0.0000044235
 -0.0000280458
 -0.0000149245
 -0.0000325269
 -0.0000139794
  0.0000019775
 -0.0000274784
 -0.0000802309
 -0.0000172166
  0.0002687912
  0.0000184197
 -0.0000950853
  0.0000472940
 -0.0000167298
 -0.0000231517
 -0.0000089912
 -0.0000179401
 -0.0000128840
 -0.0000682811
  0.0000092294
 -0.0000078434
 -0.0000175792
 -0.0000112109
 -0.0000238238
 -0.0000251055
 -0.0001832993
 -0.0000656576
  0.0000020006
  0.0000477708
 -0.0000206142
 -0.0000118333
 -0.0000445745
 -0.0000250281
 -0.0000130154
 -0.0000092530
 -0.0000164685
 -0.0000103141
 -0.0000105973
 -0.0000091904
 -0.0000143531
 -0.0000107431
 -0.0000126753
 -0.0000126758
 -0.0000106458
 -0.0000131339
 -0.0000161405
 -0.0000103823
 -0.0000067203
 -0.0000108862
 -0.0000146126
 -0.0000133008
 -0.0000072315
 -0.0000110218
 -0.0000041717
 -0.0000014649
 -0.0000090459
 -0.0000038028
 -0.0000100578
  0.0000035804
  0.0000031678
 -0.0000121970
  0.0000012069
 -0.0000034692
  0.0000026787
 -0.0000135997
  0.0000012097
 -0.0000036546
 -0.0000023493
 -0.0000107690
 -0.0000114027
 -0.0000076547
 -0.0000096614
 -0.0000136920
 -0.0000122038
 -0.0000115280
 -0.0000083579
 -0.0000102461
 -0.0000114575
 -0.0000122160
 -0.0000160149
 -0.0000212760
 -0.0000085164
 -0.0000051390
 -0.0000052470
  0.0000424410
  0.0000430373
 -0.0000092413
 -0.0000156862
 -0.0000071747
 -0.0000075237
 -0.0000018845
  0.0000195382
 -0.0000013529
 -0.0000073668
  0.0000053853
 -0.0000027780
 -0.0000206567
  0.0000063252
 -0.0000073556
  0.0000008138
 -0.0000108591
 -0.0000136286
 -0.0000598479
  0.0000047798
 -0.0000078638
 -0.0000037672
 -0.0000036779
 -0.0000110298
 -0.0000121674
 -0.0000161259
 -0.0000144660
 -0.0000433203
  0.0000021378
  0.0000019039
 -0.0000112471
 -0.0000004838
  0.0000065007
  0.0000001604
  0.0000017736
  0.0000016555
 -0.0000023430
 -0.0000003837
 -0.0000007426
 -0.0000010982
 -0.0000063258
  0.0000006795
  0.0000016835
  0.0000023740
 -0.0000038825
  0.0000029826
  0.0000062999
 -0.0000007949
  0.0000016669
 -0.0000004432
 -0.0000047894
  0.0000007077
 -0.0000033256
 -0.0000070390
  0.0000004579
  0.0000067309
 -0.0000134928
  0.0000099663
  0.0000023405
  0.0000215014
 -0.0000149284
 -0.0000225355
 -0.0000029412
  0.0000081601
 -0.0000049250
  0.0000045372
 -0.0000029216
 -0.0000084595
  0.0000125276
  0.0000033710
  0.0000007013
 -0.0000011650
  0.0000020520
 -0.0000011996
 -0.0000035479
 -0.0000029928
  0.0000019861
  0.0000011560
  0.0000016331
  0.0000016316
  0.0000006434
  0.0000033649
  0.0000021778
 -0.0000000006
 -0.0000030064
 -0.0000007999
 -0.0000010168
  0.0000005964
 -0.0000345469
  0.0000035422
  0.0000070695
  0.0000098875
  0.0000407425
  0.0000625790
  0.0000028013
 -0.0000007806
  0.0000009289
  0.0000033962
  0.0000396901
  0.0000115817
 -0.0000051566
  0.0000156994
  0.0000192978
  0.0000058531
  0.0000036070
 -0.0000078238
 -0.0000460913
  0.0000279570
 -0.0000060355
  0.0000090147
  0.0000107997
 -0.0000105837
 -0.0000148808
 -0.0000387595
  0.0000138531
  0.0000025530
 -0.0000003295
 -0.0000029720
 -0.0000023402
 -0.0000030449
 -0.0000076221
 -0.0000043762
 -0.0000006587
 -0.0000011069
 -0.0000039356
  0.0000007619
  0.0000035842
  0.0000030386
  0.0000034469
  0.0000029732
 -0.0000010307
  0.0000005840
  0.0000017600
 -0.0000023365
 -0.0000084501
  0.0000001092
  0.0000035486
 -0.0000016742
 -0.0000087900
  0.0000033832
  0.0000025622
 -0.0000019924
 -0.0000046492
 -0.0000003864
 -0.0000025629
 -0.0000032146
 -0.0000027750
 -0.0000044398
  0.0000035309
  0.0000033706
 -0.0000062190
  0.0000028868
 -0.0000023123
  0.0000006452
 -0.0000122260
  0.0000041497
  0.0000044368
  0.0000073240
  0.0000285433
  0.0000729080
  0.0000066740
  0.0000035543
  0.0000006454
 -0.0000022227
  0.0000055656
  0.0000046100
  0.0000056084
  0.0000003774
  0.0000040307
 -0.0000018235
 -0.0000096981
  0.0000060211
  0.0000060256
  0.0000108818
  0.0000020343
 -0.0000081683
 -0.0000384137
  0.0000051019
  0.0000044283
 -0.0000007345
 -0.0000083173
  0.0000041947
 -0.0000011686
 -0.0000601382
  0.0000018297
 -0.0000191737
  0.0000163015
 -0.0000216264
  0.0000218742
  0.0000144091
  0.0000136710
  0.0000179747
  0.0000016090
  0.0000101816
 -0.0000005199
 -0.0000011046
 -0.0000009892
  0.0000077130
  0.0000006876
  0.0000031665
 -0.0000009732
 -0.0000040822
  0.0000035414
 -0.0000034842
  0.0000031102
  0.0000044680
  0.0000047840
 -0.0000032130
  0.0000022522
  0.0000059154
  0.0000010571
  0.0000136486
  0.0000069756
  0.0000016915
  0.0000016297
  0.0000083229
 -0.0000386575
  0.0000050210
 -0.0000165057
 -0.0000013084
 -0.0000082425
  0.0000006530
 -0.0000132123
  0.0000180689
 -0.0000205880
 -0.0000183515
 -0.0000228452
 -0.0000202722
 -0.0000011361
  0.0000145696
 -0.0000017082
  0.0000228427
  0.0000011999
  0.0000143308
  0.0000089014
 -0.0000162786
  0.0000232472
  0.0000010952
  0.0000025328
  0.0000019349
  0.0000042383
  0.0000034854
 -0.0000006431
  0.0000011906
  0.0000008278
  0.0000017336
  0.0000053704
  0.0000086272
  0.0000098969
  0.0000019726
  0.0000025519
  0.0000047606
  0.0000070103
  0.0000034008
  0.0000021536
 -0.0000340275
  0.0000044028
  0.0000437710
  0.0000487442
  0.0000783021
  0.0000050089
  0.0000102276
  0.0000065810
  0.0000014140
  0.0000551251
  0.0000248729
 -0.0000076261
  0.0000617734
  0.0000286028
  0.0000066157
 -0.0000153086
  0.0000059404
 -0.0000012074
  0.0000058128
 -0.0000017385
 -0.0000232088
 -0.0000561732
  0.0000324105
 -0.0000207641
 -0.0000026034
  0.0000065293
 -0.0000181746
  0.0000020172
  0.0000014612
  0.0000055375
  0.0000013863
  0.0000022860
 -0.0000053318
  0.0000049534
 -0.0000030635
 -0.0000008719
  0.0000022629
  0.0000018546
 -0.0000079586
  0.0000029970
 -0.0000027210
  0.0000070969
 -0.0000010369
 -0.0000024518
  0.0000039110
 -0.0000061617
  0.0000043774
  0.0000028856
  0.0000074979
 -0.0000038088
  0.0000051346
 -0.0000003507
 -0.0000000819
 -0.0000023515
  0.0000049212
  0.0000007517
  0.0000013347
  0.0000021856
  0.0000015077
  0.0000029930
  0.0000041043
  0.0000061577
  0.0000017122
  0.0000014579
  0.0000021224
  0.0000022810
  0.0000013184
 -0.0000076896
  0.0000072498
  0.0000063463
  0.0000105657
  0.0000439895
  0.0000703283
  0.0000101095
  0.0000072178
  0.0000042006
  0.0000035036
  0.0000101529
  0.0000116219
  0.0000066451
 -0.0000007537
  0.0000049480
  0.0000102778
  0.0000046302
 -0.0000075325
  0.0000084509
  0.0000092837
  0.0000163275
  0.0000044591
 -0.0000058520
 -0.0000377672
  0.0000055652
  0.0000070652
  0.0000020021
 -0.0000028253
  0.0000082483
  0.0000022303
 -0.0000293212
 -0.0000025881
 -0.0000188144
  0.0000174584
  0.0000178598
  0.0000110828
  0.0000091962
  0.0000139598
  0.0000013277
  0.0000034766
  0.0000051389
  0.0000011712
  0.0000001777
  0.0000035359
  0.0000061643
  0.0000066593
  0.0000059979
  0.0000022749
  0.0000012353
  0.0000074911
 -0.0000046325
  0.0000052483
  0.0000068532
 -0.0000000573
 -0.0000064153
  0.0000025481
  0.0000051697
  0.0000015703
  0.0000098728
  0.0000019222
  0.0000061221
  0.0000027528
  0.0000036219
  0.0000080355
 -0.0000156426
  0.0000006885
 -0.0000069832
  0.0000059558
  0.0000051382
 -0.0000044852
 -0.0000018054
 -0.0000019599
  0.0000135089
  0.0000118990
  0.0000362128
  0.0000196130
  0.0000114825
 -0.0000263651
  0.0000187861
  0.0000144560
 -0.0000076323
  0.0000127795
 -0.0000065835
  0.0000054826
  0.0000148211
  0.0000082388
  0.0000094108
  0.0000090901
  0.0000060315
  0.0000097046
  0.0000050999
  0.0000100329
  0.0000038679
  0.0000095426
  0.0000165008
  0.0000015949
  0.0000090060
 -0.0000008880
  0.0000150068
  0.0000104734
  0.0000078286
  0.0000136864
  0.0000138276
  0.0000778733
  0.0000761774
  0.0000957024
  0.0000099811
  0.0000045897
  0.0000150583
 -0.0000576768
  0.0000965144
 -0.0000051718
  0.0001868439
  0.0000115732
  0.0000233674
  0.0000085867
 -0.0000268497
 -0.0000287021
  0.0000135652
  0.0000534076
  0.0000095439
  0.0000008277
 -0.0000208872
 -0.0000779912
  0.0000206418
  0.0000068101
  0.0000157775
  0.0000004774
  0.0000053045
 -0.0000015985
  0.0000004689
  0.0000121462
 -0.0000015484
  0.0000023684
 -0.0000015440
  0.0000014467
 -0.0000041953
  0.0000040093
 -0.0000056195
  0.0000017949
  0.0000020020
  0.0000005668
 -0.0000007458
  0.0000006255
  0.0000050380
 -0.0000033489
  0.0000043511
 -0.0000112455
 -0.0000017657
 -0.0000087894
  0.0000007126
  0.0000101689
  0.0000039126
  0.0000102143
  0.0000058299
  0.0000068454
  0.0000209519
 -0.0000267132
 -0.0000090659
  0.0000001946
 -0.0000005946
  0.0000178265
 -0.0000082146
 -0.0000025363
  0.0000153252
  0.0000117290
 -0.0000008989
 -0.0000022972
 -0.0000047844
  0.0000020668
  0.0000016576
 -0.0000015061
 -0.0000011238
  0.0000002707
 -0.0000022131
 -0.0000023688
  0.0000029708
  0.0000050811
 -0.0000058006
 -0.0000024107
 -0.0000038790
  0.0000002190
  0.0000016455
  0.0000010549
 -0.0000305277
  0.0000059357
  0.0000227805
  0.0000039741
  0.0000473486
  0.0000527396
  0.0000012916
  0.0000482312
  0.0000258422
 -0.0000210911
  0.0000158788
  0.0000057141
 -0.0000011983
 -0.0000325037
  0.0000299196
  0.0000136834
  0.0000039047
 -0.0000042038
 -0.0000042599
 -0.0000353157
  0.0000094743
  0.0000328473
  0.0000227749
 -0.0000016409
  0.0000262480
 -0.0000051695
 -0.0000064740
 -0.0000094027
  0.0000287538
 -0.0000062403
 -0.0000027919
  0.0000013849
 -0.0000045339
 -0.0000053027
 -0.0000136565
  0.0000092947
  0.0000023596
  0.0000239573
 -0.0000145621
  0.0000047057
  0.0000144347
 -0.0000058123
  0.0000369397
  0.0000176765
 -0.0000060447
  0.0000037701
 -0.0000022287
  0.0000055195
  0.0000007331
 -0.0000052939
 -0.0000012398
 -0.0000108574
 -0.0000047266
 -0.0000122343
 -0.0000121236
 -0.0000027302
 -0.0000092861
 -0.0000255495
 -0.0000226167
 -0.0000162606
  0.0000028111
 -0.0000298271
 -0.0000139866
  0.0000080136
  0.0000009794
  0.0000016777
 -0.0000104940
 -0.0000031710
 -0.0000006231
  0.0000047259
 -0.0000035969
  0.0000063368
  0.0000051815
 -0.0000043193
 -0.0000003697
  0.0000002380
  0.0000033371
  0.0000027432
  0.0000065271
  0.0000159482
  0.0000023066
 -0.0000037236
 -0.0000096166
  0.0000024160
  0.0000134945
 -0.0000005016
 -0.0000410423
  0.0000035801
  0.0000558145
  0.0000066825
  0.0000035487
  0.0000093356
 -0.0000131382
  0.0000673258
  0.0000892428
  0.0000106571
  0.0000016846
 -0.0000214132
  0.0000013889
  0.0000087301
 -0.0000062672
  0.0000033483
 -0.0000025580
 -0.0000212932
 -0.0000741979
 -0.0000052708
  0.0000475305
  0.0000692964
  0.0000426192
  0.0000453349
  0.0000279411
  0.0000481127
  0.0000200682
  0.0000268240
  0.0000269477
  0.0000598642
  0.0000197374
  0.0000221102
  0.0000341609
  0.0000514692
  0.0000214528
  0.0000202395
  0.0000248934
  0.0000482169
  0.0000278823
  0.0000513185
  0.0000287041
  0.0000323840
  0.0000515544
  0.0000346848
  0.0000501473
  0.0000413072
  0.0000195349
  0.0000313881
  0.0000432978
 -0.0000234576
  0.0000260354
 -0.0000152559
  0.0000261129
  0.0000179847
  0.0000213083
  0.0000978500
  0.0001008873
  0.0000890388
  0.0000791425
  0.0000920299
  0.0000844620
  0.0000705000
  0.0000737235
  0.0000935838
  0.0000734705
  0.0000946858
  0.0000746896
  0.0000764157
  0.0001151438
  0.0001178111
  0.0000355682
 -0.0000013222
  0.0000047345
  0.0000229626
  0.0000213924
  0.0000217774
  0.0000145238
  0.0000358996
  0.0000072852
  0.0000075401
  0.0000240186
  0.0000487454
  0.0000160833
  0.0000117692
  0.0000210207
  0.0000172344
  0.0000543942
  0.0000102021
  0.0000919591
  0.0000191673
  0.0008283854
  0.0000016808
  0.0000062435
 -0.0000071380
  0.0000242514
  0.0000062306
  0.0005468437
  0.0000325950
 -0.0001846939
  0.0000117259
  0.0000067238
  0.0000108808
  0.0000972235
  0.0001571993
  0.0000149413
  0.0002034564
  0.0000042685
  0.0000280910
  0.0000887848
 -0.0000292934
  0.0000075565
 -0.0000084570
  0.0000013375
  0.0000020021
  0.0000005015
  0.0000001907
  0.0000043886
  0.0000060142
  0.0000026224
  0.0000014844
  0.0000029795
  0.0000055975
  0.0000083304
  0.0000005057
  0.0000008639
  0.0000034132
  0.0000067483
  0.0000016645
 -0.0000028099
  0.0000023661
  0.0000013311
 -0.0000016921
 -0.0000066733
 -0.0000090719
 -0.0000108098
 -0.0000118645
 -0.0000079963
 -0.0000106013
 -0.0000008341
 -0.0000058370
  0.0000056016
 -0.0000137786
  0.0000125943
 -0.0000121119
  0.0000068254
  0.0000070228
 -0.0000099886
 -0.0000127867
 -0.0000000817
  0.0000047188
 -0.0000020778
  0.0000047858
  0.0000002638
  0.0000025393
  0.0000064974
  0.0000016555
 -0.0000043751
  0.0000040599
  0.0000004551
  0.0000066348
  0.0000014735
  0.0000012107
  0.0000040607
 -0.0000000468
 -0.0000335990
  0.0000061915
  0.0000058630
  0.0000028083
  0.0000408876
  0.0000475331
  0.0000069775
 -0.0000009580
  0.0000027320
  0.0000039156
  0.0000322440
  0.0000099406
 -0.0000004751
  0.0000117338
 -0.0000063968
  0.0000170836
  0.0000014158
 -0.0000026418
  0.0000014425
 -0.0000148262
 -0.0000485629
  0.0000277698
  0.0000032944
 -0.0000038165
 -0.0000007463
  0.0000075440
 -0.0000113981
 -0.0000139881
 -0.0000405348
  0.0000147698
  0.0000190292
  0.0000096742
  0.0000023361
  0.0000064689
  0.0000043555
  0.0000004956
  0.0000112569
  0.0000013703
  0.0000052210
  0.0000019966
  0.0000016332
 -0.0000023471
  0.0000048033
 -0.0000031751
  0.0000027856
  0.0000034742
  0.0000021512
  0.0000074815
 -0.0000097396
  0.0000062468
 -0.0000092908
 -0.0000010357
  0.0000021850
 -0.0000006113
  0.0000100517
  0.0000049305
 -0.0000007050
 -0.0000112304
  0.0000040212
  0.0000146353
  0.0000084125
  0.0000064295
  0.0000042318
  0.0000065462
  0.0000110306
  0.0000079078
 -0.0000011048
  0.0000036894
  0.0000023596
 -0.0000035279
  0.0000049374
  0.0000008341
  0.0000046073
  0.0000034935
  0.0000016230
 -0.0000026541
  0.0000034836
 -0.0000022440
  0.0000046409
  0.0000076685
 -0.0000005149
 -0.0000002789
 -0.0000041347
  0.0000005484
  0.0000005175
  0.0000002463
 -0.0000098304
  0.0000128257
  0.0000053956
  0.0000380184
  0.0000592047
  0.0000044244
  0.0000428536
  0.0000166655
 -0.0000073512
  0.0000231661
  0.0000081163
  0.0000076690
  0.0000043987
 -0.0000410516
  0.0000350038
  0.0000037841
  0.0000028703
  0.0000074453
 -0.0000244785
 -0.0000114304
 -0.0000084786
  0.0000174329
 -0.0000009741
 -0.0000004296
  0.0000007641
  0.0000001470
 -0.0000045859
 -0.0000010903
  0.0000012035
  0.0000045173
 -0.0000046220
  0.0000028519
  0.0000118575
  0.0000106778
  0.0000122768
 -0.0000074630
  0.0000106071
  0.0000026888
 -0.0000025525
 -0.0000041539
  0.0000089422
  0.0000028776
  0.0000041094
 -0.0000041555
 -0.0000010332
 -0.0000055278
 -0.0000027799
 -0.0000006809
 -0.0000057386
 -0.0000014364
  0.0000022564
 -0.0000031091
 -0.0000053545
 -0.0000002371
  0.0000031150
 -0.0000062909
 -0.0000133680
  0.0000031183
 -0.0000018102
  0.0000150927
  0.0000039624
  0.0000482099
 -0.0000034042
  0.0000034879
  0.0000036209
 -0.0000050647
  0.0000127744
  0.0000076943
 -0.0000041123
 -0.0000029728
 -0.0000205968
  0.0000025731
 -0.0000153885
  0.0000120532
  0.0000097494
  0.0000077229
  0.0000016150
 -0.0000016386
 -0.0000198530
  0.0000013388
  0.0000046458
 -0.0000078511
  0.0000072186
  0.0000040202
 -0.0000091496
 -0.0000543726
 -0.0000011211
 -0.0000123392
  0.0000153783
 -0.0000063678
 -0.0000037641
 -0.0000076834
  0.0000055635
 -0.0000007089
  0.0000033403
 -0.0000082107
 -0.0000060225
 -0.0000000584
  0.0000057305
  0.0000027434
 -0.0000048218
  0.0000050754
 -0.0000072431
  0.0000070826
 -0.0000011650
 -0.0000044211
 -0.0000065838
 -0.0000017327
  0.0000003915
  0.0000005474
 -0.0000003949
 -0.0000026246
  0.0000046780
 -0.0000001341
 -0.0000018641
 -0.0000548013
  0.0000092753
 -0.0000093206
  0.0000064756
  0.0000707793
 -0.0000008102
 -0.0000146818
  0.0000009066
  0.0000158083
  0.0000095212
  0.0000012392
 -0.0000036177
  0.0000034667
  0.0000075338
  0.0000071187
  0.0000074756
 -0.0000205406
 -0.0000027792
  0.0000115383
 -0.0000093947
  0.0000030424
 -0.0000139928
 -0.0000006722
  0.0000478655
  0.0000123811
  0.0000002139
  0.0000240143
  0.0000017439
 -0.0000030715
 -0.0000020480
  0.0000037134
  0.0000052148
  0.0000037364
  0.0000062701
  0.0000025456
 -0.0000033062
 -0.0000044135
  0.0000058368
  0.0000044583
  0.0000189846
 -0.0000005154
  0.0000019406
 -0.0000038340
  0.0000004454
  0.0000035626
  0.0000026151
  0.0000036084
  0.0000089971
 -0.0000051936
 -0.0000028462
  0.0000013728
  0.0000018908
  0.0000061592
 -0.0000024213
  0.0000052616
  0.0000062755
 -0.0000000820
  0.0000004691
 -0.0000254615
  0.0000088274
 -0.0000084688
  0.0000120893
  0.0000460421
  0.0000431414
  0.0000024209
  0.0000010181
  0.0000076314
 -0.0000196362
  0.0000058488
  0.0000118085
  0.0000087509
  0.0000003527
 -0.0000177768
  0.0000109995
  0.0000098878
 -0.0000025203
  0.0000008480
  0.0000145648
 -0.0000039455
  0.0000030688
  0.0000065050
  0.0000012384
 -0.0000156683
  0.0000037878
 -0.0000009449
 -0.0000151377
  0.0000077490
  0.0000266116
  0.0000008284
  0.0000026114
  0.0000008044
 -0.0000004647
 -0.0000024502
  0.0000047652
  0.0000163246
  0.0000122087
  0.0000141523
 -0.0000050825
  0.0000119356
  0.0000059244
  0.0000052398
 -0.0000030090
  0.0000104390
  0.0000000950
  0.0000082140
 -0.0000017490
  0.0000001911
  0.0000009347
  0.0000014497
 -0.0000014582
  0.0000018883
  0.0000036921
  0.0000039706
  0.0000015069
  0.0000021182
  0.0000013874
 -0.0000025937
  0.0000020801
 -0.0000125398
  0.0000056009
  0.0000005820
  0.0000167373
  0.0000130862
  0.0000429555
 -0.0000027500
 -0.0000003123
  0.0000006422
 -0.0000069881
  0.0000137639
  0.0000101781
  0.0000005656
 -0.0000005234
  0.0000145219
  0.0000111413
  0.0000080812
  0.0000004472
 -0.0000121801
 -0.0000171255
  0.0000028309
  0.0000067964
 -0.0000144003
  0.0000053695
  0.0000037072
 -0.0000606529
  0.0000004513
  0.0000192859
  0.0000030113
  0.0000001147
 -0.0000149282
  0.0000053697
  0.0000035788
 -0.0000082451
 -0.0000031969
  0.0000042978
  0.0000052028
 -0.0000053990
  0.0000024306
 -0.0000086540
  0.0000036160
 -0.0000041680
 -0.0000006422
  0.0000042939
  0.0000057855
  0.0000004057
 -0.0000006803
 -0.0000016494
 -0.0000037753
 -0.0000007814
 -0.0000032385
 -0.0000003347
 -0.0000010773
 -0.0000011981
 -0.0000010109
 -0.0000644455
 -0.0000123895
  0.0000007270
  0.0000173709
  0.0000012904
 -0.0000068940
  0.0000536981
  0.0000122819
 -0.0000028325
 -0.0000018631
  0.0000178982
  0.0000027444
  0.0000089969
  0.0000058162
  0.0000032958
  0.0000184897
 -0.0000042218
 -0.0000099568
  0.0000046246
 -0.0000176201
 -0.0000044852
  0.0000011575
  0.0000043990
  0.0000081900
  0.0000291446
  0.0000010704
 -0.0000080958
 -0.0000052983
 -0.0000054397
  0.0000027379
 -0.0000081956
 -0.0000052160
 -0.0000018873
 -0.0000146230
 -0.0000083476
  0.0000041413
  0.0000032096
 -0.0000022484
 -0.0000038452
 -0.0000110210
 -0.0000029748
  0.0000020965
 -0.0000039268
 -0.0000056236
 -0.0000018180
  0.0000007587
  0.0000006070
  0.0000000672
 -0.0000012071
  0.0000023977
  0.0000002091
 -0.0000025891
 -0.0000229682
  0.0000072403
 -0.0000121976
  0.0000093129
  0.0000620950
  0.0000036547
 -0.0000092971
  0.0000053036
 -0.0000303773
  0.0000252823
  0.0000104393
  0.0000030635
  0.0000015359
 -0.0000177507
  0.0000102983
  0.0000061506
  0.0000009756
 -0.0000017859
  0.0000095103
 -0.0000076882
  0.0000085021
 -0.0000329756
 -0.0000217705
  0.0000003453
 -0.0000134707
  0.0000101879
  0.0000252900
  0.0000023194
 -0.0000024264
  0.0000099968
  0.0000001432
 -0.0000161300
  0.0000184747
 -0.0000093368
 -0.0000025539
 -0.0000142595
  0.0000015066
 -0.0000015817
  0.0000172668
 -0.0000066835
 -0.0000050897
 -0.0000036605
 -0.0000149585
  0.0000006054
 -0.0000002321
  0.0000026774
 -0.0000027099
  0.0000003171
  0.0000013988
 -0.0000025480
 -0.0000031811
 -0.0000017873
 -0.0000003969
 -0.0000029085
  0.0000025253
 -0.0000654528
  0.0000256063
 -0.0000104091
  0.0000112672
 -0.0000273791
  0.0000020074
 -0.0000188148
  0.0000049158
  0.0000068944
 -0.0000003638
  0.0000087385
 -0.0000276688
  0.0000024737
  0.0000026999
 -0.0000079552
 -0.0000190477
  0.0000060089
 -0.0000271482
 -0.0000217077
  0.0000114501
  0.0000014714
 -0.0000218732
 -0.0000019417
  0.0000254152
 -0.0000059808
 -0.0000149369
  0.0000091858
 -0.0000123693
 -0.0000016062
 -0.0000131276
  0.0000023081
  0.0000027724
  0.0000140425
 -0.0000017275
 -0.0000093070
  0.0000013857
 -0.0000140376
  0.0000008323
  0.0000036242
  0.0000026387
 -0.0000018102
  0.0000006591
  0.0000028838
  0.0000003570
  0.0000013275
 -0.0000002387
  0.0000029570
  0.0000003998
  0.0000023289
 -0.0000686849
 -0.0000045755
  0.0000031794
  0.0000107582
  0.0000027523
 -0.0000053634
  0.0000458421
  0.0000050536
 -0.0000075597
  0.0000057118
  0.0000174242
 -0.0000011816
  0.0000115714
  0.0000040613
  0.0000021177
  0.0000163439
 -0.0000078149
 -0.0000117010
  0.0000061099
 -0.0000201857
 -0.0000043591
  0.0000071231
  0.0000034849
  0.0000059509
  0.0000397204
 -0.0000028837
  0.0000036683
  0.0000039124
  0.0000052721
 -0.0000010031
 -0.0000018343
 -0.0000021540
  0.0000017620
  0.0000079229
 -0.0000078323
  0.0000183556
 -0.0000010940
  0.0000075749
 -0.0000034683
  0.0000009348
 -0.0000021033
  0.0000052580
  0.0000007756
  0.0000049652
 -0.0000026552
  0.0000047279
 -0.0000009793
 -0.0000029933
  0.0000007526
  0.0000048662
  0.0000023007
 -0.0000006337
 -0.0000226138
 -0.0000084657
  0.0000114335
  0.0000583258
  0.0000038122
  0.0000044896
  0.0000328270
  0.0000050689
  0.0000086775
  0.0000065137
 -0.0000025463
  0.0000076551
  0.0000015376
  0.0000041540
  0.0000114236
 -0.0000047868
  0.0000034100
  0.0000128357
 -0.0000191918
  0.0000080789
  0.0000946475
  0.0000061230
 -0.0000097979
  0.0000300383
 -0.0000099900
 -0.0000069496
  0.0000027941
 -0.0000065423
  0.0000011704
 -0.0000133867
 -0.0000038009
  0.0000045236
 -0.0000233664
 -0.0000066596
 -0.0000093205
 -0.0000009348
 -0.0000158730
  0.0000054373
 -0.0000081940
 -0.0000053635
  0.0000004701
 -0.0000059260
 -0.0000028465
 -0.0000021087
 -0.0000035610
  0.0000022274
  0.0000022344
  0.0000001321
 -0.0000037745
 -0.0000007053
 -0.0000033618
 -0.0000039758
 -0.0000279979
  0.0000037742
 -0.0000147643
  0.0000055888
  0.0000668439
  0.0000003153
 -0.0000003261
  0.0000054145
 -0.0000423003
  0.0000208456
  0.0000081742
  0.0000017241
 -0.0000014916
 -0.0000053409
  0.0000032478
  0.0000086208
  0.0000041269
 -0.0000048726
  0.0000064185
  0.0000025183
 -0.0000078253
  0.0000046619
 -0.0000243924
  0.0000037677
  0.0000133642
  0.0000059094
 -0.0000206983
  0.0000231505
  0.0000007675
 -0.0000039343
 -0.0000117990
  0.0000080664
  0.0000087566
 -0.0000076471
 -0.0000010620
  0.0000067149
  0.0000097174
 -0.0000028620
  0.0000061174
 -0.0000084804
  0.0000063165
 -0.0000019834
  0.0000028078
  0.0000094933
  0.0000085163
  0.0000008632
  0.0000029039
 -0.0000009899
  0.0000022823
 -0.0000001835
  0.0000014143
 -0.0000000122
 -0.0000013633
 -0.0000004491
 -0.0000733524
 -0.0000069281
  0.0000029114
 -0.0000687820
  0.0000283994
  0.0000028330
 -0.0000488787
  0.0000149778
 -0.0000057617
  0.0000005880
  0.0000053045
  0.0000126010
  0.0000007308
  0.0000010582
 -0.0000067907
 -0.0000056441
  0.0000073588
 -0.0000299336
 -0.0000020044
  0.0000261761
  0.0000046855
 -0.0000221678
 -0.0000014071
 -0.0000006776
 -0.0000036119
  0.0000105138
  0.0000008878
 -0.0000053370
  0.0000233308
 -0.0000051215
 -0.0000053256
 -0.0000085615
 -0.0000037481
 -0.0000093206
  0.0000157260
 -0.0000101012
  0.0000015982
 -0.0000086310
 -0.0000013340
 -0.0000045492
  0.0000036289
  0.0000019037
 -0.0000049324
 -0.0000012802
 -0.0000002886
 -0.0000005360
  0.0000020453
 -0.0000005903
 -0.0000026689
  0.0000017675
 -0.0000502485
  0.0000131956
  0.0000083710
  0.0000092762
  0.0000067775
 -0.0000089161
  0.0000089754
  0.0000033882
 -0.0000052416
  0.0000054235
  0.0000019781
  0.0000042254
  0.0000035843
 -0.0000022376
 -0.0000003142
 -0.0000169699
 -0.0000389937
  0.0000220323
 -0.0000177923
 -0.0000306049
  0.0000053609
  0.0000007767
 -0.0000293236
 -0.0000026116
 -0.0000027383
  0.0000037005
 -0.0000041843
 -0.0000107535
  0.0000024952
  0.0000027531
 -0.0000013888
  0.0000087834
 -0.0000045991
  0.0000042878
  0.0000055879
  0.0000134940
 -0.0000067338
 -0.0000050733
  0.0000119062
  0.0000145156
  0.0000051291
  0.0000009296
 -0.0000009040
  0.0000013482
 -0.0000021894
  0.0000004724
  0.0000011899
  0.0000013203
 -0.0000001961
  0.0000102234
 -0.0000031799
 -0.0000172912
  0.0000055054
 -0.0000029251
  0.0000032455
  0.0000064274
  0.0000061958
 -0.0000001416
  0.0000051057
  0.0000105157
 -0.0000000772
 -0.0000117520
 -0.0000303698
 -0.0000076824
 -0.0000245608
  0.0000144638
 -0.0000000598
 -0.0000271413
 -0.0000020445
  0.0000011150
 -0.0000030238
 -0.0000009231
  0.0000021280
 -0.0000011345
  0.0000006922
  0.0000034050
  0.0000013167
  0.0000065193
 -0.0000016763
 -0.0000000650
  0.0000067954
  0.0000120902
 -0.0000009692
  0.0000002660
  0.0000026120
 -0.0000004498
 -0.0000010268
 -0.0000028004
 -0.0000007210
 -0.0000042468
  0.0000004365
 -0.0000036474
  0.0000004646
 -0.0000009642
 -0.0000065935
 -0.0000031701
 -0.0000017460
 -0.0000039320
 -0.0000036077
 -0.0000119870
  0.0000014721
  0.0000053826
  0.0000277234
  0.0000495198
  0.0000034453
 -0.0000019303
  0.0000036421
  0.0000166267
 -0.0000053188
 -0.0000030291
 -0.0000002914
  0.0000034711
  0.0000034710
  0.0000099457
 -0.0000010701
 -0.0000304221
  0.0000075378
  0.0000021192
 -0.0000082681
  0.0000025163
  0.0000005166
 -0.0000540498
 -0.0000026882
  0.0000126025
 -0.0000151456
 -0.0000097052
 -0.0000053412
 -0.0000003075
  0.0000056210
 -0.0000007094
 -0.0000057963
 -0.0000039586
  0.0000016902
  0.0000024571
 -0.0000194174
 -0.0000013531
 -0.0000016946
 -0.0000064560
 -0.0000125699
  0.0000068341
 -0.0000012452
  0.0000015913
 -0.0000015757
  0.0000016800
 -0.0000009952
  0.0000011455
  0.0000002232
  0.0000014841
 -0.0000023701
 -0.0000007755
  0.0000004708
 -0.0000512443
 -0.0000105488
  0.0000088887
 -0.0000007347
  0.0000028307
  0.0000084662
  0.0000042336
  0.0000043641
  0.0000048859
  0.0000084691
  0.0000019322
  0.0000074386
 -0.0000027463
  0.0000108449
 -0.0000381158
 -0.0000096052
  0.0000055579
  0.0000094680
 -0.0000063319
  0.0000286945
  0.0000034029
  0.0000007491
  0.0000002635
  0.0000015685
  0.0000042531
 -0.0000086595
  0.0000167930
  0.0000030395
  0.0000057625
 -0.0000035850
  0.0000230436
 -0.0000106869
  0.0000142153
  0.0000103622
  0.0000252684
  0.0000045150
  0.0000033268
 -0.0000001801
  0.0000005221
 -0.0000014003
 -0.0000014494
 -0.0000039088
 -0.0000027987
 -0.0000017857
  0.0000054312
 -0.0000364809
  0.0000107528
 -0.0000027435
  0.0000101249
 -0.0000062957
  0.0000051727
  0.0000006946
  0.0000027335
 -0.0000011942
  0.0000030282
  0.0000056632
 -0.0000017327
 -0.0000125394
 -0.0000358048
  0.0000126269
 -0.0000102869
 -0.0000187481
  0.0000076508
  0.0000008726
 -0.0000249521
 -0.0000040401
  0.0000033083
 -0.0000012446
  0.0000121026
  0.0000142952
  0.0000021145
  0.0000006738
  0.0000039061
 -0.0000010809
  0.0000065997
 -0.0000027754
  0.0000132053
 -0.0000011135
  0.0000011721
  0.0000014725
  0.0000033416
  0.0000043150
 -0.0000020198
  0.0000017324
  0.0000023530
  0.0000044115
 -0.0000048240
  0.0000031878
  0.0000049535
  0.0000026974
 -0.0000732136
  0.0000064489
 -0.0000027900
  0.0000031115
  0.0000109067
  0.0000049512
  0.0000047707
  0.0000491911
  0.0000025399
 -0.0000130751
 -0.0000132198
  0.0000022409
  0.0000105958
 -0.0000177988
  0.0000097321
  0.0000008648
  0.0000010760
  0.0000117592
 -0.0000068163
 -0.0000184996
  0.0000107977
 -0.0000256410
 -0.0000121189
  0.0000100764
  0.0000028128
  0.0000001198
  0.0000364629
  0.0000013687
 -0.0000008701
  0.0000015582
  0.0000090655
 -0.0000009889
 -0.0000053094
  0.0000030945
 -0.0000012330
  0.0000050260
 -0.0000024908
 -0.0000019205
  0.0000027031
 -0.0000101334
 -0.0000001459
 -0.0000023262
  0.0000050042
 -0.0000060798
 -0.0000012142
 -0.0000010686
 -0.0000011217
 -0.0000000318
 -0.0000012037
 -0.0000045703
 -0.0000048463
  0.0000005752
 -0.0000004944
 -0.0000027291
 -0.0000000759
 -0.0000029688
 -0.0000026583
 -0.0000029763
 -0.0000188702
 -0.0000017607
  0.0000085760
  0.0000397112
  0.0000051815
 -0.0000010958
  0.0000089355
  0.0000033314
 -0.0000015568
 -0.0000005323
 -0.0000150767
  0.0000096708
  0.0000016296
 -0.0000001615
 -0.0000228894
 -0.0000010609
  0.0000060733
 -0.0000141743
  0.0000029296
 -0.0000002773
 -0.0000239932
 -0.0000064184
  0.0000169321
 -0.0000008047
 -0.0000038296
 -0.0000116470
  0.0000016969
  0.0000014096
  0.0000066848
  0.0000102764
 -0.0000013390
 -0.0000047726
  0.0000033677
  0.0000137560
 -0.0000085620
  0.0000087506
  0.0000056483
  0.0000147681
  0.0000024112
 -0.0000002782
 -0.0000038176
  0.0000013652
  0.0000027663
  0.0000035819
  0.0000008046
  0.0000026266
 -0.0000028125
  0.0000039078
 -0.0000009156
  0.0000001232
 -0.0000001041
 -0.0000522203
  0.0000142598
  0.0000022654
  0.0000110090
  0.0000097202
 -0.0000103869
 -0.0000122039
  0.0000052665
 -0.0000069401
  0.0000081117
  0.0000055477
  0.0000103235
 -0.0000027255
  0.0000049789
  0.0000040111
  0.0000033867
 -0.0000217858
 -0.0000312938
  0.0000078214
 -0.0000193132
 -0.0000401915
  0.0000064163
  0.0000065144
  0.0000039174
 -0.0000263306
  0.0000011487
 -0.0000002492
  0.0000062689
 -0.0000039550
  0.0000058850
  0.0000023394
  0.0000033755
  0.0000038448
 -0.0000032275
 -0.0000079128
 -0.0000084279
  0.0000033740
  0.0000017377
  0.0000097638
 -0.0000074366
  0.0000035260
 -0.0000006488
 -0.0000019538
  0.0000033272
  0.0000018282
  0.0000000922
 -0.0000002187
  0.0000034892
  0.0000061842
  0.0000030742
  0.0000012388
  0.0000009159
 -0.0000010815
  0.0000029183
 -0.0000224309
  0.0000021682
 -0.0000083401
  0.0000094475
  0.0000458310
  0.0000006091
  0.0000047905
  0.0000049457
 -0.0000200145
  0.0000089527
  0.0000010130
  0.0000061337
  0.0000038640
  0.0000046913
  0.0000065104
 -0.0000006529
  0.0000027137
 -0.0000159336
  0.0000029455
  0.0000100787
 -0.0000058549
 -0.0000089554
  0.0000063374
 -0.0000196984
  0.0000001393
  0.0000251461
 -0.0000109752
 -0.0000067977
  0.0000088553
  0.0000198101
 -0.0000060687
  0.0000047633
  0.0000073424
  0.0000103511
 -0.0000054458
  0.0000096534
 -0.0000067762
  0.0000060045
  0.0000028750
  0.0000061076
  0.0000205139
  0.0000087663
  0.0000072882
  0.0000010432
  0.0000016807
  0.0000056790
  0.0000020900
  0.0000076021
  0.0000057351
  0.0000032074
  0.0000040823
 -0.0000348979
  0.0000181855
 -0.0000027810
  0.0000084497
 -0.0000053851
  0.0000062261
 -0.0000071364
  0.0000178712
  0.0000110503
  0.0000065562
 -0.0000238796
 -0.0000339329
  0.0000164076
  0.0000198347
  0.0000164321
  0.0000043904
 -0.0000205785
  0.0000024988
 -0.0000024897
  0.0000080409
  0.0000059733
  0.0000075434
  0.0000125257
 -0.0000340309
  0.0000458549
 -0.0000012370
 -0.0000003600
  0.0000178620
  0.0000027546
 -0.0000034499
  0.0000234643
 -0.0000073119
 -0.0000047861
 -0.0000061417
 -0.0000029203
 -0.0000007822
  0.0000233358
 -0.0000086136
  0.0000026903
 -0.0000017824
  0.0000003073
 -0.0000000278
 -0.0000035991
  0.0000022831
  0.0000042203
  0.0000009261
  0.0000006883
  0.0000020267
  0.0000051563
 -0.0000019127
 -0.0000010305
 -0.0000062837
  0.0000027989
 -0.0000569758
  0.0000304658
  0.0000080670
  0.0000091625
  0.0000242283
 -0.0000235625
  0.0000124368
  0.0000030589
 -0.0000034172
  0.0000167289
  0.0000096122
  0.0000225218
  0.0000056755
 -0.0000175504
  0.0000009390
  0.0000142336
 -0.0000166130
 -0.0000437862
  0.0000210245
 -0.0000185641
 -0.0000210191
  0.0000053056
  0.0000115561
 -0.0000012743
 -0.0000000147
  0.0000006422
  0.0000054133
 -0.0000002482
 -0.0000118793
 -0.0000081610
  0.0000093497
  0.0000059684
 -0.0000034000
  0.0000057378
 -0.0000140010
 -0.0000038323
  0.0000048491
  0.0000084824
  0.0000040085
 -0.0000077774
  0.0000010726
 -0.0000036627
  0.0000007749
  0.0000030539
 -0.0000046914
 -0.0000022575
 -0.0000021914
 -0.0000013037
 -0.0000014642
  0.0000026180
 -0.0000058613
 -0.0000039088
 -0.0000054600
 -0.0000236792
 -0.0000063504
  0.0000121085
  0.0000441795
  0.0000030626
 -0.0000003942
  0.0000065634
  0.0000053642
  0.0000053655
 -0.0000008566
 -0.0000137958
  0.0000094912
  0.0000074665
 -0.0000065950
 -0.0000001260
 -0.0000171587
  0.0000001655
  0.0000064012
 -0.0000357576
 -0.0000096264
  0.0000044570
 -0.0000311317
 -0.0000012189
 -0.0000291278
  0.0000242789
  0.0000071759
  0.0000019509
  0.0000006232
 -0.0000015590
  0.0000082235
 -0.0000004290
  0.0000072690
 -0.0000073012
  0.0000017418
  0.0000109319
 -0.0000093759
 -0.0000005804
 -0.0000031071
  0.0000051363
 -0.0000044354
  0.0000112095
 -0.0000016733
  0.0000064220
  0.0000041227
  0.0000037326
  0.0000020654
  0.0000012423
  0.0000033336
 -0.0000041139
  0.0000018350
  0.0000007840
  0.0000026291
  0.0000040901
 -0.0000362020
 -0.0000051831
  0.0000141852
  0.0000378092
  0.0000042118
  0.0000070255
  0.0000433844
  0.0000147710
  0.0000111865
  0.0000032532
 -0.0000132196
  0.0000154516
  0.0000136675
  0.0000046550
  0.0000046185
  0.0000004657
  0.0000153002
 -0.0000010421
  0.0000093936
 -0.0000091198
  0.0000065519
  0.0000156012
 -0.0000191300
  0.0000353244
 -0.0000020421
 -0.0000015746
  0.0000037059
 -0.0000066886
 -0.0000023002
  0.0000031331
 -0.0000020814
 -0.0000030140
 -0.0000064849
  0.0000029037
 -0.0000006819
 -0.0000035742
  0.0000119072
  0.0000049195
 -0.0000021758
  0.0000007895
  0.0000033776
  0.0000020379
 -0.0000055544
  0.0000024303
 -0.0000005733
 -0.0000004660
  0.0000065638
 -0.0000031510
 -0.0000019685
  0.0000011910
 -0.0000039308
 -0.0000037879
 -0.0000135308
  0.0000060275
 -0.0000021966
  0.0000078838
  0.0000167193
  0.0000444765
  0.0000050920
  0.0000025453
  0.0000011647
 -0.0000051288
  0.0000126714
  0.0000031010
 -0.0000085433
  0.0000009813
  0.0000093171
  0.0000027874
  0.0000077248
  0.0000013651
 -0.0000108229
 -0.0000245001
 -0.0000013701
  0.0000079953
 -0.0000135868
  0.0000045608
  0.0000054799
 -0.0000593807
 -0.0000074392
  0.0000102963
 -0.0000072164
  0.0000054219
 -0.0000016063
  0.0000004447
 -0.0000015152
  0.0000011275
  0.0000079011
 -0.0000082431
 -0.0000018449
  0.0000044947
  0.0000090954
 -0.0000027174
  0.0000107294
 -0.0000001266
  0.0000025782
 -0.0000016286
  0.0000022460
  0.0000002966
 -0.0000006499
  0.0000012938
 -0.0000013253
  0.0000057545
  0.0000048571
  0.0000010050
 -0.0000034416
  0.0000057592
  0.0000006413
 -0.0000019652
 -0.0000219814
  0.0000056266
 -0.0000084873
  0.0000103981
  0.0000526512
  0.0000480235
  0.0000032788
  0.0000083190
  0.0000080738
 -0.0000143254
  0.0000102545
  0.0000051174
  0.0000055523
  0.0000069347
  0.0000072513
  0.0000079707
  0.0000026167
  0.0000037472
  0.0000230687
 -0.0000121580
  0.0000035173
  0.0000124332
  0.0000054998
 -0.0000094931
  0.0000053465
 -0.0000096142
  0.0000028332
  0.0000241527
  0.0000026679
 -0.0000013102
  0.0000089988
 -0.0000002445
 -0.0000066758
  0.0000212028
 -0.0000099114
 -0.0000087672
 -0.0000099120
 -0.0000029363
 -0.0000122253
  0.0000140582
 -0.0000103223
  0.0000016637
 -0.0000118339
 -0.0000026753
 -0.0000036666
  0.0000015938
  0.0000009306
 -0.0000002796
 -0.0000019855
  0.0000009315
 -0.0000044140
 -0.0000024699
 -0.0000439804
 -0.0000013075
 -0.0000220639
  0.0000082703
  0.0000084541
  0.0000113623
 -0.0000032377
  0.0000053101
  0.0000002409
 -0.0000054651
  0.0000030095
 -0.0000017964
  0.0000002677
  0.0000027723
  0.0000125536
 -0.0000014049
 -0.0000141562
 -0.0000378860
  0.0000185703
 -0.0000075965
  0.0000169841
  0.0000017618
 -0.0000228792
  0.0000037587
  0.0000014569
  0.0000105814
  0.0000034358
 -0.0000005032
 -0.0000101106
 -0.0000041152
 -0.0000041714
  0.0000014151
 -0.0000053092
  0.0000310341
  0.0000009445
  0.0000080435
 -0.0000135610
  0.0000253646
  0.0000002176
  0.0000118689
 -0.0000004049
 -0.0000022957
 -0.0000006141
 -0.0000002308
 -0.0000000842
  0.0000023326
  0.0000001945
 -0.0000028683
  0.0000013254
 -0.0000468517
  0.0000394441
  0.0000022009
  0.0000088509
  0.0000250106
 -0.0000291467
  0.0000040868
 -0.0000185281
  0.0000024505
 -0.0000063177
  0.0000148320
  0.0000078325
 -0.0000010697
 -0.0000297468
 -0.0000022314
  0.0000126210
 -0.0000137391
 -0.0000407298
  0.0000111072
 -0.0000171879
 -0.0000134537
  0.0000100359
  0.0000326862
 -0.0000020364
 -0.0000002120
  0.0000038244
  0.0000207601
 -0.0000057455
 -0.0000074856
 -0.0000038809
 -0.0000108480
 -0.0000029286
 -0.0000105939
  0.0000004119
  0.0000055761
  0.0000004611
  0.0000004403
 -0.0000122944
  0.0000048216
 -0.0000070961
 -0.0000014957
 -0.0000015709
  0.0000007604
 -0.0000094830
 -0.0000019388
  0.0000005807
 -0.0000025399
  0.0000016978
 -0.0000091429
 -0.0000008291
 -0.0000013116
 -0.0000018706
 -0.0000391176
  0.0000133509
 -0.0000071653
  0.0000032953
 -0.0000106379
  0.0000014662
 -0.0000047235
  0.0000023249
  0.0000078378
  0.0000079313
 -0.0000255621
  0.0000043030
 -0.0000340706
 -0.0000337009
  0.0000131206
  0.0000135395
  0.0000164207
 -0.0000026418
 -0.0000238620
 -0.0000078181
 -0.0000064185
  0.0000048309
  0.0000056637
  0.0000049283
  0.0000048058
 -0.0000392836
  0.0000432893
  0.0000035161
 -0.0000005415
 -0.0000070255
  0.0000014719
  0.0000021651
 -0.0000018733
  0.0000003606
  0.0000048097
 -0.0000005688
  0.0000051972
 -0.0000035963
 -0.0000015623
 -0.0000048290
  0.0000014439
  0.0000014788
 -0.0000013928
  0.0000018437
 -0.0000029018
 -0.0000030012
  0.0000018890
 -0.0000000351
 -0.0000021406
 -0.0000039074
 -0.0000025501
  0.0000010706
  0.0000034803
  0.0000024200
  0.0000058332
  0.0000020722
 -0.0000002767
  0.0000030275
  0.0000031580
 -0.0000156017
  0.0000076939
  0.0000002568
  0.0000063844
  0.0000280926
  0.0000635220
  0.0000006347
 -0.0000036572
 -0.0000009336
  0.0000001970
  0.0000111269
 -0.0000008719
  0.0000021693
  0.0000007329
  0.0000024139
  0.0000025944
 -0.0000105021
 -0.0000150655
  0.0000076199
  0.0000019972
  0.0000085060
  0.0000034094
 -0.0000157191
 -0.0000313478
  0.0000062199
  0.0000086237
 -0.0000093858
 -0.0000097601
  0.0000050431
 -0.0000028304
 -0.0000687260
 -0.0000059801
 -0.0000216136
  0.0000136270
  0.0000016940
 -0.0000007109
 -0.0000005206
 -0.0000144183
  0.0000097028
  0.0000022063
  0.0000018061
 -0.0000161375
  0.0000218359
 -0.0000079062
  0.0000143452
 -0.0000001814
  0.0000242934
 -0.0000006738
  0.0000011897
 -0.0000046060
 -0.0000005853
  0.0000001756
 -0.0000101572
 -0.0000001505
  0.0000003576
 -0.0000000362
 -0.0000037860
  0.0000007394
 -0.0000612408
  0.0000233718
  0.0000031293
  0.0000148811
 -0.0000211140
  0.0000029880
 -0.0000054597
  0.0000111750
  0.0000048240
  0.0000005428
 -0.0000143078
  0.0000000865
  0.0000068673
 -0.0000138566
 -0.0000372252
  0.0000100322
 -0.0000239575
 -0.0000127726
  0.0000044421
 -0.0000026573
 -0.0000171324
 -0.0000040983
 -0.0000108617
  0.0000018193
 -0.0000080141
  0.0000018997
 -0.0000058396
 -0.0000085700
  0.0000021498
 -0.0000096466
  0.0000022763
 -0.0000028565
  0.0000002526
 -0.0000054838
 -0.0000007410
 -0.0000011318
 -0.0000017475
 -0.0000072891
  0.0000000473
 -0.0000008060
 -0.0000017377
 -0.0000046780
 -0.0000030710
  0.0000001023
  0.0000030064
  0.0000012691
  0.0000013822
 -0.0000027568
  0.0000002824
 -0.0000011137
 -0.0000147977
  0.0000054706
  0.0000032552
  0.0000081310
  0.0000414731
  0.0000566763
  0.0000062986
  0.0000030555
  0.0000002679
 -0.0000001283
  0.0000062675
  0.0000086241
  0.0000029172
 -0.0000038940
  0.0000017216
  0.0000012925
 -0.0000001931
 -0.0000095050
  0.0000062094
  0.0000070060
  0.0000098068
  0.0000027884
 -0.0000114736
 -0.0000409460
  0.0000022000
  0.0000063159
 -0.0000032341
 -0.0000089089
  0.0000058166
 -0.0000013961
 -0.0000283500
 -0.0000049382
 -0.0000305691
  0.0000142067
  0.0000200599
  0.0000012351
 -0.0000124530
  0.0000195913
 -0.0000071184
  0.0000002182
 -0.0000105330
  0.0000048931
  0.0000041899
  0.0000234024
 -0.0000019450
 -0.0000026888
  0.0000028336
 -0.0000113205
  0.0000041606
 -0.0000013704
  0.0000004940
 -0.0000025226
  0.0000001284
 -0.0000080716
 -0.0000017075
  0.0000033363
  0.0000012267
 -0.0000004921
 -0.0000775649
  0.0000027343
  0.0000079173
 -0.0000424822
  0.0000487407
  0.0000056237
 -0.0000053628
  0.0000199530
  0.0000064132
 -0.0000071116
  0.0000082445
  0.0000073875
  0.0000024858
  0.0000136893
  0.0000086116
  0.0000036355
  0.0000057445
 -0.0000031492
 -0.0000115107
  0.0000092833
 -0.0000277982
 -0.0000115141
  0.0000073399
  0.0000522808
  0.0000075279
 -0.0000080170
  0.0000052702
 -0.0000042672
 -0.0000019057
 -0.0000004200
  0.0000027404
 -0.0000082807
 -0.0000023763
  0.0000065334
 -0.0000043076
 -0.0000044161
 -0.0000014749
  0.0000026848
  0.0000091553
 -0.0000005392
 -0.0000062019
  0.0000022243
  0.0000013027
  0.0000063157
 -0.0000000840
  0.0000027859
  0.0000044329
 -0.0000010046
  0.0000007132
 -0.0000002696
 -0.0000436329
 -0.0000055774
  0.0000120896
 -0.0000039097
  0.0000023040
  0.0000073565
  0.0000126847
  0.0000073346
  0.0000016363
  0.0000043494
  0.0000131472
  0.0000022824
  0.0000015858
  0.0000161151
 -0.0000050240
  0.0000077458
 -0.0000492534
 -0.0000028686
  0.0000058499
  0.0000168580
 -0.0000088517
  0.0000349641
  0.0000121442
 -0.0000013700
  0.0000043823
 -0.0000099646
 -0.0000000197
  0.0000051841
 -0.0000001152
 -0.0000101919
  0.0000018503
 -0.0000082258
 -0.0000018677
 -0.0000019547
  0.0000022469
  0.0000051282
  0.0000007939
 -0.0000000950
  0.0000000861
 -0.0000033148
  0.0000002382
 -0.0000000970
 -0.0000014079
 -0.0000013170
  0.0000046601
 -0.0000033086
 -0.0000421145
  0.0000185401
  0.0000011686
  0.0000110389
 -0.0000203419
 -0.0000017680
  0.0000049913
 -0.0000019749
  0.0000116231
  0.0000023873
  0.0000008328
  0.0000006052
 -0.0000088610
 -0.0000101058
 -0.0000109768
 -0.0000226837
  0.0000090738
  0.0000017399
 -0.0000237748
  0.0000063915
 -0.0000034110
 -0.0000140824
 -0.0000011293
 -0.0000190429
  0.0000132477
  0.0000168553
  0.0000075674
  0.0000030883
  0.0000007968
 -0.0000072062
  0.0000024680
 -0.0000072051
  0.0000043043
  0.0000038501
  0.0000059766
  0.0000066993
 -0.0000088932
  0.0000003137
 -0.0000159375
  0.0000947516
 -0.0000079196
  0.0000027604
  0.0000231978
 -0.0000109834
  0.0000062918
 -0.0000086267
  0.0000105099
 -0.0000242560
  0.0000071480
 -0.0000061706
 -0.0000061095
  0.0000106947
  0.0000181203
 -0.0000429697
 -0.0000042303
 -0.0000015225
  0.0000048539
  0.0000022195
 -0.0000012643
 -0.0000007330
  0.0000048015
  0.0000069557
 -0.0000277386
  0.0000107147
 -0.0000037926
 -0.0000071987
  0.0000074428
  0.0000002993
 -0.0000115613
 -0.0000113020
  0.0000030703
 -0.0000044269
  0.0000143865
  0.0000025180
  0.0000062881
 -0.0000107073
  0.0000005748
  0.0000054279
  0.0000062537
 -0.0000013085
 -0.0000030151
  0.0000038845
 -0.0000022313
  0.0000002980
 -0.0000178585
 -0.0000012868
 -0.0000020018
 -0.0000069236
  0.0001332850
  0.0000151841
 -0.0000011593
  0.0000034445
 -0.0000005486
  0.0000079852
 -0.0000103915
  0.0000122409
 -0.0000258339
  0.0000036626
  0.0000062772
  0.0000093632
  0.0000096186
  0.0000092375
 -0.0000443661
 -0.0000096451
 -0.0000145176
 -0.0000066571
 -0.0000143382
  0.0000140037
 -0.0000017797
 -0.0000094711
  0.0000195656
 -0.0000273981
 -0.0000000608
  0.0000024361
  0.0000458174
  0.0000116874
  0.0000230682
 -0.0000157346
 -0.0000119516
 -0.0000013251
  0.0000005406
 -0.0000101981
  0.0000112380
  0.0000010184
  0.0000079698
 -0.0000107189
 -0.0000034089
 -0.0000018190
  0.0000010898
 -0.0000066294
  0.0000024889
 -0.0000040926
  0.0000026145
 -0.0000082357
 -0.0000007377
 -0.0000021137
 -0.0000061335
  0.0000936766
 -0.0000096901
  0.0000020001
  0.0000023031
 -0.0000120632
  0.0000063423
 -0.0000087377
  0.0000039741
 -0.0000260294
  0.0000057749
  0.0000050881
 -0.0000025399
  0.0000085683
  0.0000007613
 -0.0000372844
 -0.0000162398
  0.0000008275
 -0.0000075858
 -0.0000023552
  0.0000007839
 -0.0000036215
 -0.0000079833
 -0.0000200649
 -0.0000369496
  0.0000004768
  0.0000080839
 -0.0000116941
  0.0000085137
 -0.0000036682
 -0.0000180885
  0.0000053751
 -0.0000016845
  0.0000065386
 -0.0000072878
  0.0000325840
 -0.0000145948
  0.0000071402
 -0.0000079954
 -0.0000144588
  0.0000152911
 -0.0000015563
  0.0000042925
 -0.0000024051
  0.0000048059
  0.0000117166
  0.0000046246
 -0.0000063788
 -0.0000019362
 -0.0000130468
  0.0000988941
 -0.0000088850
 -0.0000118811
  0.0000264550
  0.0000001208
  0.0000069526
 -0.0000085754
  0.0000079669
 -0.0000242252
  0.0000083310
 -0.0000021235
 -0.0000010943
  0.0000108121
  0.0000128844
 -0.0000490047
  0.0000017256
 -0.0000016556
  0.0000284603
  0.0000035922
 -0.0000005893
  0.0000024114
 -0.0000087023
  0.0000027363
 -0.0000311667
  0.0000034115
  0.0000006523
 -0.0000073700
  0.0000055348
  0.0000110435
 -0.0000095951
  0.0000082029
  0.0000020253
  0.0000021626
  0.0000037030
 -0.0000048927
  0.0000006746
 -0.0000026385
  0.0000023516
 -0.0000008938
 -0.0000046801
 -0.0000006226
 -0.0000009837
  0.0000007945
  0.0000000026
 -0.0000085336
 -0.0000197519
 -0.0000069969
 -0.0000026541
 -0.0000046974
  0.0001470647
  0.0000038806
  0.0000029932
  0.0000088756
 -0.0000123853
  0.0000100860
 -0.0000060501
  0.0000182477
 -0.0000204420
 -0.0000000775
 -0.0000055513
  0.0000151099
  0.0000005643
  0.0000091789
 -0.0000355005
  0.0000001065
  0.0000070138
  0.0000102412
  0.0000133458
  0.0000236259
 -0.0000047438
 -0.0000036286
 -0.0000044463
 -0.0000428710
  0.0000080973
 -0.0000058414
  0.0000627853
  0.0000177402
  0.0000205047
 -0.0000148246
  0.0000046366
 -0.0000022724
  0.0000036993
 -0.0000056833
 -0.0000042312
  0.0000046871
 -0.0000028313
 -0.0000001655
  0.0000020934
  0.0000061792
  0.0000009630
 -0.0000007810
 -0.0000075452
 -0.0000055218
  0.0000028750
 -0.0000033256
  0.0000019222
 -0.0000038897
 -0.0000035263
  0.0002036433
 -0.0000087437
 -0.0000010604
  0.0000068572
 -0.0000039533
  0.0000083776
  0.0000092231
  0.0000246503
 -0.0000300800
 -0.0000046316
  0.0000075491
  0.0000269019
  0.0000034004
  0.0000158464
 -0.0000319800
  0.0000026391
  0.0000041243
 -0.0000071324
  0.0000200144
  0.0000288474
 -0.0000080787
 -0.0000042944
 -0.0000100895
 -0.0000302498
 -0.0000010105
  0.0000015140
  0.0000732345
  0.0000220965
 -0.0000061704
 -0.0000293946
 -0.0000007196
  0.0000002737
  0.0000046774
  0.0000131910
 -0.0000109052
  0.0000163389
 -0.0000089866
 -0.0000005958
  0.0000021624
 -0.0000117323
  0.0000002032
  0.0000092785
 -0.0000008968
  0.0000052764
  0.0000078130
 -0.0000131658
 -0.0000012029
 -0.0000030995
 -0.0000049756
  0.0001221551
 -0.0000035077
  0.0000035058
  0.0000039131
 -0.0000100647
  0.0000047770
 -0.0000103142
  0.0000055123
 -0.0000267232
  0.0000024721
 -0.0000008144
 -0.0000046678
  0.0000135613
  0.0000085506
 -0.0000417653
 -0.0000104368
 -0.0000104555
  0.0000023348
 -0.0000140804
  0.0000127397
 -0.0000024935
 -0.0000061385
  0.0000342649
 -0.0000172416
  0.0000113570
  0.0000043449
  0.0000258818
  0.0000108212
  0.0000049306
 -0.0000169073
  0.0000051555
  0.0000000527
  0.0000009966
  0.0000051478
  0.0000039055
  0.0000007474
 -0.0000002152
  0.0000002397
  0.0000026963
  0.0000113684
 -0.0000059174
 -0.0000005953
  0.0000024661
 -0.0000044167
  0.0000049578
  0.0000042574
 -0.0000121689
 -0.0000048179
 -0.0000086321
  0.0001374200
 -0.0000137129
  0.0000024229
  0.0000007064
 -0.0000010376
  0.0000081683
 -0.0000076069
  0.0000220138
 -0.0000218328
 -0.0000013948
  0.0000032965
 -0.0000012813
 -0.0000032482
  0.0000083610
 -0.0000343492
 -0.0000008831
 -0.0000051537
 -0.0000000579
 -0.0000032094
  0.0000219951
 -0.0000061284
 -0.0000030627
  0.0000196460
 -0.0000143269
 -0.0000021837
  0.0000002630
  0.0000325307
  0.0000168933
  0.0000029171
 -0.0000185656
 -0.0000361068
 -0.0000049437
  0.0000015561
  0.0000017458
  0.0000010066
 -0.0000197967
 -0.0000102865
 -0.0000074109
  0.0000104191
  0.0000055455
  0.0000011576
  0.0000058929
  0.0000002309
 -0.0000194739
 -0.0000068794
 -0.0000268265
 -0.0000214484
 -0.0000050477
 -0.0000110638
  0.0000552685
  0.0000094584
  0.0000180446
  0.0000053680
  0.0000061975
  0.0000049386
 -0.0000125951
  0.0000090419
 -0.0000154233
 -0.0000009636
 -0.0000053623
 -0.0000103981
  0.0000057784
  0.0000129353
 -0.0000364615
  0.0000080085
 -0.0000022751
  0.0000046817
  0.0000118189
 -0.0000102429
  0.0000133509
 -0.0000170905
  0.0000131166
 -0.0000248058
 -0.0000099575
 -0.0000118338
 -0.0000481069
 -0.0000098038
 -0.0001171948
 -0.0000205510
 -0.0000004597
 -0.0000004269
 -0.0000124943
  0.0000023185
 -0.0000204145
  0.0000082057
  0.0000162812
 -0.0000008595
  0.0000053038
 -0.0000015996
 -0.0000046040
 -0.0000004709
  0.0000038876
 -0.0000007422
  0.0000003803
 -0.0000195818
 -0.0000068918
 -0.0000067006
 -0.0000140609
  0.0000636877
  0.0000162694
 -0.0000044119
  0.0000226230
 -0.0000031998
  0.0000034385
 -0.0000097201
  0.0000082895
 -0.0000260541
  0.0000033878
 -0.0000066651
  0.0000174901
  0.0000072960
 -0.0000001262
 -0.0000496453
 -0.0000053069
 -0.0000015015
  0.0000010279
  0.0000131306
 -0.0000018454
  0.0000016198
 -0.0000010904
 -0.0000051516
 -0.0000219726
  0.0000104008
  0.0000003136
  0.0000044728
  0.0000054696
 -0.0000178839
 -0.0000036301
 -0.0000037851
 -0.0000047630
  0.0000004830
  0.0000082048
 -0.0000070954
  0.0000074748
 -0.0000037356
 -0.0000050120
 -0.0000097440
  0.0000061920
 -0.0000026847
 -0.0000022044
  0.0000051867
 -0.0000056150
  0.0000011143
 -0.0000208012
 -0.0000035550
 -0.0000017537
 -0.0000019522
  0.0000994248
 -0.0000086349
 -0.0000068810
  0.0000066708
 -0.0000098910
  0.0000085709
 -0.0000102358
  0.0000163859
 -0.0000261139
  0.0000040814
 -0.0000060593
 -0.0000053704
  0.0000126551
  0.0000102950
 -0.0000372765
 -0.0000082580
 -0.0000025028
  0.0000079231
  0.0000062070
  0.0000152197
 -0.0000033028
 -0.0000116580
 -0.0000032108
 -0.0000237846
  0.0000060756
  0.0000017258
  0.0000047303
  0.0000111168
  0.0000234786
 -0.0000153425
 -0.0000034579
 -0.0000036259
  0.0000021534
  0.0000014835
  0.0000090244
 -0.0000058513
  0.0000001587
 -0.0000108264
 -0.0000031688
 -0.0000059034
  0.0000048558
  0.0000005185
  0.0000040931
 -0.0000109599
 -0.0000017048
  0.0000033970
 -0.0000082949
 -0.0000067604
 -0.0000054977
  0.0001242855
 -0.0000076286
  0.0000053735
  0.0000010648
 -0.0000093019
  0.0000097218
 -0.0000070949
  0.0000177081
 -0.0000217961
 -0.0000008124
 -0.0000092355
  0.0000064871
 -0.0000008821
  0.0000073940
 -0.0000369627
 -0.0000010073
 -0.0000044815
  0.0000078860
 -0.0000025857
  0.0000213095
 -0.0000054944
 -0.0000019968
  0.0000177166
 -0.0000157971
 -0.0000006190
 -0.0000074293
  0.0000233959
  0.0000167308
 -0.0000027634
 -0.0000231449
 -0.0000318995
  0.0000005693
  0.0000095697
  0.0000109770
  0.0000015753
 -0.0000025444
 -0.0000101929
  0.0000054872
  0.0000126853
  0.0000068497
 -0.0000014351
 -0.0000045400
 -0.0000018100
 -0.0000158789
  0.0000003636
 -0.0000105073
 -0.0000180446
 -0.0000186439
  0.0000065621
 -0.0000042798
  0.0000662879
  0.0000226815
  0.0000124059
  0.0000060481
  0.0000069432
  0.0000035108
 -0.0000072403
  0.0000089925
 -0.0000246682
 -0.0000040640
 -0.0000046342
  0.0000000355
  0.0000078784
  0.0000122275
 -0.0000388447
  0.0000011075
  0.0000012581
 -0.0000094106
  0.0000143178
 -0.0000119354
  0.0000119822
 -0.0000191199
 -0.0000043546
 -0.0000211563
 -0.0000088687
 -0.0000092105
  0.0000046512
 -0.0000063145
 -0.0000232630
 -0.0000086966
 -0.0000055476
 -0.0000018472
 -0.0000014714
 -0.0000015996
 -0.0000037106
  0.0000107676
 -0.0000019071
 -0.0000098791
  0.0000042983
 -0.0000022571
 -0.0000046335
 -0.0000008001
 -0.0000035907
 -0.0000008071
  0.0000026303
  0.0000023971
 -0.0000025699
 -0.0000007012
 -0.0000074355
  0.0001022819
 -0.0000103678
  0.0000028059
  0.0000039268
 -0.0000104375
  0.0000061895
 -0.0000092032
  0.0000049211
 -0.0000256346
  0.0000095531
  0.0000072342
 -0.0000081019
  0.0000093495
  0.0000105678
 -0.0000358327
 -0.0000180584
 -0.0000017183
 -0.0000060959
  0.0000010578
  0.0000007715
 -0.0000029396
 -0.0000074318
  0.0000132645
 -0.0000234417
  0.0000008826
  0.0000093005
  0.0000093381
  0.0000074642
  0.0000208656
 -0.0000145049
  0.0000001672
  0.0000022567
 -0.0000034044
 -0.0000003601
 -0.0000079738
  0.0000219601
  0.0000044637
 -0.0000077502
  0.0000017426
 -0.0000014674
 -0.0000031297
 -0.0000048538
  0.0000000307
 -0.0000020784
  0.0000017940
 -0.0000136921
 -0.0000026517
 -0.0000025955
 -0.0000072509
  0.0000978104
 -0.0000049024
 -0.0000009827
  0.0000048580
 -0.0000034506
  0.0000083250
 -0.0000107560
  0.0000151084
 -0.0000279364
  0.0000031189
  0.0000019567
 -0.0000132826
  0.0000095362
  0.0000088563
 -0.0000428620
 -0.0000103686
 -0.0000078595
 -0.0000022605
 -0.0000000186
  0.0000132587
 -0.0000023110
 -0.0000078960
  0.0000015130
 -0.0000315878
  0.0000014359
  0.0000017756
  0.0000377870
  0.0000110721
  0.0000326406
 -0.0000163171
  0.0000094116
  0.0000004071
 -0.0000004988
  0.0000017425
 -0.0000397903
  0.0000107067
  0.0000576423
  0.0000120726
 -0.0000068304
 -0.0000004789
  0.0000071597
 -0.0000092645
  0.0000225487
  0.0000100742
  0.0000130267
  0.0000197359
 -0.0000009124
 -0.0000210864
  0.0000202897
 -0.0000019266
  0.0000098632
  0.0000064640
  0.0000214681
  0.0000100253
  0.0000004991
  0.0000057222
 -0.0000183425
  0.0000159411
 -0.0000075928
 -0.0000011168
 -0.0000264571
  0.0000123821
  0.0000093589
 -0.0000028988
 -0.0000406049
  0.0000016361
  0.0000471490
 -0.0000004913
  0.0000131758
 -0.0000319845
  0.0000017462
  0.0000060112
 -0.0000024438
  0.0000084450
  0.0000069666
 -0.0000157464
 -0.0000031963
  0.0000014363
  0.0000079628
  0.0000154302
  0.0000029826
  0.0000023129
  0.0000196330
 -0.0000054031
  0.0000216288
 -0.0000045988
 -0.0000370415
 -0.0000079573
 -0.0000139101
 -0.0000041184
  0.0000037053
 -0.0000046320
 -0.0000005400
 -0.0000003465
 -0.0000057205
 -0.0000533598
  0.0000116366
 -0.0000030562
 -0.0000003657
 -0.0000067616
 -0.0000018260
 -0.0000009236
 -0.0000552461
 -0.0000065176
  0.0000584577
  0.0000026787
  0.0000169816
 -0.0000287062
  0.0000003159
  0.0000086572
 -0.0000090810
  0.0000102161
  0.0000031380
 -0.0000002773
  0.0000010156
 -0.0000043461
 -0.0000076486
  0.0000090338
 -0.0000015284
  0.0000028575
  0.0000323468
 -0.0000089439
  0.0000237394
 -0.0000061360
 -0.0000006968
 -0.0000581431
  0.0000034190
 -0.0000110724
 -0.0000023978
  0.0000279045
 -0.0000043971
  0.0000025997
  0.0000064757
 -0.0000110931
 -0.0000529306
  0.0000138566
 -0.0000401143
 -0.0000041152
  0.0000797453
  0.0000106108
  0.0000055555
 -0.0000073861
  0.0000062573
  0.0000170021
 -0.0000005923
  0.0000087088
 -0.0000081964
  0.0000106831
  0.0000105322
 -0.0000026488
 -0.0000068927
 -0.0000007197
  0.0000017813
  0.0000080104
  0.0000130365
 -0.0000084913
  0.0000232626
 -0.0000059741
 -0.0000728242
  0.0000174444
 -0.0000046580
 -0.0000157722
  0.0000064908
  0.0000054418
  0.0000001016
  0.0000008838
 -0.0000644112
  0.0000082918
  0.0000002327
 -0.0000070232
 -0.0000008811
  0.0000007090
 -0.0000530715
  0.0000447604
 -0.0000084690
 -0.0000059801
 -0.0000014832
  0.0000086895
 -0.0000001087
  0.0000333458
 -0.0000055367
  0.0000031296
 -0.0000082884
  0.0000097727
  0.0000022931
  0.0000075497
 -0.0000002180
  0.0000277141
  0.0000000640
  0.0000194283
 -0.0000066930
 -0.0000558988
 -0.0000419188
 -0.0000145695
 -0.0000509020
  0.0000154525
 -0.0000009741
 -0.0000018350
 -0.0000094921
 -0.0000031171
  0.0000007832
 -0.0000491471
  0.0000043312
 -0.0000089600
  0.0000077545
  0.0000044515
  0.0000140351
  0.0000024530
  0.0000065563
  0.0000331591
  0.0000006100
 -0.0000022994
  0.0000056296
  0.0000005131
  0.0000072498
 -0.0000068283
  0.0000123902
  0.0000226772
 -0.0000075959
  0.0000012025
 -0.0000524300
  0.0000065115
  0.0000384733
 -0.0000057641
  0.0000079022
  0.0000019359
 -0.0000215343
  0.0000155177
 -0.0000491307
 -0.0000050251
  0.0000684325
  0.0000062526
  0.0000088642
 -0.0000141358
  0.0000001079
 -0.0000073388
  0.0000099058
 -0.0000076206
  0.0000045677
  0.0000029894
 -0.0000006780
 -0.0000136824
  0.0000219731
 -0.0000011696
  0.0000077950
  0.0000183553
 -0.0000077417
  0.0000263338
  0.0000097715
 -0.0000778531
  0.0000223090
 -0.0000139459
 -0.0000124848
 -0.0000065759
  0.0000042004
 -0.0000029857
 -0.0000083522
 -0.0000522026
  0.0000105074
 -0.0000025254
 -0.0000016262
  0.0000004162
  0.0000058471
 -0.0000013806
 -0.0000547789
 -0.0000026964
 -0.0000029297
  0.0000039608
  0.0000167962
  0.0000066240
  0.0000060016
  0.0000129674
 -0.0000029753
 -0.0000073137
  0.0000131852
 -0.0000021475
  0.0000087841
 -0.0000146381
  0.0000066804
  0.0000214961
  0.0000040660
 -0.0000653953
 -0.0000042359
  0.0000294193
  0.0000010424
 -0.0000056415
 -0.0000047783
 -0.0000279937
  0.0000099026
 -0.0000025013
 -0.0000302375
 -0.0000093836
  0.0000647688
  0.0000058700
  0.0000098683
 -0.0000141389
  0.0000008469
  0.0000084343
 -0.0000039452
  0.0000000346
 -0.0000015125
 -0.0000148756
  0.0000041881
  0.0000019389
  0.0000010019
  0.0000341505
  0.0000004576
  0.0000029117
  0.0000278762
 -0.0000013873
  0.0000269886
 -0.0000034093
 -0.0000011477
 -0.0000771030
  0.0000248997
 -0.0000100549
 -0.0000121815
 -0.0000040002
 -0.0000011424
  0.0000012137
 -0.0000031174
 -0.0000013230
 -0.0000512448
  0.0000112880
 -0.0000281619
 -0.0000024886
  0.0000431646
  0.0000021550
  0.0000161000
 -0.0000293383
  0.0000041756
 -0.0000063396
  0.0000076150
  0.0000081029
 -0.0000148779
 -0.0000014403
  0.0000057032
 -0.0000081220
  0.0000186818
  0.0000075246
  0.0000020793
  0.0000136115
  0.0000048148
  0.0000266493
  0.0000065451
 -0.0000706397
  0.0000218785
 -0.0000115188
 -0.0000034243
 -0.0000114131
  0.0000043693
  0.0000002233
 -0.0000038576
 -0.0000541043
  0.0000104252
 -0.0000079357
 -0.0000021925
 -0.0000419989
 -0.0000056846
  0.0000712567
 -0.0000046978
 -0.0000007884
  0.0000042190
  0.0000040935
  0.0000003292
 -0.0000020495
  0.0000004821
  0.0000081026
  0.0000055049
  0.0000130587
  0.0000229074
  0.0000027817
  0.0000331017
 -0.0000037660
 -0.0000923595
 -0.0000181131
 -0.0000056101
 -0.0000425933
  0.0000097843
 -0.0000385348
 -0.0000036252
 -0.0000481822
  0.0000204234
 -0.0000034717
 -0.0000039409
 -0.0000620924
 -0.0000094921
 -0.0000006742
  0.0000149473
  0.0000026120
 -0.0000107450
  0.0000146227
  0.0000042423
 -0.0000082693
  0.0000142910
  0.0000113873
 -0.0000102285
  0.0000183230
  0.0000040138
 -0.0000387087
 -0.0000289529
 -0.0000025440
 -0.0000072401
 -0.0000390927
  0.0000078832
 -0.0000048333
  0.0000046038
 -0.0000603475
 -0.0000049502
  0.0000652544
  0.0000165737
  0.0000247919
 -0.0000334093
  0.0000124419
  0.0000215098
 -0.0000076385
  0.0000080739
  0.0000152995
 -0.0000151325
  0.0000001657
 -0.0000007230
 -0.0000016620
  0.0000215140
  0.0000026022
  0.0000017621
  0.0000339095
  0.0000127397
  0.0000340144
  0.0000036180
  0.0000154893
 -0.0000486045
  0.0000123439
 -0.0000030082
  0.0000018251
  0.0000296214
  0.0000039123
 -0.0000053212
 -0.0000000511
 -0.0000221701
 -0.0000452229
  0.0000224973
  0.0000022853
 -0.0000215132
 -0.0000089234
  0.0000464555
  0.0000078640
  0.0000136277
 -0.0000184503
  0.0000021555
  0.0000083970
 -0.0000060165
  0.0000033285
 -0.0000076602
 -0.0000031854
  0.0000012583
 -0.0000001904
  0.0000071150
  0.0000139408
  0.0000020264
  0.0000050954
  0.0000261221
 -0.0000120868
  0.0000290339
 -0.0000026893
  0.0000084023
 -0.0000346185
  0.0000023667
 -0.0000100869
 -0.0000045590
  0.0000045496
 -0.0000026024
  0.0000004675
 -0.0000041797
 -0.0000014359
 -0.0000480091
  0.0000136494
  0.0000038701
 -0.0000668845
 -0.0000022856
  0.0000772756
  0.0000193935
  0.0000310312
 -0.0000311447
 -0.0000117584
  0.0000355140
 -0.0000115920
 -0.0000006869
  0.0000289723
 -0.0000109428
  0.0000081480
 -0.0000010247
 -0.0000079801
  0.0000300455
  0.0000045315
  0.0000009218
  0.0000435374
  0.0000019550
  0.0000279582
 -0.0000080271
  0.0000101872
 -0.0000161063
 -0.0000096576
  0.0000000240
  0.0000189480
  0.0000366277
  0.0000011808
 -0.0000019042
  0.0000040187
 -0.0000247586
 -0.0000745937
  0.0000347645
 -0.0000410300
 -0.0000005871
  0.0000660776
  0.0000084262
  0.0000090552
 -0.0000101346
  0.0000145417
 -0.0000031656
  0.0000056866
  0.0000060190
  0.0000251923
  0.0000069407
  0.0000075211
  0.0000189673
 -0.0000037936
  0.0000288627
  0.0000118956
 -0.0000679143
  0.0000089573
 -0.0000112079
 -0.0000155358
  0.0000008822
 -0.0000010917
  0.0000007357
 -0.0000510792
  0.0000120311
 -0.0000042610
 -0.0000349435
  0.0000062079
  0.0000818244
  0.0000085126
 -0.0000193888
 -0.0000081282
  0.0000072795
  0.0000050564
  0.0000253248
  0.0000097142
  0.0000114242
 -0.0000014512
  0.0000228290
  0.0000052682
  0.0000180606
  0.0000416011
  0.0000023613
  0.0000203935
  0.0000138718
 -0.0000741265
 -0.0000065623
  0.0000039734
 -0.0000324522
  0.0000212028
 -0.0000246901
  0.0000054748
 -0.0000400079
  0.0000192198
 -0.0000545758
 -0.0000061451
  0.0000700568
  0.0000047865
  0.0000147931
 -0.0000429645
 -0.0000011611
  0.0000136763
 -0.0000043351
  0.0000066869
  0.0000171126
  0.0000064262
  0.0000009902
  0.0000006908
 -0.0000013885
  0.0000173689
 -0.0000003801
  0.0000027334
  0.0000370557
  0.0000036056
  0.0000177152
  0.0000067254
 -0.0000463817
  0.0000071712
 -0.0000153613
  0.0000116191
  0.0000350894
 -0.0000003551
  0.0000003378
  0.0000022987
 -0.0000191046
 -0.0000532105
  0.0000280352
 -0.0000474807
 -0.0000261221
 -0.0000629528
 -0.0000000209
 -0.0000113080
  0.0000054030
 -0.0000068889
 -0.0000125428
 -0.0000430708
 -0.0000331172
 -0.0000423377
 -0.0000585432
 -0.0000174221
 -0.0000019814
  0.0000052846
  0.0000000116
 -0.0000046571
  0.0000131847
  0.0000031755
  0.0000034533
 -0.0000068406
 -0.0000108048
  0.0000164437
 -0.0000433639
  0.0000549385
 -0.0000097405
  0.0000107305
  0.0000053556
  0.0002242097
  0.0000153393
  0.0000082761
  0.0000843413
  0.0000370402
  0.0000673046
 -0.0000062786
  0.0000083094
  0.0000097813
  0.0000017564
  0.0000097478
 -0.0000130502
 -0.0000097079
 -0.0000856956
  0.0000027062
  0.0000256858
 -0.0000140509
 -0.0000286541
 -0.0000064175
  0.0000452988
  0.0000233747
 -0.0000312268
 -0.0001001981
 -0.0000202629
  0.0000180473
  0.0001344074
  0.0000324124
  0.0000121446
 -0.0000632420
  0.0001046685
 -0.0000123291
 -0.0000306523
 -0.0000019961
  0.0000526573
 -0.0000486146
 -0.0003085732
 -0.0000187143
 -0.0000375177
 -0.0000205062
 -0.0000046292
  0.0000166853
  0.0000048405
  0.0000055173
  0.0000162988
  0.0000070801
 -0.0000342665
 -0.0000463366
 -0.0000017809
 -0.0000140401
 -0.0000076170
 -0.0000494001
 -0.0000100762
 -0.0000021829
 -0.0000039334
  0.0000016826
  0.0000215297
 -0.0000012785
 -0.0000797354
 -0.0000028481
 -0.0000006320
  0.0000003374
  0.0000037637
 -0.0000686587
 -0.0000020251
 -0.0000012328
  0.0000129744
  0.0000057518
  0.0000009159
  0.0000182242
  0.0000033489
 -0.0000203868
 -0.0000352964
 -0.0000011503
 -0.0000068981
 -0.0000450492
  0.0000439126
 -0.0000094219
  0.0000295898
  0.0000080050
 -0.0000357863
  0.0000118276
 -0.0000007852
  0.0000092634
  0.0000393649
  0.0000105233
 -0.0000545334
  0.0000202987
 -0.0000213151
  0.0000027889
  0.0000151816
 -0.0000204776
  0.0000445963
  0.0000035405
 -0.0000056712
 -0.0000997544
  0.0000454281
 -0.0000979304
  0.0000006084
  0.0000073567
 -0.0001327840
  0.0000235366
  0.0000051421
  0.0000189495
  0.0000060198
  0.0000169572
  0.0000053247
  0.0000095796
  0.0000052358
  0.0000119859
 -0.0000374056
  0.0000059392
  0.0000065849
 -0.0000057812
 -0.0000337861
 -0.0000045115
 -0.0001282726
 -0.0000143518
  0.0000079437
  0.0000662626
 -0.0000955027
  0.0000041793
  0.0000158262
 -0.0001398766
  0.0000147721
 -0.0000378528
  0.0000219011
  0.0000232225
  0.0000456631
  0.0000162589
 -0.0000033553
  0.0000294589
 -0.0000041080
 -0.0000392317
  0.0000369649
  0.0000036453
  0.0000047004
 -0.0000576423
 -0.0000100573
  0.0000122123
 -0.0000129436
  0.0000114569
  0.0000080659
 -0.0000013086
  0.0000042866
 -0.0000252711
  0.0000428473
  0.0000093042
 -0.0000697458
 -0.0005306957
 -0.0000166110
 -0.0000060545
 -0.0000048562
 -0.0000088436
 -0.0000531372
  0.0000290465
 -0.0000004192
  0.0000321789
  0.0000091431
 -0.0000566180
  0.0000001470
  0.0000096663
  0.0000023983
 -0.0000473396
  0.0000176971
 -0.0000373472
  0.0000208752
  0.0000143242
  0.0000089335
  0.0000025400
 -0.0000594002
 -0.0000310678
  0.0000132886
  0.0000564831
 -0.0000334136
 -0.0000168952
  0.0000180501
 -0.0000007960
  0.0001573555
 -0.0000180916
  0.0000212813
 -0.0000217665
  0.0000077484
 -0.0000689260
 -0.0000000478
 -0.0000259682
 -0.0000411598
  0.0000012912
  0.0001218103
  0.0000028631
 -0.0000439704
  0.0000121743
  0.0000132074
 -0.0000329728
 -0.0001349657
