 -0.0000002569
 -0.0000009710
  0.0000030079
 -0.0000020603
  0.0000001711
 -0.0000058581
 -0.0000008443
  0.0000191958
 -0.0000049847
 -0.0000009034
 -0.0000035035
  0.0000021239
  0.0000003263
  0.0000001752
  0.0000014941
  0.0000018309
  0.0000001778
  0.0000008949
 -0.0000021439
 -0.0000022534
 -0.0000017542
  0.0000000324
  0.0000013611
  0.0000178458
 -0.0000020677
  0.0000008211
 -0.0000002568
 -0.0000035587
  0.0000017257
  0.0000012637
 -0.0000002135
  0.0000013472
 -0.0000019403
 -0.0000000664
 -0.0000049407
 -0.0000026714
 -0.0000158645
  0.0000025525
 -0.0000018695
  0.0000033616
 -0.0000010374
  0.0000014480
  0.0000013920
 -0.0000002399
  0.0000033168
 -0.0000026118
 -0.0000008538
 -0.0000008763
 -0.0000037119
  0.0000002381
 -0.0000038408
 -0.0000058052
 -0.0000093422
  0.0000002223
 -0.0000011153
 -0.0000006242
 -0.0000008650
 -0.0000013100
  0.0000139178
 -0.0000000298
 -0.0000012824
  0.0000051777
 -0.0000030597
 -0.0000051963
 -0.0000004012
 -0.0000022478
  0.0000091489
  0.0000043805
 -0.0000029509
 -0.0000013920
 -0.0000000542
  0.0000018912
  0.0000015603
 -0.0000002223
  0.0000020930
 -0.0000012447
  0.0000025763
 -0.0000013722
 -0.0000026973
  0.0000004990
 -0.0000098845
  0.0000005023
  0.0000007882
 -0.0000030494
  0.0000024114
 -0.0000014394
  0.0000048603
 -0.0000009977
 -0.0000000498
 -0.0000054177
 -0.0000064149
 -0.0000119511
 -0.0000173108
 -0.0000137895
  0.0000013282
  0.0000087741
  0.0000181001
 -0.0000038852
  0.0000117483
 -0.0000107257
 -0.0000280711
  0.0000110258
 -0.0000449708
  0.0000304252
 -0.0000064282
  0.0000204806
  0.0000171849
 -0.0000144630
  0.0000355586
 -0.0000098783
 -0.0000048794
  0.0000479466
  0.0000007143
 -0.0000050268
 -0.0000631245
  0.0000263131
  0.0000270724
  0.0000156548
  0.0000014704
 -0.0000086621
  0.0000034730
  0.0000018729
  0.0000109696
 -0.0000193032
 -0.0000043159
 -0.0000053024
  0.0000317371
  0.0000047385
 -0.0000464532
 -0.0000070957
  0.0000076405
  0.0000481062
  0.0000066890
 -0.0000177652
 -0.0000055578
 -0.0000309370
  0.0000017755
  0.0000232493
 -0.0000055123
 -0.0000063737
 -0.0000041132
 -0.0000051547
 -0.0000040382
 -0.0000036088
  0.0000026093
 -0.0000075128
 -0.0000054952
  0.0000002643
  0.0000007843
  0.0000018903
  0.0000006764
  0.0000009149
 -0.0000064444
  0.0000033239
 -0.0000010422
  0.0000011161
 -0.0000007039
  0.0000006928
  0.0000021586
  0.0000018076
  0.0000028658
  0.0000019727
  0.0000006502
  0.0000011366
  0.0000024114
  0.0000024243
  0.0000029036
  0.0000006277
  0.0000021658
 -0.0000005155
  0.0000038321
 -0.0000029401
  0.0000066488
  0.0000011696
 -0.0000012275
 -0.0000020707
  0.0000005841
 -0.0000038305
 -0.0000079549
 -0.0000026564
  0.0000053368
 -0.0000060262
 -0.0000057105
  0.0000027979
  0.0000037725
  0.0000302903
  0.0000077517
  0.0000005370
 -0.0000010173
  0.0000025625
 -0.0000022270
  0.0000052517
  0.0000049591
  0.0000223664
  0.0000030382
  0.0000028897
  0.0000004247
  0.0000023770
 -0.0000000237
  0.0000006294
 -0.0000055945
  0.0000007506
  0.0000057572
 -0.0000024749
  0.0000062159
  0.0000026821
 -0.0000121570
 -0.0000020237
 -0.0000062786
 -0.0000022161
 -0.0000076684
 -0.0000033311
  0.0000051417
 -0.0000028905
  0.0000009888
  0.0000074631
 -0.0000005555
  0.0000053793
 -0.0000254500
 -0.0000143977
  0.0000323842
  0.0000242296
  0.0000042737
 -0.0000333416
  0.0000159889
 -0.0000431243
 -0.0000309888
  0.0000151772
 -0.0000117501
  0.0000444807
 -0.0000465347
  0.0000439010
 -0.0000484660
 -0.0000195334
  0.0000129197
 -0.0000015724
 -0.0000088289
  0.0000242909
 -0.0000518272
 -0.0000393128
  0.0000486297
  0.0000316822
  0.0000099712
  0.0000049791
 -0.0000082347
  0.0000059264
  0.0000084352
 -0.0000088253
  0.0000000767
 -0.0000071992
  0.0000507475
 -0.0000335812
  0.0000068777
  0.0000565884
 -0.0000677963
 -0.0000033054
 -0.0000300169
  0.0000115162
 -0.0000010449
 -0.0000040341
 -0.0000011446
 -0.0000009156
  0.0000028241
  0.0000016763
 -0.0000027664
  0.0000006805
 -0.0000015316
  0.0000015721
  0.0000018417
  0.0000022966
  0.0000006146
  0.0000006867
  0.0000008445
  0.0000016293
  0.0000023326
 -0.0000027513
  0.0000025257
 -0.0000001028
  0.0000010033
 -0.0000141501
  0.0000016153
 -0.0000010100
 -0.0000034602
 -0.0000007002
 -0.0000008417
  0.0000023075
 -0.0000001114
 -0.0000048993
  0.0000042589
  0.0000009883
 -0.0000050199
 -0.0000074607
 -0.0000099552
 -0.0000113464
 -0.0000017274
 -0.0000061341
 -0.0000038856
  0.0000019904
  0.0000024258
  0.0000111995
 -0.0000025827
  0.0000029436
  0.0000000186
  0.0000019496
 -0.0000022488
 -0.0000011578
 -0.0000026285
  0.0000075157
 -0.0000004903
  0.0000003624
 -0.0000040385
 -0.0000032053
 -0.0000031650
 -0.0000005728
 -0.0000047566
  0.0000015053
 -0.0000030820
 -0.0000134054
  0.0000030707
  0.0000167014
  0.0000090252
  0.0000030620
  0.0000071953
  0.0000079090
 -0.0000056397
  0.0000055542
  0.0000031458
  0.0000027217
 -0.0000099244
 -0.0000081676
 -0.0000229611
  0.0000109808
 -0.0000124000
  0.0000030149
  0.0000070932
  0.0000080958
 -0.0000058447
  0.0000064196
 -0.0000018157
 -0.0000247181
  0.0000103712
 -0.0000382578
  0.0000161130
  0.0000145057
  0.0000119272
  0.0000178098
 -0.0000432643
 -0.0000082069
 -0.0000220130
  0.0000572577
 -0.0000046833
 -0.0000087980
 -0.0000659579
  0.0000284851
  0.0000292168
  0.0000112629
  0.0000072773
 -0.0000056188
  0.0000055562
  0.0000139271
 -0.0000213864
 -0.0000068965
  0.0000127023
  0.0000229850
  0.0000073466
 -0.0000471763
 -0.0000055041
  0.0000369167
  0.0000108338
 -0.0000123308
 -0.0000071849
 -0.0000289715
  0.0000279558
 -0.0000017193
 -0.0000050726
 -0.0000010958
  0.0000020417
  0.0000018372
 -0.0000010266
 -0.0000003925
 -0.0000010673
  0.0000004132
 -0.0000008838
  0.0000012960
 -0.0000027906
  0.0000004621
  0.0000017317
  0.0000133495
  0.0000029484
  0.0000019090
  0.0000009296
 -0.0000022601
 -0.0000012647
 -0.0000012471
  0.0000019593
  0.0000009353
 -0.0000040809
 -0.0000093164
 -0.0000003266
  0.0000059731
 -0.0000013159
 -0.0000001779
  0.0000014162
 -0.0000013525
  0.0000033526
 -0.0000012584
 -0.0000053776
  0.0000036966
 -0.0000035469
 -0.0000006322
 -0.0000101562
 -0.0000130148
 -0.0000178700
  0.0000009487
 -0.0000038390
 -0.0000063000
 -0.0000016180
 -0.0000010833
  0.0000176380
  0.0000015283
  0.0000004627
 -0.0000023282
 -0.0000023404
 -0.0000045816
  0.0000007319
  0.0000012961
  0.0000105145
 -0.0000011594
 -0.0000029106
 -0.0000026631
  0.0000003097
 -0.0000026866
 -0.0000003526
 -0.0000059549
 -0.0000026548
  0.0000075910
 -0.0000030366
 -0.0000013227
  0.0000061120
 -0.0000025287
  0.0000031597
  0.0000064330
  0.0000026980
  0.0000008903
 -0.0000027667
  0.0000081606
 -0.0000043062
 -0.0000037368
 -0.0000037415
  0.0000021227
 -0.0000261310
 -0.0000233787
 -0.0000028512
  0.0000043827
  0.0000087852
 -0.0000174388
  0.0000017035
  0.0000078974
 -0.0000348630
  0.0000002030
 -0.0000002817
  0.0000095207
 -0.0000129978
  0.0000040635
 -0.0000064987
  0.0000017089
  0.0000256014
  0.0000138502
 -0.0000057366
 -0.0000186223
  0.0000328790
 -0.0000044416
 -0.0000315333
 -0.0000440371
  0.0000359625
  0.0000260630
  0.0000084160
 -0.0000073117
 -0.0000117938
  0.0000009420
  0.0000063542
 -0.0000131291
 -0.0000096814
 -0.0000124894
  0.0000374631
  0.0000052461
 -0.0000385718
 -0.0000026859
 -0.0000096195
  0.0000204731
  0.0000562302
  0.0000061601
 -0.0000475490
 -0.0000136605
  0.0000046609
 -0.0000340612
  0.0000263357
  0.0000018328
  0.0000041381
  0.0000000231
 -0.0000002879
  0.0000052896
 -0.0000003995
 -0.0000010903
  0.0000001483
 -0.0000029877
 -0.0000008726
 -0.0000015116
 -0.0000003504
 -0.0000008448
  0.0000004162
 -0.0000003425
 -0.0000005258
 -0.0000023885
  0.0000001632
 -0.0000015425
 -0.0000025659
  0.0000012414
  0.0000003573
  0.0000021439
  0.0000006239
  0.0000029589
 -0.0000042080
 -0.0000010392
 -0.0000002153
 -0.0000037030
 -0.0000013026
 -0.0000022203
 -0.0000005747
 -0.0000022886
 -0.0000053045
 -0.0000020306
 -0.0000032859
 -0.0000057566
 -0.0000088645
  0.0000000234
 -0.0000025781
  0.0000009638
 -0.0000031135
 -0.0000008851
  0.0000188731
 -0.0000003330
 -0.0000004298
 -0.0000015339
 -0.0000020837
 -0.0000055212
  0.0000010221
 -0.0000018796
  0.0000148776
 -0.0000006658
 -0.0000025021
 -0.0000003543
  0.0000006446
  0.0000003284
 -0.0000020268
 -0.0000043850
  0.0000034628
 -0.0000014335
  0.0000036675
 -0.0000017551
 -0.0000015381
  0.0000102872
  0.0000004890
 -0.0000003406
  0.0000009479
 -0.0000020885
 -0.0000051705
 -0.0000009493
 -0.0000008806
 -0.0000037539
  0.0000000880
  0.0000070999
 -0.0000029299
 -0.0000300947
  0.0000163083
 -0.0000115037
  0.0000048972
  0.0000132546
  0.0000041668
 -0.0000006510
  0.0000065080
 -0.0000058331
 -0.0000180851
  0.0000122726
 -0.0000214578
  0.0000109184
 -0.0000001283
  0.0000085401
  0.0000261987
 -0.0000595105
 -0.0000045040
 -0.0000061863
  0.0000575476
 -0.0000142602
 -0.0000809033
  0.0000316773
  0.0000313686
  0.0000058830
 -0.0000028849
 -0.0000010011
  0.0000084693
 -0.0000024900
  0.0000083078
  0.0000168336
  0.0000083320
 -0.0000439792
 -0.0000068982
  0.0000377740
  0.0000104661
 -0.0000103658
 -0.0000028866
 -0.0000299934
  0.0000232410
  0.0000032159
 -0.0000049284
 -0.0000008976
 -0.0000004679
 -0.0000015092
 -0.0000013169
  0.0000015617
  0.0000027238
 -0.0000012753
  0.0000019166
  0.0000005140
  0.0000010206
  0.0000030919
  0.0000068477
 -0.0000011236
  0.0000022970
  0.0000002257
  0.0000161969
  0.0000003552
  0.0000004699
 -0.0000009502
  0.0000052362
 -0.0000007292
 -0.0000009117
  0.0000021750
  0.0000003381
 -0.0000089670
  0.0000002690
 -0.0000015195
  0.0000033866
  0.0000063779
 -0.0000022184
 -0.0000024953
  0.0000019910
  0.0000003543
  0.0000027326
 -0.0000024627
 -0.0000006129
  0.0000033532
  0.0000015634
  0.0000013332
 -0.0000055838
 -0.0000109528
 -0.0000064090
 -0.0000010514
 -0.0000053273
 -0.0000114623
  0.0000018682
  0.0000003570
  0.0000279597
 -0.0000014884
  0.0000036549
 -0.0000057137
 -0.0000012727
 -0.0000002738
  0.0000022580
 -0.0000008275
  0.0000184631
 -0.0000025947
  0.0000009260
  0.0000010952
  0.0000003423
 -0.0000042168
 -0.0000007189
 -0.0000044998
  0.0000009626
 -0.0000052428
  0.0000031022
  0.0000054792
  0.0000058481
 -0.0000008705
 -0.0000075788
  0.0000051755
 -0.0000002267
 -0.0000015666
 -0.0000002084
 -0.0000083109
 -0.0000020440
  0.0000004635
  0.0000064438
 -0.0000035830
  0.0000087625
  0.0000053664
 -0.0000936964
  0.0000417379
 -0.0000025244
 -0.0000311768
  0.0000088295
 -0.0000411854
  0.0000069586
  0.0000330704
 -0.0000113213
  0.0000072779
  0.0000305525
 -0.0000381139
 -0.0000134220
  0.0000029967
 -0.0000174868
  0.0000092646
  0.0000013388
 -0.0000261348
  0.0000070121
 -0.0000029650
 -0.0000010415
 -0.0000553288
 -0.0000307658
  0.0000612365
  0.0000270684
  0.0000103720
  0.0000076060
 -0.0000102474
  0.0000050991
  0.0000087546
  0.0000007451
 -0.0000101921
 -0.0000018147
 -0.0000057647
  0.0000368230
 -0.0000100376
  0.0000379033
  0.0000042012
 -0.0000025243
 -0.0000045935
  0.0000375829
  0.0000026845
  0.0000035946
 -0.0000581585
 -0.0000081487
  0.0000132726
 -0.0000097249
 -0.0000015220
 -0.0000003737
  0.0000027305
 -0.0000004209
 -0.0000067205
  0.0000009353
  0.0000026364
  0.0000044704
 -0.0000003482
 -0.0000001598
  0.0000003826
 -0.0000014290
  0.0000001103
 -0.0000006615
 -0.0000027706
  0.0000008944
 -0.0000007579
  0.0000012778
  0.0000000532
  0.0000140712
  0.0000035908
  0.0000003857
  0.0000007634
 -0.0000008154
 -0.0000019607
  0.0000005018
  0.0000017301
 -0.0000049387
 -0.0000014080
 -0.0000090865
  0.0000055601
 -0.0000007965
  0.0000070760
 -0.0000017437
  0.0000033207
  0.0000007378
 -0.0000029924
  0.0000021909
 -0.0000023321
 -0.0000021450
  0.0000033727
  0.0000003689
  0.0000053812
 -0.0000071238
 -0.0000125435
 -0.0000047041
 -0.0000030899
 -0.0000042532
 -0.0000154378
  0.0000022962
 -0.0000015936
  0.0000263735
  0.0000026481
  0.0000013154
 -0.0000058397
  0.0000002587
 -0.0000026001
  0.0000036242
 -0.0000005596
  0.0000157509
 -0.0000024449
 -0.0000015916
  0.0000000654
 -0.0000001600
 -0.0000036535
 -0.0000011026
 -0.0000081787
  0.0000015215
  0.0000027837
  0.0000002285
  0.0000012758
 -0.0000016656
 -0.0000010679
  0.0000002933
  0.0000001530
  0.0000006010
 -0.0000075135
  0.0000017019
  0.0000034156
 -0.0000385691
  0.0000273812
 -0.0000066438
 -0.0000363842
  0.0000043539
 -0.0000347857
 -0.0000025052
  0.0000276944
 -0.0000143802
 -0.0000254041
  0.0000493331
  0.0000525922
 -0.0000059061
  0.0000020878
 -0.0000395855
  0.0000031572
 -0.0000021145
 -0.0000407447
 -0.0000026529
 -0.0000010626
  0.0000025492
 -0.0000465129
 -0.0000235635
  0.0000577941
  0.0000247040
  0.0000024582
  0.0000196432
 -0.0000055595
  0.0000030735
 -0.0000123507
 -0.0000000586
 -0.0000119710
 -0.0000027376
 -0.0000317099
  0.0000255183
 -0.0000016869
  0.0000480885
  0.0000028458
  0.0000136312
  0.0000000315
  0.0000386839
 -0.0000025488
  0.0000061542
 -0.0000452729
 -0.0000112477
  0.0000123701
 -0.0000073851
 -0.0000029356
  0.0000117009
 -0.0000007642
 -0.0000064954
 -0.0000059202
  0.0000017746
 -0.0000011374
 -0.0000060086
 -0.0000058672
  0.0000013318
  0.0000006654
  0.0000012599
 -0.0000001524
  0.0000012645
 -0.0000011051
  0.0000006658
 -0.0000001108
  0.0000007088
  0.0000018624
  0.0000018844
  0.0000017361
 -0.0000020121
  0.0000022042
 -0.0000037104
 -0.0000001807
  0.0000020560
  0.0000034011
  0.0000007081
 -0.0000008858
  0.0000106170
  0.0000014790
 -0.0000011156
  0.0000029155
 -0.0000028753
 -0.0000012011
  0.0000004299
 -0.0000025011
  0.0000015272
  0.0000001503
 -0.0000019311
 -0.0000060106
 -0.0000005182
 -0.0000057458
 -0.0000064340
  0.0000022876
  0.0000019922
 -0.0000009728
 -0.0000123535
  0.0000014276
  0.0000013439
  0.0000334566
  0.0000044269
 -0.0000035308
 -0.0000010348
  0.0000002581
 -0.0000061657
  0.0000017286
  0.0000002907
  0.0000236963
  0.0000059251
 -0.0000004494
 -0.0000002895
 -0.0000005342
  0.0000010339
  0.0000068902
 -0.0000060717
 -0.0000052625
  0.0000042999
 -0.0000027274
  0.0000020616
  0.0000073416
 -0.0000025232
 -0.0000031783
  0.0000002341
  0.0000015271
 -0.0000013938
 -0.0000036792
  0.0000021344
 -0.0000034436
 -0.0000030654
 -0.0000020293
  0.0000090116
 -0.0000016889
  0.0000378008
  0.0000299780
 -0.0000940747
  0.0000451054
  0.0000015747
 -0.0000301080
  0.0000095770
 -0.0000376181
  0.0000290072
  0.0000365287
 -0.0000084526
  0.0000192770
 -0.0000222912
 -0.0000388781
 -0.0000195526
  0.0000084167
  0.0000388909
  0.0000048445
  0.0000037845
 -0.0000150045
  0.0000100335
 -0.0000559943
 -0.0000427538
  0.0000640620
  0.0000283878
  0.0000116139
  0.0000017195
 -0.0000050239
  0.0000033238
 -0.0000056577
 -0.0000111715
 -0.0000022015
  0.0000090170
  0.0000404552
 -0.0000101706
  0.0000166491
  0.0000079998
  0.0000006609
  0.0000108062
  0.0000302170
  0.0000037349
 -0.0000119010
 -0.0000609219
 -0.0000083649
 -0.0000123854
  0.0000028824
 -0.0000014169
  0.0000023218
 -0.0000022425
 -0.0000006705
 -0.0000011557
 -0.0000054759
 -0.0000041313
 -0.0000039539
  0.0000013770
  0.0000013757
 -0.0000009712
  0.0000007962
 -0.0000012578
 -0.0000054149
  0.0000037578
  0.0000005138
  0.0000001396
  0.0000023746
  0.0000006893
  0.0000040361
  0.0000036593
  0.0000000283
  0.0000044179
  0.0000014821
  0.0000016169
  0.0000004982
  0.0000024836
 -0.0000030202
  0.0000005351
 -0.0000022448
  0.0000027749
  0.0000044273
  0.0000018680
 -0.0000065019
 -0.0000025836
 -0.0000028905
  0.0000045473
  0.0000050629
  0.0000035651
  0.0000051339
  0.0000002058
 -0.0000033781
 -0.0000051282
 -0.0000148193
 -0.0000139254
 -0.0000004636
 -0.0000015781
 -0.0000167024
  0.0000000492
 -0.0000012814
  0.0000389183
  0.0000063640
  0.0000014001
 -0.0000070779
 -0.0000027105
 -0.0000026227
 -0.0000004895
  0.0000004374
  0.0000379224
 -0.0000014531
  0.0000007273
  0.0000032564
  0.0000034428
  0.0000041273
 -0.0000040556
 -0.0000019577
 -0.0000042786
 -0.0000009023
  0.0000019679
 -0.0000000100
  0.0000019234
  0.0000013541
 -0.0000010099
  0.0000229172
 -0.0000116836
  0.0000169049
  0.0000188851
 -0.0000286712
 -0.0000182624
  0.0000431933
 -0.0000195040
  0.0000129404
 -0.0000005740
 -0.0000546384
 -0.0000160161
  0.0000087429
  0.0000204221
  0.0000169558
  0.0000368927
  0.0000350633
  0.0000207421
  0.0000078777
 -0.0000277012
 -0.0000187045
 -0.0000330472
 -0.0000187872
 -0.0000084952
 -0.0000676015
 -0.0000230313
  0.0000662935
  0.0000250274
 -0.0000150503
 -0.0000038387
 -0.0000260855
  0.0000014231
  0.0000025406
  0.0000053064
 -0.0000104715
 -0.0000049110
 -0.0000176842
  0.0000339985
 -0.0000037912
  0.0000017930
  0.0000080493
 -0.0000039557
 -0.0000094307
  0.0000244226
 -0.0000064249
 -0.0000162227
 -0.0000634686
 -0.0000062518
  0.0000419332
 -0.0000075437
  0.0000002727
  0.0000537527
  0.0000007216
 -0.0000000115
  0.0000023212
 -0.0000011819
  0.0000001989
  0.0000004772
 -0.0000000047
 -0.0000019039
 -0.0000008317
  0.0000007476
 -0.0000015926
  0.0000011585
 -0.0000011158
 -0.0000001656
  0.0000019962
 -0.0000014597
  0.0000012985
 -0.0000018440
 -0.0000017174
 -0.0000018193
  0.0000000116
  0.0000013717
  0.0000001424
 -0.0000012377
 -0.0000020484
  0.0000021194
 -0.0000047290
 -0.0000057446
 -0.0000012936
 -0.0000026874
 -0.0000050296
 -0.0000102153
 -0.0000007979
 -0.0000018994
 -0.0000042793
 -0.0000017776
 -0.0000027391
  0.0000082579
 -0.0000011511
 -0.0000014864
  0.0000020332
 -0.0000022635
 -0.0000066701
  0.0000000046
 -0.0000018356
  0.0000003860
  0.0000004233
 -0.0000001711
 -0.0000018611
 -0.0000015326
 -0.0000048652
 -0.0000026274
  0.0000006032
  0.0000009611
  0.0000003262
  0.0000008824
  0.0000030670
 -0.0000029216
  0.0000010452
  0.0000016296
 -0.0000036573
 -0.0000027591
  0.0000017369
  0.0000002312
 -0.0000016277
  0.0000026800
  0.0000051887
 -0.0000111436
 -0.0000006803
 -0.0000050408
  0.0000026520
 -0.0000012331
  0.0000094652
  0.0000011631
 -0.0000052652
  0.0000075867
  0.0000345818
 -0.0000024458
  0.0000048126
  0.0000382670
 -0.0000027185
  0.0000063241
 -0.0000033295
 -0.0000000606
  0.0000114967
 -0.0000003998
  0.0000003390
  0.0000360860
  0.0000030010
 -0.0000017898
  0.0000331971
 -0.0002210966
  0.0000312670
  0.0000408532
 -0.0000161411
  0.0000000064
  0.0000114710
 -0.0000088779
 -0.0000058411
  0.0000252611
 -0.0000047483
 -0.0000127697
  0.0000373423
  0.0000087841
  0.0000083443
 -0.0000086499
  0.0000102967
 -0.0000433618
  0.0000088681
 -0.0000008118
 -0.0000047467
  0.0000030953
 -0.0000066899
  0.0000030538
  0.0000017675
 -0.0000021007
  0.0000025959
  0.0000022777
 -0.0000006116
  0.0000000114
  0.0000015381
 -0.0000000596
  0.0000030323
  0.0000026885
 -0.0000017995
 -0.0000006720
 -0.0000016805
  0.0000014988
  0.0000169366
  0.0000018982
 -0.0000006896
 -0.0000022608
 -0.0000008070
  0.0000015944
  0.0000032076
 -0.0000018765
  0.0000013289
 -0.0000008167
 -0.0000027467
  0.0000011616
  0.0000013416
 -0.0000099223
  0.0000026811
  0.0000050548
  0.0000041012
 -0.0000011140
  0.0000025185
 -0.0000025021
 -0.0000021683
 -0.0000004204
 -0.0000013352
 -0.0000001814
  0.0000039756
 -0.0000029786
  0.0000033416
 -0.0000024664
 -0.0000043697
 -0.0000131944
  0.0000021854
 -0.0000056568
 -0.0000088071
 -0.0000012038
  0.0000023513
  0.0000213580
  0.0000056841
  0.0000042500
 -0.0000066728
  0.0000000723
 -0.0000017158
 -0.0000033421
 -0.0000043177
  0.0000111865
 -0.0000043403
  0.0000000170
 -0.0000019411
 -0.0000019498
 -0.0000046663
 -0.0000043449
 -0.0000058959
  0.0000014230
  0.0000031081
  0.0000016183
 -0.0000022896
  0.0000061626
 -0.0000029011
  0.0000004069
 -0.0000064147
 -0.0000011857
 -0.0000044367
  0.0000003231
  0.0000072482
 -0.0000003915
 -0.0000043941
 -0.0000036406
  0.0000120304
  0.0000178383
  0.0000212055
  0.0000014692
  0.0000198273
  0.0000046976
 -0.0000172753
  0.0000138155
 -0.0000212809
  0.0000302364
  0.0000104456
 -0.0000087918
  0.0000076628
 -0.0000275695
 -0.0000228902
 -0.0000411552
 -0.0000239533
  0.0000239557
  0.0000097117
 -0.0000030456
 -0.0000186816
  0.0000241925
  0.0000055672
  0.0000029128
 -0.0000475498
 -0.0000420854
  0.0000440102
  0.0000236891
  0.0000053729
  0.0000031375
 -0.0000001106
  0.0000015006
 -0.0000039529
 -0.0000033658
 -0.0000140402
 -0.0000001864
  0.0000139553
  0.0000479739
  0.0000069301
 -0.0000229610
 -0.0000017554
 -0.0000002435
  0.0000150450
  0.0000372017
 -0.0000027660
 -0.0000095465
 -0.0000614530
 -0.0000125797
  0.0000040942
 -0.0000130950
 -0.0000049018
  0.0000178075
 -0.0000007629
 -0.0000039010
 -0.0000025808
 -0.0000040302
 -0.0000012019
  0.0000034617
 -0.0000044136
  0.0000007980
 -0.0000022690
  0.0000001816
  0.0000030028
 -0.0000004458
 -0.0000004785
  0.0000005343
 -0.0000009079
  0.0000034796
  0.0000033809
  0.0000139583
  0.0000030776
 -0.0000030837
 -0.0000006928
  0.0000019639
  0.0000032925
  0.0000009485
  0.0000004762
  0.0000020910
 -0.0000005578
 -0.0000056772
 -0.0000122486
  0.0000025786
 -0.0000024711
  0.0000046843
 -0.0000046451
 -0.0000023942
  0.0000060880
  0.0000004417
  0.0000001964
  0.0000003493
 -0.0000018740
  0.0000006669
 -0.0000038743
 -0.0000014862
 -0.0000077775
 -0.0000209416
 -0.0000014963
  0.0000005726
 -0.0000019132
 -0.0000097677
  0.0000009676
  0.0000002626
  0.0000294416
  0.0000026534
 -0.0000001401
 -0.0000118789
 -0.0000001213
 -0.0000026763
  0.0000066254
 -0.0000012204
  0.0000335141
 -0.0000040532
  0.0000010537
 -0.0000017432
  0.0000011408
 -0.0000010877
 -0.0000037030
 -0.0000036486
 -0.0000010803
  0.0000013258
 -0.0000014473
  0.0000002000
 -0.0000007083
  0.0000005155
  0.0000010301
  0.0000003209
 -0.0000002848
  0.0000080924
 -0.0000009810
 -0.0000046561
 -0.0000048614
 -0.0000185692
  0.0000009877
  0.0000555595
 -0.0000092541
  0.0000393537
  0.0000014623
 -0.0000240360
 -0.0000113985
  0.0000359195
 -0.0000168156
 -0.0000155417
 -0.0000034505
  0.0000272743
  0.0000350559
  0.0000128588
 -0.0000094677
 -0.0000277061
 -0.0000235751
 -0.0000083050
 -0.0000031068
 -0.0000527804
 -0.0000331701
  0.0000683712
  0.0000211692
 -0.0000011222
  0.0000029520
 -0.0000182982
  0.0000037722
 -0.0000054002
  0.0000051167
 -0.0000124854
 -0.0000084029
 -0.0000312733
  0.0000287599
 -0.0000025969
  0.0000214325
  0.0000038409
  0.0000064302
  0.0000100745
  0.0000300199
 -0.0000081466
 -0.0000054225
 -0.0000646794
 -0.0000125384
  0.0000137567
 -0.0000128246
 -0.0000026330
  0.0000270469
  0.0000011849
  0.0000018390
 -0.0000060245
 -0.0000054468
 -0.0000013585
 -0.0000000281
  0.0000002058
 -0.0000007414
  0.0000009959
  0.0000020890
 -0.0000022106
 -0.0000024079
  0.0000017316
  0.0000001617
  0.0000006442
  0.0000008622
  0.0000018325
  0.0000003540
  0.0000007691
  0.0000019075
 -0.0000011054
 -0.0000004854
 -0.0000010529
 -0.0000007953
  0.0000036856
 -0.0000017580
  0.0000025055
 -0.0000003316
  0.0000109514
  0.0000009634
 -0.0000019654
  0.0000008095
 -0.0000021255
 -0.0000083487
  0.0000058105
  0.0000029429
 -0.0000001841
  0.0000040056
 -0.0000019442
  0.0000010824
 -0.0000055005
 -0.0000066232
 -0.0000112319
 -0.0000147809
 -0.0000015992
  0.0000056834
 -0.0000079957
 -0.0000109902
 -0.0000018228
 -0.0000029346
  0.0000370592
  0.0000063852
 -0.0000049591
 -0.0000147537
 -0.0000047479
 -0.0000060366
  0.0000011975
  0.0000089268
  0.0000431099
 -0.0000089272
 -0.0000007231
 -0.0000011304
 -0.0000020301
  0.0000031846
 -0.0000111837
 -0.0000032702
  0.0000003690
 -0.0000029314
 -0.0000020880
  0.0000008189
 -0.0000016119
 -0.0000001906
  0.0000040291
  0.0000017474
  0.0000005177
 -0.0000008233
  0.0000007341
  0.0000051301
 -0.0000017813
  0.0000141272
  0.0000060433
  0.0000017917
 -0.0000032348
 -0.0000137482
 -0.0000022779
  0.0000512306
 -0.0000043277
  0.0000458297
 -0.0000045473
 -0.0000317352
 -0.0000065633
  0.0000071419
 -0.0000115448
  0.0000092495
 -0.0000008760
  0.0000273194
  0.0000143621
  0.0000134552
 -0.0000074042
 -0.0000157256
 -0.0000188010
 -0.0000019792
 -0.0000551608
 -0.0000277379
  0.0000679755
  0.0000173704
  0.0000017572
  0.0000045931
 -0.0000150853
 -0.0000007882
 -0.0000002037
  0.0000012991
 -0.0000098161
 -0.0000116647
 -0.0000153563
  0.0000287415
 -0.0000001831
  0.0000253704
  0.0000053657
 -0.0000027578
 -0.0000011897
  0.0000405775
 -0.0000045279
 -0.0000135534
 -0.0000627868
 -0.0000068125
  0.0000151726
 -0.0000089826
 -0.0000020588
  0.0000338341
  0.0000028206
 -0.0000055776
  0.0000010294
 -0.0000075552
  0.0000007624
  0.0000054706
  0.0000012208
 -0.0000006828
 -0.0000008293
 -0.0000003170
  0.0000023401
 -0.0000004867
  0.0000005673
  0.0000000630
 -0.0000034963
 -0.0000025167
  0.0000009250
 -0.0000011665
  0.0000006391
  0.0000119767
  0.0000005727
  0.0000022682
  0.0000025487
  0.0000036659
 -0.0000014827
 -0.0000033830
 -0.0000009020
  0.0000004762
 -0.0000006668
 -0.0000017246
  0.0000010972
  0.0000024753
 -0.0000108522
 -0.0000007578
 -0.0000015233
  0.0000017400
  0.0000045090
  0.0000004122
  0.0000024745
 -0.0000023234
 -0.0000004999
  0.0000029127
 -0.0000010449
 -0.0000012065
  0.0000034164
 -0.0000008623
 -0.0000006463
 -0.0000062093
 -0.0000122472
 -0.0000046333
  0.0000035473
 -0.0000028166
 -0.0000158257
  0.0000020435
  0.0000014782
  0.0000271277
 -0.0000047081
 -0.0000010535
 -0.0000048223
  0.0000037726
 -0.0000049328
  0.0000003988
  0.0000014825
  0.0000155073
 -0.0000016833
 -0.0000018143
 -0.0000014651
  0.0000010086
 -0.0000026027
 -0.0000005124
 -0.0000085820
  0.0000023465
  0.0000002172
 -0.0000020518
 -0.0000012499
 -0.0000020990
 -0.0000004638
  0.0000029927
 -0.0000007535
 -0.0000091835
  0.0000018459
  0.0000100118
 -0.0000246898
  0.0000169165
 -0.0000065012
 -0.0000222272
  0.0000018337
 -0.0000077099
 -0.0000018956
  0.0000219617
 -0.0000159466
 -0.0000346571
  0.0000293267
  0.0000136617
 -0.0000090109
  0.0000000545
 -0.0000142386
  0.0000158191
 -0.0000038430
 -0.0000139508
 -0.0000065991
  0.0000033999
  0.0000070307
 -0.0000430303
 -0.0000216472
  0.0000583087
  0.0000244348
  0.0000009585
  0.0000017562
 -0.0000040219
  0.0000013256
  0.0000044808
  0.0000008736
 -0.0000139541
 -0.0000016833
 -0.0000132662
  0.0000268200
  0.0000062885
  0.0000444614
  0.0000033422
  0.0000017087
  0.0000069020
  0.0000405211
 -0.0000041187
 -0.0000102866
 -0.0000413999
 -0.0000115956
  0.0000115630
 -0.0000125700
 -0.0000037158
  0.0000218622
 -0.0000052976
  0.0000034686
 -0.0000066322
 -0.0000022225
  0.0000027096
 -0.0000008143
  0.0000011908
  0.0000014281
  0.0000004936
 -0.0000032886
 -0.0000005722
  0.0000022799
  0.0000021384
  0.0000019794
 -0.0000008499
  0.0000011037
 -0.0000000375
  0.0000034859
  0.0000147822
 -0.0000011864
 -0.0000001689
  0.0000027254
  0.0000010385
  0.0000015157
  0.0000022177
 -0.0000004512
  0.0000032008
 -0.0000004154
 -0.0000049206
 -0.0000019789
 -0.0000014193
 -0.0000126735
 -0.0000021227
  0.0000027675
  0.0000000412
  0.0000004364
 -0.0000030738
 -0.0000025403
 -0.0000000554
 -0.0000000775
 -0.0000001801
 -0.0000022019
 -0.0000052149
 -0.0000017828
 -0.0000056287
 -0.0000077339
 -0.0000185578
 -0.0000017407
 -0.0000000491
 -0.0000060487
 -0.0000014093
  0.0000015648
  0.0000220334
 -0.0000018267
  0.0000011421
  0.0000010399
  0.0000022491
 -0.0000041942
 -0.0000011920
 -0.0000017708
  0.0000109165
  0.0000020757
  0.0000012682
 -0.0000021455
  0.0000023470
  0.0000008176
 -0.0000027424
 -0.0000054198
  0.0000042496
  0.0000048715
  0.0000023405
 -0.0000002446
 -0.0000051587
 -0.0000068955
  0.0000075981
  0.0000036561
 -0.0000069240
 -0.0000059206
  0.0000011851
  0.0000013391
  0.0000009209
 -0.0000036888
 -0.0000058870
  0.0000028361
 -0.0000156353
 -0.0000135838
  0.0000157282
  0.0000133395
  0.0000087139
 -0.0000273284
  0.0000020773
 -0.0000134007
 -0.0000280552
  0.0000074945
  0.0000015918
  0.0000131518
 -0.0000186252
  0.0000423507
 -0.0000159268
  0.0000026607
  0.0000064290
  0.0000156940
 -0.0000004737
  0.0000087607
  0.0000220152
 -0.0000085901
 -0.0000090925
 -0.0000301904
 -0.0000449497
  0.0000420329
  0.0000274306
  0.0000183360
 -0.0000026269
 -0.0000139453
 -0.0000015105
  0.0000060207
  0.0000028905
 -0.0000155944
 -0.0000074258
  0.0000045186
  0.0000503157
 -0.0000038175
 -0.0000298400
 -0.0000012445
 -0.0000314831
  0.0000163855
  0.0000521028
  0.0000136863
  0.0000035216
 -0.0000393196
 -0.0000134512
  0.0000066831
 -0.0000349819
  0.0000073805
  0.0000211118
 -0.0000023517
 -0.0000014042
 -0.0000001346
 -0.0000035247
  0.0000024010
  0.0000008843
  0.0000008828
  0.0000037069
 -0.0000018277
 -0.0000001842
 -0.0000001099
  0.0000004515
  0.0000040503
  0.0000043574
 -0.0000009035
  0.0000035769
  0.0000155863
  0.0000021866
  0.0000000351
  0.0000009610
  0.0000061052
  0.0000026063
 -0.0000014844
  0.0000057304
 -0.0000002099
 -0.0000120369
  0.0000022217
  0.0000009190
  0.0000031824
 -0.0000034246
 -0.0000008406
  0.0000004224
 -0.0000031770
 -0.0000002034
  0.0000001411
  0.0000029315
  0.0000005776
 -0.0000033991
  0.0000014036
 -0.0000020403
 -0.0000102220
 -0.0000060813
  0.0000024407
 -0.0000039098
 -0.0000100568
 -0.0000008016
 -0.0000039451
  0.0000297534
  0.0000005619
 -0.0000024937
 -0.0000068523
 -0.0000026247
 -0.0000064460
  0.0000001670
  0.0000006434
  0.0000159453
 -0.0000029999
 -0.0000047874
  0.0000017391
  0.0000028094
 -0.0000033433
 -0.0000034881
 -0.0000040506
  0.0000024890
  0.0000038067
  0.0000008798
 -0.0000020788
  0.0000024968
  0.0000021220
 -0.0000001059
  0.0000034442
  0.0000008858
  0.0000034825
 -0.0000001529
 -0.0000007717
  0.0000044358
  0.0000041624
 -0.0000062618
  0.0000037156
  0.0000094168
  0.0000122772
 -0.0000185277
  0.0000303135
  0.0000015020
 -0.0000153789
  0.0000142556
 -0.0000191888
  0.0000209894
  0.0000202283
 -0.0000155953
  0.0000010758
 -0.0000314988
  0.0000164217
 -0.0000363822
 -0.0000242564
 -0.0000030869
  0.0000061290
 -0.0000066802
 -0.0000018318
  0.0000228898
 -0.0000008699
 -0.0000472803
 -0.0000441458
  0.0000439300
  0.0000279213
  0.0000065443
  0.0000044290
 -0.0000029208
  0.0000002170
  0.0000076358
 -0.0000012201
 -0.0000156397
 -0.0000009557
  0.0000098007
  0.0000506022
  0.0000038425
 -0.0000286496
  0.0000009895
  0.0000028223
  0.0000019666
  0.0000363233
 -0.0000026080
 -0.0000160104
 -0.0000598519
 -0.0000081414
  0.0000093123
 -0.0000211389
  0.0000160366
  0.0000019190
 -0.0000030590
 -0.0000058889
 -0.0000020022
 -0.0000021545
 -0.0000002591
  0.0000024348
 -0.0000003427
 -0.0000006167
  0.0000017787
 -0.0000033129
  0.0000017944
  0.0000011759
  0.0000036915
  0.0000022911
  0.0000000988
  0.0000027273
 -0.0000007819
  0.0000031796
  0.0000011943
  0.0000002791
  0.0000029963
 -0.0000025913
  0.0000029137
  0.0000024914
 -0.0000005684
  0.0000001349
  0.0000007146
 -0.0000096054
  0.0000042286
  0.0000004694
  0.0000058640
 -0.0000003067
 -0.0000022157
  0.0000042237
  0.0000009501
  0.0000007468
  0.0000013217
  0.0000006128
  0.0000016894
 -0.0000056884
  0.0000023666
 -0.0000059643
 -0.0000179462
  0.0000010148
  0.0000027421
 -0.0000006133
 -0.0000109095
  0.0000023791
  0.0000014209
  0.0000331727
  0.0000030745
 -0.0000025701
 -0.0000099076
  0.0000004843
 -0.0000047593
  0.0000044901
  0.0000008381
  0.0000333186
 -0.0000020515
  0.0000000680
  0.0000002408
  0.0000019705
  0.0000007539
 -0.0000025057
 -0.0000052431
 -0.0000004717
 -0.0000005018
 -0.0000002337
 -0.0000004889
 -0.0000004649
 -0.0000003254
 -0.0000016201
  0.0000027001
  0.0000035643
  0.0000084536
 -0.0000087487
 -0.0000155673
  0.0000030874
  0.0000040326
 -0.0000087052
  0.0000323651
 -0.0000015434
 -0.0000198155
 -0.0000129941
 -0.0000142280
  0.0000101128
  0.0000099636
 -0.0000273110
  0.0000150270
  0.0000005586
  0.0000145416
 -0.0000066851
 -0.0000176105
 -0.0000129383
 -0.0000030642
 -0.0000043848
 -0.0000585792
 -0.0000215459
  0.0000723611
  0.0000239446
  0.0000019419
  0.0000061416
 -0.0000041712
  0.0000040384
  0.0000010209
  0.0000059606
 -0.0000110366
 -0.0000071669
 -0.0000167233
  0.0000338124
 -0.0000018102
  0.0000445233
  0.0000050816
 -0.0000002340
  0.0000016664
  0.0000396350
 -0.0000066569
 -0.0000109803
 -0.0000585346
 -0.0000127762
  0.0000160195
 -0.0000112826
 -0.0000013661
  0.0000184939
 -0.0000041450
 -0.0000000954
 -0.0000019845
 -0.0000093033
 -0.0000039273
  0.0000003131
  0.0000019173
  0.0000022399
  0.0000002996
  0.0000008510
  0.0000011502
  0.0000010580
 -0.0000007836
  0.0000016013
 -0.0000004597
  0.0000023219
 -0.0000000792
  0.0000016338
 -0.0000003828
  0.0000011255
  0.0000003687
  0.0000035757
  0.0000018692
 -0.0000003496
  0.0000006295
  0.0000000315
  0.0000018878
 -0.0000038830
 -0.0000016422
  0.0000000484
 -0.0000036260
  0.0000021333
 -0.0000000232
 -0.0000025033
 -0.0000032184
 -0.0000022090
 -0.0000066272
 -0.0000172970
  0.0000014352
  0.0000014288
 -0.0000041933
 -0.0000118695
  0.0000011403
  0.0000004802
  0.0000330832
  0.0000048967
 -0.0000016787
 -0.0000118713
 -0.0000007051
 -0.0000046271
  0.0000023597
  0.0000001296
  0.0000318989
 -0.0000043143
  0.0000012298
  0.0000009595
 -0.0000004422
  0.0000026676
 -0.0000017043
 -0.0000065064
 -0.0000062402
 -0.0000034703
  0.0000023662
 -0.0000046935
  0.0000006955
 -0.0000060555
 -0.0000060568
 -0.0000004751
 -0.0000018867
  0.0000058611
  0.0000057636
 -0.0000017288
  0.0000035778
 -0.0000011438
  0.0000016824
  0.0000012542
 -0.0000115996
 -0.0000064242
  0.0000045749
 -0.0000279208
  0.0000129838
  0.0000044895
 -0.0000350656
 -0.0000115505
 -0.0000345461
 -0.0000091874
  0.0000155757
 -0.0000193920
 -0.0000052621
  0.0000572581
  0.0000102862
 -0.0000049885
 -0.0000028639
 -0.0000008533
  0.0000110595
 -0.0000091602
 -0.0000248392
 -0.0000008372
  0.0000044113
 -0.0000451559
 -0.0000224299
  0.0000622048
  0.0000236864
 -0.0000025432
  0.0000089533
 -0.0000060022
  0.0000036918
  0.0000026350
  0.0000020468
 -0.0000120885
 -0.0000084089
 -0.0000112318
  0.0000322286
  0.0000041532
  0.0000496179
  0.0000036927
  0.0000013336
 -0.0000055259
  0.0000370280
 -0.0000069044
 -0.0000011511
 -0.0000431434
 -0.0000134185
  0.0000207036
  0.0000068598
  0.0000190912
 -0.0000015385
  0.0000024026
  0.0000022692
  0.0000009182
  0.0000003806
  0.0000034496
 -0.0000059306
 -0.0000014752
  0.0000022393
 -0.0000018302
  0.0000007597
  0.0000008111
  0.0000019987
  0.0000014182
  0.0000011854
  0.0000030304
  0.0000024558
  0.0000027210
  0.0000019096
  0.0000010637
  0.0000038578
 -0.0000019756
 -0.0000002327
 -0.0000007714
 -0.0000008312
  0.0000008564
  0.0000001129
 -0.0000027442
  0.0000005702
 -0.0000020371
 -0.0000044182
 -0.0000098379
  0.0000006378
 -0.0000034405
 -0.0000046679
 -0.0000014584
  0.0000009276
  0.0000242141
  0.0000008753
 -0.0000003754
 -0.0000054147
  0.0000003926
 -0.0000041668
  0.0000022422
 -0.0000007870
  0.0000154304
 -0.0000019580
  0.0000001403
  0.0000041821
 -0.0000010843
 -0.0000008394
 -0.0000024315
 -0.0000041122
 -0.0000011278
 -0.0000034233
 -0.0000024423
 -0.0000042025
 -0.0000058433
 -0.0000007733
  0.0000057035
 -0.0000022505
 -0.0000012264
  0.0000017031
 -0.0000026402
 -0.0000045689
 -0.0000003777
 -0.0000028552
 -0.0000024308
 -0.0000013481
  0.0000112315
 -0.0000194362
 -0.0000199426
 -0.0000073869
  0.0000047761
  0.0000101942
  0.0000260297
  0.0000106257
  0.0000356701
 -0.0000340546
  0.0000029807
  0.0000011353
 -0.0000594357
  0.0000091167
 -0.0000060805
  0.0000286140
 -0.0000002808
 -0.0000229132
 -0.0000011735
 -0.0000035670
  0.0000479254
 -0.0000221275
 -0.0000730138
  0.0000378248
 -0.0000056304
  0.0000030429
  0.0000097064
 -0.0000006072
  0.0000079153
  0.0000287350
 -0.0000553068
 -0.0000100365
  0.0000331177
  0.0000078437
 -0.0000584799
 -0.0000079836
 -0.0000318117
  0.0000169022
  0.0000033489
  0.0000029630
  0.0000032829
  0.0000021820
  0.0000018569
  0.0000022976
  0.0000047300
  0.0000003819
 -0.0000010772
 -0.0000015446
 -0.0000015548
  0.0000023237
 -0.0000016238
  0.0000003404
 -0.0000005497
 -0.0000056983
 -0.0000009322
 -0.0000024665
  0.0000056492
  0.0000073533
  0.0000000938
  0.0000031731
  0.0000015535
  0.0000052561
  0.0000074732
  0.0000016458
 -0.0000012115
 -0.0000007349
 -0.0000046875
  0.0000007446
  0.0000019444
  0.0000005473
  0.0000005942
 -0.0000016246
  0.0000048768
 -0.0000049250
 -0.0000108475
 -0.0000037752
 -0.0000037136
 -0.0000063904
 -0.0000074600
 -0.0000051147
 -0.0000006967
 -0.0000012815
  0.0000058978
 -0.0000042115
 -0.0000026201
  0.0000010573
 -0.0000090760
 -0.0000110255
  0.0000072628
  0.0000037263
 -0.0000028113
  0.0000037474
  0.0000080301
  0.0000017581
  0.0000047757
 -0.0000012411
  0.0000032721
  0.0000007581
  0.0000046022
  0.0000044219
 -0.0000065408
 -0.0000008270
  0.0000007754
 -0.0000049619
  0.0000027859
  0.0000012397
 -0.0000002550
  0.0000034162
  0.0000419531
 -0.0000042771
  0.0000039269
  0.0000317341
 -0.0000305828
  0.0000018791
  0.0000176314
 -0.0000117660
  0.0001148395
 -0.0000063518
 -0.0000051359
 -0.0000347818
  0.0000054990
 -0.0000304827
 -0.0000034320
 -0.0000058351
 -0.0005151181
 -0.0000009742
  0.0000123317
 -0.0000201020
  0.0000004453
 -0.0000031019
 -0.0000334152
 -0.0000041054
  0.0000048824
 -0.0000187475
 -0.0000029265
  0.0000004181
  0.0000042479
 -0.0000019471
 -0.0000034723
  0.0000052528
  0.0000016468
  0.0000018057
 -0.0000038973
 -0.0000025608
 -0.0000036862
 -0.0000042082
 -0.0000004761
 -0.0000116448
 -0.0000001210
  0.0000046771
  0.0000023254
  0.0000031939
  0.0000021636
  0.0000004041
 -0.0000014795
 -0.0000004384
 -0.0000000556
 -0.0000010423
 -0.0000009798
 -0.0000011601
 -0.0000012619
 -0.0000062714
  0.0000017774
 -0.0000010130
  0.0000003337
  0.0000000724
 -0.0000002618
 -0.0000017182
 -0.0000006354
  0.0000022282
  0.0000006216
 -0.0000013004
 -0.0000301598
 -0.0000009446
  0.0000003644
 -0.0000020655
 -0.0000003834
  0.0000039762
  0.0000017349
 -0.0000013581
 -0.0000008919
  0.0000112300
 -0.0000044505
  0.0000040121
 -0.0000046315
  0.0000014299
 -0.0000004177
 -0.0000079883
  0.0000248345
  0.0000282685
  0.0000227510
 -0.0000053966
  0.0000341987
  0.0000015528
 -0.0001207366
  0.0000000187
 -0.0000043096
 -0.0000054675
  0.0000558349
  0.0000261895
  0.0000043283
 -0.0000009437
  0.0000042309
  0.0000054292
  0.0000032145
 -0.0000116302
 -0.0000022247
  0.0000166052
 -0.0000097132
 -0.0000014883
 -0.0000011327
 -0.0000312523
  0.0000024866
 -0.0000053229
  0.0000020957
 -0.0000000521
  0.0000033595
  0.0000019827
  0.0000021939
  0.0000004311
  0.0000024040
  0.0000033221
 -0.0000009993
  0.0000005319
 -0.0000023033
  0.0000022703
  0.0000021049
 -0.0000000863
  0.0000004475
  0.0000068323
 -0.0000025298
  0.0000074918
  0.0000037979
  0.0000035674
  0.0000138644
  0.0000086450
  0.0000016048
  0.0000047997
  0.0000019283
  0.0000064140
  0.0000070006
  0.0000023123
 -0.0000008718
  0.0000019849
 -0.0000014290
  0.0000003284
  0.0000009495
  0.0000018965
  0.0000033320
  0.0000037806
  0.0000027359
  0.0000012151
  0.0000130760
 -0.0000118952
 -0.0000081384
 -0.0000094296
 -0.0000100271
 -0.0000300864
  0.0000048565
 -0.0000034524
 -0.0000087930
 -0.0000130750
 -0.0000111839
 -0.0000042489
 -0.0000112797
 -0.0000113458
 -0.0000159590
 -0.0000088928
  0.0000098410
  0.0000058999
  0.0000168682
  0.0000134840
  0.0000136934
  0.0000049995
  0.0000230706
  0.0000055862
  0.0000071499
  0.0000141939
  0.0000132611
  0.0000133376
  0.0000174455
  0.0000023405
 -0.0000015360
  0.0000070046
  0.0000041972
  0.0000157721
 -0.0000112186
  0.0000479959
  0.0000000099
  0.0000624515
 -0.0000054575
 -0.0000072243
  0.0002827618
  0.0000466910
 -0.0000122572
 -0.0000318075
 -0.0000154176
  0.0000110302
  0.0001269932
  0.0000121791
 -0.0000303479
 -0.0000072063
  0.0000349623
 -0.0000080839
 -0.0000235014
 -0.0000157379
 -0.0000131718
 -0.0000064634
  0.0000146154
  0.0000120760
 -0.0000117611
 -0.0000643091
 -0.0000066654
 -0.0000111537
  0.0000051293
  0.0000055697
  0.0000046626
  0.0000055232
  0.0000039250
  0.0000028999
  0.0000059497
  0.0000065763
  0.0000041126
  0.0000055321
  0.0000050263
  0.0000062595
  0.0000029060
  0.0000044572
  0.0000047612
  0.0000105166
  0.0000006361
  0.0000094787
  0.0000074502
  0.0000173786
  0.0000088025
  0.0000114582
  0.0000061191
  0.0000081004
  0.0000083898
  0.0000035961
 -0.0000003120
  0.0000050566
  0.0000051992
  0.0000047957
  0.0000060205
  0.0000070152
  0.0000061787
  0.0000085895
  0.0000055005
  0.0000150845
 -0.0000137324
 -0.0000128419
 -0.0000110343
 -0.0000140283
 -0.0000164208
 -0.0000132348
 -0.0000093889
 -0.0000134516
 -0.0000084753
 -0.0000087133
 -0.0000110324
 -0.0000139956
 -0.0000034501
 -0.0000178867
 -0.0000166613
  0.0000137860
  0.0000055770
  0.0000187414
  0.0000159048
  0.0000150281
  0.0000087896
  0.0000242837
  0.0000092117
  0.0000089325
  0.0000138527
  0.0000150987
  0.0000155826
  0.0000168250
  0.0000045576
 -0.0000049703
  0.0000072573
  0.0000063740
  0.0000163869
 -0.0000057117
  0.0000381042
 -0.0000067704
  0.0000242582
 -0.0000089629
 -0.0000013226
  0.0000476893
 -0.0000107352
  0.0000064494
 -0.0000221000
  0.0001220955
  0.0000126082
 -0.0000208797
 -0.0000029414
  0.0000242864
 -0.0000121961
 -0.0000140632
 -0.0006832237
 -0.0000093002
  0.0000075175
  0.0000054235
  0.0000131192
 -0.0000065445
 -0.0000480174
 -0.0000082910
 -0.0000086600
  0.0000010904
 -0.0000005307
  0.0000007705
  0.0000023198
  0.0000030288
 -0.0000016584
  0.0000016543
  0.0000013368
  0.0000001488
 -0.0000012901
 -0.0000000302
 -0.0000007402
 -0.0000069379
 -0.0000015575
 -0.0000017893
  0.0000032370
  0.0000017512
 -0.0000009007
  0.0000031456
 -0.0000015794
 -0.0000000168
  0.0000052019
  0.0000008744
 -0.0000026745
 -0.0000007201
 -0.0000012742
  0.0000016441
  0.0000036477
 -0.0000015886
 -0.0000006303
 -0.0000025978
  0.0000026910
  0.0000057404
 -0.0000027812
 -0.0000018116
  0.0000060574
  0.0000072988
 -0.0000042286
 -0.0000023795
  0.0000039979
 -0.0000163872
 -0.0000099434
 -0.0000138783
  0.0000037081
 -0.0000106264
  0.0000033617
 -0.0000044376
  0.0000004210
  0.0000014587
  0.0000052757
 -0.0000093863
 -0.0000073977
 -0.0000032998
 -0.0000076264
  0.0000074536
 -0.0000010875
  0.0000098940
 -0.0000001647
  0.0000049567
 -0.0000076160
  0.0000002586
  0.0000094117
  0.0000028244
 -0.0000012535
  0.0000106700
  0.0000018792
 -0.0000398029
 -0.0000040186
  0.0000376642
 -0.0000012457
  0.0000039443
 -0.0000569939
  0.0001644789
  0.0000217886
  0.0000070963
 -0.0000074951
  0.0000009448
 -0.0000049177
  0.0000045704
  0.0000269619
  0.0000400548
  0.0000108337
  0.0000091148
 -0.0000095643
 -0.0000109954
 -0.0002382671
 -0.0000002026
  0.0000118278
  0.0000046597
 -0.0000140474
 -0.0000005764
  0.0000078619
 -0.0000200244
 -0.0000177987
 -0.0000204639
 -0.0000186225
 -0.0000193054
 -0.0000179138
 -0.0000197210
 -0.0000168305
 -0.0000185318
 -0.0000116600
 -0.0000096073
 -0.0000107667
 -0.0000107266
 -0.0000147468
 -0.0000112100
 -0.0000133933
 -0.0000152592
 -0.0000133144
 -0.0000137121
 -0.0000182110
 -0.0000215623
 -0.0000142392
 -0.0000136815
 -0.0000119468
 -0.0000030728
 -0.0000118929
 -0.0000104100
 -0.0000084168
 -0.0000107638
 -0.0000158685
 -0.0000097497
 -0.0000130861
 -0.0000107696
 -0.0000099581
 -0.0000112628
 -0.0000186417
 -0.0000141934
 -0.0000191705
 -0.0000125209
 -0.0000150906
 -0.0000140383
  0.0000107706
  0.0000103987
  0.0000127107
  0.0000106719
  0.0000167103
  0.0000158825
  0.0000156527
  0.0000198997
  0.0000118457
  0.0000121115
  0.0000144911
  0.0000182713
  0.0000164152
  0.0000062476
  0.0000078553
 -0.0000239770
 -0.0000218329
 -0.0000247431
 -0.0000273905
 -0.0000219323
 -0.0000024250
 -0.0000315418
 -0.0000172275
 -0.0000267059
 -0.0000197724
 -0.0000209059
 -0.0000181800
 -0.0000276135
 -0.0000360479
 -0.0000400668
 -0.0000173708
 -0.0000166227
 -0.0000470950
  0.0000194873
 -0.0000195179
  0.0000456775
  0.0000120847
  0.0000083180
 -0.0002070779
 -0.0000013052
  0.0000235043
  0.0000363586
  0.0002522327
  0.0000458769
 -0.0000218989
  0.0000188534
  0.0000227487
  0.0000326684
 -0.0000291713
 -0.0000246141
  0.0000155927
  0.0000129699
  0.0000821405
 -0.0000051880
 -0.0000059815
 -0.0000037892
 -0.0000045758
  0.0000007200
 -0.0000057395
 -0.0000056556
 -0.0000013354
 -0.0000049976
  0.0000004669
 -0.0000065217
 -0.0000024339
 -0.0000011826
 -0.0000046150
 -0.0000008985
 -0.0000043851
 -0.0000014438
 -0.0000050179
 -0.0000025088
 -0.0000037153
  0.0000023674
 -0.0000078609
  0.0000023846
 -0.0000018688
 -0.0000014882
  0.0000078251
  0.0000010958
 -0.0000015390
  0.0000066388
 -0.0000021437
  0.0000005446
  0.0000007451
 -0.0000046885
 -0.0000086118
 -0.0000016326
 -0.0000039389
 -0.0000019374
 -0.0000015731
 -0.0000021333
 -0.0000018569
 -0.0000009523
  0.0000019499
 -0.0000018001
  0.0000064246
  0.0000014013
  0.0000090895
  0.0000024270
  0.0000036587
 -0.0000050386
 -0.0000076208
  0.0000038748
  0.0000015866
  0.0000045038
  0.0000089774
  0.0000095589
 -0.0000016749
  0.0000087518
  0.0000023147
  0.0000034802
  0.0000027431
  0.0000118709
  0.0000004496
  0.0000089800
  0.0000111528
  0.0000000469
  0.0000101596
  0.0000018334
 -0.0000000077
  0.0000102935
  0.0000111582
  0.0000110527
  0.0000064163
  0.0000183825
  0.0000089746
 -0.0000014857
 -0.0000058927
  0.0000219422
  0.0000034216
  0.0000220934
 -0.0000064429
 -0.0000056084
  0.0000027579
  0.0000796456
 -0.0001077884
  0.0000313043
  0.0000328881
  0.0000003805
  0.0000079108
  0.0000031504
  0.0000989308
  0.0000031808
  0.0000377350
 -0.0000874576
  0.0000027837
  0.0000322401
 -0.0000063568
  0.0000020006
 -0.0001544724
 -0.0000027879
  0.0000153847
  0.0000193018
  0.0000047254
  0.0000081066
 -0.0000224715
  0.0000038038
 -0.0000007287
 -0.0000001092
 -0.0000010003
  0.0000001758
 -0.0000043769
 -0.0000034211
 -0.0000041773
 -0.0000004153
 -0.0000031418
 -0.0000044040
 -0.0000092526
 -0.0000093434
 -0.0000055703
  0.0000015554
  0.0000039918
  0.0000007475
  0.0000019194
  0.0000049335
 -0.0000042420
 -0.0000077337
 -0.0000017470
 -0.0000017650
 -0.0000030586
 -0.0000028041
 -0.0000050158
 -0.0000036058
 -0.0000047667
  0.0000066204
 -0.0000058437
 -0.0000057649
 -0.0000002304
  0.0000035820
  0.0000051793
 -0.0000000196
  0.0000063187
  0.0000002322
  0.0000076836
 -0.0000005961
  0.0000022660
 -0.0000038249
  0.0000106255
  0.0000071624
  0.0000037809
 -0.0000071532
 -0.0000010613
 -0.0000113955
 -0.0000020707
  0.0000041713
 -0.0000019108
  0.0000040641
 -0.0000055664
  0.0000010335
 -0.0000045936
 -0.0000017396
  0.0000047113
 -0.0000114213
 -0.0000078105
  0.0000050557
 -0.0000030665
  0.0000067508
  0.0000054414
  0.0000397024
  0.0000017058
  0.0000022824
 -0.0000748572
  0.0001914260
  0.0000222573
  0.0000080103
 -0.0000096918
  0.0000058230
  0.0000050750
  0.0000274675
  0.0000441117
  0.0000099951
 -0.0000124303
 -0.0000172365
 -0.0002723092
  0.0000040457
  0.0000151618
  0.0000018836
 -0.0000135166
  0.0000017727
  0.0000073266
 -0.0000000996
 -0.0000009376
  0.0000002103
  0.0000012045
 -0.0000009286
 -0.0000021441
 -0.0000004326
  0.0000010321
  0.0000023798
 -0.0000000785
  0.0000018235
 -0.0000010797
 -0.0000009651
 -0.0000012348
  0.0000005706
  0.0000020900
  0.0000003724
  0.0000010933
  0.0000008991
  0.0000001817
 -0.0000000325
 -0.0000010465
 -0.0000007767
  0.0000003274
 -0.0000080757
 -0.0000046902
  0.0000001941
 -0.0000023345
  0.0000016491
  0.0000046580
  0.0000033821
  0.0000096326
  0.0000002390
  0.0000030152
  0.0000045139
  0.0000023589
 -0.0000001486
  0.0000025438
  0.0000009221
  0.0000029801
  0.0000032998
  0.0000009944
 -0.0000038051
  0.0000008971
 -0.0000025368
  0.0000026877
 -0.0000004665
  0.0000000462
 -0.0000005229
  0.0000009936
  0.0000067918
 -0.0000043240
  0.0000002364
  0.0000007127
 -0.0000035836
 -0.0000030444
  0.0000023875
  0.0000005283
 -0.0000036506
  0.0000005920
  0.0000006100
 -0.0000086311
 -0.0000002679
  0.0000079814
 -0.0000069710
 -0.0000043581
  0.0000066507
  0.0000053228
 -0.0000004613
 -0.0000125300
  0.0000041442
 -0.0000043477
 -0.0000002472
 -0.0000009007
 -0.0000073996
 -0.0000100333
  0.0000107949
 -0.0000006726
  0.0000354421
  0.0000069599
  0.0000074158
  0.0000017813
  0.0000211703
 -0.0000084763
  0.0000009678
  0.0000506116
 -0.0002493878
  0.0000251552
  0.0000415393
 -0.0000229095
  0.0000121141
  0.0000012316
 -0.0000065318
 -0.0000096631
  0.0000178570
  0.0000033080
 -0.0000144601
  0.0000054891
  0.0000164072
 -0.0000098283
 -0.0000067626
  0.0000029328
 -0.0000015699
 -0.0000022593
  0.0000004351
 -0.0000026813
 -0.0000005598
 -0.0000006913
  0.0000001555
  0.0000016816
  0.0000002529
  0.0000007998
  0.0000002868
  0.0000025751
 -0.0000002831
  0.0000012394
 -0.0000001997
  0.0000017261
  0.0000000449
 -0.0000001276
 -0.0000023298
 -0.0000007593
 -0.0000001332
 -0.0000060482
 -0.0000000963
 -0.0000039769
 -0.0000060192
 -0.0000064949
 -0.0000011814
 -0.0000029377
  0.0000002708
 -0.0000042156
  0.0000013437
  0.0000179031
 -0.0000012953
 -0.0000019574
 -0.0000015083
  0.0000011777
 -0.0000066822
  0.0000023773
 -0.0000023142
  0.0000120339
 -0.0000006629
  0.0000000789
  0.0000009888
  0.0000004737
 -0.0000016986
 -0.0000021258
 -0.0000036412
  0.0000035573
  0.0000023325
  0.0000050238
  0.0000024691
  0.0000027437
 -0.0000054802
 -0.0000168824
  0.0000001280
 -0.0000016532
  0.0000046442
 -0.0000034168
  0.0000077703
 -0.0000043912
 -0.0000028016
 -0.0000012391
  0.0000020580
 -0.0000035356
  0.0000338350
  0.0000011636
  0.0000084699
  0.0000019342
  0.0000117253
 -0.0000051713
 -0.0000008896
  0.0000128389
  0.0000092961
 -0.0000220748
  0.0000165760
 -0.0000003959
 -0.0000078275
 -0.0000287633
 -0.0000088026
  0.0000198437
 -0.0000058983
  0.0000032118
 -0.0000018876
 -0.0000048144
  0.0000364186
  0.0000153014
 -0.0002092080
  0.0000297768
  0.0000067264
  0.0000253023
 -0.0000029392
  0.0000026018
  0.0000127723
 -0.0000041682
 -0.0000169024
  0.0000421268
  0.0000156908
  0.0000227741
 -0.0000026027
  0.0000109298
 -0.0000008928
 -0.0000004641
 -0.0000025120
 -0.0000007806
  0.0000017210
 -0.0000013791
 -0.0000081681
 -0.0000023835
  0.0000036859
  0.0000049085
  0.0000035478
  0.0000028590
  0.0000071998
 -0.0000045547
  0.0000011069
 -0.0000008291
 -0.0000021307
 -0.0000013647
  0.0000028704
 -0.0000015681
  0.0000030774
 -0.0000029537
 -0.0000020928
  0.0000001100
 -0.0000004370
  0.0000017706
 -0.0000051713
 -0.0000005182
  0.0000003037
 -0.0000036035
 -0.0000069585
 -0.0000034319
 -0.0000022560
 -0.0000002350
  0.0000078057
  0.0000023772
  0.0000042976
 -0.0000005795
 -0.0000091149
 -0.0000010097
 -0.0000030572
  0.0000026259
  0.0000048101
  0.0000084939
  0.0000022647
  0.0000039604
 -0.0000038161
  0.0000039151
  0.0000095145
  0.0000023574
  0.0000067391
  0.0000120601
  0.0000066983
 -0.0000198053
  0.0000075230
  0.0000290681
  0.0000002320
 -0.0000006815
 -0.0000243157
  0.0000933025
 -0.0000016192
  0.0000057264
  0.0000058607
 -0.0001132071
 -0.0000004915
  0.0000225043
  0.0000375503
  0.0000050841
  0.0000075084
  0.0000017395
 -0.0001234550
 -0.0000030701
  0.0000197158
 -0.0000011369
 -0.0000184499
 -0.0000016441
 -0.0000063094
  0.0000001225
 -0.0000009933
  0.0000021079
 -0.0000163246
  0.0000097440
 -0.0000173287
  0.0000046123
 -0.0000011431
  0.0000037816
  0.0000014488
 -0.0000008694
 -0.0000072542
 -0.0000017125
  0.0000011335
 -0.0000049009
 -0.0000021121
 -0.0000011568
 -0.0000040211
  0.0000046029
 -0.0000086041
 -0.0000003841
 -0.0000240958
 -0.0000008971
  0.0000018398
 -0.0000023391
  0.0000024852
 -0.0000021532
 -0.0000054920
  0.0000017798
  0.0000013776
 -0.0000011616
  0.0000004499
  0.0000007242
  0.0000014295
 -0.0000044787
  0.0000030324
 -0.0000014977
 -0.0000000690
  0.0000018936
  0.0000022787
 -0.0000017428
 -0.0000020815
  0.0000009069
  0.0000002999
  0.0000001337
 -0.0000015725
  0.0000017401
  0.0000380336
  0.0000091051
  0.0000030127
 -0.0000007203
 -0.0000020607
  0.0000036651
  0.0000044101
 -0.0000040476
  0.0000011147
  0.0000055359
 -0.0000063168
  0.0000030887
  0.0000031894
 -0.0000000853
  0.0000041012
 -0.0000071175
  0.0000248215
  0.0000277452
  0.0000267020
 -0.0000018081
  0.0000228523
  0.0000026582
 -0.0000018401
 -0.0001370581
  0.0000008874
 -0.0000051385
 -0.0000061857
  0.0000699195
  0.0000295504
  0.0000059767
  0.0000001413
  0.0000045899
  0.0000019062
 -0.0000009945
 -0.0000155907
 -0.0000010760
  0.0000209526
 -0.0000084940
 -0.0000013670
  0.0000035589
 -0.0000294089
  0.0000002703
 -0.0000038878
  0.0000013575
 -0.0000001853
  0.0000039821
  0.0000006977
 -0.0000052459
  0.0000016289
 -0.0000011877
  0.0000075231
 -0.0000102211
  0.0000015268
  0.0000016030
  0.0000008231
  0.0000012884
  0.0000006860
 -0.0000006571
 -0.0000001010
  0.0000007927
 -0.0000005408
 -0.0000004737
 -0.0000009766
 -0.0000006935
 -0.0000052697
  0.0000018334
 -0.0000017625
  0.0000002593
  0.0000020187
  0.0000000692
 -0.0000014327
 -0.0000004014
  0.0000012946
  0.0000052641
  0.0000019697
 -0.0000140995
 -0.0000005929
  0.0000082316
 -0.0000057082
 -0.0000037894
 -0.0000035181
 -0.0000026848
  0.0000117172
 -0.0000074375
  0.0000044711
 -0.0000003222
  0.0000019643
  0.0000025161
 -0.0000056557
  0.0000289718
  0.0000277609
  0.0000224208
 -0.0000059829
  0.0000289260
  0.0000016966
 -0.0001405678
  0.0000002623
  0.0000623537
  0.0000288352
  0.0000028768
 -0.0000116555
  0.0000050680
  0.0000059152
  0.0000034892
 -0.0000197088
 -0.0000008965
  0.0000158610
 -0.0000028447
 -0.0000024529
 -0.0000013947
 -0.0000311026
 -0.0000016078
 -0.0000051147
  0.0000013002
  0.0000024734
 -0.0000004478
  0.0000003827
  0.0000014608
  0.0000021633
 -0.0000011772
  0.0000026866
  0.0000013518
  0.0000003474
  0.0000008568
  0.0000005710
 -0.0000010548
  0.0000000062
 -0.0000004460
  0.0000019864
  0.0000000396
  0.0000040656
 -0.0000013898
 -0.0000028141
 -0.0000017524
 -0.0000005832
 -0.0000019311
 -0.0000078305
  0.0000015895
  0.0000010638
 -0.0000016615
 -0.0000002484
 -0.0000005757
  0.0000115022
  0.0000011825
 -0.0000003929
  0.0000046697
 -0.0000020718
 -0.0000045974
 -0.0000001666
 -0.0000019663
  0.0000029285
  0.0000033512
 -0.0000037574
  0.0000015579
 -0.0000006373
  0.0000012116
 -0.0000017724
  0.0000002756
  0.0000007595
 -0.0000003630
 -0.0000005838
 -0.0000009042
  0.0000053098
 -0.0000064034
 -0.0000000156
  0.0000004648
 -0.0000052525
  0.0000016676
  0.0000001991
  0.0000001870
  0.0000008249
  0.0000020482
 -0.0000007171
 -0.0000084429
  0.0000084603
  0.0000078380
  0.0000049280
  0.0000037374
  0.0000113624
  0.0000100929
 -0.0000022263
  0.0000101628
  0.0000182507
  0.0000012182
  0.0000039602
  0.0000183282
  0.0000102665
  0.0000628500
  0.0000077745
  0.0000020015
 -0.0000053057
  0.0000051219
  0.0000091187
 -0.0000046294
  0.0000222792
 -0.0000014767
  0.0000490549
 -0.0002452533
  0.0000368968
  0.0000463764
 -0.0000178977
  0.0000058624
  0.0000027652
 -0.0000065609
 -0.0000011885
  0.0000147764
 -0.0000086647
 -0.0000201264
  0.0000168472
  0.0000144342
  0.0000013646
 -0.0000070712
  0.0000029083
  0.0000005122
 -0.0000007674
  0.0000009562
  0.0000006803
 -0.0000008677
  0.0000000126
  0.0000028303
 -0.0000010737
 -0.0000004816
 -0.0000030370
  0.0000003019
  0.0000034040
 -0.0000013980
 -0.0000030660
  0.0000011663
 -0.0000062621
 -0.0000053667
  0.0000000287
  0.0000062694
  0.0000005488
  0.0000003591
  0.0000071732
 -0.0000025929
 -0.0000008304
  0.0000085376
  0.0000024420
 -0.0000002253
 -0.0000017844
 -0.0000031588
 -0.0000040124
  0.0000046951
  0.0000005665
 -0.0000004843
 -0.0000003619
  0.0000005486
 -0.0000018664
  0.0000002490
 -0.0000008596
 -0.0000075366
  0.0000020502
  0.0000013825
 -0.0000010400
 -0.0000014826
 -0.0000015832
  0.0000045582
  0.0000027129
  0.0000075406
 -0.0000026593
  0.0000027830
  0.0000001860
 -0.0000034892
 -0.0000065946
  0.0000098483
  0.0000081263
 -0.0000010996
  0.0000049310
 -0.0000082630
  0.0000002383
  0.0000083055
  0.0000030491
  0.0000098084
 -0.0000004786
  0.0000064245
 -0.0000002206
  0.0000026539
  0.0000099989
  0.0000035985
 -0.0000037976
  0.0000090050
 -0.0000054731
  0.0000035887
  0.0000087474
  0.0000546651
 -0.0000033787
  0.0000064057
  0.0000283789
  0.0000123146
  0.0000121990
  0.0000237884
 -0.0000031404
  0.0000009260
  0.0000823863
 -0.0000004028
  0.0000169100
  0.0000410916
  0.0000128710
  0.0000146848
  0.0000064441
  0.0000035267
 -0.0003621979
  0.0000044888
  0.0000162984
  0.0000089104
 -0.0000006671
 -0.0000034937
 -0.0000167954
 -0.0000040085
  0.0000180550
 -0.0000020469
 -0.0000003725
 -0.0000023144
 -0.0000027199
 -0.0000038421
 -0.0000022777
 -0.0000023966
 -0.0000041901
 -0.0000057059
 -0.0000040962
 -0.0000051828
 -0.0000040000
 -0.0000122987
 -0.0000082812
 -0.0000063792
  0.0000018184
 -0.0000028562
  0.0000061477
 -0.0000039733
  0.0000008373
 -0.0000076488
 -0.0000045256
 -0.0000080482
 -0.0000013024
 -0.0000040536
 -0.0000010373
 -0.0000053730
 -0.0000008256
 -0.0000003983
 -0.0000051048
 -0.0000022703
 -0.0000025309
  0.0000111217
 -0.0000076487
 -0.0000044234
  0.0000011339
  0.0000014485
  0.0000084360
  0.0000033725
  0.0000065642
  0.0000029932
 -0.0000014833
  0.0000028882
  0.0000037030
 -0.0000013026
  0.0000094772
 -0.0000011156
 -0.0000185901
 -0.0000018820
 -0.0000021899
 -0.0000053906
 -0.0000041075
  0.0000017497
 -0.0000055882
 -0.0000104565
 -0.0000085325
 -0.0000021880
 -0.0000023852
 -0.0000116918
 -0.0000151686
 -0.0000296464
 -0.0000194273
 -0.0000101402
 -0.0000132903
  0.0000075464
 -0.0000054560
  0.0000485773
  0.0000027096
  0.0000038874
  0.0000197843
  0.0000087283
 -0.0000029064
  0.0000014465
  0.0000584124
  0.0000295664
  0.0000343245
  0.0000113743
 -0.0000498104
 -0.0000070925
 -0.0000083433
 -0.0003814366
  0.0000152640
 -0.0000413049
 -0.0000104798
  0.0000038354
 -0.0000106590
  0.0000023998
  0.0000143104
 -0.0000021203
  0.0000030927
  0.0000012875
 -0.0000005250
 -0.0000066017
  0.0000029646
  0.0000025521
 -0.0000000079
 -0.0000015642
 -0.0000031779
 -0.0000018419
 -0.0000157016
  0.0000011640
 -0.0000047110
 -0.0000004884
  0.0000017586
  0.0000013940
  0.0000053299
 -0.0000056568
  0.0000091513
  0.0000052534
 -0.0000067047
 -0.0000165261
 -0.0000059481
  0.0000068962
 -0.0000210657
 -0.0000010091
 -0.0000085031
  0.0000099670
 -0.0000157533
 -0.0000054473
  0.0000007912
  0.0000103513
 -0.0000038584
  0.0000008740
  0.0000054283
 -0.0000099299
  0.0000048089
 -0.0000056551
 -0.0000006139
  0.0000020492
 -0.0000022440
  0.0000034850
  0.0000027171
  0.0000070285
 -0.0000027342
  0.0000207960
 -0.0000070257
 -0.0000069208
 -0.0000162167
  0.0000048814
  0.0000002014
 -0.0000051821
  0.0000028485
  0.0000341273
  0.0000192564
 -0.0000054844
 -0.0000220943
  0.0000128528
 -0.0000000616
  0.0000576570
  0.0000023546
 -0.0000033540
 -0.0000038242
 -0.0000416818
  0.0000173094
 -0.0000086467
  0.0000031091
  0.0000014255
 -0.0000000370
  0.0000076294
  0.0000666274
 -0.0000051143
 -0.0000073161
 -0.0000035646
 -0.0000158656
 -0.0000020822
 -0.0000318154
 -0.0000003956
 -0.0000077190
  0.0000027194
  0.0000014174
  0.0000032374
  0.0000032420
  0.0000041956
  0.0000029093
  0.0000042004
  0.0000038121
  0.0000035026
  0.0000022581
 -0.0000002671
  0.0000009816
 -0.0000007595
  0.0000044794
 -0.0000020339
  0.0000060182
  0.0000013880
 -0.0000008225
 -0.0000015840
  0.0000018829
 -0.0000002361
 -0.0000043734
 -0.0000008092
  0.0000026706
  0.0000012937
  0.0000020532
  0.0000025710
  0.0000134080
 -0.0000003985
  0.0000033773
  0.0000066361
  0.0000026628
 -0.0000019386
  0.0000017766
  0.0000005718
  0.0000052310
  0.0000053800
  0.0000014358
  0.0000035403
  0.0000032050
  0.0000023996
  0.0000030664
  0.0000004109
  0.0000024387
 -0.0000015659
  0.0000000906
  0.0000001845
  0.0000000484
 -0.0000131348
 -0.0000029633
  0.0000077740
  0.0000065153
  0.0000004049
 -0.0000037866
  0.0000047844
  0.0000067827
 -0.0000025233
 -0.0000034013
  0.0000000832
 -0.0000066388
  0.0000032775
  0.0000125934
 -0.0000014096
  0.0000007615
  0.0000136602
  0.0000102166
  0.0000000723
 -0.0000069870
  0.0000101162
 -0.0000005086
  0.0000018978
  0.0000074992
 -0.0000001481
  0.0000174709
  0.0000152063
  0.0000040675
  0.0000160317
 -0.0000020773
  0.0000121669
 -0.0000044673
  0.0000524032
 -0.0002320728
  0.0000306576
 -0.0000084779
  0.0000049623
 -0.0000043142
  0.0000270698
 -0.0000179233
  0.0000013168
  0.0000380374
 -0.0000150104
  0.0000030171
 -0.0000212552
  0.0000018273
 -0.0000040458
 -0.0000055625
 -0.0000034208
 -0.0000320370
 -0.0000015328
 -0.0000014440
 -0.0000023959
 -0.0000071185
  0.0000027203
  0.0000012050
 -0.0000046105
 -0.0000010155
 -0.0000027411
  0.0000082083
  0.0000026178
  0.0000016447
  0.0000054675
  0.0000021243
  0.0000045594
  0.0000051709
 -0.0000001130
  0.0000015523
  0.0000020324
  0.0000001420
  0.0000013469
  0.0000044992
  0.0000011929
 -0.0000002641
  0.0000079409
  0.0000081898
  0.0000016838
 -0.0000010765
 -0.0000029010
  0.0000002179
 -0.0000161035
  0.0000013910
  0.0000029457
  0.0000018846
  0.0000050156
  0.0000022609
 -0.0000033568
 -0.0000001732
  0.0000040104
 -0.0000026478
  0.0000040879
 -0.0000087751
  0.0000042244
  0.0000014224
 -0.0000120465
  0.0000151449
  0.0000256717
  0.0000151239
 -0.0000081994
  0.0000295966
  0.0000023194
 -0.0000156063
  0.0000011684
  0.0000069682
  0.0000242344
 -0.0000135029
  0.0000003185
  0.0000024900
  0.0000073792
  0.0000001661
  0.0000159105
 -0.0000037531
  0.0000049994
 -0.0000017105
 -0.0000039479
 -0.0000025411
 -0.0000284468
 -0.0000016379
 -0.0000069356
 -0.0000027195
 -0.0000154089
 -0.0000150376
 -0.0000025242
 -0.0000004774
 -0.0000023703
 -0.0000035651
 -0.0000020058
 -0.0000010066
 -0.0000027088
  0.0000003249
 -0.0000024127
  0.0000008888
 -0.0000008286
 -0.0000018632
 -0.0000034089
  0.0000021813
 -0.0000096273
 -0.0000007640
 -0.0000027939
 -0.0000005594
  0.0000053104
 -0.0000006314
  0.0000004567
  0.0000099064
 -0.0000020652
 -0.0000023116
  0.0000037285
 -0.0000025050
 -0.0000043241
 -0.0000008182
 -0.0000022563
  0.0000014744
  0.0000019273
 -0.0000024967
 -0.0000037947
 -0.0000160089
  0.0000015053
 -0.0000028427
  0.0000044958
 -0.0000035064
 -0.0000073092
 -0.0000058205
 -0.0000058911
  0.0000114249
 -0.0000030764
 -0.0000003242
  0.0000080864
 -0.0000069098
  0.0000024302
  0.0000013952
  0.0000106081
  0.0000015374
  0.0000000308
 -0.0000013107
 -0.0000037988
  0.0000126955
  0.0000011381
 -0.0000010867
  0.0000024287
  0.0000027854
 -0.0000081355
  0.0000006231
  0.0000025955
 -0.0000018781
  0.0000027096
  0.0000047647
 -0.0000100664
  0.0000045868
  0.0000019604
 -0.0000039150
 -0.0000063384
 -0.0000011009
  0.0000021622
  0.0000097923
  0.0000072653
  0.0000053191
  0.0000034929
  0.0000557089
 -0.0001600338
  0.0000184504
  0.0000218875
  0.0000050289
  0.0000204186
  0.0001330570
 -0.0000043587
  0.0000310726
 -0.0000937286
  0.0000117071
  0.0000180709
 -0.0000067492
  0.0000133670
  0.0000085398
  0.0000072652
 -0.0000035026
  0.0000033809
 -0.0000200785
 -0.0000050816
 -0.0000001236
  0.0000010377
 -0.0000020157
 -0.0000018199
  0.0000017912
 -0.0000002696
 -0.0000015665
 -0.0000021110
 -0.0000064555
 -0.0000015280
 -0.0000032290
  0.0000020502
  0.0000005375
  0.0000025546
 -0.0000009622
  0.0000046820
 -0.0000033469
 -0.0000021277
  0.0000010274
  0.0000022587
 -0.0000019194
 -0.0000006064
 -0.0000022793
  0.0000013438
  0.0000004025
 -0.0000051271
  0.0000059359
 -0.0000002909
  0.0000003903
  0.0000034839
 -0.0000053229
  0.0000059208
  0.0000050193
 -0.0000039888
 -0.0000036814
  0.0000066728
 -0.0000048386
  0.0000000990
 -0.0000052834
 -0.0000005466
 -0.0000089718
 -0.0000055616
 -0.0000129097
 -0.0000064895
 -0.0000049649
 -0.0000023187
  0.0000093286
 -0.0000047647
 -0.0000029453
 -0.0000036674
  0.0000028011
 -0.0000069663
 -0.0000056312
 -0.0000037355
 -0.0000023380
  0.0000033136
 -0.0000177724
  0.0000128528
  0.0000310145
 -0.0000005647
  0.0000037007
 -0.0000195734
  0.0000895464
  0.0000252374
  0.0000005553
 -0.0000063102
  0.0000081206
 -0.0000926992
 -0.0000000327
 -0.0000007737
  0.0000165680
  0.0000386107
  0.0000067482
  0.0000090314
  0.0000060225
  0.0000014238
 -0.0000014432
 -0.0001275286
  0.0000013693
  0.0000160939
 -0.0000037376
  0.0000022776
 -0.0000198616
 -0.0000003481
 -0.0000061296
 -0.0000019382
 -0.0000046593
 -0.0000039895
  0.0000025382
 -0.0000006671
  0.0000009917
 -0.0000031248
 -0.0000031466
 -0.0000051399
  0.0000061621
 -0.0000040500
 -0.0000239761
  0.0000050333
  0.0000025266
  0.0000025964
  0.0000022004
  0.0000052712
  0.0000005480
 -0.0000001256
 -0.0000001856
  0.0000021797
 -0.0000003543
  0.0000038795
  0.0000037453
  0.0000010277
 -0.0000001849
  0.0000014096
  0.0000020716
  0.0000017084
  0.0000094081
 -0.0000020702
 -0.0000030384
  0.0000378373
  0.0000035042
 -0.0000090238
  0.0000036121
 -0.0000007202
  0.0000063157
 -0.0000099075
 -0.0000044639
 -0.0000053178
  0.0000088886
 -0.0000033788
  0.0000046427
 -0.0000091125
  0.0000044926
  0.0000009191
 -0.0000085783
  0.0000035729
  0.0000248057
  0.0000162505
 -0.0000088570
  0.0000305699
 -0.0000024545
 -0.0000113989
 -0.0000000126
 -0.0000047187
 -0.0000020856
  0.0000074619
  0.0000241740
 -0.0000035907
  0.0000060318
  0.0000030486
  0.0000072060
  0.0000000704
  0.0000280455
 -0.0000019896
  0.0000089793
 -0.0000010479
 -0.0000044115
 -0.0000027293
 -0.0000285323
 -0.0000013173
 -0.0000086234
  0.0000100815
 -0.0000015534
 -0.0000174213
  0.0000048920
 -0.0000020967
  0.0000014602
  0.0000023464
 -0.0000037310
  0.0000010551
  0.0000008317
 -0.0000003401
 -0.0000074690
 -0.0000046334
 -0.0000020464
 -0.0000053359
 -0.0000020330
 -0.0000030033
 -0.0000073909
  0.0000040562
 -0.0000045578
 -0.0000029766
 -0.0000045438
 -0.0000066964
 -0.0000082692
  0.0000013817
 -0.0000033189
 -0.0000061841
  0.0000028161
 -0.0000006955
 -0.0000012533
 -0.0000016349
 -0.0000022300
  0.0000009265
 -0.0000049393
 -0.0000012734
  0.0000005276
 -0.0000048009
  0.0000013601
 -0.0000024544
 -0.0000006255
 -0.0000009407
 -0.0000014365
 -0.0000017269
  0.0000029984
 -0.0000015300
  0.0000076344
 -0.0000021148
  0.0000056556
  0.0000035353
  0.0000024137
  0.0000012594
 -0.0000036249
  0.0000009739
  0.0000095537
  0.0000050456
  0.0000099416
 -0.0000048869
  0.0000025667
 -0.0000103345
  0.0000013085
 -0.0000027906
 -0.0000116153
  0.0000010259
  0.0000226960
  0.0000194676
 -0.0000089669
  0.0000500822
 -0.0000005752
 -0.0000050348
 -0.0000216416
  0.0000003008
 -0.0000060716
 -0.0000044256
  0.0000236158
  0.0000236004
  0.0000018398
  0.0000078494
  0.0000023349
  0.0000059128
  0.0000018890
  0.0000153138
 -0.0000042640
  0.0000141392
 -0.0000019781
 -0.0000067211
  0.0000009742
 -0.0000318641
 -0.0000002799
 -0.0000087311
 -0.0000017712
 -0.0000033001
  0.0000028747
  0.0000010935
 -0.0000005984
 -0.0000004138
 -0.0000026344
  0.0000012233
 -0.0000052308
  0.0000007951
 -0.0000024602
  0.0000015126
  0.0000081256
 -0.0000035942
 -0.0000101194
  0.0000021394
  0.0000012945
  0.0000008178
  0.0000010520
  0.0000000536
  0.0000035715
 -0.0000003837
 -0.0000006975
 -0.0000010714
 -0.0000031780
  0.0000035863
  0.0000013889
 -0.0000002774
  0.0000013092
  0.0000029568
  0.0000001247
 -0.0000025474
 -0.0000002426
  0.0000039114
 -0.0000010918
  0.0000032353
  0.0000048057
  0.0000020652
 -0.0000145651
 -0.0000005025
  0.0000081166
 -0.0000055468
  0.0000022335
 -0.0000037942
 -0.0000027855
  0.0000061712
 -0.0000105483
  0.0000006416
  0.0000168518
  0.0000025409
  0.0000029919
 -0.0000054886
  0.0000386490
  0.0000238927
  0.0000273487
 -0.0000012602
  0.0000048883
  0.0000046581
 -0.0001653534
  0.0000019397
 -0.0000034538
  0.0000571776
  0.0000329631
  0.0000057518
 -0.0000048748
  0.0000040005
  0.0000009897
 -0.0000022103
 -0.0000369050
 -0.0000015238
  0.0000205433
 -0.0000062689
 -0.0000031414
  0.0000055726
 -0.0000215408
  0.0000011970
 -0.0000039031
 -0.0000158381
  0.0000055456
  0.0000049047
  0.0000027602
 -0.0000015512
 -0.0000027437
  0.0000037737
 -0.0000010406
 -0.0000033971
 -0.0000012913
 -0.0000007520
  0.0000014271
 -0.0000083796
  0.0000002882
  0.0000054963
  0.0000038801
  0.0000031775
  0.0000021845
  0.0000022713
  0.0000054643
 -0.0000000468
  0.0000053232
 -0.0000012389
 -0.0000007212
  0.0000013412
 -0.0000004948
  0.0000037002
  0.0000023682
  0.0000028388
  0.0000015510
  0.0000002361
  0.0000007241
 -0.0000022366
 -0.0000007437
  0.0000044468
  0.0000002323
 -0.0000017923
  0.0000010322
 -0.0000279500
  0.0000055749
 -0.0000012226
 -0.0000049596
  0.0000053850
  0.0000043144
 -0.0000029262
 -0.0000049431
 -0.0000005985
  0.0000006005
  0.0000044533
 -0.0000088624
  0.0000009966
  0.0000151641
  0.0000008768
  0.0000052304
 -0.0000050550
  0.0000323698
  0.0000291330
  0.0000283179
 -0.0000003895
  0.0000052269
  0.0000060503
  0.0000003222
 -0.0001561444
  0.0000019303
 -0.0000050383
 -0.0000032699
  0.0000605781
  0.0000336653
  0.0000063610
 -0.0000124151
  0.0000056353
  0.0000023185
 -0.0000017184
 -0.0000257149
  0.0000005036
  0.0000200443
 -0.0000018893
 -0.0000021554
  0.0000043275
 -0.0000216399
  0.0000012355
 -0.0000030743
  0.0000111637
  0.0000111104
 -0.0000006005
 -0.0000007724
 -0.0000010037
 -0.0000016837
  0.0000004518
 -0.0000033328
  0.0000000450
 -0.0000008012
 -0.0000017608
 -0.0000021429
  0.0000024385
 -0.0000100343
  0.0000002668
 -0.0000012184
  0.0000067457
  0.0000017981
  0.0000097718
 -0.0000015603
  0.0000002745
  0.0000039104
 -0.0000004082
 -0.0000032295
 -0.0000035858
  0.0000009000
  0.0000021901
 -0.0000005919
  0.0000104455
 -0.0000039886
  0.0000111145
  0.0000013483
 -0.0000028688
  0.0000049752
 -0.0000015914
 -0.0000009397
  0.0000031645
 -0.0000000452
 -0.0000048649
 -0.0000006036
 -0.0000005397
 -0.0000033928
 -0.0000039685
 -0.0000045089
 -0.0000034897
 -0.0000045977
 -0.0000017611
 -0.0000085881
 -0.0000050713
 -0.0000016566
  0.0000045368
 -0.0000047105
  0.0000039269
  0.0000064581
  0.0000018402
  0.0000037907
  0.0000014775
 -0.0000033485
  0.0000045575
  0.0000071966
  0.0000073756
  0.0000128015
  0.0000138265
 -0.0000010673
 -0.0000032227
 -0.0000071382
 -0.0000041788
  0.0000045385
  0.0000205970
  0.0000153220
  0.0001154320
  0.0000013678
  0.0000077481
  0.0001512350
  0.0000274173
  0.0000210605
 -0.0000005772
  0.0001651598
 -0.0000034714
  0.0000112750
  0.0000270814
  0.0000025830
  0.0000002203
  0.0000185150
  0.0000121951
 -0.0000003605
  0.0000046702
 -0.0000261736
  0.0000256218
 -0.0000007414
 -0.0000028506
 -0.0000174819
  0.0000030614
 -0.0000017259
  0.0000052072
  0.0000011235
 -0.0000028575
 -0.0000009255
 -0.0000005279
 -0.0000066437
 -0.0000031307
 -0.0000020626
 -0.0000067025
  0.0000038184
 -0.0000039063
 -0.0000052661
 -0.0000066327
  0.0000038101
  0.0000000883
 -0.0000069643
  0.0000013661
 -0.0000010442
  0.0000000788
 -0.0000013576
 -0.0000012277
 -0.0000000697
 -0.0000064080
 -0.0000000194
 -0.0000004129
  0.0000035594
  0.0000011816
 -0.0000012015
  0.0000002321
 -0.0000019366
 -0.0000016767
 -0.0000003994
 -0.0000079210
  0.0000049905
  0.0000050528
  0.0000017496
  0.0000047205
 -0.0000003848
  0.0000013810
 -0.0000088185
 -0.0000003635
 -0.0000034767
  0.0000044016
  0.0000102942
 -0.0000043720
  0.0000029193
 -0.0000098204
 -0.0000007219
  0.0000016720
 -0.0000106554
  0.0000024653
  0.0000232856
  0.0000182562
 -0.0000086920
  0.0000437364
 -0.0000012242
 -0.0000049379
 -0.0000177451
 -0.0000012588
 -0.0000038231
 -0.0000034677
  0.0000178432
  0.0000242137
  0.0000010263
  0.0000067580
  0.0000043818
  0.0000067336
 -0.0000003958
  0.0000190889
 -0.0000015808
  0.0000123968
 -0.0000028254
 -0.0000058916
 -0.0000046231
 -0.0000309699
  0.0000009447
 -0.0000094094
  0.0000022061
 -0.0000015277
 -0.0000028378
 -0.0000023544
 -0.0000038671
 -0.0000040493
 -0.0000031396
 -0.0000070550
 -0.0000060658
  0.0000029176
 -0.0000009455
  0.0000027374
 -0.0000016743
  0.0000013036
 -0.0000069930
 -0.0000028516
 -0.0000017192
  0.0000002275
 -0.0000009419
 -0.0000005564
 -0.0000002449
  0.0000024109
 -0.0000031022
 -0.0000035231
  0.0000018896
  0.0000009000
 -0.0000016278
 -0.0000015765
  0.0000012368
  0.0000021369
  0.0000005532
 -0.0000044202
  0.0000018562
 -0.0000030449
  0.0000011381
 -0.0000056310
  0.0000044711
  0.0000111895
 -0.0000062146
 -0.0000003563
 -0.0000058262
  0.0000008037
  0.0000049001
 -0.0000034231
  0.0000051814
 -0.0000016941
  0.0000015735
 -0.0000013993
  0.0000005539
  0.0000047708
 -0.0000088634
 -0.0000052024
 -0.0000001856
  0.0000018906
  0.0000061279
  0.0000144637
  0.0000324569
  0.0000032371
  0.0000000416
 -0.0000557384
  0.0001697522
 -0.0000010706
 -0.0000045701
  0.0000065087
 -0.0000544769
  0.0000173184
  0.0000403588
  0.0000056809
  0.0000047220
  0.0000042891
 -0.0001978929
 -0.0000023846
  0.0000195661
 -0.0000028127
 -0.0000188190
  0.0000002675
 -0.0000058595
  0.0000008091
 -0.0000007092
 -0.0000075536
  0.0000022170
  0.0000014595
  0.0000019414
 -0.0000009543
 -0.0000008312
  0.0000069408
 -0.0000171624
  0.0000045502
  0.0000042653
  0.0000022562
 -0.0000008004
 -0.0000010118
  0.0000004705
  0.0000033198
  0.0000094942
 -0.0000003845
  0.0000037447
  0.0000075082
  0.0000077664
 -0.0000020284
  0.0000028128
  0.0000066558
  0.0000022012
 -0.0000014284
  0.0000015998
 -0.0000004780
 -0.0000019075
  0.0000026350
  0.0000035786
 -0.0000088703
  0.0000045931
 -0.0000006823
  0.0000062822
 -0.0000088697
 -0.0000039223
 -0.0000037914
  0.0000041830
 -0.0000034005
 -0.0000003612
 -0.0000113699
  0.0000050688
  0.0000022837
 -0.0000055521
 -0.0000019468
  0.0000251139
  0.0000146183
 -0.0000078470
  0.0000145355
  0.0000048576
 -0.0000050909
 -0.0000015918
 -0.0000032171
 -0.0000041774
 -0.0000163600
  0.0000212946
 -0.0000147068
  0.0000092595
  0.0000032473
  0.0000039762
 -0.0000010573
  0.0000422361
 -0.0000027172
  0.0000032997
  0.0000004350
 -0.0000039926
 -0.0000023531
 -0.0000312628
  0.0000013668
 -0.0000074322
 -0.0000034559
 -0.0000042894
 -0.0000044824
  0.0000024308
 -0.0000028021
  0.0000002135
  0.0000009131
 -0.0000014080
  0.0000011703
 -0.0000083196
  0.0000050099
 -0.0000080818
 -0.0000007610
 -0.0000027637
 -0.0000061534
  0.0000047010
  0.0000028004
 -0.0000007441
  0.0000002702
  0.0000026212
 -0.0000008576
  0.0000044100
 -0.0000011157
 -0.0000004936
  0.0000001175
  0.0000021913
 -0.0000027503
 -0.0000022020
  0.0000033536
  0.0000043420
 -0.0000011807
 -0.0000004142
  0.0000010196
 -0.0000043246
  0.0000026340
  0.0000025876
 -0.0000018185
  0.0000005029
 -0.0000066136
  0.0000019881
  0.0000034243
  0.0000036120
  0.0000049852
 -0.0000068320
  0.0000004424
 -0.0000144613
  0.0000040292
  0.0000003869
 -0.0000053160
 -0.0000087016
  0.0000239678
  0.0000135366
 -0.0000107989
  0.0000124101
 -0.0000008046
 -0.0000062136
 -0.0000074951
 -0.0000007891
 -0.0000055711
 -0.0000066168
 -0.0000183284
  0.0000184420
 -0.0000073138
  0.0000057538
  0.0000020431
  0.0000036183
 -0.0000044753
  0.0000433148
 -0.0000028174
  0.0000040980
 -0.0000008086
 -0.0000072562
 -0.0000040115
 -0.0000334749
 -0.0000013172
 -0.0000094995
  0.0000005006
  0.0000003174
  0.0000013885
 -0.0000004868
 -0.0000011079
 -0.0000006767
  0.0000005439
 -0.0000021242
  0.0000016110
 -0.0000008477
  0.0000024222
 -0.0000005812
 -0.0000004797
 -0.0000020240
  0.0000051697
 -0.0000081208
  0.0000020000
 -0.0000016138
  0.0000013616
  0.0000082997
 -0.0000007033
  0.0000013077
  0.0000114896
 -0.0000007445
 -0.0000014340
  0.0000048705
 -0.0000024685
 -0.0000050084
  0.0000009323
 -0.0000008251
  0.0000042412
  0.0000029128
 -0.0000009511
 -0.0000018037
 -0.0000017253
  0.0000036221
 -0.0000010693
  0.0000073255
 -0.0000010169
  0.0000009689
 -0.0000009222
  0.0000004330
  0.0000079344
 -0.0000036026
  0.0000011558
  0.0000016162
 -0.0000015117
 -0.0000052016
  0.0000045105
  0.0000015836
 -0.0000055376
 -0.0000001164
  0.0000017898
 -0.0000007425
  0.0000070717
 -0.0000022823
  0.0000002221
  0.0000037689
  0.0000030444
 -0.0000092080
  0.0000036140
  0.0000046675
  0.0000133572
  0.0000040492
  0.0000067948
  0.0000052896
  0.0000004025
  0.0000076557
  0.0000085525
 -0.0000032325
 -0.0000145011
  0.0000079980
  0.0000105017
  0.0000025889
 -0.0000082948
  0.0000029032
  0.0000461308
 -0.0002379997
  0.0000228541
  0.0000342368
  0.0000133616
  0.0000054221
  0.0000054993
 -0.0000020702
  0.0000267607
 -0.0000363741
  0.0000122555
  0.0000354474
  0.0000106718
 -0.0000082585
 -0.0000289928
  0.0000067332
  0.0000179442
 -0.0000021991
 -0.0000014283
  0.0000033748
 -0.0000001043
  0.0000025393
  0.0000026477
 -0.0000013622
 -0.0000052292
  0.0000013184
  0.0000046081
 -0.0000091913
  0.0000005074
 -0.0000015087
  0.0000000815
  0.0000018815
  0.0000005453
 -0.0000001846
  0.0000030343
 -0.0000026717
  0.0000018067
  0.0000028233
  0.0000049234
  0.0000017180
  0.0000006033
  0.0000031524
  0.0000050546
  0.0000014733
  0.0000014498
 -0.0000012361
  0.0000047955
  0.0000013199
  0.0000123815
 -0.0000092948
  0.0000008548
 -0.0000049833
  0.0000021585
  0.0000031107
  0.0000107027
 -0.0000014804
  0.0000100479
 -0.0000037790
  0.0000046960
 -0.0000084896
  0.0000053779
  0.0000040906
 -0.0000047273
  0.0000259820
  0.0000291457
  0.0000181240
 -0.0000076097
  0.0000578721
 -0.0000000776
 -0.0001084802
 -0.0000008286
  0.0000405973
  0.0000256425
 -0.0000026004
 -0.0000125025
  0.0000044878
  0.0000080481
  0.0000028346
 -0.0000115037
 -0.0000001388
  0.0000112009
 -0.0000024366
 -0.0000027579
 -0.0000294642
  0.0000006259
 -0.0000077168
  0.0000047039
  0.0000075603
  0.0000015554
  0.0000001085
 -0.0000072461
 -0.0000016246
  0.0000035604
 -0.0000018476
  0.0000013520
 -0.0000007070
 -0.0000050181
  0.0000045940
  0.0000008638
 -0.0000022712
 -0.0000003572
  0.0000016218
  0.0000082954
 -0.0000012513
 -0.0000033192
 -0.0000009383
 -0.0000103326
  0.0000022474
  0.0000023199
  0.0000001403
  0.0000008590
 -0.0000045655
 -0.0000057065
 -0.0000004204
 -0.0000094662
 -0.0000065469
 -0.0000007902
  0.0000081105
 -0.0000009035
 -0.0000032518
  0.0000040413
 -0.0000023126
  0.0000078572
 -0.0000042601
  0.0000005211
 -0.0000059875
  0.0000036412
  0.0000000172
 -0.0000007255
  0.0000043251
  0.0000091663
  0.0000036237
 -0.0000139952
  0.0000007805
 -0.0000003677
 -0.0000038336
  0.0000010124
 -0.0000044293
  0.0000058791
 -0.0000024532
  0.0000050625
 -0.0000138187
  0.0000147142
  0.0000318323
  0.0000002682
  0.0000001265
 -0.0000104696
  0.0000775783
  0.0000278407
  0.0000237904
  0.0000035794
 -0.0000119840
  0.0000081470
  0.0000026943
 -0.0000982518
  0.0000042789
  0.0000031659
 -0.0000001258
  0.0000163068
  0.0000400345
  0.0000068990
  0.0000101559
  0.0000067845
 -0.0000045385
 -0.0000092236
 -0.0001061656
  0.0000021693
  0.0000132597
  0.0000013489
 -0.0000012538
  0.0000042986
 -0.0000209701
  0.0000007539
 -0.0000048734
 -0.0000003746
  0.0000011661
  0.0000016534
  0.0000015905
 -0.0000024788
 -0.0000076711
  0.0000025922
  0.0000020114
  0.0000052263
  0.0000071328
 -0.0000019881
  0.0000030043
 -0.0000008344
 -0.0000019101
 -0.0000011909
  0.0000012366
  0.0000007001
  0.0000002442
  0.0000006089
 -0.0000004449
 -0.0000074785
 -0.0000012634
  0.0000006703
 -0.0000056620
  0.0000025005
 -0.0000013721
  0.0000009676
  0.0000001716
  0.0000005226
  0.0000006764
  0.0000000110
 -0.0000013141
 -0.0000063425
 -0.0000118667
 -0.0000053882
 -0.0000025413
  0.0000035572
  0.0000091746
 -0.0000049452
 -0.0000030470
  0.0000025902
 -0.0000031383
 -0.0000062584
 -0.0000016224
  0.0000123480
 -0.0000110745
  0.0000038235
  0.0000136513
  0.0000057964
  0.0000022974
 -0.0000063137
  0.0000538633
  0.0000258780
 -0.0000042269
  0.0000134075
  0.0000027819
 -0.0001656468
  0.0000014674
  0.0000638416
  0.0000328989
  0.0000039546
  0.0000063933
  0.0000036929
 -0.0000006931
 -0.0000454717
 -0.0000007429
  0.0000175245
  0.0000004845
  0.0000010121
 -0.0000277001
 -0.0000012772
 -0.0000042837
 -0.0000005016
  0.0000004961
 -0.0000031536
 -0.0000010822
 -0.0000017232
 -0.0000061232
  0.0000041872
  0.0000012823
 -0.0000006981
 -0.0000000552
  0.0000040950
 -0.0000073566
 -0.0000006488
  0.0000018691
 -0.0000028323
 -0.0000013373
 -0.0000043419
 -0.0000002169
  0.0000044750
 -0.0000011893
 -0.0000010449
  0.0000013195
  0.0000026836
  0.0000029243
  0.0000012102
  0.0000000984
  0.0000010572
  0.0000000142
 -0.0000002646
 -0.0000027625
 -0.0000007722
  0.0000040459
 -0.0000028533
  0.0000006272
 -0.0000017590
  0.0000109417
  0.0000021922
 -0.0000104481
  0.0000044890
  0.0000036223
 -0.0000028231
  0.0000025795
 -0.0000009793
  0.0000072189
 -0.0000030199
  0.0000062027
 -0.0000123274
  0.0000013610
  0.0000222058
  0.0000024713
  0.0000013279
 -0.0000069315
  0.0000592807
  0.0000256741
  0.0000282163
 -0.0000011627
  0.0000077018
  0.0000056900
 -0.0001580349
  0.0000015625
 -0.0000030274
  0.0000456045
  0.0000342296
  0.0000056365
  0.0000042972
  0.0000037197
  0.0000042702
 -0.0000040926
 -0.0000607990
 -0.0000020304
  0.0000202599
 -0.0000003191
 -0.0000015755
  0.0000057591
 -0.0000185163
  0.0000028608
 -0.0000036135
 -0.0000030667
 -0.0000032855
 -0.0000026227
 -0.0000010615
 -0.0000002515
 -0.0000027473
  0.0000038060
 -0.0000012757
  0.0000036317
  0.0000019962
  0.0000013043
 -0.0000022848
  0.0000036180
 -0.0000053565
 -0.0000005046
 -0.0000014578
  0.0000018002
  0.0000052028
  0.0000011750
  0.0000032555
  0.0000136645
 -0.0000012141
 -0.0000004137
  0.0000069331
 -0.0000005230
 -0.0000024328
  0.0000002279
 -0.0000013045
  0.0000047438
  0.0000054750
 -0.0000010533
 -0.0000029107
  0.0000000613
  0.0000051699
  0.0000010468
  0.0000037814
  0.0000028306
 -0.0000025588
  0.0000022952
  0.0000001550
 -0.0000002612
  0.0000056418
 -0.0000020761
 -0.0000014222
  0.0000040226
  0.0000056960
  0.0000011802
 -0.0000015437
  0.0000069179
  0.0000028423
 -0.0000006080
 -0.0000060532
  0.0000004940
  0.0000080440
 -0.0000071179
 -0.0000000052
  0.0000076218
  0.0000059133
  0.0000002874
 -0.0000086680
  0.0000064629
 -0.0000001114
  0.0000020944
  0.0000019292
 -0.0000112450
  0.0000022671
  0.0000114937
 -0.0000022608
  0.0000365960
 -0.0000004017
  0.0000095254
 -0.0000084081
  0.0000245332
  0.0000011203
 -0.0000067614
  0.0000536743
 -0.0002450171
  0.0000247299
  0.0000441907
 -0.0000164406
  0.0000015724
  0.0000051585
 -0.0000288347
 -0.0000044164
 -0.0000030369
  0.0000191341
 -0.0000015110
 -0.0000006282
 -0.0000099043
  0.0000133163
  0.0000089921
 -0.0000074162
 -0.0000044259
  0.0000048307
 -0.0000007846
  0.0000055728
  0.0000052022
  0.0000024552
 -0.0000004894
 -0.0000011026
  0.0000027233
 -0.0000038139
  0.0000007831
 -0.0000011817
 -0.0000057198
  0.0000003582
 -0.0000032262
  0.0000012827
  0.0000080044
 -0.0000038377
 -0.0000106108
  0.0000017130
  0.0000016413
  0.0000006764
  0.0000009125
  0.0000027067
 -0.0000042583
  0.0000062572
  0.0000021466
  0.0000017578
 -0.0000016303
 -0.0000045163
  0.0000014864
  0.0000058010
 -0.0000017978
 -0.0000063084
  0.0000026048
 -0.0000039222
  0.0000028362
 -0.0000053077
 -0.0000013085
  0.0000036159
  0.0000086323
  0.0000034637
 -0.0000152165
  0.0000010634
 -0.0000008713
  0.0000110957
 -0.0000055716
  0.0000018407
 -0.0000026532
 -0.0000032011
  0.0000042473
 -0.0000128732
  0.0000141558
  0.0000267082
  0.0000018397
  0.0000036769
 -0.0000071613
  0.0000573181
  0.0000251558
  0.0000295752
 -0.0000005616
  0.0000074992
  0.0000066548
 -0.0001442010
 -0.0000007035
 -0.0000014122
 -0.0000031746
  0.0000297571
  0.0000358670
  0.0000074536
 -0.0000003378
  0.0000070736
  0.0000050109
  0.0000051694
 -0.0000677609
  0.0000023375
  0.0000174466
 -0.0000027813
 -0.0000021400
  0.0000013910
 -0.0000167852
  0.0000021174
 -0.0000061392
 -0.0000009002
  0.0000031330
 -0.0000013848
 -0.0000042090
  0.0000002783
  0.0000018256
 -0.0000020825
 -0.0000036062
 -0.0000009188
 -0.0000069867
 -0.0000023823
 -0.0000020951
  0.0000041098
  0.0000002213
  0.0000056948
 -0.0000012426
  0.0000071671
 -0.0000016870
 -0.0000033823
 -0.0000030785
  0.0000032763
 -0.0000005783
 -0.0000010536
 -0.0000003710
 -0.0000032702
  0.0000024869
 -0.0000022729
  0.0000095028
 -0.0000102825
 -0.0000044590
 -0.0000006266
  0.0000018307
  0.0000067416
  0.0000013396
 -0.0000044574
 -0.0000015917
 -0.0000050075
  0.0000008378
 -0.0000011263
 -0.0000007434
  0.0000067292
  0.0000045323
 -0.0000023996
  0.0000047140
 -0.0000005383
 -0.0000103620
 -0.0000017112
  0.0000005701
  0.0000039176
  0.0000054500
  0.0000108374
  0.0000026541
  0.0000041931
  0.0000066792
  0.0000044259
  0.0000014955
  0.0000056443
  0.0000023557
 -0.0000002001
  0.0000050329
 -0.0000436806
  0.0000030476
  0.0000374471
  0.0000012594
  0.0000000256
 -0.0000625441
  0.0001859068
  0.0000223231
  0.0000067769
 -0.0000118912
  0.0000041461
 -0.0000073823
  0.0000029816
  0.0000252781
  0.0000398802
  0.0000096660
  0.0000091084
 -0.0000134668
 -0.0000179269
 -0.0002422086
  0.0000018244
  0.0000134926
  0.0000032017
 -0.0000159246
  0.0000008220
  0.0000053096
  0.0000039951
  0.0000028785
 -0.0000024307
 -0.0000027676
 -0.0000013759
 -0.0000041187
  0.0000023342
 -0.0000089470
  0.0000049765
  0.0000024064
  0.0000015843
  0.0000004372
  0.0000007707
 -0.0000005593
  0.0000002440
  0.0000034141
 -0.0000032483
  0.0000007324
  0.0000031293
  0.0000044715
  0.0000034560
 -0.0000004911
  0.0000019554
 -0.0000020807
 -0.0000002227
  0.0000003057
  0.0000002034
  0.0000017864
  0.0000011356
 -0.0000015193
 -0.0000299506
 -0.0000004805
 -0.0000070564
 -0.0000006086
  0.0000005399
 -0.0000070796
  0.0000049067
 -0.0000004476
  0.0000055422
  0.0000113667
 -0.0000018547
  0.0000041214
 -0.0000085084
  0.0000024828
  0.0000009371
 -0.0000130078
  0.0000228511
  0.0000258311
  0.0000192799
 -0.0000077467
  0.0000552002
  0.0000001200
 -0.0000601383
  0.0000002231
 -0.0000036332
 -0.0000029078
  0.0000345359
  0.0000255587
  0.0000011610
  0.0000004412
  0.0000041426
  0.0000073937
  0.0000031368
 -0.0000057263
 -0.0000016590
  0.0000134764
 -0.0000058947
 -0.0000025872
  0.0000005034
 -0.0000299659
 -0.0000015800
 -0.0000077034
 -0.0000174676
 -0.0000088615
 -0.0000094933
 -0.0000087141
 -0.0000094051
 -0.0000106605
 -0.0000115459
 -0.0000123490
 -0.0000112580
 -0.0000126880
 -0.0000108300
 -0.0000126011
 -0.0000212000
 -0.0000177240
 -0.0000141933
 -0.0000100003
 -0.0000073535
 -0.0000087332
 -0.0000018416
 -0.0000103244
 -0.0000088429
 -0.0000071857
 -0.0000095532
 -0.0000122989
 -0.0000094487
 -0.0000115462
 -0.0000121183
 -0.0000087404
 -0.0000092203
 -0.0000172826
 -0.0000161688
 -0.0000166683
 -0.0000104494
 -0.0000142302
 -0.0000118144
  0.0000207507
  0.0000208348
  0.0000215999
  0.0000205016
  0.0000021343
  0.0000426325
  0.0000171231
  0.0000124064
  0.0000183945
  0.0000141850
  0.0000236052
  0.0000113772
  0.0000141289
  0.0000216272
  0.0000202321
 -0.0000201796
 -0.0000107081
 -0.0000206061
 -0.0000201763
 -0.0000172512
 -0.0000082517
 -0.0000314172
 -0.0000142984
 -0.0000153515
 -0.0000289339
 -0.0000160594
 -0.0000132168
 -0.0000357365
 -0.0000171364
 -0.0000314868
 -0.0000259048
 -0.0000192329
 -0.0000277479
  0.0000187322
 -0.0000183135
  0.0000446803
  0.0000091740
  0.0000217115
  0.0000209025
 -0.0001628310
 -0.0000037398
  0.0000292488
  0.0000460909
  0.0002399933
 -0.0000230322
  0.0000450460
  0.0000357112
 -0.0000129655
  0.0000186533
  0.0000239150
  0.0000248731
 -0.0000222181
 -0.0000220367
  0.0000118886
  0.0000178374
  0.0000846174
  0.0000045842
 -0.0000001118
  0.0000044055
  0.0000008901
 -0.0000064779
  0.0000009642
 -0.0000052205
 -0.0000005549
 -0.0000005504
 -0.0000044275
  0.0000060627
 -0.0000085682
 -0.0000244398
  0.0000022408
 -0.0000015355
 -0.0000059247
  0.0000007075
  0.0000003051
 -0.0000013515
 -0.0000005395
  0.0000002324
 -0.0000005763
 -0.0000007086
 -0.0000009102
 -0.0000013139
 -0.0000068671
  0.0000012724
 -0.0000022373
 -0.0000006007
  0.0000015263
 -0.0000003630
 -0.0000013684
  0.0000001113
 -0.0000038466
 -0.0000004732
  0.0000391441
  0.0000040478
  0.0000002252
  0.0000023763
 -0.0000044324
 -0.0000062181
 -0.0000021853
 -0.0000046095
  0.0000006303
  0.0000111194
 -0.0000019553
  0.0000038030
 -0.0000084588
  0.0000028592
 -0.0000008529
 -0.0000135091
  0.0000220643
  0.0000255517
  0.0000218673
 -0.0000061736
  0.0000480397
  0.0000011009
 -0.0000034113
 -0.0000757197
  0.0000014582
 -0.0000045025
 -0.0000041666
  0.0000462999
  0.0000252742
  0.0000039198
  0.0000001141
  0.0000040168
  0.0000058438
  0.0000034184
 -0.0000059970
 -0.0000024911
  0.0000168211
 -0.0000015233
 -0.0000029174
  0.0000005974
 -0.0000303102
  0.0000034633
 -0.0000064091
  0.0000010135
  0.0000025353
  0.0000006861
  0.0000000726
 -0.0000001155
 -0.0000009957
  0.0000021661
 -0.0000025335
 -0.0000034621
  0.0000015949
  0.0000016848
 -0.0000060008
 -0.0000039573
  0.0000022300
 -0.0000010282
  0.0000028299
  0.0000004944
 -0.0000004053
  0.0000092407
  0.0000022263
  0.0000002446
  0.0000030553
 -0.0000006873
 -0.0000043567
 -0.0000000997
 -0.0000020392
  0.0000043506
  0.0000022164
 -0.0000003164
 -0.0000022631
  0.0000057587
 -0.0000000072
 -0.0000033541
  0.0000033222
 -0.0000013663
 -0.0000085861
 -0.0000021570
 -0.0000024002
  0.0000086467
 -0.0000012926
 -0.0000129910
 -0.0000086186
 -0.0000075536
 -0.0000007588
 -0.0000062815
 -0.0000058810
 -0.0000028848
 -0.0000002591
  0.0000009449
 -0.0000069739
 -0.0000007132
  0.0000081754
 -0.0000062433
 -0.0000016674
  0.0000103158
  0.0000038159
  0.0000000951
 -0.0000095224
  0.0000093214
 -0.0000026663
  0.0000010990
  0.0000093552
 -0.0000111625
  0.0000183134
  0.0000098466
  0.0000006792
  0.0000045957
 -0.0000004850
  0.0000105990
 -0.0000094653
  0.0000033081
 -0.0000002336
  0.0000482240
 -0.0002400230
  0.0000247274
  0.0000006153
  0.0000003555
 -0.0000052125
  0.0000427695
 -0.0000222065
 -0.0000005711
  0.0000382074
 -0.0000111516
  0.0000054760
 -0.0000195981
  0.0000074884
 -0.0000060671
 -0.0000053988
  0.0000023261
 -0.0000224614
  0.0000076993
  0.0000108587
  0.0000091747
  0.0000126698
  0.0000062238
  0.0000149784
  0.0000098303
  0.0000065686
  0.0000169706
  0.0000050922
  0.0000186299
  0.0000212398
  0.0000117872
  0.0000225986
  0.0000115701
  0.0000157198
  0.0000071445
  0.0000084591
  0.0000168588
  0.0000151108
  0.0000083502
 -0.0000030711
  0.0000096219
 -0.0000008324
  0.0000136423
  0.0000098483
  0.0000222139
 -0.0000185148
 -0.0000143160
 -0.0000270491
 -0.0000206489
 -0.0000130903
 -0.0000239216
 -0.0000114274
 -0.0000145056
 -0.0000134160
 -0.0000160427
 -0.0000235043
 -0.0000148882
 -0.0000139429
 -0.0000171415
 -0.0000184375
  0.0000119846
  0.0000358831
  0.0000200242
  0.0000241969
  0.0000286167
  0.0000184998
  0.0000266743
  0.0000173561
  0.0000180340
  0.0000388604
  0.0000261375
  0.0000264551
  0.0000401143
  0.0000357376
  0.0000284805
  0.0000270714
  0.0000098072
  0.0000261935
 -0.0000101432
  0.0000666686
 -0.0000345273
  0.0000010012
 -0.0000106042
 -0.0000115704
  0.0000568700
 -0.0000173057
 -0.0000295543
  0.0000688488
 -0.0000175204
 -0.0000079948
  0.0000645768
 -0.0000221888
 -0.0000199219
 -0.0000031280
  0.0000429522
  0.0000219497
 -0.0000103342
 -0.0000515475
 -0.0000201828
  0.0000007787
  0.0000014438
  0.0000003225
 -0.0000011556
 -0.0000016205
  0.0000012463
 -0.0000015085
  0.0000005922
 -0.0000047687
 -0.0000064685
 -0.0000062880
 -0.0000032187
 -0.0000015895
  0.0000006255
  0.0000026573
  0.0000128190
 -0.0000000461
  0.0000025415
  0.0000000628
  0.0000017424
 -0.0000024526
  0.0000019728
 -0.0000021092
  0.0000051670
  0.0000000642
  0.0000013511
  0.0000049153
 -0.0000012870
  0.0000029587
 -0.0000015653
 -0.0000036567
  0.0000024582
 -0.0000039824
 -0.0000102066
  0.0000004892
 -0.0000014734
 -0.0000114465
  0.0000198904
 -0.0000125922
 -0.0000112372
 -0.0000025481
  0.0000042736
 -0.0000033566
 -0.0000112998
 -0.0000026228
 -0.0000059377
 -0.0000079719
 -0.0000047085
  0.0000093711
  0.0000118106
  0.0000048143
  0.0000035990
  0.0000071350
  0.0000109124
 -0.0000003509
  0.0000066411
  0.0000104037
  0.0000010144
  0.0000089999
  0.0000042374
  0.0000093430
 -0.0000027997
  0.0000103294
  0.0000049020
  0.0000379038
 -0.0000029512
  0.0000105703
  0.0000035970
  0.0000565098
 -0.0002398505
  0.0000368152
 -0.0000077273
  0.0000067985
  0.0000143017
 -0.0000101369
  0.0000233024
 -0.0000133729
 -0.0000060753
 -0.0000117868
  0.0000052505
 -0.0000060814
 -0.0000037074
 -0.0000016795
 -0.0000397160
  0.0000021926
 -0.0000006045
  0.0000022036
  0.0000001410
 -0.0000011990
  0.0000010303
 -0.0000031270
 -0.0000030898
  0.0000027443
  0.0000000994
  0.0000003635
 -0.0000059069
 -0.0000079743
 -0.0000068656
 -0.0000004112
 -0.0000050264
 -0.0000016100
  0.0000016587
  0.0000024191
  0.0000113832
  0.0000008487
  0.0000026018
 -0.0000002264
  0.0000025911
 -0.0000021143
  0.0000013657
 -0.0000001191
  0.0000071740
 -0.0000005446
  0.0000018049
  0.0000013451
 -0.0000024219
  0.0000033160
 -0.0000025758
 -0.0000038976
  0.0000027578
  0.0000000278
  0.0000008685
 -0.0000000601
  0.0000009183
  0.0000034043
  0.0000003104
 -0.0000004426
 -0.0000003188
 -0.0000023530
 -0.0000011270
  0.0000047254
 -0.0000011599
 -0.0000017015
  0.0000016359
  0.0000026886
 -0.0000046421
  0.0000239382
 -0.0000033756
  0.0000094582
 -0.0000000417
  0.0000067989
 -0.0000016405
 -0.0000012998
  0.0000077225
  0.0000190146
 -0.0000171021
  0.0000150065
  0.0000074269
 -0.0000056564
 -0.0000245369
 -0.0000048065
  0.0000092165
 -0.0000013342
  0.0000058820
 -0.0000028638
 -0.0000081927
  0.0000394277
  0.0000197900
 -0.0002083243
  0.0000301291
 -0.0000122571
  0.0000063783
  0.0000039362
  0.0000198737
 -0.0000041353
  0.0000015791
  0.0000151719
  0.0000033212
 -0.0000087353
  0.0000451687
  0.0000125662
  0.0000231726
 -0.0000038480
  0.0000038115
  0.0000116833
  0.0000017485
 -0.0000007797
 -0.0000014479
  0.0000024572
  0.0000012585
 -0.0000002582
 -0.0000003127
  0.0000005459
 -0.0000003962
 -0.0000047197
 -0.0000007721
  0.0000041797
  0.0000030341
  0.0000004863
  0.0000022119
  0.0000063092
 -0.0000028921
 -0.0000047144
  0.0000007328
  0.0000030839
 -0.0000014035
  0.0000002268
 -0.0000023152
 -0.0000061552
 -0.0000014938
 -0.0000037332
 -0.0000076090
  0.0000023094
  0.0000083354
 -0.0000016893
 -0.0000005409
  0.0000058565
 -0.0000028812
  0.0000068896
 -0.0000016138
 -0.0000029303
 -0.0000058411
 -0.0000005354
 -0.0000014856
  0.0000009070
 -0.0000030894
  0.0000030205
 -0.0000040794
 -0.0000088300
  0.0000047297
  0.0000073754
 -0.0000024089
 -0.0000005200
  0.0000010535
  0.0000037986
 -0.0000015467
 -0.0000041121
 -0.0000034401
 -0.0000018316
  0.0000041369
 -0.0000170041
  0.0000150795
  0.0000307093
  0.0000016250
  0.0000003411
 -0.0000183373
  0.0000905276
  0.0000230517
  0.0000037645
 -0.0000134495
  0.0000086356
 -0.0000783919
  0.0000012586
  0.0000002333
  0.0000153855
  0.0000383495
  0.0000065352
  0.0000122242
  0.0000065725
 -0.0000033800
 -0.0000079846
 -0.0001348009
  0.0000020361
  0.0000140666
 -0.0000012193
  0.0000006385
 -0.0000224600
  0.0000010030
 -0.0000044045
 -0.0000045209
 -0.0000022615
 -0.0000038041
 -0.0000056333
 -0.0000061642
 -0.0000050906
 -0.0000056146
 -0.0000042224
 -0.0000145802
 -0.0000084976
  0.0000008788
 -0.0000021404
  0.0000058128
 -0.0000035051
 -0.0000003142
 -0.0000079396
 -0.0000021417
 -0.0000052473
 -0.0000024310
 -0.0000079506
 -0.0000017800
 -0.0000025135
 -0.0000027188
  0.0000029556
 -0.0000014796
  0.0000082911
  0.0000022753
  0.0000084315
  0.0000113126
 -0.0000018814
  0.0000087886
  0.0000065775
 -0.0000005556
  0.0000017706
  0.0000073497
 -0.0000025824
  0.0000026406
 -0.0000012404
 -0.0000037740
 -0.0000179343
 -0.0000010024
 -0.0000023068
 -0.0000059564
 -0.0000051960
  0.0000023790
 -0.0000057194
 -0.0000115022
 -0.0000045930
 -0.0000021021
 -0.0000021328
 -0.0000110710
 -0.0000158612
 -0.0000188453
 -0.0000185931
 -0.0000122721
 -0.0000072893
  0.0000047898
  0.0000159363
  0.0000422858
  0.0000047797
  0.0000036891
  0.0000220849
 -0.0000116481
  0.0000104960
  0.0000216408
  0.0000288839
  0.0000466095
  0.0000091925
 -0.0000427601
 -0.0000042703
 -0.0000096008
 -0.0003259134
  0.0000189475
 -0.0000311841
  0.0000039792
 -0.0000131020
  0.0000019386
  0.0000068068
 -0.0000035288
 -0.0000027745
 -0.0000042995
 -0.0000009141
 -0.0000069554
 -0.0000000519
  0.0000037440
 -0.0000059827
  0.0000068045
  0.0000023164
 -0.0000062380
 -0.0000071782
 -0.0000072457
  0.0000064103
 -0.0000079417
  0.0000000365
 -0.0000034321
  0.0000083344
 -0.0000066874
 -0.0000015049
  0.0000003011
  0.0000068843
  0.0000091139
  0.0000026261
 -0.0000044978
  0.0000025720
  0.0000037997
 -0.0000004110
 -0.0000049200
 -0.0000025745
  0.0000027726
  0.0000055191
  0.0000275857
  0.0000045749
  0.0000183135
 -0.0000012552
 -0.0000030027
 -0.0000111010
  0.0000033715
 -0.0000031459
 -0.0000039222
 -0.0000075550
  0.0000295308
  0.0000159461
 -0.0000080423
 -0.0000146462
  0.0000117225
  0.0000420940
  0.0000023161
 -0.0000046834
 -0.0000026407
 -0.0000357416
  0.0000217885
 -0.0000117207
  0.0000004849
 -0.0000009463
  0.0000008576
  0.0000064846
  0.0000598904
 -0.0000089913
 -0.0000084647
 -0.0000029653
 -0.0000080962
 -0.0000047236
 -0.0000271046
  0.0000015907
 -0.0000079580
 -0.0000083820
 -0.0000275048
 -0.0000309380
  0.0000043672
  0.0000013368
 -0.0000079983
 -0.0000353935
 -0.0000102770
 -0.0000287564
  0.0000056209
 -0.0000090348
 -0.0000031719
 -0.0000295041
 -0.0000305212
 -0.0000226727
 -0.0000006426
  0.0000063836
 -0.0000097189
  0.0000065309
 -0.0000041343
  0.0000047920
  0.0000032948
  0.0000040612
  0.0000070102
  0.0000032048
  0.0000027794
 -0.0000093277
  0.0000170270
  0.0000241537
  0.0000154380
  0.0000080636
  0.0000012148
  0.0000043189
  0.0000519285
 -0.0000046980
 -0.0000162135
  0.0000460807
  0.0000025016
 -0.0000082894
  0.0000063097
 -0.0000566000
  0.0000416356
 -0.0000147450
 -0.0000010636
 -0.0000074949
 -0.0000234567
  0.0000456465
  0.0000641252
 -0.0000075719
  0.0000193887
 -0.0000734162
 -0.0000055035
  0.0000006856
  0.0000033590
  0.0000049110
 -0.0000034500
  0.0000131516
 -0.0000365974
 -0.0000059123
 -0.0000195122
 -0.0000297672
 -0.0000280981
  0.0000000418
 -0.0000115848
 -0.0000235197
  0.0000084017
 -0.0000230454
  0.0000036001
 -0.0000288658
  0.0000208220
 -0.0000214850
 -0.0000017431
  0.0000007805
  0.0000027751
  0.0000065949
 -0.0000072150
  0.0000077617
 -0.0000043718
  0.0000079762
  0.0000023739
  0.0000066832
  0.0000092338
  0.0000069145
  0.0000006749
  0.0000284584
  0.0000034096
  0.0000019800
  0.0000136334
 -0.0000061419
 -0.0000022111
  0.0000052473
  0.0000188413
  0.0000489113
  0.0000163025
 -0.0000051533
 -0.0000428340
  0.0000217803
  0.0000716938
 -0.0000041926
 -0.0000555707
  0.0000240148
 -0.0000162521
  0.0000044935
 -0.0000050204
  0.0000268993
 -0.0000375141
  0.0000814349
 -0.0000078806
  0.0000026478
 -0.0000011223
 -0.0000047415
  0.0000110513
 -0.0000623249
 -0.0000112090
  0.0000006498
  0.0000056306
 -0.0000126660
 -0.0000030196
  0.0000090593
  0.0000059397
 -0.0000046915
 -0.0000056820
 -0.0000045882
  0.0000084491
 -0.0000063219
  0.0000011297
 -0.0000043536
  0.0000117554
 -0.0000056498
 -0.0000034604
  0.0000029470
  0.0000094856
 -0.0000007256
  0.0000024099
  0.0000008453
 -0.0000231224
  0.0000040065
  0.0000009075
  0.0000031848
  0.0000011385
  0.0000062206
 -0.0000065972
 -0.0000018171
 -0.0000031271
  0.0000232397
  0.0000013947
 -0.0000036944
 -0.0000090749
 -0.0000021626
 -0.0000019084
  0.0000002277
 -0.0000063284
  0.0000287388
  0.0000166127
 -0.0000072123
 -0.0000119019
  0.0000156576
  0.0000370078
 -0.0000333447
  0.0000232893
 -0.0000093465
  0.0000074806
 -0.0000024693
  0.0000030385
  0.0000091832
  0.0000580284
 -0.0000075084
 -0.0000119356
  0.0000012807
  0.0000000878
 -0.0000257848
 -0.0000064751
 -0.0000046640
 -0.0000012959
 -0.0000341777
 -0.0000048333
 -0.0000087553
 -0.0000240446
  0.0000024433
 -0.0000058969
 -0.0000031800
 -0.0000070338
 -0.0000099134
 -0.0000231724
 -0.0000083600
 -0.0000000203
 -0.0000095951
 -0.0000088147
 -0.0000075173
  0.0000017066
  0.0000021038
 -0.0000024492
 -0.0000011452
 -0.0000090426
  0.0000022404
  0.0000038779
 -0.0000076592
 -0.0000010914
 -0.0000055154
 -0.0000595207
  0.0000184331
 -0.0000040966
 -0.0000053160
 -0.0000020594
  0.0000100396
 -0.0000087900
 -0.0000191742
  0.0000404135
  0.0000012665
 -0.0000051692
  0.0000144259
 -0.0000381509
  0.0000362718
  0.0000035583
  0.0000007581
 -0.0000383115
 -0.0000232976
  0.0000422998
 -0.0000011225
  0.0000294396
 -0.0000059692
 -0.0000902976
  0.0000021756
  0.0000121941
  0.0000026249
 -0.0000202148
 -0.0000154680
 -0.0000130954
 -0.0000114863
 -0.0000256809
 -0.0000142483
 -0.0000017987
 -0.0000109886
 -0.0000171501
 -0.0000330301
 -0.0000072625
 -0.0000115176
 -0.0000152799
 -0.0000239403
 -0.0000015869
 -0.0000020660
  0.0000065589
 -0.0000046748
  0.0000096813
  0.0000002476
  0.0000039677
  0.0000040173
  0.0000016360
  0.0000054999
  0.0000021915
  0.0000080044
  0.0000112980
  0.0000148778
  0.0000289269
  0.0000218015
 -0.0000008894
  0.0000031224
  0.0000126737
  0.0000542057
  0.0000170190
 -0.0000059105
 -0.0000348701
  0.0000322556
  0.0000238620
 -0.0000010752
 -0.0000483894
  0.0000359616
 -0.0000151193
  0.0000001348
 -0.0000000826
 -0.0000230922
  0.0000630391
 -0.0000123877
  0.0000363289
 -0.0000043093
  0.0000114775
 -0.0000739802
 -0.0000065591
 -0.0000034001
  0.0000002574
  0.0000312539
  0.0000041457
  0.0000235954
  0.0000225388
  0.0000070754
  0.0000116391
  0.0000234041
  0.0000191227
  0.0000124546
  0.0000255172
  0.0000010103
  0.0000070917
  0.0000134455
  0.0000238579
 -0.0000097094
 -0.0000080984
  0.0000075942
 -0.0000093481
 -0.0000047139
  0.0000054606
 -0.0000109443
 -0.0000123526
  0.0000045385
  0.0000002131
 -0.0001293570
 -0.0001005324
  0.0000044416
  0.0000095740
 -0.0000077577
 -0.0000002167
 -0.0000010475
  0.0000085071
  0.0000364422
 -0.0000030030
 -0.0000002789
  0.0000159908
  0.0000022896
 -0.0000061519
 -0.0000017273
 -0.0000017437
 -0.0000974802
  0.0000102312
  0.0000354908
  0.0000064211
  0.0000475001
 -0.0000074876
 -0.0002118641
  0.0000017290
 -0.0000029921
  0.0000222991
  0.0000191668
  0.0000218550
 -0.0000020241
  0.0000040648
  0.0000139220
  0.0000198290
  0.0000109863
 -0.0000023894
  0.0000015978
 -0.0000020461
  0.0000041512
 -0.0000108960
  0.0000214581
  0.0000093297
  0.0000084354
 -0.0000040987
  0.0000046937
 -0.0000010412
 -0.0000039161
 -0.0000032313
 -0.0000036266
 -0.0000005602
  0.0000042854
 -0.0000048131
 -0.0000044948
 -0.0000466490
 -0.0000103706
 -0.0000406335
 -0.0000051988
  0.0000005555
 -0.0000079700
 -0.0000088869
  0.0000079630
  0.0000491344
 -0.0000018218
 -0.0000041769
  0.0000153981
 -0.0000157619
  0.0000389135
  0.0000040132
  0.0000015205
 -0.0000844511
 -0.0000088650
  0.0000369996
 -0.0000027394
  0.0000208764
 -0.0000080208
 -0.0001413498
  0.0000027936
  0.0000199178
 -0.0000066396
 -0.0000050095
 -0.0000186284
 -0.0000174159
 -0.0000317785
 -0.0000101120
  0.0000040711
  0.0000017310
 -0.0000212131
  0.0000037047
  0.0000125070
  0.0000003139
 -0.0000035240
  0.0000037909
  0.0000237624
 -0.0000313801
 -0.0000116620
  0.0000060815
  0.0000077628
  0.0000004740
  0.0000051365
  0.0000031525
 -0.0000005787
  0.0000038600
  0.0000057427
 -0.0000016744
  0.0000041527
  0.0000083793
  0.0000094038
  0.0000167328
 -0.0000135828
  0.0000057255
 -0.0000001911
 -0.0000056966
 -0.0000187399
  0.0000283675
  0.0000647640
 -0.0000064583
 -0.0000322596
 -0.0000149581
  0.0000077268
 -0.0000081736
  0.0000303080
 -0.0000366014
  0.0000738847
  0.0000273878
  0.0000057152
  0.0000168437
 -0.0000532800
 -0.0000045572
 -0.0000082298
 -0.0000166973
 -0.0000102982
  0.0000018826
 -0.0000208235
 -0.0000274306
 -0.0000169190
 -0.0000029582
 -0.0000086348
 -0.0000127088
 -0.0000224729
 -0.0000295114
 -0.0000256385
 -0.0000212974
  0.0000036404
 -0.0000167706
 -0.0000061991
 -0.0000027304
  0.0000081518
 -0.0000261574
  0.0000040848
  0.0000090909
  0.0000029401
  0.0000057844
 -0.0000025325
  0.0000078190
  0.0000118918
 -0.0000009168
  0.0000096081
  0.0000086108
  0.0000088513
  0.0000232775
  0.0000171376
  0.0000003187
  0.0000053617
  0.0000202417
  0.0000500528
  0.0000162079
 -0.0000073984
 -0.0000364061
  0.0000290870
  0.0000604596
 -0.0000082926
  0.0000064948
 -0.0000550746
  0.0000303181
 -0.0000172237
  0.0000086409
  0.0000119223
 -0.0000257058
  0.0000770811
  0.0000320419
  0.0000001532
  0.0000114775
 -0.0000792205
 -0.0000022923
 -0.0000088434
  0.0000008025
 -0.0000018492
 -0.0000321420
 -0.0000092925
 -0.0000076509
 -0.0000218339
 -0.0000015565
 -0.0000110591
 -0.0000056878
 -0.0000146642
 -0.0000134112
 -0.0000212046
 -0.0000117875
 -0.0000055693
 -0.0000231607
 -0.0000074921
 -0.0000117537
  0.0000007517
  0.0000054555
  0.0000007268
  0.0000042986
  0.0000023836
  0.0000026404
 -0.0000001788
  0.0000020893
 -0.0000082141
 -0.0000307305
  0.0000093736
 -0.0000177411
 -0.0000054677
 -0.0000004398
  0.0000100165
 -0.0000109690
 -0.0000230330
  0.0000431649
  0.0000130091
 -0.0000051661
 -0.0000373148
  0.0000079628
 -0.0000068139
 -0.0000636233
 -0.0000331534
  0.0000476851
 -0.0000026843
  0.0000160004
 -0.0000128697
 -0.0001103818
 -0.0000048199
 -0.0000080493
 -0.0000044948
 -0.0000064251
 -0.0000098349
  0.0000165883
  0.0000054439
  0.0000161694
  0.0000218467
 -0.0000117920
 -0.0000043937
 -0.0000062093
  0.0000337201
 -0.0000008557
  0.0000259640
  0.0000142454
  0.0000367340
  0.0000114467
  0.0000302965
 -0.0000032399
 -0.0000112412
 -0.0000205369
 -0.0000104552
 -0.0000080231
 -0.0000067454
 -0.0000108587
 -0.0000042521
 -0.0000451510
 -0.0002312198
 -0.0000131276
 -0.0000043977
 -0.0000106487
 -0.0000281476
 -0.0000114283
 -0.0000095047
  0.0000229711
 -0.0000089190
  0.0000521631
 -0.0000117667
  0.0000110644
  0.0000145126
  0.0000005270
  0.0000123251
 -0.0000114410
  0.0000376939
  0.0000155638
  0.0000502188
 -0.0000119650
 -0.0002922026
 -0.0000164978
 -0.0001554181
 -0.0000110412
  0.0000770694
 -0.0000001579
 -0.0000020153
 -0.0000031555
  0.0000131788
  0.0000038008
 -0.0000059362
  0.0000197562
  0.0000169352
 -0.0000129662
 -0.0000055850
  0.0000019153
  0.0000290716
  0.0000175503
  0.0000123588
  0.0000073635
  0.0000299938
 -0.0000040124
 -0.0000031823
 -0.0000139110
 -0.0000071506
 -0.0000033731
 -0.0000138970
 -0.0000000083
 -0.0000034005
 -0.0000014482
  0.0000000729
 -0.0002027125
 -0.0000018935
 -0.0000068220
 -0.0000041512
  0.0000012020
 -0.0000014836
 -0.0000103649
  0.0000160806
  0.0000265886
  0.0000001159
 -0.0000081443
  0.0000236613
  0.0000421144
  0.0000037212
  0.0000033070
 -0.0000123201
 -0.0002549689
 -0.0000012614
  0.0000493065
  0.0000039519
  0.0000062737
 -0.0000026700
  0.0000060215
  0.0000025080
  0.0000064989
  0.0000056392
  0.0000006744
 -0.0000004349
  0.0000024368
  0.0000003689
  0.0000038613
  0.0000053968
  0.0000013082
  0.0000006214
  0.0000098981
  0.0000082944
  0.0000020312
  0.0000004328
  0.0000017370
 -0.0000050968
 -0.0000069198
 -0.0000026925
  0.0000051753
  0.0000086290
 -0.0000041063
 -0.0000018810
 -0.0000004171
 -0.0000053581
 -0.0000012826
  0.0000121785
  0.0000050403
 -0.0000076384
 -0.0000030018
 -0.0000016251
 -0.0000061308
  0.0000251203
  0.0000280503
 -0.0000060802
  0.0000426467
  0.0000040636
 -0.0000657319
  0.0000197433
  0.0000263508
 -0.0000130213
 -0.0000074400
  0.0000080119
  0.0000009070
 -0.0000071264
 -0.0000075301
  0.0000037421
 -0.0000027203
 -0.0000032603
 -0.0000282068
 -0.0000062968
 -0.0000075338
 -0.0000056523
 -0.0000200966
  0.0000059247
 -0.0000084378
 -0.0000230423
 -0.0000241283
  0.0000006196
  0.0000003641
 -0.0000193927
 -0.0000152195
 -0.0000269506
  0.0000025827
 -0.0000245236
 -0.0000213974
 -0.0000078543
  0.0000082487
  0.0000070090
 -0.0000025998
  0.0000084772
  0.0000048304
  0.0000032576
  0.0000082965
  0.0000066664
 -0.0000004622
  0.0000080518
  0.0000008157
 -0.0000312506
  0.0000240718
  0.0000164233
 -0.0000065940
  0.0000027930
 -0.0000370147
  0.0000399055
  0.0000800282
 -0.0000066559
 -0.0000514305
  0.0000051129
  0.0000068592
 -0.0000262245
  0.0000823173
 -0.0000023020
  0.0000595920
  0.0000027190
 -0.0000802805
 -0.0000013228
 -0.0000042216
 -0.0000011877
  0.0000050252
  0.0000023251
  0.0000144863
  0.0000179189
  0.0000130332
  0.0000124247
 -0.0000052136
  0.0000171345
 -0.0000062508
  0.0000399248
  0.0000097977
  0.0000114158
  0.0000029448
  0.0000400834
  0.0000168920
  0.0000331846
  0.0000007098
 -0.0000008246
  0.0000018344
  0.0000043286
 -0.0000011895
  0.0000052146
 -0.0001698641
 -0.0001726062
 -0.0000100895
 -0.0000137045
  0.0000025913
 -0.0000118497
 -0.0000115366
  0.0000014780
  0.0000208905
 -0.0000103702
  0.0000169434
  0.0000518702
 -0.0000240283
 -0.0000077793
  0.0000608708
  0.0000751742
  0.0000432862
 -0.0000073003
  0.0001163247
 -0.0000408440
 -0.0002216204
 -0.0000135221
  0.0000285196
  0.0000057754
 -0.0000095134
  0.0000300365
  0.0000095052
 -0.0000219988
 -0.0000095827
 -0.0000053945
  0.0000194801
  0.0000270735
  0.0000177231
  0.0000029632
  0.0000240566
 -0.0000085547
  0.0000030774
  0.0000054198
 -0.0000033966
  0.0000045555
  0.0000102161
 -0.0000063096
  0.0000013684
 -0.0000043988
  0.0000152099
 -0.0000006000
 -0.0000052972
 -0.0000397354
  0.0000206207
 -0.0000563255
 -0.0000660677
 -0.0000021075
 -0.0000028147
  0.0000004710
 -0.0000068326
  0.0000111315
  0.0000506835
 -0.0000017454
  0.0000100485
 -0.0000022813
  0.0000114535
  0.0000108803
  0.0000376883
  0.0000323454
  0.0000006240
 -0.0001044164
  0.0000150155
  0.0000319743
  0.0000006183
  0.0000248583
 -0.0000031935
 -0.0001725951
 -0.0000001195
  0.0000224075
  0.0000057209
 -0.0000068206
 -0.0000020821
  0.0000038032
  0.0000042908
 -0.0000039384
  0.0000041560
  0.0000121155
  0.0000119011
  0.0000043074
  0.0000123549
  0.0000017251
 -0.0000034497
  0.0000044393
  0.0000114898
  0.0000010477
 -0.0000037572
  0.0000038431
  0.0000098012
  0.0000017328
  0.0000003592
 -0.0000086094
 -0.0000023621
  0.0000017688
  0.0000055569
  0.0000054468
 -0.0000018282
  0.0000000235
  0.0000009484
  0.0000002950
  0.0000090835
  0.0000316412
 -0.0000006972
 -0.0000074131
 -0.0000044974
 -0.0000113019
  0.0000255147
 -0.0000050279
  0.0000167780
  0.0000166122
 -0.0000131487
 -0.0000030540
 -0.0000137692
 -0.0000125900
 -0.0000104056
  0.0000015866
  0.0000045612
  0.0000103020
 -0.0000082077
 -0.0000147244
 -0.0000022156
  0.0000060009
 -0.0000284146
 -0.0000056146
 -0.0000000078
 -0.0000357537
  0.0000103287
 -0.0000253560
 -0.0000208710
  0.0000171969
 -0.0000135052
 -0.0000046622
 -0.0000148647
  0.0000007219
 -0.0000224438
  0.0000131823
 -0.0000165450
  0.0000004375
 -0.0000213521
 -0.0000248843
 -0.0000225152
 -0.0000217878
 -0.0000302583
  0.0000074474
  0.0000134763
 -0.0000199501
  0.0000088161
 -0.0000183300
  0.0000023464
  0.0001083163
  0.0000648261
 -0.0003245066
  0.0000409760
  0.0000574747
 -0.0000440350
 -0.0000292128
  0.0000333955
  0.0000495888
  0.0000167465
  0.0000089858
  0.0000065420
  0.0000279456
  0.0000297685
  0.0000308992
 -0.0000061078
  0.0000728520
  0.0000125870
  0.0000279708
 -0.0000623326
  0.0000179210
  0.0000296737
  0.0000401536
 -0.0005798367
 -0.0000158731
  0.0000548511
 -0.0001089357
  0.0000359173
  0.0001843548
  0.0000206222
 -0.0000202281
  0.0000017956
  0.0000169255
 -0.0000127758
 -0.0000004089
 -0.0000185630
 -0.0000047563
 -0.0000161674
  0.0000178993
 -0.0000286118
 -0.0000133626
 -0.0000055269
  0.0000089492
 -0.0000237914
  0.0000003002
  0.0000008801
  0.0000026382
  0.0000006072
 -0.0000132494
  0.0000004703
 -0.0000012790
  0.0000051052
  0.0000053025
 -0.0000040717
 -0.0000037986
 -0.0000019358
  0.0000057713
  0.0000302554
  0.0000025900
 -0.0000116643
 -0.0000010876
 -0.0000044263
  0.0000021336
 -0.0000029622
  0.0000327139
  0.0000147712
 -0.0000055257
 -0.0000159134
  0.0000204849
  0.0000630642
 -0.0000335951
  0.0000214763
 -0.0000172219
  0.0000093833
  0.0000113322
 -0.0000146047
  0.0000727502
 -0.0000093121
 -0.0000031058
  0.0000027546
  0.0000042012
 -0.0000384604
 -0.0000098171
 -0.0000058370
 -0.0000165047
 -0.0000083682
 -0.0000024271
 -0.0000109098
  0.0000203933
  0.0000088494
 -0.0000045889
 -0.0000054434
 -0.0000059070
 -0.0000106565
  0.0000168956
  0.0000083575
 -0.0000160501
 -0.0000016458
 -0.0000033339
  0.0000042732
  0.0000063231
 -0.0000063913
 -0.0000058271
 -0.0000026624
  0.0000068623
  0.0000048925
 -0.0000035524
 -0.0000014118
 -0.0000468452
  0.0000178010
  0.0000213034
 -0.0000030298
 -0.0000099405
  0.0000034066
 -0.0000049785
 -0.0000133829
  0.0000445531
 -0.0000008446
 -0.0000046110
  0.0000109792
 -0.0000259735
  0.0000380967
 -0.0000207520
 -0.0000001002
 -0.0000056418
 -0.0000394238
 -0.0000267820
  0.0000428616
  0.0000404011
 -0.0000076325
 -0.0000892097
 -0.0000017515
  0.0000096212
  0.0000066300
 -0.0000011866
  0.0000181123
  0.0000174246
  0.0000054456
  0.0000417927
  0.0000336762
 -0.0000067685
 -0.0000039717
  0.0000001047
  0.0000236100
  0.0000266918
  0.0000424068
  0.0000249011
  0.0000278217
  0.0000114368
  0.0000285378
  0.0000209328
  0.0000477673
 -0.0000079559
  0.0000217245
 -0.0000063615
  0.0000479935
 -0.0000027803
 -0.0000322099
 -0.0000113491
 -0.0001563980
 -0.0002046933
 -0.0000059855
 -0.0000018327
  0.0000008001
 -0.0000264992
 -0.0000091055
 -0.0000126894
  0.0000201076
  0.0000028300
  0.0000635192
 -0.0000037386
  0.0000137776
 -0.0000033842
  0.0000381506
 -0.0000232355
  0.0000149652
 -0.0000059404
  0.0001026051
  0.0000405233
  0.0000538464
 -0.0000031274
  0.0000851053
 -0.0000223142
 -0.0000217789
 -0.0002170524
 -0.0000092953
 -0.0000031229
  0.0000095023
  0.0000072547
  0.0000178634
  0.0000055472
 -0.0000140211
  0.0000033206
  0.0000117375
 -0.0000162082
 -0.0000226971
  0.0000054918
 -0.0000074355
 -0.0000138387
 -0.0000120323
  0.0000206528
  0.0000037590
 -0.0000007055
 -0.0000025372
  0.0000187485
 -0.0000020894
  0.0000032295
 -0.0000067153
  0.0000042993
  0.0000014739
  0.0000184908
 -0.0000002765
 -0.0000022515
  0.0000020382
  0.0000307006
 -0.0000122866
 -0.0000079145
 -0.0000008025
 -0.0000012587
  0.0000031843
 -0.0000034404
 -0.0000116860
  0.0000225993
  0.0000264534
 -0.0000050339
 -0.0000320782
  0.0000232995
 -0.0000152063
  0.0000034073
  0.0000077549
  0.0000145056
  0.0000538759
 -0.0000090951
 -0.0000013176
  0.0000046477
  0.0000113536
 -0.0000266802
  0.0000013077
 -0.0000070622
 -0.0000075525
 -0.0000037670
 -0.0000106876
 -0.0000178417
 -0.0000032964
 -0.0000210838
 -0.0000281171
 -0.0000193755
 -0.0000127843
 -0.0000096298
 -0.0000191574
 -0.0000224231
 -0.0000343231
 -0.0000257084
 -0.0000188719
 -0.0000022274
 -0.0000215958
  0.0000024508
  0.0000031848
  0.0000066600
 -0.0000006565
  0.0000054728
 -0.0000051046
  0.0000004815
 -0.0000026168
 -0.0000068309
  0.0000013444
  0.0000047613
 -0.0000113719
  0.0000249270
  0.0000161642
 -0.0000117854
  0.0000064414
  0.0000159430
 -0.0000086203
 -0.0000378906
  0.0000362335
  0.0000714936
 -0.0000087309
 -0.0000570931
  0.0000334535
 -0.0000191562
  0.0000077565
 -0.0000098320
 -0.0000048116
 -0.0000270806
  0.0000805970
  0.0000481680
  0.0000023469
 -0.0000795091
 -0.0000066711
 -0.0000068646
  0.0000020630
 -0.0000008791
 -0.0000020145
 -0.0000014052
  0.0000079204
  0.0000113360
 -0.0000020678
  0.0000083531
  0.0000033759
  0.0000009260
 -0.0000022678
  0.0000072308
  0.0000049660
 -0.0000030518
 -0.0000010522
 -0.0000001557
  0.0000036476
  0.0000037457
 -0.0000132658
  0.0000048327
  0.0000005328
  0.0000043946
 -0.0000055849
  0.0000017359
  0.0000031970
  0.0000005875
 -0.0000019836
 -0.0000036070
  0.0000191431
 -0.0000016721
 -0.0000014883
 -0.0000095106
 -0.0000024805
 -0.0000021177
 -0.0000075253
  0.0000104148
  0.0000256811
  0.0000174657
 -0.0000064717
  0.0000138142
  0.0000085588
 -0.0000063261
 -0.0000180698
  0.0000226804
 -0.0000100690
  0.0000013065
 -0.0000020638
  0.0000038384
  0.0000013250
  0.0000350192
 -0.0000085907
 -0.0000026347
  0.0000013443
 -0.0000029659
 -0.0000302548
 -0.0000070467
  0.0000166541
 -0.0000344836
 -0.0000213685
  0.0000160864
  0.0000018943
 -0.0000048243
 -0.0000305946
  0.0000014288
 -0.0000078035
  0.0000230119
 -0.0000156694
  0.0000016681
 -0.0000012072
 -0.0000200202
 -0.0000338028
 -0.0000018405
  0.0000003197
  0.0000102872
  0.0000018705
  0.0000073353
  0.0000112340
  0.0000034813
  0.0000063301
  0.0000009953
  0.0000068309
  0.0000127823
 -0.0000029336
  0.0000127791
  0.0000307094
  0.0000034897
 -0.0000086234
  0.0000080185
 -0.0000100755
 -0.0000044518
  0.0000070017
  0.0000133724
  0.0000442562
  0.0000151925
 -0.0000055142
 -0.0000252623
  0.0000202530
  0.0000935309
 -0.0000360177
  0.0000222838
 -0.0000160369
  0.0000088502
 -0.0000056481
  0.0000189801
 -0.0000273518
  0.0000795080
 -0.0000095611
 -0.0000032855
  0.0000031598
  0.0000094715
 -0.0000459617
 -0.0000105266
 -0.0000049583
 -0.0000046517
 -0.0000570080
 -0.0000328825
 -0.0000442809
 -0.0000349345
 -0.0000122122
 -0.0000450145
 -0.0000538908
 -0.0000362089
 -0.0000166521
 -0.0000490444
 -0.0000044766
 -0.0000182251
 -0.0000140125
 -0.0000382935
 -0.0000220591
 -0.0000157290
 -0.0000179732
 -0.0000163459
 -0.0000273742
 -0.0000189377
 -0.0000273826
 -0.0000272553
  0.0003913059
 -0.0000548513
  0.0000489112
  0.0000524938
 -0.0000576328
  0.0000149060
  0.0000492249
 -0.0000301030
 -0.0000021582
  0.0000126890
  0.0000135143
  0.0000211342
 -0.0000598162
  0.0001628942
  0.0000698910
  0.0000156700
 -0.0000779813
 -0.0000421802
 -0.0000073678
  0.0000409382
  0.0000625709
 -0.0002141193
  0.0000228268
  0.0001580423
  0.0000005071
  0.0000068081
  0.0000177466
  0.0000269163
 -0.0000153696
 -0.0000322737
  0.0000471818
  0.0000287620
  0.0000274574
  0.0000087831
 -0.0000026998
 -0.0000173765
 -0.0000029779
  0.0000042338
  0.0000240629
  0.0000028032
 -0.0000082437
 -0.0000042477
 -0.0000065478
 -0.0000018075
 -0.0000127913
 -0.0000037037
 -0.0000008903
 -0.0002154210
 -0.0001798520
  0.0000030892
  0.0000107057
 -0.0000091988
  0.0000028873
 -0.0000024472
 -0.0000009666
 -0.0000272775
  0.0000499659
  0.0000016905
  0.0000384130
  0.0000008874
  0.0000143748
  0.0000372378
 -0.0000020967
  0.0000256009
  0.0000000042
  0.0000103228
  0.0000598676
  0.0000334370
  0.0000053367
  0.0000932727
 -0.0000032814
 -0.0000045976
 -0.0002565338
 -0.0000033085
  0.0000000166
 -0.0000100529
  0.0000196939
  0.0000336779
 -0.0000089757
 -0.0000003093
  0.0000111502
  0.0000272731
  0.0000060426
 -0.0000001570
 -0.0000063491
 -0.0000080310
 -0.0000025287
 -0.0000105702
  0.0000333444
  0.0000151273
  0.0000016213
  0.0000123071
 -0.0000027141
  0.0000052047
  0.0000138646
 -0.0000111380
 -0.0000041354
 -0.0000210848
  0.0000132607
 -0.0000045144
 -0.0000101270
 -0.0000567504
  0.0000159688
  0.0000195025
 -0.0000170975
 -0.0000095671
 -0.0000023011
 -0.0000107762
  0.0000506071
  0.0000125157
  0.0000402477
 -0.0000021131
 -0.0000046886
 -0.0000043686
  0.0000102536
 -0.0000252451
  0.0000362804
 -0.0000230612
  0.0000178280
 -0.0000036237
 -0.0000708077
 -0.0000146581
  0.0000345848
  0.0000295258
 -0.0000143884
 -0.0001083716
 -0.0000015139
  0.0000086840
  0.0000028271
  0.0000000879
 -0.0000045693
  0.0000062450
  0.0000043036
  0.0000011469
  0.0000066170
  0.0000032588
 -0.0000006287
  0.0000025293
  0.0000010735
 -0.0000003289
  0.0000044051
  0.0000017631
  0.0000000038
 -0.0000022173
  0.0000001238
  0.0000057730
  0.0000006735
  0.0000009152
 -0.0000001832
  0.0000030140
 -0.0000063993
  0.0000020504
 -0.0000011116
  0.0000049203
  0.0000033771
 -0.0000045557
  0.0000033168
  0.0000015240
  0.0000068678
  0.0000042964
  0.0000097316
 -0.0000068612
  0.0000037191
 -0.0000131371
  0.0000015480
  0.0000004440
 -0.0000041232
 -0.0000088308
  0.0000265626
  0.0000164251
 -0.0000086570
  0.0000160431
 -0.0000014082
 -0.0000044753
 -0.0000069829
  0.0000000818
 -0.0000038645
 -0.0000049824
 -0.0000136101
  0.0000198015
 -0.0000025299
  0.0000031468
  0.0000038795
  0.0000064668
 -0.0000019149
  0.0000437240
 -0.0000015927
  0.0000093068
  0.0000005626
 -0.0000075743
  0.0000003654
 -0.0000314703
 -0.0000023712
 -0.0000077350
 -0.0000065358
  0.0000235799
  0.0000075909
 -0.0000060730
 -0.0000113673
  0.0000105256
  0.0000092959
 -0.0000120371
  0.0000267831
 -0.0000125002
 -0.0000035035
 -0.0000260135
  0.0000259394
  0.0000065396
  0.0000251922
 -0.0000029866
  0.0000032239
  0.0000035518
  0.0000021712
  0.0000028331
  0.0000055318
  0.0000026048
 -0.0002078185
 -0.0001811832
  0.0000033573
  0.0000057140
  0.0000006656
 -0.0000004196
 -0.0000028077
 -0.0000143497
  0.0000207795
  0.0000008220
  0.0000157395
  0.0000391088
 -0.0000184048
  0.0000190849
 -0.0000013813
  0.0000114095
  0.0000602077
  0.0000326050
  0.0000062542
  0.0001105889
 -0.0000189541
 -0.0002517458
  0.0000014630
  0.0000021835
 -0.0000072409
  0.0000024845
  0.0000003868
 -0.0000016137
 -0.0000011511
 -0.0000003846
 -0.0000016720
 -0.0000010512
 -0.0000021077
 -0.0000017302
 -0.0000069337
  0.0000010078
 -0.0000029107
 -0.0000009940
 -0.0000005677
 -0.0000009661
 -0.0000021134
  0.0000076009
 -0.0000036476
  0.0000131789
  0.0000023398
 -0.0000064560
  0.0000022785
  0.0000075325
  0.0000059816
 -0.0000108698
  0.0000247125
 -0.0000069397
  0.0000103297
 -0.0000022339
  0.0000032492
 -0.0000093160
  0.0000022959
 -0.0000009167
 -0.0000144576
  0.0000159857
  0.0000237176
  0.0000216464
 -0.0000063186
  0.0000497126
  0.0000006823
 -0.0000038418
 -0.0000597789
  0.0000017651
 -0.0000054159
 -0.0000040635
  0.0000445554
  0.0000248049
  0.0000038803
  0.0000025784
  0.0000034140
  0.0000051997
  0.0000027658
 -0.0000059898
 -0.0000034251
  0.0000155260
  0.0000006497
 -0.0000038958
  0.0000051077
 -0.0000305949
  0.0000004983
 -0.0000068293
  0.0000322096
  0.0000118196
  0.0000215667
  0.0000252551
  0.0000061361
  0.0000102960
  0.0000212586
  0.0000183082
  0.0000045714
  0.0000257890
  0.0000000144
  0.0000063033
  0.0000009152
  0.0000217769
 -0.0000038928
 -0.0000046625
 -0.0000011644
 -0.0000032225
  0.0000055717
 -0.0000005444
  0.0000013472
  0.0000071577
 -0.0000017475
  0.0000068339
 -0.0000307717
 -0.0000628755
 -0.0000663135
 -0.0000020282
  0.0000018867
 -0.0000003559
 -0.0000095192
 -0.0000053130
  0.0000065076
  0.0000408326
 -0.0000023875
 -0.0000007274
  0.0000130730
 -0.0000063061
  0.0000286960
 -0.0000027337
  0.0000006960
 -0.0001072368
 -0.0000017334
  0.0000355253
  0.0000004605
  0.0000326247
 -0.0000095039
 -0.0000018566
 -0.0001721901
 -0.0000030064
 -0.0000042298
 -0.0000274802
 -0.0000234482
 -0.0000190124
 -0.0000235502
 -0.0000212197
 -0.0000218623
 -0.0000146421
 -0.0000179863
 -0.0000238345
 -0.0000411269
 -0.0000204938
 -0.0000223630
 -0.0000233190
 -0.0000307115
  0.0000073663
  0.0000012441
  0.0000086805
 -0.0000002837
  0.0000061915
  0.0000041056
  0.0000005032
  0.0000057979
  0.0000001561
 -0.0000397007
  0.0000189504
  0.0000138418
 -0.0000072579
  0.0000051634
  0.0000091387
 -0.0000391195
  0.0000403315
  0.0000724978
 -0.0000082798
 -0.0000580326
  0.0000114003
 -0.0000030763
 -0.0000128072
 -0.0000323191
  0.0000791145
 -0.0000040185
  0.0000558469
  0.0000033068
 -0.0000825753
 -0.0000026202
 -0.0000023697
 -0.0000150749
  0.0000011434
 -0.0000117456
 -0.0000175657
  0.0000081131
 -0.0000077527
 -0.0000037381
 -0.0000150935
 -0.0000071838
 -0.0000181182
  0.0000171511
 -0.0000021487
 -0.0000176284
 -0.0000112592
  0.0000055226
 -0.0000001867
 -0.0000031277
  0.0000003450
 -0.0000062812
  0.0000053284
 -0.0000018456
  0.0000043705
 -0.0000018144
 -0.0000807923
 -0.0000009724
 -0.0000013015
  0.0000060440
 -0.0000098095
  0.0000457242
 -0.0000061602
 -0.0000049881
  0.0000209544
 -0.0000324784
 -0.0000144431
  0.0000035250
 -0.0000024675
 -0.0001009217
 -0.0000177656
  0.0000018522
  0.0000502165
 -0.0000292106
 -0.0001757917
 -0.0000066618
  0.0000034723
  0.0000027352
  0.0000009950
 -0.0000055380
 -0.0000183236
 -0.0000018181
  0.0000117349
  0.0000186303
 -0.0000051645
 -0.0000092914
  0.0000264953
  0.0000005656
  0.0000015669
 -0.0000004219
  0.0000149066
  0.0000066562
  0.0000014362
 -0.0000264184
  0.0000034578
  0.0000707086
 -0.0000004345
 -0.0000046819
  0.0000151668
  0.0000079019
 -0.0000240161
  0.0000133476
  0.0000063928
  0.0000041066
 -0.0000112371
  0.0000056001
 -0.0000210685
  0.0000025529
 -0.0000150300
  0.0000057599
 -0.0000080407
  0.0000307234
  0.0000001007
 -0.0000044401
 -0.0000096286
 -0.0000059982
 -0.0000010828
 -0.0000047034
  0.0000015051
  0.0000365440
  0.0000003469
 -0.0000193793
 -0.0000031332
  0.0000280757
  0.0000014866
  0.0000070111
  0.0000177575
 -0.0000010950
  0.0000049690
 -0.0000043586
 -0.0000031615
 -0.0000005691
 -0.0000035357
 -0.0000022049
 -0.0000024076
 -0.0000076289
  0.0000273540
 -0.0000043520
  0.0000015807
 -0.0000009600
  0.0000013764
 -0.0000089327
 -0.0000081115
 -0.0000017062
  0.0000812310
 -0.0000035630
 -0.0000055986
  0.0000191867
  0.0000062597
 -0.0000567584
  0.0000124538
  0.0000029093
  0.0000018116
 -0.0000139862
  0.0000052478
 -0.0000150299
  0.0000016302
 -0.0000258780
  0.0000037252
 -0.0000009439
  0.0000268757
  0.0000014833
  0.0000166661
  0.0000011157
 -0.0000055119
 -0.0000048641
 -0.0000171050
 -0.0000104060
  0.0000285889
  0.0000060584
  0.0000039530
 -0.0000021678
  0.0000203023
  0.0000014519
  0.0000048662
  0.0000073060
  0.0000013958
  0.0000013152
  0.0000055806
 -0.0000045990
 -0.0000030441
 -0.0000011440
 -0.0000025667
 -0.0000003802
  0.0000015384
  0.0000019939
  0.0000298262
  0.0000017297
 -0.0000014951
 -0.0000049983
  0.0000009957
 -0.0000180422
 -0.0000015770
  0.0000769767
 -0.0000009104
 -0.0000035697
  0.0000223403
  0.0000066847
 -0.0000439266
  0.0000124727
  0.0000044459
  0.0000045823
 -0.0000120548
  0.0000045233
 -0.0000166360
  0.0000027702
 -0.0000181720
 -0.0000007206
  0.0000010647
  0.0000260304
  0.0000028145
  0.0000096580
 -0.0000139667
 -0.0000055936
 -0.0000015971
 -0.0000110432
  0.0000011468
  0.0000328695
  0.0000026740
 -0.0000081815
 -0.0000035488
  0.0000205381
  0.0000003712
  0.0000052330
  0.0000254015
 -0.0000003894
  0.0000049811
 -0.0000103254
 -0.0000207450
 -0.0000028156
  0.0000081724
 -0.0000007199
 -0.0000250282
  0.0000094987
  0.0000012265
  0.0000034201
 -0.0000002790
  0.0000015936
 -0.0000010660
  0.0000010756
 -0.0000300942
  0.0000011444
  0.0000679858
 -0.0000021308
 -0.0000045882
  0.0000056118
  0.0000185685
 -0.0000234104
  0.0000126588
  0.0000058320
  0.0000010289
 -0.0000114194
  0.0000061632
 -0.0000117504
  0.0000027952
 -0.0000157671
  0.0000052601
 -0.0000059798
  0.0000264182
 -0.0000005909
  0.0000246170
 -0.0000109885
 -0.0000037000
 -0.0000013063
 -0.0000107830
  0.0000016732
  0.0000352659
 -0.0000295516
 -0.0000221499
 -0.0000025842
  0.0000223681
  0.0000007168
  0.0000059769
  0.0000067039
  0.0000016172
  0.0000000171
 -0.0000007334
 -0.0000156032
 -0.0000036699
  0.0000150120
 -0.0000012690
  0.0000023964
  0.0000073862
 -0.0000027233
 -0.0000001570
  0.0000014961
 -0.0000019917
  0.0000051276
 -0.0000161824
  0.0000008562
 -0.0000050110
  0.0000901536
  0.0000039767
  0.0000078936
  0.0000360454
  0.0000036836
 -0.0000404096
  0.0000137323
  0.0000028308
  0.0000134148
 -0.0000164772
  0.0000069420
 -0.0000114313
  0.0000066887
 -0.0000209948
  0.0000085143
  0.0000011974
  0.0000155149
  0.0000013394
  0.0000050567
 -0.0000047435
 -0.0000064666
 -0.0000062042
 -0.0000029410
 -0.0000086408
  0.0000220921
  0.0000061027
 -0.0000069605
 -0.0000053737
  0.0000190449
 -0.0000000410
  0.0000010417
  0.0000139997
 -0.0000006287
 -0.0000077982
 -0.0000288887
  0.0000023304
  0.0000092021
  0.0000370111
 -0.0000013782
  0.0000017253
 -0.0000031478
 -0.0000066235
 -0.0000016397
 -0.0000049818
 -0.0000033118
  0.0000017638
 -0.0000067758
 -0.0000001361
 -0.0000081493
  0.0001050528
 -0.0000054262
 -0.0000030890
  0.0000316934
  0.0000100284
 -0.0000259958
  0.0000084394
  0.0000006469
  0.0000089950
 -0.0000163140
  0.0000005371
 -0.0000173064
 -0.0000036838
 -0.0000134660
  0.0000079837
  0.0000082538
  0.0000224064
 -0.0000051300
 -0.0000079063
 -0.0000114190
 -0.0000067003
 -0.0000110353
 -0.0000024729
 -0.0000087185
  0.0000324192
  0.0000071492
 -0.0000028237
 -0.0000053885
  0.0000096754
  0.0000039258
 -0.0000065691
  0.0000122127
 -0.0000014780
  0.0000084186
 -0.0000261404
  0.0000206655
  0.0000022671
 -0.0000134082
  0.0000030298
 -0.0000090830
  0.0000370467
  0.0000005467
 -0.0000011798
  0.0000005685
  0.0000133025
  0.0000055650
 -0.0000084551
 -0.0000131763
 -0.0000018088
  0.0000803939
 -0.0000018400
  0.0000005329
  0.0000222353
  0.0000029701
 -0.0000460203
  0.0000106363
  0.0000037540
  0.0000036905
 -0.0000139418
  0.0000051943
 -0.0000215970
  0.0000087197
 -0.0000262563
  0.0000029556
 -0.0000001971
  0.0000258377
  0.0000019043
  0.0000051610
 -0.0000005763
 -0.0000055982
 -0.0000051526
 -0.0000092863
 -0.0000080932
  0.0000298374
  0.0000020086
 -0.0000009547
 -0.0000020602
  0.0000196283
  0.0000004417
  0.0000047193
  0.0000167621
 -0.0000006481
 -0.0000075457
 -0.0000184606
  0.0000121574
  0.0000061140
 -0.0000024240
 -0.0000002813
  0.0000029946
 -0.0000027152
 -0.0000017343
 -0.0000019305
 -0.0000008403
  0.0000061075
  0.0000018006
 -0.0000063837
  0.0000022819
 -0.0000050819
  0.0000917072
 -0.0000056938
  0.0000040169
  0.0000318647
  0.0000130249
 -0.0000383629
  0.0000109823
  0.0000002740
  0.0000153023
 -0.0000154279
  0.0000066322
 -0.0000063442
  0.0000110437
 -0.0000153942
  0.0000085045
  0.0000075650
  0.0000142594
 -0.0000006691
 -0.0000052638
 -0.0000041781
 -0.0000067285
 -0.0000065559
 -0.0000028282
 -0.0000096894
  0.0000311368
  0.0000136114
 -0.0000064323
 -0.0000021456
  0.0000180405
  0.0000015349
  0.0000010969
 -0.0000121687
 -0.0000016352
  0.0000013044
  0.0000141814
  0.0000003938
 -0.0000008031
 -0.0000154048
 -0.0000054829
 -0.0000094013
 -0.0000094022
  0.0000009096
  0.0000008502
  0.0000023228
  0.0000123609
  0.0000080082
  0.0000045609
 -0.0000261814
 -0.0000082616
  0.0000671786
  0.0000047742
 -0.0000105331
  0.0000006385
  0.0000042804
 -0.0000255932
  0.0000180382
  0.0000088930
 -0.0000054198
 -0.0000123970
  0.0000086916
  0.0000027726
  0.0000037351
 -0.0000159535
  0.0000030797
 -0.0000108931
  0.0000142878
  0.0000041050
 -0.0000023719
  0.0000015995
 -0.0000072967
  0.0000069914
 -0.0000230887
 -0.0000041135
  0.0000405325
 -0.0000070957
 -0.0000220042
 -0.0000010195
  0.0000326387
  0.0000032843
  0.0000053489
  0.0000040092
 -0.0000005672
  0.0000031067
 -0.0000126744
 -0.0000144597
 -0.0000034869
  0.0000115617
 -0.0000040068
 -0.0000030039
 -0.0000068137
  0.0000271282
 -0.0000007770
  0.0000002854
  0.0000018641
 -0.0000076236
 -0.0000041067
 -0.0000319869
 -0.0000017101
  0.0000663250
  0.0000000427
 -0.0000043027
  0.0000111001
  0.0000076015
 -0.0000214162
  0.0000158396
  0.0000087643
  0.0000026833
 -0.0000098988
  0.0000045516
 -0.0000206430
 -0.0000018342
 -0.0000184041
 -0.0000020582
 -0.0000067567
  0.0000322212
  0.0000006877
 -0.0000003290
 -0.0000059963
 -0.0000024051
 -0.0000014385
 -0.0000068777
 -0.0000059266
  0.0000370275
 -0.0000006718
 -0.0000240482
  0.0000001363
  0.0000216304
  0.0000052426
  0.0000062421
  0.0000048760
 -0.0000016830
 -0.0000060458
 -0.0000083876
 -0.0000110483
  0.0000045678
  0.0000164931
  0.0000005380
  0.0000032395
 -0.0000026186
 -0.0000022940
  0.0000000152
 -0.0000070968
  0.0000072537
  0.0000007620
 -0.0000054298
 -0.0000058897
 -0.0000029945
  0.0000906587
 -0.0000010437
 -0.0000008906
  0.0000344484
  0.0000019074
 -0.0000459336
  0.0000102163
  0.0000048582
  0.0000028440
 -0.0000138673
  0.0000040002
 -0.0000139004
  0.0000073644
 -0.0000272766
  0.0000011916
 -0.0000066417
  0.0000264560
  0.0000077316
  0.0000008570
  0.0000037620
 -0.0000068452
 -0.0000067908
 -0.0000009992
 -0.0000096318
  0.0000260894
  0.0000038806
  0.0000088514
  0.0000002363
  0.0000187733
  0.0000015513
  0.0000037677
  0.0000058097
 -0.0000016975
  0.0000003860
 -0.0000035488
 -0.0000099573
 -0.0000099087
  0.0000025495
  0.0000195849
 -0.0000048947
  0.0000015506
 -0.0000029557
 -0.0000087984
 -0.0000082380
  0.0000029204
 -0.0000000303
 -0.0000070924
  0.0000006573
 -0.0000045032
  0.0000897008
 -0.0000021911
  0.0000040170
  0.0000340404
  0.0000117830
 -0.0000412305
  0.0000115886
 -0.0000009282
  0.0000141876
 -0.0000150987
  0.0000056948
 -0.0000186654
  0.0000107116
 -0.0000147114
  0.0000083288
  0.0000014390
  0.0000154155
 -0.0000011009
  0.0000000874
 -0.0000045839
 -0.0000066420
 -0.0000064436
 -0.0000068877
 -0.0000107220
  0.0000306210
  0.0000133822
 -0.0000072761
 -0.0000008815
  0.0000191509
  0.0000001756
  0.0000020204
 -0.0000080633
 -0.0000013795
  0.0000011283
  0.0000186868
 -0.0000005872
 -0.0000045837
 -0.0000154439
 -0.0000029297
  0.0000086058
 -0.0000089478
 -0.0000017418
 -0.0000012763
  0.0000000594
  0.0000055402
 -0.0000052779
 -0.0000141014
 -0.0000014283
 -0.0000263639
 -0.0000050566
  0.0000661146
 -0.0000001188
 -0.0000090027
  0.0000029493
  0.0000058710
 -0.0000243768
  0.0000128937
  0.0000090981
 -0.0000038807
 -0.0000116080
  0.0000075925
  0.0000025344
 -0.0000012952
 -0.0000216208
  0.0000012821
 -0.0000085670
  0.0000209831
 -0.0000028920
 -0.0000105462
 -0.0000083956
 -0.0000053232
  0.0000004799
 -0.0000187889
 -0.0000065858
  0.0000336132
 -0.0000068971
 -0.0000219344
 -0.0000003429
  0.0000329320
  0.0000049771
  0.0000093143
 -0.0000082387
  0.0000009248
  0.0000015809
 -0.0000004307
 -0.0000137958
 -0.0000038772
 -0.0000025829
 -0.0000029054
 -0.0000026341
  0.0000021271
  0.0000059478
  0.0000290733
 -0.0000028527
  0.0000027409
  0.0000027723
  0.0000011341
 -0.0000184445
  0.0000003386
  0.0000770925
  0.0000004955
 -0.0000031180
  0.0000236353
  0.0000027607
 -0.0000455971
  0.0000127578
  0.0000054719
  0.0000048487
 -0.0000116689
  0.0000038432
 -0.0000150107
  0.0000009797
 -0.0000150753
 -0.0000010019
  0.0000015524
  0.0000282665
 -0.0000002221
 -0.0000048681
 -0.0000093068
 -0.0000055248
 -0.0000015396
 -0.0000122819
  0.0000001232
  0.0000370206
  0.0000086409
 -0.0000074577
 -0.0000004400
  0.0000204588
  0.0000045156
  0.0000058558
 -0.0000067505
  0.0000022540
 -0.0000019630
  0.0000025607
 -0.0000208855
  0.0000002155
 -0.0000024717
 -0.0000051113
 -0.0000018039
  0.0000021232
  0.0000042050
  0.0000189393
 -0.0000003088
 -0.0000050916
 -0.0000005372
 -0.0000093119
 -0.0000067839
 -0.0000020827
  0.0000836786
  0.0000006291
 -0.0000048064
  0.0000148579
  0.0000000015
 -0.0000492061
  0.0000125961
  0.0000049290
  0.0000015463
 -0.0000140134
  0.0000048351
 -0.0000146342
  0.0000010940
 -0.0000265423
  0.0000032076
 -0.0000031229
  0.0000268173
  0.0000052401
 -0.0000068226
  0.0000040359
 -0.0000059322
 -0.0000052048
 -0.0000124217
 -0.0000123155
  0.0000259616
  0.0000085006
  0.0000065754
 -0.0000013407
  0.0000200723
  0.0000027123
  0.0000045626
 -0.0000104990
 -0.0000009297
 -0.0000139850
 -0.0000117322
 -0.0003222384
 -0.0000019235
  0.0000155947
 -0.0001359494
  0.0000185759
  0.0000606216
 -0.0000331275
 -0.0000233748
  0.0000086531
 -0.0000057364
 -0.0000070110
 -0.0004042699
 -0.0000012063
  0.0000203110
  0.0000128411
  0.0000113842
 -0.0000004773
  0.0000854235
  0.0000820159
  0.0000109525
 -0.0000060874
 -0.0000075608
  0.0001480011
 -0.0000009704
  0.0001637255
  0.0001648352
 -0.0000013421
  0.0001038876
 -0.0000053040
 -0.0000053196
 -0.0000340712
 -0.0000087305
  0.0000348847
  0.0000319425
  0.0000287941
  0.0000371700
  0.0000031348
 -0.0000025521
 -0.0000184916
  0.0000038955
 -0.0000231762
  0.0000223320
 -0.0000044545
  0.0000097685
 -0.0000066265
 -0.0000302900
  0.0000536426
  0.0000094062
 -0.0000181753
  0.0000007121
 -0.0000215419
  0.0000371843
 -0.0000339418
 -0.0000033703
 -0.0000261237
 -0.0000322892
  0.0000131412
  0.0000088858
 -0.0000061529
 -0.0000108510
  0.0000039473
 -0.0000249878
 -0.0000363922
 -0.0000006119
 -0.0000023818
 -0.0000027563
 -0.0000027212
  0.0000009880
 -0.0000007917
  0.0000029848
  0.0000294815
  0.0000314057
  0.0000204524
  0.0000306336
  0.0000091865
 -0.0000024089
 -0.0000214033
 -0.0000017347
 -0.0000272729
 -0.0000085722
 -0.0000023750
 -0.0000051109
 -0.0000229917
 -0.0000148136
  0.0000315240
 -0.0000026081
 -0.0000240011
  0.0000162055
 -0.0000177470
  0.0000024775
  0.0000123645
 -0.0000306055
  0.0000116111
 -0.0000304740
 -0.0000303298
  0.0000145164
  0.0000131250
  0.0000123676
 -0.0000016401
  0.0000036698
 -0.0000220809
 -0.0000263611
  0.0000884817
  0.0000082611
  0.0000074893
  0.0000629939
 -0.0000365844
 -0.0000334956
  0.0000310192
  0.0000170343
 -0.0000179221
  0.0000083940
  0.0000241140
 -0.0000135558
  0.0000732643
  0.0000030947
  0.0000022152
 -0.0000101232
  0.0000213655
  0.0000024707
  0.0000126103
  0.0000523422
 -0.0000490287
 -0.0000026271
 -0.0000122248
  0.0000323906
  0.0000101772
  0.0000391731
 -0.0000195744
  0.0000021585
 -0.0000255267
  0.0000217420
  0.0000426838
 -0.0000770002
  0.0000013092
 -0.0000064839
 -0.0000064944
 -0.0000026256
  0.0000222970
  0.0000430179
 -0.0000158729
 -0.0000023880
 -0.0000221139
  0.0000039802
  0.0000198272
 -0.0000179614
 -0.0001638450
  0.0000045634
  0.0000073443
  0.0000026847
  0.0000290395
  0.0000081373
  0.0000590995
 -0.0000132976
  0.0000114125
 -0.0000446456
  0.0000243937
  0.0000697105
 -0.0001283076
  0.0001755817
  0.0000255991
 -0.0000506620
 -0.0000097219
 -0.0000057953
 -0.0000032659
 -0.0000116688
 -0.0000057849
 -0.0000563381
  0.0000025628
 -0.0000026897
 -0.0000127824
 -0.0000268133
 -0.0000007265
 -0.0000043929
 -0.0000214048
 -0.0001539634
  0.0000033354
 -0.0000161727
  0.0000020350
  0.0000254811
  0.0000176679
  0.0000226855
  0.0000374949
 -0.0000041998
 -0.0000614639
  0.0000050080
  0.0000692658
 -0.0000033821
  0.0000483425
  0.0000059310
  0.0000105607
  0.0000053554
 -0.0000002484
  0.0000776248
  0.0000149827
  0.0000029055
 -0.0000570689
  0.0000267840
 -0.0000287037
 -0.0000343057
  0.0000304308
 -0.0000292675
  0.0000013063
 -0.0000120375
 -0.0000176597
  0.0000556336
  0.0000007154
  0.0000170396
  0.0000229182
  0.0000213602
 -0.0000001029
  0.0000022691
  0.0000317115
 -0.0000124475
 -0.0000056904
 -0.0000282547
  0.0000037001
  0.0000056287
 -0.0000421532
 -0.0000401652
  0.0000076905
  0.0000381208
  0.0000019610
 -0.0000289652
 -0.0000338872
 -0.0000045248
 -0.0000106511
 -0.0000027671
 -0.0000023581
 -0.0000038407
 -0.0002996347
 -0.0002818304
  0.0000008328
  0.0000178121
  0.0000090798
 -0.0000074236
 -0.0000179647
 -0.0003072213
 -0.0000007028
 -0.0000135013
  0.0000129421
  0.0000189222
  0.0000038790
  0.0000252217
  0.0000793651
  0.0000366206
  0.0000110548
  0.0000686674
  0.0000218001
  0.0000495929
 -0.0000006660
  0.0000901175
  0.0001414917
  0.0000100839
  0.0001254512
  0.0000017509
  0.0000215975
  0.0000090352
 -0.0000386407
  0.0000236458
 -0.0000405559
 -0.0000465601
  0.0000287144
 -0.0000112790
 -0.0000323784
  0.0000054945
  0.0000013982
  0.0000232928
  0.0000440015
 -0.0000033714
 -0.0000028295
  0.0000216892
  0.0000298505
  0.0000028629
 -0.0000445959
  0.0000350683
 -0.0000188666
 -0.0000047454
  0.0000239093
 -0.0000070342
  0.0000025430
 -0.0000043900
 -0.0000380497
  0.0000430802
  0.0000221586
 -0.0000035565
  0.0000375730
  0.0000002511
 -0.0000401095
 -0.0000375270
 -0.0000243655
 -0.0000001438
  0.0000535031
  0.0000279272
  0.0000214662
  0.0000288544
  0.0000061632
 -0.0000227915
  0.0000038607
 -0.0000177390
  0.0000199491
 -0.0000073060
 -0.0000005529
  0.0000037799
 -0.0000092474
  0.0000445803
  0.0000043847
 -0.0000487803
  0.0000205001
 -0.0000243277
  0.0000308760
  0.0000151575
 -0.0000095366
 -0.0000279469
 -0.0000463313
 -0.0000191776
  0.0000020023
 -0.0000157709
  0.0000010861
 -0.0000323620
 -0.0000533076
  0.0000003663
  0.0000025557
  0.0000667375
  0.0000031263
  0.0000168027
 -0.0000251227
 -0.0000035978
 -0.0000271485
 -0.0000223475
  0.0000163826
 -0.0001260708
  0.0000031135
  0.0000009795
  0.0000236772
  0.0000053306
 -0.0000031397
  0.0000556631
 -0.0000160195
 -0.0000096678
  0.0000582756
  0.0000381091
  0.0000192344
  0.0000183443
  0.0000049130
 -0.0001365594
  0.0001125048
  0.0000162602
 -0.0000561385
 -0.0000031463
  0.0000002451
 -0.0001891398
 -0.0000021179
  0.0000126764
  0.0000059494
 -0.0000147372
  0.0000399447
 -0.0002448882
  0.0000027595
  0.0000392801
 -0.0000014787
  0.0000245894
  0.0000504814
  0.0000312442
  0.0000074533
  0.0000158091
  0.0000426672
 -0.0000143600
  0.0001287252
 -0.0000139316
  0.0001161462
  0.0000009349
 -0.0000040296
  0.0000146201
 -0.0000002044
  0.0000005028
  0.0000353615
  0.0000140434
 -0.0000022773
  0.0000173684
  0.0000240041
 -0.0000243442
 -0.0000005278
 -0.0000332279
 -0.0000226230
  0.0000202301
 -0.0000017024
 -0.0000007350
 -0.0000232440
  0.0000313467
  0.0000080882
 -0.0000252037
  0.0000446269
  0.0000564968
  0.0000022415
  0.0000229028
 -0.0000183410
  0.0000059249
 -0.0000189994
 -0.0000625116
  0.0000491001
  0.0000086831
 -0.0000080133
 -0.0000242942
 -0.0000199672
  0.0000051109
 -0.0000276423
 -0.0000087691
 -0.0000124748
  0.0000002165
  0.0000506843
  0.0000527372
  0.0000228864
  0.0000146451
  0.0000141955
 -0.0000089572
 -0.0000319366
 -0.0000040329
 -0.0000246054
  0.0000142563
  0.0000085882
 -0.0000083900
 -0.0000088566
  0.0000285073
  0.0000269923
  0.0000152672
 -0.0000359429
  0.0000323290
 -0.0000305161
  0.0000033582
 -0.0000119753
 -0.0000365265
 -0.0000143232
 -0.0000166260
 -0.0000222161
 -0.0000120109
  0.0000203568
  0.0000075567
 -0.0000091165
  0.0000119969
 -0.0000339866
 -0.0000542790
 -0.0000077751
 -0.0000074500
 -0.0000166619
  0.0000050843
 -0.0000292097
  0.0000012134
  0.0000655117
 -0.0000138820
  0.0000253470
 -0.0000202883
  0.0000208992
 -0.0000481351
 -0.0000169552
  0.0000050914
 -0.0000075977
 -0.0000036944
 -0.0000316335
  0.0000488827
  0.0000134369
 -0.0000126373
  0.0000868113
  0.0000051519
 -0.0000276872
  0.0000461945
  0.0000126456
  0.0000019453
 -0.0000484153
 -0.0000057541
  0.0000125417
 -0.0000218785
 -0.0000063028
 -0.0000228130
 -0.0000522515
 -0.0000030373
 -0.0000304205
  0.0000787360
  0.0000019090
 -0.0000183801
  0.0000418379
 -0.0000064478
 -0.0000121574
 -0.0000014722
 -0.0000062441
  0.0000634011
 -0.0000015118
  0.0000230341
  0.0000354133
  0.0000039735
 -0.0000306760
  0.0000319033
  0.0000004288
 -0.0000052161
  0.0000014776
  0.0000370265
 -0.0000369491
 -0.0000276714
 -0.0000098786
 -0.0000095363
  0.0000221156
 -0.0000449602
 -0.0000331785
  0.0000026422
 -0.0000142574
 -0.0000172995
  0.0000130684
 -0.0000468405
  0.0000228002
  0.0000272230
 -0.0000148438
 -0.0000584955
  0.0000181898
 -0.0000003235
 -0.0002427762
 -0.0000081652
 -0.0000055097
  0.0000230759
  0.0000092099
 -0.0000479124
  0.0000430880
  0.0000332384
  0.0000167207
 -0.0000033088
  0.0000432067
 -0.0000077034
  0.0000343804
  0.0000103868
 -0.0000337912
  0.0001458068
 -0.0000156165
 -0.0000290231
  0.0000206408
  0.0000012293
  0.0000060755
 -0.0000029133
  0.0000298366
 -0.0000095988
 -0.0000157822
  0.0000180956
 -0.0000264694
  0.0000181537
 -0.0000695418
 -0.0000021482
  0.0000151506
  0.0000037224
 -0.0000056824
 -0.0000680780
  0.0000622927
  0.0000086887
 -0.0000226420
  0.0000532632
  0.0000140297
  0.0000272282
 -0.0000173563
  0.0000056849
 -0.0000340941
 -0.0000132109
  0.0000370022
 -0.0000126115
  0.0000026307
 -0.0000253970
 -0.0000188628
  0.0000167722
 -0.0000050355
 -0.0000437637
  0.0000102119
  0.0003039567
  0.0000271462
  0.0000139682
 -0.0000128064
 -0.0000094553
  0.0000205717
 -0.0000075277
  0.0000551569
  0.0001478860
 -0.0000607517
  0.0000100937
 -0.0000052236
 -0.0000069630
 -0.0000149608
 -0.0000254661
 -0.0000050447
 -0.0000333333
 -0.0000121928
 -0.0000302630
  0.0000055931
 -0.0000209687
 -0.0000002489
  0.0000013265
 -0.0002053222
  0.0000133248
  0.0000079682
 -0.0000037080
 -0.0000136619
  0.0000004648
 -0.0000083191
 -0.0000017237
  0.0000190411
  0.0000182748
  0.0000086496
  0.0000092682
  0.0000443310
 -0.0000127879
  0.0000642416
 -0.0000463519
  0.0000294500
 -0.0000479173
 -0.0000440928
  0.0000755793
  0.0000267191
 -0.0000052412
  0.0000237527
 -0.0000121530
 -0.0000038806
  0.0000112475
  0.0000339445
  0.0000305397
 -0.0000061182
  0.0000289377
 -0.0000472405
 -0.0000079357
 -0.0000309901
 -0.0000542945
 -0.0000481053
  0.0000902437
  0.0000003201
  0.0000144278
 -0.0000078062
  0.0000226026
 -0.0000124683
  0.0000302088
 -0.0000517094
 -0.0000037274
 -0.0000038274
 -0.0000218094
 -0.0000172197
  0.0000467379
  0.0000226092
  0.0000413308
 -0.0000389808
  0.0001632895
 -0.0001224097
 -0.0000444500
 -0.0001753538
  0.0000891369
 -0.0001171460
  0.0000961494
 -0.0000355939
 -0.0002394744
 -0.0000426021
 -0.0000764796
 -0.0000616256
  0.0000256642
 -0.0000363584
 -0.0000498267
 -0.0000400525
 -0.0000489578
  0.0000361565
  0.0000540938
 -0.0000300179
  0.0001106485
  0.0000377301
 -0.0000107894
 -0.0000146067
  0.0000544005
  0.0001974331
  0.0000511236
  0.0000069910
  0.0000975785
  0.0000401532
  0.0000396820
  0.0000137396
  0.0000098881
  0.0000214850
 -0.0000130118
 -0.0000004213
 -0.0000503452
  0.0000016456
 -0.0000031399
  0.0000167400
 -0.0000628673
  0.0000317564
  0.0000056086
 -0.0000428278
  0.0000390207
  0.0000467134
  0.0000104859
 -0.0000017760
  0.0000076287
 -0.0000211277
 -0.0000283059
 -0.0000054176
 -0.0000220867
  0.0000026766
 -0.0000180541
  0.0000272776
 -0.0000441199
  0.0000366179
 -0.0001684919
  0.0000696742
 -0.0000094714
  0.0000111546
  0.0000078865
 -0.0000722728
  0.0000095103
  0.0000044243
 -0.0000276734
  0.0000130076
  0.0000092082
 -0.0001392529
 -0.0000127759
  0.0000055470
  0.0000221929
 -0.0000020565
  0.0000083127
 -0.0000467248
  0.0000066979
 -0.0000117368
  0.0000536401
  0.0000079834
 -0.0000261648
 -0.0000096712
 -0.0000103902
  0.0000892485
 -0.0000311003
 -0.0000365823
  0.0000010511
  0.0000657215
 -0.0000180166
 -0.0000511656
  0.0000201676
  0.0000048218
  0.0000043603
 -0.0000437971
  0.0000031388
 -0.0000266399
 -0.0000052672
 -0.0000150850
 -0.0000401350
  0.0000088052
  0.0000082039
  0.0000313435
  0.0000238949
  0.0000049256
  0.0000712916
  0.0000498040
 -0.0000294337
 -0.0000047202
 -0.0000414475
  0.0000388051
 -0.0000102586
 -0.0000598599
 -0.0000357172
  0.0000134184
 -0.0000356965
 -0.0000544982
 -0.0000024162
 -0.0000048833
  0.0000124749
  0.0000108369
  0.0000307087
 -0.0000499735
 -0.0000120615
 -0.0000072464
 -0.0000229784
 -0.0000011886
 -0.0000008561
  0.0000028834
 -0.0000260663
 -0.0000082907
  0.0000000531
  0.0000252937
 -0.0000055222
  0.0000228315
  0.0000476340
 -0.0000519142
 -0.0000050874
  0.0000400906
  0.0000306188
  0.0000095840
 -0.0000974760
 -0.0000607237
 -0.0000201201
 -0.0000811057
 -0.0000101714
 -0.0000327906
