 -0.0001337225
  0.0000467378
 -0.0000112264
  0.0000762901
 -0.0000393265
 -0.0000041394
  0.0000110941
  0.0000332323
  0.0000022801
  0.0000046690
  0.0000254956
  0.0000008544
  0.0000390345
 -0.0000266969
 -0.0000186623
 -0.0000219229
  0.0000349540
  0.0000354175
  0.0000487692
 -0.0000318993
 -0.0000378783
  0.0000263433
  0.0000109032
 -0.0000307697
  0.0000085597
 -0.0000196055
  0.0000043733
  0.0000033566
  0.0000302609
  0.0000462055
 -0.0000256554
 -0.0000011813
 -0.0000100788
 -0.0000290532
 -0.0000250059
  0.0000018311
 -0.0000034532
  0.0000049401
  0.0000218379
 -0.0000155070
  0.0000107515
 -0.0000147403
  0.0000254570
  0.0000269445
  0.0000035462
 -0.0000283476
 -0.0000069124
  0.0000223703
  0.0000284165
 -0.0000088102
 -0.0000059237
 -0.0000021037
 -0.0000147174
 -0.0000172415
 -0.0000114250
 -0.0000010179
  0.0000115462
  0.0000187495
 -0.0000160411
 -0.0000175150
  0.0000039953
  0.0000019055
  0.0000048656
  0.0000121018
 -0.0000192311
 -0.0000232109
 -0.0000048518
 -0.0000011591
 -0.0000066518
  0.0000313560
 -0.0000056965
 -0.0000164447
 -0.0000155701
 -0.0000006012
 -0.0000141207
  0.0003227423
 -0.0001084313
  0.0000697865
  0.0003455821
 -0.0000864136
  0.0006414662
 -0.0002758864
 -0.0000887120
  0.0001843433
 -0.0004286471
  0.0000774200
  0.0000778098
 -0.0000641234
 -0.0000353995
  0.0003877395
 -0.0000232512
 -0.0000271622
 -0.0000303540
  0.0000039472
  0.0000078183
 -0.0000078807
 -0.0000211049
 -0.0000202752
  0.0000609314
 -0.0000260319
  0.0000122359
 -0.0000323603
  0.0000255096
 -0.0000080714
  0.0000384185
 -0.0000161706
 -0.0000181041
  0.0000556443
 -0.0000021268
  0.0000061777
 -0.0006626093
  0.0000133036
 -0.0003035651
 -0.0000309277
  0.0000552883
 -0.0000085366
 -0.0000108620
 -0.0000401099
  0.0001299359
 -0.0001044983
  0.0000089954
 -0.0000919253
  0.0000071434
 -0.0000035357
  0.0000056488
 -0.0004262013
 -0.0000492967
  0.0000063117
  0.0000101167
  0.0000247254
  0.0001493334
  0.0000410509
  0.0000449851
 -0.0000208257
 -0.0000294384
 -0.0000677590
  0.0000576157
  0.0000509608
  0.0000281493
  0.0000470636
  0.0002938081
  0.0000225848
  0.0001819853
  0.0000508023
  0.0000032356
  0.0001492876
 -0.0000180230
  0.0000350296
  0.0002121999
  0.0000051917
  0.0000083191
 -0.0000232071
  0.0001133270
 -0.0000563922
 -0.0000013126
 -0.0000076862
  0.0000059810
 -0.0000021833
  0.0000189448
 -0.0000114726
  0.0000095504
 -0.0000108398
  0.0000440021
  0.0000052150
 -0.0000004798
 -0.0000005540
 -0.0000017654
  0.0000001316
 -0.0000055529
 -0.0000163299
  0.0000010450
  0.0000190509
  0.0000198472
  0.0000314109
  0.0000057651
 -0.0000735979
  0.0000112846
  0.0000362532
  0.0000254774
  0.0000184037
  0.0000080459
  0.0000527504
  0.0000195306
 -0.0000438473
  0.0000076643
  0.0000094946
  0.0000140462
 -0.0000698716
  0.0000790133
  0.0000049069
 -0.0000746651
  0.0000073902
 -0.0000018141
  0.0000055627
  0.0000723115
 -0.0000717669
  0.0000138419
  0.0000408197
  0.0000066331
  0.0000545546
  0.0000155139
  0.0000076705
 -0.0001221505
  0.0003324340
 -0.0002376154
 -0.0001609298
  0.0002892354
  0.0005820818
  0.0003543670
  0.0005119142
 -0.0001138569
  0.0000460298
 -0.0001619623
  0.0003070874
  0.0001175129
 -0.0003739003
  0.0001838744
  0.0000146526
 -0.0000199959
  0.0000003307
 -0.0000332863
 -0.0000378369
  0.0000156414
 -0.0000482593
  0.0000037234
 -0.0000479154
 -0.0000083455
 -0.0000157764
  0.0000106767
 -0.0000145329
 -0.0000398047
 -0.0000388999
 -0.0000483102
  0.0000093432
 -0.0000080606
 -0.0000071200
 -0.0001146724
 -0.0000325225
 -0.0000508142
 -0.0000166717
 -0.0000280511
  0.0000253885
 -0.0000460402
  0.0004256121
 -0.0001354309
 -0.0000282724
 -0.0000995068
 -0.0000064583
  0.0000623270
 -0.0000135814
 -0.0000570043
 -0.0000213610
 -0.0001744663
 -0.0000262263
 -0.0000337316
  0.0000060383
 -0.0001370421
 -0.0000485745
  0.0000119925
 -0.0003181597
 -0.0000380490
 -0.0001173874
  0.0000577147
  0.0000685695
  0.0000795185
  0.0000660530
  0.0001165987
  0.0000760389
  0.0000728462
  0.0000463792
  0.0000622459
  0.0000744834
  0.0000614928
  0.0000587866
  0.0000589004
  0.0000795210
  0.0000693458
  0.0000658480
  0.0000566775
  0.0000319247
  0.0000383734
  0.0000361685
  0.0000340819
  0.0000677380
  0.0000642234
  0.0000106061
  0.0000513118
  0.0000211489
  0.0000115071
  0.0000148452
  0.0000423152
  0.0000190086
  0.0000252638
 -0.0000118036
  0.0000476800
  0.0000247770
  0.0000008093
  0.0000128562
  0.0000228796
  0.0000210845
  0.0000458212
  0.0000147205
  0.0000222227
  0.0000245905
  0.0000152765
  0.0000695209
  0.0000596027
 -0.0000049751
  0.0000239419
  0.0000221622
  0.0000307631
  0.0000125186
  0.0000142282
 -0.0000120745
  0.0004353617
  0.0000557126
  0.0005407507
  0.0008126639
 -0.0001968609
  0.0002990803
 -0.0001410769
 -0.0000368855
 -0.0003520654
 -0.0000660609
  0.0003353493
 -0.0001919091
 -0.0004147389
 -0.0001763319
  0.0009226902
 -0.0000225150
 -0.0000085548
  0.0000061473
  0.0000054391
  0.0000158934
 -0.0000021345
  0.0000038832
 -0.0000184209
  0.0000598514
 -0.0000352517
  0.0000326274
 -0.0000102268
 -0.0000177857
  0.0000264718
 -0.0000399353
  0.0000090873
 -0.0000016578
 -0.0000105217
  0.0000141503
  0.0001550699
 -0.0000075332
  0.0001516255
 -0.0000241678
 -0.0000109973
  0.0000059296
  0.0000107577
 -0.0000413920
 -0.0004549691
  0.0000383363
  0.0000163079
  0.0000941804
  0.0000300125
  0.0000104145
  0.0001449610
 -0.0000168484
 -0.0000437011
 -0.0000224540
  0.0000315556
  0.0000157124
 -0.0000159386
  0.0000158338
 -0.0000255037
  0.0000049625
 -0.0000051572
 -0.0000081629
  0.0004665052
  0.0000766317
  0.0000338193
  0.0000280098
  0.0000544214
  0.0000643509
  0.0000455268
  0.0000403221
  0.0000720701
  0.0000337181
  0.0000329520
  0.0000281268
  0.0001274202
  0.0000353187
  0.0000777019
  0.0000320361
  0.0000458971
  0.0000539747
  0.0000242216
  0.0000572457
  0.0000501375
  0.0000185244
  0.0000165970
  0.0000960683
  0.0000111641
  0.0000951257
  0.0000218637
  0.0000285661
  0.0000758469
  0.0000729539
 -0.0000072620
  0.0000925656
  0.0000416876
 -0.0000126087
  0.0000043549
  0.0000439076
  0.0000429473
  0.0000431256
  0.0000257242
  0.0000818030
  0.0000200374
  0.0000513513
  0.0000017703
  0.0000227182
  0.0000378802
  0.0000613510
  0.0000111820
  0.0000205313
  0.0000255390
  0.0000097929
  0.0000893644
  0.0000924310
  0.0000434386
  0.0000180583
  0.0000164340
  0.0000502028
  0.0000765943
  0.0000071113
 -0.0000002606
  0.0000382528
  0.0006775609
 -0.0003278694
  0.0004786228
  0.0003824426
 -0.0004446365
  0.0001305247
 -0.0004064297
 -0.0003002528
 -0.0004536559
 -0.0002502167
  0.0004838740
 -0.0001763488
  0.0003825735
  0.0004716091
 -0.0002527151
 -0.0000107121
  0.0000011887
  0.0000168491
  0.0000597028
  0.0000269699
  0.0000432371
  0.0000387740
 -0.0000064444
  0.0000205629
 -0.0000145850
  0.0000284030
 -0.0000259781
 -0.0000151916
  0.0000886614
  0.0000461058
  0.0000306421
 -0.0000088831
 -0.0000155861
 -0.0007716532
 -0.0000045021
  0.0005128529
 -0.0000346878
  0.0001850420
  0.0000377245
 -0.0000217744
 -0.0000083470
 -0.0000185157
  0.0000322524
 -0.0000467799
  0.0000616126
  0.0000096499
  0.0001227860
  0.0000067804
  0.0000634161
  0.0003357544
  0.0000321359
  0.0000079357
 -0.0000131770
 -0.0000150456
  0.0001851378
 -0.0014331345
 -0.0000092841
  0.0000150994
  0.0000648381
  0.0000261152
 -0.0003343064
  0.0000826530
 -0.0000331648
 -0.0000197743
 -0.0001323536
 -0.0001526106
 -0.0001277359
 -0.0000362355
 -0.0000446327
  0.0000124510
  0.0000159325
  0.0000043467
  0.0000513354
 -0.0000092803
  0.0000031125
 -0.0000390445
  0.0000042231
 -0.0000289276
  0.0000078861
  0.0000490072
 -0.0000003739
  0.0000377795
  0.0000394882
 -0.0000014789
 -0.0000163170
 -0.0000178276
 -0.0000039930
 -0.0000176234
 -0.0000029917
 -0.0000124675
 -0.0000032053
  0.0000022903
 -0.0000046443
 -0.0000177994
 -0.0000117227
 -0.0000028316
  0.0000002396
 -0.0000052771
 -0.0000118271
 -0.0000092847
  0.0000125173
 -0.0000201645
 -0.0000029979
 -0.0000059585
 -0.0000032286
  0.0000035773
 -0.0000138922
 -0.0000134458
 -0.0000018709
  0.0000067064
  0.0000012411
 -0.0000009606
 -0.0000045465
 -0.0000225590
 -0.0000128373
  0.0000031970
 -0.0000063445
 -0.0000266536
 -0.0000039920
  0.0000079673
 -0.0000104094
 -0.0000010689
 -0.0000111599
 -0.0000786254
 -0.0004454441
 -0.0001047981
  0.0001128403
  0.0003865395
  0.0009527614
  0.0002796385
 -0.0002468360
 -0.0001960581
 -0.0003144391
  0.0000206616
  0.0002347342
 -0.0001426443
 -0.0001504538
 -0.0001736978
  0.0000051306
  0.0000216717
  0.0000125983
  0.0000012005
  0.0000137853
 -0.0000171438
 -0.0000071873
  0.0000110476
  0.0000504983
 -0.0000056514
  0.0000453693
  0.0000242815
 -0.0000049481
  0.0000148229
 -0.0000140980
 -0.0000020710
  0.0000369083
 -0.0000033957
 -0.0006896278
  0.0000132877
  0.0000080471
  0.0000009418
  0.0000032240
  0.0000124089
  0.0000262455
 -0.0000281481
 -0.0000305919
  0.0000051762
  0.0000140742
  0.0000061952
  0.0000764624
 -0.0000034128
 -0.0000246739
 -0.0000097503
  0.0000783995
  0.0000156244
 -0.0000131558
  0.0000236870
 -0.0000045584
 -0.0000024321
  0.0000060449
  0.0001101936
 -0.0000037921
  0.0000105853
 -0.0000071930
 -0.0000449923
  0.0000452723
  0.0000292271
  0.0000012162
  0.0000060765
 -0.0000620656
 -0.0000192837
  0.0000200779
 -0.0000180443
 -0.0000945145
 -0.0000092267
 -0.0000111669
  0.0000106863
 -0.0000090363
 -0.0000087325
  0.0000161199
 -0.0000574007
 -0.0000660820
 -0.0000606453
 -0.0000254332
  0.0000356111
  0.0000025187
 -0.0000241351
  0.0000163640
 -0.0000536748
  0.0000046868
 -0.0000359283
 -0.0000732953
  0.0000052562
 -0.0000332410
 -0.0000117050
 -0.0000619965
  0.0000227652
 -0.0000223730
 -0.0000438567
  0.0000202946
  0.0000070965
 -0.0000174062
  0.0000204401
 -0.0000230415
 -0.0000129308
 -0.0000997045
  0.0000247143
  0.0000040707
  0.0000256144
 -0.0000337936
  0.0000211832
  0.0000243402
 -0.0000900360
  0.0000221693
  0.0000214067
 -0.0000310344
 -0.0000347937
 -0.0000090473
 -0.0001019833
  0.0000217911
 -0.0000287290
  0.0000108169
 -0.0001237436
 -0.0000514495
  0.0000149916
 -0.0000484139
  0.0001260656
 -0.0002470323
 -0.0000265216
 -0.0000438392
  0.0000559738
  0.0000665100
 -0.0002713396
  0.0001363565
  0.0000646166
  0.0001527204
  0.0003113960
  0.0001837919
  0.0000905208
 -0.0003655627
 -0.0000250402
  0.0000538035
  0.0000913639
  0.0000143908
  0.0000762223
 -0.0000051685
  0.0000510005
 -0.0000453752
  0.0000697780
  0.0000456903
  0.0000923568
 -0.0000246562
  0.0001238311
  0.0001059743
  0.0007190206
  0.0000119009
  0.0000519894
  0.0001938813
 -0.0000814013
 -0.0000386255
 -0.0002176174
  0.0000661513
 -0.0000584617
  0.0002201881
  0.0000087918
  0.0000916299
  0.0000237278
  0.0000509196
  0.0000340366
  0.0000686057
  0.0000475470
  0.0000284668
 -0.0005239203
 -0.0000515357
  0.0000279547
 -0.0000196798
 -0.0005811228
  0.0000712279
  0.0000035298
  0.0000918083
  0.0000055932
 -0.0001524585
 -0.0001829044
  0.0000411326
  0.0000139065
 -0.0002226624
  0.0000222929
  0.0000170617
  0.0006002434
  0.0003393614
  0.0000025940
 -0.0000164162
  0.0001057149
  0.0000638089
 -0.0000285334
 -0.0000063943
 -0.0000097001
  0.0000369663
  0.0000472909
 -0.0000100820
 -0.0000525022
  0.0000162405
 -0.0000444986
  0.0000588875
 -0.0000083704
 -0.0000287899
  0.0000143805
 -0.0000236827
  0.0000613223
 -0.0000011468
  0.0000598872
 -0.0000052931
 -0.0000516792
  0.0000245308
  0.0000184946
 -0.0000449540
 -0.0000327278
 -0.0000406550
 -0.0000446937
 -0.0000049938
  0.0000036022
  0.0000562264
 -0.0000192940
  0.0000045069
  0.0000176094
  0.0000219631
  0.0000440465
 -0.0000020421
 -0.0000256923
 -0.0000038431
  0.0000171587
 -0.0000167970
  0.0000533051
  0.0000011594
  0.0000475625
  0.0000404353
 -0.0000097466
 -0.0000443973
 -0.0000084358
 -0.0000122428
 -0.0000212980
 -0.0000126584
 -0.0000090590
 -0.0000165328
 -0.0000714616
 -0.0000041417
 -0.0000195314
  0.0000048206
 -0.0000239513
 -0.0000249518
 -0.0000644373
 -0.0000227810
 -0.0000092268
 -0.0000135023
 -0.0000679629
  0.0000070163
 -0.0000203675
  0.0000195246
 -0.0001244448
  0.0001242559
 -0.0000573088
 -0.0000461528
 -0.0000029322
 -0.0000309823
  0.0000322843
  0.0000661940
  0.0000620266
  0.0001655105
  0.0002725242
  0.0001129631
  0.0000463027
 -0.0000143208
  0.0000369667
  0.0001126206
  0.0000208246
  0.0001475838
  0.0000653431
  0.0000440013
 -0.0000998921
 -0.0000644174
 -0.0000724745
  0.0001030525
  0.0000516170
 -0.0001462860
 -0.0006536656
  0.0000400417
 -0.0001804378
 -0.0000653196
 -0.0000812717
  0.0002018412
  0.0000860848
  0.0001570434
 -0.0000294670
  0.0000179711
 -0.0000050570
  0.0000266347
  0.0001419594
 -0.0000116810
 -0.0002508709
 -0.0000423864
 -0.0000114091
 -0.0000072530
 -0.0002457165
  0.0000728465
  0.0000663964
 -0.0000863694
  0.0000223628
  0.0000311633
  0.0001303181
  0.0000527982
  0.0000173177
 -0.0002511877
  0.0001075472
 -0.0000191795
  0.0006433287
 -0.0002415509
  0.0000608438
  0.0000700777
 -0.0002832234
 -0.0002719353
 -0.0001841700
 -0.0002185397
 -0.0003102367
 -0.0002091742
 -0.0001781886
 -0.0001850034
 -0.0002313701
 -0.0002981211
 -0.0001670712
 -0.0003111338
 -0.0001846042
 -0.0001685215
 -0.0002674553
 -0.0001771886
 -0.0001822163
 -0.0001744056
 -0.0001834820
 -0.0002761543
 -0.0001382665
 -0.0001894307
 -0.0002796729
 -0.0001657668
 -0.0001752681
 -0.0001994022
 -0.0002526498
 -0.0001782370
 -0.0001686060
 -0.0001722304
 -0.0001773342
  0.0001443149
  0.0001146885
  0.0001086992
  0.0001451261
  0.0001532076
  0.0000243356
  0.0001421868
  0.0001447909
  0.0001294537
  0.0000331005
  0.0000240860
  0.0000957958
  0.0001237185
  0.0001457015
  0.0000696848
  0.0001265739
  0.0001658863
 -0.0000071423
  0.0001438297
  0.0001530345
  0.0001210826
  0.0001569547
  0.0001568763
  0.0001160818
  0.0001221694
  0.0000719669
  0.0001256697
  0.0001467625
 -0.0002398096
  0.0000361232
 -0.0001809940
  0.0001194157
  0.0001490881
  0.0000531911
 -0.0002881045
  0.0001339546
 -0.0002598589
 -0.0011860229
  0.0003560173
  0.0000663270
  0.0006278577
  0.0003613010
  0.0006131282
  0.0003759068
 -0.0002850915
 -0.0006176530
  0.0002796133
  0.0002857285
 -0.0014364160
  0.0000600489
 -0.0000294736
  0.0000007293
 -0.0000115861
  0.0000328003
  0.0000935645
 -0.0001003788
  0.0000621866
 -0.0000908286
 -0.0000469277
  0.0000441772
  0.0000501558
 -0.0000965368
 -0.0000657632
  0.0000112163
 -0.0000974765
  0.0000308113
 -0.0000779638
 -0.0007380253
  0.0000348686
 -0.0005046044
 -0.0000528628
 -0.0000742074
 -0.0000933445
  0.0000069965
  0.0000517670
  0.0000084784
 -0.0012512112
 -0.0001238807
  0.0001563819
  0.0002559600
  0.0001472882
  0.0000896065
  0.0000062093
  0.0000256130
 -0.0000963790
 -0.0000246926
  0.0000689996
 -0.0012037947
 -0.0011649180
 -0.0001035600
  0.0000287948
  0.0001665473
 -0.0000737858
  0.0000459121
 -0.0001610356
 -0.0000765015
 -0.0000802683
  0.0000604730
 -0.0000085318
  0.0000438261
  0.0000480781
 -0.0000452174
 -0.0000181240
 -0.0000370862
  0.0000016897
  0.0001059359
 -0.0000449332
 -0.0000143803
 -0.0000485132
 -0.0000164198
 -0.0000059430
 -0.0000289614
  0.0000477846
  0.0000692691
  0.0000497858
  0.0000584954
  0.0000271288
 -0.0000119742
  0.0000236154
 -0.0000169972
  0.0000951920
  0.0000510585
  0.0000628232
 -0.0000833267
 -0.0000492706
 -0.0000346163
  0.0000511124
 -0.0000461439
  0.0000496139
  0.0000208930
 -0.0000230244
 -0.0000069790
  0.0000416559
 -0.0001394740
  0.0000506080
  0.0000460591
  0.0001744088
 -0.0000870072
  0.0000252445
  0.0000627858
  0.0000071990
 -0.0000375670
 -0.0000222726
  0.0000509161
  0.0001225786
 -0.0000059765
  0.0000755571
 -0.0001463648
  0.0002018456
 -0.0000031820
 -0.0000095926
  0.0001313624
 -0.0000311584
 -0.0000280131
  0.0000264796
 -0.0000122562
  0.0001003182
  0.0000629130
  0.0000564511
  0.0000500205
 -0.0000313897
  0.0000943131
  0.0000134517
 -0.0001304001
  0.0000470728
  0.0001935077
  0.0000615244
 -0.0000204157
 -0.0000796074
 -0.0002450055
  0.0001392441
 -0.0002870749
  0.0004680574
 -0.0004037459
  0.0000502914
  0.0002613631
  0.0000526421
  0.0001548788
  0.0000609726
 -0.0002416066
 -0.0000337697
 -0.0000181551
 -0.0002143447
 -0.0000979551
  0.0003563720
 -0.0006364341
 -0.0000250833
 -0.0002450970
  0.0001344546
 -0.0000336200
  0.0005049704
 -0.0000910718
 -0.0003801482
  0.0002085225
 -0.0000066836
 -0.0001812004
 -0.0000040721
  0.0001036822
  0.0000730183
  0.0004078269
  0.0000373935
 -0.0000830369
  0.0001522497
 -0.0001810587
 -0.0000135822
  0.0000220016
 -0.0004391597
 -0.0004902765
  0.0001363790
  0.0000408968
 -0.0001120807
 -0.0000072168
  0.0001358851
  0.0000451939
  0.0002062458
  0.0002479975
  0.0000813262
  0.0007841923
 -0.0002480979
  0.0000520127
 -0.0007751578
 -0.0000039705
 -0.0001714978
 -0.0000580063
 -0.0000745496
 -0.0001414239
  0.0000200931
  0.0000235756
  0.0000380377
  0.0000484038
  0.0000033693
  0.0000338089
  0.0000081419
  0.0000345893
  0.0000521810
  0.0000124744
  0.0000329175
  0.0000226445
  0.0000412285
  0.0000291127
  0.0000151757
  0.0000015341
  0.0000126971
  0.0000118729
  0.0000015604
  0.0000014314
 -0.0000022439
  0.0000011645
  0.0000020507
  0.0000074879
 -0.0000048385
  0.0000037573
 -0.0000018971
  0.0000016788
  0.0000013241
 -0.0000082064
 -0.0000066473
  0.0000040679
 -0.0000016634
  0.0000016505
 -0.0000029356
  0.0000053105
  0.0000030016
 -0.0000048510
  0.0000057709
  0.0000024418
 -0.0000131476
  0.0000075644
  0.0000030810
  0.0000027041
 -0.0000038587
  0.0000052650
 -0.0000117926
 -0.0000695067
  0.0002583572
 -0.0000832443
  0.0001237822
  0.0003826504
  0.0000027933
 -0.0000211216
  0.0002421136
 -0.0002664428
 -0.0000320285
  0.0000711995
 -0.0001039493
 -0.0002866912
 -0.0000901754
 -0.0001656057
 -0.0000042139
  0.0000027272
  0.0000020283
  0.0000058762
 -0.0000023948
 -0.0000054884
  0.0000020339
 -0.0000039569
  0.0000114035
 -0.0000011254
 -0.0000069041
 -0.0000190647
 -0.0000043627
  0.0000043094
  0.0000128074
 -0.0000053484
 -0.0000000378
 -0.0000026228
 -0.0007600186
 -0.0000031789
  0.0000178444
  0.0004474230
 -0.0001349596
  0.0000048483
  0.0000222549
 -0.0000104813
 -0.0000082140
  0.0000115801
  0.0000032778
 -0.0000809914
 -0.0000001484
  0.0000010996
  0.0000136518
 -0.0001150844
  0.0002065463
  0.0000372407
  0.0006444481
  0.0000086438
 -0.0000198051
  0.0004880083
 -0.0000940725
  0.0000225661
  0.0000676235
 -0.0000640005
  0.0000113674
  0.0000106541
  0.0000167146
  0.0000088852
 -0.0000120232
 -0.0000152717
  0.0000258493
  0.0000194247
  0.0000059398
 -0.0000177406
  0.0000333938
  0.0000098103
 -0.0000033160
  0.0000151994
  0.0001116480
 -0.0000060632
  0.0000224323
 -0.0000306461
  0.0000197610
 -0.0000374030
  0.0000242499
  0.0001020474
 -0.0000113979
  0.0000260382
  0.0000019571
  0.0000119598
 -0.0000086738
  0.0000044172
  0.0000283367
  0.0000078816
 -0.0000058462
 -0.0000921155
  0.0000265150
 -0.0000172559
 -0.0000102000
 -0.0000638838
 -0.0000410245
 -0.0000362596
  0.0000657029
 -0.0000062542
  0.0000024486
  0.0000685615
  0.0000078236
 -0.0000391208
  0.0000038519
 -0.0000004480
  0.0000506446
  0.0000045531
  0.0000115752
  0.0000209740
  0.0000047982
 -0.0000903333
 -0.0000051502
  0.0000055393
 -0.0000684998
  0.0000264161
 -0.0000826949
 -0.0000508531
 -0.0000469579
 -0.0000427718
  0.0000171397
  0.0000221487
 -0.0000979984
 -0.0000283917
  0.0000100935
  0.0000069552
  0.0000647691
  0.0000161081
 -0.0000166557
 -0.0001705028
  0.0000070428
  0.0001039095
  0.0001063589
  0.0002575592
 -0.0003352050
 -0.0001582698
 -0.0000804208
  0.0001441150
 -0.0000086847
 -0.0000780492
 -0.0000801980
  0.0001809932
  0.0001311849
  0.0000435708
 -0.0000147999
  0.0000278979
 -0.0000525584
 -0.0000830213
  0.0000173781
  0.0000001383
  0.0000365658
  0.0000065309
 -0.0000218472
 -0.0000480587
  0.0000226886
  0.0000799806
 -0.0000213978
  0.0000771020
 -0.0000101799
  0.0000013108
  0.0000953375
 -0.0006501710
 -0.0000258867
 -0.0007982387
 -0.0000540581
 -0.0000864863
  0.0001855137
  0.0000103836
  0.0000628788
 -0.0000396507
  0.0000457070
 -0.0000982519
  0.0003005699
 -0.0000453579
 -0.0000006452
  0.0004039716
  0.0000602500
  0.0000676582
  0.0000176923
  0.0000308659
 -0.0001032214
 -0.0000389326
 -0.0000294488
  0.0000420551
  0.0002895127
  0.0009431928
  0.0000439624
 -0.0001032553
 -0.0011402388
  0.0000164571
  0.0000236573
  0.0009482726
 -0.0000755342
 -0.0000226176
 -0.0000074783
 -0.0000320494
  0.0000023966
 -0.0000331550
  0.0000330992
  0.0000085546
  0.0002287000
 -0.0000414582
 -0.0000062841
 -0.0000178205
 -0.0000325355
 -0.0000768397
 -0.0000166240
 -0.0000209688
 -0.0000800950
 -0.0000145296
 -0.0000446350
  0.0000858778
 -0.0000403812
 -0.0000651775
 -0.0000388452
 -0.0000343698
 -0.0000711652
  0.0000010307
 -0.0000700412
  0.0000105760
  0.0000652319
 -0.0000524607
 -0.0000350948
  0.0000294049
  0.0000836434
 -0.0000974689
  0.0000652110
 -0.0000755965
 -0.0000664324
  0.0001721277
  0.0000512695
 -0.0000319457
  0.0001060501
  0.0000816113
 -0.0000045222
  0.0001366998
 -0.0000665615
  0.0000815473
  0.0000586006
  0.0000681397
  0.0000723742
 -0.0000772050
  0.0000108429
  0.0001254084
 -0.0000273987
  0.0000744718
  0.0001221871
  0.0000969118
 -0.0000308877
 -0.0000447088
  0.0000586488
  0.0001725534
  0.0000738755
  0.0000205975
 -0.0000843604
  0.0000157994
  0.0000816747
  0.0000444020
 -0.0001102645
  0.0000073979
 -0.0000138743
  0.0000095076
  0.0000134420
  0.0000326223
 -0.0000282497
  0.0000715087
 -0.0001658641
  0.0000348824
 -0.0000786851
 -0.0000608518
 -0.0001213418
  0.0000903542
 -0.0000557169
 -0.0002716990
 -0.0000368176
  0.0000619678
  0.0000482273
 -0.0000260612
 -0.0000331053
  0.0001182892
 -0.0000336366
 -0.0000858749
 -0.0001900624
  0.0000262271
 -0.0000162294
  0.0002761650
 -0.0000261816
 -0.0001738741
 -0.0005405615
 -0.0000214712
 -0.0000840318
  0.0003614874
 -0.0003514453
  0.0000385619
 -0.0000938495
 -0.0000099024
 -0.0001781373
  0.0001211540
 -0.0000300064
  0.0001136177
 -0.0000166270
  0.0000037996
 -0.0002660417
 -0.0000341215
 -0.0000110315
 -0.0000348624
 -0.0001484865
 -0.0000783395
 -0.0000324956
  0.0001196820
 -0.0001287757
  0.0004564364
  0.0001576870
  0.0002271491
  0.0000528992
 -0.0002271828
 -0.0002583168
  0.0000031237
  0.0009690683
  0.0000171053
  0.0000963935
 -0.0000968373
 -0.0001231320
  0.0001483794
 -0.0000094634
  0.0000275558
 -0.0000872963
 -0.0000974940
  0.0000961451
 -0.0000060194
 -0.0000940767
 -0.0000710299
 -0.0001146107
 -0.0000157033
 -0.0001143268
  0.0001367933
 -0.0000415574
 -0.0000029092
  0.0001642283
 -0.0000191564
  0.0000178335
  0.0001765664
 -0.0000456908
 -0.0000971220
 -0.0000655745
  0.0000461548
 -0.0001348366
 -0.0000662247
  0.0000111413
 -0.0000419493
  0.0002129619
  0.0001206405
  0.0000917640
  0.0001735059
 -0.0000649162
 -0.0000052163
 -0.0000222553
 -0.0002900973
 -0.0001085000
  0.0000377534
 -0.0000624276
 -0.0001110988
 -0.0000262274
 -0.0000028174
 -0.0000621965
 -0.0000065514
 -0.0001088882
 -0.0000137222
 -0.0001004007
 -0.0000626081
 -0.0000965162
 -0.0000025716
 -0.0000475935
  0.0000218590
 -0.0000327943
 -0.0000376196
 -0.0000146857
 -0.0000080302
 -0.0000865923
 -0.0000210636
 -0.0001080868
 -0.0000483752
  0.0000043152
  0.0000542286
 -0.0000587022
  0.0000231183
 -0.0000721931
 -0.0000982504
 -0.0000393101
  0.0001324242
  0.0001267590
  0.0001024518
 -0.0000670574
 -0.0000304598
  0.0001062742
 -0.0000802701
 -0.0001283096
  0.0001269531
 -0.0001552739
 -0.0002574841
 -0.0000477012
  0.0000806060
 -0.0000705291
 -0.0001334674
  0.0000685602
  0.0001050893
 -0.0001280073
  0.0004606249
 -0.0000618499
  0.0002609133
 -0.0000866705
  0.0001235967
 -0.0000003590
  0.0001434970
  0.0000380592
  0.0000725897
  0.0004951124
  0.0001607160
  0.0001051344
  0.0000131206
 -0.0002056411
 -0.0005776007
  0.0005688473
  0.0001834605
  0.0001160922
  0.0000290476
  0.0000402320
 -0.0000352943
 -0.0001810806
 -0.0000936057
  0.0001736166
 -0.0000203167
 -0.0004669099
  0.0000983712
  0.0000162399
 -0.0000571616
 -0.0006315425
  0.0001464906
  0.0001030313
  0.0000848407
 -0.0001303157
  0.0001802511
  0.0001474922
 -0.0000184244
 -0.0000353469
  0.0000245203
 -0.0000189286
 -0.0000183308
  0.0011886957
 -0.0001671835
 -0.0001167057
  0.0000341294
  0.0001047679
 -0.0000215459
  0.0000322195
  0.0000328865
  0.0000022712
 -0.0000120297
 -0.0000474731
  0.0000540211
 -0.0000553253
 -0.0000321951
 -0.0000679169
  0.0000375745
 -0.0000366894
  0.0000347455
 -0.0000286426
  0.0000342601
 -0.0000134920
  0.0000272303
  0.0000540121
 -0.0000441928
  0.0000515099
  0.0000448705
 -0.0000445014
 -0.0000272536
  0.0000282106
 -0.0000471968
  0.0000196200
  0.0000324496
  0.0000207920
 -0.0000943479
 -0.0000072520
 -0.0000794432
  0.0000016458
  0.0000333618
  0.0000237265
 -0.0000079817
 -0.0000033649
 -0.0000907569
  0.0000279774
  0.0000149319
  0.0000411114
  0.0000365741
  0.0000035681
 -0.0000164071
  0.0000190520
 -0.0000433004
  0.0000423399
 -0.0000112914
  0.0000382063
  0.0000681767
 -0.0000170256
 -0.0000140052
 -0.0000154961
 -0.0000415796
 -0.0000079017
 -0.0000248009
  0.0000546763
 -0.0000580488
 -0.0000267602
  0.0000092418
 -0.0000595806
  0.0000112844
 -0.0000113259
 -0.0000315222
 -0.0000266244
 -0.0000441622
 -0.0000083094
 -0.0000273131
 -0.0000364547
  0.0000375644
 -0.0000272061
  0.0000214215
 -0.0001835681
 -0.0000902203
  0.0000447172
 -0.0000791340
  0.0002000190
  0.0000305219
  0.0000987599
 -0.0000560728
  0.0001516362
 -0.0000074968
  0.0000459966
  0.0000067481
 -0.0000052468
 -0.0000902547
  0.0000125497
 -0.0001016541
  0.0001862128
  0.0000209584
 -0.0000714545
 -0.0001862542
  0.0001401399
 -0.0000755029
 -0.0000342914
  0.0000738130
 -0.0003177324
 -0.0001107060
 -0.0000626355
 -0.0001935332
 -0.0000735665
 -0.0001826534
  0.0001251002
  0.0000454189
  0.0001869163
  0.0000015186
  0.0000039990
  0.0000062863
  0.0003380090
  0.0002256069
 -0.0000605850
  0.0000660636
 -0.0000492730
 -0.0000453781
 -0.0000197600
  0.0000054258
  0.0000409344
 -0.0000025842
  0.0000640042
  0.0000132247
  0.0000078542
 -0.0004474261
  0.0001839268
 -0.0000663249
 -0.0001584604
  0.0000326225
 -0.0000279921
  0.0008358109
 -0.0003985490
  0.0000717687
 -0.0000122552
  0.0000201500
  0.0000344760
 -0.0000587029
 -0.0000009833
 -0.0000651324
 -0.0000682313
  0.0000305879
 -0.0000249533
 -0.0000565162
  0.0000270240
  0.0000315797
 -0.0000448362
  0.0000067287
 -0.0000423546
 -0.0000558889
  0.0000467283
 -0.0000119504
  0.0000523903
  0.0000120832
  0.0000294887
  0.0000247481
 -0.0000429212
  0.0000342305
 -0.0000153214
 -0.0000206371
 -0.0000089683
  0.0000419878
 -0.0000309275
 -0.0000121034
  0.0000492590
  0.0000209962
 -0.0000157733
  0.0000228759
 -0.0000187789
 -0.0000630201
 -0.0000043673
  0.0000255321
  0.0000092335
  0.0000230451
 -0.0000112463
 -0.0000075986
  0.0000226058
  0.0000144961
  0.0000002907
  0.0000023147
 -0.0000001742
 -0.0000072681
 -0.0000131963
 -0.0000066776
 -0.0000032480
  0.0000087967
  0.0000131109
 -0.0000248752
 -0.0000117954
  0.0000073697
  0.0000118388
  0.0000055497
  0.0000089844
  0.0000141822
  0.0000004055
 -0.0000120124
  0.0000068300
 -0.0000040710
  0.0000242736
 -0.0000104363
 -0.0000084235
  0.0000234804
 -0.0000127214
 -0.0002017931
 -0.0000834970
 -0.0000351187
 -0.0000020841
 -0.0000715645
 -0.0001521834
 -0.0001576269
 -0.0000905361
  0.0002701629
  0.0001054583
 -0.0001406192
  0.0005525769
 -0.0001692184
  0.0003076011
  0.0003899763
 -0.0000468537
  0.0000276136
  0.0000240603
  0.0000544838
  0.0000384333
 -0.0000056855
  0.0000424354
 -0.0000417686
  0.0000312558
  0.0000590348
  0.0000368699
 -0.0000499499
  0.0000701155
  0.0000462960
  0.0000440707
  0.0000366437
 -0.0000302415
  0.0000644614
 -0.0004148248
 -0.0000098373
  0.0001776964
  0.0000390466
 -0.0001960821
  0.0000641981
  0.0000128329
  0.0000555845
 -0.0000107566
 -0.0000529365
  0.0000473014
  0.0004553673
 -0.0000757075
  0.0000207605
 -0.0000254355
  0.0000104863
  0.0000332301
  0.0000199229
 -0.0003290571
  0.0000461342
  0.0000381676
  0.0000500037
 -0.0000490486
 -0.0008250231
  0.0002185566
  0.0000525599
  0.0000185897
  0.0000782858
  0.0000479236
 -0.0000198234
  0.0001793403
 -0.0000950667
  0.0000887777
  0.0000376619
  0.0000342687
  0.0000465186
  0.0000256379
  0.0000615128
  0.0000697510
  0.0000988235
  0.0000898184
 -0.0000013454
  0.0000643020
  0.0000808376
  0.0000438123
  0.0000760935
  0.0000267635
 -0.0000274379
  0.0000440370
  0.0000402680
  0.0000507895
  0.0000255283
  0.0000761825
  0.0000637642
 -0.0000192516
  0.0000274697
  0.0000381697
  0.0001100201
  0.0000461569
  0.0000456494
  0.0000680847
  0.0000445582
  0.0000356725
 -0.0000099460
  0.0000348375
  0.0000408057
  0.0000565590
 -0.0000150665
  0.0000564353
  0.0000858456
 -0.0000342662
 -0.0000314509
  0.0000734073
  0.0000864795
  0.0000658607
 -0.0000077927
  0.0000344263
  0.0000428716
  0.0000173426
 -0.0000502575
  0.0000034927
  0.0000735076
  0.0000766477
 -0.0000156997
  0.0000754551
  0.0000180477
 -0.0000194898
  0.0000414266
  0.0000293180
 -0.0000065657
  0.0000662460
 -0.0000150068
  0.0001014245
  0.0000430282
  0.0000476565
 -0.0000129828
  0.0000026088
 -0.0002540469
 -0.0001714063
  0.0000439347
  0.0001680119
 -0.0000739618
 -0.0000783236
  0.0000139186
 -0.0001870844
  0.0000339257
 -0.0003045205
 -0.0000487462
  0.0004119289
 -0.0004062045
 -0.0001485150
  0.0004008908
 -0.0000136278
  0.0000072496
  0.0000484837
  0.0000528580
 -0.0000072379
  0.0000006005
  0.0000403697
 -0.0000236921
  0.0000492555
 -0.0000123121
  0.0000074382
 -0.0000160071
  0.0000372480
  0.0000032474
  0.0000468086
  0.0000601736
  0.0000149834
  0.0001087103
 -0.0003085899
 -0.0000130487
 -0.0001418321
 -0.0000526444
  0.0001443820
  0.0000610920
 -0.0000144269
 -0.0000038621
 -0.0000051823
 -0.0000125843
 -0.0008885668
 -0.0000269216
 -0.0000104533
  0.0003262685
  0.0000574761
 -0.0000121780
  0.0001063148
  0.0002919675
  0.0000026393
 -0.0000079165
 -0.0000037040
  0.0000459059
 -0.0005978511
 -0.0005907687
 -0.0000316079
 -0.0000144317
  0.0006867190
  0.0000749369
 -0.0000044941
  0.0008475859
 -0.0000549630
  0.0000479875
 -0.0001206836
 -0.0001230490
  0.0000018122
 -0.0000586716
  0.0000107651
 -0.0000846480
 -0.0001359515
 -0.0000256180
  0.0001296924
 -0.0000857307
 -0.0000688026
  0.0001422897
  0.0000973266
  0.0001716152
 -0.0000284703
 -0.0001196785
 -0.0001171738
 -0.0000257691
 -0.0000017769
  0.0001209896
 -0.0001011196
 -0.0000191825
 -0.0000325978
  0.0001686270
  0.0000111255
 -0.0001102855
 -0.0000021945
  0.0000035262
 -0.0000081157
 -0.0001066138
 -0.0001018596
 -0.0000121385
  0.0000399951
 -0.0000731452
 -0.0001194210
 -0.0000297039
 -0.0000960005
 -0.0002310923
 -0.0000245918
 -0.0000870484
  0.0000881309
 -0.0001213439
 -0.0000352700
 -0.0000074566
 -0.0000064632
 -0.0000618113
 -0.0001131682
 -0.0000233658
 -0.0000129505
 -0.0000408675
 -0.0000354630
 -0.0002323859
  0.0000834243
 -0.0001235533
 -0.0000564953
  0.0000700126
 -0.0001110195
 -0.0000704204
 -0.0000523479
 -0.0001292940
  0.0000341628
 -0.0000320649
 -0.0001136413
 -0.0001499866
 -0.0000763551
 -0.0000335977
  0.0000975270
 -0.0000770530
 -0.0001069920
 -0.0000416880
 -0.0001049088
 -0.0000726525
  0.0002245656
 -0.0000378597
 -0.0000506340
 -0.0002254144
  0.0000579430
  0.0000485223
 -0.0000167365
  0.0000973591
 -0.0000300056
  0.0001576664
 -0.0000047281
  0.0000735134
 -0.0000328366
 -0.0002665168
  0.0002294152
  0.0000516677
  0.0000838611
 -0.0000805107
 -0.0003023599
 -0.0001946795
 -0.0000299009
 -0.0002890327
  0.0001099926
 -0.0003311022
  0.0002209918
  0.0000954299
  0.0000405833
 -0.0000774058
  0.0000145861
 -0.0000396086
 -0.0000504704
  0.0002981625
  0.0000003372
 -0.0000432746
 -0.0001047117
 -0.0000360225
 -0.0001295172
 -0.0000966038
 -0.0001329705
  0.0000368421
  0.0002919300
 -0.0001669341
  0.0002584216
  0.0001384247
  0.0002440785
 -0.0000052849
  0.0000889381
  0.0000538125
 -0.0000277289
  0.0009687075
 -0.0003753087
  0.0000064809
  0.0001051635
  0.0000590603
  0.0000491145
  0.0000293337
  0.0000982865
  0.0000670347
 -0.0000685716
  0.0000566892
  0.0000451692
  0.0000657978
  0.0000407687
  0.0000066861
  0.0000529010
  0.0000728512
  0.0000573246
  0.0000655016
  0.0000605908
  0.0000786285
  0.0001152120
 -0.0000669963
  0.0000871969
  0.0000675712
 -0.0001200088
  0.0000666613
  0.0000725733
  0.0001102223
  0.0001124298
  0.0000594602
  0.0000499632
 -0.0000151967
 -0.0000347619
 -0.0001202661
  0.0000051469
  0.0000414555
 -0.0001265974
 -0.0001661143
  0.0000406022
  0.0000380114
  0.0000438129
  0.0000073750
 -0.0000114027
 -0.0001151073
  0.0000140392
 -0.0001559098
  0.0000715288
  0.0000188748
 -0.0000047897
 -0.0001562833
 -0.0000190832
  0.0000648430
 -0.0001406008
 -0.0000126409
 -0.0000156737
 -0.0000181745
 -0.0000446282
 -0.0001135229
  0.0000640612
  0.0000392122
  0.0000566647
 -0.0000906966
 -0.0001219171
  0.0000069311
  0.0003321699
  0.0000641465
  0.0004131416
 -0.0002264797
  0.0002611139
  0.0001475443
 -0.0003967398
  0.0001343364
 -0.0003139969
 -0.0002878580
  0.0000995987
 -0.0006327578
  0.0001933438
 -0.0001516584
  0.0002914367
  0.0001546833
  0.0000328720
  0.0001069787
  0.0000599622
  0.0000072712
 -0.0000120042
  0.0000275218
  0.0001163484
  0.0000199809
  0.0000233386
  0.0000147539
  0.0001430582
  0.0004438234
 -0.0000896980
 -0.0005843713
  0.0000813527
  0.0000525810
  0.0003775779
 -0.0004274206
  0.0001097994
 -0.0003426972
 -0.0000501725
  0.0001797238
  0.0000825334
  0.0000468777
  0.0001097815
  0.0000709877
  0.0001295545
  0.0000122555
  0.0000537989
 -0.0000082807
 -0.0002926701
 -0.0001373486
  0.0000506278
 -0.0000238605
 -0.0002590143
 -0.0000293621
  0.0000327498
 -0.0000759143
 -0.0001156534
 -0.0001408036
 -0.0000827960
 -0.0000175563
  0.0000590023
 -0.0000099779
  0.0000986308
  0.0000171488
  0.0004291463
  0.0001270820
  0.0000323266
 -0.0000727030
 -0.0000812047
 -0.0000679806
 -0.0000656436
 -0.0000530505
 -0.0000929445
 -0.0000580509
 -0.0000731284
 -0.0000765348
 -0.0000718911
 -0.0000717158
 -0.0000561137
 -0.0000766087
 -0.0000778409
 -0.0000587577
 -0.0000764573
 -0.0000637230
 -0.0000673283
 -0.0000698333
 -0.0000703401
 -0.0000662911
 -0.0000254789
 -0.0000118793
 -0.0000701482
  0.0000028978
 -0.0000444058
 -0.0000738190
 -0.0000669577
 -0.0000057051
 -0.0000421589
 -0.0000477108
 -0.0000470601
 -0.0000067674
 -0.0000454245
 -0.0000515075
 -0.0000818951
 -0.0000109146
 -0.0000545921
 -0.0000033436
 -0.0000526911
 -0.0000262205
 -0.0000127651
 -0.0000543654
 -0.0000028663
 -0.0000136671
 -0.0000618669
 -0.0000325781
 -0.0000396537
 -0.0000702565
 -0.0000354369
 -0.0000717221
 -0.0000484650
 -0.0000658994
 -0.0000633152
 -0.0002018082
 -0.0001572748
 -0.0001006289
  0.0000040591
 -0.0004417283
  0.0001226091
 -0.0000769479
 -0.0000609114
  0.0005167602
 -0.0001714057
 -0.0000679271
 -0.0001183325
 -0.0001836955
 -0.0002002403
 -0.0001681087
 -0.0000559709
 -0.0000403167
 -0.0000414241
 -0.0000500675
 -0.0000596795
 -0.0000568690
 -0.0000730819
 -0.0000578544
 -0.0000689278
 -0.0000366826
 -0.0000451213
 -0.0000592599
 -0.0000041984
 -0.0000145680
 -0.0000333971
 -0.0000719393
 -0.0000452370
 -0.0000124333
 -0.0007392626
 -0.0000661016
 -0.0000445465
 -0.0000413662
 -0.0000123228
 -0.0000718656
 -0.0001148963
 -0.0000322308
 -0.0000667135
 -0.0000277491
 -0.0000092402
 -0.0000544924
 -0.0000197082
  0.0000387128
 -0.0000165359
  0.0004089010
 -0.0000202833
 -0.0000659636
 -0.0000796728
 -0.0000189038
  0.0000278781
  0.0000079763
  0.0000311584
  0.0000075871
  0.0000220223
  0.0000082058
  0.0000129330
  0.0000148318
  0.0000124776
  0.0000140110
  0.0000057353
  0.0000103932
  0.0000120608
  0.0000147950
  0.0000079353
  0.0000152955
  0.0000198983
  0.0000123219
  0.0000026793
  0.0000106173
  0.0000170300
  0.0000188215
  0.0000099648
  0.0000118960
  0.0000043230
  0.0000177871
  0.0000097768
  0.0000124943
  0.0000105265
  0.0000118580
  0.0000125850
  0.0000133141
  0.0000084145
  0.0000132410
  0.0000085704
  0.0002148348
 -0.0000970005
  0.0002975497
  0.0002643843
 -0.0000027391
 -0.0000160861
  0.0000036456
  0.0001117510
  0.0002769191
 -0.0002896339
  0.0001486537
  0.0000658260
 -0.0002151999
  0.0001101259
 -0.0000809203
 -0.0000006073
  0.0000017874
  0.0000074883
 -0.0000055185
  0.0000093512
  0.0000139081
 -0.0000040583
  0.0000079457
  0.0000192732
  0.0000077756
  0.0000140785
  0.0000164569
  0.0000077709
  0.0000183924
 -0.0000098186
  0.0000081952
  0.0000106326
  0.0000073692
 -0.0001643214
  0.0000332311
  0.0000101193
 -0.0000257732
 -0.0001475328
 -0.0000054574
 -0.0000006121
  0.0000019768
  0.0000557643
  0.0000037063
 -0.0000045114
  0.0000027115
  0.0000012155
 -0.0000002131
 -0.0000078852
 -0.0000068978
  0.0000306948
  0.0000954192
  0.0000168216
 -0.0000146206
  0.0000967198
  0.0000011765
  0.0000027883
 -0.0001446259
 -0.0000148408
 -0.0000707532
  0.0000138621
  0.0000214240
 -0.0000314258
 -0.0000139418
  0.0000189997
 -0.0000080090
  0.0000034887
  0.0000010484
 -0.0000436759
  0.0000002582
  0.0000004520
  0.0000057029
  0.0000051334
  0.0000027049
  0.0000047028
  0.0000036546
  0.0000000454
 -0.0000017405
 -0.0000074220
  0.0000048641
 -0.0000062392
  0.0000190891
  0.0000093378
  0.0000110234
  0.0000217653
 -0.0000097549
  0.0000068840
  0.0000159933
 -0.0000012146
  0.0001002564
 -0.0000441794
  0.0000123457
 -0.0000061887
  0.0000438357
  0.0000009992
  0.0000012108
  0.0000007274
 -0.0000063822
  0.0000018816
 -0.0000018964
  0.0000054218
 -0.0000017124
  0.0000013324
 -0.0000040460
 -0.0000144152
 -0.0000062391
 -0.0000054012
  0.0000062484
  0.0000005601
  0.0000676820
 -0.0000061642
  0.0000388136
 -0.0000130384
 -0.0000357465
  0.0000218514
 -0.0000053266
 -0.0000004786
 -0.0000075562
 -0.0000026147
 -0.0000027365
 -0.0000144424
  0.0000346075
 -0.0000022604
  0.0000119717
 -0.0000008508
  0.0000139968
 -0.0000010199
 -0.0000069341
 -0.0000083199
 -0.0000043581
  0.0000043514
  0.0000227252
 -0.0000079140
  0.0000046165
  0.0000026809
 -0.0001382712
  0.0000047260
 -0.0000076508
 -0.0001472360
  0.0000034584
 -0.0000380331
  0.0000063653
  0.0000249979
  0.0000256792
  0.0000001915
  0.0000359417
  0.0000025051
  0.0000294446
  0.0000141175
  0.0000282355
  0.0000285542
  0.0000016966
  0.0000241144
 -0.0000076332
  0.0000090355
 -0.0000001394
  0.0000192808
 -0.0000077225
  0.0000008142
 -0.0000002627
  0.0000097938
 -0.0000034747
 -0.0000138508
  0.0000107859
  0.0000052681
  0.0000115286
  0.0000137326
  0.0000124387
  0.0000029042
  0.0000157345
  0.0000084269
  0.0000194701
  0.0000222150
 -0.0000029577
  0.0000068752
  0.0000170608
  0.0000116144
 -0.0000013574
 -0.0000050647
 -0.0000011621
 -0.0000105495
  0.0002888846
  0.0002840328
  0.0001164640
  0.0001820185
 -0.0003098706
  0.0000397547
  0.0000604952
  0.0001780479
 -0.0002420449
  0.0001924612
 -0.0002407061
  0.0002544126
 -0.0000843940
  0.0004029826
  0.0001169577
 -0.0000122192
 -0.0000063412
 -0.0000087410
 -0.0000152148
 -0.0000039653
 -0.0000018544
 -0.0000070947
 -0.0000089653
 -0.0000064263
 -0.0000148253
 -0.0000042446
 -0.0000050263
 -0.0000227252
 -0.0000103743
 -0.0000028205
 -0.0000120884
  0.0000020173
 -0.0000048069
 -0.0002518102
 -0.0000136924
  0.0000085901
 -0.0000106568
 -0.0000180551
 -0.0002296746
 -0.0000044064
 -0.0000195159
 -0.0000083289
  0.0000372484
  0.0000055269
 -0.0000097237
 -0.0000303883
 -0.0000053057
  0.0000018427
 -0.0000352396
 -0.0000055664
  0.0000095218
  0.0000403315
  0.0001157303
 -0.0000425774
 -0.0000210869
 -0.0000025371
 -0.0000110823
 -0.0000774510
 -0.0000286464
 -0.0000887270
 -0.0000019973
  0.0000249935
  0.0000154624
 -0.0000115064
  0.0000306649
  0.0000126665
 -0.0000022638
 -0.0000016915
  0.0000018221
  0.0000028787
 -0.0000050498
  0.0000054987
 -0.0000032801
  0.0000015183
 -0.0000045270
  0.0000043690
 -0.0000007046
  0.0000010347
  0.0000114929
  0.0000017932
 -0.0000060537
  0.0000010333
  0.0000031592
 -0.0000004958
  0.0000023856
 -0.0000062466
  0.0000094864
  0.0000025194
  0.0000042758
  0.0000018997
 -0.0000017600
  0.0000018165
 -0.0000012024
  0.0000286105
 -0.0000097577
 -0.0000019151
  0.0000013060
  0.0002299345
  0.0000093826
  0.0002320493
  0.0002823732
 -0.0000490552
 -0.0000484703
  0.0001123093
  0.0000977054
 -0.0002985090
 -0.0000585797
 -0.0001014736
  0.0000782083
 -0.0003527549
  0.0002393222
 -0.0000411441
 -0.0000070578
  0.0000094242
  0.0000049708
 -0.0000023977
  0.0000098394
 -0.0000016374
  0.0000066767
 -0.0000008976
  0.0000071833
  0.0000055596
  0.0000063164
  0.0000071296
 -0.0000082585
  0.0000034121
  0.0000238050
  0.0000043541
  0.0000093644
  0.0000073445
 -0.0001352868
  0.0000023925
  0.0000407872
  0.0000183397
 -0.0000296539
 -0.0001118887
 -0.0000022677
  0.0000064224
  0.0000634044
  0.0000117688
 -0.0000031166
  0.0000119521
  0.0000055165
  0.0000037936
  0.0000128431
  0.0000365499
  0.0001012502
  0.0000267042
 -0.0000022965
  0.0001326565
  0.0000191008
  0.0000036054
 -0.0001448759
 -0.0000113358
 -0.0000647989
  0.0000185925
 -0.0000218681
  0.0000020755
 -0.0000160567
 -0.0000009815
 -0.0000002369
 -0.0000006479
  0.0000022496
  0.0000000042
 -0.0000025021
 -0.0000003279
  0.0000033878
 -0.0000000200
  0.0000073633
  0.0000047070
  0.0000039661
  0.0000003241
  0.0000021259
  0.0000080387
 -0.0000040772
 -0.0000019809
  0.0000014060
 -0.0000098761
  0.0000049213
 -0.0000033991
  0.0000055659
  0.0000019704
 -0.0000059479
  0.0000014916
  0.0000018893
 -0.0000039664
  0.0000036069
 -0.0000045820
 -0.0001147719
  0.0001196195
  0.0001433978
 -0.0000585589
  0.0000541046
 -0.0000137941
 -0.0001024909
 -0.0000105858
 -0.0005486111
  0.0001239090
  0.0001042305
 -0.0000243542
  0.0004347212
 -0.0001820514
  0.0000257732
 -0.0000005163
 -0.0000014447
 -0.0000045662
  0.0000078449
  0.0000041449
  0.0000033957
  0.0000011848
 -0.0000017877
  0.0000031847
  0.0000060158
  0.0000096284
  0.0000032105
  0.0000073206
  0.0000000904
 -0.0000126114
 -0.0000021243
 -0.0000025504
  0.0000019554
  0.0000055140
  0.0000032440
  0.0000373834
  0.0000032582
 -0.0000101189
 -0.0000326657
  0.0000019167
 -0.0000063682
  0.0000066236
  0.0000129457
 -0.0000200883
  0.0000335104
 -0.0000061638
 -0.0000121175
  0.0000300016
  0.0000075364
  0.0000460104
  0.0000573780
 -0.0000143784
 -0.0000117062
  0.0000116638
  0.0000589651
  0.0002366599
 -0.0001127699
  0.0000187851
 -0.0000432972
  0.0000295782
  0.0000300856
  0.0000402378
  0.0000194179
  0.0000265789
  0.0000248230
  0.0000326555
  0.0000209105
  0.0000372549
  0.0000221813
  0.0000017440
 -0.0000113165
 -0.0000086045
  0.0000051178
 -0.0000029716
  0.0000038181
  0.0000073640
  0.0000087342
  0.0000089394
  0.0000022351
  0.0000084556
  0.0000117390
  0.0000058682
 -0.0000006629
  0.0000027737
  0.0000020980
  0.0000007171
  0.0000033172
  0.0000096930
  0.0000078236
  0.0000039108
 -0.0000079936
 -0.0000151161
 -0.0000045987
  0.0000104836
  0.0000006079
  0.0000330538
  0.0000071485
  0.0000183870
 -0.0000016007
  0.0000078376
 -0.0000002736
  0.0002403126
 -0.0000458912
  0.0002719195
  0.0002992171
  0.0000293953
  0.0000829301
  0.0000429693
  0.0001306001
 -0.0005964298
  0.0000400045
 -0.0000089902
  0.0000873250
 -0.0002827720
  0.0002500634
 -0.0001192142
  0.0000070173
 -0.0000006063
  0.0000245516
  0.0000288628
  0.0000143411
  0.0000034720
  0.0000062696
  0.0000095930
  0.0000051028
  0.0000147981
  0.0000038324
  0.0000092201
  0.0000185780
  0.0000077470
  0.0000019358
  0.0000053548
  0.0000134462
  0.0000106666
 -0.0001362744
  0.0000011023
  0.0000361397
 -0.0000553545
  0.0000109831
  0.0000140668
 -0.0000018538
  0.0000568844
  0.0000265130
 -0.0000100000
  0.0000374194
  0.0000232931
  0.0000529302
  0.0001209776
  0.0001222100
  0.0000153142
  0.0000044360
 -0.0001309362
 -0.0000007294
  0.0000165098
 -0.0000028551
 -0.0000091676
 -0.0000274780
 -0.0000437940
 -0.0000096229
  0.0000082739
 -0.0000427540
 -0.0000276963
 -0.0000335399
 -0.0000099015
 -0.0000021446
 -0.0000246486
 -0.0000244816
 -0.0000259678
  0.0000009215
 -0.0000291100
  0.0000179347
 -0.0000040184
  0.0000016829
 -0.0000168189
  0.0000198920
  0.0000220536
  0.0000192414
 -0.0000123648
  0.0000207246
  0.0000156944
 -0.0000108565
  0.0000066021
  0.0000093818
 -0.0000209059
 -0.0000109616
 -0.0000100177
  0.0000025471
 -0.0000039230
 -0.0000243774
 -0.0000303850
  0.0000202982
  0.0000000461
 -0.0000172716
 -0.0000105887
  0.0000187265
  0.0000014194
  0.0000131130
  0.0000076211
  0.0002933338
  0.0000104793
  0.0002147610
  0.0001460318
 -0.0000862199
 -0.0000424862
 -0.0000272308
 -0.0000098902
  0.0003175421
  0.0002732347
 -0.0000503041
 -0.0000526560
  0.0001957485
  0.0003152863
 -0.0001117317
  0.0000140568
  0.0000079512
  0.0000028712
  0.0000068055
  0.0000079362
  0.0000210092
  0.0000118606
  0.0000206956
  0.0000022836
  0.0000090844
  0.0000087492
  0.0000154057
  0.0000056947
  0.0000027182
 -0.0000130443
 -0.0000097410
  0.0000340878
  0.0000168247
 -0.0004480477
  0.0000025376
 -0.0000452909
  0.0000916996
 -0.0001791091
  0.0000116522
  0.0000107484
 -0.0000121316
  0.0000045011
 -0.0000098786
 -0.0000392912
  0.0000177323
 -0.0000741396
  0.0000129986
  0.0000185918
  0.0000188483
 -0.0000782035
  0.0000122648
 -0.0000174583
  0.0001744029
  0.0000449668
 -0.0000777428
  0.0002186483
  0.0000131678
  0.0000005713
 -0.0000238272
 -0.0000569691
 -0.0000658381
  0.0000214559
  0.0000026469
  0.0000000694
 -0.0000000814
  0.0000033219
  0.0000036605
 -0.0000018679
  0.0000000844
  0.0000057279
 -0.0000004676
  0.0000074197
  0.0000053444
  0.0000030770
 -0.0000056852
  0.0000015784
  0.0000065187
  0.0000028589
 -0.0000062106
 -0.0000003543
  0.0000010957
  0.0000002224
  0.0000036169
  0.0000050798
 -0.0000006463
  0.0000049880
 -0.0000053621
  0.0001474050
 -0.0000380636
  0.0000551065
  0.0001503176
  0.0000254301
  0.0001096403
 -0.0000406441
 -0.0000721606
  0.0001012518
 -0.0001598735
 -0.0000391331
 -0.0000790013
 -0.0002794396
  0.0001293831
  0.0000856410
 -0.0000090541
  0.0000099726
  0.0000091250
  0.0000018232
  0.0000128216
  0.0000066975
 -0.0000088386
 -0.0000019124
  0.0000016521
  0.0000132826
  0.0000209201
  0.0000015189
  0.0000036060
  0.0000036668
 -0.0000018822
 -0.0000004473
 -0.0000030072
  0.0000215358
  0.0000214996
  0.0000245316
 -0.0000062159
 -0.0000403485
 -0.0000001864
 -0.0000085296
 -0.0000129544
  0.0000004475
 -0.0000032351
 -0.0000378932
  0.0000148415
 -0.0000197281
  0.0000177231
  0.0000010482
  0.0000195858
 -0.0000425101
 -0.0000480704
  0.0000061466
  0.0000414047
  0.0001316357
 -0.0001490339
  0.0000077019
 -0.0000410071
  0.0000178358
 -0.0000064339
  0.0000185163
  0.0000300613
 -0.0000029788
  0.0000029204
  0.0000010124
  0.0000210161
  0.0000107885
  0.0000039772
  0.0000042807
  0.0000142416
  0.0000105564
 -0.0000006009
  0.0000033071
  0.0000080099
  0.0000046616
  0.0000035290
 -0.0000039445
  0.0000081436
  0.0000003225
 -0.0000088873
 -0.0000065855
  0.0000140071
 -0.0000030618
  0.0000053162
  0.0000009088
  0.0000093320
  0.0000032033
 -0.0000087975
 -0.0000063604
 -0.0000016106
  0.0000002767
  0.0000078361
  0.0000030157
 -0.0000039396
  0.0000061693
 -0.0000083588
  0.0000097942
  0.0000069077
 -0.0000098382
  0.0000007583
  0.0000123090
  0.0000033448
 -0.0000067548
  0.0000004503
 -0.0000097690
  0.0000982540
  0.0000236482
  0.0000024533
 -0.0000783617
 -0.0000457961
 -0.0004350865
 -0.0000256298
 -0.0000025942
  0.0001792176
  0.0001151235
 -0.0000841108
 -0.0000958390
  0.0000805584
 -0.0000859288
 -0.0000531395
 -0.0000032448
 -0.0000197165
 -0.0000000883
  0.0000159420
 -0.0000001677
  0.0000014086
 -0.0000146055
  0.0000001983
 -0.0000138190
 -0.0000057883
 -0.0000051756
  0.0000005868
 -0.0000117894
 -0.0000100644
  0.0000227370
 -0.0000129588
  0.0000043056
 -0.0000221369
 -0.0005893570
 -0.0000203127
 -0.0000901824
 -0.0000362853
  0.0001184181
 -0.0000864257
 -0.0000201588
 -0.0000133057
 -0.0000205576
 -0.0000185471
 -0.0000230153
  0.0000352146
  0.0000006720
  0.0000068418
 -0.0000311115
 -0.0000050706
  0.0000507914
  0.0000525510
  0.0000002952
  0.0006794543
  0.0000024942
 -0.0000045068
  0.0000507071
 -0.0000010172
 -0.0000180732
  0.0000104844
 -0.0000169377
 -0.0000104438
 -0.0000042307
 -0.0000089185
 -0.0000026287
 -0.0000107249
 -0.0000084894
 -0.0000120092
  0.0000074044
 -0.0000081850
 -0.0000150065
 -0.0000111467
 -0.0000552350
 -0.0000587333
 -0.0000168701
 -0.0000220055
 -0.0000167075
 -0.0000136710
 -0.0000016956
 -0.0000047511
 -0.0000182454
 -0.0000138810
 -0.0000124269
 -0.0000355588
 -0.0000092775
 -0.0000160851
 -0.0000048611
  0.0000068271
 -0.0000178949
 -0.0000162736
  0.0000034001
 -0.0000023964
  0.0000019518
  0.0000004916
 -0.0000505802
 -0.0000454819
 -0.0000227616
 -0.0000055673
 -0.0000041144
 -0.0000003702
 -0.0000079915
 -0.0000167827
 -0.0000183652
 -0.0000122915
 -0.0000235094
  0.0002253887
  0.0000967366
  0.0000817843
  0.0000406021
 -0.0000853014
 -0.0001100189
 -0.0000021001
  0.0000111141
  0.0003852868
  0.0003505019
 -0.0000559552
 -0.0000283165
  0.0004094538
  0.0003228297
  0.0000638180
 -0.0000216523
 -0.0000078720
 -0.0000191294
 -0.0000200634
 -0.0000201130
 -0.0000304517
 -0.0000231996
 -0.0000170569
  0.0000005950
 -0.0000130465
  0.0000004957
 -0.0000227297
 -0.0000031066
 -0.0000134417
 -0.0000101998
 -0.0000196584
 -0.0000054866
 -0.0000157533
 -0.0005150884
 -0.0000228747
 -0.0001095744
 -0.0000119763
 -0.0000080724
 -0.0000039662
 -0.0000272960
  0.0000052890
 -0.0000774146
 -0.0000048752
 -0.0000150452
 -0.0000015000
  0.0000519617
  0.0000334723
  0.0000064014
  0.0003988881
 -0.0000090765
 -0.0000270546
  0.0000049638
 -0.0000067346
 -0.0000095745
 -0.0000050096
 -0.0000075750
 -0.0000080211
 -0.0000067769
  0.0000016720
 -0.0000039462
 -0.0000095545
 -0.0000061818
 -0.0000046201
 -0.0000050324
 -0.0000143690
 -0.0000048327
 -0.0000092742
 -0.0000052528
 -0.0000012554
 -0.0000080572
 -0.0000125793
 -0.0000022010
  0.0000174599
 -0.0000017576
  0.0000046205
  0.0000039579
 -0.0000271758
  0.0000128088
  0.0000388708
  0.0000728238
 -0.0000403218
 -0.0000223358
  0.0000301929
  0.0000492065
 -0.0000172094
 -0.0000194734
 -0.0000105440
 -0.0000104901
 -0.0000122312
 -0.0000125306
 -0.0000022505
  0.0000009494
 -0.0000082121
 -0.0000089420
 -0.0000102424
  0.0000011441
  0.0000009535
 -0.0000041821
  0.0000096810
 -0.0000040805
 -0.0000186075
 -0.0000078169
 -0.0000082760
 -0.0000026152
  0.0000432651
 -0.0000045174
  0.0000476006
 -0.0000153326
 -0.0000558998
  0.0000170620
 -0.0000076345
 -0.0000033310
 -0.0000132173
 -0.0000347556
  0.0000216765
 -0.0000021067
 -0.0000007287
 -0.0000067912
 -0.0000092337
 -0.0000167729
  0.0000137968
  0.0000044178
 -0.0000001745
  0.0000064761
 -0.0000728734
 -0.0001547514
 -0.0000048380
 -0.0000374194
  0.0000053072
  0.0000213470
  0.0000076193
  0.0000210997
  0.0000190298
  0.0000251270
  0.0000134925
  0.0000056706
  0.0000143251
  0.0000178958
 -0.0000043669
  0.0000030271
  0.0000017278
 -0.0000091389
 -0.0000048729
 -0.0000036908
 -0.0000040448
  0.0000006823
  0.0000038189
 -0.0000043893
  0.0000028296
  0.0000033486
  0.0000079811
  0.0000027729
  0.0000011227
  0.0000031211
 -0.0000002595
  0.0000041460
  0.0000015433
 -0.0000081052
  0.0000054423
  0.0000025937
  0.0000351237
  0.0000110810
 -0.0000086819
 -0.0000186043
  0.0000023617
 -0.0000330923
  0.0001354492
 -0.0000386488
  0.0000133311
 -0.0000420220
  0.0000532829
 -0.0000103681
  0.0000256306
  0.0000001492
  0.0000042940
 -0.0000021737
 -0.0000016400
 -0.0000076219
  0.0000116607
 -0.0000044718
  0.0000048058
  0.0000032884
 -0.0000110624
 -0.0000105308
 -0.0000007629
  0.0000510519
 -0.0000072021
  0.0000464208
 -0.0000138737
 -0.0000315500
  0.0000310670
 -0.0000059917
 -0.0000018178
 -0.0000075933
 -0.0000063744
 -0.0000075935
 -0.0000173287
  0.0000311322
  0.0000001974
  0.0000051076
  0.0000162942
 -0.0000026997
  0.0000136091
  0.0000008229
 -0.0000104025
 -0.0000119883
  0.0000004095
  0.0000156918
  0.0000244472
  0.0000023631
  0.0000007158
  0.0000269869
 -0.0000738554
  0.0000042702
 -0.0000088714
 -0.0001603092
  0.0000046531
 -0.0000305953
  0.0000069159
 -0.0000063282
 -0.0000118227
 -0.0000057790
 -0.0000007110
  0.0000052599
  0.0000011725
 -0.0000003497
 -0.0000029553
  0.0000043306
 -0.0000063196
  0.0000003515
  0.0000016817
 -0.0000038700
  0.0000206826
  0.0000092747
  0.0000087441
  0.0000199021
 -0.0000082593
  0.0000072335
  0.0000057425
 -0.0000097725
  0.0001141060
 -0.0000443435
  0.0000047627
 -0.0000011267
  0.0000354350
 -0.0000008655
  0.0000141576
  0.0000075908
 -0.0000015009
 -0.0000168981
 -0.0000110731
  0.0000050793
 -0.0000019330
 -0.0000077471
  0.0000204293
 -0.0000056650
 -0.0000011789
 -0.0000051638
  0.0000796782
 -0.0000067629
  0.0000386921
 -0.0000134859
 -0.0000450675
  0.0000144018
  0.0000022019
  0.0000016408
 -0.0000070386
 -0.0000026113
 -0.0000029605
 -0.0000151753
  0.0000345639
  0.0000088880
  0.0000114757
  0.0000001002
 -0.0000087951
 -0.0000071805
 -0.0000015212
  0.0000035705
  0.0000228617
 -0.0000074221
 -0.0000024512
 -0.0000037291
 -0.0001345818
  0.0000030839
 -0.0000089025
 -0.0001376383
  0.0000036995
 -0.0000204484
  0.0000066271
  0.0000037681
 -0.0000137616
  0.0000119488
  0.0000143185
  0.0000056080
 -0.0000030524
  0.0000306715
  0.0000117163
  0.0000090145
 -0.0000062106
  0.0000057321
 -0.0000142383
 -0.0000054518
  0.0000006978
  0.0000001975
 -0.0000042657
 -0.0000080784
 -0.0000119160
 -0.0000022446
 -0.0000019670
  0.0000008032
 -0.0000142535
 -0.0000075304
 -0.0000084609
 -0.0000058235
 -0.0000094432
 -0.0000167790
 -0.0000096818
  0.0000002463
 -0.0000100767
 -0.0000044831
 -0.0000078755
 -0.0000001011
 -0.0000018311
 -0.0000082734
 -0.0000006373
 -0.0000065027
 -0.0000218839
  0.0000004108
 -0.0000052834
 -0.0000076736
  0.0000153491
 -0.0000131534
 -0.0000022675
 -0.0000193294
  0.0000429027
  0.0000503265
 -0.0000140164
  0.0000668437
 -0.0000089351
 -0.0004570802
 -0.0000399612
 -0.0000207224
  0.0001877961
  0.0001261406
  0.0000171654
 -0.0001092143
  0.0001589316
  0.0000810352
 -0.0000244544
 -0.0000115003
 -0.0000193428
 -0.0000073658
 -0.0000102515
 -0.0000217683
 -0.0000157710
 -0.0000147198
 -0.0000109725
 -0.0000132070
 -0.0000123910
 -0.0000239353
 -0.0000258517
 -0.0000102843
 -0.0000093606
  0.0000162695
 -0.0000181844
 -0.0000071688
 -0.0000062115
 -0.0006216758
 -0.0000191295
 -0.0000965073
 -0.0000374147
 -0.0000991950
 -0.0000083599
 -0.0000101482
 -0.0000312853
 -0.0000261599
 -0.0000324701
  0.0000171938
 -0.0000031233
 -0.0000069025
 -0.0000177788
  0.0000047860
  0.0000767615
  0.0000420752
 -0.0000206577
  0.0006894621
 -0.0000121177
 -0.0000266235
  0.0000271448
 -0.0000190522
  0.0000009118
  0.0000158228
 -0.0000251166
  0.0000132090
  0.0000003992
 -0.0000015274
  0.0000046245
  0.0000016508
  0.0000080223
 -0.0000075341
  0.0000064653
  0.0000005428
  0.0000063984
 -0.0000134359
  0.0000074970
 -0.0000085923
 -0.0000091103
 -0.0000153374
  0.0000062236
  0.0000008919
  0.0000042442
  0.0000030630
  0.0000069059
  0.0000005452
  0.0000083963
  0.0000042134
  0.0000052296
  0.0000074363
 -0.0000046892
  0.0000014844
  0.0000032980
 -0.0000182733
  0.0000034960
 -0.0000017538
  0.0000012819
 -0.0000190307
  0.0000759769
 -0.0001443531
  0.0002631659
  0.0002382966
 -0.0000151705
 -0.0000360918
 -0.0000309161
  0.0000989481
  0.0002468610
 -0.0002165809
  0.0002559078
  0.0000565664
  0.0000279767
 -0.0000095400
 -0.0000494943
 -0.0000095330
 -0.0000018984
 -0.0000063044
 -0.0000080950
 -0.0000013061
  0.0000087572
 -0.0000206784
 -0.0000095987
 -0.0000142527
  0.0000001657
  0.0000032187
 -0.0000120624
 -0.0000070875
 -0.0000136265
  0.0000035642
 -0.0000106700
 -0.0000072472
  0.0000004697
 -0.0001771496
  0.0000118123
  0.0000045767
 -0.0000105811
 -0.0001654895
 -0.0000058193
  0.0000010979
 -0.0000048512
  0.0000430509
 -0.0000095664
 -0.0000035327
 -0.0000066561
 -0.0000746174
 -0.0000053208
  0.0000008161
 -0.0000231678
 -0.0000015943
  0.0000032789
  0.0000674304
  0.0000154388
 -0.0000285479
  0.0000794352
  0.0000182683
 -0.0000026961
 -0.0001201715
 -0.0000232900
 -0.0000632147
  0.0000052060
  0.0000082860
  0.0000102885
  0.0000360028
 -0.0000413003
 -0.0000060586
 -0.0000084046
 -0.0000065518
 -0.0000097223
 -0.0000043085
 -0.0000057386
 -0.0000000321
 -0.0000024183
  0.0000044604
  0.0000055477
 -0.0000004490
 -0.0000070015
 -0.0000016308
  0.0000020287
  0.0000021512
 -0.0000113078
 -0.0000036628
 -0.0000112075
 -0.0000009810
 -0.0000048431
  0.0000001783
  0.0000242451
  0.0000017516
  0.0000056807
 -0.0000087779
 -0.0000004864
 -0.0000045109
  0.0001465212
 -0.0000184640
  0.0001451959
  0.0001640036
 -0.0000423909
  0.0000257845
 -0.0000919736
 -0.0000050976
  0.0000917531
 -0.0002250504
 -0.0001374721
 -0.0000118112
 -0.0002384917
  0.0001291703
  0.0000785477
 -0.0000097993
  0.0000001054
 -0.0000026382
 -0.0000077030
  0.0000026835
  0.0000022238
 -0.0000018921
 -0.0000014910
  0.0000010442
  0.0000045870
 -0.0000016693
  0.0000011494
 -0.0000187436
 -0.0000025573
  0.0000020940
 -0.0000018247
  0.0000092974
  0.0000044118
  0.0000121486
  0.0000160928
  0.0000048398
 -0.0000502675
 -0.0000040244
 -0.0000110451
 -0.0000030047
 -0.0000127263
  0.0000148522
 -0.0000080586
  0.0000166992
  0.0000019911
  0.0000141222
 -0.0000015022
 -0.0000339328
 -0.0000295134
  0.0000179003
  0.0001414555
  0.0000051478
 -0.0000047579
 -0.0001748665
 -0.0000061463
 -0.0000498032
  0.0000106158
  0.0000117725
 -0.0000006112
 -0.0000092344
  0.0000114673
  0.0000351216
  0.0000179679
  0.0000194464
  0.0000032537
  0.0000050670
  0.0000019714
  0.0000142859
  0.0000108424
  0.0000035759
  0.0000007919
  0.0000014894
 -0.0000026164
 -0.0000072801
 -0.0000013521
 -0.0000030184
  0.0000099043
 -0.0000206805
  0.0000111090
  0.0000138794
  0.0000344441
  0.0000148427
  0.0000066117
  0.0000172308
 -0.0000583755
 -0.0000165537
  0.0000026249
 -0.0000195541
  0.0000192859
  0.0000197206
 -0.0000002289
 -0.0000030589
 -0.0000085730
  0.0000058885
 -0.0000029401
  0.0000024101
 -0.0000027640
  0.0000229722
  0.0000038928
  0.0000066405
 -0.0000183474
 -0.0000112362
 -0.0000165697
  0.0001323540
  0.0000004089
  0.0000363428
 -0.0000141783
 -0.0000673069
  0.0000052829
  0.0000080803
  0.0000017102
 -0.0000072384
 -0.0000049052
 -0.0000139452
 -0.0000033709
  0.0000422305
 -0.0000000151
 -0.0000088982
 -0.0000072425
 -0.0000011613
  0.0000166100
 -0.0000046185
  0.0000007231
 -0.0000305887
 -0.0000017572
 -0.0000069370
  0.0000441347
 -0.0000510855
  0.0000006062
 -0.0000083868
 -0.0000800984
  0.0000122321
  0.0000014385
 -0.0001482924
 -0.0000014846
 -0.0000417584
  0.0000068665
 -0.0000461570
  0.0000046025
  0.0000115062
  0.0000175745
  0.0000235124
 -0.0000315822
  0.0000139142
  0.0000097525
  0.0000137663
 -0.0000536891
 -0.0000089602
 -0.0000174347
 -0.0000168938
 -0.0000059906
 -0.0000145762
 -0.0000082793
 -0.0000030395
 -0.0000012806
 -0.0000034142
 -0.0000086368
 -0.0000043285
  0.0000052582
 -0.0000145137
 -0.0000071577
 -0.0000087417
 -0.0000077867
  0.0000005702
 -0.0000104227
 -0.0000113095
 -0.0000080963
 -0.0000017888
 -0.0000040807
 -0.0000068548
 -0.0000148071
 -0.0000211349
 -0.0000149754
 -0.0000013499
 -0.0000100632
  0.0000370800
 -0.0000056483
  0.0000048557
 -0.0000148660
 -0.0000040432
 -0.0000103116
  0.0002885334
  0.0002070381
  0.0000996268
  0.0001443153
 -0.0000648047
  0.0000506938
  0.0001063950
  0.0001381199
 -0.0005252846
  0.0004074682
 -0.0001970714
  0.0001952255
  0.0002637576
  0.0004254363
  0.0000258079
 -0.0000028663
 -0.0000172609
  0.0000024679
  0.0000112693
 -0.0000065002
 -0.0000103193
 -0.0000123423
 -0.0000001757
 -0.0000148432
 -0.0000047218
 -0.0000090535
 -0.0000013945
 -0.0000114216
 -0.0000090606
  0.0000074148
 -0.0000093259
  0.0000035433
 -0.0000046060
 -0.0002485655
 -0.0000158084
 -0.0000109039
 -0.0000080024
 -0.0000216334
 -0.0000205716
  0.0000255108
 -0.0000105026
  0.0000082887
  0.0000319571
 -0.0000221707
 -0.0000448708
 -0.0000056310
  0.0000327590
  0.0001549902
 -0.0000188271
  0.0000431287
  0.0000040383
 -0.0000067183
 -0.0000916526
 -0.0000473388
 -0.0000144883
 -0.0000092621
 -0.0000181658
  0.0000017484
 -0.0000115271
 -0.0000254351
  0.0000080353
  0.0000048631
  0.0000042228
 -0.0000002754
 -0.0000036666
 -0.0000050240
  0.0000264405
  0.0000042200
 -0.0000176314
  0.0000409591
  0.0000241586
 -0.0000127065
  0.0000088027
  0.0000121077
  0.0000120585
  0.0000079961
  0.0000115218
  0.0000079500
 -0.0000404742
 -0.0000213139
  0.0000064802
  0.0000072730
  0.0000037866
  0.0000033782
  0.0000051076
  0.0000000454
  0.0000041102
  0.0000086749
 -0.0000016443
 -0.0000009082
 -0.0000005756
  0.0000048676
  0.0001287371
 -0.0000010890
  0.0000323781
 -0.0000100266
 -0.0000491552
  0.0000054284
  0.0000034950
  0.0000014130
 -0.0000073222
  0.0000093973
  0.0000013197
  0.0000051455
  0.0000436916
 -0.0000095982
  0.0000180988
  0.0000052607
 -0.0000001969
 -0.0000110100
  0.0000049802
  0.0000019616
  0.0000295391
 -0.0000108546
  0.0000096751
 -0.0000061372
 -0.0000830486
  0.0000056603
 -0.0000018587
 -0.0001432713
  0.0000018408
 -0.0000138962
  0.0000115138
 -0.0000099353
  0.0000209952
  0.0000237052
  0.0000043883
 -0.0000063487
 -0.0000148116
 -0.0000110428
 -0.0000035475
 -0.0000081046
 -0.0000080407
 -0.0000069622
 -0.0000069249
 -0.0000109708
 -0.0000060582
 -0.0000057868
  0.0000027935
 -0.0000035493
 -0.0000048651
  0.0000022487
  0.0000013449
 -0.0000068425
 -0.0000110199
  0.0000028753
  0.0000019031
 -0.0000016574
 -0.0000041655
  0.0000081133
 -0.0000084356
  0.0000106006
 -0.0000006862
 -0.0000053959
 -0.0000079989
 -0.0000039852
 -0.0000034789
  0.0000049701
 -0.0000054183
  0.0000249553
 -0.0000105732
 -0.0000031846
 -0.0000110713
  0.0002258891
 -0.0000536114
  0.0002395926
  0.0003109684
  0.0001657302
  0.0000077618
 -0.0001030288
 -0.0001897077
  0.0002779877
  0.0000643100
  0.0004248345
 -0.0001217158
  0.0001143584
 -0.0000058767
  0.0001469958
 -0.0000107061
  0.0000146849
  0.0000027304
 -0.0000001221
  0.0000000592
 -0.0000095107
 -0.0000028622
 -0.0000053689
 -0.0000111455
  0.0000138255
 -0.0000119076
 -0.0000039369
 -0.0000014767
  0.0000036825
 -0.0000228073
 -0.0000029901
  0.0000036242
  0.0000018047
 -0.0002847951
 -0.0000081993
 -0.0000287547
  0.0000082340
 -0.0002052943
  0.0000031604
  0.0000139282
 -0.0000117844
 -0.0000027986
  0.0000125388
 -0.0000256695
 -0.0000418049
  0.0000030506
 -0.0000038696
  0.0000137851
 -0.0000609591
  0.0000109439
  0.0000104490
  0.0001450610
  0.0001121929
  0.0000041742
 -0.0000099538
 -0.0000539567
 -0.0000646602
 -0.0000032591
 -0.0000386924
 -0.0000033787
 -0.0000018178
  0.0000031752
 -0.0000031030
 -0.0000013255
  0.0000021504
  0.0000001786
  0.0000063469
  0.0000075718
  0.0000042501
  0.0000002596
  0.0000012273
 -0.0000031134
  0.0000009652
 -0.0000091278
 -0.0000032043
  0.0000004237
 -0.0000052143
 -0.0000009855
  0.0000009696
 -0.0000053094
  0.0000020295
 -0.0000037146
 -0.0000363604
  0.0000127452
 -0.0000023795
 -0.0000311899
  0.0000330863
  0.0000283218
  0.0000525552
  0.0000382597
 -0.0001338311
  0.0000802210
  0.0000565528
  0.0000209789
 -0.0000327159
 -0.0000557383
  0.0000342370
 -0.0000004953
  0.0000005627
 -0.0000039233
  0.0000155586
  0.0000004246
  0.0000030786
 -0.0000067472
 -0.0000068934
 -0.0000049864
  0.0000155617
  0.0000109694
  0.0000019743
  0.0000070219
 -0.0000012824
  0.0000032633
 -0.0000040765
  0.0000489240
 -0.0000004702
  0.0000482911
 -0.0000083648
 -0.0000428464
  0.0000168630
 -0.0000033316
  0.0000010980
 -0.0000084320
 -0.0000078173
 -0.0000414389
  0.0000214106
  0.0000004251
  0.0000078901
  0.0000095708
  0.0000033250
 -0.0000043390
  0.0000119188
  0.0000015063
  0.0000351729
 -0.0000116001
 -0.0000120235
  0.0000053541
  0.0000377749
  0.0000490634
  0.0000028426
 -0.0001697648
  0.0000001040
 -0.0000413240
  0.0000143672
 -0.0000081288
 -0.0000126371
  0.0000219344
  0.0000060579
  0.0000033087
  0.0000003852
  0.0000017591
  0.0000084465
  0.0000040025
 -0.0000018284
  0.0000034434
  0.0000089240
  0.0000007003
 -0.0000048978
  0.0000298185
 -0.0000105303
 -0.0000091896
  0.0000068261
  0.0000177681
 -0.0000208943
 -0.0000032243
  0.0000076666
 -0.0000363334
 -0.0000431091
 -0.0000058397
  0.0000007276
  0.0000002793
 -0.0000143374
 -0.0000057447
 -0.0000013276
 -0.0000021689
  0.0000060784
 -0.0000008003
 -0.0000123654
  0.0000044530
 -0.0000010533
 -0.0000010589
  0.0000021964
  0.0000064112
 -0.0000160952
  0.0000044627
  0.0001071459
 -0.0000079077
  0.0000302533
 -0.0000160140
 -0.0000402205
  0.0000068461
  0.0000000206
 -0.0000065595
 -0.0000073000
  0.0000058553
  0.0000011748
 -0.0000020510
  0.0000432814
 -0.0000151315
  0.0000186274
  0.0000086942
  0.0000067585
 -0.0000010183
 -0.0000064375
 -0.0000117104
  0.0000039862
  0.0000053922
  0.0000263047
 -0.0000129530
  0.0000034905
 -0.0000053956
 -0.0000940389
  0.0000043551
 -0.0000065740
 -0.0001309609
 -0.0000034450
 -0.0000082003
  0.0000116240
  0.0000129203
  0.0000079906
 -0.0000005664
  0.0000103924
  0.0000156268
  0.0000074373
 -0.0000028076
  0.0000070342
  0.0000000886
  0.0000002883
 -0.0000073017
  0.0000063150
 -0.0000009478
  0.0000022972
  0.0000012953
  0.0000100887
  0.0000064248
  0.0000086859
 -0.0000017686
  0.0000062786
  0.0000055367
  0.0000096105
  0.0000055399
  0.0000017855
  0.0000015763
 -0.0000052066
  0.0000072293
 -0.0000028355
  0.0000196675
 -0.0000038089
  0.0000016911
  0.0000162925
  0.0000024221
  0.0000096344
  0.0000016584
 -0.0000092090
  0.0001060432
 -0.0000443152
  0.0000034138
 -0.0000137028
 -0.0000209502
 -0.0000067213
  0.0000028486
 -0.0000014053
  0.0000016019
 -0.0000054198
 -0.0000065703
 -0.0000047885
  0.0000026438
  0.0000143104
 -0.0000009221
 -0.0000093147
  0.0000084256
 -0.0000044690
 -0.0000028668
  0.0000762622
 -0.0000013369
  0.0000362219
 -0.0000085528
 -0.0000330724
  0.0000273690
  0.0000017430
 -0.0000034968
 -0.0000014617
 -0.0000026824
 -0.0000031374
 -0.0000023248
  0.0000334338
  0.0000063523
 -0.0000106980
  0.0000161845
  0.0000029852
  0.0000146092
  0.0000051243
  0.0000010935
 -0.0000050349
  0.0000066669
  0.0000083662
  0.0000252428
 -0.0000083129
  0.0000077314
  0.0000080448
 -0.0001330524
  0.0000066636
 -0.0000035409
 -0.0001481938
  0.0000108580
 -0.0000327848
  0.0000082576
 -0.0000084853
 -0.0000051456
  0.0000044907
 -0.0000376320
 -0.0000062329
 -0.0000011983
 -0.0000013846
 -0.0000004273
  0.0000040356
 -0.0000017717
  0.0000013832
 -0.0000000029
 -0.0000031162
 -0.0000008064
  0.0000048852
 -0.0000066483
 -0.0000038267
  0.0000016845
 -0.0000041974
  0.0000038397
  0.0000198988
  0.0000089117
  0.0000096541
 -0.0000223522
 -0.0000434084
  0.0000036180
 -0.0000167140
  0.0001131788
 -0.0000367103
  0.0000294794
  0.0000185360
  0.0000538606
 -0.0000124511
  0.0000161023
  0.0000052859
  0.0000011347
 -0.0000168367
 -0.0000102543
  0.0000029456
 -0.0000013868
 -0.0000073431
  0.0000209005
  0.0000034122
 -0.0000001864
 -0.0000047518
  0.0000500800
  0.0000003581
  0.0000468666
 -0.0000084883
 -0.0000388025
  0.0000289405
 -0.0000006007
  0.0000040216
 -0.0000058140
 -0.0000087131
 -0.0000083724
 -0.0000230196
  0.0000296152
 -0.0000013640
  0.0000093203
  0.0000119687
  0.0000021714
 -0.0000050578
 -0.0000117823
  0.0000006040
  0.0000137629
  0.0000218676
  0.0000064716
  0.0000022219
  0.0000224030
 -0.0000706228
  0.0000015771
 -0.0000027612
 -0.0001572886
  0.0000011431
 -0.0000368570
  0.0000064309
  0.0000172688
  0.0000076280
  0.0000144140
 -0.0000028695
  0.0000046686
  0.0000042754
  0.0000009598
  0.0000036680
  0.0000065014
  0.0000054375
  0.0000046768
  0.0000033074
  0.0000060230
  0.0000022516
 -0.0000027903
 -0.0000057710
  0.0000082410
  0.0000030003
 -0.0000048345
 -0.0000049200
  0.0000043585
  0.0000308264
  0.0000047961
  0.0000107925
 -0.0000131710
 -0.0000435445
  0.0000127869
  0.0000059714
  0.0000275999
 -0.0000332869
  0.0000147461
  0.0000406991
  0.0000548550
 -0.0000109385
  0.0000066629
  0.0000051529
  0.0000048670
  0.0000014224
  0.0000075456
 -0.0000054982
  0.0000004286
  0.0000073638
  0.0000191931
  0.0000024111
  0.0000065212
 -0.0000047615
  0.0000029973
  0.0000028426
  0.0000586007
  0.0000002057
  0.0000485135
 -0.0000057257
 -0.0000343087
  0.0000317205
  0.0000032244
  0.0000092682
 -0.0000048222
 -0.0000071985
 -0.0000067892
 -0.0000189890
  0.0000307210
  0.0000051493
  0.0000050400
  0.0000158114
 -0.0000012965
  0.0000171084
  0.0000054129
 -0.0000024638
 -0.0000118299
 -0.0000000138
  0.0000206296
  0.0000233864
  0.0000080912
  0.0000033399
  0.0000324563
 -0.0000497542
  0.0000057323
 -0.0000045081
 -0.0001590949
  0.0000043363
 -0.0000327825
  0.0000085154
  0.0000164525
  0.0000131405
 -0.0000058085
  0.0000081499
  0.0000094335
  0.0000094859
  0.0000003340
  0.0000062405
 -0.0000011915
 -0.0000006430
  0.0000007311
  0.0000141120
  0.0000054498
  0.0000054086
  0.0000122037
  0.0000032330
 -0.0000001128
  0.0000018758
  0.0000061488
  0.0000079567
  0.0000087306
 -0.0000010076
  0.0000123794
  0.0000008916
  0.0000048939
  0.0000058503
  0.0000040684
  0.0000132623
  0.0000269824
  0.0000045831
  0.0000128669
 -0.0000025210
  0.0000048917
 -0.0000011345
  0.0001333393
  0.0000741213
  0.0000928040
  0.0001376017
 -0.0000583643
 -0.0000453897
  0.0001168457
  0.0001136331
 -0.0007713413
  0.0003613941
 -0.0001290544
  0.0000717954
 -0.0002007850
  0.0002253570
  0.0000431268
  0.0000000879
  0.0000074623
  0.0000007144
  0.0000010142
  0.0000062608
  0.0000011681
  0.0000150723
  0.0000028539
 -0.0000007709
 -0.0000089972
  0.0000011025
  0.0000082211
  0.0000146233
  0.0000017427
 -0.0000030248
 -0.0000059234
  0.0000160284
  0.0000056212
 -0.0001134808
 -0.0000054838
  0.0000541522
  0.0000040670
 -0.0000525235
 -0.0000863668
  0.0000108051
 -0.0000094789
  0.0000694613
  0.0000258230
 -0.0000141074
  0.0000109527
  0.0000071418
  0.0000075261
  0.0000466191
  0.0001124580
  0.0001532960
  0.0000063033
 -0.0000012364
 -0.0001322459
 -0.0000102675
  0.0000168385
  0.0000004334
 -0.0000050039
 -0.0000134793
 -0.0000179670
  0.0000119705
  0.0000025275
 -0.0000332137
  0.0000018225
  0.0000023644
  0.0000014110
  0.0000030148
  0.0000018448
  0.0000076631
  0.0000053998
 -0.0000004346
  0.0000042730
  0.0000039000
  0.0000063469
  0.0000024095
  0.0000010270
  0.0000066512
 -0.0000033027
  0.0000201714
 -0.0000007788
 -0.0000009335
  0.0000205134
  0.0000165844
  0.0000049629
  0.0000049303
  0.0000070421
  0.0000288064
 -0.0000578908
  0.0000054595
 -0.0000025469
  0.0000179164
 -0.0000050193
  0.0000053252
 -0.0000055414
  0.0000023880
 -0.0000122753
  0.0000005054
  0.0000119204
  0.0000171818
 -0.0000002431
 -0.0000051914
 -0.0000108877
  0.0000070438
  0.0000027695
  0.0000871842
 -0.0000042180
  0.0000396397
 -0.0000122577
 -0.0000368024
  0.0000167783
 -0.0000007084
 -0.0000061432
 -0.0000053278
 -0.0000004916
 -0.0000025071
 -0.0000027102
  0.0000404895
  0.0000100141
 -0.0000133628
  0.0000134877
  0.0000035885
  0.0000120250
  0.0000015399
 -0.0000021762
 -0.0000095320
  0.0000053269
  0.0000048879
  0.0000304441
 -0.0000023165
  0.0000057034
 -0.0000022099
 -0.0001246863
  0.0000070332
 -0.0000057177
 -0.0001381747
  0.0000091826
 -0.0000309799
  0.0000141550
 -0.0000075762
 -0.0000028002
 -0.0000035778
 -0.0000036172
 -0.0000052762
  0.0000003895
 -0.0000015412
  0.0000009462
  0.0000059590
 -0.0000065783
  0.0000021297
  0.0000046660
  0.0000039484
 -0.0000067323
 -0.0000002915
 -0.0000010952
  0.0000021090
  0.0000159531
 -0.0000011168
 -0.0000080238
 -0.0000056362
 -0.0000140231
 -0.0000332389
  0.0000102255
 -0.0000069464
  0.0000261936
  0.0000235130
  0.0000068319
  0.0000322999
  0.0000339113
 -0.0000323943
  0.0000580048
  0.0000113927
  0.0000546448
 -0.0000249470
 -0.0000408016
 -0.0000111296
  0.0000090673
  0.0000089087
 -0.0000144454
  0.0000081607
 -0.0000020374
 -0.0000120958
 -0.0000022834
  0.0000056562
  0.0000088458
  0.0000072897
  0.0000031594
  0.0000017526
  0.0000078444
 -0.0000109450
 -0.0000035516
  0.0000006518
  0.0000178417
  0.0000511056
  0.0000526259
 -0.0000078009
 -0.0000472059
  0.0000235322
 -0.0000041538
 -0.0000142719
 -0.0000084311
 -0.0000437324
  0.0000235334
 -0.0000066211
  0.0000004379
 -0.0000064580
 -0.0000118636
  0.0000023926
  0.0000013739
  0.0000010641
  0.0000127336
 -0.0000531827
 -0.0001399232
 -0.0000028052
 -0.0000203871
  0.0000110326
  0.0000047485
  0.0000001849
  0.0000311222
  0.0000150132
  0.0000218857
 -0.0000049126
 -0.0000040250
  0.0000023722
 -0.0000069429
  0.0000030435
 -0.0000043195
 -0.0000098941
 -0.0000233406
 -0.0000087362
 -0.0000046036
  0.0000052021
  0.0000119844
 -0.0000209348
  0.0000006566
 -0.0000019343
 -0.0000462163
  0.0000337589
 -0.0000091879
 -0.0000029326
  0.0000218420
 -0.0000306882
 -0.0000054178
 -0.0000041943
 -0.0000001417
  0.0000004529
  0.0000001100
 -0.0000183983
 -0.0000013056
 -0.0000065308
  0.0000009536
 -0.0000007288
  0.0000009421
  0.0000145577
 -0.0000005375
  0.0001183043
 -0.0000082417
  0.0000268002
 -0.0000137299
 -0.0000735574
 -0.0000127166
  0.0000024263
 -0.0000085699
 -0.0000079344
 -0.0000017131
 -0.0000112008
  0.0000083304
  0.0000336418
 -0.0000064219
 -0.0000100716
 -0.0000097330
  0.0000093477
  0.0000027341
 -0.0000012637
 -0.0000236357
 -0.0000008282
 -0.0000154673
  0.0000267325
 -0.0000167330
  0.0000043248
 -0.0000240726
 -0.0000926494
 -0.0000007083
 -0.0000043068
 -0.0001614788
 -0.0000015185
 -0.0000477484
  0.0000010313
 -0.0000117123
 -0.0000170717
  0.0000194915
  0.0000047352
  0.0000081290
 -0.0000045004
 -0.0000048434
 -0.0000016998
  0.0000032951
  0.0000068617
 -0.0000076351
  0.0000011735
  0.0000013342
 -0.0000070278
  0.0000036774
 -0.0000071203
  0.0000104370
 -0.0000007883
 -0.0000177877
  0.0000326581
  0.0000188315
 -0.0000137932
  0.0000116572
  0.0000054081
  0.0000013408
  0.0000078888
 -0.0000049031
  0.0000070368
 -0.0000594528
 -0.0000287301
  0.0000035219
 -0.0000033390
 -0.0000036888
 -0.0000064299
 -0.0000040089
 -0.0000060048
  0.0000149054
 -0.0000048408
 -0.0000034662
  0.0000054363
 -0.0000022745
 -0.0000133723
  0.0001102354
  0.0000008759
  0.0000274978
 -0.0000068879
 -0.0000413060
  0.0000043367
  0.0000066034
 -0.0000051960
 -0.0000066776
  0.0000029927
 -0.0000032281
  0.0000150911
  0.0000376511
  0.0000047657
  0.0000038304
  0.0000175379
  0.0000073781
  0.0000138186
  0.0000096530
  0.0000042221
 -0.0000155414
  0.0000013853
  0.0000035693
  0.0000267080
 -0.0000110886
  0.0000105135
 -0.0000080342
 -0.0000922128
  0.0000024100
  0.0000032253
 -0.0001326970
  0.0000027941
 -0.0000083562
  0.0000056707
  0.0000011593
  0.0000064441
 -0.0000113801
 -0.0000127584
 -0.0000069183
 -0.0000176119
 -0.0000044358
 -0.0000030032
 -0.0000240114
 -0.0000017106
 -0.0000309315
 -0.0000206547
 -0.0000228968
 -0.0000123770
 -0.0000225913
 -0.0000215983
 -0.0000139409
 -0.0000177033
 -0.0000263760
 -0.0000292010
 -0.0000144782
 -0.0000145358
 -0.0000180111
 -0.0000168864
 -0.0000130794
 -0.0000264184
 -0.0000082737
 -0.0000175962
 -0.0000024989
 -0.0000023061
 -0.0000226734
 -0.0000210387
 -0.0000175433
 -0.0000056625
 -0.0000218369
 -0.0000277972
 -0.0000202918
 -0.0000275427
  0.0001560633
  0.0000095397
  0.0000303836
 -0.0000963912
 -0.0000146542
 -0.0004486523
 -0.0000272002
 -0.0000032040
  0.0002104313
 -0.0001267376
 -0.0001799212
 -0.0000954250
 -0.0001402818
 -0.0002517636
 -0.0000627516
 -0.0000289335
 -0.0000210862
  0.0000038685
 -0.0000079128
 -0.0000109085
 -0.0000272920
 -0.0000123223
 -0.0000228191
 -0.0000191189
 -0.0000090444
 -0.0000263006
 -0.0000187835
 -0.0000053719
 -0.0000087955
 -0.0000155155
 -0.0000166736
 -0.0000142966
 -0.0000080680
 -0.0005490592
 -0.0000218748
 -0.0000886070
  0.0001121765
 -0.0000863387
 -0.0000119910
 -0.0000479464
 -0.0000217796
 -0.0000189266
  0.0000393154
 -0.0000174735
 -0.0000278827
 -0.0000094519
  0.0000564653
 -0.0000472284
 -0.0000658955
 -0.0000138997
  0.0000427016
  0.0000724844
 -0.0000466996
 -0.0000537055
  0.0006150899
 -0.0000091358
 -0.0000226986
  0.0000527734
 -0.0000067650
 -0.0000014848
 -0.0000157442
 -0.0000014034
  0.0000095039
 -0.0000010615
 -0.0000065710
  0.0000059766
 -0.0000022469
  0.0000017308
  0.0000241969
 -0.0000031244
  0.0000013070
  0.0000162936
  0.0000094254
  0.0000083663
  0.0000028855
 -0.0000008293
 -0.0000867276
 -0.0000276148
  0.0000031650
 -0.0000095412
  0.0000447220
 -0.0000096141
  0.0000030184
  0.0000036175
 -0.0000042706
  0.0000061605
 -0.0000073871
  0.0000095633
 -0.0000005132
  0.0000122060
  0.0000118553
 -0.0000047832
 -0.0000039860
 -0.0000004862
  0.0001045229
 -0.0000040683
  0.0000371371
 -0.0000085090
 -0.0000526064
 -0.0000001813
 -0.0000022825
 -0.0000033491
 -0.0000053762
  0.0000026694
 -0.0000010225
 -0.0000063569
  0.0000416876
 -0.0000047052
  0.0000141684
  0.0000017276
 -0.0000003838
 -0.0000136484
 -0.0000000830
  0.0000004471
  0.0000275159
 -0.0000066407
  0.0000063768
 -0.0000111817
 -0.0001022242
  0.0000053591
 -0.0001425082
  0.0000088996
 -0.0000212405
  0.0000122208
  0.0000020241
  0.0000087888
 -0.0000095231
 -0.0000083970
  0.0000044961
 -0.0000047900
 -0.0000017957
 -0.0000060688
 -0.0000040269
 -0.0000046735
  0.0000026372
 -0.0000069198
 -0.0000062072
 -0.0000023332
 -0.0000040625
 -0.0000048449
 -0.0000074145
  0.0000008250
 -0.0000032839
 -0.0000051493
  0.0000011771
 -0.0000101066
 -0.0000056011
 -0.0000016715
 -0.0000069608
 -0.0000012090
  0.0000945537
 -0.0000345548
 -0.0000471881
  0.0000984188
  0.0000405686
  0.0001077282
  0.0000120057
 -0.0000465003
  0.0000978922
 -0.0001392969
  0.0000269463
 -0.0000824256
 -0.0002832089
  0.0000986416
  0.0000508486
  0.0000058376
 -0.0000008014
 -0.0000020711
 -0.0000137055
 -0.0000027885
  0.0000002246
 -0.0000092112
 -0.0000054412
  0.0000060528
  0.0000076917
  0.0000049256
 -0.0000100326
 -0.0000081472
  0.0000201234
 -0.0000064414
  0.0000345589
 -0.0000086315
 -0.0000174086
 -0.0000065635
 -0.0000053674
  0.0000005903
 -0.0000141218
 -0.0000100246
 -0.0000115021
 -0.0000465649
  0.0000130293
 -0.0000054424
  0.0000010462
 -0.0000000902
  0.0000038008
  0.0000049841
  0.0000018007
 -0.0000045767
  0.0000154996
 -0.0000059362
  0.0000292664
 -0.0000338833
 -0.0000371166
  0.0000018390
  0.0000421260
  0.0001178985
 -0.0000098622
 -0.0000080461
 -0.0001160561
 -0.0000038997
 -0.0000418807
  0.0000152712
 -0.0000009416
  0.0000192364
 -0.0000057213
 -0.0000025313
 -0.0000004056
  0.0000045443
 -0.0000041651
 -0.0000019675
 -0.0000038880
 -0.0000089869
 -0.0000024893
 -0.0000064237
 -0.0000032626
 -0.0000009461
 -0.0000065616
  0.0000129306
  0.0000004449
  0.0000080448
  0.0000153645
  0.0000205303
 -0.0000120318
 -0.0000058693
 -0.0000138931
  0.0000950737
 -0.0000491744
  0.0000155069
 -0.0000250725
  0.0000415256
 -0.0000037010
  0.0000057213
 -0.0000034164
  0.0000041475
 -0.0000127884
  0.0000128163
 -0.0000057137
  0.0000029846
 -0.0000037880
 -0.0000094266
 -0.0000088242
  0.0000077314
  0.0000000585
 -0.0000065324
 -0.0000021176
 -0.0000055154
  0.0000710318
 -0.0000041348
  0.0000408548
 -0.0000127227
 -0.0000595263
  0.0000046271
 -0.0000071655
  0.0000001986
 -0.0000144648
 -0.0000083719
 -0.0000215934
  0.0000299161
 -0.0000050980
 -0.0000019402
 -0.0000010225
 -0.0000093795
 -0.0000133260
 -0.0000016162
  0.0000218188
 -0.0000035508
 -0.0000022548
 -0.0000123558
 -0.0001425595
 -0.0000083849
 -0.0001450911
  0.0000012222
 -0.0000350907
  0.0000036373
 -0.0000210208
 -0.0000001656
 -0.0000000890
 -0.0000014622
  0.0000011010
  0.0000096903
 -0.0000022346
  0.0000041295
 -0.0000010580
  0.0000048333
 -0.0000055649
  0.0000052057
 -0.0000025746
  0.0000023482
  0.0000021724
 -0.0000036261
  0.0000033600
  0.0000070445
  0.0000305297
  0.0000066192
  0.0000133191
 -0.0000074362
 -0.0000503337
  0.0000128200
  0.0000193710
  0.0000892356
 -0.0000340393
  0.0000187977
  0.0000502122
  0.0000558321
 -0.0000097336
  0.0000095277
  0.0000019289
  0.0000076764
 -0.0000046559
 -0.0000020199
 -0.0000000625
  0.0000098189
 -0.0000045261
 -0.0000022488
  0.0000012051
  0.0000101713
  0.0000026598
  0.0000031042
 -0.0000017942
  0.0000520567
 -0.0000014302
  0.0000492458
 -0.0000069138
 -0.0000325682
  0.0000304446
 -0.0000044617
  0.0000016470
 -0.0000092073
 -0.0000079509
 -0.0000066167
 -0.0000270524
  0.0000300468
  0.0000030323
  0.0000136659
  0.0000094896
  0.0000003037
 -0.0000041816
 -0.0000097102
  0.0000014620
  0.0000151679
  0.0000233112
  0.0000072176
  0.0000004797
  0.0000228229
 -0.0000657308
 -0.0000072184
 -0.0000053640
 -0.0001531714
 -0.0000004376
 -0.0000380443
  0.0000093499
 -0.0000212123
 -0.0000086775
 -0.0000099879
 -0.0000249024
 -0.0000118405
 -0.0000106175
 -0.0000054811
 -0.0000135453
  0.0000061007
 -0.0000065495
 -0.0000050883
 -0.0000177016
  0.0000094245
  0.0000059227
  0.0000158660
 -0.0000142713
  0.0000084393
  0.0000011142
 -0.0000009272
  0.0000013375
 -0.0000004277
 -0.0000239166
  0.0000000440
 -0.0000074867
  0.0000065239
 -0.0000023114
 -0.0000152906
 -0.0000126044
  0.0000039235
 -0.0000018820
 -0.0000144876
  0.0000090406
  0.0000041688
 -0.0000087599
 -0.0000012811
  0.0000067054
 -0.0001410143
 -0.0000506229
 -0.0001090923
  0.0001092321
 -0.0003526097
  0.0001987518
 -0.0000547822
 -0.0000504494
 -0.0005985350
 -0.0003615679
  0.0000591257
 -0.0000363429
 -0.0002693382
 -0.0000412747
  0.0000242796
  0.0000050168
 -0.0000014487
  0.0000224489
  0.0000347994
  0.0000168647
  0.0000060611
  0.0000056811
  0.0000145090
  0.0000060511
  0.0000163867
  0.0000080767
  0.0000123468
  0.0000090257
  0.0000087965
  0.0000512799
  0.0000074927
  0.0000200068
  0.0000072537
 -0.0006746830
  0.0000001691
 -0.0000338016
  0.0000288005
  0.0004160723
 -0.0000087608
  0.0000084709
  0.0000376197
 -0.0000010676
  0.0000080048
  0.0000303823
  0.0001065300
  0.0000046852
  0.0000144477
  0.0000206029
  0.0000093168
  0.0000246628
  0.0000437446
  0.0000597024
  0.0003622302
  0.0000494929
  0.0008534416
  0.0000274450
  0.0000083975
  0.0003159238
  0.0000582784
 -0.0000037983
  0.0000140739
 -0.0000147773
  0.0000013102
  0.0000043143
  0.0000072619
  0.0000033103
  0.0000050929
  0.0000048988
  0.0000097235
  0.0000033875
  0.0000072137
  0.0000042325
  0.0000012223
  0.0000050695
  0.0000103515
 -0.0000012271
  0.0000040484
  0.0000077252
  0.0000018564
 -0.0000477418
  0.0000217489
  0.0000025989
 -0.0000397655
  0.0000484348
  0.0000334804
 -0.0000163449
  0.0000212626
 -0.0001041571
  0.0000351434
  0.0000382075
  0.0000111614
 -0.0000055788
 -0.0000703647
  0.0000572235
  0.0000114400
 -0.0000003976
 -0.0000075373
 -0.0000069771
  0.0000081774
 -0.0000008602
  0.0000040759
  0.0000003723
  0.0000251548
 -0.0000004664
  0.0000035266
  0.0000007410
  0.0000643268
  0.0000020075
  0.0000643490
 -0.0000017426
 -0.0000338627
  0.0000233461
 -0.0000006202
  0.0000062372
  0.0000003569
 -0.0000007028
  0.0000032309
 -0.0000213584
  0.0000353467
  0.0000092057
  0.0000155123
  0.0000156739
  0.0000127864
  0.0000049115
  0.0000020634
  0.0000206385
  0.0000117813
  0.0000484082
  0.0000145041
  0.0000147196
  0.0000042241
  0.0000501660
  0.0000498549
  0.0000010711
  0.0000013669
 -0.0001508450
  0.0000082601
 -0.0000421780
  0.0000203440
 -0.0000021614
 -0.0000025443
  0.0000033665
  0.0000062386
  0.0000037052
  0.0000044475
  0.0000064479
  0.0000042640
  0.0000024544
  0.0000108618
  0.0000046111
  0.0000068951
  0.0000001805
  0.0000040963
  0.0000029669
  0.0000046512
 -0.0000017303
  0.0000026351
  0.0000042994
  0.0000062101
  0.0000002649
  0.0000009309
  0.0000071541
  0.0000003350
  0.0000104894
 -0.0000037509
  0.0001678279
 -0.0000040888
  0.0002058937
  0.0001842594
 -0.0000105392
  0.0000840060
 -0.0000791084
 -0.0000064392
  0.0000132892
 -0.0003481750
 -0.0001350122
 -0.0000166994
 -0.0000172877
  0.0001027794
  0.0000846694
  0.0000040909
 -0.0000036441
 -0.0000022825
 -0.0000027729
  0.0000092078
  0.0000107696
 -0.0000000994
  0.0000002687
 -0.0000014427
 -0.0000004896
  0.0000102208
  0.0000018918
  0.0000226302
  0.0000049768
 -0.0000084913
 -0.0000005929
  0.0000057269
  0.0000092846
  0.0000187024
  0.0000035824
  0.0000266866
 -0.0000039466
 -0.0000429153
 -0.0000090478
  0.0000026048
 -0.0000133971
 -0.0000025677
 -0.0000005631
 -0.0000367342
  0.0000180271
 -0.0000119686
  0.0000020997
  0.0000162457
  0.0000014805
  0.0000244717
  0.0000389765
 -0.0000369183
 -0.0000421366
  0.0000068663
  0.0000465701
  0.0001744207
 -0.0001208325
  0.0000096745
 -0.0000498682
  0.0000205647
  0.0000094853
  0.0000023626
 -0.0000006422
  0.0000096390
  0.0000040102
  0.0000064669
  0.0000011398
  0.0000066277
 -0.0000015887
 -0.0000035705
 -0.0000048066
  0.0000179531
  0.0000005911
  0.0000054656
  0.0000312868
  0.0000084876
  0.0000121279
  0.0000062425
 -0.0000024618
  0.0000324965
 -0.0000430018
  0.0000074052
 -0.0000100447
  0.0000138169
 -0.0000034598
  0.0000070789
  0.0000043722
  0.0000001934
  0.0000047043
  0.0000000038
  0.0000093515
  0.0000014604
  0.0000102283
 -0.0000002519
 -0.0000099867
  0.0000051165
 -0.0000058153
  0.0000056792
  0.0000041713
  0.0000937033
  0.0000014544
  0.0000403300
 -0.0000052032
 -0.0000358359
  0.0000159930
  0.0000045427
  0.0000065630
 -0.0000031155
  0.0000022044
  0.0000004899
 -0.0000028692
  0.0000407364
 -0.0000089420
  0.0000213889
  0.0000094770
  0.0000165637
  0.0000058776
  0.0000032772
 -0.0000078573
  0.0000055708
  0.0000088459
  0.0000299312
 -0.0000043520
  0.0000168100
 -0.0000005996
 -0.0001175635
  0.0000070866
  0.0000003329
 -0.0001292256
  0.0000123582
 -0.0000085937
  0.0000138864
 -0.0000121971
  0.0000035607
  0.0000077485
  0.0000118242
  0.0000114553
 -0.0000019029
  0.0000067661
  0.0000036727
 -0.0000046419
 -0.0000031655
  0.0000137353
  0.0000068490
  0.0000057531
  0.0000115988
  0.0000065002
 -0.0000034799
 -0.0000031973
  0.0000030691
  0.0000034201
  0.0000079676
  0.0000044074
 -0.0000028436
  0.0000085196
 -0.0000041375
  0.0000094910
  0.0000058547
  0.0000035194
  0.0000028001
  0.0000117629
 -0.0000068551
  0.0000047935
 -0.0000016051
 -0.0000042861
  0.0000030845
 -0.0000007060
 -0.0000468892
  0.0002216866
 -0.0003704166
 -0.0002780578
 -0.0001685587
  0.0000886626
  0.0000959946
  0.0002433309
 -0.0002609898
  0.0004843214
  0.0000338909
  0.0001286430
  0.0006776355
  0.0000784042
  0.0004545254
 -0.0000026414
  0.0000228115
  0.0000144400
  0.0000121956
  0.0000088194
  0.0000045944
  0.0000066996
  0.0000047250
 -0.0000020716
  0.0000232292
 -0.0000028779
  0.0000051077
  0.0000060845
  0.0000128405
 -0.0000153400
  0.0000058380
  0.0000121769
  0.0000106517
 -0.0002088570
  0.0000005011
  0.0000119518
 -0.0000097128
 -0.0001916745
  0.0000096769
  0.0000083774
 -0.0000025689
  0.0000554288
  0.0000166040
 -0.0000127995
  0.0000123592
  0.0000226271
 -0.0000279664
  0.0000163978
  0.0000584021
  0.0001286847
  0.0000196088
  0.0000116177
 -0.0000004535
 -0.0001055001
 -0.0000044246
  0.0000138283
 -0.0000100593
  0.0000119502
  0.0000073227
 -0.0000311004
 -0.0000011171
 -0.0000099776
 -0.0000033528
 -0.0000039589
  0.0000006066
  0.0000003736
 -0.0000083003
  0.0000010850
  0.0000054614
 -0.0000017031
  0.0000002652
 -0.0000004094
 -0.0000092823
  0.0000244555
 -0.0000037487
  0.0000085278
  0.0000197291
 -0.0000029391
  0.0000082600
  0.0000028202
 -0.0000175496
  0.0001078229
 -0.0000441834
  0.0000144466
 -0.0000092363
  0.0000359248
 -0.0000011410
  0.0000118996
 -0.0000011275
 -0.0000010108
 -0.0000066966
 -0.0000044423
 -0.0000153334
 -0.0000008441
 -0.0000067375
  0.0000055055
 -0.0000110186
 -0.0000103336
 -0.0000167217
  0.0000007363
  0.0000704092
 -0.0000039607
  0.0000366981
 -0.0000113543
 -0.0000330311
  0.0000237346
  0.0000017256
  0.0000017994
 -0.0000108684
 -0.0000022404
 -0.0000023970
 -0.0000103112
  0.0000346151
  0.0000025057
 -0.0000119368
  0.0000136687
  0.0000004391
  0.0000132705
  0.0000002464
 -0.0000032435
 -0.0000072398
  0.0000004756
  0.0000057797
  0.0000222360
 -0.0000147169
  0.0000125000
  0.0000049896
 -0.0001364618
  0.0000013765
 -0.0000026627
 -0.0001495438
  0.0000046413
 -0.0000381264
  0.0000062893
 -0.0000107462
 -0.0000053529
  0.0000007376
  0.0000004280
 -0.0000049157
 -0.0000056033
 -0.0000055204
 -0.0000064585
 -0.0000052149
  0.0000008004
 -0.0000085341
 -0.0000002931
 -0.0000007675
 -0.0000050869
 -0.0000026482
 -0.0000124574
 -0.0000132581
 -0.0000026791
 -0.0000028674
 -0.0000044487
 -0.0000096622
 -0.0000022022
 -0.0000033071
 -0.0000115560
 -0.0000000793
 -0.0000049541
 -0.0000148464
  0.0000003088
 -0.0000022474
 -0.0000013492
  0.0000076591
 -0.0000087107
 -0.0000012955
 -0.0000124642
 -0.0001204038
  0.0000965508
 -0.0000975895
 -0.0000394415
  0.0001235860
  0.0000826422
 -0.0000061125
 -0.0002278020
  0.0004012011
  0.0002410295
  0.0003388233
 -0.0002321885
  0.0002307612
  0.0000441537
  0.0001621614
 -0.0000056151
 -0.0000211942
  0.0000065184
  0.0000150769
 -0.0000011840
 -0.0000050646
 -0.0000109494
 -0.0000025695
 -0.0000121741
 -0.0000091094
 -0.0000066848
 -0.0000009159
 -0.0000142709
 -0.0000090333
 -0.0000026962
 -0.0000093101
  0.0000012871
 -0.0000058263
 -0.0003435151
 -0.0000157238
 -0.0000235422
  0.0000180861
 -0.0001817781
 -0.0000172527
 -0.0000349197
 -0.0000189744
  0.0000253332
 -0.0000369146
  0.0000053565
  0.0000512901
 -0.0000335031
 -0.0000551641
 -0.0000125523
  0.0000063530
  0.0001952877
 -0.0000250265
  0.0001675057
 -0.0000021839
 -0.0000061710
 -0.0000417975
 -0.0000499552
  0.0000045627
  0.0000006282
  0.0000049492
  0.0000041331
  0.0000029140
  0.0000059277
  0.0000025070
  0.0000107031
  0.0000094975
  0.0000089470
  0.0000145983
  0.0000017209
 -0.0000017046
  0.0000072127
  0.0000015017
  0.0000057833
 -0.0000002232
 -0.0000050414
  0.0000085523
  0.0000086987
  0.0000051794
  0.0000213829
  0.0000081923
  0.0000131944
  0.0000000974
  0.0000075854
  0.0000020563
  0.0001511218
  0.0000161019
  0.0002079834
  0.0001731532
  0.0000133241
 -0.0000608635
 -0.0001356868
 -0.0000041744
  0.0000672937
 -0.0003177025
 -0.0001275515
 -0.0000183997
 -0.0001553521
  0.0000799482
  0.0000134616
  0.0000020198
  0.0000159889
  0.0000005488
  0.0000037661
  0.0000089357
  0.0000071478
  0.0000182511
  0.0000070074
  0.0000024812
 -0.0000087637
  0.0000032518
  0.0000104754
  0.0000181140
  0.0000037226
  0.0000135726
  0.0000010349
  0.0000161076
  0.0000063937
  0.0000083019
 -0.0000011633
  0.0000224404
  0.0000103144
 -0.0000402201
  0.0000003475
 -0.0000033061
  0.0000275992
  0.0000200487
 -0.0000042411
  0.0000054731
  0.0000164528
  0.0000093978
 -0.0000158591
  0.0000141408
  0.0001634798
  0.0000124433
  0.0000014926
 -0.0001726283
 -0.0000139486
  0.0000133138
  0.0000255771
  0.0000158112
  0.0000099091
  0.0000310497
  0.0000177694
  0.0000144150
  0.0000198261
  0.0000352806
  0.0000163004
  0.0000230174
  0.0000239214
  0.0000169058
  0.0000150058
  0.0000182907
  0.0000348582
  0.0000120590
  0.0000329774
  0.0000261354
  0.0000194476
  0.0000337630
  0.0000244504
  0.0000228001
  0.0000162332
  0.0000094741
  0.0000187940
  0.0000246994
  0.0000083487
  0.0000230456
  0.0000063305
  0.0000068325
  0.0000130293
  0.0000112224
 -0.0000949145
  0.0001510812
  0.0000829036
 -0.0000005125
 -0.0000050770
  0.0001313465
  0.0000601489
 -0.0000668544
  0.0002947438
 -0.0001878904
  0.0005362693
 -0.0001129668
 -0.0000758779
 -0.0000845655
  0.0002549339
  0.0000178657
  0.0000216973
  0.0000314624
  0.0000276036
  0.0000157965
  0.0000095067
  0.0000179722
  0.0000214939
  0.0000190297
  0.0000294771
  0.0000163517
  0.0000089917
  0.0000283503
  0.0000222101
  0.0000529441
  0.0000181673
  0.0000269377
  0.0000096900
 -0.0001546345
  0.0000155337
  0.0000229760
  0.0000142752
  0.0000019777
  0.0000053690
  0.0000657422
  0.0000259923
  0.0000488226
  0.0000030507
  0.0000264735
  0.0000861502
  0.0001550705
  0.0000207865
  0.0000652885
  0.0000352081
  0.0000070409
 -0.0001075479
 -0.0000138883
 -0.0000157969
 -0.0000228721
 -0.0000217674
 -0.0000145224
 -0.0000118475
 -0.0000278541
 -0.0000187715
 -0.0000106636
 -0.0000243936
 -0.0000202153
 -0.0000135647
 -0.0000104597
 -0.0000056551
  0.0000040825
 -0.0000206004
 -0.0000144776
 -0.0000068067
 -0.0000213117
 -0.0000120594
 -0.0000185544
 -0.0000190849
 -0.0000196270
 -0.0000184375
 -0.0000156950
 -0.0000201420
 -0.0000134352
 -0.0000227522
 -0.0000132434
 -0.0000178090
 -0.0000228262
 -0.0000293986
 -0.0000062121
 -0.0000055675
 -0.0000282826
 -0.0000252389
 -0.0000094806
  0.0001185834
 -0.0000638294
  0.0000079069
 -0.0001158976
 -0.0001157553
  0.0001282578
 -0.0000685550
 -0.0000568851
  0.0001349162
  0.0001124834
 -0.0002012453
 -0.0000976313
  0.0000941291
 -0.0001574335
 -0.0001115347
 -0.0000028612
 -0.0000059336
 -0.0000141199
 -0.0000158587
 -0.0000164104
 -0.0000173517
 -0.0000197354
  0.0000004405
  0.0000001615
 -0.0000125376
  0.0000086819
 -0.0000068822
 -0.0000066014
 -0.0000113880
 -0.0000065548
 -0.0000172471
  0.0000079076
 -0.0000142176
 -0.0007342259
 -0.0000199833
 -0.0001229939
 -0.0000144450
 -0.0000064334
  0.0000010793
 -0.0000244716
 -0.0000107473
 -0.0000353858
 -0.0000189978
 -0.0000949734
  0.0000070203
 -0.0000128245
  0.0000004819
 -0.0000713651
  0.0001554646
  0.0000129338
  0.0007851323
 -0.0000068100
 -0.0000109075
  0.0000374405
 -0.0000087690
  0.0000016568
 -0.0000002474
  0.0000000139
 -0.0000029088
 -0.0000024161
  0.0000019498
 -0.0000009786
  0.0000061103
  0.0000024075
  0.0000099654
  0.0000070952
 -0.0000006730
  0.0000053694
 -0.0000001065
  0.0000063991
 -0.0000035298
  0.0000011242
  0.0000026295
 -0.0000018593
  0.0000040400
  0.0000024052
 -0.0000032960
  0.0000026475
  0.0000198626
 -0.0000155624
 -0.0000901486
  0.0000256887
  0.0000370013
  0.0001060660
  0.0000532147
 -0.0000036211
 -0.0000127743
 -0.0000465373
  0.0000658303
 -0.0000417361
 -0.0001481774
  0.0000113180
  0.0000308033
  0.0000018637
  0.0000101840
 -0.0000076649
  0.0000079856
 -0.0000011374
  0.0000105391
  0.0000011651
 -0.0000055624
 -0.0000044155
  0.0000183691
  0.0000123719
  0.0000048297
 -0.0000013595
  0.0000120363
  0.0000005073
 -0.0000024071
  0.0000245754
  0.0000014045
  0.0000372304
 -0.0000058277
 -0.0000437693
 -0.0000039641
 -0.0000012881
  0.0000031255
 -0.0000081221
 -0.0000091943
 -0.0000452903
  0.0000158212
 -0.0000013377
  0.0000058680
  0.0000114488
  0.0000029115
 -0.0000046980
  0.0000164567
 -0.0000028190
  0.0000305642
 -0.0000297544
 -0.0000328421
  0.0000061976
  0.0000349005
  0.0000962385
  0.0000037301
 -0.0001347216
 -0.0000026393
 -0.0000508918
  0.0000178820
  0.0000074039
  0.0000076628
  0.0000005073
  0.0000069819
 -0.0000011222
 -0.0000007630
  0.0000137005
  0.0000035186
  0.0000083845
  0.0000086769
 -0.0000007798
 -0.0000010890
  0.0000072031
  0.0000044861
 -0.0000011832
  0.0000040090
  0.0000039844
  0.0000096703
  0.0000107279
  0.0000068943
  0.0000065939
 -0.0000019203
 -0.0000014167
 -0.0000403937
  0.0000006960
 -0.0000137942
 -0.0000350228
  0.0000275817
  0.0000994235
  0.0000921983
  0.0000363461
 -0.0000964499
  0.0000352054
  0.0000739500
  0.0000047446
 -0.0000166746
 -0.0000595224
  0.0000384425
 -0.0000023053
  0.0000043057
  0.0000028366
 -0.0000034477
  0.0000083637
  0.0000043795
  0.0000018938
  0.0000051553
  0.0000059698
  0.0000102371
 -0.0000010042
  0.0000044313
 -0.0000138350
  0.0000031413
 -0.0000030666
  0.0000024737
  0.0000173522
  0.0000106990
  0.0000525248
  0.0000313993
 -0.0000065933
 -0.0000401325
  0.0000307082
 -0.0000066713
 -0.0000460131
  0.0000122153
 -0.0000225605
  0.0000137406
 -0.0000022847
  0.0000073658
  0.0000042419
 -0.0000388198
 -0.0000437820
  0.0000090516
  0.0000289633
  0.0000087161
 -0.0001496658
  0.0000052238
 -0.0000128308
  0.0000168659
  0.0000022366
 -0.0000014416
  0.0000082948
  0.0000010500
  0.0000065436
  0.0000067230
 -0.0000072637
 -0.0000004972
  0.0000143226
 -0.0000007887
  0.0000177723
 -0.0000041459
  0.0000251956
  0.0000221216
 -0.0000055114
  0.0000164126
 -0.0000717067
 -0.0000131464
 -0.0000154185
 -0.0000175406
  0.0000497268
  0.0000139214
 -0.0000092072
  0.0000011412
 -0.0000014480
  0.0000028345
 -0.0000018090
  0.0000187644
  0.0000034865
  0.0000022929
  0.0000096854
  0.0000036058
 -0.0000228292
 -0.0000075654
  0.0001405046
 -0.0000035944
  0.0000377798
 -0.0000169168
 -0.0000542083
  0.0000151508
  0.0000020331
 -0.0000002667
 -0.0000088746
  0.0000027568
 -0.0000075846
 -0.0000025899
  0.0000453990
 -0.0000128078
  0.0000200631
  0.0000115955
  0.0000177627
 -0.0000053554
  0.0000000752
 -0.0000240307
  0.0000042086
  0.0000014456
  0.0000427378
 -0.0000490133
 -0.0000019050
  0.0000027976
 -0.0000755970
  0.0000015080
 -0.0000030383
 -0.0001387881
 -0.0000016624
 -0.0000170832
  0.0000096660
 -0.0000647307
 -0.0000238936
  0.0000761262
  0.0000751953
 -0.0000116970
 -0.0000067867
  0.0000086386
  0.0000416463
 -0.0000067269
  0.0000825940
  0.0000619923
 -0.0000086718
 -0.0000599952
  0.0000779978
  0.0000146147
 -0.0000072791
 -0.0000076071
 -0.0000004538
 -0.0000021086
 -0.0000012879
  0.0000145126
 -0.0000028206
  0.0000022343
  0.0000076653
 -0.0000042916
 -0.0000028444
  0.0001718207
 -0.0000079621
  0.0000142116
 -0.0000342548
  0.0000293967
 -0.0000060218
 -0.0000134471
 -0.0000189409
 -0.0000443202
 -0.0000010591
  0.0000232648
 -0.0000018324
 -0.0000225743
 -0.0000045239
 -0.0000055949
  0.0000077283
 -0.0000705303
  0.0000024448
  0.0000236151
 -0.0000254850
  0.0000020770
  0.0000562306
 -0.0000007453
 -0.0001339272
 -0.0000115288
 -0.0000264491
 -0.0000059040
  0.0000068958
  0.0000043414
  0.0000074689
 -0.0000081284
 -0.0000189301
 -0.0000223985
  0.0000086224
  0.0000160687
  0.0000081661
 -0.0000248645
  0.0000511692
 -0.0000149125
 -0.0000029896
  0.0000426022
 -0.0000011915
 -0.0000063499
 -0.0000140343
 -0.0000143420
 -0.0000443444
 -0.0000145161
 -0.0000169169
 -0.0000060678
 -0.0000010477
 -0.0000015853
  0.0000015398
  0.0000096224
  0.0000000206
 -0.0000022797
  0.0000005431
 -0.0000128825
 -0.0000042787
  0.0001769487
 -0.0000048419
  0.0000344734
 -0.0000249867
 -0.0001746099
  0.0000005226
 -0.0000017261
 -0.0000133010
 -0.0000172183
  0.0000290823
 -0.0000012226
 -0.0000185507
  0.0000346103
 -0.0000088489
  0.0000118138
 -0.0000190429
  0.0000026134
 -0.0000197725
 -0.0000012089
  0.0000206186
  0.0000351704
 -0.0000545264
  0.0000029996
 -0.0000046517
 -0.0000358937
  0.0000055340
 -0.0000068266
 -0.0001319789
  0.0000015029
  0.0000006151
  0.0000049903
 -0.0000046555
  0.0000050183
 -0.0000031799
  0.0000080998
 -0.0000119466
  0.0000125535
 -0.0000049427
  0.0000218852
  0.0000185826
 -0.0000073284
  0.0000167785
 -0.0000646652
 -0.0000148860
 -0.0000173550
 -0.0000221619
  0.0000414854
  0.0000078276
  0.0000033525
 -0.0000013380
 -0.0000012353
  0.0000070054
 -0.0000169252
 -0.0000018034
 -0.0000044097
  0.0000055958
 -0.0000081627
  0.0000020968
  0.0000196698
 -0.0000102790
  0.0001500796
 -0.0000059004
  0.0000353620
 -0.0000188495
 -0.0001093312
  0.0000063941
 -0.0000026868
 -0.0000057590
 -0.0000100630
  0.0000030579
 -0.0000085253
 -0.0000038091
  0.0000442330
 -0.0000137608
 -0.0000068834
 -0.0000018101
 -0.0000263992
  0.0000012398
 -0.0000058757
  0.0000422046
 -0.0000515437
 -0.0000025869
 -0.0000033961
 -0.0000704391
  0.0000010090
 -0.0001355744
 -0.0000036327
  0.0000087498
 -0.0000065604
  0.0000011301
 -0.0000396480
 -0.0000164932
  0.0000544868
  0.0000116660
  0.0000017256
  0.0000018532
 -0.0000092630
  0.0000286749
 -0.0000632687
 -0.0000031042
  0.0000507177
  0.0000029078
 -0.0000304626
  0.0000631205
  0.0000241492
 -0.0000028366
 -0.0000031937
  0.0000030302
 -0.0000043282
  0.0000013745
  0.0000011302
  0.0000069328
  0.0000046684
 -0.0000033440
  0.0000000995
  0.0000989510
 -0.0000033735
 -0.0000285300
 -0.0000152946
 -0.0000046915
 -0.0000112488
 -0.0000119634
 -0.0000005632
  0.0000332615
 -0.0000009738
  0.0000358375
 -0.0000184471
 -0.0000096193
  0.0000210273
 -0.0000112532
  0.0000380682
  0.0000297138
  0.0000051025
  0.0000038697
  0.0000237049
  0.0000757974
  0.0000056780
 -0.0000104660
  0.0000438668
 -0.0000061656
 -0.0000605104
 -0.0000354216
  0.0000633279
  0.0000653242
 -0.0000176471
 -0.0000109660
  0.0000122225
  0.0000290615
  0.0000285550
  0.0000271770
  0.0000489577
 -0.0000338647
  0.0000426635
  0.0000650035
 -0.0000150061
 -0.0000070799
 -0.0000063450
 -0.0000087067
 -0.0000064427
 -0.0000063642
 -0.0000047317
  0.0000154164
 -0.0000055714
  0.0000000322
  0.0000068698
 -0.0000017243
 -0.0000040294
  0.0001671486
 -0.0000138012
  0.0000204064
 -0.0000379823
  0.0000204127
 -0.0000117234
 -0.0000164153
 -0.0000232645
  0.0000417397
 -0.0000373825
 -0.0000036146
  0.0000274368
 -0.0000122833
  0.0000051028
 -0.0000161597
 -0.0000000820
 -0.0000591465
 -0.0000009383
  0.0000262768
 -0.0000673425
 -0.0000049829
 -0.0000262048
  0.0000145139
 -0.0000027317
 -0.0001204257
 -0.0000122542
 -0.0000024148
 -0.0000068616
 -0.0000016373
  0.0000215098
 -0.0000009159
 -0.0000214881
 -0.0000529781
  0.0000039902
  0.0000279869
 -0.0000285190
 -0.0000172836
 -0.0000181432
 -0.0000504500
 -0.0000061928
  0.0000025293
 -0.0000263881
 -0.0000242804
  0.0000326816
  0.0000112903
  0.0000006664
  0.0000121436
  0.0000092602
  0.0000043356
 -0.0000057449
  0.0000020654
 -0.0000002886
  0.0000115365
  0.0000203608
  0.0000019017
 -0.0000265050
 -0.0001223595
 -0.0000070897
 -0.0000427343
 -0.0000176112
  0.0000119283
  0.0000168238
  0.0000037364
  0.0000190960
 -0.0000050187
 -0.0000199102
 -0.0000493093
 -0.0000023111
 -0.0000004946
  0.0000621511
  0.0000265931
  0.0000127621
 -0.0000405227
  0.0000917590
  0.0000316389
  0.0000283780
 -0.0000303406
 -0.0000006451
  0.0000218791
 -0.0000011620
 -0.0000117176
 -0.0000420849
  0.0000045222
  0.0000293245
 -0.0000262906
 -0.0000159098
  0.0000166661
 -0.0000761656
  0.0000136625
  0.0000018513
 -0.0000119569
 -0.0000123423
  0.0000222545
 -0.0000021813
  0.0000022068
 -0.0000054130
  0.0000059379
  0.0000066886
  0.0000029201
  0.0000045275
 -0.0000115470
 -0.0000080834
  0.0000050079
 -0.0000044092
  0.0001036685
 -0.0000071629
 -0.0000214771
 -0.0000226065
 -0.0000021374
 -0.0000023587
 -0.0000169758
  0.0000077469
  0.0000200760
  0.0000058152
  0.0000292840
 -0.0000194809
 -0.0000117186
  0.0000177424
  0.0000122520
  0.0000355346
  0.0000511749
  0.0000367452
  0.0000123985
  0.0000107187
  0.0000791424
 -0.0000030941
  0.0000001159
  0.0000415067
  0.0000023399
 -0.0000016210
 -0.0000039237
  0.0000087909
 -0.0000143169
 -0.0000095624
  0.0000446307
  0.0000302551
 -0.0000012682
  0.0000417604
 -0.0000041477
 -0.0000033266
  0.0000705550
 -0.0000142164
  0.0000194568
 -0.0000136033
 -0.0000384484
 -0.0000435436
 -0.0000031561
 -0.0000062762
 -0.0000100235
  0.0000059056
  0.0000024712
 -0.0000026952
  0.0000099115
 -0.0000052755
  0.0000123687
 -0.0000017683
  0.0001754368
  0.0000344142
 -0.0000234270
 -0.0000663294
 -0.0000011883
 -0.0000080379
 -0.0000426293
 -0.0000215473
  0.0000350493
 -0.0000155677
 -0.0000228852
 -0.0000187910
 -0.0000701192
  0.0000003984
 -0.0000306925
  0.0000348400
 -0.0000530502
 -0.0000050067
  0.0000068439
  0.0000023705
 -0.0001529218
  0.0000015819
 -0.0000053171
  0.0000037308
 -0.0000456827
 -0.0000512671
  0.0000683833
  0.0000292233
 -0.0000094524
 -0.0000167410
  0.0000192010
 -0.0000147131
 -0.0000340275
 -0.0000144372
  0.0000331530
 -0.0000246935
  0.0000060724
  0.0000640820
 -0.0000232561
  0.0000037032
 -0.0000019698
 -0.0000034357
  0.0000063587
 -0.0000078575
 -0.0000010842
  0.0000005852
  0.0000048314
  0.0000030280
  0.0000074202
 -0.0000006517
  0.0000218052
 -0.0000067509
  0.0001727750
 -0.0000088515
  0.0000275942
 -0.0000319975
  0.0000409803
 -0.0000059683
 -0.0000166826
 -0.0000204640
  0.0000575619
 -0.0000332247
 -0.0000126167
  0.0000328637
 -0.0000113862
  0.0000050453
  0.0000128613
 -0.0000163703
  0.0000041495
 -0.0000581649
 -0.0000136668
  0.0000338404
 -0.0000631005
 -0.0000005936
  0.0000158994
  0.0000049179
 -0.0001058602
 -0.0000053499
  0.0000185538
  0.0000025653
 -0.0000088623
 -0.0000078930
 -0.0000286849
 -0.0000107364
  0.0000545936
 -0.0000121544
  0.0000037235
 -0.0000000457
 -0.0000062904
  0.0000392562
 -0.0000304401
 -0.0000320576
  0.0000558836
  0.0000076555
  0.0000131159
  0.0000627694
  0.0000297989
  0.0000102796
 -0.0000070538
 -0.0000032358
 -0.0000012593
  0.0000007795
  0.0000110913
  0.0000042832
  0.0000056458
  0.0000144062
  0.0001295596
 -0.0000048890
 -0.0000218015
 -0.0000181447
 -0.0001350782
 -0.0000085004
 -0.0000224328
  0.0000043289
  0.0000286192
 -0.0000018218
  0.0000228344
 -0.0000051159
  0.0000057994
  0.0000045664
  0.0000402344
  0.0000214575
  0.0000056552
 -0.0000356470
  0.0000889375
  0.0000395004
 -0.0000021681
 -0.0000216126
  0.0000064280
  0.0000030994
  0.0000093480
  0.0000415955
  0.0000142026
 -0.0000298017
 -0.0000546817
  0.0000279195
  0.0000420445
 -0.0000589542
 -0.0000556175
  0.0000247529
  0.0000495858
 -0.0000078216
 -0.0000202565
  0.0000278179
  0.0000010755
 -0.0000278281
  0.0000028382
  0.0000017537
  0.0000016296
  0.0000017979
  0.0000004760
  0.0000000347
  0.0000091726
  0.0000143516
 -0.0000217064
 -0.0000312788
  0.0000028775
 -0.0000973703
 -0.0000052430
 -0.0000013480
 -0.0000341836
  0.0000115746
 -0.0000126285
 -0.0000041301
 -0.0000099408
  0.0000135189
  0.0000002353
  0.0000113442
 -0.0000059312
  0.0000180294
 -0.0000015560
  0.0000086163
  0.0000455386
 -0.0000121500
 -0.0000150756
  0.0002057439
 -0.0000423389
 -0.0000140793
 -0.0000321340
  0.0000828727
  0.0000018589
 -0.0000012635
 -0.0000017425
  0.0000583417
  0.0000026291
 -0.0000635656
 -0.0000529962
  0.0000012657
  0.0000118237
 -0.0000521714
 -0.0000255742
 -0.0000053109
 -0.0000242231
 -0.0000301959
 -0.0000003484
  0.0000015947
 -0.0000518715
  0.0000507611
  0.0000036593
  0.0000091528
 -0.0000113298
  0.0000001511
  0.0000072062
  0.0000021348
  0.0000082403
  0.0000078564
  0.0000044714
 -0.0000018861
 -0.0000899462
  0.0000146058
  0.0000154019
  0.0000020868
  0.0000144310
  0.0000039726
 -0.0000199777
  0.0000102660
  0.0000111708
  0.0000127267
  0.0000145212
  0.0000016304
  0.0001693603
 -0.0000743480
  0.0000042606
 -0.0000132026
  0.0000777425
 -0.0000001504
 -0.0000072745
  0.0000006681
  0.0000255415
 -0.0000139327
 -0.0000209420
  0.0000393334
  0.0000196393
 -0.0000175340
 -0.0000061413
  0.0000089316
  0.0000087461
  0.0000103372
 -0.0000046051
  0.0000028517
 -0.0000273949
 -0.0000272640
 -0.0000092703
 -0.0000010132
  0.0000084015
 -0.0000098235
  0.0000150349
  0.0000069284
 -0.0000044860
 -0.0000066237
 -0.0000056196
  0.0000118140
  0.0000020997
  0.0000069039
 -0.0000021385
  0.0001296272
  0.0000301421
 -0.0000149946
 -0.0001103841
  0.0000132376
 -0.0000040937
 -0.0000037875
 -0.0000067372
 -0.0000068480
 -0.0000059796
  0.0000401790
 -0.0000138022
 -0.0000016758
 -0.0000053571
 -0.0000189577
 -0.0000000816
  0.0000269546
 -0.0000119762
  0.0000093433
  0.0000008716
 -0.0000854066
  0.0000030302
 -0.0001342012
  0.0000004359
  0.0000084123
  0.0000039676
  0.0000014180
 -0.0000303057
 -0.0000448070
  0.0000486874
  0.0000145659
  0.0000070228
 -0.0000249031
  0.0000377631
 -0.0000164645
 -0.0000309249
 -0.0000300896
  0.0000071662
 -0.0000071573
  0.0000058284
  0.0000277011
 -0.0000485815
 -0.0000074333
 -0.0000020353
 -0.0000121822
 -0.0000042888
 -0.0000080455
 -0.0000057736
  0.0000093149
 -0.0000051792
 -0.0000002075
  0.0000076910
  0.0001445883
  0.0000256493
 -0.0000294759
 -0.0000099250
 -0.0000099684
 -0.0000207614
  0.0000248447
 -0.0000178576
  0.0000517960
 -0.0000207526
 -0.0000014193
  0.0000343391
 -0.0000601732
 -0.0000074151
  0.0000345224
  0.0000594900
  0.0000029353
 -0.0000043663
  0.0000463692
 -0.0000081706
 -0.0000077845
 -0.0000031642
  0.0000740856
  0.0000163220
 -0.0000523215
 -0.0000525716
 -0.0000120689
 -0.0000199938
 -0.0000487939
 -0.0000372419
  0.0000082552
 -0.0000049288
 -0.0000362198
 -0.0000022650
  0.0000126108
 -0.0000331121
  0.0000586854
 -0.0000070616
 -0.0000028119
 -0.0000056819
 -0.0000071491
  0.0000055008
 -0.0000016015
 -0.0000123232
 -0.0000305059
  0.0000122165
 -0.0000845774
 -0.0000109726
 -0.0000153079
  0.0000203370
  0.0000168096
 -0.0000039752
  0.0000135130
 -0.0000070612
 -0.0000217323
  0.0000119880
  0.0000041087
 -0.0000031119
  0.0000096075
  0.0000120822
 -0.0000012661
  0.0001252997
 -0.0000389907
 -0.0000122362
 -0.0000199028
  0.0000498922
  0.0000076314
 -0.0000382086
 -0.0000538905
  0.0000093753
 -0.0000046493
 -0.0000344126
 -0.0000195093
 -0.0000294609
 -0.0000218329
 -0.0000217998
  0.0000096299
 -0.0000237815
 -0.0000378632
  0.0000541587
 -0.0000036966
 -0.0000062393
  0.0000047131
 -0.0000192575
  0.0000064027
  0.0000162297
  0.0000092723
 -0.0000156944
  0.0000013347
  0.0000083963
  0.0000945806
 -0.0000189377
  0.0000027650
 -0.0000094893
 -0.0000235407
  0.0000047602
 -0.0000015451
 -0.0000257711
  0.0000230631
  0.0000085354
 -0.0000154686
  0.0000088955
  0.0000037902
 -0.0000177858
 -0.0000186672
  0.0000116449
  0.0000095969
  0.0000198381
  0.0000674582
  0.0000285961
  0.0000214357
  0.0000145420
  0.0000692998
 -0.0000163648
  0.0000155426
  0.0000255848
 -0.0000082695
  0.0000010259
  0.0000127142
  0.0000078559
 -0.0000023458
  0.0000038518
 -0.0000109332
  0.0000228398
  0.0000010297
 -0.0000126620
 -0.0000019226
 -0.0000138346
  0.0000075051
 -0.0000786605
  0.0000256200
  0.0000005235
 -0.0000353125
 -0.0000047577
  0.0000136291
 -0.0000120189
  0.0000009563
 -0.0000014932
  0.0000003280
 -0.0000086323
 -0.0000029977
 -0.0000083812
 -0.0000092423
 -0.0000057029
  0.0000027461
 -0.0000075559
 -0.0000096886
 -0.0000092041
  0.0001662273
  0.0000312858
 -0.0000180125
 -0.0000157317
 -0.0000061990
 -0.0000040361
 -0.0000097277
  0.0000042936
  0.0000370610
 -0.0000173457
  0.0000241170
 -0.0000012163
 -0.0000301081
 -0.0000050157
  0.0000348129
 -0.0000328728
  0.0000030830
 -0.0000327790
 -0.0000732153
 -0.0000000913
 -0.0001500286
 -0.0000039834
  0.0000015285
 -0.0000032984
  0.0000095001
  0.0000365845
  0.0000130372
  0.0000110084
  0.0000649294
  0.0000245444
 -0.0000790131
 -0.0000495283
 -0.0000005332
  0.0000304007
  0.0000523034
  0.0000035273
 -0.0000160741
  0.0000166840
  0.0000250584
 -0.0000329638
  0.0000110354
 -0.0000082102
  0.0000005456
  0.0000015083
  0.0000094424
  0.0000068243
 -0.0000125686
 -0.0000077826
 -0.0000199497
 -0.0000100326
  0.0000212955
 -0.0000341195
 -0.0001317589
  0.0000055333
 -0.0000032842
 -0.0000614015
 -0.0000210600
  0.0000075515
 -0.0000089900
 -0.0000163451
  0.0000007392
 -0.0000103184
 -0.0000342689
 -0.0000013839
 -0.0000438076
  0.0000042045
 -0.0000215598
  0.0000460913
  0.0000164560
 -0.0000077940
 -0.0000517803
  0.0002778355
 -0.0000166468
 -0.0000798519
  0.0000094710
 -0.0000552314
  0.0000201842
  0.0000646793
  0.0000130532
 -0.0000601582
  0.0000855445
  0.0000246577
  0.0000080655
  0.0000423489
  0.0000065231
  0.0000055544
 -0.0000323219
 -0.0000404751
  0.0000139158
  0.0000670751
 -0.0000805708
 -0.0000176539
  0.0000029900
  0.0000038915
  0.0000031102
 -0.0000021307
  0.0000012178
 -0.0000001327
  0.0000020999
 -0.0000060907
 -0.0000036533
 -0.0000046260
 -0.0000066904
 -0.0000053811
  0.0000045670
  0.0001741088
 -0.0000077261
  0.0000264197
 -0.0000238696
 -0.0000052064
 -0.0000035600
 -0.0000059624
 -0.0000130326
  0.0000245401
 -0.0000067055
 -0.0000178907
  0.0000340901
 -0.0000190442
 -0.0000167862
 -0.0000046154
 -0.0000272052
 -0.0000009239
  0.0000255568
 -0.0000589435
 -0.0000090922
 -0.0000205881
 -0.0000481612
 -0.0000012591
 -0.0001401671
 -0.0000066638
 -0.0000023663
  0.0000117630
 -0.0000239933
 -0.0000090970
  0.0000311244
 -0.0000316579
  0.0000082275
  0.0000145171
 -0.0000223409
  0.0000039738
 -0.0000441992
 -0.0000514006
  0.0000080279
  0.0000038465
  0.0000018056
  0.0000370131
  0.0000273799
  0.0000019131
 -0.0000082337
  0.0000081689
  0.0000008001
 -0.0000093933
 -0.0000067189
 -0.0000081130
  0.0000014592
 -0.0000046976
  0.0001070834
 -0.0000066923
 -0.0000051526
 -0.0000314484
 -0.0000024279
 -0.0000051230
 -0.0000098268
 -0.0000025032
  0.0000246707
 -0.0000013589
 -0.0000153808
 -0.0000048847
 -0.0000139917
  0.0000153107
 -0.0000647692
  0.0000048544
  0.0000069672
  0.0000274743
  0.0000133962
  0.0000054792
  0.0000625794
 -0.0000042323
 -0.0000133101
  0.0000115634
 -0.0000178784
 -0.0000073547
 -0.0000001206
  0.0000431942
  0.0000045133
 -0.0000418956
 -0.0000585576
  0.0000276832
  0.0000416082
 -0.0000684097
 -0.0000592266
  0.0000010107
  0.0000388073
 -0.0000130673
 -0.0000217827
  0.0000231337
 -0.0000117881
 -0.0000332507
  0.0000065075
 -0.0000133304
  0.0000068625
 -0.0000065371
 -0.0000057963
 -0.0000078136
  0.0000159087
 -0.0000091681
 -0.0000232618
 -0.0000152876
 -0.0000243051
 -0.0000044346
 -0.0001100815
 -0.0000057413
 -0.0000030055
 -0.0000122755
 -0.0000053569
 -0.0000054806
 -0.0000062421
 -0.0000128496
  0.0000682136
 -0.0000026050
  0.0000073130
  0.0000124427
 -0.0000372513
  0.0000033441
  0.0000453714
 -0.0000157805
  0.0000494439
 -0.0000075769
 -0.0000209081
  0.0001461254
 -0.0000179289
  0.0000406960
 -0.0000160156
  0.0000236866
  0.0000030494
  0.0000790373
  0.0000283510
 -0.0000356072
  0.0000146692
  0.0000102219
  0.0000260294
  0.0000302377
  0.0000025087
  0.0000058067
 -0.0000551119
 -0.0000301459
 -0.0000014570
  0.0000482072
 -0.0000659132
  0.0000113581
 -0.0000030316
  0.0000072563
 -0.0000119618
  0.0000031365
 -0.0000042705
  0.0000107027
  0.0000070635
 -0.0000054342
 -0.0000088689
  0.0000013047
 -0.0000068190
 -0.0000017410
  0.0001720754
  0.0000277055
 -0.0000221592
  0.0000085171
 -0.0000019994
 -0.0000115435
 -0.0000087862
 -0.0000102466
  0.0000350309
 -0.0000128536
  0.0000136006
 -0.0000121827
 -0.0000064826
 -0.0000306389
 -0.0000006765
  0.0000277226
 -0.0000602222
 -0.0000020548
 -0.0000210105
 -0.0000487237
  0.0000011566
 -0.0001298251
 -0.0000087718
  0.0000314928
 -0.0000021475
 -0.0000080714
 -0.0000000461
 -0.0000550729
 -0.0000444702
  0.0000676600
  0.0000459492
 -0.0000113855
 -0.0000175704
  0.0000170297
 -0.0000135955
  0.0000144659
  0.0000062567
  0.0000354748
 -0.0000259532
  0.0000359203
  0.0000704220
 -0.0000176757
  0.0000084225
  0.0000011295
 -0.0000027136
  0.0000018496
 -0.0000046117
  0.0000037266
  0.0000048495
  0.0000022597
 -0.0000013571
 -0.0000020009
  0.0000085559
  0.0001713932
  0.0000219041
 -0.0000336005
 -0.0000474582
 -0.0000044886
 -0.0000130852
 -0.0000506561
 -0.0000125731
  0.0000261551
 -0.0000126141
 -0.0000223363
 -0.0000164681
  0.0000033078
 -0.0000754643
  0.0000016325
 -0.0000276421
  0.0000302633
 -0.0000648486
 -0.0000006927
  0.0000455402
  0.0000017331
 -0.0000083454
 -0.0000048906
 -0.0000042735
  0.0000146193
 -0.0000058697
 -0.0000043596
  0.0000043175
  0.0000103532
 -0.0000101776
  0.0000044585
 -0.0000043701
 -0.0000055357
 -0.0000111735
  0.0000261490
  0.0000045539
 -0.0000595208
 -0.0000124415
 -0.0000007041
  0.0000040751
 -0.0000046330
 -0.0000059081
  0.0000049909
 -0.0000037805
 -0.0000078019
  0.0000047087
  0.0000285867
 -0.0000000745
  0.0000036966
 -0.0000040060
 -0.0000061835
 -0.0000018170
  0.0001348090
 -0.0000074102
  0.0000336029
 -0.0000131071
 -0.0001090651
  0.0000108070
  0.0000006246
 -0.0000045343
 -0.0000110734
 -0.0000011815
 -0.0000114369
  0.0000092034
  0.0000415267
 -0.0000092164
  0.0000035295
  0.0000009097
 -0.0000280820
  0.0000019072
 -0.0000056640
  0.0000362422
 -0.0000178332
  0.0000053480
 -0.0000012501
 -0.0000812925
  0.0000032001
 -0.0001353481
  0.0000019257
  0.0000081264
  0.0000417308
 -0.0000107977
 -0.0000393303
  0.0000827176
  0.0000288255
 -0.0000052211
  0.0000442134
 -0.0000034760
  0.0000099884
  0.0000432923
 -0.0000246313
  0.0000178039
  0.0000144066
 -0.0000732662
 -0.0000448310
  0.0000068396
 -0.0000097525
 -0.0000021948
  0.0000005674
 -0.0000103658
  0.0000038868
  0.0000000975
  0.0000060606
 -0.0000067552
  0.0000029679
 -0.0000007572
  0.0000070484
 -0.0000015794
  0.0001792504
 -0.0000064326
  0.0000303861
 -0.0000237089
 -0.0001801870
 -0.0000007262
 -0.0000018380
 -0.0000094996
 -0.0000176919
  0.0000267087
 -0.0000004183
 -0.0000234396
  0.0000362485
 -0.0000220877
 -0.0000207746
 -0.0000012313
 -0.0000188770
 -0.0000017844
  0.0000179226
  0.0000289639
 -0.0000538533
 -0.0000053266
 -0.0000072152
 -0.0000446716
  0.0000019730
 -0.0001339140
 -0.0000022122
  0.0000002554
 -0.0000022577
  0.0000076825
  0.0000654831
  0.0000336331
 -0.0000099334
 -0.0000294406
  0.0000521799
  0.0000412685
 -0.0000374400
 -0.0000409016
  0.0000552860
  0.0000734832
  0.0000101530
  0.0000033812
  0.0000498738
  0.0000197683
 -0.0000072038
  0.0000035283
  0.0000045208
  0.0000088927
  0.0000229519
  0.0000091700
  0.0000258276
  0.0000158672
  0.0000845150
  0.0000269997
 -0.0000184255
 -0.0001191432
  0.0000149706
 -0.0000249843
 -0.0000091487
  0.0000127670
 -0.0000024010
  0.0000114313
  0.0000029323
 -0.0000118396
  0.0000420691
 -0.0000414850
 -0.0000241277
 -0.0000054306
  0.0000628246
  0.0000671488
  0.0000150756
 -0.0000188681
 -0.0001109446
  0.0000455363
 -0.0000302479
  0.0000170333
 -0.0000077894
  0.0000905142
  0.0000210502
 -0.0000445062
 -0.0000321161
 -0.0000166131
 -0.0000288842
 -0.0000497392
 -0.0000316303
  0.0000275602
  0.0000198429
 -0.0000656835
 -0.0000072966
  0.0000299863
 -0.0000242827
  0.0000201863
 -0.0000056541
 -0.0000083541
  0.0000037822
  0.0000060589
  0.0000057787
  0.0000046938
  0.0000165850
  0.0000223078
  0.0000021173
 -0.0000103769
 -0.0001211927
  0.0000052674
 -0.0000080287
 -0.0000167768
 -0.0000088617
  0.0000316708
  0.0000074523
 -0.0000049301
 -0.0000129550
  0.0000629247
 -0.0000045567
 -0.0000099063
 -0.0000342633
  0.0000157259
  0.0000430232
  0.0000154929
  0.0000210589
  0.0000133393
 -0.0000208962
  0.0001232466
 -0.0000264939
  0.0000529270
  0.0000184167
  0.0000252680
  0.0000013390
  0.0000213141
 -0.0000028785
 -0.0000135948
 -0.0000471349
  0.0000046610
  0.0000262096
 -0.0000296804
 -0.0000196135
  0.0000294640
 -0.0000778812
  0.0000161630
 -0.0000011842
 -0.0000008719
 -0.0000124489
  0.0000141105
 -0.0000074157
 -0.0000033219
 -0.0000010448
 -0.0000171963
  0.0000046056
  0.0000055999
  0.0000192214
  0.0000132360
 -0.0000172527
 -0.0000006879
  0.0000079324
  0.0000992822
 -0.0000033100
 -0.0000155785
 -0.0000300915
 -0.0000075996
 -0.0000058799
 -0.0000025663
 -0.0000227894
  0.0000006221
  0.0000308991
 -0.0000127026
  0.0000037855
 -0.0000190308
 -0.0000035950
 -0.0000153584
  0.0000207144
 -0.0000618331
  0.0000109066
 -0.0000079977
  0.0000350816
  0.0000291552
  0.0000085518
  0.0000731322
 -0.0000064051
 -0.0000107805
  0.0000011479
 -0.0000129218
 -0.0000052853
 -0.0000129896
 -0.0000023944
 -0.0000127171
  0.0000387975
 -0.0000047574
 -0.0000214983
  0.0000291057
  0.0000226752
 -0.0000123731
 -0.0000002328
  0.0000083205
 -0.0000139074
 -0.0000429108
  0.0000113580
  0.0000084964
 -0.0000281154
 -0.0000338299
 -0.0000030870
 -0.0000028216
 -0.0000007466
 -0.0000113603
  0.0000100156
  0.0000037692
  0.0000083307
  0.0000045304
  0.0000159648
 -0.0000054004
  0.0000019607
 -0.0000186527
 -0.0000085550
 -0.0000029247
  0.0001118069
  0.0000026035
  0.0000292442
 -0.0000055939
 -0.0000328910
  0.0000182341
  0.0000047757
 -0.0000070064
 -0.0000106688
  0.0000110458
  0.0000063912
  0.0000160608
  0.0000438131
  0.0000131164
  0.0000054926
  0.0000234627
  0.0000167286
  0.0000141450
  0.0000109360
  0.0000047708
 -0.0000039202
 -0.0000042775
  0.0000152135
  0.0000261469
 -0.0000122665
  0.0000115768
  0.0000052139
 -0.0000887096
 -0.0000046407
  0.0000046679
 -0.0001224138
  0.0000026076
 -0.0000117061
  0.0000111389
  0.0000855529
  0.0000258702
 -0.0000429071
 -0.0000425924
 -0.0000132052
 -0.0000220438
 -0.0000431502
 -0.0000356191
  0.0000152798
  0.0000100488
 -0.0000474410
  0.0000027316
  0.0000196854
 -0.0000237598
  0.0000477098
 -0.0000000529
 -0.0000157487
  0.0000105323
  0.0000042281
 -0.0000113516
 -0.0000165335
 -0.0000020762
  0.0000138743
 -0.0000048446
 -0.0000239465
 -0.0001174215
 -0.0000073971
 -0.0000393447
 -0.0000117757
  0.0000245112
 -0.0000029397
  0.0000292962
  0.0000000760
 -0.0000175335
 -0.0000403545
  0.0000064173
  0.0000073922
  0.0000132516
  0.0000135711
  0.0000165139
 -0.0000373378
  0.0001297151
  0.0000287343
  0.0000116404
 -0.0000245837
  0.0000007212
 -0.0000008135
 -0.0000107373
  0.0000229040
  0.0000070686
  0.0000125040
  0.0000248832
 -0.0000008149
  0.0000115736
  0.0000035174
 -0.0000167068
  0.0001031764
 -0.0000408746
  0.0000084373
  0.0000029592
  0.0000470406
  0.0000028484
  0.0000187442
  0.0000039021
  0.0000038679
  0.0000025289
 -0.0000125901
  0.0000018312
 -0.0000020629
  0.0000012286
 -0.0000044607
  0.0000049882
 -0.0000257661
  0.0000003799
  0.0000670656
  0.0000000377
  0.0000396227
 -0.0000086286
 -0.0000361070
  0.0000299279
  0.0000014575
 -0.0000014031
 -0.0000112946
  0.0000005674
  0.0000006905
 -0.0000077529
  0.0000373957
  0.0000046064
 -0.0000109370
  0.0000129484
  0.0000029824
  0.0000148442
  0.0000018501
 -0.0000003076
 -0.0000041546
 -0.0000020164
  0.0000106519
  0.0000248326
 -0.0000123544
  0.0000159970
  0.0000141763
 -0.0001347349
  0.0000019916
 -0.0000031664
 -0.0001501980
  0.0000067202
 -0.0000342909
  0.0000088551
  0.0000241762
  0.0000054086
 -0.0000122967
 -0.0000452047
  0.0000093612
  0.0000327187
 -0.0000220867
 -0.0000116193
  0.0000047357
 -0.0000571668
  0.0000051350
  0.0000078485
 -0.0000133383
 -0.0000143183
  0.0000350705
  0.0000055475
  0.0000054545
  0.0000042196
  0.0000032565
  0.0000095531
  0.0000016472
  0.0000040911
  0.0000006842
 -0.0000029649
  0.0001447327
  0.0000146902
 -0.0000013062
 -0.0000341154
 -0.0001517688
  0.0000031609
 -0.0000005587
 -0.0000313060
  0.0000160291
  0.0000256916
  0.0000104041
  0.0000469694
 -0.0000162436
 -0.0000098421
  0.0000385390
  0.0000090291
  0.0000285645
  0.0000728981
  0.0000391263
  0.0000181425
 -0.0000304970
  0.0000873343
  0.0000012576
  0.0000321816
  0.0000230221
  0.0000193794
 -0.0000557112
 -0.0000317154
  0.0000682142
  0.0000724068
 -0.0000103248
 -0.0000130574
  0.0000180520
  0.0000052963
  0.0000431638
  0.0000536151
  0.0000464264
 -0.0000267275
  0.0000350694
  0.0000701823
 -0.0000121931
 -0.0000051129
 -0.0000037093
  0.0000017121
  0.0000009340
  0.0000086069
  0.0000068286
 -0.0000001300
 -0.0000027427
 -0.0000013441
  0.0001307623
  0.0000166250
 -0.0000335538
  0.0000030202
 -0.0000019876
 -0.0000061050
 -0.0000071030
  0.0000215157
 -0.0000114009
  0.0000352207
 -0.0000127475
  0.0000012615
  0.0000415582
  0.0000281635
 -0.0000557958
  0.0000008878
  0.0000658445
  0.0000579689
  0.0000007052
 -0.0000080841
  0.0000476518
 -0.0000143571
  0.0000213349
  0.0000033026
  0.0000174565
 -0.0000377415
  0.0000174601
  0.0000204551
 -0.0000192828
  0.0000153064
  0.0000317141
 -0.0000667852
  0.0000125258
  0.0000121336
 -0.0000008092
  0.0000202958
  0.0000276958
  0.0000013349
  0.0000136507
 -0.0000099785
  0.0000029414
  0.0000121017
  0.0000064109
  0.0000135016
  0.0000117943
  0.0000107106
 -0.0000068814
 -0.0001112439
 -0.0000059089
  0.0000050731
  0.0000017454
  0.0000045833
  0.0000025050
 -0.0000092984
 -0.0000079075
 -0.0000269604
  0.0000068248
 -0.0000063085
  0.0000612139
  0.0000406382
 -0.0000203414
  0.0000828461
 -0.0000118719
  0.0000159989
 -0.0000337766
 -0.0000832757
 -0.0000603055
  0.0000077283
 -0.0000894752
  0.0000017754
  0.0000162857
 -0.0000190842
  0.0000023108
  0.0000092301
  0.0000132908
  0.0000515127
  0.0000128140
 -0.0000017774
 -0.0000193327
  0.0000338811
 -0.0000031176
 -0.0004310560
 -0.0000232787
 -0.0000185369
 -0.0000234995
 -0.0005873568
  0.0000748086
  0.0000775555
 -0.0000345012
  0.0000689629
  0.0000054786
  0.0000218768
  0.0000214768
 -0.0000016528
  0.0000120894
  0.0000099732
  0.0002951879
 -0.0000331668
 -0.0000075497
 -0.0000171853
  0.0000621141
 -0.0000158810
 -0.0000186373
  0.0000061435
 -0.0000540214
  0.0000017247
  0.0000768054
 -0.0002491280
 -0.0001304302
 -0.0000375299
 -0.0000215482
 -0.0002334902
  0.0000411043
  0.0001132652
  0.0000168299
 -0.0000190389
  0.0000508664
 -0.0000022867
  0.0000156019
 -0.0000211836
  0.0000483995
  0.0000144731
  0.0000018982
 -0.0000085688
  0.0000154073
  0.0000201759
  0.0000358705
  0.0000050766
 -0.0000312441
 -0.0000165143
 -0.0002216810
 -0.0000097386
 -0.0000413080
 -0.0000134561
 -0.0003234154
  0.0002755370
  0.0000056623
  0.0000417193
  0.0000227647
 -0.0000081313
  0.0000161107
 -0.0000195222
 -0.0000102231
 -0.0000125787
  0.0000391474
  0.0001321160
  0.0000135559
 -0.0000148893
 -0.0000410724
  0.0000159697
 -0.0000480787
  0.0000338596
 -0.0000632798
 -0.0000359096
  0.0000379974
  0.0000025298
  0.0001163760
 -0.0002033523
  0.0000414974
 -0.0000291489
 -0.0005381846
  0.0000382647
  0.0000019297
 -0.0000182658
 -0.0000499961
 -0.0000283104
  0.0000179079
  0.0000094460
  0.0000169175
 -0.0000198957
  0.0000060062
  0.0000379957
  0.0000432212
  0.0000217241
  0.0000466614
 -0.0000112020
  0.0000003136
  0.0000275845
  0.0000399316
 -0.0004321033
  0.0000188063
 -0.0000360123
  0.0000154334
 -0.0005870104
 -0.0001327354
 -0.0000577907
  0.0000584681
 -0.0000129598
 -0.0000024211
  0.0000071248
 -0.0000366598
 -0.0000150481
  0.0000034499
  0.0000160414
  0.0001125359
 -0.0000024013
 -0.0000339837
  0.0000567788
 -0.0000459978
 -0.0000964032
  0.0000114847
 -0.0001066376
 -0.0000664457
 -0.0000083156
 -0.0000612157
 -0.0001612899
 -0.0001071140
  0.0000544703
  0.0000553999
 -0.0003204208
 -0.0000392480
  0.0000522536
 -0.0000298096
  0.0000367416
 -0.0000167863
  0.0000072548
  0.0001248141
  0.0001781070
  0.0000472493
  0.0000796321
 -0.0000041433
 -0.0000270209
  0.0000172615
 -0.0000393623
 -0.0000048309
 -0.0000157084
  0.0000224053
  0.0000080460
 -0.0004056789
  0.0000126005
 -0.0000155627
  0.0000365174
 -0.0004196443
 -0.0000651001
 -0.0000441441
  0.0000732870
 -0.0000355517
  0.0000025151
  0.0000250353
 -0.0000860907
 -0.0000037728
  0.0000008100
  0.0001201485
  0.0002017286
 -0.0000253881
  0.0000162876
 -0.0000478062
  0.0000927997
 -0.0000111182
  0.0000741857
  0.0000159151
 -0.0000510318
  0.0000913358
 -0.0000502825
 -0.0002106720
 -0.0001081023
  0.0000779993
  0.0000301010
 -0.0003707865
  0.0000645026
  0.0000992840
  0.0000022957
  0.0000122711
 -0.0000508070
  0.0000132154
  0.0000506055
  0.0000382708
 -0.0000043487
  0.0000483180
 -0.0000125263
 -0.0000039613
 -0.0000662561
  0.0000124784
 -0.0000485690
 -0.0000363975
 -0.0000074781
  0.0000157759
 -0.0002941518
  0.0000329959
 -0.0000420334
  0.0000241520
 -0.0003045047
  0.0004643841
 -0.0000013949
  0.0000226012
  0.0000215525
 -0.0000171306
  0.0000190668
 -0.0000340666
 -0.0000389944
 -0.0000046546
  0.0000362724
  0.0002333034
  0.0000232012
  0.0000038649
 -0.0000011768
 -0.0000143165
  0.0000131329
  0.0000372352
 -0.0000506028
 -0.0000334921
  0.0000047834
 -0.0000109235
 -0.0000465701
 -0.0003740633
  0.0000389745
  0.0000229150
 -0.0009243367
  0.0000141084
  0.0001103142
 -0.0000139206
  0.0000080645
  0.0000095133
 -0.0000163614
 -0.0000285807
  0.0000333673
 -0.0000191886
 -0.0000091048
 -0.0000113653
 -0.0000107955
 -0.0000055210
  0.0000664424
 -0.0000189624
 -0.0000064064
 -0.0000261679
 -0.0000279714
 -0.0000441286
  0.0000135733
 -0.0000744808
  0.0000159241
  0.0003166579
  0.0002889880
  0.0000264007
 -0.0000071753
  0.0000509051
 -0.0000503810
  0.0000335592
  0.0000002490
 -0.0000183438
 -0.0000084748
 -0.0000223626
  0.0001036723
  0.0000544119
 -0.0000241992
  0.0000034474
 -0.0000177194
 -0.0001276266
 -0.0000249323
 -0.0000888117
 -0.0000709437
 -0.0000179349
  0.0000207909
  0.0000285204
 -0.0002037431
 -0.0000151663
 -0.0000014933
 -0.0006575540
 -0.0000053640
  0.0000055110
 -0.0000156112
  0.0000462855
  0.0000147491
 -0.0000390688
  0.0000070930
  0.0000162798
  0.0000190290
  0.0000514044
  0.0000339630
  0.0000136485
 -0.0000433482
 -0.0000166783
  0.0000426023
 -0.0000330623
  0.0000363457
  0.0000013955
 -0.0001725051
  0.0000525340
 -0.0000343454
  0.0000482996
 -0.0002062331
  0.0001738225
 -0.0000522079
  0.0000039643
 -0.0000151696
 -0.0000147684
  0.0000087863
 -0.0000489682
  0.0000003157
 -0.0000063285
 -0.0000321037
  0.0000912621
 -0.0000072281
 -0.0000064310
 -0.0000060660
  0.0000147572
 -0.0000462798
  0.0000909551
 -0.0000950107
 -0.0000286464
  0.0000490749
 -0.0000604735
  0.0001253138
 -0.0002147185
 -0.0000220704
  0.0000508372
 -0.0006629202
  0.0000403693
 -0.0000099765
 -0.0000121929
  0.0000166162
  0.0000345777
  0.0000199979
  0.0000183349
  0.0000567465
  0.0000192466
 -0.0000325995
  0.0000123778
  0.0000057487
 -0.0000219403
 -0.0000248147
  0.0000131579
 -0.0000080683
  0.0000449149
 -0.0000034386
 -0.0000924941
  0.0000037617
 -0.0000553925
  0.0000064148
 -0.0001519384
  0.0001084034
 -0.0000241760
  0.0000127321
  0.0000014140
 -0.0000383952
  0.0000543812
 -0.0000225687
 -0.0000557856
 -0.0000157370
 -0.0000200804
  0.0001887256
  0.0000314228
 -0.0000095544
 -0.0000159662
 -0.0000282706
  0.0000197838
  0.0000139288
 -0.0000184819
 -0.0000462189
 -0.0000053718
 -0.0000311110
  0.0000779848
 -0.0002317051
  0.0000226380
 -0.0000104431
 -0.0005871784
  0.0000015225
  0.0000204806
 -0.0000287263
 -0.0000134857
 -0.0000034047
 -0.0000303399
 -0.0000793808
 -0.0000382672
  0.0000078246
 -0.0000373248
 -0.0000329317
 -0.0000231410
  0.0000139132
  0.0000395882
  0.0000430565
  0.0000360147
  0.0000135229
 -0.0000268231
 -0.0004570562
  0.0000109605
 -0.0000333729
  0.0000557460
  0.0001901095
  0.0000512840
  0.0000170732
 -0.0000638397
  0.0000161491
  0.0000170530
  0.0000732123
 -0.0000096245
 -0.0000123051
 -0.0000485410
  0.0000190892
 -0.0000777866
  0.0000181813
  0.0000030685
 -0.0000295822
 -0.0000150848
  0.0000494036
  0.0000456721
 -0.0001706132
 -0.0000361763
 -0.0000290662
  0.0000013703
  0.0000000588
 -0.0000721260
 -0.0000299340
  0.0000176652
  0.0001381594
  0.0000115340
  0.0004690113
 -0.0000767435
 -0.0000336216
  0.0000198266
 -0.0000374047
 -0.0000793708
 -0.0000397155
 -0.0000143545
 -0.0000425542
 -0.0000047605
 -0.0000146778
 -0.0000262229
  0.0000593589
 -0.0000003092
  0.0000041454
 -0.0000100053
 -0.0000434256
 -0.0005745060
 -0.0000297341
 -0.0001194557
  0.0000014779
 -0.0002540786
  0.0000450907
  0.0000054510
 -0.0000582782
 -0.0000042730
 -0.0000562571
 -0.0000403151
 -0.0000492666
 -0.0000562184
 -0.0000408708
  0.0000010961
  0.0006976909
 -0.0000304301
 -0.0000912322
 -0.0000749435
  0.0000095309
 -0.0000013542
  0.0000318565
 -0.0000356858
 -0.0000904761
  0.0000717977
  0.0000084590
 -0.0001786939
 -0.0001971890
 -0.0000549097
 -0.0000116970
  0.0000824070
  0.0000701456
  0.0001788627
 -0.0000214374
 -0.0000270173
  0.0000217324
  0.0000297462
 -0.0000156370
 -0.0000167673
  0.0000472696
  0.0000207653
 -0.0000086455
  0.0000093795
 -0.0000177829
 -0.0000181989
 -0.0000124839
  0.0000181216
 -0.0000237604
 -0.0000144986
 -0.0003078305
 -0.0000081680
 -0.0000362943
 -0.0000177436
 -0.0004665604
 -0.0001371423
 -0.0000342888
 -0.0000016450
  0.0000068130
  0.0000037683
  0.0000210004
  0.0000347016
 -0.0000092957
 -0.0000062278
 -0.0000064225
 -0.0000871350
  0.0000208149
  0.0000153579
  0.0000428328
 -0.0000289901
  0.0000469739
 -0.0000288814
 -0.0000384632
 -0.0000299563
  0.0000096095
 -0.0000441838
  0.0001829254
 -0.0000944530
  0.0000156607
  0.0000077935
 -0.0004815175
 -0.0000049814
  0.0000629509
 -0.0000117109
 -0.0000090433
  0.0000265969
 -0.0000012360
 -0.0000636238
 -0.0000243920
 -0.0000280385
 -0.0000754853
 -0.0000255577
 -0.0000142414
 -0.0000172588
 -0.0000224050
 -0.0000362120
  0.0000125058
  0.0000176708
 -0.0000098712
 -0.0001407752
  0.0000219397
 -0.0000587026
  0.0000136012
 -0.0002421929
  0.0001954688
 -0.0000023001
 -0.0000224414
  0.0000199024
 -0.0000498283
  0.0000528337
 -0.0000477190
 -0.0000520540
 -0.0000216353
  0.0000171071
  0.0002667406
  0.0000136034
 -0.0000092440
 -0.0000153250
 -0.0000241705
  0.0000114049
 -0.0000284499
 -0.0000254757
 -0.0000496309
 -0.0000077337
 -0.0000111944
  0.0000392483
 -0.0002677383
 -0.0000088692
  0.0000098264
 -0.0006954649
  0.0000119076
 -0.0000826122
 -0.0000321472
 -0.0000778898
  0.0000289548
  0.0000166913
 -0.0001226587
 -0.0000071161
 -0.0000556900
 -0.0000205590
 -0.0000212688
  0.0000333690
 -0.0000009009
  0.0000220624
 -0.0000271517
  0.0000380424
 -0.0000087338
 -0.0000481586
 -0.0000339284
 -0.0005262955
  0.0000259515
  0.0000079190
  0.0000367074
 -0.0002854888
  0.0000592506
  0.0000134569
 -0.0000297661
  0.0000222927
 -0.0000205497
  0.0000059749
  0.0000044316
 -0.0000845015
  0.0000016167
  0.0000339257
  0.0007061833
  0.0000540260
 -0.0000299370
 -0.0000249704
 -0.0000202455
  0.0001042952
  0.0000061113
 -0.0000923062
 -0.0000576015
 -0.0000302247
  0.0000206793
  0.0000237755
 -0.0001567532
 -0.0000135991
  0.0000357841
  0.0001310006
  0.0000195449
  0.0002290176
  0.0000078530
 -0.0000259390
  0.0000326071
 -0.0000121154
  0.0000413429
  0.0000227319
  0.0000030171
  0.0000381163
 -0.0000115554
  0.0000155298
  0.0000433789
  0.0000501413
  0.0000254733
  0.0000345495
  0.0000332114
  0.0000097044
 -0.0005015143
 -0.0000027919
 -0.0000552057
 -0.0000028288
 -0.0008075626
  0.0001880956
 -0.0000402872
  0.0000372124
 -0.0000197618
 -0.0000131913
  0.0000049027
 -0.0000362009
 -0.0000258709
 -0.0000254046
  0.0000527032
  0.0004628326
 -0.0000436370
 -0.0000138175
  0.0000649222
 -0.0000705325
 -0.0000314840
  0.0000160320
 -0.0000057497
 -0.0000469984
 -0.0000215113
 -0.0000423688
 -0.0002932922
 -0.0001525629
  0.0000442234
  0.0000352556
 -0.0002464870
 -0.0000656750
  0.0000817169
 -0.0000139557
 -0.0000251137
 -0.0000744876
  0.0000101108
  0.0000189312
  0.0000018214
  0.0000235033
 -0.0000212011
 -0.0000886870
 -0.0000279174
 -0.0000128146
 -0.0000015822
 -0.0000275878
  0.0000146823
 -0.0000146548
 -0.0000138800
 -0.0002448609
 -0.0000354820
 -0.0000362794
 -0.0000429742
 -0.0006838997
  0.0002056739
  0.0000553327
 -0.0000357027
  0.0000546128
 -0.0000009030
  0.0000329931
  0.0000096295
 -0.0000128981
 -0.0000065027
 -0.0000065923
 -0.0000126775
  0.0000397073
 -0.0000067560
 -0.0000117912
  0.0000180941
  0.0000612258
  0.0000058595
  0.0000585231
 -0.0000320704
  0.0000392684
  0.0000490880
  0.0001280352
 -0.0001725842
 -0.0000314389
 -0.0000404679
 -0.0005005405
  0.0000402794
 -0.0000259157
 -0.0000122767
 -0.0000017961
  0.0000008316
  0.0000187140
  0.0000022813
  0.0002670010
  0.0000218768
  0.0000919305
  0.0000147316
  0.0000163594
 -0.0000575352
  0.0000159800
  0.0000573275
 -0.0000106083
  0.0000302204
 -0.0000352627
 -0.0000502334
 -0.0000094450
 -0.0000475740
  0.0000011724
 -0.0000018489
 -0.0000069360
 -0.0000083381
  0.0000365110
  0.0000026674
  0.0000256670
  0.0000067006
  0.0000695215
  0.0000054946
 -0.0004178685
 -0.0000229202
 -0.0000379264
 -0.0000174594
  0.0000042870
  0.0000053572
  0.0001886304
 -0.0000063676
  0.0000508444
  0.0000383103
  0.0000092854
 -0.0000763320
  0.0000005710
  0.0000348803
  0.0000165730
 -0.0000106990
  0.0000168503
  0.0000483200
  0.0000475127
 -0.0000063632
 -0.0000821074
  0.0000027176
  0.0000108456
 -0.0000005346
  0.0000218209
  0.0000138615
  0.0000556766
  0.0000064456
  0.0000474194
 -0.0000548862
  0.0000163089
  0.0000140615
  0.0000201514
  0.0000175266
  0.0000028368
 -0.0009058849
  0.0001034972
 -0.0000827327
  0.0000106528
 -0.0000066648
  0.0000047303
 -0.0000058072
  0.0000101355
  0.0000064302
  0.0000711052
  0.0000144168
  0.0001654758
  0.0000805092
  0.0000383059
 -0.0000398266
 -0.0000068422
  0.0000622674
  0.0000244200
 -0.0000064226
  0.0000157077
 -0.0000389226
  0.0000842273
 -0.0000078136
  0.0001019487
  0.0000003260
  0.0000126753
 -0.0000119904
  0.0000878366
  0.0000024781
  0.0000910887
  0.0000573398
 -0.0000074995
  0.0000471653
  0.0000085976
  0.0000542137
  0.0000109522
  0.0000836321
  0.0000028440
 -0.0000074757
 -0.0008778300
  0.0000539519
 -0.0000715152
  0.0000327530
  0.0002177023
 -0.0000029421
  0.0000569434
 -0.0000035200
  0.0000513583
 -0.0000527138
  0.0000044587
 -0.0000336785
  0.0000082838
 -0.0000155059
  0.0000311295
 -0.0000002727
 -0.0000450403
 -0.0000117501
 -0.0000119660
 -0.0000132351
  0.0000158524
  0.0000034351
  0.0000278729
  0.0000060691
  0.0000331590
 -0.0000198207
 -0.0000178363
 -0.0000688777
  0.0000119543
  0.0000183991
  0.0000407434
  0.0000112013
 -0.0008025774
  0.0000363015
 -0.0000521224
  0.0000109685
 -0.0000042692
 -0.0000091366
 -0.0000078434
 -0.0000038824
  0.0001917789
  0.0000449313
 -0.0000095372
  0.0000477650
 -0.0000214899
 -0.0000158291
  0.0000071696
 -0.0000242319
 -0.0000518943
 -0.0000052364
 -0.0000159712
 -0.0000138596
  0.0000020315
 -0.0000026474
 -0.0000104036
  0.0000618881
 -0.0000122269
  0.0000440160
 -0.0000024641
  0.0000320324
 -0.0004567092
 -0.0000324839
 -0.0000666350
  0.0000491395
  0.0000116914
  0.0000147980
 -0.0000010962
  0.0000133862
 -0.0000013512
  0.0001795873
  0.0000091312
 -0.0000110021
 -0.0000905232
  0.0000397776
 -0.0000155119
  0.0000075431
 -0.0000219361
 -0.0001205835
 -0.0000067502
 -0.0000536405
  0.0000097549
 -0.0000106346
 -0.0000199042
 -0.0000064252
  0.0000108865
  0.0000209860
  0.0000127797
  0.0000006998
 -0.0000320877
  0.0000422377
  0.0000223821
  0.0000008257
  0.0000098813
 -0.0002007671
 -0.0000155924
  0.0000470427
  0.0001635802
  0.0000025663
  0.0000876224
 -0.0000121803
  0.0000389013
 -0.0000807103
 -0.0000088354
  0.0000084239
 -0.0000123756
  0.0000004764
  0.0000231278
 -0.0000170647
 -0.0000177916
 -0.0000351562
 -0.0000364842
 -0.0000021949
  0.0000041590
  0.0000528930
 -0.0000251490
  0.0000080734
 -0.0000061630
  0.0000495682
 -0.0000301134
  0.0000030720
  0.0000150322
  0.0000854329
  0.0000050447
 -0.0009692040
  0.0000038247
 -0.0000695361
 -0.0000123968
  0.0000102108
  0.0000079748
  0.0000144811
  0.0000172071
  0.0000159568
  0.0001895053
 -0.0000062292
 -0.0000043021
 -0.0000598553
 -0.0000127334
  0.0000053136
  0.0000034108
 -0.0001144463
 -0.0000033460
 -0.0000518130
 -0.0000009722
  0.0000004336
 -0.0000034434
  0.0000199916
  0.0000000675
  0.0000458877
  0.0000012873
  0.0000139390
  0.0000706642
  0.0000542653
 -0.0000144150
  0.0002194468
 -0.0003147086
 -0.0000467401
  0.0000130572
  0.0000075625
  0.0001433315
  0.0000172441
  0.0000964623
  0.0000105637
  0.0000518077
 -0.0000687307
 -0.0000047894
 -0.0000224525
  0.0000058002
  0.0000036630
 -0.0000102941
  0.0000391222
  0.0000043298
  0.0000000050
 -0.0000542475
 -0.0000015943
 -0.0000061067
 -0.0000144880
  0.0000813516
 -0.0000301643
  0.0000163126
 -0.0000092653
  0.0000261763
 -0.0000109670
 -0.0000344092
 -0.0000065386
  0.0000019465
  0.0001238263
  0.0000014508
  0.0000007846
 -0.0009645611
 -0.0000098540
 -0.0000715938
 -0.0000061261
  0.0002373283
  0.0000131250
  0.0000828618
  0.0000279217
 -0.0000048109
 -0.0000890668
 -0.0000061279
  0.0000147599
  0.0000016719
  0.0000061774
  0.0000242335
  0.0000419712
 -0.0000022134
 -0.0000853447
 -0.0000170094
  0.0000061102
 -0.0000019389
  0.0000785543
 -0.0000055231
  0.0000567998
 -0.0000014719
 -0.0000560247
 -0.0000635381
  0.0000121834
  0.0000161615
  0.0000959279
  0.0000034284
 -0.0009139278
  0.0001036222
 -0.0000795459
  0.0000109032
 -0.0000043489
  0.0000007583
  0.0001724944
  0.0000192935
  0.0000861698
 -0.0000246978
  0.0000612810
 -0.0000028997
  0.0000060674
  0.0000217407
 -0.0000773374
 -0.0000021226
  0.0000048890
 -0.0000064339
 -0.0000129019
  0.0000337420
  0.0000003418
  0.0000773077
  0.0000118860
 -0.0000300697
 -0.0000041708
  0.0000127985
  0.0000754687
 -0.0000018762
 -0.0004596900
 -0.0000125509
 -0.0000471673
  0.0000667182
  0.0000002843
  0.0000084540
  0.0002302289
  0.0000093721
 -0.0000478046
 -0.0000101740
  0.0000207170
 -0.0000109202
 -0.0000717983
 -0.0000003945
 -0.0000184372
 -0.0000029189
  0.0000006129
 -0.0000500917
  0.0000588003
  0.0000010223
 -0.0000316764
 -0.0000039947
 -0.0000004948
 -0.0002965380
 -0.0000466118
  0.0000341813
 -0.0000004459
 -0.0000188613
  0.0003823008
  0.0000136534
  0.0001500920
  0.0000195406
  0.0000089007
 -0.0000834182
  0.0000040986
  0.0000271945
  0.0000050765
  0.0000018832
  0.0000215165
  0.0000729832
  0.0000924801
 -0.0000000495
 -0.0001074053
 -0.0000061190
 -0.0000125633
 -0.0000123409
  0.0000062139
  0.0000020440
  0.0000338980
  0.0000161575
  0.0000005944
  0.0000162299
  0.0000041057
  0.0000250792
  0.0000341609
 -0.0000800280
  0.0000125157
  0.0000018841
 -0.0008296661
  0.0001749760
 -0.0000684196
  0.0000252540
  0.0000039633
  0.0002464258
  0.0000061739
  0.0000610853
  0.0000051240
  0.0000390321
 -0.0000851262
  0.0000242972
  0.0000392031
  0.0000086746
 -0.0000087128
  0.0000555172
  0.0000776634
  0.0000152672
 -0.0000018238
 -0.0000877890
 -0.0000035577
  0.0000018221
 -0.0000041301
  0.0000534921
  0.0000230035
  0.0000091111
 -0.0000009559
  0.0000041064
  0.0000104089
 -0.0000238220
  0.0000119793
  0.0000538437
  0.0000673840
  0.0000391146
  0.0000013106
 -0.0009454208
  0.0000966557
 -0.0000539121
  0.0000011505
  0.0000108382
  0.0001771424
 -0.0000042596
  0.0001519701
  0.0000188503
  0.0000424436
 -0.0000795623
  0.0000378480
 -0.0000027638
  0.0000073476
 -0.0000008109
  0.0000070593
 -0.0000277445
  0.0000991035
 -0.0000194175
  0.0000092256
 -0.0000186879
 -0.0000179273
 -0.0000109334
  0.0000711749
  0.0000065801
  0.0000567036
  0.0000177079
  0.0000131349
 -0.0000036091
  0.0000187948
  0.0000019778
 -0.0000127654
  0.0000033782
 -0.0000018216
 -0.0000065410
 -0.0008522115
  0.0001831757
 -0.0000599921
 -0.0000132025
  0.0002110439
  0.0000012513
  0.0000660952
 -0.0000298496
  0.0000332921
 -0.0000808655
 -0.0000154417
 -0.0000029011
 -0.0000597009
 -0.0000105640
 -0.0000313248
 -0.0000051079
 -0.0000105029
  0.0000607894
 -0.0000257986
  0.0000076631
 -0.0000063660
  0.0000229860
 -0.0000851089
  0.0000070504
  0.0000510326
  0.0000059861
 -0.0009067675
  0.0000344687
 -0.0000696674
 -0.0000114999
  0.0000028872
  0.0002492864
  0.0000220852
  0.0000693557
  0.0000540729
  0.0000260634
 -0.0000319588
  0.0000688686
  0.0000223163
  0.0000058020
  0.0000236413
  0.0000167248
  0.0000095548
  0.0000112863
  0.0000035244
  0.0000022631
  0.0000249801
  0.0000137830
  0.0000629232
  0.0000166809
 -0.0000411089
 -0.0000249524
  0.0000077141
  0.0000481287
  0.0000192328
 -0.0004018641
 -0.0000082224
 -0.0000503973
  0.0000567281
  0.0003568690
  0.0000152081
  0.0001918648
  0.0000213508
  0.0000361033
 -0.0000335216
 -0.0000074070
  0.0000195905
  0.0000078381
 -0.0000106056
  0.0000055230
 -0.0000764340
  0.0001149629
  0.0000107567
  0.0000219381
 -0.0000178285
  0.0000072390
  0.0000062540
  0.0000561998
 -0.0000182103
  0.0000383758
 -0.0000065109
 -0.0000596409
  0.0000081463
  0.0000220234
  0.0000148869
  0.0000583855
  0.0000108887
  0.0000193768
 -0.0008174785
  0.0001851280
 -0.0000698368
  0.0000082977
  0.0002056213
  0.0001821393
  0.0001159846
  0.0001182941
  0.0001201097
  0.0001457297
  0.0000482771
  0.0001655463
  0.0001680847
  0.0001974313
  0.0001901726
  0.0001148856
  0.0000174064
 -0.0000252152
 -0.0001128748
 -0.0000104560
 -0.0000121197
 -0.0000142658
 -0.0000112257
  0.0000364475
 -0.0000541264
  0.0000872198
 -0.0001018937
 -0.0000664993
  0.0001553830
  0.0000417329
  0.0000387826
  0.0000282852
 -0.0000568722
  0.0000238004
  0.0000244523
  0.0000841728
  0.0000197697
  0.0000863748
  0.0000290560
  0.0000141600
 -0.0000146692
 -0.0000446904
 -0.0000047831
 -0.0000532315
 -0.0008739913
 -0.0000969454
  0.0000476844
 -0.0000289412
 -0.0000179706
 -0.0000174080
  0.0004405276
 -0.0001384330
 -0.0000855449
 -0.0000060748
 -0.0002268810
 -0.0000027291
  0.0000527303
 -0.0006234683
 -0.0000430189
  0.0000500320
 -0.0000177910
  0.0000243842
 -0.0000591073
 -0.0001083590
 -0.0000779177
 -0.0000049384
 -0.0001077651
 -0.0001014834
 -0.0000606357
  0.0005294000
 -0.0001215967
 -0.0000604398
 -0.0001198258
  0.0000196421
 -0.0000052989
 -0.0000099564
  0.0000007929
  0.0000003958
  0.0000462672
  0.0000163330
  0.0000796516
 -0.0005973735
 -0.0000729948
  0.0000163484
 -0.0000009786
 -0.0000053233
 -0.0000069149
  0.0000334296
  0.0000094104
  0.0000521952
  0.0000090917
  0.0000846597
  0.0000055345
 -0.0009433686
 -0.0000800668
  0.0000381254
  0.0000160574
 -0.0000203153
 -0.0000121288
  0.0000093489
  0.0000240195
 -0.0000183772
  0.0000406356
  0.0000461340
 -0.0000173136
 -0.0003226759
 -0.0000749507
 -0.0000549552
 -0.0000226765
 -0.0000053808
 -0.0000091661
  0.0000137125
 -0.0000020409
 -0.0001089150
  0.0000055847
  0.0000150458
  0.0000186876
 -0.0000047329
 -0.0000100569
 -0.0000872028
  0.0000361118
 -0.0000186849
  0.0000516677
 -0.0000458414
 -0.0000106667
 -0.0000089034
  0.0001137846
  0.0000449012
  0.0000952959
 -0.0000316097
 -0.0000145154
 -0.0005039082
 -0.0000682157
  0.0000330024
  0.0000054337
  0.0000095819
 -0.0000683053
  0.0000409840
 -0.0000030559
 -0.0000023387
 -0.0000287856
  0.0000182724
 -0.0000172249
 -0.0000026102
 -0.0000965538
 -0.0001412866
  0.0000002825
 -0.0000702039
 -0.0000163050
 -0.0000041121
  0.0000026200
 -0.0000359397
 -0.0000038562
 -0.0010385624
 -0.0000229656
 -0.0000086190
  0.0000896674
  0.0002673236
 -0.0000105503
  0.0002087405
  0.0000100542
  0.0000005380
  0.0000114219
  0.0000034002
 -0.0000433365
 -0.0000481985
 -0.0000487356
  0.0000021732
 -0.0001430822
 -0.0000070834
 -0.0000084371
  0.0000272238
 -0.0000271289
 -0.0000069122
 -0.0000509289
 -0.0000087260
  0.0000270157
  0.0000110575
 -0.0000142796
 -0.0011065122
 -0.0000204629
  0.0000204968
 -0.0000639288
  0.0000557598
 -0.0002911080
 -0.0000763229
  0.0000398962
  0.0001426636
  0.0000286386
  0.0000097648
  0.0000367203
  0.0000207245
  0.0000699159
 -0.0009546380
 -0.0000802147
  0.0000090038
 -0.0000063008
  0.0000340566
  0.0000150855
  0.0000498631
  0.0000045365
 -0.0000224372
  0.0000766357
  0.0000423153
  0.0000665084
  0.0000242834
  0.0001664332
  0.0000429630
 -0.0000511572
  0.0000166272
 -0.0000108741
  0.0000146809
  0.0000769562
 -0.0009626476
 -0.0000789598
  0.0000331187
 -0.0000287312
  0.0000728026
  0.0000781038
  0.0007835786
 -0.0007529395
 -0.0000555239
  0.0000433245
  0.0000041430
 -0.0000355274
 -0.0000602093
