  0.0005158116
 -0.0000885921
 -0.0000272191
  0.0000845739
 -0.0002059735
  0.0000051031
  0.0000137124
 -0.0000555422
 -0.0000096837
 -0.0000323463
 -0.0000511609
  0.0000092285
 -0.0000597691
  0.0000159372
 -0.0000365106
  0.0000127162
 -0.0000175769
  0.0000078989
 -0.0000307877
  0.0000874630
  0.0001263729
 -0.0000561409
 -0.0000098864
  0.0000077088
 -0.0000054454
 -0.0000224917
 -0.0000360080
 -0.0000085557
 -0.0000366249
 -0.0000674380
  0.0000726000
 -0.0000029217
  0.0000183016
  0.0001047693
  0.0000016750
  0.0000045704
 -0.0000003652
 -0.0000047479
 -0.0000348346
  0.0000091485
  0.0000126717
  0.0000032228
 -0.0000236826
 -0.0000372779
  0.0000112533
  0.0000104118
  0.0000234728
 -0.0000018941
 -0.0000149759
  0.0000083928
  0.0000203523
  0.0000213481
  0.0000059473
 -0.0000039664
  0.0000325268
  0.0000020099
  0.0000053320
 -0.0000003383
  0.0000205125
  0.0000082486
  0.0000095240
 -0.0000030190
  0.0000136206
 -0.0000029727
 -0.0000235352
  0.0000001288
  0.0000036789
  0.0000011543
  0.0000116282
 -0.0000275808
  0.0000174886
 -0.0000251735
  0.0000205892
  0.0000119866
  0.0000019013
  0.0000591922
  0.0000184004
  0.0002024632
 -0.0001269150
 -0.0000059326
 -0.0001481593
 -0.0000822438
  0.0000068343
  0.0000914019
  0.0001441627
  0.0001925416
 -0.0000802274
  0.0000742932
  0.0001051205
  0.0001590880
 -0.0000027864
  0.0000100034
  0.0000001934
 -0.0000190806
 -0.0000150649
  0.0000133297
 -0.0000141413
  0.0000031584
 -0.0000356472
  0.0000056309
 -0.0000278057
 -0.0000026357
  0.0000020799
 -0.0000092267
 -0.0000333244
 -0.0000147048
  0.0000001495
 -0.0000116177
 -0.0002241334
 -0.0000203832
  0.0001487328
 -0.0000431155
  0.0000298333
  0.0000069690
 -0.0000210439
 -0.0000233800
 -0.0000155547
  0.0000063368
  0.0001037736
 -0.0000596784
 -0.0000011387
 -0.0001015219
 -0.0000316054
  0.0000163102
  0.0000099160
  0.0000181622
 -0.0000037048
 -0.0001494123
  0.0000063126
 -0.0000031022
  0.0000241623
 -0.0000325743
 -0.0000156953
  0.0000036061
  0.0000002275
 -0.0000793624
 -0.0000881767
 -0.0000232515
 -0.0002522741
 -0.0002169875
 -0.0003855124
 -0.0002838808
 -0.0004201323
  0.0000430215
  0.0001246480
 -0.0000678385
  0.0001266240
  0.0000967069
 -0.0001121083
  0.0001015974
  0.0000707980
  0.0001909061
 -0.0001187966
  0.0002849802
  0.0001220527
  0.0001431585
  0.0001134966
  0.0001205432
  0.0000886931
  0.0001313927
  0.0001191528
  0.0001264982
  0.0000434442
  0.0001012618
  0.0001077592
  0.0000994594
  0.0001118853
  0.0001185830
  0.0001007973
  0.0001365410
  0.0000724830
  0.0002599621
  0.0000964871
  0.0001599703
  0.0002656701
  0.0002517072
  0.0001133018
  0.0001592793
  0.0001608126
  0.0001872853
  0.0000441859
  0.0002242594
  0.0001657096
  0.0002872844
  0.0001464535
  0.0001633620
  0.0000914957
  0.0002543178
  0.0001600385
  0.0001411450
  0.0002385533
 -0.0000200152
  0.0000835914
  0.0001722928
  0.0001683823
  0.0002227531
  0.0001025659
  0.0001564235
  0.0001123108
  0.0001936184
  0.0002594771
  0.0001638721
  0.0000333822
  0.0001524143
  0.0000214133
  0.0001145617
  0.0001271608
  0.0000094284
  0.0000874169
  0.0000477273
 -0.0003845507
 -0.0001218902
  0.0000688793
  0.0000068576
 -0.0000342012
  0.0000157518
 -0.0000136032
  0.0001580054
  0.0001234124
  0.0001238145
  0.0001679397
  0.0001669674
  0.0001810591
  0.0001462811
  0.0001772399
  0.0001479280
  0.0001198392
  0.0001608836
  0.0001565037
  0.0001188032
  0.0001360066
  0.0001603781
  0.0001504558
  0.0001528932
  0.0001481705
  0.0001645317
  0.0001266551
  0.0001236164
  0.0001390197
  0.0001318485
  0.0001515710
  0.0001682123
  0.0001572099
  0.0000021618
  0.0002036426
  0.0001839163
  0.0001653642
  0.0001505423
  0.0001885916
  0.0001879387
  0.0001587660
  0.0001246881
  0.0001468207
  0.0001350767
  0.0001425594
  0.0001590067
  0.0001986584
  0.0001195840
  0.0001838452
  0.0010998550
  0.0000587544
 -0.0000785794
 -0.0000543835
 -0.0000999935
  0.0000469340
 -0.0000831827
  0.0000254528
 -0.0001072523
 -0.0000991359
 -0.0000188356
 -0.0000551920
 -0.0000883816
 -0.0000939476
 -0.0000840749
 -0.0000591630
  0.0000515006
 -0.0001031007
 -0.0000724883
 -0.0000398995
 -0.0000370804
 -0.0000370284
 -0.0000211217
 -0.0000230732
 -0.0000522680
 -0.0000710074
  0.0000168472
 -0.0000483458
 -0.0000091509
  0.0000144600
  0.0000039097
 -0.0000214559
 -0.0000146957
 -0.0000101214
  0.0000030871
 -0.0000551407
  0.0000099335
 -0.0000089499
  0.0000148546
  0.0000101953
 -0.0000027693
 -0.0000337193
  0.0000125229
 -0.0000054753
  0.0000058580
  0.0000069353
 -0.0000822033
 -0.0000548492
 -0.0000085236
 -0.0000037598
 -0.0000008907
 -0.0000110343
  0.0000098991
  0.0000127963
 -0.0000057771
  0.0001581288
  0.0001446745
  0.0001731961
  0.0001803716
 -0.0000618529
 -0.0002972429
  0.0000120609
  0.0001230365
  0.0000743398
  0.0002125342
  0.0001559855
  0.0000408991
  0.0002529061
  0.0002259260
  0.0003615598
 -0.0000057078
  0.0000210301
  0.0000023132
 -0.0000011529
  0.0000013824
 -0.0000105134
 -0.0000002957
  0.0000009762
 -0.0000107035
  0.0000272105
 -0.0000109653
 -0.0000043799
  0.0000352608
 -0.0000003610
  0.0000439106
 -0.0000006929
 -0.0000010240
  0.0000462931
 -0.0000039039
  0.0000322662
  0.0000662740
  0.0001176341
  0.0000236860
  0.0000569398
 -0.0000074801
 -0.0000002022
  0.0000305764
  0.0000373471
  0.0000838043
  0.0000034960
  0.0000497005
 -0.0000106071
  0.0000003940
  0.0001011242
  0.0000040265
  0.0001227503
  0.0000389667
  0.0000134512
  0.0000633081
  0.0000551054
  0.0000082302
 -0.0000032704
  0.0000791925
  0.0000546232
  0.0001014781
 -0.0010893773
 -0.0000847667
 -0.0001338602
 -0.0000695438
 -0.0001700945
 -0.0001103486
 -0.0001131235
 -0.0000641071
 -0.0001831259
 -0.0001193416
 -0.0000812870
 -0.0000620516
 -0.0001421027
 -0.0001204314
 -0.0001275188
 -0.0001179739
 -0.0000823346
 -0.0001197408
 -0.0001109121
 -0.0001732949
 -0.0000945651
 -0.0000376120
 -0.0000594194
 -0.0000719900
 -0.0000182512
 -0.0000553625
 -0.0000582745
 -0.0000005511
 -0.0000856716
 -0.0001222982
  0.0000050146
 -0.0000436939
 -0.0000407667
  0.0000042062
 -0.0000178742
  0.0000053689
 -0.0000358887
 -0.0000352857
  0.0000105716
 -0.0000531180
 -0.0000111327
 -0.0000092246
 -0.0000058774
 -0.0000100799
 -0.0000489919
 -0.0000073711
 -0.0000160537
 -0.0000306953
 -0.0000021007
 -0.0000227895
 -0.0001004974
 -0.0000582523
 -0.0000077038
 -0.0000270660
 -0.0000059019
 -0.0000546749
 -0.0001474875
 -0.0000133140
 -0.0000003544
 -0.0000081276
 -0.0001240987
 -0.0001328131
  0.0000630349
  0.0000131228
 -0.0001933221
 -0.0003233076
 -0.0002252126
 -0.0001413223
  0.0005760667
  0.0003766814
  0.0000208419
 -0.0001890297
  0.0001052124
  0.0001051616
 -0.0000245286
  0.0000123043
  0.0000499536
  0.0000395986
 -0.0000563641
 -0.0000273088
 -0.0000072754
 -0.0000335358
  0.0000183390
 -0.0000396543
  0.0000597430
 -0.0000226774
  0.0000071168
  0.0000737256
 -0.0000113126
  0.0001236881
 -0.0000376892
  0.0000054800
  0.0001081746
  0.0003400769
 -0.0000121867
 -0.0000905484
  0.0001185704
  0.0000171699
  0.0000145767
  0.0001132832
 -0.0000202188
  0.0000207460
 -0.0000531183
  0.0002239852
  0.0000092165
 -0.0000167694
 -0.0000149649
 -0.0000247064
 -0.0000074756
 -0.0000259519
 -0.0000550168
  0.0001185675
  0.0000643743
  0.0000434588
  0.0006295826
  0.0008122489
  0.0001298196
  0.0000072373
 -0.0000147070
 -0.0000071927
  0.0005168301
  0.0000018990
  0.0000701786
 -0.0001125450
  0.0000664562
  0.0001103345
 -0.0000658127
 -0.0000318923
  0.0000750115
  0.0000001598
 -0.0000507769
 -0.0001324732
 -0.0001350111
  0.0000285049
 -0.0000289768
  0.0000599124
 -0.0000294156
  0.0000428546
 -0.0000369794
 -0.0001441748
 -0.0000128108
 -0.0000941467
 -0.0001289657
 -0.0000282215
 -0.0000154748
  0.0000157975
 -0.0000337825
  0.0000279222
  0.0000187118
  0.0000274264
  0.0000112698
 -0.0000227497
  0.0000345416
  0.0000543823
  0.0000068504
  0.0000273112
  0.0000081423
  0.0000375782
  0.0000058034
  0.0000063999
  0.0000229098
  0.0000314526
  0.0000292621
  0.0000136400
  0.0000192625
  0.0000152304
  0.0000110176
  0.0000498933
  0.0000100040
  0.0000097463
  0.0000210226
  0.0000031191
 -0.0000152884
  0.0000340766
  0.0000141730
  0.0000139901
  0.0000176802
  0.0000681241
  0.0000045871
 -0.0000354124
  0.0000277565
  0.0000312412
  0.0000176903
 -0.0000216671
  0.0001350112
 -0.0000135402
 -0.0000131936
  0.0000117760
  0.0000949383
  0.0001671996
  0.0000915561
 -0.0000526985
 -0.0000115719
 -0.0000131177
  0.0001470039
  0.0000024206
 -0.0000259174
  0.0001012771
  0.0000129790
  0.0000109013
  0.0000069595
  0.0000171043
  0.0000199107
  0.0000140705
  0.0000204886
  0.0000198340
  0.0000102667
  0.0000023858
  0.0000098681
  0.0000165471
  0.0000055907
  0.0000213209
 -0.0000020818
  0.0000201013
  0.0000176742
  0.0000046536
  0.0002609648
  0.0000152708
  0.0000083697
  0.0000054124
  0.0000068073
  0.0000118611
  0.0000217155
  0.0000092623
  0.0000684179
  0.0000094854
  0.0000242990
  0.0000214125
  0.0000923746
  0.0000026090
  0.0000299712
  0.0000128041
 -0.0002148928
  0.0000100161
  0.0001484178
  0.0000125033
  0.0000169045
  0.0000388245
  0.0000028347
 -0.0001300214
 -0.0000190594
 -0.0000166273
  0.0001863609
  0.0000850785
  0.0000703998
  0.0000046146
  0.0000095652
  0.0001491595
  0.0000685772
  0.0000536331
  0.0000595866
  0.0001138964
  0.0002295438
  0.0002774473
 -0.0000300591
 -0.0000317323
  0.0001153875
  0.0001406316
  0.0000481014
  0.0001609035
  0.0001852198
  0.0000196480
  0.0000716706
  0.0000119786
 -0.0000280276
  0.0002397835
  0.0001422952
  0.0001847742
 -0.0000332539
  0.0002881867
  0.0002208291
  0.0000498145
  0.0002732907
  0.0001998284
  0.0000956889
  0.0001757006
  0.0000869649
  0.0000700521
 -0.0000166294
  0.0000938689
  0.0000857601
  0.0000336460
  0.0000249949
  0.0001836287
  0.0001980255
  0.0000272224
  0.0000269955
 -0.0000004260
  0.0000799644
  0.0001555574
 -0.0000202592
  0.0001909212
  0.0000308064
 -0.0000258673
  0.0002307373
  0.0002336325
  0.0000540928
  0.0002026070
 -0.0000296394
  0.0001010169
 -0.0000329260
  0.0002265051
  0.0000835576
  0.0000217701
  0.0001582848
 -0.0000137536
  0.0000969377
  0.0000699871
  0.0000485061
  0.0000361336
  0.0001699676
  0.0002250543
  0.0000987195
  0.0000350248
  0.0000423230
 -0.0002248009
  0.0001232402
  0.0000616519
  0.0001755911
 -0.0000625051
 -0.0001120828
 -0.0001065041
 -0.0000407997
 -0.0000187939
  0.0000635486
 -0.0000642798
 -0.0000253490
 -0.0000711806
 -0.0001087301
 -0.0000221127
 -0.0000578251
 -0.0001379247
 -0.0001118188
 -0.0002857533
 -0.0000349493
 -0.0000276700
 -0.0001712593
  0.0000166228
 -0.0000405454
  0.0000093233
 -0.0001027529
 -0.0000295991
 -0.0000952983
 -0.0000334812
 -0.0000831491
 -0.0000404354
  0.0000072235
 -0.0000196399
  0.0002611017
 -0.0001315563
 -0.0000261517
  0.0001470714
  0.0001286882
 -0.0000305446
  0.0001416282
  0.0000948197
 -0.0000366977
 -0.0000456879
 -0.0001030039
  0.0001143018
  0.0001283096
  0.0002214820
 -0.0000977441
 -0.0000448343
  0.0000937211
 -0.0000340712
  0.0000122595
 -0.0001730144
 -0.0002355578
  0.0000662615
 -0.0000346574
 -0.0001099109
 -0.0000438469
  0.0000239795
 -0.0001975086
  0.0000755248
 -0.0000782532
  0.0000140280
  0.0000523041
  0.0001158868
 -0.0000087059
  0.0000548328
 -0.0001333431
  0.0000948555
  0.0000060982
 -0.0000677637
  0.0000951683
 -0.0000575370
  0.0000911770
 -0.0001062975
  0.0000371721
  0.0000598951
  0.0000161141
  0.0000211606
  0.0001039185
  0.0001176403
  0.0001232696
  0.0001033293
 -0.0001467665
 -0.0000192632
 -0.0000851403
 -0.0001202461
  0.0001355304
  0.0000747854
 -0.0001184166
 -0.0001046229
  0.0000101669
 -0.0001564026
 -0.0000186470
  0.0000158698
  0.0000691004
  0.0000335457
 -0.0000198771
 -0.0000812854
 -0.0000272424
 -0.0001923326
  0.0000376061
 -0.0000680509
  0.0000830709
  0.0001818240
 -0.0000284395
 -0.0000577394
  0.0000694810
  0.0000719609
  0.0001424475
  0.0000625108
 -0.0001588229
 -0.0001420651
 -0.0000578906
  0.0000561299
  0.0001310579
  0.0000470583
 -0.0000018600
  0.0000534890
  0.0000069676
 -0.0000727922
 -0.0000915841
  0.0000386913
 -0.0000117149
  0.0000658964
 -0.0000024967
  0.0000012250
  0.0000654423
 -0.0000572913
 -0.0000012720
  0.0000295643
 -0.0000072762
 -0.0000261904
 -0.0000917662
 -0.0001385776
 -0.0000490786
 -0.0000519944
  0.0000134714
 -0.0000432385
 -0.0000013518
 -0.0001355381
  0.0000470829
  0.0000239463
  0.0000025963
  0.0000792482
 -0.0000704040
 -0.0000065357
  0.0000365166
  0.0000302763
  0.0000601333
  0.0002076376
 -0.0000134647
 -0.0000368399
 -0.0000664268
 -0.0000700058
 -0.0000047111
  0.0000765836
 -0.0000636872
  0.0000529428
 -0.0001297902
 -0.0000184691
  0.0000845161
  0.0000830757
  0.0000315487
  0.0000621837
  0.0000413370
  0.0001121559
 -0.0001397243
 -0.0000962868
  0.0000084189
  0.0000138384
 -0.0001763413
  0.0001296204
  0.0000007362
  0.0000705158
  0.0000114639
 -0.0000677345
 -0.0000789108
  0.0000193261
  0.0000028670
  0.0000444677
 -0.0000989943
  0.0007628504
  0.0009647096
  0.0007088799
  0.0007416367
  0.0007882721
  0.0007145588
  0.0007666482
  0.0004533857
  0.0007396722
  0.0007797884
  0.0006802002
  0.0007331651
  0.0007264188
  0.0006817963
  0.0009093029
  0.0006724227
  0.0006965609
  0.0006777726
  0.0006968641
  0.0009257037
  0.0004769733
  0.0006895641
  0.0008183348
  0.0002123012
  0.0006864726
  0.0006848527
  0.0009039853
  0.0006572124
  0.0006842119
  0.0006657797
  0.0006802547
 -0.0003551701
 -0.0003006297
 -0.0002875543
 -0.0001646779
 -0.0003704311
 -0.0001611903
 -0.0001654641
 -0.0002727397
 -0.0003500894
 -0.0001651911
 -0.0001210082
 -0.0000196021
 -0.0003527077
 -0.0001782813
 -0.0000727643
 -0.0001755638
 -0.0003431409
 -0.0001411849
 -0.0003717502
 -0.0002758911
 -0.0002136391
 -0.0003459359
 -0.0003063515
 -0.0003407381
 -0.0003266741
 -0.0000578809
 -0.0002111307
 -0.0003151636
  0.0007701698
 -0.0001730529
  0.0006699818
 -0.0001928264
 -0.0001699922
 -0.0000793639
 -0.0002195155
 -0.0002558497
 -0.0003068778
 -0.0004446427
  0.0001648960
  0.0002771981
 -0.0001315972
 -0.0002913879
 -0.0004096236
 -0.0003027641
 -0.0003211593
 -0.0001966726
 -0.0002937993
 -0.0002432136
 -0.0002757653
 -0.0000648699
  0.0000163914
  0.0000180345
 -0.0000042743
 -0.0000174764
 -0.0000375770
  0.0000223993
 -0.0000510727
  0.0000219448
  0.0000196472
 -0.0000186747
 -0.0000514099
  0.0000933250
  0.0000239670
  0.0000402396
  0.0000349885
 -0.0000079319
  0.0000925546
  0.0001009435
 -0.0000322648
  0.0002193885
  0.0000198082
  0.0000223303
  0.0000536225
 -0.0000194009
 -0.0001028170
 -0.0000070727
  0.0000257927
  0.0000677372
 -0.0003284787
  0.0000193262
 -0.0003339338
 -0.0001604685
  0.0000960489
 -0.0000350416
  0.0000188007
  0.0000201034
 -0.0001228282
 -0.0001220769
  0.0005171861
  0.0000455201
 -0.0000302947
 -0.0001152252
  0.0000281595
 -0.0000919119
 -0.0000463523
  0.0000091641
  0.0001645014
 -0.0000745812
  0.0000738373
  0.0000186535
 -0.0003305270
  0.0000001581
 -0.0001383207
 -0.0000560023
  0.0001354392
 -0.0003893037
 -0.0000627381
 -0.0000307432
  0.0000002700
  0.0001485214
 -0.0002862249
  0.0002815450
 -0.0002581731
  0.0001108537
 -0.0002653152
  0.0001827028
 -0.0002053783
  0.0002487440
 -0.0003794057
  0.0000141343
 -0.0003838125
 -0.0000305371
  0.0001066462
  0.0002307255
 -0.0000269411
  0.0000429113
  0.0001662032
 -0.0001339179
 -0.0001151451
  0.0003617017
  0.0000388453
  0.0000012279
 -0.0001469188
  0.0001094032
 -0.0000104607
 -0.0001543352
 -0.0000528811
  0.0003986600
  0.0000320456
 -0.0000036570
 -0.0001118528
 -0.0000270126
 -0.0000950679
 -0.0001275539
 -0.0003019886
  0.0003942636
 -0.0000392729
  0.0001088109
 -0.0000803154
  0.0000960197
  0.0003918719
  0.0000021331
  0.0000640586
 -0.0000347972
 -0.0002279481
  0.0000614144
  0.0000478667
 -0.0003024544
 -0.0000173124
  0.0002208293
  0.0000260817
 -0.0002193802
 -0.0000198520
  0.0000086106
  0.0000360789
 -0.0000391222
  0.0000530135
 -0.0000198913
  0.0000152954
  0.0000088263
  0.0000128725
  0.0000232341
 -0.0000286088
  0.0000475854
 -0.0000746695
 -0.0000537484
  0.0000469352
 -0.0000033047
  0.0000410366
 -0.0000135451
  0.0000390511
 -0.0000091962
  0.0000256858
  0.0000304573
 -0.0000714557
  0.0001637805
 -0.0000078364
  0.0000552991
 -0.0000404399
 -0.0000264084
 -0.0000478395
 -0.0000570100
  0.0000636638
  0.0000541989
  0.0000153127
  0.0000328330
  0.0001591029
 -0.0000663405
  0.0001113803
 -0.0000681720
  0.0003856515
  0.0000290810
 -0.0000744635
  0.0004332127
  0.0000363465
 -0.0000565241
  0.0000083914
  0.0000448776
 -0.0000012744
 -0.0001589181
 -0.0001181302
 -0.0000354019
 -0.0000072623
 -0.0000245387
 -0.0000651847
  0.0000413050
 -0.0000360624
  0.0001013480
  0.0000184328
 -0.0001900639
  0.0001538222
 -0.0000183271
  0.0005059212
  0.0000760283
 -0.0000489208
  0.0000505357
 -0.0000636341
  0.0000329247
 -0.0000517489
 -0.0000759608
 -0.0000008440
 -0.0000380866
 -0.0000354409
 -0.0000743273
 -0.0000516980
 -0.0000316337
  0.0000296914
 -0.0000723701
 -0.0000513534
 -0.0000245763
 -0.0000116864
 -0.0000173209
 -0.0000124802
 -0.0000300005
 -0.0000076378
 -0.0000007034
 -0.0000397115
 -0.0000096102
 -0.0000174768
 -0.0000115094
 -0.0000342917
 -0.0000412768
 -0.0000059263
 -0.0000224579
 -0.0000296605
 -0.0000221837
 -0.0000067877
 -0.0000134447
 -0.0000322182
 -0.0000095752
 -0.0000126584
 -0.0000242436
 -0.0000138589
 -0.0000145560
 -0.0000273742
 -0.0000038879
 -0.0000257088
 -0.0000246905
 -0.0000205374
 -0.0000407032
 -0.0000195059
 -0.0000155909
 -0.0000135714
 -0.0000490522
  0.0000277134
 -0.0000393603
 -0.0000185603
 -0.0000941707
  0.0001201677
 -0.0000159195
 -0.0000544128
  0.0000143302
 -0.0000994222
 -0.0000144955
 -0.0000126417
 -0.0001310345
 -0.0000893917
  0.0000452728
 -0.0000159729
 -0.0000213211
 -0.0000071842
 -0.0000084548
 -0.0000098035
 -0.0000364169
 -0.0000098191
 -0.0000108661
 -0.0000048228
 -0.0000264863
 -0.0000050534
 -0.0000050386
 -0.0000294458
 -0.0000125211
 -0.0000280785
 -0.0000079609
 -0.0000104395
 -0.0000291959
  0.0001750912
 -0.0000074506
 -0.0000302027
 -0.0000184852
 -0.0000078070
 -0.0000310600
 -0.0000373179
 -0.0000110574
 -0.0000054187
 -0.0000419195
 -0.0000242153
 -0.0000673044
 -0.0000019093
 -0.0000371370
 -0.0000309760
  0.0000885774
 -0.0001057660
 -0.0000383320
  0.0001538502
 -0.0000230125
 -0.0000061101
 -0.0000777336
 -0.0000483254
 -0.0000350334
 -0.0002090384
  0.0000632522
 -0.0000499544
 -0.0000142926
 -0.0000188175
  0.0000362544
 -0.0000354401
 -0.0000534817
 -0.0000408085
  0.0000178718
  0.0000068457
 -0.0000153604
  0.0000290772
 -0.0000157927
  0.0000390237
  0.0000004648
 -0.0001924647
 -0.0000042655
 -0.0000726474
  0.0000334260
 -0.0000957232
 -0.0000098344
  0.0000673193
 -0.0001630333
  0.0000190690
 -0.0000531734
 -0.0000305171
 -0.0000605247
  0.0000212771
  0.0000126145
 -0.0000864695
  0.0000094692
 -0.0000006202
  0.0000621810
  0.0000110820
  0.0000152544
  0.0001012764
  0.0000721670
  0.0000265989
  0.0000276667
 -0.0000732290
  0.0000229371
 -0.0000007293
 -0.0000815733
 -0.0000395794
  0.0000696840
 -0.0000128329
 -0.0000258904
 -0.0001120475
  0.0000062333
  0.0000017067
 -0.0001225607
 -0.0000259340
  0.0000779790
  0.0000121217
  0.0000516648
  0.0000291953
 -0.0000321851
  0.0000829095
  0.0000086845
 -0.0000213686
  0.0000106905
 -0.0001244722
 -0.0000274750
  0.0000831148
  0.0000088257
  0.0000048772
 -0.0000084891
 -0.0000712075
 -0.0001265384
 -0.0001172835
  0.0000368246
 -0.0000213601
 -0.0001096094
 -0.0001193311
 -0.0000624509
  0.0000221944
  0.0001411563
  0.0000026109
 -0.0000146676
 -0.0000745466
 -0.0001868009
 -0.0000523671
 -0.0000320167
 -0.0000304998
 -0.0000859324
  0.0001353622
  0.0001353549
  0.0000564018
  0.0000296745
 -0.0001172712
  0.0000628961
 -0.0000831685
  0.0000604854
  0.0001210396
  0.0000146947
 -0.0000549046
 -0.0000164121
  0.0000908497
  0.0001956690
  0.0000525172
 -0.0000132923
 -0.0000321297
 -0.0004222633
  0.0000005191
 -0.0001883450
  0.0001103474
  0.0000674905
 -0.0000213658
  0.0000553776
  0.0000167270
  0.0000016047
 -0.0001216194
  0.0000247516
  0.0002768206
  0.0000875970
 -0.0000250632
  0.0000518735
 -0.0001339254
 -0.0000930215
 -0.0000191147
  0.0000364625
  0.0000525306
  0.0000926719
  0.0001291491
 -0.0001000003
  0.0001474874
 -0.0008635320
  0.0000234255
  0.0000203815
 -0.0000111437
  0.0000537454
 -0.0001333399
  0.0000275800
  0.0001361809
  0.0000851425
  0.0000746636
  0.0003806469
  0.0000694442
  0.0001450453
 -0.0000758839
 -0.0000239982
 -0.0005060541
 -0.0000877670
  0.0000434088
 -0.0000631604
  0.0000323455
 -0.0000613030
 -0.0000494808
  0.0000106619
  0.0001745695
  0.0000607000
  0.0001011150
 -0.0000538753
  0.0000020737
  0.0000611608
 -0.0000475083
  0.0000847893
  0.0001482287
  0.0000474002
 -0.0000436227
  0.0000265278
 -0.0000418444
 -0.0000160372
  0.0000267048
 -0.0000255804
 -0.0003073700
  0.0000812204
 -0.0000327654
  0.0001066582
  0.0003829904
 -0.0003128123
 -0.0000543424
 -0.0002320978
 -0.0000987746
 -0.0000262585
 -0.0002204635
 -0.0000198175
  0.0004328423
 -0.0000286264
 -0.0000874086
 -0.0000768633
 -0.0002999723
 -0.0001319379
 -0.0000895997
 -0.0001711984
  0.0003587217
 -0.0000363920
 -0.0000043154
  0.0000440533
  0.0000374128
  0.0003798713
  0.0000925613
 -0.0003425664
 -0.0002795061
 -0.0000817703
  0.0000571778
  0.0002265733
 -0.0000327212
 -0.0000164981
  0.0000189982
 -0.0002226569
 -0.0001000654
  0.0000775186
  0.0000551671
 -0.0000546529
 -0.0000221494
 -0.0000196519
  0.0000235238
 -0.0000355639
 -0.0000059326
 -0.0000117058
  0.0000796941
 -0.0000157499
  0.0000147279
 -0.0000373269
  0.0001467235
 -0.0000688306
 -0.0000551610
 -0.0000017100
 -0.0000661868
 -0.0000181119
  0.0001113880
  0.0000857952
 -0.0000025204
 -0.0000331664
 -0.0000598222
 -0.0000184232
 -0.0000313332
 -0.0000062826
  0.0000385540
  0.0000041265
 -0.0000722692
 -0.0000041366
  0.0000496082
  0.0002397709
 -0.0001124785
 -0.0000335464
  0.0000674789
 -0.0000098632
  0.0000187627
  0.0000103713
 -0.0000634500
  0.0003225559
 -0.0000827355
 -0.0003050347
  0.0003263775
  0.0000879957
 -0.0000555465
 -0.0000968310
  0.0002572347
 -0.0000313869
  0.0000923058
  0.0000498033
  0.0000140335
 -0.0000437492
 -0.0001058047
  0.0001157319
 -0.0000526611
 -0.0001215486
 -0.0000031206
 -0.0000020609
  0.0001054704
  0.0001274051
  0.0001106883
 -0.0004978277
  0.0003368265
 -0.0003618246
  0.0002035499
  0.0004247696
 -0.0004296943
  0.0003768793
  0.0000057438
 -0.0000073443
  0.0000087966
  0.0003161245
  0.0000388097
 -0.0005033622
 -0.0000864659
 -0.0002386413
 -0.0005348285
 -0.0001975802
 -0.0001054509
 -0.0005498222
 -0.0001132329
  0.0005016220
  0.0001443357
 -0.0002554335
  0.0007278544
 -0.0000977636
 -0.0003136241
 -0.0001202055
 -0.0006255956
 -0.0004890627
 -0.0004889071
 -0.0005666695
 -0.0001124968
 -0.0004075023
  0.0001660495
  0.0003512878
  0.0001170049
 -0.0003867042
  0.0001153416
  0.0001135704
 -0.0002435725
 -0.0004806120
  0.0001536302
  0.0000154256
  0.0000311831
  0.0000179739
  0.0001353493
  0.0000316710
  0.0000807638
 -0.0004561784
  0.0000348331
 -0.0003729865
 -0.0002147131
  0.0001554372
 -0.0004523995
 -0.0002497494
  0.0003590793
 -0.0000799458
  0.0000378989
  0.0001396608
 -0.0002506741
 -0.0003419905
  0.0001095661
 -0.0002988242
  0.0001392896
  0.0000917872
  0.0000134990
  0.0000382105
 -0.0000238250
 -0.0000016854
 -0.0000657689
  0.0000157323
  0.0000082222
 -0.0000246415
  0.0000258742
 -0.0000775626
  0.0000336382
 -0.0000257624
 -0.0001186554
  0.0000477070
  0.0000150371
  0.0000300838
 -0.0000211035
 -0.0001396511
  0.0000342422
 -0.0000048268
  0.0000070377
  0.0000291347
  0.0000237990
 -0.0001414648
  0.0000280082
  0.0000254381
  0.0000212045
 -0.0000027695
 -0.0000160409
 -0.0000464105
  0.0000238036
  0.0000374115
 -0.0000115564
  0.0000108412
 -0.0000174527
 -0.0000633034
 -0.0000669523
  0.0000203668
  0.0000619199
  0.0002155897
 -0.0000281344
  0.0000344917
  0.0000004897
 -0.0004196641
  0.0000046042
 -0.0003975870
 -0.0004399460
  0.0001656285
  0.0000054616
  0.0000632564
 -0.0000681402
 -0.0000076324
  0.0001096675
  0.0000032459
  0.0001167820
 -0.0000210219
 -0.0000177089
  0.0001564902
 -0.0000255554
  0.0000134232
  0.0000321307
  0.0000320578
  0.0000697380
 -0.0001426595
 -0.0000443709
  0.0001392087
 -0.0000276088
 -0.0000414274
 -0.0000725633
 -0.0000193286
  0.0000127447
 -0.0001882504
  0.0000659972
 -0.0000004070
  0.0000831713
  0.0000407746
 -0.0000034402
  0.0000154242
  0.0001652329
 -0.0000261888
 -0.0000593358
  0.0000140417
 -0.0000645051
  0.0001351960
 -0.0000843913
  0.0000463819
 -0.0000091359
 -0.0000173799
  0.0001050702
  0.0000756718
 -0.0000157442
 -0.0000330970
  0.0000296539
  0.0001481227
  0.0000313963
  0.0001332344
 -0.0000169830
 -0.0001257931
  0.0000393955
 -0.0000345300
  0.0000062031
  0.0001670407
 -0.0001311656
  0.0000722569
  0.0000565001
  0.0000521064
 -0.0000363964
 -0.0000478701
  0.0001104126
  0.0001542349
 -0.0001122667
 -0.0000491099
 -0.0001049631
  0.0000178686
 -0.0000430046
 -0.0000052551
 -0.0000606492
  0.0001617704
 -0.0000578699
 -0.0000562660
 -0.0000981158
  0.0001007083
 -0.0000392106
 -0.0001030015
  0.0000995619
  0.0000036216
 -0.0000033990
 -0.0000458091
 -0.0000376649
 -0.0000041424
  0.0001209992
 -0.0000325441
 -0.0000180105
  0.0000589584
 -0.0000681290
  0.0000570871
 -0.0000005789
 -0.0000640400
 -0.0000837476
 -0.0000478211
 -0.0000013922
  0.0000875663
 -0.0000094241
  0.0001291993
  0.0000431343
  0.0000523233
 -0.0000501957
 -0.0000681641
 -0.0000257837
  0.0000402967
  0.0001008854
  0.0000403646
  0.0000619851
 -0.0000657485
  0.0001390962
 -0.0000034198
  0.0000474587
 -0.0000446836
  0.0000497578
 -0.0002316195
 -0.0000075034
 -0.0000185864
  0.0001547820
 -0.0000594151
  0.0000519847
 -0.0000288471
 -0.0000396936
 -0.0000489645
  0.0000520254
 -0.0001361164
 -0.0000833238
 -0.0001298105
 -0.0002611828
  0.0000294011
  0.0000885717
 -0.0000694589
 -0.0000092172
  0.0001080387
  0.0000067098
 -0.0000779963
 -0.0000941789
 -0.0001032735
  0.0000492101
 -0.0000168127
  0.0000011955
 -0.0001976496
  0.0000448017
  0.0001536692
  0.0002006406
 -0.0000002523
 -0.0000808747
  0.0000723015
  0.0000402183
  0.0000745871
 -0.0000905705
 -0.0000490028
 -0.0000952349
  0.0000363545
 -0.0001174773
  0.0000946921
  0.0000684591
 -0.0000619870
  0.0000477073
  0.0000672622
  0.0000342550
 -0.0000079778
  0.0000533062
 -0.0000744328
  0.0001240912
  0.0000677274
 -0.0000832783
  0.0000234995
 -0.0001031103
  0.0000417881
  0.0000355353
 -0.0000085258
  0.0000461038
 -0.0000495308
  0.0000681240
  0.0000426057
  0.0000132602
 -0.0000905238
  0.0000445115
  0.0000709823
  0.0000299340
  0.0000426553
 -0.0000477333
 -0.0000377446
 -0.0000156941
  0.0001143387
 -0.0000680595
  0.0000459305
  0.0000384322
  0.0000058993
  0.0000068038
 -0.0000252595
 -0.0000051942
 -0.0000308240
 -0.0000531502
 -0.0000294229
 -0.0000276420
  0.0000047961
 -0.0000278239
  0.0000051571
  0.0000179388
 -0.0000278027
 -0.0000504858
 -0.0000175047
 -0.0000257641
 -0.0000454931
 -0.0000150570
 -0.0000599557
 -0.0000466172
 -0.0000079497
  0.0000092196
  0.0000203841
 -0.0000103918
 -0.0000624637
 -0.0000161297
 -0.0000251931
  0.0000020736
  0.0000035443
  0.0000176162
 -0.0000114386
  0.0000675868
  0.0000373600
 -0.0000438658
  0.0002758722
  0.0004065843
 -0.0001424342
 -0.0001304285
  0.0000012819
  0.0001637789
  0.0000336732
  0.0002118305
  0.0000521723
  0.0000983446
 -0.0001124642
 -0.0000012171
 -0.0001112779
 -0.0001033268
 -0.0001209817
 -0.0001309701
  0.0000132300
 -0.0000802647
  0.0000062439
 -0.0000802576
 -0.0001213621
 -0.0001114102
 -0.0000289693
 -0.0001389191
 -0.0000795350
 -0.0000697396
 -0.0000798005
 -0.0000364778
 -0.0001165526
 -0.0000938066
 -0.0000820404
  0.0000003740
 -0.0001391522
  0.0002270258
  0.0000912197
 -0.0000775812
 -0.0001323117
 -0.0000943836
  0.0000013189
 -0.0001145944
  0.0001561256
  0.0000825060
 -0.0000249985
  0.0001948269
 -0.0000754668
 -0.0000212176
  0.0000056626
  0.0001345505
 -0.0001110793
 -0.0001452393
 -0.0001163602
  0.0000234881
  0.0004622936
  0.0007719245
 -0.0001257499
 -0.0000924243
  0.0006125964
 -0.0000837775
  0.0000074260
 -0.0001204503
  0.0001128742
 -0.0000349096
 -0.0001235537
 -0.0003956075
 -0.0003318195
 -0.0003202676
 -0.0001701457
 -0.0003356631
 -0.0001849785
 -0.0003063757
 -0.0002951866
 -0.0002058575
 -0.0002807396
 -0.0002565020
 -0.0002557837
 -0.0001927355
 -0.0000851425
 -0.0003327460
 -0.0003427698
 -0.0001995615
 -0.0001673630
 -0.0002658466
 -0.0002232736
 -0.0001257847
 -0.0002247759
 -0.0002389627
 -0.0003607107
 -0.0003308180
 -0.0001204146
 -0.0001116183
 -0.0003863902
 -0.0000796418
 -0.0000901915
 -0.0001414291
 -0.0000874300
 -0.0001624909
 -0.0000706892
 -0.0000530504
 -0.0000643144
 -0.0000842148
 -0.0001442731
 -0.0001285620
 -0.0000591232
 -0.0000248218
  0.0000785739
 -0.0000559845
 -0.0000712383
  0.0000446780
 -0.0001246421
 -0.0001266901
 -0.0000652007
 -0.0000877436
 -0.0001431673
 -0.0001072718
 -0.0001299550
 -0.0001474797
 -0.0001166840
 -0.0000393909
  0.0000583603
 -0.0001017060
 -0.0001334093
 -0.0000909473
 -0.0003398787
 -0.0000826392
 -0.0000762771
  0.0000466623
 -0.0000490387
  0.0002838054
  0.0000020280
  0.0000850441
 -0.0000414643
 -0.0000560082
  0.0000444412
  0.0000553235
 -0.0001373439
 -0.0000301220
 -0.0000108755
  0.0004519223
 -0.0000579049
 -0.0001952106
  0.0000070655
  0.0000509433
 -0.0001346444
 -0.0001354468
 -0.0001133528
 -0.0000724512
  0.0000663309
 -0.0001264642
  0.0000659856
 -0.0001300936
 -0.0001353737
 -0.0000742326
  0.0000511113
 -0.0001879051
 -0.0001411121
 -0.0003521552
 -0.0001396994
 -0.0000187793
 -0.0002467973
 -0.0006332321
  0.0000205358
 -0.0005365085
 -0.0001369016
 -0.0002393253
 -0.0001399043
 -0.0001709247
 -0.0000525746
  0.0000700928
 -0.0000802369
 -0.0009798812
 -0.0003899168
 -0.0001446776
 -0.0005846725
  0.0000126828
 -0.0001522372
 -0.0000430660
 -0.0005647813
 -0.0000982892
 -0.0001469181
 -0.0001307271
  0.0000609520
 -0.0012778763
 -0.0007430735
 -0.0001685309
 -0.0000885235
 -0.0013332511
 -0.0001429030
  0.0000470892
 -0.0005333457
 -0.0004368721
 -0.0001437339
  0.0002985973
  0.0001693320
 -0.0000010832
  0.0002468592
 -0.0002714106
 -0.0000895864
  0.0002438706
 -0.0000432931
 -0.0002671766
  0.0002738818
 -0.0001403339
 -0.0003399964
 -0.0001448461
 -0.0005192502
 -0.0002785938
  0.0002481114
  0.0002213385
  0.0000506648
 -0.0003430683
 -0.0002507430
 -0.0000224150
 -0.0003180862
  0.0000051668
 -0.0005579547
 -0.0001037466
  0.0002400572
  0.0000179787
  0.0000148827
 -0.0001368103
  0.0000948773
  0.0001549965
  0.0000006620
 -0.0003328746
  0.0001690924
  0.0000893427
 -0.0000079077
 -0.0002102293
  0.0004436066
  0.0000809516
 -0.0002083772
 -0.0001724668
  0.0002841785
  0.0000872809
  0.0000422556
  0.0000121093
  0.0001779591
 -0.0001374219
  0.0000038913
 -0.0001790008
  0.0001600210
  0.0000775805
  0.0004312678
 -0.0001331204
  0.0000549627
  0.0001757819
 -0.0001018797
  0.0000489162
  0.0001942515
  0.0000006244
  0.0000130318
 -0.0000096148
  0.0000814303
  0.0002245114
 -0.0000235561
 -0.0002119468
  0.0000044310
  0.0000732258
  0.0000096247
  0.0000048179
 -0.0000025500
  0.0000018134
  0.0000093750
 -0.0000080843
  0.0000832649
 -0.0000077860
 -0.0000064728
  0.0000522397
  0.0001228905
  0.0000165652
  0.0000969160
  0.0000387205
  0.0000452888
 -0.0000003926
  0.0001097294
  0.0000749141
  0.0000190850
  0.0000053063
 -0.0000192508
  0.0000894719
  0.0002187079
  0.0000129756
 -0.0000123254
  0.0000502275
 -0.0000599688
  0.0000950114
  0.0003477215
 -0.0000326182
  0.0000606112
  0.0000036419
  0.0001258374
  0.0000931018
  0.0000851449
 -0.0000204730
 -0.0000150618
  0.0000883538
 -0.0000660691
 -0.0002891992
  0.0001368852
  0.0001206591
 -0.0000737069
  0.0002498058
  0.0000704143
  0.0000118319
  0.0000655610
 -0.0000648047
 -0.0000093044
  0.0000003325
 -0.0000079039
  0.0000906960
  0.0000371016
  0.0000123499
  0.0000084379
  0.0000031454
  0.0002013117
 -0.0000586849
 -0.0003008918
 -0.0002204259
 -0.0001735534
 -0.0002359772
 -0.0002147878
 -0.0000251111
 -0.0002844093
 -0.0001568937
 -0.0002777494
 -0.0002307200
 -0.0001662114
 -0.0002714642
 -0.0002277162
 -0.0002655570
 -0.0002304493
 -0.0002702276
 -0.0002398337
 -0.0004747710
  0.0000704068
 -0.0003101928
 -0.0003218664
  0.0002698546
 -0.0002943426
 -0.0002547536
 -0.0002572020
 -0.0002981725
 -0.0002935356
 -0.0004457878
 -0.0003808980
 -0.0003707707
  0.0001297321
 -0.0004238044
  0.0001039742
  0.0001206777
 -0.0000944673
 -0.0004404433
  0.0001099332
  0.0000777793
 -0.0000309786
 -0.0004264248
  0.0001519385
  0.0000341485
  0.0000787492
 -0.0004340286
  0.0001003407
 -0.0004243151
 -0.0000932559
  0.0001419427
 -0.0004356597
 -0.0001388988
 -0.0004229654
 -0.0003980808
  0.0000152391
  0.0001561056
 -0.0001892340
 -0.0002461868
  0.0001036811
 -0.0002528106
  0.0001884180
  0.0001125354
  0.0000404851
 -0.0000647358
  0.0001921531
 -0.0001530385
  0.0002158491
 -0.0002477539
 -0.0002266769
  0.0001382517
 -0.0001234481
 -0.0000692395
 -0.0000760059
 -0.0000581146
  0.0002625608
  0.0000366502
 -0.0000979401
  0.0000962744
 -0.0000323808
  0.0000512224
  0.0000748278
  0.0000575189
  0.0000330487
  0.0000014939
  0.0000431565
 -0.0000423491
  0.0000484176
  0.0000510480
  0.0000354508
 -0.0000250446
  0.0000820472
  0.0000826674
  0.0001498903
  0.0000375921
  0.0000322583
  0.0000849105
  0.0000998266
 -0.0000191130
  0.0000885788
  0.0000669356
  0.0000404802
  0.0000397670
  0.0000768782
  0.0000089290
  0.0001150516
  0.0000062936
  0.0000884554
  0.0000848735
 -0.0003479365
  0.0000907107
 -0.0000027357
 -0.0004246378
  0.0001927181
  0.0000665769
  0.0000275923
  0.0000165810
  0.0000810288
  0.0002539331
 -0.0000308239
  0.0002529812
  0.0000544336
 -0.0000362287
  0.0001476013
  0.0000333993
  0.0000478735
  0.0001425460
  0.0000903464
  0.0000194458
  0.0000369594
  0.0000754364
  0.0000497230
  0.0000419655
  0.0000119037
  0.0001171583
 -0.0000331961
  0.0000539996
  0.0000791784
  0.0000515075
  0.0000633934
  0.0000350218
  0.0000680313
  0.0000699749
 -0.0000014418
  0.0000608864
  0.0000455834
  0.0000367762
  0.0000573517
  0.0000657538
  0.0000358229
 -0.0000574641
 -0.0000616884
  0.0000933267
 -0.0000449261
  0.0000433917
  0.0000908139
  0.0000370177
 -0.0000610254
  0.0000420708
  0.0000430457
  0.0000394351
 -0.0000778457
  0.0000760800
  0.0000403920
  0.0000776027
 -0.0000402744
  0.0000452667
 -0.0000500110
  0.0000270873
  0.0000395647
 -0.0000453904
  0.0000178964
 -0.0001441879
 -0.0000401902
  0.0000407023
  0.0000456608
 -0.0000043117
  0.0000695853
  0.0000384246
  0.0000489663
  0.0000639333
  0.0000881661
  0.0000381844
 -0.0000220229
 -0.0000504840
 -0.0000371674
 -0.0000287858
  0.0000266525
 -0.0000243815
  0.0000081267
 -0.0000069333
  0.0000088554
  0.0000455482
 -0.0000187202
 -0.0000355341
  0.0000480854
 -0.0000007751
 -0.0000242788
  0.0000277873
  0.0000167708
  0.0000129673
  0.0000252988
  0.0000332058
  0.0000460709
  0.0000325373
  0.0000373020
  0.0000290225
  0.0000087385
  0.0000279669
  0.0000224862
  0.0000112861
  0.0000282631
 -0.0000127635
  0.0000314336
  0.0000221906
  0.0000011816
  0.0002320391
  0.0000290039
  0.0000024977
  0.0000146112
 -0.0000006795
  0.0000223806
  0.0000513844
 -0.0000064882
  0.0000139410
  0.0000592226
  0.0000281941
  0.0000172764
  0.0000135741
 -0.0001202664
  0.0000047667
  0.0001272054
  0.0000219920
  0.0000333024
  0.0000264544
 -0.0000055940
 -0.0000483551
 -0.0000096773
 -0.0000643670
 -0.0000134572
 -0.0000306112
 -0.0000085499
 -0.0000158218
 -0.0000250491
 -0.0000028953
 -0.0000051245
 -0.0000019430
 -0.0000019515
 -0.0000081254
 -0.0000059714
 -0.0000078263
 -0.0000034387
 -0.0000041367
 -0.0000023676
 -0.0000074233
 -0.0000096904
 -0.0000071271
 -0.0000170079
 -0.0000073155
 -0.0000083236
 -0.0000081301
 -0.0000074529
 -0.0000086624
 -0.0000089954
 -0.0000049026
 -0.0000092315
 -0.0000107417
 -0.0000075492
 -0.0000038438
 -0.0000010912
 -0.0000059214
 -0.0000196597
 -0.0000353347
 -0.0000580801
 -0.0000609306
 -0.0000151477
  0.0000406941
  0.0000256450
 -0.0000155735
 -0.0000346825
 -0.0000277532
  0.0000195671
 -0.0000107197
  0.0000391003
  0.0000313111
  0.0000170715
 -0.0000042893
 -0.0000006398
 -0.0000086890
 -0.0000051901
 -0.0000079071
 -0.0000051241
 -0.0000016192
 -0.0000050086
 -0.0000062214
 -0.0000031334
 -0.0000117030
 -0.0000099181
 -0.0000138421
 -0.0000090913
  0.0000031586
 -0.0000068231
 -0.0000057631
 -0.0000003518
 -0.0000225894
  0.0000034629
  0.0000017932
 -0.0000431425
 -0.0000096367
 -0.0000001787
  0.0000106464
 -0.0000006566
 -0.0000027131
  0.0000017121
 -0.0000072085
  0.0000067507
  0.0000082800
  0.0000023021
 -0.0000122452
 -0.0000073465
 -0.0000111764
  0.0000062055
  0.0000049631
 -0.0000202246
 -0.0000361487
 -0.0000013533
 -0.0000050688
  0.0000282156
  0.0000113170
  0.0000820579
  0.0000009646
 -0.0000247470
  0.0000468647
 -0.0000306088
 -0.0000407583
  0.0000097699
  0.0000127631
  0.0000228644
  0.0000782592
  0.0000027337
 -0.0000060692
 -0.0000047406
 -0.0000036118
  0.0000009229
 -0.0000058608
 -0.0000018088
  0.0000025498
 -0.0000048738
  0.0000097465
 -0.0000156655
 -0.0000013399
 -0.0000163435
 -0.0000138237
 -0.0000076618
 -0.0000224660
  0.0000074899
  0.0000013234
  0.0000035187
  0.0000015987
 -0.0000293212
 -0.0000191630
 -0.0000052993
  0.0000072567
 -0.0000243879
 -0.0000067046
 -0.0000040600
  0.0000000783
 -0.0000020369
 -0.0000015227
 -0.0000019299
  0.0000011362
  0.0000016437
 -0.0000004188
 -0.0000031240
  0.0000006284
  0.0000018266
 -0.0000036411
  0.0000006883
 -0.0000012028
 -0.0000086261
  0.0000063181
  0.0000068191
  0.0000016026
 -0.0000286831
 -0.0000336197
 -0.0000019504
  0.0000005017
 -0.0000084968
  0.0000017606
 -0.0000061847
 -0.0000021158
  0.0000023336
  0.0000093470
  0.0000205953
 -0.0000051731
  0.0000047614
  0.0000011289
 -0.0000022916
  0.0000023497
  0.0000028487
  0.0000169924
 -0.0000051393
  0.0000083220
  0.0000049375
 -0.0000108402
 -0.0000096054
 -0.0000023092
 -0.0000023373
  0.0000077123
  0.0000043808
  0.0000941554
  0.0000024585
 -0.0000146291
 -0.0000238232
  0.0000396903
 -0.0000479162
  0.0000464645
 -0.0000206526
 -0.0000162138
 -0.0000285815
 -0.0000376005
 -0.0000036895
 -0.0000158814
 -0.0000047144
 -0.0000064775
 -0.0000085508
 -0.0000131292
 -0.0000112015
 -0.0000027421
 -0.0000044006
 -0.0000169140
 -0.0000037649
 -0.0000112540
 -0.0000134947
 -0.0000082458
 -0.0000206281
 -0.0000138778
 -0.0000129435
 -0.0000131786
 -0.0000112708
 -0.0000129775
 -0.0000299151
 -0.0000195645
 -0.0000081321
 -0.0000132319
 -0.0000179050
  0.0000415712
 -0.0000066924
 -0.0000026534
 -0.0000006254
 -0.0000063558
 -0.0000626493
 -0.0000260224
 -0.0000306235
 -0.0000449065
  0.0000193680
 -0.0000263264
 -0.0000169532
  0.0000500684
  0.0000254189
 -0.0001535406
  0.0000172141
  0.0000353599
 -0.0001013192
 -0.0000072417
  0.0000439399
 -0.0000083545
 -0.0000060715
 -0.0000079116
 -0.0000057101
 -0.0000099199
 -0.0000025027
 -0.0000038977
 -0.0000083934
 -0.0000022875
 -0.0000034532
 -0.0000103494
 -0.0000098646
 -0.0000021511
 -0.0000069876
 -0.0000016575
 -0.0000013529
 -0.0000100330
 -0.0000031280
  0.0000045732
 -0.0000021559
  0.0000131590
  0.0000004193
  0.0000110870
  0.0000113035
 -0.0000038958
 -0.0000022328
  0.0000023772
  0.0000012581
  0.0000138380
 -0.0000026718
 -0.0000044309
  0.0000028178
  0.0000060392
 -0.0000109443
 -0.0000062469
  0.0000058651
 -0.0000119719
  0.0000244993
 -0.0000022821
 -0.0000004309
 -0.0000058004
 -0.0000057232
  0.0000189317
  0.0000126303
  0.0001067147
 -0.0000001391
 -0.0000577050
 -0.0000218633
  0.0000418527
 -0.0000430633
 -0.0000310159
  0.0000230375
  0.0000149758
  0.0000238463
  0.0000105863
  0.0000168271
  0.0000267796
  0.0000084514
  0.0000106111
  0.0000101630
  0.0000184850
  0.0000030466
  0.0000127752
  0.0000103169
  0.0000111002
  0.0000036186
  0.0000096367
  0.0000000992
  0.0000171263
  0.0000100412
  0.0000035267
  0.0000059759
  0.0000036812
  0.0000234515
  0.0000053382
  0.0000053116
  0.0000131405
  0.0000091408
 -0.0000419012
  0.0000179222
  0.0000167870
  0.0000085976
 -0.0000484387
 -0.0000348096
  0.0000054731
 -0.0000432826
 -0.0000036840
  0.0000079793
  0.0000437911
  0.0000051729
  0.0000628737
  0.0000165298
  0.0000175764
  0.0000107996
  0.0000122445
  0.0000012215
  0.0000052837
  0.0000051525
  0.0000046174
  0.0000045454
  0.0000085553
  0.0000024539
  0.0000126607
  0.0000079545
  0.0000065389
  0.0000101248
  0.0000075229
  0.0000047193
  0.0000050542
  0.0000091800
  0.0000048851
  0.0000060737
  0.0000093488
  0.0000034986
  0.0000041545
 -0.0000129783
  0.0000063262
  0.0000136152
  0.0000130249
 -0.0000288081
 -0.0000091290
  0.0000105023
  0.0000084005
  0.0000050307
  0.0000116252
  0.0000067550
  0.0000147113
  0.0000173311
 -0.0000022350
 -0.0000018846
 -0.0000008125
  0.0000155673
  0.0000165591
 -0.0000079349
 -0.0000277691
  0.0000046455
  0.0000061617
  0.0000408863
  0.0000198852
  0.0001000813
  0.0000100000
 -0.0000189927
 -0.0000209774
  0.0000474955
  0.0000086795
  0.0000070931
  0.0000112140
  0.0000168494
  0.0000045492
  0.0000138451
  0.0000012287
  0.0000100447
  0.0000071902
  0.0000034266
  0.0000031785
  0.0000108993
  0.0000031389
  0.0000049831
  0.0000041541
  0.0000069681
  0.0000085681
  0.0000065813
  0.0000102200
  0.0000063378
  0.0000084667
  0.0000089807
  0.0000027547
  0.0000119595
  0.0000049628
  0.0000026704
  0.0000095787
  0.0000048918
  0.0000017832
  0.0000091573
  0.0000404699
 -0.0000362494
 -0.0000119959
 -0.0000094971
 -0.0000155878
  0.0000406272
 -0.0000115902
  0.0000960915
  0.0000218416
  0.0000398886
 -0.0000115704
  0.0000318653
  0.0000395696
 -0.0000369923
  0.0000033990
  0.0000010760
  0.0000041277
  0.0000046504
 -0.0000023246
  0.0000057307
 -0.0000029809
  0.0000046119
  0.0000027727
  0.0000041402
  0.0000006610
 -0.0000002087
  0.0000019168
  0.0000030955
 -0.0000038983
  0.0000001201
  0.0000057557
 -0.0000063515
 -0.0000111659
  0.0000063066
  0.0000102793
  0.0000091194
 -0.0000497176
 -0.0000340424
  0.0000033894
 -0.0000016458
  0.0000042705
  0.0000003100
 -0.0000029335
  0.0000087946
 -0.0000032023
 -0.0000116429
 -0.0000070230
 -0.0000010040
 -0.0000039346
  0.0000109869
 -0.0000025448
  0.0000030963
  0.0000047295
 -0.0000141774
 -0.0000313770
  0.0000098722
  0.0000050617
  0.0000804631
  0.0000015206
 -0.0000469282
 -0.0000944477
 -0.0000210436
 -0.0000296377
 -0.0000305532
 -0.0000867251
 -0.0000498258
 -0.0000948012
 -0.0000225220
  0.0000350269
  0.0000586611
  0.0000324392
  0.0000303695
  0.0000540943
  0.0000120767
  0.0000288094
  0.0000198702
  0.0000426128
  0.0000079952
  0.0000124129
  0.0000144913
  0.0000220162
  0.0000063998
  0.0000316068
  0.0000144526
  0.0000496968
  0.0000308823
  0.0000123216
  0.0000343015
  0.0000232502
  0.0000217204
  0.0000547835
  0.0000083840
  0.0000138706
  0.0000351746
 -0.0000475871
  0.0000103298
 -0.0000245061
  0.0000244955
  0.0000254537
  0.0000103572
 -0.0000419040
 -0.0000234921
  0.0000022911
 -0.0000443806
  0.0000066422
  0.0000967961
  0.0000417183
 -0.0000001526
  0.0001085454
  0.0000378889
  0.0000264236
  0.0000029811
  0.0000249035
  0.0000058447
  0.0000256986
  0.0000061562
  0.0000116346
  0.0000094842
  0.0000068035
  0.0000069309
  0.0000106593
  0.0000114533
  0.0000111699
  0.0000144318
  0.0000113044
  0.0000134286
  0.0000076409
  0.0000112395
  0.0000161415
  0.0000059931
  0.0000141728
  0.0000088088
  0.0000053130
 -0.0000079623
  0.0000133077
  0.0000225747
 -0.0000480311
  0.0000149509
  0.0000170141
  0.0000080723
  0.0000068955
  0.0000171626
 -0.0000064569
  0.0000068892
  0.0000047793
  0.0000050953
  0.0000251786
 -0.0000219891
  0.0000087028
  0.0000096821
  0.0000336549
  0.0000139348
  0.0000092910
 -0.0000303972
 -0.0000085881
 -0.0000019420
  0.0000644716
 -0.0000009007
 -0.0000589699
  0.0000723980
 -0.0000213751
  0.0000462946
  0.0000012869
 -0.0000267509
  0.0000029507
 -0.0000081447
 -0.0000149121
  0.0000049504
  0.0000096613
 -0.0000069156
 -0.0000034041
 -0.0000026708
  0.0000061157
 -0.0000112180
 -0.0000069686
 -0.0000073301
 -0.0000082610
 -0.0000030318
 -0.0000089615
 -0.0000035041
 -0.0000041091
 -0.0000110383
  0.0000047026
 -0.0000025776
 -0.0000100825
 -0.0000086402
 -0.0000111335
 -0.0000099054
  0.0000057157
 -0.0000097707
 -0.0000073228
  0.0000009666
  0.0000077092
 -0.0000095250
  0.0000044934
  0.0000013163
 -0.0000100426
  0.0000760539
 -0.0000883661
  0.0001049543
  0.0000581713
  0.0001306439
 -0.0000297322
 -0.0000838380
 -0.0000647246
 -0.0000036722
  0.0000262932
 -0.0000065590
 -0.0000632782
 -0.0000171960
 -0.0000871951
  0.0000198108
 -0.0000103314
 -0.0000048549
 -0.0000065111
 -0.0000026588
 -0.0000109902
 -0.0000089207
  0.0000003333
 -0.0000060109
 -0.0000106182
 -0.0000120996
 -0.0000121304
 -0.0000123158
 -0.0000111034
 -0.0000096101
 -0.0000035963
 -0.0000036026
 -0.0000113693
 -0.0000095403
  0.0000463382
 -0.0000055988
 -0.0000087724
  0.0000247910
  0.0000204658
 -0.0000045557
 -0.0000068092
 -0.0000068897
 -0.0000074547
  0.0000015249
  0.0000081364
 -0.0000047168
  0.0000116521
 -0.0000040647
 -0.0000148872
 -0.0000073498
 -0.0000191625
 -0.0000053683
 -0.0000035309
  0.0000203566
 -0.0000296526
 -0.0000251886
  0.0000113514
 -0.0000061765
 -0.0000090068
  0.0000246549
  0.0000081200
  0.0000877944
 -0.0000523352
  0.0000015626
  0.0000046183
  0.0000095329
  0.0000070755
  0.0000140598
  0.0000050377
  0.0000093639
  0.0000072621
  0.0000021663
  0.0000038927
  0.0000038515
  0.0000072371
  0.0000040724
  0.0000019543
 -0.0000050255
  0.0000033960
  0.0000037379
  0.0000024328
  0.0000040635
  0.0000023629
  0.0000023655
 -0.0000002441
  0.0000053661
  0.0000054075
  0.0000022210
 -0.0000116989
  0.0000048559
  0.0000122354
 -0.0000169851
  0.0000129898
 -0.0000307495
 -0.0000428049
 -0.0000120434
 -0.0000523953
  0.0000120461
 -0.0000248335
 -0.0000043306
  0.0000412646
 -0.0000102831
  0.0000350552
  0.0000028541
 -0.0000046605
 -0.0000010271
 -0.0000044837
 -0.0000004910
  0.0000010871
  0.0000027042
  0.0000059178
 -0.0000009804
 -0.0000050478
 -0.0000101358
 -0.0000021007
 -0.0000021779
 -0.0000037964
 -0.0000018661
  0.0000057442
  0.0000021075
 -0.0000046053
 -0.0000202538
  0.0000056025
  0.0000069417
 -0.0000677619
 -0.0000457517
  0.0000007507
  0.0000000940
  0.0000020039
  0.0000011730
 -0.0000054410
  0.0000058684
 -0.0000023986
 -0.0000072748
 -0.0000012885
  0.0000004428
 -0.0000072685
 -0.0000041099
  0.0000013597
 -0.0000245166
 -0.0000242185
  0.0000288087
  0.0000041078
  0.0000810204
  0.0000000391
  0.0000274305
 -0.0000321597
 -0.0000560138
  0.0000161755
 -0.0000143495
  0.0000190607
 -0.0000567384
 -0.0000326936
 -0.0000189539
 -0.0000204829
 -0.0000533420
 -0.0000284469
 -0.0000012776
  0.0000046044
 -0.0000065213
 -0.0000015155
 -0.0000169177
  0.0000081421
  0.0000050001
  0.0000097057
  0.0000027689
 -0.0000030819
 -0.0000016676
  0.0000062031
  0.0000105542
  0.0000024934
 -0.0000134530
  0.0000178828
 -0.0000015915
  0.0000020510
 -0.0000035339
  0.0000008822
 -0.0000024676
 -0.0000047913
 -0.0000073877
 -0.0000039447
 -0.0000035357
 -0.0000201389
  0.0000018704
  0.0000046162
 -0.0000031766
 -0.0000094129
  0.0000057727
  0.0000104118
  0.0000091388
 -0.0000024594
 -0.0000298256
  0.0000526512
 -0.0000220934
 -0.0000148142
 -0.0001063655
 -0.0000180595
  0.0000471197
  0.0000312119
  0.0000129154
 -0.0000507717
  0.0000202890
 -0.0000162957
 -0.0000425447
  0.0000522120
  0.0000097904
 -0.0000047051
 -0.0000018733
 -0.0000015302
 -0.0000117287
 -0.0000111516
  0.0000079310
 -0.0000007101
 -0.0000021498
  0.0000036823
  0.0000060590
 -0.0000007863
 -0.0000066110
  0.0000055596
 -0.0000006829
 -0.0000025327
 -0.0000001811
 -0.0000047504
 -0.0000003743
  0.0000674312
  0.0000023865
  0.0000280230
  0.0000082428
  0.0000668500
  0.0000207298
  0.0000042114
  0.0000087479
 -0.0000067410
  0.0000064597
  0.0000059668
  0.0000244779
  0.0000114517
  0.0000036260
  0.0000103886
 -0.0000007633
  0.0000328259
 -0.0000137757
  0.0000166755
  0.0000354500
  0.0000074061
 -0.0000048575
  0.0000140488
 -0.0000567893
 -0.0000240637
 -0.0000984221
 -0.0000252482
 -0.0000270654
 -0.0000364867
 -0.0000362953
 -0.0000903987
 -0.0000643057
 -0.0000515737
 -0.0000221660
 -0.0001061623
 -0.0000258741
 -0.0000289754
  0.0000290703
  0.0001039423
  0.0000745331
  0.0000449620
  0.0000883885
  0.0000153458
  0.0000395139
  0.0000163486
  0.0000477413
  0.0000128418
  0.0000143675
  0.0000261269
  0.0000686257
  0.0000374447
  0.0000186429
  0.0000292070
  0.0000168191
  0.0000193074
  0.0000733640
  0.0000144808
  0.0000183950
  0.0000216312
  0.0000109368
  0.0000635861
  0.0000956843
  0.0000193144
  0.0000225897
  0.0000171506
 -0.0000510137
  0.0000122091
 -0.0000277352
  0.0000362739
  0.0000409737
  0.0000203321
  0.0000932796
 -0.0000859849
  0.0000513836
 -0.0000012747
  0.0000980062
  0.0000360258
 -0.0000664926
 -0.0000549201
  0.0000639410
  0.0000031022
 -0.0001332268
 -0.0000594252
  0.0000017096
  0.0000101294
  0.0000001897
  0.0000172706
  0.0000144528
  0.0000171460
  0.0000262878
  0.0000181229
  0.0000210242
  0.0000164290
  0.0000235066
  0.0000137285
  0.0000162833
  0.0000067900
  0.0000238467
  0.0000145330
  0.0000143167
  0.0000213392
  0.0000170149
  0.0000240349
  0.0000206942
  0.0000633136
  0.0000187364
  0.0000213941
  0.0000234314
  0.0000207013
  0.0000154738
  0.0000098212
  0.0000231694
  0.0000274039
  0.0000275828
  0.0000149563
  0.0000219385
  0.0000368537
 -0.0000001851
  0.0000162257
  0.0000196271
  0.0000159705
  0.0000203021
  0.0000195272
  0.0000083510
  0.0000290980
  0.0000255864
  0.0000215907
  0.0000282106
  0.0000185074
  0.0000207646
  0.0000171393
  0.0000179884
  0.0000223923
  0.0000155435
  0.0000241033
  0.0000232394
  0.0000198384
  0.0000221438
  0.0000260289
  0.0000181006
  0.0000236773
  0.0000165465
  0.0000091463
  0.0000075926
  0.0000238457
  0.0000032496
  0.0000348483
  0.0000264144
  0.0000333663
  0.0000123812
 -0.0000189694
  0.0000137773
  0.0000134865
  0.0000035847
  0.0000168093
  0.0000177236
  0.0000209467
  0.0000184364
  0.0000170767
  0.0000187510
  0.0000198142
  0.0000115496
  0.0000166139
  0.0000139531
  0.0000201915
  0.0000184212
  0.0000143655
  0.0000151670
  0.0000098797
  0.0000147132
  0.0000155350
  0.0000046263
  0.0000112048
  0.0000175664
  0.0000020914
  0.0000148435
  0.0000223561
  0.0000232443
  0.0000275718
  0.0000263854
 -0.0000038893
  0.0000180173
  0.0000157265
  0.0000250605
  0.0000204735
  0.0000316204
  0.0000127482
  0.0000701880
  0.0000181383
  0.0000212851
  0.0000288987
  0.0000082972
  0.0000157864
  0.0000167577
  0.0000213667
  0.0000178565
  0.0000386292
  0.0000294296
  0.0001512107
  0.0000210710
 -0.0000435778
 -0.0000211764
 -0.0000505078
 -0.0000208336
 -0.0000230717
 -0.0000231072
 -0.0000370330
 -0.0000446028
 -0.0000152886
 -0.0000214488
 -0.0000154802
 -0.0000050079
  0.0000267250
  0.0000025672
  0.0000034788
  0.0000045530
  0.0000071328
  0.0000065815
  0.0000009467
  0.0000003547
  0.0000071143
 -0.0000024173
  0.0000017589
 -0.0000075986
  0.0000048352
  0.0000002844
  0.0000085038
  0.0000072822
  0.0000057406
 -0.0000142502
 -0.0000065801
  0.0000003821
 -0.0000197475
  0.0000144501
  0.0000078347
  0.0000007171
 -0.0000013467
 -0.0000495229
 -0.0000134256
 -0.0000043770
 -0.0000060121
 -0.0000103343
 -0.0000052719
 -0.0000146482
  0.0000008536
 -0.0000058186
 -0.0000031655
 -0.0000058840
 -0.0000079817
 -0.0000006173
  0.0000036638
 -0.0000043253
  0.0000001302
  0.0000043034
  0.0000004101
  0.0000034771
 -0.0000116694
  0.0000132094
 -0.0000008630
  0.0000021253
 -0.0000880131
 -0.0000518595
  0.0000055930
  0.0000072900
 -0.0000031420
  0.0000025938
 -0.0000008939
 -0.0000040128
  0.0000023999
  0.0000024149
  0.0000087673
 -0.0000086947
 -0.0000069728
  0.0000054182
 -0.0000020802
 -0.0000014499
  0.0000022996
  0.0000070193
  0.0000192054
 -0.0000170419
 -0.0000005334
  0.0000120402
 -0.0000077390
 -0.0000087526
  0.0000054256
  0.0000048428
  0.0000013184
 -0.0000002477
  0.0000620771
 -0.0000018550
 -0.0000576107
  0.0000039195
  0.0000376670
  0.0000086317
  0.0000009511
  0.0000068721
  0.0000065572
  0.0000048207
  0.0000041677
  0.0000095342
  0.0000074300
 -0.0000003715
  0.0000055950
 -0.0000043979
 -0.0000022508
 -0.0000003384
 -0.0000144610
  0.0000124305
  0.0000052362
  0.0000096435
  0.0000064882
 -0.0000105456
 -0.0000104101
  0.0000035032
  0.0000118305
 -0.0000038865
  0.0000009142
 -0.0000045833
  0.0000021951
  0.0000044864
  0.0000041468
  0.0000022236
  0.0000014615
  0.0000044900
  0.0000026097
  0.0000005004
  0.0000058214
  0.0000038375
  0.0000035603
 -0.0000042195
  0.0000095449
  0.0000121838
  0.0000066741
 -0.0000067127
 -0.0000320705
  0.0000041728
  0.0000034673
 -0.0000004894
  0.0000086269
  0.0000011957
  0.0000013088
  0.0000089198
  0.0000064170
  0.0000329839
  0.0000047321
  0.0000024784
  0.0000047469
  0.0000028658
  0.0000193429
  0.0000003432
  0.0000131876
  0.0000075750
 -0.0000099000
 -0.0000051849
  0.0000046552
  0.0000016146
  0.0000038854
  0.0000093512
  0.0001086878
  0.0000076219
 -0.0000449488
  0.0000363575
 -0.0000322013
 -0.0000343877
 -0.0000494670
 -0.0000018941
 -0.0000714552
 -0.0000551954
 -0.0000305572
 -0.0000127174
 -0.0000370997
  0.0000373556
 -0.0000049819
  0.0000086699
 -0.0000123395
  0.0000042905
  0.0000068664
 -0.0000082189
  0.0000022538
 -0.0000055095
  0.0000005072
 -0.0000053963
 -0.0000114068
  0.0000143821
 -0.0000135726
 -0.0000025596
  0.0000032865
  0.0000079927
  0.0000013778
 -0.0000132848
 -0.0000002396
  0.0000046223
 -0.0000137364
  0.0000033848
 -0.0000005177
 -0.0000164661
  0.0000080651
  0.0000007809
 -0.0000126961
 -0.0000017602
 -0.0000154288
 -0.0000348462
 -0.0000022028
 -0.0000011418
  0.0000094174
 -0.0000146518
  0.0000567003
 -0.0000034827
  0.0000243873
 -0.0000999087
 -0.0000138648
  0.0000304085
  0.0000118152
  0.0000690509
 -0.0000776402
  0.0000406239
 -0.0000328238
 -0.0000781852
  0.0000861351
  0.0000400612
  0.0000070060
  0.0000198103
  0.0000242126
  0.0000194465
  0.0000197075
 -0.0000058729
  0.0000214649
  0.0000111428
  0.0000295873
  0.0000251611
  0.0000204000
  0.0000160442
  0.0000247222
  0.0000187331
  0.0000176185
  0.0000233461
  0.0000098956
  0.0000224004
  0.0000790148
  0.0000236158
  0.0000248979
  0.0000066635
  0.0000305666
  0.0000235539
  0.0000018698
  0.0000194812
  0.0000280138
  0.0000109155
  0.0000272829
 -0.0000075392
  0.0000187918
  0.0000079276
  0.0000224788
  0.0000314557
 -0.0000238116
  0.0000175261
  0.0000441384
  0.0000263700
  0.0000145995
  0.0000269481
  0.0000003022
 -0.0000278064
 -0.0000653367
  0.0000843424
 -0.0000455190
 -0.0000257804
 -0.0000302993
 -0.0000342976
 -0.0000122075
 -0.0000208734
 -0.0000006807
 -0.0000216729
 -0.0000107122
 -0.0000248444
  0.0000097557
 -0.0000146662
  0.0000122907
  0.0000133289
  0.0000063051
 -0.0000326882
 -0.0000039684
 -0.0000273332
 -0.0000275620
 -0.0000309347
 -0.0000269622
 -0.0000203988
 -0.0000258922
 -0.0000375329
 -0.0000257435
 -0.0000017105
 -0.0000222579
 -0.0000289109
  0.0001479479
 -0.0000144260
 -0.0000132216
 -0.0000033590
  0.0000107824
 -0.0000027706
 -0.0000429673
 -0.0000658334
 -0.0000527074
 -0.0000180329
  0.0000345328
  0.0000174546
 -0.0000196956
 -0.0000560218
  0.0000042767
  0.0000032663
 -0.0000168748
  0.0000247644
  0.0000261416
  0.0000119679
 -0.0000059848
  0.0000025867
  0.0000066987
  0.0000067290
  0.0000076133
 -0.0000236324
  0.0000111583
  0.0000020826
  0.0000081914
  0.0000018465
  0.0000030701
  0.0000061957
  0.0000046430
  0.0000055029
  0.0000036732
  0.0000107581
 -0.0000071512
  0.0000005572
 -0.0000313442
  0.0000204487
  0.0000094373
 -0.0000742215
 -0.0000223124
  0.0000070964
  0.0000122561
  0.0000072092
  0.0000143804
  0.0000205549
  0.0000090738
  0.0000021193
 -0.0000186945
  0.0000065803
  0.0000003741
 -0.0000037850
  0.0000230830
  0.0000045801
  0.0000182407
  0.0000050440
 -0.0000219113
 -0.0000427859
  0.0000060196
  0.0000052658
 -0.0000087129
  0.0000129632
  0.0000446579
  0.0000004413
 -0.0000044316
 -0.0000224506
 -0.0001184025
  0.0001484165
  0.0000295201
  0.0000554578
  0.0000346646
  0.0000489867
  0.0000205496
  0.0000323714
  0.0000342706
  0.0000152633
  0.0000202093
  0.0000204022
  0.0000231378
  0.0000167032
  0.0000264882
  0.0000175017
  0.0000237389
  0.0000238552
  0.0000239001
  0.0000501255
  0.0000166787
  0.0000248493
  0.0000256566
 -0.0000482085
  0.0000176139
 -0.0000059756
  0.0000315598
  0.0000286871
  0.0000192255
 -0.0000092672
  0.0000448895
  0.0000228479
 -0.0000096525
 -0.0000020784
 -0.0000012433
  0.0000121538
  0.0000450653
 -0.0000305549
  0.0000420805
 -0.0000115443
  0.0000485809
  0.0000594916
 -0.0000078659
  0.0000490415
  0.0000165866
  0.0000127967
  0.0000141062
  0.0000197710
  0.0000118944
  0.0000186681
  0.0000158296
  0.0000196799
  0.0000188587
  0.0000197173
  0.0000149138
  0.0000154205
  0.0000162500
  0.0000134576
  0.0000165418
  0.0000153103
  0.0000145573
  0.0000181225
 -0.0000000130
  0.0000282856
  0.0000175028
 -0.0000212757
 -0.0000257128
  0.0000215682
  0.0000161334
  0.0000136975
  0.0000258959
  0.0000078611
  0.0000162841
  0.0000116132
  0.0000154951
  0.0000118855
  0.0000152977
  0.0000210714
  0.0000151696
 -0.0000073038
  0.0000186859
  0.0000146652
  0.0000534886
  0.0000271380
  0.0001181603
  0.0000203577
 -0.0000262744
 -0.0000780131
 -0.0000080567
 -0.0000221554
 -0.0000884182
 -0.0000636519
 -0.0000980031
 -0.0000142385
 -0.0000228466
  0.0000043533
 -0.0000199817
 -0.0000083725
 -0.0000151434
  0.0000076077
  0.0000023289
  0.0000077644
  0.0000058770
 -0.0000221599
 -0.0000154057
 -0.0000066605
  0.0000237612
 -0.0000313997
 -0.0000036156
 -0.0000089191
  0.0000006086
 -0.0000115582
 -0.0000034035
  0.0000280103
  0.0000056717
 -0.0000108726
  0.0000154461
  0.0000057864
 -0.0000012473
 -0.0000056717
  0.0000011411
  0.0000058348
  0.0000117661
  0.0000110486
  0.0000025742
  0.0000131097
 -0.0000120358
 -0.0000127197
  0.0000001188
  0.0000095575
  0.0000075169
  0.0000142788
  0.0000126340
 -0.0000015094
  0.0000084630
 -0.0000094653
  0.0000747577
  0.0000118049
 -0.0000149357
 -0.0000205037
 -0.0000240580
  0.0000180845
  0.0000151282
 -0.0000037215
  0.0000041770
  0.0000192948
 -0.0000080882
  0.0000812747
  0.0000337525
  0.0000113005
 -0.0000039537
 -0.0000015698
  0.0000119863
 -0.0000139093
  0.0000533498
 -0.0000022854
  0.0000053539
 -0.0000059196
  0.0000190211
  0.0000191922
 -0.0000241239
 -0.0000073053
  0.0000624553
  0.0000096335
  0.0001923597
  0.0000035986
  0.0001406928
 -0.0000207442
 -0.0000296342
 -0.0000306102
 -0.0000437834
  0.0000920632
 -0.0000530891
 -0.0000148192
 -0.0000287055
  0.0001615766
  0.0000385312
  0.0000624665
  0.0000415703
  0.0000324767
  0.0000554816
  0.0000140526
  0.0000314727
  0.0000229292
  0.0000460235
  0.0000128386
  0.0000126376
  0.0000203947
  0.0000335421
  0.0000234907
  0.0000144537
  0.0000362120
  0.0000331386
  0.0000152240
  0.0000499873
  0.0000371998
  0.0000144983
  0.0000411302
  0.0000283038
  0.0000285255
  0.0000582419
  0.0000149992
  0.0000157133
  0.0000402211
 -0.0000815617
  0.0000108727
 -0.0000232488
  0.0000267154
  0.0000279634
  0.0000194155
 -0.0000469457
 -0.0000039017
 -0.0000038783
 -0.0000264015
 -0.0000286075
  0.0000367160
 -0.0000327084
  0.0000798744
  0.0000912141
 -0.0000680404
  0.0000309253
  0.0000723209
 -0.0001218499
 -0.0000413485
  0.0000678582
  0.0000168225
  0.0000169405
  0.0000197045
  0.0000145716
  0.0000162468
  0.0000136489
  0.0000211008
  0.0000203080
  0.0000291205
  0.0000218613
  0.0000208923
  0.0000140169
  0.0000215154
  0.0000217998
  0.0000283088
  0.0000205112
  0.0000177519
  0.0000309222
  0.0000244924
  0.0000214337
  0.0000326551
  0.0000274135
  0.0000209583
  0.0000167080
  0.0000388125
  0.0000311545
  0.0000237153
  0.0000167946
  0.0000217846
  0.0000173611
  0.0000300595
  0.0000217343
  0.0000545212
  0.0000292861
  0.0000192629
  0.0000271439
  0.0000157672
  0.0000391849
  0.0000421485
  0.0000407998
 -0.0000054553
  0.0000463423
  0.0000166509
  0.0000292279
  0.0000459760
 -0.0000068238
 -0.0000038707
 -0.0000039845
 -0.0000091507
 -0.0000005029
 -0.0000053371
 -0.0000305303
 -0.0000165694
 -0.0000112887
 -0.0000217248
 -0.0000074156
 -0.0000025456
 -0.0000060622
 -0.0000146398
 -0.0000076724
 -0.0000024832
 -0.0000090020
 -0.0000147503
 -0.0000188621
 -0.0000005722
 -0.0000137721
 -0.0000047288
 -0.0000041762
 -0.0000059289
 -0.0000075631
 -0.0000049889
 -0.0000046254
  0.0000043262
 -0.0000033547
 -0.0000087008
 -0.0000066901
 -0.0000061585
 -0.0000237809
 -0.0000085403
 -0.0000021288
 -0.0000073273
  0.0000009171
 -0.0000265979
 -0.0000116589
 -0.0000081873
 -0.0000080442
 -0.0000098589
 -0.0000126625
 -0.0000058743
 -0.0000121246
 -0.0000124638
 -0.0000088842
 -0.0000055272
 -0.0000077843
 -0.0000181944
 -0.0000046938
  0.0000123472
 -0.0000126268
 -0.0000133042
 -0.0000120371
 -0.0000175179
 -0.0000005459
  0.0000002009
 -0.0000128708
  0.0000122617
 -0.0000007502
  0.0000907119
 -0.0000133073
  0.0000364746
 -0.0000345007
 -0.0000359195
 -0.0000269443
  0.0000047962
  0.0000505297
  0.0000322808
  0.0000143770
  0.0000226203
  0.0000079208
  0.0000183883
  0.0000269552
  0.0000053244
  0.0000214756
  0.0000117737
  0.0000189192
  0.0000050492
  0.0000045418
  0.0000143448
  0.0000065662
  0.0000107304
  0.0000117028
  0.0000163490
  0.0000157686
  0.0000004432
  0.0000184321
  0.0000118654
  0.0000078081
  0.0000136311
  0.0000137956
  0.0000027675
  0.0000239195
  0.0000067951
  0.0000071220
  0.0000122386
  0.0000002340
 -0.0000351564
  0.0000122316
  0.0000109901
  0.0000123094
 -0.0000566035
  0.0001356895
 -0.0000020795
 -0.0000141226
 -0.0000332561
 -0.0000141864
 -0.0000222704
 -0.0000094154
 -0.0000283099
  0.0000209581
 -0.0000089004
  0.0000232199
  0.0000593534
  0.0000506508
  0.0000192854
  0.0000118016
  0.0000100405
  0.0000100519
  0.0000128396
  0.0000081807
  0.0000038824
  0.0000087779
  0.0000143396
  0.0000118904
  0.0000097909
  0.0000105874
  0.0000083896
  0.0000070004
  0.0000076607
  0.0000056725
  0.0000116451
  0.0000117592
  0.0000072436
  0.0000253401
  0.0000131431
  0.0000229755
  0.0000186795
  0.0000162229
  0.0000103587
  0.0000125221
  0.0000033037
  0.0000075821
  0.0000267328
  0.0000213425
  0.0000093818
  0.0000158613
  0.0000172957
  0.0000060872
  0.0000092988
  0.0000034618
  0.0000116839
  0.0000429466
  0.0000120503
  0.0000098559
  0.0000100920
  0.0000308217
  0.0000330490
  0.0000114157
  0.0000690868
  0.0000079071
  0.0000103522
  0.0000149355
  0.0000026944
  0.0000080904
  0.0000085255
  0.0000012162
  0.0000022804
 -0.0000015554
  0.0000046500
 -0.0000013344
  0.0000022002
  0.0000015715
  0.0000037312
  0.0000054719
  0.0000043468
  0.0000000559
  0.0000069926
  0.0000044157
  0.0000021484
  0.0000088953
  0.0000038326
 -0.0000052323
  0.0000122154
  0.0000212787
  0.0000169200
  0.0000089989
 -0.0000048322
  0.0000216757
  0.0000205223
  0.0000174837
 -0.0000176636
  0.0000050085
 -0.0000001585
  0.0000200447
  0.0000243179
  0.0000204629
 -0.0000208767
  0.0000044271
  0.0000021338
 -0.0000053788
  0.0000024230
  0.0000000686
  0.0000022198
  0.0000017259
  0.0000025139
 -0.0000002505
 -0.0000049985
 -0.0000017378
 -0.0000016854
 -0.0000053975
  0.0000028889
 -0.0000050753
  0.0000068660
 -0.0000002059
  0.0000081350
  0.0000032894
  0.0000075177
 -0.0000588139
 -0.0000477062
  0.0000053131
  0.0000034475
  0.0000116230
  0.0000012268
 -0.0000013804
  0.0000090059
 -0.0000013030
  0.0000177448
  0.0000119728
 -0.0000003396
  0.0000070368
  0.0000094080
  0.0000079928
  0.0000267941
 -0.0000068948
 -0.0000065504
  0.0000018098
 -0.0000114225
 -0.0000029888
  0.0000108286
  0.0000310597
  0.0000090046
  0.0000903510
  0.0000037301
 -0.0000371787
  0.0000284952
 -0.0000500801
  0.0000083092
  0.0000021190
 -0.0000021136
 -0.0000022039
 -0.0000019367
  0.0000077267
 -0.0000058591
  0.0000010110
 -0.0000006216
 -0.0000041455
  0.0000001143
 -0.0000059823
 -0.0000039758
  0.0000027746
 -0.0000085586
  0.0000063099
  0.0000114986
  0.0000069730
 -0.0000017447
  0.0000282093
 -0.0000165833
  0.0000009461
 -0.0000008893
 -0.0000182187
 -0.0000063476
 -0.0000007321
 -0.0000062186
 -0.0000017596
 -0.0000063556
 -0.0000039786
 -0.0000051678
 -0.0000052986
 -0.0000070922
  0.0000008138
 -0.0000056382
 -0.0000063259
  0.0000024987
 -0.0000041780
 -0.0000084614
  0.0000047407
  0.0000099951
  0.0000074144
 -0.0000146873
 -0.0000324057
  0.0000027345
  0.0000058249
  0.0000015958
  0.0000073047
  0.0000034170
  0.0000087818
  0.0000008702
 -0.0000004201
  0.0000182656
 -0.0000112171
  0.0000129191
  0.0000091597
  0.0000067236
  0.0000017670
 -0.0000010385
  0.0000150011
  0.0000001851
  0.0000002624
  0.0000028799
 -0.0000138518
  0.0000093730
  0.0000020086
  0.0000022870
 -0.0000076141
  0.0000128225
  0.0001008367
 -0.0000013563
  0.0000080132
 -0.0000117953
  0.0000225767
 -0.0000159830
 -0.0000171761
  0.0000203516
  0.0000064353
  0.0000008115
  0.0000018544
 -0.0000054879
  0.0000096369
 -0.0000110940
  0.0000075883
 -0.0000115391
  0.0000030436
 -0.0000116389
 -0.0000092099
  0.0000000413
 -0.0000096001
  0.0000010732
 -0.0000118270
 -0.0000029670
 -0.0000168327
  0.0000018179
 -0.0000042958
  0.0000067446
 -0.0000100148
 -0.0000098445
 -0.0000147410
 -0.0000054743
 -0.0000019251
 -0.0000153044
  0.0000087042
 -0.0000072491
  0.0000060055
  0.0000009309
 -0.0000166120
 -0.0000122963
 -0.0000009436
  0.0000008830
 -0.0000194007
 -0.0000008594
 -0.0000026760
  0.0000004718
  0.0000120643
  0.0000010651
  0.0000005630
  0.0000031690
  0.0000044225
 -0.0000035091
 -0.0000086139
  0.0000076612
  0.0000022861
  0.0000015183
  0.0000056758
 -0.0000085528
  0.0000020122
  0.0000063227
 -0.0000004247
 -0.0000417138
 -0.0000286474
  0.0000011314
  0.0000013694
 -0.0000085004
  0.0000050520
 -0.0000025774
 -0.0000006832
  0.0000066687
  0.0000000584
 -0.0000010854
  0.0000221835
 -0.0000023904
  0.0000055021
  0.0000006683
 -0.0000026728
  0.0000006146
 -0.0000110159
  0.0000208272
 -0.0000022675
 -0.0000012334
 -0.0000017347
 -0.0000058108
 -0.0000108265
 -0.0000100444
 -0.0000013655
  0.0000160284
 -0.0000002797
  0.0000874317
  0.0000009211
 -0.0000000738
  0.0000280554
  0.0000193834
  0.0000643412
  0.0000124695
  0.0000081310
  0.0000042161
  0.0000060743
  0.0000009424
  0.0000072226
  0.0000051365
  0.0000057424
  0.0000001726
  0.0000009076
  0.0000038743
  0.0000078281
  0.0000052574
 -0.0000014010
  0.0000048900
 -0.0000076713
 -0.0000064826
 -0.0000055912
 -0.0000134685
  0.0000205711
  0.0000051596
  0.0000095752
  0.0000063300
 -0.0000366861
 -0.0000046951
  0.0000057709
  0.0000048688
 -0.0000016736
  0.0000007494
  0.0000009288
  0.0000024699
  0.0000017631
  0.0000038906
  0.0000023180
 -0.0000000895
  0.0000042696
  0.0000022880
 -0.0000002317
  0.0000034196
  0.0000040731
  0.0000034399
 -0.0000034569
 -0.0000011327
  0.0000052484
  0.0000071162
 -0.0000467979
 -0.0000299960
  0.0000054635
  0.0000067907
 -0.0000004259
  0.0000110732
  0.0000074366
  0.0000022321
  0.0000120300
 -0.0000014541
  0.0000181028
  0.0000066791
 -0.0000034238
 -0.0000003138
  0.0000107357
  0.0000040323
  0.0000279084
 -0.0000113178
  0.0000019956
  0.0000005756
  0.0000027424
 -0.0000002959
  0.0000054554
  0.0000004501
  0.0000177182
  0.0000080652
  0.0000857508
  0.0000057718
 -0.0000020172
 -0.0000141947
  0.0000026718
  0.0000033869
 -0.0000065324
  0.0000021131
 -0.0000033965
  0.0000024919
 -0.0000094493
 -0.0000006202
  0.0000006791
 -0.0000005683
 -0.0000039353
  0.0000016866
 -0.0000012461
  0.0000026067
 -0.0000166457
 -0.0000082675
  0.0000007408
 -0.0000034242
 -0.0000109861
 -0.0000110783
  0.0000001650
 -0.0000168597
  0.0000174370
  0.0000009665
  0.0000095335
  0.0000032979
 -0.0000361001
 -0.0000062613
 -0.0000023518
  0.0000012125
 -0.0000033845
 -0.0000022725
  0.0000042852
 -0.0000077464
 -0.0000044820
 -0.0000016449
 -0.0000010848
  0.0000008738
 -0.0000014381
 -0.0000061095
 -0.0000053480
 -0.0000053107
 -0.0000055630
 -0.0000062142
 -0.0000095398
 -0.0000020089
 -0.0000023618
 -0.0000039898
  0.0000015048
  0.0000013803
 -0.0000708729
 -0.0000467345
 -0.0000025256
 -0.0000057559
 -0.0000093222
  0.0000073686
  0.0000040926
 -0.0000039952
  0.0000091324
 -0.0000006588
 -0.0000055877
  0.0000054667
 -0.0000011237
 -0.0000011296
 -0.0000076501
 -0.0000056818
  0.0000073952
 -0.0000055613
  0.0000259417
 -0.0000149194
 -0.0000020934
 -0.0000073122
 -0.0000035850
 -0.0000037777
 -0.0000041456
 -0.0000087843
  0.0000125924
  0.0000026145
  0.0000792338
  0.0000015313
 -0.0000011097
  0.0000101155
  0.0000595142
  0.0000092133
  0.0000215527
  0.0000007844
  0.0000147666
  0.0000241759
  0.0000042466
  0.0000156822
  0.0000075248
  0.0000143167
  0.0000005481
  0.0000033768
  0.0000096099
  0.0000092989
  0.0000040420
  0.0000157081
 -0.0000022476
  0.0000147789
  0.0000096602
  0.0000026930
  0.0000103420
  0.0000105759
  0.0000233429
  0.0000014273
  0.0000029416
  0.0000060147
 -0.0000255434
 -0.0000009685
  0.0000054270
  0.0000096908
  0.0000088069
  0.0000064138
 -0.0000284712
 -0.0000291226
  0.0000475408
 -0.0000042967
  0.0000021144
  0.0000025207
  0.0000435718
  0.0000085336
  0.0001267760
  0.0000382392
  0.0000136548
  0.0000084339
  0.0000312250
 -0.0000265506
  0.0000041099
  0.0000040998
  0.0000081907
  0.0000066868
  0.0000121162
  0.0000047174
  0.0000030737
  0.0000111389
  0.0000079610
  0.0000060015
  0.0000153038
  0.0000047886
  0.0000036101
  0.0000088865
  0.0000057079
  0.0000041490
  0.0000090495
  0.0000035206
  0.0000042623
 -0.0000134223
  0.0000068663
  0.0000108060
  0.0000019291
 -0.0000454533
 -0.0000190511
  0.0000069066
  0.0000048753
 -0.0000078912
  0.0000071410
 -0.0000043131
  0.0000190849
 -0.0000034900
  0.0000024925
 -0.0000005031
  0.0000150724
 -0.0000272493
  0.0000035042
  0.0000066622
  0.0000265759
  0.0000197371
  0.0000058843
  0.0000270392
  0.0000085215
  0.0000462707
  0.0000472798
 -0.0000297712
  0.0000169693
  0.0000582738
 -0.0000185111
 -0.0000052727
 -0.0000091163
 -0.0000056252
 -0.0000069912
 -0.0000061935
  0.0000042912
 -0.0000098122
  0.0000007704
 -0.0000102769
 -0.0000077199
  0.0000008335
 -0.0000075584
 -0.0000054572
 -0.0000059976
 -0.0000121228
 -0.0000124022
 -0.0000078723
 -0.0000301895
 -0.0000020262
 -0.0000126829
 -0.0000009717
 -0.0000097642
  0.0000098247
 -0.0000155493
 -0.0000075667
 -0.0000087000
 -0.0000028056
 -0.0000079813
 -0.0000095603
  0.0000060083
 -0.0000157388
  0.0000044353
  0.0000067738
 -0.0000157121
 -0.0000001111
 -0.0000098424
  0.0000065710
 -0.0000138453
 -0.0000144978
 -0.0000142883
 -0.0000178566
  0.0000016986
  0.0000000207
  0.0000007168
 -0.0000415183
 -0.0000525639
  0.0000024455
  0.0000041862
 -0.0000028753
  0.0000026083
 -0.0000037433
  0.0000014673
  0.0000004750
 -0.0000040018
 -0.0000021113
  0.0000083013
 -0.0000214341
  0.0000059530
  0.0000025772
 -0.0000007898
 -0.0000082093
 -0.0000068028
  0.0000006243
 -0.0000074570
 -0.0000088038
 -0.0000019431
 -0.0000288156
 -0.0000103003
 -0.0000063588
 -0.0000005159
 -0.0000165248
 -0.0000005896
  0.0000843824
 -0.0000060088
 -0.0000029837
  0.0000071223
  0.0000130723
  0.0000205718
  0.0000088669
  0.0000088774
  0.0000024206
  0.0000109177
  0.0000078206
  0.0000028944
  0.0000039632
 -0.0000036367
  0.0000029646
  0.0000014853
  0.0000059777
  0.0000026750
  0.0000055672
 -0.0000278727
  0.0000068485
  0.0000131407
  0.0000060858
 -0.0000164419
 -0.0000152149
  0.0000012713
 -0.0000200857
 -0.0000046170
  0.0000107161
  0.0000012049
 -0.0000223900
 -0.0000370115
 -0.0000059744
  0.0000262704
 -0.0000098971
 -0.0000031024
 -0.0000111502
 -0.0000023165
  0.0000063975
 -0.0000023021
  0.0000054981
  0.0000053569
  0.0000002432
  0.0000113531
  0.0000013252
  0.0000059927
  0.0000049186
 -0.0000025159
 -0.0000014547
  0.0000021993
  0.0000009086
  0.0000019753
  0.0000035169
  0.0000076556
  0.0000049356
 -0.0000016210
 -0.0000066133
  0.0000051098
  0.0000040698
 -0.0000020895
 -0.0000302473
  0.0000017213
 -0.0000007323
  0.0000039062
 -0.0000001066
  0.0000117540
 -0.0000046783
  0.0000010543
  0.0000047814
  0.0000072824
 -0.0000063801
 -0.0000036341
  0.0000081558
 -0.0000036069
 -0.0000036176
  0.0000073013
  0.0000102446
  0.0001252864
  0.0000046340
 -0.0000875163
 -0.0000282020
 -0.0000907639
 -0.0000688185
 -0.0001139273
  0.0000107608
  0.0000102526
  0.0000113132
  0.0000073820
  0.0000125802
  0.0000099865
  0.0000113071
  0.0000215488
  0.0000064128
  0.0000046015
 -0.0000012541
  0.0000161088
  0.0000167682
  0.0000190704
  0.0000095028
  0.0000056110
  0.0000176763
  0.0000069216
  0.0000092107
  0.0000630668
  0.0000076613
  0.0000089888
  0.0000128649
  0.0000089038
  0.0000063603
  0.0000108549
  0.0000095720
  0.0000074124
  0.0000064372
  0.0000096258
  0.0000072553
  0.0000065036
  0.0000089303
  0.0000085157
  0.0000114264
  0.0000079719
  0.0000205041
  0.0000065717
  0.0000642208
  0.0000215607
  0.0000086216
  0.0000130173
  0.0000068578
  0.0000228881
  0.0000204281
  0.0000073487
  0.0000159251
  0.0000042613
  0.0000965763
  0.0000397889
  0.0000184516
  0.0000067590
  0.0000107053
  0.0000184514
  0.0000103893
  0.0000654691
  0.0000090781
  0.0000084145
  0.0000096227
  0.0000322895
  0.0000328676
  0.0000106462
  0.0000076438
  0.0000623936
  0.0000208187
  0.0001985147
  0.0000132690
 -0.0000074234
  0.0000432234
 -0.0000514086
  0.0000032748
 -0.0000147794
  0.0000213975
  0.0000165587
  0.0000051006
  0.0000111261
 -0.0000035632
  0.0000166985
  0.0000109439
  0.0000057470
  0.0000167021
  0.0000065692
  0.0000035299
 -0.0000151187
 -0.0000047043
  0.0000007941
 -0.0000144467
 -0.0000018390
 -0.0000026290
  0.0000049372
 -0.0000086658
  0.0000118807
  0.0000099871
 -0.0000014731
 -0.0000091314
 -0.0000136550
  0.0000051498
 -0.0000017457
  0.0000162337
  0.0000083916
  0.0000114827
  0.0000139955
  0.0000166158
  0.0000070309
  0.0000152045
  0.0000143064
  0.0000092954
  0.0000083209
  0.0000180907
 -0.0000060383
 -0.0000147350
  0.0000067357
 -0.0000134027
 -0.0000188896
 -0.0000318794
 -0.0000067213
 -0.0000040905
 -0.0000068356
  0.0000083454
  0.0000048572
 -0.0000125034
  0.0000006451
  0.0000048528
 -0.0000162713
  0.0000139939
 -0.0000129414
  0.0000003566
 -0.0000134738
 -0.0000083943
  0.0000023795
  0.0000098354
  0.0000143153
 -0.0000051399
 -0.0000093707
 -0.0000114256
 -0.0000136982
  0.0000140980
  0.0000016190
 -0.0000134184
 -0.0000091992
  0.0000025925
  0.0000949735
 -0.0000017017
 -0.0000312001
 -0.0000512956
 -0.0000532306
 -0.0000332848
 -0.0000427563
 -0.0000038823
 -0.0000115252
 -0.0000231364
  0.0000160463
  0.0000008545
 -0.0000041727
  0.0000147297
  0.0000098978
  0.0000001509
 -0.0000075309
 -0.0000029390
  0.0000003754
 -0.0000108757
  0.0000005943
 -0.0000007519
 -0.0000016344
  0.0000117065
 -0.0000020598
 -0.0000011142
 -0.0000048417
  0.0000080308
 -0.0000003025
  0.0000017718
 -0.0000208538
 -0.0000030370
 -0.0000061719
  0.0000061348
 -0.0000051039
  0.0000161486
 -0.0000063277
  0.0000094989
  0.0000069673
 -0.0000010140
 -0.0000254525
  0.0000443079
 -0.0000296532
 -0.0000301442
 -0.0001131359
 -0.0000272062
  0.0000453014
  0.0000296828
 -0.0000146435
  0.0000233627
  0.0000166691
 -0.0000201313
  0.0000282503
 -0.0000241422
 -0.0000053989
 -0.0000007059
 -0.0000109028
 -0.0000127930
 -0.0000075792
 -0.0000130544
 -0.0000041472
 -0.0000113184
  0.0000015325
 -0.0000099032
 -0.0000119263
 -0.0000063969
 -0.0000085838
 -0.0000111743
 -0.0000096138
 -0.0000111575
 -0.0000078237
 -0.0000008937
 -0.0000199076
  0.0000561518
 -0.0000093876
  0.0000081092
  0.0000792307
  0.0000137094
 -0.0000083444
 -0.0000020455
 -0.0000146932
 -0.0000079642
 -0.0000040483
 -0.0000085958
 -0.0000028044
 -0.0000028149
 -0.0000329942
 -0.0000027784
 -0.0000259113
 -0.0000098251
  0.0000202305
  0.0000113449
  0.0000041033
 -0.0000241191
  0.0000295087
 -0.0000163257
 -0.0000085234
  0.0000081995
  0.0000156911
 -0.0000076954
  0.0000037986
 -0.0000002982
 -0.0000094819
 -0.0000068358
 -0.0000025859
 -0.0000041070
 -0.0000017643
 -0.0000055296
 -0.0000144765
 -0.0000109689
 -0.0000062686
 -0.0000251007
  0.0000018485
 -0.0000101071
  0.0000004801
 -0.0000060863
 -0.0000138068
  0.0000048938
 -0.0000061094
 -0.0000047759
 -0.0000120117
 -0.0000070556
 -0.0000081964
 -0.0000010608
 -0.0000046071
 -0.0000052518
 -0.0000048415
 -0.0000099674
 -0.0000028260
 -0.0000052003
 -0.0000049287
 -0.0000037916
 -0.0000041584
 -0.0000061221
 -0.0000129884
  0.0000020147
  0.0000018041
 -0.0000032378
 -0.0000056166
 -0.0000273031
 -0.0000043542
 -0.0000046098
 -0.0000078867
  0.0000032363
 -0.0000009277
 -0.0000049154
 -0.0000003296
  0.0000054924
  0.0000168428
 -0.0000011212
 -0.0000062386
 -0.0000029624
 -0.0000046505
  0.0000160174
 -0.0000054883
 -0.0000055212
  0.0000007722
 -0.0000128018
  0.0000024337
 -0.0000029506
  0.0000004380
 -0.0000027157
  0.0001121896
 -0.0000047914
 -0.0000249462
 -0.0000315563
 -0.0000054302
  0.0000034530
 -0.0000255542
  0.0000028343
 -0.0000046851
  0.0000018085
  0.0000026253
  0.0000041658
 -0.0000046553
 -0.0000019209
  0.0000027501
  0.0000006988
  0.0000024788
  0.0000008944
 -0.0000047836
  0.0000015877
 -0.0000041135
  0.0000020806
 -0.0000025624
  0.0000040992
 -0.0000055632
 -0.0000058416
 -0.0000000916
  0.0000034953
 -0.0000080185
 -0.0000284820
  0.0000248712
 -0.0000120973
  0.0000359584
  0.0000081973
 -0.0000270318
  0.0000013438
 -0.0000526356
  0.0000083237
  0.0000058618
 -0.0000029025
  0.0000400888
  0.0000005926
  0.0000137095
 -0.0000043610
 -0.0000022699
 -0.0000044931
 -0.0000031287
 -0.0000015612
 -0.0000034692
 -0.0000015839
 -0.0000010021
 -0.0000046858
 -0.0000034540
 -0.0000007617
 -0.0000027146
 -0.0000015394
 -0.0000222639
  0.0000026939
  0.0000062985
 -0.0000003354
 -0.0000789001
 -0.0000457036
 -0.0000015284
 -0.0000025382
 -0.0000042006
  0.0000074739
  0.0000019142
 -0.0000057852
  0.0000094896
  0.0000046879
 -0.0000090419
 -0.0000224227
 -0.0000002658
  0.0000069770
 -0.0000054785
 -0.0000007473
  0.0000096226
  0.0000008435
  0.0000196538
 -0.0000060738
 -0.0000058721
 -0.0000022495
 -0.0000267328
 -0.0000209298
  0.0000044515
 -0.0000040775
  0.0000045551
  0.0000048263
  0.0000555820
 -0.0000027970
 -0.0000073696
 -0.0001066986
  0.0000127730
  0.0000190908
  0.0000104570
  0.0000101255
  0.0000091638
  0.0000122789
  0.0000116132
  0.0000151264
  0.0000103671
  0.0000168016
  0.0000168167
  0.0000100500
  0.0000160054
  0.0000028965
  0.0000115720
  0.0000112729
 -0.0000031846
  0.0000278293
  0.0000308903
  0.0000217000
  0.0000228431
 -0.0000073931
  0.0000015850
  0.0000089130
  0.0000132487
 -0.0000071540
  0.0000122768
  0.0000056253
  0.0000122919
  0.0000081910
  0.0000066414
  0.0000126335
  0.0000121226
  0.0000093357
  0.0000074574
  0.0000126310
  0.0000107845
  0.0000089573
  0.0000078833
  0.0000105607
  0.0000137668
  0.0000138726
  0.0000131371
  0.0000111832
  0.0000181170
  0.0000179505
  0.0000336491
 -0.0000107137
  0.0000160555
  0.0000159506
  0.0000080985
  0.0000147364
  0.0000111179
  0.0000189738
  0.0000093218
  0.0000707167
  0.0000114701
  0.0000111675
  0.0000220907
  0.0000119074
  0.0000033718
  0.0000205390
  0.0000148906
  0.0000099782
  0.0000114961
  0.0000149142
  0.0000253677
  0.0000161576
  0.0001669903
  0.0000167753
  0.0000187006
  0.0000029827
  0.0000050610
 -0.0000000082
  0.0000003487
 -0.0000071466
 -0.0000003944
 -0.0000015775
 -0.0000051550
 -0.0000008478
 -0.0000012794
 -0.0000024942
 -0.0000001804
 -0.0000008311
 -0.0000025380
  0.0000026463
  0.0000015936
 -0.0000135890
 -0.0000134785
 -0.0000069526
 -0.0000191334
  0.0000154434
  0.0000003686
  0.0000070597
  0.0000010864
 -0.0000435424
 -0.0000104572
 -0.0000040206
 -0.0000006695
 -0.0000079625
 -0.0000053737
  0.0000019727
  0.0000035127
  0.0000018007
 -0.0000024578
 -0.0000008347
 -0.0000017189
 -0.0000083416
  0.0000023292
 -0.0000011572
 -0.0000012056
 -0.0000036035
  0.0000039148
  0.0000004763
 -0.0000009663
 -0.0000106861
 -0.0000023695
  0.0000011535
  0.0000038008
 -0.0000428277
 -0.0000369742
  0.0000030669
  0.0000036862
 -0.0000051092
  0.0000070704
  0.0000020041
  0.0000019620
  0.0000080477
 -0.0000093891
  0.0000125619
  0.0000038240
 -0.0000081121
 -0.0000041124
  0.0000040260
 -0.0000029189
  0.0000199838
 -0.0000153623
 -0.0000033758
  0.0000005407
 -0.0000058475
 -0.0000068607
  0.0000003488
 -0.0000009788
  0.0000093898
  0.0000078439
  0.0000805551
 -0.0000001222
  0.0000423873
  0.0000153315
  0.0000148811
  0.0000274675
  0.0000373028
  0.0000246058
  0.0000065113
  0.0000430100
 -0.0000079198
  0.0000164939
  0.0000027370
  0.0000308945
 -0.0000034760
 -0.0000090970
 -0.0000105503
  0.0000144297
 -0.0000019021
 -0.0000038151
  0.0000171729
  0.0000110290
 -0.0000152512
  0.0000307413
  0.0000147840
 -0.0000015961
  0.0000147783
  0.0000127863
  0.0000201750
  0.0000400257
 -0.0000003245
 -0.0000048882
  0.0000218936
 -0.0000194625
 -0.0000144725
 -0.0000033039
 -0.0000039964
 -0.0000133002
  0.0000287051
 -0.0000598412
  0.0000243642
 -0.0000140518
 -0.0000024948
 -0.0000119110
  0.0000234528
 -0.0000080325
 -0.0000606819
 -0.0000690448
 -0.0000065415
 -0.0000269712
 -0.0000768316
 -0.0000381730
 -0.0000168877
 -0.0000062832
 -0.0000285250
 -0.0000240878
 -0.0000243437
 -0.0000244921
 -0.0000100037
 -0.0000219173
 -0.0000105919
 -0.0000162246
 -0.0000251410
 -0.0000141427
 -0.0000175106
 -0.0000246228
 -0.0000203088
 -0.0000421156
 -0.0000231551
 -0.0000135411
 -0.0000417780
  0.0000648030
 -0.0000239349
 -0.0000537476
 -0.0000627959
 -0.0000247339
 -0.0000226592
 -0.0000348728
 -0.0000602973
 -0.0000273120
 -0.0000297792
 -0.0000631640
 -0.0000683690
 -0.0000054868
 -0.0000192660
 -0.0000090958
 -0.0000381898
 -0.0000416252
 -0.0000469606
 -0.0000321353
 -0.0001067315
 -0.0000671421
  0.0000351710
 -0.0000260121
 -0.0000168476
 -0.0000438123
 -0.0000771120
 -0.0000027091
  0.0000118626
  0.0000136533
  0.0000042273
  0.0000044501
 -0.0000013528
 -0.0000005745
  0.0000013656
  0.0000046536
 -0.0000028357
  0.0000034268
  0.0000000702
  0.0000013913
 -0.0000047679
 -0.0000021404
 -0.0000010973
  0.0000032486
 -0.0000043656
 -0.0000044600
  0.0000019450
 -0.0000106472
  0.0000183039
  0.0000016577
 -0.0000171869
 -0.0000371644
  0.0000041678
 -0.0000251457
 -0.0000113146
 -0.0000342091
 -0.0000114309
 -0.0000211753
 -0.0000020355
  0.0000071737
 -0.0000077428
 -0.0000020702
 -0.0000012679
 -0.0000025425
 -0.0000006391
 -0.0000032120
 -0.0000045659
 -0.0000018930
 -0.0000005017
 -0.0000017144
 -0.0000076086
 -0.0000016396
 -0.0000018984
 -0.0000004242
 -0.0000136416
 -0.0000012870
 -0.0000031984
  0.0000042663
 -0.0000528128
 -0.0000570536
  0.0000038958
  0.0000040050
 -0.0000056429
  0.0000049049
 -0.0000062174
 -0.0000013239
  0.0000018609
 -0.0000119277
  0.0000183189
 -0.0000143878
  0.0000047279
 -0.0000030422
 -0.0000047703
 -0.0000041814
 -0.0000018300
  0.0000117809
 -0.0000155663
 -0.0000123645
  0.0000017158
 -0.0000236567
 -0.0000171305
 -0.0000003456
 -0.0000023322
  0.0000299281
  0.0000078242
  0.0000916944
 -0.0000032013
  0.0000041159
  0.0000111563
  0.0000028000
  0.0000113702
  0.0000005366
  0.0000035147
 -0.0000030181
  0.0000044655
 -0.0000010237
 -0.0000031612
  0.0000001256
  0.0000020758
 -0.0000019940
 -0.0000043318
 -0.0000038112
 -0.0000023632
 -0.0000010845
 -0.0000017283
  0.0000067218
 -0.0000009724
  0.0000014375
  0.0000009229
 -0.0000039594
  0.0000009099
  0.0000008470
 -0.0000015395
 -0.0000413671
  0.0000280019
  0.0000040969
 -0.0000409079
 -0.0000070645
 -0.0000204895
 -0.0000063572
  0.0000203422
  0.0000088692
  0.0000466624
 -0.0000314554
  0.0000247769
  0.0000156532
 -0.0000264905
  0.0000292413
 -0.0000054270
 -0.0000021268
 -0.0000003947
  0.0000001178
 -0.0000067075
 -0.0000081875
 -0.0000032773
  0.0000000383
 -0.0000007844
  0.0000035391
 -0.0000044825
 -0.0000058805
 -0.0000023026
 -0.0000038827
 -0.0000017247
  0.0000026658
 -0.0000053803
 -0.0000077678
 -0.0000171545
  0.0000030184
  0.0000075148
  0.0000122583
 -0.0000531790
 -0.0000308131
 -0.0000007049
 -0.0000007111
  0.0000060833
  0.0000025238
 -0.0000046642
  0.0000075156
 -0.0000024741
  0.0000040647
 -0.0000057415
  0.0000007517
 -0.0000012614
  0.0000139622
 -0.0000040362
 -0.0000003538
  0.0000065782
 -0.0000169626
 -0.0000271189
  0.0000292651
  0.0000048721
  0.0000852488
  0.0000010862
 -0.0000059168
  0.0000003924
 -0.0000035027
 -0.0000067309
 -0.0000008394
 -0.0000012549
  0.0000030816
 -0.0000028052
 -0.0000015446
  0.0000061762
 -0.0000027877
 -0.0000099229
 -0.0000114214
 -0.0000081477
 -0.0000250467
  0.0000026623
 -0.0000111270
  0.0000001969
 -0.0000051579
  0.0000099287
 -0.0000132014
 -0.0000067223
 -0.0000040683
 -0.0000012110
 -0.0000057422
 -0.0000085917
 -0.0000027444
 -0.0000003187
 -0.0000033106
 -0.0000029453
  0.0000000859
 -0.0000004376
 -0.0000022774
 -0.0000035857
 -0.0000025880
 -0.0000012778
 -0.0000007726
 -0.0000040493
 -0.0000014149
 -0.0000139864
 -0.0000033237
  0.0000011833
 -0.0000054307
 -0.0000315636
 -0.0000474648
 -0.0000111212
 -0.0000073625
 -0.0000129667
  0.0000025447
 -0.0000034593
 -0.0000055421
  0.0000018244
 -0.0000027138
  0.0000065278
 -0.0000193990
  0.0000014830
 -0.0000031404
 -0.0000078315
 -0.0000050311
 -0.0000020503
  0.0000032848
 -0.0000067446
 -0.0000059366
 -0.0000055753
 -0.0000262405
 -0.0000086433
 -0.0000005861
 -0.0000113470
 -0.0000171721
 -0.0000045295
  0.0000808597
 -0.0000047532
  0.0000454467
  0.0000105976
 -0.0000079251
 -0.0000049176
 -0.0000245295
  0.0000024759
  0.0000042876
 -0.0000003168
  0.0000004786
 -0.0000066239
 -0.0000027272
  0.0000027824
 -0.0000008483
  0.0000037728
  0.0000057828
  0.0000063974
  0.0000015288
 -0.0000044192
 -0.0000093066
 -0.0000027245
 -0.0000047260
 -0.0000115512
 -0.0000042466
 -0.0000042131
 -0.0000225278
  0.0000020643
  0.0000052117
 -0.0000100324
 -0.0000098828
  0.0000519845
 -0.0000055794
  0.0000228778
  0.0000016861
  0.0000009113
  0.0000028815
 -0.0000014709
 -0.0000214748
  0.0000484084
  0.0000328373
  0.0000391786
 -0.0000206486
  0.0000270022
  0.0000264695
  0.0000533674
  0.0000022686
  0.0000056545
  0.0000107503
 -0.0001154119
 -0.0000881695
 -0.0000168979
  0.0000062585
  0.0000011627
  0.0000011594
  0.0000016997
 -0.0000018793
 -0.0000022245
 -0.0000002561
  0.0000059586
  0.0000015501
  0.0000011625
  0.0000004227
 -0.0000023542
 -0.0000017740
 -0.0000023948
  0.0000009467
  0.0000031920
  0.0000030250
  0.0000011698
 -0.0000023899
  0.0000051037
  0.0000048327
 -0.0000475185
  0.0000057795
  0.0000031770
  0.0000023205
 -0.0000052804
  0.0000086847
  0.0000070824
 -0.0000127914
  0.0000058813
 -0.0000011652
 -0.0000117845
 -0.0000014116
 -0.0000114525
  0.0000300619
 -0.0000096737
  0.0000034326
 -0.0000002456
  0.0000174929
  0.0000094588
 -0.0000094684
  0.0000351858
 -0.0000149605
  0.0000207229
  0.0000609630
  0.0000035193
  0.0000139838
 -0.0000043657
  0.0000011864
  0.0000052970
  0.0000001485
  0.0000066293
  0.0000060722
  0.0000056250
  0.0000008350
  0.0000178846
  0.0000069063
 -0.0000023116
 -0.0000075281
 -0.0000062573
 -0.0000043410
 -0.0000192341
  0.0000088534
  0.0000097128
  0.0000053487
  0.0000005581
 -0.0000216475
 -0.0000164376
 -0.0000042579
  0.0000038698
 -0.0000107506
 -0.0000035576
 -0.0000034430
  0.0000060453
  0.0000043537
  0.0000104125
  0.0000020987
  0.0000016723
  0.0000117179
  0.0000061002
  0.0000003340
  0.0000123486
  0.0000073866
  0.0000085579
  0.0000097779
 -0.0000073565
 -0.0000002451
  0.0000097015
 -0.0000006491
 -0.0000299363
 -0.0000300619
 -0.0000120960
 -0.0000076678
 -0.0000085894
  0.0000040409
 -0.0000039637
 -0.0000034450
  0.0000051924
  0.0000030680
  0.0000016320
  0.0000240715
 -0.0000025013
  0.0000040608
  0.0000001610
 -0.0000039537
  0.0000031745
 -0.0000028613
  0.0000201680
 -0.0000006917
  0.0000096277
 -0.0000032722
 -0.0000070245
 -0.0000088878
  0.0000022681
 -0.0000122867
  0.0000128281
  0.0000019995
  0.0000911940
  0.0000045083
  0.0000262408
 -0.0000042011
  0.0000053150
 -0.0000159381
  0.0000194598
  0.0000095623
  0.0000028827
  0.0000129643
  0.0000055705
  0.0000009866
 -0.0000011286
  0.0000043778
  0.0000000764
 -0.0000105721
  0.0000124318
 -0.0000068984
  0.0000132636
  0.0000069617
  0.0000060925
  0.0000021111
  0.0000066362
  0.0000036441
  0.0000052340
  0.0000057393
 -0.0000158507
  0.0000092299
 -0.0000034037
  0.0000069014
 -0.0000007553
  0.0000027589
 -0.0000118114
  0.0000173589
  0.0000173790
 -0.0000042314
 -0.0000543140
  0.0000743395
 -0.0000657431
 -0.0000767251
  0.0000160054
 -0.0000845279
  0.0000727431
  0.0000213886
  0.0000176540
  0.0000223964
  0.0000239129
  0.0000239037
  0.0000416293
  0.0000755294
 -0.0000780302
 -0.0000085733
 -0.0000060880
 -0.0000058615
 -0.0000102462
 -0.0000092024
  0.0000006837
 -0.0000044266
 -0.0000035136
  0.0000015839
 -0.0000037723
 -0.0000009442
 -0.0000078449
 -0.0000032750
 -0.0000017329
  0.0000123261
 -0.0000039097
 -0.0000058111
  0.0000102423
  0.0000375923
 -0.0000024929
 -0.0000064562
  0.0000072121
  0.0000225521
  0.0000125795
  0.0000063018
 -0.0000085985
  0.0000005246
  0.0000069709
  0.0000022596
 -0.0000114068
  0.0000063800
 -0.0000168512
  0.0000129430
 -0.0000026232
  0.0000191497
  0.0000128945
  0.0000161804
  0.0000021080
 -0.0000057970
  0.0000250182
  0.0000086095
  0.0000064976
  0.0000181247
 -0.0000167953
  0.0000136074
  0.0000199588
  0.0000043572
  0.0000120613
  0.0000127572
  0.0000032939
  0.0000052588
  0.0000078274
  0.0000071758
  0.0000153613
  0.0000002190
  0.0000116656
 -0.0000017155
  0.0000073011
  0.0000200283
  0.0000051946
  0.0000012566
  0.0000076965
 -0.0000368266
  0.0000013604
 -0.0000213078
  0.0000112183
  0.0000109102
  0.0000059427
 -0.0000391399
  0.0000383880
  0.0000055130
 -0.0000407145
 -0.0000077493
 -0.0000084957
  0.0000328632
  0.0000198446
 -0.0000248061
  0.0000445188
 -0.0000253346
  0.0000189166
  0.0000376695
 -0.0000221506
  0.0000117801
  0.0000074728
  0.0000019700
  0.0000040090
  0.0000095745
  0.0000020119
  0.0000029894
  0.0000062835
  0.0000091701
  0.0000030151
  0.0000097134
  0.0000028327
  0.0000014706
 -0.0000035659
  0.0000029316
  0.0000000231
  0.0000028820
  0.0000064761
 -0.0000001332
 -0.0000145902
 -0.0000000508
  0.0000169293
  0.0000096923
 -0.0000338308
 -0.0000441978
 -0.0000020379
 -0.0000053974
  0.0000143881
  0.0000018151
  0.0000030934
  0.0000000674
 -0.0000048878
 -0.0000016099
  0.0000056904
 -0.0000242169
 -0.0000019764
  0.0000040292
  0.0000275914
  0.0000090298
 -0.0000004116
 -0.0000267646
 -0.0000192286
  0.0000002528
  0.0000044489
 -0.0000101441
 -0.0000060911
 -0.0000241428
 -0.0000149324
 -0.0000104305
 -0.0000117472
 -0.0000060890
  0.0000030162
 -0.0000089921
 -0.0000154346
 -0.0000291334
 -0.0000084495
 -0.0000054139
 -0.0000294243
 -0.0000187829
 -0.0000273927
 -0.0000335612
 -0.0000687877
 -0.0000022185
 -0.0000085128
 -0.0000152434
 -0.0000284459
  0.0000101428
 -0.0000135387
  0.0000157150
 -0.0000004814
 -0.0000020788
 -0.0000087188
  0.0000290536
 -0.0000095117
 -0.0000229314
 -0.0000022329
  0.0000375778
 -0.0000104927
  0.0000113254
  0.0000016816
 -0.0000445306
  0.0000004703
 -0.0000294719
 -0.0000243674
  0.0000437568
  0.0000378192
  0.0000225528
 -0.0000126881
 -0.0000112647
 -0.0000080767
 -0.0000095023
 -0.0000094275
 -0.0000074368
 -0.0000075638
 -0.0000088205
  0.0000001958
 -0.0000048185
 -0.0000082014
 -0.0000104413
 -0.0000045978
 -0.0000098894
 -0.0000105300
 -0.0000073475
 -0.0000097768
 -0.0000089727
 -0.0000189343
 -0.0000062084
 -0.0000059497
 -0.0000048028
 -0.0000044856
 -0.0000108011
  0.0000049170
  0.0000016003
 -0.0000054254
 -0.0000054889
 -0.0000081079
 -0.0000166527
  0.0000236295
 -0.0000046496
 -0.0000265420
 -0.0000053352
 -0.0000096240
  0.0000077282
  0.0000088943
  0.0000057110
  0.0000412313
  0.0000353271
  0.0000188690
 -0.0000115681
  0.0000412614
  0.0000328776
  0.0000227584
  0.0000346076
  0.0000209734
  0.0000424180
  0.0000191455
  0.0000215314
  0.0000173653
  0.0000156008
  0.0000393835
  0.0000157122
  0.0000314118
  0.0000324277
  0.0000274907
  0.0000422697
  0.0000322627
  0.0000214312
  0.0000372252
  0.0000243024
 -0.0000105182
  0.0000255127
  0.0000168710
  0.0000241704
  0.0000362396
  0.0000570978
  0.0000208991
  0.0000108312
  0.0000382953
  0.0000383748
  0.0000133573
 -0.0000148795
  0.0000396972
 -0.0000142119
 -0.0000164262
  0.0000084621
 -0.0000216987
  0.0000939860
  0.0000930241
  0.0000394612
 -0.0000465468
  0.0000339958
  0.0000572099
 -0.0000410155
  0.0000388881
 -0.0000046637
  0.0000089817
  0.0000111571
  0.0000157819
  0.0000230316
  0.0000167983
  0.0000194799
  0.0000128123
  0.0000145426
  0.0000101816
  0.0000116174
  0.0000152196
  0.0000158018
  0.0000111642
  0.0000098020
  0.0000206503
  0.0000139686
  0.0000140037
  0.0000196826
  0.0000976299
  0.0000141510
 -0.0000157865
  0.0000320879
  0.0000193425
  0.0000169591
  0.0000105505
  0.0000139970
 -0.0000360799
  0.0000239159
  0.0000202125
  0.0000213391
  0.0000132019
  0.0000199749
  0.0000406025
 -0.0000323828
  0.0000217168
  0.0000560860
  0.0000134332
  0.0000126136
  0.0000224620
  0.0000286344
  0.0000072858
  0.0000025000
  0.0000080987
  0.0000207903
  0.0000027892
  0.0000021985
  0.0000003927
  0.0000054911
 -0.0000011797
 -0.0000043997
  0.0000009725
 -0.0000017102
  0.0000010152
 -0.0000030218
  0.0000018203
  0.0000005834
 -0.0000016542
  0.0000004378
  0.0000015892
  0.0000031406
  0.0000006187
  0.0000054507
  0.0000042745
  0.0000062287
 -0.0000142122
  0.0000327223
  0.0000025517
  0.0000420661
  0.0000221887
  0.0000099720
  0.0000197145
 -0.0000212290
  0.0000296020
  0.0000325025
  0.0000151607
  0.0000513162
  0.0000116704
 -0.0000047367
  0.0000061828
 -0.0000047022
  0.0000004365
  0.0000015930
 -0.0000000063
 -0.0000064350
 -0.0000043941
  0.0000021683
  0.0000031472
 -0.0000120959
 -0.0000003535
 -0.0000042690
 -0.0000018364
  0.0000037150
 -0.0000075363
  0.0000036946
 -0.0000011120
  0.0000063554
  0.0000119515
  0.0000062246
 -0.0000481165
 -0.0000303363
  0.0000027650
  0.0000009994
  0.0000144108
  0.0000076743
  0.0000003346
  0.0000150037
 -0.0000005235
  0.0000178840
  0.0000099175
  0.0000030264
  0.0000089883
  0.0000200965
  0.0000078354
  0.0000316576
 -0.0000006812
 -0.0000005204
  0.0000028161
 -0.0000088413
 -0.0000009926
  0.0000103916
  0.0000416911
  0.0000127208
  0.0000921715
  0.0000037710
 -0.0000103992
 -0.0000173166
  0.0000044651
 -0.0000019844
 -0.0000033690
  0.0000031445
 -0.0000047365
 -0.0000079153
 -0.0000068249
 -0.0000024261
 -0.0000055019
  0.0000029253
 -0.0000110217
 -0.0000031241
 -0.0000082588
 -0.0000067144
 -0.0000071583
 -0.0000083418
 -0.0000087446
 -0.0000106360
 -0.0000035178
  0.0000010470
 -0.0000040465
  0.0000032026
 -0.0000107408
  0.0000062513
 -0.0000003341
  0.0000230461
  0.0000079031
  0.0000374593
  0.0000107396
 -0.0000333220
 -0.0000070370
 -0.0000097184
  0.0000069153
  0.0000096217
  0.0000114958
 -0.0000231740
 -0.0000070768
 -0.0000085372
 -0.0000088434
 -0.0000008988
 -0.0000114794
 -0.0000068126
 -0.0000048072
 -0.0000024809
 -0.0000058702
 -0.0000011192
 -0.0000079286
 -0.0000064846
 -0.0000058906
 -0.0000116091
 -0.0000013298
 -0.0000061996
 -0.0000081832
 -0.0000004080
 -0.0000104769
 -0.0000007898
 -0.0000020111
 -0.0000306318
 -0.0000490944
  0.0000006220
 -0.0000152498
  0.0000000139
 -0.0000125947
 -0.0000132814
 -0.0000059776
 -0.0000001695
 -0.0000087226
 -0.0000162173
 -0.0000153487
 -0.0000043924
 -0.0000134812
 -0.0000040644
 -0.0000068306
 -0.0000031214
  0.0000917567
 -0.0000079776
 -0.0000051536
 -0.0000020625
 -0.0000039275
 -0.0000055219
 -0.0000072210
 -0.0000121119
 -0.0000011456
 -0.0000294516
 -0.0000132169
  0.0000086471
 -0.0000306771
 -0.0000031197
 -0.0000112868
 -0.0000037285
 -0.0000102979
  0.0000038534
  0.0000153970
  0.0000024240
 -0.0000093662
  0.0000022806
 -0.0000146212
 -0.0000093135
 -0.0000038380
 -0.0000086579
 -0.0000063609
 -0.0000060391
 -0.0000005696
 -0.0000072651
 -0.0000075197
 -0.0000015634
 -0.0000094723
 -0.0000089773
 -0.0000039210
  0.0000003059
 -0.0000126721
 -0.0000001081
 -0.0000011793
 -0.0000107225
  0.0000283569
 -0.0000281979
  0.0000022481
 -0.0000030218
 -0.0000057730
 -0.0000093645
 -0.0000089867
 -0.0000056604
 -0.0000106563
 -0.0000012599
 -0.0000078243
 -0.0000168262
  0.0000006797
 -0.0000056493
 -0.0000049556
 -0.0000173001
 -0.0000030219
  0.0000089626
 -0.0000096448
 -0.0000003897
  0.0000031412
 -0.0000224260
  0.0000000798
 -0.0000042748
 -0.0000022145
  0.0000256283
  0.0000067579
  0.0000859461
 -0.0000103883
 -0.0000100764
 -0.0000279619
  0.0000028053
 -0.0000587836
  0.0000030515
  0.0000031874
 -0.0000060280
 -0.0000045763
 -0.0000433323
 -0.0000454094
  0.0000093136
 -0.0000102765
 -0.0000231473
  0.0000031547
 -0.0000185399
  0.0000014076
 -0.0000030601
  0.0000056791
  0.0000034490
 -0.0000071917
 -0.0000039825
 -0.0000027477
  0.0000006202
 -0.0000012589
 -0.0000028219
 -0.0000027435
  0.0000189179
  0.0000063652
 -0.0000035484
  0.0000004832
 -0.0000108766
 -0.0000053361
 -0.0000012474
 -0.0000031490
 -0.0000009127
  0.0000031018
  0.0000082609
 -0.0000020987
  0.0000516826
 -0.0000213458
  0.0000000651
  0.0000055257
  0.0000028930
  0.0000041885
  0.0000012398
  0.0000192690
 -0.0000053035
  0.0000041096
  0.0000010406
  0.0000171124
  0.0000051494
  0.0000151862
  0.0000095394
 -0.0000053308
 -0.0000085066
 -0.0000062840
 -0.0000049708
 -0.0000133152
  0.0000098833
 -0.0000267301
  0.0000133718
  0.0000193038
  0.0000080977
  0.0000140292
 -0.0000031249
  0.0000534982
  0.0000276599
 -0.0000087389
  0.0000135414
  0.0000008715
 -0.0000161598
  0.0000137850
  0.0000066154
  0.0000135703
 -0.0000039421
  0.0000061733
  0.0000027593
 -0.0000118553
  0.0000002942
 -0.0000053294
  0.0000072005
 -0.0000043029
 -0.0000016008
 -0.0000079290
  0.0000085118
  0.0000021223
 -0.0000028515
 -0.0000049087
  0.0000819571
  0.0000019771
 -0.0000083339
 -0.0000052882
 -0.0000086843
  0.0000016180
  0.0000059899
  0.0000015642
  0.0000052997
  0.0000017278
  0.0000147973
  0.0000051629
 -0.0000041780
  0.0000044035
 -0.0000030849
  0.0000002132
 -0.0000045610
  0.0000077676
  0.0000014613
  0.0000119380
  0.0000077572
 -0.0000080668
 -0.0000020451
  0.0000388960
  0.0000035257
  0.0000037211
  0.0000102306
  0.0000079832
  0.0000069220
 -0.0000089535
  0.0000026076
  0.0000284419
 -0.0000210209
  0.0000114644
  0.0000029745
  0.0000117429
  0.0000042798
 -0.0000016729
  0.0000377998
  0.0000197016
  0.0000049621
  0.0000224325
  0.0000076942
  0.0000065206
  0.0000056835
  0.0000066629
  0.0000050277
  0.0000067885
  0.0000063485
  0.0000058348
  0.0000078580
  0.0000076712
  0.0000058151
  0.0000051561
  0.0000081071
  0.0000073432
  0.0000156491
  0.0000130697
  0.0000165966
  0.0000036442
  0.0001431238
  0.0000086627
  0.0000176081
  0.0000105060
  0.0000066399
  0.0000151249
  0.0000149376
  0.0000076301
  0.0000106005
  0.0000093405
  0.0000077680
  0.0000101078
  0.0000098337
  0.0000112449
  0.0000386974
  0.0000068528
  0.0000154132
  0.0000134923
  0.0000073026
  0.0000170915
  0.0000082868
  0.0000552438
  0.0000218006
  0.0000095868
  0.0000102083
  0.0000060301
  0.0000067721
 -0.0000222581
 -0.0000108376
 -0.0000565725
 -0.0000122399
 -0.0000086438
 -0.0000178976
 -0.0000042188
 -0.0000168015
 -0.0000426865
  0.0000084389
 -0.0000237353
  0.0000472199
 -0.0000103123
 -0.0000092678
 -0.0000032870
 -0.0000050088
 -0.0000082717
 -0.0000053314
 -0.0000072602
 -0.0000063435
 -0.0000070789
 -0.0000082008
 -0.0000017158
 -0.0000060573
 -0.0000150326
 -0.0000198076
 -0.0000047693
 -0.0000477495
 -0.0000125762
 -0.0000068322
 -0.0000275087
 -0.0000029152
 -0.0000077460
 -0.0000094421
  0.0000514391
  0.0000306956
 -0.0000043643
 -0.0000107225
  0.0000003758
 -0.0000118210
  0.0000062553
  0.0000085625
 -0.0000124128
 -0.0000326563
 -0.0000122120
 -0.0000074581
 -0.0000000356
 -0.0000529128
 -0.0000234883
 -0.0000194038
 -0.0000098964
  0.0000123237
 -0.0000241639
  0.0000115726
  0.0000075194
  0.0000142488
 -0.0000239871
  0.0000373075
  0.0000102154
 -0.0000169862
 -0.0000007593
 -0.0000441971
  0.0000133966
 -0.0000210864
  0.0000001245
 -0.0000080790
 -0.0000013150
  0.0000049871
  0.0000059062
 -0.0000036330
 -0.0000025915
 -0.0000011793
 -0.0000008811
  0.0000036567
 -0.0000016415
  0.0000021356
 -0.0000012710
  0.0000070765
  0.0000018376
  0.0000008861
 -0.0000467298
 -0.0000088734
 -0.0000015647
 -0.0000054270
 -0.0000123429
  0.0000019924
  0.0000018031
  0.0000003299
 -0.0000047886
  0.0000091279
  0.0000007262
  0.0000018158
  0.0000050410
  0.0000048305
 -0.0000004879
  0.0000164672
 -0.0000047898
 -0.0000053013
  0.0000008407
 -0.0000010367
 -0.0000121263
  0.0000067637
 -0.0000015309
  0.0000055117
  0.0000015524
 -0.0000023470
  0.0000016096
 -0.0000001258
  0.0000144752
  0.0000027919
 -0.0000097233
  0.0000086820
  0.0000072598
  0.0000268738
  0.0000251508
 -0.0000082474
  0.0000033551
 -0.0000059647
  0.0000015189
  0.0000078225
 -0.0000015328
  0.0000013228
 -0.0000002411
 -0.0000005290
  0.0000026310
  0.0000008372
 -0.0000016259
 -0.0000003614
  0.0000003569
 -0.0000001520
  0.0000055031
  0.0000316046
 -0.0000058548
 -0.0000038354
 -0.0000217428
  0.0000231794
 -0.0000054322
  0.0000108741
  0.0000024719
 -0.0000277090
  0.0000039044
 -0.0000011608
  0.0000096806
  0.0000038078
 -0.0000482792
  0.0000175092
 -0.0000045540
 -0.0000044056
  0.0000143205
  0.0000096204
  0.0000094234
  0.0000145066
 -0.0001210924
  0.0000026689
 -0.0000023895
 -0.0000073064
 -0.0000154073
  0.0000098686
 -0.0000046112
 -0.0000162946
 -0.0000040904
  0.0000037189
  0.0000227632
  0.0000317821
 -0.0000170922
 -0.0000040139
  0.0000272905
 -0.0000145519
  0.0000009505
 -0.0000066261
 -0.0000040600
 -0.0000056015
 -0.0000046343
 -0.0000120851
 -0.0000059773
 -0.0000041906
 -0.0000090360
 -0.0000042521
 -0.0000073168
 -0.0000111124
 -0.0000015139
 -0.0000083948
  0.0000049975
 -0.0000506881
 -0.0000081934
 -0.0000097917
 -0.0000354707
 -0.0000110581
  0.0000105430
 -0.0000037061
  0.0000572026
  0.0000295150
 -0.0000076926
  0.0000005240
 -0.0000080671
 -0.0000117667
  0.0000249917
 -0.0000090396
 -0.0000097689
 -0.0000393840
  0.0000009633
 -0.0000056583
  0.0000140166
 -0.0000515138
 -0.0000113031
 -0.0000079381
  0.0000053022
 -0.0000132463
  0.0000048277
 -0.0000035960
  0.0000127445
  0.0000078245
  0.0000037706
 -0.0000088913
  0.0000042610
  0.0000573507
  0.0000179541
  0.0000042650
  0.0000010478
  0.0000024065
  0.0000045870
  0.0000104870
 -0.0000028819
 -0.0000027769
 -0.0000013967
 -0.0000003033
  0.0000007471
 -0.0000000495
 -0.0000029008
 -0.0000017261
  0.0000011911
 -0.0000028892
  0.0000014381
 -0.0000028779
 -0.0000047956
 -0.0000649395
  0.0000051313
  0.0000014982
  0.0000013025
  0.0000056681
  0.0000005260
  0.0000012911
  0.0000787138
  0.0000050028
  0.0000064981
 -0.0000009340
  0.0000205856
 -0.0000040441
  0.0000070452
  0.0000044067
  0.0000020839
  0.0000031732
  0.0000099117
  0.0000043173
  0.0000198345
 -0.0000000956
  0.0000000155
  0.0000092155
 -0.0000040843
 -0.0000043018
  0.0000175446
  0.0000079245
  0.0000204359
 -0.0000132529
  0.0000536604
  0.0000310512
 -0.0000175497
  0.0000080676
 -0.0000481999
 -0.0000125689
 -0.0000005337
 -0.0000033777
 -0.0000016676
 -0.0000033193
 -0.0000028726
 -0.0000033983
 -0.0000003054
 -0.0000067300
 -0.0000041594
 -0.0000041336
 -0.0000068205
 -0.0000029300
 -0.0000030423
  0.0000000619
  0.0000002878
  0.0000065837
  0.0000014368
  0.0000016079
 -0.0000383807
 -0.0000067878
 -0.0000014064
 -0.0000059392
 -0.0000037997
  0.0000040283
  0.0000022860
  0.0000003853
  0.0000014275
  0.0000476155
 -0.0000190919
  0.0000028259
  0.0000000981
  0.0000085743
  0.0000017919
 -0.0000024354
  0.0000159310
  0.0000012196
  0.0000009230
 -0.0000068969
 -0.0000089944
  0.0000050391
  0.0000017957
 -0.0000013160
  0.0000086536
  0.0000133906
  0.0000203963
 -0.0000142242
 -0.0000054639
 -0.0000406910
 -0.0000035220
  0.0000022958
 -0.0000120075
  0.0000000676
  0.0000242477
 -0.0000242174
  0.0000154047
 -0.0000168308
  0.0000682230
 -0.0000051013
 -0.0000015019
 -0.0000004426
 -0.0000011305
  0.0000006379
 -0.0000003078
 -0.0000014275
 -0.0000039915
  0.0000006398
 -0.0000036502
 -0.0000013567
  0.0000145511
 -0.0000058456
  0.0000072659
  0.0000174937
 -0.0000141499
  0.0000024364
  0.0000174041
  0.0000041627
  0.0000153239
 -0.0000022667
 -0.0000284735
  0.0000030476
  0.0000003857
 -0.0000491642
  0.0000245126
  0.0000141370
 -0.0000031309
  0.0000036607
  0.0000052025
 -0.0000005061
  0.0000142976
 -0.0001239331
 -0.0000004258
  0.0000024928
 -0.0000267715
 -0.0000132740
 -0.0000031553
  0.0000043833
  0.0000201070
 -0.0000013919
 -0.0000023792
  0.0000082717
  0.0000081168
 -0.0000141250
 -0.0000045771
  0.0000017559
 -0.0000048600
 -0.0000308801
  0.0000016096
  0.0000082719
  0.0000003270
  0.0000003846
  0.0000029376
  0.0000008161
  0.0000008617
  0.0000004386
 -0.0000005935
  0.0000042303
 -0.0000072302
 -0.0000026289
  0.0000493539
 -0.0000188438
 -0.0000075465
  0.0000065694
 -0.0000076659
  0.0000177809
  0.0000045905
  0.0000014864
  0.0000018989
 -0.0000262283
  0.0000026507
 -0.0000131998
  0.0000038993
 -0.0000036823
 -0.0000397994
 -0.0000059633
 -0.0000196097
 -0.0000027625
  0.0000331987
  0.0000049539
  0.0000142890
  0.0000084296
 -0.0000998524
  0.0000040532
  0.0000075744
  0.0000043188
  0.0000134904
 -0.0000067430
  0.0000009429
  0.0000106672
  0.0000220486
  0.0000072169
  0.0000016512
  0.0000132588
  0.0000003505
  0.0000225682
  0.0000202136
  0.0000023382
  0.0000079672
  0.0000003739
  0.0000086731
 -0.0000089020
 -0.0000044743
 -0.0000039619
 -0.0000006807
 -0.0000053622
 -0.0000029988
 -0.0000038325
 -0.0000060305
 -0.0000032998
 -0.0000099263
  0.0000276849
 -0.0000312698
  0.0000049280
 -0.0000023415
  0.0000001013
 -0.0000126072
  0.0000061103
  0.0000001856
 -0.0000083414
 -0.0000173564
  0.0000031497
  0.0000025105
  0.0000254008
 -0.0000050463
  0.0000074101
  0.0000065784
 -0.0000642834
 -0.0000051095
 -0.0000026142
  0.0000024321
 -0.0000001741
 -0.0000178449
 -0.0000074754
 -0.0000020822
 -0.0000096473
  0.0000033748
  0.0000051151
  0.0000032968
 -0.0000037292
 -0.0000013312
  0.0000099911
 -0.0000009923
 -0.0000037742
  0.0000044252
  0.0000098692
 -0.0000045554
  0.0000004296
  0.0000027672
  0.0000002608
  0.0000025849
 -0.0000051380
  0.0000029675
  0.0000020380
  0.0000034450
  0.0000006348
  0.0000045377
  0.0000050868
  0.0000018287
 -0.0000063539
  0.0000087113
  0.0000039919
  0.0001263685
 -0.0000099543
 -0.0000014686
 -0.0000012514
 -0.0000041589
  0.0000025299
  0.0000059722
  0.0000000493
  0.0000048942
  0.0000060729
  0.0000026935
 -0.0000051402
 -0.0000003277
 -0.0000018689
 -0.0000025434
  0.0000036761
 -0.0000051732
  0.0000160274
  0.0000010946
  0.0000419161
  0.0000077816
 -0.0000017999
 -0.0000035645
  0.0000077632
 -0.0000054557
  0.0000080270
 -0.0000307317
 -0.0000067348
  0.0000146049
  0.0000063475
  0.0000130861
 -0.0000067541
  0.0000454293
  0.0000300537
 -0.0000148831
  0.0000087007
 -0.0000535347
 -0.0000385213
  0.0000067072
 -0.0000074425
 -0.0000040242
 -0.0000037572
 -0.0000050998
 -0.0000055682
 -0.0000051277
 -0.0000095777
 -0.0000071813
 -0.0000078872
 -0.0000084770
  0.0000121846
 -0.0000065098
 -0.0000067883
 -0.0000533561
 -0.0000036019
 -0.0000015774
 -0.0000059834
 -0.0000017438
  0.0000182009
  0.0000006797
 -0.0000015235
 -0.0000097242
  0.0000067406
  0.0000001416
 -0.0000381063
 -0.0000116414
 -0.0000001810
 -0.0000026056
 -0.0000813795
 -0.0000060070
  0.0000044967
 -0.0000029777
 -0.0000112540
 -0.0000042400
  0.0000042480
  0.0000205374
  0.0000087773
  0.0000180315
  0.0000076708
 -0.0000028330
  0.0000202081
  0.0000152242
  0.0000061424
  0.0000010286
 -0.0000005419
  0.0000021976
 -0.0000170898
 -0.0000056654
  0.0000003470
 -0.0000020000
 -0.0000010145
 -0.0000011481
  0.0000018013
 -0.0000109377
 -0.0000071806
  0.0000423626
 -0.0000216686
 -0.0000022966
  0.0000005747
  0.0000139391
 -0.0000047228
 -0.0000027178
 -0.0000216765
  0.0000035092
 -0.0000006100
 -0.0000003431
 -0.0000281075
  0.0000033328
  0.0000027464
 -0.0000071776
  0.0000318347
 -0.0000074250
  0.0000109343
  0.0000057960
 -0.0000816317
 -0.0000179143
 -0.0000049502
  0.0000040799
  0.0000104280
  0.0000006848
  0.0000067752
  0.0000075047
 -0.0000103003
  0.0000191072
  0.0000142783
 -0.0000050234
  0.0000005976
 -0.0000100421
  0.0000034045
 -0.0000139633
 -0.0000000354
 -0.0000033324
 -0.0000026618
  0.0000001213
 -0.0000024076
 -0.0000064350
 -0.0000058628
 -0.0000023468
 -0.0000059387
 -0.0000012360
  0.0000125241
  0.0000141173
 -0.0000018573
  0.0000082847
 -0.0000407178
 -0.0000116379
 -0.0000057944
 -0.0000148463
 -0.0000111041
  0.0000226054
  0.0000152785
 -0.0000106366
  0.0000889453
  0.0000268128
 -0.0000076189
  0.0000105921
 -0.0000072700
  0.0000151741
  0.0000178976
 -0.0000105144
 -0.0000132267
 -0.0000201858
  0.0000120007
 -0.0000007026
  0.0000177573
 -0.0000097928
  0.0000019735
 -0.0000091864
 -0.0000130603
 -0.0000105003
 -0.0000270619
 -0.0000138363
 -0.0000057426
 -0.0000080485
  0.0000077550
  0.0000036667
 -0.0000033559
  0.0000013543
  0.0000182416
  0.0000044023
 -0.0000058352
 -0.0000022845
  0.0000028560
 -0.0000222324
 -0.0000107300
 -0.0000004401
 -0.0000020739
 -0.0000068545
  0.0000005386
  0.0000013949
  0.0000022872
 -0.0000018483
  0.0000015951
 -0.0000029219
 -0.0000036773
 -0.0000009245
 -0.0000011455
 -0.0000012459
  0.0000016096
  0.0000043180
 -0.0000028630
 -0.0000105961
 -0.0000030709
  0.0000011379
 -0.0000011073
 -0.0000021182
 -0.0000009288
 -0.0000030208
  0.0000554735
 -0.0000021725
 -0.0000036324
 -0.0000021168
 -0.0000060640
  0.0000008277
 -0.0000020920
  0.0000125588
  0.0000023281
 -0.0000007608
  0.0000222468
  0.0000112389
 -0.0000019790
  0.0000042406
  0.0000052409
 -0.0000038877
 -0.0000128003
 -0.0000065651
 -0.0000087746
  0.0000000008
 -0.0000088878
  0.0000090775
  0.0000036501
 -0.0000084764
 -0.0000060496
  0.0000000155
 -0.0000015225
 -0.0000113297
 -0.0000094612
 -0.0000049382
  0.0000027585
  0.0000023786
  0.0000039646
  0.0000006132
 -0.0000037960
  0.0000005120
 -0.0000020804
 -0.0000005779
  0.0000071114
 -0.0000115660
 -0.0000052449
  0.0000516574
 -0.0000169114
  0.0000048061
  0.0000004464
 -0.0000097958
  0.0000203770
  0.0000110249
 -0.0000008227
  0.0000026524
 -0.0000237546
  0.0000081468
 -0.0000149515
 -0.0000002028
  0.0000052416
  0.0000122188
 -0.0000421487
 -0.0000011809
 -0.0000023807
  0.0000106971
  0.0000343327
  0.0000133851
 -0.0000007264
  0.0000157412
  0.0000030474
 -0.0001076828
  0.0000023418
 -0.0000021384
 -0.0000250612
 -0.0000027531
 -0.0000060102
 -0.0000056052
 -0.0000015194
 -0.0000127814
  0.0000011891
 -0.0000297806
 -0.0000162658
  0.0000095959
 -0.0000126672
  0.0000298356
  0.0000087622
 -0.0000098058
 -0.0000027887
 -0.0000019723
 -0.0000059561
 -0.0000045396
 -0.0000068106
 -0.0000023327
 -0.0000031386
 -0.0000052772
 -0.0000045614
 -0.0000028816
 -0.0000032335
 -0.0000032393
 -0.0000015494
  0.0000013381
  0.0000016434
 -0.0000004472
 -0.0000076119
 -0.0000151134
  0.0000016261
 -0.0000021284
 -0.0000052097
 -0.0000073929
 -0.0000010014
  0.0000022754
  0.0000022005
  0.0000010164
  0.0000012007
 -0.0000032665
 -0.0000027793
 -0.0000001656
 -0.0000052499
  0.0000012357
  0.0000043993
  0.0000090583
  0.0000032426
 -0.0000030671
  0.0000185608
  0.0000038936
  0.0000008305
 -0.0000339145
  0.0000113467
 -0.0000114832
 -0.0000194774
 -0.0000386716
 -0.0000148062
 -0.0000179364
 -0.0000204749
  0.0000084256
  0.0000115410
 -0.0000192950
  0.0000094284
 -0.0000174958
  0.0000609492
 -0.0000195068
 -0.0000000079
 -0.0000021082
 -0.0000065438
 -0.0000015627
 -0.0000135814
  0.0000010912
 -0.0000102236
 -0.0000061914
 -0.0000017382
 -0.0000105852
  0.0000096244
 -0.0000046188
 -0.0000180944
 -0.0000023596
 -0.0000655239
 -0.0000091986
 -0.0000085365
 -0.0000036647
 -0.0000054741
 -0.0000036517
  0.0000890775
  0.0000090488
 -0.0000043768
 -0.0000093428
 -0.0000041842
 -0.0000030043
  0.0000249829
  0.0000099131
  0.0000081445
 -0.0000099844
 -0.0000106157
 -0.0000032137
  0.0000022601
  0.0000250644
 -0.0000127647
  0.0000063513
  0.0000051430
 -0.0000144928
 -0.0000051839
  0.0000022280
  0.0000183915
 -0.0000021749
 -0.0000025696
  0.0000058024
  0.0000076294
 -0.0000027048
 -0.0000038580
  0.0000019329
 -0.0000043113
 -0.0000266235
 -0.0000003882
  0.0000067889
 -0.0000044867
 -0.0000029055
  0.0000040804
  0.0000009638
  0.0000015162
 -0.0000083845
  0.0000015988
  0.0000004785
  0.0000009753
 -0.0000055956
 -0.0000022435
 -0.0000006663
 -0.0000097017
 -0.0000074571
  0.0000067476
 -0.0000571720
  0.0000194656
 -0.0000006445
 -0.0000025428
  0.0000008428
 -0.0000399084
  0.0000030035
 -0.0000495478
 -0.0000095967
  0.0000096078
  0.0000044685
 -0.0000783443
  0.0000040360
 -0.0000152067
 -0.0000062212
 -0.0000159088
 -0.0000011938
  0.0000051780
  0.0000081720
  0.0000096305
 -0.0001481964
  0.0000045077
 -0.0000067929
 -0.0000098098
  0.0000111487
 -0.0000218445
 -0.0000050089
 -0.0000073260
  0.0000012415
 -0.0000123845
 -0.0000165474
 -0.0000055819
 -0.0000050789
 -0.0000123195
  0.0000029886
  0.0000250339
 -0.0000093278
  0.0000018118
 -0.0000033536
 -0.0000017789
 -0.0000056809
 -0.0000024149
 -0.0000027286
 -0.0000033294
  0.0000011174
 -0.0000009611
 -0.0000003633
  0.0000032453
  0.0000018102
  0.0000031348
  0.0000008082
 -0.0000085069
 -0.0000280338
  0.0000016599
  0.0000035494
  0.0000009270
 -0.0000022857
  0.0000025508
 -0.0000035011
  0.0000531093
 -0.0000023846
 -0.0000031574
  0.0000000380
  0.0000007724
 -0.0000061093
  0.0000024580
 -0.0000005470
  0.0000076902
  0.0000037508
  0.0000069730
  0.0000075914
  0.0000061633
  0.0000064900
  0.0000013928
  0.0000017007
 -0.0000009511
 -0.0000079554
  0.0000050613
  0.0000046652
 -0.0000117702
  0.0000171419
  0.0000082926
  0.0000198957
 -0.0000133577
  0.0000418490
  0.0000209621
 -0.0000200629
  0.0000080735
 -0.0000459863
 -0.0000038967
 -0.0000053980
 -0.0000034634
 -0.0000011116
 -0.0000020464
 -0.0000043414
 -0.0000014768
 -0.0000031929
  0.0000008366
 -0.0000027364
 -0.0000029643
 -0.0000047239
 -0.0000017265
  0.0000107792
  0.0000015051
  0.0000010413
 -0.0000649566
 -0.0000036782
  0.0000014482
 -0.0000127175
  0.0000025053
  0.0000035082
  0.0000044497
  0.0000804743
  0.0000023581
  0.0000026659
 -0.0000097904
 -0.0000009510
  0.0000244975
 -0.0000008838
  0.0000160862
  0.0000039637
  0.0000031428
 -0.0000040823
  0.0000065457
  0.0000251148
  0.0000024288
  0.0000032919
 -0.0000101050
 -0.0000152014
  0.0000057071
  0.0000098539
  0.0000083725
  0.0000022678
  0.0000034935
  0.0000546232
 -0.0000421417
 -0.0000061720
  0.0000000069
 -0.0000148453
 -0.0000052113
 -0.0000076098
  0.0000044983
  0.0000046092
  0.0000030265
  0.0000008776
  0.0000026866
  0.0000023408
  0.0000045437
 -0.0000027718
  0.0000027938
  0.0000032240
  0.0000031478
  0.0000044998
  0.0000079344
  0.0000066510
  0.0000034472
  0.0000096916
  0.0000004223
  0.0001387523
 -0.0000010418
  0.0000032375
  0.0000058666
  0.0000058719
  0.0000115120
  0.0000102333
  0.0000010299
  0.0000020359
 -0.0000006210
  0.0000008128
  0.0000035439
  0.0000047452
  0.0000061003
  0.0000355142
 -0.0000015288
  0.0000028207
  0.0000031721
  0.0000024835
  0.0000196599
  0.0000121674
  0.0000502986
  0.0000139521
  0.0000013717
  0.0000001426
 -0.0000109395
 -0.0000028287
  0.0000065879
  0.0000045314
  0.0000046906
 -0.0000203537
  0.0000043391
 -0.0000057032
 -0.0000068639
  0.0000071275
 -0.0000024592
  0.0000314060
  0.0000026014
  0.0000062466
 -0.0000032653
  0.0000024056
 -0.0000076041
 -0.0000012642
 -0.0000047844
 -0.0000025194
 -0.0000058064
 -0.0000051567
  0.0000037755
 -0.0000023427
 -0.0000076011
 -0.0000010162
 -0.0000012416
  0.0000025413
  0.0000026090
  0.0000003664
 -0.0000061242
  0.0000359918
 -0.0000081127
 -0.0000013724
  0.0000001493
 -0.0000042633
 -0.0000054597
 -0.0000002498
  0.0000052875
  0.0000038443
  0.0000047868
  0.0000045173
 -0.0000031553
 -0.0000029450
 -0.0000017360
 -0.0000179787
 -0.0000038072
  0.0000034448
  0.0000052272
  0.0000021641
  0.0000048515
 -0.0000050160
  0.0000280140
  0.0000035140
  0.0000024981
  0.0000202151
 -0.0000023364
 -0.0000125967
 -0.0000032882
  0.0000043700
  0.0000207456
 -0.0000014811
 -0.0000038012
  0.0000083500
  0.0000074212
 -0.0000172138
 -0.0000038359
  0.0000029489
 -0.0000026119
 -0.0000297727
  0.0000016237
  0.0000082550
  0.0000009048
 -0.0000003232
 -0.0000006347
  0.0000000271
  0.0000001314
 -0.0000001077
  0.0000006171
  0.0000113222
 -0.0000132846
  0.0000344100
 -0.0000316270
  0.0000072504
  0.0000030691
  0.0000074805
  0.0000067525
 -0.0000024467
  0.0000016585
 -0.0000197881
  0.0000031459
 -0.0000131380
 -0.0000138395
 -0.0000100856
 -0.0000255456
 -0.0000044406
 -0.0000165581
 -0.0000005717
  0.0000288399
  0.0000057947
  0.0000033420
 -0.0000754200
 -0.0000128289
  0.0000065449
 -0.0000119913
 -0.0000117658
  0.0000072342
  0.0000205501
  0.0000160825
  0.0000110304
  0.0000103607
 -0.0000002464
  0.0000242199
  0.0000131583
  0.0000071811
 -0.0000043778
  0.0000062904
  0.0000066987
 -0.0000082912
  0.0000016776
  0.0000020706
  0.0000010399
  0.0000000622
 -0.0000023707
 -0.0000015332
  0.0000036902
 -0.0000112251
 -0.0000044206
 -0.0000213617
 -0.0000318276
 -0.0000034363
  0.0000064054
 -0.0000600546
 -0.0000002899
 -0.0000029483
  0.0000040946
 -0.0000009419
  0.0000015027
 -0.0000331857
  0.0000066091
  0.0000013687
 -0.0000059029
 -0.0000059433
 -0.0000754084
  0.0000048709
  0.0000044717
 -0.0000045038
 -0.0000327134
  0.0000095173
  0.0000087984
 -0.0000137427
  0.0000076841
 -0.0001445427
  0.0000081581
  0.0000031438
 -0.0000062683
 -0.0000211083
  0.0000079021
 -0.0000038103
 -0.0000127784
 -0.0000056839
  0.0000074266
  0.0000340259
  0.0000294887
 -0.0000109699
 -0.0000023745
  0.0000512342
 -0.0000204459
  0.0000010245
  0.0000026250
 -0.0000048497
  0.0000060723
  0.0000044111
 -0.0000039836
  0.0000031760
 -0.0000022393
  0.0000017240
  0.0000025525
  0.0000011126
  0.0000041706
 -0.0000002155
 -0.0000060031
 -0.0000136236
  0.0000015288
 -0.0000720927
 -0.0000045019
 -0.0000045940
 -0.0000064762
 -0.0000082819
 -0.0000076951
  0.0000022166
 -0.0000001625
  0.0000854503
  0.0000016484
 -0.0000059384
 -0.0000103189
 -0.0000039518
 -0.0000020835
  0.0000264986
  0.0000213625
  0.0000001068
 -0.0000064881
 -0.0000120937
 -0.0000009344
  0.0000082767
  0.0000304558
 -0.0000196459
  0.0000217026
  0.0000221410
  0.0000094583
  0.0000071374
 -0.0000047742
 -0.0000021599
  0.0000007174
 -0.0000038569
  0.0000028208
  0.0000008702
  0.0000083388
 -0.0000039886
  0.0000320504
 -0.0000008437
  0.0000046892
 -0.0000044345
 -0.0000189380
  0.0000129554
  0.0000007079
 -0.0000152145
 -0.0000116349
  0.0000188795
 -0.0000131333
 -0.0000144748
 -0.0000209055
  0.0000206897
 -0.0000190713
  0.0000040449
 -0.0000042731
  0.0000145540
  0.0000193981
  0.0000219645
 -0.0000052742
 -0.0000178355
  0.0000136235
 -0.0000113239
 -0.0000212210
 -0.0000333618
 -0.0000079923
 -0.0000031936
 -0.0000049885
  0.0000095180
  0.0000056446
 -0.0000098823
  0.0000034003
  0.0000046365
 -0.0000207687
  0.0000189274
 -0.0000070908
  0.0000038067
 -0.0000113961
 -0.0000059323
  0.0000045290
  0.0000060595
  0.0000174181
  0.0000021168
 -0.0000025819
 -0.0000168374
 -0.0000118198
  0.0000115579
  0.0000060932
 -0.0000186136
 -0.0000043066
  0.0000065913
  0.0000849103
  0.0000020960
 -0.0000116509
 -0.0000094815
  0.0000065692
  0.0000198031
  0.0000114568
  0.0000209941
  0.0000098459
 -0.0000021095
  0.0000222304
  0.0000155782
  0.0000061997
 -0.0000010575
  0.0000018644
  0.0000054439
 -0.0000129355
  0.0000033331
  0.0000046671
 -0.0000011897
  0.0000115514
 -0.0000006108
  0.0000056129
 -0.0000005925
 -0.0000092368
 -0.0000029883
  0.0000317226
 -0.0000078435
  0.0000026463
 -0.0000271503
  0.0000223045
 -0.0000031438
 -0.0000018984
 -0.0000331346
  0.0000020741
  0.0000020416
  0.0000073611
 -0.0000004775
 -0.0000553294
  0.0000055479
  0.0000054277
 -0.0000056054
  0.0000129635
  0.0000158943
  0.0000077559
  0.0000092410
 -0.0001275695
  0.0000019722
  0.0000115572
  0.0000095220
 -0.0000171079
 -0.0000102328
 -0.0000087324
 -0.0000238852
  0.0000033558
  0.0000061099
  0.0000013479
 -0.0000034352
 -0.0000312101
 -0.0000208589
 -0.0000061164
  0.0000002865
 -0.0000245268
 -0.0000080208
 -0.0000100113
 -0.0000001787
 -0.0000023942
  0.0000025024
  0.0000009145
 -0.0000014038
 -0.0000040289
  0.0000012328
 -0.0000015609
 -0.0000026303
  0.0000078502
 -0.0000001555
 -0.0000074026
 -0.0000097481
  0.0000051712
 -0.0000069805
 -0.0000487801
 -0.0000314366
 -0.0000111570
 -0.0000036043
  0.0000024461
  0.0000000686
 -0.0000077487
 -0.0000091037
  0.0000008906
 -0.0000016584
 -0.0000090294
  0.0000174690
 -0.0000046644
 -0.0000023360
 -0.0000049744
 -0.0000102091
  0.0000029922
  0.0000067166
  0.0000181262
 -0.0000054828
  0.0000056976
 -0.0000124775
 -0.0000067740
 -0.0000089944
  0.0000108392
 -0.0000122162
  0.0000151535
 -0.0000031506
  0.0000846780
  0.0000001473
 -0.0000068239
 -0.0000059937
 -0.0000104518
  0.0000088921
 -0.0000039694
 -0.0000148375
 -0.0000005430
  0.0000012127
  0.0000201595
  0.0000232465
 -0.0000157780
 -0.0000033164
  0.0000011175
 -0.0000090189
  0.0000010205
 -0.0000010653
 -0.0000014806
 -0.0000003033
 -0.0000003733
  0.0000067982
 -0.0000019423
 -0.0000035346
 -0.0000020954
  0.0000008913
  0.0000098899
 -0.0000090973
  0.0000023738
 -0.0000253013
 -0.0000301313
 -0.0000090161
 -0.0000086244
 -0.0000456634
 -0.0000122682
  0.0000039804
 -0.0000039864
 -0.0000099352
  0.0000198747
 -0.0000083522
 -0.0000060985
 -0.0000020538
 -0.0000541886
  0.0000168375
 -0.0000123202
 -0.0000105802
 -0.0000284043
  0.0000022397
 -0.0000036191
 -0.0000217006
  0.0000120864
 -0.0001208301
 -0.0000287068
 -0.0000117833
  0.0000068526
 -0.0000355606
  0.0000111786
  0.0000013414
  0.0000099103
 -0.0000232108
 -0.0000019224
 -0.0000044162
 -0.0000280847
  0.0000004363
 -0.0000433855
  0.0000076764
 -0.0000228202
 -0.0000085763
 -0.0000067329
 -0.0000049012
 -0.0000053848
 -0.0000077012
 -0.0000034912
 -0.0000027414
 -0.0000091234
 -0.0000030630
  0.0000138431
 -0.0000106756
 -0.0000063721
 -0.0000626551
 -0.0000076756
 -0.0000043166
 -0.0000028735
 -0.0000035008
 -0.0000002084
  0.0000542070
 -0.0000044118
 -0.0000034751
 -0.0000083372
 -0.0000075479
  0.0000103655
 -0.0000008057
 -0.0000350968
 -0.0000106650
 -0.0000065937
 -0.0000019632
 -0.0000425414
 -0.0000045749
  0.0000107579
 -0.0000028906
 -0.0000211004
  0.0000030747
 -0.0000110285
 -0.0000119416
 -0.0000115122
  0.0000104740
  0.0000322400
  0.0000297641
  0.0000083651
 -0.0000137229
  0.0000486264
 -0.0000216985
  0.0000031052
 -0.0000009460
 -0.0000030733
  0.0000009834
 -0.0000037060
 -0.0000019853
 -0.0000014819
 -0.0000051132
 -0.0000021310
 -0.0000015453
  0.0000447868
 -0.0000193875
  0.0000014261
 -0.0000019383
  0.0000125991
 -0.0000038522
 -0.0000227614
  0.0000048864
 -0.0000017691
  0.0000032391
 -0.0000014231
 -0.0000286801
  0.0000272478
 -0.0000001127
  0.0000304311
  0.0000105543
  0.0000065021
  0.0000187379
 -0.0000851883
  0.0000121856
  0.0000228112
 -0.0000065513
 -0.0000049866
 -0.0000187035
 -0.0000037186
 -0.0000047789
  0.0000006104
 -0.0000113170
 -0.0000247862
 -0.0000145028
 -0.0000094665
  0.0000078073
  0.0000092000
 -0.0000043312
 -0.0000075759
  0.0000577143
 -0.0000070262
 -0.0000059126
 -0.0000014676
  0.0000433061
  0.0000157201
 -0.0000097362
 -0.0000036083
 -0.0000059388
 -0.0000146677
 -0.0000130731
  0.0000011394
 -0.0000100228
 -0.0000115876
 -0.0000025362
 -0.0000926741
 -0.0000040770
 -0.0000276409
  0.0000118830
 -0.0000009609
 -0.0000026324
  0.0000130392
 -0.0000206639
 -0.0000394263
  0.0000001252
 -0.0000082865
  0.0000447828
 -0.0000184455
 -0.0000091486
  0.0000012951
 -0.0000152851
 -0.0000045462
 -0.0001156034
 -0.0000045601
 -0.0000157147
 -0.0000202411
 -0.0000057167
 -0.0000293932
  0.0000095530
 -0.0000173397
 -0.0000024524
 -0.0000010203
  0.0000083824
  0.0000032404
 -0.0000018024
 -0.0000169101
 -0.0000235969
  0.0000191462
  0.0000111746
 -0.0000178607
  0.0000056535
 -0.0000123300
  0.0000065604
  0.0000660493
  0.0000091607
  0.0000036477
 -0.0000092698
  0.0000081112
 -0.0000033832
 -0.0000094511
  0.0000069196
 -0.0000148373
 -0.0000075267
 -0.0000074806
 -0.0000142186
  0.0000365844
 -0.0000185915
 -0.0000292743
 -0.0000054839
 -0.0000100844
 -0.0000208642
  0.0000054798
 -0.0000311970
 -0.0000012623
  0.0000032307
 -0.0000106950
 -0.0000091419
 -0.0000111675
  0.0000129208
 -0.0000021725
 -0.0000116683
 -0.0000749869
 -0.0000065485
  0.0000026669
  0.0000136438
 -0.0000104220
  0.0000099882
 -0.0000238443
  0.0000155687
  0.0000155452
 -0.0000027996
 -0.0000095251
  0.0000000807
  0.0000037563
  0.0000086996
 -0.0000073200
  0.0000054725
 -0.0000135812
  0.0000427485
 -0.0000342262
 -0.0000109759
 -0.0000300516
  0.0000397045
  0.0000476230
  0.0000085390
 -0.0000079406
  0.0000137351
 -0.0000042264
 -0.0000053100
  0.0000015596
 -0.0000057989
 -0.0000030640
  0.0000001349
 -0.0000342061
 -0.0000147288
 -0.0000144720
 -0.0000049587
  0.0000084537
 -0.0000134312
 -0.0000054121
  0.0000139579
 -0.0000329271
  0.0000050517
  0.0000115717
  0.0000096704
 -0.0000125087
 -0.0000079289
 -0.0000266065
 -0.0000078852
 -0.0000029526
 -0.0001063279
  0.0000003468
 -0.0000368141
 -0.0000068455
 -0.0000268506
 -0.0000340552
  0.0000062378
 -0.0000191626
 -0.0000033850
 -0.0000011431
 -0.0000115344
 -0.0000005478
  0.0000089107
 -0.0000058797
  0.0000002624
  0.0000194544
  0.0000120113
  0.0000460830
 -0.0000021251
 -0.0000049328
 -0.0000083942
  0.0000415314
  0.0000351968
  0.0000220283
  0.0000038087
  0.0000259053
 -0.0000163655
 -0.0000189518
  0.0000307317
 -0.0000253016
 -0.0000160812
 -0.0000233502
 -0.0000548029
 -0.0000097290
 -0.0000105884
 -0.0000007103
 -0.0000023130
 -0.0000056879
 -0.0000358832
 -0.0000243440
 -0.0000542735
 -0.0000195153
  0.0000246523
  0.0000281769
 -0.0000264900
 -0.0000087024
 -0.0000031177
 -0.0000003215
  0.0000100190
 -0.0000846513
 -0.0000064420
 -0.0000201143
  0.0000126316
 -0.0000086296
  0.0000071170
 -0.0000047419
 -0.0000059746
 -0.0000063412
 -0.0000020087
 -0.0000041214
  0.0000046428
 -0.0000025784
  0.0000184067
  0.0000088473
 -0.0000018015
  0.0000048831
 -0.0000085746
  0.0000032897
 -0.0000012857
 -0.0000016719
  0.0000058232
 -0.0000293757
  0.0000074544
 -0.0000004500
  0.0000071629
  0.0000170553
  0.0000088336
  0.0000162583
  0.0000114046
  0.0000084474
  0.0000000982
 -0.0000832913
  0.0000032315
  0.0000006081
  0.0000140678
  0.0000038593
 -0.0000074036
 -0.0000100178
 -0.0000269626
 -0.0000194406
  0.0000156067
  0.0000106073
 -0.0000006785
  0.0000238497
  0.0000031153
  0.0000171251
  0.0000725953
 -0.0000016322
 -0.0000734948
  0.0000030571
  0.0000061041
 -0.0000028903
  0.0000044615
 -0.0000096782
 -0.0000115513
  0.0000155905
 -0.0000093280
  0.0000085990
  0.0000189949
  0.0000036556
 -0.0000028048
  0.0000079402
  0.0000031634
  0.0000089833
  0.0000128746
 -0.0000081212
 -0.0000027461
  0.0000043434
 -0.0000029882
  0.0001229006
 -0.0001125318
 -0.0000121908
 -0.0000053503
 -0.0000114560
  0.0000001382
  0.0000060369
  0.0000050313
 -0.0000028756
 -0.0000027129
  0.0000258037
 -0.0000495977
  0.0000201893
 -0.0000003472
 -0.0000054219
  0.0000010478
 -0.0000195827
 -0.0000116118
 -0.0000187595
 -0.0000136751
  0.0000094991
 -0.0000106844
  0.0000883577
 -0.0000036171
 -0.0000019613
  0.0000077869
  0.0001316015
 -0.0000001664
 -0.0000780146
  0.0000113017
  0.0000019221
 -0.0000037476
  0.0000123095
  0.0000168715
 -0.0000192920
  0.0000173983
 -0.0000087847
 -0.0000009226
 -0.0000128533
  0.0000138104
  0.0000129363
 -0.0000202193
  0.0000125705
  0.0000042998
  0.0000009943
  0.0000161728
  0.0000071180
 -0.0000012552
  0.0000002038
  0.0000312951
 -0.0000615627
  0.0000117632
 -0.0000058546
  0.0000179477
  0.0000078347
 -0.0000000739
  0.0000100237
  0.0000001295
  0.0000038785
  0.0000079727
 -0.0000862442
 -0.0000030878
 -0.0000065153
 -0.0000090536
  0.0000012474
 -0.0000404393
 -0.0000008879
 -0.0000314797
 -0.0000204144
  0.0000073597
  0.0000149322
  0.0000677214
  0.0000555315
  0.0000002760
  0.0000181786
  0.0000539656
 -0.0000043310
 -0.0000145755
  0.0000049361
  0.0000121636
 -0.0000190126
 -0.0000090796
  0.0000034984
  0.0000195890
 -0.0000166705
  0.0000182772
 -0.0000068018
  0.0000066656
 -0.0000109334
  0.0000092627
 -0.0000076561
 -0.0000154258
 -0.0000197963
 -0.0000027870
  0.0000179368
  0.0000032244
 -0.0000085429
 -0.0000049466
  0.0000941541
 -0.0000038025
  0.0000060394
  0.0000023074
  0.0000136258
  0.0000018691
 -0.0000065083
 -0.0000079510
 -0.0000024340
  0.0000007450
 -0.0000000094
 -0.0000072987
  0.0000185792
 -0.0000061311
 -0.0000090415
 -0.0000022179
  0.0000414207
 -0.0000026829
  0.0000251170
 -0.0000271489
  0.0000076790
  0.0000109882
  0.0000127397
  0.0000091495
  0.0000044428
  0.0000011805
  0.0000341127
 -0.0000083646
 -0.0000402397
 -0.0000037284
  0.0000202741
  0.0000108385
  0.0000021072
  0.0000212488
  0.0000024533
  0.0000202497
  0.0000044712
  0.0000238841
  0.0000199100
 -0.0000111295
 -0.0000067504
 -0.0000161331
 -0.0000055043
 -0.0000001197
 -0.0000035086
 -0.0000385150
  0.0000376998
 -0.0000231370
 -0.0000162638
  0.0000339841
  0.0000538940
  0.0000326410
 -0.0000052713
  0.0000276131
  0.0000117164
 -0.0000073208
  0.0000035446
 -0.0000003984
  0.0000250483
  0.0000085354
  0.0000016745
 -0.0000369288
 -0.0000126837
  0.0000194905
  0.0000494104
 -0.0000427591
  0.0000104432
 -0.0000388431
  0.0000520602
  0.0000481827
  0.0000075850
  0.0000123108
 -0.0000360036
  0.0000113491
  0.0000413571
  0.0000325383
  0.0000433812
 -0.0001199231
  0.0000084591
  0.0000168472
  0.0000050562
  0.0000196442
  0.0000068616
 -0.0000115167
 -0.0000049654
  0.0000023605
 -0.0000002427
 -0.0000062845
 -0.0000065547
 -0.0000080672
  0.0000163456
  0.0000080550
  0.0000110619
  0.0000106464
  0.0000478413
  0.0000330080
  0.0000100433
  0.0000235728
 -0.0000101550
  0.0000620540
  0.0000158618
  0.0000035714
  0.0000278424
 -0.0000127559
 -0.0000138830
  0.0000260862
 -0.0000163208
 -0.0000173747
  0.0000047747
 -0.0000616485
 -0.0000054327
  0.0000050813
  0.0000229130
 -0.0000081978
 -0.0000095223
  0.0000095548
 -0.0000065301
 -0.0000243537
  0.0000035915
  0.0000156075
  0.0000505884
  0.0000118908
 -0.0000026358
  0.0000321017
  0.0000520469
  0.0000208547
 -0.0001274895
  0.0000083714
  0.0000073022
 -0.0000021662
  0.0000004165
 -0.0000052313
 -0.0000000752
 -0.0000112482
 -0.0000094988
  0.0000165950
 -0.0000238433
  0.0000053619
 -0.0000000562
  0.0000074955
  0.0000004722
  0.0000173330
  0.0000121234
  0.0000162614
 -0.0000021329
 -0.0000071098
  0.0000086498
  0.0000500582
  0.0000490653
  0.0000040964
 -0.0000005972
 -0.0000018244
 -0.0000036610
 -0.0000041072
  0.0000171122
 -0.0000026542
 -0.0000026388
  0.0000055437
 -0.0000170618
 -0.0000119968
 -0.0000135828
 -0.0000223903
  0.0000004889
  0.0000046650
 -0.0000083180
 -0.0000283894
 -0.0000255551
  0.0000096662
  0.0000078877
  0.0000189012
  0.0000360683
  0.0000030059
 -0.0000082641
  0.0000352109
 -0.0000013241
 -0.0000770372
 -0.0000017258
  0.0000153412
 -0.0000209641
  0.0000091430
  0.0000246124
  0.0000016679
  0.0000019088
  0.0000266849
 -0.0000085945
 -0.0000117483
  0.0000086280
  0.0000056487
 -0.0000045437
  0.0000018333
  0.0000018712
 -0.0000048666
 -0.0000034392
 -0.0000035517
 -0.0000075520
 -0.0000087221
  0.0000194004
  0.0000231017
  0.0000078452
 -0.0000049827
  0.0000070721
 -0.0000032859
 -0.0000130062
  0.0000064670
 -0.0000057933
  0.0000009611
 -0.0000035969
  0.0000244862
  0.0000210056
 -0.0000079868
  0.0000079699
 -0.0000041676
  0.0000434794
 -0.0000016545
  0.0000276823
 -0.0000271131
  0.0000083550
  0.0000105157
  0.0000137908
 -0.0000048416
 -0.0000018173
  0.0000108499
  0.0000168296
 -0.0000113433
 -0.0000709261
 -0.0000013977
  0.0000308244
  0.0000009476
  0.0000078358
  0.0000182461
 -0.0000063945
  0.0000109798
 -0.0000032315
 -0.0000006462
  0.0000137535
 -0.0000137986
 -0.0000002932
  0.0000292969
 -0.0000225380
  0.0000107021
  0.0000137913
  0.0000135699
  0.0000433267
 -0.0000559155
 -0.0000143737
 -0.0000380191
 -0.0000076837
  0.0000733114
  0.0000077808
 -0.0000152593
  0.0000049362
  0.0000058913
 -0.0000136056
 -0.0000161083
 -0.0000209715
 -0.0000159925
  0.0000003623
 -0.0001458395
 -0.0000032790
  0.0000065810
 -0.0000054647
  0.0000130624
 -0.0000071081
  0.0000247558
  0.0000180037
 -0.0000202231
  0.0000695231
 -0.0000154592
  0.0000370860
  0.0000174867
  0.0000036936
 -0.0000507528
  0.0000463637
 -0.0000448375
 -0.0001256194
  0.0000446317
  0.0000102907
 -0.0000168834
 -0.0000083514
 -0.0000132954
 -0.0000109686
  0.0000064195
 -0.0000143977
  0.0000046082
  0.0000155935
 -0.0000174004
 -0.0000086998
  0.0000022262
 -0.0000148389
 -0.0000201721
 -0.0000031552
  0.0000539842
 -0.0000269231
 -0.0000113817
 -0.0000240534
  0.0000767212
 -0.0000420692
  0.0000060585
  0.0000001042
  0.0000141132
 -0.0000028964
 -0.0000035714
  0.0000016851
 -0.0000045568
 -0.0000029622
 -0.0000049314
 -0.0001007102
  0.0000052162
 -0.0000241776
 -0.0000045026
  0.0000211766
  0.0000045474
  0.0000104608
 -0.0000150120
 -0.0000421375
  0.0000093276
  0.0000095935
  0.0000676934
 -0.0000080409
 -0.0000065137
 -0.0000339035
 -0.0000125717
  0.0000058252
 -0.0000847625
 -0.0000039706
 -0.0000006162
  0.0000214952
 -0.0000093622
 -0.0000154373
  0.0000004780
 -0.0000091503
  0.0000042663
  0.0000126288
 -0.0000082872
 -0.0000015901
 -0.0000067496
  0.0000043568
 -0.0000131273
 -0.0000124506
 -0.0000186459
  0.0000259209
  0.0000101309
 -0.0000094413
  0.0000118058
  0.0000860758
  0.0000521684
 -0.0000109730
  0.0000039328
  0.0000089061
 -0.0000078366
 -0.0000135328
  0.0000105413
 -0.0000058007
 -0.0000047870
  0.0000018348
  0.0000407838
  0.0000104755
 -0.0000157818
 -0.0000288155
  0.0000000688
  0.0000163733
  0.0000076251
  0.0000266139
 -0.0000282245
  0.0000026236
 -0.0000109970
  0.0000142752
  0.0000411017
  0.0000049565
  0.0000143652
 -0.0000018919
 -0.0000066908
 -0.0001109931
 -0.0000037289
 -0.0000028258
  0.0000029975
  0.0000050447
  0.0000049826
  0.0000070709
 -0.0000316716
 -0.0000047985
  0.0000124467
 -0.0000220604
 -0.0000406228
 -0.0000004645
 -0.0000130196
 -0.0000043979
 -0.0000343427
  0.0000034906
  0.0000198450
 -0.0000009445
  0.0000047111
 -0.0000268338
  0.0000029683
 -0.0000086903
 -0.0000092693
 -0.0000141910
 -0.0000255465
 -0.0000062875
 -0.0000270331
  0.0000073983
 -0.0000034846
 -0.0000089824
  0.0000056793
 -0.0000983062
 -0.0000030077
 -0.0000111147
  0.0000007288
 -0.0000529323
 -0.0000036699
  0.0000206034
 -0.0000052242
 -0.0000370951
  0.0000018217
  0.0000022437
 -0.0000079539
  0.0000033730
 -0.0000026421
  0.0000034079
  0.0000115998
  0.0000127078
 -0.0000004705
 -0.0000071557
 -0.0000069716
  0.0000012815
 -0.0000000589
  0.0000223837
  0.0000063632
  0.0000016464
 -0.0000147021
 -0.0000104018
  0.0000094689
 -0.0000024228
  0.0000071634
  0.0000108610
  0.0000006881
 -0.0000015236
 -0.0000024226
 -0.0000171595
 -0.0000639267
  0.0000059299
  0.0000017774
 -0.0000009227
 -0.0000003855
  0.0000005344
 -0.0000003825
 -0.0000268845
 -0.0000013558
  0.0000218883
 -0.0000049979
 -0.0000336530
  0.0000038129
 -0.0000021616
 -0.0000107168
  0.0000017599
  0.0000053658
 -0.0000013746
 -0.0000013071
  0.0000054816
 -0.0000036866
 -0.0000052105
 -0.0000144887
 -0.0000002000
 -0.0000013312
 -0.0000109313
 -0.0000013964
  0.0000017590
 -0.0000038398
 -0.0000129558
  0.0000245279
  0.0000030923
 -0.0000038777
  0.0000046066
 -0.0000337523
 -0.0000057250
  0.0000027814
 -0.0000106971
 -0.0000053914
 -0.0000630540
  0.0000060546
 -0.0000013487
  0.0000107814
  0.0000028574
  0.0000099048
 -0.0000168957
  0.0000102421
  0.0000104934
  0.0000003337
  0.0000110434
  0.0000121403
  0.0000037820
 -0.0000038788
  0.0000115789
  0.0000003399
  0.0000043107
 -0.0000092397
 -0.0000015535
 -0.0000026933
  0.0000003495
  0.0000060350
  0.0000143280
 -0.0000040212
  0.0000100540
 -0.0000086664
  0.0000055615
  0.0000128510
 -0.0000026928
  0.0000020045
  0.0000099264
  0.0000117197
 -0.0000474657
  0.0000159807
 -0.0000005330
 -0.0000016085
  0.0000023189
  0.0000024129
 -0.0000024751
 -0.0000003865
  0.0000156232
 -0.0000153018
 -0.0000185999
  0.0000056688
  0.0000104326
  0.0000085625
  0.0000249770
 -0.0000034857
  0.0000132766
 -0.0000079842
 -0.0000020720
 -0.0000046147
  0.0000139999
 -0.0000005125
 -0.0000075807
 -0.0000015884
  0.0000156010
  0.0000308681
  0.0000002792
  0.0000124526
 -0.0000518262
  0.0000037197
 -0.0000011490
 -0.0000063655
 -0.0000033522
 -0.0000017979
 -0.0000047090
 -0.0000094064
  0.0000041798
  0.0000299645
 -0.0000346219
  0.0000046386
  0.0000094297
  0.0000082622
  0.0000049654
  0.0000021178
 -0.0000003867
  0.0000093720
 -0.0000144469
  0.0000043900
 -0.0000038051
  0.0000057746
 -0.0000072502
 -0.0000130414
 -0.0000026537
 -0.0000206102
  0.0000078816
 -0.0000012913
  0.0000127991
  0.0000347407
  0.0000122248
 -0.0000028791
 -0.0000642590
 -0.0000062740
 -0.0000108947
 -0.0000017696
  0.0000119218
 -0.0000020855
 -0.0000359822
 -0.0000012793
  0.0000046163
  0.0000030668
  0.0000017187
  0.0000125758
 -0.0000022423
  0.0000019502
 -0.0000003702
  0.0000012384
 -0.0000052615
 -0.0000004193
  0.0000026255
  0.0000085620
  0.0000117885
  0.0000141930
 -0.0000142971
  0.0000290365
 -0.0000055098
  0.0000011429
  0.0000111906
  0.0000055431
  0.0000033654
 -0.0000115076
  0.0000080683
 -0.0000561205
  0.0000174560
 -0.0000037136
 -0.0000023270
 -0.0000023457
 -0.0000035125
  0.0000004691
  0.0000058967
  0.0000221395
 -0.0000185781
 -0.0000537474
  0.0000040635
 -0.0000257141
  0.0000002065
  0.0000169521
  0.0000022474
 -0.0000006113
 -0.0000164583
  0.0000057460
 -0.0000041983
 -0.0000077250
 -0.0000152744
 -0.0000245801
 -0.0000176246
 -0.0000058914
 -0.0000104982
 -0.0000013858
 -0.0000111498
  0.0000223694
 -0.0000148357
 -0.0000802457
 -0.0000120030
  0.0000023756
 -0.0000172425
 -0.0000015873
  0.0000145143
 -0.0000021958
 -0.0000387994
 -0.0000028919
  0.0000044594
  0.0000090230
  0.0000126313
 -0.0000002627
  0.0000123920
  0.0000094861
  0.0000091557
  0.0000008765
  0.0000016182
 -0.0000111576
  0.0000025912
 -0.0000015150
 -0.0000029788
  0.0000106421
  0.0000134933
  0.0000007226
 -0.0000207120
 -0.0000033459
 -0.0000026227
  0.0000057916
  0.0000121098
 -0.0000003943
  0.0000033065
 -0.0000011673
 -0.0000068565
  0.0000106433
 -0.0000547861
  0.0000172025
 -0.0000561215
 -0.0000015978
  0.0000068099
 -0.0000034584
 -0.0000326784
  0.0000056439
 -0.0000026500
 -0.0000013937
  0.0000025723
 -0.0000005820
 -0.0000108383
  0.0000171846
 -0.0000039098
  0.0000117368
 -0.0000129221
 -0.0000030484
 -0.0000038271
  0.0000083466
  0.0000014160
  0.0000001252
 -0.0000143744
  0.0000157327
 -0.0000111682
  0.0000001706
  0.0000042741
 -0.0000020820
 -0.0000018456
  0.0000042609
 -0.0000100124
 -0.0000680420
  0.0000038920
  0.0000028702
  0.0000012122
 -0.0000122942
 -0.0000034623
  0.0000036370
  0.0000068094
 -0.0000153928
 -0.0000193475
 -0.0000080060
  0.0000064440
  0.0000165664
 -0.0000037002
 -0.0000142310
  0.0000044323
 -0.0000019424
 -0.0000015627
  0.0000141674
 -0.0000009559
 -0.0000203813
  0.0000118767
 -0.0000027314
  0.0000108289
  0.0000289324
  0.0000025278
 -0.0000044252
  0.0000058729
 -0.0000586492
  0.0000022280
  0.0000000731
 -0.0000007715
 -0.0000087218
 -0.0000161609
 -0.0000473059
 -0.0000027639
 -0.0000242241
  0.0000104194
  0.0000022033
 -0.0000044612
  0.0000048404
 -0.0000253723
 -0.0000016847
  0.0000007284
 -0.0000197280
 -0.0000226495
 -0.0000012692
 -0.0000005711
 -0.0000155951
 -0.0000127738
 -0.0000899560
 -0.0000105020
 -0.0000043230
 -0.0000015387
 -0.0000432893
 -0.0000014670
  0.0000303670
  0.0000023672
  0.0000039821
  0.0000404383
 -0.0000076086
  0.0000066197
 -0.0000009234
  0.0000027975
 -0.0000018748
  0.0000219417
  0.0000266959
  0.0000040733
  0.0000134218
 -0.0000136492
 -0.0000037975
 -0.0000027907
  0.0000108530
 -0.0000031725
  0.0000027576
 -0.0000058066
 -0.0000164086
 -0.0000109177
 -0.0000032047
  0.0000112312
  0.0000060478
 -0.0000147579
 -0.0000016665
 -0.0000094589
  0.0000021222
  0.0000064673
 -0.0000703836
  0.0000013480
 -0.0000005788
 -0.0000583874
 -0.0000047654
  0.0000009009
 -0.0000022179
 -0.0000471343
 -0.0000011237
 -0.0000011271
 -0.0000018326
  0.0000065887
 -0.0000016121
  0.0000068475
  0.0000084631
  0.0000182506
 -0.0000019551
 -0.0000049642
 -0.0000043435
  0.0000027857
 -0.0000036398
  0.0000098489
  0.0000083341
  0.0000058784
 -0.0000023315
 -0.0000159394
 -0.0000088231
  0.0000029495
  0.0000022205
  0.0000032389
  0.0000011995
  0.0000007244
 -0.0000026939
  0.0000151021
 -0.0000067087
 -0.0000613289
  0.0000098975
  0.0000005814
 -0.0000197480
 -0.0000023918
  0.0000373962
 -0.0000082301
  0.0000111351
  0.0000285044
 -0.0000052254
 -0.0000150379
 -0.0000042081
  0.0000045095
 -0.0000006127
  0.0000049950
  0.0000345289
 -0.0000014609
  0.0000001003
 -0.0000127830
 -0.0000022309
 -0.0000016646
  0.0000080851
 -0.0000003897
  0.0000059000
 -0.0000008539
 -0.0000185212
  0.0000254962
 -0.0000015689
 -0.0000133608
 -0.0000107049
 -0.0000224061
  0.0000007671
 -0.0000049760
  0.0000234586
  0.0000359026
 -0.0000677545
 -0.0000080824
 -0.0000051972
 -0.0000008504
  0.0000075633
  0.0000038859
 -0.0000244984
  0.0000052115
  0.0000031773
  0.0000124288
  0.0000053546
  0.0000045722
 -0.0000061769
  0.0000034193
  0.0000016186
 -0.0000042877
  0.0000112423
  0.0000196109
 -0.0000132883
  0.0000189338
 -0.0000144522
  0.0000125253
  0.0000057581
 -0.0000044644
  0.0000009548
  0.0000084116
 -0.0000535152
  0.0000174562
  0.0000086408
 -0.0000101927
 -0.0000106032
 -0.0000069603
  0.0000069168
 -0.0000023723
 -0.0000259770
 -0.0000034516
  0.0000046938
 -0.0000011790
 -0.0000001172
  0.0000217731
 -0.0000025213
 -0.0000239995
  0.0000033601
 -0.0000056427
 -0.0000143926
  0.0000030207
 -0.0000038057
 -0.0000212228
  0.0000001466
 -0.0000123753
  0.0000023705
  0.0000166804
  0.0000003469
 -0.0000088898
 -0.0000039584
 -0.0000741661
 -0.0000046927
 -0.0000460224
 -0.0000052067
  0.0000224244
  0.0000165431
 -0.0000030692
  0.0000384357
  0.0000003976
  0.0000098649
 -0.0000042486
  0.0000030006
 -0.0000029883
 -0.0000072426
  0.0000144600
 -0.0000062843
  0.0000136804
 -0.0000127697
 -0.0000061129
 -0.0000042667
  0.0000033105
  0.0000051416
  0.0000256600
 -0.0000093862
  0.0000133130
 -0.0000248126
  0.0000146714
 -0.0000000713
 -0.0000082562
 -0.0000020734
 -0.0000090434
 -0.0000048450
  0.0000006600
 -0.0000571308
  0.0000028348
 -0.0000056986
 -0.0000306142
 -0.0000032017
 -0.0000039630
 -0.0000082898
 -0.0000155869
 -0.0000085565
 -0.0000034020
 -0.0000102362
 -0.0000091234
 -0.0000112417
  0.0000075121
 -0.0000105945
  0.0000118347
 -0.0000330838
 -0.0000000563
 -0.0000012887
 -0.0000139809
 -0.0000000414
 -0.0000067039
  0.0000069963
 -0.0000019722
  0.0000053783
 -0.0000707030
 -0.0000872149
  0.0000009770
 -0.0000003276
  0.0000055649
 -0.0000155659
  0.0000074395
  0.0000007107
  0.0000063409
  0.0000014266
 -0.0000001560
 -0.0000036383
 -0.0000453794
  0.0000013484
 -0.0000152594
  0.0000073432
  0.0000103334
 -0.0000029895
 -0.0000630769
 -0.0000255066
 -0.0000133280
 -0.0000042302
 -0.0000076506
 -0.0001016758
 -0.0000699640
  0.0000677400
 -0.0000300482
 -0.0000610409
 -0.0000091312
 -0.0000485939
  0.0000901469
 -0.0000174776
 -0.0000240875
  0.0000382946
 -0.0000286054
  0.0000004455
  0.0000236414
 -0.0000348691
 -0.0000072127
 -0.0000263826
 -0.0000107966
 -0.0000002935
 -0.0000776002
  0.0000205159
  0.0000035220
 -0.0000121178
 -0.0000016110
 -0.0000019549
 -0.0000108235
 -0.0000106348
 -0.0000129092
 -0.0000134770
  0.0000029246
  0.0000058973
 -0.0000026003
 -0.0000612175
  0.0000021542
 -0.0000039026
 -0.0000088959
 -0.0000080748
  0.0000123305
 -0.0000195902
  0.0000065918
  0.0000021202
 -0.0000047223
  0.0000006646
  0.0000083594
 -0.0000619657
  0.0000013887
  0.0000047070
 -0.0000203929
 -0.0000040146
  0.0000056441
 -0.0000092593
 -0.0000183708
  0.0000113287
  0.0000081914
 -0.0000034572
 -0.0000050961
 -0.0000755447
 -0.0000077771
 -0.0000058323
 -0.0000060015
  0.0000046394
 -0.0000169453
 -0.0000043912
  0.0000086376
  0.0000032144
 -0.0000037569
  0.0000035316
 -0.0000085272
 -0.0000081676
  0.0000078611
  0.0000039706
 -0.0000054904
 -0.0000169068
 -0.0000023516
 -0.0000010619
 -0.0000000717
  0.0000133693
 -0.0000155598
  0.0000105406
  0.0000040264
  0.0000061184
  0.0001355364
 -0.0000078783
  0.0000008630
  0.0000083898
  0.0000143380
  0.0000107293
  0.0000072222
 -0.0000078214
 -0.0000023817
 -0.0000059752
 -0.0000019316
  0.0000011825
  0.0000014818
  0.0000122937
  0.0000372502
  0.0000011919
 -0.0000317585
 -0.0000004528
 -0.0000000412
 -0.0000055131
 -0.0000107318
 -0.0000016703
  0.0000431629
 -0.0000410870
 -0.0000070924
 -0.0000210469
 -0.0000123333
 -0.0000080911
 -0.0000174473
 -0.0000081566
 -0.0000262217
 -0.0000008690
 -0.0000039679
 -0.0000076013
 -0.0000069282
 -0.0000051700
 -0.0000032074
  0.0000037178
  0.0000091650
 -0.0000009432
 -0.0000097673
 -0.0000057266
 -0.0000015595
 -0.0000017003
  0.0000048702
 -0.0000931840
 -0.0000012371
  0.0000062688
  0.0000382032
 -0.0000039089
 -0.0000025376
  0.0000039153
 -0.0000022598
 -0.0000040742
 -0.0000571095
  0.0000045462
  0.0000248823
  0.0000148577
 -0.0000103405
  0.0000244491
  0.0000080340
  0.0000016847
  0.0000058504
 -0.0000648968
  0.0000070706
 -0.0000134896
 -0.0000020034
 -0.0000108126
 -0.0000247113
 -0.0000128392
  0.0000067362
  0.0000075003
 -0.0000030770
  0.0001602759
 -0.0000094180
  0.0000428391
 -0.0000133332
  0.0000127660
 -0.0002313901
  0.0000038295
  0.0000058163
  0.0000296265
  0.0000099606
 -0.0000570400
  0.0000038884
  0.0000214939
  0.0000275953
  0.0000018313
  0.0000322583
  0.0000019747
 -0.0000608276
  0.0000013608
  0.0000040906
 -0.0000940474
 -0.0000260688
